{
"type": "FeatureCollection",
"name": "area_abitata_full",
"crs": { "type": "name", "properties": { "name": "urn:ogc:def:crs:OGC:1.3:CRS84" } },
"features": [
{ "type": "Feature", "properties": { "codice_area_statistica": 29, "area_statistica": "MARCONI-2", "cod_quar": 13, "quartiere": "Porto - Saragozza", "cod_zona": "M", "zona": "Marconi" }, "geometry": { "type": "MultiPolygon", "coordinates": [ [ [ [ 11.342295541211687, 44.498993622660521 ], [ 11.34234384854874, 44.499061276102218 ], [ 11.342774298176252, 44.499052442787182 ], [ 11.34322094303181, 44.499055077790246 ], [ 11.343782711423506, 44.499066609626247 ], [ 11.344040579125179, 44.499961050453699 ], [ 11.344272380915864, 44.500750119567762 ], [ 11.344402630787831, 44.501202380822519 ], [ 11.344476470836472, 44.50143267163309 ], [ 11.344519112449005, 44.50156533104861 ], [ 11.344599198684788, 44.501817414749453 ], [ 11.344644542898907, 44.501974478595997 ], [ 11.344686741197895, 44.502119588600735 ], [ 11.344876365863531, 44.502773367609748 ], [ 11.3450443450406, 44.503393885270995 ], [ 11.345144050114422, 44.503742928304121 ], [ 11.345168987774493, 44.503835250507876 ], [ 11.345198636625364, 44.503947173543708 ], [ 11.345227200373333, 44.504051799772206 ], [ 11.345240325038143, 44.504114620152208 ], [ 11.345413112257557, 44.504707400470416 ], [ 11.345435871093251, 44.504772984721122 ], [ 11.345455778368494, 44.504830516240467 ], [ 11.34573120294254, 44.505740715316549 ], [ 11.345742815758898, 44.505781195304877 ], [ 11.345583662841001, 44.505799616970961 ], [ 11.345441245662101, 44.505824419474884 ], [ 11.345335523280689, 44.505832263267287 ], [ 11.345137880883868, 44.505850826907356 ], [ 11.344880802601477, 44.505877354050867 ], [ 11.344517163823518, 44.505925343744934 ], [ 11.34338174353667, 44.506077043421456 ], [ 11.341845052711763, 44.506282526543998 ], [ 11.340464618156926, 44.506463719356447 ], [ 11.33982969332938, 44.506549116006418 ], [ 11.339652093862096, 44.505837348987782 ], [ 11.339618547051106, 44.505706373962333 ], [ 11.33942042294886, 44.505638116779643 ], [ 11.339007875296991, 44.50546677131598 ], [ 11.338444731332741, 44.505184293819646 ], [ 11.338395792320229, 44.505158423656177 ], [ 11.337781374882397, 44.504832430447081 ], [ 11.337679994195577, 44.504789016613067 ], [ 11.336637956325555, 44.504265857565791 ], [ 11.33632265426316, 44.504118421156022 ], [ 11.334651884907586, 44.503260277642212 ], [ 11.333647070302764, 44.502764759944149 ], [ 11.333224162770129, 44.502580317440042 ], [ 11.332716549997102, 44.502284288915071 ], [ 11.332152705282786, 44.501997518261284 ], [ 11.331188379491332, 44.501512503831613 ], [ 11.330123094831553, 44.500984160033553 ], [ 11.32717364035622, 44.499482703110289 ], [ 11.32694684333717, 44.499470599623479 ], [ 11.326890542553882, 44.499402040281446 ], [ 11.326806579642749, 44.499293605161604 ], [ 11.326802592156216, 44.499193397695876 ], [ 11.326931502303026, 44.499114491191094 ], [ 11.32705586883775, 44.49903836893386 ], [ 11.327459234681971, 44.499090417812461 ], [ 11.327573290946459, 44.499113011437117 ], [ 11.327715165623141, 44.499060262275705 ], [ 11.329349004002507, 44.498489228917911 ], [ 11.329548092710656, 44.49841969051301 ], [ 11.329887868560755, 44.498296748934891 ], [ 11.331019583198293, 44.497887110195272 ], [ 11.332192126042996, 44.497480056073094 ], [ 11.332943014457021, 44.497219140369126 ], [ 11.333692470450824, 44.496958744140954 ], [ 11.334011794424855, 44.496844742812179 ], [ 11.334923350793373, 44.496521129859836 ], [ 11.335879820310664, 44.49620053371607 ], [ 11.336610984730601, 44.495947001444307 ], [ 11.336776352614068, 44.495895218531153 ], [ 11.337016055068705, 44.495834612493276 ], [ 11.337254548805319, 44.496333856329606 ], [ 11.337347402584363, 44.49653282077179 ], [ 11.337541416461898, 44.496941832548707 ], [ 11.337623610118639, 44.497110064159038 ], [ 11.337763902754624, 44.497406662055802 ], [ 11.337890874434558, 44.497679612724966 ], [ 11.337919896358697, 44.497736967959874 ], [ 11.338188677806835, 44.498324489859471 ], [ 11.338503490177246, 44.499001661064192 ], [ 11.338655268084983, 44.49900304399354 ], [ 11.338936213068971, 44.498990536021772 ], [ 11.3391971088997, 44.498968310298444 ], [ 11.339339600232716, 44.498953569940596 ], [ 11.339836493451969, 44.49889611353268 ], [ 11.339942454174469, 44.498891690934542 ], [ 11.340166454410186, 44.498890475083151 ], [ 11.340332690682171, 44.498879747996661 ], [ 11.340556150752994, 44.4988650385855 ], [ 11.341215221293709, 44.498793555777247 ], [ 11.341367475577183, 44.498787057072505 ], [ 11.341897109070722, 44.498800940787703 ], [ 11.342008284089751, 44.498829043645387 ], [ 11.342080511404163, 44.498865822745159 ], [ 11.342248839725908, 44.498848298008767 ], [ 11.342295541211687, 44.498993622660521 ] ] ] ] } },
{ "type": "Feature", "properties": { "codice_area_statistica": 57, "area_statistica": "SIEPELUNGA", "cod_quar": 15, "quartiere": "Santo Stefano", "cod_zona": "O", "zona": "Murri" }, "geometry": { "type": "MultiPolygon", "coordinates": [ [ [ [ 11.36409664949074, 44.479821656300743 ], [ 11.363742737527712, 44.480100125544546 ], [ 11.363248779758461, 44.48045892441759 ], [ 11.363066532189514, 44.480587716344814 ], [ 11.362862608613415, 44.480701958320864 ], [ 11.362345786414284, 44.48095035950989 ], [ 11.362129415367217, 44.481041342973121 ], [ 11.361485010010092, 44.481321989756957 ], [ 11.36089661922761, 44.481585494811419 ], [ 11.360712779067601, 44.481668483667271 ], [ 11.360664936409425, 44.481690413097006 ], [ 11.360402038025931, 44.481856014706239 ], [ 11.359976170253232, 44.482134852719824 ], [ 11.359743666227978, 44.482287472870063 ], [ 11.359448947751586, 44.482503586431086 ], [ 11.359350542514651, 44.482569862876289 ], [ 11.358691936583742, 44.483023349130541 ], [ 11.358518847692674, 44.483131157516041 ], [ 11.357675426892612, 44.483725151603977 ], [ 11.35736889730093, 44.483951856681955 ], [ 11.356625064030931, 44.484465634799399 ], [ 11.356490498148773, 44.484553145177877 ], [ 11.356371967542778, 44.484475540879295 ], [ 11.356299343108825, 44.484451778694115 ], [ 11.356234391858214, 44.484432440402699 ], [ 11.35615105651242, 44.48440813398468 ], [ 11.356145837025029, 44.484329117897452 ], [ 11.355948427745908, 44.483918145571558 ], [ 11.355829900257229, 44.483706906085658 ], [ 11.355787376046264, 44.483623654394393 ], [ 11.35543017907152, 44.48292437539628 ], [ 11.355355075513621, 44.482788059256272 ], [ 11.355355429034613, 44.482770289835337 ], [ 11.355370463873653, 44.4827545491639 ], [ 11.355395004805924, 44.482731608324912 ], [ 11.355450618557157, 44.48270241770863 ], [ 11.355615806652519, 44.482621892834551 ], [ 11.355783010862456, 44.482542730519555 ], [ 11.355867241609964, 44.482494718866377 ], [ 11.355953501358064, 44.482448069680778 ], [ 11.356060921305902, 44.482371671236521 ], [ 11.356207618499159, 44.482282929659696 ], [ 11.35630881927338, 44.482216985329352 ], [ 11.356394432363869, 44.482158357694885 ], [ 11.356438158353347, 44.482121588726727 ], [ 11.356469671985979, 44.482085080844037 ], [ 11.356414513764769, 44.482083716736838 ], [ 11.356430466005323, 44.482002093970721 ], [ 11.356444285233978, 44.481958056072131 ], [ 11.3564976416819, 44.481787615740679 ], [ 11.35656324992906, 44.481552652897278 ], [ 11.356587339365833, 44.481410814778265 ], [ 11.356611408458834, 44.481330914960765 ], [ 11.356638897001803, 44.481295327363966 ], [ 11.356684176570001, 44.48124875840341 ], [ 11.356631924026342, 44.481222109127302 ], [ 11.356608629519622, 44.481211966956927 ], [ 11.3565836513646, 44.481204668350252 ], [ 11.356469294230227, 44.481106253966281 ], [ 11.356088323212772, 44.480800656137575 ], [ 11.355581371685274, 44.48051005329733 ], [ 11.355431239267649, 44.480414356654769 ], [ 11.355361907994395, 44.480364184291275 ], [ 11.35526936058727, 44.480301113026186 ], [ 11.355050260413382, 44.480137680840599 ], [ 11.354847787575116, 44.47997587679972 ], [ 11.35464698422097, 44.479855530952619 ], [ 11.354620364507992, 44.479838353908853 ], [ 11.354572172186048, 44.479871613274753 ], [ 11.354492334671049, 44.479812492432437 ], [ 11.354261007585933, 44.479666658917282 ], [ 11.354149905684912, 44.479592410051552 ], [ 11.353954486577383, 44.479461427895906 ], [ 11.353930327212503, 44.479448512202012 ], [ 11.353908479013107, 44.479433658299065 ], [ 11.353895340745655, 44.479422765987771 ], [ 11.353880668472538, 44.479408124213208 ], [ 11.353867973866489, 44.479392631422741 ], [ 11.353859401037754, 44.479379574368579 ], [ 11.353850801874753, 44.479362736763449 ], [ 11.353842648979423, 44.479338237742958 ], [ 11.35383961673929, 44.479319124722664 ], [ 11.353507794242091, 44.47925350441993 ], [ 11.353516850026391, 44.479181656994371 ], [ 11.353489649566271, 44.479177536430022 ], [ 11.353430022480483, 44.479170663390448 ], [ 11.353364972218623, 44.479166512877356 ], [ 11.353324821114688, 44.479165540092545 ], [ 11.35329967528317, 44.479165608349582 ], [ 11.35323940523403, 44.479167760071107 ], [ 11.353144844616567, 44.479177091495544 ], [ 11.353115220159737, 44.47918148325676 ], [ 11.353071403099419, 44.479189408502258 ], [ 11.353037741066714, 44.479196584251333 ], [ 11.35299491558755, 44.479207279835201 ], [ 11.352962219817236, 44.479216596269751 ], [ 11.352953027437904, 44.479219396499204 ], [ 11.352934653527766, 44.479225266810381 ], [ 11.352930062762447, 44.479226801851325 ], [ 11.352925597635767, 44.479228334302455 ], [ 11.352807218199082, 44.479264173917983 ], [ 11.352704607829965, 44.479304729870485 ], [ 11.352660364250545, 44.479277031444489 ], [ 11.352722683259366, 44.479215753713696 ], [ 11.352768679638922, 44.479170710964347 ], [ 11.352874655631254, 44.479066887306395 ], [ 11.353003359013128, 44.478921939323506 ], [ 11.35303036692935, 44.478880312740436 ], [ 11.353040174960578, 44.478839040690595 ], [ 11.353070931830192, 44.478748056566644 ], [ 11.353072806336353, 44.478723377800002 ], [ 11.353063057373188, 44.478694824438854 ], [ 11.353037158429272, 44.478621437909432 ], [ 11.352958754937415, 44.478454678290973 ], [ 11.352914513839572, 44.478352915481359 ], [ 11.352878585246206, 44.478226782319283 ], [ 11.352873254762233, 44.478183337586231 ], [ 11.352885692491865, 44.478135853562037 ], [ 11.352914822113357, 44.478075700922403 ], [ 11.352976853189706, 44.477977905409418 ], [ 11.353018030859522, 44.477931881564146 ], [ 11.353050370115039, 44.477905899636553 ], [ 11.353134563399815, 44.477866443220194 ], [ 11.35342298545276, 44.477733866775836 ], [ 11.353622207925081, 44.477639463261951 ], [ 11.353778137742498, 44.477577884313405 ], [ 11.353854078672601, 44.477554298066124 ], [ 11.353898464181215, 44.477548971553006 ], [ 11.35397676655848, 44.477524076165302 ], [ 11.354035483000969, 44.47751272842202 ], [ 11.354113582933074, 44.477503744719009 ], [ 11.354286579290644, 44.477487285283644 ], [ 11.354380533404184, 44.477469827065867 ], [ 11.354486732663304, 44.477442636465234 ], [ 11.354695399405879, 44.477385829219486 ], [ 11.354891065616858, 44.477325616718112 ], [ 11.355302555109674, 44.477194628878323 ], [ 11.355378791742796, 44.47717935392172 ], [ 11.355458180033047, 44.477177715848804 ], [ 11.355564470771585, 44.477163756186989 ], [ 11.355659411465416, 44.477140217803537 ], [ 11.35598176267386, 44.477049219959852 ], [ 11.356509951565618, 44.476899029326319 ], [ 11.356751291350868, 44.476837168567656 ], [ 11.356976762483169, 44.476789354916406 ], [ 11.357223930243597, 44.476751085689322 ], [ 11.357371543520751, 44.476728231717956 ], [ 11.357645584838414, 44.476694430067312 ], [ 11.357709557648827, 44.476685942730938 ], [ 11.357922053574395, 44.476666582356593 ], [ 11.358056169433537, 44.476653269977675 ], [ 11.358315597651847, 44.476632219180345 ], [ 11.358486210503639, 44.47662753301092 ], [ 11.358602205456467, 44.476617916338526 ], [ 11.358722265740576, 44.476605280698088 ], [ 11.35895559465194, 44.476587765590551 ], [ 11.359192466243593, 44.476570176789899 ], [ 11.359537720825722, 44.476514796002029 ], [ 11.359621003635413, 44.476497509026295 ], [ 11.359850934219962, 44.476410706253837 ], [ 11.360013854895669, 44.476346561556902 ], [ 11.361195021220777, 44.475747796742283 ], [ 11.361684848383589, 44.476211696193971 ], [ 11.362050844602415, 44.476562517391443 ], [ 11.36209696150009, 44.476586104241754 ], [ 11.362128745146586, 44.476615317207965 ], [ 11.362547918787213, 44.477028675812889 ], [ 11.3637721150261, 44.478192441996839 ], [ 11.364704830538438, 44.479074753151245 ], [ 11.364783614916911, 44.479136832509084 ], [ 11.364466656380801, 44.479507166263019 ], [ 11.364406637967734, 44.479558175793869 ], [ 11.36409664949074, 44.479821656300743 ] ] ] ] } },
{ "type": "Feature", "properties": { "codice_area_statistica": 58, "area_statistica": "DAGNINI", "cod_quar": 15, "quartiere": "Santo Stefano", "cod_zona": "O", "zona": "Murri" }, "geometry": { "type": "MultiPolygon", "coordinates": [ [ [ [ 11.376372455487314, 44.47929709287164 ], [ 11.376355755215428, 44.479646921466838 ], [ 11.376324247615928, 44.480686711390085 ], [ 11.376301205041491, 44.481220964118911 ], [ 11.376258238678659, 44.482053563492279 ], [ 11.376248424384547, 44.482360558278224 ], [ 11.376249385828949, 44.482537799385277 ], [ 11.376234245920106, 44.482805626683181 ], [ 11.376233364036882, 44.482884228699191 ], [ 11.376104921286119, 44.482928485318638 ], [ 11.374493900756489, 44.483548472680432 ], [ 11.373149656507344, 44.484065816503794 ], [ 11.372796159311065, 44.484208023767472 ], [ 11.372580554331444, 44.484293600534194 ], [ 11.372464960244182, 44.484336676735865 ], [ 11.37142533054932, 44.484739448726664 ], [ 11.37093879607424, 44.484935827695743 ], [ 11.370499996853118, 44.485095004892635 ], [ 11.369874209608904, 44.485332432949889 ], [ 11.369123874237351, 44.485617527490575 ], [ 11.368654390238452, 44.484972205469901 ], [ 11.368300264256431, 44.484428297123124 ], [ 11.36791977977575, 44.48386121255681 ], [ 11.367558181426425, 44.483322795347775 ], [ 11.367169901155824, 44.48274075450184 ], [ 11.367159345230839, 44.482731295605696 ], [ 11.366881702464099, 44.482324760715706 ], [ 11.366619075782587, 44.481919723332702 ], [ 11.366242381048417, 44.481356587530655 ], [ 11.366157321509453, 44.481225895428985 ], [ 11.366113506810931, 44.481169817154807 ], [ 11.365659630202266, 44.480472411879887 ], [ 11.36558866823049, 44.480401096417765 ], [ 11.36500445956904, 44.479515200985027 ], [ 11.364911127383513, 44.47949795904114 ], [ 11.364766308553625, 44.47947804753408 ], [ 11.364612736038332, 44.479478933127879 ], [ 11.364466656380801, 44.479507166263019 ], [ 11.364783614916911, 44.479136832509084 ], [ 11.364943656549059, 44.478937935468174 ], [ 11.365303022811666, 44.479124441885219 ], [ 11.365335861900219, 44.479106278388556 ], [ 11.365643015512877, 44.479028567921596 ], [ 11.366386390524202, 44.478827337549212 ], [ 11.36737143932411, 44.478460223121488 ], [ 11.367526143801078, 44.478396013038108 ], [ 11.368074445612496, 44.478187086889548 ], [ 11.368594955859997, 44.477988745653263 ], [ 11.369554937208688, 44.477617163030082 ], [ 11.370116074635263, 44.477406673241163 ], [ 11.370498290651847, 44.477251337176803 ], [ 11.371335052820761, 44.476924817539576 ], [ 11.371693647075466, 44.47679580563544 ], [ 11.371970814897281, 44.476704395967531 ], [ 11.37220665841431, 44.476625241686769 ], [ 11.372327707170662, 44.47659084789656 ], [ 11.372585609558891, 44.476545633354242 ], [ 11.37272595458696, 44.476529437462176 ], [ 11.372812155004318, 44.47652280231253 ], [ 11.372890055065476, 44.476520156741053 ], [ 11.372979411072402, 44.476520333859803 ], [ 11.373043263932907, 44.476521041077163 ], [ 11.373420351494028, 44.476551777623449 ], [ 11.37396986049936, 44.476602289069376 ], [ 11.374172018284831, 44.476621437496128 ], [ 11.374512024706116, 44.476646846880591 ], [ 11.374568874566839, 44.476649733502043 ], [ 11.374700826509603, 44.476651048784618 ], [ 11.374809908671637, 44.476647762225149 ], [ 11.374897626730405, 44.476642894447188 ], [ 11.375027636021001, 44.476631042947325 ], [ 11.375120826656646, 44.476620983668312 ], [ 11.375243132487729, 44.476594059798209 ], [ 11.375296344207539, 44.47658259058332 ], [ 11.375319154712148, 44.476577677656024 ], [ 11.375350378498998, 44.476570942180281 ], [ 11.37545663248703, 44.476542902675227 ], [ 11.375550554733476, 44.476515560825874 ], [ 11.375754257212879, 44.476439885882591 ], [ 11.375938158083493, 44.476367368514474 ], [ 11.376396277698831, 44.476181219366616 ], [ 11.376478606403257, 44.476148932601696 ], [ 11.376468554450124, 44.476556563724714 ], [ 11.376443810165563, 44.47737831434776 ], [ 11.376407234389379, 44.478322386453364 ], [ 11.376388809915445, 44.478854535663856 ], [ 11.376372455487314, 44.47929709287164 ] ] ] ] } },
{ "type": "Feature", "properties": { "codice_area_statistica": 77, "area_statistica": "MALPIGHI-2", "cod_quar": 13, "quartiere": "Porto - Saragozza", "cod_zona": "L", "zona": "Malpighi" }, "geometry": { "type": "MultiPolygon", "coordinates": [ [ [ [ 11.327715165623141, 44.499060262275705 ], [ 11.327573290946459, 44.499113011437117 ], [ 11.327459234681971, 44.499090417812461 ], [ 11.32705586883775, 44.49903836893386 ], [ 11.326931502303026, 44.499114491191094 ], [ 11.326984963955217, 44.498904046404292 ], [ 11.327446654494313, 44.497452420565253 ], [ 11.327574928363182, 44.497065331872854 ], [ 11.327610015746391, 44.496957746783472 ], [ 11.327859210584892, 44.496162355623142 ], [ 11.328019364612882, 44.495639415434724 ], [ 11.328318716840549, 44.494723860003866 ], [ 11.328623287036152, 44.493787950412298 ], [ 11.329083650982076, 44.492323866388986 ], [ 11.329199809049276, 44.491929298568905 ], [ 11.329439521364295, 44.491145350118813 ], [ 11.329450669356939, 44.4911094723738 ], [ 11.329499567384817, 44.490972400387818 ], [ 11.329553114040777, 44.490753742060413 ], [ 11.329558686600938, 44.490549773666949 ], [ 11.329545233337274, 44.490479134795422 ], [ 11.329549975246895, 44.490347465153192 ], [ 11.329604126624432, 44.49023589827614 ], [ 11.329650957250701, 44.49020040863185 ], [ 11.329721702523342, 44.490159713551428 ], [ 11.329861182652136, 44.490080903021315 ], [ 11.330183675323777, 44.489945844602005 ], [ 11.33054366165903, 44.4898146831598 ], [ 11.330733677000087, 44.489745453894905 ], [ 11.331268175352976, 44.489561023647703 ], [ 11.331644462988946, 44.489432244602831 ], [ 11.332087794940083, 44.489267839807695 ], [ 11.332350898633907, 44.489167640196108 ], [ 11.33348320319358, 44.488729039220338 ], [ 11.333589706222599, 44.488693894599372 ], [ 11.334464799029424, 44.488354960788499 ], [ 11.33459007153872, 44.488304865197527 ], [ 11.335561241129074, 44.487930495399958 ], [ 11.335876232919111, 44.487807574780554 ], [ 11.336422038942954, 44.4875994732175 ], [ 11.336974001703307, 44.487387867024758 ], [ 11.337143563723972, 44.487323628105457 ], [ 11.337336304095709, 44.487249344596258 ], [ 11.337417142192832, 44.487218169882375 ], [ 11.337440806323173, 44.487208943815588 ], [ 11.338121852098514, 44.48694348210671 ], [ 11.339075346270889, 44.486572280184951 ], [ 11.339398892949824, 44.486446662803147 ], [ 11.339551116797391, 44.486421333730711 ], [ 11.339559852940074, 44.486494813922739 ], [ 11.339594012136484, 44.486629161767929 ], [ 11.339603420109324, 44.486707174495699 ], [ 11.339615547340381, 44.486912293144073 ], [ 11.339628690831411, 44.487240609467761 ], [ 11.339651580518431, 44.487537784105378 ], [ 11.339715745024517, 44.488139624772167 ], [ 11.33974965128486, 44.48833867035502 ], [ 11.339811463697259, 44.488508452671688 ], [ 11.339884664660779, 44.48865481983745 ], [ 11.340055914331417, 44.488724554598491 ], [ 11.340152138896888, 44.488772096301325 ], [ 11.34020732130783, 44.488815410851245 ], [ 11.3402437000407, 44.488860245191326 ], [ 11.340300741366013, 44.48893052936274 ], [ 11.340685700500304, 44.489475710802282 ], [ 11.340783685770274, 44.489606489832006 ], [ 11.340836253712547, 44.48968249207492 ], [ 11.341059540755799, 44.489998054281081 ], [ 11.341189173135806, 44.490232271881105 ], [ 11.341359398577065, 44.490537668464036 ], [ 11.341478644813147, 44.490728211115119 ], [ 11.341509012593328, 44.490779920273368 ], [ 11.341626674790875, 44.490989616753296 ], [ 11.341725255504709, 44.491233473250098 ], [ 11.341752464245223, 44.491324066306056 ], [ 11.341646192189071, 44.491320052538505 ], [ 11.341091673390697, 44.49131117923983 ], [ 11.340829912866246, 44.49131092955772 ], [ 11.340519204641106, 44.491325177748926 ], [ 11.340127073479769, 44.491347288051898 ], [ 11.339990569260813, 44.491354029403546 ], [ 11.339909875918204, 44.491380440589666 ], [ 11.339790451572288, 44.491421149469318 ], [ 11.339567067924197, 44.491476367457857 ], [ 11.339267163155087, 44.491544415358192 ], [ 11.339004552627468, 44.491601561405965 ], [ 11.338794048904937, 44.491664391235908 ], [ 11.338691610310576, 44.491697440855987 ], [ 11.338588072634527, 44.491742324296297 ], [ 11.338396015975542, 44.491834033891287 ], [ 11.338209904770579, 44.491917176953947 ], [ 11.337901406709568, 44.492084983908171 ], [ 11.337852982278825, 44.49213211390547 ], [ 11.337810391739739, 44.492167871172171 ], [ 11.337770695487238, 44.492197375369919 ], [ 11.337724683771436, 44.492225892565273 ], [ 11.337499293858615, 44.492329536496449 ], [ 11.337305050691443, 44.492425790315167 ], [ 11.337074197103725, 44.492549801095237 ], [ 11.336874730305489, 44.492652913062734 ], [ 11.336786180861061, 44.492718869180095 ], [ 11.336691354922756, 44.492804651367166 ], [ 11.336616156571891, 44.492850636397648 ], [ 11.336530741514725, 44.492896839498982 ], [ 11.336290384912514, 44.492999662050842 ], [ 11.336155887221146, 44.493056430137813 ], [ 11.335921642871934, 44.493155183690916 ], [ 11.335843606337995, 44.493208545390935 ], [ 11.336051918257676, 44.493535244782471 ], [ 11.336409769499062, 44.494337433682404 ], [ 11.336695342025898, 44.495077803730659 ], [ 11.336902792088662, 44.495609895057001 ], [ 11.337016055068705, 44.495834612493276 ], [ 11.336776352614068, 44.495895218531153 ], [ 11.336610984730601, 44.495947001444307 ], [ 11.335879820310664, 44.49620053371607 ], [ 11.334923350793373, 44.496521129859836 ], [ 11.334011794424855, 44.496844742812179 ], [ 11.333692470450824, 44.496958744140954 ], [ 11.332943014457021, 44.497219140369126 ], [ 11.332192126042996, 44.497480056073094 ], [ 11.331019583198293, 44.497887110195272 ], [ 11.329887868560755, 44.498296748934891 ], [ 11.329548092710656, 44.49841969051301 ], [ 11.329349004002507, 44.498489228917911 ], [ 11.327715165623141, 44.499060262275705 ] ] ] ] } },
{ "type": "Feature", "properties": { "codice_area_statistica": 59, "area_statistica": "CHIESANUOVA", "cod_quar": 15, "quartiere": "Santo Stefano", "cod_zona": "O", "zona": "Murri" }, "geometry": { "type": "MultiPolygon", "coordinates": [ [ [ [ 11.364783614916911, 44.479136832509084 ], [ 11.364704830538438, 44.479074753151245 ], [ 11.3637721150261, 44.478192441996839 ], [ 11.362547918787213, 44.477028675812889 ], [ 11.362128745146586, 44.476615317207965 ], [ 11.36209696150009, 44.476586104241754 ], [ 11.362050844602415, 44.476562517391443 ], [ 11.361684848383589, 44.476211696193971 ], [ 11.361195021220777, 44.475747796742283 ], [ 11.360013854895669, 44.476346561556902 ], [ 11.359850934219962, 44.476410706253837 ], [ 11.359621003635413, 44.476497509026295 ], [ 11.359537720825722, 44.476514796002029 ], [ 11.359192466243593, 44.476570176789899 ], [ 11.35895559465194, 44.476587765590551 ], [ 11.358722265740576, 44.476605280698088 ], [ 11.358602205456467, 44.476617916338526 ], [ 11.358486210503639, 44.47662753301092 ], [ 11.358469618722539, 44.476589920818 ], [ 11.358446868803069, 44.476535222868065 ], [ 11.35836869978645, 44.476380516574658 ], [ 11.358333983235035, 44.476283780581902 ], [ 11.358320016538501, 44.476192116497963 ], [ 11.358319025147761, 44.476103866419706 ], [ 11.358342885385142, 44.475994865064841 ], [ 11.358362894970819, 44.475920108149829 ], [ 11.358389628638609, 44.475852459411819 ], [ 11.358429343314031, 44.475774954702338 ], [ 11.358474486976009, 44.475699255368319 ], [ 11.358550223483393, 44.475595204908579 ], [ 11.358627195430069, 44.475502472156293 ], [ 11.358699736142785, 44.47541741110691 ], [ 11.358944083127282, 44.47517146125675 ], [ 11.359118889010851, 44.474983943554051 ], [ 11.35923035978613, 44.474838480354748 ], [ 11.359288874670201, 44.474753609767134 ], [ 11.359378262781107, 44.474596530314322 ], [ 11.359407071596342, 44.474559501321558 ], [ 11.359426906634688, 44.474576826495834 ], [ 11.359449517947347, 44.474598145457705 ], [ 11.359483494135141, 44.474630032641869 ], [ 11.35952425820941, 44.47467123225158 ], [ 11.359604800944457, 44.474757252838664 ], [ 11.35961182396221, 44.474753686678845 ], [ 11.359871398116217, 44.475032695262222 ], [ 11.360109783442148, 44.474914064001112 ], [ 11.360150228331568, 44.474903685039152 ], [ 11.360188077582716, 44.474900651841594 ], [ 11.360163375277137, 44.474917907422395 ], [ 11.360184067225219, 44.474932153860138 ], [ 11.360205393243138, 44.474943416323619 ], [ 11.360225352804408, 44.474948855340415 ], [ 11.360245360472053, 44.474949251898529 ], [ 11.360274304596242, 44.474946762898661 ], [ 11.360312677405718, 44.474938317269668 ], [ 11.360342963116098, 44.474925447513591 ], [ 11.360361450575196, 44.474913091780877 ], [ 11.360373086482916, 44.474902318132962 ], [ 11.360395067067753, 44.474883048184743 ], [ 11.360401973528113, 44.474867240839281 ], [ 11.360407378343593, 44.474848493682806 ], [ 11.360404481698325, 44.474823436300873 ], [ 11.360394166130515, 44.474807714982738 ], [ 11.360384445132484, 44.474797382934568 ], [ 11.360358360594336, 44.474805304425871 ], [ 11.360363863373221, 44.474788985949928 ], [ 11.360369924432284, 44.474777157234257 ], [ 11.360552621640526, 44.474683803489285 ], [ 11.360260780960857, 44.474405994749006 ], [ 11.360186158499301, 44.474323372237102 ], [ 11.360152371709376, 44.474289950901714 ], [ 11.36009900215474, 44.474241720016295 ], [ 11.360331790959364, 44.474022446783692 ], [ 11.360271289617494, 44.473990667164436 ], [ 11.360236658415383, 44.47397246871882 ], [ 11.360081075871477, 44.473890727796977 ], [ 11.360062197258282, 44.473880594051515 ], [ 11.360033214780497, 44.473864970539992 ], [ 11.36005713924609, 44.473834983371198 ], [ 11.360134337051587, 44.473730505508897 ], [ 11.360209107081634, 44.473590463464127 ], [ 11.360299933974103, 44.47341740989522 ], [ 11.360307172350634, 44.473381465853066 ], [ 11.360324816952843, 44.473279947694131 ], [ 11.360334331532261, 44.473030774768795 ], [ 11.360342455078639, 44.472909224599732 ], [ 11.360372090055943, 44.472728109490056 ], [ 11.360414201450908, 44.4725374366908 ], [ 11.360432208469062, 44.472429015008927 ], [ 11.360604911886291, 44.472439685916555 ], [ 11.361020095620926, 44.47233162067117 ], [ 11.361281986198719, 44.472266147329712 ], [ 11.3613485790471, 44.472240462782452 ], [ 11.361372261791184, 44.472226018839422 ], [ 11.361961017116284, 44.472166115573941 ], [ 11.362273768487606, 44.472180530062502 ], [ 11.362723075110249, 44.472110904838026 ], [ 11.362746033923393, 44.472168856589953 ], [ 11.362956847388546, 44.47270058048575 ], [ 11.363011924078796, 44.472865808643171 ], [ 11.363334716362784, 44.473309058762872 ], [ 11.363500176349692, 44.473449134713327 ], [ 11.36366097923975, 44.473592178682225 ], [ 11.363974786699995, 44.47383144280515 ], [ 11.364068837510898, 44.47388756192607 ], [ 11.364145169153909, 44.473912151693774 ], [ 11.364297105812334, 44.473722677955955 ], [ 11.364567009947972, 44.473371576366233 ], [ 11.364634502223632, 44.473281025475679 ], [ 11.364685761167179, 44.473229026896227 ], [ 11.364751125333632, 44.473174188359096 ], [ 11.36483060687214, 44.473116500585697 ], [ 11.364959128820708, 44.47303998061637 ], [ 11.365231326719814, 44.472924077114413 ], [ 11.365752196421582, 44.472721221975249 ], [ 11.366036173606162, 44.472605045423535 ], [ 11.366403886814874, 44.472464040652248 ], [ 11.366925007690831, 44.472255161197552 ], [ 11.367620427456181, 44.471992051740997 ], [ 11.367702166948897, 44.471977545666725 ], [ 11.367773393601302, 44.471972935398398 ], [ 11.367901806213169, 44.471977464880297 ], [ 11.368007958617715, 44.471991467600006 ], [ 11.368140291425471, 44.472014577905114 ], [ 11.368188442894592, 44.472044043818599 ], [ 11.368222469462186, 44.472069328448953 ], [ 11.368256865303435, 44.472104049146779 ], [ 11.368583899602623, 44.472540957611493 ], [ 11.368607751907948, 44.472599402784226 ], [ 11.368678220225149, 44.472572310162619 ], [ 11.369010471469716, 44.472557727261545 ], [ 11.369577291559821, 44.472578786244 ], [ 11.370008385558538, 44.472637356437211 ], [ 11.370048434864877, 44.472591520895698 ], [ 11.370102832955572, 44.472555389325052 ], [ 11.370175388148361, 44.472536381806847 ], [ 11.370564215721698, 44.472480801122948 ], [ 11.370615740622009, 44.472459727321763 ], [ 11.370639048620857, 44.472431740310263 ], [ 11.370633382030766, 44.472291840392096 ], [ 11.370656487747436, 44.472258861128466 ], [ 11.370700724319411, 44.472230439472384 ], [ 11.370827992269051, 44.472182792294753 ], [ 11.371055322739185, 44.472105563668528 ], [ 11.371399834744414, 44.471990889192107 ], [ 11.371447778229104, 44.471967395690385 ], [ 11.371491406623589, 44.471923979009212 ], [ 11.371592734003093, 44.471839365002197 ], [ 11.371870712469079, 44.471633569519511 ], [ 11.372175791771928, 44.471407206384271 ], [ 11.372441118707929, 44.471210729033992 ], [ 11.372860676374923, 44.470907389163749 ], [ 11.372935891629986, 44.470843356546681 ], [ 11.373003703388791, 44.470896898849794 ], [ 11.373273678381814, 44.471127415834431 ], [ 11.373421934207355, 44.47124585971968 ], [ 11.373453881610976, 44.471218277672421 ], [ 11.37355776306741, 44.47115706061269 ], [ 11.373527752743774, 44.471133197501295 ], [ 11.373614344768592, 44.471082782906961 ], [ 11.37380364154159, 44.470970365195008 ], [ 11.373881562202586, 44.470926252492298 ], [ 11.373832620000528, 44.470881987124308 ], [ 11.373832417170357, 44.470867686192079 ], [ 11.373858433571176, 44.470855072672826 ], [ 11.373906339382659, 44.47082635740356 ], [ 11.374129646062402, 44.471024893296423 ], [ 11.37441319691793, 44.471261111963123 ], [ 11.374510491026282, 44.471347448812288 ], [ 11.374576697608916, 44.471397323490507 ], [ 11.374629552975167, 44.471422736689178 ], [ 11.374684381662723, 44.471435739225647 ], [ 11.374743931921786, 44.47144333197199 ], [ 11.374803027137446, 44.471440329078121 ], [ 11.374854605370178, 44.471433953514307 ], [ 11.374917718922443, 44.471407901302712 ], [ 11.375179614633272, 44.471290991031339 ], [ 11.375460997432581, 44.471165113161199 ], [ 11.375554522184073, 44.471114867920249 ], [ 11.375623085996681, 44.471073190397071 ], [ 11.375700091323685, 44.471031337152304 ], [ 11.37571909792692, 44.471014844925918 ], [ 11.375755194672092, 44.471004028767645 ], [ 11.375818494362981, 44.470994663024065 ], [ 11.375850175605079, 44.470989979485651 ], [ 11.375910754856319, 44.470986071877611 ], [ 11.375942681251829, 44.470984020976175 ], [ 11.37601083839094, 44.471305535023525 ], [ 11.37614001218197, 44.471942328730471 ], [ 11.376208299666345, 44.472287741828509 ], [ 11.37625222688726, 44.472577539696239 ], [ 11.376324824445764, 44.473078302012539 ], [ 11.376370971435081, 44.47342273543314 ], [ 11.376405714076951, 44.473783241817131 ], [ 11.376417899636692, 44.473885167736896 ], [ 11.376431987451189, 44.474083480979573 ], [ 11.376469284660661, 44.474655495383537 ], [ 11.376480950798591, 44.474992013006393 ], [ 11.376493992143299, 44.475511317891076 ], [ 11.37648838849177, 44.475850454654669 ], [ 11.376483576571999, 44.476033532773691 ], [ 11.376478606403257, 44.476148932601696 ], [ 11.376396277698831, 44.476181219366616 ], [ 11.375938158083493, 44.476367368514474 ], [ 11.375754257212879, 44.476439885882591 ], [ 11.375550554733476, 44.476515560825874 ], [ 11.37545663248703, 44.476542902675227 ], [ 11.375350378498998, 44.476570942180281 ], [ 11.375319154712148, 44.476577677656024 ], [ 11.375296344207539, 44.47658259058332 ], [ 11.375243132487729, 44.476594059798209 ], [ 11.375120826656646, 44.476620983668312 ], [ 11.375027636021001, 44.476631042947325 ], [ 11.374897626730405, 44.476642894447188 ], [ 11.374809908671637, 44.476647762225149 ], [ 11.374700826509603, 44.476651048784618 ], [ 11.374568874566839, 44.476649733502043 ], [ 11.374512024706116, 44.476646846880591 ], [ 11.374172018284831, 44.476621437496128 ], [ 11.37396986049936, 44.476602289069376 ], [ 11.373420351494028, 44.476551777623449 ], [ 11.373043263932907, 44.476521041077163 ], [ 11.372979411072402, 44.476520333859803 ], [ 11.372890055065476, 44.476520156741053 ], [ 11.372812155004318, 44.47652280231253 ], [ 11.37272595458696, 44.476529437462176 ], [ 11.372585609558891, 44.476545633354242 ], [ 11.372327707170662, 44.47659084789656 ], [ 11.37220665841431, 44.476625241686769 ], [ 11.371970814897281, 44.476704395967531 ], [ 11.371693647075466, 44.47679580563544 ], [ 11.371335052820761, 44.476924817539576 ], [ 11.370498290651847, 44.477251337176803 ], [ 11.370116074635263, 44.477406673241163 ], [ 11.369554937208688, 44.477617163030082 ], [ 11.368594955859997, 44.477988745653263 ], [ 11.368074445612496, 44.478187086889548 ], [ 11.367526143801078, 44.478396013038108 ], [ 11.36737143932411, 44.478460223121488 ], [ 11.366386390524202, 44.478827337549212 ], [ 11.365643015512877, 44.479028567921596 ], [ 11.365335861900219, 44.479106278388556 ], [ 11.365303022811666, 44.479124441885219 ], [ 11.364943656549059, 44.478937935468174 ], [ 11.364783614916911, 44.479136832509084 ] ] ] ] } },
{ "type": "Feature", "properties": { "codice_area_statistica": 16, "area_statistica": "EX MERCATO ORTOFRUTTICOLO", "cod_quar": 12, "quartiere": "Navile", "cod_zona": "B", "zona": "Bolognina" }, "geometry": { "type": "MultiPolygon", "coordinates": [ [ [ [ 11.345876554485734, 44.506241107036388 ], [ 11.346032241294372, 44.506777026320592 ], [ 11.346074426173558, 44.506922244011044 ], [ 11.343945032933417, 44.50720883177685 ], [ 11.343316738949019, 44.507291816028683 ], [ 11.342912084615588, 44.507346872332562 ], [ 11.342602118779817, 44.507387722583736 ], [ 11.342085854705608, 44.507455770363855 ], [ 11.340206139705264, 44.507709563500143 ], [ 11.340381403335316, 44.508389049124688 ], [ 11.340519487353415, 44.508939200645806 ], [ 11.340695025023232, 44.50967402780968 ], [ 11.340958561408799, 44.510696968602524 ], [ 11.34124727245309, 44.511762676620386 ], [ 11.341492412123692, 44.512695850523627 ], [ 11.341596879821381, 44.513121761382692 ], [ 11.341436220828285, 44.51317723567923 ], [ 11.341332810685314, 44.513205455143542 ], [ 11.340954250789528, 44.513255296941473 ], [ 11.340585324473944, 44.513304741900171 ], [ 11.339730651943237, 44.513417527964094 ], [ 11.339595102497977, 44.513447835997169 ], [ 11.339455877463772, 44.51349350554348 ], [ 11.339292511837277, 44.51357636406005 ], [ 11.338339206189731, 44.514212139013523 ], [ 11.338086580459366, 44.514388695303289 ], [ 11.337922658994703, 44.514525704622187 ], [ 11.337820508528392, 44.514627977153978 ], [ 11.337728925143931, 44.514725810991031 ], [ 11.33758097833654, 44.514936988837206 ], [ 11.337442056617373, 44.515136647464168 ], [ 11.337334326692435, 44.5152954528291 ], [ 11.337128374556253, 44.515596321886086 ], [ 11.336712427011554, 44.516177651796127 ], [ 11.336627616927183, 44.516305585666814 ], [ 11.336448402797293, 44.516568248453112 ], [ 11.336299975179806, 44.516754407322772 ], [ 11.336203008257685, 44.516889566655074 ], [ 11.336117870785159, 44.517029192152137 ], [ 11.33607950633343, 44.517030751487191 ], [ 11.336016746637975, 44.517036140980252 ], [ 11.335962108637858, 44.517043569867184 ], [ 11.335750266361776, 44.517051964848463 ], [ 11.335640131714705, 44.517056045845152 ], [ 11.334387089333015, 44.517058720485352 ], [ 11.333430961176411, 44.517064702106815 ], [ 11.333402207824179, 44.516948679751678 ], [ 11.333410078107597, 44.516534779395869 ], [ 11.333430971278053, 44.516211952754247 ], [ 11.333473961946, 44.515830913978853 ], [ 11.333479259623143, 44.515587664610429 ], [ 11.333474026262758, 44.515272889119473 ], [ 11.333439695890544, 44.515067270251656 ], [ 11.333335180023916, 44.514800743288824 ], [ 11.33328683839475, 44.514718448728729 ], [ 11.333243741156251, 44.514626639279776 ], [ 11.333099401257421, 44.514397197374123 ], [ 11.332939739078428, 44.514065979390949 ], [ 11.332830829866626, 44.513877458867903 ], [ 11.332695877542401, 44.513630314599098 ], [ 11.332603109910208, 44.513440158623268 ], [ 11.332441997760226, 44.51316672995322 ], [ 11.332363583187574, 44.513036687684121 ], [ 11.332289232230274, 44.512854608551706 ], [ 11.332234860002131, 44.51272767599562 ], [ 11.332203809680392, 44.512619550423722 ], [ 11.332144601866323, 44.512442050193982 ], [ 11.332071043074929, 44.512318255311648 ], [ 11.331997650217547, 44.512240865198549 ], [ 11.331908509004007, 44.512167973932485 ], [ 11.331821644996735, 44.512111474758278 ], [ 11.331645320190106, 44.512021044659768 ], [ 11.331532770207037, 44.511976332117221 ], [ 11.331335710153956, 44.511883642280232 ], [ 11.331167426990383, 44.511806479029211 ], [ 11.331030769791555, 44.511721962816253 ], [ 11.330921752284347, 44.511624782616018 ], [ 11.33082818533536, 44.511491015507509 ], [ 11.330718913159153, 44.511293092619425 ], [ 11.330717628641246, 44.511213869276943 ], [ 11.330758256126231, 44.511055873000522 ], [ 11.330808261478531, 44.510991708007701 ], [ 11.330883347451927, 44.510927075890336 ], [ 11.331031708023655, 44.51080445637664 ], [ 11.331095371769997, 44.510706432783159 ], [ 11.331102245979762, 44.510596146029556 ], [ 11.331162299549611, 44.510503192541925 ], [ 11.33124759130971, 44.510380924403833 ], [ 11.331386889341946, 44.510202106430029 ], [ 11.331550989171584, 44.510033521775718 ], [ 11.331753361450144, 44.509882970478742 ], [ 11.331972066679178, 44.509718644334718 ], [ 11.332108098007627, 44.509598994043571 ], [ 11.332211369145204, 44.50950553517437 ], [ 11.332266943412861, 44.509422413382943 ], [ 11.332284124749417, 44.509320783481591 ], [ 11.332278492352422, 44.509258447755933 ], [ 11.332273571867031, 44.509194405001857 ], [ 11.332171357972541, 44.50885050665326 ], [ 11.332120095939763, 44.508797637559141 ], [ 11.33209514883105, 44.508723542945859 ], [ 11.332075113026711, 44.508655559763206 ], [ 11.332084473006098, 44.508561588803374 ], [ 11.33208194191295, 44.508463143423675 ], [ 11.332099819446944, 44.508371393134517 ], [ 11.332160506886487, 44.508250590205137 ], [ 11.332256753232265, 44.508117339404237 ], [ 11.332372820868496, 44.507988373872976 ], [ 11.33247681814359, 44.507885447210938 ], [ 11.332508152470067, 44.507827028476633 ], [ 11.332709751402829, 44.507400724565613 ], [ 11.333202782293101, 44.50733500361514 ], [ 11.333565492761657, 44.507291669290474 ], [ 11.33420573867765, 44.50722032374351 ], [ 11.334762950678913, 44.50716120591737 ], [ 11.334994528417667, 44.507140714763381 ], [ 11.335403448580115, 44.507096240315995 ], [ 11.336714014142444, 44.506938244201052 ], [ 11.337691054524928, 44.506833327815606 ], [ 11.337834523416255, 44.506815805533172 ], [ 11.338058169805622, 44.506786738098043 ], [ 11.338300273397083, 44.50675395219794 ], [ 11.338749622639297, 44.506693792364615 ], [ 11.33982969332938, 44.506549116006418 ], [ 11.340464618156926, 44.506463719356447 ], [ 11.341845052711763, 44.506282526543998 ], [ 11.34338174353667, 44.506077043421456 ], [ 11.344517163823518, 44.505925343744934 ], [ 11.344880802601477, 44.505877354050867 ], [ 11.345137880883868, 44.505850826907356 ], [ 11.345335523280689, 44.505832263267287 ], [ 11.345441245662101, 44.505824419474884 ], [ 11.345583662841001, 44.505799616970961 ], [ 11.345742815758898, 44.505781195304877 ], [ 11.345876554485734, 44.506241107036388 ] ] ] ] } },
{ "type": "Feature", "properties": { "codice_area_statistica": 72, "area_statistica": "XXI APRILE", "cod_quar": 13, "quartiere": "Porto - Saragozza", "cod_zona": "F", "zona": "Costa Saragozza" }, "geometry": { "type": "MultiPolygon", "coordinates": [ [ [ [ 11.319051233564787, 44.496957469190463 ], [ 11.318975616839104, 44.49696483899023 ], [ 11.318866871688426, 44.49699130098054 ], [ 11.318790630889305, 44.4970118000996 ], [ 11.318545770686228, 44.49710058765811 ], [ 11.318242102198372, 44.497205441244375 ], [ 11.318008918341683, 44.497280720718095 ], [ 11.317906016560611, 44.497307387230073 ], [ 11.31781278730309, 44.497325484854841 ], [ 11.317332998500445, 44.497399612003065 ], [ 11.317118384035904, 44.497431867458168 ], [ 11.317040482288803, 44.497440317653272 ], [ 11.316947664274393, 44.497450393924154 ], [ 11.316704584879425, 44.497464870067688 ], [ 11.316702592510003, 44.49746537863593 ], [ 11.316412686337671, 44.497480543392371 ], [ 11.316098868172485, 44.497492834602696 ], [ 11.315952779975845, 44.497502883536015 ], [ 11.31529582388578, 44.497541462076967 ], [ 11.315002497511156, 44.497557943976197 ], [ 11.31484144555135, 44.497573831530879 ], [ 11.314677702139045, 44.497596084242836 ], [ 11.314426521754047, 44.497636953319891 ], [ 11.313743173016494, 44.497751805747768 ], [ 11.313501965361715, 44.497801563265845 ], [ 11.313020069696844, 44.497917108845854 ], [ 11.311838983005163, 44.498239559660412 ], [ 11.311684955971948, 44.498025626583761 ], [ 11.311279526567532, 44.49689099389041 ], [ 11.310935614655605, 44.495972679731395 ], [ 11.310910295525074, 44.495923029872202 ], [ 11.310858389435385, 44.495890636015481 ], [ 11.310716670216269, 44.495851696751629 ], [ 11.310668990862542, 44.495827589656656 ], [ 11.310624546861323, 44.495786681246308 ], [ 11.310595772052199, 44.495748246464416 ], [ 11.310589455355885, 44.495687057701204 ], [ 11.310598270171031, 44.495614417461503 ], [ 11.310843758168138, 44.493962190797021 ], [ 11.311006602192654, 44.492914422786505 ], [ 11.311187149970978, 44.491780726323476 ], [ 11.311302028966239, 44.49099046654171 ], [ 11.311331882385634, 44.490865284216106 ], [ 11.311347979527353, 44.490797780943353 ], [ 11.311385730033212, 44.490643612401236 ], [ 11.311411893900024, 44.490566380545367 ], [ 11.31144362176796, 44.490506465042984 ], [ 11.311466587023117, 44.490471141994064 ], [ 11.311519157330654, 44.490445671487514 ], [ 11.311490473249107, 44.490086130545237 ], [ 11.312280573389422, 44.490060298569126 ], [ 11.31294286187541, 44.490040327767083 ], [ 11.313166501761838, 44.490029251423415 ], [ 11.313764813060518, 44.490010572217336 ], [ 11.313997976023771, 44.490009105048671 ], [ 11.314175276538775, 44.489982599327078 ], [ 11.314301909874464, 44.489947298698716 ], [ 11.314414327671342, 44.48989918736531 ], [ 11.314638398929223, 44.489783345205545 ], [ 11.314763490990247, 44.489708796996993 ], [ 11.315472560822379, 44.489335249281439 ], [ 11.315686346920147, 44.489218938479972 ], [ 11.31623470766605, 44.488925519095666 ], [ 11.316375490027669, 44.488854116751426 ], [ 11.316514763447932, 44.488811310087726 ], [ 11.316705507254838, 44.488792206844046 ], [ 11.316902320007051, 44.488792020594751 ], [ 11.31708708485615, 44.48879946067845 ], [ 11.31720772439717, 44.488805987503106 ], [ 11.317737753790132, 44.488827528671777 ], [ 11.317824629230401, 44.488832552732511 ], [ 11.318666873054266, 44.489069024691709 ], [ 11.319443156819812, 44.489282577643877 ], [ 11.320020807281624, 44.489406256316784 ], [ 11.320592162110866, 44.489539197672102 ], [ 11.320913375386651, 44.48960946859615 ], [ 11.320878856340917, 44.489682461230913 ], [ 11.321067384941168, 44.490133304084679 ], [ 11.321293764518058, 44.490607710924834 ], [ 11.321408212117205, 44.490843772263219 ], [ 11.321826437426306, 44.49157460446358 ], [ 11.322125545602502, 44.492110044260947 ], [ 11.322440400834296, 44.492643767458993 ], [ 11.32254675584899, 44.492815488666892 ], [ 11.322924654407737, 44.493409955630156 ], [ 11.323301922283202, 44.493988346495122 ], [ 11.323560584396215, 44.494404483961695 ], [ 11.32377260616941, 44.494790394292757 ], [ 11.323933197087669, 44.495072083996604 ], [ 11.324012262697217, 44.495211400850685 ], [ 11.32406523392256, 44.495440707595442 ], [ 11.324087378141797, 44.49551685075788 ], [ 11.324450531717188, 44.496672050468817 ], [ 11.324504739940163, 44.496698233483151 ], [ 11.324517507338268, 44.496851719626427 ], [ 11.324579870915127, 44.496860613623447 ], [ 11.324585410495656, 44.496952507221501 ], [ 11.324586418389284, 44.497014883602631 ], [ 11.324291542485399, 44.497026424514814 ], [ 11.323678243473731, 44.497044743866482 ], [ 11.323303351445935, 44.497063726635055 ], [ 11.323028986792675, 44.497079303109459 ], [ 11.322148857706377, 44.497112289526157 ], [ 11.321797494631802, 44.497129591369436 ], [ 11.321034830960357, 44.497163195859287 ], [ 11.320866711664507, 44.497171448383497 ], [ 11.320727211157745, 44.497177570409001 ], [ 11.320616301314224, 44.497183705227421 ], [ 11.32056340112309, 44.497182845050865 ], [ 11.320428697404205, 44.497170062803796 ], [ 11.320245709449507, 44.497152608183157 ], [ 11.320040311829382, 44.497126390070967 ], [ 11.319328912654782, 44.496986757840126 ], [ 11.319188177407927, 44.496958567213944 ], [ 11.319141897811802, 44.496953691758762 ], [ 11.319051233564787, 44.496957469190463 ] ] ] ] } },
{ "type": "Feature", "properties": { "codice_area_statistica": 33, "area_statistica": "ZANARDI", "cod_quar": 13, "quartiere": "Porto - Saragozza", "cod_zona": "P", "zona": "Saffi" }, "geometry": { "type": "MultiPolygon", "coordinates": [ [ [ [ 11.33982969332938, 44.506549116006418 ], [ 11.338749622639297, 44.506693792364615 ], [ 11.338300273397083, 44.50675395219794 ], [ 11.338058169805622, 44.506786738098043 ], [ 11.337834523416255, 44.506815805533172 ], [ 11.337691054524928, 44.506833327815606 ], [ 11.336714014142444, 44.506938244201052 ], [ 11.335403448580115, 44.507096240315995 ], [ 11.334994528417667, 44.507140714763381 ], [ 11.334762950678913, 44.50716120591737 ], [ 11.33420573867765, 44.50722032374351 ], [ 11.333565492761657, 44.507291669290474 ], [ 11.333202782293101, 44.50733500361514 ], [ 11.332709751402829, 44.507400724565613 ], [ 11.332355172233779, 44.507449561650432 ], [ 11.331951811435655, 44.50750516481024 ], [ 11.331463794791752, 44.507570507864592 ], [ 11.330143652127459, 44.507758167557128 ], [ 11.329988086811563, 44.507775008802106 ], [ 11.330733389084285, 44.506460480205803 ], [ 11.330984690786444, 44.506053492240689 ], [ 11.330152464963042, 44.506184392530848 ], [ 11.330045629950229, 44.50618111768226 ], [ 11.3299460993343, 44.506169519312628 ], [ 11.329836116398031, 44.506152597603574 ], [ 11.329727113323926, 44.50612490672129 ], [ 11.329626484143969, 44.506086052703395 ], [ 11.329564363997381, 44.506057332858042 ], [ 11.329494204359758, 44.506017856919428 ], [ 11.329420019303669, 44.505973016524592 ], [ 11.329368877569276, 44.505920827908092 ], [ 11.329339732887222, 44.505871026224369 ], [ 11.329150934407165, 44.505244959622246 ], [ 11.328981434034128, 44.504706274010147 ], [ 11.328854239395859, 44.504302042708794 ], [ 11.328830388070367, 44.504260667331664 ], [ 11.328813457129371, 44.504247436854484 ], [ 11.328792914556043, 44.504229121579257 ], [ 11.328773138043946, 44.504226248090795 ], [ 11.328750396744125, 44.504221580550769 ], [ 11.328724619281498, 44.504218064254914 ], [ 11.328698349258881, 44.50421670961628 ], [ 11.328673268350217, 44.504214889588283 ], [ 11.328645024746328, 44.504215465737651 ], [ 11.328609343958187, 44.504220082701941 ], [ 11.328570395100471, 44.504224766318856 ], [ 11.328528581558357, 44.504232380177648 ], [ 11.328334940484089, 44.504265498268808 ], [ 11.326989156020137, 44.504493156774153 ], [ 11.326863276942172, 44.504513862889716 ], [ 11.326765575772162, 44.504531707874861 ], [ 11.326658238623775, 44.504541970951529 ], [ 11.326550804032518, 44.504547257490209 ], [ 11.326433672788676, 44.504545332425955 ], [ 11.326375692138276, 44.504539311985155 ], [ 11.326295808811244, 44.504520612110333 ], [ 11.326187077403461, 44.504480659795327 ], [ 11.326128298452462, 44.504448566038647 ], [ 11.326068934167752, 44.504398280975188 ], [ 11.326040353389462, 44.504360980520985 ], [ 11.32600853998, 44.504293650324392 ], [ 11.32599624900527, 44.504253479209851 ], [ 11.325798540416969, 44.503643342933827 ], [ 11.325743681497594, 44.50344950987494 ], [ 11.325577399544478, 44.5029433607898 ], [ 11.325383347467154, 44.50234522163305 ], [ 11.325358829629675, 44.502289851083937 ], [ 11.325329628512456, 44.502256524208988 ], [ 11.32528394846172, 44.502229519711207 ], [ 11.325235399416833, 44.502200593067442 ], [ 11.324843893999434, 44.502030991241107 ], [ 11.324764859765004, 44.502006655383568 ], [ 11.324705967204919, 44.501997879866963 ], [ 11.324661815161837, 44.501998220837173 ], [ 11.324518557362721, 44.502018008907662 ], [ 11.323339694678642, 44.502211067326883 ], [ 11.322611376275859, 44.501985168284065 ], [ 11.322141835082677, 44.501839228196708 ], [ 11.322059446277207, 44.501806091162599 ], [ 11.322033440087878, 44.501785058988894 ], [ 11.321961139203024, 44.501699006592268 ], [ 11.321651038439899, 44.501197208290641 ], [ 11.322366147066909, 44.500943922942199 ], [ 11.322851944204016, 44.500775710471331 ], [ 11.323547410358932, 44.500551634651124 ], [ 11.324038067454712, 44.5003802213133 ], [ 11.324273296123193, 44.500298045946714 ], [ 11.325074596863256, 44.500024182236267 ], [ 11.326559405016386, 44.499514785993426 ], [ 11.326890542553882, 44.499402040281446 ], [ 11.32694684333717, 44.499470599623479 ], [ 11.32717364035622, 44.499482703110289 ], [ 11.330123094831553, 44.500984160033553 ], [ 11.331188379491332, 44.501512503831613 ], [ 11.332152705282786, 44.501997518261284 ], [ 11.332716549997102, 44.502284288915071 ], [ 11.333224162770129, 44.502580317440042 ], [ 11.333647070302764, 44.502764759944149 ], [ 11.334651884907586, 44.503260277642212 ], [ 11.33632265426316, 44.504118421156022 ], [ 11.336637956325555, 44.504265857565791 ], [ 11.337679994195577, 44.504789016613067 ], [ 11.337781374882397, 44.504832430447081 ], [ 11.338395792320229, 44.505158423656177 ], [ 11.338444731332741, 44.505184293819646 ], [ 11.339007875296991, 44.50546677131598 ], [ 11.33942042294886, 44.505638116779643 ], [ 11.339618547051106, 44.505706373962333 ], [ 11.339652093862096, 44.505837348987782 ], [ 11.33982969332938, 44.506549116006418 ] ] ] ] } },
{ "type": "Feature", "properties": { "codice_area_statistica": 63, "area_statistica": "SCANDELLARA", "cod_quar": 14, "quartiere": "San Donato - San Vitale", "cod_zona": "T", "zona": "S. Vitale" }, "geometry": { "type": "MultiPolygon", "coordinates": [ [ [ [ 11.383088084906284, 44.502623679231888 ], [ 11.383034695154929, 44.5026840937388 ], [ 11.382989088578832, 44.502740105530954 ], [ 11.382532303088192, 44.503299346195512 ], [ 11.382281614553598, 44.503707659206491 ], [ 11.382013057225347, 44.504159448809467 ], [ 11.38186702989616, 44.504453945000982 ], [ 11.381738315602783, 44.504806605446049 ], [ 11.381608376440997, 44.505367313570517 ], [ 11.381576840768096, 44.505363353199876 ], [ 11.381459620365863, 44.505348513828999 ], [ 11.381410432893681, 44.505342337932866 ], [ 11.381272603804426, 44.505324957458129 ], [ 11.381246679323917, 44.505321627155375 ], [ 11.381109276522128, 44.505302356054251 ], [ 11.380875533088167, 44.505261678554319 ], [ 11.380729864706911, 44.505230957079931 ], [ 11.380589242838168, 44.50520058930649 ], [ 11.380384823759329, 44.505154347832793 ], [ 11.380157823305264, 44.505094181734066 ], [ 11.379998156463065, 44.505046826379299 ], [ 11.379889145913356, 44.505017320088669 ], [ 11.379653319908426, 44.504944283262176 ], [ 11.379536435011262, 44.504897475807169 ], [ 11.379387676268349, 44.504843329339103 ], [ 11.37924909233474, 44.504785720676928 ], [ 11.379114125627726, 44.504733528021923 ], [ 11.378978551015365, 44.504672264285773 ], [ 11.378857165589229, 44.504613756562691 ], [ 11.378718379002986, 44.504548049165585 ], [ 11.37855751807883, 44.504468496482517 ], [ 11.378405068783971, 44.504385428358027 ], [ 11.378234277158306, 44.504284385940252 ], [ 11.378019363262915, 44.504162476222767 ], [ 11.377850018907729, 44.504050590991405 ], [ 11.377731912958016, 44.503970587637824 ], [ 11.377616628020158, 44.503882612145617 ], [ 11.377488776762537, 44.503788767512553 ], [ 11.377312080644382, 44.503641123348153 ], [ 11.377144652861665, 44.50349895751615 ], [ 11.377024920205736, 44.503381986740102 ], [ 11.376917763194989, 44.503268003907522 ], [ 11.376795552397322, 44.503139561198623 ], [ 11.376649217669277, 44.502962295545167 ], [ 11.376530336782169, 44.502813617460298 ], [ 11.376438685673644, 44.502691119007935 ], [ 11.376389731911999, 44.502607063847258 ], [ 11.376353278315376, 44.502552006794545 ], [ 11.376286436843538, 44.502449067467218 ], [ 11.376179645592787, 44.502260435998942 ], [ 11.376087472393001, 44.502078621181283 ], [ 11.376021144032091, 44.501941542264404 ], [ 11.37594619269778, 44.501747035332976 ], [ 11.375850581038401, 44.501489850329385 ], [ 11.375479491076385, 44.501600832763124 ], [ 11.375438295962251, 44.501282584872548 ], [ 11.375394035512013, 44.50094057993315 ], [ 11.375285313145156, 44.500106971428771 ], [ 11.37523536551625, 44.499721215165614 ], [ 11.375148325144364, 44.499453462172461 ], [ 11.375137914667032, 44.499386069450338 ], [ 11.37511992099695, 44.499219004960956 ], [ 11.375105811020665, 44.499119369965236 ], [ 11.375098400872822, 44.499039131153509 ], [ 11.375094028040815, 44.498968326860933 ], [ 11.375087347048558, 44.498903251216724 ], [ 11.375041640844037, 44.498570755811706 ], [ 11.37498415007348, 44.49815559183326 ], [ 11.374962730033882, 44.497990237044597 ], [ 11.374929887508307, 44.497736579555166 ], [ 11.374888026728508, 44.497405804541827 ], [ 11.374827767277555, 44.496950276441105 ], [ 11.374799729091643, 44.4967371475581 ], [ 11.37476469552654, 44.49646294665969 ], [ 11.374743593678696, 44.496271630735286 ], [ 11.374726751325298, 44.496086086869049 ], [ 11.374717328250444, 44.495943862104262 ], [ 11.374711418029449, 44.49582929220071 ], [ 11.374706206362731, 44.495701879087683 ], [ 11.374706605538643, 44.495637061216435 ], [ 11.374708362535921, 44.495534440275058 ], [ 11.374714302070782, 44.495420524111012 ], [ 11.374734814445748, 44.495241135108714 ], [ 11.374741973101308, 44.495166534850505 ], [ 11.374759478626382, 44.49505867987218 ], [ 11.374785604003588, 44.494927697988189 ], [ 11.374818854072839, 44.494780444252562 ], [ 11.374862778843209, 44.494620094733882 ], [ 11.374897841619756, 44.494510983201167 ], [ 11.374955567629677, 44.494333079559176 ], [ 11.374957422880811, 44.494327351329162 ], [ 11.374994646231606, 44.494224064493871 ], [ 11.375409789280313, 44.49429551341813 ], [ 11.376187908291808, 44.494424521358759 ], [ 11.376399249651902, 44.494462605054906 ], [ 11.376888033659968, 44.49454694665603 ], [ 11.377092595087868, 44.494582208389325 ], [ 11.377232623393272, 44.494604841683064 ], [ 11.377260681960516, 44.494611288369981 ], [ 11.377369584285743, 44.494629366211598 ], [ 11.377485660212402, 44.494650643501664 ], [ 11.377520855309587, 44.494656284300518 ], [ 11.377771259065872, 44.494699493566713 ], [ 11.378148117548092, 44.494768344997773 ], [ 11.378526218766218, 44.494827527524613 ], [ 11.378906613967526, 44.494897013956788 ], [ 11.379765353336802, 44.495044113984981 ], [ 11.380741802864293, 44.495206127618125 ], [ 11.380771855094206, 44.495211478558353 ], [ 11.381657673094248, 44.495369126745906 ], [ 11.382349196174291, 44.495483604633584 ], [ 11.382787341925486, 44.495556104044162 ], [ 11.382965035122925, 44.495582499375736 ], [ 11.3839173883215, 44.495712363463085 ], [ 11.384132688053654, 44.495740555338941 ], [ 11.384664969657306, 44.495810253157835 ], [ 11.384866301547472, 44.495835494512121 ], [ 11.385579642604588, 44.495924901921434 ], [ 11.386294270288728, 44.496022668370337 ], [ 11.387438860539133, 44.496167785733824 ], [ 11.387544860302993, 44.496181782371067 ], [ 11.387761843040359, 44.49621044533491 ], [ 11.388018905103779, 44.496243869043838 ], [ 11.388324118695159, 44.496279516658738 ], [ 11.388622660264938, 44.496322406101939 ], [ 11.387027933719498, 44.498150185127209 ], [ 11.385845332335997, 44.499489140235418 ], [ 11.383088084906284, 44.502623679231888 ] ] ] ] } },
{ "type": "Feature", "properties": { "codice_area_statistica": 64, "area_statistica": "VIA LARGA", "cod_quar": 14, "quartiere": "San Donato - San Vitale", "cod_zona": "T", "zona": "S. Vitale" }, "geometry": { "type": "MultiPolygon", "coordinates": [ [ [ [ 11.396862309728853, 44.506659237916956 ], [ 11.396745128674713, 44.506643675232937 ], [ 11.396770064498122, 44.506564559298859 ], [ 11.396726103367056, 44.506507955954355 ], [ 11.396275149007735, 44.506548941394051 ], [ 11.396157664192689, 44.5065489769203 ], [ 11.395844205321664, 44.506565279162089 ], [ 11.395647778897645, 44.506576342672055 ], [ 11.395482730163749, 44.506576115349418 ], [ 11.395252492906835, 44.506547997352179 ], [ 11.394557791045532, 44.506470314146156 ], [ 11.394135602367404, 44.506418132348998 ], [ 11.393785137498069, 44.506375257005523 ], [ 11.392927425649741, 44.506269896290767 ], [ 11.391051084669977, 44.506020673340238 ], [ 11.389542625994912, 44.505824117308549 ], [ 11.388799968562116, 44.505722933885345 ], [ 11.388779656665461, 44.505807712972249 ], [ 11.388655922603267, 44.505793008308864 ], [ 11.388533273964905, 44.505778388830045 ], [ 11.386764067726055, 44.505541662720873 ], [ 11.386641706014439, 44.505518023639247 ], [ 11.386470216245833, 44.505498922523515 ], [ 11.386320445845683, 44.505484597598617 ], [ 11.386143082853243, 44.505475701642887 ], [ 11.386042056533539, 44.505475472729152 ], [ 11.385899504919644, 44.505471880460824 ], [ 11.385667971795263, 44.505467275879887 ], [ 11.385525322749242, 44.505473317924498 ], [ 11.385236735077092, 44.505485560241475 ], [ 11.38487852567604, 44.505502326285651 ], [ 11.384524017758039, 44.505533048882313 ], [ 11.384308518620733, 44.505548362373226 ], [ 11.384094307034077, 44.505551756177326 ], [ 11.383914917048958, 44.50555793337378 ], [ 11.383673950971701, 44.505559553458802 ], [ 11.38353088173262, 44.505555608935431 ], [ 11.383322885343745, 44.505544827511791 ], [ 11.382977611951972, 44.505518195209049 ], [ 11.382702249730302, 44.505493514579648 ], [ 11.382349593012526, 44.505449299434474 ], [ 11.382342007473966, 44.505448377437858 ], [ 11.381985750154994, 44.50540531661931 ], [ 11.381967810620717, 44.505412712962894 ], [ 11.381926208577372, 44.50540745931324 ], [ 11.381798505807634, 44.505391308584251 ], [ 11.381724155223557, 44.505381966805743 ], [ 11.38166840285353, 44.505374910705427 ], [ 11.381619200572818, 44.505368681192998 ], [ 11.381608376440997, 44.505367313570517 ], [ 11.381738315602783, 44.504806605446049 ], [ 11.38186702989616, 44.504453945000982 ], [ 11.382013057225347, 44.504159448809467 ], [ 11.382281614553598, 44.503707659206491 ], [ 11.382532303088192, 44.503299346195512 ], [ 11.382989088578832, 44.502740105530954 ], [ 11.383034695154929, 44.5026840937388 ], [ 11.383088084906284, 44.502623679231888 ], [ 11.385845332335997, 44.499489140235418 ], [ 11.387027933719498, 44.498150185127209 ], [ 11.388622660264938, 44.496322406101939 ], [ 11.390503356193571, 44.494202982248879 ], [ 11.390794085388972, 44.493887006767444 ], [ 11.390860997464809, 44.493922695961096 ], [ 11.390961060937908, 44.493968466832328 ], [ 11.391071198995725, 44.494019464145893 ], [ 11.391169727815203, 44.494048918294858 ], [ 11.391252309823273, 44.494068254421066 ], [ 11.391347054951174, 44.494078378116917 ], [ 11.391430600512734, 44.494081597316786 ], [ 11.391512196322953, 44.494077736263421 ], [ 11.391735760655095, 44.494356048348834 ], [ 11.392090152433308, 44.494887255715973 ], [ 11.393124632922641, 44.496579069434738 ], [ 11.393221130568287, 44.496736094864168 ], [ 11.393252253800574, 44.49678877360499 ], [ 11.393943999282417, 44.498033755760922 ], [ 11.394772642521804, 44.499365329126739 ], [ 11.39568323119137, 44.500847454888614 ], [ 11.395727805286864, 44.500916082257007 ], [ 11.396745585296966, 44.502479916385013 ], [ 11.39710374822107, 44.503028610299744 ], [ 11.39716168443856, 44.503157966878227 ], [ 11.397220739161357, 44.503314901804117 ], [ 11.397258574298515, 44.503467276901404 ], [ 11.397283822889333, 44.50365506233269 ], [ 11.397293680587113, 44.50406664166708 ], [ 11.397288401915144, 44.504365556668269 ], [ 11.397267047122551, 44.504529203639322 ], [ 11.397254364457766, 44.504672412710121 ], [ 11.397248503759272, 44.504895475297069 ], [ 11.397239105727037, 44.505109276504349 ], [ 11.397213080783798, 44.505237578430538 ], [ 11.397119547421928, 44.505659062108265 ], [ 11.396923322260248, 44.506408846891851 ], [ 11.396862309728853, 44.506659237916956 ] ] ] ] } },
{ "type": "Feature", "properties": { "codice_area_statistica": 89, "area_statistica": "CORELLI", "cod_quar": 16, "quartiere": "Savena", "cod_zona": "R", "zona": "S. Ruffillo" }, "geometry": { "type": "MultiPolygon", "coordinates": [ [ [ [ 11.374574196934729, 44.458780887003478 ], [ 11.374391238670196, 44.458591183877878 ], [ 11.374300887887744, 44.458442912797032 ], [ 11.374231525266609, 44.458284098770882 ], [ 11.374161270902174, 44.458181065525309 ], [ 11.374115103135155, 44.458113349155312 ], [ 11.374094206092385, 44.458021584238566 ], [ 11.374163479955268, 44.457768283267932 ], [ 11.374291247405662, 44.457394546534914 ], [ 11.374311830979208, 44.457211942105047 ], [ 11.374273277987797, 44.457112685140807 ], [ 11.374342846406712, 44.456850322157166 ], [ 11.374317313702692, 44.456699618935382 ], [ 11.37418586805763, 44.456480383967481 ], [ 11.37414624556903, 44.456431112427921 ], [ 11.373997190113995, 44.456359002127918 ], [ 11.373995809713755, 44.456356442009763 ], [ 11.373984455389571, 44.45635095483447 ], [ 11.373899476833978, 44.456192026879201 ], [ 11.373938567942483, 44.455943274287122 ], [ 11.373957527311777, 44.455741606376435 ], [ 11.374065237915561, 44.455509341028311 ], [ 11.374134781213806, 44.455351509996213 ], [ 11.374234032734371, 44.455187916932992 ], [ 11.374342955681721, 44.454907138811642 ], [ 11.374402420276638, 44.454691566386082 ], [ 11.374529264185009, 44.454263025998692 ], [ 11.374630015823099, 44.453832250004297 ], [ 11.374612770943985, 44.453689799944343 ], [ 11.374532021152662, 44.453429141228831 ], [ 11.374322536726822, 44.453340359832715 ], [ 11.374169137972771, 44.453179819382747 ], [ 11.374168434973351, 44.453177758501326 ], [ 11.374164516946287, 44.453173661359607 ], [ 11.374084843810545, 44.452938755216337 ], [ 11.37396841199244, 44.452788797972133 ], [ 11.373958950465203, 44.452781340718836 ], [ 11.373873627981405, 44.452711093970223 ], [ 11.373465782792234, 44.452707204868808 ], [ 11.373388773818322, 44.45270655533055 ], [ 11.373277029493922, 44.452682437812598 ], [ 11.373224817645948, 44.452673395321533 ], [ 11.373204228637002, 44.452669322038574 ], [ 11.373056887591943, 44.452638625190417 ], [ 11.372968161550716, 44.452620213671366 ], [ 11.37294591171537, 44.452613924206851 ], [ 11.372922115094578, 44.45260823405696 ], [ 11.372903897068293, 44.452604669597669 ], [ 11.372884900812691, 44.452601130314811 ], [ 11.372870636402968, 44.45259805083397 ], [ 11.372851685340603, 44.452595626933025 ], [ 11.372823179487238, 44.452590034649901 ], [ 11.372652547544334, 44.452546884614122 ], [ 11.372389723007849, 44.45249281257027 ], [ 11.372012530813823, 44.452426154034555 ], [ 11.371795817525911, 44.45240457626403 ], [ 11.371607900300461, 44.452387999475341 ], [ 11.371417157133905, 44.452365881442347 ], [ 11.371238583077309, 44.452323029314208 ], [ 11.370861706820685, 44.452263805585496 ], [ 11.370591736685165, 44.45221166932275 ], [ 11.370412183995221, 44.452144610125671 ], [ 11.370256467018118, 44.452088246011286 ], [ 11.370111750335587, 44.452046543654554 ], [ 11.369912620475443, 44.452009697864291 ], [ 11.369567593699387, 44.451966571546691 ], [ 11.369395425547495, 44.451953382285595 ], [ 11.369183989420137, 44.451933562562857 ], [ 11.368933711440775, 44.451918266587207 ], [ 11.368590730725673, 44.451925392587093 ], [ 11.368293797174374, 44.451978123895529 ], [ 11.368122265512522, 44.452045015970796 ], [ 11.368017768542131, 44.45209748142765 ], [ 11.367863592427724, 44.452143523087948 ], [ 11.367649618768963, 44.45223784357546 ], [ 11.367346502569358, 44.452411308975556 ], [ 11.366730725769671, 44.452631975194961 ], [ 11.367400006165251, 44.453229061196609 ], [ 11.367412895503497, 44.453230774470242 ], [ 11.367692536091266, 44.453473258456157 ], [ 11.367903314075615, 44.453662884288214 ], [ 11.36797177647756, 44.453724437590104 ], [ 11.368087090245808, 44.453828132568844 ], [ 11.368320500749787, 44.454036553752459 ], [ 11.368581218604227, 44.454270605522851 ], [ 11.368654044270521, 44.454337451450741 ], [ 11.368778197386959, 44.454451423367409 ], [ 11.369003746565717, 44.4546580256768 ], [ 11.369202291120345, 44.454861947050304 ], [ 11.369295008226107, 44.454960312066888 ], [ 11.369345647132686, 44.455013699961157 ], [ 11.369362314774483, 44.455005026577673 ], [ 11.369431663871669, 44.45497347335759 ], [ 11.369531034650425, 44.454922517440004 ], [ 11.369584645387203, 44.454973862962035 ], [ 11.369798286144425, 44.45522586807683 ], [ 11.369866403096449, 44.455300220136337 ], [ 11.36993911139996, 44.455369066252011 ], [ 11.369717773765723, 44.455465803125897 ], [ 11.369808275093957, 44.455573972565389 ], [ 11.370015200021239, 44.455838846388765 ], [ 11.370231688129667, 44.456144303182498 ], [ 11.370415592296736, 44.456424139473675 ], [ 11.370438229659202, 44.456458914707959 ], [ 11.370553687506986, 44.4566497586206 ], [ 11.370674916197752, 44.456871667678222 ], [ 11.370777935674919, 44.457081855237384 ], [ 11.370803159483222, 44.457133312569269 ], [ 11.370958147198596, 44.45747803626373 ], [ 11.371059079354803, 44.457726023929382 ], [ 11.371181492168763, 44.458042255367147 ], [ 11.371317265584068, 44.458393499423693 ], [ 11.371417000150391, 44.458652494820555 ], [ 11.371499524404671, 44.458868274938311 ], [ 11.371626995352401, 44.45918605724416 ], [ 11.371630346894726, 44.459208908302976 ], [ 11.371971682205658, 44.460093814586322 ], [ 11.372003289393692, 44.460175873955201 ], [ 11.372223624761734, 44.460746878275721 ], [ 11.372251705347425, 44.460819441062675 ], [ 11.372622786307426, 44.460812728267214 ], [ 11.372627649617762, 44.460870081939511 ], [ 11.372629902598677, 44.46092568033778 ], [ 11.372636086084317, 44.460977767041939 ], [ 11.372632101181949, 44.46097807493171 ], [ 11.372610235627899, 44.460981347215203 ], [ 11.372329934816893, 44.461024308548936 ], [ 11.372373853727483, 44.461138737454547 ], [ 11.372613904473441, 44.461769540752492 ], [ 11.372883997350096, 44.461726790912124 ], [ 11.373007841409075, 44.462068557889154 ], [ 11.37306350033834, 44.46222043644395 ], [ 11.37313008264039, 44.462215676310002 ], [ 11.373154455235138, 44.462274244842419 ], [ 11.373324326421857, 44.4622200734971 ], [ 11.373355173601237, 44.462257567274641 ], [ 11.373420178721137, 44.462220412313584 ], [ 11.373459921944784, 44.462154235947573 ], [ 11.373609389051593, 44.462120186151488 ], [ 11.373856828445804, 44.462022196807673 ], [ 11.373905419022551, 44.46200992406353 ], [ 11.374077876792203, 44.462288047646503 ], [ 11.374148795036263, 44.462397034909273 ], [ 11.374203674442496, 44.462454590626457 ], [ 11.374563686607789, 44.462686743237917 ], [ 11.374820361015887, 44.462881180944684 ], [ 11.374746847285198, 44.46290690932571 ], [ 11.374188238820794, 44.463081116065915 ], [ 11.373892923301238, 44.4631765637073 ], [ 11.37354326090894, 44.463298627025146 ], [ 11.37321482785085, 44.4633949145448 ], [ 11.373293543255018, 44.463611591626822 ], [ 11.373351201690857, 44.463599697761765 ], [ 11.373416472312345, 44.463775575318799 ], [ 11.373578047692694, 44.464227667418974 ], [ 11.373645162379987, 44.464417055428044 ], [ 11.373815390917834, 44.464897370482731 ], [ 11.37399893921736, 44.465421178976847 ], [ 11.374025801466798, 44.465497682750048 ], [ 11.374185442082563, 44.465952037751677 ], [ 11.374262853754555, 44.466172342240306 ], [ 11.374425172431033, 44.4666089420124 ], [ 11.3745215095588, 44.466868068046352 ], [ 11.374687909763075, 44.467312828893149 ], [ 11.374800566916715, 44.467613774413628 ], [ 11.374849634838101, 44.467744858000209 ], [ 11.374903228185953, 44.46788800994765 ], [ 11.37491487450845, 44.467919114758814 ], [ 11.374995287811512, 44.468133936660557 ], [ 11.375229686532442, 44.468767417098029 ], [ 11.375329687604488, 44.469047559249361 ], [ 11.375366867130396, 44.469151747079088 ], [ 11.375475972589108, 44.469470320847513 ], [ 11.375572611238843, 44.469779071008688 ], [ 11.375679427856237, 44.470121729158507 ], [ 11.37579986157937, 44.470561331996414 ], [ 11.375871045347276, 44.470824878359416 ], [ 11.375910754856319, 44.470986071877611 ], [ 11.375942681251829, 44.470984020976175 ], [ 11.376021061598998, 44.470976357821087 ], [ 11.376144375130863, 44.47096774131419 ], [ 11.376194974848211, 44.47096205170547 ], [ 11.376421510919831, 44.470936458888481 ], [ 11.377141756456428, 44.47085514043696 ], [ 11.377362784663879, 44.470841922003125 ], [ 11.377559087699014, 44.470840588412436 ], [ 11.380309189277046, 44.470528826900996 ], [ 11.380943375061319, 44.470463178947959 ], [ 11.381168226005016, 44.470434893060208 ], [ 11.3813485875711, 44.470396830726663 ], [ 11.382346296851912, 44.470110220023827 ], [ 11.382600473869923, 44.470034910816146 ], [ 11.383407806149791, 44.469772799166257 ], [ 11.383622643023303, 44.469705547157616 ], [ 11.384784780469756, 44.469348439116928 ], [ 11.385370370562681, 44.469171753243145 ], [ 11.385083395864012, 44.468163974312006 ], [ 11.384921057918598, 44.467478413973055 ], [ 11.384803356153276, 44.466854948145624 ], [ 11.384789477097396, 44.466696332925359 ], [ 11.38487821381726, 44.466676122744197 ], [ 11.384901404108865, 44.466631273360569 ], [ 11.384912812033644, 44.466599624896979 ], [ 11.384944399003334, 44.466554131942416 ], [ 11.384969796359348, 44.466535686119009 ], [ 11.385342354050593, 44.466381717279667 ], [ 11.385278398165612, 44.466181061981374 ], [ 11.385402920640576, 44.465997849467563 ], [ 11.385459855325893, 44.465935495937863 ], [ 11.385301450953541, 44.465877696245691 ], [ 11.3852164221123, 44.465825349213169 ], [ 11.385041924891476, 44.465671845496978 ], [ 11.384907420003707, 44.465482593839234 ], [ 11.384802562717033, 44.465362555950172 ], [ 11.384731645475911, 44.465297688186439 ], [ 11.38456616728838, 44.465185911503205 ], [ 11.38443699427059, 44.465127499978479 ], [ 11.384315925738925, 44.465088121612958 ], [ 11.384263771919843, 44.465064768829201 ], [ 11.384226744329048, 44.464993953381821 ], [ 11.384107034783701, 44.464928357792822 ], [ 11.384017845160542, 44.464893552832628 ], [ 11.383946289818548, 44.464812979329352 ], [ 11.383814005063185, 44.464677803732179 ], [ 11.383689942224557, 44.464565160897422 ], [ 11.383675485299563, 44.464509583523594 ], [ 11.383652724255446, 44.464429746439599 ], [ 11.38354112968605, 44.464323820115325 ], [ 11.383450094542015, 44.464243653033002 ], [ 11.383274093517125, 44.464112882572906 ], [ 11.383225322996276, 44.464052791004541 ], [ 11.383180005655026, 44.463957706161146 ], [ 11.383126180543773, 44.463773744995947 ], [ 11.383066074724985, 44.463554993752751 ], [ 11.383013940761325, 44.463292422347102 ], [ 11.382983231886726, 44.463197032453522 ], [ 11.382950228500269, 44.463105183465061 ], [ 11.382878285901242, 44.462954775018098 ], [ 11.382742516541127, 44.462734118964711 ], [ 11.382700474013834, 44.462480069284943 ], [ 11.382613651887524, 44.46226362190901 ], [ 11.382498098070259, 44.462000627389806 ], [ 11.382460306518425, 44.46191062468484 ], [ 11.382419781881721, 44.461813692971361 ], [ 11.382373024820254, 44.461743079941684 ], [ 11.382267446732028, 44.461664961898116 ], [ 11.382135302630406, 44.461533274364612 ], [ 11.381989829594501, 44.461433292961907 ], [ 11.3818723535394, 44.461362408852551 ], [ 11.381770633134531, 44.461319140029339 ], [ 11.381669976897689, 44.461302028541134 ], [ 11.381557008480646, 44.461248308087804 ], [ 11.381474502213706, 44.461220950891708 ], [ 11.381396107319951, 44.461190212906871 ], [ 11.381369081115674, 44.461179091301076 ], [ 11.381343426369741, 44.461166455646165 ], [ 11.381313399494237, 44.461151714550667 ], [ 11.381288962702063, 44.461139044473519 ], [ 11.381260733725986, 44.461123383602036 ], [ 11.38122857526761, 44.461101664902756 ], [ 11.381198530528538, 44.461086483020885 ], [ 11.381187516977587, 44.461072218534525 ], [ 11.38115737399098, 44.461039474572232 ], [ 11.3810577171063, 44.460956352463988 ], [ 11.381008519333431, 44.460928597249975 ], [ 11.380928634147503, 44.460892416430923 ], [ 11.380864320240452, 44.460862023573398 ], [ 11.380762391618839, 44.460828742098975 ], [ 11.380674942904056, 44.460774407506911 ], [ 11.38062256057807, 44.460743756675818 ], [ 11.380584906072583, 44.460698151414626 ], [ 11.380550754401414, 44.460654912804074 ], [ 11.380504386358934, 44.460604609804221 ], [ 11.380458625948927, 44.460568941384032 ], [ 11.380420971687098, 44.460523336062266 ], [ 11.380322754628978, 44.460455793830455 ], [ 11.380207172529801, 44.46038007010042 ], [ 11.380135159346537, 44.46032785295538 ], [ 11.380020668775133, 44.460278970108469 ], [ 11.379958866809957, 44.460226539954256 ], [ 11.379823753800709, 44.460131696331224 ], [ 11.379703011534932, 44.460054855305046 ], [ 11.379576243389156, 44.459997684461243 ], [ 11.379422124868514, 44.459949843125088 ], [ 11.379374731453339, 44.45993644478866 ], [ 11.37934277786988, 44.45994819304358 ], [ 11.37920808899516, 44.459997696944413 ], [ 11.379080864043251, 44.459940715122165 ], [ 11.378971238530557, 44.459891801845487 ], [ 11.378750974134819, 44.459845752185984 ], [ 11.378442145357651, 44.459843751719461 ], [ 11.378433321732643, 44.459839434250178 ], [ 11.378407677691685, 44.45982703177642 ], [ 11.378387195843027, 44.459817312557043 ], [ 11.378205778510431, 44.459730525815239 ], [ 11.377863003728971, 44.459531173210955 ], [ 11.377468066520164, 44.459420690570141 ], [ 11.37701420082711, 44.45934856046631 ], [ 11.376379361539197, 44.4592695099645 ], [ 11.376080200963257, 44.45917671740068 ], [ 11.375466708836017, 44.459120291209196 ], [ 11.375125328712036, 44.459051997581561 ], [ 11.374766549760018, 44.458903050239414 ], [ 11.374595493106655, 44.458794344088815 ], [ 11.374574196934729, 44.458780887003478 ] ] ] ] } },
{ "type": "Feature", "properties": { "codice_area_statistica": 43, "area_statistica": "SAN DONNINO", "cod_quar": 14, "quartiere": "San Donato - San Vitale", "cod_zona": "Q", "zona": "San Donato" }, "geometry": { "type": "MultiPolygon", "coordinates": [ [ [ [ 11.37330693565921, 44.509360436160108 ], [ 11.373470472464625, 44.509462039138668 ], [ 11.374726719599629, 44.510872265385153 ], [ 11.375807103325233, 44.510281058338116 ], [ 11.37581064727881, 44.510285088682892 ], [ 11.375819783319782, 44.510280089530262 ], [ 11.376110769773623, 44.510610973470463 ], [ 11.376617246595861, 44.511211933975076 ], [ 11.37695727552104, 44.51103018195348 ], [ 11.376960481786616, 44.511034017550941 ], [ 11.376969963790804, 44.511028949070422 ], [ 11.377528305272847, 44.51169636899558 ], [ 11.378557949161145, 44.512723269439149 ], [ 11.379402963153217, 44.511663809052024 ], [ 11.379474606278311, 44.51135533835415 ], [ 11.379493771019453, 44.511187528192906 ], [ 11.379489141138363, 44.511073710832179 ], [ 11.379482585310733, 44.510992470662821 ], [ 11.379403647394959, 44.510731416940089 ], [ 11.379307573645045, 44.510528838146058 ], [ 11.379254180010957, 44.510416035362951 ], [ 11.379186715467284, 44.510265697071603 ], [ 11.379152506428047, 44.510198963792121 ], [ 11.379129379571069, 44.510137968224662 ], [ 11.379125883139777, 44.510051975726242 ], [ 11.379143116827889, 44.509968005267211 ], [ 11.379191101700663, 44.509878464975124 ], [ 11.379542486779345, 44.509465331378493 ], [ 11.379765887236974, 44.509204881789202 ], [ 11.380137016368964, 44.509361851300845 ], [ 11.380763738109048, 44.509633999239796 ], [ 11.380878909732791, 44.509684010932027 ], [ 11.380934793032379, 44.509708278340817 ], [ 11.380962862484834, 44.509618799025709 ], [ 11.381012406511063, 44.509519367640564 ], [ 11.381067223059123, 44.509373643118586 ], [ 11.381131897915532, 44.509176227283916 ], [ 11.381174292312462, 44.509043365408367 ], [ 11.381178644983986, 44.509029770770738 ], [ 11.381228079301962, 44.508853549727 ], [ 11.381272359675858, 44.508643775596056 ], [ 11.381310740012207, 44.50845563164274 ], [ 11.381344403085853, 44.508216550557115 ], [ 11.381378188207622, 44.507829464783129 ], [ 11.381405120011333, 44.507381934702565 ], [ 11.381419270414415, 44.506932870720746 ], [ 11.381431109388432, 44.506571900006186 ], [ 11.381438022442484, 44.506445449810357 ], [ 11.381444555275523, 44.506290829517546 ], [ 11.381459393463487, 44.506120830620191 ], [ 11.38147585272521, 44.505975185845216 ], [ 11.381485683368288, 44.505901519823581 ], [ 11.381495247556062, 44.50583984177333 ], [ 11.381503290470953, 44.505778186457128 ], [ 11.381512971518827, 44.505719377784558 ], [ 11.381522147569083, 44.505666701390773 ], [ 11.381532878100318, 44.505608951128124 ], [ 11.381538350354921, 44.505585790393141 ], [ 11.381587590517027, 44.505466649424221 ], [ 11.381608376440997, 44.505367313570517 ], [ 11.381576840768096, 44.505363353199876 ], [ 11.381459620365863, 44.505348513828999 ], [ 11.381410432893681, 44.505342337932866 ], [ 11.381272603804426, 44.505324957458129 ], [ 11.381246679323917, 44.505321627155375 ], [ 11.381109276522128, 44.505302356054251 ], [ 11.380875533088167, 44.505261678554319 ], [ 11.380729864706911, 44.505230957079931 ], [ 11.380589242838168, 44.50520058930649 ], [ 11.380384823759329, 44.505154347832793 ], [ 11.380157823305264, 44.505094181734066 ], [ 11.379998156463065, 44.505046826379299 ], [ 11.379889145913356, 44.505017320088669 ], [ 11.379653319908426, 44.504944283262176 ], [ 11.379536435011262, 44.504897475807169 ], [ 11.379387676268349, 44.504843329339103 ], [ 11.37924909233474, 44.504785720676928 ], [ 11.379114125627726, 44.504733528021923 ], [ 11.378978551015365, 44.504672264285773 ], [ 11.378857165589229, 44.504613756562691 ], [ 11.378718379002986, 44.504548049165585 ], [ 11.37855751807883, 44.504468496482517 ], [ 11.378405068783971, 44.504385428358027 ], [ 11.378234277158306, 44.504284385940252 ], [ 11.378019363262915, 44.504162476222767 ], [ 11.377850018907729, 44.504050590991405 ], [ 11.377731912958016, 44.503970587637824 ], [ 11.377616628020158, 44.503882612145617 ], [ 11.377488776762537, 44.503788767512553 ], [ 11.377312080644382, 44.503641123348153 ], [ 11.377144652861665, 44.50349895751615 ], [ 11.377024920205736, 44.503381986740102 ], [ 11.376917763194989, 44.503268003907522 ], [ 11.376795552397322, 44.503139561198623 ], [ 11.376649217669277, 44.502962295545167 ], [ 11.376530336782169, 44.502813617460298 ], [ 11.376438685673644, 44.502691119007935 ], [ 11.376389731911999, 44.502607063847258 ], [ 11.376353278315376, 44.502552006794545 ], [ 11.376286436843538, 44.502449067467218 ], [ 11.376179645592787, 44.502260435998942 ], [ 11.376087472393001, 44.502078621181283 ], [ 11.376021144032091, 44.501941542264404 ], [ 11.37594619269778, 44.501747035332976 ], [ 11.375850581038401, 44.501489850329385 ], [ 11.375479491076385, 44.501600832763124 ], [ 11.375544047368505, 44.502093721477756 ], [ 11.375603053960642, 44.502554946542382 ], [ 11.375672356019905, 44.503087482693601 ], [ 11.375699151763316, 44.503344155435933 ], [ 11.37571228619823, 44.503611348401833 ], [ 11.375716360617847, 44.503801388848721 ], [ 11.375710353902903, 44.504192216312745 ], [ 11.375691717331206, 44.504454578893281 ], [ 11.375664154911414, 44.504692631236509 ], [ 11.375625332499762, 44.504969358859839 ], [ 11.375565308096395, 44.505275074826869 ], [ 11.375532928136794, 44.505408212432123 ], [ 11.375500526923997, 44.505541449496221 ], [ 11.375403344928269, 44.505877007885431 ], [ 11.375284356341655, 44.506221131245852 ], [ 11.375194085837245, 44.506445093856229 ], [ 11.375068904104134, 44.506739021492656 ], [ 11.37506563846712, 44.506745652308091 ], [ 11.374931651804475, 44.507017346594779 ], [ 11.374809666844774, 44.507238286647116 ], [ 11.374679396437211, 44.50746866256236 ], [ 11.374555100332383, 44.507663723025225 ], [ 11.374428971463319, 44.507850539112383 ], [ 11.374305635578009, 44.508029014604588 ], [ 11.374212761249096, 44.508155262711178 ], [ 11.374060168297964, 44.508347220104596 ], [ 11.373896690155266, 44.508544084991321 ], [ 11.373729118578602, 44.508735903299815 ], [ 11.373560191706932, 44.5089194671814 ], [ 11.373438758352526, 44.509045768317414 ], [ 11.373376006794112, 44.509111171273361 ], [ 11.373218515186446, 44.509260377175465 ], [ 11.373159938169932, 44.509314890147778 ], [ 11.373029869824997, 44.509441739465132 ], [ 11.372844225515241, 44.509603773575741 ], [ 11.372748496946977, 44.509690837632363 ], [ 11.372621092597871, 44.509797195290787 ], [ 11.372495155595564, 44.509899111053777 ], [ 11.372362900595904, 44.510003768723834 ], [ 11.372221399896723, 44.510113119658335 ], [ 11.372102890103033, 44.510205878076086 ], [ 11.371963822202712, 44.510313197570746 ], [ 11.371790660535456, 44.510445352147862 ], [ 11.371645307955122, 44.510558734518661 ], [ 11.371501263315437, 44.510670568097545 ], [ 11.371311332496511, 44.510817384390506 ], [ 11.371237250108416, 44.510874325062609 ], [ 11.37132681509598, 44.510976038962113 ], [ 11.371449187990779, 44.510881679672366 ], [ 11.371567173429661, 44.510788032579249 ], [ 11.371808357066394, 44.51059900925361 ], [ 11.372067015167813, 44.510400709760518 ], [ 11.372372159016289, 44.510166783728359 ], [ 11.372649847167141, 44.509947381516412 ], [ 11.372891009974055, 44.509739730017209 ], [ 11.373293745885325, 44.509360713087446 ], [ 11.373301515646096, 44.509365539116267 ], [ 11.37330693565921, 44.509360436160108 ] ] ] ] } },
{ "type": "Feature", "properties": { "codice_area_statistica": 45, "area_statistica": "CAAB", "cod_quar": 14, "quartiere": "San Donato - San Vitale", "cod_zona": "Q", "zona": "San Donato" }, "geometry": { "type": "MultiPolygon", "coordinates": [ [ [ [ 11.39318914052752, 44.516408467734593 ], [ 11.393178997774362, 44.516416460410447 ], [ 11.393734771564407, 44.516700966659229 ], [ 11.39579123463918, 44.517777893864171 ], [ 11.395901972354595, 44.517838920554311 ], [ 11.396012754831741, 44.517901953764735 ], [ 11.396637631497157, 44.518212378354782 ], [ 11.397074094685909, 44.51843738795489 ], [ 11.397571749526549, 44.518691485223968 ], [ 11.398638768656761, 44.519242873027707 ], [ 11.399033570517931, 44.519425844380407 ], [ 11.399402733919549, 44.519593265731778 ], [ 11.399570719130711, 44.51966838981329 ], [ 11.39988350320192, 44.519801245651351 ], [ 11.399985124834318, 44.51984201523009 ], [ 11.400082490086691, 44.519874429825315 ], [ 11.400242147276899, 44.519920154658379 ], [ 11.401187766262586, 44.520135458440343 ], [ 11.401336532005121, 44.520168726260557 ], [ 11.401439787566904, 44.520193795740248 ], [ 11.401624843308323, 44.520240226653257 ], [ 11.401761408887738, 44.520278512946987 ], [ 11.40190212607232, 44.520320447775205 ], [ 11.402072739249022, 44.520381009763469 ], [ 11.402168662565657, 44.520423904869077 ], [ 11.402240392471631, 44.520464752318794 ], [ 11.40336890813489, 44.521053773463343 ], [ 11.404553001534405, 44.521702388792868 ], [ 11.404697995500925, 44.521785425696422 ], [ 11.405190414886668, 44.522053580778532 ], [ 11.405387656341325, 44.522144536443989 ], [ 11.40541210983832, 44.522155811794285 ], [ 11.40542505604529, 44.522144021113398 ], [ 11.405700628274326, 44.522271037208824 ], [ 11.406317374031177, 44.522544268807067 ], [ 11.407296716460602, 44.522946673174332 ], [ 11.407821919263212, 44.523150914120912 ], [ 11.40832034174613, 44.523305075674571 ], [ 11.408875087634009, 44.523450401509123 ], [ 11.409383716442015, 44.523594139541615 ], [ 11.40969609872014, 44.523701488845333 ], [ 11.409910690492545, 44.523793012950335 ], [ 11.410307433235911, 44.524000731315972 ], [ 11.410556649328409, 44.524131200866925 ], [ 11.410538135184716, 44.52414164022008 ], [ 11.410668484873323, 44.524210596542304 ], [ 11.410987419914822, 44.524370839655845 ], [ 11.411101227245592, 44.524420173395363 ], [ 11.411194944434678, 44.524460514739879 ], [ 11.411578847331082, 44.524618465574576 ], [ 11.412028396527523, 44.524791484617118 ], [ 11.412055727372476, 44.524802001569853 ], [ 11.412066303554164, 44.524791208457856 ], [ 11.412151947795849, 44.524824168274058 ], [ 11.41271627399748, 44.525035669325035 ], [ 11.413466513087007, 44.525291423888767 ], [ 11.413726307210577, 44.525387346056753 ], [ 11.414360136402284, 44.52565956415922 ], [ 11.41445229747573, 44.525714369493983 ], [ 11.414478648158896, 44.525727530531327 ], [ 11.415052282927654, 44.5259878037281 ], [ 11.415596075693866, 44.526285637713109 ], [ 11.41571855497606, 44.526346810867402 ], [ 11.416080566819685, 44.526536799652838 ], [ 11.416464726919203, 44.526755040997742 ], [ 11.416511177193792, 44.526783959569819 ], [ 11.41655075061866, 44.52680899777539 ], [ 11.417042164182091, 44.52711246483895 ], [ 11.417197840878673, 44.527207139295854 ], [ 11.417460825615645, 44.527366693575054 ], [ 11.417670635512986, 44.527494481855506 ], [ 11.418567568535824, 44.528040629474731 ], [ 11.418693858592473, 44.528125461772262 ], [ 11.418964547481481, 44.528307325930527 ], [ 11.419170507421885, 44.528421240892193 ], [ 11.419323401715555, 44.528506025395735 ], [ 11.419513904845678, 44.528684832584339 ], [ 11.419526786101441, 44.528715774922802 ], [ 11.419578150897147, 44.528850438018118 ], [ 11.419624178005552, 44.528909590276477 ], [ 11.419704346249151, 44.529012620931965 ], [ 11.419801834030528, 44.529184390497306 ], [ 11.419908362973624, 44.529307786764235 ], [ 11.419968955031687, 44.529335184267005 ], [ 11.419975495781085, 44.52933752383781 ], [ 11.41998961382979, 44.529308736182024 ], [ 11.420035191456419, 44.529227197259971 ], [ 11.420076498641679, 44.529161053158894 ], [ 11.420113289617957, 44.52911652084029 ], [ 11.42014567689003, 44.529075052711526 ], [ 11.420186809995869, 44.529032048762645 ], [ 11.42022580546792, 44.52898909012216 ], [ 11.420249632098527, 44.5289505942552 ], [ 11.420262751793025, 44.528915206211735 ], [ 11.420265187020235, 44.528858258585792 ], [ 11.420265677108521, 44.528751937312059 ], [ 11.420267988315276, 44.528716598387767 ], [ 11.420285345615744, 44.528698135273515 ], [ 11.420311320050386, 44.528668956483862 ], [ 11.420332899482299, 44.528658236040513 ], [ 11.420367382542508, 44.528649132518659 ], [ 11.420399272299273, 44.528644667828935 ], [ 11.420403264712579, 44.528643392373198 ], [ 11.420457193362276, 44.528635549165287 ], [ 11.420525975612222, 44.528625145727553 ], [ 11.42056012168654, 44.528622217674574 ], [ 11.420574158776274, 44.528618901613896 ], [ 11.42061304536271, 44.528606733802839 ], [ 11.420647527348558, 44.528594569358582 ], [ 11.420690686394412, 44.528573137339059 ], [ 11.420718742114177, 44.528554708353468 ], [ 11.420766419296767, 44.528508684603025 ], [ 11.420803199156284, 44.528470283017555 ], [ 11.420853004992415, 44.528408819758766 ], [ 11.420907149896223, 44.528339702326328 ], [ 11.420920156913947, 44.528307377454759 ], [ 11.420920377309288, 44.528258038910117 ], [ 11.420911928860926, 44.528230310243849 ], [ 11.420888433582462, 44.528194798419136 ], [ 11.420847688583603, 44.528143897993992 ], [ 11.420794161513477, 44.528088236216448 ], [ 11.420736298729739, 44.528040309510295 ], [ 11.420689012163599, 44.528001611146664 ], [ 11.420626871748972, 44.527956745933849 ], [ 11.420562405785414, 44.527913460431748 ], [ 11.420510966755044, 44.527874769025821 ], [ 11.420463747561515, 44.527837689594676 ], [ 11.42043811244681, 44.527805193884838 ], [ 11.420423116554899, 44.527771302242854 ], [ 11.420421207520072, 44.527734342316819 ], [ 11.420423509198175, 44.527692701814004 ], [ 11.420430099071703, 44.527657362180101 ], [ 11.420443225277458, 44.5276157622244 ], [ 11.420458497426491, 44.527577357674588 ], [ 11.420499777682819, 44.527504831181318 ], [ 11.420579090610376, 44.527420506077796 ], [ 11.420688794607948, 44.527267837385814 ], [ 11.420837552914229, 44.527055463766438 ], [ 11.420902119506657, 44.526961818462084 ], [ 11.420987232002913, 44.526838308078176 ], [ 11.420998101822821, 44.526809080378044 ], [ 11.421002178970026, 44.526779924725183 ], [ 11.420989202140934, 44.526633818766541 ], [ 11.420970604405765, 44.526443179452009 ], [ 11.420956993822344, 44.526257484778142 ], [ 11.420947559286176, 44.526169820145164 ], [ 11.420947817688482, 44.526130203515763 ], [ 11.420952805115812, 44.526092647196698 ], [ 11.420976337680571, 44.526056507061192 ], [ 11.421000875717338, 44.526016996652579 ], [ 11.42102232907793, 44.525985041771513 ], [ 11.421056662407546, 44.525942001661114 ], [ 11.421114231545001, 44.525879653405987 ], [ 11.421269566897681, 44.52573195793002 ], [ 11.421340804089528, 44.525653565199704 ], [ 11.421389741221146, 44.525601572772146 ], [ 11.421434916931599, 44.525504377365955 ], [ 11.421529176122165, 44.52530712181342 ], [ 11.421581286752447, 44.525186282611386 ], [ 11.421593020539486, 44.525153624558605 ], [ 11.42159514420301, 44.525119549923325 ], [ 11.421598185157716, 44.524886598825731 ], [ 11.421577093435292, 44.524814935967221 ], [ 11.421524424636639, 44.52465544805748 ], [ 11.421445271364441, 44.52452794979758 ], [ 11.421383504099843, 44.524428251612278 ], [ 11.421334420162797, 44.524337016810328 ], [ 11.421308382921227, 44.524291755210072 ], [ 11.421285200864512, 44.524248584645996 ], [ 11.421280470906016, 44.52422554845878 ], [ 11.421287673296181, 44.524144282830072 ], [ 11.421293727200643, 44.524089959145762 ], [ 11.421305605572208, 44.524018587143296 ], [ 11.421416708212114, 44.524024332659387 ], [ 11.421514230088819, 44.524024244443567 ], [ 11.421583513720883, 44.52401080127553 ], [ 11.421832738574015, 44.523933394509605 ], [ 11.422035012271198, 44.523865094723448 ], [ 11.422390836067231, 44.523745552589645 ], [ 11.422705115211951, 44.523638054253951 ], [ 11.422875049209221, 44.523587724229976 ], [ 11.423012123927855, 44.523549164581546 ], [ 11.423666915674298, 44.523377890090181 ], [ 11.423844356698224, 44.523326859073514 ], [ 11.424167148708708, 44.523239341623217 ], [ 11.424455421488586, 44.523160289619803 ], [ 11.424686149504254, 44.523101283554489 ], [ 11.424988015916334, 44.523016278855501 ], [ 11.425238912221399, 44.522942970297407 ], [ 11.425299994162703, 44.522907822961159 ], [ 11.425336765156565, 44.522887245099739 ], [ 11.425372216755948, 44.522866419497149 ], [ 11.42540235226067, 44.522785317537959 ], [ 11.425334852670428, 44.522729021122387 ], [ 11.424687422909754, 44.521934914670581 ], [ 11.424491660114903, 44.521671976499398 ], [ 11.424467267955974, 44.521639095164318 ], [ 11.424444120752787, 44.521587696165703 ], [ 11.424416380943022, 44.521525690686374 ], [ 11.424316282051469, 44.521254931689974 ], [ 11.424274729360857, 44.521030759698512 ], [ 11.424289392163523, 44.520815521641985 ], [ 11.424318367394141, 44.520679868150012 ], [ 11.424401058582623, 44.520474429406086 ], [ 11.42468973627143, 44.520020988513004 ], [ 11.424730505677772, 44.519917295466747 ], [ 11.424738426456681, 44.519848914955581 ], [ 11.424725824128862, 44.519658940942826 ], [ 11.42472224729868, 44.519627327974334 ], [ 11.424736066908428, 44.519621650897889 ], [ 11.424758537029851, 44.519614272446688 ], [ 11.424680117364931, 44.519470087836808 ], [ 11.424680254418201, 44.519411048054664 ], [ 11.424690744358413, 44.519353606873359 ], [ 11.424707579260692, 44.519262827735517 ], [ 11.424755297705319, 44.519047764246473 ], [ 11.424759991507216, 44.519006930734662 ], [ 11.424750844209408, 44.518967947778314 ], [ 11.424711250869496, 44.518876947580004 ], [ 11.424541968066382, 44.518521340963524 ], [ 11.424427473425872, 44.518278359876142 ], [ 11.424396662220351, 44.5181929922759 ], [ 11.424303845646319, 44.517893587212008 ], [ 11.42401508454865, 44.516938744781967 ], [ 11.424008426021528, 44.51687984208538 ], [ 11.424010703147019, 44.516832850855373 ], [ 11.424015225010407, 44.51678883321069 ], [ 11.424041010272939, 44.516697387835009 ], [ 11.424073134701926, 44.516605797029456 ], [ 11.424086091596575, 44.516561594850458 ], [ 11.424092283491001, 44.516506941237743 ], [ 11.424079162837867, 44.51644516082105 ], [ 11.424050644832354, 44.516368598408697 ], [ 11.423981070846089, 44.516218779969662 ], [ 11.424057303441581, 44.516187337477113 ], [ 11.424595902235279, 44.516022532891228 ], [ 11.426194117384458, 44.515546248572413 ], [ 11.426589907190758, 44.515422637949825 ], [ 11.426968349864268, 44.515295638018657 ], [ 11.427015711626158, 44.515344361992533 ], [ 11.430584015310473, 44.514181770497459 ], [ 11.432605790860062, 44.513521559831425 ], [ 11.433714393752807, 44.513159766209789 ], [ 11.433681746362923, 44.513112073569985 ], [ 11.43351246466754, 44.512861369589999 ], [ 11.433213281916965, 44.512418196135421 ], [ 11.432884791111778, 44.511894065407553 ], [ 11.432594581706288, 44.511401752133345 ], [ 11.432464540503808, 44.511186778636457 ], [ 11.432203681513316, 44.510813680836506 ], [ 11.432015120200459, 44.510565545951223 ], [ 11.431768623795298, 44.510241178018148 ], [ 11.431734350905513, 44.510196670320859 ], [ 11.431229977287908, 44.509541477150258 ], [ 11.43045709457127, 44.508559246676946 ], [ 11.430454480559844, 44.508560220595498 ], [ 11.429292551818424, 44.508990744790246 ], [ 11.429359430794594, 44.509042202465515 ], [ 11.429390362897255, 44.509066022095467 ], [ 11.429513406688194, 44.509172064152231 ], [ 11.429635406704261, 44.509283250744581 ], [ 11.42980833357654, 44.509457370328434 ], [ 11.429886030489284, 44.509536910448091 ], [ 11.429955592144896, 44.509622304307136 ], [ 11.430130427016023, 44.509848318509412 ], [ 11.430168485726396, 44.509898282664224 ], [ 11.430219132979051, 44.50994842892333 ], [ 11.430261720696169, 44.509998386648739 ], [ 11.430300078442903, 44.510055537432144 ], [ 11.430326312875431, 44.510102512360788 ], [ 11.430358343616113, 44.51015575568529 ], [ 11.430387363672061, 44.510206182285408 ], [ 11.430412671202841, 44.510255067464442 ], [ 11.430433808285409, 44.510303501281349 ], [ 11.430460851263831, 44.510363863763466 ], [ 11.430483886602243, 44.51041558809689 ], [ 11.430502450537825, 44.510468397913819 ], [ 11.430519965630429, 44.5105265415663 ], [ 11.430537263025601, 44.510585500080744 ], [ 11.430553425840516, 44.510638352012151 ], [ 11.430562642824068, 44.510669394612925 ], [ 11.430570999214115, 44.510725122532222 ], [ 11.430586382788261, 44.510786462452444 ], [ 11.430599213520754, 44.510843895605603 ], [ 11.430606738706297, 44.510900811551835 ], [ 11.430618872877155, 44.510962670784743 ], [ 11.430627784868392, 44.511028730799381 ], [ 11.430631299088937, 44.511055753651306 ], [ 11.430635129706022, 44.511102485355238 ], [ 11.430634524115167, 44.511157503844743 ], [ 11.43063301680257, 44.511236218246921 ], [ 11.430633168456064, 44.51128221805876 ], [ 11.430631988993836, 44.511335538281827 ], [ 11.430622106498104, 44.511412531481774 ], [ 11.430619106663231, 44.511455357480394 ], [ 11.430611237157326, 44.511516922453389 ], [ 11.430599772459127, 44.511601250409463 ], [ 11.430586678918388, 44.511673639653331 ], [ 11.430574497533749, 44.511728634547907 ], [ 11.430561052324554, 44.511792568877389 ], [ 11.430542726786509, 44.511857138271857 ], [ 11.430525045154871, 44.511906938770757 ], [ 11.430503453930946, 44.511968615854038 ], [ 11.430478080376036, 44.512030103390991 ], [ 11.430447828294229, 44.512095295816422 ], [ 11.430419091935915, 44.512157305067866 ], [ 11.430394036279177, 44.512211313698735 ], [ 11.430371629419239, 44.51225338255999 ], [ 11.430343583799434, 44.512302053309185 ], [ 11.430310516316528, 44.512357033728698 ], [ 11.430278185474936, 44.512405525620785 ], [ 11.430255021315883, 44.512441488847031 ], [ 11.430226512380706, 44.512488098843804 ], [ 11.430192355692396, 44.512538069991386 ], [ 11.430131199959181, 44.512622555538073 ], [ 11.430085120490126, 44.512678992239771 ], [ 11.430051184441501, 44.512719145866896 ], [ 11.430009462804195, 44.512768737852362 ], [ 11.429964377008712, 44.512819121642046 ], [ 11.429920364929957, 44.512865071307338 ], [ 11.429883360853346, 44.512907090704161 ], [ 11.429840275748109, 44.512951130069943 ], [ 11.429799713002248, 44.512989264069766 ], [ 11.429760180576812, 44.513024945435049 ], [ 11.42972178309831, 44.513057361710345 ], [ 11.429675095767337, 44.513099497127939 ], [ 11.429645360117229, 44.513125697298655 ], [ 11.429604619946744, 44.513156542939512 ], [ 11.429557717888191, 44.51319049055877 ], [ 11.429513454150889, 44.513221321137941 ], [ 11.429467319749122, 44.513252551616141 ], [ 11.429409062056569, 44.513291782288867 ], [ 11.429350873906856, 44.513329661069186 ], [ 11.429308625882946, 44.513354506986282 ], [ 11.429267486737141, 44.513378789135828 ], [ 11.429209460032872, 44.513411172852628 ], [ 11.429161688330442, 44.513436316316707 ], [ 11.42909894175931, 44.513467450037268 ], [ 11.429011552165495, 44.513505049800038 ], [ 11.429006400094456, 44.513541529732798 ], [ 11.428998644656797, 44.513560780168646 ], [ 11.428973999396117, 44.513603517555893 ], [ 11.428946915156327, 44.513623899491598 ], [ 11.42891071089598, 44.513654918439798 ], [ 11.428870584940041, 44.513688451511655 ], [ 11.428836594711228, 44.513718252993904 ], [ 11.428739521742569, 44.513785947052327 ], [ 11.428632274812449, 44.513851336777506 ], [ 11.428535430981668, 44.513906692294043 ], [ 11.428486022033374, 44.513934841147837 ], [ 11.428417783590676, 44.51397311331899 ], [ 11.428320160307992, 44.514027584979416 ], [ 11.428273511600402, 44.514052524128829 ], [ 11.428213970092024, 44.51408511961219 ], [ 11.42814173347422, 44.51412104598063 ], [ 11.428045602947936, 44.514160280346829 ], [ 11.427984334623803, 44.514184630096423 ], [ 11.42793136291883, 44.514208803343841 ], [ 11.427882325166642, 44.514224700573813 ], [ 11.427825363040039, 44.514246708009445 ], [ 11.427773373134634, 44.514263928338977 ], [ 11.427710375640816, 44.514283003214629 ], [ 11.427630954200993, 44.514309539364838 ], [ 11.427588891047552, 44.514320696836876 ], [ 11.427535076220106, 44.514336695511545 ], [ 11.427455527594523, 44.514360173377788 ], [ 11.427373755945876, 44.514381627875316 ], [ 11.427295962047836, 44.514401917423655 ], [ 11.427236619659439, 44.51441812352342 ], [ 11.42717145121804, 44.514433103091804 ], [ 11.427134030291143, 44.514440920768998 ], [ 11.426818615667365, 44.514492738781897 ], [ 11.426665915614022, 44.514508948796944 ], [ 11.426529750527445, 44.514523096628167 ], [ 11.426233520373886, 44.514540016439426 ], [ 11.425941444993388, 44.514535790220783 ], [ 11.425623632048469, 44.514517436021194 ], [ 11.425282279160879, 44.514486968516252 ], [ 11.425038692804865, 44.514459653492871 ], [ 11.424655475872834, 44.514387221359172 ], [ 11.424500601384226, 44.514354059672236 ], [ 11.424084605712798, 44.514261805022834 ], [ 11.423965480921987, 44.514229044739459 ], [ 11.423706733560129, 44.514151634539857 ], [ 11.42341249641443, 44.514064885362131 ], [ 11.422716615923703, 44.513825263023811 ], [ 11.422005152596478, 44.513561660178752 ], [ 11.421262390430845, 44.513289804254818 ], [ 11.420145846776267, 44.512875085181271 ], [ 11.419465033726381, 44.512624941590687 ], [ 11.418898211524946, 44.512414249290075 ], [ 11.418157888463002, 44.512142861539516 ], [ 11.417646525650811, 44.511961767839729 ], [ 11.417404014625372, 44.5118658142557 ], [ 11.41675554209495, 44.511633514788272 ], [ 11.416307329004381, 44.511494920474007 ], [ 11.416160564338549, 44.51145068267482 ], [ 11.416070569892025, 44.511425399820055 ], [ 11.41600163986408, 44.511407503281198 ], [ 11.415627481878289, 44.511319103542675 ], [ 11.415040846542542, 44.51120098844099 ], [ 11.414942883855709, 44.511203592141797 ], [ 11.41375249079198, 44.51095043802637 ], [ 11.412352394165142, 44.510662227196825 ], [ 11.41230181109009, 44.510735820759415 ], [ 11.411953115525018, 44.510665128029508 ], [ 11.411647780533132, 44.510602799787371 ], [ 11.411309271968113, 44.510551497428047 ], [ 11.411029152155466, 44.510517875173292 ], [ 11.410730179862199, 44.510493247820058 ], [ 11.410419711890558, 44.510480898847376 ], [ 11.410109856073527, 44.510484002494664 ], [ 11.409687338291102, 44.510492931627631 ], [ 11.408963441389508, 44.510535731600839 ], [ 11.408688405607908, 44.510564690099493 ], [ 11.40853069074859, 44.510590056224409 ], [ 11.408363790266041, 44.510622412862823 ], [ 11.408079817455768, 44.51068945020625 ], [ 11.407930263880063, 44.510740084552452 ], [ 11.406396241296193, 44.511266611068613 ], [ 11.405240653106668, 44.51174706275517 ], [ 11.404154016479298, 44.512221072096679 ], [ 11.403118300231762, 44.512635302428706 ], [ 11.401254241230736, 44.513260335252866 ], [ 11.399326266427458, 44.513921565938126 ], [ 11.398591141659853, 44.514164113650729 ], [ 11.397812079747643, 44.51442119142461 ], [ 11.397577992348657, 44.514498434896737 ], [ 11.397410172572059, 44.514553886348914 ], [ 11.396587572639291, 44.514825220925459 ], [ 11.396577965872497, 44.514804500690857 ], [ 11.396539089242752, 44.514752381898354 ], [ 11.395477968753895, 44.51512785198328 ], [ 11.395450404974373, 44.515140520843474 ], [ 11.395434957397544, 44.515151648073875 ], [ 11.395404171181887, 44.515178095431132 ], [ 11.395378592755636, 44.515217100086439 ], [ 11.395240118625972, 44.515267845374865 ], [ 11.394389595469994, 44.515560464868244 ], [ 11.39431797862947, 44.515588731654702 ], [ 11.39429944459687, 44.515601615949429 ], [ 11.394282553917725, 44.515615609095846 ], [ 11.394267440454646, 44.515630600256323 ], [ 11.394254200356686, 44.515646479384273 ], [ 11.394242954547419, 44.515663126910837 ], [ 11.394226725769972, 44.515698190139275 ], [ 11.394221883342789, 44.515716350822849 ], [ 11.394219264895224, 44.515734743938665 ], [ 11.394218909986034, 44.515753413669934 ], [ 11.394220693659419, 44.515799406299116 ], [ 11.394033643922981, 44.515826970097692 ], [ 11.393674855018466, 44.51587469071152 ], [ 11.393629523435788, 44.515879962512102 ], [ 11.393595806318594, 44.515880039349838 ], [ 11.393568840909985, 44.515879074348355 ], [ 11.393543763497997, 44.515970282875621 ], [ 11.393613151021938, 44.516006755649563 ], [ 11.393686455171242, 44.516062357692704 ], [ 11.39316889470842, 44.516398540349009 ], [ 11.39318914052752, 44.516408467734593 ] ] ] ] } },
{ "type": "Feature", "properties": { "codice_area_statistica": 30, "area_statistica": "MARCONI-1", "cod_quar": 13, "quartiere": "Porto - Saragozza", "cod_zona": "M", "zona": "Marconi" }, "geometry": { "type": "MultiPolygon", "coordinates": [ [ [ [ 11.343782711423506, 44.499066609626247 ], [ 11.34322094303181, 44.499055077790246 ], [ 11.342774298176252, 44.499052442787182 ], [ 11.34234384854874, 44.499061276102218 ], [ 11.342295541211687, 44.498993622660521 ], [ 11.342248839725908, 44.498848298008767 ], [ 11.342080511404163, 44.498865822745159 ], [ 11.342008284089751, 44.498829043645387 ], [ 11.341897109070722, 44.498800940787703 ], [ 11.341367475577183, 44.498787057072505 ], [ 11.341215221293709, 44.498793555777247 ], [ 11.340556150752994, 44.4988650385855 ], [ 11.340332690682171, 44.498879747996661 ], [ 11.340166454410186, 44.498890475083151 ], [ 11.339942454174469, 44.498891690934542 ], [ 11.339836493451969, 44.49889611353268 ], [ 11.339339600232716, 44.498953569940596 ], [ 11.3391971088997, 44.498968310298444 ], [ 11.338936213068971, 44.498990536021772 ], [ 11.338655268084983, 44.49900304399354 ], [ 11.338503490177246, 44.499001661064192 ], [ 11.338188677806835, 44.498324489859471 ], [ 11.337919896358697, 44.497736967959874 ], [ 11.337890874434558, 44.497679612724966 ], [ 11.337763902754624, 44.497406662055802 ], [ 11.337623610118639, 44.497110064159038 ], [ 11.337541416461898, 44.496941832548707 ], [ 11.337347402584363, 44.49653282077179 ], [ 11.337254548805319, 44.496333856329606 ], [ 11.337016055068705, 44.495834612493276 ], [ 11.337133239808349, 44.495796761195997 ], [ 11.337330660363691, 44.49574038711404 ], [ 11.337691519195459, 44.495662669686197 ], [ 11.338547050311648, 44.495531479937348 ], [ 11.338600192119634, 44.495523630326133 ], [ 11.339002633980101, 44.495463620183017 ], [ 11.339705062120142, 44.49535693984555 ], [ 11.340355340297586, 44.495263144752137 ], [ 11.340559317970039, 44.495233080237973 ], [ 11.340982007322429, 44.495168704830093 ], [ 11.341066431936735, 44.49515683657151 ], [ 11.342438589525932, 44.494931747576494 ], [ 11.342586201694091, 44.494907895497121 ], [ 11.342726854414842, 44.495416454808051 ], [ 11.34275496778508, 44.495529535459099 ], [ 11.342770048459089, 44.495572546390122 ], [ 11.342977719113831, 44.496360493445032 ], [ 11.343031276315486, 44.496539436818047 ], [ 11.343169784950714, 44.496994591138751 ], [ 11.343184064799878, 44.497037060283319 ], [ 11.343354637605168, 44.497605204746606 ], [ 11.343604809089157, 44.498472733994106 ], [ 11.343782711423506, 44.499066609626247 ] ] ] ] } },
{ "type": "Feature", "properties": { "codice_area_statistica": 80, "area_statistica": "DUE MADONNE", "cod_quar": 16, "quartiere": "Savena", "cod_zona": "N", "zona": "Mazzini" }, "geometry": { "type": "MultiPolygon", "coordinates": [ [ [ [ 11.397579014229933, 44.475206214086114 ], [ 11.397716103947431, 44.475373195763446 ], [ 11.397941911604869, 44.475660118855146 ], [ 11.398331993920138, 44.476164829129672 ], [ 11.398705757466988, 44.476650093222659 ], [ 11.399010291087539, 44.477046604951433 ], [ 11.399318384449581, 44.477445498729303 ], [ 11.399767023202761, 44.478030536696856 ], [ 11.399882542934778, 44.478172842892846 ], [ 11.400381551561095, 44.478787581278617 ], [ 11.400810072889003, 44.479273757396001 ], [ 11.400841434673048, 44.479309342253707 ], [ 11.400926395377931, 44.479402712774743 ], [ 11.401267127183772, 44.479755199460037 ], [ 11.40141667438002, 44.479907771427271 ], [ 11.401646767829069, 44.480130336271529 ], [ 11.401968293524597, 44.480435015996008 ], [ 11.402386456018611, 44.480822933636475 ], [ 11.402764539999687, 44.481177267413464 ], [ 11.402372146268648, 44.481311409501807 ], [ 11.401404201637117, 44.481629636138308 ], [ 11.40089090218115, 44.481793378357679 ], [ 11.400247193174746, 44.482010635077096 ], [ 11.39952320443078, 44.482231961399108 ], [ 11.398907239928889, 44.482433917101496 ], [ 11.398242273480241, 44.482650465889897 ], [ 11.397107834517758, 44.483013664793802 ], [ 11.396089970551873, 44.483338899274642 ], [ 11.39552491021824, 44.483521762992474 ], [ 11.39484235803204, 44.48373018053951 ], [ 11.394709078249866, 44.483783769232261 ], [ 11.394682060697459, 44.483736928361616 ], [ 11.39341080812461, 44.481726743904019 ], [ 11.392986067911476, 44.481037740394989 ], [ 11.392903761393535, 44.480918623925497 ], [ 11.39271823904061, 44.480627839796739 ], [ 11.392259430880472, 44.479875287003622 ], [ 11.391213855215479, 44.478210692288464 ], [ 11.390874893067938, 44.477681921454312 ], [ 11.390737689600726, 44.47748904249756 ], [ 11.390671639300432, 44.477387490058852 ], [ 11.391576959765738, 44.477040138574438 ], [ 11.391986285160581, 44.476876114224034 ], [ 11.392478343753609, 44.476686875666012 ], [ 11.392588185268288, 44.476644061769157 ], [ 11.39261373491008, 44.476634523652457 ], [ 11.392677933612214, 44.476609546206717 ], [ 11.393459196060473, 44.476313961217059 ], [ 11.393775662690858, 44.476191623882769 ], [ 11.395834525256362, 44.475414106503024 ], [ 11.396211611814108, 44.475270594331739 ], [ 11.396415352743016, 44.475197231359033 ], [ 11.396836257586102, 44.47504150795983 ], [ 11.397318433430289, 44.474866527064336 ], [ 11.397579014229933, 44.475206214086114 ] ] ] ] } },
{ "type": "Feature", "properties": { "codice_area_statistica": 61, "area_statistica": "IRNERIO-2", "cod_quar": 15, "quartiere": "Santo Stefano", "cod_zona": "H", "zona": "Irnerio" }, "geometry": { "type": "MultiPolygon", "coordinates": [ [ [ [ 11.356510338653724, 44.498856828316704 ], [ 11.35639204592233, 44.499788750245315 ], [ 11.356380788571368, 44.499977604592047 ], [ 11.356271208824445, 44.500769671444949 ], [ 11.356239568464662, 44.500947486206123 ], [ 11.356319967821475, 44.500993234200578 ], [ 11.357314790060819, 44.501522085974493 ], [ 11.357891472314476, 44.501813256331367 ], [ 11.358021097922681, 44.501884615919607 ], [ 11.358517443750671, 44.502139613742521 ], [ 11.357400628035961, 44.502584345424992 ], [ 11.354711926768605, 44.50365732764584 ], [ 11.353756235237128, 44.50404047120481 ], [ 11.353690816377418, 44.5040716005863 ], [ 11.353673521948362, 44.504077601787316 ], [ 11.353605602368164, 44.504103174079809 ], [ 11.353578707614304, 44.504108499956814 ], [ 11.353288602093539, 44.504226481913427 ], [ 11.35305240632562, 44.504315254868182 ], [ 11.352897307841193, 44.504371747057455 ], [ 11.352668653775085, 44.504447580117848 ], [ 11.352498255184914, 44.504502136453091 ], [ 11.352321038890347, 44.504552961919636 ], [ 11.352166792982905, 44.504595346523217 ], [ 11.351973540352137, 44.504648446439347 ], [ 11.351681168068389, 44.504725860412137 ], [ 11.351487868622433, 44.504764682393301 ], [ 11.351327142556487, 44.504793920557788 ], [ 11.351181096273802, 44.50481907506061 ], [ 11.351022163326377, 44.50484567411997 ], [ 11.350839679936184, 44.50487193871983 ], [ 11.350618857900907, 44.504903016647539 ], [ 11.35042931705563, 44.504931163412728 ], [ 11.35019077273583, 44.504961381066245 ], [ 11.35015551505286, 44.504965852019431 ], [ 11.349491739841183, 44.505105776810652 ], [ 11.349013462913751, 44.505202764576026 ], [ 11.34829662063799, 44.505342388004692 ], [ 11.348035062020291, 44.505390701616363 ], [ 11.347758056266988, 44.505441871051723 ], [ 11.347391781569414, 44.505505858673104 ], [ 11.347304048747132, 44.505520266337733 ], [ 11.346943645284396, 44.505579801554426 ], [ 11.346617950922095, 44.505635930361059 ], [ 11.34625634075279, 44.505693957774582 ], [ 11.345970381218688, 44.505740265460425 ], [ 11.345898923220957, 44.50575271711444 ], [ 11.345742815758898, 44.505781195304877 ], [ 11.34573120294254, 44.505740715316549 ], [ 11.345455778368494, 44.504830516240467 ], [ 11.345435871093251, 44.504772984721122 ], [ 11.345413112257557, 44.504707400470416 ], [ 11.345240325038143, 44.504114620152208 ], [ 11.345227200373333, 44.504051799772206 ], [ 11.345198636625364, 44.503947173543708 ], [ 11.345168987774493, 44.503835250507876 ], [ 11.345144050114422, 44.503742928304121 ], [ 11.3450443450406, 44.503393885270995 ], [ 11.344876365863531, 44.502773367609748 ], [ 11.344686741197895, 44.502119588600735 ], [ 11.344644542898907, 44.501974478595997 ], [ 11.344599198684788, 44.501817414749453 ], [ 11.344519112449005, 44.50156533104861 ], [ 11.344476470836472, 44.50143267163309 ], [ 11.344402630787831, 44.501202380822519 ], [ 11.344272380915864, 44.500750119567762 ], [ 11.344040579125179, 44.499961050453699 ], [ 11.343782711423506, 44.499066609626247 ], [ 11.343872688051535, 44.499075448263113 ], [ 11.343987167305373, 44.499087726832272 ], [ 11.344108406992197, 44.499091989207045 ], [ 11.344176163905637, 44.499095657266437 ], [ 11.344357025429352, 44.499077313884506 ], [ 11.344831143177451, 44.499000614811209 ], [ 11.34535085419353, 44.498904404714636 ], [ 11.345778597565296, 44.498808398681057 ], [ 11.346364772379671, 44.498585916378993 ], [ 11.346448253496062, 44.498550440765179 ], [ 11.346569348526964, 44.498511941248744 ], [ 11.346750344638991, 44.498477269628971 ], [ 11.346981027771486, 44.49838812786151 ], [ 11.347018745779019, 44.498348524253707 ], [ 11.347209872279159, 44.498252885215052 ], [ 11.3476747315192, 44.498034186956041 ], [ 11.348025511604355, 44.497852376253384 ], [ 11.348264376085991, 44.497712424091659 ], [ 11.348362753233335, 44.497636687195303 ], [ 11.348458845473941, 44.497563256868055 ], [ 11.348525631402662, 44.497523054744178 ], [ 11.348765329178198, 44.497302448275107 ], [ 11.349067265573565, 44.497052814602419 ], [ 11.349362111782796, 44.496878479587885 ], [ 11.349495260735884, 44.49680828286489 ], [ 11.349730838848355, 44.496684086753824 ], [ 11.349857512347132, 44.496608333265982 ], [ 11.350060067040033, 44.496447716621987 ], [ 11.350090626219409, 44.496423482731778 ], [ 11.350396522894021, 44.496171864439262 ], [ 11.350193953208244, 44.496099522197035 ], [ 11.350343430796823, 44.495946209563463 ], [ 11.350563124137096, 44.496033395302668 ], [ 11.350634166374078, 44.495962729583859 ], [ 11.35079756742493, 44.495803503027709 ], [ 11.350820024229092, 44.495775474658984 ], [ 11.351388709798906, 44.495236552769931 ], [ 11.351873054272952, 44.494789949692979 ], [ 11.351937133669701, 44.49472167725127 ], [ 11.3520503002695, 44.494271476064178 ], [ 11.352035478337749, 44.494190650174382 ], [ 11.351942124533569, 44.494113314867739 ], [ 11.351900178824156, 44.493939114834092 ], [ 11.351877575810674, 44.493808034761003 ], [ 11.351818152491958, 44.493561696961663 ], [ 11.351784902964232, 44.493458294088335 ], [ 11.35173925651406, 44.493202669817869 ], [ 11.351760783414292, 44.493014864523182 ], [ 11.351727488430489, 44.492832122774345 ], [ 11.351691064911503, 44.492649454464818 ], [ 11.351642819030507, 44.492462717449762 ], [ 11.351606206751111, 44.492348850756159 ], [ 11.35161650390196, 44.492315293050517 ], [ 11.351642739175789, 44.492249276777144 ], [ 11.352046859183087, 44.492095217024435 ], [ 11.352698465320687, 44.49184041193913 ], [ 11.353744027202069, 44.491413732715017 ], [ 11.353949774030335, 44.491335317888243 ], [ 11.354004092079265, 44.491314653168274 ], [ 11.354021954083834, 44.491307847976856 ], [ 11.354142915670272, 44.491266525333657 ], [ 11.354651567393196, 44.491073254921375 ], [ 11.355098586771636, 44.490911466476675 ], [ 11.355693190304731, 44.490679993635595 ], [ 11.355921240599219, 44.490591212138369 ], [ 11.355952158166938, 44.490578195491558 ], [ 11.356788024428218, 44.490254286234922 ], [ 11.356999054612794, 44.490185776700464 ], [ 11.35708717365851, 44.490205923528087 ], [ 11.357407922568258, 44.490181114878503 ], [ 11.35751887600396, 44.490188033143212 ], [ 11.357466138654976, 44.490450998564882 ], [ 11.357452651104307, 44.490571938792876 ], [ 11.357288823125417, 44.492070048513824 ], [ 11.357091712184593, 44.493766100542473 ], [ 11.357082208300296, 44.493927244973797 ], [ 11.35707300006122, 44.494032063134426 ], [ 11.357060248434928, 44.494276152398633 ], [ 11.356969467687755, 44.49481396858291 ], [ 11.356784217288915, 44.49650070892487 ], [ 11.356603195866853, 44.498159327226183 ], [ 11.356655293746641, 44.498363087345076 ], [ 11.356572083918079, 44.498598332024237 ], [ 11.356530996082789, 44.498657471923934 ], [ 11.356510338653724, 44.498856828316704 ] ] ] ] } },
{ "type": "Feature", "properties": { "codice_area_statistica": 83, "area_statistica": "BITONE", "cod_quar": 16, "quartiere": "Savena", "cod_zona": "N", "zona": "Mazzini" }, "geometry": { "type": "MultiPolygon", "coordinates": [ [ [ [ 11.385437821654886, 44.482788294161281 ], [ 11.384434165285114, 44.482879861520111 ], [ 11.384261746769306, 44.482901423081955 ], [ 11.384123629105598, 44.482919495198779 ], [ 11.383989766784063, 44.482941394407142 ], [ 11.383869055579126, 44.482983913843078 ], [ 11.383735920509288, 44.482814411404071 ], [ 11.383646499774908, 44.482690656450977 ], [ 11.383499141855649, 44.482463077889868 ], [ 11.383463348450539, 44.48239165144355 ], [ 11.383041733259812, 44.481548466175809 ], [ 11.382895595661626, 44.48125963465511 ], [ 11.382765898727758, 44.481034819328329 ], [ 11.382353968278169, 44.480628181228695 ], [ 11.382289846433491, 44.480570948528069 ], [ 11.382172495280315, 44.480456237702889 ], [ 11.381968466410184, 44.480254992955892 ], [ 11.381630396206623, 44.479924026245179 ], [ 11.381381226462034, 44.47966803214171 ], [ 11.381251522139246, 44.479513246408793 ], [ 11.381067141498912, 44.479286058773944 ], [ 11.380977528883385, 44.47918203035416 ], [ 11.380908054322559, 44.479090518575781 ], [ 11.380820915377786, 44.478968775333726 ], [ 11.380695156168734, 44.478786637791437 ], [ 11.380644014349928, 44.478708382448325 ], [ 11.38058491899357, 44.478629959851702 ], [ 11.380396567972113, 44.478349855586046 ], [ 11.380237256753723, 44.4781171563545 ], [ 11.380026280587808, 44.477806869356854 ], [ 11.379930542343111, 44.477666822357271 ], [ 11.379765297375574, 44.477425090504056 ], [ 11.379739581358942, 44.477388238800394 ], [ 11.379533437527344, 44.477092758424298 ], [ 11.379503348376236, 44.477047922489142 ], [ 11.379302929548718, 44.476758354086648 ], [ 11.378978667003043, 44.476314576976634 ], [ 11.378703160009218, 44.475950365273171 ], [ 11.378349798850337, 44.475412530271157 ], [ 11.378520944373278, 44.475328580101355 ], [ 11.37918944817174, 44.475072767008825 ], [ 11.380080829324379, 44.474732441111016 ], [ 11.380594135128415, 44.474531521492665 ], [ 11.381133141581683, 44.474327929851242 ], [ 11.382107305403306, 44.473952038490864 ], [ 11.382473132803765, 44.473812713790551 ], [ 11.382907816432292, 44.473648255718913 ], [ 11.383353555095503, 44.473471897795712 ], [ 11.383733373169235, 44.473329864241173 ], [ 11.38433643899903, 44.473097182701203 ], [ 11.384822791274123, 44.472909689734884 ], [ 11.38571366072199, 44.472571058937277 ], [ 11.386547057856923, 44.47225421170311 ], [ 11.386857645099523, 44.472136787805333 ], [ 11.387030117280316, 44.472355941932442 ], [ 11.387427693962399, 44.472907319688346 ], [ 11.387746558008834, 44.473342813449598 ], [ 11.388019927525582, 44.473717671193562 ], [ 11.388055935058475, 44.473765694046342 ], [ 11.388371156518764, 44.474194879353874 ], [ 11.388466419949038, 44.474328798485359 ], [ 11.388885457098308, 44.474896997946004 ], [ 11.388963699781078, 44.475010926955292 ], [ 11.38931437891773, 44.475490907414304 ], [ 11.389735228183698, 44.47607966366855 ], [ 11.390171822883266, 44.476662741082158 ], [ 11.390614716711561, 44.477272674647651 ], [ 11.390640761836444, 44.47731187568268 ], [ 11.390656132758, 44.477348023312125 ], [ 11.390671639300432, 44.477387490058852 ], [ 11.390655147630039, 44.477397468223678 ], [ 11.39022457334335, 44.477558619762995 ], [ 11.389321617397947, 44.477899294092623 ], [ 11.389108968828502, 44.477980365981686 ], [ 11.388579588032542, 44.478175313363664 ], [ 11.388382809000177, 44.478247526370652 ], [ 11.388041965101467, 44.478374202798705 ], [ 11.387009643730819, 44.4787607504975 ], [ 11.385733704490796, 44.479235123500217 ], [ 11.386085387279987, 44.479967579497995 ], [ 11.386995544103655, 44.481851286041035 ], [ 11.387076899844175, 44.48192547669035 ], [ 11.387075254770041, 44.481942174895629 ], [ 11.387429226980057, 44.48267534377883 ], [ 11.38649119311296, 44.482732094118624 ], [ 11.38609649159546, 44.482755937661466 ], [ 11.386065370906532, 44.482755075730765 ], [ 11.385437821654886, 44.482788294161281 ] ] ] ] } },
{ "type": "Feature", "properties": { "codice_area_statistica": 84, "area_statistica": "CAVEDONE", "cod_quar": 16, "quartiere": "Savena", "cod_zona": "N", "zona": "Mazzini" }, "geometry": { "type": "MultiPolygon", "coordinates": [ [ [ [ 11.385801816239889, 44.470676219853488 ], [ 11.385909357344371, 44.470835893135636 ], [ 11.386230746395965, 44.47128393316153 ], [ 11.386699571567918, 44.471911813764486 ], [ 11.386857645099523, 44.472136787805333 ], [ 11.386547057856923, 44.47225421170311 ], [ 11.38571366072199, 44.472571058937277 ], [ 11.384822791274123, 44.472909689734884 ], [ 11.38433643899903, 44.473097182701203 ], [ 11.383733373169235, 44.473329864241173 ], [ 11.383353555095503, 44.473471897795712 ], [ 11.382907816432292, 44.473648255718913 ], [ 11.382473132803765, 44.473812713790551 ], [ 11.382107305403306, 44.473952038490864 ], [ 11.381133141581683, 44.474327929851242 ], [ 11.380594135128415, 44.474531521492665 ], [ 11.380080829324379, 44.474732441111016 ], [ 11.37918944817174, 44.475072767008825 ], [ 11.378520944373278, 44.475328580101355 ], [ 11.378349798850337, 44.475412530271157 ], [ 11.378133602442103, 44.475482258344925 ], [ 11.376978336823917, 44.475947816756232 ], [ 11.376809233800197, 44.476015904502411 ], [ 11.376500253276497, 44.476140451623721 ], [ 11.376478606403257, 44.476148932601696 ], [ 11.376483576571999, 44.476033532773691 ], [ 11.37648838849177, 44.475850454654669 ], [ 11.376493992143299, 44.475511317891076 ], [ 11.376480950798591, 44.474992013006393 ], [ 11.376469284660661, 44.474655495383537 ], [ 11.376431987451189, 44.474083480979573 ], [ 11.376417899636692, 44.473885167736896 ], [ 11.376405714076951, 44.473783241817131 ], [ 11.376370971435081, 44.47342273543314 ], [ 11.376324824445764, 44.473078302012539 ], [ 11.37625222688726, 44.472577539696239 ], [ 11.376208299666345, 44.472287741828509 ], [ 11.37614001218197, 44.471942328730471 ], [ 11.37601083839094, 44.471305535023525 ], [ 11.375942681251829, 44.470984020976175 ], [ 11.376021061598998, 44.470976357821087 ], [ 11.376144375130863, 44.47096774131419 ], [ 11.376194974848211, 44.47096205170547 ], [ 11.376421510919831, 44.470936458888481 ], [ 11.377141756456428, 44.47085514043696 ], [ 11.377362784663879, 44.470841922003125 ], [ 11.377559087699014, 44.470840588412436 ], [ 11.380309189277046, 44.470528826900996 ], [ 11.380943375061319, 44.470463178947959 ], [ 11.381168226005016, 44.470434893060208 ], [ 11.3813485875711, 44.470396830726663 ], [ 11.382346296851912, 44.470110220023827 ], [ 11.382600473869923, 44.470034910816146 ], [ 11.383407806149791, 44.469772799166257 ], [ 11.383622643023303, 44.469705547157616 ], [ 11.384784780469756, 44.469348439116928 ], [ 11.385370370562681, 44.469171753243145 ], [ 11.385418782405834, 44.469344735095746 ], [ 11.38563908855396, 44.470310018573777 ], [ 11.385685981767596, 44.470446004281897 ], [ 11.385731229843799, 44.470541314544846 ], [ 11.385801816239889, 44.470676219853488 ] ] ] ] } },
{ "type": "Feature", "properties": { "codice_area_statistica": 9, "area_statistica": "TRIUMVIRATO-PIETRA", "cod_quar": 11, "quartiere": "Borgo Panigale - Reno", "cod_zona": "C", "zona": "Borgo Panigale" }, "geometry": { "type": "MultiPolygon", "coordinates": [ [ [ [ 11.296990350018916, 44.516625669509267 ], [ 11.296538336931389, 44.516749150410668 ], [ 11.296292218069622, 44.516802760334286 ], [ 11.296144958650611, 44.51683363038228 ], [ 11.296016037736631, 44.516857289450776 ], [ 11.295904375829581, 44.516887893332694 ], [ 11.295328319820358, 44.517043707626847 ], [ 11.2951935970483, 44.517067032295806 ], [ 11.295001700175908, 44.517101589129517 ], [ 11.294767938382359, 44.517137356329897 ], [ 11.294443114583709, 44.517180435933632 ], [ 11.294168827651614, 44.517215657041092 ], [ 11.293902357809353, 44.517241996927069 ], [ 11.293581418244317, 44.51726834128818 ], [ 11.293369785036541, 44.517281280653194 ], [ 11.293302755405724, 44.517285382038047 ], [ 11.293042567327136, 44.51729835095253 ], [ 11.292721477178004, 44.517305160363058 ], [ 11.292552257315805, 44.517308747945933 ], [ 11.292406645344522, 44.517311131991079 ], [ 11.292161866603289, 44.517309565407693 ], [ 11.29188557579092, 44.517303688563075 ], [ 11.29168541824243, 44.517294833274136 ], [ 11.291405699379771, 44.517278221013051 ], [ 11.291255545674867, 44.517267460989501 ], [ 11.290966522014891, 44.517244903667169 ], [ 11.290819084189666, 44.517229596286441 ], [ 11.290539691966705, 44.51719883232311 ], [ 11.290275124598626, 44.517161387432338 ], [ 11.290144497615961, 44.517141591724695 ], [ 11.289910901585499, 44.517104604954994 ], [ 11.289645453089319, 44.517057174432267 ], [ 11.289351309805447, 44.517000244894234 ], [ 11.289146397629263, 44.516953489692582 ], [ 11.28876852251312, 44.516862587542995 ], [ 11.288289733880323, 44.516730134637399 ], [ 11.287998368017396, 44.516640907757434 ], [ 11.287725811078197, 44.516549043550668 ], [ 11.287546899825333, 44.51647343333488 ], [ 11.287448048136877, 44.516429591128457 ], [ 11.287278773360335, 44.516341705955845 ], [ 11.287055622207761, 44.516253189445763 ], [ 11.287017372342438, 44.516237120967325 ], [ 11.286875623377338, 44.51617739290235 ], [ 11.286676526424783, 44.51609262497184 ], [ 11.286475860253585, 44.515996355840301 ], [ 11.286348773159679, 44.515935082090785 ], [ 11.286143695805881, 44.515829267978184 ], [ 11.285939516248316, 44.515720653724465 ], [ 11.28572684399669, 44.515600766893812 ], [ 11.285498811665034, 44.515461300525018 ], [ 11.285218723970504, 44.515284074726623 ], [ 11.284911219945979, 44.515081379586235 ], [ 11.284620703902208, 44.514881584549656 ], [ 11.284463814070824, 44.514753025794917 ], [ 11.284254519955644, 44.514571320003007 ], [ 11.284136931501171, 44.51447608508311 ], [ 11.284012951940486, 44.514378277143379 ], [ 11.283916118016421, 44.514303485680173 ], [ 11.283882075398999, 44.514275574619361 ], [ 11.283826868143541, 44.514230225885456 ], [ 11.28340338900253, 44.513921734995222 ], [ 11.283077557089316, 44.513703646971258 ], [ 11.282889343690526, 44.513584706042664 ], [ 11.282514438057046, 44.513305173965385 ], [ 11.282349139501683, 44.513184009455458 ], [ 11.282146409070938, 44.513035396988265 ], [ 11.281652427503088, 44.512673708382287 ], [ 11.281306568583663, 44.512420203313795 ], [ 11.281001497289923, 44.512194312307244 ], [ 11.280683829200351, 44.511947651145277 ], [ 11.280659249899314, 44.51195260747766 ], [ 11.280493981422932, 44.511828144707579 ], [ 11.28027995437176, 44.511655780715969 ], [ 11.280072007786009, 44.511475093530137 ], [ 11.27979641333082, 44.511218604943785 ], [ 11.279595471718965, 44.511026154661785 ], [ 11.279351470032038, 44.510790568244936 ], [ 11.279158471913798, 44.510600101182739 ], [ 11.278947451808239, 44.510395895543283 ], [ 11.278783340679961, 44.510225395014196 ], [ 11.27875576504384, 44.510196399036268 ], [ 11.278488488804225, 44.509945790913584 ], [ 11.278072729620293, 44.509504572031865 ], [ 11.278083109170192, 44.509491023088117 ], [ 11.278013360744504, 44.50941192295533 ], [ 11.277983523418506, 44.50937587789209 ], [ 11.277904988500556, 44.50928082041527 ], [ 11.277915686301863, 44.509275115379019 ], [ 11.277944968483943, 44.509261405318 ], [ 11.278512033871328, 44.508980911426569 ], [ 11.278890216130415, 44.508797119076689 ], [ 11.279201038691051, 44.508652031044967 ], [ 11.280152640105412, 44.50824019148704 ], [ 11.28048261759149, 44.508097382115338 ], [ 11.281258399569603, 44.507797022363334 ], [ 11.281787628809834, 44.507609940741226 ], [ 11.282142000465059, 44.507488290151201 ], [ 11.282423721679237, 44.507395062757332 ], [ 11.282485014213858, 44.507374787819337 ], [ 11.282888868553739, 44.507249129656849 ], [ 11.28323975509787, 44.507146909885279 ], [ 11.283588819114735, 44.507039287936152 ], [ 11.285141903442462, 44.506573168924852 ], [ 11.287520267054886, 44.505861720890763 ], [ 11.289896975062836, 44.505150265431695 ], [ 11.289940294739745, 44.505137278990084 ], [ 11.289965427295991, 44.505158101938434 ], [ 11.289997422606682, 44.505239473580808 ], [ 11.290177316499392, 44.505586326010672 ], [ 11.290258944975591, 44.505735247443155 ], [ 11.290376611775113, 44.505949893771152 ], [ 11.290571965649514, 44.506333525963733 ], [ 11.290657649240837, 44.506501766274127 ], [ 11.290760927788037, 44.506704223325436 ], [ 11.290766486882964, 44.506715103914495 ], [ 11.290891491606482, 44.506960238186331 ], [ 11.291155702841976, 44.507484088935755 ], [ 11.291825225224066, 44.508747898331265 ], [ 11.291980518353258, 44.509028262481436 ], [ 11.292544017585744, 44.510089927689386 ], [ 11.29257220048278, 44.510143215070883 ], [ 11.292579075846408, 44.510156202740085 ], [ 11.292605991392733, 44.510207327940385 ], [ 11.292763772156263, 44.510506006239176 ], [ 11.292913597840336, 44.510650278986624 ], [ 11.293102805862414, 44.510832462488956 ], [ 11.293288189080902, 44.511318280104874 ], [ 11.293343850244353, 44.511738383044261 ], [ 11.293420493762477, 44.51231677063813 ], [ 11.29424718246381, 44.513601417039972 ], [ 11.294248401710467, 44.513603310082331 ], [ 11.295425690165295, 44.514753802724037 ], [ 11.295717994149127, 44.515039508728321 ], [ 11.29588065183415, 44.515141288386992 ], [ 11.296885885332186, 44.51552714533787 ], [ 11.297873000420845, 44.516422732013901 ], [ 11.297424881387352, 44.516546921268421 ], [ 11.297401407684438, 44.51651600175714 ], [ 11.296990350018916, 44.516625669509267 ] ] ] ] } },
{ "type": "Feature", "properties": { "codice_area_statistica": 18, "area_statistica": "SAN SAVINO", "cod_quar": 12, "quartiere": "Navile", "cod_zona": "E", "zona": "Corticella" }, "geometry": { "type": "MultiPolygon", "coordinates": [ [ [ [ 11.352434791907509, 44.551625354817176 ], [ 11.35264398316173, 44.552041821676404 ], [ 11.352885471026458, 44.552542108251245 ], [ 11.3530426540547, 44.552867580379548 ], [ 11.353179866798548, 44.553151142278544 ], [ 11.353208014591685, 44.553205813094131 ], [ 11.353269505285152, 44.553326868793363 ], [ 11.353297518235312, 44.553370135290187 ], [ 11.353300255942074, 44.553374363171848 ], [ 11.354194764469455, 44.552881965448861 ], [ 11.354405014488687, 44.552807850697143 ], [ 11.354530306521205, 44.552763404758544 ], [ 11.354543103806042, 44.552758864602374 ], [ 11.354702912630271, 44.552702120273835 ], [ 11.354871740090443, 44.552673880658496 ], [ 11.354894307602564, 44.552667788530357 ], [ 11.355145757360599, 44.552600699653951 ], [ 11.355100336784604, 44.552489114433349 ], [ 11.355595576181273, 44.55236017070299 ], [ 11.356689125345154, 44.552082702028542 ], [ 11.357304910626084, 44.551918627981273 ], [ 11.357332437476744, 44.551911586719363 ], [ 11.357332187567613, 44.551911321805072 ], [ 11.357289813903963, 44.551864978713652 ], [ 11.357280808383532, 44.551853353395167 ], [ 11.357089978719488, 44.551650002274336 ], [ 11.356959728220815, 44.551480518792047 ], [ 11.356827948145568, 44.551347652929728 ], [ 11.356737870128899, 44.551278491928301 ], [ 11.356668850125667, 44.55120889610621 ], [ 11.356529764288933, 44.551071229343421 ], [ 11.356581004137468, 44.551024753873527 ], [ 11.356729704779612, 44.550875159081734 ], [ 11.356850037773093, 44.550800024389503 ], [ 11.356978256334836, 44.550740283083272 ], [ 11.357175933022384, 44.550673084677598 ], [ 11.357315303344807, 44.550645710794036 ], [ 11.357458180947972, 44.55062070398666 ], [ 11.357541781094129, 44.550614584196978 ], [ 11.357611928936802, 44.550610173584758 ], [ 11.357943981834392, 44.550603314999876 ], [ 11.358075758999664, 44.550600844931949 ], [ 11.35840880971646, 44.550580982763002 ], [ 11.358715519901121, 44.550538311399201 ], [ 11.358953186962175, 44.550503403801557 ], [ 11.360318867386411, 44.550163533432325 ], [ 11.360380016043369, 44.550147369869329 ], [ 11.361151202612172, 44.549944114523832 ], [ 11.361315731367451, 44.549902315478541 ], [ 11.362136763717567, 44.549693719138041 ], [ 11.363115485715191, 44.549443456812519 ], [ 11.363253759072846, 44.549394105246648 ], [ 11.363337351850497, 44.549345885624234 ], [ 11.36344085436337, 44.549282579624609 ], [ 11.363499420271769, 44.549207960549978 ], [ 11.363560121022985, 44.549101500374867 ], [ 11.363579504912162, 44.54898854963043 ], [ 11.363575532454927, 44.548890756590296 ], [ 11.363317175521733, 44.548171880814429 ], [ 11.363200854928753, 44.547843896836739 ], [ 11.362316897237397, 44.545353913308396 ], [ 11.36219195693916, 44.545044696736781 ], [ 11.362095384187146, 44.544827060769435 ], [ 11.362006198497237, 44.544647307490415 ], [ 11.361863269103706, 44.544376894499294 ], [ 11.361627827028721, 44.543979758364792 ], [ 11.361307837390411, 44.543481877035219 ], [ 11.361134806552174, 44.543209357991742 ], [ 11.360863977890883, 44.542789518596109 ], [ 11.360673758971839, 44.54249340760547 ], [ 11.36056104326056, 44.542318974090399 ], [ 11.360287826880013, 44.541896841987182 ], [ 11.359761921239885, 44.541072749155497 ], [ 11.359315034539456, 44.540385218333064 ], [ 11.35893975001623, 44.539785727121796 ], [ 11.358872416769927, 44.539681572975709 ], [ 11.358759586344041, 44.539756725924562 ], [ 11.358598656710027, 44.539857989645675 ], [ 11.357614483823827, 44.540524071518909 ], [ 11.356667634589833, 44.54114114778988 ], [ 11.35659114078747, 44.541256572885224 ], [ 11.356323555459166, 44.541353346320129 ], [ 11.356141374541691, 44.54136334554736 ], [ 11.356178015075461, 44.541080684301342 ], [ 11.356198836070408, 44.540901041334088 ], [ 11.356100469451068, 44.540901487248973 ], [ 11.355914133385298, 44.540903622649431 ], [ 11.355110481114293, 44.541098104959445 ], [ 11.354901445224488, 44.54116974737574 ], [ 11.354827892458273, 44.541194950364073 ], [ 11.35477611307558, 44.541212583156131 ], [ 11.354749912569995, 44.541221495980174 ], [ 11.354703601810268, 44.541237395475996 ], [ 11.354632975129965, 44.541261808774735 ], [ 11.354500388165196, 44.5413070445301 ], [ 11.354460969293495, 44.541216662044313 ], [ 11.354458329345437, 44.541210504755732 ], [ 11.354434669022899, 44.541153178574653 ], [ 11.354390389554574, 44.541169819266045 ], [ 11.351653673677154, 44.542109028258366 ], [ 11.351717194925177, 44.542187229882394 ], [ 11.351660782799025, 44.542204272509913 ], [ 11.351340491520579, 44.542290092681021 ], [ 11.351237197391892, 44.542300772739466 ], [ 11.351023961062314, 44.54232271962416 ], [ 11.3510792468426, 44.542589045835747 ], [ 11.351080380210512, 44.542604686877652 ], [ 11.350758782472603, 44.542615928435836 ], [ 11.350665524847754, 44.542625158941725 ], [ 11.350472939785456, 44.542643249569537 ], [ 11.350414638120894, 44.542568036650231 ], [ 11.350315725129935, 44.542444911229552 ], [ 11.350225227701163, 44.54228754691659 ], [ 11.348146064157667, 44.542860718900862 ], [ 11.347503638935095, 44.543044907994449 ], [ 11.347103885462412, 44.54314524197607 ], [ 11.347079369369174, 44.543158529637211 ], [ 11.347045441100137, 44.543128384605055 ], [ 11.346836202297862, 44.54292452128086 ], [ 11.346721270062458, 44.542817953627214 ], [ 11.346690356095561, 44.542781678820646 ], [ 11.346572847615491, 44.542657978164897 ], [ 11.346326887474177, 44.542794452835935 ], [ 11.347038540686269, 44.543422674812085 ], [ 11.347435629252177, 44.543798575118899 ], [ 11.347725212403228, 44.544071949819298 ], [ 11.347937379466778, 44.544277074612317 ], [ 11.348013238412545, 44.544378214992136 ], [ 11.348063122320697, 44.544475775474403 ], [ 11.348129182277878, 44.544690071927697 ], [ 11.348233973643721, 44.545010368448452 ], [ 11.348276443767894, 44.545143290183468 ], [ 11.348325258226467, 44.545317195878184 ], [ 11.34836507894696, 44.545540089213851 ], [ 11.348408651235058, 44.545696322736994 ], [ 11.348393412013545, 44.545762804745593 ], [ 11.348426774212676, 44.545924334727275 ], [ 11.348475976885963, 44.546034323489948 ], [ 11.348536245986926, 44.546122739584398 ], [ 11.348620461404778, 44.546212778550078 ], [ 11.348704849351693, 44.5463070990997 ], [ 11.348745417764372, 44.546351087902323 ], [ 11.348786243923957, 44.54640148117771 ], [ 11.348813279860472, 44.546479894942145 ], [ 11.348835333109824, 44.546656610661095 ], [ 11.348848652828506, 44.546765194996404 ], [ 11.34885624551756, 44.546805595092785 ], [ 11.348913900363756, 44.546977302020316 ], [ 11.348942764012277, 44.54705106885028 ], [ 11.34903538578712, 44.547279258145224 ], [ 11.34912243715493, 44.54748537979696 ], [ 11.349229280126471, 44.547770667281775 ], [ 11.349345405234873, 44.54807823389023 ], [ 11.34939266914216, 44.548203143276041 ], [ 11.349412464678473, 44.548248630662648 ], [ 11.349450665868709, 44.548304758296702 ], [ 11.349540489000061, 44.548431411384186 ], [ 11.349652728008408, 44.548584187415372 ], [ 11.349721452745223, 44.548694899068316 ], [ 11.349782245293696, 44.548800264424472 ], [ 11.349906292685047, 44.549135935218409 ], [ 11.35002931914045, 44.549445897700963 ], [ 11.350068395544911, 44.549534047036254 ], [ 11.350082003777183, 44.549552159006531 ], [ 11.350103706036961, 44.549565242981345 ], [ 11.350144423250871, 44.549580636224391 ], [ 11.350189760188126, 44.549584132047606 ], [ 11.350248797254132, 44.549579567611396 ], [ 11.350316510929984, 44.549570062168229 ], [ 11.350422387042878, 44.549550021185169 ], [ 11.350896508285754, 44.549451925130654 ], [ 11.351704678407101, 44.549253283451208 ], [ 11.351892168002028, 44.549217245694599 ], [ 11.35193568164339, 44.549212676129891 ], [ 11.351977986163792, 44.549209967973901 ], [ 11.352011350958083, 44.549214727032911 ], [ 11.352044380582361, 44.549219916106289 ], [ 11.352084286233561, 44.549229221676583 ], [ 11.352123008428714, 44.549246023702963 ], [ 11.352154421753108, 44.549266712363405 ], [ 11.352180579691064, 44.549291947545733 ], [ 11.352217457438943, 44.549341079554033 ], [ 11.352422761421497, 44.549673659750489 ], [ 11.35259703509865, 44.549987199600125 ], [ 11.352642952008718, 44.550089719108797 ], [ 11.352653850957125, 44.550140853800336 ], [ 11.352658786509117, 44.55018646682359 ], [ 11.352651266657627, 44.55023572149824 ], [ 11.352632715120883, 44.55031363346135 ], [ 11.352610670306433, 44.550394210139096 ], [ 11.352562540757104, 44.550545093853387 ], [ 11.352540586880743, 44.550628243358496 ], [ 11.352544229416379, 44.550718616500333 ], [ 11.352561817877518, 44.550795783624523 ], [ 11.352611977604903, 44.550874863182834 ], [ 11.352662774399601, 44.550969431908371 ], [ 11.352720791902676, 44.551063851785898 ], [ 11.352782536879511, 44.551160787526975 ], [ 11.352865410106153, 44.551244351134407 ], [ 11.352357765980246, 44.551568668024778 ], [ 11.352398254234641, 44.551611441802656 ], [ 11.352412173688302, 44.551639037496841 ], [ 11.352434791907509, 44.551625354817176 ] ] ] ] } },
{ "type": "Feature", "properties": { "codice_area_statistica": 20, "area_statistica": "CROCE COPERTA", "cod_quar": 12, "quartiere": "Navile", "cod_zona": "E", "zona": "Corticella" }, "geometry": { "type": "MultiPolygon", "coordinates": [ [ [ [ 11.354390389554574, 44.541169819266045 ], [ 11.351653673677154, 44.542109028258366 ], [ 11.351717194925177, 44.542187229882394 ], [ 11.351660782799025, 44.542204272509913 ], [ 11.351340491520579, 44.542290092681021 ], [ 11.351237197391892, 44.542300772739466 ], [ 11.351023961062314, 44.54232271962416 ], [ 11.3510792468426, 44.542589045835747 ], [ 11.351080380210512, 44.542604686877652 ], [ 11.350758782472603, 44.542615928435836 ], [ 11.350665524847754, 44.542625158941725 ], [ 11.350472939785456, 44.542643249569537 ], [ 11.350414638120894, 44.542568036650231 ], [ 11.350315725129935, 44.542444911229552 ], [ 11.350225227701163, 44.54228754691659 ], [ 11.350165845093457, 44.54215419083414 ], [ 11.350023044387978, 44.541985524708394 ], [ 11.349867845124413, 44.541844058178263 ], [ 11.349687169944616, 44.541725136001538 ], [ 11.349492543203413, 44.541587631407339 ], [ 11.349320660749338, 44.541468518666449 ], [ 11.3491746231565, 44.541336306270203 ], [ 11.348976850832811, 44.541120237491256 ], [ 11.348806187991114, 44.540922488841041 ], [ 11.348667932716733, 44.540764944597917 ], [ 11.348534333093649, 44.540613597161602 ], [ 11.34836042129924, 44.540444218604357 ], [ 11.34822292662707, 44.540305527450762 ], [ 11.34807990631516, 44.54013865485836 ], [ 11.347969406336315, 44.540015135518509 ], [ 11.347863642557929, 44.539790888439953 ], [ 11.347731690018962, 44.539680395626952 ], [ 11.347538097758639, 44.539568019424884 ], [ 11.347313869380194, 44.539459414754312 ], [ 11.347152517970271, 44.539345555682722 ], [ 11.347034566130411, 44.539257955675453 ], [ 11.346888186468993, 44.539146399126281 ], [ 11.346816206387439, 44.539095817373955 ], [ 11.346714705616749, 44.539043573828494 ], [ 11.346588663282708, 44.538982328025433 ], [ 11.34648228829016, 44.538955058448366 ], [ 11.346248777863542, 44.538896021323957 ], [ 11.346022779607388, 44.538853204925537 ], [ 11.345901423213295, 44.538716510914448 ], [ 11.34588016839346, 44.538643316057481 ], [ 11.345797047838641, 44.538453558483745 ], [ 11.345759828659258, 44.538267772978266 ], [ 11.345744576889478, 44.53811589868365 ], [ 11.345721955496094, 44.538008360225604 ], [ 11.345729762716454, 44.537918201531994 ], [ 11.345729687046678, 44.537859290550664 ], [ 11.345706983146318, 44.53771460035145 ], [ 11.345666981038066, 44.537620886813862 ], [ 11.34559556744234, 44.537565845388464 ], [ 11.345489071603048, 44.53746341525823 ], [ 11.345350944326514, 44.537302353285277 ], [ 11.345270546570983, 44.537242976972387 ], [ 11.34513564262725, 44.537101032895585 ], [ 11.345023569143441, 44.536981279012814 ], [ 11.34494170314381, 44.5368853193443 ], [ 11.344867074556262, 44.536787473458659 ], [ 11.344818345182031, 44.536727446293497 ], [ 11.344721145513558, 44.536553335394544 ], [ 11.344653696993468, 44.536451848900576 ], [ 11.344611624442756, 44.53631496536044 ], [ 11.344590513983105, 44.536214264543595 ], [ 11.34461672504362, 44.536077724972451 ], [ 11.344638336336404, 44.535948256831162 ], [ 11.344625442081821, 44.535870055626297 ], [ 11.344607821030079, 44.53579544448656 ], [ 11.344590059906276, 44.535717343238623 ], [ 11.344545009862752, 44.535627604046617 ], [ 11.344508957366275, 44.535579514796552 ], [ 11.344435869941476, 44.535519996736255 ], [ 11.344321990664991, 44.535415970630645 ], [ 11.344240687769922, 44.535333952792207 ], [ 11.344179494320736, 44.535267204343207 ], [ 11.34411817386011, 44.535196974489445 ], [ 11.344072026466083, 44.535140386950381 ], [ 11.344027816752959, 44.535071552171274 ], [ 11.343983816546542, 44.535007934540197 ], [ 11.343941207749562, 44.53491814497071 ], [ 11.343883006794655, 44.534804260675699 ], [ 11.343817219704302, 44.534683555149797 ], [ 11.343766116080497, 44.534564294593793 ], [ 11.343724816404702, 44.534446579212485 ], [ 11.34368206838751, 44.534353299414271 ], [ 11.343631664553804, 44.534251462328641 ], [ 11.343551438137879, 44.534135356300339 ], [ 11.343487088573003, 44.534021895104523 ], [ 11.343428657873647, 44.533924823005989 ], [ 11.343379083549488, 44.533839560440136 ], [ 11.343132627941834, 44.533369744971637 ], [ 11.34308982895436, 44.533272639905015 ], [ 11.343044608891066, 44.533174162114918 ], [ 11.343016460643044, 44.533121931013163 ], [ 11.342970634197519, 44.533062293565237 ], [ 11.342913145787618, 44.532982702772564 ], [ 11.342870756400647, 44.532917440175552 ], [ 11.342846995935066, 44.532878262673464 ], [ 11.342810111685047, 44.532788337155161 ], [ 11.342787021288473, 44.532686794336442 ], [ 11.342762255547568, 44.532583017256343 ], [ 11.342731515223859, 44.532488428337729 ], [ 11.342601913739374, 44.53225984896914 ], [ 11.342566800030932, 44.532179843832168 ], [ 11.34245062505245, 44.532004517820852 ], [ 11.342340123255003, 44.531817489012347 ], [ 11.342298265073419, 44.531761667952374 ], [ 11.342269229996365, 44.531713650032891 ], [ 11.342225037610431, 44.531635082420358 ], [ 11.342184577528819, 44.531535030179846 ], [ 11.342160165834397, 44.531449142727205 ], [ 11.342111847364173, 44.53130188035135 ], [ 11.342072773095554, 44.531157597179799 ], [ 11.342050149712735, 44.531086482179752 ], [ 11.342014523772734, 44.530969495945065 ], [ 11.341975849643298, 44.530870334239623 ], [ 11.341893463942746, 44.530750391188718 ], [ 11.341685256148354, 44.530573468447237 ], [ 11.343062596919559, 44.530318989914051 ], [ 11.344157153580666, 44.53011420756723 ], [ 11.345393531857574, 44.529876675485212 ], [ 11.346055910206411, 44.529742088041424 ], [ 11.34652868074275, 44.529629822726612 ], [ 11.346649496781401, 44.529601591880343 ], [ 11.346774364793246, 44.529570846918809 ], [ 11.346929108485581, 44.529531925455863 ], [ 11.347073893508052, 44.529494792990413 ], [ 11.347222555674232, 44.529456122206859 ], [ 11.347351981713254, 44.52942294222894 ], [ 11.34796112757002, 44.529254841593463 ], [ 11.348463439663817, 44.529102808576901 ], [ 11.348846759030172, 44.528982102013316 ], [ 11.349500312476392, 44.528777807440058 ], [ 11.350193845967878, 44.528549171369299 ], [ 11.350859114297522, 44.528337254730978 ], [ 11.350952529703779, 44.528307495025416 ], [ 11.350982366900338, 44.528298076040358 ], [ 11.353423321349574, 44.52751853604822 ], [ 11.354097401526364, 44.527296020895427 ], [ 11.354186079038769, 44.527269002992881 ], [ 11.35436314017733, 44.527206744720523 ], [ 11.354454106437494, 44.527178130967172 ], [ 11.354579778785384, 44.527133226875378 ], [ 11.354739044653167, 44.52707565629661 ], [ 11.354847000627377, 44.52703488943034 ], [ 11.354953478619613, 44.526994612082198 ], [ 11.355065686163192, 44.526952866046685 ], [ 11.355190027592533, 44.52690618823172 ], [ 11.355314631918819, 44.526856984145248 ], [ 11.35548555754851, 44.526788999072068 ], [ 11.355657219080625, 44.526720548428962 ], [ 11.355793555627031, 44.526665520133214 ], [ 11.355994163908974, 44.526578736585506 ], [ 11.356183823095089, 44.526501001173827 ], [ 11.356342028752472, 44.526432827238516 ], [ 11.356526851133477, 44.526350950901083 ], [ 11.356685054703373, 44.526279625642637 ], [ 11.356835110218665, 44.526209098572053 ], [ 11.357016303250218, 44.526127755502827 ], [ 11.357104942466654, 44.526085206734983 ], [ 11.357649224138592, 44.526716171827623 ], [ 11.357830734332897, 44.526917050555525 ], [ 11.358037971069237, 44.527138562524172 ], [ 11.358430268284382, 44.527743504020499 ], [ 11.358912252404807, 44.52848677829828 ], [ 11.359283150913937, 44.529050648228427 ], [ 11.359424737168663, 44.529278204771572 ], [ 11.360303376454087, 44.530619261347091 ], [ 11.360474946816153, 44.530885996746264 ], [ 11.360981670212798, 44.531658044565262 ], [ 11.361196009130515, 44.531983211933614 ], [ 11.361546841458956, 44.532525298003279 ], [ 11.361774603747962, 44.532872881917456 ], [ 11.362474114106003, 44.533948199298386 ], [ 11.36269126626812, 44.534276834503373 ], [ 11.362946805280023, 44.534671014303562 ], [ 11.363292401406898, 44.535199825399339 ], [ 11.363766908281574, 44.535929666250929 ], [ 11.362728093424941, 44.536277172288614 ], [ 11.361102546609544, 44.536813832088185 ], [ 11.360796058684921, 44.536938329274115 ], [ 11.360661624725477, 44.537011932359135 ], [ 11.360590944494405, 44.5370578755062 ], [ 11.360383656176481, 44.537208353991588 ], [ 11.360212120580814, 44.537371155533528 ], [ 11.360111104623847, 44.537488710525608 ], [ 11.359985509914059, 44.537686400918361 ], [ 11.359884869501137, 44.537951247261752 ], [ 11.359726927579493, 44.538312848866795 ], [ 11.359448836576457, 44.539007371387299 ], [ 11.359338775452628, 44.539176868139428 ], [ 11.359196003065909, 44.539362966308175 ], [ 11.359024767041317, 44.539533727061198 ], [ 11.358872416769927, 44.539681572975709 ], [ 11.358759586344041, 44.539756725924562 ], [ 11.358598656710027, 44.539857989645675 ], [ 11.357614483823827, 44.540524071518909 ], [ 11.356667634589833, 44.54114114778988 ], [ 11.35659114078747, 44.541256572885224 ], [ 11.356323555459166, 44.541353346320129 ], [ 11.356141374541691, 44.54136334554736 ], [ 11.356178015075461, 44.541080684301342 ], [ 11.356198836070408, 44.540901041334088 ], [ 11.356100469451068, 44.540901487248973 ], [ 11.355914133385298, 44.540903622649431 ], [ 11.355110481114293, 44.541098104959445 ], [ 11.354901445224488, 44.54116974737574 ], [ 11.354827892458273, 44.541194950364073 ], [ 11.35477611307558, 44.541212583156131 ], [ 11.354749912569995, 44.541221495980174 ], [ 11.354703601810268, 44.541237395475996 ], [ 11.354632975129965, 44.541261808774735 ], [ 11.354500388165196, 44.5413070445301 ], [ 11.354460969293495, 44.541216662044313 ], [ 11.354458329345437, 44.541210504755732 ], [ 11.354434669022899, 44.541153178574653 ], [ 11.354390389554574, 44.541169819266045 ] ] ] ] } },
{ "type": "Feature", "properties": { "codice_area_statistica": 56, "area_statistica": "MEZZOFANTI", "cod_quar": 15, "quartiere": "Santo Stefano", "cod_zona": "O", "zona": "Murri" }, "geometry": { "type": "MultiPolygon", "coordinates": [ [ [ [ 11.362942183793773, 44.489121158186954 ], [ 11.362591142072246, 44.489226192255892 ], [ 11.361849181183215, 44.489448254442124 ], [ 11.36160588607579, 44.489521077503817 ], [ 11.361547942600804, 44.489538435875161 ], [ 11.361302559228958, 44.489611886658608 ], [ 11.361229219300087, 44.489633542493166 ], [ 11.360957310608475, 44.489713834009898 ], [ 11.360734520499056, 44.48978091958967 ], [ 11.360572991001757, 44.489829633022516 ], [ 11.360269691569993, 44.489920888990497 ], [ 11.359679354182166, 44.490098480044345 ], [ 11.359502112870077, 44.490150577620028 ], [ 11.359394476283008, 44.490182240841641 ], [ 11.359260607915081, 44.490221468129171 ], [ 11.358810815969553, 44.490354008756363 ], [ 11.358668322568901, 44.490400804696563 ], [ 11.358517526938039, 44.490450373739158 ], [ 11.357674041653683, 44.490684940291253 ], [ 11.357648777367837, 44.490688432941077 ], [ 11.357452651104307, 44.490571938792876 ], [ 11.357466138654976, 44.490450998564882 ], [ 11.35751887600396, 44.490188033143212 ], [ 11.35755115381391, 44.48991172527213 ], [ 11.357544916247971, 44.489724204130553 ], [ 11.357599485196113, 44.489125404226208 ], [ 11.357681903875573, 44.488523337274316 ], [ 11.357820217971328, 44.487377646543976 ], [ 11.357963736731215, 44.486148096821907 ], [ 11.357978140529465, 44.486073329839442 ], [ 11.357998511914198, 44.485994361410626 ], [ 11.358013870081127, 44.48584936347752 ], [ 11.358016743016774, 44.485798025356637 ], [ 11.358005015082789, 44.485752291366495 ], [ 11.357983268406903, 44.485703226305532 ], [ 11.357945402671243, 44.48565704192962 ], [ 11.357895732603479, 44.485613144954705 ], [ 11.356727994381638, 44.484816213521903 ], [ 11.356692030204597, 44.484780981633634 ], [ 11.35666907827331, 44.484754717763366 ], [ 11.356654045297221, 44.48473335886635 ], [ 11.356614677662369, 44.484658900885627 ], [ 11.356490498148773, 44.484553145177877 ], [ 11.356625064030931, 44.484465634799399 ], [ 11.35736889730093, 44.483951856681955 ], [ 11.357675426892612, 44.483725151603977 ], [ 11.358518847692674, 44.483131157516041 ], [ 11.358691936583742, 44.483023349130541 ], [ 11.359350542514651, 44.482569862876289 ], [ 11.359448947751586, 44.482503586431086 ], [ 11.359743666227978, 44.482287472870063 ], [ 11.359976170253232, 44.482134852719824 ], [ 11.360402038025931, 44.481856014706239 ], [ 11.360664936409425, 44.481690413097006 ], [ 11.360712779067601, 44.481668483667271 ], [ 11.36089661922761, 44.481585494811419 ], [ 11.361485010010092, 44.481321989756957 ], [ 11.362129415367217, 44.481041342973121 ], [ 11.362345786414284, 44.48095035950989 ], [ 11.362862608613415, 44.480701958320864 ], [ 11.363066532189514, 44.480587716344814 ], [ 11.363248779758461, 44.48045892441759 ], [ 11.363742737527712, 44.480100125544546 ], [ 11.36409664949074, 44.479821656300743 ], [ 11.364406637967734, 44.479558175793869 ], [ 11.364466656380801, 44.479507166263019 ], [ 11.364612736038332, 44.479478933127879 ], [ 11.364766308553625, 44.47947804753408 ], [ 11.364911127383513, 44.47949795904114 ], [ 11.36500445956904, 44.479515200985027 ], [ 11.36558866823049, 44.480401096417765 ], [ 11.365659630202266, 44.480472411879887 ], [ 11.366113506810931, 44.481169817154807 ], [ 11.366157321509453, 44.481225895428985 ], [ 11.366242381048417, 44.481356587530655 ], [ 11.366619075782587, 44.481919723332702 ], [ 11.366881702464099, 44.482324760715706 ], [ 11.367159345230839, 44.482731295605696 ], [ 11.367169901155824, 44.48274075450184 ], [ 11.367558181426425, 44.483322795347775 ], [ 11.36791977977575, 44.48386121255681 ], [ 11.368300264256431, 44.484428297123124 ], [ 11.368654390238452, 44.484972205469901 ], [ 11.369123874237351, 44.485617527490575 ], [ 11.367559673615814, 44.486188020096463 ], [ 11.367181965727129, 44.486321808500875 ], [ 11.366347714226722, 44.486642114527676 ], [ 11.366370732657746, 44.486812902669662 ], [ 11.366278037310211, 44.488218805243697 ], [ 11.366175944132811, 44.489372568711026 ], [ 11.365881159170801, 44.489423754639397 ], [ 11.365689967327624, 44.489469678104072 ], [ 11.365574367308499, 44.489497434019704 ], [ 11.365209070461002, 44.489585153482217 ], [ 11.365159588450725, 44.489605534287662 ], [ 11.365016284105927, 44.48965387640034 ], [ 11.364952328844909, 44.48968022860204 ], [ 11.364587376496342, 44.489236444117722 ], [ 11.364550053474863, 44.489245562628852 ], [ 11.36438574615512, 44.489293888873384 ], [ 11.364123296094116, 44.489375306405648 ], [ 11.364004796064068, 44.48918475399649 ], [ 11.363929342456617, 44.489206662399909 ], [ 11.363788228823596, 44.489252887010224 ], [ 11.363703000609362, 44.489278778755562 ], [ 11.363586822682208, 44.489083406453283 ], [ 11.363560348071267, 44.489091156690179 ], [ 11.363558454361769, 44.489087864941858 ], [ 11.363520329009594, 44.489099538458717 ], [ 11.363496564150696, 44.489063858101268 ], [ 11.363080500566706, 44.489190297681901 ], [ 11.363033475306445, 44.489104639227499 ], [ 11.362942183793773, 44.489121158186954 ] ] ] ] } },
{ "type": "Feature", "properties": { "codice_area_statistica": 26, "area_statistica": "PESCAROLA", "cod_quar": 12, "quartiere": "Navile", "cod_zona": "I", "zona": "Lame" }, "geometry": { "type": "MultiPolygon", "coordinates": [ [ [ [ 11.306643098468442, 44.515874428341753 ], [ 11.306617812274681, 44.515977783629104 ], [ 11.306601236005054, 44.516054598919865 ], [ 11.306572146393268, 44.516138771869372 ], [ 11.306548539212654, 44.51620118197836 ], [ 11.306527288127318, 44.516259370889557 ], [ 11.30646008705304, 44.516417614497854 ], [ 11.306396459602242, 44.516588019439176 ], [ 11.306342692387515, 44.516735782648134 ], [ 11.306272331417107, 44.516948654487443 ], [ 11.306221730010529, 44.517142569208708 ], [ 11.306192866691351, 44.517271654843093 ], [ 11.306161243481197, 44.517425088727116 ], [ 11.306134749474543, 44.517612783544635 ], [ 11.306121689189572, 44.517808976358396 ], [ 11.306114610746969, 44.517957919932364 ], [ 11.306111492037456, 44.51809060231254 ], [ 11.30612560168947, 44.518243820779759 ], [ 11.306170910981969, 44.518497773235396 ], [ 11.306209510042885, 44.518680940886185 ], [ 11.306259506624704, 44.518854951320336 ], [ 11.306310553233898, 44.519013762203841 ], [ 11.306365179636629, 44.519166698587398 ], [ 11.306411979455751, 44.519281468291645 ], [ 11.306483692043633, 44.519433779416268 ], [ 11.3065479021, 44.519556803728449 ], [ 11.306647473498732, 44.519728922820164 ], [ 11.306734271922203, 44.519858763753959 ], [ 11.306771907154776, 44.519911050802207 ], [ 11.306811840550679, 44.519976703403053 ], [ 11.306973027932813, 44.520188531477487 ], [ 11.307070897354224, 44.520312416481552 ], [ 11.307198528068916, 44.520448962453273 ], [ 11.307259089334586, 44.520509372605915 ], [ 11.307555500035864, 44.520795677957913 ], [ 11.307724806373383, 44.520946307108773 ], [ 11.307972251823838, 44.521161370134728 ], [ 11.308190251328146, 44.521351965807654 ], [ 11.308437694589729, 44.521569974387951 ], [ 11.308653957380928, 44.521759690521598 ], [ 11.308920462168297, 44.522000377975026 ], [ 11.309152423382795, 44.522202568251984 ], [ 11.309423263666696, 44.522439086855087 ], [ 11.309619601054175, 44.522611977851334 ], [ 11.3098627847604, 44.522831494576053 ], [ 11.310104278571201, 44.523040559701137 ], [ 11.310294490574696, 44.52320521010558 ], [ 11.310347781718542, 44.523255237241912 ], [ 11.3105456379058, 44.523429162682255 ], [ 11.310671968879847, 44.5235393643324 ], [ 11.310791970509852, 44.523645839972652 ], [ 11.310880595763424, 44.523719447670622 ], [ 11.310918342205564, 44.52375647444422 ], [ 11.310970967591649, 44.523797565327662 ], [ 11.3110526556728, 44.523867034416604 ], [ 11.311184792471794, 44.523984365902919 ], [ 11.31126223555631, 44.524053142964291 ], [ 11.311295490632862, 44.524074122577765 ], [ 11.311323194762354, 44.524099678037878 ], [ 11.311358979456053, 44.52413558035397 ], [ 11.311415520928019, 44.524096467251624 ], [ 11.311757535325691, 44.523928667792767 ], [ 11.312077629658774, 44.523774968145069 ], [ 11.312731701583706, 44.523440407764014 ], [ 11.312859925335383, 44.523385689643789 ], [ 11.312970315867927, 44.523345644968785 ], [ 11.313056369058732, 44.52329088081941 ], [ 11.313566155663699, 44.524442583783639 ], [ 11.313607151355553, 44.524498558990985 ], [ 11.31366294153732, 44.52455184775426 ], [ 11.313727410185454, 44.52460266764129 ], [ 11.313810162375768, 44.524647799994135 ], [ 11.313776335462268, 44.524815800688401 ], [ 11.313752001391736, 44.524978038184472 ], [ 11.313702918004322, 44.525153307046843 ], [ 11.313642001297337, 44.525278622018213 ], [ 11.313570048301763, 44.525419484765159 ], [ 11.31343356046794, 44.525599282387724 ], [ 11.313320245406731, 44.525745635721954 ], [ 11.313311062289525, 44.525757495206385 ], [ 11.31333574467723, 44.525775487361535 ], [ 11.31348689810806, 44.525875980411982 ], [ 11.313689293248585, 44.526006916597822 ], [ 11.313763239709427, 44.526052051000157 ], [ 11.313972985727524, 44.52617695902152 ], [ 11.314210187306891, 44.526315092954221 ], [ 11.314389255731989, 44.526414307679183 ], [ 11.314412339096092, 44.526427100426098 ], [ 11.31455451217249, 44.526501900805975 ], [ 11.314736169231136, 44.5265952738593 ], [ 11.31499942038324, 44.526720922538686 ], [ 11.315249767652549, 44.526841025681797 ], [ 11.315505613318807, 44.526955678233186 ], [ 11.315621993424831, 44.527004514973655 ], [ 11.315813442692587, 44.527082284310751 ], [ 11.315982055477036, 44.527149047400016 ], [ 11.316106396292904, 44.527198046225919 ], [ 11.316521341018483, 44.527354283015292 ], [ 11.316799279375891, 44.52744708527451 ], [ 11.316999640192806, 44.527508953306537 ], [ 11.317166797967323, 44.527561178054789 ], [ 11.317313132876034, 44.527601779860227 ], [ 11.317462542797601, 44.527643120277098 ], [ 11.317631831721002, 44.527690358680495 ], [ 11.31778979425316, 44.527731561035544 ], [ 11.317976425304957, 44.527776574278114 ], [ 11.31815328131367, 44.527818175700773 ], [ 11.318336200846186, 44.527859077542068 ], [ 11.318543238861187, 44.52790361239115 ], [ 11.31875765286977, 44.527947537908119 ], [ 11.318979544424174, 44.527994362980152 ], [ 11.319190094614882, 44.528040166683418 ], [ 11.319392724030413, 44.528082034776965 ], [ 11.31957670354349, 44.528120113297689 ], [ 11.319758232005354, 44.528157944246232 ], [ 11.31996686219683, 44.528202588192222 ], [ 11.320163999247255, 44.528244926637832 ], [ 11.320220247739545, 44.528256819053929 ], [ 11.320244636490266, 44.528204522707945 ], [ 11.320257473033562, 44.528149076209203 ], [ 11.320250969500188, 44.528075324531144 ], [ 11.320212424802378, 44.527962594913539 ], [ 11.320160827454796, 44.52783871535204 ], [ 11.320311027950304, 44.527808645798643 ], [ 11.320344282740125, 44.52779833712583 ], [ 11.320368586924827, 44.527774967639992 ], [ 11.320425754255199, 44.527519798838327 ], [ 11.320495289299268, 44.527236686765008 ], [ 11.320522593522206, 44.527161491632882 ], [ 11.32055734181816, 44.527104204270394 ], [ 11.32062365938005, 44.527036642406387 ], [ 11.320685782002665, 44.526990834908347 ], [ 11.320778171179979, 44.52694441204936 ], [ 11.320932647693221, 44.526893116768115 ], [ 11.321124153144901, 44.526842274699241 ], [ 11.321296683067601, 44.526779772772066 ], [ 11.32139647431084, 44.526719812106982 ], [ 11.321465352267506, 44.526660029896568 ], [ 11.321511705049705, 44.526597428810575 ], [ 11.321559631038024, 44.526501900412484 ], [ 11.321595970236761, 44.526404564062958 ], [ 11.321638802619173, 44.526325586869987 ], [ 11.321665958927104, 44.526285981523827 ], [ 11.32171616990137, 44.52624795985372 ], [ 11.321865298601386, 44.526168882188053 ], [ 11.322112854092978, 44.526036415634941 ], [ 11.322230975640915, 44.525968780292175 ], [ 11.322506775665058, 44.525841869029129 ], [ 11.323231215157852, 44.525548750902146 ], [ 11.323668098909403, 44.52536354379545 ], [ 11.323941576657738, 44.525228069892506 ], [ 11.32412630206305, 44.52511391986085 ], [ 11.324183614464392, 44.525054236430549 ], [ 11.324234112023865, 44.524989956386662 ], [ 11.324274512765374, 44.524894255956291 ], [ 11.324288407522371, 44.524799095205864 ], [ 11.324287288724117, 44.524715304276526 ], [ 11.324272841483637, 44.524630200279304 ], [ 11.324225338320284, 44.524492015114355 ], [ 11.324125025272897, 44.524304292812616 ], [ 11.324018569076404, 44.524147817290917 ], [ 11.323752278943191, 44.52389343379911 ], [ 11.323684431371477, 44.523818257246766 ], [ 11.323554395886557, 44.523646929913419 ], [ 11.32348267781064, 44.523474415444845 ], [ 11.323373777143459, 44.523182023560821 ], [ 11.323348254795837, 44.5230294366674 ], [ 11.323335412453279, 44.522788447731855 ], [ 11.323295354767932, 44.522677910475927 ], [ 11.323243704241122, 44.522602412998715 ], [ 11.322776115855508, 44.522178140516431 ], [ 11.322710018768667, 44.522147229294426 ], [ 11.32276341245932, 44.522073204202378 ], [ 11.322780888627982, 44.522061433366368 ], [ 11.322808517902308, 44.522053732142624 ], [ 11.323220434143416, 44.521978271661936 ], [ 11.323320674900774, 44.521963726999239 ], [ 11.32326953004025, 44.521936373876542 ], [ 11.323079878136618, 44.52183463363243 ], [ 11.322880109663204, 44.521731307423522 ], [ 11.322661338262421, 44.521618734784376 ], [ 11.322417889798409, 44.521496301837217 ], [ 11.322167853366814, 44.521379052814751 ], [ 11.321897691946893, 44.521252489832719 ], [ 11.32168036154561, 44.521153920968814 ], [ 11.321656539023069, 44.521143413359042 ], [ 11.321665627262663, 44.521109288901599 ], [ 11.321351006926225, 44.520971844479014 ], [ 11.320978787135607, 44.52081647590316 ], [ 11.320713519502728, 44.520708445883692 ], [ 11.320389110047072, 44.520581361687668 ], [ 11.320036685258021, 44.520448724211576 ], [ 11.319851195455572, 44.520381823883092 ], [ 11.319485873800323, 44.520254218144011 ], [ 11.319193160704369, 44.520155204635785 ], [ 11.318875083181574, 44.520050853960747 ], [ 11.318590240669982, 44.519959871343666 ], [ 11.318322021852049, 44.519875563396759 ], [ 11.318038739924541, 44.519791839773511 ], [ 11.317907162348691, 44.519754810288212 ], [ 11.317729851864742, 44.5197068348333 ], [ 11.317603237889891, 44.519674385545677 ], [ 11.317512999928605, 44.519651730616943 ], [ 11.317421629610022, 44.519632249498521 ], [ 11.317266663119247, 44.519598763956999 ], [ 11.317149149387209, 44.519576842472944 ], [ 11.317046404943662, 44.519555791419627 ], [ 11.31696224247449, 44.519543545724957 ], [ 11.316867993209019, 44.519530784486122 ], [ 11.316764842567801, 44.519518843005571 ], [ 11.316681178645725, 44.519509647853731 ], [ 11.31658049501802, 44.51949962769919 ], [ 11.316442104444159, 44.519487491804952 ], [ 11.31631648290368, 44.519480048049481 ], [ 11.316069292097882, 44.519471838825098 ], [ 11.315921393369278, 44.519470608249463 ], [ 11.315845108161104, 44.519472966107358 ], [ 11.315717199323956, 44.519474480623131 ], [ 11.315622546407965, 44.51948010075688 ], [ 11.315455031959216, 44.519491600981461 ], [ 11.315278186675197, 44.519502930106995 ], [ 11.315100369139515, 44.519521480719781 ], [ 11.314879365799198, 44.519552078980958 ], [ 11.314771810958154, 44.519568394001482 ], [ 11.314537940267909, 44.51960770591856 ], [ 11.314404538085505, 44.519632556933551 ], [ 11.314234057846015, 44.519664821369773 ], [ 11.313968325012658, 44.519715860197735 ], [ 11.313555922211934, 44.519797049770723 ], [ 11.313374618347751, 44.519832143024409 ], [ 11.313235106676327, 44.51986161775941 ], [ 11.313111726432073, 44.519885372922182 ], [ 11.312783229664319, 44.519949825207995 ], [ 11.312622536653709, 44.519981438815179 ], [ 11.312440561897173, 44.520015823970702 ], [ 11.312273324518918, 44.520050279424964 ], [ 11.31202529472869, 44.520094374267657 ], [ 11.311841521850495, 44.520124356626262 ], [ 11.311745229129702, 44.520138181070386 ], [ 11.311668842216076, 44.520149126631161 ], [ 11.311619606405351, 44.520154264842297 ], [ 11.311466558333997, 44.520172407232387 ], [ 11.311350207731659, 44.520183045467412 ], [ 11.311236674166521, 44.520191736011832 ], [ 11.311161004478144, 44.520196959091685 ], [ 11.311080324543116, 44.520199582789054 ], [ 11.310952348522827, 44.520202623755281 ], [ 11.310795493477434, 44.520203737460726 ], [ 11.310698592013599, 44.520205041788294 ], [ 11.310543048957721, 44.520196693912453 ], [ 11.310462569563549, 44.520191660942551 ], [ 11.31040926455001, 44.520189678947794 ], [ 11.310316719831267, 44.520181829200709 ], [ 11.310233580394334, 44.520173167859916 ], [ 11.310162980426142, 44.520166584356566 ], [ 11.310067396504136, 44.520154744762628 ], [ 11.309894579339266, 44.520127993245616 ], [ 11.309737429216741, 44.520099673113322 ], [ 11.309591468897665, 44.520071117367628 ], [ 11.309362232211928, 44.520017688627739 ], [ 11.309187799771738, 44.519968831433864 ], [ 11.309003073644439, 44.519911350677852 ], [ 11.308895145473388, 44.519874012480756 ], [ 11.308795590617338, 44.519838404368272 ], [ 11.308670303097298, 44.519788453374268 ], [ 11.308504239327453, 44.519716019239446 ], [ 11.308397965930119, 44.519666403631163 ], [ 11.308250306555038, 44.519591607389458 ], [ 11.308140104900438, 44.519531727034583 ], [ 11.308007818517336, 44.519454278977399 ], [ 11.307887935656121, 44.519378650588635 ], [ 11.307750332355178, 44.51928412384504 ], [ 11.30760061095776, 44.51917299811663 ], [ 11.307519603906384, 44.519106765356 ], [ 11.307411506676067, 44.519010912551018 ], [ 11.307346834463452, 44.518950462222648 ], [ 11.307309388282231, 44.518913507390202 ], [ 11.307187222990539, 44.518789580662066 ], [ 11.307091261067265, 44.518679177216853 ], [ 11.307015672646147, 44.518587618418863 ], [ 11.306936898729463, 44.518479109112299 ], [ 11.306858352824316, 44.51836043125472 ], [ 11.306777331046867, 44.518223969306085 ], [ 11.30671878765642, 44.518111549036867 ], [ 11.306642801388893, 44.517942936129224 ], [ 11.306629807188186, 44.517907008411868 ], [ 11.306606915376438, 44.517843471783664 ], [ 11.306582834276082, 44.517772117952887 ], [ 11.306558369774676, 44.517691049100414 ], [ 11.306543517749644, 44.517633552770889 ], [ 11.306528569255525, 44.51756723588111 ], [ 11.306504168307667, 44.517443142504163 ], [ 11.306490024365861, 44.517346200652575 ], [ 11.306481543730046, 44.517252475317989 ], [ 11.306475604728536, 44.517166080726241 ], [ 11.306472649906718, 44.517078464508131 ], [ 11.306477535578217, 44.516953590327319 ], [ 11.306482067473134, 44.516886699772762 ], [ 11.306496891491758, 44.516749030203236 ], [ 11.306509281690751, 44.516661274981381 ], [ 11.30652213277742, 44.516578821954788 ], [ 11.306545143104248, 44.516467175412025 ], [ 11.306569917671135, 44.516342529529091 ], [ 11.306588702152395, 44.516254203967009 ], [ 11.306610569744992, 44.516154733951865 ], [ 11.306631393078254, 44.516060686567762 ], [ 11.306640660018372, 44.516019726722412 ], [ 11.306671267707872, 44.515875517413093 ], [ 11.306685578857644, 44.515808069131985 ], [ 11.306712307472734, 44.515699688882869 ], [ 11.306643098468442, 44.515874428341753 ] ] ] ] } },
{ "type": "Feature", "properties": { "codice_area_statistica": 28, "area_statistica": "BEVERARA", "cod_quar": 12, "quartiere": "Navile", "cod_zona": "I", "zona": "Lame" }, "geometry": { "type": "MultiPolygon", "coordinates": [ [ [ [ 11.340821444394116, 44.530384667013784 ], [ 11.340898688130771, 44.530485973010897 ], [ 11.340939162610116, 44.53053150606506 ], [ 11.341026979232819, 44.530628120890718 ], [ 11.341088519141207, 44.530685204255555 ], [ 11.340958393143204, 44.530711126429253 ], [ 11.340491963511976, 44.530798382630245 ], [ 11.340111968287331, 44.530866139056947 ], [ 11.339610955144446, 44.530960402385688 ], [ 11.339435964586626, 44.530992076700826 ], [ 11.339225782477152, 44.531031232810655 ], [ 11.338970588637713, 44.531079044010127 ], [ 11.338722351842591, 44.531124911596784 ], [ 11.338255821944385, 44.531209829047057 ], [ 11.338066597132919, 44.531244997732941 ], [ 11.337608458316273, 44.531330190794321 ], [ 11.337388728431618, 44.531371096475659 ], [ 11.336944980247599, 44.531453012366455 ], [ 11.336554370165553, 44.531526195716609 ], [ 11.336223352478875, 44.531588696467253 ], [ 11.335862126469539, 44.531653975014002 ], [ 11.335512561001437, 44.53172163358429 ], [ 11.335398166925387, 44.531742951336454 ], [ 11.335310423381559, 44.531680711377007 ], [ 11.335135831162711, 44.53155687913538 ], [ 11.334585197494624, 44.531131122614028 ], [ 11.334382191501103, 44.530950947263968 ], [ 11.334153875821796, 44.53073104773199 ], [ 11.334033589365767, 44.53059164526335 ], [ 11.333958718463759, 44.530513836732972 ], [ 11.333717071141862, 44.530645604955886 ], [ 11.333696990330367, 44.530632826766258 ], [ 11.333512195416333, 44.530459470575124 ], [ 11.333307421222202, 44.530268283320851 ], [ 11.333136681394109, 44.530104253930382 ], [ 11.33297096496911, 44.529945604160829 ], [ 11.332849122176944, 44.529829512796645 ], [ 11.33269606041746, 44.529694622779687 ], [ 11.33249336036568, 44.529503553698859 ], [ 11.332349650971059, 44.529366770630538 ], [ 11.332296824704304, 44.529316490469967 ], [ 11.332144363896504, 44.529174520428235 ], [ 11.331921659957978, 44.528965232737605 ], [ 11.331735064644418, 44.528788120325522 ], [ 11.331639252984633, 44.528693480121696 ], [ 11.331583262364514, 44.528643030192583 ], [ 11.331483762837033, 44.528549311419802 ], [ 11.33141559050314, 44.528486884758756 ], [ 11.33136570214177, 44.528438911824509 ], [ 11.331275383962719, 44.528353863853681 ], [ 11.331239419524046, 44.528317363820221 ], [ 11.331165107213694, 44.528248652588857 ], [ 11.331116789199791, 44.528203438262693 ], [ 11.330995479387166, 44.528087901158884 ], [ 11.330875516085497, 44.52797676567986 ], [ 11.330677079451792, 44.527790998781434 ], [ 11.330556485214155, 44.527676319838868 ], [ 11.330441965208738, 44.527570987434757 ], [ 11.330416606169566, 44.527546361039889 ], [ 11.330393965616025, 44.527524577960804 ], [ 11.330289310083007, 44.52742391439515 ], [ 11.330139041351488, 44.527282383014203 ], [ 11.330041519451807, 44.527191431385859 ], [ 11.32991320525084, 44.527070553532489 ], [ 11.329781547689596, 44.526946925972041 ], [ 11.329646002223148, 44.526819515510894 ], [ 11.329488264011305, 44.526670789620056 ], [ 11.329356556257435, 44.526545857215751 ], [ 11.329201216314807, 44.526400430928938 ], [ 11.3290468292725, 44.526253949692318 ], [ 11.328918358582438, 44.526133776091072 ], [ 11.328801190927912, 44.526025957310004 ], [ 11.328663634594717, 44.525895030678761 ], [ 11.328517459697993, 44.525757500766282 ], [ 11.328360466348746, 44.525612161056046 ], [ 11.328212221853001, 44.525469397467319 ], [ 11.328026252910647, 44.525297955712311 ], [ 11.327947504997651, 44.525221320541668 ], [ 11.327453454793833, 44.524761875976594 ], [ 11.327228442379662, 44.524542741230604 ], [ 11.32699081929656, 44.524298250853533 ], [ 11.326595611141355, 44.523898653082306 ], [ 11.326425844587288, 44.523704065986202 ], [ 11.32639966513028, 44.523673918834611 ], [ 11.326190706902755, 44.523423215977658 ], [ 11.326013827196247, 44.523205717676177 ], [ 11.325818691138531, 44.522953796207638 ], [ 11.325650432468642, 44.522725507669776 ], [ 11.325489054639711, 44.52249680862456 ], [ 11.325305287326351, 44.522217088839277 ], [ 11.325164667890254, 44.521996428861769 ], [ 11.324976568177048, 44.521676690406565 ], [ 11.324970980209002, 44.521667180490809 ], [ 11.324871733913273, 44.521490384141522 ], [ 11.324683002319347, 44.5211230525532 ], [ 11.324547401773046, 44.520850344843971 ], [ 11.324449720493773, 44.520636272677258 ], [ 11.324370357213724, 44.520455316927837 ], [ 11.324277639876598, 44.520239784139818 ], [ 11.324218610682777, 44.520083153264267 ], [ 11.324140267348978, 44.519870541600646 ], [ 11.324061250538987, 44.519659014891367 ], [ 11.324012830339081, 44.519511566570856 ], [ 11.323987969413338, 44.519440142300084 ], [ 11.323955907650978, 44.519328767244467 ], [ 11.323910122112558, 44.519148838035981 ], [ 11.323874237205265, 44.519034975055128 ], [ 11.323842792643653, 44.518921705862233 ], [ 11.323815413989159, 44.518777151035032 ], [ 11.323777280416994, 44.518611794166787 ], [ 11.32373421669112, 44.518395862258402 ], [ 11.323719317125628, 44.518321147264096 ], [ 11.323677225975681, 44.518083463357719 ], [ 11.323675440645154, 44.518073056734956 ], [ 11.323658372014739, 44.518002329001263 ], [ 11.323604297169622, 44.517698369104203 ], [ 11.323544295961526, 44.517388381050075 ], [ 11.323490210709254, 44.517068936884584 ], [ 11.323441940613733, 44.516794783217549 ], [ 11.323388420946744, 44.516489533499403 ], [ 11.323335999898571, 44.516197027009547 ], [ 11.32329031944766, 44.515931003861425 ], [ 11.323256095806281, 44.515735408599397 ], [ 11.323214314177866, 44.515485465646805 ], [ 11.323182386053398, 44.515307720719782 ], [ 11.323144523581272, 44.515099694905693 ], [ 11.32311368843286, 44.514922845966957 ], [ 11.323094607233731, 44.514776438540487 ], [ 11.323074966938997, 44.514633688522316 ], [ 11.323061837309242, 44.514483802011917 ], [ 11.323058501273362, 44.51441981668372 ], [ 11.32305308225923, 44.514320520688507 ], [ 11.323045276455044, 44.514164025979156 ], [ 11.323044646877957, 44.514029486515867 ], [ 11.323045840761155, 44.51395095088531 ], [ 11.323046676360571, 44.513895054983784 ], [ 11.323054754237926, 44.513774148245901 ], [ 11.323057490411092, 44.513745176337068 ], [ 11.323066097662787, 44.513654048298896 ], [ 11.32308381353103, 44.513521125054602 ], [ 11.323100349968875, 44.513400946427033 ], [ 11.323111817958756, 44.513335894600289 ], [ 11.323127496833044, 44.513247953587168 ], [ 11.323149891306381, 44.513136199162993 ], [ 11.323184685057948, 44.512990423779812 ], [ 11.323220543330903, 44.512856240023908 ], [ 11.323254967259205, 44.512735985402742 ], [ 11.323302508618195, 44.512581740198357 ], [ 11.323358738954163, 44.512433709945221 ], [ 11.323417824898321, 44.512295488349359 ], [ 11.323465430747884, 44.51218276157752 ], [ 11.323530763847645, 44.512043773582789 ], [ 11.323611508201338, 44.511881668357525 ], [ 11.323687438801036, 44.511744697189634 ], [ 11.323771023124475, 44.511607210063424 ], [ 11.323861245610376, 44.511463601033448 ], [ 11.323944836728577, 44.511338645206159 ], [ 11.324050317385064, 44.511188657665954 ], [ 11.324130077132871, 44.511083486315265 ], [ 11.324235301845182, 44.51095113083209 ], [ 11.324329844269217, 44.510835215378542 ], [ 11.324419722584256, 44.510732367512873 ], [ 11.324496638620113, 44.510649679193989 ], [ 11.324607128140361, 44.510533645835793 ], [ 11.324724105099516, 44.510415931812162 ], [ 11.324840228819031, 44.51031062257421 ], [ 11.324981004647073, 44.510182700825965 ], [ 11.325126228283239, 44.510063186729795 ], [ 11.325277855522669, 44.509941471417562 ], [ 11.325462420850466, 44.509804941883196 ], [ 11.325660560017559, 44.509659240972709 ], [ 11.325857844496921, 44.50952907755449 ], [ 11.326048022268168, 44.509400553028804 ], [ 11.326258688625941, 44.509268117667744 ], [ 11.326652009399275, 44.5091412589002 ], [ 11.326752806290566, 44.509088159885067 ], [ 11.32682309090429, 44.509049186574195 ], [ 11.327171953972892, 44.508882009438381 ], [ 11.327387525822097, 44.50879200010872 ], [ 11.327918689749694, 44.508580862278968 ], [ 11.328109495812798, 44.508507471220206 ], [ 11.32831573187203, 44.508435826715711 ], [ 11.328525717091246, 44.508366725109177 ], [ 11.329037364133661, 44.508220087454767 ], [ 11.329094892254567, 44.508203600346384 ], [ 11.329353541959208, 44.508140616324056 ], [ 11.329506790625896, 44.508103180331567 ], [ 11.329616189709173, 44.508079791763407 ], [ 11.329701939707816, 44.508091185518822 ], [ 11.329797129609963, 44.508118474137326 ], [ 11.329988086811563, 44.507775008802106 ], [ 11.330143652127459, 44.507758167557128 ], [ 11.331463794791752, 44.507570507864592 ], [ 11.331951811435655, 44.50750516481024 ], [ 11.332355172233779, 44.507449561650432 ], [ 11.332709751402829, 44.507400724565613 ], [ 11.332508152470067, 44.507827028476633 ], [ 11.33247681814359, 44.507885447210938 ], [ 11.332372820868496, 44.507988373872976 ], [ 11.332256753232265, 44.508117339404237 ], [ 11.332160506886487, 44.508250590205137 ], [ 11.332099819446944, 44.508371393134517 ], [ 11.33208194191295, 44.508463143423675 ], [ 11.332084473006098, 44.508561588803374 ], [ 11.332075113026711, 44.508655559763206 ], [ 11.33209514883105, 44.508723542945859 ], [ 11.332120095939763, 44.508797637559141 ], [ 11.332171357972541, 44.50885050665326 ], [ 11.332273571867031, 44.509194405001857 ], [ 11.332278492352422, 44.509258447755933 ], [ 11.332284124749417, 44.509320783481591 ], [ 11.332266943412861, 44.509422413382943 ], [ 11.332211369145204, 44.50950553517437 ], [ 11.332108098007627, 44.509598994043571 ], [ 11.331972066679178, 44.509718644334718 ], [ 11.331753361450144, 44.509882970478742 ], [ 11.331550989171584, 44.510033521775718 ], [ 11.331386889341946, 44.510202106430029 ], [ 11.33124759130971, 44.510380924403833 ], [ 11.331162299549611, 44.510503192541925 ], [ 11.331102245979762, 44.510596146029556 ], [ 11.331095371769997, 44.510706432783159 ], [ 11.331031708023655, 44.51080445637664 ], [ 11.330883347451927, 44.510927075890336 ], [ 11.330808261478531, 44.510991708007701 ], [ 11.330758256126231, 44.511055873000522 ], [ 11.330717628641246, 44.511213869276943 ], [ 11.330718913159153, 44.511293092619425 ], [ 11.33082818533536, 44.511491015507509 ], [ 11.330921752284347, 44.511624782616018 ], [ 11.331030769791555, 44.511721962816253 ], [ 11.331167426990383, 44.511806479029211 ], [ 11.331335710153956, 44.511883642280232 ], [ 11.331532770207037, 44.511976332117221 ], [ 11.331645320190106, 44.512021044659768 ], [ 11.331821644996735, 44.512111474758278 ], [ 11.331908509004007, 44.512167973932485 ], [ 11.331997650217547, 44.512240865198549 ], [ 11.332071043074929, 44.512318255311648 ], [ 11.332144601866323, 44.512442050193982 ], [ 11.332203809680392, 44.512619550423722 ], [ 11.332234860002131, 44.51272767599562 ], [ 11.332289232230274, 44.512854608551706 ], [ 11.332363583187574, 44.513036687684121 ], [ 11.332441997760226, 44.51316672995322 ], [ 11.332603109910208, 44.513440158623268 ], [ 11.332695877542401, 44.513630314599098 ], [ 11.332830829866626, 44.513877458867903 ], [ 11.332939739078428, 44.514065979390949 ], [ 11.333099401257421, 44.514397197374123 ], [ 11.333243741156251, 44.514626639279776 ], [ 11.33328683839475, 44.514718448728729 ], [ 11.333335180023916, 44.514800743288824 ], [ 11.333439695890544, 44.515067270251656 ], [ 11.333474026262758, 44.515272889119473 ], [ 11.333479259623143, 44.515587664610429 ], [ 11.333473961946, 44.515830913978853 ], [ 11.333430971278053, 44.516211952754247 ], [ 11.333410078107597, 44.516534779395869 ], [ 11.333402207824179, 44.516948679751678 ], [ 11.333430961176411, 44.517064702106815 ], [ 11.333421378465763, 44.517296119628291 ], [ 11.333486828645922, 44.51746554220103 ], [ 11.333581449468291, 44.517581181316778 ], [ 11.333720619570657, 44.517735106727677 ], [ 11.333783634892677, 44.517798789875386 ], [ 11.333885277246706, 44.517910315055005 ], [ 11.333931623848271, 44.517987302592552 ], [ 11.333968953752112, 44.518077960292437 ], [ 11.333989995907576, 44.51824344713831 ], [ 11.333997360136079, 44.518331422570043 ], [ 11.334018711567511, 44.518432192723509 ], [ 11.334040434321663, 44.518590769679328 ], [ 11.334110257506566, 44.518771301622898 ], [ 11.334171690033227, 44.518938015121485 ], [ 11.334234811077414, 44.519146672959863 ], [ 11.334271456290155, 44.519378279508288 ], [ 11.334315027640514, 44.519587337051433 ], [ 11.334332644041893, 44.519721204866009 ], [ 11.334376780301326, 44.520134941842322 ], [ 11.33446551808886, 44.520220334873954 ], [ 11.334704183359618, 44.520579994140398 ], [ 11.334776860759785, 44.520690130314605 ], [ 11.334815417491185, 44.520739927036502 ], [ 11.33483734300747, 44.520800524878823 ], [ 11.334844437337873, 44.520856195587918 ], [ 11.334874585890827, 44.520939302654988 ], [ 11.334901237841262, 44.520996310819193 ], [ 11.334964159833374, 44.521106655407742 ], [ 11.335022216292277, 44.521217099485455 ], [ 11.335093070330741, 44.521342973191246 ], [ 11.335147016405992, 44.521411639425928 ], [ 11.33517305480477, 44.521452968629028 ], [ 11.335238195208087, 44.521558028193205 ], [ 11.335273210533133, 44.521641035585247 ], [ 11.335303556457376, 44.521729368972096 ], [ 11.335372403282912, 44.521865753521695 ], [ 11.335413190187174, 44.521971311208347 ], [ 11.335445429933026, 44.522106698141258 ], [ 11.33549855077646, 44.522337589007073 ], [ 11.335541568583208, 44.522437870516377 ], [ 11.335586258975244, 44.52257998863854 ], [ 11.335638672227409, 44.522732400683708 ], [ 11.335682039047279, 44.522841398461722 ], [ 11.335733408485641, 44.522906624134485 ], [ 11.33579077172403, 44.522999644038826 ], [ 11.335860027189087, 44.52308543459047 ], [ 11.335921977667816, 44.523171374582191 ], [ 11.336004532199695, 44.5232848007985 ], [ 11.336075461134003, 44.523351372541498 ], [ 11.336138388306116, 44.523400670062706 ], [ 11.336289364108245, 44.52351792628189 ], [ 11.336535067819973, 44.52368731269118 ], [ 11.336654315371868, 44.523803480356392 ], [ 11.336751007917316, 44.523965455433625 ], [ 11.336782821032685, 44.52409038071788 ], [ 11.336806562614743, 44.524196295800003 ], [ 11.336837330415902, 44.524295081064963 ], [ 11.336859482008832, 44.524421959600524 ], [ 11.336893944938083, 44.524613116341982 ], [ 11.336926664538934, 44.524699654168408 ], [ 11.336965643978418, 44.524759902434532 ], [ 11.337003590403061, 44.524794010439081 ], [ 11.337059201972039, 44.524843457209634 ], [ 11.33712630029625, 44.524875221844049 ], [ 11.337210461399142, 44.524906637088499 ], [ 11.337363659892684, 44.52495756961099 ], [ 11.337482269933984, 44.52499699374205 ], [ 11.337576315792601, 44.525031699293777 ], [ 11.337644042330016, 44.525079151195939 ], [ 11.337675368557713, 44.525130832474005 ], [ 11.3376838596308, 44.52516031297079 ], [ 11.337678925124433, 44.525219713783827 ], [ 11.337657289154892, 44.525288180082242 ], [ 11.337629241782462, 44.52537945507904 ], [ 11.337605445302795, 44.525454942581135 ], [ 11.337592786986628, 44.525504040599166 ], [ 11.337610117599866, 44.525571708927799 ], [ 11.337629469363581, 44.525628874907547 ], [ 11.337668881008327, 44.525699575029343 ], [ 11.337708350008187, 44.525772020455669 ], [ 11.33774302278718, 44.525846310583646 ], [ 11.337809580798577, 44.525986233431489 ], [ 11.337860678148585, 44.526105532959974 ], [ 11.337898660876887, 44.526202459662287 ], [ 11.337877156428775, 44.526209435929104 ], [ 11.337749482931128, 44.526250833610419 ], [ 11.337721344492067, 44.526259962276271 ], [ 11.337780240025335, 44.526383243306668 ], [ 11.337822878848579, 44.526488969188044 ], [ 11.33785896961894, 44.526546476500158 ], [ 11.337883794347929, 44.526591016806336 ], [ 11.337917532782267, 44.526666154241468 ], [ 11.3379425775701, 44.526716190580537 ], [ 11.338015774654478, 44.526779527724528 ], [ 11.338086910404682, 44.526829718316925 ], [ 11.338160107789154, 44.526893055360844 ], [ 11.338272209501477, 44.526968784179076 ], [ 11.338348707604515, 44.527037545039697 ], [ 11.338406288733072, 44.5270946119524 ], [ 11.338442832344414, 44.52716309289859 ], [ 11.33848358710704, 44.527260061631772 ], [ 11.338505913779091, 44.52733428933881 ], [ 11.338511410702075, 44.527359059754581 ], [ 11.338512946054928, 44.527380751434372 ], [ 11.33854349469876, 44.527509465126897 ], [ 11.338581707165432, 44.527619935698411 ], [ 11.338628570253272, 44.527756615478744 ], [ 11.338660317355584, 44.527860556594767 ], [ 11.338707327676303, 44.528033594583292 ], [ 11.338786374184338, 44.528153383342605 ], [ 11.338874893342386, 44.528244782002453 ], [ 11.338987588172984, 44.528334604927963 ], [ 11.339084102942561, 44.528398750948007 ], [ 11.339155444707275, 44.528439555991504 ], [ 11.339270433801182, 44.528510912424366 ], [ 11.339391396959829, 44.528579967695471 ], [ 11.339498382571135, 44.528640639856327 ], [ 11.339562359657462, 44.528687024110596 ], [ 11.339622981256847, 44.528762744358076 ], [ 11.339652790022059, 44.528826087444777 ], [ 11.339713981873121, 44.528991758330513 ], [ 11.339751934095974, 44.529106960150692 ], [ 11.339775000418763, 44.529153093507524 ], [ 11.339838683977002, 44.529229831178235 ], [ 11.339919931075054, 44.529291039513225 ], [ 11.340022682832426, 44.529359387101373 ], [ 11.340100465538367, 44.529409818264284 ], [ 11.340181409001239, 44.529463434492818 ], [ 11.340250720589188, 44.529529217494826 ], [ 11.340298887362829, 44.529596523265816 ], [ 11.340338079812216, 44.52966725392109 ], [ 11.340383039772293, 44.529768222873706 ], [ 11.340438904357928, 44.529876557371338 ], [ 11.34052526651805, 44.529989686061583 ], [ 11.340610033158189, 44.530100677787793 ], [ 11.340686696555501, 44.530198826939497 ], [ 11.340742607926384, 44.530270303932859 ], [ 11.340821444394116, 44.530384667013784 ] ] ] ] } },
{ "type": "Feature", "properties": { "codice_area_statistica": 78, "area_statistica": "MALPIGHI-1", "cod_quar": 13, "quartiere": "Porto - Saragozza", "cod_zona": "L", "zona": "Malpighi" }, "geometry": { "type": "MultiPolygon", "coordinates": [ [ [ [ 11.342573646407805, 44.493613500424765 ], [ 11.342688951837715, 44.493999919813923 ], [ 11.342542144538337, 44.494102528130661 ], [ 11.34252850077913, 44.49427216474043 ], [ 11.342551793059833, 44.494421912892719 ], [ 11.342586201694091, 44.494907895497121 ], [ 11.342438589525932, 44.494931747576494 ], [ 11.341066431936735, 44.49515683657151 ], [ 11.340982007322429, 44.495168704830093 ], [ 11.340559317970039, 44.495233080237973 ], [ 11.340355340297586, 44.495263144752137 ], [ 11.339705062120142, 44.49535693984555 ], [ 11.339002633980101, 44.495463620183017 ], [ 11.338600192119634, 44.495523630326133 ], [ 11.338547050311648, 44.495531479937348 ], [ 11.337691519195459, 44.495662669686197 ], [ 11.337330660363691, 44.49574038711404 ], [ 11.337133239808349, 44.495796761195997 ], [ 11.337016055068705, 44.495834612493276 ], [ 11.336902792088662, 44.495609895057001 ], [ 11.336695342025898, 44.495077803730659 ], [ 11.336409769499062, 44.494337433682404 ], [ 11.336051918257676, 44.493535244782471 ], [ 11.335843606337995, 44.493208545390935 ], [ 11.335921642871934, 44.493155183690916 ], [ 11.336155887221146, 44.493056430137813 ], [ 11.336290384912514, 44.492999662050842 ], [ 11.336530741514725, 44.492896839498982 ], [ 11.336616156571891, 44.492850636397648 ], [ 11.336691354922756, 44.492804651367166 ], [ 11.336786180861061, 44.492718869180095 ], [ 11.336874730305489, 44.492652913062734 ], [ 11.337074197103725, 44.492549801095237 ], [ 11.337305050691443, 44.492425790315167 ], [ 11.337499293858615, 44.492329536496449 ], [ 11.337724683771436, 44.492225892565273 ], [ 11.337770695487238, 44.492197375369919 ], [ 11.337810391739739, 44.492167871172171 ], [ 11.337852982278825, 44.49213211390547 ], [ 11.337901406709568, 44.492084983908171 ], [ 11.338209904770579, 44.491917176953947 ], [ 11.338396015975542, 44.491834033891287 ], [ 11.338588072634527, 44.491742324296297 ], [ 11.338691610310576, 44.491697440855987 ], [ 11.338794048904937, 44.491664391235908 ], [ 11.339004552627468, 44.491601561405965 ], [ 11.339267163155087, 44.491544415358192 ], [ 11.339567067924197, 44.491476367457857 ], [ 11.339790451572288, 44.491421149469318 ], [ 11.339909875918204, 44.491380440589666 ], [ 11.339990569260813, 44.491354029403546 ], [ 11.340127073479769, 44.491347288051898 ], [ 11.340519204641106, 44.491325177748926 ], [ 11.340829912866246, 44.49131092955772 ], [ 11.341091673390697, 44.49131117923983 ], [ 11.341646192189071, 44.491320052538505 ], [ 11.341752464245223, 44.491324066306056 ], [ 11.341827449563946, 44.491920623997366 ], [ 11.341864237275841, 44.492112857780981 ], [ 11.341885523122766, 44.492212565885907 ], [ 11.341901574360888, 44.492260067338947 ], [ 11.341952874187932, 44.492441875451988 ], [ 11.342005996270714, 44.492610133267867 ], [ 11.342073407043907, 44.492899641821161 ], [ 11.342079313021896, 44.492929346218816 ], [ 11.342140264076301, 44.493116573829383 ], [ 11.342189980803461, 44.493239339322272 ], [ 11.342274213656891, 44.493497551684669 ], [ 11.342323645363003, 44.493591829776349 ], [ 11.342323574241725, 44.493591624176204 ], [ 11.342573646407805, 44.493613500424765 ] ] ] ] } },
{ "type": "Feature", "properties": { "codice_area_statistica": 37, "area_statistica": "BATTINDARNO", "cod_quar": 11, "quartiere": "Borgo Panigale - Reno", "cod_zona": "A", "zona": "Barca" }, "geometry": { "type": "MultiPolygon", "coordinates": [ [ [ [ 11.30337251572881, 44.501283141732578 ], [ 11.303220001720318, 44.50134623018149 ], [ 11.303064674698224, 44.501402101093461 ], [ 11.302224381902072, 44.501618448883875 ], [ 11.300705060118483, 44.50200617591738 ], [ 11.299847236648811, 44.502225326204766 ], [ 11.299547352758207, 44.50230607085328 ], [ 11.298788689620453, 44.502510341960296 ], [ 11.298361355651803, 44.502628057776882 ], [ 11.298149067042036, 44.50268951608836 ], [ 11.297797467198262, 44.50278697074144 ], [ 11.296298727386588, 44.503231994299881 ], [ 11.29577667799073, 44.503388624235008 ], [ 11.295059853015889, 44.503603804481649 ], [ 11.294728490720377, 44.503702094154761 ], [ 11.294374466832329, 44.503807959372431 ], [ 11.293441004176831, 44.504090654437015 ], [ 11.293173602408949, 44.504168695147655 ], [ 11.293150842374976, 44.504175985307356 ], [ 11.292644179957636, 44.504327961559355 ], [ 11.291587265246683, 44.504642361086908 ], [ 11.291482178818175, 44.504462114359747 ], [ 11.291327739480165, 44.504189339371869 ], [ 11.291195211951132, 44.50395499751054 ], [ 11.291109032327574, 44.503777566859526 ], [ 11.291050950210716, 44.50362470743876 ], [ 11.290995653635504, 44.503432171732939 ], [ 11.290962475474888, 44.503205369419689 ], [ 11.290976638693344, 44.502511580473289 ], [ 11.290984656407243, 44.502045554043825 ], [ 11.290991491888242, 44.501793344602618 ], [ 11.291005928284706, 44.501259985034686 ], [ 11.291001776272855, 44.501154017949354 ], [ 11.290988587560257, 44.501069433299541 ], [ 11.290972577721975, 44.500976091735865 ], [ 11.290965231668624, 44.50094463109636 ], [ 11.290915173420654, 44.500796138810074 ], [ 11.290902866062286, 44.500739822572143 ], [ 11.290889616308609, 44.500659452339086 ], [ 11.290774565953832, 44.500463506241644 ], [ 11.290530966578341, 44.500038115839764 ], [ 11.290213970577051, 44.499459118889803 ], [ 11.290049532631544, 44.499149893025738 ], [ 11.289927395483165, 44.498861478600375 ], [ 11.289873362191436, 44.498696158690414 ], [ 11.28980145298995, 44.498476173513218 ], [ 11.289667404801198, 44.497988212306986 ], [ 11.289483831825276, 44.497344905245875 ], [ 11.289348648275778, 44.496944750581505 ], [ 11.289143480517039, 44.496529443364423 ], [ 11.289022698657051, 44.496253856370046 ], [ 11.289005990023396, 44.496197169008063 ], [ 11.288983433683915, 44.496075915297389 ], [ 11.288944957769433, 44.496014857001946 ], [ 11.288877861756811, 44.495934377789204 ], [ 11.28882580693363, 44.495849986924576 ], [ 11.288489903077465, 44.49516377393968 ], [ 11.288104119271178, 44.494374867827801 ], [ 11.288046249780873, 44.494253340409699 ], [ 11.288006123128362, 44.49415774491424 ], [ 11.287959842693903, 44.49403215907035 ], [ 11.287908528871929, 44.493874354779052 ], [ 11.287822661105738, 44.493499092150522 ], [ 11.287807037791614, 44.493322513318624 ], [ 11.287807794530634, 44.493220318726692 ], [ 11.287839845547543, 44.493066407247902 ], [ 11.287890099555932, 44.492891695053906 ], [ 11.288007691242973, 44.49261344478829 ], [ 11.28814859378196, 44.492637241306035 ], [ 11.288295407972864, 44.492638862795623 ], [ 11.288417064218619, 44.492630428379783 ], [ 11.289077420323737, 44.492403944361627 ], [ 11.289165065621598, 44.492361081017044 ], [ 11.289228781408097, 44.492334731094438 ], [ 11.289426859376402, 44.491996726545246 ], [ 11.289448174887855, 44.491960351699802 ], [ 11.289592154638463, 44.4919975616058 ], [ 11.289970511621586, 44.492104566455708 ], [ 11.290249394725695, 44.492180661288501 ], [ 11.290619855704687, 44.492284455421121 ], [ 11.290932925270345, 44.492371791038892 ], [ 11.291172385482135, 44.492438996966257 ], [ 11.291487040615902, 44.492528558887329 ], [ 11.291800109177078, 44.49261580211337 ], [ 11.292002472885496, 44.49267348807863 ], [ 11.292113854074985, 44.492707442168609 ], [ 11.292250380836261, 44.492750794084223 ], [ 11.292398529848905, 44.492802185830669 ], [ 11.292495783182336, 44.492835072860863 ], [ 11.292599276836746, 44.492871858642914 ], [ 11.292694321316988, 44.492907427623138 ], [ 11.292777267715108, 44.492937891968573 ], [ 11.292864366589646, 44.492971612811743 ], [ 11.292990012819384, 44.493022924606521 ], [ 11.293140078811218, 44.493084359784596 ], [ 11.293267165667487, 44.493140323681828 ], [ 11.29336590735123, 44.493182272686298 ], [ 11.293449777163088, 44.493220550244729 ], [ 11.293532456173534, 44.49326021105712 ], [ 11.293610466382866, 44.493296274551355 ], [ 11.293691249906587, 44.49333570325399 ], [ 11.293848418313113, 44.493414639870004 ], [ 11.293929263475706, 44.493458838538089 ], [ 11.29403122968705, 44.493512425537077 ], [ 11.294119745814918, 44.493559791873345 ], [ 11.294221219443189, 44.493620050518082 ], [ 11.294307073720539, 44.493670089957661 ], [ 11.294387920943244, 44.493717529189823 ], [ 11.294456093172858, 44.493759272409839 ], [ 11.29454976365219, 44.493816176586471 ], [ 11.294630494034068, 44.493867038978422 ], [ 11.294706273442126, 44.49391673146917 ], [ 11.294785633642054, 44.493971132303372 ], [ 11.29486327196172, 44.494023317048743 ], [ 11.295035901922599, 44.494147134200659 ], [ 11.29510388340692, 44.494196812147088 ], [ 11.29520342457803, 44.494271873010696 ], [ 11.295285754314852, 44.494337818127249 ], [ 11.295368122005113, 44.49440152077549 ], [ 11.295432712222656, 44.494454507644996 ], [ 11.29545134068902, 44.494470877883529 ], [ 11.295520469530684, 44.494520928621583 ], [ 11.295570023585912, 44.494568951251892 ], [ 11.295797990489605, 44.494759533979668 ], [ 11.296111637651974, 44.495021223872691 ], [ 11.296419117315011, 44.495279525949542 ], [ 11.296718725398543, 44.495526282189545 ], [ 11.296906619266233, 44.495689130689655 ], [ 11.297124435053183, 44.495870822361141 ], [ 11.297263181852649, 44.495986414354427 ], [ 11.297401971255866, 44.49610307662703 ], [ 11.29750023819788, 44.496187163691403 ], [ 11.297633613882077, 44.496298226993609 ], [ 11.298423927697712, 44.496954639703169 ], [ 11.298498754864147, 44.497011919993135 ], [ 11.298551160325577, 44.497052366734906 ], [ 11.298625865242393, 44.497109730425208 ], [ 11.298703633001047, 44.497168211729836 ], [ 11.298787445894545, 44.497230082257111 ], [ 11.298857901491973, 44.497278528777116 ], [ 11.298946372035578, 44.497340485442791 ], [ 11.299014238701027, 44.497383861531418 ], [ 11.299138588505381, 44.497465801407074 ], [ 11.299204674322672, 44.497508664090489 ], [ 11.299282682546455, 44.497557237308605 ], [ 11.299363924940421, 44.497608086001527 ], [ 11.299443648892446, 44.497652303308854 ], [ 11.299505409071948, 44.49768751072434 ], [ 11.299645337878948, 44.497768956173424 ], [ 11.29987299084349, 44.497887246211469 ], [ 11.300149085616416, 44.498034358294639 ], [ 11.300651597502686, 44.498299882111873 ], [ 11.301026293471532, 44.498500883886017 ], [ 11.302567175425629, 44.499310871425891 ], [ 11.303866247157837, 44.500017723471515 ], [ 11.304356190931468, 44.500266370599249 ], [ 11.305021489060969, 44.500624475392613 ], [ 11.305094503937152, 44.500667086694214 ], [ 11.305219182678755, 44.500738147130534 ], [ 11.305414357878673, 44.500858432264891 ], [ 11.305616139995355, 44.500992807698438 ], [ 11.305695346571021, 44.501049184538523 ], [ 11.305717255053958, 44.501065666882454 ], [ 11.30582038262428, 44.501138197242653 ], [ 11.305764522778615, 44.501175290847456 ], [ 11.305469899183175, 44.501370916771378 ], [ 11.305393747508118, 44.501401596048048 ], [ 11.305296902030072, 44.501423951669238 ], [ 11.305212261057159, 44.50144606075547 ], [ 11.304098766657168, 44.50135749399869 ], [ 11.303971164553611, 44.501337382930267 ], [ 11.303850364562267, 44.501288776313757 ], [ 11.303758374742856, 44.501233565431484 ], [ 11.303657576560314, 44.501166459767411 ], [ 11.30337251572881, 44.501283141732578 ] ] ] ] } },
{ "type": "Feature", "properties": { "codice_area_statistica": 12, "area_statistica": "CASERME ROSSE-MANIFATTURA", "cod_quar": 12, "quartiere": "Navile", "cod_zona": "B", "zona": "Bolognina" }, "geometry": { "type": "MultiPolygon", "coordinates": [ [ [ [ 11.363159030254746, 44.521850509315698 ], [ 11.363475422391607, 44.522256284519422 ], [ 11.363795701927478, 44.522687428513748 ], [ 11.363803780356323, 44.522698307351064 ], [ 11.3638610575948, 44.522774417107712 ], [ 11.363901695561914, 44.522831461924582 ], [ 11.36372918264507, 44.522921584750677 ], [ 11.362906189772785, 44.523312859296396 ], [ 11.362183178344656, 44.523659026807401 ], [ 11.3610405923689, 44.524207162359183 ], [ 11.361000491947619, 44.52422689710874 ], [ 11.360814025348263, 44.524314477318327 ], [ 11.360722422071758, 44.524358593700249 ], [ 11.358466391705793, 44.525436387853851 ], [ 11.358451959880759, 44.525443302895795 ], [ 11.358375257436832, 44.525480051530721 ], [ 11.358320110380397, 44.525506479001443 ], [ 11.358144721565449, 44.525588424446752 ], [ 11.357989141754571, 44.525662308273915 ], [ 11.357840704900816, 44.525735144093559 ], [ 11.35769175445358, 44.525804929463163 ], [ 11.357515290269601, 44.525888336555404 ], [ 11.357355142977244, 44.525967265243253 ], [ 11.35717430597745, 44.526051482313449 ], [ 11.357104942466654, 44.526085206734983 ], [ 11.357016303250218, 44.526127755502827 ], [ 11.356835110218665, 44.526209098572053 ], [ 11.356685054703373, 44.526279625642637 ], [ 11.356526851133477, 44.526350950901083 ], [ 11.356342028752472, 44.526432827238516 ], [ 11.356183823095089, 44.526501001173827 ], [ 11.355994163908974, 44.526578736585506 ], [ 11.355793555627031, 44.526665520133214 ], [ 11.355657219080625, 44.526720548428962 ], [ 11.35548555754851, 44.526788999072068 ], [ 11.355314631918819, 44.526856984145248 ], [ 11.355190027592533, 44.52690618823172 ], [ 11.355065686163192, 44.526952866046685 ], [ 11.354953478619613, 44.526994612082198 ], [ 11.354847000627377, 44.52703488943034 ], [ 11.354739044653167, 44.52707565629661 ], [ 11.354579778785384, 44.527133226875378 ], [ 11.354454106437494, 44.527178130967172 ], [ 11.35436314017733, 44.527206744720523 ], [ 11.354186079038769, 44.527269002992881 ], [ 11.354097401526364, 44.527296020895427 ], [ 11.353423321349574, 44.52751853604822 ], [ 11.350982366900338, 44.528298076040358 ], [ 11.350952529703779, 44.528307495025416 ], [ 11.350859114297522, 44.528337254730978 ], [ 11.350193845967878, 44.528549171369299 ], [ 11.349500312476392, 44.528777807440058 ], [ 11.348846759030172, 44.528982102013316 ], [ 11.348463439663817, 44.529102808576901 ], [ 11.34796112757002, 44.529254841593463 ], [ 11.347351981713254, 44.52942294222894 ], [ 11.347222555674232, 44.529456122206859 ], [ 11.347073893508052, 44.529494792990413 ], [ 11.346929108485581, 44.529531925455863 ], [ 11.346774364793246, 44.529570846918809 ], [ 11.346649496781401, 44.529601591880343 ], [ 11.34652868074275, 44.529629822726612 ], [ 11.346055910206411, 44.529742088041424 ], [ 11.345393531857574, 44.529876675485212 ], [ 11.344157153580666, 44.53011420756723 ], [ 11.343062596919559, 44.530318989914051 ], [ 11.341685256148354, 44.530573468447237 ], [ 11.341463222524281, 44.53038440541247 ], [ 11.341445710003597, 44.530363212550604 ], [ 11.341417283723255, 44.530341334286994 ], [ 11.341354658998211, 44.530310560756554 ], [ 11.341292447347584, 44.530265914811508 ], [ 11.341196953996226, 44.530192225048758 ], [ 11.341114947897111, 44.53012501950468 ], [ 11.340973962203014, 44.52999958868746 ], [ 11.340829083573887, 44.529871527758807 ], [ 11.340715263643782, 44.529764453877469 ], [ 11.340597833523933, 44.529661496044469 ], [ 11.340494370719522, 44.529565696812469 ], [ 11.340421630915072, 44.529485661207929 ], [ 11.340364873436208, 44.529419107778793 ], [ 11.340302374979874, 44.529354067413749 ], [ 11.340215454022083, 44.529257739734135 ], [ 11.340142204748608, 44.529165281885291 ], [ 11.340052573436449, 44.52904966318453 ], [ 11.33997888219168, 44.528946159169408 ], [ 11.339856776961264, 44.528791135678595 ], [ 11.339774468920272, 44.528672944958238 ], [ 11.339689430274118, 44.528544385202146 ], [ 11.339589833242607, 44.528416816956117 ], [ 11.339514013568602, 44.528323601143533 ], [ 11.339430737138587, 44.52821450457354 ], [ 11.339349716994679, 44.528113031866638 ], [ 11.339232035019092, 44.527971897984123 ], [ 11.339131877379792, 44.527854792764046 ], [ 11.33903606448828, 44.527748752575995 ], [ 11.338989200834675, 44.527673056189364 ], [ 11.338983490737123, 44.527627881404996 ], [ 11.338986760479697, 44.527563707311415 ], [ 11.339034589375, 44.527468650726036 ], [ 11.339097080420215, 44.527350994382033 ], [ 11.339162868786937, 44.527217948108479 ], [ 11.339166814752605, 44.527194865754971 ], [ 11.339176863919675, 44.527105462645956 ], [ 11.339119551330631, 44.527036264196283 ], [ 11.339038396450551, 44.526980085799281 ], [ 11.338909464352994, 44.526922806693243 ], [ 11.338772393766483, 44.526881016510899 ], [ 11.338605611769745, 44.526827294315588 ], [ 11.338516765383806, 44.526797758598306 ], [ 11.338404153267012, 44.526758950898298 ], [ 11.338316024337036, 44.526723125554973 ], [ 11.338229649733298, 44.526682393833127 ], [ 11.338151608541512, 44.526631030400097 ], [ 11.338097041949917, 44.526581976890654 ], [ 11.338035275502561, 44.526498924175598 ], [ 11.3379932526801, 44.52642243501959 ], [ 11.337934696443543, 44.526298210886708 ], [ 11.337898660876887, 44.526202459662287 ], [ 11.338358118254215, 44.526030489882373 ], [ 11.338657475317087, 44.525935862290794 ], [ 11.339017155965509, 44.525819742155093 ], [ 11.339179858370994, 44.525766615143546 ], [ 11.339281708181359, 44.525733109138713 ], [ 11.339540935925262, 44.525648034042327 ], [ 11.339804673344281, 44.525562775894826 ], [ 11.340717960918731, 44.525265864753244 ], [ 11.341402367646685, 44.525044536188204 ], [ 11.341697484066081, 44.524948592195237 ], [ 11.341919480863774, 44.524876698941263 ], [ 11.342250032188367, 44.524769448546941 ], [ 11.342656275893043, 44.524638668629862 ], [ 11.343728451421283, 44.524291398200887 ], [ 11.344080374932242, 44.524177212852891 ], [ 11.344433251000272, 44.524062025576903 ], [ 11.344854112410315, 44.523925725132294 ], [ 11.344929726381997, 44.523901512475391 ], [ 11.345334792923714, 44.5237718004865 ], [ 11.345692565732248, 44.523656148600921 ], [ 11.346109265348167, 44.523522899879737 ], [ 11.34641082596082, 44.52342423650456 ], [ 11.346459018434972, 44.523408481715272 ], [ 11.34683759203795, 44.5232844764192 ], [ 11.347119548337929, 44.523192795070514 ], [ 11.347359905111942, 44.52311466205262 ], [ 11.347560365296347, 44.523049232378369 ], [ 11.347763463173795, 44.522983378997559 ], [ 11.348097897448222, 44.522876211826109 ], [ 11.348334645058779, 44.522799141272088 ], [ 11.348378954543, 44.522784797928402 ], [ 11.348646425254552, 44.522698200158139 ], [ 11.348925532266611, 44.522607464215277 ], [ 11.349166875481222, 44.522528946985034 ], [ 11.34947954731409, 44.522428345343677 ], [ 11.349753826364537, 44.522339966380144 ], [ 11.349981618130352, 44.522265597467609 ], [ 11.350215756112483, 44.522189467979615 ], [ 11.350232033079475, 44.52218587393785 ], [ 11.350402693215379, 44.522128993047907 ], [ 11.350566276454106, 44.522075750615372 ], [ 11.350726177933288, 44.522024834403268 ], [ 11.350880325215249, 44.521977277387833 ], [ 11.350914198479231, 44.521963165989767 ], [ 11.351083617715759, 44.521908002114543 ], [ 11.35121921797885, 44.521862987247083 ], [ 11.351478510220641, 44.521778180743013 ], [ 11.351690419599811, 44.52170887092317 ], [ 11.351909317769939, 44.521638759530823 ], [ 11.351917363303508, 44.521652943826467 ], [ 11.351956049286228, 44.521640551474569 ], [ 11.352236975276808, 44.521550553162974 ], [ 11.352669231753277, 44.521411576355568 ], [ 11.353041851133113, 44.521290346916032 ], [ 11.353379471063326, 44.521181523127929 ], [ 11.353949298340636, 44.520997330192913 ], [ 11.354244211327028, 44.520902348174047 ], [ 11.354475974807215, 44.520825646728667 ], [ 11.354807296122791, 44.520714283869026 ], [ 11.354998627299008, 44.520649110449391 ], [ 11.35514145483649, 44.520600295779083 ], [ 11.355296871578973, 44.520548826498612 ], [ 11.35542035905106, 44.520505650005028 ], [ 11.355570005138382, 44.52045244489922 ], [ 11.355722576278367, 44.520398765115878 ], [ 11.355860546727182, 44.520346547786993 ], [ 11.356021228850491, 44.52028713663357 ], [ 11.356156352026391, 44.520237030293444 ], [ 11.356298125153961, 44.520183959725578 ], [ 11.356436246653344, 44.520133016943191 ], [ 11.356556661820052, 44.520086400647642 ], [ 11.356668868372171, 44.520043734763291 ], [ 11.356838216491559, 44.519974600844307 ], [ 11.356987531548967, 44.519916062198732 ], [ 11.357104011817547, 44.519864566166845 ], [ 11.357107483751674, 44.51986298204686 ], [ 11.357181565216486, 44.519832851220151 ], [ 11.357284479577523, 44.519790997784476 ], [ 11.357483051962388, 44.51971332816116 ], [ 11.357648004580179, 44.51964258233243 ], [ 11.357776280885959, 44.519588762391464 ], [ 11.35798163678991, 44.519503362636691 ], [ 11.358144142269689, 44.519433431855134 ], [ 11.358292793878887, 44.519367874211639 ], [ 11.358423294976674, 44.519313089318679 ], [ 11.358585449949617, 44.519239177018953 ], [ 11.358752943833263, 44.519163497699211 ], [ 11.358918434456882, 44.519089011856323 ], [ 11.359064699398775, 44.519023286463245 ], [ 11.359306073117464, 44.518912256916543 ], [ 11.359419006083954, 44.51885932840549 ], [ 11.359494014967359, 44.51882418048919 ], [ 11.359653217781283, 44.518750453724003 ], [ 11.359814910234435, 44.518669527243354 ], [ 11.359973404776415, 44.518592303677089 ], [ 11.360094746299664, 44.518532943883095 ], [ 11.36021951682299, 44.518472504775225 ], [ 11.360268026097078, 44.518448275195588 ], [ 11.360505317107766, 44.518329738370319 ], [ 11.360536711735501, 44.518313559764842 ], [ 11.36063559322333, 44.518262640102641 ], [ 11.360812591352518, 44.518169449297709 ], [ 11.36083855981845, 44.518215176340775 ], [ 11.360977881232417, 44.518508676842721 ], [ 11.361205430488026, 44.519013811682008 ], [ 11.36147105662441, 44.519550621522299 ], [ 11.361784726807567, 44.520035050131511 ], [ 11.362104815798517, 44.520517823586339 ], [ 11.362706783736277, 44.521274309200976 ], [ 11.363159030254746, 44.521850509315698 ] ] ] ] } },
{ "type": "Feature", "properties": { "codice_area_statistica": 13, "area_statistica": "CNR", "cod_quar": 12, "quartiere": "Navile", "cod_zona": "B", "zona": "Bolognina" }, "geometry": { "type": "MultiPolygon", "coordinates": [ [ [ [ 11.34683759203795, 44.5232844764192 ], [ 11.346459018434972, 44.523408481715272 ], [ 11.34641082596082, 44.52342423650456 ], [ 11.346109265348167, 44.523522899879737 ], [ 11.345692565732248, 44.523656148600921 ], [ 11.345334792923714, 44.5237718004865 ], [ 11.344929726381997, 44.523901512475391 ], [ 11.344854112410315, 44.523925725132294 ], [ 11.344433251000272, 44.524062025576903 ], [ 11.344080374932242, 44.524177212852891 ], [ 11.343728451421283, 44.524291398200887 ], [ 11.342656275893043, 44.524638668629862 ], [ 11.342250032188367, 44.524769448546941 ], [ 11.341919480863774, 44.524876698941263 ], [ 11.341697484066081, 44.524948592195237 ], [ 11.341402367646685, 44.525044536188204 ], [ 11.340717960918731, 44.525265864753244 ], [ 11.339804673344281, 44.525562775894826 ], [ 11.339540935925262, 44.525648034042327 ], [ 11.339281708181359, 44.525733109138713 ], [ 11.339179858370994, 44.525766615143546 ], [ 11.339017155965509, 44.525819742155093 ], [ 11.338657475317087, 44.525935862290794 ], [ 11.338358118254215, 44.526030489882373 ], [ 11.337898660876887, 44.526202459662287 ], [ 11.337860678148585, 44.526105532959974 ], [ 11.337809580798577, 44.525986233431489 ], [ 11.33774302278718, 44.525846310583646 ], [ 11.337708350008187, 44.525772020455669 ], [ 11.337668881008327, 44.525699575029343 ], [ 11.337629469363581, 44.525628874907547 ], [ 11.337610117599866, 44.525571708927799 ], [ 11.337592786986628, 44.525504040599166 ], [ 11.337605445302795, 44.525454942581135 ], [ 11.337629241782462, 44.52537945507904 ], [ 11.337657289154892, 44.525288180082242 ], [ 11.337678925124433, 44.525219713783827 ], [ 11.3376838596308, 44.52516031297079 ], [ 11.337675368557713, 44.525130832474005 ], [ 11.337644042330016, 44.525079151195939 ], [ 11.337576315792601, 44.525031699293777 ], [ 11.337482269933984, 44.52499699374205 ], [ 11.337363659892684, 44.52495756961099 ], [ 11.337210461399142, 44.524906637088499 ], [ 11.33712630029625, 44.524875221844049 ], [ 11.337059201972039, 44.524843457209634 ], [ 11.337003590403061, 44.524794010439081 ], [ 11.336965643978418, 44.524759902434532 ], [ 11.336926664538934, 44.524699654168408 ], [ 11.336893944938083, 44.524613116341982 ], [ 11.336859482008832, 44.524421959600524 ], [ 11.336837330415902, 44.524295081064963 ], [ 11.336806562614743, 44.524196295800003 ], [ 11.336782821032685, 44.52409038071788 ], [ 11.336751007917316, 44.523965455433625 ], [ 11.336654315371868, 44.523803480356392 ], [ 11.336535067819973, 44.52368731269118 ], [ 11.336289364108245, 44.52351792628189 ], [ 11.336138388306116, 44.523400670062706 ], [ 11.336075461134003, 44.523351372541498 ], [ 11.336004532199695, 44.5232848007985 ], [ 11.335921977667816, 44.523171374582191 ], [ 11.335860027189087, 44.52308543459047 ], [ 11.33579077172403, 44.522999644038826 ], [ 11.335733408485641, 44.522906624134485 ], [ 11.335682039047279, 44.522841398461722 ], [ 11.335638672227409, 44.522732400683708 ], [ 11.335586258975244, 44.52257998863854 ], [ 11.335541568583208, 44.522437870516377 ], [ 11.33549855077646, 44.522337589007073 ], [ 11.335445429933026, 44.522106698141258 ], [ 11.335413190187174, 44.521971311208347 ], [ 11.335372403282912, 44.521865753521695 ], [ 11.335303556457376, 44.521729368972096 ], [ 11.335273210533133, 44.521641035585247 ], [ 11.335238195208087, 44.521558028193205 ], [ 11.33517305480477, 44.521452968629028 ], [ 11.335147016405992, 44.521411639425928 ], [ 11.335093070330741, 44.521342973191246 ], [ 11.335022216292277, 44.521217099485455 ], [ 11.334964159833374, 44.521106655407742 ], [ 11.334901237841262, 44.520996310819193 ], [ 11.334874585890827, 44.520939302654988 ], [ 11.334844437337873, 44.520856195587918 ], [ 11.33483734300747, 44.520800524878823 ], [ 11.334815417491185, 44.520739927036502 ], [ 11.334776860759785, 44.520690130314605 ], [ 11.334704183359618, 44.520579994140398 ], [ 11.33446551808886, 44.520220334873954 ], [ 11.334376780301326, 44.520134941842322 ], [ 11.334332644041893, 44.519721204866009 ], [ 11.334315027640514, 44.519587337051433 ], [ 11.334271456290155, 44.519378279508288 ], [ 11.334234811077414, 44.519146672959863 ], [ 11.334171690033227, 44.518938015121485 ], [ 11.334110257506566, 44.518771301622898 ], [ 11.334040434321663, 44.518590769679328 ], [ 11.334018711567511, 44.518432192723509 ], [ 11.333997360136079, 44.518331422570043 ], [ 11.333989995907576, 44.51824344713831 ], [ 11.333968953752112, 44.518077960292437 ], [ 11.333931623848271, 44.517987302592552 ], [ 11.333885277246706, 44.517910315055005 ], [ 11.333783634892677, 44.517798789875386 ], [ 11.333720619570657, 44.517735106727677 ], [ 11.333581449468291, 44.517581181316778 ], [ 11.333486828645922, 44.51746554220103 ], [ 11.333421378465763, 44.517296119628291 ], [ 11.333430961176411, 44.517064702106815 ], [ 11.334387089333015, 44.517058720485352 ], [ 11.334433825655635, 44.517378228701993 ], [ 11.334490089421196, 44.517670381335016 ], [ 11.334506417161066, 44.517793733522815 ], [ 11.334538518126333, 44.517950018565557 ], [ 11.334585557545717, 44.518111093530003 ], [ 11.334643921989624, 44.518282883958975 ], [ 11.334697358333209, 44.518416982423943 ], [ 11.334759430701457, 44.518546141878517 ], [ 11.334798333035614, 44.518616907504232 ], [ 11.33490068790597, 44.51878963455259 ], [ 11.334956080210491, 44.518866850757064 ], [ 11.335022741966423, 44.518955908838635 ], [ 11.335097528591026, 44.519053686198539 ], [ 11.335203227377884, 44.519179693331722 ], [ 11.335324217485034, 44.519316469679453 ], [ 11.33546863599118, 44.519470204516864 ], [ 11.335628915737438, 44.519637622609714 ], [ 11.335660572218279, 44.519669672165293 ], [ 11.335717700109447, 44.519721951417999 ], [ 11.335776479871511, 44.51977588932106 ], [ 11.335829473099292, 44.519822626524693 ], [ 11.335879968241919, 44.519866047866714 ], [ 11.335927207708568, 44.519906718008848 ], [ 11.335964612728073, 44.519937452505623 ], [ 11.336005228952978, 44.519969822758576 ], [ 11.336050649569497, 44.52000433631401 ], [ 11.33610579222735, 44.520045969966858 ], [ 11.336168203007, 44.520092514282638 ], [ 11.336225709523506, 44.520134099499735 ], [ 11.336279145951288, 44.520172392030368 ], [ 11.336330898267008, 44.520207901205367 ], [ 11.336358402523025, 44.520227035862327 ], [ 11.336389896426455, 44.520247763330119 ], [ 11.336420543933839, 44.520266833638203 ], [ 11.33649636511554, 44.52031422861306 ], [ 11.336531082528387, 44.520336582541731 ], [ 11.336606134460428, 44.520384560349065 ], [ 11.336640829654129, 44.520406356540668 ], [ 11.336673048936635, 44.52042539460696 ], [ 11.336739081119804, 44.52046398724579 ], [ 11.33679626105698, 44.520497701625459 ], [ 11.336850140260761, 44.520527540429256 ], [ 11.3369007766183, 44.520554636798288 ], [ 11.33695941574242, 44.520585503425103 ], [ 11.337021210731619, 44.520616305412283 ], [ 11.337086181778439, 44.520648176662675 ], [ 11.337154331009961, 44.52068054096403 ], [ 11.337217617600068, 44.520709619825688 ], [ 11.337281674398763, 44.520738133726439 ], [ 11.337348117283851, 44.520767156892504 ], [ 11.337415317087148, 44.520795597360184 ], [ 11.337454490204145, 44.52081167501737 ], [ 11.337499237594118, 44.520829321993851 ], [ 11.337635831429374, 44.520882223662305 ], [ 11.337677391055678, 44.520898819531915 ], [ 11.337938698620283, 44.521002047793104 ], [ 11.338038583611445, 44.521041638815746 ], [ 11.33813685211396, 44.521080137541674 ], [ 11.338359722543021, 44.52116615602182 ], [ 11.338460422511504, 44.521206288137229 ], [ 11.338603417279259, 44.521261875314501 ], [ 11.338686537264799, 44.521295057312948 ], [ 11.338764082651474, 44.52132666098418 ], [ 11.338834449715444, 44.52135560288167 ], [ 11.338941616905004, 44.52140010334017 ], [ 11.338999715964242, 44.521323759613999 ], [ 11.339075091987899, 44.521353661029337 ], [ 11.339181040104878, 44.521394423176808 ], [ 11.339270650291985, 44.5214294073009 ], [ 11.339375812238577, 44.521469384150429 ], [ 11.339450675790886, 44.521500619193617 ], [ 11.339568145521197, 44.521546276307525 ], [ 11.339682287383924, 44.52159084017957 ], [ 11.339839264377714, 44.521652080902292 ], [ 11.339874358650064, 44.521665882663413 ], [ 11.340030014419016, 44.521727114194569 ], [ 11.340194572414388, 44.521792250168758 ], [ 11.340585253940498, 44.521945286877909 ], [ 11.340799786654204, 44.522030004113894 ], [ 11.340961849298189, 44.522092489381585 ], [ 11.341083068506, 44.522140588750624 ], [ 11.341295276687621, 44.522223471190749 ], [ 11.341492399930051, 44.522300441897244 ], [ 11.342092748210712, 44.522533319358274 ], [ 11.342165447166503, 44.522561653190628 ], [ 11.342353278833198, 44.522636562409851 ], [ 11.342409211011462, 44.522658479218784 ], [ 11.342459523596487, 44.522677702522394 ], [ 11.342555378997018, 44.522714563468533 ], [ 11.342648802562314, 44.522749772758907 ], [ 11.34274062241858, 44.522783898569486 ], [ 11.342830010778943, 44.522816381730443 ], [ 11.342896220674282, 44.522839779840794 ], [ 11.342964037589567, 44.522863712089112 ], [ 11.343034192842923, 44.52288758729879 ], [ 11.343105932395861, 44.522911429945594 ], [ 11.343179266404492, 44.522935806978531 ], [ 11.343254149415664, 44.52295958500661 ], [ 11.343330626887386, 44.522983897414548 ], [ 11.343408676093581, 44.523008177505211 ], [ 11.343497060096777, 44.523035054168183 ], [ 11.343549589266772, 44.523050855528574 ], [ 11.343599711978579, 44.523065013791722 ], [ 11.343622743211956, 44.523070734698855 ], [ 11.343644994538499, 44.52307646261098 ], [ 11.343679954937688, 44.523085314544481 ], [ 11.343715684737912, 44.523093583509834 ], [ 11.343752194098458, 44.523101836458181 ], [ 11.343789483019595, 44.523110073388757 ], [ 11.34382678416333, 44.5231183010536 ], [ 11.343866436904047, 44.523126489423852 ], [ 11.343906089655359, 44.523134677780078 ], [ 11.343947291718271, 44.523142276151738 ], [ 11.343976609355197, 44.523147858902412 ], [ 11.34400749903407, 44.523153418367663 ], [ 11.344071654060741, 44.52316447048446 ], [ 11.34414208360252, 44.52317540271909 ], [ 11.344225167006874, 44.523187767530089 ], [ 11.344329924375511, 44.52319334937377 ], [ 11.34447387609506, 44.523211999071911 ], [ 11.344506721225132, 44.523215798754038 ], [ 11.344585509390441, 44.523224920577626 ], [ 11.344729377610104, 44.523238350191122 ], [ 11.344855043572533, 44.523246923046862 ], [ 11.34494956506509, 44.523253623838102 ], [ 11.34503667123627, 44.523257416019192 ], [ 11.345117813749898, 44.523259980268186 ], [ 11.345193046761464, 44.523262665867186 ], [ 11.345262294443643, 44.523263583851048 ], [ 11.345318077736252, 44.52326450835082 ], [ 11.345401526159106, 44.523264954435994 ], [ 11.345538552630027, 44.523261859887569 ], [ 11.34567005248925, 44.523258707690658 ], [ 11.345768009538727, 44.523253813948045 ], [ 11.345861540592626, 44.523248380898821 ], [ 11.345945113350711, 44.523242522248694 ], [ 11.346027956969214, 44.523237308700708 ], [ 11.346148386076484, 44.523224831773931 ], [ 11.346222300098439, 44.523216920798276 ], [ 11.346277194580273, 44.523211381263714 ], [ 11.346331898292192, 44.523204225165593 ], [ 11.346388509674069, 44.523197569981917 ], [ 11.346459964160367, 44.523187638822201 ], [ 11.346530214760177, 44.523175931855796 ], [ 11.346607725377334, 44.523163265373874 ], [ 11.34668418311923, 44.523149450152793 ], [ 11.346748617351002, 44.523137052392777 ], [ 11.346819136630087, 44.523122638960928 ], [ 11.346886140822209, 44.523108747880634 ], [ 11.346947369830836, 44.523094876470033 ], [ 11.347021516473582, 44.523076787316334 ], [ 11.347088557686163, 44.523060374642945 ], [ 11.347148123507585, 44.523045826120281 ], [ 11.347235247980507, 44.523021888402901 ], [ 11.347343935577488, 44.522989674995877 ], [ 11.347458684670563, 44.522955176223519 ], [ 11.347521787356715, 44.522934703117059 ], [ 11.347674100170112, 44.522885837782525 ], [ 11.347809630341041, 44.522842088770872 ], [ 11.347974329861415, 44.522788647049367 ], [ 11.348334489316125, 44.522672541662864 ], [ 11.348378954543, 44.522784797928402 ], [ 11.348334645058779, 44.522799141272088 ], [ 11.348097897448222, 44.522876211826109 ], [ 11.347763463173795, 44.522983378997559 ], [ 11.347560365296347, 44.523049232378369 ], [ 11.347359905111942, 44.52311466205262 ], [ 11.347119548337929, 44.523192795070514 ], [ 11.34683759203795, 44.5232844764192 ] ] ] ] } },
{ "type": "Feature", "properties": { "codice_area_statistica": 14, "area_statistica": "ARCOVEGGIO", "cod_quar": 12, "quartiere": "Navile", "cod_zona": "B", "zona": "Bolognina" }, "geometry": { "type": "MultiPolygon", "coordinates": [ [ [ [ 11.348193342758046, 44.521479753892834 ], [ 11.348189325953637, 44.522047960313166 ], [ 11.348211409347668, 44.522254897723926 ], [ 11.348246892959516, 44.52242579234629 ], [ 11.348292097248496, 44.522562394338436 ], [ 11.348334489316125, 44.522672541662864 ], [ 11.347974329861415, 44.522788647049367 ], [ 11.347809630341041, 44.522842088770872 ], [ 11.347674100170112, 44.522885837782525 ], [ 11.347521787356715, 44.522934703117059 ], [ 11.347458684670563, 44.522955176223519 ], [ 11.347343935577488, 44.522989674995877 ], [ 11.347235247980507, 44.523021888402901 ], [ 11.347148123507585, 44.523045826120281 ], [ 11.347088557686163, 44.523060374642945 ], [ 11.347021516473582, 44.523076787316334 ], [ 11.346947369830836, 44.523094876470033 ], [ 11.346886140822209, 44.523108747880634 ], [ 11.346819136630087, 44.523122638960928 ], [ 11.346748617351002, 44.523137052392777 ], [ 11.34668418311923, 44.523149450152793 ], [ 11.346607725377334, 44.523163265373874 ], [ 11.346530214760177, 44.523175931855796 ], [ 11.346459964160367, 44.523187638822201 ], [ 11.346388509674069, 44.523197569981917 ], [ 11.346331898292192, 44.523204225165593 ], [ 11.346277194580273, 44.523211381263714 ], [ 11.346222300098439, 44.523216920798276 ], [ 11.346148386076484, 44.523224831773931 ], [ 11.346027956969214, 44.523237308700708 ], [ 11.345945113350711, 44.523242522248694 ], [ 11.345861540592626, 44.523248380898821 ], [ 11.345768009538727, 44.523253813948045 ], [ 11.34567005248925, 44.523258707690658 ], [ 11.345538552630027, 44.523261859887569 ], [ 11.345401526159106, 44.523264954435994 ], [ 11.345318077736252, 44.52326450835082 ], [ 11.345262294443643, 44.523263583851048 ], [ 11.345193046761464, 44.523262665867186 ], [ 11.345117813749898, 44.523259980268186 ], [ 11.34503667123627, 44.523257416019192 ], [ 11.34494956506509, 44.523253623838102 ], [ 11.344855043572533, 44.523246923046862 ], [ 11.344729377610104, 44.523238350191122 ], [ 11.344585509390441, 44.523224920577626 ], [ 11.344506721225132, 44.523215798754038 ], [ 11.34447387609506, 44.523211999071911 ], [ 11.344329924375511, 44.52319334937377 ], [ 11.344225167006874, 44.523187767530089 ], [ 11.34414208360252, 44.52317540271909 ], [ 11.344071654060741, 44.52316447048446 ], [ 11.34400749903407, 44.523153418367663 ], [ 11.343976609355197, 44.523147858902412 ], [ 11.343947291718271, 44.523142276151738 ], [ 11.343906089655359, 44.523134677780078 ], [ 11.343866436904047, 44.523126489423852 ], [ 11.34382678416333, 44.5231183010536 ], [ 11.343789483019595, 44.523110073388757 ], [ 11.343752194098458, 44.523101836458181 ], [ 11.343715684737912, 44.523093583509834 ], [ 11.343679954937688, 44.523085314544481 ], [ 11.343644994538499, 44.52307646261098 ], [ 11.343622743211956, 44.523070734698855 ], [ 11.343599711978579, 44.523065013791722 ], [ 11.343549589266772, 44.523050855528574 ], [ 11.343497060096777, 44.523035054168183 ], [ 11.343408676093581, 44.523008177505211 ], [ 11.343330626887386, 44.522983897414548 ], [ 11.343254149415664, 44.52295958500661 ], [ 11.343179266404492, 44.522935806978531 ], [ 11.343105932395861, 44.522911429945594 ], [ 11.343034192842923, 44.52288758729879 ], [ 11.342964037589567, 44.522863712089112 ], [ 11.342896220674282, 44.522839779840794 ], [ 11.342830010778943, 44.522816381730443 ], [ 11.34274062241858, 44.522783898569486 ], [ 11.342648802562314, 44.522749772758907 ], [ 11.342555378997018, 44.522714563468533 ], [ 11.342459523596487, 44.522677702522394 ], [ 11.342409211011462, 44.522658479218784 ], [ 11.342353278833198, 44.522636562409851 ], [ 11.342165447166503, 44.522561653190628 ], [ 11.342092748210712, 44.522533319358274 ], [ 11.341492399930051, 44.522300441897244 ], [ 11.341295276687621, 44.522223471190749 ], [ 11.341083068506, 44.522140588750624 ], [ 11.340961849298189, 44.522092489381585 ], [ 11.340799786654204, 44.522030004113894 ], [ 11.340585253940498, 44.521945286877909 ], [ 11.340194572414388, 44.521792250168758 ], [ 11.340030014419016, 44.521727114194569 ], [ 11.339874358650064, 44.521665882663413 ], [ 11.339839264377714, 44.521652080902292 ], [ 11.339682287383924, 44.52159084017957 ], [ 11.339568145521197, 44.521546276307525 ], [ 11.339450675790886, 44.521500619193617 ], [ 11.339375812238577, 44.521469384150429 ], [ 11.339270650291985, 44.5214294073009 ], [ 11.339181040104878, 44.521394423176808 ], [ 11.339075091987899, 44.521353661029337 ], [ 11.338999715964242, 44.521323759613999 ], [ 11.338941616905004, 44.52140010334017 ], [ 11.338834449715444, 44.52135560288167 ], [ 11.338764082651474, 44.52132666098418 ], [ 11.338686537264799, 44.521295057312948 ], [ 11.338603417279259, 44.521261875314501 ], [ 11.338460422511504, 44.521206288137229 ], [ 11.338359722543021, 44.52116615602182 ], [ 11.33813685211396, 44.521080137541674 ], [ 11.338038583611445, 44.521041638815746 ], [ 11.337938698620283, 44.521002047793104 ], [ 11.337677391055678, 44.520898819531915 ], [ 11.337635831429374, 44.520882223662305 ], [ 11.337499237594118, 44.520829321993851 ], [ 11.337454490204145, 44.52081167501737 ], [ 11.337415317087148, 44.520795597360184 ], [ 11.337348117283851, 44.520767156892504 ], [ 11.337281674398763, 44.520738133726439 ], [ 11.337217617600068, 44.520709619825688 ], [ 11.337154331009961, 44.52068054096403 ], [ 11.337086181778439, 44.520648176662675 ], [ 11.337021210731619, 44.520616305412283 ], [ 11.33695941574242, 44.520585503425103 ], [ 11.3369007766183, 44.520554636798288 ], [ 11.336850140260761, 44.520527540429256 ], [ 11.33679626105698, 44.520497701625459 ], [ 11.336739081119804, 44.52046398724579 ], [ 11.336673048936635, 44.52042539460696 ], [ 11.336640829654129, 44.520406356540668 ], [ 11.336606134460428, 44.520384560349065 ], [ 11.336531082528387, 44.520336582541731 ], [ 11.33649636511554, 44.52031422861306 ], [ 11.336420543933839, 44.520266833638203 ], [ 11.336389896426455, 44.520247763330119 ], [ 11.336358402523025, 44.520227035862327 ], [ 11.336330898267008, 44.520207901205367 ], [ 11.336279145951288, 44.520172392030368 ], [ 11.336225709523506, 44.520134099499735 ], [ 11.336168203007, 44.520092514282638 ], [ 11.33610579222735, 44.520045969966858 ], [ 11.336050649569497, 44.52000433631401 ], [ 11.336005228952978, 44.519969822758576 ], [ 11.335964612728073, 44.519937452505623 ], [ 11.335927207708568, 44.519906718008848 ], [ 11.335879968241919, 44.519866047866714 ], [ 11.335829473099292, 44.519822626524693 ], [ 11.335776479871511, 44.51977588932106 ], [ 11.335717700109447, 44.519721951417999 ], [ 11.335660572218279, 44.519669672165293 ], [ 11.335628915737438, 44.519637622609714 ], [ 11.33546863599118, 44.519470204516864 ], [ 11.335324217485034, 44.519316469679453 ], [ 11.335203227377884, 44.519179693331722 ], [ 11.335097528591026, 44.519053686198539 ], [ 11.335022741966423, 44.518955908838635 ], [ 11.334956080210491, 44.518866850757064 ], [ 11.33490068790597, 44.51878963455259 ], [ 11.334798333035614, 44.518616907504232 ], [ 11.334759430701457, 44.518546141878517 ], [ 11.334697358333209, 44.518416982423943 ], [ 11.334643921989624, 44.518282883958975 ], [ 11.334585557545717, 44.518111093530003 ], [ 11.334538518126333, 44.517950018565557 ], [ 11.334506417161066, 44.517793733522815 ], [ 11.334490089421196, 44.517670381335016 ], [ 11.334433825655635, 44.517378228701993 ], [ 11.334387089333015, 44.517058720485352 ], [ 11.335640131714705, 44.517056045845152 ], [ 11.335750266361776, 44.517051964848463 ], [ 11.335962108637858, 44.517043569867184 ], [ 11.336016746637975, 44.517036140980252 ], [ 11.33607950633343, 44.517030751487191 ], [ 11.336117870785159, 44.517029192152137 ], [ 11.336203008257685, 44.516889566655074 ], [ 11.336299975179806, 44.516754407322772 ], [ 11.336448402797293, 44.516568248453112 ], [ 11.336627616927183, 44.516305585666814 ], [ 11.336712427011554, 44.516177651796127 ], [ 11.337128374556253, 44.515596321886086 ], [ 11.337334326692435, 44.5152954528291 ], [ 11.337442056617373, 44.515136647464168 ], [ 11.33758097833654, 44.514936988837206 ], [ 11.337728925143931, 44.514725810991031 ], [ 11.337820508528392, 44.514627977153978 ], [ 11.337922658994703, 44.514525704622187 ], [ 11.338086580459366, 44.514388695303289 ], [ 11.338339206189731, 44.514212139013523 ], [ 11.339292511837277, 44.51357636406005 ], [ 11.339455877463772, 44.51349350554348 ], [ 11.339595102497977, 44.513447835997169 ], [ 11.339730651943237, 44.513417527964094 ], [ 11.340585324473944, 44.513304741900171 ], [ 11.340954250789528, 44.513255296941473 ], [ 11.341332810685314, 44.513205455143542 ], [ 11.341436220828285, 44.51317723567923 ], [ 11.341596879821381, 44.513121761382692 ], [ 11.341492412123692, 44.512695850523627 ], [ 11.342426724439106, 44.512568318337507 ], [ 11.342468382889727, 44.512563952495263 ], [ 11.343383861348844, 44.512441561299624 ], [ 11.344175995785466, 44.512333489100371 ], [ 11.345233167081359, 44.512190609247924 ], [ 11.346871830750745, 44.51195590440647 ], [ 11.346891472062229, 44.512008588699345 ], [ 11.347039719574083, 44.512645883869141 ], [ 11.347119755666609, 44.512988127036884 ], [ 11.347304959388181, 44.513703695356625 ], [ 11.347379328432384, 44.514014401823104 ], [ 11.347403313271311, 44.514099702986307 ], [ 11.347564863195016, 44.514653468071486 ], [ 11.347665592243388, 44.514952847141238 ], [ 11.34768464237662, 44.515047459336024 ], [ 11.347725335827311, 44.515434650610594 ], [ 11.347710710897987, 44.515851715724203 ], [ 11.347707404899868, 44.516484132207317 ], [ 11.347754174046548, 44.51691289826551 ], [ 11.347809006761597, 44.517344730347872 ], [ 11.348250000219711, 44.519998983409323 ], [ 11.348305348429514, 44.520349214340577 ], [ 11.348292792291307, 44.520550265508696 ], [ 11.348237261804442, 44.520902480262265 ], [ 11.348193342758046, 44.521479753892834 ] ] ] ] } },
{ "type": "Feature", "properties": { "codice_area_statistica": 15, "area_statistica": "VIA FERRARESE", "cod_quar": 12, "quartiere": "Navile", "cod_zona": "B", "zona": "Bolognina" }, "geometry": { "type": "MultiPolygon", "coordinates": [ [ [ [ 11.351690419599811, 44.52170887092317 ], [ 11.351478510220641, 44.521778180743013 ], [ 11.35121921797885, 44.521862987247083 ], [ 11.351083617715759, 44.521908002114543 ], [ 11.350914198479231, 44.521963165989767 ], [ 11.350880325215249, 44.521977277387833 ], [ 11.350726177933288, 44.522024834403268 ], [ 11.350566276454106, 44.522075750615372 ], [ 11.350402693215379, 44.522128993047907 ], [ 11.350232033079475, 44.52218587393785 ], [ 11.350215756112483, 44.522189467979615 ], [ 11.349981618130352, 44.522265597467609 ], [ 11.349753826364537, 44.522339966380144 ], [ 11.34947954731409, 44.522428345343677 ], [ 11.349166875481222, 44.522528946985034 ], [ 11.348925532266611, 44.522607464215277 ], [ 11.348646425254552, 44.522698200158139 ], [ 11.348378954543, 44.522784797928402 ], [ 11.348334489316125, 44.522672541662864 ], [ 11.348292097248496, 44.522562394338436 ], [ 11.348246892959516, 44.52242579234629 ], [ 11.348211409347668, 44.522254897723926 ], [ 11.348189325953637, 44.522047960313166 ], [ 11.348193342758046, 44.521479753892834 ], [ 11.348237261804442, 44.520902480262265 ], [ 11.348292792291307, 44.520550265508696 ], [ 11.348305348429514, 44.520349214340577 ], [ 11.348250000219711, 44.519998983409323 ], [ 11.347809006761597, 44.517344730347872 ], [ 11.347754174046548, 44.51691289826551 ], [ 11.347707404899868, 44.516484132207317 ], [ 11.347710710897987, 44.515851715724203 ], [ 11.347725335827311, 44.515434650610594 ], [ 11.34768464237662, 44.515047459336024 ], [ 11.347665592243388, 44.514952847141238 ], [ 11.347564863195016, 44.514653468071486 ], [ 11.347403313271311, 44.514099702986307 ], [ 11.347379328432384, 44.514014401823104 ], [ 11.347304959388181, 44.513703695356625 ], [ 11.347119755666609, 44.512988127036884 ], [ 11.347039719574083, 44.512645883869141 ], [ 11.346891472062229, 44.512008588699345 ], [ 11.346871830750745, 44.51195590440647 ], [ 11.347550097103859, 44.511863329484704 ], [ 11.348809709958294, 44.51168319567283 ], [ 11.349342987110953, 44.511611994538818 ], [ 11.350447573961272, 44.511459664088839 ], [ 11.351481966356333, 44.511318950828908 ], [ 11.352912209174047, 44.511120447464428 ], [ 11.353450618214373, 44.511045718373524 ], [ 11.355889253113517, 44.51070748658902 ], [ 11.3568799480731, 44.510631616396914 ], [ 11.356964788419617, 44.510820214839086 ], [ 11.357296542056526, 44.511495641521648 ], [ 11.357813118326911, 44.512547346848564 ], [ 11.357893510066218, 44.51271128839474 ], [ 11.358822776319176, 44.514608689366206 ], [ 11.359505417593642, 44.516015931686944 ], [ 11.359628502443044, 44.51626348741916 ], [ 11.359702232726223, 44.516400233539329 ], [ 11.359751113178739, 44.516484630315077 ], [ 11.360367638456866, 44.517425794287874 ], [ 11.360687596058808, 44.51794927517701 ], [ 11.360772723426145, 44.518099225681098 ], [ 11.360785213668665, 44.518121230678311 ], [ 11.360803582527764, 44.518153575061156 ], [ 11.360812591352518, 44.518169449297709 ], [ 11.36063559322333, 44.518262640102641 ], [ 11.360536711735501, 44.518313559764842 ], [ 11.360505317107766, 44.518329738370319 ], [ 11.360268026097078, 44.518448275195588 ], [ 11.36021951682299, 44.518472504775225 ], [ 11.360094746299664, 44.518532943883095 ], [ 11.359973404776415, 44.518592303677089 ], [ 11.359814910234435, 44.518669527243354 ], [ 11.359653217781283, 44.518750453724003 ], [ 11.359494014967359, 44.51882418048919 ], [ 11.359419006083954, 44.51885932840549 ], [ 11.359306073117464, 44.518912256916543 ], [ 11.359064699398775, 44.519023286463245 ], [ 11.358918434456882, 44.519089011856323 ], [ 11.358752943833263, 44.519163497699211 ], [ 11.358585449949617, 44.519239177018953 ], [ 11.358423294976674, 44.519313089318679 ], [ 11.358292793878887, 44.519367874211639 ], [ 11.358144142269689, 44.519433431855134 ], [ 11.35798163678991, 44.519503362636691 ], [ 11.357776280885959, 44.519588762391464 ], [ 11.357648004580179, 44.51964258233243 ], [ 11.357483051962388, 44.51971332816116 ], [ 11.357284479577523, 44.519790997784476 ], [ 11.357181565216486, 44.519832851220151 ], [ 11.357107483751674, 44.51986298204686 ], [ 11.357104011817547, 44.519864566166845 ], [ 11.356987531548967, 44.519916062198732 ], [ 11.356838216491559, 44.519974600844307 ], [ 11.356668868372171, 44.520043734763291 ], [ 11.356556661820052, 44.520086400647642 ], [ 11.356436246653344, 44.520133016943191 ], [ 11.356298125153961, 44.520183959725578 ], [ 11.356156352026391, 44.520237030293444 ], [ 11.356021228850491, 44.52028713663357 ], [ 11.355860546727182, 44.520346547786993 ], [ 11.355722576278367, 44.520398765115878 ], [ 11.355570005138382, 44.52045244489922 ], [ 11.35542035905106, 44.520505650005028 ], [ 11.355296871578973, 44.520548826498612 ], [ 11.35514145483649, 44.520600295779083 ], [ 11.354998627299008, 44.520649110449391 ], [ 11.354807296122791, 44.520714283869026 ], [ 11.354475974807215, 44.520825646728667 ], [ 11.354244211327028, 44.520902348174047 ], [ 11.353949298340636, 44.520997330192913 ], [ 11.353379471063326, 44.521181523127929 ], [ 11.353041851133113, 44.521290346916032 ], [ 11.352669231753277, 44.521411576355568 ], [ 11.352236975276808, 44.521550553162974 ], [ 11.351956049286228, 44.521640551474569 ], [ 11.351917363303508, 44.521652943826467 ], [ 11.351909317769939, 44.521638759530823 ], [ 11.351690419599811, 44.52170887092317 ] ] ] ] } },
{ "type": "Feature", "properties": { "codice_area_statistica": 17, "area_statistica": "PIAZZA DELL'UNITA'", "cod_quar": 12, "quartiere": "Navile", "cod_zona": "B", "zona": "Bolognina" }, "geometry": { "type": "MultiPolygon", "coordinates": [ [ [ [ 11.353820842579026, 44.504395055643016 ], [ 11.354085310437942, 44.504929072011876 ], [ 11.354131935691775, 44.505023213625911 ], [ 11.35442605584209, 44.505617087889696 ], [ 11.354435626128156, 44.505637002237442 ], [ 11.354773946441718, 44.506340803504429 ], [ 11.354787382684213, 44.506367678079798 ], [ 11.354810164236248, 44.506413247259097 ], [ 11.354948700896697, 44.506690342182004 ], [ 11.35511460688908, 44.507035030693501 ], [ 11.355208636865132, 44.507214069283705 ], [ 11.355466515358211, 44.507720958393527 ], [ 11.355491050335914, 44.507789096688015 ], [ 11.355915331540073, 44.508688213664954 ], [ 11.356414432414091, 44.509709047567284 ], [ 11.356494197985525, 44.509862028975974 ], [ 11.356810199413149, 44.510510261524239 ], [ 11.3568799480731, 44.510631616396914 ], [ 11.355889253113517, 44.51070748658902 ], [ 11.353450618214373, 44.511045718373524 ], [ 11.352912209174047, 44.511120447464428 ], [ 11.351481966356333, 44.511318950828908 ], [ 11.350447573961272, 44.511459664088839 ], [ 11.349342987110953, 44.511611994538818 ], [ 11.348809709958294, 44.51168319567283 ], [ 11.347550097103859, 44.511863329484704 ], [ 11.346871830750745, 44.51195590440647 ], [ 11.345233167081359, 44.512190609247924 ], [ 11.344175995785466, 44.512333489100371 ], [ 11.343383861348844, 44.512441561299624 ], [ 11.342468382889727, 44.512563952495263 ], [ 11.342426724439106, 44.512568318337507 ], [ 11.341492412123692, 44.512695850523627 ], [ 11.34124727245309, 44.511762676620386 ], [ 11.340958561408799, 44.510696968602524 ], [ 11.340695025023232, 44.50967402780968 ], [ 11.340519487353415, 44.508939200645806 ], [ 11.340381403335316, 44.508389049124688 ], [ 11.340206139705264, 44.507709563500143 ], [ 11.342085854705608, 44.507455770363855 ], [ 11.342602118779817, 44.507387722583736 ], [ 11.342912084615588, 44.507346872332562 ], [ 11.343316738949019, 44.507291816028683 ], [ 11.343945032933417, 44.50720883177685 ], [ 11.346074426173558, 44.506922244011044 ], [ 11.346032241294372, 44.506777026320592 ], [ 11.345876554485734, 44.506241107036388 ], [ 11.345742815758898, 44.505781195304877 ], [ 11.345898923220957, 44.50575271711444 ], [ 11.345970381218688, 44.505740265460425 ], [ 11.34625634075279, 44.505693957774582 ], [ 11.346617950922095, 44.505635930361059 ], [ 11.346943645284396, 44.505579801554426 ], [ 11.347304048747132, 44.505520266337733 ], [ 11.347391781569414, 44.505505858673104 ], [ 11.347758056266988, 44.505441871051723 ], [ 11.348035062020291, 44.505390701616363 ], [ 11.34829662063799, 44.505342388004692 ], [ 11.349013462913751, 44.505202764576026 ], [ 11.349491739841183, 44.505105776810652 ], [ 11.35015551505286, 44.504965852019431 ], [ 11.35019077273583, 44.504961381066245 ], [ 11.35042931705563, 44.504931163412728 ], [ 11.350618857900907, 44.504903016647539 ], [ 11.350839679936184, 44.50487193871983 ], [ 11.351022163326377, 44.50484567411997 ], [ 11.351181096273802, 44.50481907506061 ], [ 11.351327142556487, 44.504793920557788 ], [ 11.351487868622433, 44.504764682393301 ], [ 11.351681168068389, 44.504725860412137 ], [ 11.351973540352137, 44.504648446439347 ], [ 11.352166792982905, 44.504595346523217 ], [ 11.352321038890347, 44.504552961919636 ], [ 11.352498255184914, 44.504502136453091 ], [ 11.352668653775085, 44.504447580117848 ], [ 11.352897307841193, 44.504371747057455 ], [ 11.35305240632562, 44.504315254868182 ], [ 11.353288602093539, 44.504226481913427 ], [ 11.353578707614304, 44.504108499956814 ], [ 11.353605602368164, 44.504103174079809 ], [ 11.353673521948362, 44.504077601787316 ], [ 11.353820842579026, 44.504395055643016 ] ] ] ] } },
{ "type": "Feature", "properties": { "codice_area_statistica": 71, "area_statistica": "STADIO-MELONCELLO", "cod_quar": 13, "quartiere": "Porto - Saragozza", "cod_zona": "F", "zona": "Costa Saragozza" }, "geometry": { "type": "MultiPolygon", "coordinates": [ [ [ [ 11.312021603181787, 44.486520225969677 ], [ 11.311572595411855, 44.486696133482653 ], [ 11.3115710016263, 44.486694513680845 ], [ 11.311546679158706, 44.486704031393039 ], [ 11.310790973952894, 44.485933422294444 ], [ 11.310394094058712, 44.485297787504074 ], [ 11.309977824111549, 44.484548894789086 ], [ 11.308441238009722, 44.484965982196599 ], [ 11.308386454677475, 44.484892251376017 ], [ 11.308084009090406, 44.484358228722883 ], [ 11.307959569577195, 44.48411262393352 ], [ 11.307905114099462, 44.483708616759316 ], [ 11.307998453193623, 44.483504738272735 ], [ 11.307767492552996, 44.483188698830702 ], [ 11.307547341334194, 44.482807738687889 ], [ 11.307571675649866, 44.482468532805072 ], [ 11.307456621008605, 44.482460730546997 ], [ 11.307423968229632, 44.482250396508455 ], [ 11.307264153962398, 44.482143911949031 ], [ 11.307197070113464, 44.482014847048831 ], [ 11.30688062934626, 44.48212409691039 ], [ 11.306780919300387, 44.482174293825594 ], [ 11.306969853734547, 44.482468668147057 ], [ 11.306852638699851, 44.482755052836957 ], [ 11.306921818623724, 44.483193563484861 ], [ 11.306812097060314, 44.483628418849165 ], [ 11.306808291979101, 44.48363123962617 ], [ 11.306806711907329, 44.483637433944793 ], [ 11.306674018174474, 44.483735715252706 ], [ 11.306670656597726, 44.484218704853184 ], [ 11.30666261039832, 44.484225592294159 ], [ 11.306662584221, 44.484227757135031 ], [ 11.306395955427357, 44.484455593617689 ], [ 11.306181950024435, 44.485109070108862 ], [ 11.306741368083713, 44.485236962004166 ], [ 11.306384150402584, 44.485895697910273 ], [ 11.306485255043592, 44.48597303379821 ], [ 11.306547341278781, 44.48600128627298 ], [ 11.306694200160759, 44.486059501436749 ], [ 11.306788029544862, 44.486095450566339 ], [ 11.306980675304148, 44.486157886007561 ], [ 11.307146136659288, 44.486206904801605 ], [ 11.307286137963699, 44.486264263007591 ], [ 11.307401670056786, 44.486376285173549 ], [ 11.307663538843922, 44.48644946746024 ], [ 11.30791528897829, 44.486555081219997 ], [ 11.308018288604547, 44.486595578403389 ], [ 11.308106605568801, 44.486640622488174 ], [ 11.308330531885247, 44.486723385731104 ], [ 11.308554766054153, 44.486846088638217 ], [ 11.308717096503377, 44.486953860902311 ], [ 11.308887365443132, 44.48707902833879 ], [ 11.308922091502115, 44.487118218287591 ], [ 11.308948455924153, 44.487164866754298 ], [ 11.308984885935525, 44.487174133592795 ], [ 11.309022714967881, 44.48718373312596 ], [ 11.309064154435312, 44.487198076007388 ], [ 11.309100946346039, 44.487218453697224 ], [ 11.309166765954549, 44.487265935292967 ], [ 11.309240244768906, 44.487321547905047 ], [ 11.309349145165013, 44.487410028995797 ], [ 11.309520023222904, 44.487548899512547 ], [ 11.309585284673304, 44.487638064279921 ], [ 11.309367803418178, 44.487743733439046 ], [ 11.308798936695981, 44.488006673700859 ], [ 11.308380824399931, 44.488191447801178 ], [ 11.308066461887709, 44.488336395561603 ], [ 11.307956099973136, 44.488378850466887 ], [ 11.307952779911142, 44.488377815827484 ], [ 11.307927820795371, 44.488387421006806 ], [ 11.307698806121198, 44.488315996902095 ], [ 11.3069532313155, 44.488101293206419 ], [ 11.306016440731295, 44.487828965869589 ], [ 11.305770138414649, 44.488206513683068 ], [ 11.305837140186634, 44.488225926625987 ], [ 11.305669181048215, 44.488659360557904 ], [ 11.305648042220358, 44.488653058970435 ], [ 11.305642211645502, 44.48866798960146 ], [ 11.304238873970874, 44.488247154691855 ], [ 11.30403561098607, 44.488453883927612 ], [ 11.304007982499437, 44.488505651928413 ], [ 11.30399191792665, 44.48849955834465 ], [ 11.303984694899938, 44.488512994521024 ], [ 11.303129418703262, 44.488186245883433 ], [ 11.301199668206927, 44.487448976715932 ], [ 11.3008014668298, 44.487296648794995 ], [ 11.300352721527936, 44.487118339198865 ], [ 11.300253720994009, 44.48707926424531 ], [ 11.298616288292557, 44.486433711810683 ], [ 11.298272168302306, 44.486297174926428 ], [ 11.298167199901918, 44.486247599644756 ], [ 11.298087280551828, 44.486308434029496 ], [ 11.297990356789361, 44.486370977164455 ], [ 11.297855127147967, 44.486469933476556 ], [ 11.29775671912436, 44.486496813678571 ], [ 11.297672634476623, 44.486509145385533 ], [ 11.297663132623789, 44.486506691190151 ], [ 11.297660586864211, 44.486507066100998 ], [ 11.29755015781776, 44.486478670283397 ], [ 11.297457078827222, 44.486470492731549 ], [ 11.297388934521516, 44.486507493739985 ], [ 11.29725629773375, 44.486549311670892 ], [ 11.297132140283404, 44.486555281515621 ], [ 11.297129666626908, 44.486553138645448 ], [ 11.297118962537592, 44.486553661541258 ], [ 11.296976309704764, 44.486430234502592 ], [ 11.296933910578856, 44.486376594876745 ], [ 11.296901002398782, 44.486313887707134 ], [ 11.296866782310998, 44.486243068572179 ], [ 11.296843692975845, 44.486180604953603 ], [ 11.296829633381165, 44.486120390354266 ], [ 11.296823153642976, 44.486050480489574 ], [ 11.296822378240238, 44.485992933458583 ], [ 11.29682310696913, 44.48593397876607 ], [ 11.296826638458025, 44.485856404317616 ], [ 11.296827737248519, 44.485781570591847 ], [ 11.296832192186965, 44.485730400197411 ], [ 11.296687436842296, 44.485678846379074 ], [ 11.296646254526284, 44.485737941108049 ], [ 11.296433453163509, 44.485981704826678 ], [ 11.29622916938721, 44.486213145101495 ], [ 11.296164616634908, 44.48625640376595 ], [ 11.296137865891875, 44.486274328554295 ], [ 11.296065345023495, 44.486323548707958 ], [ 11.295843276554722, 44.486574253250609 ], [ 11.295790673508819, 44.486631535096741 ], [ 11.295715515893846, 44.486713439778917 ], [ 11.295404380768511, 44.487054221267385 ], [ 11.294848108790177, 44.48768383152008 ], [ 11.295049761908118, 44.487755183357876 ], [ 11.295046057239706, 44.487797374697138 ], [ 11.295044496178248, 44.48780473717752 ], [ 11.295686647668912, 44.488035574924879 ], [ 11.295922988510977, 44.488114302969535 ], [ 11.296668247630034, 44.488359468936366 ], [ 11.297079563894062, 44.488502859863225 ], [ 11.297390178102731, 44.488605126515921 ], [ 11.297897505975067, 44.488785338400533 ], [ 11.298064662142712, 44.488844334522348 ], [ 11.298568634131859, 44.48902001064112 ], [ 11.298926285255414, 44.489154806645217 ], [ 11.299039430402564, 44.489209073338067 ], [ 11.299315318899582, 44.489337979562855 ], [ 11.299511723403199, 44.489435491716918 ], [ 11.299779413881748, 44.48956855009974 ], [ 11.300322245647967, 44.489876926059416 ], [ 11.300364838680014, 44.489901131000899 ], [ 11.300765476760546, 44.490195553241506 ], [ 11.301204043593303, 44.490524967788993 ], [ 11.301585804026587, 44.490812142457685 ], [ 11.301685653162769, 44.49090647504579 ], [ 11.301771747374302, 44.491027750574595 ], [ 11.301819781407819, 44.49116333338057 ], [ 11.301868468649261, 44.491315188683814 ], [ 11.302183380877649, 44.492154577886097 ], [ 11.302260833968663, 44.492354682934092 ], [ 11.301819059651208, 44.492495875722739 ], [ 11.303455621074521, 44.493082089942725 ], [ 11.304475032054123, 44.49345961912141 ], [ 11.305761417618596, 44.49391926118912 ], [ 11.306259942322766, 44.494097659919518 ], [ 11.306867105594854, 44.494318549990332 ], [ 11.307202209209656, 44.494432682466339 ], [ 11.307538880021978, 44.494586501696197 ], [ 11.307895625816286, 44.494780461728574 ], [ 11.30866534274082, 44.49514756168707 ], [ 11.308963426576199, 44.495289112310424 ], [ 11.30924465325527, 44.495344866398945 ], [ 11.309895935841801, 44.495482249051527 ], [ 11.310445092971674, 44.495592022463576 ], [ 11.310598270171031, 44.495614417461503 ], [ 11.310843758168138, 44.493962190797021 ], [ 11.311006602192654, 44.492914422786505 ], [ 11.311187149970978, 44.491780726323476 ], [ 11.311302028966239, 44.49099046654171 ], [ 11.311331882385634, 44.490865284216106 ], [ 11.311347979527353, 44.490797780943353 ], [ 11.311385730033212, 44.490643612401236 ], [ 11.311411893900024, 44.490566380545367 ], [ 11.31144362176796, 44.490506465042984 ], [ 11.311466587023117, 44.490471141994064 ], [ 11.311519157330654, 44.490445671487514 ], [ 11.311490473249107, 44.490086130545237 ], [ 11.312280573389422, 44.490060298569126 ], [ 11.312403615211824, 44.489792229700207 ], [ 11.312401743352094, 44.489776693129471 ], [ 11.312414069251098, 44.489767170776183 ], [ 11.312452533449784, 44.489766661690695 ], [ 11.312504075968462, 44.489759756892575 ], [ 11.312560651862968, 44.489740515579591 ], [ 11.312601111280761, 44.489733214079116 ], [ 11.312664547230348, 44.489731298774295 ], [ 11.312713839931837, 44.489731110382564 ], [ 11.312773863978761, 44.489751050418036 ], [ 11.312808511988067, 44.489758990940487 ], [ 11.312829630834988, 44.489758743119715 ], [ 11.312871081379001, 44.489770146839142 ], [ 11.312875238849752, 44.489722618933662 ], [ 11.312883337051616, 44.489698417930946 ], [ 11.312895866672452, 44.489662243718477 ], [ 11.312915791472051, 44.489609534948379 ], [ 11.312966445689241, 44.489491114794738 ], [ 11.312986536502384, 44.489296620781374 ], [ 11.312973962938512, 44.489287152739827 ], [ 11.312965950991522, 44.489224476961276 ], [ 11.312956206937395, 44.489137079139958 ], [ 11.312932909315771, 44.489126748066411 ], [ 11.312898454882889, 44.489110971400883 ], [ 11.312880468646679, 44.489079115528881 ], [ 11.3128679223526, 44.489044889785831 ], [ 11.312902610884706, 44.488907554578567 ], [ 11.312730326441983, 44.488903725985168 ], [ 11.312727133174258, 44.488862720838242 ], [ 11.312663087767405, 44.488853332261691 ], [ 11.312666620928342, 44.488843132763854 ], [ 11.312530399342137, 44.48881719210479 ], [ 11.312537743272594, 44.48878440892431 ], [ 11.312555406429, 44.488733978669892 ], [ 11.31252402806828, 44.488695795132557 ], [ 11.312206958440468, 44.488648202195932 ], [ 11.312106579629381, 44.488475251850886 ], [ 11.312090883184251, 44.48825726580823 ], [ 11.313097798086833, 44.488131888205892 ], [ 11.313123755390022, 44.488114077253819 ], [ 11.313343172705519, 44.488049520678423 ], [ 11.313320063725257, 44.488015328978349 ], [ 11.313273907478999, 44.487931648901181 ], [ 11.313223926259496, 44.487843148899948 ], [ 11.313194586037003, 44.487786856029778 ], [ 11.31310558554695, 44.487635489271007 ], [ 11.312897844110879, 44.487416740163894 ], [ 11.312808515183958, 44.487263075153422 ], [ 11.312712246188385, 44.487111990374018 ], [ 11.312614231504098, 44.486964451887729 ], [ 11.312554530822585, 44.486866722759089 ], [ 11.312475316028859, 44.48670800018192 ], [ 11.312331992920372, 44.486432272987031 ], [ 11.312337542587093, 44.486395279529354 ], [ 11.312021603181787, 44.486520225969677 ] ] ] ] } },
{ "type": "Feature", "properties": { "codice_area_statistica": 31, "area_statistica": "PRATI DI CAPRARA-OSPEDALE MAGGIORE", "cod_quar": 13, "quartiere": "Porto - Saragozza", "cod_zona": "P", "zona": "Saffi" }, "geometry": { "type": "MultiPolygon", "coordinates": [ [ [ [ 11.312951341721327, 44.510886899598361 ], [ 11.312843012797272, 44.510905839237424 ], [ 11.312736810705648, 44.510934017330378 ], [ 11.312689898988083, 44.510953179930432 ], [ 11.312545623127914, 44.511012125737658 ], [ 11.312465051056323, 44.510861650581489 ], [ 11.31211009309443, 44.510898053858973 ], [ 11.311991528842906, 44.51078164835414 ], [ 11.311836219300588, 44.510609666830831 ], [ 11.311778148020236, 44.510532124420372 ], [ 11.311719455379555, 44.510438867077767 ], [ 11.311562377661238, 44.510152777426896 ], [ 11.310830493160573, 44.508735052600628 ], [ 11.310586940934659, 44.508226367952872 ], [ 11.31055675404289, 44.508158100292611 ], [ 11.310570747174307, 44.508094853086511 ], [ 11.310598982381988, 44.508040860330553 ], [ 11.310580785570814, 44.508026401416316 ], [ 11.31056524111092, 44.50801284308632 ], [ 11.310550424011964, 44.507997316474231 ], [ 11.310532277131115, 44.507973934994219 ], [ 11.310516924962595, 44.507949326611495 ], [ 11.310868786806669, 44.507853168884751 ], [ 11.310645400226649, 44.507635912418799 ], [ 11.310510241356598, 44.507548514395609 ], [ 11.310378904343139, 44.507423480133376 ], [ 11.310274823882104, 44.507329817217787 ], [ 11.310187641896176, 44.50719324806893 ], [ 11.310112543127394, 44.50708038116769 ], [ 11.309944979896059, 44.506791143366577 ], [ 11.309297340664751, 44.505568022316893 ], [ 11.310311449995147, 44.505233123997087 ], [ 11.311440932222682, 44.504841964185928 ], [ 11.313437121244096, 44.504141557539064 ], [ 11.314615721286765, 44.503709372383724 ], [ 11.315449568788086, 44.503404064625279 ], [ 11.316585166341785, 44.502989935242113 ], [ 11.319009826392499, 44.502122244639374 ], [ 11.31941482218533, 44.501985441766465 ], [ 11.320838331027446, 44.50148525182626 ], [ 11.320969745082332, 44.501438674442149 ], [ 11.321651038439899, 44.501197208290641 ], [ 11.321961139203024, 44.501699006592268 ], [ 11.322033440087878, 44.501785058988894 ], [ 11.322059446277207, 44.501806091162599 ], [ 11.322141835082677, 44.501839228196708 ], [ 11.322611376275859, 44.501985168284065 ], [ 11.322459227642026, 44.502253002609756 ], [ 11.322321860238514, 44.502477179611446 ], [ 11.321997573226348, 44.502885336253875 ], [ 11.321876726735418, 44.503043493858492 ], [ 11.321662906814149, 44.503323348529463 ], [ 11.321526853892456, 44.503546867628238 ], [ 11.321235069157233, 44.504153876105725 ], [ 11.321007637315525, 44.504525463442 ], [ 11.320682303471862, 44.504967964332664 ], [ 11.320236884835321, 44.505643641044067 ], [ 11.319830634436032, 44.506045823089615 ], [ 11.319637181422904, 44.506307155786793 ], [ 11.319191424381698, 44.507220602066681 ], [ 11.318940511435724, 44.507484820390815 ], [ 11.318410759912789, 44.508034438398639 ], [ 11.318169656543079, 44.508243549103206 ], [ 11.317543029493649, 44.508709317788103 ], [ 11.317176949652859, 44.509032514386455 ], [ 11.316745210427678, 44.509272958379029 ], [ 11.316471586535711, 44.509448398666926 ], [ 11.316020785795494, 44.509812786948132 ], [ 11.31549938791464, 44.510151138609743 ], [ 11.3152053192025, 44.510234327121225 ], [ 11.31486008877253, 44.510297972491891 ], [ 11.314557877090968, 44.510357296607822 ], [ 11.314288903688663, 44.510429008801538 ], [ 11.313980174604154, 44.510525536085034 ], [ 11.313684172093787, 44.510624811447443 ], [ 11.313314443330341, 44.510746655119092 ], [ 11.313172495292857, 44.510818932361225 ], [ 11.313088334301298, 44.510816874656825 ], [ 11.312951341721327, 44.510886899598361 ] ] ] ] } },
{ "type": "Feature", "properties": { "codice_area_statistica": 32, "area_statistica": "SCALO RAVONE", "cod_quar": 13, "quartiere": "Porto - Saragozza", "cod_zona": "P", "zona": "Saffi" }, "geometry": { "type": "MultiPolygon", "coordinates": [ [ [ [ 11.310818295686817, 44.511155693881165 ], [ 11.310859516397006, 44.511154859447188 ], [ 11.311149488395133, 44.511168245589886 ], [ 11.311281729539836, 44.5111717529484 ], [ 11.311994089848289, 44.511170822439468 ], [ 11.312089357197527, 44.511169298045829 ], [ 11.312164005040559, 44.511143947305953 ], [ 11.312251364725148, 44.511138756853498 ], [ 11.312275006682995, 44.511135307125443 ], [ 11.312354493615256, 44.511090124616878 ], [ 11.312545623127914, 44.511012125737658 ], [ 11.312689898988083, 44.510953179930432 ], [ 11.312736810705648, 44.510934017330378 ], [ 11.312843012797272, 44.510905839237424 ], [ 11.312951341721327, 44.510886899598361 ], [ 11.313088334301298, 44.510816874656825 ], [ 11.313172495292857, 44.510818932361225 ], [ 11.313314443330341, 44.510746655119092 ], [ 11.313684172093787, 44.510624811447443 ], [ 11.313980174604154, 44.510525536085034 ], [ 11.314288903688663, 44.510429008801538 ], [ 11.314557877090968, 44.510357296607822 ], [ 11.31486008877253, 44.510297972491891 ], [ 11.3152053192025, 44.510234327121225 ], [ 11.31549938791464, 44.510151138609743 ], [ 11.316020785795494, 44.509812786948132 ], [ 11.316471586535711, 44.509448398666926 ], [ 11.316745210427678, 44.509272958379029 ], [ 11.317176949652859, 44.509032514386455 ], [ 11.317543029493649, 44.508709317788103 ], [ 11.318169656543079, 44.508243549103206 ], [ 11.318410759912789, 44.508034438398639 ], [ 11.318940511435724, 44.507484820390815 ], [ 11.319191424381698, 44.507220602066681 ], [ 11.319637181422904, 44.506307155786793 ], [ 11.319830634436032, 44.506045823089615 ], [ 11.320236884835321, 44.505643641044067 ], [ 11.320682303471862, 44.504967964332664 ], [ 11.321007637315525, 44.504525463442 ], [ 11.321235069157233, 44.504153876105725 ], [ 11.321526853892456, 44.503546867628238 ], [ 11.321662906814149, 44.503323348529463 ], [ 11.321876739304701, 44.503043493602824 ], [ 11.321997573226348, 44.502885336253875 ], [ 11.322321860238514, 44.502477179611446 ], [ 11.322459227642026, 44.502253002609756 ], [ 11.322611376275859, 44.501985168284065 ], [ 11.323339694678642, 44.502211067326883 ], [ 11.324518557362721, 44.502018008907662 ], [ 11.324661815161837, 44.501998220837173 ], [ 11.324705967204919, 44.501997879866963 ], [ 11.324764859765004, 44.502006655383568 ], [ 11.324843893999434, 44.502030991241107 ], [ 11.325235399416833, 44.502200593067442 ], [ 11.32528394846172, 44.502229519711207 ], [ 11.325329628512456, 44.502256524208988 ], [ 11.325358829629675, 44.502289851083937 ], [ 11.325383347467154, 44.50234522163305 ], [ 11.325577399544478, 44.5029433607898 ], [ 11.325743681497594, 44.50344950987494 ], [ 11.325798540416969, 44.503643342933827 ], [ 11.32599624900527, 44.504253479209851 ], [ 11.32600853998, 44.504293650324392 ], [ 11.326040353389462, 44.504360980520985 ], [ 11.326068934167752, 44.504398280975188 ], [ 11.326128298452462, 44.504448566038647 ], [ 11.326187077403461, 44.504480659795327 ], [ 11.326295808811244, 44.504520612110333 ], [ 11.326375692138276, 44.504539311985155 ], [ 11.326433672430724, 44.504545323430669 ], [ 11.326550804032518, 44.504547257490209 ], [ 11.326658238623775, 44.504541970951529 ], [ 11.326765575772162, 44.504531707874861 ], [ 11.326863276942172, 44.504513862889716 ], [ 11.326989156020137, 44.504493156774153 ], [ 11.328334940484089, 44.504265498268808 ], [ 11.328528581558357, 44.504232380177648 ], [ 11.328570395100471, 44.504224766318856 ], [ 11.328609343958187, 44.504220082701941 ], [ 11.328645024746328, 44.504215465737651 ], [ 11.328673268350217, 44.504214889588283 ], [ 11.328698349258881, 44.50421670961628 ], [ 11.328724619281498, 44.504218064254914 ], [ 11.328750396744125, 44.504221580550769 ], [ 11.328773137685639, 44.504226239095551 ], [ 11.328792914556043, 44.504229121579257 ], [ 11.328813457129371, 44.504247436854484 ], [ 11.328830388070367, 44.504260667331664 ], [ 11.328854239395859, 44.504302042708794 ], [ 11.328981434034128, 44.504706274010147 ], [ 11.329150934407165, 44.505244959622246 ], [ 11.329339732887222, 44.505871026224369 ], [ 11.329368877569276, 44.505920827908092 ], [ 11.329420019303669, 44.505973016524592 ], [ 11.329494204359758, 44.506017856919428 ], [ 11.329564363638928, 44.506057323862784 ], [ 11.329626484143969, 44.506086052703395 ], [ 11.329727113323926, 44.50612490672129 ], [ 11.329836116398031, 44.506152597603574 ], [ 11.3299460993343, 44.506169519312628 ], [ 11.330045629950229, 44.50618111768226 ], [ 11.330152464963042, 44.506184392530848 ], [ 11.330984690786444, 44.506053492240689 ], [ 11.330733389084285, 44.506460480205803 ], [ 11.329988086811563, 44.507775008802106 ], [ 11.329882892189076, 44.507789606430705 ], [ 11.329443502907619, 44.507850428337328 ], [ 11.329095361062596, 44.507903094057156 ], [ 11.328918437969653, 44.507930470488567 ], [ 11.328758705266276, 44.507959566550198 ], [ 11.328607033472743, 44.507989218160368 ], [ 11.328386966585381, 44.508038899956126 ], [ 11.328234501650135, 44.508076759585535 ], [ 11.328092637100449, 44.508115762211233 ], [ 11.327902288319773, 44.508172489168736 ], [ 11.327598232583103, 44.508270515472226 ], [ 11.327254675762548, 44.508387891570202 ], [ 11.32703001361668, 44.508468210142524 ], [ 11.32688736766478, 44.508515122448685 ], [ 11.326603232259073, 44.508614630582215 ], [ 11.326374345308478, 44.508695367063275 ], [ 11.326190036608773, 44.508758539941823 ], [ 11.325978482310978, 44.50883226052688 ], [ 11.325808356361993, 44.508891452749097 ], [ 11.325559248184643, 44.508976569716737 ], [ 11.325352778657217, 44.509045324165555 ], [ 11.325192967373395, 44.509098183609254 ], [ 11.324965924942799, 44.509175098611102 ], [ 11.324740122909589, 44.509251267694459 ], [ 11.324595015509734, 44.509297435031634 ], [ 11.32440932063899, 44.509357482358205 ], [ 11.324198233858317, 44.509424087092164 ], [ 11.323995200860832, 44.509487907725941 ], [ 11.32378317732403, 44.50955344145126 ], [ 11.323558088231136, 44.50962230159972 ], [ 11.323336477213923, 44.509690370310196 ], [ 11.323138562742594, 44.509752923910689 ], [ 11.32292466234542, 44.509818764311348 ], [ 11.322722219302458, 44.509881670415126 ], [ 11.322519368369536, 44.509943504149994 ], [ 11.322313436782292, 44.510007290734606 ], [ 11.322182588909508, 44.510048303521273 ], [ 11.321993281736273, 44.510105899675033 ], [ 11.321853396427329, 44.510150615916189 ], [ 11.321663709603014, 44.510208489321357 ], [ 11.321457186852733, 44.510273276663831 ], [ 11.321233522005294, 44.510340122692071 ], [ 11.320962945483361, 44.510417194735247 ], [ 11.320756794783497, 44.51047523032193 ], [ 11.32055579266158, 44.510530181024741 ], [ 11.320348382553307, 44.510585351650633 ], [ 11.320123790263562, 44.510644742222873 ], [ 11.319907881054641, 44.510701345146003 ], [ 11.319656640570054, 44.510764526281577 ], [ 11.31944033902702, 44.510820776188837 ], [ 11.31915390125938, 44.510894565186689 ], [ 11.318939536997947, 44.510948614170033 ], [ 11.318695242206967, 44.511012822424256 ], [ 11.318470018753528, 44.51106907166011 ], [ 11.318292446907559, 44.511115350165689 ], [ 11.318142990097911, 44.511150434435272 ], [ 11.317746539856575, 44.511251210935789 ], [ 11.317558090983457, 44.511299248578901 ], [ 11.317044758333349, 44.511431743888238 ], [ 11.316702369402915, 44.511519274974312 ], [ 11.316309796799507, 44.511619607680338 ], [ 11.316002551344516, 44.511698402275194 ], [ 11.31560212613398, 44.511800971452722 ], [ 11.315212807447088, 44.51190096429842 ], [ 11.314862080671396, 44.511990630521524 ], [ 11.314483380355252, 44.512085913272387 ], [ 11.314150229737491, 44.512174680792498 ], [ 11.31377204372443, 44.512270301854066 ], [ 11.313382973899088, 44.512370382433971 ], [ 11.312980047773936, 44.512473254156568 ], [ 11.312564179621441, 44.512580086691898 ], [ 11.312042784983754, 44.512712902847156 ], [ 11.311624120645918, 44.512818789301065 ], [ 11.311341021597062, 44.512891599802643 ], [ 11.311062606133111, 44.512963873656147 ], [ 11.310850750330177, 44.511638951823791 ], [ 11.310845279310305, 44.511503754012963 ], [ 11.310832491751091, 44.511342605869658 ], [ 11.310818295686817, 44.511155693881165 ] ] ] ] } },
{ "type": "Feature", "properties": { "codice_area_statistica": 39, "area_statistica": "AGUCCHI", "cod_quar": 11, "quartiere": "Borgo Panigale - Reno", "cod_zona": "S", "zona": "S. Viola" }, "geometry": { "type": "MultiPolygon", "coordinates": [ [ [ [ 11.310832491751091, 44.511342605869658 ], [ 11.310845279310305, 44.511503754012963 ], [ 11.310850750330177, 44.511638951823791 ], [ 11.311062606488802, 44.512963882651498 ], [ 11.310681557953968, 44.513061504967595 ], [ 11.310233672784264, 44.513176269151579 ], [ 11.309866862136854, 44.513270026582191 ], [ 11.309454127027299, 44.51337651429791 ], [ 11.309094543003873, 44.513468862682558 ], [ 11.308693246188447, 44.513571956371301 ], [ 11.308259962322897, 44.513683896780378 ], [ 11.307900705359394, 44.513775064452325 ], [ 11.307531167330771, 44.513870039840093 ], [ 11.307151726764262, 44.51396630347822 ], [ 11.306747340271658, 44.514070983196589 ], [ 11.306693034984905, 44.514084954207469 ], [ 11.306240416631088, 44.514201328778462 ], [ 11.30587557385997, 44.514294583480179 ], [ 11.305481827673336, 44.51439481257421 ], [ 11.305054926588699, 44.514503010867529 ], [ 11.304554183014904, 44.514627543542986 ], [ 11.304178339123515, 44.514722734391704 ], [ 11.303760654405323, 44.514828662215947 ], [ 11.303359194181425, 44.514935107381618 ], [ 11.303080616288247, 44.515004394170447 ], [ 11.302861633264135, 44.51506332247196 ], [ 11.30220187136406, 44.515234246896426 ], [ 11.301883898222759, 44.515318918404944 ], [ 11.301491752724559, 44.51542180220715 ], [ 11.301146048483531, 44.515512594327724 ], [ 11.300737460851742, 44.515619768103136 ], [ 11.300259982929036, 44.515747684104824 ], [ 11.300109902071988, 44.515788266873173 ], [ 11.299367475157888, 44.515989027500517 ], [ 11.298974543342585, 44.516094538225985 ], [ 11.298541609918507, 44.516209936631483 ], [ 11.298370340734952, 44.516270101189683 ], [ 11.298231329611102, 44.516315482037101 ], [ 11.298023805151079, 44.516384478284856 ], [ 11.297873000420845, 44.516422732013901 ], [ 11.296885885332186, 44.51552714533787 ], [ 11.29588065183415, 44.515141288386992 ], [ 11.295717994149127, 44.515039508728321 ], [ 11.295425690165295, 44.514753802724037 ], [ 11.294248401710467, 44.513603310082331 ], [ 11.29424718246381, 44.513601417039972 ], [ 11.293420493762477, 44.51231677063813 ], [ 11.293343850244353, 44.511738383044261 ], [ 11.293288189080902, 44.511318280104874 ], [ 11.293102805862414, 44.510832462488956 ], [ 11.292913597840336, 44.510650278986624 ], [ 11.292763772156263, 44.510506006239176 ], [ 11.292605991392733, 44.510207327940385 ], [ 11.292579075846408, 44.510156202740085 ], [ 11.29257220048278, 44.510143215070883 ], [ 11.294608721907331, 44.50933981601402 ], [ 11.294709083896366, 44.509306613716753 ], [ 11.294838459665012, 44.509272837080822 ], [ 11.295091752903257, 44.509217195477454 ], [ 11.295943232048947, 44.509039431472644 ], [ 11.297181533618879, 44.508771621137036 ], [ 11.297791115802383, 44.508645479192388 ], [ 11.29824526923831, 44.508565603601618 ], [ 11.298788940480209, 44.508458419299288 ], [ 11.299186040731424, 44.508377330175016 ], [ 11.299603685275365, 44.50829819349088 ], [ 11.299963161421541, 44.508224944597011 ], [ 11.300277733687594, 44.508163447509638 ], [ 11.300660595362224, 44.508085403951753 ], [ 11.300842919148044, 44.508046583252337 ], [ 11.301056071651036, 44.508000902061205 ], [ 11.301606850524095, 44.507884387431311 ], [ 11.302077428584429, 44.50778197408215 ], [ 11.302748979624111, 44.507636820870438 ], [ 11.30317293060201, 44.507541429294548 ], [ 11.303336708439732, 44.50750231259488 ], [ 11.303586116532914, 44.507442337256407 ], [ 11.304296133857925, 44.507269499011642 ], [ 11.304438716487088, 44.507233041203925 ], [ 11.304573484694032, 44.507192068641451 ], [ 11.304722093336457, 44.507142219033959 ], [ 11.305661257653878, 44.506832011789598 ], [ 11.306171741429868, 44.506662417568769 ], [ 11.306418196546144, 44.506576226182226 ], [ 11.307137972824764, 44.506319629184105 ], [ 11.308271292661695, 44.505922643587965 ], [ 11.308769460846689, 44.505748668432972 ], [ 11.309025756151325, 44.505663055611585 ], [ 11.309247434401939, 44.505585182502188 ], [ 11.309297340664751, 44.505568022316893 ], [ 11.309944979896059, 44.506791143366577 ], [ 11.310112543127394, 44.50708038116769 ], [ 11.310187641896176, 44.50719324806893 ], [ 11.310274823882104, 44.507329817217787 ], [ 11.310378904343139, 44.507423480133376 ], [ 11.310510241356598, 44.507548514395609 ], [ 11.310645400226649, 44.507635912418799 ], [ 11.310868786806669, 44.507853168884751 ], [ 11.310516924962595, 44.507949326611495 ], [ 11.310532277131115, 44.507973934994219 ], [ 11.310550424011964, 44.507997316474231 ], [ 11.31056524111092, 44.50801284308632 ], [ 11.310580785570814, 44.508026401416316 ], [ 11.310598982381988, 44.508040860330553 ], [ 11.310570747174307, 44.508094853086511 ], [ 11.31055675404289, 44.508158100292611 ], [ 11.310586940934659, 44.508226367952872 ], [ 11.310830493160573, 44.508735052600628 ], [ 11.311562377661238, 44.510152777426896 ], [ 11.311719455379555, 44.510438867077767 ], [ 11.311778148020236, 44.510532124420372 ], [ 11.311836219300588, 44.510609666830831 ], [ 11.311991528842906, 44.51078164835414 ], [ 11.31211009309443, 44.510898053858973 ], [ 11.312465051056323, 44.510861650581489 ], [ 11.312545623127914, 44.511012125737658 ], [ 11.312354493615256, 44.511090124616878 ], [ 11.312275006682995, 44.511135307125443 ], [ 11.312251364725148, 44.511138756853498 ], [ 11.312164005040559, 44.511143947305953 ], [ 11.312089357197527, 44.511169298045829 ], [ 11.311994089848289, 44.511170822439468 ], [ 11.311281729539836, 44.5111717529484 ], [ 11.311149488395133, 44.511168245589886 ], [ 11.310859516397006, 44.511154859447188 ], [ 11.310818295686817, 44.511155693881165 ], [ 11.310832491751091, 44.511342605869658 ] ] ] ] } },
{ "type": "Feature", "properties": { "codice_area_statistica": 40, "area_statistica": "EMILIA PONENTE", "cod_quar": 11, "quartiere": "Borgo Panigale - Reno", "cod_zona": "S", "zona": "S. Viola" }, "geometry": { "type": "MultiPolygon", "coordinates": [ [ [ [ 11.306233853309781, 44.501470142328358 ], [ 11.306471119775608, 44.501665286969022 ], [ 11.306624182657991, 44.501792191523244 ], [ 11.30677177296756, 44.501913642861503 ], [ 11.306879788299563, 44.50200253920034 ], [ 11.307046281617437, 44.502141406278 ], [ 11.307321964052752, 44.502369532410526 ], [ 11.30739789556455, 44.502414549978241 ], [ 11.307516909325225, 44.502521669678238 ], [ 11.307567174826259, 44.502578684225085 ], [ 11.307980635284256, 44.50315586230608 ], [ 11.308257815944483, 44.503548531948994 ], [ 11.308449397848797, 44.503826870695889 ], [ 11.308485041094919, 44.503889447023688 ], [ 11.308517066220441, 44.503968391170289 ], [ 11.308542407689652, 44.504059659957548 ], [ 11.308604232060068, 44.504304206999052 ], [ 11.308624378032039, 44.504373803603968 ], [ 11.308642349497264, 44.504443444181284 ], [ 11.308660062982826, 44.504506869192859 ], [ 11.308681769838662, 44.504560877768384 ], [ 11.308698624116206, 44.504602542920317 ], [ 11.308729323659517, 44.50466414784016 ], [ 11.308764175468552, 44.504720996435978 ], [ 11.308861484428819, 44.504873044388972 ], [ 11.308977577259803, 44.505060488552203 ], [ 11.309241023020888, 44.505464272592931 ], [ 11.309297340664751, 44.505568022316893 ], [ 11.309247434401939, 44.505585182502188 ], [ 11.309025756151325, 44.505663055611585 ], [ 11.308769460846689, 44.505748668432972 ], [ 11.308271292661695, 44.505922643587965 ], [ 11.307137972824764, 44.506319629184105 ], [ 11.306418196546144, 44.506576226182226 ], [ 11.306171741429868, 44.506662417568769 ], [ 11.305661257653878, 44.506832011789598 ], [ 11.304722093336457, 44.507142219033959 ], [ 11.304573484694032, 44.507192068641451 ], [ 11.304438716487088, 44.507233041203925 ], [ 11.304296133857925, 44.507269499011642 ], [ 11.303586116532914, 44.507442337256407 ], [ 11.303336708439732, 44.50750231259488 ], [ 11.30317293060201, 44.507541429294548 ], [ 11.302748979624111, 44.507636820870438 ], [ 11.302077428584429, 44.50778197408215 ], [ 11.301606850524095, 44.507884387431311 ], [ 11.301056071651036, 44.508000902061205 ], [ 11.300842919148044, 44.508046583252337 ], [ 11.300660595362224, 44.508085403951753 ], [ 11.300277733687594, 44.508163447509638 ], [ 11.299963161421541, 44.508224944597011 ], [ 11.299603685275365, 44.50829819349088 ], [ 11.299186040731424, 44.508377330175016 ], [ 11.298788940480209, 44.508458419299288 ], [ 11.29824526923831, 44.508565603601618 ], [ 11.297791115802383, 44.508645479192388 ], [ 11.297181533618879, 44.508771621137036 ], [ 11.295943232048947, 44.509039431472644 ], [ 11.295091752903257, 44.509217195477454 ], [ 11.294838459665012, 44.509272837080822 ], [ 11.294709083896366, 44.509306613716753 ], [ 11.294608721907331, 44.50933981601402 ], [ 11.29257220048278, 44.510143215070883 ], [ 11.292543949438336, 44.510089794019429 ], [ 11.291980518353258, 44.509028262481436 ], [ 11.291825225224066, 44.508747898331265 ], [ 11.291155702841976, 44.507484088935755 ], [ 11.290891491606482, 44.506960238186331 ], [ 11.290766486882964, 44.506715103914495 ], [ 11.290760927788037, 44.506704223325436 ], [ 11.290657649240837, 44.506501766274127 ], [ 11.290571965649514, 44.506333525963733 ], [ 11.290376611775113, 44.505949893771152 ], [ 11.290258944975591, 44.505735247443155 ], [ 11.290177316499392, 44.505586326010672 ], [ 11.289997422606682, 44.505239473580808 ], [ 11.289965427295991, 44.505158101938434 ], [ 11.289940294739745, 44.505137278990084 ], [ 11.290540474343626, 44.504957294892087 ], [ 11.291018018729456, 44.504814779910767 ], [ 11.291394302246399, 44.504701375283055 ], [ 11.291587265246683, 44.504642361086908 ], [ 11.292644179957636, 44.504327961559355 ], [ 11.293150842374976, 44.504175985307356 ], [ 11.293173602408949, 44.504168695147655 ], [ 11.293441004176831, 44.504090654437015 ], [ 11.294374466832329, 44.503807959372431 ], [ 11.294728490720377, 44.503702094154761 ], [ 11.295059853015889, 44.503603804481649 ], [ 11.29577667799073, 44.503388624235008 ], [ 11.296298727386588, 44.503231994299881 ], [ 11.297797467198262, 44.50278697074144 ], [ 11.298149067042036, 44.50268951608836 ], [ 11.298361355651803, 44.502628057776882 ], [ 11.298788689620453, 44.502510341960296 ], [ 11.299547352758207, 44.50230607085328 ], [ 11.299847236648811, 44.502225326204766 ], [ 11.300705060118483, 44.50200617591738 ], [ 11.302224381902072, 44.501618448883875 ], [ 11.303064674698224, 44.501402101093461 ], [ 11.303220001720318, 44.50134623018149 ], [ 11.30337251572881, 44.501283141732578 ], [ 11.303657576560314, 44.501166459767411 ], [ 11.303758374742856, 44.501233565431484 ], [ 11.303850364562267, 44.501288776313757 ], [ 11.303971164553611, 44.501337382930267 ], [ 11.304098766657168, 44.50135749399869 ], [ 11.305212261057159, 44.50144606075547 ], [ 11.305296902030072, 44.501423951669238 ], [ 11.305393747508118, 44.501401596048048 ], [ 11.305469899183175, 44.501370916771378 ], [ 11.305764522778615, 44.501175290847456 ], [ 11.30582038262428, 44.501138197242653 ], [ 11.305898345803811, 44.501201630070504 ], [ 11.305977422174466, 44.501261070219769 ], [ 11.306233853309781, 44.501470142328358 ] ] ] ] } },
{ "type": "Feature", "properties": { "codice_area_statistica": 65, "area_statistica": "ROVERI", "cod_quar": 14, "quartiere": "San Donato - San Vitale", "cod_zona": "T", "zona": "S. Vitale" }, "geometry": { "type": "MultiPolygon", "coordinates": [ [ [ [ 11.428955488305519, 44.506271578606729 ], [ 11.428946237309638, 44.506260382909304 ], [ 11.428373674412427, 44.505566955816462 ], [ 11.428317388544194, 44.505703991294098 ], [ 11.428259114727469, 44.505783106699333 ], [ 11.428251985191764, 44.505784313515655 ], [ 11.428236981483005, 44.505804548996416 ], [ 11.427868032394752, 44.50586476481034 ], [ 11.427769194217563, 44.505880892984621 ], [ 11.427466847497453, 44.506021803289087 ], [ 11.426432334196321, 44.503488826612831 ], [ 11.425975421148181, 44.502330491600993 ], [ 11.425733172762248, 44.501702669470909 ], [ 11.425553924250904, 44.501267054256417 ], [ 11.425416785758724, 44.50103140024364 ], [ 11.425136546583275, 44.500605807363108 ], [ 11.425134412899702, 44.500606527886525 ], [ 11.425113285237014, 44.500613620643875 ], [ 11.424043120934826, 44.500969455429058 ], [ 11.423127746186788, 44.501209462352094 ], [ 11.423119960872024, 44.501178226666362 ], [ 11.422955176185267, 44.500517128080311 ], [ 11.42286688431801, 44.500131900764288 ], [ 11.42285924970361, 44.500099437507806 ], [ 11.422858343091727, 44.500095468613601 ], [ 11.422722926971117, 44.499503669168753 ], [ 11.422480176968817, 44.498445419629824 ], [ 11.422465943504793, 44.498386646829815 ], [ 11.42244635986034, 44.498388187752454 ], [ 11.422409732293795, 44.498391242698766 ], [ 11.421930866804781, 44.498431202422054 ], [ 11.421856427976429, 44.498437283070345 ], [ 11.421620220091276, 44.498447362801457 ], [ 11.421253742000715, 44.498463023124678 ], [ 11.420854355181989, 44.498462500378402 ], [ 11.420529570586782, 44.49844069669679 ], [ 11.420502736898545, 44.498404139102426 ], [ 11.41978857897899, 44.498284854013697 ], [ 11.417616837585221, 44.497849656497863 ], [ 11.416529141341023, 44.49762959164228 ], [ 11.414737005400307, 44.497311618166449 ], [ 11.41311942980032, 44.497065133917765 ], [ 11.411221787948659, 44.49674778703033 ], [ 11.410465331073482, 44.496610485578216 ], [ 11.40860790900309, 44.496311862434524 ], [ 11.406883680175527, 44.496016585435889 ], [ 11.405569370124256, 44.49577884049301 ], [ 11.404345281953432, 44.495562280685107 ], [ 11.403847092965288, 44.495435429647408 ], [ 11.403411825115757, 44.495309619331948 ], [ 11.402591053200542, 44.495061690665217 ], [ 11.402066626136595, 44.494940128435246 ], [ 11.4019501709389, 44.494923628517597 ], [ 11.401753220896863, 44.494894931164389 ], [ 11.401890930665246, 44.495126370705727 ], [ 11.402331726007468, 44.495907656089585 ], [ 11.402095048887817, 44.495972593944316 ], [ 11.400345119022926, 44.495727029941861 ], [ 11.399783749625062, 44.495651138887673 ], [ 11.399452282965857, 44.495605693823777 ], [ 11.397404560794298, 44.495329496336524 ], [ 11.397606977061931, 44.494495099325277 ], [ 11.396375727019082, 44.494336886986524 ], [ 11.395800777803951, 44.494261252370038 ], [ 11.395313616116884, 44.494198392961408 ], [ 11.394822246129323, 44.494123655330583 ], [ 11.394508254653985, 44.494073111900761 ], [ 11.393885676054776, 44.493967893958519 ], [ 11.393558541664673, 44.493913635390562 ], [ 11.39343067908235, 44.493898572304154 ], [ 11.393294907538063, 44.493880181893488 ], [ 11.392470935968891, 44.493759408791973 ], [ 11.392230130578408, 44.493712411622383 ], [ 11.391830276158858, 44.493658141601919 ], [ 11.391787367382902, 44.493586614915969 ], [ 11.39173438832414, 44.493525337086247 ], [ 11.391682079957368, 44.49348045688226 ], [ 11.391632473768983, 44.493445368861899 ], [ 11.391585490217251, 44.493418436225753 ], [ 11.391529278730276, 44.493390058431302 ], [ 11.391503445630658, 44.493379004323074 ], [ 11.391419533209653, 44.493343104492524 ], [ 11.391365696456058, 44.493322662155911 ], [ 11.391300693777211, 44.493297979421897 ], [ 11.390870552149648, 44.493799223518906 ], [ 11.390794085388972, 44.493887006767444 ], [ 11.390860997464809, 44.493922695961096 ], [ 11.390961060937908, 44.493968466832328 ], [ 11.391071198995725, 44.494019464145893 ], [ 11.391169727815203, 44.494048918294858 ], [ 11.391252309823273, 44.494068254421066 ], [ 11.391347054951174, 44.494078378116917 ], [ 11.391430600512734, 44.494081597316786 ], [ 11.391512196322953, 44.494077736263421 ], [ 11.391735760655095, 44.494356048348834 ], [ 11.392090152433308, 44.494887255715973 ], [ 11.393124632922641, 44.496579069434738 ], [ 11.393221130568287, 44.496736094864168 ], [ 11.393252253800574, 44.49678877360499 ], [ 11.393943999282417, 44.498033755760922 ], [ 11.394772642521804, 44.499365329126739 ], [ 11.39568323119137, 44.500847454888614 ], [ 11.395727805286864, 44.500916082257007 ], [ 11.396745585296966, 44.502479916385013 ], [ 11.39710374822107, 44.503028610299744 ], [ 11.39716168443856, 44.503157966878227 ], [ 11.397220739161357, 44.503314901804117 ], [ 11.397258574298515, 44.503467276901404 ], [ 11.397283822889333, 44.50365506233269 ], [ 11.397293680587113, 44.50406664166708 ], [ 11.397288401915144, 44.504365556668269 ], [ 11.397267047122551, 44.504529203639322 ], [ 11.397254364457766, 44.504672412710121 ], [ 11.397248503759272, 44.504895475297069 ], [ 11.397239105727037, 44.505109276504349 ], [ 11.397213080783798, 44.505237578430538 ], [ 11.397119547421928, 44.505659062108265 ], [ 11.396923322260248, 44.506408846891851 ], [ 11.396862309728853, 44.506659237916956 ], [ 11.396979647205457, 44.506674932234247 ], [ 11.397243717991447, 44.506743027795558 ], [ 11.397377679624707, 44.50676100132884 ], [ 11.397487869749009, 44.506748424143119 ], [ 11.39758723170112, 44.506735624156399 ], [ 11.39762730196674, 44.506737213212119 ], [ 11.397658714113104, 44.506739344215624 ], [ 11.397677105492162, 44.506746069937137 ], [ 11.397709536429788, 44.506766904856001 ], [ 11.397756495485485, 44.506795356853203 ], [ 11.397789987623614, 44.506814458971384 ], [ 11.397811317848028, 44.506819223398338 ], [ 11.397822323332178, 44.50682070270561 ], [ 11.397850245858502, 44.506820566292753 ], [ 11.398619213818357, 44.506795759192734 ], [ 11.399222210656786, 44.506736939767052 ], [ 11.399635730464311, 44.506697296781397 ], [ 11.400510718028706, 44.506690161820082 ], [ 11.400980820606458, 44.506705301964786 ], [ 11.401359046940417, 44.506758338233119 ], [ 11.401951087246907, 44.506885151620693 ], [ 11.404672561810933, 44.50723291480724 ], [ 11.406668721465341, 44.507487192552446 ], [ 11.40694728580052, 44.507523478092125 ], [ 11.407249318458769, 44.50756906282448 ], [ 11.407520781031746, 44.507614643328324 ], [ 11.407868800538749, 44.507693016100077 ], [ 11.408549602586593, 44.507823081277571 ], [ 11.40881726582327, 44.507876850162702 ], [ 11.408990751949011, 44.507916572400291 ], [ 11.409156508924008, 44.507961057807506 ], [ 11.40931795062235, 44.508007974719987 ], [ 11.409463274946296, 44.508054232326067 ], [ 11.409477308723984, 44.508058968530534 ], [ 11.409615221695944, 44.508105490412603 ], [ 11.409802084389387, 44.508170595336672 ], [ 11.409972403460712, 44.508237210561504 ], [ 11.410123069787936, 44.508300108302329 ], [ 11.410258592767651, 44.508358815314047 ], [ 11.410566715299138, 44.508503092742529 ], [ 11.411031252581614, 44.508724188450387 ], [ 11.411250483706336, 44.508826679125015 ], [ 11.411706066234119, 44.509044360203177 ], [ 11.411840602117598, 44.509103455285377 ], [ 11.412001437925785, 44.509159644819064 ], [ 11.41214908406659, 44.509197108446621 ], [ 11.412194341191219, 44.509209403847287 ], [ 11.412421590009915, 44.509259156900583 ], [ 11.412832224459807, 44.509311236083704 ], [ 11.412899766844214, 44.509322420964139 ], [ 11.412955604522436, 44.509331665605508 ], [ 11.413387215267758, 44.509385649043203 ], [ 11.413618393582983, 44.509415051874555 ], [ 11.41372625886099, 44.509422304777658 ], [ 11.413748556095786, 44.509423012626279 ], [ 11.413786436412016, 44.509426352793845 ], [ 11.413932114959346, 44.5094322747481 ], [ 11.414027938060601, 44.509434290464149 ], [ 11.414050364342677, 44.509435076547632 ], [ 11.414239567744715, 44.509429004481795 ], [ 11.414505087315398, 44.509409254444172 ], [ 11.414619915412402, 44.509397759940789 ], [ 11.414647027024307, 44.509383142450972 ], [ 11.414755244081636, 44.50937363318171 ], [ 11.414845667119977, 44.509366444799774 ], [ 11.414935275852391, 44.509356599814346 ], [ 11.415020574445398, 44.509344442264592 ], [ 11.415096889360878, 44.509331043316415 ], [ 11.415178757557401, 44.509314420938189 ], [ 11.415268257050476, 44.509294324090575 ], [ 11.415382502093872, 44.509264466938241 ], [ 11.415459876172825, 44.509243519198023 ], [ 11.415694849655596, 44.509159873431855 ], [ 11.415856850041042, 44.509085864911995 ], [ 11.415920336366876, 44.509055524028867 ], [ 11.415943647676315, 44.50904393950097 ], [ 11.416081925448067, 44.508975231106433 ], [ 11.416192771089099, 44.508924640184681 ], [ 11.416321294378195, 44.508878662369476 ], [ 11.416446172008987, 44.508839450484999 ], [ 11.416576709595999, 44.508806600481229 ], [ 11.416708593399132, 44.508778016046143 ], [ 11.416809182173177, 44.508759915844578 ], [ 11.416910481645695, 44.508747139022724 ], [ 11.417079280837424, 44.508731735497079 ], [ 11.41745443074125, 44.508696027266467 ], [ 11.417644587894209, 44.508678406079774 ], [ 11.419044465974631, 44.50854874799186 ], [ 11.419384799848643, 44.508517219207064 ], [ 11.421006594988732, 44.508358184274641 ], [ 11.421865911288563, 44.508282906376962 ], [ 11.421994296424472, 44.508281100645242 ], [ 11.422440789031082, 44.508292854158356 ], [ 11.423084230770833, 44.508306439068065 ], [ 11.423272326117603, 44.50829195814508 ], [ 11.423246131143827, 44.508126516091274 ], [ 11.423910436856904, 44.508107811374714 ], [ 11.423909899706491, 44.508034181864474 ], [ 11.424036060197285, 44.508042756009097 ], [ 11.424045859387068, 44.508006024540819 ], [ 11.424536852081829, 44.50805731833983 ], [ 11.424719724582626, 44.50804949082238 ], [ 11.424930984421451, 44.507820731381813 ], [ 11.425228878419361, 44.507862917412204 ], [ 11.425217099707421, 44.507909530834546 ], [ 11.425307892761145, 44.507920745526334 ], [ 11.42532619613524, 44.50788281597054 ], [ 11.426377605927753, 44.508024300207794 ], [ 11.426760881874161, 44.508083662685664 ], [ 11.427181489643779, 44.508145561024065 ], [ 11.427415805566852, 44.508183520622175 ], [ 11.427623972148538, 44.508227968551587 ], [ 11.427726017703923, 44.508243533309326 ], [ 11.428041158435789, 44.50834071089826 ], [ 11.428218566490802, 44.508398784682541 ], [ 11.429292551818424, 44.508990744790246 ], [ 11.430454480559844, 44.508560220595498 ], [ 11.43045709457127, 44.508559246676946 ], [ 11.430346840052808, 44.508419200755171 ], [ 11.429024329742113, 44.506739214716319 ], [ 11.428957012713557, 44.506654132588785 ], [ 11.428883143405345, 44.506560313319426 ], [ 11.428844991907415, 44.506505309250514 ], [ 11.428830689169505, 44.506472934295729 ], [ 11.428827027045724, 44.506451406077353 ], [ 11.428829020990099, 44.506429757510013 ], [ 11.428835244244171, 44.506408469079737 ], [ 11.428849382084273, 44.506389037818309 ], [ 11.428890853313682, 44.506346518551354 ], [ 11.428919618023894, 44.506317503302434 ], [ 11.428955488305519, 44.506271578606729 ] ] ] ] } },
{ "type": "Feature", "properties": { "codice_area_statistica": 66, "area_statistica": "OSPEDALE SANT'ORSOLA", "cod_quar": 14, "quartiere": "San Donato - San Vitale", "cod_zona": "T", "zona": "S. Vitale" }, "geometry": { "type": "MultiPolygon", "coordinates": [ [ [ [ 11.36421116633705, 44.492219456325124 ], [ 11.364041136653977, 44.4922387502044 ], [ 11.363827698258982, 44.492274724259715 ], [ 11.363576992284703, 44.492343032624063 ], [ 11.363347983663081, 44.492402995963467 ], [ 11.363146201882909, 44.49245449993947 ], [ 11.362377232721805, 44.492651854344672 ], [ 11.361815266135538, 44.492789699024279 ], [ 11.360460157334517, 44.493136194526919 ], [ 11.359668605508798, 44.493364075255855 ], [ 11.359034957224884, 44.493563282137522 ], [ 11.358457640585961, 44.493741633018267 ], [ 11.358061646583085, 44.493844728008398 ], [ 11.357843724813497, 44.493901696475689 ], [ 11.357685195074652, 44.493934058165017 ], [ 11.357488775613071, 44.493967202139423 ], [ 11.35730550011233, 44.493990378565698 ], [ 11.357215598058527, 44.49398823789749 ], [ 11.357082208300296, 44.493927244973797 ], [ 11.357091712184593, 44.493766100542473 ], [ 11.357288823125417, 44.492070048513824 ], [ 11.357452651104307, 44.490571938792876 ], [ 11.357648777367837, 44.490688432941077 ], [ 11.357674041653683, 44.490684940291253 ], [ 11.358517526938039, 44.490450373739158 ], [ 11.358668322568901, 44.490400804696563 ], [ 11.358810815969553, 44.490354008756363 ], [ 11.359260607915081, 44.490221468129171 ], [ 11.359394476283008, 44.490182240841641 ], [ 11.359502112870077, 44.490150577620028 ], [ 11.359679354182166, 44.490098480044345 ], [ 11.360269691569993, 44.489920888990497 ], [ 11.360572991001757, 44.489829633022516 ], [ 11.360734520499056, 44.48978091958967 ], [ 11.360957310608475, 44.489713834009898 ], [ 11.361229219300087, 44.489633542493166 ], [ 11.361302559228958, 44.489611886658608 ], [ 11.361547942600804, 44.489538435875161 ], [ 11.36160588607579, 44.489521077503817 ], [ 11.361849181183215, 44.489448254442124 ], [ 11.362591142072246, 44.489226192255892 ], [ 11.362942183793773, 44.489121158186954 ], [ 11.363033475306445, 44.489104639227499 ], [ 11.363080500566706, 44.489190297681901 ], [ 11.363496564150696, 44.489063858101268 ], [ 11.363520329009594, 44.489099538458717 ], [ 11.363558454361769, 44.489087864941858 ], [ 11.363560348071267, 44.489091156690179 ], [ 11.363586822682208, 44.489083406453283 ], [ 11.363703000609362, 44.489278778755562 ], [ 11.363788228823596, 44.489252887010224 ], [ 11.363929342456617, 44.489206662399909 ], [ 11.364004796064068, 44.48918475399649 ], [ 11.364123296094116, 44.489375306405648 ], [ 11.36438574615512, 44.489293888873384 ], [ 11.364550053474863, 44.489245562628852 ], [ 11.364587376496342, 44.489236444117722 ], [ 11.364952328844909, 44.48968022860204 ], [ 11.365016284105927, 44.48965387640034 ], [ 11.365159588450725, 44.489605534287662 ], [ 11.365209070461002, 44.489585153482217 ], [ 11.365574367308499, 44.489497434019704 ], [ 11.365689967327624, 44.489469678104072 ], [ 11.365881159170801, 44.489423754639397 ], [ 11.366175944132811, 44.489372568711026 ], [ 11.366073949488193, 44.490781607203729 ], [ 11.365940292725682, 44.490825366242952 ], [ 11.365891065888016, 44.490840259498846 ], [ 11.365074647628447, 44.491118747544277 ], [ 11.364378244556356, 44.491346868245245 ], [ 11.364637866763998, 44.491764585070207 ], [ 11.364732532564988, 44.491948086318558 ], [ 11.36474821042011, 44.492047798268736 ], [ 11.364774177854555, 44.492113951483127 ], [ 11.36484646748867, 44.492173590470351 ], [ 11.364940895256641, 44.492241062150271 ], [ 11.364768020677618, 44.492227628638048 ], [ 11.364602208499369, 44.49221529092727 ], [ 11.364403702909705, 44.492211525413943 ], [ 11.36421116633705, 44.492219456325124 ] ] ] ] } },
{ "type": "Feature", "properties": { "codice_area_statistica": 67, "area_statistica": "MENGOLI", "cod_quar": 14, "quartiere": "San Donato - San Vitale", "cod_zona": "T", "zona": "S. Vitale" }, "geometry": { "type": "MultiPolygon", "coordinates": [ [ [ [ 11.37525501489219, 44.493215462404578 ], [ 11.375219671514909, 44.493279539986567 ], [ 11.375098083841163, 44.493495647116234 ], [ 11.374993450865892, 44.493660680814543 ], [ 11.374848008341575, 44.493882514477107 ], [ 11.374757234214886, 44.494011303316825 ], [ 11.374641580186307, 44.494162674974234 ], [ 11.374552534765225, 44.494147269354656 ], [ 11.374348726571846, 44.494111897366516 ], [ 11.373854574884708, 44.494028376698942 ], [ 11.37293958860764, 44.493870607973172 ], [ 11.372491831488942, 44.493798990647811 ], [ 11.372200807262816, 44.493746711078018 ], [ 11.371772916776981, 44.493675218230543 ], [ 11.371451898782693, 44.493627332014427 ], [ 11.371194898386289, 44.493589017251338 ], [ 11.370991888335904, 44.493560824743469 ], [ 11.370532556693512, 44.493507625340861 ], [ 11.370073060329723, 44.493456858204006 ], [ 11.369479190859082, 44.493401496381125 ], [ 11.369060514445467, 44.49336761293582 ], [ 11.368281115519295, 44.493324287455124 ], [ 11.367816892018702, 44.493308899419723 ], [ 11.367408128781271, 44.49330392763617 ], [ 11.367200813644548, 44.493301366989023 ], [ 11.366913279702976, 44.493297858554065 ], [ 11.365884067396532, 44.493312856462957 ], [ 11.364719824948022, 44.493356488785935 ], [ 11.36473123767418, 44.493281647957026 ], [ 11.364780236978289, 44.492992937334179 ], [ 11.364940895256641, 44.492241062150271 ], [ 11.36484646748867, 44.492173590470351 ], [ 11.364774177854555, 44.492113951483127 ], [ 11.36474821042011, 44.492047798268736 ], [ 11.364732532564988, 44.491948086318558 ], [ 11.364637866763998, 44.491764585070207 ], [ 11.364378244556356, 44.491346868245245 ], [ 11.365074647628447, 44.491118747544277 ], [ 11.365891065888016, 44.490840259498846 ], [ 11.365940292725682, 44.490825366242952 ], [ 11.366073949488193, 44.490781607203729 ], [ 11.366175944132811, 44.489372568711026 ], [ 11.366278037310211, 44.488218805243697 ], [ 11.366370732657746, 44.486812902669662 ], [ 11.366347714226722, 44.486642114527676 ], [ 11.367181965727129, 44.486321808500875 ], [ 11.367559673615814, 44.486188020096463 ], [ 11.369123874237351, 44.485617527490575 ], [ 11.369874209608904, 44.485332432949889 ], [ 11.370499996853118, 44.485095004892635 ], [ 11.37093879607424, 44.484935827695743 ], [ 11.37142533054932, 44.484739448726664 ], [ 11.372464960244182, 44.484336676735865 ], [ 11.372580554331444, 44.484293600534194 ], [ 11.372796159311065, 44.484208023767472 ], [ 11.373149656507344, 44.484065816503794 ], [ 11.374493900756489, 44.483548472680432 ], [ 11.376104921286119, 44.482928485318638 ], [ 11.376218606318597, 44.4828893162776 ], [ 11.376233364036882, 44.482884228699191 ], [ 11.376101389799668, 44.486650491945838 ], [ 11.376069105674313, 44.487517672253254 ], [ 11.37605213985923, 44.488202204168907 ], [ 11.376026637222859, 44.488947483115396 ], [ 11.376023218640972, 44.489047230922871 ], [ 11.376023400565364, 44.489116727112602 ], [ 11.376017946941456, 44.489295172881896 ], [ 11.376021244137988, 44.489360553062042 ], [ 11.376010621394109, 44.48954487707551 ], [ 11.375997896762341, 44.489765696306179 ], [ 11.375984129526676, 44.490163023931515 ], [ 11.375972213410645, 44.490589823478793 ], [ 11.375956263944209, 44.490808972294467 ], [ 11.375915818764508, 44.491129153811734 ], [ 11.375892917355833, 44.491287391766896 ], [ 11.375871661829546, 44.491425465678795 ], [ 11.375838975503983, 44.49160754805812 ], [ 11.375803023125382, 44.491764653209579 ], [ 11.375779472641419, 44.49186760176346 ], [ 11.375701131725883, 44.492144756277497 ], [ 11.375670011090399, 44.492247124139162 ], [ 11.375650622815984, 44.492298662309821 ], [ 11.375606759101005, 44.492431318966474 ], [ 11.375529063071509, 44.492628084859334 ], [ 11.375450638582686, 44.492811262950333 ], [ 11.375344554247219, 44.493042082050593 ], [ 11.37525501489219, 44.493215462404578 ] ] ] ] } },
{ "type": "Feature", "properties": { "codice_area_statistica": 35, "area_statistica": "VIA VITTORIO VENETO", "cod_quar": 13, "quartiere": "Porto - Saragozza", "cod_zona": "P", "zona": "Saffi" }, "geometry": { "type": "MultiPolygon", "coordinates": [ [ [ [ 11.327574928363182, 44.497065331872854 ], [ 11.327446654494313, 44.497452420565253 ], [ 11.326984963955217, 44.498904046404292 ], [ 11.326931502303026, 44.499114491191094 ], [ 11.326802592156216, 44.499193397695876 ], [ 11.326806579642749, 44.499293605161604 ], [ 11.326890542553882, 44.499402040281446 ], [ 11.326559405016386, 44.499514785993426 ], [ 11.325074596863256, 44.500024182236267 ], [ 11.324273296123193, 44.500298045946714 ], [ 11.324038067454712, 44.5003802213133 ], [ 11.323547410358932, 44.500551634651124 ], [ 11.322851944204016, 44.500775710471331 ], [ 11.322366147066909, 44.500943922942199 ], [ 11.321651038439899, 44.501197208290641 ], [ 11.320969745082332, 44.501438674442149 ], [ 11.320838331027446, 44.50148525182626 ], [ 11.31941482218533, 44.501985441766465 ], [ 11.319009826392499, 44.502122244639374 ], [ 11.316585166341785, 44.502989935242113 ], [ 11.315617010585925, 44.50135659702665 ], [ 11.315187913147021, 44.500642438317513 ], [ 11.315033858692608, 44.500386036238211 ], [ 11.314515989826027, 44.499520469190614 ], [ 11.314200690556699, 44.498981692180138 ], [ 11.314021096146691, 44.498679785216602 ], [ 11.313614091214948, 44.497995565159094 ], [ 11.313559359701099, 44.497903605698042 ], [ 11.313501965361715, 44.497801563265845 ], [ 11.313743173016494, 44.497751805747768 ], [ 11.314426521754047, 44.497636953319891 ], [ 11.314677702139045, 44.497596084242836 ], [ 11.31484144555135, 44.497573831530879 ], [ 11.315002497511156, 44.497557943976197 ], [ 11.31529582388578, 44.497541462076967 ], [ 11.315952779975845, 44.497502883536015 ], [ 11.316098868172485, 44.497492834602696 ], [ 11.316412686337671, 44.497480543392371 ], [ 11.316702592510003, 44.49746537863593 ], [ 11.316704584879425, 44.497464870067688 ], [ 11.316947664274393, 44.497450393924154 ], [ 11.317040482288803, 44.497440317653272 ], [ 11.317118384035904, 44.497431867458168 ], [ 11.317332998500445, 44.497399612003065 ], [ 11.31781278730309, 44.497325484854841 ], [ 11.317906016560611, 44.497307387230073 ], [ 11.318008918341683, 44.497280720718095 ], [ 11.318242102198372, 44.497205441244375 ], [ 11.318545770686228, 44.49710058765811 ], [ 11.318790630889305, 44.4970118000996 ], [ 11.318866871688426, 44.49699130098054 ], [ 11.318975616839104, 44.49696483899023 ], [ 11.319051233564787, 44.496957469190463 ], [ 11.319141897811802, 44.496953691758762 ], [ 11.319188177407927, 44.496958567213944 ], [ 11.319328912654782, 44.496986757840126 ], [ 11.320040311829382, 44.497126390070967 ], [ 11.320245709449507, 44.497152608183157 ], [ 11.320428697404205, 44.497170062803796 ], [ 11.32056340112309, 44.497182845050865 ], [ 11.320616301314224, 44.497183705227421 ], [ 11.320727211157745, 44.497177570409001 ], [ 11.320866711664507, 44.497171448383497 ], [ 11.321034830960357, 44.497163195859287 ], [ 11.321797494631802, 44.497129591369436 ], [ 11.322148857706377, 44.497112289526157 ], [ 11.323028986792675, 44.497079303109459 ], [ 11.323303351445935, 44.497063726635055 ], [ 11.323678243473731, 44.497044743866482 ], [ 11.324291542485399, 44.497026424514814 ], [ 11.324586418389284, 44.497014883602631 ], [ 11.325378313245233, 44.496983900841748 ], [ 11.325831411477582, 44.496959140674321 ], [ 11.325963646814142, 44.496950324623405 ], [ 11.3265068147713, 44.496934691660833 ], [ 11.326614706659571, 44.49694725697308 ], [ 11.326677043177597, 44.496954511904008 ], [ 11.327282513486875, 44.497033140804788 ], [ 11.327574928363182, 44.497065331872854 ] ] ] ] } },
{ "type": "Feature", "properties": { "codice_area_statistica": 69, "area_statistica": "CROCE DEL BIACCO", "cod_quar": 14, "quartiere": "San Donato - San Vitale", "cod_zona": "T", "zona": "S. Vitale" }, "geometry": { "type": "MultiPolygon", "coordinates": [ [ [ [ 11.410559743587454, 44.48579248812468 ], [ 11.410974770809458, 44.486374990814653 ], [ 11.411299731572319, 44.486262834076079 ], [ 11.411299830056345, 44.48626296669903 ], [ 11.411321212803475, 44.486255585154389 ], [ 11.411455365102926, 44.486435817035499 ], [ 11.411845759790838, 44.486305892112988 ], [ 11.411319875944685, 44.485553760875732 ], [ 11.411371281674004, 44.485537505606281 ], [ 11.412525543837933, 44.485169595796727 ], [ 11.41252597499086, 44.48516946481756 ], [ 11.412547098073837, 44.485162727710431 ], [ 11.413281264598412, 44.484939485854248 ], [ 11.413685811146339, 44.484822100225699 ], [ 11.414114216332154, 44.484699249061791 ], [ 11.414314873136238, 44.484635505375572 ], [ 11.414631842450639, 44.484542638959439 ], [ 11.414811635007842, 44.484490626406107 ], [ 11.414856049997402, 44.484475345169493 ], [ 11.415178543955273, 44.484343080262313 ], [ 11.415434660182727, 44.484240883265791 ], [ 11.415550438117076, 44.484195418960454 ], [ 11.415558749817007, 44.484193282153328 ], [ 11.415574759280032, 44.484186992818906 ], [ 11.415688867017375, 44.484157609031129 ], [ 11.415772451036689, 44.484144572948743 ], [ 11.416030038618525, 44.483857151685434 ], [ 11.41597642121279, 44.483834096545664 ], [ 11.415865330110977, 44.483732359779637 ], [ 11.415709010984829, 44.483601196311035 ], [ 11.415504067758112, 44.483320268171425 ], [ 11.415424909804548, 44.483135148435572 ], [ 11.415401357512323, 44.483078822448739 ], [ 11.415319845501115, 44.482932004452763 ], [ 11.415313890808997, 44.48292087721007 ], [ 11.41530291263248, 44.482900910372777 ], [ 11.415213448103183, 44.482931039951495 ], [ 11.408718030482168, 44.485104471231274 ], [ 11.40879245889661, 44.485221626815978 ], [ 11.408857613063335, 44.485314074199117 ], [ 11.409003748978376, 44.485547201092054 ], [ 11.409038332479826, 44.485608074155749 ], [ 11.409045837889391, 44.485694227173553 ], [ 11.40902198383427, 44.485775476601283 ], [ 11.408931107193034, 44.486022425048809 ], [ 11.408797394413872, 44.48630526590442 ], [ 11.408688598389441, 44.486533257417506 ], [ 11.408589582495688, 44.486681120194504 ], [ 11.408442226907004, 44.486773608800782 ], [ 11.408312614444359, 44.486818694266141 ], [ 11.408135135015931, 44.486855983972028 ], [ 11.407968184437319, 44.486857022047786 ], [ 11.407749934332793, 44.486821034889893 ], [ 11.407254662882066, 44.486702064666837 ], [ 11.406784277051313, 44.486594274560176 ], [ 11.406656776913922, 44.486529389318676 ], [ 11.406555272623674, 44.486453132974752 ], [ 11.406483881539986, 44.486373516624219 ], [ 11.406338535595406, 44.486152157858392 ], [ 11.406293638250375, 44.486084059855465 ], [ 11.406229352975224, 44.485986550349622 ], [ 11.406176318391134, 44.485906106628128 ], [ 11.406109345493231, 44.48580451611447 ], [ 11.405883507374744, 44.485460000061764 ], [ 11.405875770450807, 44.485342601021976 ], [ 11.405917437780831, 44.485166395601027 ], [ 11.406001218049816, 44.484763835385813 ], [ 11.406046820165761, 44.484614491719533 ], [ 11.406120724330075, 44.48452250834579 ], [ 11.406273049822079, 44.484425052947451 ], [ 11.405870750030717, 44.484029764652171 ], [ 11.405181702751177, 44.483401216516256 ], [ 11.405418270849918, 44.483302208670018 ], [ 11.405896090410767, 44.483110896052622 ], [ 11.406135611537044, 44.483015593861509 ], [ 11.406425086188175, 44.482897540055518 ], [ 11.40680868920701, 44.482743115506523 ], [ 11.407232617853454, 44.482573429729229 ], [ 11.407605439096486, 44.482423355751223 ], [ 11.407956899867335, 44.482282813858916 ], [ 11.408265944536945, 44.482159093138797 ], [ 11.408646884500181, 44.482005673754564 ], [ 11.40896944694493, 44.481875085896178 ], [ 11.409330235498086, 44.481730269242888 ], [ 11.409628878359662, 44.4816081867788 ], [ 11.409893813934024, 44.481503643695447 ], [ 11.410261800627215, 44.481354458912662 ], [ 11.410607473201647, 44.481213858204391 ], [ 11.411067838219893, 44.48102856231516 ], [ 11.411684565264943, 44.480779703217131 ], [ 11.411833575038575, 44.480720565127328 ], [ 11.411898386713077, 44.480699934685013 ], [ 11.411920629762735, 44.480694781196831 ], [ 11.411917747087994, 44.480693144577899 ], [ 11.411875749487571, 44.480702944515862 ], [ 11.411811120221239, 44.480723485566699 ], [ 11.411662529169776, 44.480782441030733 ], [ 11.411047431392964, 44.481030591302506 ], [ 11.410588159986439, 44.481215391378768 ], [ 11.410243228729849, 44.481355643279919 ], [ 11.40987540606797, 44.481504659792414 ], [ 11.409610233771796, 44.481609196126612 ], [ 11.409311340990486, 44.481731287417801 ], [ 11.408950244454051, 44.481876107809995 ], [ 11.408627429607799, 44.48200670544113 ], [ 11.408246199762733, 44.482160140778909 ], [ 11.407936919357917, 44.482283879021828 ], [ 11.407585210945902, 44.482424454883919 ], [ 11.407212125759816, 44.482574564070397 ], [ 11.406787923515788, 44.482744295151527 ], [ 11.406404086074646, 44.482898769585489 ], [ 11.406114434625687, 44.483016867576445 ], [ 11.405874537382662, 44.483112228964984 ], [ 11.405395875008042, 44.483303628571875 ], [ 11.405156671998251, 44.483400639298353 ], [ 11.404823821832625, 44.483535614790632 ], [ 11.404383552682738, 44.483712517364054 ], [ 11.403965339087852, 44.483881490609569 ], [ 11.40343490716571, 44.484095308343278 ], [ 11.402852032654605, 44.484330573376781 ], [ 11.402391949794822, 44.484515546525472 ], [ 11.401948465314261, 44.484694127817576 ], [ 11.401401809737989, 44.484914399214929 ], [ 11.401032215505854, 44.485064234659049 ], [ 11.400613851524746, 44.485230317927901 ], [ 11.400134087352209, 44.485422978946715 ], [ 11.399735194960666, 44.485585309616013 ], [ 11.399201346777049, 44.485799368498157 ], [ 11.39901874425078, 44.48587288628832 ], [ 11.398678662525736, 44.48600976030157 ], [ 11.398170241978343, 44.486215708853244 ], [ 11.397893667930797, 44.486331197523505 ], [ 11.397601549274524, 44.486445157484582 ], [ 11.397113553021528, 44.486643029131336 ], [ 11.396796442641321, 44.486769872390518 ], [ 11.396692151357541, 44.486811943579141 ], [ 11.396307811051699, 44.486965260206709 ], [ 11.395837005971815, 44.487155968542645 ], [ 11.395195682389062, 44.487414936580457 ], [ 11.394691278192782, 44.487617904494329 ], [ 11.394169662291207, 44.487827532978116 ], [ 11.393723702285536, 44.488008303776638 ], [ 11.393094168749354, 44.488257731074704 ], [ 11.392504523571889, 44.488495515772883 ], [ 11.391557564229615, 44.488877182160969 ], [ 11.391139225572649, 44.48904520165069 ], [ 11.391003838027187, 44.489099289266534 ], [ 11.390907094994441, 44.489137929112047 ], [ 11.390145969647552, 44.489442320230452 ], [ 11.389163565037235, 44.489825240020721 ], [ 11.388911464105412, 44.48992215346977 ], [ 11.388945264746635, 44.489974372296395 ], [ 11.389210502354665, 44.490389025769879 ], [ 11.389710233747985, 44.491203742024332 ], [ 11.389880831436191, 44.49143840585932 ], [ 11.390114898437567, 44.491701494053657 ], [ 11.390199486391502, 44.492002974891605 ], [ 11.390519730994974, 44.492598586602718 ], [ 11.390622756882458, 44.492745817850739 ], [ 11.390829843767959, 44.493111711859093 ], [ 11.390888248505934, 44.493228827510748 ], [ 11.390958252891927, 44.493226343960423 ], [ 11.391036647655323, 44.493236198207285 ], [ 11.39108784642111, 44.493243804261795 ], [ 11.391115175937571, 44.493249317540048 ], [ 11.391196407004228, 44.493272247029765 ], [ 11.391238462017183, 44.49328261929417 ], [ 11.391300693777211, 44.493297979421897 ], [ 11.391365696456058, 44.493322662155911 ], [ 11.391419533209653, 44.493343104492524 ], [ 11.391503445630658, 44.493379004323074 ], [ 11.391529278730276, 44.493390058431302 ], [ 11.391585490217251, 44.493418436225753 ], [ 11.391632473768983, 44.493445368861899 ], [ 11.391682079957368, 44.49348045688226 ], [ 11.39173438832414, 44.493525337086247 ], [ 11.391787367382902, 44.493586614915969 ], [ 11.391830276158858, 44.493658141601919 ], [ 11.392230130578408, 44.493712411622383 ], [ 11.392470935968891, 44.493759408791973 ], [ 11.393294907538063, 44.493880181893488 ], [ 11.39343067908235, 44.493898572304154 ], [ 11.393558541664673, 44.493913635390562 ], [ 11.393885676054776, 44.493967893958519 ], [ 11.394508254653985, 44.494073111900761 ], [ 11.394822246129323, 44.494123655330583 ], [ 11.395313616116884, 44.494198392961408 ], [ 11.395800777803951, 44.494261252370038 ], [ 11.396375727019082, 44.494336886986524 ], [ 11.397606977061931, 44.494495099325277 ], [ 11.397404560794298, 44.495329496336524 ], [ 11.399452282965857, 44.495605693823777 ], [ 11.399783749625062, 44.495651138887673 ], [ 11.400345119022926, 44.495727029941861 ], [ 11.402095048887817, 44.495972593944316 ], [ 11.402331726007468, 44.495907656089585 ], [ 11.401890930665246, 44.495126370705727 ], [ 11.401753220896863, 44.494894931164389 ], [ 11.4019501709389, 44.494923628517597 ], [ 11.402066626136595, 44.494940128435246 ], [ 11.402591053200542, 44.495061690665217 ], [ 11.403411825115757, 44.495309619331948 ], [ 11.403847092965288, 44.495435429647408 ], [ 11.404345281953432, 44.495562280685107 ], [ 11.405569370124256, 44.49577884049301 ], [ 11.406883680175527, 44.496016585435889 ], [ 11.40860790900309, 44.496311862434524 ], [ 11.408604789919464, 44.496236135575813 ], [ 11.408576950674421, 44.496093726098763 ], [ 11.408520691405919, 44.495940464991882 ], [ 11.408485627281989, 44.495865412149172 ], [ 11.408432723271625, 44.495793607518436 ], [ 11.408365962033715, 44.495724940040105 ], [ 11.408270446410288, 44.495681888322196 ], [ 11.408121088538413, 44.495616313630748 ], [ 11.40797422203868, 44.495526928391591 ], [ 11.407868163053067, 44.495452931828758 ], [ 11.407723917338725, 44.495342559993702 ], [ 11.407643450673026, 44.495259299911659 ], [ 11.407508408980844, 44.495111868121214 ], [ 11.407401412506156, 44.494972901294567 ], [ 11.407343842706362, 44.494889140098451 ], [ 11.407309098363145, 44.494851134740763 ], [ 11.407273082307738, 44.494824400408753 ], [ 11.407200421685143, 44.494798438832461 ], [ 11.407144201476772, 44.494789622529112 ], [ 11.407054869136832, 44.494782755787931 ], [ 11.406992330836243, 44.494790340292987 ], [ 11.406837736626684, 44.494809840639434 ], [ 11.406341843335744, 44.494894035493871 ], [ 11.406275861580879, 44.494902916545968 ], [ 11.40620628446648, 44.494909397639148 ], [ 11.406127008977563, 44.494892316316985 ], [ 11.406075400417604, 44.494868412989788 ], [ 11.406042660501809, 44.494836612783793 ], [ 11.405830834667585, 44.4944836571241 ], [ 11.40567290432573, 44.494252045301117 ], [ 11.405353386566251, 44.493827636126312 ], [ 11.405191400903144, 44.49362485429625 ], [ 11.405077541155929, 44.493488532580592 ], [ 11.404900670871468, 44.493306058661844 ], [ 11.404675021185772, 44.493083371239365 ], [ 11.404405589988533, 44.492815359311884 ], [ 11.404172597863836, 44.49258407502591 ], [ 11.403995089735806, 44.492427864630663 ], [ 11.403947993058495, 44.492386364294475 ], [ 11.403767800496675, 44.492250186797861 ], [ 11.403500389186085, 44.492073362307721 ], [ 11.403373035429034, 44.491991068382028 ], [ 11.403313017523089, 44.49197483999459 ], [ 11.40323246211257, 44.491969036821665 ], [ 11.403106863288995, 44.49197168100806 ], [ 11.403028003224129, 44.491964590641359 ], [ 11.40297838911199, 44.491946891704082 ], [ 11.402936932004069, 44.491915283097619 ], [ 11.402780226368481, 44.49172618758341 ], [ 11.402535363337599, 44.49144232263243 ], [ 11.40219177927256, 44.491043438094131 ], [ 11.402023929876066, 44.490855125179543 ], [ 11.401621764290478, 44.490414124139029 ], [ 11.401352468080793, 44.490095138408556 ], [ 11.401216159791479, 44.489926272521494 ], [ 11.400376613141248, 44.488960100295202 ], [ 11.400547772151242, 44.488893158829846 ], [ 11.401337287083624, 44.488653792945179 ], [ 11.40168083005784, 44.488550462879452 ], [ 11.402373775967474, 44.488337140437501 ], [ 11.402904786987941, 44.488192734484819 ], [ 11.403191780603258, 44.488123350638013 ], [ 11.40360264750653, 44.488025160287243 ], [ 11.403816663518322, 44.487961677742796 ], [ 11.40407251898721, 44.487877670001609 ], [ 11.404352505907735, 44.487786590523356 ], [ 11.404505541438246, 44.487724400101023 ], [ 11.405128711630983, 44.487521263169839 ], [ 11.406114340213618, 44.487229676143578 ], [ 11.406313545209795, 44.487177421238393 ], [ 11.406515419454113, 44.487116386205919 ], [ 11.406630179790616, 44.487087760249665 ], [ 11.406715175070291, 44.487077226756497 ], [ 11.406855568306739, 44.487078632918248 ], [ 11.406975164919494, 44.48709358519163 ], [ 11.407110900610162, 44.48713002828535 ], [ 11.407231831432153, 44.487177703563496 ], [ 11.407414818513658, 44.487250276502813 ], [ 11.407637795930318, 44.487330747198165 ], [ 11.407871225007295, 44.487418253075226 ], [ 11.407994101102013, 44.487444721429348 ], [ 11.408106421928057, 44.487449707089787 ], [ 11.408189635716374, 44.487443243238324 ], [ 11.408291732186159, 44.487430511264137 ], [ 11.408394470681143, 44.487406494415382 ], [ 11.408493617273395, 44.487369463500826 ], [ 11.408636135303368, 44.487316167938822 ], [ 11.408803101742171, 44.487253731813489 ], [ 11.409018687265808, 44.487155276350101 ], [ 11.409071851252165, 44.487112652449099 ], [ 11.409112994523651, 44.487074657474345 ], [ 11.409165529718269, 44.487016769410907 ], [ 11.409213124042356, 44.486913117425537 ], [ 11.409268325550242, 44.486772187197154 ], [ 11.409339664146453, 44.486578494277232 ], [ 11.409412003295026, 44.486408799090803 ], [ 11.409444984964573, 44.486320750828924 ], [ 11.40949069352879, 44.486245532682076 ], [ 11.409549051870702, 44.486180967637097 ], [ 11.409613187451885, 44.486117441943428 ], [ 11.409715161438584, 44.486066081177263 ], [ 11.409907758479516, 44.485997682804609 ], [ 11.410182111275999, 44.485908256390609 ], [ 11.410538788368397, 44.48579879762864 ], [ 11.41053886076771, 44.485798899522678 ], [ 11.410559743587454, 44.48579248812468 ] ] ] ] } },
{ "type": "Feature", "properties": { "codice_area_statistica": 11, "area_statistica": "CASTELDEBOLE", "cod_quar": 11, "quartiere": "Borgo Panigale - Reno", "cod_zona": "C", "zona": "Borgo Panigale" }, "geometry": { "type": "MultiPolygon", "coordinates": [ [ [ [ 11.274975836335781, 44.490629921614307 ], [ 11.274969693171299, 44.490689145190423 ], [ 11.274955783345677, 44.49084200381234 ], [ 11.274942910921434, 44.49096038791609 ], [ 11.27492340710714, 44.491184557744162 ], [ 11.274904494887327, 44.491331683253627 ], [ 11.274888047795205, 44.491579154787743 ], [ 11.274858651587442, 44.491819972159753 ], [ 11.274845561846023, 44.491935234864918 ], [ 11.27483561718817, 44.4920538180696 ], [ 11.274812338454002, 44.492260365764153 ], [ 11.274802789737368, 44.492413126625571 ], [ 11.2747999456216, 44.492438856901053 ], [ 11.274778070477817, 44.492636710709967 ], [ 11.274772752116201, 44.492742729515399 ], [ 11.274757443048228, 44.492810153417828 ], [ 11.274726592870039, 44.49305885264836 ], [ 11.274706058696584, 44.493225483015557 ], [ 11.274694459316848, 44.493340692576083 ], [ 11.274669692275994, 44.493566493097262 ], [ 11.274650855474519, 44.493741038910926 ], [ 11.274640549874489, 44.493826586140599 ], [ 11.274617244753451, 44.494033099157775 ], [ 11.274613381252376, 44.494104804370672 ], [ 11.274598776110212, 44.494247452482639 ], [ 11.274574379360747, 44.494504101961155 ], [ 11.27455490280815, 44.494638731284482 ], [ 11.274544655583615, 44.494719705814873 ], [ 11.274530178899999, 44.49486915640513 ], [ 11.274514176712108, 44.495015152481706 ], [ 11.274505677837963, 44.495114338622272 ], [ 11.274480718197056, 44.495324254208001 ], [ 11.274470600796827, 44.495439327952901 ], [ 11.274460173691198, 44.495521407067137 ], [ 11.274451192523328, 44.495582969274089 ], [ 11.27443351564923, 44.495732290037573 ], [ 11.274418892088431, 44.495882696892359 ], [ 11.274403943527286, 44.495993312465188 ], [ 11.274395041505352, 44.496069622930833 ], [ 11.274378447989664, 44.496280312554262 ], [ 11.274363198818733, 44.496392969590069 ], [ 11.274349506088427, 44.4964827758483 ], [ 11.274344807170738, 44.496612732722788 ], [ 11.274324250056699, 44.496778143541377 ], [ 11.274313436724526, 44.496878406548916 ], [ 11.274309119763618, 44.496968605772345 ], [ 11.274291413153572, 44.497130406465082 ], [ 11.274276620254625, 44.497258070703616 ], [ 11.274264686094284, 44.497346949749051 ], [ 11.2742307267377, 44.497644295792313 ], [ 11.274214550838822, 44.497803807213167 ], [ 11.274200061342956, 44.497967839441344 ], [ 11.274182169691528, 44.498115935539623 ], [ 11.27417214846739, 44.498231046006381 ], [ 11.274163519937131, 44.498336913677505 ], [ 11.27413846649041, 44.49857733352453 ], [ 11.274134511519607, 44.498661549590402 ], [ 11.274133859033885, 44.498756067245182 ], [ 11.274107733095654, 44.498755530509392 ], [ 11.274107407999638, 44.498800452077589 ], [ 11.273847721273853, 44.498794551778801 ], [ 11.273350273251237, 44.49876821473034 ], [ 11.273326170106227, 44.498913744402415 ], [ 11.273312927569719, 44.499654425822079 ], [ 11.273331077544627, 44.49979319934598 ], [ 11.273380100617304, 44.499988389424978 ], [ 11.273421687582825, 44.50015634170235 ], [ 11.273463629807473, 44.500333424508774 ], [ 11.273495743394484, 44.500421739495721 ], [ 11.273539549162134, 44.500564566329764 ], [ 11.273584515407055, 44.500901249685207 ], [ 11.27371546872989, 44.502029068887545 ], [ 11.273785847585501, 44.502235716779161 ], [ 11.273860205383286, 44.50246250516448 ], [ 11.273925840470042, 44.502689467243798 ], [ 11.274020709247273, 44.502994016355764 ], [ 11.274119941129467, 44.50329848745961 ], [ 11.274180379081697, 44.503616226885249 ], [ 11.27424455948276, 44.503918263227199 ], [ 11.27427257460408, 44.504008496122374 ], [ 11.274486517532827, 44.50396033709778 ], [ 11.274621587656172, 44.503907051351916 ], [ 11.274743833018956, 44.503864283940025 ], [ 11.274837864042519, 44.504140670933893 ], [ 11.27497495285397, 44.504514597959364 ], [ 11.275157032627542, 44.5049684622849 ], [ 11.275300571689714, 44.505298237709283 ], [ 11.275380946421423, 44.505473788430415 ], [ 11.275425306949252, 44.505571491452926 ], [ 11.275521318069323, 44.505768984765865 ], [ 11.275616062353695, 44.505956861484925 ], [ 11.275726456551217, 44.506168643069564 ], [ 11.275862451312506, 44.506424026787073 ], [ 11.27603030413955, 44.5067189266464 ], [ 11.276205044872947, 44.50701620962576 ], [ 11.276344074322246, 44.50723957308184 ], [ 11.276633099915989, 44.507686449857395 ], [ 11.276765843109462, 44.507877528873991 ], [ 11.277004986879934, 44.508213137408426 ], [ 11.277187271163685, 44.508371178580909 ], [ 11.27773180911645, 44.509044033295687 ], [ 11.277763500210206, 44.509079231207032 ], [ 11.277741320656474, 44.509087956120496 ], [ 11.277795894802486, 44.509148624848251 ], [ 11.277836544875646, 44.509197417913228 ], [ 11.277904988500556, 44.50928082041527 ], [ 11.277915686301863, 44.509275115379019 ], [ 11.277944968483943, 44.509261405318 ], [ 11.278512033871328, 44.508980911426569 ], [ 11.278890216130415, 44.508797119076689 ], [ 11.279201038691051, 44.508652031044967 ], [ 11.280152640105412, 44.50824019148704 ], [ 11.28048261759149, 44.508097382115338 ], [ 11.281258399569603, 44.507797022363334 ], [ 11.281787628809834, 44.507609940741226 ], [ 11.282142000465059, 44.507488290151201 ], [ 11.282485014213858, 44.507374787819337 ], [ 11.282888868553739, 44.507249129656849 ], [ 11.28323975509787, 44.507146909885279 ], [ 11.283588819114735, 44.507039287936152 ], [ 11.285141903442462, 44.506573168924852 ], [ 11.287520267054886, 44.505861720890763 ], [ 11.289896975062836, 44.505150265431695 ], [ 11.289940294739745, 44.505137278990084 ], [ 11.28991835942222, 44.505119074668791 ], [ 11.289804455453911, 44.505024500752427 ], [ 11.289365485104437, 44.504659986154543 ], [ 11.289009376983715, 44.504358617912217 ], [ 11.288707516218839, 44.504102884333733 ], [ 11.288523951290978, 44.503944707112119 ], [ 11.288257108285578, 44.503709336339234 ], [ 11.288077111736653, 44.503565130882237 ], [ 11.28794160958366, 44.503455314487638 ], [ 11.287583537107134, 44.503154800332666 ], [ 11.287231678301284, 44.502861893756574 ], [ 11.28713048933054, 44.502777955494935 ], [ 11.286597351561419, 44.502335724892525 ], [ 11.28617735507309, 44.50199215390866 ], [ 11.285844331115081, 44.501717321081472 ], [ 11.28568863625334, 44.501583068183102 ], [ 11.285389411914561, 44.501419459347609 ], [ 11.285110753215776, 44.501273803321638 ], [ 11.284992950851171, 44.501220705445874 ], [ 11.284754785754245, 44.501119791071758 ], [ 11.284468396524996, 44.501001566013421 ], [ 11.284099839568469, 44.500856536152561 ], [ 11.283873026840446, 44.50076600683029 ], [ 11.283628585584525, 44.50065567291994 ], [ 11.283210109588437, 44.500463024808901 ], [ 11.282678233123983, 44.500203872030021 ], [ 11.282234288379263, 44.499986972484059 ], [ 11.281654453261629, 44.499679988683461 ], [ 11.281382789497123, 44.49953616425735 ], [ 11.281358625790162, 44.499521009667824 ], [ 11.280915491505155, 44.499303665640021 ], [ 11.28049789099067, 44.499095892694335 ], [ 11.280174447036565, 44.498936264932354 ], [ 11.279938202793078, 44.498819637584042 ], [ 11.2790565760268, 44.498483728439162 ], [ 11.278032897021252, 44.498110954824433 ], [ 11.277562238947135, 44.497924278604899 ], [ 11.277448965612244, 44.497873756308394 ], [ 11.277218027942116, 44.497770728373297 ], [ 11.27703572855888, 44.497692180130798 ], [ 11.276959420147177, 44.497638336275585 ], [ 11.276817471536091, 44.497490302099266 ], [ 11.276732082392284, 44.497401250026215 ], [ 11.276330005201279, 44.496749765629865 ], [ 11.276302482381675, 44.496705121441678 ], [ 11.27616649748485, 44.49646234129473 ], [ 11.275963536000312, 44.496127449428812 ], [ 11.275989178089699, 44.495938270912049 ], [ 11.276342342394473, 44.493333090128267 ], [ 11.276359561438564, 44.493206107283413 ], [ 11.276868278747633, 44.492775819979933 ], [ 11.27816536465388, 44.491652985013609 ], [ 11.278409235520716, 44.491217829892427 ], [ 11.278418184491057, 44.491201860729937 ], [ 11.277645585546079, 44.491091709865287 ], [ 11.277213258357159, 44.491032014041735 ], [ 11.276783336185733, 44.490975599572607 ], [ 11.276626772909106, 44.490963147506612 ], [ 11.276571654433827, 44.490952633363101 ], [ 11.27649588008174, 44.490938119835761 ], [ 11.276475087001218, 44.490934150218692 ], [ 11.276136668754919, 44.490869489693075 ], [ 11.275879917844659, 44.490816280819914 ], [ 11.275634302709564, 44.490761580019949 ], [ 11.275003811487657, 44.490599154094546 ], [ 11.274980000420403, 44.49059302465254 ], [ 11.274975836335781, 44.490629921614307 ] ] ] ] } },
{ "type": "Feature", "properties": { "codice_area_statistica": 44, "area_statistica": "PILASTRO", "cod_quar": 14, "quartiere": "San Donato - San Vitale", "cod_zona": "Q", "zona": "San Donato" }, "geometry": { "type": "MultiPolygon", "coordinates": [ [ [ [ 11.380956736488281, 44.509717807320285 ], [ 11.381675522225608, 44.510029795493573 ], [ 11.382004396437768, 44.510169269889403 ], [ 11.382101136715752, 44.510208820467639 ], [ 11.382766616989281, 44.510519930835365 ], [ 11.382883590180207, 44.510574083675998 ], [ 11.382956516872438, 44.510614894946272 ], [ 11.383605569693001, 44.510972107826611 ], [ 11.3843077951596, 44.511393906125051 ], [ 11.384427309143332, 44.511465019135272 ], [ 11.385107205034251, 44.511876096823464 ], [ 11.385454091999861, 44.512083082129834 ], [ 11.386171501922616, 44.512514723531027 ], [ 11.386303975368202, 44.512589372638011 ], [ 11.386710863545261, 44.512854774993812 ], [ 11.387249983838693, 44.513198033839934 ], [ 11.387303245478201, 44.513229510102747 ], [ 11.387969805233805, 44.513623391738435 ], [ 11.388618090324009, 44.514018876198257 ], [ 11.389165626827024, 44.5143366670302 ], [ 11.389426880205871, 44.51447775934691 ], [ 11.38976988266228, 44.514671571778528 ], [ 11.390153491016902, 44.514866960931435 ], [ 11.390612532097105, 44.515099374686237 ], [ 11.391008495936024, 44.515307476664837 ], [ 11.392311508269295, 44.515959394203954 ], [ 11.392590236733509, 44.516114799749971 ], [ 11.39316889470842, 44.516398540349009 ], [ 11.393686455171242, 44.516062357692704 ], [ 11.393613151021938, 44.516006755649563 ], [ 11.393543763497997, 44.515970282875621 ], [ 11.393568840909985, 44.515879074348355 ], [ 11.393595806318594, 44.515880039349838 ], [ 11.393629523435788, 44.515879962512102 ], [ 11.393674855018466, 44.51587469071152 ], [ 11.394033643922981, 44.515826970097692 ], [ 11.394220693659419, 44.515799406299116 ], [ 11.394218909986034, 44.515753413669934 ], [ 11.394219264895224, 44.515734743938665 ], [ 11.394221883342789, 44.515716350822849 ], [ 11.394226725769972, 44.515698190139275 ], [ 11.394242954547419, 44.515663126910837 ], [ 11.394254200356686, 44.515646479384273 ], [ 11.394267440454646, 44.515630600256323 ], [ 11.394282553917725, 44.515615609095846 ], [ 11.39429944459687, 44.515601615949429 ], [ 11.39431797862947, 44.515588731654702 ], [ 11.394389595469994, 44.515560464868244 ], [ 11.395240118625972, 44.515267845374865 ], [ 11.395378592755636, 44.515217100086439 ], [ 11.395404171181887, 44.515178095431132 ], [ 11.395434957397544, 44.515151648073875 ], [ 11.395450404974373, 44.515140520843474 ], [ 11.395477968753895, 44.51512785198328 ], [ 11.396539089242752, 44.514752381898354 ], [ 11.396577965872497, 44.514804500690857 ], [ 11.396587572639291, 44.514825220925459 ], [ 11.397410172572059, 44.514553886348914 ], [ 11.397577992348657, 44.514498434896737 ], [ 11.397812079747643, 44.51442119142461 ], [ 11.398591141659853, 44.514164113650729 ], [ 11.399326266427458, 44.513921565938126 ], [ 11.401254241230736, 44.513260335252866 ], [ 11.403118300231762, 44.512635302428706 ], [ 11.404154016479298, 44.512221072096679 ], [ 11.405240653106668, 44.51174706275517 ], [ 11.406396241296193, 44.511266611068613 ], [ 11.407930263880063, 44.510740084552452 ], [ 11.408079817455768, 44.51068945020625 ], [ 11.408363790266041, 44.510622412862823 ], [ 11.40853069074859, 44.510590056224409 ], [ 11.408688405607908, 44.510564690099493 ], [ 11.408963441389508, 44.510535731600839 ], [ 11.408914546689848, 44.510460826889805 ], [ 11.408867645857468, 44.510418424319866 ], [ 11.408809358328629, 44.510381798588107 ], [ 11.408756909255585, 44.51036167734501 ], [ 11.408670236012687, 44.510356115177849 ], [ 11.408459215308289, 44.510339330716086 ], [ 11.408090399242445, 44.510312965156103 ], [ 11.407967422230552, 44.510303550001247 ], [ 11.407810553671569, 44.510285621991159 ], [ 11.407689864427699, 44.510271269891732 ], [ 11.406499067599755, 44.510101502184661 ], [ 11.405341071053474, 44.509942617162849 ], [ 11.404353855811602, 44.509805195418402 ], [ 11.403460234438546, 44.509681242892924 ], [ 11.402287445455043, 44.509522629290082 ], [ 11.401660876485371, 44.50944653539684 ], [ 11.401238073983198, 44.509389279405802 ], [ 11.400191140592318, 44.509257588080672 ], [ 11.399859993828285, 44.509195788979753 ], [ 11.399690629178071, 44.509161709843269 ], [ 11.399553432219061, 44.509125756918976 ], [ 11.399441900786762, 44.509091352933318 ], [ 11.399146812231256, 44.508991550219115 ], [ 11.398382818334916, 44.508713320271248 ], [ 11.398076153266455, 44.508599569975459 ], [ 11.397785508433937, 44.508503703519331 ], [ 11.397650147517155, 44.508471346766122 ], [ 11.39737156283279, 44.50842134604882 ], [ 11.397023380917657, 44.508366081224352 ], [ 11.396461153526817, 44.508294846381411 ], [ 11.396524906096108, 44.507997062639667 ], [ 11.396413004005472, 44.507983900504229 ], [ 11.396395296819472, 44.508042968933076 ], [ 11.395673256876595, 44.507949472808413 ], [ 11.395677820609754, 44.507934972932127 ], [ 11.395393818466928, 44.507896649362166 ], [ 11.395358130511571, 44.507937549674523 ], [ 11.394308924061242, 44.507808066605705 ], [ 11.393803424466395, 44.507746206769106 ], [ 11.392598247321805, 44.507592610862602 ], [ 11.391618215385359, 44.507468855141681 ], [ 11.39140701082772, 44.50744474187421 ], [ 11.391284794074958, 44.507427865673726 ], [ 11.390950255344006, 44.507380767890552 ], [ 11.390651836599142, 44.507343544695338 ], [ 11.390059371904545, 44.507264944248043 ], [ 11.389921469271323, 44.507249016188773 ], [ 11.389381502534318, 44.507186688020873 ], [ 11.388473863800444, 44.507067061521063 ], [ 11.38849111344034, 44.506969202836835 ], [ 11.388357492991245, 44.506952751160632 ], [ 11.388239386178416, 44.506938198387921 ], [ 11.386808271955735, 44.506756507705397 ], [ 11.386475460622629, 44.506717643021538 ], [ 11.386210341219151, 44.506682412788606 ], [ 11.386062435557873, 44.506658676880463 ], [ 11.385894534035007, 44.506625545926873 ], [ 11.38572144395911, 44.506582719373682 ], [ 11.385501882484713, 44.506532482331387 ], [ 11.385296515056432, 44.50646629280903 ], [ 11.385193452865494, 44.50643162586713 ], [ 11.384903127656759, 44.506323998499461 ], [ 11.38464327181306, 44.506214194441569 ], [ 11.384500783637948, 44.506144349231015 ], [ 11.384331088653779, 44.506079834484957 ], [ 11.384097966074384, 44.506008550915418 ], [ 11.383765299092964, 44.505942226477423 ], [ 11.383536283232059, 44.505897584612605 ], [ 11.383546327170013, 44.50586130161215 ], [ 11.383175623147904, 44.505799073624942 ], [ 11.382976021025954, 44.505763089188164 ], [ 11.382363957616178, 44.50568756762074 ], [ 11.382349673659238, 44.505685885165995 ], [ 11.381956692831816, 44.505639710573774 ], [ 11.38191227515598, 44.505630194441032 ], [ 11.381815519311484, 44.50561869148715 ], [ 11.381621577805623, 44.505595631282588 ], [ 11.381538350354921, 44.505585790393141 ], [ 11.381532878100318, 44.505608951128124 ], [ 11.381522147569083, 44.505666701390773 ], [ 11.381512971518827, 44.505719377784558 ], [ 11.381503290470953, 44.505778186457128 ], [ 11.381495247556062, 44.50583984177333 ], [ 11.381485683368288, 44.505901519823581 ], [ 11.38147585272521, 44.505975185845216 ], [ 11.381459393463487, 44.506120830620191 ], [ 11.381444555275523, 44.506290829517546 ], [ 11.381438022442484, 44.506445449810357 ], [ 11.381431109388432, 44.506571900006186 ], [ 11.381419270414415, 44.506932870720746 ], [ 11.381405120011333, 44.507381934702565 ], [ 11.381378188207622, 44.507829464783129 ], [ 11.381344403085853, 44.508216550557115 ], [ 11.381310740012207, 44.50845563164274 ], [ 11.381272359675858, 44.508643775596056 ], [ 11.381228079301962, 44.508853549727 ], [ 11.381178644983986, 44.509029770770738 ], [ 11.381174292312462, 44.509043365408367 ], [ 11.381131897915532, 44.509176227283916 ], [ 11.381067223059123, 44.509373643118586 ], [ 11.381012406511063, 44.509519367640564 ], [ 11.380962862484834, 44.509618799025709 ], [ 11.380934793032379, 44.509708278340817 ], [ 11.380956736488281, 44.509717807320285 ] ] ] ] } },
{ "type": "Feature", "properties": { "codice_area_statistica": 68, "area_statistica": "GUELFA", "cod_quar": 14, "quartiere": "San Donato - San Vitale", "cod_zona": "T", "zona": "S. Vitale" }, "geometry": { "type": "MultiPolygon", "coordinates": [ [ [ [ 11.391036647655323, 44.493236198207285 ], [ 11.39108784642111, 44.493243804261795 ], [ 11.391115175937571, 44.493249317540048 ], [ 11.391196407004228, 44.493272247029765 ], [ 11.391238462017183, 44.49328261929417 ], [ 11.391300693777211, 44.493297979421897 ], [ 11.390870552149648, 44.493799223518906 ], [ 11.390794085388972, 44.493887006767444 ], [ 11.390503356193571, 44.494202982248879 ], [ 11.388622660264938, 44.496322406101939 ], [ 11.388324118695159, 44.496279516658738 ], [ 11.388018905103779, 44.496243869043838 ], [ 11.387761843040359, 44.49621044533491 ], [ 11.387544860302993, 44.496181782371067 ], [ 11.387438860539133, 44.496167785733824 ], [ 11.386294270288728, 44.496022668370337 ], [ 11.385579642604588, 44.495924901921434 ], [ 11.384866301547472, 44.495835494512121 ], [ 11.384664969657306, 44.495810253157835 ], [ 11.384132688053654, 44.495740555338941 ], [ 11.3839173883215, 44.495712363463085 ], [ 11.382965035122925, 44.495582499375736 ], [ 11.382787341925486, 44.495556104044162 ], [ 11.382349196174291, 44.495483604633584 ], [ 11.381657673094248, 44.495369126745906 ], [ 11.380771855094206, 44.495211478558353 ], [ 11.380741802864293, 44.495206127618125 ], [ 11.379765353336802, 44.495044113984981 ], [ 11.378906613967526, 44.494897013956788 ], [ 11.378526218766218, 44.494827527524613 ], [ 11.378148117548092, 44.494768344997773 ], [ 11.377771259065872, 44.494699493566713 ], [ 11.377520855309587, 44.494656284300518 ], [ 11.377485660212402, 44.494650643501664 ], [ 11.377369584285743, 44.494629366211598 ], [ 11.377260681960516, 44.494611288369981 ], [ 11.377232623393272, 44.494604841683064 ], [ 11.377092595087868, 44.494582208389325 ], [ 11.376888033659968, 44.49454694665603 ], [ 11.376399249651902, 44.494462605054906 ], [ 11.376187908291808, 44.494424521358759 ], [ 11.375409789280313, 44.49429551341813 ], [ 11.374994646231606, 44.494224064493871 ], [ 11.374960916456125, 44.494218257389363 ], [ 11.374809558466714, 44.494192237967866 ], [ 11.374671986545493, 44.494168101180399 ], [ 11.374641580186307, 44.494162674974234 ], [ 11.374757234214886, 44.494011303316825 ], [ 11.374848008341575, 44.493882514477107 ], [ 11.374993450865892, 44.493660680814543 ], [ 11.375098083841163, 44.493495647116234 ], [ 11.375219671514909, 44.493279539986567 ], [ 11.37525501489219, 44.493215462404578 ], [ 11.375344554247219, 44.493042082050593 ], [ 11.375450638582686, 44.492811262950333 ], [ 11.375529063071509, 44.492628084859334 ], [ 11.375606759101005, 44.492431318966474 ], [ 11.375650622815984, 44.492298662309821 ], [ 11.375670011090399, 44.492247124139162 ], [ 11.375701131725883, 44.492144756277497 ], [ 11.375779472641419, 44.49186760176346 ], [ 11.375803023125382, 44.491764653209579 ], [ 11.375838975503983, 44.49160754805812 ], [ 11.375871661829546, 44.491425465678795 ], [ 11.375892917355833, 44.491287391766896 ], [ 11.375915818764508, 44.491129153811734 ], [ 11.375956263944209, 44.490808972294467 ], [ 11.375972213410645, 44.490589823478793 ], [ 11.375984129526676, 44.490163023931515 ], [ 11.375997896762341, 44.489765696306179 ], [ 11.376010621394109, 44.48954487707551 ], [ 11.376021244137988, 44.489360553062042 ], [ 11.376017946941456, 44.489295172881896 ], [ 11.376023400565364, 44.489116727112602 ], [ 11.376023218640972, 44.489047230922871 ], [ 11.376026637222859, 44.488947483115396 ], [ 11.37605213985923, 44.488202204168907 ], [ 11.376069105674313, 44.487517672253254 ], [ 11.376101389799668, 44.486650491945838 ], [ 11.376153359760785, 44.48664941017001 ], [ 11.376204425019539, 44.486648347202859 ], [ 11.376293173517405, 44.486646499772348 ], [ 11.376403103793876, 44.486641654580431 ], [ 11.376526614128572, 44.486621285175204 ], [ 11.37711235108141, 44.486522619383216 ], [ 11.377243350446918, 44.486490659959074 ], [ 11.377303548677832, 44.486610050022534 ], [ 11.37769483785787, 44.487777800758529 ], [ 11.377706959050117, 44.487813945751284 ], [ 11.377910110465919, 44.488376904169002 ], [ 11.377947157900689, 44.488463160446294 ], [ 11.377992975518417, 44.488581697344628 ], [ 11.378012750032246, 44.48863285222847 ], [ 11.378201076877852, 44.489037052164946 ], [ 11.378309649833989, 44.489232865070854 ], [ 11.37850366715171, 44.489570920939997 ], [ 11.378563075373306, 44.489683106666803 ], [ 11.378696821894675, 44.490033986340627 ], [ 11.378812341107281, 44.490008082345916 ], [ 11.378943425465531, 44.489971860984852 ], [ 11.379130693352085, 44.489900798849945 ], [ 11.379201513792939, 44.489888780775502 ], [ 11.379431215805738, 44.489806930864773 ], [ 11.37962186188393, 44.489741649186932 ], [ 11.379881399057766, 44.489691135599827 ], [ 11.379945674192385, 44.489688265110765 ], [ 11.38011224258435, 44.489680651027385 ], [ 11.380172682884531, 44.489673170020595 ], [ 11.380258287077947, 44.489678317054043 ], [ 11.380335385546966, 44.489687692551648 ], [ 11.380479991016358, 44.489708714002354 ], [ 11.380758060987546, 44.489755120897314 ], [ 11.380821704306497, 44.489761445729464 ], [ 11.380925763136188, 44.489769178212342 ], [ 11.380993655592585, 44.489768662382325 ], [ 11.381070578345218, 44.489764447142569 ], [ 11.381113293721711, 44.489757164307278 ], [ 11.381155112323984, 44.489746389153694 ], [ 11.381212758915037, 44.489728982003086 ], [ 11.381288772270198, 44.489705520051892 ], [ 11.381420576074881, 44.489665400720213 ], [ 11.381524613414886, 44.489635232217161 ], [ 11.38162463671145, 44.489611809280603 ], [ 11.381775568973804, 44.489584353199973 ], [ 11.382003596105577, 44.489535302467509 ], [ 11.382347316939288, 44.489458530541441 ], [ 11.3828672691126, 44.489339106769407 ], [ 11.383487552655566, 44.489234771690199 ], [ 11.384216554082213, 44.491488496313551 ], [ 11.38417213094192, 44.491494015462038 ], [ 11.384187750154409, 44.491550135435944 ], [ 11.384208090944741, 44.491623351725032 ], [ 11.384264739089909, 44.491805416119412 ], [ 11.384891119203127, 44.491555149249947 ], [ 11.385604481070102, 44.49126862629096 ], [ 11.386326616894475, 44.490984625221621 ], [ 11.386974835047299, 44.490723501382462 ], [ 11.387393471102119, 44.490556022127116 ], [ 11.38772197089585, 44.490423745325437 ], [ 11.38783481363199, 44.490378262543366 ], [ 11.38795483954776, 44.490323896876482 ], [ 11.388085836712101, 44.49026101918362 ], [ 11.388215646019976, 44.490197085881434 ], [ 11.38828487375058, 44.490163039155938 ], [ 11.38863696234464, 44.490027664437861 ], [ 11.388823204309444, 44.489956094713236 ], [ 11.388911464105412, 44.48992215346977 ], [ 11.388945264746635, 44.489974372296395 ], [ 11.389210502354665, 44.490389025769879 ], [ 11.389710233747985, 44.491203742024332 ], [ 11.389880831436191, 44.49143840585932 ], [ 11.390114898437567, 44.491701494053657 ], [ 11.390199486391502, 44.492002974891605 ], [ 11.390519730994974, 44.492598586602718 ], [ 11.390622756882458, 44.492745817850739 ], [ 11.390829843767959, 44.493111711859093 ], [ 11.390888248505934, 44.493228827510748 ], [ 11.390958252891927, 44.493226343960423 ], [ 11.391036647655323, 44.493236198207285 ] ] ] ] } },
{ "type": "Feature", "properties": { "codice_area_statistica": 79, "area_statistica": "FOSSOLO", "cod_quar": 16, "quartiere": "Savena", "cod_zona": "N", "zona": "Mazzini" }, "geometry": { "type": "MultiPolygon", "coordinates": [ [ [ [ 11.391003838027187, 44.489099289266534 ], [ 11.390907094994441, 44.489137929112047 ], [ 11.390145969647552, 44.489442320230452 ], [ 11.389163565037235, 44.489825240020721 ], [ 11.388911464105412, 44.48992215346977 ], [ 11.388823204309444, 44.489956094713236 ], [ 11.38863696234464, 44.490027664437861 ], [ 11.38828487375058, 44.490163039155938 ], [ 11.388215646019976, 44.490197085881434 ], [ 11.388085836712101, 44.49026101918362 ], [ 11.38795483954776, 44.490323896876482 ], [ 11.38783481363199, 44.490378262543366 ], [ 11.38772197089585, 44.490423745325437 ], [ 11.387393471102119, 44.490556022127116 ], [ 11.386974835047299, 44.490723501382462 ], [ 11.386326616894475, 44.490984625221621 ], [ 11.385604481070102, 44.49126862629096 ], [ 11.384891119203127, 44.491555149249947 ], [ 11.384264739089909, 44.491805416119412 ], [ 11.384208090944741, 44.491623351725032 ], [ 11.384187750154409, 44.491550135435944 ], [ 11.38417213094192, 44.491494015462038 ], [ 11.384216554082213, 44.491488496313551 ], [ 11.383487552655566, 44.489234771690199 ], [ 11.3828672691126, 44.489339106769407 ], [ 11.382347316939288, 44.489458530541441 ], [ 11.382003596105577, 44.489535302467509 ], [ 11.381775568973804, 44.489584353199973 ], [ 11.38162463671145, 44.489611809280603 ], [ 11.381524613414886, 44.489635232217161 ], [ 11.381420576074881, 44.489665400720213 ], [ 11.381288772270198, 44.489705520051892 ], [ 11.381212758915037, 44.489728982003086 ], [ 11.381155112323984, 44.489746389153694 ], [ 11.381113293721711, 44.489757164307278 ], [ 11.381070578345218, 44.489764447142569 ], [ 11.380993655592585, 44.489768662382325 ], [ 11.380925763136188, 44.489769178212342 ], [ 11.380821704306497, 44.489761445729464 ], [ 11.380758060987546, 44.489755120897314 ], [ 11.380479991016358, 44.489708714002354 ], [ 11.380335385546966, 44.489687692551648 ], [ 11.380258287077947, 44.489678317054043 ], [ 11.380172682884531, 44.489673170020595 ], [ 11.38011224258435, 44.489680651027385 ], [ 11.379945674192385, 44.489688265110765 ], [ 11.379881399057766, 44.489691135599827 ], [ 11.37962186188393, 44.489741649186932 ], [ 11.379431215805738, 44.489806930864773 ], [ 11.379201513792939, 44.489888780775502 ], [ 11.379130693352085, 44.489900798849945 ], [ 11.378943425465531, 44.489971860984852 ], [ 11.378812341107281, 44.490008082345916 ], [ 11.378696821894675, 44.490033986340627 ], [ 11.378563075373306, 44.489683106666803 ], [ 11.37850366715171, 44.489570920939997 ], [ 11.378309649833989, 44.489232865070854 ], [ 11.378201076877852, 44.489037052164946 ], [ 11.378012750032246, 44.48863285222847 ], [ 11.377992975518417, 44.488581697344628 ], [ 11.377947157900689, 44.488463160446294 ], [ 11.377910110465919, 44.488376904169002 ], [ 11.377706959050117, 44.487813945751284 ], [ 11.37769483785787, 44.487777800758529 ], [ 11.377303548677832, 44.486610050022534 ], [ 11.377243350446918, 44.486490659959074 ], [ 11.377224231894594, 44.486424663997028 ], [ 11.376999218140245, 44.485769603782948 ], [ 11.376982924605068, 44.4856784137109 ], [ 11.37698542548512, 44.48559821155861 ], [ 11.377003968361597, 44.485510779377051 ], [ 11.377040534790753, 44.485422485741161 ], [ 11.377080834692267, 44.485335086627636 ], [ 11.377137589146789, 44.485262685263919 ], [ 11.377201490074187, 44.485198111344594 ], [ 11.377282713840509, 44.485136480584607 ], [ 11.377351630228326, 44.485093831474828 ], [ 11.377469214610226, 44.485025825706856 ], [ 11.37760086764143, 44.484981878805407 ], [ 11.378797607479536, 44.484631205636781 ], [ 11.379486496578306, 44.484432843929746 ], [ 11.379742151278572, 44.484355160718664 ], [ 11.380223431609357, 44.484174212175255 ], [ 11.381239306789025, 44.483678021474461 ], [ 11.381391158321037, 44.483618218399506 ], [ 11.381545867038524, 44.48355199968141 ], [ 11.38169024915706, 44.483504883652046 ], [ 11.381865314649209, 44.483454372420042 ], [ 11.382003682100303, 44.48341891381687 ], [ 11.382282096206794, 44.48334755594599 ], [ 11.38269343900669, 44.483248341629618 ], [ 11.383111699311462, 44.483145794496515 ], [ 11.383300672667833, 44.483096260075563 ], [ 11.383601803684819, 44.483026675337648 ], [ 11.383869055579126, 44.482983913843078 ], [ 11.383989766784063, 44.482941394407142 ], [ 11.384123629105598, 44.482919495198779 ], [ 11.384261746769306, 44.482901423081955 ], [ 11.384434165285114, 44.482879861520111 ], [ 11.385437821654886, 44.482788294161281 ], [ 11.386065370906532, 44.482755075730765 ], [ 11.38609649159546, 44.482755937661466 ], [ 11.38649119311296, 44.482732094118624 ], [ 11.387429226980057, 44.48267534377883 ], [ 11.387075254770041, 44.481942174895629 ], [ 11.387076899844175, 44.48192547669035 ], [ 11.386995544103655, 44.481851286041035 ], [ 11.386085387279987, 44.479967579497995 ], [ 11.385733704490796, 44.479235123500217 ], [ 11.387009643730819, 44.4787607504975 ], [ 11.388041965101467, 44.478374202798705 ], [ 11.388382809000177, 44.478247526370652 ], [ 11.388579588032542, 44.478175313363664 ], [ 11.389108968828502, 44.477980365981686 ], [ 11.389321617397947, 44.477899294092623 ], [ 11.39022457334335, 44.477558619762995 ], [ 11.390655147630039, 44.477397468223678 ], [ 11.390671639300432, 44.477387490058852 ], [ 11.390737689600726, 44.47748904249756 ], [ 11.390874893067938, 44.477681921454312 ], [ 11.391213855215479, 44.478210692288464 ], [ 11.392259430880472, 44.479875287003622 ], [ 11.39271823904061, 44.480627839796739 ], [ 11.392903761393535, 44.480918623925497 ], [ 11.392986067911476, 44.481037740394989 ], [ 11.39341080812461, 44.481726743904019 ], [ 11.394682060697459, 44.483736928361616 ], [ 11.394709078249866, 44.483783769232261 ], [ 11.394750349878993, 44.483850116767734 ], [ 11.395798482194053, 44.485494052948411 ], [ 11.395925037928565, 44.485723285442816 ], [ 11.395972905181061, 44.486050389116997 ], [ 11.39601894306892, 44.486333121383026 ], [ 11.396049517132523, 44.486490376035995 ], [ 11.396114922789176, 44.48665674837428 ], [ 11.396240675163513, 44.486866272669367 ], [ 11.396274509856941, 44.486916138952239 ], [ 11.396297677621673, 44.48695028556547 ], [ 11.396307811051699, 44.486965260206709 ], [ 11.395837005971815, 44.487155968542645 ], [ 11.395195682389062, 44.487414936580457 ], [ 11.394691278192782, 44.487617904494329 ], [ 11.394169662291207, 44.487827532978116 ], [ 11.393723702285536, 44.488008303776638 ], [ 11.393094168749354, 44.488257731074704 ], [ 11.392504523571889, 44.488495515772883 ], [ 11.391557564229615, 44.488877182160969 ], [ 11.391139225572649, 44.48904520165069 ], [ 11.391003838027187, 44.489099289266534 ] ] ] ] } },
{ "type": "Feature", "properties": { "codice_area_statistica": 82, "area_statistica": "PONTEVECCHIO", "cod_quar": 16, "quartiere": "Savena", "cod_zona": "N", "zona": "Mazzini" }, "geometry": { "type": "MultiPolygon", "coordinates": [ [ [ [ 11.378703160009218, 44.475950365273171 ], [ 11.378978667003043, 44.476314576976634 ], [ 11.379302929548718, 44.476758354086648 ], [ 11.379503348376236, 44.477047922489142 ], [ 11.379533437527344, 44.477092758424298 ], [ 11.379739581358942, 44.477388238800394 ], [ 11.379765297375574, 44.477425090504056 ], [ 11.379930542343111, 44.477666822357271 ], [ 11.380026280587808, 44.477806869356854 ], [ 11.380237256753723, 44.4781171563545 ], [ 11.380396567972113, 44.478349855586046 ], [ 11.38058491899357, 44.478629959851702 ], [ 11.380644014349928, 44.478708382448325 ], [ 11.380695156168734, 44.478786637791437 ], [ 11.380820915377786, 44.478968775333726 ], [ 11.380908054322559, 44.479090518575781 ], [ 11.380977528883385, 44.47918203035416 ], [ 11.381067141498912, 44.479286058773944 ], [ 11.381251522139246, 44.479513246408793 ], [ 11.381381226462034, 44.47966803214171 ], [ 11.381630396206623, 44.479924026245179 ], [ 11.381968466410184, 44.480254992955892 ], [ 11.382172495280315, 44.480456237702889 ], [ 11.382289846433491, 44.480570948528069 ], [ 11.382353968278169, 44.480628181228695 ], [ 11.382765898727758, 44.481034819328329 ], [ 11.382895595661626, 44.48125963465511 ], [ 11.383041733259812, 44.481548466175809 ], [ 11.383463348450539, 44.48239165144355 ], [ 11.383499141855649, 44.482463077889868 ], [ 11.383646499774908, 44.482690656450977 ], [ 11.383735920509288, 44.482814411404071 ], [ 11.383869055579126, 44.482983913843078 ], [ 11.383601803684819, 44.483026675337648 ], [ 11.383300672667833, 44.483096260075563 ], [ 11.383111699311462, 44.483145794496515 ], [ 11.38269343900669, 44.483248341629618 ], [ 11.382282096206794, 44.48334755594599 ], [ 11.382003682100303, 44.48341891381687 ], [ 11.381865314649209, 44.483454372420042 ], [ 11.38169024915706, 44.483504883652046 ], [ 11.381545867038524, 44.48355199968141 ], [ 11.381391158321037, 44.483618218399506 ], [ 11.381239306789025, 44.483678021474461 ], [ 11.380223431609357, 44.484174212175255 ], [ 11.379742151278572, 44.484355160718664 ], [ 11.379486496578306, 44.484432843929746 ], [ 11.378797607479536, 44.484631205636781 ], [ 11.37760086764143, 44.484981878805407 ], [ 11.377469214610226, 44.485025825706856 ], [ 11.377351630228326, 44.485093831474828 ], [ 11.377282713840509, 44.485136480584607 ], [ 11.377201490074187, 44.485198111344594 ], [ 11.377137589146789, 44.485262685263919 ], [ 11.377080834692267, 44.485335086627636 ], [ 11.377040534790753, 44.485422485741161 ], [ 11.377003968361597, 44.485510779377051 ], [ 11.37698542548512, 44.48559821155861 ], [ 11.376982924605068, 44.4856784137109 ], [ 11.376999218140245, 44.485769603782948 ], [ 11.377224231894594, 44.486424663997028 ], [ 11.377243350446918, 44.486490659959074 ], [ 11.37711235108141, 44.486522619383216 ], [ 11.376526614128572, 44.486621285175204 ], [ 11.376403103793876, 44.486641654580431 ], [ 11.376293173517405, 44.486646499772348 ], [ 11.376204425019539, 44.486648347202859 ], [ 11.376153359760785, 44.48664941017001 ], [ 11.376101389799668, 44.486650491945838 ], [ 11.376233364036882, 44.482884228699191 ], [ 11.376234245920106, 44.482805626683181 ], [ 11.376249385828949, 44.482537799385277 ], [ 11.376248424384547, 44.482360558278224 ], [ 11.376258238678659, 44.482053563492279 ], [ 11.376301205041491, 44.481220964118911 ], [ 11.376324247615928, 44.480686711390085 ], [ 11.376355755215428, 44.479646921466838 ], [ 11.376372455487314, 44.47929709287164 ], [ 11.376388809915445, 44.478854535663856 ], [ 11.376407234389379, 44.478322386453364 ], [ 11.376443810165563, 44.47737831434776 ], [ 11.376468554450124, 44.476556563724714 ], [ 11.376478606403257, 44.476148932601696 ], [ 11.376500253276497, 44.476140451623721 ], [ 11.376809233800197, 44.476015904502411 ], [ 11.376978336823917, 44.475947816756232 ], [ 11.378133602442103, 44.475482258344925 ], [ 11.378349798850337, 44.475412530271157 ], [ 11.378703160009218, 44.475950365273171 ] ] ] ] } },
{ "type": "Feature", "properties": { "codice_area_statistica": 53, "area_statistica": "GALVANI-1", "cod_quar": 15, "quartiere": "Santo Stefano", "cod_zona": "G", "zona": "Galvani" }, "geometry": { "type": "MultiPolygon", "coordinates": [ [ [ [ 11.348310730939259, 44.493503978596486 ], [ 11.348011152070116, 44.493619306342815 ], [ 11.347987367109489, 44.49362805094114 ], [ 11.347907370109763, 44.493658009476114 ], [ 11.34770734458397, 44.493727392163649 ], [ 11.347631376936071, 44.493753711615099 ], [ 11.347381396589396, 44.493851695985903 ], [ 11.346825244622647, 44.494057253724911 ], [ 11.3466258955086, 44.494123811800911 ], [ 11.346562481418474, 44.494149872478388 ], [ 11.346505150118695, 44.494191490586864 ], [ 11.346428141292888, 44.494259287539045 ], [ 11.346359013050513, 44.494270521267339 ], [ 11.346186450286202, 44.494299392332728 ], [ 11.345908138349131, 44.494337746478479 ], [ 11.345406868541257, 44.494422327024388 ], [ 11.344679554323106, 44.49453518025544 ], [ 11.344072917029189, 44.494627572726536 ], [ 11.343946709932032, 44.494647575237281 ], [ 11.343612331671466, 44.494698994411777 ], [ 11.342926413654805, 44.494805819092406 ], [ 11.342810989262297, 44.494828443854587 ], [ 11.342736328662344, 44.494848548443059 ], [ 11.342677444564073, 44.494870012699494 ], [ 11.342627352007652, 44.4948952396403 ], [ 11.342586201694091, 44.494907895497121 ], [ 11.342551793059833, 44.494421912892719 ], [ 11.34252850077913, 44.49427216474043 ], [ 11.342542144538337, 44.494102528130661 ], [ 11.342688951837715, 44.493999919813923 ], [ 11.342573646407805, 44.493613500424765 ], [ 11.342323574241725, 44.493591624176204 ], [ 11.342323645363003, 44.493591829776349 ], [ 11.342274213656891, 44.493497551684669 ], [ 11.342189980803461, 44.493239339322272 ], [ 11.342140264076301, 44.493116573829383 ], [ 11.342079313021896, 44.492929346218816 ], [ 11.342073407043907, 44.492899641821161 ], [ 11.342005996270714, 44.492610133267867 ], [ 11.341952874187932, 44.492441875451988 ], [ 11.341901574360888, 44.492260067338947 ], [ 11.341885523122766, 44.492212565885907 ], [ 11.341864237275841, 44.492112857780981 ], [ 11.341827449563946, 44.491920623997366 ], [ 11.341752464245223, 44.491324066306056 ], [ 11.342696552187814, 44.491364319539215 ], [ 11.342815548395372, 44.491372005317935 ], [ 11.342961090802344, 44.491375202992053 ], [ 11.343114680075846, 44.491382736605551 ], [ 11.343209164832318, 44.491386990959874 ], [ 11.343679831718418, 44.491402076838895 ], [ 11.344087766114482, 44.491421266780335 ], [ 11.344158475507628, 44.491420372939409 ], [ 11.344858795397142, 44.491458303701734 ], [ 11.344963587136993, 44.491464595530523 ], [ 11.345612070693457, 44.491503586482885 ], [ 11.3458733234598, 44.491510596564055 ], [ 11.346333153257296, 44.491510697823429 ], [ 11.346452378104665, 44.491504313063942 ], [ 11.346823407652121, 44.491504554134806 ], [ 11.347622751598548, 44.491463910096712 ], [ 11.348143948547447, 44.491406484821418 ], [ 11.34848993710599, 44.491350978389157 ], [ 11.348867354062829, 44.491255996066663 ], [ 11.348969925885902, 44.491205757628009 ], [ 11.349080526283489, 44.491122755511363 ], [ 11.349161092362976, 44.491054145325535 ], [ 11.349323093040192, 44.490919148551548 ], [ 11.349518453851957, 44.490753648355607 ], [ 11.349545621475034, 44.490725514257065 ], [ 11.349830417669432, 44.490438321233782 ], [ 11.349902776452032, 44.490361435035261 ], [ 11.349979216745131, 44.490287849741243 ], [ 11.350290711950437, 44.490000105921119 ], [ 11.350346875398246, 44.489950560647692 ], [ 11.350413027160263, 44.490031905397316 ], [ 11.350567287726246, 44.490232403660819 ], [ 11.350645678451551, 44.490344447156225 ], [ 11.350858785358126, 44.490675072003725 ], [ 11.351055411836297, 44.49097516598529 ], [ 11.351195427514496, 44.491231664761813 ], [ 11.351306524852877, 44.491453306823438 ], [ 11.351420459961194, 44.491706408372082 ], [ 11.351621820113573, 44.492178812354851 ], [ 11.351642739175789, 44.492249276777144 ], [ 11.351334514017397, 44.492354753502134 ], [ 11.351089721367368, 44.492446013253762 ], [ 11.350969323824183, 44.492489904780243 ], [ 11.350035694588705, 44.492827604373666 ], [ 11.349519218780149, 44.493022230554146 ], [ 11.349279235551503, 44.493114377710548 ], [ 11.348834482851103, 44.493294587984998 ], [ 11.348310730939259, 44.493503978596486 ] ] ] ] } },
{ "type": "Feature", "properties": { "codice_area_statistica": 54, "area_statistica": "GALVANI-2", "cod_quar": 15, "quartiere": "Santo Stefano", "cod_zona": "G", "zona": "Galvani" }, "geometry": { "type": "MultiPolygon", "coordinates": [ [ [ [ 11.356788024428218, 44.490254286234922 ], [ 11.355952158166938, 44.490578195491558 ], [ 11.355921240599219, 44.490591212138369 ], [ 11.355693190304731, 44.490679993635595 ], [ 11.355098586771636, 44.490911466476675 ], [ 11.354651567393196, 44.491073254921375 ], [ 11.354142915670272, 44.491266525333657 ], [ 11.354021954083834, 44.491307847976856 ], [ 11.354004092079265, 44.491314653168274 ], [ 11.353949774030335, 44.491335317888243 ], [ 11.353744027202069, 44.491413732715017 ], [ 11.352698465320687, 44.49184041193913 ], [ 11.352046859183087, 44.492095217024435 ], [ 11.351642739175789, 44.492249276777144 ], [ 11.351621820113573, 44.492178812354851 ], [ 11.351420459961194, 44.491706408372082 ], [ 11.351306524852877, 44.491453306823438 ], [ 11.351195427514496, 44.491231664761813 ], [ 11.351055411836297, 44.49097516598529 ], [ 11.350858785358126, 44.490675072003725 ], [ 11.350645678451551, 44.490344447156225 ], [ 11.350567287726246, 44.490232403660819 ], [ 11.350413027160263, 44.490031905397316 ], [ 11.350346875398246, 44.489950560647692 ], [ 11.350290711950437, 44.490000105921119 ], [ 11.349979216745131, 44.490287849741243 ], [ 11.349902776452032, 44.490361435035261 ], [ 11.349830417669432, 44.490438321233782 ], [ 11.349545621475034, 44.490725514257065 ], [ 11.349518453851957, 44.490753648355607 ], [ 11.349323093040192, 44.490919148551548 ], [ 11.349161092362976, 44.491054145325535 ], [ 11.349080526283489, 44.491122755511363 ], [ 11.348969925885902, 44.491205757628009 ], [ 11.348867354062829, 44.491255996066663 ], [ 11.34848993710599, 44.491350978389157 ], [ 11.348143948547447, 44.491406484821418 ], [ 11.347622751598548, 44.491463910096712 ], [ 11.346823407652121, 44.491504554134806 ], [ 11.346452378104665, 44.491504313063942 ], [ 11.346333153257296, 44.491510697823429 ], [ 11.3458733234598, 44.491510596564055 ], [ 11.345612070693457, 44.491503586482885 ], [ 11.344963587136993, 44.491464595530523 ], [ 11.344858795397142, 44.491458303701734 ], [ 11.344158475507628, 44.491420372939409 ], [ 11.344087766114482, 44.491421266780335 ], [ 11.343679831718418, 44.491402076838895 ], [ 11.343209164832318, 44.491386990959874 ], [ 11.343114680075846, 44.491382736605551 ], [ 11.342961090802344, 44.491375202992053 ], [ 11.342815548395372, 44.491372005317935 ], [ 11.342696552187814, 44.491364319539215 ], [ 11.341752464245223, 44.491324066306056 ], [ 11.341725255504709, 44.491233473250098 ], [ 11.341626674790875, 44.490989616753296 ], [ 11.341509012593328, 44.490779920273368 ], [ 11.341478644813147, 44.490728211115119 ], [ 11.341359398577065, 44.490537668464036 ], [ 11.341189173135806, 44.490232271881105 ], [ 11.341059540755799, 44.489998054281081 ], [ 11.340836253712547, 44.48968249207492 ], [ 11.340783685770274, 44.489606489832006 ], [ 11.340685700500304, 44.489475710802282 ], [ 11.340300741366013, 44.48893052936274 ], [ 11.3402437000407, 44.488860245191326 ], [ 11.34020732130783, 44.488815410851245 ], [ 11.340152138896888, 44.488772096301325 ], [ 11.340055914331417, 44.488724554598491 ], [ 11.339884664660779, 44.48865481983745 ], [ 11.339811463697259, 44.488508452671688 ], [ 11.33974965128486, 44.48833867035502 ], [ 11.339715745024517, 44.488139624772167 ], [ 11.339651580518431, 44.487537784105378 ], [ 11.339628690831411, 44.487240609467761 ], [ 11.339615547340381, 44.486912293144073 ], [ 11.339603420109324, 44.486707174495699 ], [ 11.339594012136484, 44.486629161767929 ], [ 11.339559852940074, 44.486494813922739 ], [ 11.339551116797391, 44.486421333730711 ], [ 11.339711093639073, 44.486402453454886 ], [ 11.34027077078988, 44.486332392030626 ], [ 11.341611226983124, 44.486163004633809 ], [ 11.342690210385395, 44.486039092333364 ], [ 11.344424622553802, 44.485830095281983 ], [ 11.346235794963468, 44.485606314405345 ], [ 11.34726707415453, 44.485479963292882 ], [ 11.347453568316975, 44.485487417649523 ], [ 11.347735371670508, 44.485447511484139 ], [ 11.348091380564044, 44.485402207158472 ], [ 11.348994309379453, 44.485292551515776 ], [ 11.349247291689069, 44.485261832152574 ], [ 11.350297152773237, 44.485134423040698 ], [ 11.353281172564866, 44.484776148866516 ], [ 11.354117050455587, 44.484662325310019 ], [ 11.355754405184634, 44.484465033299848 ], [ 11.355862705500105, 44.484437257921144 ], [ 11.355954699796285, 44.484418335427918 ], [ 11.356025582310307, 44.484406654553005 ], [ 11.356087308011436, 44.484403670081008 ], [ 11.35615105651242, 44.48440813398468 ], [ 11.356234391858214, 44.484432440402699 ], [ 11.356299343108825, 44.484451778694115 ], [ 11.356371967542778, 44.484475540879295 ], [ 11.356490498148773, 44.484553145177877 ], [ 11.356614677662369, 44.484658900885627 ], [ 11.356654045297221, 44.48473335886635 ], [ 11.35666907827331, 44.484754717763366 ], [ 11.356692030204597, 44.484780981633634 ], [ 11.356727994381638, 44.484816213521903 ], [ 11.357895732603479, 44.485613144954705 ], [ 11.357945402671243, 44.48565704192962 ], [ 11.357983268406903, 44.485703226305532 ], [ 11.358005015082789, 44.485752291366495 ], [ 11.358016743016774, 44.485798025356637 ], [ 11.358013870081127, 44.48584936347752 ], [ 11.357998511914198, 44.485994361410626 ], [ 11.357978140529465, 44.486073329839442 ], [ 11.357963736731215, 44.486148096821907 ], [ 11.357820217971328, 44.487377646543976 ], [ 11.357681903875573, 44.488523337274316 ], [ 11.357599485196113, 44.489125404226208 ], [ 11.357544916247971, 44.489724204130553 ], [ 11.35755115381391, 44.48991172527213 ], [ 11.35751887600396, 44.490188033143212 ], [ 11.357407922568258, 44.490181114878503 ], [ 11.35708717365851, 44.490205923528087 ], [ 11.356999054612794, 44.490185776700464 ], [ 11.356788024428218, 44.490254286234922 ] ] ] ] } },
{ "type": "Feature", "properties": { "codice_area_statistica": 47, "area_statistica": "VIA DEL LAVORO", "cod_quar": 14, "quartiere": "San Donato - San Vitale", "cod_zona": "Q", "zona": "San Donato" }, "geometry": { "type": "MultiPolygon", "coordinates": [ [ [ [ 11.357127693865941, 44.510627860345302 ], [ 11.357041831948919, 44.5106267074448 ], [ 11.3568799480731, 44.510631616396914 ], [ 11.356810199413149, 44.510510261524239 ], [ 11.356494197985525, 44.509862028975974 ], [ 11.356414432414091, 44.509709047567284 ], [ 11.355915331540073, 44.508688213664954 ], [ 11.355491050335914, 44.507789096688015 ], [ 11.355466515358211, 44.507720958393527 ], [ 11.355208636865132, 44.507214069283705 ], [ 11.35511460688908, 44.507035030693501 ], [ 11.354948700896697, 44.506690342182004 ], [ 11.354810164236248, 44.506413247259097 ], [ 11.354773946441718, 44.506340803504429 ], [ 11.354435626128156, 44.505637002237442 ], [ 11.35442605584209, 44.505617087889696 ], [ 11.354131935691775, 44.505023213625911 ], [ 11.354085310437942, 44.504929072011876 ], [ 11.353820842579026, 44.504395055643016 ], [ 11.353673521948362, 44.504077601787316 ], [ 11.353690816377418, 44.5040716005863 ], [ 11.353756235237128, 44.50404047120481 ], [ 11.354711926768605, 44.50365732764584 ], [ 11.357400628035961, 44.502584345424992 ], [ 11.358517443750671, 44.502139613742521 ], [ 11.359895203024324, 44.501590943702794 ], [ 11.360711823083967, 44.501263730926091 ], [ 11.360796712448792, 44.501204998064381 ], [ 11.360900358280336, 44.501338820373668 ], [ 11.36093717141247, 44.501386339798664 ], [ 11.361084620567185, 44.501573172382827 ], [ 11.361226965693303, 44.501753205373525 ], [ 11.361318324773865, 44.501865252144874 ], [ 11.361388870725344, 44.501939738533743 ], [ 11.361489173788227, 44.502034333212634 ], [ 11.361569360740278, 44.502108629044663 ], [ 11.361683573280942, 44.502189116842992 ], [ 11.361826834169964, 44.50227246950503 ], [ 11.362053855056738, 44.502398957660944 ], [ 11.362158894624205, 44.502451015611427 ], [ 11.362380604309587, 44.502568061288883 ], [ 11.363190886980201, 44.502988463463261 ], [ 11.363959444724779, 44.503385272947092 ], [ 11.364964648231227, 44.503895603515936 ], [ 11.365127305742938, 44.503945744785845 ], [ 11.365258880685477, 44.503980685344409 ], [ 11.365366033662157, 44.504003375165325 ], [ 11.365512977982819, 44.504028598274779 ], [ 11.36565964669761, 44.504047318048734 ], [ 11.365799716457156, 44.504053111669613 ], [ 11.365942463382163, 44.504050144146404 ], [ 11.366094071882536, 44.504040474905651 ], [ 11.366221296526051, 44.50402914129257 ], [ 11.366342085242817, 44.50400922646601 ], [ 11.366541041267412, 44.503968119426538 ], [ 11.366773078221833, 44.503917611672719 ], [ 11.367254234060036, 44.503796092758307 ], [ 11.367618836720597, 44.503750639317502 ], [ 11.368038893620122, 44.503715845717011 ], [ 11.367891219565383, 44.503793432335961 ], [ 11.367790293398372, 44.503872632843574 ], [ 11.36758270563997, 44.504067108805792 ], [ 11.367026159699332, 44.504600340421831 ], [ 11.366746176887093, 44.504872666768328 ], [ 11.366038593000884, 44.505554452403324 ], [ 11.36577669002757, 44.505816489767639 ], [ 11.365369098847678, 44.506181536963581 ], [ 11.3651869753532, 44.506372104894183 ], [ 11.365157074047785, 44.506454233669146 ], [ 11.365131512020852, 44.506526081624422 ], [ 11.365087858205243, 44.506696774480119 ], [ 11.36497281838145, 44.50670936681793 ], [ 11.364893170057314, 44.506734792703085 ], [ 11.364813796029285, 44.50676700078472 ], [ 11.364600742431977, 44.506918588230391 ], [ 11.364285122851733, 44.507231041877034 ], [ 11.364264194424694, 44.507247968039024 ], [ 11.362661428750446, 44.508796932334079 ], [ 11.362583115393731, 44.508899057816741 ], [ 11.362367574369145, 44.50916250436638 ], [ 11.362290901503068, 44.509250146580513 ], [ 11.362238078667659, 44.509310944695294 ], [ 11.362116027635617, 44.509426011368177 ], [ 11.361968436092049, 44.509557243833129 ], [ 11.361722703455884, 44.509746772632525 ], [ 11.361462483014297, 44.509902219824625 ], [ 11.361167466599021, 44.510061510049951 ], [ 11.361001818307757, 44.510146661528246 ], [ 11.360875687709834, 44.510192599546087 ], [ 11.3603660240527, 44.51033756546299 ], [ 11.360049758482257, 44.510403512483116 ], [ 11.35972401105151, 44.510450884292609 ], [ 11.358700319789307, 44.510522626618851 ], [ 11.35822228996941, 44.510556287823825 ], [ 11.357127693865941, 44.510627860345302 ] ] ] ] } },
{ "type": "Feature", "properties": { "codice_area_statistica": 7, "area_statistica": "DUCATI-VILLAGGIO INA", "cod_quar": 11, "quartiere": "Borgo Panigale - Reno", "cod_zona": "C", "zona": "Borgo Panigale" }, "geometry": { "type": "MultiPolygon", "coordinates": [ [ [ [ 11.264287011360741, 44.517577864670166 ], [ 11.264467111947956, 44.517736775903344 ], [ 11.26448189871372, 44.517767712474559 ], [ 11.265089027754717, 44.518621660816834 ], [ 11.265021496385179, 44.518646637876081 ], [ 11.265191677264337, 44.518867618458025 ], [ 11.265357013536883, 44.519083009798699 ], [ 11.265408897282191, 44.519146253071831 ], [ 11.266334249435449, 44.520479365487326 ], [ 11.265287688310115, 44.520856522232819 ], [ 11.263992081637968, 44.521318998035149 ], [ 11.263576342137627, 44.521465596380907 ], [ 11.262033199422692, 44.522016735755699 ], [ 11.260822571445427, 44.522479011235276 ], [ 11.263373326598307, 44.525992670886481 ], [ 11.263504981842384, 44.526167507979359 ], [ 11.26368302760857, 44.526430280636227 ], [ 11.265828794538109, 44.525669616193419 ], [ 11.267289574810079, 44.525130825018479 ], [ 11.269335113241407, 44.524399332710686 ], [ 11.27248446303803, 44.523284554104407 ], [ 11.273353372673681, 44.522977587352017 ], [ 11.273251478133931, 44.522820946453599 ], [ 11.272993208427454, 44.52240719133728 ], [ 11.272950866141334, 44.522340920368016 ], [ 11.272603412367898, 44.521782639497175 ], [ 11.272384964702537, 44.521431621197848 ], [ 11.271922489717097, 44.520737843572057 ], [ 11.271872083199547, 44.520656986487424 ], [ 11.27129250284411, 44.519757784669068 ], [ 11.270883141182594, 44.519055887856084 ], [ 11.270852832505806, 44.518941032940269 ], [ 11.270692681733737, 44.518684674807155 ], [ 11.269939901909993, 44.517526954264376 ], [ 11.26961544198209, 44.51705865537761 ], [ 11.269142664552231, 44.516319400801301 ], [ 11.268723726722769, 44.515652121003107 ], [ 11.268218770321432, 44.514912736721229 ], [ 11.267820926561303, 44.514530100600403 ], [ 11.267741397367628, 44.514344976258826 ], [ 11.267515509292343, 44.514454442270853 ], [ 11.267456349760996, 44.51448104960334 ], [ 11.267376213182414, 44.514530282884259 ], [ 11.266887490853971, 44.514817609968858 ], [ 11.266641451225391, 44.514979194148054 ], [ 11.266509633331292, 44.515078895057989 ], [ 11.26630961405623, 44.515226781158368 ], [ 11.266046748231918, 44.515430208919732 ], [ 11.265806993726502, 44.515639146054959 ], [ 11.265598050573175, 44.515837028215529 ], [ 11.265401833645969, 44.516040608136734 ], [ 11.265247805167308, 44.516204621531273 ], [ 11.265066446556487, 44.516415369152554 ], [ 11.264919472596057, 44.516600101062842 ], [ 11.264680638107937, 44.516940148890214 ], [ 11.264527114817946, 44.517171211365422 ], [ 11.264277022863705, 44.51756441759315 ], [ 11.264287011360741, 44.517577864670166 ] ] ] ] } },
{ "type": "Feature", "properties": { "codice_area_statistica": 8, "area_statistica": "BORGO CENTRO", "cod_quar": 11, "quartiere": "Borgo Panigale - Reno", "cod_zona": "C", "zona": "Borgo Panigale" }, "geometry": { "type": "MultiPolygon", "coordinates": [ [ [ [ 11.274658501651523, 44.50984002979483 ], [ 11.27454069161681, 44.509985491977872 ], [ 11.274356135719785, 44.51071559824797 ], [ 11.274379682930885, 44.510791463709936 ], [ 11.27440998961303, 44.510864731389901 ], [ 11.274487917062018, 44.510959559387786 ], [ 11.27386104743438, 44.511290885336656 ], [ 11.273271192821248, 44.511585504564067 ], [ 11.269506702917534, 44.513457126321804 ], [ 11.269101096385924, 44.51366088533441 ], [ 11.268232777547814, 44.514092528052146 ], [ 11.267977038457161, 44.514213537923489 ], [ 11.267763579722228, 44.514338017742041 ], [ 11.26775943116777, 44.514334479005726 ], [ 11.267741397367628, 44.514344976258826 ], [ 11.267820926561303, 44.514530100600403 ], [ 11.268218770321432, 44.514912736721229 ], [ 11.268723726722769, 44.515652121003107 ], [ 11.269142664552231, 44.516319400801301 ], [ 11.26961544198209, 44.51705865537761 ], [ 11.269939901909993, 44.517526954264376 ], [ 11.270692681733737, 44.518684674807155 ], [ 11.270852832505806, 44.518941032940269 ], [ 11.270883141182594, 44.519055887856084 ], [ 11.27129250284411, 44.519757784669068 ], [ 11.271872083199547, 44.520656986487424 ], [ 11.271922489717097, 44.520737843572057 ], [ 11.272384964702537, 44.521431621197848 ], [ 11.272603412367898, 44.521782639497175 ], [ 11.272950866141334, 44.522340920368016 ], [ 11.272993208427454, 44.52240719133728 ], [ 11.273251478133931, 44.522820946453599 ], [ 11.273353372673681, 44.522977587352017 ], [ 11.273624436055071, 44.523394336727137 ], [ 11.273799309955368, 44.523681050980812 ], [ 11.274156947014356, 44.523552779504101 ], [ 11.275090668969083, 44.523215709180967 ], [ 11.275922502480766, 44.522918374298285 ], [ 11.276609370124943, 44.522668352096254 ], [ 11.276632519354512, 44.522660157234043 ], [ 11.277187522228498, 44.522463535685084 ], [ 11.278016199998481, 44.522171334906176 ], [ 11.27864955786162, 44.52194326312474 ], [ 11.27899980627795, 44.521812576202031 ], [ 11.279425368299444, 44.52165777897028 ], [ 11.279770112161051, 44.521534131559676 ], [ 11.279948357113767, 44.52146836407929 ], [ 11.280263636972267, 44.521357187008256 ], [ 11.280493481816681, 44.521275533735455 ], [ 11.28073885536714, 44.521188438291546 ], [ 11.280948063766635, 44.521112949032855 ], [ 11.281161960756652, 44.521038635058687 ], [ 11.281776442681068, 44.520836940472449 ], [ 11.281871992547511, 44.520805493164261 ], [ 11.282349654041219, 44.52064830219016 ], [ 11.282514140653726, 44.520594148990369 ], [ 11.283002646154392, 44.520440519528506 ], [ 11.283641292343791, 44.52024570471368 ], [ 11.283913615921037, 44.520166165603861 ], [ 11.283989137663088, 44.520144218807289 ], [ 11.28411651747807, 44.520107865556007 ], [ 11.284185272429225, 44.520088250648733 ], [ 11.28424841480963, 44.520070233429493 ], [ 11.284378144104826, 44.520221122073565 ], [ 11.284606065577576, 44.520487996976449 ], [ 11.285385085814099, 44.520180288727502 ], [ 11.286210668321301, 44.51987677410456 ], [ 11.286598282827965, 44.519737366222152 ], [ 11.288485848805056, 44.519244759353526 ], [ 11.289892353470936, 44.518855524713516 ], [ 11.291216061118783, 44.518487884240322 ], [ 11.29358424972326, 44.517792188358804 ], [ 11.293526036350739, 44.517644878744171 ], [ 11.293581623469226, 44.517629420835114 ], [ 11.293954250883093, 44.517528306851311 ], [ 11.294385271581497, 44.517411784979672 ], [ 11.294740880206204, 44.517313441171943 ], [ 11.295071410945829, 44.517223432671948 ], [ 11.295430813691281, 44.517125640610423 ], [ 11.295868118602712, 44.517002684975829 ], [ 11.296181164422231, 44.516916085780565 ], [ 11.296596224877867, 44.516803486606953 ], [ 11.297366897014992, 44.516595765778291 ], [ 11.29744431476176, 44.51657492423643 ], [ 11.297424881387352, 44.516546921268421 ], [ 11.297401407684438, 44.51651600175714 ], [ 11.296990350018916, 44.516625669509267 ], [ 11.296538336931389, 44.516749150410668 ], [ 11.296292218069622, 44.516802760334286 ], [ 11.296144958650611, 44.51683363038228 ], [ 11.296016037736631, 44.516857289450776 ], [ 11.295904375829581, 44.516887893332694 ], [ 11.295328319820358, 44.517043707626847 ], [ 11.2951935970483, 44.517067032295806 ], [ 11.295001700175908, 44.517101589129517 ], [ 11.294767938382359, 44.517137356329897 ], [ 11.294443114583709, 44.517180435933632 ], [ 11.294168827651614, 44.517215657041092 ], [ 11.293902357809353, 44.517241996927069 ], [ 11.293581418244317, 44.51726834128818 ], [ 11.293369785036541, 44.517281280653194 ], [ 11.293302755405724, 44.517285382038047 ], [ 11.293042567327136, 44.51729835095253 ], [ 11.292721477178004, 44.517305160363058 ], [ 11.292552257315805, 44.517308747945933 ], [ 11.292406645344522, 44.517311131991079 ], [ 11.292161866603289, 44.517309565407693 ], [ 11.29188557579092, 44.517303688563075 ], [ 11.29168541824243, 44.517294833274136 ], [ 11.291405699379771, 44.517278221013051 ], [ 11.291255545674867, 44.517267460989501 ], [ 11.290966522014891, 44.517244903667169 ], [ 11.290819084189666, 44.517229596286441 ], [ 11.290539691966705, 44.51719883232311 ], [ 11.290275124598626, 44.517161387432338 ], [ 11.290144497615961, 44.517141591724695 ], [ 11.289910901585499, 44.517104604954994 ], [ 11.289645453089319, 44.517057174432267 ], [ 11.289351309805447, 44.517000244894234 ], [ 11.289146397629263, 44.516953489692582 ], [ 11.28876852251312, 44.516862587542995 ], [ 11.288289733880323, 44.516730134637399 ], [ 11.287998368017396, 44.516640907757434 ], [ 11.287725811078197, 44.516549043550668 ], [ 11.287546899825333, 44.51647343333488 ], [ 11.287448048136877, 44.516429591128457 ], [ 11.287278773360335, 44.516341705955845 ], [ 11.287055622207761, 44.516253189445763 ], [ 11.287017372342438, 44.516237120967325 ], [ 11.286875623377338, 44.51617739290235 ], [ 11.286676526424783, 44.51609262497184 ], [ 11.286475860253585, 44.515996355840301 ], [ 11.286348773159679, 44.515935082090785 ], [ 11.286143695805881, 44.515829267978184 ], [ 11.285939516248316, 44.515720653724465 ], [ 11.28572684399669, 44.515600766893812 ], [ 11.285498811665034, 44.515461300525018 ], [ 11.285218723970504, 44.515284074726623 ], [ 11.284911219945979, 44.515081379586235 ], [ 11.284620703902208, 44.514881584549656 ], [ 11.284463814070824, 44.514753025794917 ], [ 11.284254519955644, 44.514571320003007 ], [ 11.284136931501171, 44.51447608508311 ], [ 11.284012951940486, 44.514378277143379 ], [ 11.283916118016421, 44.514303485680173 ], [ 11.283882075398999, 44.514275574619361 ], [ 11.283826868143541, 44.514230225885456 ], [ 11.28340338900253, 44.513921734995222 ], [ 11.283077557089316, 44.513703646971258 ], [ 11.282889343690526, 44.513584706042664 ], [ 11.282514438057046, 44.513305173965385 ], [ 11.282349139501683, 44.513184009455458 ], [ 11.282146409070938, 44.513035396988265 ], [ 11.281652427503088, 44.512673708382287 ], [ 11.281306568583663, 44.512420203313795 ], [ 11.281001497289923, 44.512194312307244 ], [ 11.280683829200351, 44.511947651145277 ], [ 11.280659249899314, 44.51195260747766 ], [ 11.280493981422932, 44.511828144707579 ], [ 11.28027995437176, 44.511655780715969 ], [ 11.280072007786009, 44.511475093530137 ], [ 11.27979641333082, 44.511218604943785 ], [ 11.279595471718965, 44.511026154661785 ], [ 11.279351470032038, 44.510790568244936 ], [ 11.279158471913798, 44.510600101182739 ], [ 11.278947451808239, 44.510395895543283 ], [ 11.278783340679961, 44.510225395014196 ], [ 11.27875576504384, 44.510196399036268 ], [ 11.278488488804225, 44.509945790913584 ], [ 11.278072729620293, 44.509504572031865 ], [ 11.278083109170192, 44.509491023088117 ], [ 11.278013360744504, 44.50941192295533 ], [ 11.277983523418506, 44.50937587789209 ], [ 11.277904988500556, 44.50928082041527 ], [ 11.277749401559381, 44.509363786749006 ], [ 11.27725370029623, 44.509591970712563 ], [ 11.27717907247707, 44.509515479124232 ], [ 11.277085669737945, 44.509465676510906 ], [ 11.276963940152035, 44.509430212766979 ], [ 11.276588746154543, 44.50937119376551 ], [ 11.276096240954637, 44.509287396836228 ], [ 11.275902828234054, 44.509287183846851 ], [ 11.275727716316162, 44.509319177009367 ], [ 11.275423350855267, 44.509448174304012 ], [ 11.275311169003944, 44.509495720259295 ], [ 11.275218343881726, 44.509535057077294 ], [ 11.275163391318737, 44.509558343647448 ], [ 11.275096983569801, 44.509587926222977 ], [ 11.27503695671054, 44.509614662817711 ], [ 11.274954842940481, 44.50965122922215 ], [ 11.274781363604868, 44.509741609265127 ], [ 11.274658501651523, 44.50984002979483 ] ] ] ] } },
{ "type": "Feature", "properties": { "codice_area_statistica": 50, "area_statistica": "OSSERVANZA", "cod_quar": 15, "quartiere": "Santo Stefano", "cod_zona": "D", "zona": "Colli" }, "geometry": { "type": "MultiPolygon", "coordinates": [ [ [ [ 11.33660402120959, 44.472181166641676 ], [ 11.336582183359162, 44.472192224156764 ], [ 11.336580139380121, 44.472197642310697 ], [ 11.336153970134498, 44.472411929028254 ], [ 11.336003576397127, 44.472630408940226 ], [ 11.335852110900193, 44.473039287653009 ], [ 11.335832021406894, 44.473037973856208 ], [ 11.335826177794118, 44.473053682319488 ], [ 11.335484225178417, 44.473030862122236 ], [ 11.335310136870238, 44.472508346873809 ], [ 11.335063050036112, 44.472492293847694 ], [ 11.334481720010986, 44.472946844738757 ], [ 11.334474731788481, 44.472941460734354 ], [ 11.334451977903141, 44.472959150058067 ], [ 11.333737731158967, 44.472408866954602 ], [ 11.33341035980809, 44.472061657300237 ], [ 11.33320622317213, 44.471395414007048 ], [ 11.332783224523137, 44.47150789499171 ], [ 11.332222722326531, 44.471639757530653 ], [ 11.331900906052788, 44.471693873396561 ], [ 11.331975905601048, 44.471973081963384 ], [ 11.331928788751494, 44.472436412475993 ], [ 11.331904243403178, 44.472424783285462 ], [ 11.33190205851945, 44.47244640675261 ], [ 11.331767001569943, 44.472382230204964 ], [ 11.331632590600087, 44.472492317399144 ], [ 11.33173967084015, 44.472692740378314 ], [ 11.332439762667356, 44.47321497417127 ], [ 11.332613107179959, 44.473636444729124 ], [ 11.333212729036438, 44.473763872536274 ], [ 11.333279462792854, 44.474017005215188 ], [ 11.33324895602164, 44.474020502702196 ], [ 11.333250639255443, 44.474026888647415 ], [ 11.332742650558842, 44.474084747869554 ], [ 11.332753993573416, 44.474371734153522 ], [ 11.333322058981066, 44.474773580142084 ], [ 11.333661593715856, 44.475111604354218 ], [ 11.333622930194581, 44.475111541069175 ], [ 11.33363216060205, 44.475120748625137 ], [ 11.333196578506898, 44.475119681167172 ], [ 11.333214581627558, 44.475173780566074 ], [ 11.333275276675399, 44.475342262632758 ], [ 11.333480031923617, 44.475480413138364 ], [ 11.333614315490228, 44.475689338413055 ], [ 11.33377074402388, 44.47576036974688 ], [ 11.333835729312737, 44.475890932121445 ], [ 11.333963757426696, 44.476067294582045 ], [ 11.333872050843581, 44.476176675099275 ], [ 11.333570902261226, 44.476266991595054 ], [ 11.333467830620419, 44.476301608770598 ], [ 11.333355416830482, 44.476454833533339 ], [ 11.33333559733599, 44.476451252753684 ], [ 11.33332743639169, 44.476462397782072 ], [ 11.333193468913358, 44.476438063176722 ], [ 11.333182205782634, 44.476454974482486 ], [ 11.333133230989571, 44.476495116996865 ], [ 11.332995976157031, 44.476576138632133 ], [ 11.333092298409481, 44.476669173685586 ], [ 11.333006506970895, 44.476715676317994 ], [ 11.332891650308591, 44.476789283753071 ], [ 11.332819089971963, 44.476829289646332 ], [ 11.332724090715411, 44.476875802879988 ], [ 11.332665938075948, 44.476910278340867 ], [ 11.332588253563735, 44.476941829114246 ], [ 11.332595692874731, 44.477057109453852 ], [ 11.3327283894729, 44.477363827475131 ], [ 11.332693969726645, 44.477392754004107 ], [ 11.332715526228576, 44.4774632153498 ], [ 11.332738681229484, 44.477510216538548 ], [ 11.332765880295144, 44.477544607052337 ], [ 11.332830617556539, 44.47761618184456 ], [ 11.332894621005662, 44.477717886219054 ], [ 11.332900889315946, 44.477915773176186 ], [ 11.332909038152392, 44.477955282936556 ], [ 11.332882421056542, 44.477957498410497 ], [ 11.332883165249658, 44.47796110341244 ], [ 11.332574548672421, 44.477986666479374 ], [ 11.332369187930611, 44.478018937176209 ], [ 11.332258185497961, 44.478057326195021 ], [ 11.332247464270472, 44.478058112795757 ], [ 11.332234219652971, 44.478062697042425 ], [ 11.332037128568436, 44.478077076514587 ], [ 11.331897573799234, 44.478068043901736 ], [ 11.331293607195072, 44.477975328352215 ], [ 11.330735640191948, 44.477976737964582 ], [ 11.330679698949639, 44.477977069881227 ], [ 11.330325579414174, 44.477979356865056 ], [ 11.329426162882148, 44.478103287257575 ], [ 11.329346208313286, 44.478115388794919 ], [ 11.329208014992744, 44.478133918102507 ], [ 11.328970454058174, 44.478136154252262 ], [ 11.328688745227552, 44.478131431224249 ], [ 11.327803336148328, 44.478115477640436 ], [ 11.327586499703392, 44.478155211869876 ], [ 11.327545828059554, 44.478188534171679 ], [ 11.327580334359649, 44.478227113488039 ], [ 11.327858005687311, 44.478294696770703 ], [ 11.328130384322794, 44.478320476577871 ], [ 11.329004318737192, 44.478443776550172 ], [ 11.329119030909995, 44.478470207561863 ], [ 11.329201377109886, 44.478513028206088 ], [ 11.329307746003719, 44.478607739386263 ], [ 11.329446453126241, 44.47869100545546 ], [ 11.329546127886292, 44.478702323222194 ], [ 11.329735551724088, 44.478669569964623 ], [ 11.330125144313193, 44.478751773118731 ], [ 11.33069744693131, 44.478854697593697 ], [ 11.331030271967711, 44.478920393540491 ], [ 11.331387914111438, 44.478995710510965 ], [ 11.331636446844817, 44.47902206166475 ], [ 11.332008142777239, 44.479013183545973 ], [ 11.332304898146582, 44.479043035920206 ], [ 11.33252711287456, 44.47916173230886 ], [ 11.332949816246547, 44.479387226117282 ], [ 11.33326231442279, 44.479555920141117 ], [ 11.333301430371566, 44.479628342417918 ], [ 11.333289452135539, 44.479724365966248 ], [ 11.333261630819736, 44.479778467711647 ], [ 11.333164277659002, 44.479868388654275 ], [ 11.333076660081362, 44.480003582696597 ], [ 11.333097516111962, 44.480061546437987 ], [ 11.333235948642201, 44.480162337216221 ], [ 11.333421244111777, 44.480077511771348 ], [ 11.333513743793132, 44.480012602733304 ], [ 11.33353770710092, 44.480010510733166 ], [ 11.333540297414984, 44.480008695657958 ], [ 11.333722496147921, 44.479992733793516 ], [ 11.333806180788363, 44.480136974987552 ], [ 11.333998740891738, 44.480122328593573 ], [ 11.334835924092371, 44.480545719510005 ], [ 11.33489826679148, 44.480609162302834 ], [ 11.334890605046397, 44.480692351828786 ], [ 11.334861794419783, 44.48069215829134 ], [ 11.334861401465853, 44.480696441256143 ], [ 11.334611036843594, 44.480694516938932 ], [ 11.33460493680894, 44.480727667165652 ], [ 11.334577409128253, 44.480725045157889 ], [ 11.334576234939821, 44.480731441971379 ], [ 11.334560648714326, 44.480729941164597 ], [ 11.334499163467942, 44.480945338231543 ], [ 11.334256311635041, 44.481057620790395 ], [ 11.33446905490062, 44.48127053651141 ], [ 11.334442194791331, 44.481308156715954 ], [ 11.334620075017936, 44.481447995249233 ], [ 11.334710075720674, 44.481605038812106 ], [ 11.334548729608066, 44.481651054116341 ], [ 11.334344353541109, 44.481781730934692 ], [ 11.334203233357551, 44.481900054269744 ], [ 11.3341563720774, 44.481977759647563 ], [ 11.334219784010235, 44.482019346923877 ], [ 11.334320063905889, 44.482082227640582 ], [ 11.334383381679519, 44.482121354538933 ], [ 11.334432698854197, 44.482153427889408 ], [ 11.334534361356978, 44.482207677255936 ], [ 11.33459782875898, 44.482250483938621 ], [ 11.334714241636924, 44.482330186123285 ], [ 11.334807871366307, 44.482403142189611 ], [ 11.334955581546744, 44.482526580520435 ], [ 11.334251238385727, 44.482918765829275 ], [ 11.334202080778395, 44.482963547945708 ], [ 11.334124156181339, 44.483004451152425 ], [ 11.334028203771405, 44.483046426009736 ], [ 11.333931158577396, 44.483102652638998 ], [ 11.33383333895228, 44.483180798345224 ], [ 11.333753097620217, 44.483282549524368 ], [ 11.333683154651444, 44.483411780313226 ], [ 11.333613017316848, 44.483545351582748 ], [ 11.333556492031114, 44.483659334873202 ], [ 11.333531529551239, 44.483751823816604 ], [ 11.333497523955236, 44.483841975980489 ], [ 11.333450008531258, 44.483906083389193 ], [ 11.333351562100047, 44.483967111340704 ], [ 11.333259002247827, 44.484001596259255 ], [ 11.333153916317336, 44.484012723299053 ], [ 11.333137571296788, 44.484010395861162 ], [ 11.333130346815469, 44.48401115783075 ], [ 11.333013104349721, 44.483994378469227 ], [ 11.332897422546115, 44.483956501009928 ], [ 11.33281740968296, 44.483924115320619 ], [ 11.332733282948281, 44.483876860323029 ], [ 11.332660474270892, 44.483815582716964 ], [ 11.33214430418294, 44.484007104906105 ], [ 11.332112319489985, 44.484176467052528 ], [ 11.332101501045011, 44.484220668464729 ], [ 11.332170889975098, 44.484387466245543 ], [ 11.332445915867451, 44.484888398192517 ], [ 11.331842599956119, 44.485101327726255 ], [ 11.331796403753259, 44.485127140144478 ], [ 11.331777191898848, 44.485122983801766 ], [ 11.33177557717859, 44.485123886196924 ], [ 11.331355381487985, 44.485032800751632 ], [ 11.330907115474808, 44.483684269658355 ], [ 11.330649492713757, 44.483687571975672 ], [ 11.330637314996677, 44.483684776821008 ], [ 11.330632813130922, 44.483684831823915 ], [ 11.329170321153324, 44.483348474168331 ], [ 11.329083130185868, 44.483585665937646 ], [ 11.328965043620832, 44.483643949812588 ], [ 11.328741616166674, 44.483685643633891 ], [ 11.328734245415939, 44.483753875260909 ], [ 11.328805794433563, 44.483934631887429 ], [ 11.329007870268866, 44.484035983749465 ], [ 11.329030495064549, 44.484075956430388 ], [ 11.329044510388119, 44.48411544487071 ], [ 11.329051359330217, 44.484147454319505 ], [ 11.32905662381661, 44.484190552187499 ], [ 11.329055475787186, 44.484232472809126 ], [ 11.329049664526829, 44.484268795328177 ], [ 11.329042185078119, 44.484307564578565 ], [ 11.329033551782345, 44.484352002899648 ], [ 11.329026307259504, 44.484391366928612 ], [ 11.329020844580413, 44.484430728813173 ], [ 11.329020366801405, 44.484467563693869 ], [ 11.329024055440774, 44.484497169107144 ], [ 11.329029978332908, 44.48452989154935 ], [ 11.32903758371913, 44.484562579664164 ], [ 11.329045067425309, 44.484591547686108 ], [ 11.329055506549643, 44.484629175326944 ], [ 11.32906687687699, 44.484668997706692 ], [ 11.329083606292963, 44.484725862496454 ], [ 11.32909807060318, 44.484749616025759 ], [ 11.329113992637419, 44.484778112989055 ], [ 11.329151335852043, 44.48481618197647 ], [ 11.329223168276714, 44.484881214024334 ], [ 11.32927599565266, 44.48493437497757 ], [ 11.329345312519425, 44.485002610085587 ], [ 11.329376500852208, 44.485041071965831 ], [ 11.329409441410601, 44.485088324229558 ], [ 11.329429852750058, 44.485127990890199 ], [ 11.329440151168903, 44.485157591045997 ], [ 11.329436316701049, 44.485186390281591 ], [ 11.329425494181004, 44.485219647959696 ], [ 11.329425136442254, 44.48525026859528 ], [ 11.329426907693961, 44.485280666635227 ], [ 11.329433577523471, 44.485322854446778 ], [ 11.329461337332228, 44.485411989867927 ], [ 11.329499406489239, 44.485540090609426 ], [ 11.329548956949026, 44.48574135251669 ], [ 11.329593285690413, 44.485889954033247 ], [ 11.32961265848339, 44.485935047009569 ], [ 11.329645834013528, 44.485979149795853 ], [ 11.329594338737262, 44.486072246842653 ], [ 11.329474779238954, 44.486336262525647 ], [ 11.329725590531437, 44.486885534824431 ], [ 11.329084577509379, 44.487009946618208 ], [ 11.329012257605521, 44.487013598954604 ], [ 11.3288787266591, 44.486997730141006 ], [ 11.328760872936158, 44.486965622065867 ], [ 11.328657323671882, 44.486911631145119 ], [ 11.328586065755696, 44.486850623806738 ], [ 11.328512735154883, 44.486764269579076 ], [ 11.328467433982787, 44.486695198427896 ], [ 11.328383142484705, 44.486554684802165 ], [ 11.328352678280307, 44.486491449847847 ], [ 11.328255593593555, 44.48632517415075 ], [ 11.327745726382123, 44.486093408477075 ], [ 11.327707215164478, 44.486120263477872 ], [ 11.327658001271612, 44.486129055122639 ], [ 11.327592128085278, 44.486124758151895 ], [ 11.327513709158263, 44.486097573062182 ], [ 11.327439128764189, 44.486051051300358 ], [ 11.327391238649682, 44.485986906503662 ], [ 11.327352551004006, 44.485914212457168 ], [ 11.327290234714596, 44.485732168424626 ], [ 11.327277828563698, 44.485679845276913 ], [ 11.327252334947863, 44.485591864071452 ], [ 11.327221379417376, 44.485490848614525 ], [ 11.327182618587605, 44.48538980861484 ], [ 11.327146661516204, 44.48530158515937 ], [ 11.327070758245005, 44.485152852106417 ], [ 11.327015911170472, 44.485067522704888 ], [ 11.326965914996235, 44.48497489861662 ], [ 11.326962944506924, 44.484970662460313 ], [ 11.326952000328497, 44.484973669819119 ], [ 11.3268985259761, 44.484897076407101 ], [ 11.326810157675398, 44.484781033618198 ], [ 11.326693559269373, 44.484628664488682 ], [ 11.326543457021087, 44.484440157434292 ], [ 11.326468946678238, 44.48435633132425 ], [ 11.326365311083434, 44.484220907923017 ], [ 11.325659131859629, 44.484526021513879 ], [ 11.325022233591053, 44.484629091339023 ], [ 11.325016813116186, 44.484628480958541 ], [ 11.325010804568864, 44.484629460054819 ], [ 11.324806337702327, 44.484606616467929 ], [ 11.324817283000227, 44.484763380895259 ], [ 11.324905118581864, 44.484778462926442 ], [ 11.324926970245659, 44.484833725975065 ], [ 11.325174701563526, 44.485411013437222 ], [ 11.32516221239894, 44.485492291209617 ], [ 11.325240344951855, 44.485640998125781 ], [ 11.325238563250064, 44.485725577817583 ], [ 11.325269923910264, 44.485803963831245 ], [ 11.325334836447514, 44.485888670411505 ], [ 11.325450965237243, 44.486060568101401 ], [ 11.325589277694057, 44.486250478068015 ], [ 11.325657418567598, 44.486379987634997 ], [ 11.325662786973615, 44.48651502525442 ], [ 11.325650340062372, 44.486705539716901 ], [ 11.325688991723506, 44.486749657223683 ], [ 11.325835712631807, 44.486959309307494 ], [ 11.325869150382832, 44.487011455266071 ], [ 11.325916333058137, 44.487084459257773 ], [ 11.325964942777182, 44.48714685610183 ], [ 11.326030437997252, 44.487210412299305 ], [ 11.326091440871032, 44.487247646380446 ], [ 11.326175676625569, 44.487274882260259 ], [ 11.326275811516648, 44.487306619474239 ], [ 11.326379933541153, 44.487325401633619 ], [ 11.326524404137212, 44.48734176792572 ], [ 11.326692586566715, 44.48736049556593 ], [ 11.326748550666379, 44.487372210606082 ], [ 11.326793953065319, 44.487394097766781 ], [ 11.326918558414206, 44.487511751553214 ], [ 11.327053437191669, 44.487655600389708 ], [ 11.32719458070806, 44.487817812679118 ], [ 11.327438151355688, 44.488096806771225 ], [ 11.327496981649965, 44.488137865479352 ], [ 11.327607239398656, 44.48817521079981 ], [ 11.327918624309817, 44.48821780837465 ], [ 11.328111688467541, 44.488249881503393 ], [ 11.328196616570892, 44.488290344580825 ], [ 11.328201442156388, 44.48836197883471 ], [ 11.328195651037568, 44.488441769904583 ], [ 11.328212683030117, 44.488519276969306 ], [ 11.328238468956691, 44.488606598369962 ], [ 11.328290100862009, 44.488733769248228 ], [ 11.328375210037956, 44.488959168777505 ], [ 11.32854419010123, 44.488912500574841 ], [ 11.329328219695853, 44.48877145011965 ], [ 11.329934877583016, 44.488663453105744 ], [ 11.330073131242559, 44.489046473374586 ], [ 11.330141192639509, 44.489233319335661 ], [ 11.329820443723467, 44.489298391910523 ], [ 11.330058743160453, 44.489802606735992 ], [ 11.330183675323777, 44.489945844602005 ], [ 11.33054366165903, 44.4898146831598 ], [ 11.330733677000087, 44.489745453894905 ], [ 11.331268175352976, 44.489561023647703 ], [ 11.331644462988946, 44.489432244602831 ], [ 11.332087794940083, 44.489267839807695 ], [ 11.332350898633907, 44.489167640196108 ], [ 11.33348320319358, 44.488729039220338 ], [ 11.333589706222599, 44.488693894599372 ], [ 11.334464799029424, 44.488354960788499 ], [ 11.33459007153872, 44.488304865197527 ], [ 11.335561241129074, 44.487930495399958 ], [ 11.335876233278306, 44.487807583775805 ], [ 11.336422038942954, 44.4875994732175 ], [ 11.336974001703307, 44.487387867024758 ], [ 11.337143563723972, 44.487323628105457 ], [ 11.337336304095709, 44.487249344596258 ], [ 11.337417154758574, 44.487218169625073 ], [ 11.337440806323173, 44.487208943815588 ], [ 11.338121852098514, 44.48694348210671 ], [ 11.339075346270889, 44.486572280184951 ], [ 11.339398892949824, 44.486446662803147 ], [ 11.339551116797391, 44.486421333730711 ], [ 11.339513895642527, 44.486051297642788 ], [ 11.339459328992056, 44.485392471597422 ], [ 11.339441771307717, 44.485278264370628 ], [ 11.339434734440378, 44.485177768548191 ], [ 11.339409392090738, 44.485030213180778 ], [ 11.339371688400915, 44.484786745378294 ], [ 11.339337883385156, 44.484593909294595 ], [ 11.339246803148535, 44.48436755987867 ], [ 11.339184301896514, 44.484203345866682 ], [ 11.339174280435698, 44.484160284731253 ], [ 11.33913514604137, 44.483962138210188 ], [ 11.339104274521665, 44.483817162757596 ], [ 11.339074598235065, 44.483702078439805 ], [ 11.339075781651129, 44.483592339513883 ], [ 11.339054158178049, 44.483501901345136 ], [ 11.339013436579059, 44.483403058951119 ], [ 11.338968051709305, 44.483319364435836 ], [ 11.338936792105644, 44.48325210731722 ], [ 11.338909771354352, 44.483175751737178 ], [ 11.338897010530077, 44.483053775889957 ], [ 11.338900155993358, 44.482935228222431 ], [ 11.338921749324347, 44.482884002129182 ], [ 11.338948807967462, 44.482838317684163 ], [ 11.338967475272508, 44.482779643365028 ], [ 11.338972788796031, 44.482696143405406 ], [ 11.338956212609055, 44.482648274116215 ], [ 11.338929775973469, 44.482525498159021 ], [ 11.338919420171747, 44.482446064330567 ], [ 11.33888525149646, 44.482378686740837 ], [ 11.338853439509068, 44.48231961526902 ], [ 11.338790997268218, 44.482230715542265 ], [ 11.338755407456501, 44.482199818559792 ], [ 11.338727717169101, 44.482161746699532 ], [ 11.338645224694307, 44.482021726774619 ], [ 11.338572511753108, 44.481880345108159 ], [ 11.338509645410104, 44.481791823015719 ], [ 11.338476608263504, 44.481733856843277 ], [ 11.338429362655242, 44.481635958092625 ], [ 11.33833278999677, 44.481468930467805 ], [ 11.338306138804603, 44.481422860910257 ], [ 11.338270692141778, 44.481396156052725 ], [ 11.338204547081752, 44.481360240131785 ], [ 11.338167290180383, 44.48132756758465 ], [ 11.338140713084908, 44.481280515185972 ], [ 11.338112344505529, 44.481188630502494 ], [ 11.338068092242997, 44.481079390022622 ], [ 11.338011104624005, 44.480936857656864 ], [ 11.337927321968362, 44.480775788514912 ], [ 11.337851988569634, 44.480671019600607 ], [ 11.337795899071173, 44.480661095078787 ], [ 11.337769951535453, 44.480653073986709 ], [ 11.337776219540746, 44.480525126660496 ], [ 11.337783034400157, 44.480267980768026 ], [ 11.337803736555193, 44.479977916024794 ], [ 11.337800695347127, 44.479924457823813 ], [ 11.337768461309027, 44.47978866547151 ], [ 11.337708941835029, 44.479566025582976 ], [ 11.337671274998721, 44.479368514559184 ], [ 11.337647962078606, 44.479232539473678 ], [ 11.337570795883606, 44.479016355623713 ], [ 11.337585975547535, 44.478944023941118 ], [ 11.337539926352457, 44.478810819067391 ], [ 11.337280001725707, 44.478617138618453 ], [ 11.337212582219166, 44.478592663502894 ], [ 11.337213851839351, 44.478560543217604 ], [ 11.337149317117159, 44.478483937926399 ], [ 11.337114988157637, 44.478393858471748 ], [ 11.337109169847476, 44.478248180378067 ], [ 11.33712177985608, 44.478114962712489 ], [ 11.337133766484225, 44.478030362880546 ], [ 11.33715312381122, 44.477938266015165 ], [ 11.337175239876045, 44.477850703993425 ], [ 11.337182149242011, 44.477767117366774 ], [ 11.337179313054939, 44.477692642848254 ], [ 11.337120925326447, 44.477511130329262 ], [ 11.337095048890781, 44.477401900307513 ], [ 11.337103408237551, 44.4773420238715 ], [ 11.337147565235142, 44.477302606677512 ], [ 11.337195947724036, 44.477301616110715 ], [ 11.337219488790097, 44.477324351857078 ], [ 11.337239294169763, 44.477367834071451 ], [ 11.337258977414837, 44.477407942804803 ], [ 11.337277861635247, 44.477437804921493 ], [ 11.337328581531478, 44.477489035580803 ], [ 11.337445150101193, 44.477583048696459 ], [ 11.337553896565842, 44.477669155528815 ], [ 11.337636640221852, 44.47773385538418 ], [ 11.337709332408139, 44.47778300645448 ], [ 11.337764092479929, 44.477835891683789 ], [ 11.337804769307848, 44.477870510927936 ], [ 11.337824900196731, 44.477882468243315 ], [ 11.337844127813312, 44.477891644242938 ], [ 11.337869345132031, 44.477893378452158 ], [ 11.337884915036668, 44.477889683605127 ], [ 11.337897207376592, 44.477873506246468 ], [ 11.337897524313826, 44.477849651849525 ], [ 11.337877851441291, 44.477806041002857 ], [ 11.337823483197488, 44.477695297049529 ], [ 11.337776864161304, 44.47758621289946 ], [ 11.337745195211079, 44.477498833946669 ], [ 11.337721458956986, 44.477417711393819 ], [ 11.337713490906662, 44.477346357851573 ], [ 11.337715529735485, 44.477269289787252 ], [ 11.337732494295929, 44.477213009175607 ], [ 11.337760723052666, 44.477150070021921 ], [ 11.337799617985715, 44.477097922616473 ], [ 11.337842467263718, 44.477048449012401 ], [ 11.337873759043649, 44.476998293821914 ], [ 11.337900254031995, 44.476956483250305 ], [ 11.337930276799762, 44.476906354033126 ], [ 11.337951475793938, 44.476860078587535 ], [ 11.337982218824957, 44.476731990020539 ], [ 11.337993227347118, 44.476686832537766 ], [ 11.338028143387641, 44.476663196780372 ], [ 11.338062875865601, 44.476667067741168 ], [ 11.338093470789699, 44.476695780609361 ], [ 11.338105503781318, 44.476740466171279 ], [ 11.338114790331673, 44.476812710952792 ], [ 11.338120904180263, 44.476901531499657 ], [ 11.338138282563431, 44.47698370246421 ], [ 11.338154660058462, 44.477041136753343 ], [ 11.338166327296813, 44.47707666514296 ], [ 11.338185487587749, 44.477107448724531 ], [ 11.33820928504249, 44.477126208865322 ], [ 11.338241613687266, 44.477133793069761 ], [ 11.338275577996635, 44.477118432123874 ], [ 11.338288221171542, 44.477082405787108 ], [ 11.338294653372195, 44.476986918408386 ], [ 11.338305795987933, 44.476881242617921 ], [ 11.33832809293596, 44.476798258983216 ], [ 11.338352037206546, 44.476724406254903 ], [ 11.338373431396104, 44.476650614759784 ], [ 11.338405002957328, 44.476575696516193 ], [ 11.338472820526912, 44.476478024388548 ], [ 11.33854981557522, 44.476385673808949 ], [ 11.338593322577507, 44.476320593925742 ], [ 11.33862384407095, 44.476251188721648 ], [ 11.3386669115387, 44.476143022323512 ], [ 11.338722609709405, 44.475998847777994 ], [ 11.338771229386792, 44.475901568775939 ], [ 11.338844964332324, 44.47579185572981 ], [ 11.338905726461876, 44.475709911406199 ], [ 11.338979571172059, 44.4756350451242 ], [ 11.33903723352921, 44.475571502558076 ], [ 11.339126454255231, 44.475497239390272 ], [ 11.339163895022253, 44.475440538977139 ], [ 11.339204764434433, 44.475373676367361 ], [ 11.339313302992894, 44.475269668689691 ], [ 11.339377359555304, 44.475173918615006 ], [ 11.339454911192718, 44.475032032642247 ], [ 11.33950726317282, 44.47493192202672 ], [ 11.339556173790779, 44.474841973841748 ], [ 11.339647856990085, 44.474700716377072 ], [ 11.339722467760053, 44.474612987177963 ], [ 11.33979422373532, 44.474550091628814 ], [ 11.339869750105315, 44.474485273215926 ], [ 11.340160286315218, 44.474256494005424 ], [ 11.340315242033533, 44.474128604154366 ], [ 11.340421799872148, 44.474039310270292 ], [ 11.340470721956198, 44.473981455759251 ], [ 11.340515895826897, 44.473894329561389 ], [ 11.340579640729233, 44.473727050428778 ], [ 11.340634782400782, 44.473569130322254 ], [ 11.340665444708128, 44.473439206098305 ], [ 11.340685281114439, 44.47326274427266 ], [ 11.340674050969438, 44.473174028725104 ], [ 11.34064056404714, 44.473137120435666 ], [ 11.340559508613135, 44.473095686862358 ], [ 11.340430005293941, 44.473027734543621 ], [ 11.339953903218325, 44.472811024945472 ], [ 11.339932376349418, 44.472784872481299 ], [ 11.339934010584496, 44.472761909326401 ], [ 11.339953681714958, 44.472741331252088 ], [ 11.339995684918557, 44.472734969665332 ], [ 11.340053931523103, 44.472750286482643 ], [ 11.34014097767901, 44.472781514683469 ], [ 11.340300352652216, 44.472827752811419 ], [ 11.34035438872866, 44.47283398213208 ], [ 11.340404066762542, 44.472795368732164 ], [ 11.340392912069074, 44.472772667768311 ], [ 11.340362671780824, 44.472753112889777 ], [ 11.340280665521769, 44.472719954005377 ], [ 11.340188360385314, 44.472685178659368 ], [ 11.340139583017228, 44.472650411204434 ], [ 11.34010064140222, 44.472605359175432 ], [ 11.340079687446467, 44.472561774936331 ], [ 11.340079686678656, 44.472529680633912 ], [ 11.340094817613044, 44.472491775546771 ], [ 11.340158320914066, 44.472414365661301 ], [ 11.340228658250705, 44.472347825836309 ], [ 11.340345144924013, 44.472218897007338 ], [ 11.340369012897916, 44.472175312162776 ], [ 11.340410793053458, 44.472067171438333 ], [ 11.340432354284104, 44.472030043733966 ], [ 11.340465046276417, 44.472014708212555 ], [ 11.340497213372032, 44.472018631033251 ], [ 11.340519118940698, 44.472053940290742 ], [ 11.340535498186009, 44.472143468562706 ], [ 11.340563028694568, 44.472159405890331 ], [ 11.340607850278307, 44.472159396152975 ], [ 11.34064181003718, 44.47211194026729 ], [ 11.340644870353509, 44.472028441288622 ], [ 11.340627978011833, 44.471926085823135 ], [ 11.340612503035826, 44.471891553998709 ], [ 11.340543626819036, 44.471802192837146 ], [ 11.34044027867828, 44.471715086840206 ], [ 11.340337744733244, 44.47161752102275 ], [ 11.340293361350867, 44.471564334220453 ], [ 11.340237054728512, 44.471469214581191 ], [ 11.340196164221267, 44.471309365168452 ], [ 11.340154236377971, 44.471127966735203 ], [ 11.340127831574254, 44.471128535031966 ], [ 11.340082107278858, 44.471113807797693 ], [ 11.340022683685248, 44.471108634056456 ], [ 11.339928237134856, 44.471088783709277 ], [ 11.339857952735382, 44.471085543000918 ], [ 11.339747071489754, 44.471088905013509 ], [ 11.339703764050384, 44.471090602877844 ], [ 11.339670167518614, 44.471071035575271 ], [ 11.339636720454992, 44.471033189889198 ], [ 11.339604911715346, 44.470967132427937 ], [ 11.339587869829392, 44.470911935558419 ], [ 11.33959072926887, 44.470895402167486 ], [ 11.339354152281278, 44.470707603538514 ], [ 11.339324376519734, 44.470711274610863 ], [ 11.339256909182277, 44.470693571616728 ], [ 11.3391775105774, 44.470657306603378 ], [ 11.339151993998895, 44.470641714782012 ], [ 11.339114309519717, 44.470617369667011 ], [ 11.339095697987155, 44.470592093570524 ], [ 11.339089127972199, 44.470562969689325 ], [ 11.339094922790029, 44.470534942839684 ], [ 11.339133690612348, 44.4704353897583 ], [ 11.339143490505206, 44.47040061890209 ], [ 11.339150444829187, 44.47037643941492 ], [ 11.339156092806729, 44.470354177245106 ], [ 11.339153732959556, 44.470320294737888 ], [ 11.33914336099008, 44.470274683949242 ], [ 11.339149165561855, 44.470231172394698 ], [ 11.33824171307381, 44.470136969538522 ], [ 11.33813501613205, 44.470008986115374 ], [ 11.338097788646783, 44.469911079916614 ], [ 11.338108477949753, 44.469848202762762 ], [ 11.338131857642546, 44.469807482201446 ], [ 11.338124927993663, 44.469741013766019 ], [ 11.338056930351675, 44.469709997045506 ], [ 11.337992169403034, 44.46970304101005 ], [ 11.337941913648264, 44.469688135642329 ], [ 11.337772911513138, 44.469482745002963 ], [ 11.337715145940457, 44.469424600707207 ], [ 11.33753392481492, 44.469335053548996 ], [ 11.337431414855571, 44.469299251550751 ], [ 11.337393998119749, 44.469304239912297 ], [ 11.33741480189779, 44.469377203286911 ], [ 11.337480577177745, 44.469560059042927 ], [ 11.337615536998438, 44.469746980646335 ], [ 11.33790429729064, 44.470171302288669 ], [ 11.337952596549846, 44.470261230539485 ], [ 11.338046288979362, 44.470547413384352 ], [ 11.338107557490115, 44.470738220333025 ], [ 11.338247773518971, 44.471159191537538 ], [ 11.338277908354979, 44.47128660948205 ], [ 11.338287855012883, 44.471356833203309 ], [ 11.338283224338952, 44.471419676285443 ], [ 11.338262437326133, 44.471481562926925 ], [ 11.338245749460004, 44.471511361303627 ], [ 11.338205519288442, 44.471578768675037 ], [ 11.338146510328558, 44.471668328986745 ], [ 11.338130455051241, 44.471719630639264 ], [ 11.3381174845114, 44.47176632278731 ], [ 11.338116392031786, 44.471807586142852 ], [ 11.33815195143359, 44.471942383178543 ], [ 11.338226822373928, 44.472168669799061 ], [ 11.338264878107168, 44.472366253907751 ], [ 11.338279221633845, 44.472519148587963 ], [ 11.338300580893087, 44.472678336425147 ], [ 11.338350020958011, 44.472849615729537 ], [ 11.338401134861577, 44.473031312754514 ], [ 11.33841308208345, 44.473123272787618 ], [ 11.338402838963617, 44.473209907698923 ], [ 11.33838780570826, 44.473245568907032 ], [ 11.338343876128819, 44.473313241145483 ], [ 11.338287528148209, 44.473413424100237 ], [ 11.338122948436251, 44.473610792436965 ], [ 11.338031388716113, 44.473735994512666 ], [ 11.33797061339137, 44.473788320068891 ], [ 11.337841478267663, 44.47388189114956 ], [ 11.337647711683731, 44.473996114219972 ], [ 11.337573437845466, 44.474031268919788 ], [ 11.337267377547331, 44.474274853607362 ], [ 11.337195778378662, 44.474311825840985 ], [ 11.337123296870177, 44.474326390587876 ], [ 11.337198680735545, 44.474253843613859 ], [ 11.337327347626475, 44.474142835789777 ], [ 11.337443495378364, 44.474045155954634 ], [ 11.337541985259646, 44.473962781915802 ], [ 11.337639953173944, 44.473867346686703 ], [ 11.337755428676296, 44.473752863416777 ], [ 11.337822847472491, 44.473676734052731 ], [ 11.337861510805954, 44.4735993300134 ], [ 11.33790576277323, 44.473465743232161 ], [ 11.337984709770902, 44.473221208859059 ], [ 11.33800549197691, 44.473153515696161 ], [ 11.3380163692129, 44.473099106190389 ], [ 11.338010165983084, 44.473040446173513 ], [ 11.337962725152574, 44.472866632056494 ], [ 11.337850735698167, 44.472676458727662 ], [ 11.337667069068889, 44.472390587892086 ], [ 11.337460844964909, 44.472127604152718 ], [ 11.337402804135357, 44.472046571709974 ], [ 11.33735265492443, 44.471901837198232 ], [ 11.337309371287578, 44.471760896232858 ], [ 11.337225544160177, 44.471496297179186 ], [ 11.337178955340939, 44.47141173518704 ], [ 11.337141402615506, 44.471415871000978 ], [ 11.336809885657214, 44.471633043188156 ], [ 11.33660402120959, 44.472181166641676 ] ] ] ] } },
{ "type": "Feature", "properties": { "codice_area_statistica": 51, "area_statistica": "SAN MICHELE IN BOSCO", "cod_quar": 15, "quartiere": "Santo Stefano", "cod_zona": "D", "zona": "Colli" }, "geometry": { "type": "MultiPolygon", "coordinates": [ [ [ [ 11.342015733581441, 44.472789323751009 ], [ 11.342127291118981, 44.472550039279341 ], [ 11.342164213031044, 44.472403278350683 ], [ 11.342219328337091, 44.472241063745798 ], [ 11.342283511238994, 44.472038394364994 ], [ 11.342288933458553, 44.472027190764237 ], [ 11.342293127817127, 44.472013975513917 ], [ 11.342335894858811, 44.471925714113674 ], [ 11.342293847089145, 44.47192657688008 ], [ 11.342211560681184, 44.471964959902103 ], [ 11.34211149792023, 44.472025376874626 ], [ 11.341906269761772, 44.472134647848641 ], [ 11.341705089006309, 44.472228828068808 ], [ 11.341549264081213, 44.472292053886029 ], [ 11.341296744562976, 44.472383964469138 ], [ 11.341165575660424, 44.47242334029125 ], [ 11.341104541261535, 44.472411250133483 ], [ 11.341081999842341, 44.472371686791696 ], [ 11.341072874035506, 44.4722601515031 ], [ 11.341073869098977, 44.472168412464001 ], [ 11.341087475804283, 44.472043069102078 ], [ 11.341087879587002, 44.47199469877696 ], [ 11.341086479976697, 44.471959707310013 ], [ 11.341069120068358, 44.471933379575354 ], [ 11.341042718023191, 44.471913908207746 ], [ 11.340953091609354, 44.471885731474117 ], [ 11.340837409393099, 44.471846421578128 ], [ 11.340723038737242, 44.471782057402322 ], [ 11.340610805290442, 44.471712652838967 ], [ 11.340536140431135, 44.471650823321639 ], [ 11.340462987240549, 44.471568940946 ], [ 11.340413257920831, 44.471489909255432 ], [ 11.340390051570507, 44.471433695562517 ], [ 11.340365833157691, 44.471352484345338 ], [ 11.340366029811305, 44.471240748853837 ], [ 11.34038291490557, 44.471197046084662 ], [ 11.340404581097596, 44.471156576258785 ], [ 11.340476451448568, 44.471090058856021 ], [ 11.34052189058831, 44.47101464858769 ], [ 11.34058332079821, 44.470834201002759 ], [ 11.340574714545738, 44.470812969239987 ], [ 11.340556017228213, 44.470799713634442 ], [ 11.340473126065772, 44.470872011659104 ], [ 11.340410685447491, 44.470911805024656 ], [ 11.340335114379158, 44.47094362115228 ], [ 11.340236638912531, 44.470978652580875 ], [ 11.340206620174149, 44.470996688036919 ], [ 11.340173282786816, 44.471027629247232 ], [ 11.340155736277589, 44.471069256938542 ], [ 11.340151978571942, 44.471103255826563 ], [ 11.340154236377971, 44.471127966735203 ], [ 11.340196164221267, 44.471309365168452 ], [ 11.340237042166171, 44.47146921483872 ], [ 11.340293361350867, 44.471564334220453 ], [ 11.340337744733244, 44.47161752102275 ], [ 11.340440266115889, 44.471715087097763 ], [ 11.340543614256626, 44.47180219309471 ], [ 11.340612490473399, 44.471891554256281 ], [ 11.3406279654494, 44.471926086080707 ], [ 11.340644870353509, 44.472028441288622 ], [ 11.34064181003718, 44.47211194026729 ], [ 11.340607850278307, 44.472159396152975 ], [ 11.340563028694568, 44.472159405890331 ], [ 11.340535497826295, 44.472143459567469 ], [ 11.340519118940698, 44.472053940290742 ], [ 11.340497213372032, 44.472018631033251 ], [ 11.340465046276417, 44.472014708212555 ], [ 11.340432354284104, 44.472030043733966 ], [ 11.340410793053458, 44.472067171438333 ], [ 11.340369012897916, 44.472175312162776 ], [ 11.340345144924013, 44.472218897007338 ], [ 11.340228645328509, 44.472347817098608 ], [ 11.340158320914066, 44.472414365661301 ], [ 11.340094817613044, 44.472491775546771 ], [ 11.340079686678656, 44.472529680633912 ], [ 11.340079687446467, 44.472561774936331 ], [ 11.34010064140222, 44.472605359175432 ], [ 11.340139583017228, 44.472650411204434 ], [ 11.340188360385314, 44.472685178659368 ], [ 11.340280665521769, 44.472719954005377 ], [ 11.340362671780824, 44.472753112889777 ], [ 11.340392912069074, 44.472772667768311 ], [ 11.340404066762542, 44.472795368732164 ], [ 11.34035438872866, 44.47283398213208 ], [ 11.340300352652216, 44.472827752811419 ], [ 11.340140977319347, 44.472781505688232 ], [ 11.340053931523103, 44.472750286482643 ], [ 11.339995684918557, 44.472734969665332 ], [ 11.339953681714958, 44.472741331252088 ], [ 11.339934010584496, 44.472761909326401 ], [ 11.339932376349418, 44.472784872481299 ], [ 11.339953903218325, 44.472811024945472 ], [ 11.340430005293941, 44.473027734543621 ], [ 11.340559508613135, 44.473095686862358 ], [ 11.34064056404714, 44.473137120435666 ], [ 11.340674050969438, 44.473174028725104 ], [ 11.340685281114439, 44.47326274427266 ], [ 11.340665444708128, 44.473439206098305 ], [ 11.340634782400782, 44.473569130322254 ], [ 11.340579628166415, 44.473727050686357 ], [ 11.340515895826897, 44.473894329561389 ], [ 11.340470721956198, 44.473981455759251 ], [ 11.340421799872148, 44.474039310270292 ], [ 11.340315242033533, 44.474128604154366 ], [ 11.340160286315218, 44.474256494005424 ], [ 11.339869749745672, 44.474485264220682 ], [ 11.339794223375689, 44.47455008263357 ], [ 11.339722467760053, 44.474612987177963 ], [ 11.339647856990085, 44.474700716377072 ], [ 11.339556173790779, 44.474841973841748 ], [ 11.33950726317282, 44.47493192202672 ], [ 11.339454911192718, 44.475032032642247 ], [ 11.339377359195728, 44.475173909619755 ], [ 11.339313302992894, 44.475269668689691 ], [ 11.339204764434433, 44.475373676367361 ], [ 11.339163895022253, 44.475440538977139 ], [ 11.339126454255231, 44.475497239390272 ], [ 11.339037220965981, 44.475571502815512 ], [ 11.338979571172059, 44.4756350451242 ], [ 11.338905726461876, 44.475709911406199 ], [ 11.338844964332324, 44.47579185572981 ], [ 11.338771229386792, 44.475901568775939 ], [ 11.338722609349919, 44.475998838782743 ], [ 11.3386669115387, 44.476143022323512 ], [ 11.33862384407095, 44.476251188721648 ], [ 11.338593322577507, 44.476320593925742 ], [ 11.33854981557522, 44.476385673808949 ], [ 11.338472820526912, 44.476478024388548 ], [ 11.338405002597888, 44.476575687520956 ], [ 11.338373418832637, 44.476650615017135 ], [ 11.338352037206546, 44.476724406254903 ], [ 11.33832809293596, 44.476798258983216 ], [ 11.338305795987933, 44.476881242617921 ], [ 11.338294653372195, 44.476986918408386 ], [ 11.338288221171542, 44.477082405787108 ], [ 11.338275577996635, 44.477118432123874 ], [ 11.338241613687266, 44.477133793069761 ], [ 11.33820928504249, 44.477126208865322 ], [ 11.338185487228333, 44.477107439729288 ], [ 11.338166327296813, 44.47707666514296 ], [ 11.338154660058462, 44.477041136753343 ], [ 11.338138282563431, 44.47698370246421 ], [ 11.338120904180263, 44.476901531499657 ], [ 11.338114790331673, 44.476812710952792 ], [ 11.33810550342192, 44.476740457176021 ], [ 11.338093470789699, 44.476695780609361 ], [ 11.338062875865601, 44.476667067741168 ], [ 11.338028143387641, 44.476663196780372 ], [ 11.337993227347118, 44.476686832537766 ], [ 11.337982218824957, 44.476731990020539 ], [ 11.337951475434563, 44.476860069592306 ], [ 11.337930276799762, 44.476906354033126 ], [ 11.337900254031995, 44.476956483250305 ], [ 11.337873746480104, 44.476998294079216 ], [ 11.337842467263718, 44.477048449012401 ], [ 11.337799617985715, 44.477097922616473 ], [ 11.337760723052666, 44.477150070021921 ], [ 11.337732494295929, 44.477213009175607 ], [ 11.337715529735485, 44.477269289787252 ], [ 11.337713490906662, 44.477346357851573 ], [ 11.337721458956986, 44.477417711393819 ], [ 11.337745195211079, 44.477498833946669 ], [ 11.337776864161304, 44.47758621289946 ], [ 11.33782348283812, 44.477695288054271 ], [ 11.337877851441291, 44.477806041002857 ], [ 11.337897524313826, 44.477849651849525 ], [ 11.337897207376592, 44.477873506246468 ], [ 11.337884902472931, 44.477889683862443 ], [ 11.337869332568292, 44.477893378709453 ], [ 11.337844115249574, 44.477891644500247 ], [ 11.337824887632994, 44.477882468500596 ], [ 11.337804769307848, 44.477870510927936 ], [ 11.337764092479929, 44.477835891683789 ], [ 11.337709332048787, 44.477782997459229 ], [ 11.337636640221852, 44.47773385538418 ], [ 11.337553896565842, 44.477669155528815 ], [ 11.337445150101193, 44.477583048696459 ], [ 11.337328581531478, 44.477489035580803 ], [ 11.337277861635247, 44.477437804921493 ], [ 11.337258977414837, 44.477407942804803 ], [ 11.337239294169763, 44.477367834071451 ], [ 11.337219488790097, 44.477324351857078 ], [ 11.337195947724036, 44.477301616110715 ], [ 11.337147565235142, 44.477302606677512 ], [ 11.337103408237551, 44.4773420238715 ], [ 11.33709504853153, 44.47740189131224 ], [ 11.337120925326447, 44.477511130329262 ], [ 11.337179313054939, 44.477692642848254 ], [ 11.337182149242011, 44.477767117366774 ], [ 11.337175239876045, 44.477850703993425 ], [ 11.33715312381122, 44.477938266015165 ], [ 11.337133766484225, 44.478030362880546 ], [ 11.33712177985608, 44.478114962712489 ], [ 11.337109169847476, 44.478248180378067 ], [ 11.337114988157637, 44.478393858471748 ], [ 11.337149317117159, 44.478483937926399 ], [ 11.337213851839351, 44.478560543217604 ], [ 11.337212582219166, 44.478592663502894 ], [ 11.337280001725707, 44.478617138618453 ], [ 11.33753992599312, 44.478810810072154 ], [ 11.337585975547535, 44.478944023941118 ], [ 11.337570795883606, 44.479016355623713 ], [ 11.337647962078606, 44.479232539473678 ], [ 11.337671262434664, 44.479368514816464 ], [ 11.337708941835029, 44.479566025582976 ], [ 11.337768461309027, 44.47978866547151 ], [ 11.337800695347127, 44.479924457823813 ], [ 11.337803736555193, 44.479977916024794 ], [ 11.337783034400157, 44.480267980768026 ], [ 11.337776219540746, 44.480525126660496 ], [ 11.337769951535453, 44.480653073986709 ], [ 11.337795899071173, 44.480661095078787 ], [ 11.337851976005298, 44.480671019857908 ], [ 11.337927309404009, 44.480775788772227 ], [ 11.338011104624005, 44.480936857656864 ], [ 11.338068092242997, 44.481079390022622 ], [ 11.338112344505529, 44.481188630502494 ], [ 11.338140713084908, 44.481280515185972 ], [ 11.338167290180383, 44.48132756758465 ], [ 11.338204547081752, 44.481360240131785 ], [ 11.338270692141778, 44.481396156052725 ], [ 11.338306138804603, 44.481422860910257 ], [ 11.33833278999677, 44.481468930467805 ], [ 11.338429362655242, 44.481635958092625 ], [ 11.338476608263504, 44.481733856843277 ], [ 11.338509645410104, 44.481791823015719 ], [ 11.338572511393572, 44.48188033611293 ], [ 11.338645224694307, 44.482021726774619 ], [ 11.338727716809538, 44.48216173770431 ], [ 11.338755407456501, 44.482199818559792 ], [ 11.338790997268218, 44.482230715542265 ], [ 11.338853439509068, 44.48231961526902 ], [ 11.33888525149646, 44.482378686740837 ], [ 11.338919420171747, 44.482446064330567 ], [ 11.338929775973469, 44.482525498159021 ], [ 11.338956212609055, 44.482648274116215 ], [ 11.338972788796031, 44.482696143405406 ], [ 11.3389674749129, 44.482779634369791 ], [ 11.338948807967462, 44.482838317684163 ], [ 11.338921736759549, 44.482884002386626 ], [ 11.338900155993358, 44.482935228222431 ], [ 11.338897010530077, 44.483053775889957 ], [ 11.338909771354352, 44.483175751737178 ], [ 11.338936792105644, 44.48325210731722 ], [ 11.338968051709305, 44.483319364435836 ], [ 11.339013436579059, 44.483403058951119 ], [ 11.339054157818421, 44.483501892349906 ], [ 11.339075781651129, 44.483592339513883 ], [ 11.339074598235065, 44.483702078439805 ], [ 11.339104274521665, 44.483817162757596 ], [ 11.33913514604137, 44.483962138210188 ], [ 11.339174267870629, 44.484160284988725 ], [ 11.339184301896514, 44.484203345866682 ], [ 11.339246803148535, 44.48436755987867 ], [ 11.339337883385156, 44.484593909294595 ], [ 11.339371688400915, 44.484786745378294 ], [ 11.339409392090738, 44.485030213180778 ], [ 11.339434734080671, 44.485177759552954 ], [ 11.339441771307717, 44.485278264370628 ], [ 11.339459316426721, 44.485392471854929 ], [ 11.339513895642527, 44.486051297642788 ], [ 11.339551116797391, 44.486421333730711 ], [ 11.339711093639073, 44.486402453454886 ], [ 11.34027077078988, 44.486332392030626 ], [ 11.341611226983124, 44.486163004633809 ], [ 11.342690210385395, 44.486039092333364 ], [ 11.344424622553802, 44.485830095281983 ], [ 11.346235794963468, 44.485606314405345 ], [ 11.34726707415453, 44.485479963292882 ], [ 11.347453568316975, 44.485487417649523 ], [ 11.347735371670508, 44.485447511484139 ], [ 11.348091380564044, 44.485402207158472 ], [ 11.348994309379453, 44.485292551515776 ], [ 11.349247291689069, 44.485261832152574 ], [ 11.349216205671473, 44.485183249043281 ], [ 11.349153355011, 44.485030472023404 ], [ 11.349136792377315, 44.485000077998151 ], [ 11.349080218043573, 44.484889285921021 ], [ 11.349050471115707, 44.484835585390385 ], [ 11.349075609399682, 44.484825246261302 ], [ 11.349127389093017, 44.48481193718861 ], [ 11.349133998262529, 44.484826205335416 ], [ 11.349525242620944, 44.484786005111324 ], [ 11.349938330413867, 44.484648134844335 ], [ 11.349892403490832, 44.484537898203811 ], [ 11.349778189313122, 44.484236600685897 ], [ 11.349704848450823, 44.483963540114921 ], [ 11.349683516679161, 44.483920856756171 ], [ 11.349690547039902, 44.483911169293336 ], [ 11.349447725099653, 44.483329215778916 ], [ 11.34946171351892, 44.48330804184863 ], [ 11.349479853969695, 44.483280660693957 ], [ 11.349459236742463, 44.483254194267289 ], [ 11.349442288880528, 44.483223592144441 ], [ 11.349446076446799, 44.483180751847911 ], [ 11.34949747242136, 44.483146339408812 ], [ 11.349465300267518, 44.483018453458321 ], [ 11.349308808445137, 44.483007630138964 ], [ 11.349318273811535, 44.482958371175798 ], [ 11.349309914837518, 44.482878600126334 ], [ 11.34929743470158, 44.482768224028604 ], [ 11.34929503199487, 44.482705255281893 ], [ 11.349277119053834, 44.482634953524958 ], [ 11.349255742698734, 44.482597402476436 ], [ 11.349225696994381, 44.48257569435733 ], [ 11.349163296155202, 44.482571847032332 ], [ 11.349109159282866, 44.482582773929281 ], [ 11.349064130330715, 44.48259504381987 ], [ 11.349007637487579, 44.482600536566743 ], [ 11.348970306037677, 44.48260094464527 ], [ 11.348886654897218, 44.482588990971543 ], [ 11.348928080414451, 44.482479135098487 ], [ 11.349018603933471, 44.482246949864496 ], [ 11.349086867582855, 44.482105239620473 ], [ 11.349140289501896, 44.482029850824368 ], [ 11.349312974831781, 44.482005591077758 ], [ 11.349687000718436, 44.481820487699636 ], [ 11.35022362869398, 44.481543332903591 ], [ 11.350648299117905, 44.481332543556043 ], [ 11.351120971344947, 44.48109032619147 ], [ 11.351169270317456, 44.481059334746682 ], [ 11.351233989397352, 44.481020460897305 ], [ 11.351301922076424, 44.480978009804076 ], [ 11.351411023165568, 44.480896422603301 ], [ 11.35152412748433, 44.480787420934497 ], [ 11.35157835663485, 44.480705316420824 ], [ 11.351815899725576, 44.480379543039184 ], [ 11.351918903717758, 44.480241103490748 ], [ 11.351875153840011, 44.480228825052578 ], [ 11.351705782530647, 44.480169566285426 ], [ 11.35160206693369, 44.480116976079735 ], [ 11.351554622893589, 44.480059706591007 ], [ 11.351519920881763, 44.480034764024133 ], [ 11.35139866014301, 44.479728616641509 ], [ 11.351218439653147, 44.479448755767272 ], [ 11.351130753360556, 44.47939823866637 ], [ 11.350387162345578, 44.479101287009264 ], [ 11.349974197772671, 44.479476059959062 ], [ 11.349948416677828, 44.479501329838989 ], [ 11.349926331744815, 44.479523138646705 ], [ 11.349910960712256, 44.479538039284172 ], [ 11.349868926351542, 44.479543405872597 ], [ 11.349835793468007, 44.479573166318303 ], [ 11.349764240549153, 44.47966385499317 ], [ 11.349750549261708, 44.479692404989521 ], [ 11.349755133258983, 44.479706354693356 ], [ 11.349773019430536, 44.479729033186246 ], [ 11.349782735045348, 44.479736125306196 ], [ 11.349533225847305, 44.479747832902206 ], [ 11.349516396015899, 44.479801564730565 ], [ 11.34921943354742, 44.480043544607653 ], [ 11.349184240100362, 44.480053316476258 ], [ 11.349153493535402, 44.480101500954596 ], [ 11.349120641985154, 44.480073764780187 ], [ 11.349080229860714, 44.480055654917038 ], [ 11.349034604472109, 44.480039551865929 ], [ 11.349057923205201, 44.479892167542879 ], [ 11.34893494863344, 44.479631957064989 ], [ 11.348701525512883, 44.479142201904189 ], [ 11.348467180783219, 44.478692355728654 ], [ 11.348424715969449, 44.478625889855067 ], [ 11.348382126466651, 44.47856477407732 ], [ 11.348369938319188, 44.478535541280245 ], [ 11.348348324706878, 44.478480430836015 ], [ 11.348327763063224, 44.478451532337616 ], [ 11.348285605431792, 44.478421538646082 ], [ 11.34820621800626, 44.478376871310608 ], [ 11.348120607991909, 44.478338507703555 ], [ 11.347987372645628, 44.478294947837512 ], [ 11.347836974949558, 44.478239506257601 ], [ 11.347877212534465, 44.478134221445465 ], [ 11.347910428955183, 44.478018791049898 ], [ 11.34794762083291, 44.477892133649043 ], [ 11.347950215733642, 44.477845869901067 ], [ 11.347974591078453, 44.477796529404849 ], [ 11.348003537437847, 44.477719465885784 ], [ 11.348047544915776, 44.477645162455417 ], [ 11.348091674644907, 44.477573908376193 ], [ 11.348146945609386, 44.477503928540742 ], [ 11.348209945190598, 44.477433843712504 ], [ 11.348335823684547, 44.477324204270786 ], [ 11.348389832454011, 44.477286389586098 ], [ 11.348470858221205, 44.477229671752653 ], [ 11.348529077032047, 44.477190239946289 ], [ 11.348592835543418, 44.477139710957196 ], [ 11.348626416638751, 44.47709513235305 ], [ 11.348653924697011, 44.477054630832136 ], [ 11.348675443626794, 44.477005258923903 ], [ 11.348483152301746, 44.476972052307239 ], [ 11.347628216772142, 44.47671901919896 ], [ 11.346575453546823, 44.476322988807055 ], [ 11.34654967231441, 44.476335402208854 ], [ 11.346200136453595, 44.477332072275061 ], [ 11.346148669330146, 44.477380942903231 ], [ 11.346108652602865, 44.477437545486289 ], [ 11.346091821732214, 44.477493824588343 ], [ 11.346067262580227, 44.477626433569618 ], [ 11.346024755846631, 44.477620933301147 ], [ 11.34584256385663, 44.477573686676259 ], [ 11.345625994344086, 44.477501641763254 ], [ 11.345526477702236, 44.477462265575681 ], [ 11.345410437003423, 44.477399308877949 ], [ 11.345260070617915, 44.477313155352753 ], [ 11.345139163721374, 44.477241709864039 ], [ 11.345029002113767, 44.477156944717507 ], [ 11.344898153091135, 44.477057651083342 ], [ 11.344818710000169, 44.476994851269176 ], [ 11.344708861872451, 44.476905019905011 ], [ 11.344622326723451, 44.476838746572973 ], [ 11.344553111801845, 44.476786116501081 ], [ 11.344506167340654, 44.476731030419657 ], [ 11.344456754262753, 44.476683998336107 ], [ 11.344407741991525, 44.476646968899253 ], [ 11.344344278923398, 44.476598235735288 ], [ 11.344276025936955, 44.476569604696152 ], [ 11.344193802886233, 44.47654126949805 ], [ 11.344046609421001, 44.476496245136616 ], [ 11.343896134284105, 44.47643928748937 ], [ 11.343728271215344, 44.476366661995698 ], [ 11.343662567569076, 44.476331973507236 ], [ 11.343599185429664, 44.476285236843097 ], [ 11.343533161709095, 44.476242551531705 ], [ 11.34337119687655, 44.47610775844305 ], [ 11.343223350152623, 44.475976663479173 ], [ 11.343081962014224, 44.475797397833041 ], [ 11.343088249294325, 44.475793955823256 ], [ 11.343014478708836, 44.475698133769335 ], [ 11.34293930634904, 44.475586135739533 ], [ 11.34284917116274, 44.475429836817 ], [ 11.342725985192457, 44.475216167275228 ], [ 11.342612621077485, 44.475038333484264 ], [ 11.342499497462867, 44.474866490378815 ], [ 11.342415526249681, 44.474733768481862 ], [ 11.342373010132791, 44.474675196650452 ], [ 11.342277501392704, 44.474543521623453 ], [ 11.342163093836447, 44.474382273580126 ], [ 11.342087692517975, 44.474238077321665 ], [ 11.341978175186025, 44.474044733471615 ], [ 11.341899255908853, 44.473879525137498 ], [ 11.341866524480514, 44.47379774169881 ], [ 11.341858259019489, 44.473725035118903 ], [ 11.341859087445593, 44.473611882297824 ], [ 11.341880103619884, 44.473534748898686 ], [ 11.341902701852169, 44.473363613770239 ], [ 11.341916909497197, 44.473250186465904 ], [ 11.341932029595368, 44.473092636638491 ], [ 11.34197306433531, 44.472913453025818 ], [ 11.342006551504587, 44.472813044061709 ], [ 11.342011027194786, 44.472803454819228 ], [ 11.342015733581441, 44.472789323751009 ] ] ] ] } },
{ "type": "Feature", "properties": { "codice_area_statistica": 55, "area_statistica": "GIARDINI MARGHERITA", "cod_quar": 15, "quartiere": "Santo Stefano", "cod_zona": "O", "zona": "Murri" }, "geometry": { "type": "MultiPolygon", "coordinates": [ [ [ [ 11.353281172564866, 44.484776148866516 ], [ 11.350297152773237, 44.485134423040698 ], [ 11.349247291689069, 44.485261832152574 ], [ 11.349216205671473, 44.485183249043281 ], [ 11.349153355011, 44.485030472023404 ], [ 11.349136792377315, 44.485000077998151 ], [ 11.349080218043573, 44.484889285921021 ], [ 11.349050471115707, 44.484835585390385 ], [ 11.349075609399682, 44.484825246261302 ], [ 11.349127389093017, 44.48481193718861 ], [ 11.349133998262529, 44.484826205335416 ], [ 11.349525242620944, 44.484786005111324 ], [ 11.349938330413867, 44.484648134844335 ], [ 11.349892403490832, 44.484537898203811 ], [ 11.349778189313122, 44.484236600685897 ], [ 11.349704848450823, 44.483963540114921 ], [ 11.349683516679161, 44.483920856756171 ], [ 11.349690547039902, 44.483911169293336 ], [ 11.349447725099653, 44.483329215778916 ], [ 11.34946171351892, 44.48330804184863 ], [ 11.349479853969695, 44.483280660693957 ], [ 11.349459236742463, 44.483254194267289 ], [ 11.349442288880528, 44.483223592144441 ], [ 11.349446076446799, 44.483180751847911 ], [ 11.34949747242136, 44.483146339408812 ], [ 11.349465300267518, 44.483018453458321 ], [ 11.349308808445137, 44.483007630138964 ], [ 11.349318273811535, 44.482958371175798 ], [ 11.349309914837518, 44.482878600126334 ], [ 11.34929743470158, 44.482768224028604 ], [ 11.34929503199487, 44.482705255281893 ], [ 11.349277119053834, 44.482634953524958 ], [ 11.349255742698734, 44.482597402476436 ], [ 11.349225696994381, 44.48257569435733 ], [ 11.349163296155202, 44.482571847032332 ], [ 11.349109159282866, 44.482582773929281 ], [ 11.349064130330715, 44.48259504381987 ], [ 11.349007637487579, 44.482600536566743 ], [ 11.348970306037677, 44.48260094464527 ], [ 11.348886654897218, 44.482588990971543 ], [ 11.348928080414451, 44.482479135098487 ], [ 11.349018603933471, 44.482246949864496 ], [ 11.349086867582855, 44.482105239620473 ], [ 11.349140289501896, 44.482029850824368 ], [ 11.349312974831781, 44.482005591077758 ], [ 11.349687000718436, 44.481820487699636 ], [ 11.35022362869398, 44.481543332903591 ], [ 11.350648299117905, 44.481332543556043 ], [ 11.351120971344947, 44.48109032619147 ], [ 11.351169270317456, 44.481059334746682 ], [ 11.351233989397352, 44.481020460897305 ], [ 11.351301922076424, 44.480978009804076 ], [ 11.351411023165568, 44.480896422603301 ], [ 11.35152412748433, 44.480787420934497 ], [ 11.35157835663485, 44.480705316420824 ], [ 11.351815899725576, 44.480379543039184 ], [ 11.351918903717758, 44.480241103490748 ], [ 11.35200894032295, 44.480120116993071 ], [ 11.352191627670958, 44.479863748767556 ], [ 11.352268509538396, 44.479755879831366 ], [ 11.352360484706022, 44.479623095703069 ], [ 11.35243838781709, 44.479507490373521 ], [ 11.35250874301734, 44.479423711696185 ], [ 11.352609281913063, 44.479327247432224 ], [ 11.352660364250545, 44.479277031444489 ], [ 11.352704607829965, 44.479304729870485 ], [ 11.352807218199082, 44.479264173917983 ], [ 11.352925597635767, 44.479228334302455 ], [ 11.352930062762447, 44.479226801851325 ], [ 11.352934653527766, 44.479225266810381 ], [ 11.352953027437904, 44.479219396499204 ], [ 11.352962219817236, 44.479216596269751 ], [ 11.35299491558755, 44.479207279835201 ], [ 11.353037741066714, 44.479196584251333 ], [ 11.353071403099419, 44.479189408502258 ], [ 11.353115220159737, 44.47918148325676 ], [ 11.353144844616567, 44.479177091495544 ], [ 11.35323940523403, 44.479167760071107 ], [ 11.35329967528317, 44.479165608349582 ], [ 11.353324821114688, 44.479165540092545 ], [ 11.353364972218623, 44.479166512877356 ], [ 11.353430022480483, 44.479170663390448 ], [ 11.353489649566271, 44.479177536430022 ], [ 11.353516850026391, 44.479181656994371 ], [ 11.353507794242091, 44.47925350441993 ], [ 11.35383961673929, 44.479319124722664 ], [ 11.353842648979423, 44.479338237742958 ], [ 11.353850801874753, 44.479362736763449 ], [ 11.353859401037754, 44.479379574368579 ], [ 11.353867973866489, 44.479392631422741 ], [ 11.353880668472538, 44.479408124213208 ], [ 11.353895340745655, 44.479422765987771 ], [ 11.353908479013107, 44.479433658299065 ], [ 11.353930327212503, 44.479448512202012 ], [ 11.353954486577383, 44.479461427895906 ], [ 11.354149905684912, 44.479592410051552 ], [ 11.354261007585933, 44.479666658917282 ], [ 11.354492334671049, 44.479812492432437 ], [ 11.354572172186048, 44.479871613274753 ], [ 11.354620364507992, 44.479838353908853 ], [ 11.35464698422097, 44.479855530952619 ], [ 11.354847787575116, 44.47997587679972 ], [ 11.355050260413382, 44.480137680840599 ], [ 11.35526936058727, 44.480301113026186 ], [ 11.355361907994395, 44.480364184291275 ], [ 11.355431239267649, 44.480414356654769 ], [ 11.355581371685274, 44.48051005329733 ], [ 11.356088323212772, 44.480800656137575 ], [ 11.356469294230227, 44.481106253966281 ], [ 11.3565836513646, 44.481204668350252 ], [ 11.356608629519622, 44.481211966956927 ], [ 11.356631924026342, 44.481222109127302 ], [ 11.356684176570001, 44.48124875840341 ], [ 11.356638897001803, 44.481295327363966 ], [ 11.356611408458834, 44.481330914960765 ], [ 11.356587339365833, 44.481410814778265 ], [ 11.35656324992906, 44.481552652897278 ], [ 11.3564976416819, 44.481787615740679 ], [ 11.356444285233978, 44.481958056072131 ], [ 11.356430466005323, 44.482002093970721 ], [ 11.356414513764769, 44.482083716736838 ], [ 11.356469671985979, 44.482085080844037 ], [ 11.356438158353347, 44.482121588726727 ], [ 11.356394432363869, 44.482158357694885 ], [ 11.35630881927338, 44.482216985329352 ], [ 11.356207618499159, 44.482282929659696 ], [ 11.356060921305902, 44.482371671236521 ], [ 11.355953501358064, 44.482448069680778 ], [ 11.355867241609964, 44.482494718866377 ], [ 11.355783010862456, 44.482542730519555 ], [ 11.355615806652519, 44.482621892834551 ], [ 11.355450618557157, 44.48270241770863 ], [ 11.355395004805924, 44.482731608324912 ], [ 11.355370463873653, 44.4827545491639 ], [ 11.355355429034613, 44.482770289835337 ], [ 11.355355075513621, 44.482788059256272 ], [ 11.35543017907152, 44.48292437539628 ], [ 11.355787376046264, 44.483623654394393 ], [ 11.355829900257229, 44.483706906085658 ], [ 11.355948427745908, 44.483918145571558 ], [ 11.356145837025029, 44.484329117897452 ], [ 11.35615105651242, 44.48440813398468 ], [ 11.356087308011436, 44.484403670081008 ], [ 11.356025582310307, 44.484406654553005 ], [ 11.355954699796285, 44.484418335427918 ], [ 11.355862705500105, 44.484437257921144 ], [ 11.355754405184634, 44.484465033299848 ], [ 11.354117050455587, 44.484662325310019 ], [ 11.353281172564866, 44.484776148866516 ] ] ] ] } },
{ "type": "Feature", "properties": { "codice_area_statistica": 27, "area_statistica": "LAZZARETTO", "cod_quar": 12, "quartiere": "Navile", "cod_zona": "I", "zona": "Lame" }, "geometry": { "type": "MultiPolygon", "coordinates": [ [ [ [ 11.303487355753321, 44.515168235404168 ], [ 11.30360290558996, 44.51540517637207 ], [ 11.303935114554298, 44.515321083421235 ], [ 11.304241523277428, 44.515241555024929 ], [ 11.304874876045638, 44.51507717474221 ], [ 11.305709924628987, 44.51486042749805 ], [ 11.306389492903863, 44.514636687698079 ], [ 11.306975571245443, 44.514447656584274 ], [ 11.306988754064555, 44.514451405311689 ], [ 11.307433343120449, 44.514313935022869 ], [ 11.307425205761808, 44.514324136613006 ], [ 11.307448356833373, 44.514317147946926 ], [ 11.30727407965612, 44.514536489868476 ], [ 11.307234267366358, 44.514589411273548 ], [ 11.307150657229109, 44.514719109457864 ], [ 11.307069388233984, 44.514864871248527 ], [ 11.306988232340968, 44.515026321257174 ], [ 11.306883944106069, 44.515260387001518 ], [ 11.306802883147817, 44.515467172748352 ], [ 11.30676011372228, 44.515578987273848 ], [ 11.306712307472734, 44.515699688882869 ], [ 11.306685578857644, 44.515808069131985 ], [ 11.306671267707872, 44.515875517413093 ], [ 11.306640660018372, 44.516019726722412 ], [ 11.306631393078254, 44.516060686567762 ], [ 11.306610569744992, 44.516154733951865 ], [ 11.306588702152395, 44.516254203967009 ], [ 11.306569917671135, 44.516342529529091 ], [ 11.306545143104248, 44.516467175412025 ], [ 11.30652213277742, 44.516578821954788 ], [ 11.306509281690751, 44.516661274981381 ], [ 11.306496891491758, 44.516749030203236 ], [ 11.306482067473134, 44.516886699772762 ], [ 11.306477535578217, 44.516953590327319 ], [ 11.306472649906718, 44.517078464508131 ], [ 11.306475604728536, 44.517166080726241 ], [ 11.306481543730046, 44.517252475317989 ], [ 11.306490024365861, 44.517346200652575 ], [ 11.306504168307667, 44.517443142504163 ], [ 11.306528569255525, 44.51756723588111 ], [ 11.306543517749644, 44.517633552770889 ], [ 11.306558369774676, 44.517691049100414 ], [ 11.306582834276082, 44.517772117952887 ], [ 11.306606915376438, 44.517843471783664 ], [ 11.306629807188186, 44.517907008411868 ], [ 11.306642801388893, 44.517942936129224 ], [ 11.30671878765642, 44.518111549036867 ], [ 11.306777331046867, 44.518223969306085 ], [ 11.306858352824316, 44.51836043125472 ], [ 11.306936898729463, 44.518479109112299 ], [ 11.307015672646147, 44.518587618418863 ], [ 11.307091261067265, 44.518679177216853 ], [ 11.307187222990539, 44.518789580662066 ], [ 11.307309388282231, 44.518913507390202 ], [ 11.307346834463452, 44.518950462222648 ], [ 11.307411506676067, 44.519010912551018 ], [ 11.307519603906384, 44.519106765356 ], [ 11.30760061095776, 44.51917299811663 ], [ 11.307750332355178, 44.51928412384504 ], [ 11.307887935656121, 44.519378650588635 ], [ 11.308007818517336, 44.519454278977399 ], [ 11.308140104900438, 44.519531727034583 ], [ 11.308250306555038, 44.519591607389458 ], [ 11.308397965930119, 44.519666403631163 ], [ 11.308504239327453, 44.519716019239446 ], [ 11.308670303097298, 44.519788453374268 ], [ 11.308795590617338, 44.519838404368272 ], [ 11.308895145473388, 44.519874012480756 ], [ 11.309003073644439, 44.519911350677852 ], [ 11.309187799771738, 44.519968831433864 ], [ 11.309362232211928, 44.520017688627739 ], [ 11.309591468897665, 44.520071117367628 ], [ 11.309737429216741, 44.520099673113322 ], [ 11.309894579339266, 44.520127993245616 ], [ 11.310067396504136, 44.520154744762628 ], [ 11.310162980426142, 44.520166584356566 ], [ 11.310233580394334, 44.520173167859916 ], [ 11.310316719831267, 44.520181829200709 ], [ 11.31040926455001, 44.520189678947794 ], [ 11.310462569563549, 44.520191660942551 ], [ 11.310543048957721, 44.520196693912453 ], [ 11.310698592013599, 44.520205041788294 ], [ 11.310795493477434, 44.520203737460726 ], [ 11.310952348522827, 44.520202623755281 ], [ 11.311080324543116, 44.520199582789054 ], [ 11.311161004478144, 44.520196959091685 ], [ 11.311236674166521, 44.520191736011832 ], [ 11.311350207731659, 44.520183045467412 ], [ 11.311466558333997, 44.520172407232387 ], [ 11.311619606405351, 44.520154264842297 ], [ 11.311668842216076, 44.520149126631161 ], [ 11.311745229129702, 44.520138181070386 ], [ 11.311841521850495, 44.520124356626262 ], [ 11.31202529472869, 44.520094374267657 ], [ 11.312273324518918, 44.520050279424964 ], [ 11.312440561897173, 44.520015823970702 ], [ 11.312622536653709, 44.519981438815179 ], [ 11.312783229664319, 44.519949825207995 ], [ 11.313111726432073, 44.519885372922182 ], [ 11.313235106676327, 44.51986161775941 ], [ 11.313374618347751, 44.519832143024409 ], [ 11.313555922211934, 44.519797049770723 ], [ 11.313968325012658, 44.519715860197735 ], [ 11.314234057846015, 44.519664821369773 ], [ 11.314404538085505, 44.519632556933551 ], [ 11.314537940267909, 44.51960770591856 ], [ 11.314771810958154, 44.519568394001482 ], [ 11.314879365799198, 44.519552078980958 ], [ 11.315100369139515, 44.519521480719781 ], [ 11.315278186675197, 44.519502930106995 ], [ 11.315455031959216, 44.519491600981461 ], [ 11.315622546407965, 44.51948010075688 ], [ 11.315717199323956, 44.519474480623131 ], [ 11.315845108161104, 44.519472966107358 ], [ 11.315921393369278, 44.519470608249463 ], [ 11.316069292097882, 44.519471838825098 ], [ 11.31631648290368, 44.519480048049481 ], [ 11.316442104444159, 44.519487491804952 ], [ 11.31658049501802, 44.51949962769919 ], [ 11.316681178645725, 44.519509647853731 ], [ 11.316764842567801, 44.519518843005571 ], [ 11.316867993209019, 44.519530784486122 ], [ 11.31696224247449, 44.519543545724957 ], [ 11.317046404943662, 44.519555791419627 ], [ 11.317149149387209, 44.519576842472944 ], [ 11.317266663119247, 44.519598763956999 ], [ 11.317421629610022, 44.519632249498521 ], [ 11.317512999928605, 44.519651730616943 ], [ 11.317603237889891, 44.519674385545677 ], [ 11.317729851864742, 44.5197068348333 ], [ 11.317907162348691, 44.519754810288212 ], [ 11.318038739924541, 44.519791839773511 ], [ 11.318322021852049, 44.519875563396759 ], [ 11.318590240669982, 44.519959871343666 ], [ 11.318875083181574, 44.520050853960747 ], [ 11.319193160704369, 44.520155204635785 ], [ 11.319485873800323, 44.520254218144011 ], [ 11.319851195455572, 44.520381823883092 ], [ 11.320036685258021, 44.520448724211576 ], [ 11.320389110047072, 44.520581361687668 ], [ 11.320713519502728, 44.520708445883692 ], [ 11.320978787135607, 44.52081647590316 ], [ 11.321351006926225, 44.520971844479014 ], [ 11.321665627262663, 44.521109288901599 ], [ 11.321656539023069, 44.521143413359042 ], [ 11.32168036154561, 44.521153920968814 ], [ 11.321897691946893, 44.521252489832719 ], [ 11.322167853366814, 44.521379052814751 ], [ 11.322417889798409, 44.521496301837217 ], [ 11.322661338262421, 44.521618734784376 ], [ 11.322880109663204, 44.521731307423522 ], [ 11.323079878136618, 44.52183463363243 ], [ 11.32326953004025, 44.521936373876542 ], [ 11.323320674900774, 44.521963726999239 ], [ 11.323451585108732, 44.522033758150123 ], [ 11.323636266710247, 44.522133888460161 ], [ 11.323826457865547, 44.522242809832861 ], [ 11.323964094700221, 44.522321210866551 ], [ 11.324216278403664, 44.522470101183842 ], [ 11.324559032974932, 44.522681424837437 ], [ 11.325036138362952, 44.522986779514113 ], [ 11.325304083248463, 44.523167935613003 ], [ 11.325610597160365, 44.523385395825336 ], [ 11.32581747031176, 44.523540166066631 ], [ 11.326021365520731, 44.523699128777373 ], [ 11.326207005263363, 44.52385468205982 ], [ 11.326431429235857, 44.52405193664567 ], [ 11.326622662417396, 44.524230970923576 ], [ 11.326819988835153, 44.524414462971137 ], [ 11.327010172578536, 44.524582885971441 ], [ 11.32729842320221, 44.524818538929075 ], [ 11.327477458096871, 44.524953428887692 ], [ 11.327651235217255, 44.525082673144659 ], [ 11.327786377387564, 44.525183437701841 ], [ 11.327968266133171, 44.525328306523853 ], [ 11.328026252910647, 44.525297955712311 ], [ 11.327947504997651, 44.525221320541668 ], [ 11.327453454793833, 44.524761875976594 ], [ 11.327228442379662, 44.524542741230604 ], [ 11.32699081929656, 44.524298250853533 ], [ 11.326595611141355, 44.523898653082306 ], [ 11.326425844587288, 44.523704065986202 ], [ 11.32639966513028, 44.523673918834611 ], [ 11.326190706902755, 44.523423215977658 ], [ 11.326013827196247, 44.523205717676177 ], [ 11.325818691138531, 44.522953796207638 ], [ 11.325650432468642, 44.522725507669776 ], [ 11.325489054639711, 44.52249680862456 ], [ 11.325305287326351, 44.522217088839277 ], [ 11.325164667890254, 44.521996428861769 ], [ 11.324976568177048, 44.521676690406565 ], [ 11.324970980209002, 44.521667180490809 ], [ 11.324871733913273, 44.521490384141522 ], [ 11.324683002319347, 44.5211230525532 ], [ 11.324547401773046, 44.520850344843971 ], [ 11.324449720493773, 44.520636272677258 ], [ 11.324370357213724, 44.520455316927837 ], [ 11.324277639876598, 44.520239784139818 ], [ 11.324218610682777, 44.520083153264267 ], [ 11.324140267348978, 44.519870541600646 ], [ 11.324061250538987, 44.519659014891367 ], [ 11.324012830339081, 44.519511566570856 ], [ 11.323987969413338, 44.519440142300084 ], [ 11.323955907650978, 44.519328767244467 ], [ 11.323910122112558, 44.519148838035981 ], [ 11.323874237205265, 44.519034975055128 ], [ 11.323842792643653, 44.518921705862233 ], [ 11.323815413989159, 44.518777151035032 ], [ 11.323777280416994, 44.518611794166787 ], [ 11.32373421669112, 44.518395862258402 ], [ 11.323719317125628, 44.518321147264096 ], [ 11.323677225975681, 44.518083463357719 ], [ 11.323675440645154, 44.518073056734956 ], [ 11.323658372014739, 44.518002329001263 ], [ 11.323604297169622, 44.517698369104203 ], [ 11.323544295961526, 44.517388381050075 ], [ 11.323490210709254, 44.517068936884584 ], [ 11.323441940613733, 44.516794783217549 ], [ 11.323388420946744, 44.516489533499403 ], [ 11.323335999898571, 44.516197027009547 ], [ 11.32329031944766, 44.515931003861425 ], [ 11.323256095806281, 44.515735408599397 ], [ 11.323214314177866, 44.515485465646805 ], [ 11.323182386053398, 44.515307720719782 ], [ 11.323144523581272, 44.515099694905693 ], [ 11.32311368843286, 44.514922845966957 ], [ 11.323094607233731, 44.514776438540487 ], [ 11.323074966938997, 44.514633688522316 ], [ 11.323061837309242, 44.514483802011917 ], [ 11.323058501273362, 44.51441981668372 ], [ 11.32305308225923, 44.514320520688507 ], [ 11.323045276455044, 44.514164025979156 ], [ 11.323044646877957, 44.514029486515867 ], [ 11.323045840761155, 44.51395095088531 ], [ 11.323046676360571, 44.513895054983784 ], [ 11.323054754237926, 44.513774148245901 ], [ 11.323057490411092, 44.513745176337068 ], [ 11.323066097662787, 44.513654048298896 ], [ 11.32308381353103, 44.513521125054602 ], [ 11.323100349968875, 44.513400946427033 ], [ 11.323111817958756, 44.513335894600289 ], [ 11.323127496833044, 44.513247953587168 ], [ 11.323149891306381, 44.513136199162993 ], [ 11.323184685057948, 44.512990423779812 ], [ 11.323220543330903, 44.512856240023908 ], [ 11.323254967259205, 44.512735985402742 ], [ 11.323302508618195, 44.512581740198357 ], [ 11.323358738954163, 44.512433709945221 ], [ 11.323417824898321, 44.512295488349359 ], [ 11.323465430747884, 44.51218276157752 ], [ 11.323530763847645, 44.512043773582789 ], [ 11.323611508201338, 44.511881668357525 ], [ 11.323687438801036, 44.511744697189634 ], [ 11.323771023124475, 44.511607210063424 ], [ 11.323861245610376, 44.511463601033448 ], [ 11.323944836728577, 44.511338645206159 ], [ 11.324050317385064, 44.511188657665954 ], [ 11.324130077132871, 44.511083486315265 ], [ 11.324235301845182, 44.51095113083209 ], [ 11.324329844269217, 44.510835215378542 ], [ 11.324419722584256, 44.510732367512873 ], [ 11.324496638620113, 44.510649679193989 ], [ 11.324607128140361, 44.510533645835793 ], [ 11.324724105099516, 44.510415931812162 ], [ 11.324840228819031, 44.51031062257421 ], [ 11.324981004647073, 44.510182700825965 ], [ 11.325126228283239, 44.510063186729795 ], [ 11.325277855522669, 44.509941471417562 ], [ 11.325462420850466, 44.509804941883196 ], [ 11.325660560017559, 44.509659240972709 ], [ 11.325857844496921, 44.50952907755449 ], [ 11.326048022268168, 44.509400553028804 ], [ 11.326258688625941, 44.509268117667744 ], [ 11.326652009399275, 44.5091412589002 ], [ 11.326752806290566, 44.509088159885067 ], [ 11.32682309090429, 44.509049186574195 ], [ 11.327171953972892, 44.508882009438381 ], [ 11.327387525822097, 44.50879200010872 ], [ 11.327918689749694, 44.508580862278968 ], [ 11.328109495812798, 44.508507471220206 ], [ 11.32831573187203, 44.508435826715711 ], [ 11.328525717091246, 44.508366725109177 ], [ 11.329037364133661, 44.508220087454767 ], [ 11.329094892254567, 44.508203600346384 ], [ 11.329353541959208, 44.508140616324056 ], [ 11.329506790625896, 44.508103180331567 ], [ 11.329616189709173, 44.508079791763407 ], [ 11.329701939707816, 44.508091185518822 ], [ 11.329797129609963, 44.508118474137326 ], [ 11.329988086811563, 44.507775008802106 ], [ 11.329882892189076, 44.507789606430705 ], [ 11.329443502907619, 44.507850428337328 ], [ 11.329095361062596, 44.507903094057156 ], [ 11.328918437969653, 44.507930470488567 ], [ 11.328758705266276, 44.507959566550198 ], [ 11.328607033472743, 44.507989218160368 ], [ 11.328386966585381, 44.508038899956126 ], [ 11.328234501650135, 44.508076759585535 ], [ 11.328092637100449, 44.508115762211233 ], [ 11.327902288319773, 44.508172489168736 ], [ 11.327598232583103, 44.508270515472226 ], [ 11.327254675762548, 44.508387891570202 ], [ 11.32703001361668, 44.508468210142524 ], [ 11.32688736766478, 44.508515122448685 ], [ 11.326603244829512, 44.508614630326008 ], [ 11.326374345308478, 44.508695367063275 ], [ 11.326190036608773, 44.508758539941823 ], [ 11.325978482310978, 44.50883226052688 ], [ 11.325808356361993, 44.508891452749097 ], [ 11.325559248184643, 44.508976569716737 ], [ 11.325352778657217, 44.509045324165555 ], [ 11.325192967373395, 44.509098183609254 ], [ 11.324965924942799, 44.509175098611102 ], [ 11.324740122909589, 44.509251267694459 ], [ 11.324595015509734, 44.509297435031634 ], [ 11.32440932063899, 44.509357482358205 ], [ 11.324198233858317, 44.509424087092164 ], [ 11.323995200860832, 44.509487907725941 ], [ 11.32378317732403, 44.50955344145126 ], [ 11.323558088231136, 44.50962230159972 ], [ 11.323336477213923, 44.509690370310196 ], [ 11.323138562742594, 44.509752923910689 ], [ 11.32292466234542, 44.509818764311348 ], [ 11.322722219302458, 44.509881670415126 ], [ 11.322519368369536, 44.509943504149994 ], [ 11.322313436782292, 44.510007290734606 ], [ 11.322182588909508, 44.510048303521273 ], [ 11.321993282093612, 44.510105908670326 ], [ 11.321853396427329, 44.510150615916189 ], [ 11.321663709603014, 44.510208489321357 ], [ 11.321457199423572, 44.510273276408185 ], [ 11.321233522005294, 44.510340122692071 ], [ 11.320962945483361, 44.510417194735247 ], [ 11.320756794783497, 44.51047523032193 ], [ 11.32055579266158, 44.510530181024741 ], [ 11.320348382553307, 44.510585351650633 ], [ 11.320123790263562, 44.510644742222873 ], [ 11.319907881054641, 44.510701345146003 ], [ 11.319656640570054, 44.510764526281577 ], [ 11.31944033902702, 44.510820776188837 ], [ 11.31915390125938, 44.510894565186689 ], [ 11.318939536997947, 44.510948614170033 ], [ 11.318695242206967, 44.511012822424256 ], [ 11.318470018753528, 44.51106907166011 ], [ 11.318292446907559, 44.511115350165689 ], [ 11.318142990097911, 44.511150434435272 ], [ 11.317746540213273, 44.511251219931125 ], [ 11.317558090983457, 44.511299248578901 ], [ 11.317044758333349, 44.511431743888238 ], [ 11.316702369402915, 44.511519274974312 ], [ 11.316309796799507, 44.511619607680338 ], [ 11.316002551344516, 44.511698402275194 ], [ 11.31560212613398, 44.511800971452722 ], [ 11.315212807447088, 44.51190096429842 ], [ 11.314862080671396, 44.511990630521524 ], [ 11.314483380355252, 44.512085913272387 ], [ 11.314150229737491, 44.512174680792498 ], [ 11.31377204372443, 44.512270301854066 ], [ 11.313382973899088, 44.512370382433971 ], [ 11.312980047773936, 44.512473254156568 ], [ 11.312564179621441, 44.512580086691898 ], [ 11.312042784983754, 44.512712902847156 ], [ 11.311624120645918, 44.512818789301065 ], [ 11.311341021597062, 44.512891599802643 ], [ 11.311062606488802, 44.512963882651498 ], [ 11.310681557953968, 44.513061504967595 ], [ 11.310233672784264, 44.513176269151579 ], [ 11.309866862136854, 44.513270026582191 ], [ 11.309454127027299, 44.51337651429791 ], [ 11.309094543003873, 44.513468862682558 ], [ 11.308693246188447, 44.513571956371301 ], [ 11.308259962322897, 44.513683896780378 ], [ 11.307900705359394, 44.513775064452325 ], [ 11.307531167330771, 44.513870039840093 ], [ 11.307151726764262, 44.51396630347822 ], [ 11.306747340271658, 44.514070983196589 ], [ 11.306693034984905, 44.514084954207469 ], [ 11.306240416631088, 44.514201328778462 ], [ 11.30587557385997, 44.514294583480179 ], [ 11.305481827673336, 44.51439481257421 ], [ 11.305054926588699, 44.514503010867529 ], [ 11.304554183014904, 44.514627543542986 ], [ 11.304178339123515, 44.514722734391704 ], [ 11.303760654405323, 44.514828662215947 ], [ 11.303359194181425, 44.514935107381618 ], [ 11.303468271373744, 44.515163768118747 ], [ 11.303472339865934, 44.51517209059071 ], [ 11.303487355753321, 44.515168235404168 ] ] ] ] } },
{ "type": "Feature", "properties": { "codice_area_statistica": 36, "area_statistica": "VILLAGGIO DELLA BARCA", "cod_quar": 11, "quartiere": "Borgo Panigale - Reno", "cod_zona": "A", "zona": "Barca" }, "geometry": { "type": "MultiPolygon", "coordinates": [ [ [ [ 11.288218384005429, 44.487938321750967 ], [ 11.288170494992642, 44.487991464319641 ], [ 11.288254605527205, 44.488143719222506 ], [ 11.288231288608964, 44.488141264776907 ], [ 11.28823962001778, 44.488156426985483 ], [ 11.288158321806005, 44.488147928627633 ], [ 11.287872273547091, 44.488169425358102 ], [ 11.287536024700669, 44.488213857658515 ], [ 11.287435550153148, 44.488237261149187 ], [ 11.287201293252551, 44.488256584082158 ], [ 11.286903962487433, 44.488270985321435 ], [ 11.28674813566046, 44.488285927299579 ], [ 11.28654144896338, 44.488306947248773 ], [ 11.286165444987475, 44.488339802216075 ], [ 11.286080941695328, 44.48834937176256 ], [ 11.286030148618417, 44.488336885020999 ], [ 11.286010266107324, 44.488327245273993 ], [ 11.28598447376709, 44.488314735004359 ], [ 11.285864371432723, 44.488173866519702 ], [ 11.28585244692853, 44.48818809331943 ], [ 11.285832577099404, 44.488211797115675 ], [ 11.285755842781198, 44.488302497758497 ], [ 11.284673513536116, 44.48958445425049 ], [ 11.284494580854391, 44.489611666982306 ], [ 11.284373076098685, 44.48962029223852 ], [ 11.284270905377618, 44.489620644219514 ], [ 11.283612340500303, 44.489623701200408 ], [ 11.283590799413277, 44.489627310025568 ], [ 11.283474896857719, 44.489646715402316 ], [ 11.283310715439228, 44.489689385754197 ], [ 11.28300548476612, 44.489803521578693 ], [ 11.282977459216037, 44.489760860579963 ], [ 11.282781519674501, 44.48946253469051 ], [ 11.282468993898485, 44.489188586907034 ], [ 11.282358885215807, 44.489126653861433 ], [ 11.282237508195831, 44.489057626873489 ], [ 11.281764960907452, 44.488791944647751 ], [ 11.281506226037921, 44.488647456706772 ], [ 11.281439278731439, 44.488699929435889 ], [ 11.281140908114249, 44.488933828805806 ], [ 11.281050838481363, 44.48900258991214 ], [ 11.281030462863059, 44.489018346479916 ], [ 11.280944015306003, 44.48908518059141 ], [ 11.28024352093513, 44.489625268669904 ], [ 11.279059648586479, 44.490569974643883 ], [ 11.278594186563707, 44.490950065232248 ], [ 11.278576959954339, 44.490971790243307 ], [ 11.278449052908, 44.491199399104019 ], [ 11.278418184491057, 44.491201860729937 ], [ 11.278409235520716, 44.491217829892427 ], [ 11.27816536465388, 44.491652985013609 ], [ 11.276868278747633, 44.492775819979933 ], [ 11.276359561438564, 44.493206107283413 ], [ 11.276342342394473, 44.493333090128267 ], [ 11.275989178089699, 44.495938270912049 ], [ 11.275963536000312, 44.496127449428812 ], [ 11.27616649748485, 44.49646234129473 ], [ 11.276302482381675, 44.496705121441678 ], [ 11.276330005201279, 44.496749765629865 ], [ 11.276732082392284, 44.497401250026215 ], [ 11.276817471536091, 44.497490302099266 ], [ 11.276959420147177, 44.497638336275585 ], [ 11.27703572855888, 44.497692180130798 ], [ 11.277218027942116, 44.497770728373297 ], [ 11.277448965612244, 44.497873756308394 ], [ 11.277562238947135, 44.497924278604899 ], [ 11.278032897021252, 44.498110954824433 ], [ 11.2790565760268, 44.498483728439162 ], [ 11.279938202793078, 44.498819637584042 ], [ 11.280174447036565, 44.498936264932354 ], [ 11.28049789099067, 44.499095892694335 ], [ 11.280915491505155, 44.499303665640021 ], [ 11.281358625790162, 44.499521009667824 ], [ 11.281382789497123, 44.49953616425735 ], [ 11.281654453261629, 44.499679988683461 ], [ 11.282234288379263, 44.499986972484059 ], [ 11.282678233123983, 44.500203872030021 ], [ 11.283210109588437, 44.500463024808901 ], [ 11.283628585584525, 44.50065567291994 ], [ 11.283873026840446, 44.50076600683029 ], [ 11.284099839568469, 44.500856536152561 ], [ 11.284468396524996, 44.501001566013421 ], [ 11.284754785754245, 44.501119791071758 ], [ 11.284992950851171, 44.501220705445874 ], [ 11.285110753215776, 44.501273803321638 ], [ 11.285389411914561, 44.501419459347609 ], [ 11.28568863625334, 44.501583068183102 ], [ 11.285844331115081, 44.501717321081472 ], [ 11.28617735507309, 44.50199215390866 ], [ 11.286597351561419, 44.502335724892525 ], [ 11.28713048933054, 44.502777955494935 ], [ 11.287231678301284, 44.502861893756574 ], [ 11.287583537107134, 44.503154800332666 ], [ 11.28794160958366, 44.503455314487638 ], [ 11.288077111736653, 44.503565130882237 ], [ 11.288257108285578, 44.503709336339234 ], [ 11.288523951290978, 44.503944707112119 ], [ 11.288707516218839, 44.504102884333733 ], [ 11.289009376983715, 44.504358617912217 ], [ 11.289365485104437, 44.504659986154543 ], [ 11.289804455453911, 44.505024500752427 ], [ 11.28991835942222, 44.505119074668791 ], [ 11.289940294739745, 44.505137278990084 ], [ 11.290540474343626, 44.504957294892087 ], [ 11.291018018729456, 44.504814779910767 ], [ 11.291394302246399, 44.504701375283055 ], [ 11.291587265246683, 44.504642361086908 ], [ 11.291482178818175, 44.504462114359747 ], [ 11.291327739480165, 44.504189339371869 ], [ 11.291195211951132, 44.50395499751054 ], [ 11.291109032327574, 44.503777566859526 ], [ 11.291050950210716, 44.50362470743876 ], [ 11.290995653635504, 44.503432171732939 ], [ 11.290962475474888, 44.503205369419689 ], [ 11.290976638693344, 44.502511580473289 ], [ 11.290984656407243, 44.502045554043825 ], [ 11.290991491888242, 44.501793344602618 ], [ 11.291005928284706, 44.501259985034686 ], [ 11.291001776272855, 44.501154017949354 ], [ 11.290988587560257, 44.501069433299541 ], [ 11.290972577721975, 44.500976091735865 ], [ 11.290965231668624, 44.50094463109636 ], [ 11.290915173420654, 44.500796138810074 ], [ 11.290902866062286, 44.500739822572143 ], [ 11.290889616308609, 44.500659452339086 ], [ 11.290774565953832, 44.500463506241644 ], [ 11.290530966578341, 44.500038115839764 ], [ 11.290213970577051, 44.499459118889803 ], [ 11.290049532631544, 44.499149893025738 ], [ 11.289927395483165, 44.498861478600375 ], [ 11.289873362191436, 44.498696158690414 ], [ 11.28980145298995, 44.498476173513218 ], [ 11.289667404801198, 44.497988212306986 ], [ 11.289483831825276, 44.497344905245875 ], [ 11.289348648275778, 44.496944750581505 ], [ 11.289143480517039, 44.496529443364423 ], [ 11.289022698657051, 44.496253856370046 ], [ 11.289005990023396, 44.496197169008063 ], [ 11.288983433683915, 44.496075915297389 ], [ 11.288944957769433, 44.496014857001946 ], [ 11.288877861756811, 44.495934377789204 ], [ 11.28882580693363, 44.495849986924576 ], [ 11.288489903077465, 44.49516377393968 ], [ 11.288104119271178, 44.494374867827801 ], [ 11.288046249780873, 44.494253340409699 ], [ 11.288006123128362, 44.49415774491424 ], [ 11.287959842693903, 44.49403215907035 ], [ 11.287908528871929, 44.493874354779052 ], [ 11.287822661105738, 44.493499092150522 ], [ 11.287807037791614, 44.493322513318624 ], [ 11.287807794530634, 44.493220318726692 ], [ 11.287839845547543, 44.493066407247902 ], [ 11.287890099555932, 44.492891695053906 ], [ 11.288007691242973, 44.49261344478829 ], [ 11.28814859378196, 44.492637241306035 ], [ 11.288295407972864, 44.492638862795623 ], [ 11.288417064218619, 44.492630428379783 ], [ 11.289077420323737, 44.492403944361627 ], [ 11.289165065621598, 44.492361081017044 ], [ 11.289228781408097, 44.492334731094438 ], [ 11.289426859376402, 44.491996726545246 ], [ 11.289448174887855, 44.491960351699802 ], [ 11.289484746310013, 44.49189795047274 ], [ 11.289682468688431, 44.49156057377057 ], [ 11.289414357710848, 44.491041441859167 ], [ 11.289357965305644, 44.490932245987167 ], [ 11.289278599845016, 44.490860763525703 ], [ 11.289206677683824, 44.490816535647994 ], [ 11.288983103900057, 44.4907340447145 ], [ 11.289441327782553, 44.489912452552481 ], [ 11.289526157926408, 44.489752782664219 ], [ 11.289704557231245, 44.489478415431734 ], [ 11.289844205711054, 44.489287550080455 ], [ 11.289934770721617, 44.489185435482405 ], [ 11.290050773483708, 44.489061051239261 ], [ 11.290061636132577, 44.489049400028549 ], [ 11.290200397884099, 44.488901791498016 ], [ 11.290214893316266, 44.48888624128778 ], [ 11.290072523422506, 44.488857840401948 ], [ 11.289762222693234, 44.488781925136806 ], [ 11.289473662730314, 44.488719067901243 ], [ 11.289272990725312, 44.488673019847575 ], [ 11.28922716238711, 44.488656626870508 ], [ 11.289125519093236, 44.48862027803122 ], [ 11.289103175749716, 44.4886117234689 ], [ 11.288949914491448, 44.488551787409392 ], [ 11.288828069308984, 44.488491212257919 ], [ 11.288727348530347, 44.488427962805716 ], [ 11.288632635009888, 44.488357849883059 ], [ 11.288520466452901, 44.4882633206552 ], [ 11.288363665462828, 44.488092605758865 ], [ 11.288257055456238, 44.487979401481645 ], [ 11.288219040311049, 44.487938675515721 ], [ 11.288218384005429, 44.487938321750967 ] ] ] ] } },
{ "type": "Feature", "properties": { "codice_area_statistica": 38, "area_statistica": "CANALE DI RENO", "cod_quar": 11, "quartiere": "Borgo Panigale - Reno", "cod_zona": "A", "zona": "Barca" }, "geometry": { "type": "MultiPolygon", "coordinates": [ [ [ [ 11.295034936419494, 44.48784982415085 ], [ 11.295025817796551, 44.487893813219799 ], [ 11.294967012106396, 44.488228556130537 ], [ 11.294877301625156, 44.488669493740801 ], [ 11.294867078722111, 44.488720571130173 ], [ 11.294857821470901, 44.48876590525439 ], [ 11.294846105542426, 44.488823421604351 ], [ 11.29475046836686, 44.489312215390733 ], [ 11.294696510650137, 44.489598577914741 ], [ 11.294641368380427, 44.489795702568685 ], [ 11.294634897870019, 44.489794397255963 ], [ 11.294633754845529, 44.489799205472877 ], [ 11.294632801542448, 44.489799269647975 ], [ 11.294624561114922, 44.489799840403244 ], [ 11.294599262469784, 44.489801582275952 ], [ 11.293945456889952, 44.489665630186849 ], [ 11.293657888401642, 44.489608399256824 ], [ 11.293311768215435, 44.489541648784886 ], [ 11.292932688097425, 44.489461803325256 ], [ 11.292700297646583, 44.489413310508198 ], [ 11.292550151035789, 44.489381972012126 ], [ 11.292273448755957, 44.489321143391329 ], [ 11.292152040669297, 44.489292072116427 ], [ 11.292150796806196, 44.489291782001025 ], [ 11.291968766700462, 44.489248497290561 ], [ 11.291557893094225, 44.48915378310658 ], [ 11.291205110659247, 44.489077032045657 ], [ 11.290843058507901, 44.489004409050075 ], [ 11.290468616799922, 44.48893653479 ], [ 11.290280082926017, 44.488899247566629 ], [ 11.290214893316266, 44.48888624128778 ], [ 11.290200397884099, 44.488901791498016 ], [ 11.290061636132577, 44.489049400028549 ], [ 11.290050773483708, 44.489061051239261 ], [ 11.289934770721617, 44.489185435482405 ], [ 11.289844205711054, 44.489287550080455 ], [ 11.289704557231245, 44.489478415431734 ], [ 11.289526157926408, 44.489752782664219 ], [ 11.289441327782553, 44.489912452552481 ], [ 11.288983103900057, 44.4907340447145 ], [ 11.289206677683824, 44.490816535647994 ], [ 11.289278599845016, 44.490860763525703 ], [ 11.289357965305644, 44.490932245987167 ], [ 11.289414357710848, 44.491041441859167 ], [ 11.289682468688431, 44.49156057377057 ], [ 11.289484746310013, 44.49189795047274 ], [ 11.289448174887855, 44.491960351699802 ], [ 11.289592154638463, 44.4919975616058 ], [ 11.289970511621586, 44.492104566455708 ], [ 11.290249394725695, 44.492180661288501 ], [ 11.290619855704687, 44.492284455421121 ], [ 11.290932925270345, 44.492371791038892 ], [ 11.291172385482135, 44.492438996966257 ], [ 11.291487040615902, 44.492528558887329 ], [ 11.291800109177078, 44.49261580211337 ], [ 11.292002472885496, 44.49267348807863 ], [ 11.292113854074985, 44.492707442168609 ], [ 11.292250380836261, 44.492750794084223 ], [ 11.292398529848905, 44.492802185830669 ], [ 11.292495783182336, 44.492835072860863 ], [ 11.292599276836746, 44.492871858642914 ], [ 11.292694321316988, 44.492907427623138 ], [ 11.292777267715108, 44.492937891968573 ], [ 11.292864366589646, 44.492971612811743 ], [ 11.292990012819384, 44.493022924606521 ], [ 11.293140078811218, 44.493084359784596 ], [ 11.293267165667487, 44.493140323681828 ], [ 11.29336590735123, 44.493182272686298 ], [ 11.293449777163088, 44.493220550244729 ], [ 11.293532456173534, 44.49326021105712 ], [ 11.293610466382866, 44.493296274551355 ], [ 11.293691249906587, 44.49333570325399 ], [ 11.293848418313113, 44.493414639870004 ], [ 11.293929263475706, 44.493458838538089 ], [ 11.29403122968705, 44.493512425537077 ], [ 11.294119745814918, 44.493559791873345 ], [ 11.294221219443189, 44.493620050518082 ], [ 11.294307073720539, 44.493670089957661 ], [ 11.294387920943244, 44.493717529189823 ], [ 11.294456093172858, 44.493759272409839 ], [ 11.29454976365219, 44.493816176586471 ], [ 11.294630494034068, 44.493867038978422 ], [ 11.294706273442126, 44.49391673146917 ], [ 11.294785633642054, 44.493971132303372 ], [ 11.29486327196172, 44.494023317048743 ], [ 11.295035901922599, 44.494147134200659 ], [ 11.29510388340692, 44.494196812147088 ], [ 11.29520342457803, 44.494271873010696 ], [ 11.295285754314852, 44.494337818127249 ], [ 11.295368122005113, 44.49440152077549 ], [ 11.295432712222656, 44.494454507644996 ], [ 11.29545134068902, 44.494470877883529 ], [ 11.295520469530684, 44.494520928621583 ], [ 11.295570023585912, 44.494568951251892 ], [ 11.295797990489605, 44.494759533979668 ], [ 11.296111637651974, 44.495021223872691 ], [ 11.296419117315011, 44.495279525949542 ], [ 11.296718725398543, 44.495526282189545 ], [ 11.296906619266233, 44.495689130689655 ], [ 11.297124435053183, 44.495870822361141 ], [ 11.297263181852649, 44.495986414354427 ], [ 11.297401971255866, 44.49610307662703 ], [ 11.29750023819788, 44.496187163691403 ], [ 11.297633613882077, 44.496298226993609 ], [ 11.298423927697712, 44.496954639703169 ], [ 11.298498754864147, 44.497011919993135 ], [ 11.298551160325577, 44.497052366734906 ], [ 11.298625865242393, 44.497109730425208 ], [ 11.298703633001047, 44.497168211729836 ], [ 11.298787445894545, 44.497230082257111 ], [ 11.298857901491973, 44.497278528777116 ], [ 11.298946372035578, 44.497340485442791 ], [ 11.299014238701027, 44.497383861531418 ], [ 11.299138588505381, 44.497465801407074 ], [ 11.299204674322672, 44.497508664090489 ], [ 11.299282682546455, 44.497557237308605 ], [ 11.299363924940421, 44.497608086001527 ], [ 11.299443648892446, 44.497652303308854 ], [ 11.299505409071948, 44.49768751072434 ], [ 11.299645337878948, 44.497768956173424 ], [ 11.29987299084349, 44.497887246211469 ], [ 11.300149085616416, 44.498034358294639 ], [ 11.300651597502686, 44.498299882111873 ], [ 11.301026293471532, 44.498500883886017 ], [ 11.302567175425629, 44.499310871425891 ], [ 11.303866247157837, 44.500017723471515 ], [ 11.304356190931468, 44.500266370599249 ], [ 11.305021489060969, 44.500624475392613 ], [ 11.305094503937152, 44.500667086694214 ], [ 11.305219182678755, 44.500738147130534 ], [ 11.305414357878673, 44.500858432264891 ], [ 11.305616139995355, 44.500992807698438 ], [ 11.305695346571021, 44.501049184538523 ], [ 11.305717255053958, 44.501065666882454 ], [ 11.30582038262428, 44.501138197242653 ], [ 11.305896501396798, 44.501080861705226 ], [ 11.30624480769524, 44.500812165517793 ], [ 11.306309126536362, 44.500433684963205 ], [ 11.306330616176929, 44.500175173808074 ], [ 11.306298319706181, 44.500059557964818 ], [ 11.306214106939777, 44.499933638700995 ], [ 11.306147953648095, 44.499864070804421 ], [ 11.306414060777225, 44.499751590928362 ], [ 11.306747131072175, 44.499636118849914 ], [ 11.306896299262885, 44.499584400530374 ], [ 11.307718509771643, 44.499360767643161 ], [ 11.308838813235031, 44.499052372576429 ], [ 11.309604713167051, 44.498847356991256 ], [ 11.309792943217143, 44.498799714965713 ], [ 11.31083480983515, 44.498513890352413 ], [ 11.311838983005163, 44.498239559660412 ], [ 11.311684955971948, 44.498025626583761 ], [ 11.311279526567532, 44.49689099389041 ], [ 11.310935614655605, 44.495972679731395 ], [ 11.310910295525074, 44.495923029872202 ], [ 11.310858389435385, 44.495890636015481 ], [ 11.310716670216269, 44.495851696751629 ], [ 11.310668990862542, 44.495827589656656 ], [ 11.310624546861323, 44.495786681246308 ], [ 11.310595772052199, 44.495748246464416 ], [ 11.310589455355885, 44.495687057701204 ], [ 11.310598270171031, 44.495614417461503 ], [ 11.310445092971674, 44.495592022463576 ], [ 11.309895935841801, 44.495482249051527 ], [ 11.30924465325527, 44.495344866398945 ], [ 11.308963426576199, 44.495289112310424 ], [ 11.30866534274082, 44.49514756168707 ], [ 11.307895625816286, 44.494780461728574 ], [ 11.307538880021978, 44.494586501696197 ], [ 11.307202209209656, 44.494432682466339 ], [ 11.306867105594854, 44.494318549990332 ], [ 11.306259942322766, 44.494097659919518 ], [ 11.305761417618596, 44.49391926118912 ], [ 11.304475032054123, 44.49345961912141 ], [ 11.303455621074521, 44.493082089942725 ], [ 11.301819059651208, 44.492495875722739 ], [ 11.302260833968663, 44.492354682934092 ], [ 11.302183380877649, 44.492154577886097 ], [ 11.301868468649261, 44.491315188683814 ], [ 11.301819781407819, 44.49116333338057 ], [ 11.301771747374302, 44.491027750574595 ], [ 11.301685653162769, 44.49090647504579 ], [ 11.301585804026587, 44.490812142457685 ], [ 11.301204043593303, 44.490524967788993 ], [ 11.300765476760546, 44.490195553241506 ], [ 11.300364838680014, 44.489901131000899 ], [ 11.300322245647967, 44.489876926059416 ], [ 11.299779413881748, 44.48956855009974 ], [ 11.299511723403199, 44.489435491716918 ], [ 11.299315318899582, 44.489337979562855 ], [ 11.299039430402564, 44.489209073338067 ], [ 11.298926285255414, 44.489154806645217 ], [ 11.298568634131859, 44.48902001064112 ], [ 11.298064662142712, 44.488844334522348 ], [ 11.297897505975067, 44.488785338400533 ], [ 11.297390178102731, 44.488605126515921 ], [ 11.297079563894062, 44.488502859863225 ], [ 11.296668247630034, 44.488359468936366 ], [ 11.295922988510977, 44.488114302969535 ], [ 11.295686647668912, 44.488035574924879 ], [ 11.295044496178248, 44.48780473717752 ], [ 11.295034936419494, 44.48784982415085 ] ] ] ] } },
{ "type": "Feature", "properties": { "codice_area_statistica": 85, "area_statistica": "VIA ARNO", "cod_quar": 16, "quartiere": "Savena", "cod_zona": "N", "zona": "Mazzini" }, "geometry": { "type": "MultiPolygon", "coordinates": [ [ [ [ 11.398070478440019, 44.468705322225397 ], [ 11.398058964478619, 44.468697207123121 ], [ 11.398051627640099, 44.46869331623742 ], [ 11.397689509061301, 44.468438415710551 ], [ 11.397687250296165, 44.46843682475415 ], [ 11.397394527271484, 44.468301652441291 ], [ 11.397117379927449, 44.468257596405536 ], [ 11.397015615551558, 44.468248488177522 ], [ 11.396581333692716, 44.468209625353616 ], [ 11.396395548620998, 44.468192466773708 ], [ 11.396301724733016, 44.468172821104275 ], [ 11.396050434554626, 44.468171127024277 ], [ 11.395817593467836, 44.468214273409203 ], [ 11.395582291499821, 44.468256800267682 ], [ 11.395455154665855, 44.468289103068862 ], [ 11.395350124881322, 44.468299732585962 ], [ 11.395267637259472, 44.468303466540959 ], [ 11.395250054687091, 44.468294984977199 ], [ 11.395244393364381, 44.468295426092254 ], [ 11.395129245061216, 44.468240024792472 ], [ 11.394874219654781, 44.468165559057013 ], [ 11.394865516822179, 44.468162292995672 ], [ 11.394850610599702, 44.468157962815404 ], [ 11.394551386199629, 44.468046089685771 ], [ 11.394539984629263, 44.468041979756784 ], [ 11.394429001339599, 44.46800616542896 ], [ 11.394432317611971, 44.468003168980644 ], [ 11.394414215797518, 44.467996643811787 ], [ 11.3944680585039, 44.467953859326606 ], [ 11.39443663987176, 44.46794798246431 ], [ 11.394318045200263, 44.467912533007343 ], [ 11.394233774989393, 44.467871628136081 ], [ 11.393982389752718, 44.467784056463515 ], [ 11.393818754751955, 44.467720112507912 ], [ 11.393487687141793, 44.467550360338976 ], [ 11.393342563347504, 44.467478528385158 ], [ 11.393085711536074, 44.467385091605486 ], [ 11.39288565678407, 44.467248529493276 ], [ 11.392647812087318, 44.467108266808715 ], [ 11.392351343733727, 44.466915324587447 ], [ 11.392043577023212, 44.466752570043106 ], [ 11.391945028652181, 44.466694740663037 ], [ 11.391798123737045, 44.466579524439993 ], [ 11.391637515522943, 44.466487056651964 ], [ 11.39154350492044, 44.466438116460161 ], [ 11.391448149567236, 44.466356254789808 ], [ 11.391368833621122, 44.466308501039478 ], [ 11.391281763748808, 44.466275890016114 ], [ 11.391172148023578, 44.466254230243806 ], [ 11.391063497465671, 44.466256506109666 ], [ 11.390957616854482, 44.466275198641384 ], [ 11.390806394532687, 44.466258893272951 ], [ 11.390585249186309, 44.466220105094351 ], [ 11.390360300503845, 44.466190380738915 ], [ 11.390302900269516, 44.466167626725309 ], [ 11.39024841211368, 44.466113356566652 ], [ 11.390154708796615, 44.466071898967847 ], [ 11.390005471267493, 44.46600165231559 ], [ 11.389929035959993, 44.465973300904302 ], [ 11.389867526904114, 44.465952127127899 ], [ 11.389806771933484, 44.465897996958489 ], [ 11.389742697794595, 44.465813984537036 ], [ 11.389692930671455, 44.465773101195872 ], [ 11.389525074360055, 44.465707735983258 ], [ 11.389294955574259, 44.465654152780154 ], [ 11.388978514833921, 44.465585909894479 ], [ 11.388632384319546, 44.465558718139597 ], [ 11.388336935633628, 44.465594851682532 ], [ 11.388172913951085, 44.465623742669123 ], [ 11.387764207363267, 44.465702674872269 ], [ 11.387480354840429, 44.465767020907094 ], [ 11.387238962015582, 44.465846944084909 ], [ 11.386987057106952, 44.465925592129558 ], [ 11.386823623219486, 44.465982196942967 ], [ 11.386598845299542, 44.466046016783579 ], [ 11.386328891145828, 44.466092100154235 ], [ 11.386023353430435, 44.466137423221042 ], [ 11.385962577287053, 44.466134201240614 ], [ 11.38590728893511, 44.466111400871014 ], [ 11.38581806335826, 44.466077327290826 ], [ 11.385724924045039, 44.466049322175223 ], [ 11.385616280863685, 44.466046839314394 ], [ 11.385535121535591, 44.466009869147385 ], [ 11.385459855325893, 44.465935495937863 ], [ 11.385402920640576, 44.465997849467563 ], [ 11.385278398165612, 44.466181061981374 ], [ 11.385342354050593, 44.466381717279667 ], [ 11.384969796359348, 44.466535686119009 ], [ 11.384944399003334, 44.466554131942416 ], [ 11.384912812033644, 44.466599624896979 ], [ 11.384901404108865, 44.466631273360569 ], [ 11.38487821381726, 44.466676122744197 ], [ 11.384789477097396, 44.466696332925359 ], [ 11.384803356153276, 44.466854948145624 ], [ 11.384921057918598, 44.467478413973055 ], [ 11.385083395864012, 44.468163974312006 ], [ 11.385370370562681, 44.469171753243145 ], [ 11.385418782405834, 44.469344735095746 ], [ 11.38563908855396, 44.470310018573777 ], [ 11.385685981767596, 44.470446004281897 ], [ 11.385731229843799, 44.470541314544846 ], [ 11.385801816239889, 44.470676219853488 ], [ 11.385909357344371, 44.470835893135636 ], [ 11.386230746395965, 44.47128393316153 ], [ 11.386699571567918, 44.471911813764486 ], [ 11.386857645099523, 44.472136787805333 ], [ 11.387030117280316, 44.472355941932442 ], [ 11.387427693962399, 44.472907319688346 ], [ 11.387746558008834, 44.473342813449598 ], [ 11.388019927525582, 44.473717671193562 ], [ 11.388055935058475, 44.473765694046342 ], [ 11.388371156518764, 44.474194879353874 ], [ 11.388466419949038, 44.474328798485359 ], [ 11.388885457098308, 44.474896997946004 ], [ 11.388963699781078, 44.475010926955292 ], [ 11.38931437891773, 44.475490907414304 ], [ 11.389735228183698, 44.47607966366855 ], [ 11.390171822883266, 44.476662741082158 ], [ 11.390614716711561, 44.477272674647651 ], [ 11.390640761836444, 44.47731187568268 ], [ 11.390656132758, 44.477348023312125 ], [ 11.390671639300432, 44.477387490058852 ], [ 11.391576959765738, 44.477040138574438 ], [ 11.391986285160581, 44.476876114224034 ], [ 11.392478343753609, 44.476686875666012 ], [ 11.392588185268288, 44.476644061769157 ], [ 11.39261373491008, 44.476634523652457 ], [ 11.392677933612214, 44.476609546206717 ], [ 11.393459196060473, 44.476313961217059 ], [ 11.393775662690858, 44.476191623882769 ], [ 11.395834525256362, 44.475414106503024 ], [ 11.396211611814108, 44.475270594331739 ], [ 11.396415352743016, 44.475197231359033 ], [ 11.396836257586102, 44.47504150795983 ], [ 11.397318433430289, 44.474866527064336 ], [ 11.397780415407109, 44.474663970207558 ], [ 11.39797125328643, 44.47459616001003 ], [ 11.398243355435438, 44.474485176227311 ], [ 11.398291308387506, 44.474466730718156 ], [ 11.3992620350244, 44.47408447227491 ], [ 11.3996873580392, 44.473914223303559 ], [ 11.399989100825861, 44.473800163533987 ], [ 11.400097843300763, 44.473748596963169 ], [ 11.400703891257729, 44.473516846525897 ], [ 11.40129192814705, 44.473312632604603 ], [ 11.401633472699212, 44.473194022129448 ], [ 11.40168041288781, 44.47317760408167 ], [ 11.401677203725402, 44.473165887190099 ], [ 11.401503136182795, 44.47295705182605 ], [ 11.401349493632903, 44.472698092136653 ], [ 11.401203636026828, 44.472532928672834 ], [ 11.401091648792665, 44.472369870402453 ], [ 11.400900439044694, 44.472114509086055 ], [ 11.400787690187217, 44.471971155226093 ], [ 11.400656816326705, 44.471807368400619 ], [ 11.400589047388667, 44.471726086634455 ], [ 11.400207763121205, 44.471415087922807 ], [ 11.400197992794553, 44.471407389067956 ], [ 11.400058346423538, 44.471297261484359 ], [ 11.400008519649489, 44.471231914854009 ], [ 11.399958708598389, 44.47118626557706 ], [ 11.399728229681889, 44.470931169679858 ], [ 11.3995829804267, 44.470780620543131 ], [ 11.399569657314633, 44.470766604464288 ], [ 11.399539450550877, 44.470734830040385 ], [ 11.399481080836026, 44.470672984713111 ], [ 11.399380966724419, 44.470566877714695 ], [ 11.39933901353788, 44.470522431392219 ], [ 11.399230705731853, 44.470372230651137 ], [ 11.399103932795994, 44.470212289946204 ], [ 11.399031763736353, 44.470061896648446 ], [ 11.398937074383241, 44.46991816136677 ], [ 11.398865424109177, 44.469722735001227 ], [ 11.398847867954018, 44.469654504046879 ], [ 11.398815882815166, 44.46953022896566 ], [ 11.398757835281137, 44.469321579917704 ], [ 11.398672941047982, 44.469148380082288 ], [ 11.398527164875839, 44.469039711771799 ], [ 11.398400607638324, 44.468945358743134 ], [ 11.398278328867688, 44.468815775054409 ], [ 11.398070478440019, 44.468705322225397 ] ] ] ] } },
{ "type": "Feature", "properties": { "codice_area_statistica": 62, "area_statistica": "CIRENAICA", "cod_quar": 14, "quartiere": "San Donato - San Vitale", "cod_zona": "T", "zona": "S. Vitale" }, "geometry": { "type": "MultiPolygon", "coordinates": [ [ [ [ 11.369843843113419, 44.497435130819859 ], [ 11.369664746643961, 44.497507880558558 ], [ 11.369128353578047, 44.497727207795783 ], [ 11.368484506421419, 44.497986446853531 ], [ 11.367324276344853, 44.498459841580136 ], [ 11.365680036054918, 44.499124270883961 ], [ 11.36556342706014, 44.499171394209291 ], [ 11.365493105242759, 44.499199192994944 ], [ 11.365420983891422, 44.499216090897136 ], [ 11.36486185844122, 44.499442657024524 ], [ 11.36460955708273, 44.499545021393914 ], [ 11.36399620636297, 44.499793871562069 ], [ 11.363601614701832, 44.499955446413502 ], [ 11.363370158342986, 44.500054855703148 ], [ 11.363118119303442, 44.500164773498909 ], [ 11.362350743631911, 44.500504929439309 ], [ 11.36191241390182, 44.500701892435522 ], [ 11.361589885918674, 44.500845044389685 ], [ 11.361323711254862, 44.500962992862576 ], [ 11.360925179450696, 44.501133282411004 ], [ 11.360867004520953, 44.501156721940134 ], [ 11.360796712448792, 44.501204998064381 ], [ 11.360711823083967, 44.501263730926091 ], [ 11.359895203024324, 44.501590943702794 ], [ 11.358517443750671, 44.502139613742521 ], [ 11.358021097922681, 44.501884615919607 ], [ 11.357891472314476, 44.501813256331367 ], [ 11.357314790060819, 44.501522085974493 ], [ 11.356319967821475, 44.500993234200578 ], [ 11.356239568464662, 44.500947486206123 ], [ 11.356271208824445, 44.500769671444949 ], [ 11.356380788571368, 44.499977604592047 ], [ 11.35639204592233, 44.499788750245315 ], [ 11.356510338653724, 44.498856828316704 ], [ 11.356530996082789, 44.498657471923934 ], [ 11.356572083918079, 44.498598332024237 ], [ 11.356655293746641, 44.498363087345076 ], [ 11.356603195866853, 44.498159327226183 ], [ 11.356784217288915, 44.49650070892487 ], [ 11.356969467687755, 44.49481396858291 ], [ 11.357060248434928, 44.494276152398633 ], [ 11.35707300006122, 44.494032063134426 ], [ 11.357082208300296, 44.493927244973797 ], [ 11.357215598058527, 44.49398823789749 ], [ 11.35730550011233, 44.493990378565698 ], [ 11.357488775613071, 44.493967202139423 ], [ 11.357685195074652, 44.493934058165017 ], [ 11.357843724813497, 44.493901696475689 ], [ 11.358061646583085, 44.493844728008398 ], [ 11.358457640585961, 44.493741633018267 ], [ 11.359034957224884, 44.493563282137522 ], [ 11.359668605508798, 44.493364075255855 ], [ 11.360460157334517, 44.493136194526919 ], [ 11.361815266135538, 44.492789699024279 ], [ 11.362377232721805, 44.492651854344672 ], [ 11.363146201882909, 44.49245449993947 ], [ 11.363347983663081, 44.492402995963467 ], [ 11.363576992284703, 44.492343032624063 ], [ 11.363827698258982, 44.492274724259715 ], [ 11.364041136653977, 44.4922387502044 ], [ 11.36421116633705, 44.492219456325124 ], [ 11.364403702909705, 44.492211525413943 ], [ 11.364602208499369, 44.49221529092727 ], [ 11.364768020677618, 44.492227628638048 ], [ 11.364940895256641, 44.492241062150271 ], [ 11.364780236978289, 44.492992937334179 ], [ 11.36473123767418, 44.493281647957026 ], [ 11.364719824948022, 44.493356488785935 ], [ 11.365884067396532, 44.493312856462957 ], [ 11.366913279702976, 44.493297858554065 ], [ 11.367200813644548, 44.493301366989023 ], [ 11.367408128781271, 44.49330392763617 ], [ 11.367816892018702, 44.493308899419723 ], [ 11.368281115519295, 44.493324287455124 ], [ 11.369060514445467, 44.49336761293582 ], [ 11.369479190859082, 44.493401496381125 ], [ 11.370073060329723, 44.493456858204006 ], [ 11.370532556693512, 44.493507625340861 ], [ 11.370991888335904, 44.493560824743469 ], [ 11.371194898386289, 44.493589017251338 ], [ 11.371451898782693, 44.493627332014427 ], [ 11.371772916776981, 44.493675218230543 ], [ 11.372200807262816, 44.493746711078018 ], [ 11.372491831488942, 44.493798990647811 ], [ 11.37293958860764, 44.493870607973172 ], [ 11.373854574884708, 44.494028376698942 ], [ 11.374348726571846, 44.494111897366516 ], [ 11.374552534765225, 44.494147269354656 ], [ 11.374641580186307, 44.494162674974234 ], [ 11.374671986545493, 44.494168101180399 ], [ 11.374809558466714, 44.494192237967866 ], [ 11.374960916456125, 44.494218257389363 ], [ 11.374994646231606, 44.494224064493871 ], [ 11.374957422880811, 44.494327351329162 ], [ 11.374955567629677, 44.494333079559176 ], [ 11.374897841619756, 44.494510983201167 ], [ 11.374862778843209, 44.494620094733882 ], [ 11.374818854072839, 44.494780444252562 ], [ 11.374785604003588, 44.494927697988189 ], [ 11.374759478626382, 44.49505867987218 ], [ 11.374741973101308, 44.495166534850505 ], [ 11.374734814445748, 44.495241135108714 ], [ 11.374714302070782, 44.495420524111012 ], [ 11.374708362535921, 44.495534440275058 ], [ 11.374706605538643, 44.495637061216435 ], [ 11.374670951354174, 44.495653575444955 ], [ 11.374633386443485, 44.49566732960789 ], [ 11.374422623210219, 44.495747650548431 ], [ 11.374048879644628, 44.495898718057532 ], [ 11.373371887060353, 44.496168333847031 ], [ 11.373157657940153, 44.496254459149071 ], [ 11.372731722104623, 44.496425683835398 ], [ 11.372088937821122, 44.496681545213264 ], [ 11.371091355122838, 44.497080982156902 ], [ 11.370649028482035, 44.497256500643736 ], [ 11.370561577664708, 44.497142138478161 ], [ 11.369843843113419, 44.497435130819859 ] ] ] ] } },
{ "type": "Feature", "properties": { "codice_area_statistica": 34, "area_statistica": "VELODROMO", "cod_quar": 13, "quartiere": "Porto - Saragozza", "cod_zona": "P", "zona": "Saffi" }, "geometry": { "type": "MultiPolygon", "coordinates": [ [ [ [ 11.313559359701099, 44.497903605698042 ], [ 11.313614091214948, 44.497995565159094 ], [ 11.314021096146691, 44.498679785216602 ], [ 11.314200690556699, 44.498981692180138 ], [ 11.314515989826027, 44.499520469190614 ], [ 11.315033858692608, 44.500386036238211 ], [ 11.315187913147021, 44.500642438317513 ], [ 11.315617010585925, 44.50135659702665 ], [ 11.316585166341785, 44.502989935242113 ], [ 11.315449568788086, 44.503404064625279 ], [ 11.314615721286765, 44.503709372383724 ], [ 11.313437121244096, 44.504141557539064 ], [ 11.311440932222682, 44.504841964185928 ], [ 11.310311449995147, 44.505233123997087 ], [ 11.309297340664751, 44.505568022316893 ], [ 11.309241023020888, 44.505464272592931 ], [ 11.308977577259803, 44.505060488552203 ], [ 11.308861484428819, 44.504873044388972 ], [ 11.308764175468552, 44.504720996435978 ], [ 11.308729323659517, 44.50466414784016 ], [ 11.308698624116206, 44.504602542920317 ], [ 11.308681769838662, 44.504560877768384 ], [ 11.308660062982826, 44.504506869192859 ], [ 11.308642349497264, 44.504443444181284 ], [ 11.308624378032039, 44.504373803603968 ], [ 11.308604232060068, 44.504304206999052 ], [ 11.308542407689652, 44.504059659957548 ], [ 11.308517066220441, 44.503968391170289 ], [ 11.308485041094919, 44.503889447023688 ], [ 11.308449397848797, 44.503826870695889 ], [ 11.308257815944483, 44.503548531948994 ], [ 11.307980635284256, 44.50315586230608 ], [ 11.307567174826259, 44.502578684225085 ], [ 11.307516909325225, 44.502521669678238 ], [ 11.30739789556455, 44.502414549978241 ], [ 11.307321964052752, 44.502369532410526 ], [ 11.307046281617437, 44.502141406278 ], [ 11.306879788299563, 44.50200253920034 ], [ 11.30677177296756, 44.501913642861503 ], [ 11.306624182657991, 44.501792191523244 ], [ 11.306471119775608, 44.501665286969022 ], [ 11.306233853309781, 44.501470142328358 ], [ 11.305977422174466, 44.501261070219769 ], [ 11.305898345803811, 44.501201630070504 ], [ 11.30582038262428, 44.501138197242653 ], [ 11.305896501396798, 44.501080861705226 ], [ 11.30624480769524, 44.500812165517793 ], [ 11.306309126536362, 44.500433684963205 ], [ 11.306330616176929, 44.500175173808074 ], [ 11.306298319706181, 44.500059557964818 ], [ 11.306214106939777, 44.499933638700995 ], [ 11.306147953648095, 44.499864070804421 ], [ 11.306414060777225, 44.499751590928362 ], [ 11.306747131072175, 44.499636118849914 ], [ 11.306896299262885, 44.499584400530374 ], [ 11.307718509771643, 44.499360767643161 ], [ 11.308838813235031, 44.499052372576429 ], [ 11.309604713167051, 44.498847356991256 ], [ 11.309792943217143, 44.498799714965713 ], [ 11.31083480983515, 44.498513890352413 ], [ 11.311838983005163, 44.498239559660412 ], [ 11.313020069696844, 44.497917108845854 ], [ 11.313501965361715, 44.497801563265845 ], [ 11.313559359701099, 44.497903605698042 ] ] ] ] } },
{ "type": "Feature", "properties": { "codice_area_statistica": 48, "area_statistica": "MICHELINO", "cod_quar": 14, "quartiere": "San Donato - San Vitale", "cod_zona": "Q", "zona": "San Donato" }, "geometry": { "type": "MultiPolygon", "coordinates": [ [ [ [ 11.375544047368505, 44.502093721477756 ], [ 11.375603053960642, 44.502554946542382 ], [ 11.375672356019905, 44.503087482693601 ], [ 11.375699151763316, 44.503344155435933 ], [ 11.37571228619823, 44.503611348401833 ], [ 11.375716360617847, 44.503801388848721 ], [ 11.375710353902903, 44.504192216312745 ], [ 11.375691717331206, 44.504454578893281 ], [ 11.375664154911414, 44.504692631236509 ], [ 11.375625332499762, 44.504969358859839 ], [ 11.375565308096395, 44.505275074826869 ], [ 11.375532928136794, 44.505408212432123 ], [ 11.375500526923997, 44.505541449496221 ], [ 11.375403344928269, 44.505877007885431 ], [ 11.375284356341655, 44.506221131245852 ], [ 11.375194085837245, 44.506445093856229 ], [ 11.375068904104134, 44.506739021492656 ], [ 11.37506563846712, 44.506745652308091 ], [ 11.374931651804475, 44.507017346594779 ], [ 11.374809666844774, 44.507238286647116 ], [ 11.374679396437211, 44.50746866256236 ], [ 11.374555100332383, 44.507663723025225 ], [ 11.374428971463319, 44.507850539112383 ], [ 11.374305635578009, 44.508029014604588 ], [ 11.374212761249096, 44.508155262711178 ], [ 11.374060168297964, 44.508347220104596 ], [ 11.373896690155266, 44.508544084991321 ], [ 11.373729118578602, 44.508735903299815 ], [ 11.373560191706932, 44.5089194671814 ], [ 11.373438758352526, 44.509045768317414 ], [ 11.373376006794112, 44.509111171273361 ], [ 11.373218515186446, 44.509260377175465 ], [ 11.373159938169932, 44.509314890147778 ], [ 11.373029869824997, 44.509441739465132 ], [ 11.372844225515241, 44.509603773575741 ], [ 11.372748496946977, 44.509690837632363 ], [ 11.372621092597871, 44.509797195290787 ], [ 11.372495155595564, 44.509899111053777 ], [ 11.372362900595904, 44.510003768723834 ], [ 11.372221399896723, 44.510113119658335 ], [ 11.372102890103033, 44.510205878076086 ], [ 11.371963822202712, 44.510313197570746 ], [ 11.371790660535456, 44.510445352147862 ], [ 11.371645307955122, 44.510558734518661 ], [ 11.371501263315437, 44.510670568097545 ], [ 11.371311332496511, 44.510817384390506 ], [ 11.371237250108416, 44.510874325062609 ], [ 11.371200518439872, 44.510832586991064 ], [ 11.371093547181271, 44.510708989220348 ], [ 11.371039018667103, 44.510645978607471 ], [ 11.37069069172041, 44.510243479660147 ], [ 11.37060714799547, 44.510148410129155 ], [ 11.370150983516558, 44.509629243105664 ], [ 11.370042111140883, 44.509513876127727 ], [ 11.369609606296995, 44.509021961549358 ], [ 11.369213857451919, 44.508572584752265 ], [ 11.36896695639013, 44.50829583866647 ], [ 11.368857562516064, 44.508185486779134 ], [ 11.368616716359039, 44.507977051755631 ], [ 11.3685638147987, 44.507936674626599 ], [ 11.368370906217949, 44.507796339072875 ], [ 11.368210817873104, 44.507695986881266 ], [ 11.36805465952261, 44.507596363166826 ], [ 11.367724317118567, 44.507419797334869 ], [ 11.367517393873666, 44.507318813142163 ], [ 11.367281665405857, 44.507221630852428 ], [ 11.367075841412065, 44.507147756788903 ], [ 11.36683413669715, 44.507068234491946 ], [ 11.36661993043576, 44.507007290036384 ], [ 11.366280181506852, 44.50692820574168 ], [ 11.365965260325577, 44.506858283601531 ], [ 11.365695417849992, 44.506798382504925 ], [ 11.365087858205243, 44.506696774480119 ], [ 11.365131512020852, 44.506526081624422 ], [ 11.365157074047785, 44.506454233669146 ], [ 11.3651869753532, 44.506372104894183 ], [ 11.365369098847678, 44.506181536963581 ], [ 11.36577669002757, 44.505816489767639 ], [ 11.366038593000884, 44.505554452403324 ], [ 11.366746176887093, 44.504872666768328 ], [ 11.367026159699332, 44.504600340421831 ], [ 11.36758270563997, 44.504067108805792 ], [ 11.367790293398372, 44.503872632843574 ], [ 11.367891219565383, 44.503793432335961 ], [ 11.368038893620122, 44.503715845717011 ], [ 11.368189633248097, 44.503494388262048 ], [ 11.368275890136145, 44.503423251952938 ], [ 11.368404643250472, 44.503348461089182 ], [ 11.369091622131222, 44.503132404080148 ], [ 11.369531626321603, 44.502991500823278 ], [ 11.370677015884578, 44.502617267329953 ], [ 11.371211738995392, 44.502446077360119 ], [ 11.371763794569034, 44.502269339279422 ], [ 11.373050165747083, 44.501841423136256 ], [ 11.373209311111317, 44.501781767526325 ], [ 11.373379730225652, 44.501734895014948 ], [ 11.373681110320202, 44.501701962866854 ], [ 11.373736679943736, 44.501989366745597 ], [ 11.373915232635609, 44.50197210480512 ], [ 11.374187360758334, 44.501938708338365 ], [ 11.374234721012257, 44.501926308043934 ], [ 11.374281816419805, 44.501907386374491 ], [ 11.374613005076364, 44.501756960382437 ], [ 11.37468094017313, 44.501730204919376 ], [ 11.374770346982002, 44.501703119761025 ], [ 11.374932449720484, 44.50165407727166 ], [ 11.375065536767282, 44.501620321456834 ], [ 11.375125571609709, 44.501610591919025 ], [ 11.375175754890895, 44.501608242382915 ], [ 11.37523889356954, 44.501604317879682 ], [ 11.375479491076385, 44.501600832763124 ], [ 11.375544047368505, 44.502093721477756 ] ] ] ] } },
{ "type": "Feature", "properties": { "codice_area_statistica": 88, "area_statistica": "VIA TOSCANA", "cod_quar": 16, "quartiere": "Savena", "cod_zona": "R", "zona": "S. Ruffillo" }, "geometry": { "type": "MultiPolygon", "coordinates": [ [ [ [ 11.366036173606162, 44.472605045423535 ], [ 11.365752196421582, 44.472721221975249 ], [ 11.365231326719814, 44.472924077114413 ], [ 11.364959128820708, 44.47303998061637 ], [ 11.36483060687214, 44.473116500585697 ], [ 11.364751125333632, 44.473174188359096 ], [ 11.364685761167179, 44.473229026896227 ], [ 11.364634502223632, 44.473281025475679 ], [ 11.364567009947972, 44.473371576366233 ], [ 11.364297105812334, 44.473722677955955 ], [ 11.364145169153909, 44.473912151693774 ], [ 11.364068837510898, 44.47388756192607 ], [ 11.363974786699995, 44.47383144280515 ], [ 11.36366097923975, 44.473592178682225 ], [ 11.363500176349692, 44.473449134713327 ], [ 11.363334716362784, 44.473309058762872 ], [ 11.363011924078796, 44.472865808643171 ], [ 11.362956847388546, 44.47270058048575 ], [ 11.362746033923393, 44.472168856589953 ], [ 11.362723075110249, 44.472110904838026 ], [ 11.362273768487606, 44.472180530062502 ], [ 11.361961017116284, 44.472166115573941 ], [ 11.361372261791184, 44.472226018839422 ], [ 11.3613485790471, 44.472240462782452 ], [ 11.361281986198719, 44.472266147329712 ], [ 11.361020095620926, 44.47233162067117 ], [ 11.360604911886291, 44.472439685916555 ], [ 11.360432208469062, 44.472429015008927 ], [ 11.360443247717384, 44.472346097756883 ], [ 11.360470194907819, 44.472097104475878 ], [ 11.360509473798778, 44.471796937407412 ], [ 11.360570947174779, 44.471467881108467 ], [ 11.360602361128107, 44.471378600778806 ], [ 11.360613222695687, 44.471358309347139 ], [ 11.36065293868768, 44.471300618540845 ], [ 11.360737840397274, 44.471205208599812 ], [ 11.360875857877261, 44.471036787220335 ], [ 11.360942091663006, 44.470941763202887 ], [ 11.360963782704212, 44.470865485573171 ], [ 11.361033062891217, 44.470837575996043 ], [ 11.361215700872709, 44.470657374157447 ], [ 11.361289613884791, 44.470654557909342 ], [ 11.36119359813954, 44.470764575327479 ], [ 11.361436691527398, 44.470850383230236 ], [ 11.361464440507172, 44.470893111770607 ], [ 11.361537532825993, 44.470947226860062 ], [ 11.36170417436124, 44.471001576154528 ], [ 11.361891805354873, 44.471055752002414 ], [ 11.361830858604122, 44.471065844561515 ], [ 11.361797897240827, 44.471077779788857 ], [ 11.361779910921515, 44.471083823562765 ], [ 11.36186661261114, 44.471095074509392 ], [ 11.361949217581603, 44.471114161404635 ], [ 11.36205320719891, 44.471161254011719 ], [ 11.362292357931835, 44.47127702133502 ], [ 11.36230445742785, 44.471302680467844 ], [ 11.362581741158669, 44.471825827484537 ], [ 11.362772972313813, 44.471790018277382 ], [ 11.363157112082552, 44.47172571030643 ], [ 11.363251533791304, 44.471937468599542 ], [ 11.363274113182095, 44.471989126272994 ], [ 11.363332870338036, 44.472019445984991 ], [ 11.363544830695616, 44.472480447553728 ], [ 11.363586137453479, 44.472516061870742 ], [ 11.363633757512229, 44.472543623153967 ], [ 11.363718541404356, 44.472559314673894 ], [ 11.363806735363738, 44.472549548155307 ], [ 11.363898827139582, 44.472527025176511 ], [ 11.363997321105867, 44.472498031703303 ], [ 11.364115150018209, 44.472454359580844 ], [ 11.364190868703357, 44.472409975011423 ], [ 11.36424355643366, 44.472343866949807 ], [ 11.36426338714767, 44.47228637067672 ], [ 11.364261659368925, 44.472243599045093 ], [ 11.364240391789249, 44.472177753293472 ], [ 11.364264323968987, 44.472130597097269 ], [ 11.364373284451272, 44.472100216184188 ], [ 11.364500473560728, 44.472064812246266 ], [ 11.364517589856572, 44.47205590522956 ], [ 11.364528678837436, 44.472037850367634 ], [ 11.364531255062147, 44.472014480241299 ], [ 11.364527044546875, 44.471984948864204 ], [ 11.3644450668135, 44.471754559553254 ], [ 11.364570873791502, 44.471712972361281 ], [ 11.364549309122127, 44.471667784807934 ], [ 11.364681308843869, 44.471630111391732 ], [ 11.364735611061398, 44.471609594889877 ], [ 11.364755549682725, 44.471640672989416 ], [ 11.364889097789431, 44.4718522945902 ], [ 11.364950184477726, 44.4719825662171 ], [ 11.364952643305136, 44.47204341794307 ], [ 11.36516680395377, 44.472038971920938 ], [ 11.365165357274337, 44.47201312838984 ], [ 11.365181762770609, 44.471921610032886 ], [ 11.365204718705966, 44.471867739911865 ], [ 11.365235551425691, 44.471822115020558 ], [ 11.365286755423821, 44.471762267022392 ], [ 11.365348480694642, 44.471714192471879 ], [ 11.365459896769833, 44.471651899394871 ], [ 11.365643715509005, 44.471578644064408 ], [ 11.36622901217846, 44.471356023213779 ], [ 11.366372205223394, 44.471299516422555 ], [ 11.36662798396708, 44.47119726479206 ], [ 11.366678056268627, 44.471163268122211 ], [ 11.366709407742528, 44.471135484254155 ], [ 11.366735212950285, 44.47110392623901 ], [ 11.366752734468692, 44.471068677843348 ], [ 11.366759517918224, 44.471035578637654 ], [ 11.366760887139501, 44.471002591685213 ], [ 11.366662396084161, 44.470584436715235 ], [ 11.366424849843836, 44.469839911754875 ], [ 11.366408391744956, 44.46979324128143 ], [ 11.366406414820014, 44.469771396908065 ], [ 11.366421392685087, 44.469754710661235 ], [ 11.366436601633771, 44.469744051373496 ], [ 11.366460483516947, 44.469739253044402 ], [ 11.366488062060181, 44.469736952823737 ], [ 11.366517177787292, 44.469740022297643 ], [ 11.366543696972863, 44.46974883524566 ], [ 11.367399578459962, 44.470253015138276 ], [ 11.367636830618814, 44.470389435622337 ], [ 11.3678591006812, 44.470509772621227 ], [ 11.367928709651501, 44.470541980488093 ], [ 11.368077181266248, 44.470577188708717 ], [ 11.368203404432011, 44.470605053033033 ], [ 11.368442304927541, 44.470641067506492 ], [ 11.368765824648248, 44.470684382232982 ], [ 11.368816968392194, 44.470703927934835 ], [ 11.368858062864293, 44.470741705381769 ], [ 11.368973193207088, 44.470882214666226 ], [ 11.369161900361595, 44.471114085782467 ], [ 11.369267796369794, 44.471233288173906 ], [ 11.369325543325081, 44.471290462551735 ], [ 11.369551772990715, 44.471428620239976 ], [ 11.370019479228805, 44.47167992354602 ], [ 11.370144618550121, 44.471731548102134 ], [ 11.370358224526161, 44.471485887880867 ], [ 11.370557910172854, 44.471247349310246 ], [ 11.37063760240607, 44.471147574896584 ], [ 11.370779028388947, 44.470880258096585 ], [ 11.370778807596654, 44.470874807099108 ], [ 11.370813883771504, 44.470803390109253 ], [ 11.370849134811449, 44.470731636379504 ], [ 11.370903492155065, 44.470624096543418 ], [ 11.370986231750583, 44.470374257053606 ], [ 11.371024938601193, 44.470219607448705 ], [ 11.371063613255975, 44.47002940717654 ], [ 11.3710748353468, 44.469873482889057 ], [ 11.371091619282959, 44.469534257886991 ], [ 11.371082669735417, 44.469435919171239 ], [ 11.371049073893813, 44.469240314983423 ], [ 11.371026426160105, 44.469153901159153 ], [ 11.370941760329712, 44.468845564617936 ], [ 11.370868837806686, 44.468607069461136 ], [ 11.370757803609893, 44.468589731780284 ], [ 11.370722296142286, 44.468578765798334 ], [ 11.370335576577295, 44.468441116138777 ], [ 11.369894144251795, 44.468279519755697 ], [ 11.369280919873738, 44.468056749547159 ], [ 11.369010344639324, 44.467958825970157 ], [ 11.368555709223969, 44.467792943064076 ], [ 11.368487949098403, 44.467768448457328 ], [ 11.368445278977429, 44.467745422828109 ], [ 11.368424694054085, 44.467717959812525 ], [ 11.368405600787584, 44.467662422694104 ], [ 11.368229990958993, 44.467100422587485 ], [ 11.368185659940439, 44.466974486383691 ], [ 11.368116660322302, 44.466757415261789 ], [ 11.368006207651371, 44.466607346234568 ], [ 11.367792563613639, 44.466387540642692 ], [ 11.367711058423557, 44.46635760500277 ], [ 11.367614455003404, 44.466350984140938 ], [ 11.367498592189166, 44.466364883481596 ], [ 11.367447277995565, 44.466338840816931 ], [ 11.367409873727894, 44.466231495090661 ], [ 11.367370608995319, 44.466127879007082 ], [ 11.367362720031705, 44.466106886456913 ], [ 11.367357533324061, 44.466085567787474 ], [ 11.366768610259856, 44.466199689157605 ], [ 11.366756616011306, 44.466168257619351 ], [ 11.366676230715905, 44.465887070931835 ], [ 11.366665128014704, 44.465848769905357 ], [ 11.366634392999545, 44.465725990196731 ], [ 11.366614658112956, 44.46561098575495 ], [ 11.36660461825195, 44.465580314913119 ], [ 11.366570377983415, 44.465439233504824 ], [ 11.366458402366913, 44.464979828474817 ], [ 11.366461697519471, 44.464905848650794 ], [ 11.366463839739486, 44.464847197181719 ], [ 11.366484455681876, 44.464741439140759 ], [ 11.366498889451904, 44.464672449922482 ], [ 11.366510051164729, 44.464590933867498 ], [ 11.366498736712249, 44.464553915579224 ], [ 11.366533739014578, 44.464548733653508 ], [ 11.366558019914711, 44.464534888398553 ], [ 11.366575748804742, 44.464512275378731 ], [ 11.366511839921404, 44.464477823865053 ], [ 11.366453216406789, 44.464408674677507 ], [ 11.366429087729157, 44.464364395832185 ], [ 11.366420197211918, 44.464310213303243 ], [ 11.366443592772184, 44.464170592796187 ], [ 11.366515188617489, 44.463962318356131 ], [ 11.366573129437775, 44.463819289873676 ], [ 11.366817294986598, 44.463443949877124 ], [ 11.366925666111845, 44.463242393852312 ], [ 11.366978880154942, 44.463230928457257 ], [ 11.367036084750774, 44.463218669084455 ], [ 11.36708817959363, 44.463207505926775 ], [ 11.367267640693115, 44.463168944352688 ], [ 11.367287819153161, 44.463167445586386 ], [ 11.367287688957482, 44.463145571913095 ], [ 11.367542788683021, 44.463097068876202 ], [ 11.367912944972918, 44.462999365057279 ], [ 11.367950606544714, 44.462990337430533 ], [ 11.36800183909973, 44.462978066414287 ], [ 11.367978910630132, 44.462906286985934 ], [ 11.36796916565322, 44.462875763179952 ], [ 11.36796233876354, 44.462854604587918 ], [ 11.368016440580028, 44.462842102996468 ], [ 11.368048196484541, 44.462828480469959 ], [ 11.368070110163572, 44.462804619064116 ], [ 11.368097087279979, 44.462598259467619 ], [ 11.368055388758206, 44.462229305708746 ], [ 11.368050265091579, 44.462211406748011 ], [ 11.36800090104191, 44.462004119042916 ], [ 11.367938688236116, 44.462015285438795 ], [ 11.367903704662597, 44.461876047309808 ], [ 11.367782340061899, 44.461893247993004 ], [ 11.36775574452251, 44.461813766302441 ], [ 11.367713539012939, 44.461820763493876 ], [ 11.367643249176952, 44.46181031090579 ], [ 11.367629760351354, 44.461828947024294 ], [ 11.367532479063888, 44.461888068302628 ], [ 11.367402130492781, 44.461974388000606 ], [ 11.367288121664339, 44.462042012351944 ], [ 11.367251214445103, 44.462044812306779 ], [ 11.367210562709202, 44.46202526436263 ], [ 11.367195178554629, 44.461997027057691 ], [ 11.36707495196584, 44.461699741716643 ], [ 11.366736037081651, 44.460782955465532 ], [ 11.366473888541693, 44.460074598986317 ], [ 11.366483074850713, 44.460030061609402 ], [ 11.366549686521703, 44.459801526407873 ], [ 11.366552776447071, 44.459756683282237 ], [ 11.366592458284771, 44.45969692042442 ], [ 11.366641990311912, 44.459604075743925 ], [ 11.366749762115015, 44.459437597438807 ], [ 11.366910331116392, 44.45922705478602 ], [ 11.366961153361274, 44.459182941442926 ], [ 11.367049080840072, 44.459127291544739 ], [ 11.367148491783952, 44.459076796028 ], [ 11.367321569244524, 44.458989779545384 ], [ 11.367675517357251, 44.458827593658029 ], [ 11.367769103926999, 44.4587916226074 ], [ 11.36779921006281, 44.458784192160977 ], [ 11.367833231527763, 44.458779399287266 ], [ 11.367871278539663, 44.458779969492987 ], [ 11.367909312992404, 44.45878053994651 ], [ 11.367951482860322, 44.458789189988828 ], [ 11.368051990889745, 44.458806883841049 ], [ 11.368079142498766, 44.45873572198542 ], [ 11.368074438173764, 44.458619397582318 ], [ 11.368028280775004, 44.458352067743867 ], [ 11.367983900727062, 44.458118730945877 ], [ 11.368038909095636, 44.45805602087519 ], [ 11.368090436234899, 44.457963800353959 ], [ 11.368167004600172, 44.457799534431672 ], [ 11.368223319936421, 44.457683060458997 ], [ 11.368281668296421, 44.457534810008454 ], [ 11.368300998762171, 44.457478826733805 ], [ 11.368327500412525, 44.457388196598671 ], [ 11.368336099374787, 44.457345651820702 ], [ 11.368337624716984, 44.457308466319731 ], [ 11.368322783871065, 44.457234592544424 ], [ 11.368316479235631, 44.45715205218896 ], [ 11.368329656839817, 44.457009204137492 ], [ 11.368258438982251, 44.456966028602011 ], [ 11.368210923880149, 44.456920281687353 ], [ 11.368131216450875, 44.456831593841237 ], [ 11.368094741269655, 44.456790290219409 ], [ 11.368047919011667, 44.45676166987213 ], [ 11.36799462908334, 44.456734741124578 ], [ 11.367787048043485, 44.4566564928177 ], [ 11.367660927008103, 44.456603040354324 ], [ 11.367271500194443, 44.456438230188247 ], [ 11.36712557396412, 44.45637894901315 ], [ 11.367033302324721, 44.456355943047733 ], [ 11.366932717414109, 44.456342454110548 ], [ 11.366845420214265, 44.456334919403517 ], [ 11.366754041800673, 44.456333699066121 ], [ 11.366649614738572, 44.45633274918022 ], [ 11.366512773546932, 44.456337143538448 ], [ 11.366447781734415, 44.456343163214989 ], [ 11.36635736866678, 44.456312330897106 ], [ 11.366232129925589, 44.456280662933963 ], [ 11.366069440209841, 44.456237311437754 ], [ 11.366011868793006, 44.45621201895473 ], [ 11.365874572907098, 44.456151017849045 ], [ 11.365843400659667, 44.456132965427429 ], [ 11.365740112797807, 44.456052551871771 ], [ 11.365637654987742, 44.455992367940347 ], [ 11.365506998749282, 44.455923018394451 ], [ 11.365474526369566, 44.455896422306296 ], [ 11.365450785521013, 44.455875947122045 ], [ 11.365325134575508, 44.455805719422813 ], [ 11.365047799858443, 44.455642162040448 ], [ 11.364785862447848, 44.455500044379221 ], [ 11.364692598496825, 44.455447114313088 ], [ 11.364627777017008, 44.455411573268975 ], [ 11.364565592935509, 44.455375977557594 ], [ 11.364520830637986, 44.455346628884136 ], [ 11.364482967476956, 44.45532471750905 ], [ 11.36445381291929, 44.455289373866705 ], [ 11.364424378908916, 44.455247419069224 ], [ 11.364391976997169, 44.455197018246764 ], [ 11.364374843350511, 44.455165215712803 ], [ 11.364360041979708, 44.455125802658074 ], [ 11.364342424861217, 44.455081712534813 ], [ 11.364337235053785, 44.455051544167198 ], [ 11.364329344607357, 44.455019550183273 ], [ 11.364326538122196, 44.454982724519212 ], [ 11.364321170238558, 44.454947833455847 ], [ 11.364317350159238, 44.454918590996741 ], [ 11.364318614028756, 44.454884516858478 ], [ 11.364320221073262, 44.45485894310152 ], [ 11.364325670032356, 44.454830462945402 ], [ 11.364330654596289, 44.454804801229102 ], [ 11.364353043009599, 44.454749457469511 ], [ 11.364391437698497, 44.454683987316152 ], [ 11.364447511177632, 44.454649507151835 ], [ 11.364805935635571, 44.454446095328564 ], [ 11.365017737491435, 44.454337835097739 ], [ 11.365170488645283, 44.454288990987287 ], [ 11.365783112066003, 44.453962932711228 ], [ 11.366225566648916, 44.453727571072697 ], [ 11.36606660776377, 44.453591901214573 ], [ 11.366018261299025, 44.453550662906522 ], [ 11.365842185663457, 44.453388879749198 ], [ 11.365911485582373, 44.453346463500537 ], [ 11.365830088335086, 44.453129233367285 ], [ 11.36583530903361, 44.453109436404432 ], [ 11.365875405932504, 44.453042922164805 ], [ 11.365934870025594, 44.45295149233592 ], [ 11.366073728211514, 44.452868418841213 ], [ 11.366298878912229, 44.452748869307527 ], [ 11.366595062909379, 44.452664694519861 ], [ 11.366730725769671, 44.452631975194961 ], [ 11.367400006165251, 44.453229061196609 ], [ 11.367412895503497, 44.453230774470242 ], [ 11.367692536091266, 44.453473258456157 ], [ 11.367903314075615, 44.453662884288214 ], [ 11.36797177647756, 44.453724437590104 ], [ 11.368087090245808, 44.453828132568844 ], [ 11.368320500749787, 44.454036553752459 ], [ 11.368581218604227, 44.454270605522851 ], [ 11.368654044270521, 44.454337451450741 ], [ 11.368778197386959, 44.454451423367409 ], [ 11.369003746565717, 44.4546580256768 ], [ 11.369202291120345, 44.454861947050304 ], [ 11.369295008226107, 44.454960312066888 ], [ 11.369345647132686, 44.455013699961157 ], [ 11.369362314774483, 44.455005026577673 ], [ 11.369431663871669, 44.45497347335759 ], [ 11.369531034650425, 44.454922517440004 ], [ 11.369584645387203, 44.454973862962035 ], [ 11.369798286144425, 44.45522586807683 ], [ 11.369866403096449, 44.455300220136337 ], [ 11.36993911139996, 44.455369066252011 ], [ 11.369717773765723, 44.455465803125897 ], [ 11.369808275093957, 44.455573972565389 ], [ 11.370015200021239, 44.455838846388765 ], [ 11.370231688129667, 44.456144303182498 ], [ 11.370415592296736, 44.456424139473675 ], [ 11.370438229659202, 44.456458914707959 ], [ 11.370553687506986, 44.4566497586206 ], [ 11.370674916197752, 44.456871667678222 ], [ 11.370777935674919, 44.457081855237384 ], [ 11.370803159483222, 44.457133312569269 ], [ 11.370958147198596, 44.45747803626373 ], [ 11.371059079354803, 44.457726023929382 ], [ 11.371181492168763, 44.458042255367147 ], [ 11.371317265584068, 44.458393499423693 ], [ 11.371417000150391, 44.458652494820555 ], [ 11.371499524404671, 44.458868274938311 ], [ 11.371626995352401, 44.45918605724416 ], [ 11.371630346894726, 44.459208908302976 ], [ 11.371971682205658, 44.460093814586322 ], [ 11.372003289393692, 44.460175873955201 ], [ 11.372223624761734, 44.460746878275721 ], [ 11.372251705347425, 44.460819441062675 ], [ 11.372622786307426, 44.460812728267214 ], [ 11.372627649617762, 44.460870081939511 ], [ 11.372629902598677, 44.46092568033778 ], [ 11.372636086084317, 44.460977767041939 ], [ 11.372632101181949, 44.46097807493171 ], [ 11.372610235627899, 44.460981347215203 ], [ 11.372329934816893, 44.461024308548936 ], [ 11.372373853727483, 44.461138737454547 ], [ 11.372613904473441, 44.461769540752492 ], [ 11.372883997350096, 44.461726790912124 ], [ 11.373007841409075, 44.462068557889154 ], [ 11.37306350033834, 44.46222043644395 ], [ 11.37313008264039, 44.462215676310002 ], [ 11.373154455235138, 44.462274244842419 ], [ 11.373324326421857, 44.4622200734971 ], [ 11.373355173601237, 44.462257567274641 ], [ 11.373420178721137, 44.462220412313584 ], [ 11.373459921944784, 44.462154235947573 ], [ 11.373609389051593, 44.462120186151488 ], [ 11.373856828445804, 44.462022196807673 ], [ 11.373905419022551, 44.46200992406353 ], [ 11.374077876792203, 44.462288047646503 ], [ 11.374148795036263, 44.462397034909273 ], [ 11.374203674442496, 44.462454590626457 ], [ 11.374563686607789, 44.462686743237917 ], [ 11.374820361015887, 44.462881180944684 ], [ 11.374746847285198, 44.46290690932571 ], [ 11.374188238820794, 44.463081116065915 ], [ 11.373892923301238, 44.4631765637073 ], [ 11.37354326090894, 44.463298627025146 ], [ 11.37321482785085, 44.4633949145448 ], [ 11.373293543255018, 44.463611591626822 ], [ 11.373351201690857, 44.463599697761765 ], [ 11.373416472312345, 44.463775575318799 ], [ 11.373578047692694, 44.464227667418974 ], [ 11.373645162379987, 44.464417055428044 ], [ 11.373815390917834, 44.464897370482731 ], [ 11.37399893921736, 44.465421178976847 ], [ 11.374025801466798, 44.465497682750048 ], [ 11.374185442082563, 44.465952037751677 ], [ 11.374262853754555, 44.466172342240306 ], [ 11.374425172431033, 44.4666089420124 ], [ 11.3745215095588, 44.466868068046352 ], [ 11.374687909763075, 44.467312828893149 ], [ 11.374800566916715, 44.467613774413628 ], [ 11.374849634838101, 44.467744858000209 ], [ 11.374903228185953, 44.46788800994765 ], [ 11.37491487450845, 44.467919114758814 ], [ 11.374995287811512, 44.468133936660557 ], [ 11.375229686532442, 44.468767417098029 ], [ 11.375329687604488, 44.469047559249361 ], [ 11.375366867130396, 44.469151747079088 ], [ 11.375475972589108, 44.469470320847513 ], [ 11.375572611238843, 44.469779071008688 ], [ 11.375679427856237, 44.470121729158507 ], [ 11.37579986157937, 44.470561331996414 ], [ 11.375871045347276, 44.470824878359416 ], [ 11.375910754856319, 44.470986071877611 ], [ 11.375850175605079, 44.470989979485651 ], [ 11.375818494362981, 44.470994663024065 ], [ 11.375755194672092, 44.471004028767645 ], [ 11.37571909792692, 44.471014844925918 ], [ 11.375700091323685, 44.471031337152304 ], [ 11.375623085996681, 44.471073190397071 ], [ 11.375554522184073, 44.471114867920249 ], [ 11.375460997432581, 44.471165113161199 ], [ 11.375179614633272, 44.471290991031339 ], [ 11.374917718922443, 44.471407901302712 ], [ 11.374854605370178, 44.471433953514307 ], [ 11.374803027137446, 44.471440329078121 ], [ 11.374743931921786, 44.47144333197199 ], [ 11.374684381662723, 44.471435739225647 ], [ 11.374629552975167, 44.471422736689178 ], [ 11.374576697608916, 44.471397323490507 ], [ 11.374510491026282, 44.471347448812288 ], [ 11.37441319691793, 44.471261111963123 ], [ 11.374129646062402, 44.471024893296423 ], [ 11.373906339382659, 44.47082635740356 ], [ 11.373858433571176, 44.470855072672826 ], [ 11.373832417170357, 44.470867686192079 ], [ 11.373832620000528, 44.470881987124308 ], [ 11.373881562202586, 44.470926252492298 ], [ 11.37380364154159, 44.470970365195008 ], [ 11.373614344768592, 44.471082782906961 ], [ 11.373527752743774, 44.471133197501295 ], [ 11.37355776306741, 44.47115706061269 ], [ 11.373453881610976, 44.471218277672421 ], [ 11.373421934207355, 44.47124585971968 ], [ 11.373273678381814, 44.471127415834431 ], [ 11.373003703388791, 44.470896898849794 ], [ 11.372935891629986, 44.470843356546681 ], [ 11.372860676374923, 44.470907389163749 ], [ 11.372441118707929, 44.471210729033992 ], [ 11.372175791771928, 44.471407206384271 ], [ 11.371870712469079, 44.471633569519511 ], [ 11.371592734003093, 44.471839365002197 ], [ 11.371491406623589, 44.471923979009212 ], [ 11.371447778229104, 44.471967395690385 ], [ 11.371399834744414, 44.471990889192107 ], [ 11.371055322739185, 44.472105563668528 ], [ 11.370827992269051, 44.472182792294753 ], [ 11.370700724319411, 44.472230439472384 ], [ 11.370656487747436, 44.472258861128466 ], [ 11.370633382030766, 44.472291840392096 ], [ 11.370639048620857, 44.472431740310263 ], [ 11.370615740622009, 44.472459727321763 ], [ 11.370564215721698, 44.472480801122948 ], [ 11.370175388148361, 44.472536381806847 ], [ 11.370102832955572, 44.472555389325052 ], [ 11.370048434864877, 44.472591520895698 ], [ 11.370008385558538, 44.472637356437211 ], [ 11.369577291559821, 44.472578786244 ], [ 11.369010471469716, 44.472557727261545 ], [ 11.368678220225149, 44.472572310162619 ], [ 11.368607751907948, 44.472599402784226 ], [ 11.368583899602623, 44.472540957611493 ], [ 11.368256865303435, 44.472104049146779 ], [ 11.368222469462186, 44.472069328448953 ], [ 11.368188442894592, 44.472044043818599 ], [ 11.368140291425471, 44.472014577905114 ], [ 11.368007958617715, 44.471991467600006 ], [ 11.367901806213169, 44.471977464880297 ], [ 11.367773393601302, 44.471972935398398 ], [ 11.367702166948897, 44.471977545666725 ], [ 11.367620427456181, 44.471992051740997 ], [ 11.366925007690831, 44.472255161197552 ], [ 11.366403886814874, 44.472464040652248 ], [ 11.366036173606162, 44.472605045423535 ] ] ] ] } },
{ "type": "Feature", "properties": { "codice_area_statistica": 73, "area_statistica": "SAN GIUSEPPE", "cod_quar": 13, "quartiere": "Porto - Saragozza", "cod_zona": "F", "zona": "Costa Saragozza" }, "geometry": { "type": "MultiPolygon", "coordinates": [ [ [ [ 11.322322309329314, 44.484291085283019 ], [ 11.322034238061388, 44.484387944957817 ], [ 11.321747511792557, 44.484411223931914 ], [ 11.321564103162439, 44.484411956169787 ], [ 11.321448603563915, 44.484405586444609 ], [ 11.321441009711515, 44.484441361908708 ], [ 11.321431995921635, 44.48444213731598 ], [ 11.321431331690587, 44.484445229078638 ], [ 11.318857557528503, 44.484668624950409 ], [ 11.318715253888396, 44.48466831957095 ], [ 11.318703826110333, 44.484748044650914 ], [ 11.318700963943547, 44.484790054903719 ], [ 11.318696507562729, 44.484845781489661 ], [ 11.318690843673691, 44.484905943875532 ], [ 11.318671366885507, 44.48506180537872 ], [ 11.318651566396962, 44.485278990155834 ], [ 11.31864004034683, 44.485413353994389 ], [ 11.318634560750411, 44.485455957560632 ], [ 11.31862956769325, 44.485491799294714 ], [ 11.318621944810483, 44.485534266340444 ], [ 11.3186127383072, 44.485578025914215 ], [ 11.318596401621623, 44.485648127870675 ], [ 11.318568378348767, 44.485797780083082 ], [ 11.318552730297734, 44.485920164140772 ], [ 11.318549237030705, 44.485958946265079 ], [ 11.318545532675516, 44.486006681259362 ], [ 11.318566230882155, 44.486145306002726 ], [ 11.318572904687334, 44.486222628810083 ], [ 11.318610052909566, 44.486340645578181 ], [ 11.318720836554586, 44.486587569307574 ], [ 11.318875875180574, 44.486904588446308 ], [ 11.318980235070082, 44.487125822940683 ], [ 11.31903420849252, 44.487258991230838 ], [ 11.319065533436532, 44.487366800150895 ], [ 11.319096666374703, 44.48746944547073 ], [ 11.319133539267279, 44.487497990831805 ], [ 11.319122045573636, 44.487544326629205 ], [ 11.319108290051362, 44.487589123918049 ], [ 11.319100992915603, 44.487629018625015 ], [ 11.319102693254543, 44.487671908461643 ], [ 11.319131147222484, 44.4877174417052 ], [ 11.319168472134921, 44.487762776715329 ], [ 11.319201248328319, 44.487805035211736 ], [ 11.319244730136869, 44.487837542448382 ], [ 11.31928124963849, 44.487862241828481 ], [ 11.319324227584985, 44.487882038603168 ], [ 11.319378250820405, 44.487900017487419 ], [ 11.319423503225581, 44.48792135246957 ], [ 11.319480304911609, 44.487953579977308 ], [ 11.319509912395207, 44.487972054890818 ], [ 11.319546545436246, 44.487999929794661 ], [ 11.319600234426547, 44.488065611117435 ], [ 11.319670715129602, 44.488162748370677 ], [ 11.319736130262621, 44.488244089932046 ], [ 11.319928388421085, 44.488443677582026 ], [ 11.320052818830906, 44.488557210226134 ], [ 11.320128572655834, 44.488616672190354 ], [ 11.320226527146005, 44.488727897923432 ], [ 11.320326095039254, 44.488836669078189 ], [ 11.320431483495375, 44.488920960808905 ], [ 11.320537837541877, 44.489029584830334 ], [ 11.320582447814374, 44.489082252426883 ], [ 11.320598512530625, 44.489101389466171 ], [ 11.320614674681837, 44.489122982230668 ], [ 11.320636662496517, 44.489162713825358 ], [ 11.320643212242288, 44.489199104201369 ], [ 11.320628034712163, 44.489373513907822 ], [ 11.320605473616196, 44.489490835214106 ], [ 11.320592162110866, 44.489539197672102 ], [ 11.320913375386651, 44.48960946859615 ], [ 11.320878868907338, 44.489682460975423 ], [ 11.321067384941168, 44.490133304084679 ], [ 11.321293764518058, 44.490607710924834 ], [ 11.321408212474216, 44.490843781258555 ], [ 11.321826437426306, 44.49157460446358 ], [ 11.322125545602502, 44.492110044260947 ], [ 11.322440400834296, 44.492643767458993 ], [ 11.322546756206197, 44.492815497662207 ], [ 11.322924654407737, 44.493409955630156 ], [ 11.323301922283202, 44.493988346495122 ], [ 11.323560584396215, 44.494404483961695 ], [ 11.32377260616941, 44.494790394292757 ], [ 11.323933209655218, 44.495072083740766 ], [ 11.324012262697217, 44.495211400850685 ], [ 11.32406523392256, 44.495440707595442 ], [ 11.324087378141797, 44.49551685075788 ], [ 11.324450531717188, 44.496672050468817 ], [ 11.324504739940163, 44.496698233483151 ], [ 11.324517507338268, 44.496851719626427 ], [ 11.324579871272698, 44.496860622618755 ], [ 11.324585410495656, 44.496952507221501 ], [ 11.324586418389284, 44.497014883602631 ], [ 11.325378313245233, 44.496983900841748 ], [ 11.325831411477582, 44.496959140674321 ], [ 11.325963646814142, 44.496950324623405 ], [ 11.3265068147713, 44.496934691660833 ], [ 11.326614706301687, 44.496947247977793 ], [ 11.326677043177597, 44.496954511904008 ], [ 11.327282513486875, 44.497033140804788 ], [ 11.327574928363182, 44.497065331872854 ], [ 11.327610015746391, 44.496957746783472 ], [ 11.327859210584892, 44.496162355623142 ], [ 11.328019364612882, 44.495639415434724 ], [ 11.328318716840549, 44.494723860003866 ], [ 11.328623299603384, 44.493787950155934 ], [ 11.329083650982076, 44.492323866388986 ], [ 11.329199821616102, 44.491929298312492 ], [ 11.329439521364295, 44.491145350118813 ], [ 11.329450669356939, 44.4911094723738 ], [ 11.329499567384817, 44.490972400387818 ], [ 11.329553114399037, 44.490753751055699 ], [ 11.329558686242679, 44.490549764671684 ], [ 11.329545233337274, 44.490479134795422 ], [ 11.329549975246895, 44.490347465153192 ], [ 11.329604126624432, 44.49023589827614 ], [ 11.329650957250701, 44.49020040863185 ], [ 11.329721702523342, 44.490159713551428 ], [ 11.329861182652136, 44.490080903021315 ], [ 11.330183675323777, 44.489945844602005 ], [ 11.330058743160453, 44.489802606735992 ], [ 11.329820443723467, 44.489298391910523 ], [ 11.330141192639509, 44.489233319335661 ], [ 11.330073131242559, 44.489046473374586 ], [ 11.329934877583016, 44.488663453105744 ], [ 11.329328219695853, 44.48877145011965 ], [ 11.32854419010123, 44.488912500574841 ], [ 11.328375210037956, 44.488959168777505 ], [ 11.328290100862009, 44.488733769248228 ], [ 11.328238468956691, 44.488606598369962 ], [ 11.328212683030117, 44.488519276969306 ], [ 11.328195651037568, 44.488441769904583 ], [ 11.328201442156388, 44.48836197883471 ], [ 11.328196616570892, 44.488290344580825 ], [ 11.328111688467541, 44.488249881503393 ], [ 11.327918624309817, 44.48821780837465 ], [ 11.327607239398656, 44.48817521079981 ], [ 11.327496981649965, 44.488137865479352 ], [ 11.327438151355688, 44.488096806771225 ], [ 11.32719458070806, 44.487817812679118 ], [ 11.327053437191669, 44.487655600389708 ], [ 11.326918558414206, 44.487511751553214 ], [ 11.326793953065319, 44.487394097766781 ], [ 11.326748550666379, 44.487372210606082 ], [ 11.326692586566715, 44.48736049556593 ], [ 11.326524404137212, 44.48734176792572 ], [ 11.326379933541153, 44.487325401633619 ], [ 11.326275811516648, 44.487306619474239 ], [ 11.326175676625569, 44.487274882260259 ], [ 11.326091440871032, 44.487247646380446 ], [ 11.326030437997252, 44.487210412299305 ], [ 11.325964942777182, 44.48714685610183 ], [ 11.325916333058137, 44.487084459257773 ], [ 11.325869150382832, 44.487011455266071 ], [ 11.325835712631807, 44.486959309307494 ], [ 11.325688991723506, 44.486749657223683 ], [ 11.325650340062372, 44.486705539716901 ], [ 11.325662786973615, 44.48651502525442 ], [ 11.325657418567598, 44.486379987634997 ], [ 11.325589277694057, 44.486250478068015 ], [ 11.325450965237243, 44.486060568101401 ], [ 11.325334836447514, 44.485888670411505 ], [ 11.325269923910264, 44.485803963831245 ], [ 11.325238563250064, 44.485725577817583 ], [ 11.325240344951855, 44.485640998125781 ], [ 11.32516221239894, 44.485492291209617 ], [ 11.325174701563526, 44.485411013437222 ], [ 11.324926970245659, 44.484833725975065 ], [ 11.324905118581864, 44.484778462926442 ], [ 11.324817283000227, 44.484763380895259 ], [ 11.324806337702327, 44.484606616467929 ], [ 11.322631788712098, 44.484215425301763 ], [ 11.322551429437308, 44.484214273907213 ], [ 11.322322309329314, 44.484291085283019 ] ] ] ] } },
{ "type": "Feature", "properties": { "codice_area_statistica": 49, "area_statistica": "VIA MONDO", "cod_quar": 14, "quartiere": "San Donato - San Vitale", "cod_zona": "Q", "zona": "San Donato" }, "geometry": { "type": "MultiPolygon", "coordinates": [ [ [ [ 11.373379730225652, 44.501734895014948 ], [ 11.373209311111317, 44.501781767526325 ], [ 11.373050165747083, 44.501841423136256 ], [ 11.371763794569034, 44.502269339279422 ], [ 11.371211738995392, 44.502446077360119 ], [ 11.370677015884578, 44.502617267329953 ], [ 11.369531626321603, 44.502991500823278 ], [ 11.369091622131222, 44.503132404080148 ], [ 11.368404643250472, 44.503348461089182 ], [ 11.368275890136145, 44.503423251952938 ], [ 11.368189633248097, 44.503494388262048 ], [ 11.368038893620122, 44.503715845717011 ], [ 11.367618836720597, 44.503750639317502 ], [ 11.367254234060036, 44.503796092758307 ], [ 11.366773078221833, 44.503917611672719 ], [ 11.366541041267412, 44.503968119426538 ], [ 11.366342085242817, 44.50400922646601 ], [ 11.366221296526051, 44.50402914129257 ], [ 11.366094071882536, 44.504040474905651 ], [ 11.365942463382163, 44.504050144146404 ], [ 11.365799716457156, 44.504053111669613 ], [ 11.36565964669761, 44.504047318048734 ], [ 11.365512977982819, 44.504028598274779 ], [ 11.365366033662157, 44.504003375165325 ], [ 11.365258880685477, 44.503980685344409 ], [ 11.365127305742938, 44.503945744785845 ], [ 11.364964648231227, 44.503895603515936 ], [ 11.363959444724779, 44.503385272947092 ], [ 11.363190886980201, 44.502988463463261 ], [ 11.362380604309587, 44.502568061288883 ], [ 11.362158894624205, 44.502451015611427 ], [ 11.362053855056738, 44.502398957660944 ], [ 11.361826834169964, 44.50227246950503 ], [ 11.361683573280942, 44.502189116842992 ], [ 11.361569360740278, 44.502108629044663 ], [ 11.361489173788227, 44.502034333212634 ], [ 11.361388870725344, 44.501939738533743 ], [ 11.361318324773865, 44.501865252144874 ], [ 11.361226965693303, 44.501753205373525 ], [ 11.361084620567185, 44.501573172382827 ], [ 11.36093717141247, 44.501386339798664 ], [ 11.360900358280336, 44.501338820373668 ], [ 11.360796712448792, 44.501204998064381 ], [ 11.360867004520953, 44.501156721940134 ], [ 11.360925179450696, 44.501133282411004 ], [ 11.361323711254862, 44.500962992862576 ], [ 11.361589885918674, 44.500845044389685 ], [ 11.36191241390182, 44.500701892435522 ], [ 11.362350743631911, 44.500504929439309 ], [ 11.363118119303442, 44.500164773498909 ], [ 11.363370158342986, 44.500054855703148 ], [ 11.363601614701832, 44.499955446413502 ], [ 11.36399620636297, 44.499793871562069 ], [ 11.36460955708273, 44.499545021393914 ], [ 11.36486185844122, 44.499442657024524 ], [ 11.365420983891422, 44.499216090897136 ], [ 11.365493105242759, 44.499199192994944 ], [ 11.36556342706014, 44.499171394209291 ], [ 11.365680036054918, 44.499124270883961 ], [ 11.367324276344853, 44.498459841580136 ], [ 11.368484506421419, 44.497986446853531 ], [ 11.369128353578047, 44.497727207795783 ], [ 11.369664746643961, 44.497507880558558 ], [ 11.369843843113419, 44.497435130819859 ], [ 11.370561577664708, 44.497142138478161 ], [ 11.370649028482035, 44.497256500643736 ], [ 11.371091355122838, 44.497080982156902 ], [ 11.372088937821122, 44.496681545213264 ], [ 11.372731722104623, 44.496425683835398 ], [ 11.373157657940153, 44.496254459149071 ], [ 11.373371887060353, 44.496168333847031 ], [ 11.374048879644628, 44.495898718057532 ], [ 11.374422623210219, 44.495747650548431 ], [ 11.374633386443485, 44.49566732960789 ], [ 11.374670951354174, 44.495653575444955 ], [ 11.374706605538643, 44.495637061216435 ], [ 11.374706206362731, 44.495701879087683 ], [ 11.374711418029449, 44.49582929220071 ], [ 11.374717328250444, 44.495943862104262 ], [ 11.374726751325298, 44.496086086869049 ], [ 11.374743593678696, 44.496271630735286 ], [ 11.37476469552654, 44.49646294665969 ], [ 11.374799729091643, 44.4967371475581 ], [ 11.374827767277555, 44.496950276441105 ], [ 11.374888026728508, 44.497405804541827 ], [ 11.374929887508307, 44.497736579555166 ], [ 11.374962730033882, 44.497990237044597 ], [ 11.37498415007348, 44.49815559183326 ], [ 11.375041640844037, 44.498570755811706 ], [ 11.375087347048558, 44.498903251216724 ], [ 11.375094028040815, 44.498968326860933 ], [ 11.375098400872822, 44.499039131153509 ], [ 11.375105811020665, 44.499119369965236 ], [ 11.37511992099695, 44.499219004960956 ], [ 11.375137914667032, 44.499386069450338 ], [ 11.375148325144364, 44.499453462172461 ], [ 11.37523536551625, 44.499721215165614 ], [ 11.375285313145156, 44.500106971428771 ], [ 11.375394035512013, 44.50094057993315 ], [ 11.375438295962251, 44.501282584872548 ], [ 11.375479491076385, 44.501600832763124 ], [ 11.37523889356954, 44.501604317879682 ], [ 11.375175754890895, 44.501608242382915 ], [ 11.375125571609709, 44.501610591919025 ], [ 11.375065536767282, 44.501620321456834 ], [ 11.374932449720484, 44.50165407727166 ], [ 11.374770346982002, 44.501703119761025 ], [ 11.37468094017313, 44.501730204919376 ], [ 11.374613005076364, 44.501756960382437 ], [ 11.374281816419805, 44.501907386374491 ], [ 11.374234721012257, 44.501926308043934 ], [ 11.374187360758334, 44.501938708338365 ], [ 11.373915232635609, 44.50197210480512 ], [ 11.373736679943736, 44.501989366745597 ], [ 11.373681110320202, 44.501701962866854 ], [ 11.373379730225652, 44.501734895014948 ] ] ] ] } },
{ "type": "Feature", "properties": { "codice_area_statistica": 46, "area_statistica": "SCALO MERCI SAN DONATO", "cod_quar": 14, "quartiere": "San Donato - San Vitale", "cod_zona": "Q", "zona": "San Donato" }, "geometry": { "type": "MultiPolygon", "coordinates": [ [ [ [ 11.430606738706297, 44.510900811551835 ], [ 11.430618872877155, 44.510962670784743 ], [ 11.430627784868392, 44.511028730799381 ], [ 11.430631299088937, 44.511055753651306 ], [ 11.430635129706022, 44.511102485355238 ], [ 11.430634524115167, 44.511157503844743 ], [ 11.43063301680257, 44.511236218246921 ], [ 11.430633168456064, 44.51128221805876 ], [ 11.430631988993836, 44.511335538281827 ], [ 11.430622106498104, 44.511412531481774 ], [ 11.430619106663231, 44.511455357480394 ], [ 11.430611237157326, 44.511516922453389 ], [ 11.430599772459127, 44.511601250409463 ], [ 11.430586678918388, 44.511673639653331 ], [ 11.430574497533749, 44.511728634547907 ], [ 11.430561052324554, 44.511792568877389 ], [ 11.430542726786509, 44.511857138271857 ], [ 11.430525045154871, 44.511906938770757 ], [ 11.430503453930946, 44.511968615854038 ], [ 11.430478080376036, 44.512030103390991 ], [ 11.430447828294229, 44.512095295816422 ], [ 11.430419091935915, 44.512157305067866 ], [ 11.430394036279177, 44.512211313698735 ], [ 11.430371629419239, 44.51225338255999 ], [ 11.430343583799434, 44.512302053309185 ], [ 11.430310516316528, 44.512357033728698 ], [ 11.430278185474936, 44.512405525620785 ], [ 11.430255021315883, 44.512441488847031 ], [ 11.430226512380706, 44.512488098843804 ], [ 11.430192355692396, 44.512538069991386 ], [ 11.430131199959181, 44.512622555538073 ], [ 11.430085120490126, 44.512678992239771 ], [ 11.430051184441501, 44.512719145866896 ], [ 11.430009462804195, 44.512768737852362 ], [ 11.429964377008712, 44.512819121642046 ], [ 11.429920364929957, 44.512865071307338 ], [ 11.429883360853346, 44.512907090704161 ], [ 11.429840275748109, 44.512951130069943 ], [ 11.429799713002248, 44.512989264069766 ], [ 11.429760180576812, 44.513024945435049 ], [ 11.42972178309831, 44.513057361710345 ], [ 11.429675095767337, 44.513099497127939 ], [ 11.429645360117229, 44.513125697298655 ], [ 11.429604619946744, 44.513156542939512 ], [ 11.429557717888191, 44.51319049055877 ], [ 11.429513454150889, 44.513221321137941 ], [ 11.429467319749122, 44.513252551616141 ], [ 11.429409062056569, 44.513291782288867 ], [ 11.429350873906856, 44.513329661069186 ], [ 11.429308625882946, 44.513354506986282 ], [ 11.429267486737141, 44.513378789135828 ], [ 11.429209460032872, 44.513411172852628 ], [ 11.429161688330442, 44.513436316316707 ], [ 11.42909894175931, 44.513467450037268 ], [ 11.429011552165495, 44.513505049800038 ], [ 11.429006400094456, 44.513541529732798 ], [ 11.428998644656797, 44.513560780168646 ], [ 11.428973999396117, 44.513603517555893 ], [ 11.428946915156327, 44.513623899491598 ], [ 11.42891071089598, 44.513654918439798 ], [ 11.428870584940041, 44.513688451511655 ], [ 11.428836594711228, 44.513718252993904 ], [ 11.428739521742569, 44.513785947052327 ], [ 11.428632274812449, 44.513851336777506 ], [ 11.428535430981668, 44.513906692294043 ], [ 11.428486022033374, 44.513934841147837 ], [ 11.428417783590676, 44.51397311331899 ], [ 11.428320160307992, 44.514027584979416 ], [ 11.428273511600402, 44.514052524128829 ], [ 11.428213970092024, 44.51408511961219 ], [ 11.42814173347422, 44.51412104598063 ], [ 11.428045602947936, 44.514160280346829 ], [ 11.427984334623803, 44.514184630096423 ], [ 11.42793136291883, 44.514208803343841 ], [ 11.427882325166642, 44.514224700573813 ], [ 11.427825363040039, 44.514246708009445 ], [ 11.427773373134634, 44.514263928338977 ], [ 11.427710375640816, 44.514283003214629 ], [ 11.427630954200993, 44.514309539364838 ], [ 11.427588891047552, 44.514320696836876 ], [ 11.427535076220106, 44.514336695511545 ], [ 11.427455527594523, 44.514360173377788 ], [ 11.427373755945876, 44.514381627875316 ], [ 11.427295962047836, 44.514401917423655 ], [ 11.427236619659439, 44.51441812352342 ], [ 11.42717145121804, 44.514433103091804 ], [ 11.427134030291143, 44.514440920768998 ], [ 11.426818615667365, 44.514492738781897 ], [ 11.426665915614022, 44.514508948796944 ], [ 11.426529750527445, 44.514523096628167 ], [ 11.426233520373886, 44.514540016439426 ], [ 11.425941444993388, 44.514535790220783 ], [ 11.425623632048469, 44.514517436021194 ], [ 11.425282279160879, 44.514486968516252 ], [ 11.425038692804865, 44.514459653492871 ], [ 11.424655475872834, 44.514387221359172 ], [ 11.424500601384226, 44.514354059672236 ], [ 11.424084605712798, 44.514261805022834 ], [ 11.423965480921987, 44.514229044739459 ], [ 11.423706733560129, 44.514151634539857 ], [ 11.42341249641443, 44.514064885362131 ], [ 11.422716615923703, 44.513825263023811 ], [ 11.422005152596478, 44.513561660178752 ], [ 11.421262390430845, 44.513289804254818 ], [ 11.420145846776267, 44.512875085181271 ], [ 11.419465033726381, 44.512624941590687 ], [ 11.418898211524946, 44.512414249290075 ], [ 11.418157888463002, 44.512142861539516 ], [ 11.417646525650811, 44.511961767839729 ], [ 11.417404014625372, 44.5118658142557 ], [ 11.41675554209495, 44.511633514788272 ], [ 11.416307329004381, 44.511494920474007 ], [ 11.416160564338549, 44.51145068267482 ], [ 11.416070569892025, 44.511425399820055 ], [ 11.41600163986408, 44.511407503281198 ], [ 11.415627481878289, 44.511319103542675 ], [ 11.415040846542542, 44.51120098844099 ], [ 11.414942883855709, 44.511203592141797 ], [ 11.41375249079198, 44.51095043802637 ], [ 11.412352394165142, 44.510662227196825 ], [ 11.41230181109009, 44.510735820759415 ], [ 11.411953115525018, 44.510665128029508 ], [ 11.411647780533132, 44.510602799787371 ], [ 11.411309271968113, 44.510551497428047 ], [ 11.411029152155466, 44.510517875173292 ], [ 11.410730179862199, 44.510493247820058 ], [ 11.410419711890558, 44.510480898847376 ], [ 11.410109856073527, 44.510484002494664 ], [ 11.409687338291102, 44.510492931627631 ], [ 11.408963441389508, 44.510535731600839 ], [ 11.408914546689848, 44.510460826889805 ], [ 11.408867645857468, 44.510418424319866 ], [ 11.408809358328629, 44.510381798588107 ], [ 11.408756909255585, 44.51036167734501 ], [ 11.408670236012687, 44.510356115177849 ], [ 11.408459215308289, 44.510339330716086 ], [ 11.408090399242445, 44.510312965156103 ], [ 11.407967422230552, 44.510303550001247 ], [ 11.407810553671569, 44.510285621991159 ], [ 11.407689864427699, 44.510271269891732 ], [ 11.406499067599755, 44.510101502184661 ], [ 11.405341071053474, 44.509942617162849 ], [ 11.404353855811602, 44.509805195418402 ], [ 11.403460234438546, 44.509681242892924 ], [ 11.402287445455043, 44.509522629290082 ], [ 11.401660876485371, 44.50944653539684 ], [ 11.401238073983198, 44.509389279405802 ], [ 11.400191140592318, 44.509257588080672 ], [ 11.399859993828285, 44.509195788979753 ], [ 11.399690629178071, 44.509161709843269 ], [ 11.399553432219061, 44.509125756918976 ], [ 11.399441900786762, 44.509091352933318 ], [ 11.399146812231256, 44.508991550219115 ], [ 11.398382818334916, 44.508713320271248 ], [ 11.398076153266455, 44.508599569975459 ], [ 11.397785508433937, 44.508503703519331 ], [ 11.397650147517155, 44.508471346766122 ], [ 11.39737156283279, 44.50842134604882 ], [ 11.397023380917657, 44.508366081224352 ], [ 11.396461153526817, 44.508294846381411 ], [ 11.396524906096108, 44.507997062639667 ], [ 11.396413004005472, 44.507983900504229 ], [ 11.396395296819472, 44.508042968933076 ], [ 11.395673256876595, 44.507949472808413 ], [ 11.395677820609754, 44.507934972932127 ], [ 11.395393818466928, 44.507896649362166 ], [ 11.395358130511571, 44.507937549674523 ], [ 11.394308924061242, 44.507808066605705 ], [ 11.393803424466395, 44.507746206769106 ], [ 11.392598247321805, 44.507592610862602 ], [ 11.391618215385359, 44.507468855141681 ], [ 11.39140701082772, 44.50744474187421 ], [ 11.391284794074958, 44.507427865673726 ], [ 11.390950255344006, 44.507380767890552 ], [ 11.390651836599142, 44.507343544695338 ], [ 11.390059371904545, 44.507264944248043 ], [ 11.389921469271323, 44.507249016188773 ], [ 11.389381502534318, 44.507186688020873 ], [ 11.388473863800444, 44.507067061521063 ], [ 11.38849111344034, 44.506969202836835 ], [ 11.388357492991245, 44.506952751160632 ], [ 11.388239386178416, 44.506938198387921 ], [ 11.386808271955735, 44.506756507705397 ], [ 11.386475460622629, 44.506717643021538 ], [ 11.386210341219151, 44.506682412788606 ], [ 11.386062435557873, 44.506658676880463 ], [ 11.385894534035007, 44.506625545926873 ], [ 11.38572144395911, 44.506582719373682 ], [ 11.385501882484713, 44.506532482331387 ], [ 11.385296515056432, 44.50646629280903 ], [ 11.385193452865494, 44.50643162586713 ], [ 11.384903127656759, 44.506323998499461 ], [ 11.38464327181306, 44.506214194441569 ], [ 11.384500783637948, 44.506144349231015 ], [ 11.384331088653779, 44.506079834484957 ], [ 11.384097966074384, 44.506008550915418 ], [ 11.383765299092964, 44.505942226477423 ], [ 11.383536283232059, 44.505897584612605 ], [ 11.383546327170013, 44.50586130161215 ], [ 11.383175623147904, 44.505799073624942 ], [ 11.382976021025954, 44.505763089188164 ], [ 11.382363957616178, 44.50568756762074 ], [ 11.382349673659238, 44.505685885165995 ], [ 11.381956692831816, 44.505639710573774 ], [ 11.38191227515598, 44.505630194441032 ], [ 11.381815519311484, 44.50561869148715 ], [ 11.381621577805623, 44.505595631282588 ], [ 11.381538350354921, 44.505585790393141 ], [ 11.381587590517027, 44.505466649424221 ], [ 11.381608376440997, 44.505367313570517 ], [ 11.381619200572818, 44.505368681192998 ], [ 11.38166840285353, 44.505374910705427 ], [ 11.381724155223557, 44.505381966805743 ], [ 11.381798505807634, 44.505391308584251 ], [ 11.381926208577372, 44.50540745931324 ], [ 11.381967810620717, 44.505412712962894 ], [ 11.381985750154994, 44.50540531661931 ], [ 11.382342007473966, 44.505448377437858 ], [ 11.382349593012526, 44.505449299434474 ], [ 11.382702249730302, 44.505493514579648 ], [ 11.382977611951972, 44.505518195209049 ], [ 11.383322885343745, 44.505544827511791 ], [ 11.38353088173262, 44.505555608935431 ], [ 11.383673950971701, 44.505559553458802 ], [ 11.383914917048958, 44.50555793337378 ], [ 11.384094307034077, 44.505551756177326 ], [ 11.384308518620733, 44.505548362373226 ], [ 11.384524017758039, 44.505533048882313 ], [ 11.38487852567604, 44.505502326285651 ], [ 11.385236735077092, 44.505485560241475 ], [ 11.385525322749242, 44.505473317924498 ], [ 11.385667971795263, 44.505467275879887 ], [ 11.385899504919644, 44.505471880460824 ], [ 11.386042056533539, 44.505475472729152 ], [ 11.386143082853243, 44.505475701642887 ], [ 11.386320445845683, 44.505484597598617 ], [ 11.386470216245833, 44.505498922523515 ], [ 11.386641706014439, 44.505518023639247 ], [ 11.386764067726055, 44.505541662720873 ], [ 11.388533273964905, 44.505778388830045 ], [ 11.388655922603267, 44.505793008308864 ], [ 11.388779656665461, 44.505807712972249 ], [ 11.388799968562116, 44.505722933885345 ], [ 11.389542625994912, 44.505824117308549 ], [ 11.391051084669977, 44.506020673340238 ], [ 11.392927425649741, 44.506269896290767 ], [ 11.393785137498069, 44.506375257005523 ], [ 11.394135602367404, 44.506418132348998 ], [ 11.394557791045532, 44.506470314146156 ], [ 11.395252492906835, 44.506547997352179 ], [ 11.395482730163749, 44.506576115349418 ], [ 11.395647778897645, 44.506576342672055 ], [ 11.395844205321664, 44.506565279162089 ], [ 11.396157664192689, 44.5065489769203 ], [ 11.396275149007735, 44.506548941394051 ], [ 11.396726103367056, 44.506507955954355 ], [ 11.396770064498122, 44.506564559298859 ], [ 11.396745128674713, 44.506643675232937 ], [ 11.396862309728853, 44.506659237916956 ], [ 11.396979647205457, 44.506674932234247 ], [ 11.397243717991447, 44.506743027795558 ], [ 11.397377679624707, 44.50676100132884 ], [ 11.397487869749009, 44.506748424143119 ], [ 11.39758723170112, 44.506735624156399 ], [ 11.39762730196674, 44.506737213212119 ], [ 11.397658714113104, 44.506739344215624 ], [ 11.397677105492162, 44.506746069937137 ], [ 11.397709536429788, 44.506766904856001 ], [ 11.397756495485485, 44.506795356853203 ], [ 11.397789987623614, 44.506814458971384 ], [ 11.397811317848028, 44.506819223398338 ], [ 11.397822323332178, 44.50682070270561 ], [ 11.397850245858502, 44.506820566292753 ], [ 11.398619213818357, 44.506795759192734 ], [ 11.399222210656786, 44.506736939767052 ], [ 11.399635730464311, 44.506697296781397 ], [ 11.400510718028706, 44.506690161820082 ], [ 11.400980820606458, 44.506705301964786 ], [ 11.401359046940417, 44.506758338233119 ], [ 11.401951087246907, 44.506885151620693 ], [ 11.404672561810933, 44.50723291480724 ], [ 11.406668721465341, 44.507487192552446 ], [ 11.40694728580052, 44.507523478092125 ], [ 11.407249318458769, 44.50756906282448 ], [ 11.407520781031746, 44.507614643328324 ], [ 11.407868800538749, 44.507693016100077 ], [ 11.408549602586593, 44.507823081277571 ], [ 11.40881726582327, 44.507876850162702 ], [ 11.408990751949011, 44.507916572400291 ], [ 11.409156508924008, 44.507961057807506 ], [ 11.40931795062235, 44.508007974719987 ], [ 11.409463274946296, 44.508054232326067 ], [ 11.409477308723984, 44.508058968530534 ], [ 11.409615221695944, 44.508105490412603 ], [ 11.409802084389387, 44.508170595336672 ], [ 11.409972403460712, 44.508237210561504 ], [ 11.410123069787936, 44.508300108302329 ], [ 11.410258592767651, 44.508358815314047 ], [ 11.410566715299138, 44.508503092742529 ], [ 11.411031252581614, 44.508724188450387 ], [ 11.411250483706336, 44.508826679125015 ], [ 11.411706066234119, 44.509044360203177 ], [ 11.411840602117598, 44.509103455285377 ], [ 11.412001437925785, 44.509159644819064 ], [ 11.41214908406659, 44.509197108446621 ], [ 11.412194341191219, 44.509209403847287 ], [ 11.412421590009915, 44.509259156900583 ], [ 11.412832224459807, 44.509311236083704 ], [ 11.412899766844214, 44.509322420964139 ], [ 11.412955604522436, 44.509331665605508 ], [ 11.413387215267758, 44.509385649043203 ], [ 11.413618393582983, 44.509415051874555 ], [ 11.41372625886099, 44.509422304777658 ], [ 11.413748556095786, 44.509423012626279 ], [ 11.413786436412016, 44.509426352793845 ], [ 11.413932114959346, 44.5094322747481 ], [ 11.414027938060601, 44.509434290464149 ], [ 11.414050364342677, 44.509435076547632 ], [ 11.414239567744715, 44.509429004481795 ], [ 11.414505087315398, 44.509409254444172 ], [ 11.414619915412402, 44.509397759940789 ], [ 11.414647027024307, 44.509383142450972 ], [ 11.414755244081636, 44.50937363318171 ], [ 11.414845667119977, 44.509366444799774 ], [ 11.414935275852391, 44.509356599814346 ], [ 11.415020574445398, 44.509344442264592 ], [ 11.415096889360878, 44.509331043316415 ], [ 11.415178757557401, 44.509314420938189 ], [ 11.415268257050476, 44.509294324090575 ], [ 11.415382502093872, 44.509264466938241 ], [ 11.415459876172825, 44.509243519198023 ], [ 11.415694849655596, 44.509159873431855 ], [ 11.415856850041042, 44.509085864911995 ], [ 11.415920336366876, 44.509055524028867 ], [ 11.415943647676315, 44.50904393950097 ], [ 11.416081925448067, 44.508975231106433 ], [ 11.416192771089099, 44.508924640184681 ], [ 11.416321294378195, 44.508878662369476 ], [ 11.416446172008987, 44.508839450484999 ], [ 11.416576709595999, 44.508806600481229 ], [ 11.416708593399132, 44.508778016046143 ], [ 11.416809182173177, 44.508759915844578 ], [ 11.416910481645695, 44.508747139022724 ], [ 11.417079280837424, 44.508731735497079 ], [ 11.41745443074125, 44.508696027266467 ], [ 11.417644587894209, 44.508678406079774 ], [ 11.419044465974631, 44.50854874799186 ], [ 11.419384799848643, 44.508517219207064 ], [ 11.421006594988732, 44.508358184274641 ], [ 11.421865911288563, 44.508282906376962 ], [ 11.421994296424472, 44.508281100645242 ], [ 11.422440789031082, 44.508292854158356 ], [ 11.423084230770833, 44.508306439068065 ], [ 11.423272326117603, 44.50829195814508 ], [ 11.423246131143827, 44.508126516091274 ], [ 11.423910436856904, 44.508107811374714 ], [ 11.423909899706491, 44.508034181864474 ], [ 11.424036060197285, 44.508042756009097 ], [ 11.424045859387068, 44.508006024540819 ], [ 11.424536852081829, 44.50805731833983 ], [ 11.424719724582626, 44.50804949082238 ], [ 11.424930984421451, 44.507820731381813 ], [ 11.425228878419361, 44.507862917412204 ], [ 11.425217099707421, 44.507909530834546 ], [ 11.425307892761145, 44.507920745526334 ], [ 11.42532619613524, 44.50788281597054 ], [ 11.426377605927753, 44.508024300207794 ], [ 11.426760881874161, 44.508083662685664 ], [ 11.427181489643779, 44.508145561024065 ], [ 11.427415805566852, 44.508183520622175 ], [ 11.427623972148538, 44.508227968551587 ], [ 11.427726017703923, 44.508243533309326 ], [ 11.428041158435789, 44.50834071089826 ], [ 11.428218566490802, 44.508398784682541 ], [ 11.429292551818424, 44.508990744790246 ], [ 11.429359430794594, 44.509042202465515 ], [ 11.429390362897255, 44.509066022095467 ], [ 11.429513406688194, 44.509172064152231 ], [ 11.429635406704261, 44.509283250744581 ], [ 11.42980833357654, 44.509457370328434 ], [ 11.429886030489284, 44.509536910448091 ], [ 11.429955592144896, 44.509622304307136 ], [ 11.430130427016023, 44.509848318509412 ], [ 11.430168485726396, 44.509898282664224 ], [ 11.430219132979051, 44.50994842892333 ], [ 11.430261720696169, 44.509998386648739 ], [ 11.430300078442903, 44.510055537432144 ], [ 11.430326312875431, 44.510102512360788 ], [ 11.430358343616113, 44.51015575568529 ], [ 11.430387363672061, 44.510206182285408 ], [ 11.430412671202841, 44.510255067464442 ], [ 11.430433808285409, 44.510303501281349 ], [ 11.430460851263831, 44.510363863763466 ], [ 11.430483886602243, 44.51041558809689 ], [ 11.430502450537825, 44.510468397913819 ], [ 11.430519965630429, 44.5105265415663 ], [ 11.430537263025601, 44.510585500080744 ], [ 11.430553425840516, 44.510638352012151 ], [ 11.430562642824068, 44.510669394612925 ], [ 11.430570999214115, 44.510725122532222 ], [ 11.430586382788261, 44.510786462452444 ], [ 11.430599213520754, 44.510843895605603 ], [ 11.430606738706297, 44.510900811551835 ] ] ] ] } },
{ "type": "Feature", "properties": { "codice_area_statistica": 22, "area_statistica": "LA DOZZA", "cod_quar": 12, "quartiere": "Navile", "cod_zona": "E", "zona": "Corticella" }, "geometry": { "type": "MultiPolygon", "coordinates": [ [ [ [ 11.366839671902827, 44.528399997636356 ], [ 11.366886550115339, 44.528857785908251 ], [ 11.36689557292412, 44.529275190466123 ], [ 11.366858011994761, 44.529405461756376 ], [ 11.366562491000998, 44.529416396218878 ], [ 11.366339765925769, 44.529451964243705 ], [ 11.36615613202258, 44.529482922473285 ], [ 11.365884228223489, 44.529537865163419 ], [ 11.365377701062254, 44.529655636534827 ], [ 11.364908299539566, 44.529779658490881 ], [ 11.364537200666682, 44.529903406793323 ], [ 11.364115171360254, 44.530044035149309 ], [ 11.363777620258032, 44.530145984239148 ], [ 11.363831216888338, 44.530255659569164 ], [ 11.363824487679617, 44.530271616371358 ], [ 11.363761059685347, 44.530283480787872 ], [ 11.363655942214908, 44.530297972915193 ], [ 11.36354569429378, 44.530307286686224 ], [ 11.363219963511961, 44.530336888074785 ], [ 11.362815473242783, 44.53036461682396 ], [ 11.362548466548514, 44.530387725258457 ], [ 11.362033823146982, 44.530426517467838 ], [ 11.361847576394506, 44.530440922148848 ], [ 11.361685830172169, 44.530453073140478 ], [ 11.36136521469764, 44.530487838884774 ], [ 11.361164372012791, 44.530506064377057 ], [ 11.360303376454087, 44.530619261347091 ], [ 11.359424737168663, 44.529278204771572 ], [ 11.359283150913937, 44.529050648228427 ], [ 11.358912252404807, 44.52848677829828 ], [ 11.358430268284382, 44.527743504020499 ], [ 11.358037971069237, 44.527138562524172 ], [ 11.357830734332897, 44.526917050555525 ], [ 11.357649224138592, 44.526716171827623 ], [ 11.357104942466654, 44.526085206734983 ], [ 11.35717430597745, 44.526051482313449 ], [ 11.357355142977244, 44.525967265243253 ], [ 11.357515290269601, 44.525888336555404 ], [ 11.35769175445358, 44.525804929463163 ], [ 11.357840704900816, 44.525735144093559 ], [ 11.357989141754571, 44.525662308273915 ], [ 11.358144721565449, 44.525588424446752 ], [ 11.358320110380397, 44.525506479001443 ], [ 11.358375257436832, 44.525480051530721 ], [ 11.358451959880759, 44.525443302895795 ], [ 11.358466391705793, 44.525436387853851 ], [ 11.360722422071758, 44.524358593700249 ], [ 11.360763280874966, 44.524400285721065 ], [ 11.360821596061323, 44.524459783834892 ], [ 11.361180076262464, 44.52480504395465 ], [ 11.361344081546568, 44.524946925462778 ], [ 11.36156003617875, 44.525126812048356 ], [ 11.361864228359629, 44.525376001638207 ], [ 11.362071037247325, 44.52551915705164 ], [ 11.362464086312643, 44.525771637764613 ], [ 11.362986064601861, 44.526091911163434 ], [ 11.363094242380452, 44.526157298856987 ], [ 11.363316323543007, 44.52628618189371 ], [ 11.363511341803514, 44.52638844617109 ], [ 11.364717818259512, 44.527116323875994 ], [ 11.365340295066256, 44.527488753766811 ], [ 11.365498517722688, 44.527583422709739 ], [ 11.365705455989218, 44.527731529189971 ], [ 11.365855505327126, 44.527849638580747 ], [ 11.36591842807375, 44.527908957533484 ], [ 11.365981993816524, 44.527983837513894 ], [ 11.366223113558522, 44.527959790238377 ], [ 11.366415368802974, 44.527924620035044 ], [ 11.366510795569873, 44.527889737461415 ], [ 11.366612776384073, 44.527837398044255 ], [ 11.366685372932656, 44.527786955126579 ], [ 11.366752219565715, 44.527706418861477 ], [ 11.366795150657262, 44.527965260956478 ], [ 11.366839671902827, 44.528399997636356 ] ] ] ] } },
{ "type": "Feature", "properties": { "codice_area_statistica": 60, "area_statistica": "IRNERIO-1", "cod_quar": 15, "quartiere": "Santo Stefano", "cod_zona": "H", "zona": "Irnerio" }, "geometry": { "type": "MultiPolygon", "coordinates": [ [ [ [ 11.350193953208244, 44.496099522197035 ], [ 11.350396522894021, 44.496171864439262 ], [ 11.350090626219409, 44.496423482731778 ], [ 11.350060067040033, 44.496447716621987 ], [ 11.349857512347132, 44.496608333265982 ], [ 11.349730838848355, 44.496684086753824 ], [ 11.349495260735884, 44.49680828286489 ], [ 11.349362111782796, 44.496878479587885 ], [ 11.349067265573565, 44.497052814602419 ], [ 11.348765329178198, 44.497302448275107 ], [ 11.348525631402662, 44.497523054744178 ], [ 11.348458845473941, 44.497563256868055 ], [ 11.348362753233335, 44.497636687195303 ], [ 11.348264376085991, 44.497712424091659 ], [ 11.348025511604355, 44.497852376253384 ], [ 11.3476747315192, 44.498034186956041 ], [ 11.347209872279159, 44.498252885215052 ], [ 11.347018745779019, 44.498348524253707 ], [ 11.346981027771486, 44.49838812786151 ], [ 11.346750344638991, 44.498477269628971 ], [ 11.346569348526964, 44.498511941248744 ], [ 11.346448253496062, 44.498550440765179 ], [ 11.346364772379671, 44.498585916378993 ], [ 11.345778597565296, 44.498808398681057 ], [ 11.34535085419353, 44.498904404714636 ], [ 11.344831143177451, 44.499000614811209 ], [ 11.344357025429352, 44.499077313884506 ], [ 11.344176163905637, 44.499095657266437 ], [ 11.344108406992197, 44.499091989207045 ], [ 11.343987167305373, 44.499087726832272 ], [ 11.343872688051535, 44.499075448263113 ], [ 11.343782711423506, 44.499066609626247 ], [ 11.343604809089157, 44.498472733994106 ], [ 11.343354637605168, 44.497605204746606 ], [ 11.343184064799878, 44.497037060283319 ], [ 11.343169784950714, 44.496994591138751 ], [ 11.343031276315486, 44.496539436818047 ], [ 11.342977719113831, 44.496360493445032 ], [ 11.342770048459089, 44.495572546390122 ], [ 11.34275496778508, 44.495529535459099 ], [ 11.342726854414842, 44.495416454808051 ], [ 11.342586201694091, 44.494907895497121 ], [ 11.342627352007652, 44.4948952396403 ], [ 11.342677444564073, 44.494870012699494 ], [ 11.342736328662344, 44.494848548443059 ], [ 11.342810989262297, 44.494828443854587 ], [ 11.342926413654805, 44.494805819092406 ], [ 11.343612331671466, 44.494698994411777 ], [ 11.343946709932032, 44.494647575237281 ], [ 11.344072917029189, 44.494627572726536 ], [ 11.344679554323106, 44.49453518025544 ], [ 11.345406868541257, 44.494422327024388 ], [ 11.345908138349131, 44.494337746478479 ], [ 11.346186450286202, 44.494299392332728 ], [ 11.346359013050513, 44.494270521267339 ], [ 11.346428141292888, 44.494259287539045 ], [ 11.346505150118695, 44.494191490586864 ], [ 11.346562481418474, 44.494149872478388 ], [ 11.3466258955086, 44.494123811800911 ], [ 11.346825244622647, 44.494057253724911 ], [ 11.347381396589396, 44.493851695985903 ], [ 11.347631376936071, 44.493753711615099 ], [ 11.34770734458397, 44.493727392163649 ], [ 11.347907370109763, 44.493658009476114 ], [ 11.347987367109489, 44.49362805094114 ], [ 11.348011152070116, 44.493619306342815 ], [ 11.348310730939259, 44.493503978596486 ], [ 11.348834482851103, 44.493294587984998 ], [ 11.349279235551503, 44.493114377710548 ], [ 11.349519218780149, 44.493022230554146 ], [ 11.350035694588705, 44.492827604373666 ], [ 11.350969323824183, 44.492489904780243 ], [ 11.351089721367368, 44.492446013253762 ], [ 11.351334514017397, 44.492354753502134 ], [ 11.351642739175789, 44.492249276777144 ], [ 11.35161650390196, 44.492315293050517 ], [ 11.351606206751111, 44.492348850756159 ], [ 11.351642819030507, 44.492462717449762 ], [ 11.351691064911503, 44.492649454464818 ], [ 11.351727488430489, 44.492832122774345 ], [ 11.351760783414292, 44.493014864523182 ], [ 11.35173925651406, 44.493202669817869 ], [ 11.351784902964232, 44.493458294088335 ], [ 11.351818152491958, 44.493561696961663 ], [ 11.351877575810674, 44.493808034761003 ], [ 11.351900178824156, 44.493939114834092 ], [ 11.351942124533569, 44.494113314867739 ], [ 11.352035478337749, 44.494190650174382 ], [ 11.3520503002695, 44.494271476064178 ], [ 11.351937133669701, 44.49472167725127 ], [ 11.351873054272952, 44.494789949692979 ], [ 11.351388709798906, 44.495236552769931 ], [ 11.350820024229092, 44.495775474658984 ], [ 11.35079756742493, 44.495803503027709 ], [ 11.350634166374078, 44.495962729583859 ], [ 11.350563124137096, 44.496033395302668 ], [ 11.350343430796823, 44.495946209563463 ], [ 11.350193953208244, 44.496099522197035 ] ] ] ] } }
]
}
