{
"type": "FeatureCollection",
"name": "autostrada",
"crs": { "type": "name", "properties": { "name": "urn:ogc:def:crs:OGC:1.3:CRS84" } },
"features": [
{ "type": "Feature", "properties": { "SIGLA": "Ra", "COD_1": 1, "COD_2": 2, "COD_3": 2, "COD_4": 1, "COD_TOT": 1221, "DESCR": "Autostrade e superstrade", "HECTARES": 44.075552830569997 }, "geometry": { "type": "MultiPolygon", "coordinates": [ [ [ [ 11.271665472255787, 44.490725095895648 ], [ 11.271505198950354, 44.490736567507732 ], [ 11.271406303356246, 44.490750365334485 ], [ 11.271403848637984, 44.490755379717704 ], [ 11.271335226239449, 44.490911801198074 ], [ 11.271278239891549, 44.490986775129237 ], [ 11.271197517198672, 44.491050312383095 ], [ 11.271063776986882, 44.491119667364714 ], [ 11.270974462114189, 44.491133353825973 ], [ 11.27089161274569, 44.491142147449963 ], [ 11.270781793118228, 44.491141949783731 ], [ 11.270684627387189, 44.491124827732818 ], [ 11.270573606238713, 44.491093688315857 ], [ 11.270471729088159, 44.491040930338144 ], [ 11.270424968614687, 44.490984755370185 ], [ 11.270418967798241, 44.490973576271038 ], [ 11.270400483354566, 44.490976784704145 ], [ 11.270230823547676, 44.490999514401381 ], [ 11.270127408518734, 44.491011293751136 ], [ 11.27007913775353, 44.491016781953519 ], [ 11.269961246342344, 44.49103017240283 ], [ 11.26984737391823, 44.491054763074068 ], [ 11.269803089588294, 44.491068138126195 ], [ 11.269804202890631, 44.491070175800573 ], [ 11.270298273058367, 44.492281541909598 ], [ 11.27026103543742, 44.492278370579463 ], [ 11.270110250007765, 44.492144406577147 ], [ 11.269893193439026, 44.492017716162536 ], [ 11.269643347087264, 44.491903586074834 ], [ 11.269332426463418, 44.491823421979113 ], [ 11.268896190475227, 44.491738176807971 ], [ 11.26900447157573, 44.491732016108436 ], [ 11.269102182981685, 44.491721217776906 ], [ 11.269201351296569, 44.491700160983157 ], [ 11.26931624353287, 44.491662947122855 ], [ 11.2693973799399, 44.491626326376675 ], [ 11.26950748132213, 44.491557777646193 ], [ 11.269612393372913, 44.491461075405304 ], [ 11.269702572521403, 44.491330608425066 ], [ 11.26975285689962, 44.49118507929591 ], [ 11.26976089772733, 44.49108088119673 ], [ 11.269680339865916, 44.491105211825584 ], [ 11.269674671899258, 44.491213861723224 ], [ 11.269637925776202, 44.491304301499945 ], [ 11.269565532733084, 44.491398970417578 ], [ 11.269505494789001, 44.491459712900671 ], [ 11.269339586541159, 44.491579130669621 ], [ 11.269130036133891, 44.491645821597018 ], [ 11.26897197882292, 44.491645986658106 ], [ 11.268813458378284, 44.491634248770865 ], [ 11.268679878715515, 44.491622017346309 ], [ 11.268569966163426, 44.491576562665507 ], [ 11.268460053744334, 44.491531106975685 ], [ 11.268353840269572, 44.491445127260498 ], [ 11.268298308461958, 44.491332393784035 ], [ 11.268286142801173, 44.49126067701738 ], [ 11.268307498738203, 44.491130208569835 ], [ 11.268366533325343, 44.491029769092258 ], [ 11.268459462519251, 44.490948281635596 ], [ 11.268539678410571, 44.490899194407653 ], [ 11.268582049855794, 44.490887610663727 ], [ 11.268531519894719, 44.490768228752835 ], [ 11.26848486777183, 44.490782190348583 ], [ 11.268416480464136, 44.490798216062167 ], [ 11.267521865562871, 44.490985924149015 ], [ 11.267048886083234, 44.491089144992792 ], [ 11.267029778025904, 44.49105617994428 ], [ 11.267115700780433, 44.491033093491041 ], [ 11.267511158490052, 44.490926269392155 ], [ 11.268001923866681, 44.490775474654775 ], [ 11.268260008410767, 44.490686002580013 ], [ 11.268419093199578, 44.490635234628286 ], [ 11.268468369345062, 44.490619029483113 ], [ 11.268414953872067, 44.490492830271762 ], [ 11.268364737480669, 44.490511043867301 ], [ 11.26829803525268, 44.490526539071475 ], [ 11.268139317499424, 44.49055255923092 ], [ 11.267884472069287, 44.49057096130727 ], [ 11.267524850601481, 44.490564765242588 ], [ 11.267207790683086, 44.490557723940107 ], [ 11.266994396493091, 44.490546717635134 ], [ 11.26674908376183, 44.490536344288827 ], [ 11.266608102347508, 44.490539143844558 ], [ 11.266475837633367, 44.490560824463792 ], [ 11.266317859391997, 44.490605882720686 ], [ 11.266218399952985, 44.490649780018344 ], [ 11.266124703912105, 44.490704994851313 ], [ 11.266055242877995, 44.490767351393323 ], [ 11.265950460616214, 44.490879953185043 ], [ 11.265890232374863, 44.490974521267113 ], [ 11.265858750877117, 44.491055178599623 ], [ 11.26583739208106, 44.491122297838729 ], [ 11.265841375322085, 44.4912251185524 ], [ 11.26533728405906, 44.491338021952338 ], [ 11.265332928162206, 44.491294281299105 ], [ 11.26542610941328, 44.491225736728644 ], [ 11.265531114620078, 44.491118847505327 ], [ 11.265648831372348, 44.490996461995628 ], [ 11.265731892097856, 44.490872858005275 ], [ 11.265865126477934, 44.490738731038171 ], [ 11.265926532650989, 44.490674628809565 ], [ 11.266069146886739, 44.490576520129572 ], [ 11.266179172949357, 44.490530509043118 ], [ 11.266331387467579, 44.490474131571659 ], [ 11.266465869557509, 44.490440972247114 ], [ 11.266590374195912, 44.490425161436661 ], [ 11.266837683762086, 44.490418345919352 ], [ 11.267085582604654, 44.490426762776103 ], [ 11.267301708094729, 44.49043962042623 ], [ 11.26748835404336, 44.490447347141988 ], [ 11.267661625400876, 44.490453432723776 ], [ 11.267861569642912, 44.49046089447102 ], [ 11.267994645928853, 44.490460156337789 ], [ 11.268132450860316, 44.490444079407226 ], [ 11.268222669011323, 44.490436569943157 ], [ 11.268322163875043, 44.490414220075841 ], [ 11.268377214579383, 44.490403667549678 ], [ 11.268374547028364, 44.490397365202888 ], [ 11.268341601191894, 44.490324562782604 ], [ 11.268286766958248, 44.490336015412652 ], [ 11.268222487177805, 44.49035248417357 ], [ 11.26813520562292, 44.490354218740684 ], [ 11.267960986126591, 44.490366612099244 ], [ 11.267682169215016, 44.490363218438567 ], [ 11.26729402118146, 44.490329243850312 ], [ 11.266904616994287, 44.49030255235985 ], [ 11.266771194119787, 44.490329932676644 ], [ 11.266087209495192, 44.490474038189291 ], [ 11.265861353120966, 44.490604814648052 ], [ 11.265584709728607, 44.490872318946195 ], [ 11.265353320243952, 44.491127013742627 ], [ 11.265146646824249, 44.491268077245977 ], [ 11.264929123805397, 44.491343850921069 ], [ 11.264727305841451, 44.491395493905017 ], [ 11.26438468724716, 44.491469124607541 ], [ 11.264269403588274, 44.491493899088077 ], [ 11.261590316663408, 44.492023391626986 ], [ 11.261338238034782, 44.49153348447166 ], [ 11.261182659544778, 44.491575070135198 ], [ 11.260331401472731, 44.491823379367922 ], [ 11.259932402980526, 44.491940434331703 ], [ 11.25984873913818, 44.491965236895474 ], [ 11.260022140726008, 44.492346236179316 ], [ 11.259679798636361, 44.492421492883466 ], [ 11.258739594033869, 44.492633632084711 ], [ 11.257881248341162, 44.492811392676884 ], [ 11.257442841731642, 44.492876633905738 ], [ 11.257215613042623, 44.492916855398967 ], [ 11.256821894222902, 44.49295441352016 ], [ 11.256446342620084, 44.492968511742035 ], [ 11.256363282414695, 44.492977238255897 ], [ 11.256034283647379, 44.493071912918836 ], [ 11.25571640633148, 44.493164889468815 ], [ 11.255420083966454, 44.493251772018468 ], [ 11.255463188106816, 44.493252083555348 ], [ 11.255561778129577, 44.493257604356764 ], [ 11.25562254372859, 44.493261006642236 ], [ 11.255866810846694, 44.493252606949007 ], [ 11.256216097612842, 44.493249277520164 ], [ 11.256299077985943, 44.493241104134157 ], [ 11.256579107057608, 44.493213519997902 ], [ 11.256937127932783, 44.49317785911807 ], [ 11.257304573066001, 44.493127719362789 ], [ 11.257894845931455, 44.493029772211216 ], [ 11.25798903198063, 44.49301414239207 ], [ 11.258598395724331, 44.492894901199179 ], [ 11.261322613677255, 44.492338413628097 ], [ 11.262053953680647, 44.492188462149826 ], [ 11.262297755534233, 44.49282941426933 ], [ 11.262927262197898, 44.492712031660787 ], [ 11.262947465208084, 44.492764135412884 ], [ 11.263175337824951, 44.492719124764271 ], [ 11.262947506886718, 44.492211626627565 ], [ 11.262949939661913, 44.492140017610986 ], [ 11.262990679935958, 44.492074897364745 ], [ 11.263057930298979, 44.492006870055235 ], [ 11.263084440882201, 44.491977166529672 ], [ 11.264380022978349, 44.491711497159955 ], [ 11.264508276244696, 44.491685197571144 ], [ 11.265264238743455, 44.491530173383772 ], [ 11.265289520900563, 44.491529046563791 ], [ 11.265697750329682, 44.491510851973082 ], [ 11.265839063571141, 44.491550922557067 ], [ 11.26618915845599, 44.491697608882085 ], [ 11.266482317263474, 44.491791830660468 ], [ 11.266957390647365, 44.491814554281014 ], [ 11.267998982157145, 44.491772428117436 ], [ 11.268104474935404, 44.491775988657729 ], [ 11.268398826835439, 44.491785921376341 ], [ 11.268854920061044, 44.49183402491358 ], [ 11.269197129979812, 44.491905827653483 ], [ 11.269294716629947, 44.491932411292986 ], [ 11.269514952949539, 44.491992404920268 ], [ 11.269758518850853, 44.492094750113083 ], [ 11.269967724581614, 44.49221206979712 ], [ 11.270123176578924, 44.492359040471619 ], [ 11.270279181380882, 44.492520292096238 ], [ 11.270328495744348, 44.492648523485464 ], [ 11.27035690842056, 44.492722402219457 ], [ 11.27059411198546, 44.493989402794355 ], [ 11.270621024912451, 44.494166093163372 ], [ 11.270902293172526, 44.496012686624823 ], [ 11.270978513747501, 44.496690022471405 ], [ 11.271096773003727, 44.497578178583808 ], [ 11.271218130450757, 44.498489573593723 ], [ 11.271279246123237, 44.49877776386905 ], [ 11.271335268134493, 44.499128622848524 ], [ 11.27144416971942, 44.499810625952904 ], [ 11.271532582311558, 44.500357139925079 ], [ 11.271717542937179, 44.501500392972808 ], [ 11.271812928722991, 44.502108624085132 ], [ 11.271813151140671, 44.502110042029045 ], [ 11.272478659908144, 44.502058280503078 ], [ 11.272393674007866, 44.501490204870599 ], [ 11.272393507497315, 44.501489092794614 ], [ 11.272355586551484, 44.501197310052099 ], [ 11.272311384442032, 44.500857195372653 ], [ 11.272256763483361, 44.500436911561792 ], [ 11.272196964261845, 44.499976770335202 ], [ 11.272098705047682, 44.499220665487485 ], [ 11.272086341756721, 44.49912552629101 ], [ 11.272039807424809, 44.498767433458369 ], [ 11.271832440087156, 44.497542298614583 ], [ 11.271702888773268, 44.496776882239395 ], [ 11.271363358888161, 44.494589871417936 ], [ 11.271129445223195, 44.493065319408288 ], [ 11.271118938234897, 44.49300360488035 ], [ 11.271051847504134, 44.492609531197758 ], [ 11.270897216083391, 44.491969482790488 ], [ 11.270915223659534, 44.491790479407705 ], [ 11.270982691297684, 44.491599773144863 ], [ 11.271115552690445, 44.491422056180809 ], [ 11.27124605923076, 44.491312273747155 ], [ 11.271385571304606, 44.491177299650317 ], [ 11.271520371072777, 44.491049565300081 ], [ 11.271639792015437, 44.490911418813546 ], [ 11.271715780258786, 44.490740347635864 ], [ 11.271720728919547, 44.490719904309934 ], [ 11.271665472255787, 44.490725095895648 ] ], [ [ 11.268281517841457, 44.490952225212155 ], [ 11.268234275159339, 44.49103606836173 ], [ 11.268202839161642, 44.491104620845988 ], [ 11.268179903753262, 44.491184717288057 ], [ 11.268171105814824, 44.491224775439406 ], [ 11.268182270479537, 44.491314849057304 ], [ 11.268202203626377, 44.491375062095365 ], [ 11.268227896544182, 44.49142440366618 ], [ 11.268286802829607, 44.491505435734908 ], [ 11.268324508870878, 44.491575484230196 ], [ 11.267549008663089, 44.491313990156875 ], [ 11.267108619648061, 44.491189293976952 ], [ 11.267526914248032, 44.491104727149732 ], [ 11.268281517841457, 44.490952225212155 ] ], [ [ 11.26680639353401, 44.491257104061845 ], [ 11.266979599400456, 44.491264197547395 ], [ 11.267133799921755, 44.491288819813334 ], [ 11.267422735445177, 44.49137566104713 ], [ 11.268013236196827, 44.491577877102685 ], [ 11.268210784719601, 44.491646224811042 ], [ 11.267492190754567, 44.491672409371297 ], [ 11.266968949304442, 44.491694710945978 ], [ 11.266648446206792, 44.491689165187729 ], [ 11.266472955013727, 44.491668830002467 ], [ 11.266325407387249, 44.491618165839036 ], [ 11.266181208721353, 44.491546591759146 ], [ 11.266015428372286, 44.491396410771856 ], [ 11.266698836313557, 44.491266316300305 ], [ 11.26680639353401, 44.491257104061845 ] ], [ [ 11.26643446897692, 44.491103792780329 ], [ 11.265946960863364, 44.491206826883413 ], [ 11.265944805147948, 44.491176222023242 ], [ 11.265951369022346, 44.491054137380154 ], [ 11.265977166297155, 44.49097268279484 ], [ 11.26603710274161, 44.490878702016566 ], [ 11.266087508886978, 44.490823186822141 ], [ 11.266137268640222, 44.490775560623206 ], [ 11.266172152989347, 44.490747638136114 ], [ 11.266259115105866, 44.490699258413194 ], [ 11.266320916706119, 44.490672821252538 ], [ 11.266396870790924, 44.490644765125829 ], [ 11.266503922255547, 44.490617472047369 ], [ 11.266627160810422, 44.490602959288843 ], [ 11.266807440704794, 44.490599358090385 ], [ 11.267104958977647, 44.490618131873013 ], [ 11.26734146583431, 44.490629084588484 ], [ 11.267579980315064, 44.490641504803229 ], [ 11.267764547709886, 44.490645785765579 ], [ 11.268064385754975, 44.490645692364474 ], [ 11.267610951647828, 44.490792210956258 ], [ 11.267019527881367, 44.490955716401515 ], [ 11.26643446897692, 44.491103792780329 ] ] ] ] } },
{ "type": "Feature", "properties": { "SIGLA": "Ra", "COD_1": 1, "COD_2": 2, "COD_3": 2, "COD_4": 1, "COD_TOT": 1221, "DESCR": "Autostrade e superstrade", "HECTARES": 37.947121978479998 }, "geometry": { "type": "MultiPolygon", "coordinates": [ [ [ [ 11.240922620879795, 44.522443767077938 ], [ 11.240891831454071, 44.522491603154535 ], [ 11.241164164023344, 44.522586219163706 ], [ 11.240927652367912, 44.522930287639674 ], [ 11.240660353792588, 44.522838203378704 ], [ 11.240566067628809, 44.522940684926027 ], [ 11.240528371509274, 44.522978218235252 ], [ 11.240462312240727, 44.52304399105806 ], [ 11.240411679940236, 44.523095309058334 ], [ 11.240407277540291, 44.523099039916303 ], [ 11.240420695488247, 44.523103956268983 ], [ 11.240595683406399, 44.523171155323801 ], [ 11.240709308519332, 44.523214789511762 ], [ 11.240741194506329, 44.523227034729828 ], [ 11.240893829388904, 44.523300261041797 ], [ 11.241056404088548, 44.523436997781644 ], [ 11.241281539633727, 44.523707690470758 ], [ 11.241360319832472, 44.523789661760723 ], [ 11.241520827331096, 44.523956668274799 ], [ 11.241839141693037, 44.524182656203159 ], [ 11.242112465896374, 44.524277329177607 ], [ 11.242231895726357, 44.52431100640603 ], [ 11.242348676236977, 44.524384423261708 ], [ 11.242455456750342, 44.524397673244366 ], [ 11.242814015270334, 44.524442162649024 ], [ 11.242995020654082, 44.524464621453468 ], [ 11.243381310651371, 44.524535634716308 ], [ 11.243673777768548, 44.524608491137251 ], [ 11.24390064515166, 44.52468978143613 ], [ 11.244084054915257, 44.524767379104183 ], [ 11.2441812415189, 44.524830606289065 ], [ 11.244252020678164, 44.524904960360523 ], [ 11.244251020442626, 44.524953461187799 ], [ 11.244171668461293, 44.525097936964407 ], [ 11.245189711737833, 44.525456770644745 ], [ 11.245746245076365, 44.525652927974079 ], [ 11.245825557449637, 44.525682502930337 ], [ 11.246042795563566, 44.525443846690955 ], [ 11.246388026466361, 44.52555519820136 ], [ 11.246613265896602, 44.525663192657809 ], [ 11.24676204825932, 44.525791747767457 ], [ 11.246833130212011, 44.525908491634958 ], [ 11.246847437730604, 44.526003487785232 ], [ 11.246855346513332, 44.526155826064311 ], [ 11.246760567110314, 44.526792187717355 ], [ 11.246738343015863, 44.526906956789055 ], [ 11.24670754902793, 44.526984606095404 ], [ 11.246756014930487, 44.526966247359461 ], [ 11.247016779445138, 44.526896446628804 ], [ 11.247354898168471, 44.526781456521562 ], [ 11.247307386192782, 44.526779729630967 ], [ 11.24723241934778, 44.526769772599756 ], [ 11.247130174656622, 44.526743201619567 ], [ 11.247051301441815, 44.526700926541196 ], [ 11.24700895858302, 44.526638877531866 ], [ 11.246997824298644, 44.526557157656292 ], [ 11.247023317091212, 44.52643499534669 ], [ 11.247050761045362, 44.526196262150833 ], [ 11.247131956501965, 44.526056511209887 ], [ 11.247196117815133, 44.525993319387318 ], [ 11.247333659062253, 44.525933444177888 ], [ 11.247442080550352, 44.525895581548113 ], [ 11.247584596265353, 44.525878484325652 ], [ 11.247697624737967, 44.525873877111572 ], [ 11.248435235651929, 44.526092780623451 ], [ 11.248938283471475, 44.526242945684224 ], [ 11.248968223075217, 44.526232762558614 ], [ 11.249759765456076, 44.52597547742706 ], [ 11.249606387195588, 44.525898486778374 ], [ 11.2491396887382, 44.525711173766382 ], [ 11.248915291728729, 44.525590542822655 ], [ 11.248817308676372, 44.525510296666333 ], [ 11.248735944594785, 44.525437702488581 ], [ 11.248673282909714, 44.525332225875594 ], [ 11.248649205662071, 44.52526028934188 ], [ 11.248639191812568, 44.525138532164263 ], [ 11.248673692651352, 44.5249968422834 ], [ 11.248785894511379, 44.524866960346159 ], [ 11.248883664989815, 44.524777379056459 ], [ 11.248962048271228, 44.524737724222327 ], [ 11.249085017779464, 44.524680040855138 ], [ 11.249219588367525, 44.524646901233417 ], [ 11.249357331644028, 44.524627037647512 ], [ 11.249511778880928, 44.524625898838302 ], [ 11.249699265244049, 44.524652693360608 ], [ 11.249833959630978, 44.524691960822587 ], [ 11.24997270877571, 44.524767353726538 ], [ 11.250071826798504, 44.524851149537909 ], [ 11.250141741484205, 44.524937426192807 ], [ 11.250330997850455, 44.525217621974726 ], [ 11.250504361088231, 44.52550003676749 ], [ 11.250535838489986, 44.525556582370037 ], [ 11.250521314856879, 44.525663579814854 ], [ 11.250479609800546, 44.525741491325135 ], [ 11.250888186222499, 44.525608679561678 ], [ 11.250987025298988, 44.525576549868433 ], [ 11.250975499281928, 44.525519410855061 ], [ 11.250903637657073, 44.525513560341068 ], [ 11.250777726565754, 44.525486268591571 ], [ 11.250684513210306, 44.525443446239059 ], [ 11.250516277491155, 44.525181772756291 ], [ 11.250339268055058, 44.524908362909024 ], [ 11.250144101430132, 44.524703790760654 ], [ 11.24995260164112, 44.524594423924668 ], [ 11.249695938361338, 44.524522068526984 ], [ 11.249524512531659, 44.524501627121367 ], [ 11.249378840206269, 44.524501520744899 ], [ 11.249085400824992, 44.524554940510868 ], [ 11.248545755068051, 44.52469955410114 ], [ 11.247945392041938, 44.524917765568517 ], [ 11.247679099131553, 44.524993907889936 ], [ 11.24756296520432, 44.524999524217364 ], [ 11.24738663482773, 44.524969504126169 ], [ 11.24716022746215, 44.524926322166259 ], [ 11.246969763844167, 44.524843727154298 ], [ 11.246784871541614, 44.52468956249254 ], [ 11.246610969878981, 44.524496475556987 ], [ 11.246319520561945, 44.524168740721954 ], [ 11.245867640551433, 44.523781635316666 ], [ 11.245510031599297, 44.523681482600814 ], [ 11.245068346252163, 44.523608272806868 ], [ 11.244753124832776, 44.523593034317322 ], [ 11.244616843260719, 44.523588077463693 ], [ 11.244498062372177, 44.523583757368854 ], [ 11.244141546338458, 44.523533600315901 ], [ 11.243829806004372, 44.523478988411696 ], [ 11.243683026499701, 44.523428280025989 ], [ 11.243342497667697, 44.523274191888142 ], [ 11.242787028801342, 44.522984981645649 ], [ 11.242204774266563, 44.522778472970394 ], [ 11.241396984487238, 44.522525797106582 ], [ 11.241268305641636, 44.522485546263759 ], [ 11.240950963442572, 44.522386279908396 ], [ 11.240922620879795, 44.522443767077938 ] ], [ [ 11.24742898413928, 44.525117545843358 ], [ 11.247522284470994, 44.525102605691288 ], [ 11.247617822653794, 44.525097748092357 ], [ 11.247861359477486, 44.525045313646011 ], [ 11.248239964549239, 44.524933648855828 ], [ 11.248708684632669, 44.524784478011483 ], [ 11.248531844777862, 44.525055928980073 ], [ 11.248510669749926, 44.525154600489785 ], [ 11.248514677856349, 44.525258731562467 ], [ 11.248576185508647, 44.525451052182198 ], [ 11.248706217342852, 44.525585451372841 ], [ 11.248355653317487, 44.525452418249323 ], [ 11.24742898413928, 44.525117545843358 ] ], [ [ 11.242188225726178, 44.523243770518505 ], [ 11.242320391194069, 44.523217355231971 ], [ 11.242491125726541, 44.523219956827766 ], [ 11.242642551654432, 44.523261643289153 ], [ 11.242982899268906, 44.523454443506616 ], [ 11.243803810788284, 44.523914698553689 ], [ 11.24390054490706, 44.523971959137235 ], [ 11.24387659723477, 44.52399863057606 ], [ 11.243419893923161, 44.523853971123259 ], [ 11.242730863806321, 44.523598352487227 ], [ 11.242024976784379, 44.523337104141817 ], [ 11.24204212564733, 44.523318680515047 ], [ 11.242097990417644, 44.523278294561109 ], [ 11.242188225726178, 44.523243770518505 ] ], [ [ 11.241831618789227, 44.523273356092091 ], [ 11.241096783865862, 44.522999615693692 ], [ 11.241306858716772, 44.522617360758801 ], [ 11.242288269780209, 44.52292262638727 ], [ 11.242710189788024, 44.523072142303469 ], [ 11.242661999500498, 44.523117749375594 ], [ 11.24253598287949, 44.523087473525536 ], [ 11.2423439981022, 44.523073380520223 ], [ 11.242132476053067, 44.523092421678861 ], [ 11.241924035004823, 44.523191792723175 ], [ 11.241831618789227, 44.523273356092091 ] ] ] ] } },
{ "type": "Feature", "properties": { "SIGLA": "Ra", "COD_1": 1, "COD_2": 2, "COD_3": 2, "COD_4": 1, "COD_TOT": 1221, "DESCR": "Autostrade e superstrade", "HECTARES": 34.76367305902 }, "geometry": { "type": "MultiPolygon", "coordinates": [ [ [ [ 11.299531932463685, 44.524465203747162 ], [ 11.298888356842722, 44.524435413038077 ], [ 11.299531932109623, 44.524465194751741 ], [ 11.299804253870082, 44.524475983135673 ], [ 11.299858018795025, 44.524246261242041 ], [ 11.2997974341065, 44.52424335329637 ], [ 11.299684264257666, 44.524237920684548 ], [ 11.299429885844505, 44.52422518067489 ], [ 11.299153779683529, 44.52418905783513 ], [ 11.299044719228037, 44.5241674347849 ], [ 11.298752507601142, 44.524039336404449 ], [ 11.298657624831842, 44.523954901557516 ], [ 11.29854874449029, 44.523832043128373 ], [ 11.298454392008354, 44.523655297366041 ], [ 11.298357871164013, 44.52352921174942 ], [ 11.2981834121142, 44.523397926478943 ], [ 11.297908303932111, 44.523254677008929 ], [ 11.297344981185462, 44.523026630230014 ], [ 11.296943896003931, 44.522890615514648 ], [ 11.296681636315769, 44.522844746424965 ], [ 11.296507887820493, 44.522842842079633 ], [ 11.296408315932098, 44.522807032251926 ], [ 11.296357283762074, 44.522780249530186 ], [ 11.29635734731235, 44.522780713671771 ], [ 11.296361089371484, 44.522875916385729 ], [ 11.296358897706975, 44.522976864106376 ], [ 11.296461923959313, 44.522950972632607 ], [ 11.296742065190395, 44.522984043678839 ], [ 11.298052152453355, 44.523490634672214 ], [ 11.298222590972632, 44.523591413001263 ], [ 11.298274772139342, 44.523754120526469 ], [ 11.298255670982307, 44.523903376096889 ], [ 11.298180051355866, 44.523991242778919 ], [ 11.298053476253092, 44.524053338668715 ], [ 11.297718619154885, 44.524110695034587 ], [ 11.29664775261457, 44.524078650642146 ], [ 11.296347422457337, 44.524070013909267 ], [ 11.296198039906788, 44.524072811145551 ], [ 11.296076038288108, 44.524039535655305 ], [ 11.295863831322551, 44.524040826030934 ], [ 11.295810236794804, 44.524053813845761 ], [ 11.295150957788174, 44.524010498716741 ], [ 11.294911697563004, 44.523958738911567 ], [ 11.294797779351729, 44.523919344389888 ], [ 11.29461498674096, 44.523821786524806 ], [ 11.294508287334953, 44.523648264734142 ], [ 11.294492306335924, 44.523559263190705 ], [ 11.294508777238567, 44.523448768501147 ], [ 11.29457872284952, 44.523322311031968 ], [ 11.294723757865297, 44.523200298997942 ], [ 11.295130895481851, 44.523075995288394 ], [ 11.29546633420879, 44.52303352197211 ], [ 11.295592141914254, 44.523057789407289 ], [ 11.295646301853209, 44.523080720443296 ], [ 11.295635549006665, 44.52305247954412 ], [ 11.295605754955918, 44.522972093184229 ], [ 11.295579093413924, 44.522868986695563 ], [ 11.295587670163671, 44.522824419073551 ], [ 11.295518197927585, 44.522864980844936 ], [ 11.29544058757266, 44.522902270138466 ], [ 11.29527125791838, 44.522935448925409 ], [ 11.294879820015543, 44.523035618921014 ], [ 11.294554482983383, 44.523154353175215 ], [ 11.294486326503476, 44.523189421630576 ], [ 11.294373858355682, 44.523292913217844 ], [ 11.29408367144269, 44.523533961482173 ], [ 11.293816389058321, 44.523718129895656 ], [ 11.293800286651727, 44.523727797205481 ], [ 11.293451936055691, 44.523844365066452 ], [ 11.293126089544828, 44.523855674292086 ], [ 11.292567174124711, 44.523866900066977 ], [ 11.291999178210236, 44.523816374877356 ], [ 11.291256878157126, 44.52373599972092 ], [ 11.291053785050202, 44.5237058167721 ], [ 11.290422076634037, 44.523611931510466 ], [ 11.290402998052032, 44.523609095336312 ], [ 11.290374356814983, 44.523604838837528 ], [ 11.289999056219722, 44.523513492648625 ], [ 11.289917381554282, 44.52349361300908 ], [ 11.289343505929779, 44.523329411190034 ], [ 11.289306244773487, 44.523316638358061 ], [ 11.28911981431612, 44.523252733305938 ], [ 11.288508649019754, 44.523026477958112 ], [ 11.288083159606446, 44.522842022775983 ], [ 11.288047242131407, 44.522825021190229 ], [ 11.287794985740518, 44.522705615092853 ], [ 11.287286658817552, 44.522432822753217 ], [ 11.286782158922863, 44.522115440262517 ], [ 11.285956739402938, 44.521497100250969 ], [ 11.285507123556085, 44.521085847644386 ], [ 11.284935042987993, 44.520450264745179 ], [ 11.284406630286144, 44.519849272784654 ], [ 11.28439004833899, 44.519830412754388 ], [ 11.28431753221912, 44.519640718186167 ], [ 11.284286768658038, 44.519492462498157 ], [ 11.284279557533077, 44.519308007586481 ], [ 11.284360339776637, 44.519032469395668 ], [ 11.284481308218865, 44.518720397873217 ], [ 11.284487240899992, 44.518446355789472 ], [ 11.284403554122651, 44.518221746998194 ], [ 11.284245950222614, 44.5180224366839 ], [ 11.283948132014086, 44.517855705178512 ], [ 11.283569940668979, 44.517762038843678 ], [ 11.283328533479089, 44.517760912462528 ], [ 11.282997506172235, 44.517809216884977 ], [ 11.282737024241118, 44.517898799607011 ], [ 11.28269939038111, 44.517855047802058 ], [ 11.282221225117, 44.517299150027071 ], [ 11.282007494724507, 44.517050669673495 ], [ 11.281815992982439, 44.516828031124554 ], [ 11.281761166200932, 44.51676428841283 ], [ 11.281760957319689, 44.516763386054834 ], [ 11.281509746943499, 44.516460125266221 ], [ 11.280758194298016, 44.515552831211146 ], [ 11.28065046990082, 44.515422779194516 ], [ 11.280103572725904, 44.514789572257946 ], [ 11.278707928541731, 44.513173599300465 ], [ 11.278097384711145, 44.512171506983975 ], [ 11.277876102334622, 44.511808303137514 ], [ 11.277733814738015, 44.511595597397914 ], [ 11.277440795494314, 44.511157556205902 ], [ 11.277311165049229, 44.510819482536412 ], [ 11.277349137377886, 44.51058616490652 ], [ 11.277228727697238, 44.510728527336944 ], [ 11.277227370167527, 44.510968585952213 ], [ 11.277434004564082, 44.511346700656368 ], [ 11.277612105766565, 44.511633623698856 ], [ 11.278257176721553, 44.512663288404397 ], [ 11.278228303122569, 44.512669818307408 ], [ 11.277861883855186, 44.512236472381154 ], [ 11.277418815107985, 44.511694013036568 ], [ 11.276899353745872, 44.511070184879202 ], [ 11.276845074490216, 44.511004712978703 ], [ 11.276731730700947, 44.510867993270452 ], [ 11.275582982567572, 44.509482303755114 ], [ 11.27546664038063, 44.509341960611714 ], [ 11.27546269732577, 44.509337204100206 ], [ 11.27546283486515, 44.509337150043265 ], [ 11.275153112210303, 44.508945656815328 ], [ 11.274873268243246, 44.50855464086964 ], [ 11.27451774678001, 44.508015071101269 ], [ 11.274299584956998, 44.507669272364687 ], [ 11.274317923085528, 44.507641635018466 ], [ 11.275011004080357, 44.508373251322297 ], [ 11.275579964512811, 44.509008606971207 ], [ 11.275723970002655, 44.509116496498272 ], [ 11.275790495021209, 44.509158044853656 ], [ 11.275883966081764, 44.509206302471661 ], [ 11.276173769022204, 44.509217243058771 ], [ 11.275933069639061, 44.509142361237394 ], [ 11.275776588003085, 44.509052538333187 ], [ 11.275593751555405, 44.508887664383494 ], [ 11.27537272551751, 44.508645831857464 ], [ 11.275000267919207, 44.508235534947616 ], [ 11.274312512933575, 44.507398585635578 ], [ 11.274123423787779, 44.507114985739605 ], [ 11.274063309545218, 44.507024822808646 ], [ 11.273909464571771, 44.506792075548205 ], [ 11.273641130957328, 44.506206496721518 ], [ 11.273527175831092, 44.505957812791806 ], [ 11.273352975997291, 44.505577651690885 ], [ 11.272968208429415, 44.504413399892066 ], [ 11.272852823091396, 44.503955499148994 ], [ 11.272748125877238, 44.50354000609596 ], [ 11.272737982377018, 44.503499746174583 ], [ 11.272585921552084, 44.502670286695725 ], [ 11.272508233821819, 44.502145127709973 ], [ 11.271826353126041, 44.502194220375188 ], [ 11.271927930558219, 44.502841900605489 ], [ 11.272029013703332, 44.503375037277607 ], [ 11.272048285341382, 44.503476674504029 ], [ 11.272178686807887, 44.504048721306226 ], [ 11.272227785486397, 44.504245979810392 ], [ 11.272351249463814, 44.504742003673734 ], [ 11.27237716042597, 44.504815299674966 ], [ 11.272687813934105, 44.505694033894343 ], [ 11.273154411119487, 44.506792379002817 ], [ 11.273628481692452, 44.50787390971918 ], [ 11.273924982966932, 44.50855031525937 ], [ 11.274068030185243, 44.5088781661117 ], [ 11.274228109717344, 44.509321578915554 ], [ 11.274282544422876, 44.509472354380549 ], [ 11.274363884380204, 44.509746561203663 ], [ 11.274415864855316, 44.509921789106045 ], [ 11.274536481783823, 44.509808594924351 ], [ 11.274332797361359, 44.509287695465083 ], [ 11.273783858677916, 44.507892125856749 ], [ 11.274378585415612, 44.508818717759567 ], [ 11.27465402700026, 44.509183725762171 ], [ 11.274895846005135, 44.509522157070762 ], [ 11.274939541049982, 44.509575214287167 ], [ 11.275051445288941, 44.509711099382812 ], [ 11.276213027609534, 44.51112154304365 ], [ 11.276314719182274, 44.511245016556991 ], [ 11.277781028537435, 44.512937779223094 ], [ 11.277760353679067, 44.51294117002255 ], [ 11.276389949969317, 44.511729897962937 ], [ 11.276067227073554, 44.511456454433628 ], [ 11.275901180207596, 44.511373649960269 ], [ 11.275756043878456, 44.511397510156037 ], [ 11.275687018066954, 44.511445993783383 ], [ 11.27573127249131, 44.511453826114881 ], [ 11.27592623102225, 44.511502341111139 ], [ 11.276255557597958, 44.511753024958125 ], [ 11.27641395355313, 44.511890769895906 ], [ 11.277192745999033, 44.512568010933549 ], [ 11.277546579652359, 44.512892041770023 ], [ 11.277943984688333, 44.513223537607338 ], [ 11.278285493269578, 44.513582451478172 ], [ 11.278604262363281, 44.513917460871824 ], [ 11.278631264635456, 44.513945839750448 ], [ 11.27950890981807, 44.514939449180616 ], [ 11.279560370482677, 44.514999999605372 ], [ 11.279566445808063, 44.515007146696597 ], [ 11.279974711595393, 44.515487519695803 ], [ 11.280101384657037, 44.515633699410245 ], [ 11.280191644045212, 44.515737856503762 ], [ 11.280957771016087, 44.516621928474123 ], [ 11.281104181220286, 44.516800154150836 ], [ 11.281142679548243, 44.516847017516042 ], [ 11.281212022389203, 44.516931426797683 ], [ 11.281497777863903, 44.517279269212217 ], [ 11.281619372368374, 44.517451911240151 ], [ 11.281661131887406, 44.517626149074694 ], [ 11.281588850013668, 44.517949154890317 ], [ 11.281403082134403, 44.518435208558493 ], [ 11.281096297727071, 44.518891524586834 ], [ 11.280891676521737, 44.519107358374484 ], [ 11.280195493934576, 44.519841673195216 ], [ 11.280122624758922, 44.519918532421819 ], [ 11.279753436217723, 44.52031177932195 ], [ 11.279509007984139, 44.520515818128587 ], [ 11.279424557727893, 44.520586313205065 ], [ 11.279219848388374, 44.520715452267439 ], [ 11.279015673857771, 44.520826072366305 ], [ 11.278911737934145, 44.520882384259636 ], [ 11.277672198118564, 44.52136712811717 ], [ 11.277111373634101, 44.521586440422922 ], [ 11.273978327805866, 44.522695750879883 ], [ 11.273394856724147, 44.522903166685005 ], [ 11.273280338259756, 44.5229438753191 ], [ 11.269697655204089, 44.524217361639522 ], [ 11.269559586493216, 44.524266435537221 ], [ 11.268712886496461, 44.524566455958286 ], [ 11.267465808485099, 44.525008330618363 ], [ 11.266917956796629, 44.525176417584383 ], [ 11.265673083346345, 44.525529837584457 ], [ 11.264447602575425, 44.525868566917381 ], [ 11.264404184799456, 44.525880673579003 ], [ 11.263785505820319, 44.526053197751395 ], [ 11.263691512928208, 44.526076498408564 ], [ 11.263581167383258, 44.526064395021841 ], [ 11.263495219950956, 44.526037515323587 ], [ 11.263459499390807, 44.526025071680635 ], [ 11.263670035645593, 44.526312805455674 ], [ 11.263689896515904, 44.526255550825965 ], [ 11.263713005451924, 44.526207453725192 ], [ 11.263777471488616, 44.52615258177542 ], [ 11.263995583795321, 44.5260887082271 ], [ 11.266230748380627, 44.52544887617492 ], [ 11.266231672056243, 44.525472677994436 ], [ 11.263714654829956, 44.526373783157069 ], [ 11.263792906862648, 44.526480727284493 ], [ 11.263850271103983, 44.526561556013107 ], [ 11.266215259312094, 44.525693331608473 ], [ 11.266220456758834, 44.525720024695701 ], [ 11.264038860883858, 44.526668445603484 ], [ 11.263981329778677, 44.526687450718129 ], [ 11.263940976778299, 44.526689363354805 ], [ 11.26404955098139, 44.526842347496199 ], [ 11.264092412901448, 44.526902739661089 ], [ 11.264083753013171, 44.526858258181051 ], [ 11.264084055799355, 44.526846041411872 ], [ 11.264084790955751, 44.526816316433028 ], [ 11.264090715288884, 44.526787192445582 ], [ 11.264202134787007, 44.526672985741484 ], [ 11.266699497600168, 44.525571893711493 ], [ 11.268808148232974, 44.524756055397795 ], [ 11.271575288299664, 44.523806755740111 ], [ 11.273303966455913, 44.52317372920907 ], [ 11.273333329445931, 44.523162976820487 ], [ 11.273407006676315, 44.523135995915439 ], [ 11.27345461240122, 44.523118562096414 ], [ 11.274817335721634, 44.522619515787341 ], [ 11.27895896725847, 44.521137375425212 ], [ 11.279332525919397, 44.520935294021918 ], [ 11.279174955909822, 44.520985382306414 ], [ 11.279158374844483, 44.520969992803622 ], [ 11.279326860214123, 44.520885166975383 ], [ 11.27948491729676, 44.520789115407617 ], [ 11.279685550725087, 44.520657914767192 ], [ 11.279932974733565, 44.520497195285479 ], [ 11.280086202804009, 44.520379801219683 ], [ 11.280272191923251, 44.520231741883165 ], [ 11.280547483067998, 44.519983285348964 ], [ 11.280803213070742, 44.519711399951255 ], [ 11.281103376853032, 44.519383841710145 ], [ 11.281526770350737, 44.518887084837033 ], [ 11.281766323465112, 44.51862742996839 ], [ 11.281933730829977, 44.518481168226209 ], [ 11.282144381189681, 44.518334042039157 ], [ 11.282326673343539, 44.518227974469546 ], [ 11.282368675187628, 44.518273094681028 ], [ 11.28361325241589, 44.51971708908254 ], [ 11.283792307509746, 44.51992482547211 ], [ 11.283830666345708, 44.519969330289477 ], [ 11.28383546944063, 44.519974902903293 ], [ 11.283835154613886, 44.519974992928006 ], [ 11.284164250543281, 44.520390209357736 ], [ 11.284265431257092, 44.52050718977047 ], [ 11.284391778817248, 44.520653264012523 ], [ 11.284983856764986, 44.521337774674542 ], [ 11.285871424295276, 44.522323990266599 ], [ 11.286394613870405, 44.522931623725377 ], [ 11.286687760850393, 44.523275895527426 ], [ 11.287054090482604, 44.523575825747066 ], [ 11.287352472919558, 44.52379851333103 ], [ 11.286645360314452, 44.523768548472866 ], [ 11.286557273638431, 44.523721603401825 ], [ 11.286304620034977, 44.523739645146215 ], [ 11.286168904315472, 44.52371735209762 ], [ 11.285963323540308, 44.52369645893917 ], [ 11.285939209243329, 44.523718379426469 ], [ 11.285198685364049, 44.52368318488891 ], [ 11.28385337134768, 44.523618650431381 ], [ 11.283626157638048, 44.523609818079251 ], [ 11.283522907848196, 44.523605805668225 ], [ 11.283193689597285, 44.523593007942992 ], [ 11.282525126425343, 44.523609950249615 ], [ 11.281787254109712, 44.523642566217063 ], [ 11.28094140597018, 44.523723781287835 ], [ 11.280720854926347, 44.523703177109276 ], [ 11.280338409536778, 44.523757264879656 ], [ 11.280206317455718, 44.523827788296593 ], [ 11.279447249901738, 44.523957280900277 ], [ 11.279307075740256, 44.523990551064777 ], [ 11.278987044148236, 44.524066509707744 ], [ 11.278943780009888, 44.524077927462137 ], [ 11.278196101314995, 44.524275232852723 ], [ 11.277742133157698, 44.524416489294822 ], [ 11.277416802135523, 44.524526593463008 ], [ 11.276560152873275, 44.52484380237339 ], [ 11.275498782800435, 44.525243038033459 ], [ 11.274893004173245, 44.525470896064775 ], [ 11.274351049841238, 44.525674743017973 ], [ 11.273902126597202, 44.525843595428626 ], [ 11.273713179657506, 44.52586522312825 ], [ 11.273319353960179, 44.526012410116095 ], [ 11.273257671391036, 44.526095814400598 ], [ 11.272223813799556, 44.526480831786579 ], [ 11.271393488722977, 44.526796232395057 ], [ 11.270447037667561, 44.52715573156226 ], [ 11.270144688466869, 44.527215337870608 ], [ 11.269879214102897, 44.527324230191155 ], [ 11.269793931885999, 44.527388726451456 ], [ 11.269743359072114, 44.527426973534368 ], [ 11.269595717732562, 44.527483501891339 ], [ 11.268493187728488, 44.52790200701466 ], [ 11.26721776585711, 44.528370382543713 ], [ 11.266909619684402, 44.528469932571099 ], [ 11.266369321922026, 44.528644478892666 ], [ 11.265693540275731, 44.528811879465209 ], [ 11.265529488599713, 44.528852516179718 ], [ 11.265771806716023, 44.529162932605573 ], [ 11.26577412593579, 44.529166301123844 ], [ 11.265953123451508, 44.529117216477239 ], [ 11.266901670825304, 44.528848281901425 ], [ 11.267107872835858, 44.528783104212309 ], [ 11.26744442564245, 44.528676723411003 ], [ 11.268630572821204, 44.528224410208217 ], [ 11.270058195812391, 44.527688679392689 ], [ 11.270281667900939, 44.527655652489301 ], [ 11.270743996067708, 44.527471385836357 ], [ 11.270908545361966, 44.527335915567463 ], [ 11.272495768760171, 44.526735644886344 ], [ 11.275267114082975, 44.525694324981956 ], [ 11.275431107250037, 44.525673191553814 ], [ 11.275775715873722, 44.525544844266278 ], [ 11.275911694938575, 44.525445665150386 ], [ 11.276217072354935, 44.525335962543018 ], [ 11.277752811773421, 44.524758678039191 ], [ 11.278685700526786, 44.524475666648449 ], [ 11.278746105670844, 44.524462996453494 ], [ 11.27910047767249, 44.524388661513925 ], [ 11.279386076225569, 44.524328751264925 ], [ 11.280191639049924, 44.524159765519279 ], [ 11.28032208561223, 44.524175024054173 ], [ 11.280784238980782, 44.524115771492525 ], [ 11.280951403326132, 44.524048119167581 ], [ 11.28114013792751, 44.524030359215494 ], [ 11.281265459419732, 44.524018566313934 ], [ 11.281722681281371, 44.523975539849943 ], [ 11.281859596057433, 44.523970738781088 ], [ 11.283144096627915, 44.523925683468718 ], [ 11.283819758925839, 44.523953365823331 ], [ 11.284784839603514, 44.523992897839719 ], [ 11.284881333028629, 44.524033842380923 ], [ 11.2853020572948, 44.524064722475103 ], [ 11.285302806167284, 44.52406456523584 ], [ 11.285490294767973, 44.524025224642287 ], [ 11.287033706978534, 44.524056493708784 ], [ 11.287362388434847, 44.52406815681838 ], [ 11.287838067756935, 44.524085036978533 ], [ 11.288194266728452, 44.524253565145358 ], [ 11.288856380308353, 44.524475506852987 ], [ 11.289226305665414, 44.524569322372074 ], [ 11.289603732069857, 44.524642143031876 ], [ 11.289934599789486, 44.524695054859627 ], [ 11.290477557706218, 44.524743711043719 ], [ 11.290959963240264, 44.52473403118028 ], [ 11.291586637127292, 44.524688700758247 ], [ 11.293217951382861, 44.524578529183842 ], [ 11.29416542109435, 44.524541628747038 ], [ 11.295209357514279, 44.524523621761986 ], [ 11.295132215928561, 44.524566526962694 ], [ 11.295026075596084, 44.524625561659398 ], [ 11.29495923548005, 44.524725159651112 ], [ 11.294945404796334, 44.52479689573029 ], [ 11.294950429579142, 44.524924823149476 ], [ 11.295014261810058, 44.525066455529632 ], [ 11.295116874417465, 44.525135850712566 ], [ 11.295281633339163, 44.525198041244501 ], [ 11.295484852212013, 44.52523373256161 ], [ 11.295692341596222, 44.525270172991945 ], [ 11.296118890276217, 44.525333052307282 ], [ 11.296379235292587, 44.525349252619783 ], [ 11.296513835065149, 44.525342972669691 ], [ 11.296632482514356, 44.525312002537746 ], [ 11.296662371926361, 44.525297535386549 ], [ 11.296576656753167, 44.525222905045105 ], [ 11.296563641749565, 44.525230792941535 ], [ 11.296510397290598, 44.52525270615137 ], [ 11.296456921347421, 44.525268669852203 ], [ 11.29639176209243, 44.525271313904206 ], [ 11.296165057874621, 44.525244766178567 ], [ 11.295878920494902, 44.525207646317568 ], [ 11.295683312974136, 44.525186569959402 ], [ 11.295421566780901, 44.52513466688692 ], [ 11.295255059045575, 44.525091566985466 ], [ 11.295177819232352, 44.525032381412579 ], [ 11.295109157701324, 44.524937292931703 ], [ 11.29511535068213, 44.524840701112822 ], [ 11.295136656999979, 44.524747377347083 ], [ 11.295213697958882, 44.524674370360387 ], [ 11.29534218567564, 44.524639630552272 ], [ 11.295612699024518, 44.524634640869756 ], [ 11.296062183439377, 44.524634533127106 ], [ 11.296502957249826, 44.524639864436345 ], [ 11.296500241324511, 44.524570767672309 ], [ 11.29690469319401, 44.524589743386699 ], [ 11.298101497043159, 44.5246490244946 ], [ 11.298391018651774, 44.524708698865943 ], [ 11.298566437984316, 44.524830217618124 ], [ 11.298649784286352, 44.524938704273204 ], [ 11.298677600367348, 44.525116788805121 ], [ 11.29867338006321, 44.525221083074449 ], [ 11.298590495648657, 44.525335893649348 ], [ 11.298502165857759, 44.525418062487709 ], [ 11.298359536757031, 44.525495369333683 ], [ 11.298169641820364, 44.525534920894437 ], [ 11.297966683998807, 44.525559849022066 ], [ 11.297812577823384, 44.525556995534124 ], [ 11.297723959164689, 44.52552602824818 ], [ 11.297812917637131, 44.525796313041035 ], [ 11.297856322405382, 44.525735890994071 ], [ 11.297942368471906, 44.525701408116163 ], [ 11.298026635737235, 44.525680853408815 ], [ 11.298235062504348, 44.525630012504053 ], [ 11.298408323402594, 44.525590795981785 ], [ 11.298507849899913, 44.525555984354611 ], [ 11.298670522869978, 44.52544632504722 ], [ 11.298802609813826, 44.525312659582639 ], [ 11.298974642510998, 44.525136504524873 ], [ 11.299094836542988, 44.525017965555406 ], [ 11.299253513180757, 44.524925447174738 ], [ 11.299375813474384, 44.524860459055041 ], [ 11.299609811701332, 44.524778332008665 ], [ 11.299646610537472, 44.524774617614142 ], [ 11.299736483683988, 44.524765545438569 ], [ 11.29980425279407, 44.524475987733162 ], [ 11.299531932463685, 44.524465203747162 ] ], [ [ 11.298780789144853, 44.525185427290666 ], [ 11.298783883168422, 44.525094851865397 ], [ 11.298776531275482, 44.524992576849854 ], [ 11.298743217387539, 44.524907498223584 ], [ 11.298686990106104, 44.52483240847959 ], [ 11.298645100464634, 44.524783231097999 ], [ 11.298562913979675, 44.52472533849911 ], [ 11.298439222379198, 44.524649225067961 ], [ 11.299563564381362, 44.524686129723563 ], [ 11.299558127359795, 44.524717204658316 ], [ 11.299354107473379, 44.52477848109325 ], [ 11.299239351939086, 44.524823666824993 ], [ 11.299118971545699, 44.524895167103587 ], [ 11.299021224501852, 44.524949537888929 ], [ 11.298944094394738, 44.525020168126517 ], [ 11.298780789144853, 44.525185427290666 ] ], [ [ 11.293935223468468, 44.52378109188043 ], [ 11.294061920700006, 44.523721976078328 ], [ 11.294231440347605, 44.523587563097216 ], [ 11.294388251090849, 44.523447450429423 ], [ 11.294377294911028, 44.523486377237084 ], [ 11.294368556866781, 44.523581829213875 ], [ 11.294375518887104, 44.523653147935264 ], [ 11.294403507837618, 44.523729996986241 ], [ 11.294426872534146, 44.523795031648298 ], [ 11.294539785570597, 44.523914835821373 ], [ 11.294675781495002, 44.523986537898473 ], [ 11.293478759582829, 44.523921270180502 ], [ 11.293602232848155, 44.523886037189222 ], [ 11.293737947996032, 44.523844603769021 ], [ 11.293935223468468, 44.52378109188043 ] ], [ [ 11.290084633430563, 44.524190879409943 ], [ 11.291731491010061, 44.524265018041959 ], [ 11.293023584361338, 44.524313507750406 ], [ 11.293532571586264, 44.524344966194583 ], [ 11.292834971590359, 44.524385776058459 ], [ 11.292444643847755, 44.5244085024705 ], [ 11.291685481266361, 44.524471383745713 ], [ 11.291295269059747, 44.52449708097393 ], [ 11.290934166374587, 44.524522191373954 ], [ 11.290609442093444, 44.524519775615275 ], [ 11.290267732439659, 44.524508767828344 ], [ 11.289879228842622, 44.524471899289246 ], [ 11.289523295344981, 44.524416513307386 ], [ 11.289237710804883, 44.524350782372771 ], [ 11.289023172331913, 44.52429255815963 ], [ 11.288724062524263, 44.524200301882928 ], [ 11.288525459585491, 44.524123892778512 ], [ 11.289425939002472, 44.52416240841211 ], [ 11.290084633430563, 44.524190879409943 ] ], [ [ 11.28867129161295, 44.523724377277865 ], [ 11.28859280101525, 44.523633055987737 ], [ 11.288326496624137, 44.523591947154259 ], [ 11.288015420181306, 44.52355530783035 ], [ 11.287548526481201, 44.523493206344391 ], [ 11.287427500342245, 44.523463475068141 ], [ 11.287341127083335, 44.523425903684384 ], [ 11.287269307299583, 44.523377322249736 ], [ 11.286900322968352, 44.523009560211698 ], [ 11.286773052136665, 44.522947798882107 ], [ 11.286659633416798, 44.522857174622544 ], [ 11.286035760914658, 44.52210149650471 ], [ 11.285319290938867, 44.521276211217064 ], [ 11.285349092079111, 44.521272042065561 ], [ 11.285784044323638, 44.52166707161664 ], [ 11.286299402984545, 44.522074779220908 ], [ 11.286796586252887, 44.522400673691209 ], [ 11.287200734742951, 44.522646252624689 ], [ 11.287567718416694, 44.522835408756102 ], [ 11.28816789346566, 44.523112785208063 ], [ 11.288802025841065, 44.523364467789101 ], [ 11.289399411692843, 44.523570434962927 ], [ 11.290085649014481, 44.52374960773691 ], [ 11.290740270379723, 44.523886534936615 ], [ 11.29124835135004, 44.5239799524429 ], [ 11.288721518135858, 44.523859141010071 ], [ 11.28867129161295, 44.523724377277865 ] ], [ [ 11.28333894444747, 44.51856559995111 ], [ 11.283560872435487, 44.518621900003652 ], [ 11.283735099308611, 44.518607696698517 ], [ 11.28385360094223, 44.518573169716653 ], [ 11.283946316810994, 44.518517721604461 ], [ 11.284053162713102, 44.518440553221964 ], [ 11.284122848953588, 44.518306961215025 ], [ 11.284139319219737, 44.518217309284218 ], [ 11.284130840303231, 44.518128156911615 ], [ 11.284108369639641, 44.518064294102366 ], [ 11.284055819014018, 44.517997460535327 ], [ 11.284209981052323, 44.518108708894623 ], [ 11.284274045332845, 44.518214613365608 ], [ 11.284333260636521, 44.518324187928947 ], [ 11.284372376162533, 44.518430592833774 ], [ 11.284382808982919, 44.518569727573052 ], [ 11.284353461656282, 44.518713230142438 ], [ 11.284286150224903, 44.518907513529591 ], [ 11.284231573790352, 44.519044376096815 ], [ 11.284169250530242, 44.519238559521995 ], [ 11.28415570940664, 44.51940318370653 ], [ 11.284155882345704, 44.519535377823686 ], [ 11.28333894444747, 44.51856559995111 ] ], [ [ 11.283657181778672, 44.518530651696217 ], [ 11.283522174475063, 44.518526206454936 ], [ 11.283406570672753, 44.518507081442664 ], [ 11.283299830759089, 44.518459196458664 ], [ 11.283212073308009, 44.518385920233719 ], [ 11.2828776587364, 44.518006734830955 ], [ 11.283044802084358, 44.517939079784519 ], [ 11.283287769096487, 44.517894918966107 ], [ 11.283392555435402, 44.517892823349172 ], [ 11.28357261013808, 44.51789994001583 ], [ 11.28369334245761, 44.517922536122285 ], [ 11.283850259049098, 44.517976563145176 ], [ 11.28395769648402, 44.518042298801568 ], [ 11.28400026685077, 44.518109331337477 ], [ 11.284022458246788, 44.518166054599526 ], [ 11.284029821472886, 44.518226645979411 ], [ 11.283999776731747, 44.518352299079915 ], [ 11.283913585549099, 44.518446919032776 ], [ 11.283785941452271, 44.518503065488488 ], [ 11.283657181778672, 44.518530651696217 ] ], [ [ 11.282012798709102, 44.518238400282392 ], [ 11.28168254786898, 44.518477240632329 ], [ 11.281318368862545, 44.518870391595492 ], [ 11.281261806455664, 44.51882864638528 ], [ 11.281450950524567, 44.518556900032969 ], [ 11.281567055360167, 44.518333059991178 ], [ 11.281657931212836, 44.518102577480505 ], [ 11.281723021876441, 44.51785117426666 ], [ 11.281756527366939, 44.517686151006259 ], [ 11.281759432866643, 44.517554059119078 ], [ 11.282238839720456, 44.518123434781693 ], [ 11.282012798709102, 44.518238400282392 ] ] ] ] } },
{ "type": "Feature", "properties": { "SIGLA": "Ra", "COD_1": 1, "COD_2": 2, "COD_3": 2, "COD_4": 1, "COD_TOT": 1221, "DESCR": "Autostrade e superstrade", "HECTARES": 9.06082689546 }, "geometry": { "type": "MultiPolygon", "coordinates": [ [ [ [ 11.264790871763493, 44.529372554280762 ], [ 11.265480588517958, 44.529233818512864 ], [ 11.265278024611362, 44.528938909868366 ], [ 11.265152980437794, 44.528968976906562 ], [ 11.265071180742815, 44.528988646297087 ], [ 11.264880570553796, 44.529034478920359 ], [ 11.264229608818273, 44.529146480036196 ], [ 11.263709410977983, 44.529224089134232 ], [ 11.263129078253074, 44.52928561611143 ], [ 11.262674350628428, 44.529323213417285 ], [ 11.2621023381071, 44.529341695660378 ], [ 11.261252530752788, 44.529324780736353 ], [ 11.261039944901682, 44.52932593728805 ], [ 11.260647848657463, 44.529312741714001 ], [ 11.260517723910876, 44.529254340365945 ], [ 11.260340423680999, 44.529215929751651 ], [ 11.260225892683255, 44.529216291452741 ], [ 11.260103669960593, 44.529224427698601 ], [ 11.259939006028588, 44.529237215299347 ], [ 11.259819372978422, 44.529243395044837 ], [ 11.259286653926184, 44.529175812033913 ], [ 11.258991866895775, 44.529130195333302 ], [ 11.258857302994812, 44.529103153176749 ], [ 11.258430765453468, 44.529017436745733 ], [ 11.258180504433442, 44.528961522700236 ], [ 11.257592408545227, 44.528830126595579 ], [ 11.257478436450793, 44.528797400830669 ], [ 11.259396523689588, 44.528135416577932 ], [ 11.259820295775565, 44.528007931655289 ], [ 11.260748890555927, 44.527721113831966 ], [ 11.260802753022158, 44.527712970548393 ], [ 11.262474416670107, 44.527286835592058 ], [ 11.262905754749893, 44.527161571139501 ], [ 11.263192540715929, 44.527086809686729 ], [ 11.263514248469864, 44.527025445038788 ], [ 11.263879181797453, 44.526900461924342 ], [ 11.263753448752073, 44.526722600802444 ], [ 11.263731325396888, 44.526787685550644 ], [ 11.263596273988254, 44.526846934277792 ], [ 11.263328710645126, 44.52692369738039 ], [ 11.261401117848767, 44.527447215896288 ], [ 11.261400080872363, 44.527420439221778 ], [ 11.263671358438991, 44.526606474820838 ], [ 11.263542499129324, 44.526424188734119 ], [ 11.262938841594782, 44.526636662348466 ], [ 11.261288736050215, 44.527232090534071 ], [ 11.261279497435714, 44.527208455306088 ], [ 11.263436661058627, 44.526274468971934 ], [ 11.263383328098946, 44.526199021761421 ], [ 11.263332393241233, 44.526126968536381 ], [ 11.26332889082293, 44.526142450015975 ], [ 11.26331044955192, 44.526182117372912 ], [ 11.263280593583422, 44.526227966237684 ], [ 11.263252361721365, 44.526253152232101 ], [ 11.263247030324248, 44.526257906809519 ], [ 11.263235535666192, 44.526268161656347 ], [ 11.263185089072872, 44.526298907090862 ], [ 11.263050952048957, 44.52636001222151 ], [ 11.262667975760245, 44.526528388013759 ], [ 11.262082616811739, 44.526783682816195 ], [ 11.261646247137351, 44.526972759703447 ], [ 11.261055001138207, 44.527232767014382 ], [ 11.260527689601457, 44.527450848026525 ], [ 11.260079227404214, 44.527607698822862 ], [ 11.260059031364456, 44.527616142525808 ], [ 11.259594361820026, 44.527762301759218 ], [ 11.258491509203054, 44.527980634388349 ], [ 11.257973014608305, 44.528026620554037 ], [ 11.256891445976059, 44.528042052269875 ], [ 11.256182347759763, 44.528002475457676 ], [ 11.255951285634181, 44.527987300332164 ], [ 11.255617580751883, 44.527933869815733 ], [ 11.255178360119539, 44.527838218463721 ], [ 11.25473254362517, 44.52772697592377 ], [ 11.254239438090751, 44.527580934981849 ], [ 11.25378376733525, 44.527421290694029 ], [ 11.253273153656776, 44.527235577026865 ], [ 11.252963039250396, 44.527120218378442 ], [ 11.252802137611432, 44.527040502576043 ], [ 11.252724021195542, 44.526983449055422 ], [ 11.252597456425908, 44.526861609069428 ], [ 11.252544134208341, 44.526774053861857 ], [ 11.252483337972546, 44.526648057724437 ], [ 11.252456535045466, 44.526522820822763 ], [ 11.252494083947338, 44.5263034497437 ], [ 11.252528252264103, 44.526299752084832 ], [ 11.252588778412473, 44.525968159737509 ], [ 11.252680870755025, 44.525463755532414 ], [ 11.252695350441464, 44.525407494008626 ], [ 11.252708578418318, 44.525361976275448 ], [ 11.252728915339635, 44.525353751646584 ], [ 11.25270725652585, 44.525335635453658 ], [ 11.25259185595554, 44.525316389686154 ], [ 11.252097988969362, 44.525478199075543 ], [ 11.252192260041696, 44.525491806634378 ], [ 11.252272265038529, 44.525515834204157 ], [ 11.252391235821717, 44.525578990686164 ], [ 11.2524585512136, 44.525705690885516 ], [ 11.252425880695943, 44.526045760708122 ], [ 11.252362375651849, 44.52634177786183 ], [ 11.252246127183428, 44.526457212526829 ], [ 11.252054787631632, 44.526568174479323 ], [ 11.251873170519554, 44.526607486403016 ], [ 11.251785948594769, 44.526612184307716 ], [ 11.251686135251726, 44.526614152711112 ], [ 11.251569432542697, 44.526614816857332 ], [ 11.250928404544137, 44.526364459759584 ], [ 11.250218813523942, 44.526129523959838 ], [ 11.249411207457653, 44.526387793396331 ], [ 11.249362685812551, 44.526403070164363 ], [ 11.250103614711609, 44.526711468819173 ], [ 11.250231018583545, 44.526777438274159 ], [ 11.250342818130992, 44.526870511738828 ], [ 11.250421346296569, 44.526964241453825 ], [ 11.25047515044686, 44.527064412106697 ], [ 11.250496370928207, 44.527183090667705 ], [ 11.250500954876612, 44.527302096529979 ], [ 11.250459561939959, 44.527416054376793 ], [ 11.250368718699081, 44.527542895996092 ], [ 11.250252118743637, 44.527649404328997 ], [ 11.250092669181658, 44.527724004567631 ], [ 11.249944779084846, 44.527774558237091 ], [ 11.249725153998593, 44.527799728312608 ], [ 11.249562035643265, 44.527779124033955 ], [ 11.249386212470407, 44.527752814100133 ], [ 11.249217103443527, 44.527684688039514 ], [ 11.249032883618895, 44.527548378938135 ], [ 11.248851369911881, 44.527266123571074 ], [ 11.248616400612704, 44.526892619839167 ], [ 11.24857788738535, 44.52680232133882 ], [ 11.24858114182598, 44.526782062267174 ], [ 11.248595682086098, 44.526744617650238 ], [ 11.248638953232165, 44.52665310946341 ], [ 11.248158312841248, 44.526817401140306 ], [ 11.248243883777331, 44.526806577355345 ], [ 11.248300305618603, 44.526813176759454 ], [ 11.248349311605235, 44.526826446283444 ], [ 11.248408422408202, 44.526850359027875 ], [ 11.248463319965019, 44.526888160755753 ], [ 11.248508096351417, 44.526932606718127 ], [ 11.248562802547115, 44.527017235077295 ], [ 11.248695134875804, 44.527227848523466 ], [ 11.248800022580905, 44.527395357749342 ], [ 11.248916309848736, 44.527560838076511 ], [ 11.248980724192847, 44.527629076052413 ], [ 11.249061597761981, 44.527691426054012 ], [ 11.249116214324548, 44.527727716111386 ], [ 11.249169767380906, 44.527758251218017 ], [ 11.249252151591854, 44.527793454490201 ], [ 11.249351673901138, 44.527827228693738 ], [ 11.249495290442104, 44.527858134798514 ], [ 11.249606117830833, 44.527872997921804 ], [ 11.249688648852157, 44.527877768318262 ], [ 11.249772348308792, 44.527875498297796 ], [ 11.249893066237544, 44.527860285560948 ], [ 11.25000772223558, 44.527835735315762 ], [ 11.250461203584324, 44.527692286311137 ], [ 11.250662089672154, 44.527623791733951 ], [ 11.250873856469275, 44.527554659902691 ], [ 11.251015454304909, 44.527507830119454 ], [ 11.251141510451376, 44.527470411809333 ], [ 11.251283249469674, 44.527435154099472 ], [ 11.251362414787398, 44.527421316178426 ], [ 11.251454943099212, 44.527407140646588 ], [ 11.251548874859894, 44.527398456666475 ], [ 11.25163808096673, 44.527396459188843 ], [ 11.25173911995792, 44.527399904041481 ], [ 11.251840426888997, 44.527409937720527 ], [ 11.251972437341953, 44.52743151923967 ], [ 11.252154690707316, 44.527473245259138 ], [ 11.252402246838139, 44.527554323529351 ], [ 11.252617341043306, 44.527649375625835 ], [ 11.252749667631758, 44.527720492510305 ], [ 11.252960988917295, 44.527845780760771 ], [ 11.253365755097107, 44.528111191241116 ], [ 11.25362033359103, 44.528282708658658 ], [ 11.253826927045612, 44.528418203710331 ], [ 11.25411926948291, 44.528599193332909 ], [ 11.254213465062046, 44.52865105879544 ], [ 11.254390753058017, 44.528734283753892 ], [ 11.254617535617989, 44.528827856056502 ], [ 11.25483608527515, 44.528902281550671 ], [ 11.255127877919007, 44.52898312677091 ], [ 11.255245450122612, 44.529018733772837 ], [ 11.255216991497532, 44.5290569729193 ], [ 11.255296707782874, 44.529073560942898 ], [ 11.255389288578655, 44.529100450695857 ], [ 11.255641254825134, 44.529114392610744 ], [ 11.255997547366601, 44.529114497595579 ], [ 11.256121756207223, 44.529110462138846 ], [ 11.256259606258842, 44.529105983900074 ], [ 11.256530503731202, 44.529084908467652 ], [ 11.256865617374348, 44.529015408685012 ], [ 11.256990420820951, 44.52900136793658 ], [ 11.257619996897732, 44.529167008497183 ], [ 11.258258156611259, 44.529309211848627 ], [ 11.2588697368891, 44.529418411480172 ], [ 11.259827576923382, 44.529539393737657 ], [ 11.260783693938201, 44.529615740660759 ], [ 11.261500901854296, 44.529649173057713 ], [ 11.261756564254886, 44.52969472447576 ], [ 11.262164270881449, 44.529689623636031 ], [ 11.26227495342223, 44.529645746148141 ], [ 11.262345082979625, 44.529629469123648 ], [ 11.263602982020025, 44.529544985112061 ], [ 11.264790871763493, 44.529372554280762 ] ], [ [ 11.254847730633962, 44.527916207487721 ], [ 11.254855053994861, 44.527898912399202 ], [ 11.255155317035111, 44.52796586878334 ], [ 11.255615783741341, 44.528042521126004 ], [ 11.256065660083486, 44.528103660289808 ], [ 11.25670253106075, 44.528143950994611 ], [ 11.257036523786562, 44.528153069488688 ], [ 11.257368189616871, 44.528153656532801 ], [ 11.257713443590259, 44.528143971200734 ], [ 11.25808016013019, 44.528120997459631 ], [ 11.25849240357242, 44.528087117815431 ], [ 11.258955171137449, 44.528016507767518 ], [ 11.259314018101806, 44.527945094028532 ], [ 11.259810685677111, 44.527845556195395 ], [ 11.259106393075399, 44.528102451638681 ], [ 11.257285523563306, 44.528742007260135 ], [ 11.257083296850038, 44.528683938505552 ], [ 11.256473642793164, 44.528486381064305 ], [ 11.256093183665202, 44.528360512288472 ], [ 11.255961301155217, 44.528256407779999 ], [ 11.255675404338353, 44.528164874871464 ], [ 11.255552208961383, 44.528155251279934 ], [ 11.255226666639064, 44.528054495936452 ], [ 11.254847730633962, 44.527916207487721 ] ], [ [ 11.252896756769404, 44.527633490693596 ], [ 11.252947108671263, 44.527587759214143 ], [ 11.256663564100911, 44.528893492160961 ], [ 11.256629675348499, 44.528912759550444 ], [ 11.256442604671898, 44.528940277438878 ], [ 11.25596564972451, 44.528962803651858 ], [ 11.255585010178986, 44.528935786796751 ], [ 11.255268610509772, 44.52889082637035 ], [ 11.254979525297797, 44.528820315774645 ], [ 11.254728705761018, 44.528749048127466 ], [ 11.254446472506238, 44.52864028940219 ], [ 11.254210086058244, 44.528511569704385 ], [ 11.253937433540813, 44.528349026845248 ], [ 11.253662475800018, 44.528169854763078 ], [ 11.252870000511175, 44.527651945435615 ], [ 11.252896756769404, 44.527633490693596 ] ], [ [ 11.250575430913932, 44.527598443135865 ], [ 11.250441221352544, 44.527641105280232 ], [ 11.250424535626264, 44.527622854543857 ], [ 11.250517678061037, 44.527499539646222 ], [ 11.25056523683835, 44.527385699598327 ], [ 11.250590724497631, 44.527269434928542 ], [ 11.250594033676341, 44.527147891331119 ], [ 11.250559522140323, 44.527029951224826 ], [ 11.250491240182415, 44.526916964241366 ], [ 11.250402908673522, 44.526809778636512 ], [ 11.250414533269637, 44.526792711360443 ], [ 11.251212955722984, 44.527085666591354 ], [ 11.251910084522308, 44.527342029169297 ], [ 11.251900763416124, 44.52735936260553 ], [ 11.251716222030892, 44.527340136748656 ], [ 11.251510604671187, 44.527344191581548 ], [ 11.251327493686038, 44.527362094871691 ], [ 11.251133507269838, 44.527408794869523 ], [ 11.250896812348508, 44.527487777876871 ], [ 11.250575430913932, 44.527598443135865 ] ] ] ] } },
{ "type": "Feature", "properties": { "SIGLA": "Ra", "COD_1": 1, "COD_2": 2, "COD_3": 2, "COD_4": 1, "COD_TOT": 1221, "DESCR": "Autostrade e superstrade", "HECTARES": 46.579462014139999 }, "geometry": { "type": "MultiPolygon", "coordinates": [ [ [ [ 11.415401357512323, 44.483078822448739 ], [ 11.415319845501115, 44.482932004452763 ], [ 11.415313890808997, 44.48292087721007 ], [ 11.415302646954988, 44.482900427165092 ], [ 11.41521275737904, 44.482736780454069 ], [ 11.415187297111748, 44.482691189866955 ], [ 11.415182168384154, 44.482692161811784 ], [ 11.414825830282597, 44.48281690441965 ], [ 11.414650231188894, 44.482892810722319 ], [ 11.414595609779301, 44.482831525485999 ], [ 11.414267356697355, 44.482939702190478 ], [ 11.412384714914515, 44.483577965097837 ], [ 11.411358252814569, 44.483900373219086 ], [ 11.410394711030175, 44.484135097173002 ], [ 11.409702726388387, 44.484298578315368 ], [ 11.409272104950524, 44.484339525273498 ], [ 11.409139301776806, 44.48435215432719 ], [ 11.408577948352326, 44.484355067042948 ], [ 11.408444851886133, 44.484354898295862 ], [ 11.407760933533423, 44.484312950290814 ], [ 11.40804625462496, 44.484374043110897 ], [ 11.408252692924012, 44.484440685087918 ], [ 11.4083711224096, 44.484496783117194 ], [ 11.408387009949607, 44.484478582470466 ], [ 11.408484972599895, 44.484479326538128 ], [ 11.408572167436448, 44.48447998729268 ], [ 11.409028246777298, 44.484484814499524 ], [ 11.409486023765705, 44.484454750411096 ], [ 11.410018575694433, 44.484353170669536 ], [ 11.410383450791514, 44.484263119383236 ], [ 11.410613881867912, 44.484205055984638 ], [ 11.410634563258373, 44.484222484166416 ], [ 11.409286549634231, 44.484674638958865 ], [ 11.409132328289278, 44.484721295636056 ], [ 11.408825222323944, 44.484818290018048 ], [ 11.408727600183919, 44.484861765941858 ], [ 11.408727343364351, 44.484861881193737 ], [ 11.408696151394942, 44.484872288498735 ], [ 11.408457382484237, 44.48495194971963 ], [ 11.408070710448417, 44.485091102023645 ], [ 11.407173122742478, 44.485393832792298 ], [ 11.406179503848655, 44.48570201923517 ], [ 11.405968353957695, 44.48577287529374 ], [ 11.405956195294323, 44.485776955044869 ], [ 11.40595630797679, 44.485777095806036 ], [ 11.405496757940025, 44.485938101101446 ], [ 11.405424831056031, 44.485936758655619 ], [ 11.405355449712124, 44.485964897491804 ], [ 11.405294357745888, 44.485935696400063 ], [ 11.405129036429898, 44.486025882243943 ], [ 11.405150118171496, 44.486053068755425 ], [ 11.404955969684556, 44.486121948550107 ], [ 11.403925309658078, 44.486465694935951 ], [ 11.403905870711913, 44.486446095893577 ], [ 11.404577137711208, 44.486166133169185 ], [ 11.405029927448483, 44.485978426317779 ], [ 11.405321340633494, 44.485847473096158 ], [ 11.405468747655659, 44.485774813360528 ], [ 11.405574189201594, 44.485717330577813 ], [ 11.405687296271726, 44.485619669567917 ], [ 11.405751747149576, 44.485536372507816 ], [ 11.405796730057494, 44.485536049503025 ], [ 11.405796291006082, 44.485529564446544 ], [ 11.405785246049465, 44.485366409607849 ], [ 11.405781035690524, 44.48528083896656 ], [ 11.405754559728567, 44.485339694937402 ], [ 11.405698087035139, 44.485455217910371 ], [ 11.405640402788478, 44.485541230499152 ], [ 11.405536527845126, 44.485636791878335 ], [ 11.405407071910693, 44.485725269360358 ], [ 11.405255439476583, 44.485792300699202 ], [ 11.405069625303339, 44.485869578824868 ], [ 11.404715006757559, 44.486017108434929 ], [ 11.404527743156436, 44.486091558875621 ], [ 11.403996456154822, 44.486312357913349 ], [ 11.403523049641228, 44.486516693928507 ], [ 11.403085936769267, 44.486697395579135 ], [ 11.402884784755397, 44.486757843715552 ], [ 11.40265926396417, 44.486840719248264 ], [ 11.40230119237069, 44.486969256936071 ], [ 11.401623764094095, 44.48719693312259 ], [ 11.40111774364302, 44.487375552591018 ], [ 11.401050274617692, 44.4873855465733 ], [ 11.40082738941533, 44.487451687902272 ], [ 11.400773060863512, 44.487489989509314 ], [ 11.398612472349063, 44.488209973861373 ], [ 11.397823772682967, 44.488482490700086 ], [ 11.39764629318748, 44.48853623925806 ], [ 11.397283383711907, 44.488663979723654 ], [ 11.39669646545037, 44.488876387474349 ], [ 11.395963832042304, 44.489187127668139 ], [ 11.395419432380873, 44.489462947852026 ], [ 11.395042150175959, 44.489675710633129 ], [ 11.394710047423844, 44.489854177142142 ], [ 11.394265862580104, 44.490139799930347 ], [ 11.393928565290931, 44.490354102702732 ], [ 11.393640845425475, 44.490560219006042 ], [ 11.393441333582361, 44.490726373232448 ], [ 11.393372487217347, 44.490751636188307 ], [ 11.393217474796415, 44.490866837388964 ], [ 11.393144804311589, 44.490961257444447 ], [ 11.392921723027184, 44.491120759128158 ], [ 11.39281004827132, 44.491225702607835 ], [ 11.392728132519196, 44.491273152890898 ], [ 11.392715962737, 44.491282451037378 ], [ 11.392696184268269, 44.49129756316475 ], [ 11.392539751018441, 44.491378107097297 ], [ 11.392506462199325, 44.491357585784982 ], [ 11.392418679522901, 44.491343972467668 ], [ 11.392339508079337, 44.4914019490055 ], [ 11.392108596212951, 44.491451449479712 ], [ 11.391705829359861, 44.491468821453047 ], [ 11.39141454367315, 44.491465991593415 ], [ 11.39126515138827, 44.491491615737488 ], [ 11.391052292308339, 44.491489019712162 ], [ 11.390867288221386, 44.491486763126396 ], [ 11.390737419302878, 44.491493397392453 ], [ 11.390737795216305, 44.491495731931501 ], [ 11.390571290203635, 44.491477878556495 ], [ 11.390424857395857, 44.491457125073197 ], [ 11.390405293221532, 44.491441285756217 ], [ 11.39047184824482, 44.491534628456193 ], [ 11.390528034798228, 44.491640081431477 ], [ 11.390573796243709, 44.491774593749867 ], [ 11.390590759747877, 44.491658836844373 ], [ 11.390656795112664, 44.491607585214993 ], [ 11.390748887194096, 44.491564585475857 ], [ 11.39087194943955, 44.491551761588696 ], [ 11.391041456486228, 44.491560749080499 ], [ 11.391146502590729, 44.491566318969667 ], [ 11.391250008514699, 44.491571807617824 ], [ 11.391399796443329, 44.491574364328628 ], [ 11.391566848862903, 44.491596056231636 ], [ 11.391714346295961, 44.491665571582232 ], [ 11.39183151967524, 44.49176864783626 ], [ 11.391883669988706, 44.491857147777964 ], [ 11.391898242790456, 44.491953072172329 ], [ 11.391875153213297, 44.49200691156851 ], [ 11.391834879780372, 44.492128757783391 ], [ 11.391766281843413, 44.492274064783224 ], [ 11.391698669371808, 44.492378380385233 ], [ 11.391555158363175, 44.492547169642201 ], [ 11.391323696024227, 44.492811174155499 ], [ 11.391213052640861, 44.492937638002644 ], [ 11.390445744719001, 44.493841208446227 ], [ 11.390325523042359, 44.493984020581223 ], [ 11.390119403895962, 44.49421700143067 ], [ 11.389976125211348, 44.494359107074153 ], [ 11.389832845801743, 44.494501211650103 ], [ 11.389643100815626, 44.494613801100805 ], [ 11.389468070949818, 44.494695591880735 ], [ 11.389306902015793, 44.494725643535425 ], [ 11.389189316423202, 44.494714765723423 ], [ 11.388998823190772, 44.494678736164957 ], [ 11.388869268181624, 44.494623017627468 ], [ 11.388713890284253, 44.494482753787679 ], [ 11.388655989272136, 44.49436069588269 ], [ 11.3886500208991, 44.494247335190764 ], [ 11.388709736311634, 44.494079365385829 ], [ 11.388864437951391, 44.493895866881225 ], [ 11.389044451996812, 44.493709332689839 ], [ 11.389133316258519, 44.493625368162476 ], [ 11.389279122562264, 44.493559172621161 ], [ 11.38945737864673, 44.493518946002858 ], [ 11.389646496903971, 44.493524620608206 ], [ 11.389683565122295, 44.49353368728093 ], [ 11.389595903507786, 44.493504298008396 ], [ 11.389369052511244, 44.493437653806097 ], [ 11.389114047419993, 44.49338404277772 ], [ 11.388925454745728, 44.493356897331736 ], [ 11.388787250423503, 44.493351711879157 ], [ 11.388892888533347, 44.493392752486258 ], [ 11.388952333044848, 44.493451636239698 ], [ 11.388989782681813, 44.493513442738411 ], [ 11.389002383336527, 44.493574656035051 ], [ 11.388965368850528, 44.493658692327443 ], [ 11.388852339271281, 44.493789589800123 ], [ 11.388613904607482, 44.494070120899799 ], [ 11.388558315931178, 44.494207683366525 ], [ 11.388557517581727, 44.494296078142675 ], [ 11.388584030664488, 44.494434277406782 ], [ 11.388658986104906, 44.494569685242972 ], [ 11.38874319410569, 44.494690076875912 ], [ 11.388874747044426, 44.494933579132429 ], [ 11.388954034364334, 44.495114852236924 ], [ 11.388961190540115, 44.495290013584984 ], [ 11.388936050776882, 44.49539153402808 ], [ 11.388827565854516, 44.495603415194317 ], [ 11.388672285490323, 44.4958429519574 ], [ 11.388511235833814, 44.49600638806038 ], [ 11.388358455705944, 44.496180705700787 ], [ 11.388317551911234, 44.496224000150775 ], [ 11.388224772863246, 44.496322203995497 ], [ 11.388222597669763, 44.496324962848107 ], [ 11.388131265723338, 44.49644080256332 ], [ 11.388109549856766, 44.496468783717667 ], [ 11.387914298772595, 44.49672037224056 ], [ 11.387867427798476, 44.496746125194107 ], [ 11.387734855975779, 44.49688990965511 ], [ 11.387713169379603, 44.496945623708207 ], [ 11.386954654830964, 44.497799927767119 ], [ 11.386012389840413, 44.498889501197638 ], [ 11.385932589468037, 44.49898177459221 ], [ 11.385898431007154, 44.499019107948314 ], [ 11.385527327367758, 44.499424708754425 ], [ 11.384428035897354, 44.500672943191525 ], [ 11.384452676974723, 44.500689578531031 ], [ 11.384226938203904, 44.500964880900362 ], [ 11.383880118871998, 44.501339895491689 ], [ 11.383376986514794, 44.501918517182624 ], [ 11.383185405701658, 44.50212611539559 ], [ 11.38282005873954, 44.502527837584502 ], [ 11.383336203390877, 44.502751236082474 ], [ 11.383345468039749, 44.502755557200182 ], [ 11.383989983057935, 44.502017928749488 ], [ 11.383930384613842, 44.502188767054761 ], [ 11.383922517223269, 44.502322320359269 ], [ 11.383948415786938, 44.502565689101495 ], [ 11.384067252563975, 44.502868094807233 ], [ 11.384226580518813, 44.5030534165085 ], [ 11.384467032700796, 44.503279210234972 ], [ 11.384556468437095, 44.503318542736551 ], [ 11.384808537576276, 44.503419272475412 ], [ 11.384970365657749, 44.503464197665316 ], [ 11.384815836180355, 44.503401765142065 ], [ 11.38446625012406, 44.503207245521821 ], [ 11.384442624586001, 44.503194099885121 ], [ 11.38420854262063, 44.502937555034272 ], [ 11.384178040341013, 44.502883555419523 ], [ 11.384085140070439, 44.50271908929092 ], [ 11.384036595640238, 44.502573375254954 ], [ 11.38400835006804, 44.502323113862239 ], [ 11.384007415937646, 44.502314830506542 ], [ 11.38405513134936, 44.502113752213212 ], [ 11.384192831951603, 44.501835444327696 ], [ 11.38431895843437, 44.501663693381573 ], [ 11.385637022101186, 44.500197465931741 ], [ 11.385728381560401, 44.500152681536449 ], [ 11.385781611775389, 44.500070583924547 ], [ 11.385807945562465, 44.499981901843093 ], [ 11.386445432649396, 44.499239672984672 ], [ 11.386540838100446, 44.499130967534228 ], [ 11.387410366518427, 44.498145990052713 ], [ 11.388163715612187, 44.497295600948298 ], [ 11.388245992199526, 44.49725672207569 ], [ 11.388384155449916, 44.497119488912247 ], [ 11.388347544647184, 44.497103105026461 ], [ 11.388364032905903, 44.497077671120422 ], [ 11.38883953083907, 44.496600519750025 ], [ 11.388859194236007, 44.496577692082212 ], [ 11.388992246842685, 44.496423226636566 ], [ 11.389082894677228, 44.496317989143762 ], [ 11.389140067756124, 44.496271535940089 ], [ 11.389219049208261, 44.496209784642836 ], [ 11.389323214290789, 44.496152819909106 ], [ 11.389402044448417, 44.496127351191163 ], [ 11.389534074199398, 44.496100767145855 ], [ 11.389663752692885, 44.496098052465101 ], [ 11.389787559038373, 44.496114516865248 ], [ 11.38994245612923, 44.496158913172529 ], [ 11.390105951057768, 44.496250766947902 ], [ 11.390269738419816, 44.496349760438079 ], [ 11.390347576463331, 44.496401084035561 ], [ 11.390469802893989, 44.496436718930006 ], [ 11.390528610833233, 44.496453863997893 ], [ 11.390800962897506, 44.496501753657157 ], [ 11.39177744527435, 44.496576574948278 ], [ 11.392098443126706, 44.496603947820383 ], [ 11.392246182087428, 44.496616546201672 ], [ 11.392366049457982, 44.496626767142061 ], [ 11.392568107374332, 44.496655321403601 ], [ 11.392476340200252, 44.496624850165524 ], [ 11.39241212139061, 44.496551879782082 ], [ 11.392360188315081, 44.496453879895093 ], [ 11.392355203192219, 44.496417997485189 ], [ 11.392243458309485, 44.496463948404013 ], [ 11.392140026672068, 44.496473737926053 ], [ 11.392011954962904, 44.49646689362676 ], [ 11.391600511288777, 44.49643168701909 ], [ 11.390743049610112, 44.496361993056716 ], [ 11.390576178839703, 44.496317848764932 ], [ 11.390403443810888, 44.496260489207337 ], [ 11.390248007501446, 44.496170371903716 ], [ 11.390047598256189, 44.496022124026922 ], [ 11.389915573724402, 44.495853388704262 ], [ 11.389880256178671, 44.495755835376919 ], [ 11.389880521875131, 44.495660553257053 ], [ 11.389900476078887, 44.495538060407064 ], [ 11.39001668787766, 44.495305736698072 ], [ 11.390292249532589, 44.494964114303329 ], [ 11.390591083942358, 44.494622003514877 ], [ 11.390701774740073, 44.49457490328713 ], [ 11.390756944692919, 44.494509647485508 ], [ 11.390924745234624, 44.494311169005208 ], [ 11.390939672703912, 44.494215013311845 ], [ 11.391039401152316, 44.494100371784555 ], [ 11.391074438424182, 44.494062715966066 ], [ 11.391693329732627, 44.493397582307139 ], [ 11.391731327494963, 44.493341863974436 ], [ 11.391807715975643, 44.493239976847107 ], [ 11.391956605561427, 44.493072503184415 ], [ 11.392075676616761, 44.49295710405589 ], [ 11.392160650273771, 44.492886724104544 ], [ 11.3923035358251, 44.49281655918108 ], [ 11.392455100480053, 44.492763362469667 ], [ 11.392453990309461, 44.492736231001771 ], [ 11.392605487333784, 44.492730197128829 ], [ 11.392826506433822, 44.492764152589885 ], [ 11.393001051058761, 44.492833381587658 ], [ 11.393091808976534, 44.492914558743863 ], [ 11.393166851251747, 44.493002874020149 ], [ 11.393245834853269, 44.49317339992443 ], [ 11.393361100125091, 44.493453827989136 ], [ 11.393379300999394, 44.493498114077227 ], [ 11.393385836320675, 44.493532408323162 ], [ 11.393384403490424, 44.493550989568504 ], [ 11.393387584629034, 44.4935941666077 ], [ 11.393335457052562, 44.493672479910551 ], [ 11.393231778614906, 44.493738920310058 ], [ 11.393133885521777, 44.493759700759973 ], [ 11.3938016253455, 44.493868151457733 ], [ 11.393659561026899, 44.493752317469486 ], [ 11.393608644695654, 44.493696772655746 ], [ 11.393571118436189, 44.493627840310886 ], [ 11.39351962681074, 44.493536793179267 ], [ 11.393434820273852, 44.493329407012546 ], [ 11.393249366665858, 44.49295238785551 ], [ 11.393170001313067, 44.492761864888585 ], [ 11.393102374443181, 44.492621795158072 ], [ 11.393013412261068, 44.492350689720716 ], [ 11.392999232030833, 44.492248087383786 ], [ 11.393025881117236, 44.492045421505082 ], [ 11.393111573998757, 44.491862597828955 ], [ 11.393180825771406, 44.49176586840062 ], [ 11.393361868642856, 44.491554844520806 ], [ 11.39349193495001, 44.491446699575718 ], [ 11.393488261358106, 44.491441662406856 ], [ 11.393619178470834, 44.491326846710415 ], [ 11.394025752572865, 44.490996322464795 ], [ 11.394372983594018, 44.490740127228896 ], [ 11.394691653378713, 44.490517877993611 ], [ 11.395056624020732, 44.490288700686214 ], [ 11.395796768979507, 44.489876576902134 ], [ 11.396298634142676, 44.489618320838368 ], [ 11.396599190459627, 44.489482195263854 ], [ 11.39692443637202, 44.489339595949893 ], [ 11.396992445053739, 44.48933459568962 ], [ 11.397205379793048, 44.489252710660033 ], [ 11.397268650051657, 44.4892132703987 ], [ 11.397376509935196, 44.489165748732496 ], [ 11.397723900030872, 44.489035782907429 ], [ 11.39788476956206, 44.48899207533794 ], [ 11.398071465513921, 44.488923900808125 ], [ 11.398755113266315, 44.488697567057841 ], [ 11.399965768818246, 44.488294821459824 ], [ 11.400915914566001, 44.487966141645067 ], [ 11.400995860619924, 44.487968270599708 ], [ 11.401232337309057, 44.487892791859302 ], [ 11.401281151698782, 44.487849842952649 ], [ 11.402896976555018, 44.487331831431192 ], [ 11.403657396043167, 44.487115739630291 ], [ 11.403844115992003, 44.48706035741413 ], [ 11.404305245942409, 44.486945840778354 ], [ 11.404507922089655, 44.486890122069816 ], [ 11.40473153137556, 44.486828714237419 ], [ 11.405364919945978, 44.486693107188906 ], [ 11.405505312308289, 44.486663049635069 ], [ 11.405569028732279, 44.486651962742052 ], [ 11.405904571390728, 44.486621229951751 ], [ 11.406314854318191, 44.486629731880498 ], [ 11.406791052029549, 44.486684234663102 ], [ 11.406841463536141, 44.486697388498975 ], [ 11.406691762137577, 44.486630731706732 ], [ 11.406514960288796, 44.486534761241593 ], [ 11.406414242237034, 44.486468481388499 ], [ 11.406413919524606, 44.486468156908686 ], [ 11.406400713580673, 44.486518425691202 ], [ 11.406172471189425, 44.486499186800515 ], [ 11.405930591919445, 44.486500092512408 ], [ 11.405495614493395, 44.486553700604226 ], [ 11.405081500691429, 44.486653516579544 ], [ 11.404365799219347, 44.486832384978072 ], [ 11.406077858061797, 44.486261557157469 ], [ 11.406096394573501, 44.486226866220115 ], [ 11.406213306900643, 44.486188313267114 ], [ 11.406425415990665, 44.486118368269786 ], [ 11.406477461734735, 44.486101204694592 ], [ 11.406507334589602, 44.486091354265255 ], [ 11.406564083879893, 44.486072640241076 ], [ 11.40658250815007, 44.48608580733255 ], [ 11.407004775370675, 44.485948095699513 ], [ 11.408299613964518, 44.485515856017138 ], [ 11.40858853859563, 44.485421628072949 ], [ 11.408570183694282, 44.485382394353095 ], [ 11.408658696829955, 44.485363032022633 ], [ 11.408713721795253, 44.485346086294385 ], [ 11.408941515500631, 44.485275935059619 ], [ 11.409020737745458, 44.485251537364384 ], [ 11.409091532153624, 44.485214292957465 ], [ 11.409133860133549, 44.485229570012301 ], [ 11.409339037901047, 44.48516211829461 ], [ 11.40946693003799, 44.485157037706315 ], [ 11.409850982869244, 44.485029833546342 ], [ 11.409921472516979, 44.48496403231389 ], [ 11.41064195738678, 44.484724917254987 ], [ 11.410630343198804, 44.484693988349498 ], [ 11.410879662011777, 44.484615199704351 ], [ 11.41088888112836, 44.484648456805132 ], [ 11.410549713917399, 44.484815775826291 ], [ 11.410076753474419, 44.485046205033662 ], [ 11.40979528781679, 44.485180965432015 ], [ 11.40970179818386, 44.485229510551214 ], [ 11.409502851921806, 44.485348491446594 ], [ 11.409300621131031, 44.485500219997675 ], [ 11.409283800886126, 44.485516079144219 ], [ 11.409283757055203, 44.485516053062817 ], [ 11.409242845761836, 44.485554465135671 ], [ 11.409212500509009, 44.485590561889637 ], [ 11.409181759296461, 44.485622298143696 ], [ 11.40914929354722, 44.485639462651164 ], [ 11.40911352304747, 44.485642556006383 ], [ 11.409112641118179, 44.485724271212796 ], [ 11.409102110154205, 44.485880418400782 ], [ 11.409123260135251, 44.485838453671093 ], [ 11.409410752518442, 44.485590988408568 ], [ 11.409608492630236, 44.485443898922298 ], [ 11.410097106063482, 44.485189434095773 ], [ 11.410835521558006, 44.484840371036071 ], [ 11.411030329805786, 44.484751922216091 ], [ 11.411729626551942, 44.484434418770498 ], [ 11.412272496276675, 44.484250339421216 ], [ 11.413218540170252, 44.483929541525633 ], [ 11.413924309469563, 44.483697267146333 ], [ 11.414684337694977, 44.483469795846517 ], [ 11.414954048092982, 44.483353925153189 ], [ 11.414957454351619, 44.483270316353057 ], [ 11.415127617410835, 44.483214038230543 ], [ 11.415417770660815, 44.483118074967223 ], [ 11.415401357512323, 44.483078822448739 ] ], [ [ 11.392858737173915, 44.492030941861408 ], [ 11.392953331570787, 44.491951783843675 ], [ 11.392925503246914, 44.492052408256718 ], [ 11.392910579091637, 44.492175629797977 ], [ 11.392933014976526, 44.49238238834964 ], [ 11.393015355905842, 44.492589319810115 ], [ 11.393109726484347, 44.492797428416665 ], [ 11.393068125387824, 44.4928054454221 ], [ 11.392935476572594, 44.492735339484618 ], [ 11.392743855565914, 44.49268790681576 ], [ 11.392571416432844, 44.492670082712074 ], [ 11.392360771592308, 44.492694505619546 ], [ 11.392183973952982, 44.492765381772621 ], [ 11.392484209496097, 44.492441815641094 ], [ 11.392858737173915, 44.492030941861408 ] ], [ [ 11.391995046893596, 44.492088533772929 ], [ 11.391974571248539, 44.49207610053184 ], [ 11.391982103319393, 44.491967325377622 ], [ 11.391969451931931, 44.491853257835118 ], [ 11.391887886415718, 44.491733478405116 ], [ 11.391787152010847, 44.491637471888197 ], [ 11.391716190159896, 44.491582126843426 ], [ 11.391814440728368, 44.491580860855599 ], [ 11.391989054766483, 44.491580886025766 ], [ 11.392128587088054, 44.4915628622458 ], [ 11.392373359040759, 44.491526090288261 ], [ 11.392601961534718, 44.491452699506745 ], [ 11.392567280079071, 44.491483438123112 ], [ 11.392166819878659, 44.491894854792754 ], [ 11.391995046893596, 44.492088533772929 ] ], [ [ 11.388825539285268, 44.494656637168688 ], [ 11.388956018482897, 44.494722506376895 ], [ 11.389055173756125, 44.494754730632565 ], [ 11.389224211814872, 44.494786922538651 ], [ 11.389372016528569, 44.494788116373115 ], [ 11.389495239715963, 44.494774103188959 ], [ 11.389601094800012, 44.494734244201204 ], [ 11.389657783685442, 44.494732365296571 ], [ 11.389038583541677, 44.495423925225218 ], [ 11.389010245369487, 44.495414515274071 ], [ 11.389036844725416, 44.495332495784233 ], [ 11.389052187293748, 44.495219270368622 ], [ 11.389008110079965, 44.495020111337695 ], [ 11.388900659845602, 44.494833710646297 ], [ 11.388816964130189, 44.494691116665855 ], [ 11.388825539285268, 44.494656637168688 ] ] ] ] } },
{ "type": "Feature", "properties": { "SIGLA": "Ra", "COD_1": 1, "COD_2": 2, "COD_3": 2, "COD_4": 1, "COD_TOT": 1221, "DESCR": "Autostrade e superstrade", "HECTARES": 2.43385826535 }, "geometry": { "type": "MultiPolygon", "coordinates": [ [ [ [ 11.382278914712661, 44.504397235177905 ], [ 11.38246251868353, 44.504067554910741 ], [ 11.382548939664128, 44.503966662779938 ], [ 11.382667694569799, 44.503809835140764 ], [ 11.382890204242774, 44.503650840982665 ], [ 11.383114111420463, 44.50352611708395 ], [ 11.383339413963967, 44.503435663482577 ], [ 11.383598036464047, 44.503378814003298 ], [ 11.383858445859204, 44.503365753685472 ], [ 11.384192470961191, 44.503394983983441 ], [ 11.38468044742053, 44.503542950959215 ], [ 11.384918680630365, 44.503638967975405 ], [ 11.385164895689861, 44.5037348175996 ], [ 11.385311354035155, 44.503800357686174 ], [ 11.385329361157613, 44.503856259399569 ], [ 11.385628406800054, 44.503949440485457 ], [ 11.385678186862819, 44.503954761387504 ], [ 11.385691218450942, 44.503884362273382 ], [ 11.385367162116237, 44.503773228805052 ], [ 11.385040860092442, 44.503647848319503 ], [ 11.384940718704902, 44.50359992041264 ], [ 11.384439565048837, 44.503390061494699 ], [ 11.384061761016611, 44.503310217370355 ], [ 11.383735484552584, 44.503275109171277 ], [ 11.38341254594132, 44.503321868880761 ], [ 11.383202042711302, 44.503383430051009 ], [ 11.382860126752785, 44.503552538735775 ], [ 11.382644256008779, 44.503743789162193 ], [ 11.38260920382508, 44.503733087391318 ], [ 11.383258405803511, 44.502864925566669 ], [ 11.383249407963973, 44.502860947259123 ], [ 11.38273157334922, 44.502626720522464 ], [ 11.382681946270298, 44.502635670180602 ], [ 11.382632884381472, 44.502680730886354 ], [ 11.382572682191718, 44.502771548289992 ], [ 11.382450105318716, 44.502899872279457 ], [ 11.38235836541544, 44.503000875432633 ], [ 11.382192368098542, 44.503109144846334 ], [ 11.381985222121004, 44.503187783159852 ], [ 11.381791323206293, 44.5031994514191 ], [ 11.381638594834573, 44.503175960800654 ], [ 11.381470858478439, 44.503110861101199 ], [ 11.381364466213602, 44.503048291270751 ], [ 11.381262309673534, 44.502958956224603 ], [ 11.381212974281802, 44.502858991292371 ], [ 11.381113498850155, 44.502560473490426 ], [ 11.381121399683312, 44.502506469949651 ], [ 11.381143482093648, 44.502460276112735 ], [ 11.381210402715674, 44.502403619113814 ], [ 11.381251804496401, 44.50237417237426 ], [ 11.381314954987719, 44.502355705511853 ], [ 11.381169590598576, 44.502316815936076 ], [ 11.380947486850182, 44.502224265106342 ], [ 11.380830842974147, 44.502171436839404 ], [ 11.380718008703356, 44.502111363066028 ], [ 11.380578926605883, 44.502037312532153 ], [ 11.380529124072941, 44.501976261646611 ], [ 11.380560932555484, 44.502081788816191 ], [ 11.380723194460241, 44.502339464713586 ], [ 11.380860272766729, 44.502567177687794 ], [ 11.38102364554293, 44.502786718456356 ], [ 11.381161771630326, 44.503027680461841 ], [ 11.381266380815786, 44.503376713107265 ], [ 11.38132749425994, 44.503561995970237 ], [ 11.381413417514437, 44.503822489616205 ], [ 11.381479873584768, 44.504063471878936 ], [ 11.381498860612114, 44.504223861228986 ], [ 11.381446142930292, 44.504476232941137 ], [ 11.381416257533566, 44.504580692743893 ], [ 11.381358736198475, 44.504781753115822 ], [ 11.381263375398056, 44.505235820615859 ], [ 11.381246527840476, 44.505316036721652 ], [ 11.381940500773938, 44.505420106510321 ], [ 11.381987518128925, 44.505283678870818 ], [ 11.382180618861758, 44.504664157115535 ], [ 11.382235712670997, 44.504643953094821 ], [ 11.382320916231972, 44.504447808304008 ], [ 11.382278914712661, 44.504397235177905 ] ], [ [ 11.381530190923998, 44.503803234473743 ], [ 11.38128850100845, 44.503078809757419 ], [ 11.381365627109945, 44.503133771458188 ], [ 11.381484927477159, 44.503202740757082 ], [ 11.381607052287235, 44.503238899474553 ], [ 11.381757547317743, 44.503256601435176 ], [ 11.381940813848225, 44.503261708786084 ], [ 11.382113947528817, 44.503222367629768 ], [ 11.382269483905407, 44.503159573461254 ], [ 11.381994381832682, 44.503555356315694 ], [ 11.381804268507159, 44.503892793164631 ], [ 11.381665646634753, 44.504166631452676 ], [ 11.381612454612339, 44.504188583362456 ], [ 11.381597233865953, 44.504019187759575 ], [ 11.381530190923998, 44.503803234473743 ] ] ] ] } },
{ "type": "Feature", "properties": { "SIGLA": "Ra", "COD_1": 1, "COD_2": 2, "COD_3": 2, "COD_4": 1, "COD_TOT": 1221, "DESCR": "Autostrade e superstrade", "HECTARES": 2.9854491262299998 }, "geometry": { "type": "MultiPolygon", "coordinates": [ [ [ [ 11.382383602242664, 44.510028368931188 ], [ 11.382445690647479, 44.509932630348878 ], [ 11.382680830138437, 44.509699057632858 ], [ 11.382819100786906, 44.509538963179821 ], [ 11.382882686613726, 44.509384001708717 ], [ 11.38284491417634, 44.509186337475505 ], [ 11.382844603892773, 44.509184713630908 ], [ 11.382630024717441, 44.508942663582395 ], [ 11.382564284592888, 44.508892198417399 ], [ 11.382217688580047, 44.508626135443166 ], [ 11.382046672714706, 44.508430507098687 ], [ 11.3819879732101, 44.508444684515531 ], [ 11.381880894298714, 44.508300191938069 ], [ 11.381790811859089, 44.508115328016949 ], [ 11.381735318940127, 44.507929741830885 ], [ 11.381740336296589, 44.507464684363924 ], [ 11.381778357372838, 44.506829344197023 ], [ 11.381801720750399, 44.506487763417432 ], [ 11.381865904107983, 44.505775655715517 ], [ 11.38190025580063, 44.505628221626999 ], [ 11.381206702124228, 44.505539409044488 ], [ 11.381187276161437, 44.505661163623657 ], [ 11.38115584836472, 44.505858140352942 ], [ 11.381101784446118, 44.506380592641349 ], [ 11.381057796540111, 44.507383195731251 ], [ 11.381040840801937, 44.507673556909388 ], [ 11.380976642786981, 44.508267022242528 ], [ 11.380851147482893, 44.508894624543693 ], [ 11.380658472903162, 44.509494987687617 ], [ 11.38066769350756, 44.50950237433792 ], [ 11.381265536559651, 44.509764248993591 ], [ 11.381355117927713, 44.50957834837768 ], [ 11.381512734996951, 44.509329245079009 ], [ 11.381777708189162, 44.50910076785491 ], [ 11.381991459811612, 44.508987692172568 ], [ 11.382145234587554, 44.508971144077051 ], [ 11.382257293052978, 44.508976428045223 ], [ 11.382394071988264, 44.509000250905075 ], [ 11.382581460452839, 44.50908971229142 ], [ 11.38268557100325, 44.509226643901279 ], [ 11.382710093776831, 44.509370953426554 ], [ 11.382700749389382, 44.509468330799997 ], [ 11.382647591031132, 44.509536135055917 ], [ 11.3825221068322, 44.509658803237805 ], [ 11.382253675062506, 44.509933087246736 ], [ 11.382083834289757, 44.510012853305774 ], [ 11.381921918300485, 44.510025759716278 ], [ 11.381811475122412, 44.510005677837604 ], [ 11.382445717269883, 44.510286222348128 ], [ 11.382415105902457, 44.510227572184625 ], [ 11.382412577120343, 44.510222726818824 ], [ 11.38236932060372, 44.510141452256669 ], [ 11.382365828526195, 44.51005577598994 ], [ 11.382383602242664, 44.510028368931188 ] ], [ [ 11.381666370464231, 44.509047830617504 ], [ 11.3814672410802, 44.509192995393946 ], [ 11.381512129703859, 44.509052953907329 ], [ 11.381563528025472, 44.508876570831042 ], [ 11.381665128526175, 44.508363765921686 ], [ 11.381692866134264, 44.508260287198098 ], [ 11.381746000852965, 44.508257272908999 ], [ 11.381777208173949, 44.508304260881104 ], [ 11.381879429230086, 44.508460287978352 ], [ 11.382049021046464, 44.508635870161676 ], [ 11.382362577556586, 44.508880859577935 ], [ 11.38238830710821, 44.508924149281711 ], [ 11.382217250612999, 44.508908664537273 ], [ 11.382063010261975, 44.508913787663317 ], [ 11.3818858322001, 44.508944163104402 ], [ 11.381666370464231, 44.509047830617504 ] ] ] ] } },
{ "type": "Feature", "properties": { "SIGLA": "Ra", "COD_1": 1, "COD_2": 2, "COD_3": 2, "COD_4": 1, "COD_TOT": 1221, "DESCR": "Autostrade e superstrade", "HECTARES": 45.138604905699999 }, "geometry": { "type": "MultiPolygon", "coordinates": [ [ [ [ 11.371000236640661, 44.547243642486094 ], [ 11.371324529331833, 44.547129721018763 ], [ 11.371306108666959, 44.547097420182304 ], [ 11.371274617275388, 44.547033120493623 ], [ 11.371178085759546, 44.546941321301539 ], [ 11.370371390469959, 44.545736026819981 ], [ 11.370209642731519, 44.545504925410924 ], [ 11.369356944673301, 44.5441911337617 ], [ 11.369104636542614, 44.543800972031086 ], [ 11.368428997221281, 44.542745509730487 ], [ 11.368062393655375, 44.54216478109511 ], [ 11.36759779547233, 44.541466987294399 ], [ 11.366955152488789, 44.540484670682048 ], [ 11.366653684190789, 44.540031211711778 ], [ 11.365730165267987, 44.538609291193424 ], [ 11.364703160028867, 44.537015627506584 ], [ 11.363988536047771, 44.535930963652618 ], [ 11.36387668510354, 44.535756990029661 ], [ 11.363946137249743, 44.535735728572064 ], [ 11.363994136488078, 44.535721035034022 ], [ 11.36375681513719, 44.535318654689227 ], [ 11.363034688247888, 44.53424089807546 ], [ 11.362812530028609, 44.533894162695979 ], [ 11.362738642141002, 44.533714071279938 ], [ 11.362711700448374, 44.533613704272909 ], [ 11.362693557493923, 44.533425667744808 ], [ 11.362689051511254, 44.533211388759334 ], [ 11.362738491912582, 44.532993014441566 ], [ 11.362789015575959, 44.532801414874463 ], [ 11.362803554046735, 44.532646288174924 ], [ 11.362777891346033, 44.532423514383119 ], [ 11.362721604123678, 44.532266876702558 ], [ 11.362610891404428, 44.532102434129023 ], [ 11.362470944264784, 44.53193561893022 ], [ 11.362239261134237, 44.531764745541068 ], [ 11.361815855106864, 44.531484698337508 ], [ 11.361568261257712, 44.531332018108515 ], [ 11.361474872492725, 44.531274994303317 ], [ 11.361234531376486, 44.531128240671308 ], [ 11.361123886276683, 44.530944739098452 ], [ 11.36107504911841, 44.530874461418868 ], [ 11.361060245882708, 44.530853161331848 ], [ 11.361031280662356, 44.530713226429278 ], [ 11.360998890852125, 44.530570980380659 ], [ 11.36098602452647, 44.530499788909637 ], [ 11.360883407830471, 44.530332150462833 ], [ 11.360836282457281, 44.530255165621874 ], [ 11.360670579159805, 44.530027545648174 ], [ 11.360488089021334, 44.529878875717657 ], [ 11.360237231771009, 44.52968636356762 ], [ 11.360105848980959, 44.529569396834169 ], [ 11.359957452564915, 44.529437281720298 ], [ 11.359801292441219, 44.529280920804112 ], [ 11.359624654040248, 44.529029706223156 ], [ 11.359472844684419, 44.528816089159555 ], [ 11.359301324853803, 44.528526657724612 ], [ 11.359257884982162, 44.528428700675981 ], [ 11.359191421912577, 44.528278827105154 ], [ 11.359125540246987, 44.528049141212811 ], [ 11.359076641063185, 44.527745265154728 ], [ 11.359054684307852, 44.527531344925315 ], [ 11.359058439616096, 44.527212089615439 ], [ 11.359099595952912, 44.526994483948044 ], [ 11.359163236321324, 44.526673990133339 ], [ 11.359204718722017, 44.526546891617421 ], [ 11.359254333019614, 44.526538719454841 ], [ 11.359277761039225, 44.526416492774437 ], [ 11.35930933735637, 44.526251752388795 ], [ 11.359360318067706, 44.526112546373533 ], [ 11.359450800490816, 44.525879630024569 ], [ 11.359486003849709, 44.525817663512676 ], [ 11.359565818574197, 44.525677170511649 ], [ 11.359649971698715, 44.525534897072234 ], [ 11.35979540938796, 44.525343719059101 ], [ 11.359949328596999, 44.525197621022635 ], [ 11.360119582963547, 44.525053314761969 ], [ 11.36016824428474, 44.525012069337485 ], [ 11.360469558168869, 44.524805756081385 ], [ 11.360739428882221, 44.524645351081446 ], [ 11.36084181461815, 44.524592984733069 ], [ 11.360938419157273, 44.524543575480429 ], [ 11.360989825629622, 44.524518555409955 ], [ 11.361055969598768, 44.52448636060231 ], [ 11.361852872110815, 44.524109434534246 ], [ 11.361953052886184, 44.524067344892593 ], [ 11.362098854541342, 44.524017165351097 ], [ 11.362263023616148, 44.523976610460927 ], [ 11.362375816460073, 44.523949980049672 ], [ 11.36245317895313, 44.523944326846738 ], [ 11.36257651464766, 44.523958329591046 ], [ 11.362651245580924, 44.523975810943227 ], [ 11.362714921798165, 44.523998612036117 ], [ 11.362775709148387, 44.524024531023279 ], [ 11.362834057973506, 44.524060593005821 ], [ 11.362902396843104, 44.52411176369791 ], [ 11.362966414417695, 44.524174562154883 ], [ 11.363067380525059, 44.524282918491558 ], [ 11.363262515631185, 44.524489419923036 ], [ 11.363518576851275, 44.524760498150137 ], [ 11.363599146478483, 44.524852250491321 ], [ 11.36366232669898, 44.524940957512051 ], [ 11.363707581837822, 44.525025232278686 ], [ 11.363741782212264, 44.525124868118631 ], [ 11.363755619902429, 44.525216217935778 ], [ 11.363755975927381, 44.525361744980103 ], [ 11.363747296509786, 44.525415026892865 ], [ 11.363708015429118, 44.525545852538841 ], [ 11.36387242337935, 44.525330252623434 ], [ 11.364075362861771, 44.525045316468052 ], [ 11.364216881272188, 44.524837723561255 ], [ 11.364291358382472, 44.524733516445671 ], [ 11.364339963396862, 44.52461101624052 ], [ 11.364286490625464, 44.524688345497651 ], [ 11.364206018282621, 44.524756705338312 ], [ 11.364110890603083, 44.524792023302787 ], [ 11.364005203939016, 44.524813266102946 ], [ 11.363878691304141, 44.524813504916381 ], [ 11.363778214671102, 44.524798911978202 ], [ 11.363649101192891, 44.524734890855882 ], [ 11.363541541349134, 44.524627550290163 ], [ 11.363266790043189, 44.524337879693739 ], [ 11.362964079652736, 44.524015440232986 ], [ 11.362924213855818, 44.523935279218179 ], [ 11.362919111592005, 44.523809143358527 ], [ 11.362970468207587, 44.523679455972108 ], [ 11.36308160771263, 44.523546149924613 ], [ 11.363279145502601, 44.523408671846042 ], [ 11.363745810301678, 44.523175108480586 ], [ 11.363951555979924, 44.523076613014005 ], [ 11.364231113801168, 44.522942911458465 ], [ 11.364231041974712, 44.52294281572189 ], [ 11.364230596384685, 44.522942221800463 ], [ 11.364860007450973, 44.522640058806218 ], [ 11.365088920650468, 44.522570527635274 ], [ 11.365304892923634, 44.522547798314697 ], [ 11.36535944979244, 44.522542056067493 ], [ 11.365577020290987, 44.522587092390495 ], [ 11.365715290666387, 44.522647109861495 ], [ 11.365745551257357, 44.522689853752134 ], [ 11.36580569626673, 44.522774811870541 ], [ 11.365856257931505, 44.52290524776447 ], [ 11.365849853163175, 44.523010184896101 ], [ 11.365803836414347, 44.523123564938693 ], [ 11.365724572980717, 44.523205240453301 ], [ 11.365618157452751, 44.523274140228033 ], [ 11.365315684343921, 44.523434756588934 ], [ 11.365011207451033, 44.523545870235068 ], [ 11.364865525536969, 44.523566038132834 ], [ 11.364739439976754, 44.52354387753649 ], [ 11.364602470439348, 44.523488947053018 ], [ 11.364698412342637, 44.523667102181946 ], [ 11.364784032206797, 44.523926081715487 ], [ 11.364812882701678, 44.523982729476231 ], [ 11.364845300040635, 44.524060056367581 ], [ 11.364842490031799, 44.523957659948259 ], [ 11.364864247736305, 44.523837160049027 ], [ 11.364906332373172, 44.523758160811994 ], [ 11.365014177733356, 44.523658743852188 ], [ 11.365112270197372, 44.523599156380151 ], [ 11.365256827586013, 44.523533667620221 ], [ 11.36558950059913, 44.523395291983242 ], [ 11.36577436931338, 44.523290466312844 ], [ 11.365889658791104, 44.523177555373941 ], [ 11.365962134307948, 44.523059814936218 ], [ 11.366009697048703, 44.522721547807215 ], [ 11.366064241635069, 44.52235836499667 ], [ 11.366161980531006, 44.522141012586154 ], [ 11.366323627683602, 44.521989030012023 ], [ 11.366497615213769, 44.521878712385202 ], [ 11.366697981992322, 44.521762131614288 ], [ 11.366919711488906, 44.521683735364562 ], [ 11.367026810790847, 44.521629020461511 ], [ 11.367258587398792, 44.52149248502824 ], [ 11.367756586338871, 44.521260636968094 ], [ 11.368181427688571, 44.521047454974131 ], [ 11.3685666089563, 44.520890831065152 ], [ 11.368894890464091, 44.520759682986629 ], [ 11.369188401947167, 44.520657837633003 ], [ 11.369479975091979, 44.520557461356915 ], [ 11.370029219537876, 44.520407430626705 ], [ 11.370575073729526, 44.520223169690695 ], [ 11.371090116450491, 44.520018106610102 ], [ 11.371435755068015, 44.519866770874465 ], [ 11.372261118550815, 44.519449457401898 ], [ 11.372392644455399, 44.519572966430559 ], [ 11.372564765558419, 44.51971230512035 ], [ 11.372749322503536, 44.519829946707205 ], [ 11.372924714381693, 44.519885848849341 ], [ 11.373178974555991, 44.519916292479479 ], [ 11.373467701368051, 44.519893616697495 ], [ 11.37372445860108, 44.519821583939134 ], [ 11.373879391027138, 44.519701648140654 ], [ 11.374036778796471, 44.519560222858523 ], [ 11.374102708712009, 44.519380206501125 ], [ 11.374115704661529, 44.519208437846146 ], [ 11.374039506639152, 44.518971829847523 ], [ 11.373983324841985, 44.518818172309352 ], [ 11.373917165042824, 44.518664723287785 ], [ 11.373903996104058, 44.51858639339838 ], [ 11.373945690928808, 44.518547415194327 ], [ 11.374017519190923, 44.518512574799495 ], [ 11.374788596931989, 44.517989184541264 ], [ 11.374965510856644, 44.517918810236253 ], [ 11.37520295421888, 44.517699496422225 ], [ 11.375210611105208, 44.517642170318794 ], [ 11.375974609702597, 44.516822370507882 ], [ 11.376213339587828, 44.516553007142626 ], [ 11.376326370482687, 44.516467286379914 ], [ 11.376512387006851, 44.516375282760428 ], [ 11.376660133473729, 44.516324567824313 ], [ 11.37685796550994, 44.516277574051472 ], [ 11.377000606841468, 44.516265076468407 ], [ 11.377339302734098, 44.516243731661753 ], [ 11.377481945112351, 44.516231233454768 ], [ 11.377640732497957, 44.51620648845703 ], [ 11.377772426835101, 44.516170398776104 ], [ 11.377890621716233, 44.516129826304024 ], [ 11.378059130729076, 44.516016746025308 ], [ 11.378187145168077, 44.515890219410139 ], [ 11.378371929148999, 44.515686287094489 ], [ 11.378491124689946, 44.515588527346829 ], [ 11.378582902099877, 44.515553267211949 ], [ 11.378678974874255, 44.515541738539312 ], [ 11.37876294168124, 44.515538747089508 ], [ 11.378540212580624, 44.515404095455828 ], [ 11.378293983287961, 44.515274985454312 ], [ 11.378335279796488, 44.515358344099269 ], [ 11.378364504103944, 44.515422047542941 ], [ 11.378354396201569, 44.515500862260048 ], [ 11.378307601498369, 44.515578058943063 ], [ 11.377862206411605, 44.516004175156127 ], [ 11.377731867429627, 44.516073584073304 ], [ 11.377580216285176, 44.516110090561604 ], [ 11.377447748355532, 44.516127140882197 ], [ 11.377264126768679, 44.51611429173154 ], [ 11.37713579349426, 44.516069324798593 ], [ 11.377030356498439, 44.51601435433485 ], [ 11.376956924585246, 44.515927752419842 ], [ 11.376918532295793, 44.515802308922929 ], [ 11.376934036058518, 44.515692417437691 ], [ 11.377009351200206, 44.515497913425186 ], [ 11.377480115180216, 44.514884947536892 ], [ 11.377448190786783, 44.514870307103614 ], [ 11.376947592973396, 44.514640738443759 ], [ 11.376913048596304, 44.514685297865569 ], [ 11.376677558746188, 44.514952213236072 ], [ 11.376451984889638, 44.515135554415707 ], [ 11.376239654391199, 44.515235252157559 ], [ 11.376069303424826, 44.515303109737808 ], [ 11.375933316899898, 44.515315468449096 ], [ 11.375829721367186, 44.515305715103025 ], [ 11.375735619681926, 44.515283853837545 ], [ 11.375664608894947, 44.515256748469284 ], [ 11.375582846195572, 44.515210811702197 ], [ 11.375524365439681, 44.515164390042024 ], [ 11.375482129315703, 44.515108101988744 ], [ 11.375459850013815, 44.515051399240392 ], [ 11.37544981284004, 44.514968241131939 ], [ 11.375459827828374, 44.514887046577563 ], [ 11.375487442130485, 44.514829305737649 ], [ 11.375585715273358, 44.514708164496305 ], [ 11.375824632345585, 44.514443562009888 ], [ 11.375901654004103, 44.514372883735113 ], [ 11.375989719010301, 44.514328175819614 ], [ 11.376125219262578, 44.51430391796567 ], [ 11.376256216427674, 44.51430941648627 ], [ 11.375902151329809, 44.514139444330134 ], [ 11.375672369417202, 44.514031516983486 ], [ 11.375703393542604, 44.514081650413345 ], [ 11.375770460230774, 44.514175530891528 ], [ 11.375752305779864, 44.514302151595246 ], [ 11.37554196952796, 44.514532812260548 ], [ 11.37529298651277, 44.51477082916881 ], [ 11.375260826931269, 44.514822521404433 ], [ 11.37524685937211, 44.514889441302167 ], [ 11.375243661098875, 44.514956313404866 ], [ 11.375245793442385, 44.515085748842338 ], [ 11.375248885643428, 44.515211962156741 ], [ 11.375254377187673, 44.515436082727717 ], [ 11.375258993235313, 44.515613882850971 ], [ 11.375261533838007, 44.515814037595817 ], [ 11.375252172577094, 44.516026648237357 ], [ 11.375200137792369, 44.516196859644808 ], [ 11.375116476791947, 44.516353557128319 ], [ 11.37501001230201, 44.51647022777518 ], [ 11.37479987718368, 44.516677926842377 ], [ 11.374597786652977, 44.516825046032274 ], [ 11.374281208134645, 44.517022185534877 ], [ 11.373992646470271, 44.517191944720786 ], [ 11.372309807313771, 44.518176724660947 ], [ 11.371943922292822, 44.51838976840498 ], [ 11.371809658287107, 44.518362783958764 ], [ 11.37167146648275, 44.518320994744201 ], [ 11.371524375286894, 44.51822400976986 ], [ 11.371455143268554, 44.518158753398666 ], [ 11.37139179152204, 44.518074320386496 ], [ 11.371344728804457, 44.517899034673846 ], [ 11.37131661510616, 44.517780522607815 ], [ 11.371323794023636, 44.517711297500277 ], [ 11.371642012015611, 44.517021072902168 ], [ 11.371691948630078, 44.516939049600403 ], [ 11.371762906662344, 44.516882790530047 ], [ 11.371903424844605, 44.516817940824239 ], [ 11.372009811163387, 44.516732363398617 ], [ 11.372044082554616, 44.516674484979099 ], [ 11.372044992962735, 44.516614917343759 ], [ 11.371988862181242, 44.516380272615557 ], [ 11.371920585905922, 44.516174463736952 ], [ 11.372014631825349, 44.516112961295804 ], [ 11.372100496720794, 44.516088579021172 ], [ 11.372340453113647, 44.516020441137108 ], [ 11.372461143158583, 44.516054914556399 ], [ 11.37232385938818, 44.515838591374788 ], [ 11.372217942906765, 44.515927292148611 ], [ 11.372060455778572, 44.515984158934351 ], [ 11.371949241662476, 44.515950740281752 ], [ 11.371905911385495, 44.515744412670614 ], [ 11.371779936968142, 44.515593395243314 ], [ 11.371609720009566, 44.515582640298042 ], [ 11.371491658840965, 44.515535683584062 ], [ 11.371451204755029, 44.515367987173796 ], [ 11.371383799901663, 44.515183597111445 ], [ 11.371457319493665, 44.51490338401738 ], [ 11.371501409947506, 44.51486374742543 ], [ 11.37150531496761, 44.514860236348859 ], [ 11.371308118411424, 44.514744305675684 ], [ 11.370770838389523, 44.515214193117529 ], [ 11.37064314520158, 44.515266865712441 ], [ 11.370405250001621, 44.515311108185955 ], [ 11.370339810421822, 44.515298174955944 ], [ 11.370202781863613, 44.5152438537066 ], [ 11.368511788860356, 44.514126414989462 ], [ 11.368485140962239, 44.514085821247988 ], [ 11.368479324134743, 44.514040068758625 ], [ 11.368431750358155, 44.514052754162847 ], [ 11.368131397441537, 44.514155978394371 ], [ 11.368142372591869, 44.51416299834279 ], [ 11.368640521344211, 44.514664035909114 ], [ 11.368735072695744, 44.514722366705413 ], [ 11.368886210145154, 44.514837374130231 ], [ 11.369217178646467, 44.515118242639844 ], [ 11.369348301287813, 44.515199365296347 ], [ 11.369563999514099, 44.515330181210324 ], [ 11.369686059099582, 44.515384814183903 ], [ 11.369859449218202, 44.515457435916687 ], [ 11.3700622653281, 44.515533258507787 ], [ 11.370252085441029, 44.515616972158476 ], [ 11.370414490391063, 44.515746987989715 ], [ 11.37049058493362, 44.515850212940514 ], [ 11.370562282886535, 44.515976395160763 ], [ 11.370562402957839, 44.516044992333882 ], [ 11.37061810123091, 44.516236295978231 ], [ 11.370637619908198, 44.516323545276386 ], [ 11.370657251533798, 44.516347909947122 ], [ 11.370733894487403, 44.516595944939461 ], [ 11.370775509039769, 44.516637002190315 ], [ 11.370826695188466, 44.516782665783467 ], [ 11.370948586543861, 44.517161243016943 ], [ 11.370949865048617, 44.517258399439939 ], [ 11.370933829809221, 44.517388309748505 ], [ 11.370934876445224, 44.517479753599702 ], [ 11.370966122479983, 44.517593436621574 ], [ 11.371084617416313, 44.517888240941261 ], [ 11.371140516255844, 44.518150044649694 ], [ 11.371109751544092, 44.51831074936495 ], [ 11.371017083396879, 44.518455589491083 ], [ 11.370904474441202, 44.518568449966885 ], [ 11.370727269772726, 44.518730290499938 ], [ 11.370297921983541, 44.519110787852796 ], [ 11.370251025473335, 44.519136533135786 ], [ 11.369728175450918, 44.519313171305114 ], [ 11.369621462682003, 44.519374457839945 ], [ 11.369505297641858, 44.519399735903043 ], [ 11.369295880014768, 44.519489832088667 ], [ 11.368990543358958, 44.519644801256085 ], [ 11.3688478443521, 44.519672534580103 ], [ 11.368788180810418, 44.519711883147735 ], [ 11.368547174456069, 44.519876950025562 ], [ 11.368538459661924, 44.519924768656523 ], [ 11.368039396692371, 44.520360059119 ], [ 11.367873575009765, 44.520507367670838 ], [ 11.367596029761495, 44.520707489885766 ], [ 11.367438930676633, 44.520823651415967 ], [ 11.367182730000955, 44.520959017829441 ], [ 11.366852359907822, 44.521137366664675 ], [ 11.366652349207282, 44.521222243995084 ], [ 11.366533278800711, 44.521278359199179 ], [ 11.366516105116949, 44.521307452743649 ], [ 11.366384507600115, 44.521346386543733 ], [ 11.366169754802948, 44.521436586745317 ], [ 11.366003946303364, 44.521485756899402 ], [ 11.365826875278122, 44.521519915833494 ], [ 11.365630403964703, 44.52153542066533 ], [ 11.365368906865539, 44.52152368929945 ], [ 11.364887993541513, 44.521421226490318 ], [ 11.364423435642676, 44.521327949822926 ], [ 11.364269314221598, 44.521336858919518 ], [ 11.364120737154623, 44.521367566395718 ], [ 11.363659545925719, 44.521571482159537 ], [ 11.363566718624536, 44.521597700166858 ], [ 11.363417079867318, 44.521602227418278 ], [ 11.363258764095018, 44.521589784781412 ], [ 11.36316103917442, 44.521560334436899 ], [ 11.363206743770906, 44.52160785079019 ], [ 11.363407478148874, 44.521878808032064 ], [ 11.363479725397234, 44.52201125154707 ], [ 11.363480726559843, 44.522012608161646 ], [ 11.363476765490532, 44.521941217970827 ], [ 11.363486221382532, 44.52184574581127 ], [ 11.363520397460457, 44.521768816714903 ], [ 11.363641858063138, 44.521676740304642 ], [ 11.364026208493513, 44.521499187907366 ], [ 11.364249795133697, 44.5214297696984 ], [ 11.364392965772526, 44.521413465325637 ], [ 11.364534781326691, 44.521429583776332 ], [ 11.36468543098894, 44.521466479067982 ], [ 11.364775564747029, 44.521521778147083 ], [ 11.364891652731519, 44.521626083458173 ], [ 11.364926823999989, 44.52170538778951 ], [ 11.364953047425908, 44.521826799702055 ], [ 11.364932640227563, 44.52191487674272 ], [ 11.364831044973856, 44.52203703091643 ], [ 11.364689682349066, 44.522163819155985 ], [ 11.364556807468897, 44.522237077128665 ], [ 11.363922963941892, 44.522532164458426 ], [ 11.363923543829296, 44.522532936545055 ], [ 11.363619300559957, 44.522672254069704 ], [ 11.363188325191782, 44.522883656519539 ], [ 11.362966251904746, 44.522990676456665 ], [ 11.362782556469794, 44.523058789659117 ], [ 11.362603782566344, 44.523083927907258 ], [ 11.362480600379445, 44.52308409528861 ], [ 11.362397144935921, 44.523078676686033 ], [ 11.362319861820701, 44.523061221009939 ], [ 11.362225270789409, 44.523027448667222 ], [ 11.362136757242249, 44.522979260089024 ], [ 11.362068107162694, 44.522928278119693 ], [ 11.362035760791406, 44.522869399242651 ], [ 11.361995993392528, 44.522791618769475 ], [ 11.361976954392702, 44.522732465231542 ], [ 11.361983663477535, 44.522651340390581 ], [ 11.361991045074625, 44.522586875752012 ], [ 11.362027982721276, 44.522512271947207 ], [ 11.362078418613205, 44.522442151762782 ], [ 11.362191964398429, 44.522368344493557 ], [ 11.362714696622634, 44.522121715081163 ], [ 11.362777133575227, 44.522101367503815 ], [ 11.362876562783422, 44.522090472204908 ], [ 11.362978780733437, 44.522085089698194 ], [ 11.363083142514615, 44.522110425477472 ], [ 11.363152337060992, 44.522136583319806 ], [ 11.363240144398935, 44.522191307039648 ], [ 11.363252460469681, 44.522196394775492 ], [ 11.363042466268505, 44.521941594738941 ], [ 11.362853579672993, 44.521697709042726 ], [ 11.362871134246763, 44.521794245691986 ], [ 11.362862584754874, 44.521854606113358 ], [ 11.362838874227675, 44.521912958867844 ], [ 11.362794149508618, 44.521967982107888 ], [ 11.362728142984087, 44.522021740186425 ], [ 11.362605805671755, 44.522087126542843 ], [ 11.362355384820823, 44.522205614439464 ], [ 11.362180716002694, 44.522288570948042 ], [ 11.362048429782062, 44.522364054490772 ], [ 11.361942703142248, 44.522459299926105 ], [ 11.36190712211798, 44.522510665789028 ], [ 11.36188492723438, 44.522556958935965 ], [ 11.361861500554499, 44.522644515488146 ], [ 11.361842329161155, 44.522763894513943 ], [ 11.361811847678849, 44.522971862036989 ], [ 11.361770899802776, 44.523219056066665 ], [ 11.361735874083314, 44.523354399469653 ], [ 11.361687923020227, 44.523447284470514 ], [ 11.361649632288563, 44.52350030786161 ], [ 11.361534137831102, 44.523625172059184 ], [ 11.361435767179833, 44.523702867711748 ], [ 11.361352663505432, 44.523762437027038 ], [ 11.36130010441828, 44.523794814424875 ], [ 11.360743518983337, 44.524054021887025 ], [ 11.36058162884472, 44.524129414180265 ], [ 11.360457898898042, 44.524190555427296 ], [ 11.359996107006275, 44.524389184372218 ], [ 11.359746287201098, 44.524489625998783 ], [ 11.359458800307161, 44.524584891135909 ], [ 11.359080156266426, 44.52469361595579 ], [ 11.358835975620362, 44.524730612042433 ], [ 11.358566613268152, 44.524767489098586 ], [ 11.358101308782118, 44.524773721176892 ], [ 11.357771948800224, 44.524759682477033 ], [ 11.357571502779543, 44.524742980407169 ], [ 11.357363458819316, 44.524744299232495 ], [ 11.357171808054728, 44.524739324791092 ], [ 11.356981239168354, 44.524761124023449 ], [ 11.356841171861863, 44.524796768506647 ], [ 11.356672713370708, 44.52485086179658 ], [ 11.356465670224763, 44.524980186810282 ], [ 11.356321723464715, 44.525126073261319 ], [ 11.356228159260995, 44.525282830754186 ], [ 11.356154907290437, 44.525427257635769 ], [ 11.355838459151295, 44.525630298111629 ], [ 11.355434372472196, 44.525942614496763 ], [ 11.355297347669314, 44.526082054175838 ], [ 11.355236072032408, 44.526144406466656 ], [ 11.354880121099281, 44.526454540504702 ], [ 11.354838187006912, 44.526532286089854 ], [ 11.354624464363177, 44.526681991867477 ], [ 11.354360741480161, 44.52683034719427 ], [ 11.354092634798377, 44.526952591088346 ], [ 11.353758275988723, 44.527083345652969 ], [ 11.353363839020259, 44.527210573749578 ], [ 11.353122315445747, 44.527248899942293 ], [ 11.352915949664231, 44.527250771995206 ], [ 11.352628204855272, 44.527216209782438 ], [ 11.352449480472501, 44.527160345206141 ], [ 11.352236243169186, 44.527074225803624 ], [ 11.351981645140024, 44.526953230335593 ], [ 11.351806824298079, 44.526911575467622 ], [ 11.351699980010453, 44.526904248322225 ], [ 11.351424517492427, 44.526926596471426 ], [ 11.351228803373262, 44.52694491912365 ], [ 11.35106111628607, 44.52691502615955 ], [ 11.350577348951324, 44.526808274098521 ], [ 11.350345301512437, 44.526751122057668 ], [ 11.350260579168102, 44.526682248832728 ], [ 11.350199355028288, 44.526650161981834 ], [ 11.350149473030351, 44.526605564044232 ], [ 11.350129860558576, 44.526668261545176 ], [ 11.350177649017537, 44.526739667458735 ], [ 11.350246408620183, 44.526793513446769 ], [ 11.350305958967628, 44.526817058235174 ], [ 11.350432659894627, 44.526854465750517 ], [ 11.350596161508454, 44.52687968365165 ], [ 11.350816620845313, 44.526931554658397 ], [ 11.350860813458532, 44.52694940659034 ], [ 11.350882757718312, 44.526965152249545 ], [ 11.35092395252763, 44.527009598511768 ], [ 11.350961481334334, 44.527055789344928 ], [ 11.351003772206759, 44.527132332409963 ], [ 11.351008342034865, 44.527180103627884 ], [ 11.351010535234096, 44.527203039580364 ], [ 11.350972935608388, 44.527285904957125 ], [ 11.350938380263075, 44.527325671032457 ], [ 11.35090811048096, 44.527351135895188 ], [ 11.350837294524018, 44.527390441108437 ], [ 11.35077773966076, 44.527406379120592 ], [ 11.350694512537517, 44.527470281414445 ], [ 11.350654992550568, 44.527547316735912 ], [ 11.350657597261547, 44.527612051942818 ], [ 11.35067777302206, 44.52767839477783 ], [ 11.35075772364166, 44.527678705232141 ], [ 11.350756110368806, 44.527660544765475 ], [ 11.350825184163831, 44.527556699980927 ], [ 11.350956993357496, 44.527439653057542 ], [ 11.351125587818448, 44.527326611849929 ], [ 11.351261871686958, 44.527238055649377 ], [ 11.351296815552981, 44.527216164600183 ], [ 11.351363026450636, 44.527170204975647 ], [ 11.351473745984947, 44.527108375857388 ], [ 11.351742204914641, 44.52705909386097 ], [ 11.351869956394067, 44.527081805217279 ], [ 11.352014459042076, 44.527157473856384 ], [ 11.352060174825219, 44.527201099101994 ], [ 11.352102973162214, 44.527271675350505 ], [ 11.352119250789846, 44.527345179543566 ], [ 11.352115856072569, 44.527426235417856 ], [ 11.352112268354063, 44.527502531236742 ], [ 11.352087377193694, 44.527545918978419 ], [ 11.352001463333478, 44.527656500697091 ], [ 11.351914429161051, 44.527716217068864 ], [ 11.351739556305658, 44.527788565100245 ], [ 11.351015956209292, 44.528010698071355 ], [ 11.350937328577336, 44.528037132565352 ], [ 11.350861704395125, 44.528062556263158 ], [ 11.350736706979665, 44.528104579505182 ], [ 11.350674810449011, 44.528055834456538 ], [ 11.350604751677501, 44.528052513185209 ], [ 11.350035980542309, 44.528233340733905 ], [ 11.348705700398332, 44.528656474441313 ], [ 11.348674872091115, 44.52866627985042 ], [ 11.347691282287061, 44.528965198596204 ], [ 11.347112418033779, 44.529143837255397 ], [ 11.347125841163168, 44.529229310059989 ], [ 11.346934975515875, 44.529285636945268 ], [ 11.346217391506787, 44.529461401306868 ], [ 11.345666262352852, 44.52958467849141 ], [ 11.345118266786429, 44.529703123658102 ], [ 11.344665798227668, 44.529795786198797 ], [ 11.344103726367285, 44.529895460582701 ], [ 11.343687279857553, 44.529973086913998 ], [ 11.343333378922726, 44.530032753691728 ], [ 11.342715312999765, 44.530147862667143 ], [ 11.342027757430241, 44.530273922166224 ], [ 11.341679099884008, 44.530329670873023 ], [ 11.341469491487436, 44.530369999018077 ], [ 11.340978016147229, 44.530464554858618 ], [ 11.340931289390538, 44.530473545641243 ], [ 11.340894447432525, 44.530480633019181 ], [ 11.34063276726183, 44.53052881683557 ], [ 11.340505000793376, 44.530498089240091 ], [ 11.340383327046128, 44.530536312269952 ], [ 11.340195490072796, 44.530585419684201 ], [ 11.339947766452594, 44.530635755241853 ], [ 11.339663442003909, 44.530686839157426 ], [ 11.339447843633316, 44.53070793143462 ], [ 11.339224542858236, 44.530702979974954 ], [ 11.33911689697025, 44.530686333772806 ], [ 11.33899545357958, 44.530667979963752 ], [ 11.33883122983962, 44.530620729752741 ], [ 11.338691125599697, 44.53055214082427 ], [ 11.338553988714873, 44.530453719287792 ], [ 11.338471276233635, 44.530363114021817 ], [ 11.33839799759258, 44.530341195732539 ], [ 11.338168425079372, 44.529844960597003 ], [ 11.337812995609665, 44.529017534817399 ], [ 11.337791010840473, 44.528955980914134 ], [ 11.337728203129501, 44.528835603356676 ], [ 11.337636983777235, 44.528719391817489 ], [ 11.337557092682212, 44.528640912701441 ], [ 11.337493311314626, 44.528589653258386 ], [ 11.337403247643564, 44.528534136774283 ], [ 11.337311787000495, 44.528490309562386 ], [ 11.337242733500871, 44.528461981613596 ], [ 11.337161925555623, 44.528435718324019 ], [ 11.337046618912892, 44.528411206036061 ], [ 11.336965831936469, 44.52839788302996 ], [ 11.336861236048208, 44.528388207527975 ], [ 11.336778781599394, 44.528385448576358 ], [ 11.336649402922102, 44.528390148642792 ], [ 11.336513353177503, 44.528396737957308 ], [ 11.336250822082159, 44.528409453667578 ], [ 11.335833230225987, 44.528436237718864 ], [ 11.335543588881148, 44.528450495379658 ], [ 11.335220634570026, 44.528489961121124 ], [ 11.334991094052674, 44.528546307147131 ], [ 11.334765214343989, 44.528613740676036 ], [ 11.334688554704416, 44.528637792085512 ], [ 11.334364491293824, 44.52873945900874 ], [ 11.334119708206995, 44.528816473071778 ], [ 11.334037214586402, 44.528842182814088 ], [ 11.333908016289516, 44.528868144988941 ], [ 11.333802094063463, 44.528880709772586 ], [ 11.333898676890678, 44.528918357526365 ], [ 11.333964306580741, 44.528964230176513 ], [ 11.334056310104824, 44.528996118173609 ], [ 11.33410811280068, 44.528924052334759 ], [ 11.334185139474807, 44.528879795274165 ], [ 11.334289490323769, 44.528846215738575 ], [ 11.334420476418019, 44.528805577853959 ], [ 11.334597394466845, 44.528750688947341 ], [ 11.334806631573501, 44.528685773151011 ], [ 11.335003566927057, 44.528627882134316 ], [ 11.335276709319478, 44.528559593123795 ], [ 11.335366539607971, 44.528547777723027 ], [ 11.335485932386947, 44.528533849115306 ], [ 11.33574564044404, 44.528512015992675 ], [ 11.335999054551717, 44.528499207271182 ], [ 11.336458994847563, 44.528488320278669 ], [ 11.336946587201583, 44.528491202958271 ], [ 11.337057122228407, 44.528507518356221 ], [ 11.337236899466392, 44.528556716555229 ], [ 11.337451989931582, 44.528689511219127 ], [ 11.337586532876498, 44.528836301878265 ], [ 11.337704661771854, 44.529083984788649 ], [ 11.338004206056386, 44.529787664290552 ], [ 11.338124868618889, 44.530140099921617 ], [ 11.338152688572718, 44.530315196657597 ], [ 11.338151039419655, 44.530481966201982 ], [ 11.338052195734223, 44.530716227935883 ], [ 11.337817882353148, 44.530893717373779 ], [ 11.337694899594924, 44.530940896471826 ], [ 11.33731940850191, 44.531023021127353 ], [ 11.33636487219229, 44.531197385599896 ], [ 11.335268922526822, 44.531374637138136 ], [ 11.335036612808704, 44.531381909723045 ], [ 11.335130682132355, 44.531444348965273 ], [ 11.335214204502149, 44.531499786872018 ], [ 11.335755425777799, 44.531883543734843 ], [ 11.335764918582658, 44.531891052651901 ], [ 11.335851709320465, 44.531959700696738 ], [ 11.335934582864263, 44.531950286886776 ], [ 11.336316850435917, 44.53186671997112 ], [ 11.337098151377077, 44.531719243775093 ], [ 11.337215473514799, 44.53165538836172 ], [ 11.337550453824132, 44.531588505121249 ], [ 11.338193263383316, 44.531475298988454 ], [ 11.338222878824567, 44.531471141429108 ], [ 11.338360153127871, 44.531451872199376 ], [ 11.338476170138254, 44.531455212210581 ], [ 11.338726171483829, 44.531511544948522 ], [ 11.338839795234444, 44.531554949903153 ], [ 11.338933627877195, 44.531603047447632 ], [ 11.339061003184316, 44.531690474275351 ], [ 11.339097800037928, 44.531761178426876 ], [ 11.339153261793591, 44.531948690324597 ], [ 11.339213630683084, 44.532158967473187 ], [ 11.339279364665709, 44.532403436126721 ], [ 11.339321470881995, 44.532506901514033 ], [ 11.339352738006594, 44.53258915192788 ], [ 11.339366660093143, 44.53263745737582 ], [ 11.339367179522259, 44.532700329772183 ], [ 11.339352702315768, 44.532787805190026 ], [ 11.339306452871863, 44.532880218173219 ], [ 11.339263905518344, 44.5329153895497 ], [ 11.339196543932538, 44.532929633418725 ], [ 11.339413806039131, 44.533066285859626 ], [ 11.339432813561674, 44.533008730382761 ], [ 11.339481559194331, 44.532961997971739 ], [ 11.339541789071296, 44.532935991923509 ], [ 11.339566958811222, 44.532899270156442 ], [ 11.339617899108868, 44.532774366889832 ], [ 11.339619026956989, 44.532669538677908 ], [ 11.339584180666806, 44.532531148519453 ], [ 11.339524835243045, 44.532313227419287 ], [ 11.339398771007566, 44.531892781758515 ], [ 11.339374495525915, 44.531752268941183 ], [ 11.339375243699218, 44.531637921338643 ], [ 11.339411128579227, 44.531536191904586 ], [ 11.339479945688513, 44.531458560574066 ], [ 11.33959043601039, 44.531357207695841 ], [ 11.339731500088911, 44.531287622497921 ], [ 11.339839184662878, 44.531249209086255 ], [ 11.339976069865376, 44.53120829349308 ], [ 11.340134707126637, 44.531178364464814 ], [ 11.340317603438098, 44.531155558891768 ], [ 11.340495330557294, 44.531136670670179 ], [ 11.340611990463348, 44.531122845883239 ], [ 11.340741576665051, 44.531099227670261 ], [ 11.340852301515874, 44.531070279880268 ], [ 11.340967891145533, 44.531029798292508 ], [ 11.341025228509181, 44.530998134335839 ], [ 11.341079523236031, 44.530957004728997 ], [ 11.341088338122098, 44.53091109019585 ], [ 11.341227468337554, 44.530886908266005 ], [ 11.3413398725521, 44.530867372578307 ], [ 11.341820681174292, 44.530783804546481 ], [ 11.341868347522269, 44.530775519697997 ], [ 11.342052892476799, 44.530743443807388 ], [ 11.342938969713604, 44.530576783563291 ], [ 11.343150856759408, 44.530546233755281 ], [ 11.343719558973396, 44.530454371501733 ], [ 11.34384180466631, 44.530430423457908 ], [ 11.344020260212849, 44.53038785035416 ], [ 11.345100969835856, 44.5301846285357 ], [ 11.345778440853289, 44.5300563758707 ], [ 11.346649785465585, 44.529872530629319 ], [ 11.347032094741868, 44.529774156806234 ], [ 11.347069524206095, 44.529764369962486 ], [ 11.347239692496643, 44.529719869288769 ], [ 11.347294726818649, 44.529705476422741 ], [ 11.347437405014862, 44.529668164131365 ], [ 11.347500619835662, 44.529666865055752 ], [ 11.347586359642747, 44.529646045359257 ], [ 11.347705168210993, 44.529604677783347 ], [ 11.347770255539412, 44.529567133552256 ], [ 11.348091609868993, 44.529476680516495 ], [ 11.348405744145293, 44.529405430444029 ], [ 11.348709996689461, 44.529353438197639 ], [ 11.349108861889293, 44.529335702386071 ], [ 11.349324991112887, 44.529344593777232 ], [ 11.349518238589507, 44.529380632650614 ], [ 11.349685404983891, 44.529430547171117 ], [ 11.349882616327525, 44.529498897759694 ], [ 11.350126225746045, 44.529594876319827 ], [ 11.350407744767599, 44.529671356516033 ], [ 11.350570100281452, 44.529651339744873 ], [ 11.350682262478474, 44.529625210130035 ], [ 11.351148769041236, 44.52946792354625 ], [ 11.351211503022949, 44.529454722242583 ], [ 11.351120493900297, 44.529412431711194 ], [ 11.351078730033766, 44.529367558851945 ], [ 11.351031258888538, 44.5293132755382 ], [ 11.351020096637733, 44.529366860596006 ], [ 11.350986644196233, 44.529396133334842 ], [ 11.350897682733054, 44.529436076312088 ], [ 11.350790240329037, 44.529480210758429 ], [ 11.350640288376709, 44.52952712597574 ], [ 11.350561050993701, 44.529544001494358 ], [ 11.350462876645816, 44.529553645782144 ], [ 11.35035610428366, 44.529548221694633 ], [ 11.350254118293391, 44.529529361042329 ], [ 11.350175628183731, 44.529498582371417 ], [ 11.350096908299919, 44.529462092801211 ], [ 11.350022899459349, 44.529410260679306 ], [ 11.349972920504145, 44.529359840174401 ], [ 11.349929012003708, 44.529261656067135 ], [ 11.349918269955927, 44.529193277803166 ], [ 11.349932842802321, 44.529091984063449 ], [ 11.349981785382575, 44.528984265806031 ], [ 11.350014261985097, 44.528996936413499 ], [ 11.350063223166186, 44.528955912398544 ], [ 11.350151037526986, 44.528887410404373 ], [ 11.350273607035243, 44.528822003865081 ], [ 11.350386370115777, 44.528777760273485 ], [ 11.350643608360905, 44.528682903705509 ], [ 11.351032930334316, 44.52856055268785 ], [ 11.351262781013089, 44.528489228619272 ], [ 11.351820050693759, 44.528308019924189 ], [ 11.352338407773036, 44.528139461608255 ], [ 11.352414927929484, 44.528137884534154 ], [ 11.352645037241349, 44.528064066800049 ], [ 11.352690080208239, 44.528025028256096 ], [ 11.353518218824656, 44.527753091171817 ], [ 11.353896791048371, 44.527645244253733 ], [ 11.354290204218183, 44.527575201154576 ], [ 11.35461480571186, 44.527532776566481 ], [ 11.354833807600135, 44.527513968271393 ], [ 11.355102714313226, 44.527494129252418 ], [ 11.355425716890025, 44.527494610770177 ], [ 11.355892447308166, 44.527508798141184 ], [ 11.356474982917339, 44.527587287871881 ], [ 11.356962096084434, 44.527693945756198 ], [ 11.357278381108902, 44.527775545790121 ], [ 11.357619398085861, 44.527892364046416 ], [ 11.357890645696125, 44.528013002752523 ], [ 11.358125394811406, 44.52813677733333 ], [ 11.358403238709798, 44.528338265215595 ], [ 11.358589718762387, 44.528503529242087 ], [ 11.358732948304633, 44.528669687276469 ], [ 11.358828158846, 44.528801106941245 ], [ 11.359000025527427, 44.52911728952644 ], [ 11.359039546847461, 44.529238427674862 ], [ 11.359039743785059, 44.52950710529683 ], [ 11.35907367573914, 44.530001010377042 ], [ 11.359116227730016, 44.530121447542051 ], [ 11.35913946839047, 44.530187227634819 ], [ 11.35927889475985, 44.530547588871123 ], [ 11.359583356315991, 44.530871787635675 ], [ 11.359698207600022, 44.530973738049205 ], [ 11.35993736859591, 44.531186030166864 ], [ 11.360240272567157, 44.531471553866879 ], [ 11.360397569213101, 44.531655877939002 ], [ 11.360443606928973, 44.531765090369397 ], [ 11.360486448479909, 44.531898187268574 ], [ 11.36052445875926, 44.532117729020733 ], [ 11.36056239789813, 44.532438504262174 ], [ 11.360578842956981, 44.532536418922042 ], [ 11.360603375445002, 44.532649053361339 ], [ 11.360622415493014, 44.532708207919811 ], [ 11.360675979004037, 44.532797612426641 ], [ 11.360786490588994, 44.532895368213566 ], [ 11.360876365804376, 44.532976876885755 ], [ 11.361019765665958, 44.533064423715246 ], [ 11.361131296929647, 44.533104991505397 ], [ 11.361340858449276, 44.533182684673172 ], [ 11.361502887591971, 44.53327175465035 ], [ 11.361651624017693, 44.533342993224494 ], [ 11.361776809386104, 44.533424723492359 ], [ 11.361882722619752, 44.533524002079297 ], [ 11.362011753131075, 44.533651385171076 ], [ 11.362030879551249, 44.533723486636525 ], [ 11.362445731662616, 44.534309030134715 ], [ 11.362558200755341, 44.534472519099985 ], [ 11.362873974776317, 44.534931538190939 ], [ 11.363378892802109, 44.535682109242217 ], [ 11.363407279285747, 44.535723412515033 ], [ 11.36351689749716, 44.53588290671879 ], [ 11.363606649679218, 44.535853950986784 ], [ 11.363610427442001, 44.535859592784327 ], [ 11.363714605675721, 44.536016793192047 ], [ 11.363701311978515, 44.53602095765428 ], [ 11.363627640051403, 44.536048456782304 ], [ 11.364124401103503, 44.536802055248799 ], [ 11.364598226302318, 44.537521727243373 ], [ 11.364607881498678, 44.537536392627182 ], [ 11.364992621587172, 44.538159747355181 ], [ 11.36510686466662, 44.538344841193592 ], [ 11.36560246161341, 44.539079292048328 ], [ 11.365882940622493, 44.539517607988991 ], [ 11.36616994272406, 44.539959459945791 ], [ 11.366590246476342, 44.540600535089276 ], [ 11.367221639006434, 44.541528509800941 ], [ 11.368531858497825, 44.543538620015255 ], [ 11.369240346685622, 44.5446481828602 ], [ 11.37014994762562, 44.54605083045066 ], [ 11.370665735304874, 44.5468099552917 ], [ 11.370859964811901, 44.547154578736368 ], [ 11.370871394423977, 44.547149722101352 ], [ 11.370898179426087, 44.547141976157867 ], [ 11.370954353349443, 44.547249749087491 ], [ 11.371000236640661, 44.547243642486094 ] ], [ [ 11.374035612387935, 44.518064713464085 ], [ 11.374411160164712, 44.517721050347888 ], [ 11.374626385094707, 44.517528401515605 ], [ 11.374695559932697, 44.517510288263374 ], [ 11.374887982988197, 44.517330022803307 ], [ 11.375414439122125, 44.516849828573214 ], [ 11.375977804004918, 44.516295024110114 ], [ 11.376977681390521, 44.515259506169471 ], [ 11.37632674543543, 44.516116261877769 ], [ 11.37590612492802, 44.516660950835664 ], [ 11.375744224592619, 44.516854875370413 ], [ 11.375432856728661, 44.517221025759454 ], [ 11.374977545599023, 44.517649720034797 ], [ 11.374652320572462, 44.517920879573566 ], [ 11.374345698528343, 44.518158304496559 ], [ 11.374092332339698, 44.518313636075121 ], [ 11.373878013869609, 44.518446717230219 ], [ 11.373917138906414, 44.518262495623027 ], [ 11.374035612387935, 44.518064713464085 ] ], [ [ 11.375572557152244, 44.516104249424124 ], [ 11.375249606476041, 44.51634916293483 ], [ 11.375270278501571, 44.516284420651616 ], [ 11.375327093140589, 44.51612603148881 ], [ 11.37537189608128, 44.515917870890505 ], [ 11.375380111242112, 44.515710472152925 ], [ 11.375378132979314, 44.515334167614149 ], [ 11.375369270069557, 44.515034230176326 ], [ 11.375408953793007, 44.515109624886549 ], [ 11.375451480143703, 44.515173052084883 ], [ 11.375503694040869, 44.515229132368418 ], [ 11.375578805285794, 44.515275207709195 ], [ 11.375670451605625, 44.515318557523997 ], [ 11.375774821430815, 44.515347350152837 ], [ 11.375875477831036, 44.515366691945836 ], [ 11.375985240947474, 44.515364407585793 ], [ 11.37609129304386, 44.515352673237153 ], [ 11.376272201416944, 44.515298886025022 ], [ 11.376458117610444, 44.515204503450569 ], [ 11.376245133648094, 44.515451893785105 ], [ 11.376015517358557, 44.515699630148077 ], [ 11.375572557152244, 44.516104249424124 ] ], [ [ 11.373891943050715, 44.51756034935606 ], [ 11.373160336171376, 44.517990017279494 ], [ 11.372720845318074, 44.518234964181097 ], [ 11.372395785760897, 44.518346524819698 ], [ 11.372190805340367, 44.518381750299604 ], [ 11.372740786964393, 44.518070196339345 ], [ 11.37353472833342, 44.517617798646981 ], [ 11.37443836825072, 44.517079744978396 ], [ 11.375257769160667, 44.516517235972479 ], [ 11.374530015390398, 44.517123095679914 ], [ 11.373891943050715, 44.51756034935606 ] ], [ [ 11.372811767149004, 44.518751702356099 ], [ 11.372463128370899, 44.51885724045102 ], [ 11.372577487018781, 44.518775745817379 ], [ 11.373254749688833, 44.518376912825694 ], [ 11.373505248792474, 44.518285351434315 ], [ 11.37377721900155, 44.518096287549724 ], [ 11.373875212041652, 44.517968007603933 ], [ 11.374156868876213, 44.517771596067597 ], [ 11.374186787668124, 44.51779884822804 ], [ 11.373981047952343, 44.517997050423951 ], [ 11.373817480698238, 44.518223982459787 ], [ 11.373755678525468, 44.518435899907182 ], [ 11.373755620397167, 44.518529833345944 ], [ 11.373438714944138, 44.518696426927526 ], [ 11.373305079394456, 44.518684913394665 ], [ 11.373042874115699, 44.518704655925447 ], [ 11.372811767149004, 44.518751702356099 ] ], [ [ 11.37239482353897, 44.519387888814087 ], [ 11.37349321344043, 44.518810802938624 ], [ 11.373580106073469, 44.518841883200665 ], [ 11.373667802998845, 44.518885105221699 ], [ 11.373812644984319, 44.518996278700612 ], [ 11.373905370545923, 44.51912216881319 ], [ 11.373951293730304, 44.519288332568898 ], [ 11.373931646214102, 44.51943134391621 ], [ 11.373851196949399, 44.519569142470083 ], [ 11.373681752159113, 44.519710141408865 ], [ 11.373503783818673, 44.519787590781107 ], [ 11.373250859685756, 44.519830401823398 ], [ 11.37299272383143, 44.519808741538135 ], [ 11.372711926001157, 44.519697550246931 ], [ 11.372545558838496, 44.519572124053397 ], [ 11.37239482353897, 44.519387888814087 ] ], [ [ 11.373278324353588, 44.51877188620567 ], [ 11.372304124223723, 44.519286910725157 ], [ 11.372117467718718, 44.519103964976352 ], [ 11.372547599463218, 44.51891805528102 ], [ 11.372903084127557, 44.518806062081907 ], [ 11.37311493961754, 44.518773039208142 ], [ 11.373278324353588, 44.51877188620567 ] ], [ [ 11.368765706842682, 44.520639859974558 ], [ 11.37086394000101, 44.519685188377757 ], [ 11.370954288483958, 44.51966033389045 ], [ 11.371045981658424, 44.519622700467224 ], [ 11.371090576217922, 44.51965512091386 ], [ 11.371204781289784, 44.519597964181514 ], [ 11.371166908181046, 44.519539873428137 ], [ 11.371964053680575, 44.519173344785131 ], [ 11.37215444651877, 44.519360616130847 ], [ 11.371511931421272, 44.519701152903629 ], [ 11.370975953986211, 44.519948097991502 ], [ 11.370500759431962, 44.52013422879368 ], [ 11.369764120327501, 44.520359133851422 ], [ 11.369267899067266, 44.520519495010639 ], [ 11.369057896685486, 44.520595311679529 ], [ 11.368800172982025, 44.520688974914663 ], [ 11.368765706842682, 44.520639859974558 ] ], [ [ 11.371531673001478, 44.518736726850456 ], [ 11.371710562942203, 44.518944524866448 ], [ 11.371616384969643, 44.518986498301516 ], [ 11.371363620189275, 44.519058443325484 ], [ 11.371024084505452, 44.519223656047977 ], [ 11.370999284541769, 44.519203210466117 ], [ 11.370880923913635, 44.519239968538294 ], [ 11.370703751347721, 44.519337019409392 ], [ 11.37066059698034, 44.519389365525292 ], [ 11.370631365827602, 44.519456666840476 ], [ 11.369643979338042, 44.519934498306966 ], [ 11.369432284663423, 44.52003416921454 ], [ 11.369389395898388, 44.520027436875672 ], [ 11.369583427078446, 44.51988621086798 ], [ 11.369766578147324, 44.519739493166867 ], [ 11.370026088965298, 44.519505439623387 ], [ 11.37032177354568, 44.519243958098933 ], [ 11.370568522021967, 44.519154990051597 ], [ 11.370865060558687, 44.519045933202435 ], [ 11.371116513278176, 44.518941621631804 ], [ 11.371531673001478, 44.518736726850456 ] ], [ [ 11.368380694100791, 44.520242735477034 ], [ 11.368654214159712, 44.520025544565001 ], [ 11.368726297671248, 44.520029765160146 ], [ 11.368759813114938, 44.52000239257378 ], [ 11.368767911233926, 44.519939341269506 ], [ 11.368842229103368, 44.519867294382614 ], [ 11.369141393451772, 44.519691491857827 ], [ 11.369344796418078, 44.519584371426859 ], [ 11.369827809524926, 44.519410468420396 ], [ 11.370051073120298, 44.519333422354151 ], [ 11.369884199685428, 44.519487425532354 ], [ 11.369640576519851, 44.519719242024998 ], [ 11.369366444986357, 44.519921203447737 ], [ 11.369133345644894, 44.520084201529869 ], [ 11.368572998178568, 44.520387377629667 ], [ 11.368028072752502, 44.520676892057445 ], [ 11.36776453640713, 44.520811935835987 ], [ 11.367752810703113, 44.520785500789543 ], [ 11.3681112243097, 44.520494140558107 ], [ 11.368380694100791, 44.520242735477034 ] ], [ [ 11.365612743210461, 44.522285276528272 ], [ 11.366169035256174, 44.52201268737322 ], [ 11.366048002876417, 44.522180977675553 ], [ 11.365989142898833, 44.522306058961959 ], [ 11.365957975347465, 44.522457242482758 ], [ 11.365919052562187, 44.522745786048958 ], [ 11.365882206602363, 44.522742484787734 ], [ 11.365837747322338, 44.522683105616856 ], [ 11.365746893071483, 44.522616861986108 ], [ 11.365707579021871, 44.522588197357024 ], [ 11.365682345977572, 44.522580443002198 ], [ 11.365481022195631, 44.522518575898879 ], [ 11.365293729080335, 44.522497685128037 ], [ 11.365228142167423, 44.522498158317909 ], [ 11.365152602153692, 44.522498702799744 ], [ 11.365204441429222, 44.522463329065673 ], [ 11.365276142316059, 44.522458033498928 ], [ 11.365474778489773, 44.522364356704074 ], [ 11.365612743210461, 44.522285276528272 ] ], [ [ 11.365986630071234, 44.521567189312627 ], [ 11.364907871501279, 44.522092605755034 ], [ 11.364973057968093, 44.521992167393009 ], [ 11.365017493225993, 44.521905497081953 ], [ 11.365039868032268, 44.521800228878547 ], [ 11.365020277093462, 44.521711073490636 ], [ 11.364993474829312, 44.521641123754719 ], [ 11.36492590518799, 44.521551058151019 ], [ 11.364837584873083, 44.521474760552437 ], [ 11.36527576329706, 44.52157429808846 ], [ 11.365468685145059, 44.521602694453605 ], [ 11.365676726169497, 44.521609816804094 ], [ 11.365790698468494, 44.521596021090545 ], [ 11.365986630071234, 44.521567189312627 ] ], [ [ 11.361875916042914, 44.52311566399068 ], [ 11.361916002085213, 44.522871877144233 ], [ 11.36194623085759, 44.522878398199779 ], [ 11.362030881847456, 44.522995742735155 ], [ 11.36215723914658, 44.523074113092392 ], [ 11.36223842664984, 44.523105780135523 ], [ 11.362366188464634, 44.523136483511614 ], [ 11.362489948429129, 44.523150596396938 ], [ 11.362688971122404, 44.523132185889537 ], [ 11.362699336677254, 44.523141498369419 ], [ 11.362371769522978, 44.523274519584568 ], [ 11.36221266566743, 44.52329210381032 ], [ 11.362140536814813, 44.523319797823611 ], [ 11.362128577108697, 44.523353391929227 ], [ 11.362030317255773, 44.523393536158842 ], [ 11.362055526481358, 44.523440653628171 ], [ 11.36165080909268, 44.523641963160053 ], [ 11.361640252341592, 44.523627889607475 ], [ 11.361739051179878, 44.523518659632813 ], [ 11.361795179453303, 44.523424602448578 ], [ 11.361828404781919, 44.523340548405372 ], [ 11.361852998211939, 44.523290018626646 ], [ 11.361875916042914, 44.52311566399068 ] ], [ [ 11.362063430077239, 44.532974078630822 ], [ 11.362128338164872, 44.532932242131025 ], [ 11.36223857758945, 44.532858503380588 ], [ 11.362321233561167, 44.532761516502177 ], [ 11.362370330458932, 44.532658076709552 ], [ 11.362393580097743, 44.532574229202261 ], [ 11.36240332637448, 44.532485896409895 ], [ 11.362397647147027, 44.53234548054381 ], [ 11.362338539213747, 44.532201405315902 ], [ 11.362233429329681, 44.53207257476955 ], [ 11.362122533160592, 44.531965302077481 ], [ 11.361878988695119, 44.531789314486616 ], [ 11.361670930450764, 44.531667378047032 ], [ 11.361638484221691, 44.531606118287741 ], [ 11.361680678949268, 44.531579044357812 ], [ 11.362095296637321, 44.531868206146143 ], [ 11.362321723953356, 44.532032637676018 ], [ 11.362429487150399, 44.532144739086597 ], [ 11.36253956090181, 44.532313959999293 ], [ 11.362605804416031, 44.532469796506739 ], [ 11.362629329457882, 44.532557440217893 ], [ 11.36263221752267, 44.532628838147126 ], [ 11.362623434723005, 44.532740971150226 ], [ 11.362598687919363, 44.532870107091391 ], [ 11.362562461381414, 44.533044737262244 ], [ 11.362523101103385, 44.533224195448398 ], [ 11.362515471211163, 44.533364886931032 ], [ 11.362532620010635, 44.533624162352965 ], [ 11.362544185433302, 44.533745401061829 ], [ 11.362355323943378, 44.533439659508474 ], [ 11.362063430077239, 44.532974078630822 ] ], [ [ 11.362009727818098, 44.532798926919753 ], [ 11.361964588916667, 44.53283558998794 ], [ 11.360933159359945, 44.531292002987577 ], [ 11.36095606416302, 44.531282001768993 ], [ 11.360993914156593, 44.53131218368307 ], [ 11.361076073866306, 44.531367650639403 ], [ 11.361200179939567, 44.531472269813428 ], [ 11.361504572663929, 44.531670819367108 ], [ 11.361644354024032, 44.53175129429313 ], [ 11.361968258526902, 44.53218524913612 ], [ 11.36208783286982, 44.532342363691768 ], [ 11.362131223644296, 44.532427215034033 ], [ 11.362144285727636, 44.532503166330656 ], [ 11.362140422191505, 44.532572322066187 ], [ 11.362120211959835, 44.532648961440266 ], [ 11.36207063441889, 44.532740501003929 ], [ 11.362009727818098, 44.532798926919753 ] ], [ [ 11.360881469843617, 44.531743255669255 ], [ 11.361666624224585, 44.532960850935801 ], [ 11.361594000773819, 44.532976645638591 ], [ 11.361493991823167, 44.532973950205808 ], [ 11.361409848460237, 44.532951871935957 ], [ 11.361288721448407, 44.532921030207547 ], [ 11.361214462844238, 44.532896365164639 ], [ 11.361153226288565, 44.532864284490159 ], [ 11.361077814117008, 44.532811060857647 ], [ 11.361007133135058, 44.532710099854093 ], [ 11.360974204548537, 44.532636941624546 ], [ 11.360956374187683, 44.532525359559287 ], [ 11.360935754208134, 44.532344760391332 ], [ 11.360913979462106, 44.532135600933465 ], [ 11.360895628465368, 44.531928752620757 ], [ 11.360844294510729, 44.531729732963576 ], [ 11.360881469843617, 44.531743255669255 ] ], [ [ 11.359104551321082, 44.5256241814497 ], [ 11.358940937631179, 44.525777624865853 ], [ 11.358863519215349, 44.525674419728205 ], [ 11.35877004302248, 44.525585837780191 ], [ 11.358690932391657, 44.525523160910048 ], [ 11.358673722060487, 44.525509224662528 ], [ 11.359209611578661, 44.525257576215303 ], [ 11.359594388302861, 44.525056686955587 ], [ 11.359879012904456, 44.524931707275293 ], [ 11.359882916855399, 44.524945917718028 ], [ 11.359543505132452, 44.525198273096031 ], [ 11.35933114448895, 44.525381305985526 ], [ 11.359104551321082, 44.5256241814497 ] ], [ [ 11.359106813973037, 44.526169437477229 ], [ 11.359081951113287, 44.526048473276951 ], [ 11.359048262355508, 44.525956273997707 ], [ 11.359022668553918, 44.525899636663915 ], [ 11.359426855363358, 44.525519703379921 ], [ 11.359448508157724, 44.525478763026307 ], [ 11.359786383168737, 44.525188329249239 ], [ 11.359810343717436, 44.525204507706377 ], [ 11.359622041951869, 44.525406100472118 ], [ 11.35945789052896, 44.525628629760696 ], [ 11.359355891628116, 44.525823674741282 ], [ 11.359266812888498, 44.526008924341227 ], [ 11.359208061211195, 44.526203074728393 ], [ 11.359127404313615, 44.526514392439218 ], [ 11.359054131764793, 44.52676124471072 ], [ 11.359100907978407, 44.526352968639586 ], [ 11.359106813973037, 44.526169437477229 ] ], [ [ 11.358527965754549, 44.525197821944147 ], [ 11.35832477820402, 44.525278241948975 ], [ 11.358157861566497, 44.525267398725518 ], [ 11.357851856955419, 44.525192733752831 ], [ 11.357561079975158, 44.525165392699648 ], [ 11.357288185598041, 44.52516864669596 ], [ 11.357085730896456, 44.525184736674973 ], [ 11.357204055012648, 44.525146564124078 ], [ 11.357431683986601, 44.525094225222389 ], [ 11.357662543386139, 44.525039437082036 ], [ 11.357867555558126, 44.525004237075265 ], [ 11.358188620726851, 44.524957112268964 ], [ 11.358522802066293, 44.524904951339948 ], [ 11.358876748303995, 44.524847617586552 ], [ 11.359154277024402, 44.524794243374906 ], [ 11.359526550003512, 44.524696036985297 ], [ 11.359544337223506, 44.524724252379244 ], [ 11.358838630878342, 44.525058015249456 ], [ 11.358527965754549, 44.525197821944147 ] ], [ [ 11.359019115855325, 44.528455676359641 ], [ 11.358902021088326, 44.528277069962058 ], [ 11.358649565230937, 44.527879741096626 ], [ 11.35848006974021, 44.527640287076252 ], [ 11.358142298087163, 44.527108948673103 ], [ 11.357996672930376, 44.526883292550558 ], [ 11.357931984906061, 44.526765532444941 ], [ 11.357974658498515, 44.526750359155109 ], [ 11.358124812575033, 44.526675799246092 ], [ 11.358309833505789, 44.526557644709975 ], [ 11.35850739277226, 44.52642017540029 ], [ 11.358713394054885, 44.526244420714079 ], [ 11.358892298684564, 44.526057314995029 ], [ 11.358916872769077, 44.526171140056903 ], [ 11.35891304333736, 44.526323662045321 ], [ 11.35888865072161, 44.52662667092946 ], [ 11.358840912797412, 44.52701114841598 ], [ 11.358815884461704, 44.527380864170453 ], [ 11.358816897049147, 44.52773575022438 ], [ 11.35890319757363, 44.528141275193093 ], [ 11.359025672699792, 44.52845315874788 ], [ 11.359019115855325, 44.528455676359641 ] ], [ [ 11.358101937998182, 44.525861653727205 ], [ 11.358276687200028, 44.525736565515679 ], [ 11.358514166197059, 44.525598270895934 ], [ 11.358640718230628, 44.525681405128047 ], [ 11.358731442918925, 44.525784335278885 ], [ 11.35881305469246, 44.525908891049703 ], [ 11.358763283659714, 44.525995669231975 ], [ 11.358622475133181, 44.526136730537871 ], [ 11.358435570913086, 44.526290652981587 ], [ 11.358287243109469, 44.526410432073483 ], [ 11.358128453083978, 44.526518517161783 ], [ 11.357867394508782, 44.526650152299538 ], [ 11.357840263953699, 44.526555435096299 ], [ 11.357825192392221, 44.526429505110556 ], [ 11.357835678635761, 44.526276844665787 ], [ 11.357865104876339, 44.52618095934637 ], [ 11.357938993580825, 44.526031753287945 ], [ 11.358101937998182, 44.525861653727205 ] ], [ [ 11.356452834740896, 44.527241495930625 ], [ 11.356352801433571, 44.527155429490399 ], [ 11.356651169136763, 44.52712306906956 ], [ 11.356800112076725, 44.52710093850132 ], [ 11.357001804990897, 44.527065809534022 ], [ 11.357134112373496, 44.527044022256078 ], [ 11.357305575661103, 44.527002370442908 ], [ 11.357446808314725, 44.526954197975464 ], [ 11.357621020335847, 44.526898196779925 ], [ 11.357696038555744, 44.526941904627058 ], [ 11.357809667395342, 44.527034834931776 ], [ 11.357892588010857, 44.527109342830592 ], [ 11.357952027292932, 44.52717957380974 ], [ 11.358096980313681, 44.52738857065583 ], [ 11.35823089843324, 44.52757159505191 ], [ 11.358511406261158, 44.528004073329306 ], [ 11.358728190851981, 44.528342592376752 ], [ 11.358682285302223, 44.528360213889123 ], [ 11.358564554996677, 44.528248313144509 ], [ 11.358368575162487, 44.528095155554006 ], [ 11.358204749666752, 44.527996117488989 ], [ 11.358007367884449, 44.527890625885519 ], [ 11.357810368702168, 44.527794654097008 ], [ 11.357590562263528, 44.527711063419005 ], [ 11.357374372998413, 44.527634542715198 ], [ 11.357131279377469, 44.527551430587579 ], [ 11.356894937942263, 44.527470561348515 ], [ 11.356763073672823, 44.527420881388935 ], [ 11.356658019563502, 44.527375411436168 ], [ 11.356452834740896, 44.527241495930625 ] ], [ [ 11.358036664563231, 44.525481892846699 ], [ 11.357272498134824, 44.525852582890536 ], [ 11.357162520507588, 44.525850090545838 ], [ 11.35675290666437, 44.526013372446386 ], [ 11.356753036188628, 44.526099118793496 ], [ 11.35612474108582, 44.526371719546574 ], [ 11.356154458281095, 44.526282974710277 ], [ 11.356220387108072, 44.526183954737121 ], [ 11.356292968459112, 44.526084797310162 ], [ 11.356408703263881, 44.525982368205099 ], [ 11.35650259054238, 44.525916117866458 ], [ 11.356586783495656, 44.525857212873468 ], [ 11.356730668673249, 44.525792312367024 ], [ 11.356825803962652, 44.525757001303681 ], [ 11.357283816242601, 44.525637976439626 ], [ 11.358019166123881, 44.525460817303475 ], [ 11.358036664563231, 44.525481892846699 ] ], [ [ 11.356855955795826, 44.525101349622652 ], [ 11.356367846275425, 44.525299598368427 ], [ 11.356474620647409, 44.525140186754605 ], [ 11.3565997578814, 44.525023271104807 ], [ 11.356739066750501, 44.524927499791481 ], [ 11.356909659771036, 44.524864430185261 ], [ 11.3570813077383, 44.524827538019835 ], [ 11.357187091984114, 44.524808680736676 ], [ 11.357423391046607, 44.524806183264708 ], [ 11.357757413731013, 44.524832631741575 ], [ 11.357984211247192, 44.524842238681316 ], [ 11.35800522860659, 44.524868005527772 ], [ 11.357541879335804, 44.524937123926421 ], [ 11.357215407372182, 44.525015323068189 ], [ 11.356855955795826, 44.525101349622652 ] ], [ [ 11.357338323132019, 44.526658696763839 ], [ 11.357180038808607, 44.526614327285913 ], [ 11.356995523958371, 44.526580025838669 ], [ 11.356815295620192, 44.526569454802058 ], [ 11.356612547807488, 44.526578404845665 ], [ 11.356320838161617, 44.52661062763579 ], [ 11.3561632595655, 44.526666283287341 ], [ 11.356142626410135, 44.526650035340772 ], [ 11.356967366652956, 44.526294776365802 ], [ 11.357976635525729, 44.525809456595084 ], [ 11.358007345916587, 44.525827877922495 ], [ 11.357889150959307, 44.525951798558062 ], [ 11.357816572476644, 44.526050956041502 ], [ 11.357773838214021, 44.526147116414478 ], [ 11.357732546374136, 44.526278974515087 ], [ 11.357731401916034, 44.526498135648872 ], [ 11.357775489350869, 44.526683014546968 ], [ 11.357592448767454, 44.526767780847919 ], [ 11.357507645732973, 44.52672904008562 ], [ 11.357338323132019, 44.526658696763839 ] ], [ [ 11.357722599864799, 44.525455033592564 ], [ 11.356941537150462, 44.525654570787118 ], [ 11.356777115658318, 44.525705604643363 ], [ 11.356530962383161, 44.525794053375023 ], [ 11.356316671942789, 44.525929483761537 ], [ 11.356198473060623, 44.526053400925974 ], [ 11.356093198926841, 44.526167524746867 ], [ 11.356211841063949, 44.525724419907931 ], [ 11.356299074219562, 44.525658307177139 ], [ 11.356455209478314, 44.525566952685097 ], [ 11.35662180662716, 44.525487291935562 ], [ 11.356841726957128, 44.52540891127159 ], [ 11.357009570620054, 44.525360189528556 ], [ 11.357224467885661, 44.52532240441198 ], [ 11.35742369339672, 44.525308762938458 ], [ 11.35760372573856, 44.525314573033647 ], [ 11.357878157001336, 44.525349397895148 ], [ 11.357730178577098, 44.525395329213907 ], [ 11.357722599864799, 44.525455033592564 ] ], [ [ 11.356610157066656, 44.527014347156765 ], [ 11.356242020260616, 44.527050529729195 ], [ 11.356207983951537, 44.527032176627493 ], [ 11.35615823871508, 44.526954599356735 ], [ 11.356107151819208, 44.526843704236207 ], [ 11.356084119225182, 44.526767957211547 ], [ 11.35612023406061, 44.526755302998311 ], [ 11.35632135127868, 44.526705895021415 ], [ 11.356499755157106, 44.526671247102726 ], [ 11.35668548394832, 44.526653120796055 ], [ 11.356791849177908, 44.526648543081976 ], [ 11.356955250440642, 44.52665469690016 ], [ 11.357119324220633, 44.526677510707557 ], [ 11.357210111031936, 44.526699454890817 ], [ 11.357345106403871, 44.526744306500667 ], [ 11.357490852960183, 44.526807990097211 ], [ 11.357185388394663, 44.526911957174335 ], [ 11.356871638157088, 44.52697560213506 ], [ 11.356610157066656, 44.527014347156765 ] ], [ [ 11.356186107985172, 44.527480430557794 ], [ 11.355701588932885, 44.527438027537706 ], [ 11.355325166467443, 44.527433885768879 ], [ 11.354939337377619, 44.527444228150706 ], [ 11.354620719013012, 44.527469856044689 ], [ 11.354345733757812, 44.527504110583081 ], [ 11.354331659033122, 44.527485345834712 ], [ 11.35448991337856, 44.527446351988907 ], [ 11.354806805399328, 44.527377885593211 ], [ 11.355127406425401, 44.5273188698091 ], [ 11.355468257159153, 44.52726658014403 ], [ 11.356130954627337, 44.527186210448377 ], [ 11.356186393827674, 44.52723984994978 ], [ 11.356275964422611, 44.527314223467606 ], [ 11.356375134775551, 44.527378869647045 ], [ 11.356477437851366, 44.527438687891369 ], [ 11.356609973005972, 44.527505027539227 ], [ 11.356792316200464, 44.527567957772646 ], [ 11.356783199417201, 44.527589582479422 ], [ 11.356635277136183, 44.527554526236464 ], [ 11.356186107985172, 44.527480430557794 ] ], [ [ 11.356043357226588, 44.525839847484981 ], [ 11.355888853128075, 44.526467100911894 ], [ 11.355325361558148, 44.52669548437143 ], [ 11.35500773831118, 44.526828279069775 ], [ 11.354725558346281, 44.526931759753197 ], [ 11.354701406486399, 44.526910820146071 ], [ 11.354922358416266, 44.526775256190291 ], [ 11.355145774991792, 44.526618203665045 ], [ 11.35545136807572, 44.526352268521649 ], [ 11.355743366127047, 44.526079467253112 ], [ 11.356043357226588, 44.525839847484981 ] ], [ [ 11.35582074913858, 44.526842468795685 ], [ 11.355926058603179, 44.526811712404871 ], [ 11.355981529708735, 44.526948719246604 ], [ 11.356049635896099, 44.527068791876843 ], [ 11.355854595225617, 44.527103782677422 ], [ 11.355487226519259, 44.527159001285689 ], [ 11.355013683922447, 44.527223556749483 ], [ 11.354550983836281, 44.527309323702227 ], [ 11.355479262189844, 44.526961466430038 ], [ 11.35582074913858, 44.526842468795685 ] ], [ [ 11.352838227709995, 44.527321687647138 ], [ 11.352995168329963, 44.527332744427866 ], [ 11.353174439501716, 44.527319521975699 ], [ 11.353181573182171, 44.527331284001846 ], [ 11.352094444016036, 44.527703832602 ], [ 11.352073619881546, 44.527682824725339 ], [ 11.352159613122078, 44.527585775421286 ], [ 11.352229070281894, 44.52749144904962 ], [ 11.352232560752457, 44.527412774115589 ], [ 11.352231862530635, 44.527312747399996 ], [ 11.352205028313206, 44.527225168799589 ], [ 11.352134943500374, 44.52713848110762 ], [ 11.352151195404213, 44.527128618831348 ], [ 11.352350933962049, 44.527210251822332 ], [ 11.352526139637135, 44.527261426885353 ], [ 11.352660749361567, 44.527296763023905 ], [ 11.352838227709995, 44.527321687647138 ] ], [ [ 11.349867335895549, 44.528986622586388 ], [ 11.349835415476319, 44.529053972993218 ], [ 11.349821360301595, 44.529101901049508 ], [ 11.349818564812509, 44.529164840808058 ], [ 11.349820785652728, 44.52922005676124 ], [ 11.349836698380592, 44.529284517835272 ], [ 11.349865842056545, 44.529346800560823 ], [ 11.349930506491956, 44.529431218364422 ], [ 11.349914843423312, 44.529439163298598 ], [ 11.349765772056502, 44.529375537628852 ], [ 11.34962568053003, 44.529336498510993 ], [ 11.34949943559471, 44.529310514582946 ], [ 11.34938132622511, 44.529288173645895 ], [ 11.349247479685589, 44.529271872261759 ], [ 11.349063288600799, 44.529262323937715 ], [ 11.348898267814505, 44.529265720230555 ], [ 11.348688533878548, 44.529283373859371 ], [ 11.34868001300311, 44.52927021054645 ], [ 11.348914524950535, 44.529206313088352 ], [ 11.34895247739097, 44.529222681929205 ], [ 11.349914995777587, 44.528913230556753 ], [ 11.349867335895549, 44.528986622586388 ] ], [ [ 11.339217418611298, 44.5316216318096 ], [ 11.339205781655501, 44.531705237394114 ], [ 11.339182442420958, 44.531704524082798 ], [ 11.339150734640056, 44.53166110788527 ], [ 11.339069590898024, 44.53158893107603 ], [ 11.338975280981622, 44.531520597194515 ], [ 11.338905165941341, 44.531474395406534 ], [ 11.338758241048104, 44.531422621430053 ], [ 11.338663841053259, 44.531393590598739 ], [ 11.338541827240514, 44.531381798097691 ], [ 11.338541207628355, 44.531366328596349 ], [ 11.339661738749387, 44.531158768946455 ], [ 11.33966896565874, 44.531172912816984 ], [ 11.339574096818509, 44.531215349233946 ], [ 11.33949125627538, 44.5312670678518 ], [ 11.339402713270166, 44.53134272261449 ], [ 11.339351766939652, 44.531400932189015 ], [ 11.339296017734576, 44.531464005165084 ], [ 11.339251014524351, 44.53154591207678 ], [ 11.339217418611298, 44.5316216318096 ] ], [ [ 11.339200267537686, 44.530805641598569 ], [ 11.338013234683887, 44.5310333440015 ], [ 11.337982830888683, 44.530971577408401 ], [ 11.338128553690817, 44.530868552280211 ], [ 11.338224366275485, 44.530766548214423 ], [ 11.338281015950407, 44.530684402968262 ], [ 11.338340231468695, 44.530583148966791 ], [ 11.338360567765969, 44.530508893195652 ], [ 11.338359715460378, 44.530430734440301 ], [ 11.338387157076442, 44.530429943258255 ], [ 11.338556592494644, 44.530581099278727 ], [ 11.338695578125266, 44.530642563456567 ], [ 11.338854718584786, 44.530708379161723 ], [ 11.338945790205891, 44.530737477183159 ], [ 11.339056444467126, 44.530756648229421 ], [ 11.339183639941714, 44.530773097058763 ], [ 11.339200267537686, 44.530805641598569 ] ] ] ] } },
{ "type": "Feature", "properties": { "SIGLA": "Ra", "COD_1": 1, "COD_2": 2, "COD_3": 2, "COD_4": 1, "COD_TOT": 1221, "DESCR": "Autostrade e superstrade", "HECTARES": 12.534256340260001 }, "geometry": { "type": "MultiPolygon", "coordinates": [ [ [ [ 11.299965063053806, 44.524482355879037 ], [ 11.299907071205853, 44.524748324619978 ], [ 11.299941448406658, 44.524744854304302 ], [ 11.299981152569609, 44.524745606699717 ], [ 11.30047457447264, 44.524754953777759 ], [ 11.300887216376157, 44.524770458050988 ], [ 11.301047471410614, 44.524823798084157 ], [ 11.301430065951068, 44.524816085404304 ], [ 11.301570639024357, 44.524792409793932 ], [ 11.302629696791378, 44.524845373303464 ], [ 11.302862236062087, 44.524854906505617 ], [ 11.302989373129162, 44.524860117906215 ], [ 11.303067475736936, 44.524863320456248 ], [ 11.303226467698908, 44.524869837473986 ], [ 11.303340699301399, 44.524874520444527 ], [ 11.303658088470028, 44.524887530397969 ], [ 11.304025670829647, 44.524909043874572 ], [ 11.304932371563719, 44.524962104953367 ], [ 11.305655440824403, 44.525004414530954 ], [ 11.306262657282414, 44.525077898967623 ], [ 11.306815827092489, 44.525173907671295 ], [ 11.306932725660392, 44.52519801056593 ], [ 11.307119626804786, 44.525236547102111 ], [ 11.307529375275983, 44.525304077048673 ], [ 11.307648040225123, 44.525323633309185 ], [ 11.30797107326608, 44.525403962585337 ], [ 11.308383701622166, 44.52550656821068 ], [ 11.308488950771885, 44.525541707144669 ], [ 11.309525192225042, 44.5258727426665 ], [ 11.309582628451226, 44.525935893398334 ], [ 11.309790905513628, 44.526024573290179 ], [ 11.309875743083206, 44.526022857269069 ], [ 11.31130446713674, 44.526662069932151 ], [ 11.311777907676538, 44.52688829438835 ], [ 11.31245464634631, 44.52720329461048 ], [ 11.312512509877541, 44.527277152472465 ], [ 11.312544201215637, 44.527329740822992 ], [ 11.312594519104017, 44.527353958803033 ], [ 11.313500259056102, 44.52778665993808 ], [ 11.314116240266483, 44.528080926655271 ], [ 11.315165439019887, 44.528582135053817 ], [ 11.315194235331164, 44.52859517835644 ], [ 11.315223265591289, 44.528554102986909 ], [ 11.315436552454395, 44.528642671766406 ], [ 11.316977825968415, 44.529387908611348 ], [ 11.317846665945552, 44.529801398840441 ], [ 11.319532206740819, 44.530572254768053 ], [ 11.319594363210056, 44.530628157494327 ], [ 11.319747301458618, 44.530706036117138 ], [ 11.319740338548179, 44.530723723249324 ], [ 11.319945338983787, 44.530825338015447 ], [ 11.32011526028349, 44.530831945907359 ], [ 11.32077418375329, 44.531073417354129 ], [ 11.32197589392722, 44.531482491890522 ], [ 11.323174591238651, 44.531815392393099 ], [ 11.324054854465219, 44.532011848130054 ], [ 11.324037612289775, 44.532051335224111 ], [ 11.324164503342892, 44.532074237412317 ], [ 11.324154227414422, 44.532106266401513 ], [ 11.324602692990693, 44.532194945134421 ], [ 11.325151680086934, 44.532287973911089 ], [ 11.325620578821807, 44.532355834683003 ], [ 11.326018540755008, 44.532407346864808 ], [ 11.326097560123177, 44.532417574576598 ], [ 11.326641087312446, 44.532477955246151 ], [ 11.326830684604444, 44.532496605645974 ], [ 11.326862473115582, 44.532464140313913 ], [ 11.327004040545667, 44.532480022441149 ], [ 11.327036241953842, 44.532482547887476 ], [ 11.327474876684791, 44.53201844773394 ], [ 11.327230343167951, 44.531996047187739 ], [ 11.327186513509213, 44.531991764117627 ], [ 11.326448923154729, 44.531919675417768 ], [ 11.325675348085335, 44.531831229125814 ], [ 11.325436128464936, 44.531788013657497 ], [ 11.324368870890776, 44.531595203335876 ], [ 11.324302699312433, 44.531583248871833 ], [ 11.324242807703545, 44.531572428543811 ], [ 11.324090553622883, 44.53154492174879 ], [ 11.324063704654042, 44.531497829325069 ], [ 11.32298382694043, 44.53124291031741 ], [ 11.322098837377171, 44.530969129678766 ], [ 11.32198024271411, 44.530932322365302 ], [ 11.321959231150457, 44.530993543679529 ], [ 11.32114091391413, 44.530721376461329 ], [ 11.320346022183658, 44.530410021363195 ], [ 11.319804101695821, 44.530179865186362 ], [ 11.319294866378259, 44.529934154748325 ], [ 11.318425159750113, 44.529520097213727 ], [ 11.317178596546769, 44.528943969485056 ], [ 11.317193461915727, 44.528899006961005 ], [ 11.315833468707551, 44.528253710709961 ], [ 11.315670513171288, 44.528174839154445 ], [ 11.314523513207343, 44.527652044441552 ], [ 11.313950402857591, 44.527389740012538 ], [ 11.312895154251404, 44.52689186496201 ], [ 11.311923567690584, 44.526404195587041 ], [ 11.311153938996259, 44.526055343900289 ], [ 11.310235201892713, 44.525640430111963 ], [ 11.310186084241529, 44.525577111242868 ], [ 11.310037817121087, 44.525532473413072 ], [ 11.30993449432869, 44.525529800733075 ], [ 11.309269962278819, 44.525312197530738 ], [ 11.308397287052049, 44.525051162219235 ], [ 11.308234463896081, 44.525014442473356 ], [ 11.30787162577176, 44.524932613751844 ], [ 11.307624787833007, 44.524876944163381 ], [ 11.307465657916387, 44.524841056044238 ], [ 11.307328021892483, 44.524805718716621 ], [ 11.307230189667575, 44.524787949944205 ], [ 11.307023279018209, 44.524750370099341 ], [ 11.306937934225076, 44.524734869187149 ], [ 11.306138826178399, 44.524611159239534 ], [ 11.305261385667995, 44.524522798948141 ], [ 11.305209644052598, 44.524517587921935 ], [ 11.304971117877104, 44.524505906486574 ], [ 11.304637833415159, 44.524489582574375 ], [ 11.303602603548478, 44.52443887164744 ], [ 11.302838214154262, 44.524399541053029 ], [ 11.302581415882361, 44.524386325784938 ], [ 11.302255262217255, 44.524369541295613 ], [ 11.301490211384358, 44.52433550928901 ], [ 11.301359418659201, 44.52429050762192 ], [ 11.301172048104943, 44.524288330648588 ], [ 11.301110021066439, 44.524298513085355 ], [ 11.30068918090195, 44.524286153836584 ], [ 11.300050889049588, 44.524255518752007 ], [ 11.300014899304484, 44.524253791256349 ], [ 11.29996506350269, 44.524482353820318 ], [ 11.30009531803381, 44.524487514024514 ], [ 11.299965063053806, 44.524482355879037 ] ] ] ] } },
{ "type": "Feature", "properties": { "SIGLA": "Ra", "COD_1": 1, "COD_2": 2, "COD_3": 2, "COD_4": 1, "COD_TOT": 1221, "DESCR": "Autostrade e superstrade", "HECTARES": 0.17496078686 }, "geometry": { "type": "MultiPolygon", "coordinates": [ [ [ [ 11.327901550423224, 44.53205753202721 ], [ 11.327614503750404, 44.532031238535204 ], [ 11.327185810575008, 44.532494275802812 ], [ 11.327357916150341, 44.532507770877537 ], [ 11.327503366560654, 44.532519175475592 ], [ 11.327697006759887, 44.532534357902669 ], [ 11.327901550423224, 44.53205753202721 ] ] ] ] } },
{ "type": "Feature", "properties": { "SIGLA": "Ra", "COD_1": 1, "COD_2": 2, "COD_3": 2, "COD_4": 1, "COD_TOT": 1221, "DESCR": "Autostrade e superstrade", "HECTARES": 0.18198430339 }, "geometry": { "type": "MultiPolygon", "coordinates": [ [ [ [ 11.335019607425354, 44.531543182534719 ], [ 11.334952126500367, 44.531498099198899 ], [ 11.334725998288821, 44.531542071346372 ], [ 11.334769502718267, 44.53160018399511 ], [ 11.334769457843686, 44.531600194816136 ], [ 11.334770337647765, 44.531601298498984 ], [ 11.33478801091654, 44.531623476802238 ], [ 11.334866395822035, 44.531706261157375 ], [ 11.335188790097504, 44.531997022272492 ], [ 11.335198891898596, 44.532006133787426 ], [ 11.335279939111807, 44.532077323269128 ], [ 11.335662892419078, 44.532003837917436 ], [ 11.335619292452225, 44.531972247526468 ], [ 11.335557298223794, 44.531927772399548 ], [ 11.335042979926088, 44.53155879667068 ], [ 11.335019607425354, 44.531543182534719 ] ] ] ] } },
{ "type": "Feature", "properties": { "SIGLA": "Ra", "COD_1": 1, "COD_2": 2, "COD_3": 2, "COD_4": 1, "COD_TOT": 1221, "DESCR": "Autostrade e superstrade", "HECTARES": 3.04319428779 }, "geometry": { "type": "MultiPolygon", "coordinates": [ [ [ [ 11.329091331176254, 44.532664196509124 ], [ 11.32922719227097, 44.532600337190225 ], [ 11.329572636711019, 44.532599243578375 ], [ 11.330304759538619, 44.532587277879756 ], [ 11.331040090272579, 44.532551422671034 ], [ 11.331447208750165, 44.532531199761365 ], [ 11.331787304272975, 44.532500432665294 ], [ 11.332231021748623, 44.532458617538019 ], [ 11.332707179342639, 44.532395295125674 ], [ 11.333365622488524, 44.532310379802396 ], [ 11.334477756056797, 44.532120907088846 ], [ 11.335056813853365, 44.532028674464641 ], [ 11.334617633429747, 44.531613864582887 ], [ 11.334615585186596, 44.531611929590937 ], [ 11.334559368833084, 44.531607868650653 ], [ 11.334268537776403, 44.53167615599174 ], [ 11.334242665947945, 44.531682229935541 ], [ 11.333970166975954, 44.531737821704432 ], [ 11.333686973112414, 44.531775767397086 ], [ 11.333645134277567, 44.531781720438481 ], [ 11.333071101414236, 44.531863386921387 ], [ 11.332046545197962, 44.531973644558313 ], [ 11.331921203856533, 44.531961913900169 ], [ 11.331712014555988, 44.531976905495597 ], [ 11.331524784160441, 44.532041468428964 ], [ 11.330722106002558, 44.532079297865302 ], [ 11.330578854126294, 44.532082222870557 ], [ 11.330196514455922, 44.532090027340772 ], [ 11.329194892066401, 44.532110468884163 ], [ 11.328272907975034, 44.532084060220015 ], [ 11.328094714190058, 44.532075226150702 ], [ 11.328042664395007, 44.532070458503604 ], [ 11.327835899855932, 44.53254038735593 ], [ 11.3279306845623, 44.532544497254385 ], [ 11.328102571275618, 44.532581595272731 ], [ 11.328345341576787, 44.532615350360253 ], [ 11.328678900996522, 44.532629388288562 ], [ 11.328930109038158, 44.532665946952626 ], [ 11.329091331176254, 44.532664196509124 ] ] ] ] } },
{ "type": "Feature", "properties": { "SIGLA": "Ra", "COD_1": 1, "COD_2": 2, "COD_3": 2, "COD_4": 1, "COD_TOT": 1221, "DESCR": "Autostrade e superstrade", "HECTARES": 4.4477616368200001 }, "geometry": { "type": "MultiPolygon", "coordinates": [ [ [ [ 11.378921852416832, 44.515129366248921 ], [ 11.378980252669013, 44.51504157188019 ], [ 11.379195405408691, 44.51481639669862 ], [ 11.379385188589316, 44.514571865895299 ], [ 11.379432688951804, 44.514430342181889 ], [ 11.379435465458364, 44.514335007037602 ], [ 11.37938954542803, 44.514188284079125 ], [ 11.379324409347543, 44.513896664932751 ], [ 11.379247907449829, 44.513652920515973 ], [ 11.379188618853979, 44.51342310825396 ], [ 11.379148640717778, 44.513095235741396 ], [ 11.379210091348686, 44.512805741219566 ], [ 11.379315618161947, 44.512617751548859 ], [ 11.37943102840709, 44.512427173598198 ], [ 11.379836215035976, 44.511913757813382 ], [ 11.380126699952784, 44.511526592682046 ], [ 11.380493708022096, 44.511056844780569 ], [ 11.380878049551217, 44.510522422901659 ], [ 11.381136580822718, 44.510004914422943 ], [ 11.381173548251404, 44.509927590370822 ], [ 11.380627858274609, 44.50969304457994 ], [ 11.380561867170819, 44.509679196069243 ], [ 11.380469897159747, 44.509856310098712 ], [ 11.380316661849493, 44.510083039688531 ], [ 11.380129267015247, 44.510295956512358 ], [ 11.379993450023376, 44.510402017502059 ], [ 11.379838771642522, 44.510482417218789 ], [ 11.379763387669232, 44.510496508551135 ], [ 11.379526337123451, 44.510471571177945 ], [ 11.379419395140511, 44.51043048168286 ], [ 11.379298555922931, 44.510358759774647 ], [ 11.379247074905226, 44.510308698378289 ], [ 11.379172097947466, 44.510197550019356 ], [ 11.379149425895577, 44.51007018678262 ], [ 11.37921611889405, 44.509897480136949 ], [ 11.379450711655418, 44.509616803562068 ], [ 11.37945687991837, 44.509610222912492 ], [ 11.379556826987427, 44.50950359195356 ], [ 11.379574819202098, 44.50948439451814 ], [ 11.379761771014154, 44.509397450541705 ], [ 11.379814114808726, 44.509400410509251 ], [ 11.379932758738034, 44.509407119481793 ], [ 11.3798233679522, 44.509339038380482 ], [ 11.379597738674342, 44.509242271664426 ], [ 11.379378826544178, 44.509167678523987 ], [ 11.379411264069896, 44.509187077174147 ], [ 11.379467387935101, 44.509245177085937 ], [ 11.379503390287114, 44.509282448440985 ], [ 11.3794685501527, 44.509392129754595 ], [ 11.379429929924278, 44.50945242467774 ], [ 11.379395758353244, 44.509505774204555 ], [ 11.37919111243124, 44.509758666887073 ], [ 11.379162095729695, 44.509813430225663 ], [ 11.379081793205636, 44.50996498067795 ], [ 11.379050238779751, 44.510102952536215 ], [ 11.379098385609446, 44.510259673203755 ], [ 11.379171910787019, 44.510406231130048 ], [ 11.379319422378559, 44.510695197928847 ], [ 11.379370594435411, 44.510929294487852 ], [ 11.379364468380453, 44.511033148249567 ], [ 11.379361731628881, 44.51107954043092 ], [ 11.379291258275561, 44.511188196839591 ], [ 11.379283411620243, 44.511363431905536 ], [ 11.379215262457837, 44.511529205608063 ], [ 11.379089423079527, 44.511749775243956 ], [ 11.379043281043744, 44.511816954345591 ], [ 11.378721270002497, 44.512247647798745 ], [ 11.378715074339842, 44.51225504729112 ], [ 11.378772442994338, 44.512276545917032 ], [ 11.378611338951407, 44.51248951239787 ], [ 11.378484207121641, 44.512637459336069 ], [ 11.37833730999243, 44.512790581364975 ], [ 11.378147464650603, 44.512951744638841 ], [ 11.377998629724036, 44.51305726799918 ], [ 11.37781243223727, 44.513144513808442 ], [ 11.377697375771081, 44.513180257654859 ], [ 11.377522643399278, 44.513222007412402 ], [ 11.377340483620419, 44.513244857323777 ], [ 11.3771011025391, 44.513252224308921 ], [ 11.376888426755938, 44.513261417270812 ], [ 11.376759484840472, 44.513283156466734 ], [ 11.376615267155202, 44.513338562072057 ], [ 11.376497946957761, 44.513400553203688 ], [ 11.376394802660258, 44.513483685290133 ], [ 11.37627990196016, 44.513605173620689 ], [ 11.376203170928568, 44.513682993067512 ], [ 11.376125376191283, 44.513734633287072 ], [ 11.376023911580528, 44.513777237489521 ], [ 11.37591140467925, 44.513793871159073 ], [ 11.375695220193496, 44.513781621165805 ], [ 11.376349146632776, 44.514080119155317 ], [ 11.376292541938477, 44.513997930285093 ], [ 11.376275849977645, 44.513914909064397 ], [ 11.376275886225095, 44.513833923195222 ], [ 11.376353910682083, 44.513706056114508 ], [ 11.376603281841181, 44.513453144290771 ], [ 11.376776466447717, 44.513373316752343 ], [ 11.376935441386426, 44.513353332866359 ], [ 11.377105943000624, 44.513371220000451 ], [ 11.377301954439682, 44.513443359940162 ], [ 11.377416554961645, 44.513560069947161 ], [ 11.377474419830639, 44.513673197373407 ], [ 11.37748365148469, 44.513818302852179 ], [ 11.377457782913885, 44.513918882375989 ], [ 11.377386606834456, 44.514051370622127 ], [ 11.377267474487217, 44.514232496850049 ], [ 11.377100409714108, 44.514441931311076 ], [ 11.377606693914391, 44.514681376091872 ], [ 11.377684513365043, 44.51471863341915 ], [ 11.37770858098035, 44.514683022614413 ], [ 11.377826128867252, 44.514544803538762 ], [ 11.377806689522831, 44.514476132843903 ], [ 11.378068394956605, 44.514199140534522 ], [ 11.378240902757232, 44.514102652543905 ], [ 11.378378178724569, 44.514040243557837 ], [ 11.378589402286657, 44.513995349584064 ], [ 11.3787291971071, 44.513994818396746 ], [ 11.378893533081998, 44.514024741528701 ], [ 11.379063326355368, 44.514106952367094 ], [ 11.379150160930436, 44.51419565543894 ], [ 11.379206479039226, 44.514270703700241 ], [ 11.379227081778708, 44.514367933241545 ], [ 11.379233023788686, 44.514432122068797 ], [ 11.379197180408301, 44.514532910021309 ], [ 11.378897696611396, 44.514863093599786 ], [ 11.378727319721845, 44.515011941691377 ], [ 11.378588977254203, 44.515048172002565 ], [ 11.378499461040819, 44.515057182770903 ], [ 11.37839558464594, 44.515050233740233 ], [ 11.378619847733809, 44.515152333606977 ], [ 11.378975771321238, 44.515372013589889 ], [ 11.378941551664708, 44.51528616428304 ], [ 11.37891633027068, 44.51523905075161 ], [ 11.378911065655686, 44.515191521932145 ], [ 11.378921852416832, 44.515129366248921 ] ], [ [ 11.379385164761571, 44.510646444594101 ], [ 11.379290552467404, 44.510448334459575 ], [ 11.379416033301224, 44.510505267720383 ], [ 11.379500634849935, 44.510539232445815 ], [ 11.379631121697576, 44.510555568471361 ], [ 11.379807783206404, 44.510561412968542 ], [ 11.379988964158624, 44.510514761114656 ], [ 11.380194911196204, 44.510422335599394 ], [ 11.380015411933398, 44.510673798490444 ], [ 11.379731000893166, 44.511046546343493 ], [ 11.379680207961124, 44.511107152891704 ], [ 11.379543974480121, 44.511276727302509 ], [ 11.379494859591722, 44.5112968070924 ], [ 11.379519755637979, 44.511172427138874 ], [ 11.379509453499546, 44.511001143661005 ], [ 11.379458368666571, 44.510809271774363 ], [ 11.379385164761571, 44.510646444594101 ] ], [ [ 11.379022184934046, 44.51399585900765 ], [ 11.378941389322353, 44.513973722880941 ], [ 11.37884406069475, 44.513954314393338 ], [ 11.37874027339474, 44.513939803645457 ], [ 11.378577294292533, 44.513943199392472 ], [ 11.378378987154321, 44.513978296859094 ], [ 11.378077921885588, 44.514106047614256 ], [ 11.379109727871786, 44.512793541415235 ], [ 11.379036813256221, 44.513128531572534 ], [ 11.37905512392998, 44.513332996314659 ], [ 11.379098168338496, 44.513572673721548 ], [ 11.379176414056758, 44.513859256448875 ], [ 11.379288082580603, 44.514230892045738 ], [ 11.379165661483459, 44.51408576459491 ], [ 11.37910385412097, 44.514039414145536 ], [ 11.379022184934046, 44.51399585900765 ] ], [ [ 11.378213565079474, 44.513021825425611 ], [ 11.37758743956139, 44.513832814728268 ], [ 11.377592672382059, 44.513715991133104 ], [ 11.377573041167082, 44.513642560346618 ], [ 11.377543236285863, 44.513564576656123 ], [ 11.377511463742835, 44.513519982262622 ], [ 11.377394212289589, 44.513420000846239 ], [ 11.377308930992216, 44.513369374592187 ], [ 11.377197138112368, 44.513321681878672 ], [ 11.377346617057594, 44.513313805414171 ], [ 11.37747614113322, 44.513306344648242 ], [ 11.377677482254835, 44.513264039447456 ], [ 11.377871493885717, 44.513205214327499 ], [ 11.378015711284618, 44.513149808039493 ], [ 11.378213565079474, 44.513021825425611 ] ] ] ] } },
{ "type": "Feature", "properties": { "SIGLA": "Ra", "COD_1": 1, "COD_2": 2, "COD_3": 2, "COD_4": 1, "COD_TOT": 1221, "DESCR": "Autostrade e superstrade", "HECTARES": 0.44064788357000001 }, "geometry": { "type": "MultiPolygon", "coordinates": [ [ [ [ 11.304882542860918, 44.500404627824565 ], [ 11.30409347169215, 44.49997793745213 ], [ 11.304081622241053, 44.499990722488455 ], [ 11.303910003483839, 44.500150753407176 ], [ 11.303906919374228, 44.500154204186671 ], [ 11.303921973436511, 44.500162979929513 ], [ 11.304745371707202, 44.500602297836352 ], [ 11.305341500760523, 44.500950819379156 ], [ 11.305625975597303, 44.50114515841593 ], [ 11.305840222157423, 44.500983005603054 ], [ 11.305474175056778, 44.500720347532464 ], [ 11.304882542860918, 44.500404627824565 ] ] ] ] } },
{ "type": "Feature", "properties": { "SIGLA": "Ra", "COD_1": 1, "COD_2": 2, "COD_3": 2, "COD_4": 1, "COD_TOT": 1221, "DESCR": "Autostrade e superstrade", "HECTARES": 2.3289598476800002 }, "geometry": { "type": "MultiPolygon", "coordinates": [ [ [ [ 11.296856743923323, 44.49542195964564 ], [ 11.295741840606169, 44.494487798069144 ], [ 11.295469988640788, 44.494615886533914 ], [ 11.296222208394719, 44.495263223742484 ], [ 11.29727629041578, 44.496139531848826 ], [ 11.298014147756646, 44.496759230008699 ], [ 11.298541980032084, 44.497183069726496 ], [ 11.298930967327486, 44.497461068909701 ], [ 11.299198263244017, 44.497623374279641 ], [ 11.299789325552331, 44.497962090175939 ], [ 11.300260789671439, 44.498198385752374 ], [ 11.30038820936646, 44.498267302298338 ], [ 11.301358244170435, 44.498791950411601 ], [ 11.301981349044933, 44.499118265774364 ], [ 11.303090971887016, 44.499699348334453 ], [ 11.303721279362223, 44.500026192022212 ], [ 11.303910757411904, 44.499841367363814 ], [ 11.303870671968978, 44.499820236384807 ], [ 11.30345748493235, 44.499602421272414 ], [ 11.302205459398598, 44.49894238838278 ], [ 11.300927673072195, 44.498270717121919 ], [ 11.300578154062643, 44.498088389178541 ], [ 11.300125801945903, 44.497852411729909 ], [ 11.299376697178555, 44.497421604072365 ], [ 11.298912098107362, 44.497116545008417 ], [ 11.298417906865595, 44.496735857220735 ], [ 11.296856743923323, 44.49542195964564 ] ] ] ] } },
{ "type": "Feature", "properties": { "SIGLA": "Ra", "COD_1": 1, "COD_2": 2, "COD_3": 2, "COD_4": 1, "COD_TOT": 1221, "DESCR": "Autostrade e superstrade", "HECTARES": 1.50434243935 }, "geometry": { "type": "MultiPolygon", "coordinates": [ [ [ [ 11.290411672683149, 44.492066195406807 ], [ 11.289658563073079, 44.491869309183159 ], [ 11.289644793204813, 44.491883196261043 ], [ 11.289546670183299, 44.492081881125607 ], [ 11.29055023570891, 44.492375448111595 ], [ 11.291126751121411, 44.492519559270228 ], [ 11.291845317720885, 44.492730567643683 ], [ 11.29234124835526, 44.492906139036272 ], [ 11.292857684229269, 44.493088967040897 ], [ 11.293019997012614, 44.493154783269162 ], [ 11.29335838909728, 44.493298048406729 ], [ 11.293721365862959, 44.493474165698046 ], [ 11.294170555616628, 44.493727152222149 ], [ 11.294743657190899, 44.494084834728937 ], [ 11.295293544221224, 44.494529206174853 ], [ 11.295623269788928, 44.494383471042099 ], [ 11.295085178528817, 44.493968399738513 ], [ 11.294498028914649, 44.493591946184111 ], [ 11.293224872480124, 44.492948203214951 ], [ 11.292967312018805, 44.492829515228152 ], [ 11.292047337247443, 44.492535956314413 ], [ 11.291211990764914, 44.492278800857385 ], [ 11.290893030968862, 44.492206598139717 ], [ 11.290411672683149, 44.492066195406807 ] ] ] ] } },
{ "type": "Feature", "properties": { "SIGLA": "Ra", "COD_1": 1, "COD_2": 2, "COD_3": 2, "COD_4": 1, "COD_TOT": 1221, "DESCR": "Autostrade e superstrade", "HECTARES": 0.37657074332000001 }, "geometry": { "type": "MultiPolygon", "coordinates": [ [ [ [ 11.289415440212618, 44.491816754603143 ], [ 11.287655584910048, 44.491308627981844 ], [ 11.287548824848553, 44.49151844204161 ], [ 11.289305351373432, 44.492028749960554 ], [ 11.289415440212618, 44.491816754603143 ] ] ] ] } },
{ "type": "Feature", "properties": { "SIGLA": "Ra", "COD_1": 1, "COD_2": 2, "COD_3": 2, "COD_4": 1, "COD_TOT": 1221, "DESCR": "Autostrade e superstrade", "HECTARES": 0.38513553121 }, "geometry": { "type": "MultiPolygon", "coordinates": [ [ [ [ 11.306979671589225, 44.501905403282613 ], [ 11.306022556869555, 44.501118252446439 ], [ 11.305808877048753, 44.501280645309023 ], [ 11.306354385648666, 44.501728109790747 ], [ 11.306853369736531, 44.502138590022525 ], [ 11.307151850963157, 44.502347458073181 ], [ 11.307344681219263, 44.502257811253408 ], [ 11.306979671589225, 44.501905403282613 ] ] ] ] } },
{ "type": "Feature", "properties": { "SIGLA": "Ra", "COD_1": 1, "COD_2": 2, "COD_3": 2, "COD_4": 1, "COD_TOT": 1221, "DESCR": "Autostrade e superstrade", "HECTARES": 3.2259635534000002 }, "geometry": { "type": "MultiPolygon", "coordinates": [ [ [ [ 11.281140908114249, 44.488933828805806 ], [ 11.281050838481363, 44.48900258991214 ], [ 11.281030462863059, 44.489018346479916 ], [ 11.280944015306003, 44.48908518059141 ], [ 11.280885092535174, 44.48913061062968 ], [ 11.281189222717325, 44.489285750394437 ], [ 11.281366716373675, 44.48937629005259 ], [ 11.281649154774259, 44.489520362403965 ], [ 11.281889266295005, 44.48963017598814 ], [ 11.282026104439938, 44.489692756275346 ], [ 11.282308517212247, 44.489821913263171 ], [ 11.282427120703217, 44.489876154397358 ], [ 11.282942449070097, 44.490111827740961 ], [ 11.282942426106638, 44.490111851606734 ], [ 11.283096820836937, 44.490171986191996 ], [ 11.283738350660967, 44.490421850134609 ], [ 11.283839484256402, 44.490452331177835 ], [ 11.28449507101902, 44.49064992160033 ], [ 11.286209475028897, 44.49114114092302 ], [ 11.287300907578498, 44.491448275925343 ], [ 11.287418895607605, 44.491234282206655 ], [ 11.28622778068935, 44.490903352576701 ], [ 11.285073537345092, 44.490573934202082 ], [ 11.283941851063755, 44.490241184350381 ], [ 11.283760415584286, 44.490187836321951 ], [ 11.283305114643452, 44.490004928119482 ], [ 11.283117795922159, 44.48992967611251 ], [ 11.282630105226881, 44.489685244853938 ], [ 11.282242129831685, 44.489490789082559 ], [ 11.282143843697753, 44.489441526508323 ], [ 11.28168206157361, 44.489210072819226 ], [ 11.281664642323346, 44.489201341438779 ], [ 11.281363832887649, 44.489045375288065 ], [ 11.28114400929177, 44.488931397723697 ], [ 11.281140908114249, 44.488933828805806 ] ] ] ] } },
{ "type": "Feature", "properties": { "SIGLA": "Ra", "COD_1": 1, "COD_2": 2, "COD_3": 2, "COD_4": 1, "COD_TOT": 1221, "DESCR": "Autostrade e superstrade", "HECTARES": 6.7412548242000003 }, "geometry": { "type": "MultiPolygon", "coordinates": [ [ [ [ 11.374233119955425, 44.552066616418266 ], [ 11.37427899690514, 44.552053283749991 ], [ 11.374506145273726, 44.551988908276208 ], [ 11.374507807102731, 44.551988504233513 ], [ 11.374463016401325, 44.551917394955439 ], [ 11.374463134877628, 44.551917367282847 ], [ 11.374462184653325, 44.551916075427648 ], [ 11.373775973412341, 44.550884348748021 ], [ 11.373216875991217, 44.550048946612918 ], [ 11.372802322073055, 44.549368263477767 ], [ 11.372404310831186, 44.54871472234359 ], [ 11.372255395076071, 44.548495150990085 ], [ 11.371502112991351, 44.547384429589329 ], [ 11.371390700321401, 44.547209201426959 ], [ 11.371381816447535, 44.547195726014337 ], [ 11.371053671999242, 44.547305140131115 ], [ 11.37149284246331, 44.547981202237168 ], [ 11.372284720491782, 44.549230142578281 ], [ 11.372519961876872, 44.549588496579567 ], [ 11.372729489954942, 44.549921648248585 ], [ 11.373490392398688, 44.551131456473456 ], [ 11.374068233487183, 44.552014294435352 ], [ 11.37407013964399, 44.552013801048425 ], [ 11.374068567752285, 44.552014805110666 ], [ 11.374127541992802, 44.552096436375713 ], [ 11.374233119955425, 44.552066616418266 ] ] ] ] } }
]
}
