{
"type": "FeatureCollection",
"name": "localita_abitative",
"crs": { "type": "name", "properties": { "name": "urn:ogc:def:crs:OGC:1.3:CRS84" } },
"features": [
{ "type": "Feature", "properties": { "COMP_FONTI": 2, "DATA_A": 20111110, "DATA_AGG": 20121019, "DATA_DA": 20111110, "DT_INI_VAL": 20111110, "DT_PRES": null, "D_METODO": "Primo caricamento", "D_TIPO_AGG": "Massivo", "D_TY_LAB": "capoluogo di Regione", "ID_E": "56f9c960-065a-11e2-a764-5487fa9b7b0b", "ISTAT": 3700610002, "ISTAT_COM": 37006, "METODO": 1, "NM_LAB": "BOLOGNA", "OBJECTID": 385, "QUALITA": 4, "SEZ_ID_E": "                                    ", "SHAPE.AREA": 76887869.645290494, "SHAPE.LEN": 91372.107622744297, "ST_CERTIF": " ", "ST_VALID": " ", "TIPO_FONTE": "Basi territoriali e variabili censuarie 2011", "TY_E": "LAB", "TY_LAB": 603 }, "geometry": { "type": "Polygon", "coordinates": [ [ [ 11.370637460338425, 44.551674950973791 ], [ 11.370681071942393, 44.551664446772442 ], [ 11.370727602095055, 44.551697279420893 ], [ 11.370894965544094, 44.55183068828353 ], [ 11.371010534193132, 44.551947692582175 ], [ 11.371085884565099, 44.5520621247272 ], [ 11.371156190155768, 44.552228457527356 ], [ 11.371243836235992, 44.552501600384474 ], [ 11.371327028931628, 44.552747385240203 ], [ 11.371335991432726, 44.552774209267874 ], [ 11.371351131304705, 44.552819516743064 ], [ 11.371372135916294, 44.552853147665495 ], [ 11.372019908213975, 44.552660293172046 ], [ 11.373415118474329, 44.552308529831549 ], [ 11.374066734969274, 44.552133828250014 ], [ 11.374258093337058, 44.552079859113093 ], [ 11.374303967029416, 44.55206653910605 ], [ 11.37429101296404, 44.552022865522041 ], [ 11.373399478520215, 44.550658634443955 ], [ 11.372793254840394, 44.549729169169872 ], [ 11.372318955895734, 44.549010351654495 ], [ 11.371732623466103, 44.548110604804855 ], [ 11.371155566557587, 44.547232278066105 ], [ 11.370848962662564, 44.546756674553151 ], [ 11.370288345600963, 44.545893147610357 ], [ 11.369941900149319, 44.545363384191894 ], [ 11.369657713569197, 44.544926691609334 ], [ 11.369345916603567, 44.544448350487485 ], [ 11.369016797446863, 44.543944701800946 ], [ 11.368737890101142, 44.543515904100943 ], [ 11.368313134241877, 44.542861011384552 ], [ 11.367555440442086, 44.541699171700969 ], [ 11.366457166481112, 44.540007469396848 ], [ 11.36695187116783, 44.539863853682178 ], [ 11.367506708178574, 44.539728185648357 ], [ 11.367730082855978, 44.539681339740106 ], [ 11.367773053246177, 44.539685866145874 ], [ 11.367817940411781, 44.539705315867714 ], [ 11.367853350598194, 44.53973283576245 ], [ 11.367880071432154, 44.539763047598477 ], [ 11.367922067093041, 44.539832617583173 ], [ 11.367959694512876, 44.539862166531321 ], [ 11.368000305530725, 44.539878409063071 ], [ 11.368036110935767, 44.539882894051161 ], [ 11.368306325184783, 44.539810180646001 ], [ 11.368663435957931, 44.539714456248568 ], [ 11.368552037872417, 44.539496711004929 ], [ 11.368569276972766, 44.539449596000523 ], [ 11.368580596423254, 44.53942222032093 ], [ 11.368661909093881, 44.539412015788741 ], [ 11.370455867225386, 44.538933859685713 ], [ 11.370289432613431, 44.538758860563213 ], [ 11.370170187322985, 44.538616156505405 ], [ 11.370041699514724, 44.538427017447951 ], [ 11.36995519038526, 44.538262970874221 ], [ 11.369919623955203, 44.53819122367009 ], [ 11.370219803364149, 44.538094027806402 ], [ 11.370788181164739, 44.537880609406749 ], [ 11.371410586181684, 44.537650320376869 ], [ 11.372267944031247, 44.537308875980436 ], [ 11.373346041936259, 44.536876660949645 ], [ 11.37377865236571, 44.536708988794018 ], [ 11.373627243929173, 44.53644179953681 ], [ 11.374134247457466, 44.536271502369857 ], [ 11.374072130738487, 44.536183436109688 ], [ 11.37373011608261, 44.53568847067401 ], [ 11.373502416253389, 44.535365428828996 ], [ 11.373377045693404, 44.535184813436835 ], [ 11.373035967959233, 44.534698266228254 ], [ 11.372724147773045, 44.534260547202827 ], [ 11.372492924672279, 44.533930303357927 ], [ 11.37227507439813, 44.53361669866554 ], [ 11.372090126720286, 44.533353089557195 ], [ 11.372011260213782, 44.533243070932251 ], [ 11.371839472554647, 44.532990904731797 ], [ 11.371793040049827, 44.532938884215369 ], [ 11.371756809157429, 44.53290671565567 ], [ 11.371389153007597, 44.532727759496815 ], [ 11.371512128782781, 44.532714981419581 ], [ 11.371485885457831, 44.532679351761843 ], [ 11.371467572585654, 44.532653674387305 ], [ 11.371443792402259, 44.53262725175064 ], [ 11.371414372475694, 44.53258796372198 ], [ 11.371336290351401, 44.532466517612718 ], [ 11.371237374976797, 44.532315116173237 ], [ 11.370744007883287, 44.531545828260178 ], [ 11.370583935314965, 44.531294958924789 ], [ 11.370484017952805, 44.531143638828745 ], [ 11.370461004339983, 44.531112447624388 ], [ 11.370384187270062, 44.530976485886683 ], [ 11.370180785689072, 44.530668533082839 ], [ 11.37002082019618, 44.530411681214837 ], [ 11.369899851095926, 44.530201250402101 ], [ 11.369873833282867, 44.530173451482753 ], [ 11.369843157355444, 44.530155074088455 ], [ 11.369793594960443, 44.530158756976157 ], [ 11.36970448457191, 44.530163369776822 ], [ 11.369377216566678, 44.530221682034465 ], [ 11.368786402170011, 44.530355507748219 ], [ 11.368745559573501, 44.53036678562065 ], [ 11.368622788993623, 44.530400624188005 ], [ 11.368580598938355, 44.530344288519466 ], [ 11.368519825833896, 44.530258383385181 ], [ 11.368495843850235, 44.530216963386692 ], [ 11.36826044850914, 44.529864380091631 ], [ 11.368203292573263, 44.529778765239968 ], [ 11.36849999390355, 44.529703543738044 ], [ 11.36820375932456, 44.529145625237533 ], [ 11.367952185425112, 44.5286053319074 ], [ 11.367788694676415, 44.528240413272144 ], [ 11.367745894862567, 44.528222406522282 ], [ 11.367828031998961, 44.52809616167756 ], [ 11.367993043228648, 44.527894845845964 ], [ 11.368081982598353, 44.527796723171278 ], [ 11.368247767931617, 44.527623482423969 ], [ 11.368498081025264, 44.527342351280367 ], [ 11.368592848231078, 44.527235979787477 ], [ 11.368689938380939, 44.527124243112766 ], [ 11.368751108650686, 44.527043340922148 ], [ 11.368793341255197, 44.526984064171842 ], [ 11.368813929327239, 44.526941167460279 ], [ 11.368821822733164, 44.526889690987964 ], [ 11.368826041857627, 44.52674450231163 ], [ 11.368822027618645, 44.526578258301953 ], [ 11.368821396842035, 44.526498648432785 ], [ 11.368823989891899, 44.526438427050692 ], [ 11.368842024226662, 44.526324986310527 ], [ 11.368856228257076, 44.526267852214502 ], [ 11.368889011576686, 44.526194634825842 ], [ 11.368932518884673, 44.52611532612012 ], [ 11.368992935615969, 44.526011996094724 ], [ 11.36906585791866, 44.525914920735623 ], [ 11.369146212255385, 44.525817689279741 ], [ 11.369217224334315, 44.525734808161459 ], [ 11.369281162755099, 44.525660929616429 ], [ 11.369338835828426, 44.525553553890632 ], [ 11.36936102326057, 44.525487622383999 ], [ 11.369315017265246, 44.525435018480856 ], [ 11.369263754254662, 44.525353448165319 ], [ 11.369307540887503, 44.525089483291197 ], [ 11.369437876355041, 44.524230804607903 ], [ 11.369505096431238, 44.524155383188329 ], [ 11.369504658694877, 44.524117690527504 ], [ 11.369471695916658, 44.52408944778486 ], [ 11.369427101040683, 44.524070556153589 ], [ 11.369366293488385, 44.524059805328214 ], [ 11.369313339599321, 44.524056097995128 ], [ 11.369284307264394, 44.524035683251405 ], [ 11.369300208731444, 44.523981888003078 ], [ 11.369337228391483, 44.523940159852046 ], [ 11.369473850225939, 44.52386713749241 ], [ 11.369800649636606, 44.523753195342074 ], [ 11.369954117129506, 44.523739159344117 ], [ 11.37019757962892, 44.523748080851568 ], [ 11.370374579245533, 44.523765534502111 ], [ 11.370506492726788, 44.52379950216708 ], [ 11.370622318272291, 44.52386213568839 ], [ 11.370676346333825, 44.523898798219307 ], [ 11.370766842801624, 44.52392709077639 ], [ 11.370826057487378, 44.523934992223801 ], [ 11.370917198829314, 44.523924566636857 ], [ 11.371088979387933, 44.523883915337272 ], [ 11.371171551647864, 44.523835153762867 ], [ 11.371236552817194, 44.523771849821642 ], [ 11.371455029502229, 44.524029845165082 ], [ 11.371483007611459, 44.523996710728873 ], [ 11.371528086058957, 44.523938963669323 ], [ 11.371577687018393, 44.523875666191472 ], [ 11.371621484041892, 44.523819774133223 ], [ 11.37182545581841, 44.523544787408163 ], [ 11.37187179623513, 44.523476141617017 ], [ 11.371907489316758, 44.523408827058987 ], [ 11.371936077587314, 44.52333658628708 ], [ 11.371987652423815, 44.52313230469273 ], [ 11.372052518544583, 44.522873863051565 ], [ 11.37206487465877, 44.522835745192324 ], [ 11.372088343345885, 44.522799888313116 ], [ 11.372144040578243, 44.522767081548501 ], [ 11.37221658158974, 44.522736892858006 ], [ 11.372305768353069, 44.522702648237924 ], [ 11.372453859763862, 44.522653297392573 ], [ 11.372602177554205, 44.522609496219111 ], [ 11.372740097596818, 44.522564060958494 ], [ 11.372799382364976, 44.52254257652308 ], [ 11.372841502465628, 44.522525663850359 ], [ 11.372877474288941, 44.522507421456176 ], [ 11.372918610396972, 44.522480007936061 ], [ 11.373157151416351, 44.522303138200378 ], [ 11.373478269733834, 44.522068480452447 ], [ 11.373647232359485, 44.521951892504482 ], [ 11.373715016705559, 44.521910037242883 ], [ 11.373766434346072, 44.521872969545683 ], [ 11.373850505413884, 44.521944625301742 ], [ 11.374106444265788, 44.522289585267956 ], [ 11.374157312978223, 44.522337171634554 ], [ 11.374227302340726, 44.522386301235827 ], [ 11.374313693163231, 44.522437037797296 ], [ 11.374630343565878, 44.522597761551566 ], [ 11.374663747900325, 44.522616518444721 ], [ 11.37504212582089, 44.522883543615698 ], [ 11.375440828747497, 44.52316171012842 ], [ 11.375553030807492, 44.523218659621982 ], [ 11.375619680603295, 44.523252295163559 ], [ 11.375702872093798, 44.523291413746477 ], [ 11.375819895515892, 44.523337934916412 ], [ 11.375925315771878, 44.523371990385819 ], [ 11.376035542208248, 44.523394140682946 ], [ 11.376241878674024, 44.523417399690587 ], [ 11.376319199007602, 44.523419604481148 ], [ 11.376383685722633, 44.523422845207712 ], [ 11.376440615449349, 44.523424714591691 ], [ 11.376502014388315, 44.523431086700455 ], [ 11.376589062314812, 44.523437350591799 ], [ 11.376680330708968, 44.523439217927127 ], [ 11.376789594865679, 44.523440705088973 ], [ 11.376873233541486, 44.523437434036495 ], [ 11.376931442863484, 44.523434689735815 ], [ 11.377039292908956, 44.523427122538841 ], [ 11.377134340006688, 44.523417541512956 ], [ 11.377216486445663, 44.523414122133332 ], [ 11.377285838998603, 44.523414354095891 ], [ 11.377353403972482, 44.523421341842734 ], [ 11.377414868767245, 44.523432855240763 ], [ 11.377470643629154, 44.523449110818966 ], [ 11.377561849636407, 44.523489889536457 ], [ 11.377653555787727, 44.523545180664222 ], [ 11.377881813363318, 44.523717650064903 ], [ 11.37822713204805, 44.52398499946478 ], [ 11.37848580270995, 44.524201247143566 ], [ 11.378567369423624, 44.524274124603473 ], [ 11.378699708571899, 44.524392360203088 ], [ 11.378760296034166, 44.524444322467055 ], [ 11.378836265796897, 44.524501339556373 ], [ 11.378926526952784, 44.524554389322269 ], [ 11.378975581943157, 44.524570824716136 ], [ 11.379043264142783, 44.524584237730529 ], [ 11.379085600195246, 44.52455258199668 ], [ 11.379123093474034, 44.524514211356887 ], [ 11.379350485566125, 44.524303012938446 ], [ 11.379436959885211, 44.524219920185011 ], [ 11.379537021500282, 44.524102363280761 ], [ 11.379812671125041, 44.523735282733618 ], [ 11.379869744823191, 44.523665671723052 ], [ 11.379962440916866, 44.523588836152612 ], [ 11.380090319668424, 44.523494109889754 ], [ 11.380440488255063, 44.523270496867838 ], [ 11.380612381020979, 44.523153442310523 ], [ 11.3806849181684, 44.52309629560547 ], [ 11.380743468795126, 44.522988237700147 ], [ 11.380779617334156, 44.522919110359986 ], [ 11.380846991513693, 44.52265718595924 ], [ 11.380875726092262, 44.522551945574172 ], [ 11.380898364801887, 44.522519418031472 ], [ 11.380929289852803, 44.522469630821803 ], [ 11.381061380653271, 44.522255361754041 ], [ 11.381119476339654, 44.522136671226264 ], [ 11.381140584435025, 44.52206576080723 ], [ 11.381154194716544, 44.521956613638224 ], [ 11.381148396504454, 44.521886315788826 ], [ 11.381114942059952, 44.521797423019166 ], [ 11.381024978123355, 44.521641498490276 ], [ 11.380977288030511, 44.521495286328445 ], [ 11.380930707607375, 44.521302096425309 ], [ 11.380915257258202, 44.520988689895411 ], [ 11.380912882892723, 44.520928971521407 ], [ 11.380916489384253, 44.520869130200246 ], [ 11.381049539704703, 44.520379590047952 ], [ 11.381083458537903, 44.520255052511594 ], [ 11.381094070491091, 44.520145976866502 ], [ 11.381105725023476, 44.51998779308655 ], [ 11.381101690493221, 44.519736038203575 ], [ 11.381096612197041, 44.519533392371926 ], [ 11.38109613460268, 44.519480419643607 ], [ 11.381094867470754, 44.519339214113785 ], [ 11.381103108407915, 44.519174551267206 ], [ 11.381108513170892, 44.519014212083981 ], [ 11.381140114593633, 44.51883622250449 ], [ 11.381162422702287, 44.518798336270542 ], [ 11.381033663795689, 44.518754761601194 ], [ 11.380809094422309, 44.518672394579283 ], [ 11.38065090268964, 44.518640222901155 ], [ 11.380469866561386, 44.518616099441815 ], [ 11.380293447763858, 44.518608113708652 ], [ 11.380099973084011, 44.518620207912207 ], [ 11.379858276616838, 44.518658328830377 ], [ 11.379639481559533, 44.518673240388843 ], [ 11.379551321405645, 44.518655811834577 ], [ 11.379463027322835, 44.518596345002656 ], [ 11.37939876243883, 44.518499728754335 ], [ 11.379360867164703, 44.518460211541928 ], [ 11.379292418795231, 44.518397493304938 ], [ 11.379187403464028, 44.518312327710021 ], [ 11.379122874668729, 44.51825924412671 ], [ 11.379064779747582, 44.518209441982137 ], [ 11.378968640853273, 44.518116610066023 ], [ 11.37891805629318, 44.518062684801244 ], [ 11.378784974518991, 44.51791382823528 ], [ 11.378765604647345, 44.517890024027409 ], [ 11.378696314410755, 44.51780390283708 ], [ 11.378649728665639, 44.517746194974322 ], [ 11.37852193020764, 44.517600453614008 ], [ 11.378392872277114, 44.517451760305136 ], [ 11.378264546931488, 44.51729341165256 ], [ 11.378181571834016, 44.517181094254433 ], [ 11.378113402708813, 44.517082686968507 ], [ 11.378076167005686, 44.517016571946641 ], [ 11.378055931891794, 44.516977829702483 ], [ 11.378026920562549, 44.516903344704701 ], [ 11.378015629901764, 44.5168524400246 ], [ 11.377994949176191, 44.516772289015144 ], [ 11.377978860273917, 44.516672144005497 ], [ 11.377965025942233, 44.516583928119303 ], [ 11.377950791199954, 44.516467628109694 ], [ 11.377937922387659, 44.516363094784936 ], [ 11.377933563528288, 44.51630925310041 ], [ 11.37792182022952, 44.516271863463743 ], [ 11.377904672142213, 44.516228642929853 ], [ 11.377882559947757, 44.516181113650326 ], [ 11.377853376072689, 44.516146652137969 ], [ 11.377836957005561, 44.516091784209522 ], [ 11.377930329474728, 44.516032748573586 ], [ 11.37815744436177, 44.515821781333024 ], [ 11.37836924197776, 44.51559617413541 ], [ 11.378480846369708, 44.515427003553874 ], [ 11.378556014699535, 44.515265213461113 ], [ 11.378345258165478, 44.515160945784835 ], [ 11.377285217612293, 44.514658017840858 ], [ 11.377207609317319, 44.514755563486418 ], [ 11.377083401355481, 44.514909788184887 ], [ 11.376979869902211, 44.515034405820955 ], [ 11.376932077433317, 44.515090868434235 ], [ 11.376821005489997, 44.515219243057807 ], [ 11.376718482873418, 44.515335280718745 ], [ 11.376630484261357, 44.515431292202045 ], [ 11.376529370093914, 44.515542162608909 ], [ 11.376410050617922, 44.5156665583552 ], [ 11.376289463880692, 44.515790712979673 ], [ 11.376171846523397, 44.515910392612696 ], [ 11.376085933650788, 44.515996070334737 ], [ 11.376036863447515, 44.516042592436982 ], [ 11.375972482525949, 44.51610615184115 ], [ 11.375890567464392, 44.516184302892015 ], [ 11.375774831583199, 44.516294313819905 ], [ 11.375636851016134, 44.516420635666478 ], [ 11.375495943167703, 44.516546120707055 ], [ 11.375361926573747, 44.516664529306844 ], [ 11.375209269678708, 44.516794943402601 ], [ 11.37503383423909, 44.516697537328028 ], [ 11.375231894724299, 44.516274498743655 ], [ 11.375292901519746, 44.516100322689219 ], [ 11.375318239900729, 44.515994432263845 ], [ 11.375328243751566, 44.515916604990224 ], [ 11.375333198367711, 44.515833082438526 ], [ 11.375320261566358, 44.51523738442814 ], [ 11.375109433549838, 44.515186969129239 ], [ 11.374215961748103, 44.514887808954555 ], [ 11.373472476063363, 44.514628749049777 ], [ 11.372557335673401, 44.514305891430944 ], [ 11.372483122189507, 44.514255789830997 ], [ 11.372416165776121, 44.514175152834106 ], [ 11.372335747600875, 44.514076677023034 ], [ 11.372776081963639, 44.513673757678355 ], [ 11.372841851135712, 44.513552084007451 ], [ 11.372858837731217, 44.513483135933164 ], [ 11.373068635590467, 44.513274934292753 ], [ 11.373362500374164, 44.513158644316867 ], [ 11.373676752423824, 44.51293786459555 ], [ 11.373521466634038, 44.512853215974097 ], [ 11.373336317888013, 44.512753883683516 ], [ 11.37306430223367, 44.512579567871697 ], [ 11.372912446661585, 44.512475549222991 ], [ 11.37280026161346, 44.512397703535513 ], [ 11.372727847364283, 44.512347454848275 ], [ 11.372621865172469, 44.512261110373771 ], [ 11.372507846031581, 44.512171566782726 ], [ 11.372371308590845, 44.512059786619076 ], [ 11.37218111855254, 44.511891341941691 ], [ 11.372056243568691, 44.511766995434371 ], [ 11.371946776438627, 44.511657195454049 ], [ 11.37189708723198, 44.511604319714401 ], [ 11.371767551174239, 44.511467640802479 ], [ 11.371550518582362, 44.511214751509435 ], [ 11.371340536645834, 44.51097611491857 ], [ 11.371462884648636, 44.51088173182432 ], [ 11.371580837726396, 44.510788062882995 ], [ 11.371821951612322, 44.510598995964941 ], [ 11.372080543585914, 44.510400649201372 ], [ 11.372385603334511, 44.510166667264471 ], [ 11.372663202653122, 44.509947216451906 ], [ 11.372904303028553, 44.509739515807915 ], [ 11.37330693565921, 44.509360436160108 ], [ 11.373470472464625, 44.509462039138668 ], [ 11.374730275776825, 44.510876257445538 ], [ 11.375819783319782, 44.510280089530262 ], [ 11.376110769773623, 44.510610973470463 ], [ 11.376620474455027, 44.511215763994116 ], [ 11.376969963790804, 44.511028949070422 ], [ 11.377528305272847, 44.51169636899558 ], [ 11.378557949161145, 44.512723269439149 ], [ 11.379402963153217, 44.511663809052024 ], [ 11.379474606278311, 44.51135533835415 ], [ 11.379493771019453, 44.511187528192906 ], [ 11.379489141138363, 44.511073710832179 ], [ 11.379482585310733, 44.510992470662821 ], [ 11.379403647394959, 44.510731416940089 ], [ 11.379307573645045, 44.510528838146058 ], [ 11.379254180010957, 44.510416035362951 ], [ 11.379186715467284, 44.510265697071603 ], [ 11.379152506428047, 44.510198963792121 ], [ 11.379129379571069, 44.510137968224662 ], [ 11.379125883139777, 44.510051975726242 ], [ 11.379143116827889, 44.509968005267211 ], [ 11.379191101700663, 44.509878464975124 ], [ 11.379542486779345, 44.509465331378493 ], [ 11.379765887236974, 44.509204881789202 ], [ 11.380137016368964, 44.509361851300845 ], [ 11.380763738109048, 44.509633999239796 ], [ 11.380878909732791, 44.509684010932027 ], [ 11.380956736488281, 44.509717807320285 ], [ 11.381675522225608, 44.510029795493573 ], [ 11.382004396437768, 44.510169269889403 ], [ 11.382101136715752, 44.510208820467639 ], [ 11.382766616989281, 44.510519930835365 ], [ 11.382883590180207, 44.510574083675998 ], [ 11.382956516872438, 44.510614894946272 ], [ 11.383605569693001, 44.510972107826611 ], [ 11.3843077951596, 44.511393906125051 ], [ 11.384427309143332, 44.511465019135272 ], [ 11.385107205034251, 44.511876096823464 ], [ 11.385454091999861, 44.512083082129834 ], [ 11.386171501922616, 44.512514723531027 ], [ 11.386303975368202, 44.512589372638011 ], [ 11.386710863545261, 44.512854774993812 ], [ 11.387249983838693, 44.513198033839934 ], [ 11.387303245478201, 44.513229510102747 ], [ 11.387969805233805, 44.513623391738435 ], [ 11.388618090324009, 44.514018876198257 ], [ 11.389165626827024, 44.5143366670302 ], [ 11.389426880205871, 44.51447775934691 ], [ 11.38976988266228, 44.514671571778528 ], [ 11.390153491016902, 44.514866960931435 ], [ 11.390612532097105, 44.515099374686237 ], [ 11.391008495936024, 44.515307476664837 ], [ 11.392311508269295, 44.515959394203954 ], [ 11.392590236733509, 44.516114799749971 ], [ 11.39318914052752, 44.516408467734593 ], [ 11.392715303598024, 44.516781859941538 ], [ 11.392615517578145, 44.516849985231666 ], [ 11.39241607628705, 44.516989569152784 ], [ 11.392297699076073, 44.51705941708412 ], [ 11.392152615507513, 44.517137814322922 ], [ 11.392021784214618, 44.517199901686077 ], [ 11.391872380518295, 44.517264377528967 ], [ 11.391758508448682, 44.517308108631454 ], [ 11.39167568544978, 44.517335838835628 ], [ 11.391590072740557, 44.517363628328027 ], [ 11.3910710930998, 44.517515804467244 ], [ 11.390553986405148, 44.517668585402049 ], [ 11.389866922893116, 44.517870847070824 ], [ 11.389503254982332, 44.517977679209245 ], [ 11.389390909166114, 44.518011609131307 ], [ 11.389572604321543, 44.518387155095652 ], [ 11.389669501146081, 44.518635411873156 ], [ 11.389751979263883, 44.518883954213976 ], [ 11.389814594541631, 44.519089050123689 ], [ 11.389902610349953, 44.519317438534522 ], [ 11.389962380592442, 44.519462027485041 ], [ 11.389994603748065, 44.519536675324517 ], [ 11.390062877367704, 44.519669865405618 ], [ 11.39015319659611, 44.519849068579248 ], [ 11.390299658210864, 44.520086402134041 ], [ 11.390331004304953, 44.520140237247389 ], [ 11.390407178179151, 44.520303699280127 ], [ 11.390544240210538, 44.520640564317191 ], [ 11.390651640054759, 44.520965219969135 ], [ 11.390695080530913, 44.521095715814774 ], [ 11.390750221883984, 44.521293267794924 ], [ 11.390812121138662, 44.521546761345881 ], [ 11.390829054802756, 44.521620229332086 ], [ 11.390849600817722, 44.521678250712533 ], [ 11.390957556722896, 44.52189767805941 ], [ 11.391252343019934, 44.522484460993894 ], [ 11.391617743443664, 44.523176849779915 ], [ 11.391759045805774, 44.523462142434546 ], [ 11.391848996882089, 44.523618792405394 ], [ 11.391951559224683, 44.523801947091933 ], [ 11.392229622367559, 44.524331433587349 ], [ 11.392417622106347, 44.524772199151577 ], [ 11.392638744938225, 44.52524727917104 ], [ 11.392791261828661, 44.525524099867553 ], [ 11.392899279187992, 44.525698915480071 ], [ 11.393157822458939, 44.526101204983952 ], [ 11.393420215261681, 44.526456071521331 ], [ 11.39370253614333, 44.52680435820929 ], [ 11.394005141326415, 44.527223749311858 ], [ 11.396050018404424, 44.527300233481469 ], [ 11.397156284245906, 44.527341592074407 ], [ 11.397905612030758, 44.527367973700024 ], [ 11.398841050437298, 44.52739834635819 ], [ 11.39900122230928, 44.527396090241652 ], [ 11.39915469780223, 44.52738767376924 ], [ 11.399320342355047, 44.527373674506791 ], [ 11.399559322598048, 44.527335103129261 ], [ 11.399780730937906, 44.527289862489326 ], [ 11.400306419798188, 44.527160538777274 ], [ 11.400799340100901, 44.527032905622903 ], [ 11.401249149264093, 44.526916402316417 ], [ 11.401757197987138, 44.526782026166579 ], [ 11.402653279320987, 44.526557522742195 ], [ 11.403637362119914, 44.526304185855011 ], [ 11.403961445278448, 44.526217949780246 ], [ 11.403865435239515, 44.5261052631936 ], [ 11.403397913526987, 44.525548533193032 ], [ 11.403127531771307, 44.525222341830222 ], [ 11.403050493779993, 44.525091558838518 ], [ 11.402973157828649, 44.524953706970258 ], [ 11.402916065819598, 44.524767748757775 ], [ 11.402879010872317, 44.524648464639917 ], [ 11.402843349792354, 44.5245626982245 ], [ 11.402771073015552, 44.524428252501835 ], [ 11.40267272181076, 44.524260804903705 ], [ 11.402544149333584, 44.524079857515559 ], [ 11.402388983287366, 44.52391357935069 ], [ 11.402242446458516, 44.523777128433856 ], [ 11.402154615556199, 44.523685366583351 ], [ 11.402063308745198, 44.523568954134319 ], [ 11.402042104427212, 44.523534080677287 ], [ 11.402023510623687, 44.523502680378556 ], [ 11.4020050646195, 44.523474813164064 ], [ 11.401963453269923, 44.523364433588434 ], [ 11.40196148451904, 44.523316793064062 ], [ 11.401974269183336, 44.523267075793655 ], [ 11.401992441540317, 44.523220188980936 ], [ 11.402265589294066, 44.523237465802758 ], [ 11.402750199758454, 44.523161720441777 ], [ 11.403851503643185, 44.522777561329924 ], [ 11.40492849090016, 44.522398671629169 ], [ 11.405291954219297, 44.522198776816396 ], [ 11.40532331689564, 44.522179812885874 ], [ 11.405383977158454, 44.522181433464915 ], [ 11.40542505604529, 44.522144021113398 ], [ 11.405700628274326, 44.522271037208824 ], [ 11.406317374031177, 44.522544268807067 ], [ 11.407296716460602, 44.522946673174332 ], [ 11.407821919263212, 44.523150914120912 ], [ 11.40832034174613, 44.523305075674571 ], [ 11.408875087634009, 44.523450401509123 ], [ 11.409383716442015, 44.523594139541615 ], [ 11.40969609872014, 44.523701488845333 ], [ 11.409910690492545, 44.523793012950335 ], [ 11.410307433235911, 44.524000731315972 ], [ 11.410556649328409, 44.524131200866925 ], [ 11.410409436574975, 44.524214207996366 ], [ 11.410159314059378, 44.52434092735448 ], [ 11.410000591330972, 44.524414458739372 ], [ 11.409882559137333, 44.524465578783492 ], [ 11.4097589999433, 44.524510112095278 ], [ 11.409594176990955, 44.524565282282552 ], [ 11.408864722209252, 44.524786824638184 ], [ 11.408906329494746, 44.524848909438745 ], [ 11.40918916098471, 44.525108761017336 ], [ 11.409653446324539, 44.525462529301272 ], [ 11.409850416657024, 44.525638312005476 ], [ 11.410183271536816, 44.525454916648933 ], [ 11.410531510377773, 44.525255615657699 ], [ 11.410830335983258, 44.525081248156269 ], [ 11.411157255690316, 44.525344355258298 ], [ 11.412017387672803, 44.524841127663258 ], [ 11.412066303554164, 44.524791208457856 ], [ 11.412151947795849, 44.524824168274058 ], [ 11.41271627399748, 44.525035669325035 ], [ 11.413466513087007, 44.525291423888767 ], [ 11.413726307210577, 44.525387346056753 ], [ 11.414360136402284, 44.52565956415922 ], [ 11.41445229747573, 44.525714369493983 ], [ 11.41571855497606, 44.526346810867402 ], [ 11.416080566819685, 44.526536799652838 ], [ 11.416464726919203, 44.526755040997742 ], [ 11.416511177193792, 44.526783959569819 ], [ 11.41655075061866, 44.52680899777539 ], [ 11.417042164182091, 44.52711246483895 ], [ 11.417197840878673, 44.527207139295854 ], [ 11.417460825615645, 44.527366693575054 ], [ 11.417670635512986, 44.527494481855506 ], [ 11.418567568535824, 44.528040629474731 ], [ 11.418693858592473, 44.528125461772262 ], [ 11.418964547481481, 44.528307325930527 ], [ 11.419170507421885, 44.528421240892193 ], [ 11.419323401715555, 44.528506025395735 ], [ 11.419513904845678, 44.528684832584339 ], [ 11.419526786101441, 44.528715774922802 ], [ 11.419578150897147, 44.528850438018118 ], [ 11.419624178005552, 44.528909590276477 ], [ 11.419704346249151, 44.529012620931965 ], [ 11.419801834030528, 44.529184390497306 ], [ 11.419908362973624, 44.529307786764235 ], [ 11.419968955031687, 44.529335184267005 ], [ 11.420002079048436, 44.529347032447959 ], [ 11.420025246685318, 44.529300370001884 ], [ 11.420070676874852, 44.529219283417611 ], [ 11.420112012984406, 44.529153413267565 ], [ 11.420148732089896, 44.529108939177235 ], [ 11.420181616040258, 44.529067339873784 ], [ 11.420222347110499, 44.529025021426385 ], [ 11.420261480382331, 44.528982169682813 ], [ 11.420285845336162, 44.528943545361365 ], [ 11.420298569520083, 44.528908514097736 ], [ 11.420300954318389, 44.528851838516438 ], [ 11.420301311278049, 44.528745859460649 ], [ 11.420312450421692, 44.528701338925671 ], [ 11.420358237858155, 44.528657777096292 ], [ 11.420403264712579, 44.528643392373198 ], [ 11.420457193362276, 44.528635549165287 ], [ 11.420525975612222, 44.528625145727553 ], [ 11.420577693349607, 44.528620710890522 ], [ 11.420616625071945, 44.528611211371448 ], [ 11.420687859511457, 44.528603284645683 ], [ 11.420716871417691, 44.52857239838692 ], [ 11.420754838199599, 44.528549182322372 ], [ 11.420802482930652, 44.528503317689577 ], [ 11.420839443585301, 44.528464967173598 ], [ 11.420888823853049, 44.528403925240504 ], [ 11.420943384533185, 44.528334911504537 ], [ 11.420956205169468, 44.52830267520558 ], [ 11.420956541907474, 44.528253867143192 ], [ 11.420948323977203, 44.528225992250796 ], [ 11.420924839401868, 44.528190587336709 ], [ 11.420883429123514, 44.52813985047608 ], [ 11.420830034908747, 44.528084328137723 ], [ 11.42077224196268, 44.528036751067411 ], [ 11.420725035696501, 44.527997925880584 ], [ 11.420663437694241, 44.527953243639445 ], [ 11.42059875714236, 44.527910307505515 ], [ 11.420547633458327, 44.5278715734188 ], [ 11.420499709361579, 44.527834460336656 ], [ 11.42047480980909, 44.527802465782791 ], [ 11.420459254404498, 44.527768586910149 ], [ 11.420457732281241, 44.527731610678117 ], [ 11.420459958818881, 44.527690070795764 ], [ 11.420466358395407, 44.527654603757988 ], [ 11.420479603556274, 44.52761338478355 ], [ 11.42049453528749, 44.527574935232714 ], [ 11.42053637401683, 44.527502828105099 ], [ 11.420615471714813, 44.527418685790437 ], [ 11.420636307089589, 44.527390204666368 ], [ 11.4206753298481, 44.52738319509659 ], [ 11.420725568550141, 44.527266388639461 ], [ 11.420874115990543, 44.527053879904983 ], [ 11.420938675004887, 44.526960205032317 ], [ 11.421024017742292, 44.526836816673551 ], [ 11.421034606104307, 44.52680732666407 ], [ 11.421038933939823, 44.526778541998759 ], [ 11.421025849844114, 44.526631975589218 ], [ 11.421017708855285, 44.526548320267224 ], [ 11.421007053319808, 44.526441643882293 ], [ 11.420993930536286, 44.526255697598998 ], [ 11.420984058571992, 44.526168137673487 ], [ 11.420984810491639, 44.526128739241244 ], [ 11.42098954726945, 44.526090935265451 ], [ 11.421013218140432, 44.526054974940415 ], [ 11.421037542157277, 44.526015614904225 ], [ 11.421059023409141, 44.525983635117854 ], [ 11.421093396196403, 44.525940120626217 ], [ 11.421151371846465, 44.525878077918584 ], [ 11.421306409223851, 44.525730057419466 ], [ 11.421377836461877, 44.525651393259473 ], [ 11.421426798424513, 44.525599666764315 ], [ 11.42147152815971, 44.525502460998567 ], [ 11.421565574593126, 44.525305115402695 ], [ 11.421587100227377, 44.525255124101022 ], [ 11.421641893492479, 44.525192567087622 ], [ 11.421687308136546, 44.524768381819605 ], [ 11.421555689460034, 44.524643570343777 ], [ 11.421482507451586, 44.52452591304138 ], [ 11.421421050830721, 44.524425999427756 ], [ 11.421371746346939, 44.524334818834312 ], [ 11.42134554778897, 44.524289825339039 ], [ 11.421320120696956, 44.524234964897779 ], [ 11.42132646193118, 44.524131010436129 ], [ 11.422984921214177, 44.523631626385473 ], [ 11.424259337091947, 44.523217196480331 ], [ 11.42448754897573, 44.523154040969821 ], [ 11.424718268807018, 44.523094778440992 ], [ 11.425019352452168, 44.52300913760255 ], [ 11.425248847356061, 44.522939976525542 ], [ 11.425293395617643, 44.522917288889246 ], [ 11.425367298961614, 44.522879654475588 ], [ 11.425411813391792, 44.522759855337235 ], [ 11.424719551717908, 44.521927865600865 ], [ 11.42452420618228, 44.521664948330354 ], [ 11.424500069208808, 44.521631727587881 ], [ 11.424476995941124, 44.521580534083924 ], [ 11.424449091550537, 44.521518626634837 ], [ 11.424349203386345, 44.52124791540615 ], [ 11.42430776889241, 44.521023713908626 ], [ 11.424322439255521, 44.520808357753857 ], [ 11.424351367592836, 44.520672607121675 ], [ 11.424433939063126, 44.520466954835456 ], [ 11.424722135125338, 44.520012830893876 ], [ 11.424762580788297, 44.51990888814057 ], [ 11.424770759327032, 44.519840594877877 ], [ 11.424758197276587, 44.51965062361397 ], [ 11.424759949832646, 44.519616870065796 ], [ 11.424680117364931, 44.519470087836808 ], [ 11.424680254418201, 44.519411048054664 ], [ 11.424690744358413, 44.519353606873359 ], [ 11.424707579260692, 44.519262827735517 ], [ 11.424755297705319, 44.519047764246473 ], [ 11.424759991507216, 44.519006930734662 ], [ 11.424750844209408, 44.518967947778314 ], [ 11.424711250869496, 44.518876947580004 ], [ 11.424541968066382, 44.518521340963524 ], [ 11.424427473425872, 44.518278359876142 ], [ 11.424396662220351, 44.5181929922759 ], [ 11.424303845646319, 44.517893587212008 ], [ 11.42401508454865, 44.516938744781967 ], [ 11.424008426021528, 44.51687984208538 ], [ 11.424010703147019, 44.516832850855373 ], [ 11.424015225010407, 44.51678883321069 ], [ 11.424041010272939, 44.516697387835009 ], [ 11.424073134701926, 44.516605797029456 ], [ 11.424086091596575, 44.516561594850458 ], [ 11.424092283491001, 44.516506941237743 ], [ 11.424079162837867, 44.51644516082105 ], [ 11.424050644832354, 44.516368598408697 ], [ 11.423981070846089, 44.516218779969662 ], [ 11.424057303441581, 44.516187337477113 ], [ 11.424595902235279, 44.516022532891228 ], [ 11.426194117384458, 44.515546248572413 ], [ 11.426589907190758, 44.515422637949825 ], [ 11.426968349864268, 44.515295638018657 ], [ 11.427015711626158, 44.515344361992533 ], [ 11.432634572947972, 44.513513676893204 ], [ 11.433743055018549, 44.513153340379546 ], [ 11.433710215082765, 44.51310555642614 ], [ 11.433539989648212, 44.512854368465284 ], [ 11.433239289333445, 44.51241049822535 ], [ 11.43290926093324, 44.511885824180538 ], [ 11.432617855646731, 44.511393226765975 ], [ 11.432487519872852, 44.511177615890254 ], [ 11.432226444289451, 44.510802943709884 ], [ 11.432037856511057, 44.510553841651337 ], [ 11.431791444138003, 44.510228289941494 ], [ 11.43175720121754, 44.510183625868365 ], [ 11.431253446028531, 44.509526366143106 ], [ 11.430478508288884, 44.508543338744467 ], [ 11.430368361983856, 44.50840326353142 ], [ 11.429047451237107, 44.506719665183354 ], [ 11.428980059618153, 44.506634301976142 ], [ 11.42890599203149, 44.506540464434138 ], [ 11.428867435228423, 44.506484849620847 ], [ 11.42885349309905, 44.506452373369122 ], [ 11.428850598987259, 44.506420172481072 ], [ 11.428865027573018, 44.506377885637207 ], [ 11.428913709526542, 44.50632506794733 ], [ 11.42897249049007, 44.506249810722103 ], [ 11.42838562507416, 44.505537860331401 ], [ 11.428317388544194, 44.505703991294098 ], [ 11.428259114727469, 44.505783106699333 ], [ 11.427889532225493, 44.505845665919786 ], [ 11.427790496285063, 44.505862423096524 ], [ 11.427487266360721, 44.506005751422073 ], [ 11.426463126258625, 44.503465305558954 ], [ 11.426007227076598, 44.502309495944608 ], [ 11.425841130580487, 44.501882056010437 ], [ 11.425765331821683, 44.501687371301571 ], [ 11.425584741048636, 44.501248362783777 ], [ 11.42544748992918, 44.501013391794594 ], [ 11.425157170557542, 44.50059251533213 ], [ 11.424073051637244, 44.500957387463529 ], [ 11.42315652704535, 44.501201420676594 ], [ 11.423148306966475, 44.501170378774567 ], [ 11.4230244616221, 44.500678692073599 ], [ 11.422985710244811, 44.500509602891341 ], [ 11.422898488896706, 44.500124594144914 ], [ 11.422887486461184, 44.500090085871193 ], [ 11.42275643827316, 44.499496699327231 ], [ 11.422513708821082, 44.498440143706567 ], [ 11.422488386214331, 44.498382373265606 ], [ 11.422443364614576, 44.49838626715043 ], [ 11.421964430038631, 44.498427138640615 ], [ 11.42188963682719, 44.498433135903767 ], [ 11.421652257561634, 44.49844296417541 ], [ 11.4212839804618, 44.498458221635516 ], [ 11.420882618642688, 44.498457268246163 ], [ 11.420556214133425, 44.498435134391571 ], [ 11.420525174199613, 44.49839301598373 ], [ 11.419583987305117, 44.497106011755257 ], [ 11.41947855144203, 44.496961622605816 ], [ 11.419460333095415, 44.496936750239186 ], [ 11.419416197666333, 44.496876219745047 ], [ 11.41926968619339, 44.496675578772638 ], [ 11.421632418287603, 44.496183330948412 ], [ 11.421720801000628, 44.496164744433116 ], [ 11.421690238364766, 44.496130739223773 ], [ 11.421579940858333, 44.496007746225487 ], [ 11.418447386809204, 44.492500692409301 ], [ 11.418603148387064, 44.492452545896299 ], [ 11.418579545999814, 44.492419726539879 ], [ 11.41850454905107, 44.49231541640858 ], [ 11.417915251124969, 44.491492373786954 ], [ 11.417298347973301, 44.490611056424093 ], [ 11.416968502702224, 44.490502735876134 ], [ 11.416413443684947, 44.490678703223324 ], [ 11.415126104687266, 44.491107277887934 ], [ 11.414636012814002, 44.491275596219019 ], [ 11.414357427551998, 44.491382604025645 ], [ 11.414207704572625, 44.491455000520787 ], [ 11.414091448461392, 44.491526696254269 ], [ 11.413961265677012, 44.491620059405214 ], [ 11.413701605950003, 44.491850523769536 ], [ 11.413504453154552, 44.49201079081984 ], [ 11.412946121318226, 44.49249377949873 ], [ 11.412274773621366, 44.4919786341883 ], [ 11.411937150623579, 44.491684483674156 ], [ 11.411832189283004, 44.491578494000464 ], [ 11.411671928502232, 44.491422748569207 ], [ 11.411542062883049, 44.491287616775054 ], [ 11.411455161758516, 44.491191959175445 ], [ 11.411180328263606, 44.490850180541955 ], [ 11.410529936401911, 44.489952620608634 ], [ 11.409664266578625, 44.488722749984362 ], [ 11.409053852026535, 44.487862650608122 ], [ 11.408723638986999, 44.487401368433758 ], [ 11.408658252555941, 44.487308618916487 ], [ 11.408825153427671, 44.487246210249857 ], [ 11.409040658215334, 44.487147811364338 ], [ 11.409093786039328, 44.487105226027126 ], [ 11.409134898103824, 44.487067267713378 ], [ 11.409187385380708, 44.487009438267691 ], [ 11.409234900327599, 44.486905905882345 ], [ 11.409290007628538, 44.486765132476151 ], [ 11.409361195905797, 44.486571669580478 ], [ 11.409433401039641, 44.486402172565136 ], [ 11.409466311174132, 44.486314220334123 ], [ 11.409511955226945, 44.48623908546395 ], [ 11.40957025212559, 44.486174586523674 ], [ 11.409634336130091, 44.486111122224102 ], [ 11.40973624482687, 44.486059795226602 ], [ 11.40992873598371, 44.485991422460444 ], [ 11.410203021311801, 44.485902008223597 ], [ 11.410559743587454, 44.48579248812468 ], [ 11.410974879279568, 44.486375143055582 ], [ 11.411321212803475, 44.486255585154389 ], [ 11.411455365102926, 44.486435817035499 ], [ 11.411867602555509, 44.48629862275304 ], [ 11.411340999514415, 44.485547268520335 ], [ 11.411392417574067, 44.485531007579326 ], [ 11.412547098073837, 44.485162727710431 ], [ 11.413281264598412, 44.484939485854248 ], [ 11.413685811146339, 44.484822100225699 ], [ 11.414114216332154, 44.484699249061791 ], [ 11.414314873136238, 44.484635505375572 ], [ 11.414631842450639, 44.484542638959439 ], [ 11.414812650897236, 44.484490332517403 ], [ 11.414879370449675, 44.484467377872363 ], [ 11.415202302807332, 44.484334920870886 ], [ 11.415458805202229, 44.484232545500561 ], [ 11.415574759280032, 44.484186992818906 ], [ 11.415688867017375, 44.484157609031129 ], [ 11.415792122205685, 44.48414150495821 ], [ 11.416055293488267, 44.483848288859015 ], [ 11.416001627755747, 44.48382528156742 ], [ 11.415890476116541, 44.483723632531898 ], [ 11.415734030940477, 44.483592614906392 ], [ 11.415529001683893, 44.483311919998528 ], [ 11.415450118219324, 44.483126932211199 ], [ 11.41542665560107, 44.48307064664418 ], [ 11.41534236170215, 44.482918401350169 ], [ 11.415328158937102, 44.482892408002861 ], [ 11.415213448103183, 44.482931039951495 ], [ 11.408718030482168, 44.485104471231274 ], [ 11.40879245889661, 44.485221626815978 ], [ 11.408857613063335, 44.485314074199117 ], [ 11.409003748978376, 44.485547201092054 ], [ 11.409038332479826, 44.485608074155749 ], [ 11.409045837889391, 44.485694227173553 ], [ 11.40902198383427, 44.485775476601283 ], [ 11.408931107193034, 44.486022425048809 ], [ 11.408797394413872, 44.48630526590442 ], [ 11.408688598389441, 44.486533257417506 ], [ 11.408589582495688, 44.486681120194504 ], [ 11.408442226907004, 44.486773608800782 ], [ 11.408312614444359, 44.486818694266141 ], [ 11.408135135015931, 44.486855983972028 ], [ 11.407968184437319, 44.486857022047786 ], [ 11.407749934332793, 44.486821034889893 ], [ 11.407254662882066, 44.486702064666837 ], [ 11.406784277051313, 44.486594274560176 ], [ 11.406656776913922, 44.486529389318676 ], [ 11.406555272623674, 44.486453132974752 ], [ 11.406483881539986, 44.486373516624219 ], [ 11.406338535595406, 44.486152157858392 ], [ 11.406293638250375, 44.486084059855465 ], [ 11.406229352975224, 44.485986550349622 ], [ 11.406176318391134, 44.485906106628128 ], [ 11.406109345493231, 44.48580451611447 ], [ 11.405883507374744, 44.485460000061764 ], [ 11.405875770450807, 44.485342601021976 ], [ 11.405917437780831, 44.485166395601027 ], [ 11.406001218049816, 44.484763835385813 ], [ 11.406046820165761, 44.484614491719533 ], [ 11.406120724330075, 44.48452250834579 ], [ 11.406273049822079, 44.484425052947451 ], [ 11.405870750030717, 44.484029764652171 ], [ 11.405181702751177, 44.483401216516256 ], [ 11.405418270849918, 44.483302208670018 ], [ 11.405896090410767, 44.483110896052622 ], [ 11.406135611537044, 44.483015593861509 ], [ 11.406425086188175, 44.482897540055518 ], [ 11.40680868920701, 44.482743115506523 ], [ 11.407232617853454, 44.482573429729229 ], [ 11.407605439096486, 44.482423355751223 ], [ 11.407956899867335, 44.482282813858916 ], [ 11.408265944536945, 44.482159093138797 ], [ 11.408646884500181, 44.482005673754564 ], [ 11.40896944694493, 44.481875085896178 ], [ 11.409330235498086, 44.481730269242888 ], [ 11.409628878359662, 44.4816081867788 ], [ 11.409893813934024, 44.481503643695447 ], [ 11.410261800627215, 44.481354458912662 ], [ 11.410607473201647, 44.481213858204391 ], [ 11.411067838219893, 44.48102856231516 ], [ 11.411684565264943, 44.480779703217131 ], [ 11.411833575038575, 44.480720565127328 ], [ 11.411898386713077, 44.480699934685013 ], [ 11.411940735904379, 44.480690122808483 ], [ 11.411888556137326, 44.480666569021153 ], [ 11.411829166595053, 44.480640402844841 ], [ 11.411755335020477, 44.480607155138387 ], [ 11.411263896365096, 44.480267982563788 ], [ 11.411022699364077, 44.480114331777635 ], [ 11.410716132465589, 44.479925085563167 ], [ 11.410409723936903, 44.479741466296993 ], [ 11.410247572091036, 44.479615305918671 ], [ 11.410061536024079, 44.479518881004687 ], [ 11.409989115920549, 44.479470874099768 ], [ 11.409954172875045, 44.479450109122418 ], [ 11.409916356090532, 44.479422828407358 ], [ 11.40988609273395, 44.479397989966635 ], [ 11.409858651779947, 44.479378816684452 ], [ 11.409827132231015, 44.479348938986703 ], [ 11.409802401986372, 44.47932548264663 ], [ 11.409655824763091, 44.479186012681794 ], [ 11.409580211549997, 44.479116326246718 ], [ 11.409421633625559, 44.478969230221935 ], [ 11.409200909065239, 44.478693759608049 ], [ 11.409081444405086, 44.478586837220433 ], [ 11.40894755223089, 44.478493710465244 ], [ 11.408804998505492, 44.478337883182881 ], [ 11.408722537199061, 44.478234660157774 ], [ 11.4085716519656, 44.478005458055677 ], [ 11.408479694016133, 44.477838988515281 ], [ 11.408323507979951, 44.477679555518272 ], [ 11.40825050772051, 44.477620507242818 ], [ 11.408073722127927, 44.477494477802828 ], [ 11.407884886745867, 44.477413464985233 ], [ 11.40779349689168, 44.477367744655652 ], [ 11.407612364645018, 44.477277339437165 ], [ 11.407524109670183, 44.477233294774166 ], [ 11.407194925197116, 44.47711981645098 ], [ 11.406993991901356, 44.47705908715259 ], [ 11.406652928136969, 44.476956026182656 ], [ 11.406166123398496, 44.476798913924689 ], [ 11.405713339302739, 44.476601851978913 ], [ 11.405604930244456, 44.476543012569486 ], [ 11.40526512892297, 44.476358600340298 ], [ 11.405020619513959, 44.476208219566828 ], [ 11.404725097625297, 44.47603813130609 ], [ 11.404628620175595, 44.475969738121115 ], [ 11.404515124415818, 44.475889283344316 ], [ 11.404471508421326, 44.47585820412877 ], [ 11.404253444885631, 44.475720482259646 ], [ 11.404208248565007, 44.475691940750956 ], [ 11.404009274250878, 44.475529981071269 ], [ 11.403917812101845, 44.475455540839896 ], [ 11.403852727159496, 44.475398525971301 ], [ 11.403478997737102, 44.47508208127384 ], [ 11.403335504380211, 44.474958620394744 ], [ 11.40311840692363, 44.474695620075877 ], [ 11.40291891303915, 44.474541027230323 ], [ 11.402821828076549, 44.47446580870912 ], [ 11.402746658023872, 44.474384544510187 ], [ 11.402637221073649, 44.474266253590521 ], [ 11.402461478318433, 44.474072704498802 ], [ 11.402382440075236, 44.473900154935841 ], [ 11.402179431394787, 44.473677429213375 ], [ 11.401953589898065, 44.473466731207381 ], [ 11.401729141537137, 44.473267115350467 ], [ 11.401717327516838, 44.473225621535221 ], [ 11.401707678676694, 44.473190655866304 ], [ 11.401530276320795, 44.472970936337305 ], [ 11.401376188985036, 44.472712110277932 ], [ 11.401230136075981, 44.472546969862442 ], [ 11.401117910428878, 44.472383986853714 ], [ 11.400926359420477, 44.472128738990399 ], [ 11.40081342710149, 44.471985451132944 ], [ 11.400682357647536, 44.471821741372011 ], [ 11.400614506005434, 44.471740498271195 ], [ 11.400230703960819, 44.471427586416432 ], [ 11.40008368162038, 44.471311645226848 ], [ 11.400033690103387, 44.471246237252672 ], [ 11.399983797115254, 44.471200522189953 ], [ 11.399752756732482, 44.470945136560147 ], [ 11.399603859948215, 44.470790903740692 ], [ 11.399563568536337, 44.470748574193614 ], [ 11.399500898212695, 44.470688028329057 ], [ 11.399404722882881, 44.470580416145431 ], [ 11.399362688281188, 44.470535916627135 ], [ 11.399253992875932, 44.470385586315587 ], [ 11.399126826683991, 44.470225500857609 ], [ 11.39905418099605, 44.470075014061649 ], [ 11.398959111074795, 44.46993116706205 ], [ 11.398886798730659, 44.469735662797468 ], [ 11.398868992392392, 44.469667401993888 ], [ 11.398836564636987, 44.469543095708438 ], [ 11.39877777848983, 44.4693343721665 ], [ 11.398692345048383, 44.469161085548308 ], [ 11.398546437338146, 44.469052246276355 ], [ 11.39841976371685, 44.468957754373605 ], [ 11.398292976161928, 44.468823558704912 ], [ 11.398070478440019, 44.468705322225397 ], [ 11.397693849472819, 44.468439872092063 ], [ 11.397394527271484, 44.468301652441291 ], [ 11.397117379927449, 44.468257596405536 ], [ 11.397015615551558, 44.468248488177522 ], [ 11.396581333692716, 44.468209625353616 ], [ 11.396395548620998, 44.468192466773708 ], [ 11.396301724733016, 44.468172821104275 ], [ 11.396050434554626, 44.468171127024277 ], [ 11.395817593467836, 44.468214273409203 ], [ 11.395582291499821, 44.468256800267682 ], [ 11.395455154665855, 44.468289103068862 ], [ 11.395350124881322, 44.468299732585962 ], [ 11.395267637259472, 44.468303466540959 ], [ 11.395146664604885, 44.468245111184252 ], [ 11.394874219654781, 44.468165559057013 ], [ 11.394575255979118, 44.46805336182782 ], [ 11.394429001339599, 44.46800616542896 ], [ 11.394471261176916, 44.467967981165394 ], [ 11.394991753687153, 44.467563875652473 ], [ 11.395395046257667, 44.467266603455201 ], [ 11.395997038630423, 44.466871750970661 ], [ 11.396179293762096, 44.46676242375262 ], [ 11.396442896513873, 44.466604024855968 ], [ 11.396757500026728, 44.466465385690697 ], [ 11.397276575479351, 44.466073211696362 ], [ 11.397376188495455, 44.465990310439025 ], [ 11.398864635156086, 44.465019731540529 ], [ 11.399264600999853, 44.464762546521605 ], [ 11.399853455256787, 44.464447448221421 ], [ 11.400056991605876, 44.464341165793229 ], [ 11.400197575655342, 44.464248542055863 ], [ 11.400233892058873, 44.464247648813995 ], [ 11.400272692779165, 44.464246516968863 ], [ 11.4003570397142, 44.464199087508533 ], [ 11.400489894935811, 44.464109453650494 ], [ 11.400663428656497, 44.463998123101874 ], [ 11.400785293394357, 44.463908151965789 ], [ 11.400916105646978, 44.463806713130239 ], [ 11.401038687031255, 44.463715598620574 ], [ 11.40116192352574, 44.463621095116793 ], [ 11.401337231440765, 44.463496202484684 ], [ 11.401500713942973, 44.463389623914949 ], [ 11.401614927121431, 44.463325831323814 ], [ 11.401911528858363, 44.463175465211634 ], [ 11.40229738128941, 44.463004100348385 ], [ 11.40238400778839, 44.462960165741059 ], [ 11.402435227675069, 44.46293045495694 ], [ 11.402489497487357, 44.462898974864004 ], [ 11.402432561628075, 44.462868119318543 ], [ 11.402280987145732, 44.462785986913715 ], [ 11.401981595072995, 44.462437254400093 ], [ 11.401897070590501, 44.462330855649903 ], [ 11.401748333809728, 44.462136251610943 ], [ 11.401602658870727, 44.461941062603465 ], [ 11.401504954961565, 44.46178601158892 ], [ 11.401045233074472, 44.461210760291806 ], [ 11.400753491705789, 44.461320798258093 ], [ 11.400573162073675, 44.461199625266559 ], [ 11.400443698618787, 44.460935158053196 ], [ 11.400361996529289, 44.460899442287094 ], [ 11.40031624441257, 44.460803381285892 ], [ 11.400294512334387, 44.46075774302696 ], [ 11.400207164075743, 44.46080564968797 ], [ 11.399626570256967, 44.46112403961326 ], [ 11.399143892950246, 44.46129410672183 ], [ 11.398691477558843, 44.461505013669957 ], [ 11.397623023700669, 44.461961795149804 ], [ 11.397474602959852, 44.461891559980863 ], [ 11.39508907294055, 44.463714466845033 ], [ 11.39485857210197, 44.463636723636334 ], [ 11.394510758206268, 44.463404859175434 ], [ 11.394351907424701, 44.463245208664475 ], [ 11.394228439523044, 44.463127183043113 ], [ 11.394124825267861, 44.463132336958566 ], [ 11.393966028199804, 44.463049951558069 ], [ 11.39375251416919, 44.462906985085887 ], [ 11.393685925987421, 44.462844982253515 ], [ 11.393339019922232, 44.462197535090802 ], [ 11.393137603247009, 44.461821599658421 ], [ 11.392905581521861, 44.461720635986715 ], [ 11.391419838451329, 44.461936359723786 ], [ 11.390731018808848, 44.461551765606799 ], [ 11.38949799511005, 44.460569255372356 ], [ 11.387989285295914, 44.460329390882862 ], [ 11.387982979637737, 44.460482377438964 ], [ 11.386620501501088, 44.460562287796101 ], [ 11.387092855332819, 44.461863824202084 ], [ 11.386296540297325, 44.462094182147275 ], [ 11.385397598802985, 44.460707389985707 ], [ 11.385267077901167, 44.460624952511132 ], [ 11.384723233182186, 44.460578387618447 ], [ 11.384092027924181, 44.460356798938641 ], [ 11.383560550037698, 44.460227184780329 ], [ 11.382791469802614, 44.459706750092991 ], [ 11.382674041128739, 44.459459531375181 ], [ 11.382620306570141, 44.459370437626532 ], [ 11.382009110967612, 44.458967461526157 ], [ 11.379390360980851, 44.459928830486518 ], [ 11.379358328791605, 44.459940592987898 ], [ 11.37922330776532, 44.45999015064357 ], [ 11.379095558257056, 44.459933128455624 ], [ 11.378985484057353, 44.459884185832465 ], [ 11.378764389438247, 44.459838121091359 ], [ 11.378417197729492, 44.459818198106404 ], [ 11.378217126869284, 44.459722852321207 ], [ 11.377871808292989, 44.459523230445129 ], [ 11.377473580265594, 44.459412406752804 ], [ 11.377016032634854, 44.459339930216025 ], [ 11.376376237512389, 44.459260425628791 ], [ 11.376074786949117, 44.459167421446253 ], [ 11.375456769339289, 44.459110644667568 ], [ 11.375112968237982, 44.459042194320972 ], [ 11.374751829155715, 44.458893133090008 ], [ 11.374574196934729, 44.458780887003478 ], [ 11.374391238670196, 44.458591183877878 ], [ 11.374300887887744, 44.458442912797032 ], [ 11.374231525266609, 44.458284098770882 ], [ 11.374161270902174, 44.458181065525309 ], [ 11.374115103135155, 44.458113349155312 ], [ 11.374094206092385, 44.458021584238566 ], [ 11.374163479955268, 44.457768283267932 ], [ 11.374291247405662, 44.457394546534914 ], [ 11.374311830979208, 44.457211942105047 ], [ 11.374273277987797, 44.457112685140807 ], [ 11.374342846406712, 44.456850322157166 ], [ 11.374317313702692, 44.456699618935382 ], [ 11.37418586805763, 44.456480383967481 ], [ 11.374143654779909, 44.456427890717897 ], [ 11.373984455389571, 44.45635095483447 ], [ 11.373899476833978, 44.456192026879201 ], [ 11.373938567942483, 44.455943274287122 ], [ 11.373957527311777, 44.455741606376435 ], [ 11.374065237915561, 44.455509341028311 ], [ 11.374134781213806, 44.455351509996213 ], [ 11.374234032734371, 44.455187916932992 ], [ 11.374342955681721, 44.454907138811642 ], [ 11.374402420276638, 44.454691566386082 ], [ 11.374529264185009, 44.454263025998692 ], [ 11.374630015823099, 44.453832250004297 ], [ 11.374612770943985, 44.453689799944343 ], [ 11.374530253713635, 44.453423435970912 ], [ 11.374317654268035, 44.453333799434169 ], [ 11.374164516946287, 44.453173661359607 ], [ 11.374084843810545, 44.452938755216337 ], [ 11.373962925420315, 44.45278173159415 ], [ 11.373870740892947, 44.452705572373851 ], [ 11.373464046932634, 44.452702022132328 ], [ 11.37338726692588, 44.452701439853527 ], [ 11.373275891496192, 44.45267743079873 ], [ 11.373211299349641, 44.45266596290206 ], [ 11.373056428030614, 44.452633828236543 ], [ 11.372955560580678, 44.452613178974744 ], [ 11.372914894081644, 44.45260468857731 ], [ 11.372871369157206, 44.452593987117204 ], [ 11.372830546590867, 44.452586855730708 ], [ 11.372653327963826, 44.452542476907588 ], [ 11.372643775106276, 44.452258142641845 ], [ 11.372653760889715, 44.451772070893455 ], [ 11.372987726708802, 44.45144826325253 ], [ 11.373178106029561, 44.451362045788059 ], [ 11.37343517565265, 44.450664688270592 ], [ 11.373160196255212, 44.449236267598131 ], [ 11.372566966083649, 44.449116189664565 ], [ 11.371279030311824, 44.448513382354783 ], [ 11.370279993878345, 44.44819648904717 ], [ 11.369526056086336, 44.447869193535475 ], [ 11.369413986069441, 44.447777006383951 ], [ 11.369235487519438, 44.447727898074483 ], [ 11.368961926509654, 44.44791671973767 ], [ 11.3687285801945, 44.448073159230034 ], [ 11.368554479991676, 44.448128111960855 ], [ 11.368351295697318, 44.448144277669655 ], [ 11.367981140297511, 44.44830982243559 ], [ 11.367832638670453, 44.44848807169565 ], [ 11.367529006907738, 44.448854299411096 ], [ 11.367107648508377, 44.449197702516898 ], [ 11.366750736782802, 44.449303829402808 ], [ 11.366038120739331, 44.449525068239979 ], [ 11.365887602547957, 44.449534220527312 ], [ 11.365796519105315, 44.449539759683887 ], [ 11.36490525850275, 44.449796806918656 ], [ 11.364513171517945, 44.449994282383919 ], [ 11.364276428280096, 44.450102898052037 ], [ 11.364214936006357, 44.450131217338011 ], [ 11.364087161542917, 44.450167147204425 ], [ 11.364031517297414, 44.450183110693956 ], [ 11.363704641661457, 44.450275468467723 ], [ 11.362337785430601, 44.450969564408375 ], [ 11.362295797006697, 44.450986535433081 ], [ 11.362149959620215, 44.450894490785217 ], [ 11.361992742693545, 44.4507877478257 ], [ 11.361966704166287, 44.450768523992522 ], [ 11.361849824317236, 44.450671602643901 ], [ 11.361817802323419, 44.450640039318202 ], [ 11.361677443815928, 44.450476646414629 ], [ 11.361445501510723, 44.450198946313819 ], [ 11.361233925775773, 44.449973258541171 ], [ 11.361098710168942, 44.449818203906304 ], [ 11.360953112266639, 44.449695997507526 ], [ 11.360763090169808, 44.449549319482614 ], [ 11.360526362710216, 44.449361904891262 ], [ 11.36037439185065, 44.449238740204628 ], [ 11.360290472609712, 44.449158179507151 ], [ 11.360225727061096, 44.449083451250196 ], [ 11.360182631988353, 44.449035322868951 ], [ 11.360155699019606, 44.448996454437903 ], [ 11.360049351051655, 44.4488718887172 ], [ 11.359967195868492, 44.448777816151143 ], [ 11.359877066903401, 44.448699657585571 ], [ 11.359779373827124, 44.448610958370097 ], [ 11.359609987480477, 44.448469067950057 ], [ 11.359420825018317, 44.448318023410785 ], [ 11.35896760633611, 44.44796793229326 ], [ 11.358865138264765, 44.447878809702409 ], [ 11.358759862579699, 44.447779628759761 ], [ 11.358697811353487, 44.447659926152404 ], [ 11.358590097358276, 44.44745285012214 ], [ 11.358538531317006, 44.447356575331085 ], [ 11.35845480304174, 44.447198997986078 ], [ 11.358364105438413, 44.447021287898927 ], [ 11.358247419755175, 44.446813717171253 ], [ 11.358225078965932, 44.446773699193741 ], [ 11.358210497836664, 44.446747493920185 ], [ 11.358179584769013, 44.446768629736141 ], [ 11.358137728809849, 44.446796465395963 ], [ 11.358068279158474, 44.44681557040218 ], [ 11.357901367412595, 44.446736952691396 ], [ 11.357833761837222, 44.446705112205535 ], [ 11.357767482859888, 44.446679908038206 ], [ 11.357711721373185, 44.446648018209238 ], [ 11.357733671166395, 44.446295980936618 ], [ 11.35776535096336, 44.446069734717483 ], [ 11.357666113192053, 44.445308533614089 ], [ 11.357661422252802, 44.445272568591207 ], [ 11.357594237097764, 44.44510129886924 ], [ 11.357445477411586, 44.44503551066537 ], [ 11.357241956460033, 44.445030596434421 ], [ 11.356843013542298, 44.445060489505252 ], [ 11.356655329904621, 44.445074549829172 ], [ 11.356449597342346, 44.445044053803535 ], [ 11.356154871041692, 44.44494516189426 ], [ 11.356100464027124, 44.444897640821523 ], [ 11.356013458631313, 44.444821654538721 ], [ 11.355917941049876, 44.444651646449032 ], [ 11.355729330116933, 44.444314964985047 ], [ 11.355455399002331, 44.443790039167368 ], [ 11.355331230419614, 44.443663793936174 ], [ 11.355248135554397, 44.443579321494944 ], [ 11.355149391418207, 44.44353463676967 ], [ 11.354929235119753, 44.443435023329407 ], [ 11.354402071541205, 44.443256418193613 ], [ 11.354358048339941, 44.443241564296237 ], [ 11.354236022573923, 44.443200392828082 ], [ 11.353898752202127, 44.443128759194629 ], [ 11.353673981723064, 44.443105260451247 ], [ 11.353474669575347, 44.443132994452377 ], [ 11.353111151821219, 44.443071536044826 ], [ 11.352791131922443, 44.443008121271475 ], [ 11.352696603770724, 44.442953255551338 ], [ 11.352601834411834, 44.442812888441075 ], [ 11.352509054496181, 44.442554525708161 ], [ 11.352474630208295, 44.442258051268794 ], [ 11.352464942690547, 44.442161495799425 ], [ 11.352425134939503, 44.442145437053611 ], [ 11.352446305408561, 44.442046566690323 ], [ 11.352321664148393, 44.442104256572961 ], [ 11.352035918717373, 44.442093868428337 ], [ 11.351778733042101, 44.44208451798022 ], [ 11.351673729141556, 44.442083866927177 ], [ 11.351366571815063, 44.442082894742441 ], [ 11.351093999054505, 44.442084572844678 ], [ 11.350945325981298, 44.442119061183817 ], [ 11.350972487831948, 44.44222512652248 ], [ 11.351012511525457, 44.442270532675686 ], [ 11.351021913198055, 44.442322600347822 ], [ 11.351026668797831, 44.442379984341713 ], [ 11.351058323156833, 44.442621453346788 ], [ 11.351067892854179, 44.442713969167002 ], [ 11.351078014286127, 44.442807425202297 ], [ 11.351082847561031, 44.442866554104356 ], [ 11.351085818624519, 44.442939652961599 ], [ 11.351095624007144, 44.443002151782387 ], [ 11.351105298975918, 44.443061180965088 ], [ 11.351125648650134, 44.443144370373979 ], [ 11.351165222908921, 44.443223681604721 ], [ 11.351201388441398, 44.443278673946338 ], [ 11.35126572768843, 44.443369628648711 ], [ 11.351343161104161, 44.443481143939273 ], [ 11.351375227699824, 44.443551822244935 ], [ 11.351402905549879, 44.443633038516531 ], [ 11.351407894155617, 44.443693835089711 ], [ 11.351407815089994, 44.443780286468623 ], [ 11.351403140839222, 44.443867938924328 ], [ 11.351400138781269, 44.443911495264537 ], [ 11.351392370525012, 44.443969964539576 ], [ 11.351394942707028, 44.44401773903607 ], [ 11.351420806044853, 44.444068831095088 ], [ 11.351485128670774, 44.444144656151266 ], [ 11.351513445509228, 44.444127659223149 ], [ 11.351593749975933, 44.444093198441408 ], [ 11.351745999176318, 44.444060496438411 ], [ 11.351848290749457, 44.44401299591155 ], [ 11.352008349012099, 44.443936888446494 ], [ 11.352045779288646, 44.443915172583907 ], [ 11.352074064322927, 44.443888970061579 ], [ 11.352117214522092, 44.443875946315444 ], [ 11.352169899715323, 44.443860434912061 ], [ 11.352230528569851, 44.443838827056211 ], [ 11.352281636624195, 44.443808199339323 ], [ 11.352333672408122, 44.443798049716243 ], [ 11.352359821450762, 44.443780498571329 ], [ 11.352387591679978, 44.443740572136107 ], [ 11.352415229643217, 44.443713032465162 ], [ 11.3524806256384, 44.443681211762097 ], [ 11.352523286435522, 44.443666490144722 ], [ 11.352536732915647, 44.443635511301636 ], [ 11.35259474684085, 44.443612696769229 ], [ 11.352658534589363, 44.443597630630222 ], [ 11.352699892691817, 44.443589588752637 ], [ 11.352731716032688, 44.443564794079649 ], [ 11.352777952679833, 44.443550717981218 ], [ 11.352829814357152, 44.443533424515799 ], [ 11.352878901013559, 44.443520098073932 ], [ 11.352915019124532, 44.443506589678712 ], [ 11.352948920590498, 44.443496901772114 ], [ 11.353019889074124, 44.443484317098047 ], [ 11.353070838405348, 44.443457264549792 ], [ 11.353112898941664, 44.443440621315283 ], [ 11.353165032878447, 44.4434232905759 ], [ 11.353214272032659, 44.443385356602164 ], [ 11.353253947280132, 44.44338094487253 ], [ 11.353292509711094, 44.443383837413187 ], [ 11.353340901226767, 44.443365850026012 ], [ 11.353386408575473, 44.443341853390045 ], [ 11.353453527412086, 44.443318658061003 ], [ 11.353498770124268, 44.443284540654425 ], [ 11.353677357336746, 44.443326452600516 ], [ 11.353874169061854, 44.443377470974482 ], [ 11.354097938032794, 44.443437440805354 ], [ 11.354443039853665, 44.443611276056636 ], [ 11.354404203778742, 44.443639041772109 ], [ 11.354440226519801, 44.443679141140855 ], [ 11.354500462166728, 44.443706436281069 ], [ 11.354538809962595, 44.443732404818036 ], [ 11.354566287647343, 44.443768411336272 ], [ 11.354582539991416, 44.443794047861473 ], [ 11.354624971675344, 44.443800777196763 ], [ 11.354669100565038, 44.443822532041295 ], [ 11.354735592644014, 44.443843648225901 ], [ 11.354719305550413, 44.443881745798187 ], [ 11.354664825451048, 44.443916867162351 ], [ 11.354677097947144, 44.443970423757634 ], [ 11.354704794436273, 44.443999862796325 ], [ 11.354751576981654, 44.444050835886131 ], [ 11.354782256974266, 44.444073648631473 ], [ 11.354848538620995, 44.444165213020604 ], [ 11.35495644513122, 44.444319921220568 ], [ 11.35496895563665, 44.444406619724383 ], [ 11.355007497136246, 44.444449863788854 ], [ 11.355063865937957, 44.444463407629826 ], [ 11.355103291477093, 44.444476684311638 ], [ 11.355149260155565, 44.444584169246632 ], [ 11.355199945033469, 44.444627157312944 ], [ 11.355230245659573, 44.444683534234684 ], [ 11.35527190954201, 44.444717722842604 ], [ 11.355340462980442, 44.444751789663172 ], [ 11.355403530028051, 44.444756293313837 ], [ 11.355445091511227, 44.444739577594902 ], [ 11.355494742358067, 44.444703079074394 ], [ 11.355500481188296, 44.444659872182797 ], [ 11.355560067409559, 44.444644379766537 ], [ 11.355754174265606, 44.444955033956347 ], [ 11.355825778489107, 44.44505379627487 ], [ 11.355940505006043, 44.445144739263043 ], [ 11.356092954808025, 44.445229447055631 ], [ 11.356234821182944, 44.445269600223014 ], [ 11.356308567492423, 44.445286644199598 ], [ 11.356329748445949, 44.4453191512874 ], [ 11.356347222116458, 44.445351126315984 ], [ 11.356379812051228, 44.445378867763161 ], [ 11.35640107596957, 44.445405499797459 ], [ 11.356406617864533, 44.445443081287237 ], [ 11.356393279911464, 44.445484839907401 ], [ 11.35633886619028, 44.44553043347306 ], [ 11.356294647790856, 44.445567803314859 ], [ 11.356253098021927, 44.44558766192408 ], [ 11.356184791177489, 44.44561510115544 ], [ 11.356089963440001, 44.445658932378578 ], [ 11.355979554796482, 44.445710823761949 ], [ 11.355585900885192, 44.445892167344248 ], [ 11.355469325385403, 44.445952515633415 ], [ 11.355413496844884, 44.445983390712641 ], [ 11.355430926436878, 44.446014057803424 ], [ 11.355495272011087, 44.446122086164316 ], [ 11.355554137329445, 44.446221958638787 ], [ 11.355646416904325, 44.446357748132179 ], [ 11.355787198606825, 44.446585998510649 ], [ 11.355916845735996, 44.446827722291545 ], [ 11.356049531878176, 44.447043582512464 ], [ 11.356208818996153, 44.44730155435677 ], [ 11.356345546817673, 44.447513765747658 ], [ 11.356476599283418, 44.44774038852038 ], [ 11.356601309767818, 44.447960228025813 ], [ 11.357090822114152, 44.447985622639138 ], [ 11.357087924910848, 44.448026715611569 ], [ 11.357080161776478, 44.448063973099295 ], [ 11.357074745605749, 44.448101183026743 ], [ 11.35707072203256, 44.448134429144005 ], [ 11.35705844185061, 44.448193700434167 ], [ 11.35705038361246, 44.448224218331312 ], [ 11.357029549311708, 44.448284787969371 ], [ 11.357011182551688, 44.4483391245397 ], [ 11.356989248001653, 44.448410394922043 ], [ 11.356992391332113, 44.448544953749455 ], [ 11.356985083626835, 44.448610586258418 ], [ 11.356973725051098, 44.448655222715885 ], [ 11.35695771777911, 44.448683089601523 ], [ 11.356917415459442, 44.448728314644264 ], [ 11.356890873598624, 44.448765951726784 ], [ 11.356870992210979, 44.44880373487355 ], [ 11.356849547127405, 44.448859534880306 ], [ 11.356841706853135, 44.448913091424394 ], [ 11.356842472273083, 44.448966473896959 ], [ 11.356850865197892, 44.449015204773197 ], [ 11.356863265400463, 44.449048115394525 ], [ 11.35686916089678, 44.449075538161019 ], [ 11.356881194582144, 44.449100026272752 ], [ 11.356920006937631, 44.449163879216137 ], [ 11.356957548672462, 44.44921651678046 ], [ 11.3569852604756, 44.44925923652162 ], [ 11.357017081155984, 44.449306370038535 ], [ 11.357075296698378, 44.449383886227565 ], [ 11.357132856926491, 44.449464227442178 ], [ 11.357182293875121, 44.44952000160454 ], [ 11.357231925595872, 44.449562281264157 ], [ 11.357275932792454, 44.449601301956122 ], [ 11.357295139861906, 44.449628458820456 ], [ 11.357312708128935, 44.449653961527353 ], [ 11.35733130616812, 44.449685065116249 ], [ 11.357345942285349, 44.449715125186643 ], [ 11.357383163598211, 44.449777894493771 ], [ 11.357409233672092, 44.449836391850098 ], [ 11.357588659466133, 44.449837272361087 ], [ 11.357646489130772, 44.449958656189104 ], [ 11.357820924029699, 44.450115602067093 ], [ 11.357920486925165, 44.450180106632914 ], [ 11.358105553152704, 44.450352813062736 ], [ 11.35838366564044, 44.450593491645371 ], [ 11.358466812862895, 44.450641126318175 ], [ 11.358614658237981, 44.450777234530904 ], [ 11.358762241858731, 44.450907574564212 ], [ 11.358878328475061, 44.451058750972472 ], [ 11.358986058915148, 44.451204306738191 ], [ 11.359023432349872, 44.451316437423245 ], [ 11.359148517011192, 44.451479255268325 ], [ 11.359295309763457, 44.451586641606944 ], [ 11.359433317496247, 44.451679700676223 ], [ 11.359706062790217, 44.451796346825262 ], [ 11.35994154808661, 44.451896286681887 ], [ 11.360285283959788, 44.452060823489447 ], [ 11.360682745669354, 44.452250396402199 ], [ 11.360975609522727, 44.452456337440395 ], [ 11.361266560094915, 44.452621753210856 ], [ 11.361575769240353, 44.452882731615148 ], [ 11.361448961896196, 44.45298083412721 ], [ 11.361327079150415, 44.453051768203387 ], [ 11.361193458890382, 44.453158383808208 ], [ 11.36109034475832, 44.453157497096711 ], [ 11.360939641533818, 44.453096709699679 ], [ 11.360811584360979, 44.453049567202157 ], [ 11.360691017781278, 44.45307996151363 ], [ 11.360722621225801, 44.45311708662588 ], [ 11.360827966785967, 44.453115118699479 ], [ 11.360841692673999, 44.453157077907811 ], [ 11.36068405072692, 44.453270915574294 ], [ 11.360506074883492, 44.453284380870237 ], [ 11.360068809953788, 44.453441197390781 ], [ 11.359940864107777, 44.453379414229474 ], [ 11.359736562104878, 44.453469389511795 ], [ 11.359522197319839, 44.453477918507517 ], [ 11.359228510272787, 44.453202996371829 ], [ 11.358455586814182, 44.453613969119822 ], [ 11.358048493037419, 44.453320296402325 ], [ 11.35760831262918, 44.453332359003426 ], [ 11.357606240290377, 44.453357811745235 ], [ 11.357601224379025, 44.453384763900615 ], [ 11.357581778421102, 44.453417402149725 ], [ 11.357556454611228, 44.453447900323596 ], [ 11.357519729610525, 44.453476367984322 ], [ 11.357492281017816, 44.453496453461895 ], [ 11.357460483829875, 44.45352022889157 ], [ 11.357430093941502, 44.453541902843149 ], [ 11.357393954214466, 44.453561525889775 ], [ 11.357360654337622, 44.453580101791246 ], [ 11.357328956199074, 44.453600719714508 ], [ 11.357301429076923, 44.453621886183655 ], [ 11.357266045426751, 44.453652395769453 ], [ 11.357227099279372, 44.453706221013832 ], [ 11.357189572162046, 44.453766325090356 ], [ 11.357146337325766, 44.453838792396382 ], [ 11.357093691897232, 44.453927837894355 ], [ 11.357051899186619, 44.454004507525092 ], [ 11.35700781957904, 44.454088878399261 ], [ 11.356967403204594, 44.454152093948807 ], [ 11.35692992003883, 44.454216332839842 ], [ 11.356899600815874, 44.454277910272587 ], [ 11.356873613321758, 44.454335440704469 ], [ 11.356843391265155, 44.454385661991168 ], [ 11.356818732937111, 44.454406855538132 ], [ 11.356791247262384, 44.454432157737408 ], [ 11.356737727469989, 44.454473452231781 ], [ 11.356691435992481, 44.454497129661839 ], [ 11.356435084184501, 44.4548260663924 ], [ 11.356470581448137, 44.454848769299396 ], [ 11.356528624679804, 44.454932215692217 ], [ 11.356478856496324, 44.45494090789807 ], [ 11.356450647350041, 44.454986630320242 ], [ 11.356483475080353, 44.455039665089494 ], [ 11.356473837421147, 44.45512023325827 ], [ 11.356450224452935, 44.455187658880781 ], [ 11.356450295319892, 44.45524699018123 ], [ 11.35644503982723, 44.455367651144861 ], [ 11.356464731588096, 44.455575835691967 ], [ 11.356490542624796, 44.455727460899837 ], [ 11.356567014863355, 44.455827499498326 ], [ 11.356556112445448, 44.455861456530393 ], [ 11.356596562730044, 44.455895279829825 ], [ 11.356645770374282, 44.455933889079219 ], [ 11.356679103296173, 44.45596307168055 ], [ 11.356595109903719, 44.456007167543824 ], [ 11.356572635596599, 44.456028397870725 ], [ 11.356537129333965, 44.45605365581541 ], [ 11.356449358620671, 44.45611502547716 ], [ 11.356316676580098, 44.45619642839798 ], [ 11.356220205164792, 44.456257241961019 ], [ 11.356139754217503, 44.456295868191432 ], [ 11.356010696843203, 44.456373690317044 ], [ 11.35592150941854, 44.456428333233617 ], [ 11.355839595218537, 44.456476714094215 ], [ 11.355766354414845, 44.456522048568871 ], [ 11.355682251892171, 44.456572092248408 ], [ 11.35561347452369, 44.456615902199033 ], [ 11.355548872170878, 44.456660263344659 ], [ 11.355457495435877, 44.456725215874052 ], [ 11.355289299884248, 44.456848540112546 ], [ 11.355179130191292, 44.456935283016961 ], [ 11.355023875603582, 44.457072685565237 ], [ 11.354919511409785, 44.457136621815835 ], [ 11.354770203004959, 44.457213836689959 ], [ 11.354595532852858, 44.457297654866252 ], [ 11.354523080713069, 44.45732901549092 ], [ 11.354479565312912, 44.457343346741965 ], [ 11.354407124347093, 44.45736335834448 ], [ 11.35434481223966, 44.457379126023667 ], [ 11.354278143870649, 44.457395966597481 ], [ 11.354202763117991, 44.457414862054698 ], [ 11.354102766678805, 44.457431617413597 ], [ 11.354027410072254, 44.457439640678587 ], [ 11.353924565598074, 44.457460531903266 ], [ 11.35381227247901, 44.457489710326641 ], [ 11.353705716853865, 44.457517877280218 ], [ 11.353599879443268, 44.457542337347057 ], [ 11.353518726899626, 44.457556056003803 ], [ 11.353431031245727, 44.457575483925623 ], [ 11.353341887444998, 44.457596380254479 ], [ 11.353270163557417, 44.457615861401216 ], [ 11.353104868197153, 44.457664517811878 ], [ 11.353045682586503, 44.457682596128414 ], [ 11.353009733726468, 44.457604902595058 ], [ 11.352933896229636, 44.457466264169952 ], [ 11.352827235403206, 44.457314879474559 ], [ 11.352729371609009, 44.45720548710208 ], [ 11.352635956714934, 44.457125414556565 ], [ 11.352538320172112, 44.45706024006526 ], [ 11.352434059558332, 44.457010862973775 ], [ 11.352333342301359, 44.456987108985388 ], [ 11.352278434660654, 44.456982503943713 ], [ 11.352239414602362, 44.456979769046484 ], [ 11.352198117892312, 44.456980562364912 ], [ 11.351901305905239, 44.457005433039875 ], [ 11.351483452457575, 44.457043064736943 ], [ 11.351313585442318, 44.457051552051979 ], [ 11.351233266432127, 44.457049618842419 ], [ 11.351149181084619, 44.457045137079888 ], [ 11.351078242330729, 44.457035179174454 ], [ 11.350997321395266, 44.457019316718267 ], [ 11.350627931897556, 44.456938464610666 ], [ 11.350563114886056, 44.456929262586719 ], [ 11.35049721400099, 44.456923557859575 ], [ 11.350412000805788, 44.456920846186947 ], [ 11.350257354151747, 44.456915108578535 ], [ 11.350085517666052, 44.456905397977913 ], [ 11.349956212440949, 44.456895055567848 ], [ 11.349876163132569, 44.456870611967865 ], [ 11.349819189612402, 44.456845683410741 ], [ 11.349776655144375, 44.456816975394176 ], [ 11.349734959280651, 44.456779531949941 ], [ 11.349724138541671, 44.456753633538611 ], [ 11.349706857603836, 44.45668956099334 ], [ 11.349705656967126, 44.456603376487671 ], [ 11.349715863512682, 44.45655701800198 ], [ 11.349768456531168, 44.456391338490661 ], [ 11.349777792775948, 44.45629535018648 ], [ 11.34977906473965, 44.456209987135935 ], [ 11.349764108753714, 44.456132118814651 ], [ 11.349722762938807, 44.456027170005406 ], [ 11.349638658963206, 44.456062220778627 ], [ 11.349438838304192, 44.456191460178268 ], [ 11.349303883707327, 44.456292316798184 ], [ 11.349006328524897, 44.456509805685599 ], [ 11.348913227940754, 44.456596259731235 ], [ 11.348847762514572, 44.456666925234508 ], [ 11.348794245175522, 44.456740717250455 ], [ 11.348762145798608, 44.456819139749655 ], [ 11.34873669147705, 44.456887274148698 ], [ 11.348651492852612, 44.457218630571212 ], [ 11.348632955257232, 44.457339008057616 ], [ 11.348621547780574, 44.457460938542177 ], [ 11.348592676645437, 44.457672800906479 ], [ 11.348559126232555, 44.457998006333952 ], [ 11.348532377570264, 44.458091521417096 ], [ 11.348491330543212, 44.45818196096495 ], [ 11.348460306552971, 44.458229932345176 ], [ 11.348400849213581, 44.458275135168932 ], [ 11.348278606831316, 44.458344409779919 ], [ 11.348233531868184, 44.458360499233798 ], [ 11.348187317576405, 44.458405477243076 ], [ 11.348231065060064, 44.458442670180439 ], [ 11.348288555644855, 44.458443170150765 ], [ 11.34833797784259, 44.458431231486124 ], [ 11.348395072951721, 44.45841030517321 ], [ 11.348462669499638, 44.458375918120218 ], [ 11.348518361999508, 44.458345565136803 ], [ 11.348551772192515, 44.458317662830275 ], [ 11.348579605195965, 44.458294651152308 ], [ 11.348600198856227, 44.458265487465859 ], [ 11.348634731049762, 44.458235851551059 ], [ 11.348670948093748, 44.458217887082981 ], [ 11.348713409263738, 44.458204923832199 ], [ 11.348760693272814, 44.458198976115114 ], [ 11.34885687325024, 44.458186592821697 ], [ 11.349005929573016, 44.458169675202832 ], [ 11.349062378580005, 44.458157408878073 ], [ 11.349318010265561, 44.458085292027448 ], [ 11.349362436742176, 44.458098135544773 ], [ 11.34940456032594, 44.458092115511931 ], [ 11.349460228920453, 44.458071805895777 ], [ 11.349526448087696, 44.458058659460569 ], [ 11.349585167856784, 44.458054090204385 ], [ 11.349620966942677, 44.458050185344533 ], [ 11.34966568530688, 44.458049063255224 ], [ 11.349728369328464, 44.45805053411847 ], [ 11.349782155593699, 44.458052734559161 ], [ 11.349844822192349, 44.458062760917905 ], [ 11.349895550625261, 44.458067006628781 ], [ 11.349959219922443, 44.45807097782 ], [ 11.350018930827265, 44.458073503617356 ], [ 11.350068217403019, 44.458076336712047 ], [ 11.350130858603038, 44.458085665732398 ], [ 11.350188062225421, 44.458096907191447 ], [ 11.350232933718576, 44.458108024405753 ], [ 11.350279195072092, 44.458125239278139 ], [ 11.350325480492362, 44.458145965562728 ], [ 11.350375475822064, 44.458172655309681 ], [ 11.350416592459158, 44.458188617554718 ], [ 11.350453943439023, 44.458203301523305 ], [ 11.350486758073208, 44.458220774271922 ], [ 11.350535486938885, 44.458242715029421 ], [ 11.350576883920235, 44.458241516029716 ], [ 11.350693048712417, 44.45829186143348 ], [ 11.350790962499955, 44.458338954500469 ], [ 11.35086964193543, 44.45835883521999 ], [ 11.350984221209767, 44.458372401218838 ], [ 11.35112894084217, 44.458392144226593 ], [ 11.351265615963552, 44.458407537924643 ], [ 11.351347300229794, 44.458423984938108 ], [ 11.351606754066605, 44.458460668353517 ], [ 11.351797189914727, 44.458538074073118 ], [ 11.351939288443129, 44.458735174159884 ], [ 11.351332922042047, 44.458732709426215 ], [ 11.351239688330685, 44.458740684952993 ], [ 11.35113200770804, 44.458778769262338 ], [ 11.350981659031758, 44.458830614072184 ], [ 11.350866875526171, 44.458886844270879 ], [ 11.350786257484058, 44.45893285051261 ], [ 11.350664802225578, 44.458998775089995 ], [ 11.350659443033594, 44.45903940268316 ], [ 11.3506337045996, 44.459081544637151 ], [ 11.35060924939447, 44.459154056642149 ], [ 11.350584816700742, 44.459227130842052 ], [ 11.350554525214783, 44.459310448230625 ], [ 11.35052724856026, 44.459409500447627 ], [ 11.350498810811526, 44.459462407477879 ], [ 11.350464112493867, 44.459497418341094 ], [ 11.350379265624749, 44.459505460849009 ], [ 11.350310619255801, 44.459545514395678 ], [ 11.35021346682055, 44.459678999801604 ], [ 11.350161038606485, 44.459846406352334 ], [ 11.350171682922124, 44.459970079595529 ], [ 11.350233431480646, 44.460150877499949 ], [ 11.350286650445979, 44.460385981982746 ], [ 11.35050098096537, 44.461386504478298 ], [ 11.35066393114, 44.461606473722711 ], [ 11.350834799738145, 44.461811952879891 ], [ 11.3509210251715, 44.461933679711215 ], [ 11.351015748422727, 44.462182969726129 ], [ 11.351076432032903, 44.462253752648209 ], [ 11.351140409775571, 44.46234915199107 ], [ 11.351209258280178, 44.462449857952443 ], [ 11.351385399951553, 44.462639065234562 ], [ 11.351470375682053, 44.462740977389771 ], [ 11.351586193657925, 44.462859121454777 ], [ 11.35172661911964, 44.463000822476218 ], [ 11.351873812148725, 44.463169404370774 ], [ 11.352007830281639, 44.463308785630097 ], [ 11.352421130290672, 44.463594670521076 ], [ 11.352493373698762, 44.463665924762608 ], [ 11.352640863502653, 44.463761959090071 ], [ 11.352769341561206, 44.463863408528475 ], [ 11.352903285505869, 44.463966191881951 ], [ 11.353072653587867, 44.464058115133234 ], [ 11.353254706603041, 44.464146102667044 ], [ 11.353383548218575, 44.464207074419967 ], [ 11.353559010454873, 44.464283412004775 ], [ 11.353706841674789, 44.464334386077255 ], [ 11.353901219605952, 44.464389034712902 ], [ 11.353987358641435, 44.464411808625229 ], [ 11.354037409266285, 44.464418936497871 ], [ 11.354102801539669, 44.464428248902564 ], [ 11.354230762573502, 44.464471599015198 ], [ 11.354294655522381, 44.464497862659698 ], [ 11.35433772774131, 44.464519050574594 ], [ 11.354367229732864, 44.464548154375201 ], [ 11.354389589573458, 44.464583247273445 ], [ 11.354525033447764, 44.46482373609188 ], [ 11.354626549663205, 44.464985547540223 ], [ 11.354755531598144, 44.465220854209051 ], [ 11.354836428245513, 44.465340969328238 ], [ 11.35490282969878, 44.465406405302318 ], [ 11.354940220881035, 44.465419787873486 ], [ 11.354882477442723, 44.465435956730232 ], [ 11.354660731239026, 44.46546779532374 ], [ 11.354410880625226, 44.465506487962145 ], [ 11.354216297380932, 44.465532838325117 ], [ 11.354075404523893, 44.465553612276203 ], [ 11.354127136301109, 44.465612244545241 ], [ 11.354186974419315, 44.465675696167196 ], [ 11.35426073093735, 44.465776578093894 ], [ 11.354315926882881, 44.465849098295912 ], [ 11.354400554167183, 44.465973106028457 ], [ 11.354502838516041, 44.466102147481877 ], [ 11.354625823252785, 44.466250528016793 ], [ 11.354787440438729, 44.466430460625027 ], [ 11.354964979483192, 44.466635210655731 ], [ 11.355033668019257, 44.466734393391782 ], [ 11.3550894080361, 44.466821264762508 ], [ 11.355124237610861, 44.466883414191344 ], [ 11.355613018623391, 44.467771339425163 ], [ 11.355660902213305, 44.467845785160634 ], [ 11.355693401786736, 44.467909766805391 ], [ 11.355748996633151, 44.467989446840853 ], [ 11.355817644486841, 44.468083232852813 ], [ 11.3558945102075, 44.46819480854569 ], [ 11.356082581855079, 44.468525006038888 ], [ 11.356061064558171, 44.468548767819769 ], [ 11.355773963255899, 44.468613663749792 ], [ 11.355244425212181, 44.468738968691625 ], [ 11.355565153733785, 44.469567090640027 ], [ 11.355691890158763, 44.469564613117655 ], [ 11.356251925295226, 44.469512623209958 ], [ 11.356410181198616, 44.469374011227579 ], [ 11.356493383338321, 44.46936581543153 ], [ 11.356541134853471, 44.46941902453316 ], [ 11.356558051707731, 44.469503738325649 ], [ 11.356553855184224, 44.469532813379544 ], [ 11.356535072462398, 44.469567012243964 ], [ 11.356357814889742, 44.469775367374908 ], [ 11.356206666706683, 44.469931981842961 ], [ 11.356061306514627, 44.470100071116022 ], [ 11.356015980028289, 44.470178265252677 ], [ 11.355985139985288, 44.470248448751974 ], [ 11.355906574891735, 44.470505105267961 ], [ 11.355849159305263, 44.470652139745894 ], [ 11.355789411615728, 44.470741238281938 ], [ 11.355691668336119, 44.470824305890538 ], [ 11.355568117620125, 44.470903041839733 ], [ 11.355493273349575, 44.470952806022481 ], [ 11.355131317250743, 44.471347265004979 ], [ 11.355050290490864, 44.471456032637285 ], [ 11.354990947276898, 44.471533734996115 ], [ 11.354820954300331, 44.471757901252694 ], [ 11.354746682611944, 44.471870377934238 ], [ 11.354677334389079, 44.471932546337875 ], [ 11.354549875570644, 44.472031550145786 ], [ 11.354409941686528, 44.47212305445538 ], [ 11.354332263794088, 44.472180545637634 ], [ 11.354299124807644, 44.472198558223496 ], [ 11.354208774715605, 44.472241799358585 ], [ 11.354087818147022, 44.472303943293674 ], [ 11.353790936042829, 44.47249088806776 ], [ 11.353683196187966, 44.472561406060095 ], [ 11.353647555961391, 44.472592954139834 ], [ 11.353549946310718, 44.472638286292778 ], [ 11.353279336669946, 44.472817874882814 ], [ 11.35320680761013, 44.472870136665406 ], [ 11.353154526745081, 44.472914758216106 ], [ 11.352799270803207, 44.473241435871216 ], [ 11.352558397448165, 44.473465965762529 ], [ 11.352472229347969, 44.473543073578782 ], [ 11.352112306114075, 44.473754087884252 ], [ 11.351159285558992, 44.474346061516272 ], [ 11.351133755798909, 44.474375204828775 ], [ 11.351117103007459, 44.474412805111172 ], [ 11.351097021299179, 44.474455596696636 ], [ 11.350016892355429, 44.474520341675358 ], [ 11.349995404974605, 44.474569010099756 ], [ 11.349974004481526, 44.4746257925839 ], [ 11.349929995079183, 44.474703911232218 ], [ 11.349836919987048, 44.474797671817626 ], [ 11.349740508662508, 44.474878994573487 ], [ 11.349634808894056, 44.474944716053457 ], [ 11.349453637852879, 44.475020979866059 ], [ 11.349275363631996, 44.475126695227857 ], [ 11.349191608580899, 44.47519955837646 ], [ 11.348855277993156, 44.475099782121077 ], [ 11.348789259690465, 44.475149272051773 ], [ 11.348745207521905, 44.475187150355445 ], [ 11.348673532796264, 44.475247368875891 ], [ 11.348522917835007, 44.475339667257181 ], [ 11.348468458775981, 44.475370821244816 ], [ 11.348407135334, 44.475392093817248 ], [ 11.348341779979473, 44.47538896850498 ], [ 11.348276400318865, 44.47537997305389 ], [ 11.348230112749167, 44.475360179615137 ], [ 11.348221900997823, 44.475319067071652 ], [ 11.348253567971852, 44.475279101266018 ], [ 11.348324880386922, 44.475241270049011 ], [ 11.348442819558541, 44.475178360677972 ], [ 11.348514206116077, 44.47514250839096 ], [ 11.348274779862473, 44.474866902666903 ], [ 11.348176604560301, 44.474868031831598 ], [ 11.348130910690628, 44.474824448445283 ], [ 11.348066610644144, 44.474843786185282 ], [ 11.347976417635005, 44.474862952464491 ], [ 11.347921464113654, 44.474897918165297 ], [ 11.347793231453599, 44.475011483926835 ], [ 11.347666916581657, 44.475086173745026 ], [ 11.347529327692911, 44.475193923282703 ], [ 11.347418350024835, 44.475245186823187 ], [ 11.3473179226312, 44.475217550509164 ], [ 11.347247680790369, 44.47516760434835 ], [ 11.347103190351591, 44.475064734290463 ], [ 11.347052327048779, 44.474994410977828 ], [ 11.346977420966949, 44.474915871029673 ], [ 11.346945112593373, 44.474883550611175 ], [ 11.346918120257769, 44.47486298723058 ], [ 11.346720840588443, 44.474762653190659 ], [ 11.346653618877182, 44.474725850502473 ], [ 11.346611648556738, 44.474701284497286 ], [ 11.346540649360064, 44.474659073202936 ], [ 11.346455485224674, 44.474603848968499 ], [ 11.34637414607424, 44.474546743727295 ], [ 11.346314720457642, 44.474512109569282 ], [ 11.346322414420424, 44.474463383245585 ], [ 11.346316772403389, 44.474421412006627 ], [ 11.346313112221322, 44.47438920117505 ], [ 11.34630938521415, 44.474355103869279 ], [ 11.346279682573732, 44.474336391163092 ], [ 11.346210580954272, 44.474305554168389 ], [ 11.346178125014644, 44.474290766445655 ], [ 11.346111796179287, 44.474249617528841 ], [ 11.346044264978014, 44.474208425763898 ], [ 11.346010423236653, 44.474191716507818 ], [ 11.345930494093004, 44.474163237279285 ], [ 11.345896698619283, 44.474151382146552 ], [ 11.345846428725967, 44.474145461572427 ], [ 11.345771840062023, 44.474129636388852 ], [ 11.345690499952529, 44.474104063220146 ], [ 11.3456566647932, 44.474091215843586 ], [ 11.345589099105736, 44.474051127336196 ], [ 11.345552543769916, 44.474032491326085 ], [ 11.345524266606144, 44.474013854462974 ], [ 11.345483865880048, 44.473975690654441 ], [ 11.345465073066906, 44.473952168545175 ], [ 11.345462706745231, 44.473924872632921 ], [ 11.345454851658866, 44.473898503330332 ], [ 11.345434758822828, 44.473863404460566 ], [ 11.345390573209761, 44.473807594941391 ], [ 11.345371778997869, 44.473784161070419 ], [ 11.345344803050713, 44.473763603278314 ], [ 11.345301076289278, 44.47371371791759 ], [ 11.345269493267459, 44.473732214461286 ], [ 11.345200209517419, 44.473725165492233 ], [ 11.345118789524719, 44.473705422745688 ], [ 11.344985757175797, 44.473681574482868 ], [ 11.344928771294326, 44.473667779139589 ], [ 11.344882975781514, 44.473648938407145 ], [ 11.34480136529546, 44.473612761477639 ], [ 11.344678139717075, 44.473555757357857 ], [ 11.344604895599316, 44.473536998649564 ], [ 11.344534391943924, 44.473514398011709 ], [ 11.34446935367326, 44.473486865085789 ], [ 11.344434543779274, 44.47343501104038 ], [ 11.344437102559587, 44.473383791243677 ], [ 11.344454623786374, 44.473336571006094 ], [ 11.344468779848684, 44.473284878960392 ], [ 11.344489861579993, 44.473230248463366 ], [ 11.344522759443999, 44.473209924607467 ], [ 11.344190007406183, 44.47304594444293 ], [ 11.343934485860609, 44.473202858347747 ], [ 11.343919328307777, 44.473227263267326 ], [ 11.343903990790698, 44.473253516515229 ], [ 11.343859925433954, 44.473307121678182 ], [ 11.34383515009713, 44.473329439197833 ], [ 11.343806250294362, 44.473365527165981 ], [ 11.343774465182504, 44.473408339900573 ], [ 11.343748240590186, 44.473445363214815 ], [ 11.343721949215604, 44.473487250204776 ], [ 11.343701011665541, 44.473537934454171 ], [ 11.343659415075003, 44.473619855181731 ], [ 11.343634243191998, 44.473681255734768 ], [ 11.343613198842943, 44.47374554060444 ], [ 11.343596142538191, 44.473825584590791 ], [ 11.343579210015982, 44.473888971201056 ], [ 11.343556790076107, 44.473946537742009 ], [ 11.343528914295844, 44.474015745927716 ], [ 11.343517017279101, 44.474077721071737 ], [ 11.343491802249302, 44.474115947053043 ], [ 11.343449653495101, 44.474255247272446 ], [ 11.343416373198224, 44.474340337149208 ], [ 11.343369428365968, 44.474432120081239 ], [ 11.343325530625508, 44.474494937561403 ], [ 11.343275991147303, 44.474574178162278 ], [ 11.343200368893838, 44.474702707769673 ], [ 11.343160526472982, 44.474769407592426 ], [ 11.343126092191772, 44.474833197482553 ], [ 11.343109423517484, 44.474872825211271 ], [ 11.343090060012369, 44.474917375061352 ], [ 11.343061708026204, 44.474953075280077 ], [ 11.343019329077149, 44.474969365683592 ], [ 11.342952075654226, 44.474961397724464 ], [ 11.342884941939682, 44.474936947090391 ], [ 11.342831389727776, 44.474903820045682 ], [ 11.342767190945949, 44.47485804764257 ], [ 11.342702851000425, 44.474815248061077 ], [ 11.342635795961698, 44.474807833105366 ], [ 11.342505552326397, 44.474843422077662 ], [ 11.342421971528292, 44.474710747089453 ], [ 11.342379635113462, 44.474652203982259 ], [ 11.342284514601793, 44.474520584012787 ], [ 11.342170546712268, 44.474359388172829 ], [ 11.342095448641588, 44.474215197400525 ], [ 11.341986410303175, 44.474021883341798 ], [ 11.341907857010936, 44.473856677407454 ], [ 11.341875286352863, 44.473774889772521 ], [ 11.341867103688395, 44.473702147284527 ], [ 11.341868019599422, 44.473588918846865 ], [ 11.341889037108613, 44.473511693591789 ], [ 11.341911719965152, 44.473340411782893 ], [ 11.341925980341651, 44.473226888867828 ], [ 11.341941185571986, 44.473069204953767 ], [ 11.34198225470803, 44.472889845080587 ], [ 11.342015733581441, 44.472789323751009 ], [ 11.342134122199361, 44.472535387006658 ], [ 11.342173515286913, 44.472379139639443 ], [ 11.342228753788675, 44.472216800066249 ], [ 11.342293127817127, 44.472013975513917 ], [ 11.342347789354033, 44.471901166593852 ], [ 11.342422638075906, 44.471755985032352 ], [ 11.342456006272554, 44.471702932114667 ], [ 11.342655137438774, 44.471295860831134 ], [ 11.342763897876072, 44.471100577650681 ], [ 11.342845589034967, 44.470958064187165 ], [ 11.343035878847264, 44.470681983462939 ], [ 11.343137619273366, 44.470542232591555 ], [ 11.343215276206395, 44.470410883879531 ], [ 11.343432038238541, 44.469928570902354 ], [ 11.343565473352848, 44.469634067589382 ], [ 11.343736213957957, 44.469273597632451 ], [ 11.343803651216955, 44.46916779078515 ], [ 11.344067325448851, 44.468762078080864 ], [ 11.344200149089492, 44.468555258536867 ], [ 11.344285919200365, 44.46840002775722 ], [ 11.344320347106734, 44.4683012273073 ], [ 11.344341550430187, 44.468204277491708 ], [ 11.344340956240989, 44.468132120198739 ], [ 11.344303467299879, 44.467921838078304 ], [ 11.344224852488278, 44.467687698194943 ], [ 11.344189690075583, 44.46756183352737 ], [ 11.344157966709902, 44.467405842979318 ], [ 11.344164589550667, 44.467157169843105 ], [ 11.34414764750381, 44.467000751512998 ], [ 11.344117936758016, 44.466858842923536 ], [ 11.344078823042398, 44.466761464413324 ], [ 11.343984168024727, 44.466601885705956 ], [ 11.343929606052988, 44.466506404303082 ], [ 11.343850098395329, 44.466337005890075 ], [ 11.343705924973118, 44.465980494897941 ], [ 11.34358270014533, 44.465473131515779 ], [ 11.343546536100117, 44.465277516842598 ], [ 11.343497791408792, 44.46510116315811 ], [ 11.343452091672894, 44.464946915899468 ], [ 11.343368124643217, 44.464658856844608 ], [ 11.343319242477873, 44.464537928743049 ], [ 11.343297408560757, 44.464487699364383 ], [ 11.343276036074185, 44.464450128101653 ], [ 11.343230897633676, 44.464428882089223 ], [ 11.343181928544123, 44.464423553904574 ], [ 11.342987176445133, 44.464432278543008 ], [ 11.342876108536617, 44.464426635795668 ], [ 11.342815761372018, 44.464413611460294 ], [ 11.342685715398535, 44.464333023153074 ], [ 11.342638558608165, 44.464369558457307 ], [ 11.342602885031665, 44.464420628699195 ], [ 11.34257318295915, 44.464443053375071 ], [ 11.342494370700898, 44.464471515570807 ], [ 11.342256159192095, 44.464509946347803 ], [ 11.342076585859145, 44.464545495500658 ], [ 11.342006894999173, 44.464567047960038 ], [ 11.341902885659886, 44.464612787770982 ], [ 11.341822345447991, 44.464658060440506 ], [ 11.341710381603212, 44.46474257280957 ], [ 11.341653514618786, 44.46479238950598 ], [ 11.341617223436874, 44.464826694816431 ], [ 11.341590553105231, 44.464867509724691 ], [ 11.341585720703632, 44.46492634646647 ], [ 11.341587678977222, 44.465040429856238 ], [ 11.341551171612197, 44.465131787403116 ], [ 11.340992573131292, 44.464848994119244 ], [ 11.340576818690245, 44.464609659908113 ], [ 11.34028688613952, 44.464431819164005 ], [ 11.34002556130679, 44.464344978565386 ], [ 11.339879602094324, 44.464167583031553 ], [ 11.339578068575962, 44.464099535703411 ], [ 11.338782944762713, 44.463981942553275 ], [ 11.338073652149788, 44.463783941704605 ], [ 11.337666187821299, 44.463754541118753 ], [ 11.336481071572146, 44.463648734558042 ], [ 11.336470348475601, 44.463706786901156 ], [ 11.336432094562689, 44.463807040764827 ], [ 11.336361314413717, 44.46390332846336 ], [ 11.336259065983057, 44.464023394182568 ], [ 11.336156113392823, 44.464124972923237 ], [ 11.336087866836737, 44.464202706403682 ], [ 11.336044792961101, 44.464261423425583 ], [ 11.336013501053415, 44.464323900099266 ], [ 11.335994414956282, 44.464400159386273 ], [ 11.33598873439256, 44.464620015298493 ], [ 11.336028768592941, 44.464853974612403 ], [ 11.336068095866899, 44.464950334256443 ], [ 11.336187287923158, 44.465102881543167 ], [ 11.336468392048319, 44.465425601764501 ], [ 11.33664115955281, 44.465625626558207 ], [ 11.336699248750941, 44.465705389111029 ], [ 11.336731276692063, 44.465781066755994 ], [ 11.336740674595601, 44.465857209425245 ], [ 11.336760909832554, 44.466132069312259 ], [ 11.336764055654969, 44.466298559736664 ], [ 11.336764415530011, 44.466476668352641 ], [ 11.33675364363107, 44.466618000453117 ], [ 11.336755196593481, 44.466742884544985 ], [ 11.336735266869004, 44.466898279838453 ], [ 11.336692973398415, 44.467061079321304 ], [ 11.336620034764952, 44.46726847395783 ], [ 11.33639117890537, 44.467281513446743 ], [ 11.336387064889022, 44.467246441510902 ], [ 11.336394786444957, 44.467198626299812 ], [ 11.336409334145257, 44.467151748992073 ], [ 11.336434472660489, 44.466851383265897 ], [ 11.336327247032356, 44.466879775440844 ], [ 11.336211197563129, 44.466956341072517 ], [ 11.336128702359666, 44.466992948686411 ], [ 11.336067325529406, 44.467062932523831 ], [ 11.336020382173437, 44.467151158267541 ], [ 11.336033137464423, 44.467244693760861 ], [ 11.336081616986878, 44.467244105904172 ], [ 11.336094906270255, 44.467563536831733 ], [ 11.336182345653125, 44.467631486230736 ], [ 11.336230839119757, 44.467791956709 ], [ 11.336173642944953, 44.46792087801758 ], [ 11.336005717683651, 44.468029622603702 ], [ 11.335028702895453, 44.468644545941125 ], [ 11.334992670374335, 44.46865164152279 ], [ 11.335089939427927, 44.468672013501966 ], [ 11.335212527886755, 44.468706800102183 ], [ 11.335307315264387, 44.468764606038818 ], [ 11.335353688289201, 44.468817823425923 ], [ 11.335432506295863, 44.468969421143662 ], [ 11.335552438062846, 44.469174331101925 ], [ 11.335695709822922, 44.46937684942182 ], [ 11.335806043144965, 44.46953708193881 ], [ 11.33594634297771, 44.469732155259337 ], [ 11.336151542112988, 44.469991208868464 ], [ 11.336347726048905, 44.470220524606567 ], [ 11.336548692855123, 44.47044036047469 ], [ 11.336788933114974, 44.470737774232262 ], [ 11.336974099595077, 44.471027007140023 ], [ 11.337163983194833, 44.471325604006267 ], [ 11.337201161926592, 44.471393494066952 ], [ 11.337163711258906, 44.471397698019111 ], [ 11.336810935700843, 44.47163024739924 ], [ 11.33660402120959, 44.472181166641676 ], [ 11.336157014053482, 44.47240750706785 ], [ 11.336003576397127, 44.472630408940226 ], [ 11.335852110900193, 44.473039287653009 ], [ 11.33551111201654, 44.473016987277539 ], [ 11.335337551289536, 44.472494212804087 ], [ 11.335081434596697, 44.472477918676901 ], [ 11.334481720010986, 44.472946844738757 ], [ 11.333767969899696, 44.472396943281389 ], [ 11.333440064176759, 44.472049735633753 ], [ 11.333235762485177, 44.471383080745788 ], [ 11.332812001063273, 44.471496135589874 ], [ 11.332250468673896, 44.471628738626656 ], [ 11.331899355621836, 44.471688101447072 ], [ 11.331975905601048, 44.471973081963384 ], [ 11.331928788751494, 44.472436412475993 ], [ 11.3317843821181, 44.472367994939923 ], [ 11.331632590600087, 44.472492317399144 ], [ 11.33173967084015, 44.472692740378314 ], [ 11.332439762667356, 44.47321497417127 ], [ 11.332613107179959, 44.473636444729124 ], [ 11.333212729036438, 44.473763872536274 ], [ 11.333279462792854, 44.474017005215188 ], [ 11.332742406645515, 44.474078576690019 ], [ 11.332753993573416, 44.474371734153522 ], [ 11.333322058981066, 44.474773580142084 ], [ 11.333661593715856, 44.475111604354218 ], [ 11.333193635821331, 44.475110838393562 ], [ 11.333214581627558, 44.475173780566074 ], [ 11.333275276675399, 44.475342262632758 ], [ 11.333480031923617, 44.475480413138364 ], [ 11.333614315490228, 44.475689338413055 ], [ 11.33377074402388, 44.47576036974688 ], [ 11.333835729312737, 44.475890932121445 ], [ 11.333963757426696, 44.476067294582045 ], [ 11.333872050843581, 44.476176675099275 ], [ 11.333570902261226, 44.476266991595054 ], [ 11.333467830620419, 44.476301608770598 ], [ 11.333355416830482, 44.476454833533339 ], [ 11.333200893190227, 44.476426915812873 ], [ 11.333182205782634, 44.476454974482486 ], [ 11.333133230989571, 44.476495116996865 ], [ 11.332995976157031, 44.476576138632133 ], [ 11.333092298409481, 44.476669173685586 ], [ 11.333006506970895, 44.476715676317994 ], [ 11.332891650308591, 44.476789283753071 ], [ 11.332819089971963, 44.476829289646332 ], [ 11.332724090715411, 44.476875802879988 ], [ 11.332665938075948, 44.476910278340867 ], [ 11.332588253563735, 44.476941829114246 ], [ 11.332595692874731, 44.477057109453852 ], [ 11.3327283894729, 44.477363827475131 ], [ 11.332693969726645, 44.477392754004107 ], [ 11.332715526228576, 44.4774632153498 ], [ 11.332738681229484, 44.477510216538548 ], [ 11.332765880295144, 44.477544607052337 ], [ 11.332830617556539, 44.47761618184456 ], [ 11.332894621005662, 44.477717886219054 ], [ 11.332900889315946, 44.477915773176186 ], [ 11.332909038152392, 44.477955282936556 ], [ 11.332599538017659, 44.47798104417992 ], [ 11.332377888893067, 44.47801592804025 ], [ 11.332258185497961, 44.478057326195021 ], [ 11.332060528450672, 44.478071828002641 ], [ 11.331920585465818, 44.478062866366983 ], [ 11.3313149780355, 44.477970405012655 ], [ 11.330755427734994, 44.477972123436423 ], [ 11.330699330596357, 44.47797248735403 ], [ 11.330344211571774, 44.477974966751994 ], [ 11.329441989205979, 44.478099385771934 ], [ 11.329361783580646, 44.478111529353939 ], [ 11.329223150354137, 44.47813012617317 ], [ 11.328984870129148, 44.478132455352018 ], [ 11.328702314572958, 44.478127845960195 ], [ 11.327814234433294, 44.478112230531096 ], [ 11.327588475192405, 44.478153593350562 ], [ 11.327545828059554, 44.478188534171679 ], [ 11.327580334359649, 44.478227113488039 ], [ 11.327858005687311, 44.478294696770703 ], [ 11.328130384322794, 44.478320476577871 ], [ 11.329004318737192, 44.478443776550172 ], [ 11.329119030909995, 44.478470207561863 ], [ 11.329201377109886, 44.478513028206088 ], [ 11.329307746003719, 44.478607739386263 ], [ 11.329446453126241, 44.47869100545546 ], [ 11.329546127886292, 44.478702323222194 ], [ 11.329735551724088, 44.478669569964623 ], [ 11.330125144313193, 44.478751773118731 ], [ 11.33069744693131, 44.478854697593697 ], [ 11.331030271967711, 44.478920393540491 ], [ 11.331387914111438, 44.478995710510965 ], [ 11.331636446844817, 44.47902206166475 ], [ 11.332008142777239, 44.479013183545973 ], [ 11.332304898146582, 44.479043035920206 ], [ 11.33252711287456, 44.47916173230886 ], [ 11.332949816246547, 44.479387226117282 ], [ 11.33326231442279, 44.479555920141117 ], [ 11.333301430371566, 44.479628342417918 ], [ 11.333289452135539, 44.479724365966248 ], [ 11.333261630819736, 44.479778467711647 ], [ 11.333164277659002, 44.479868388654275 ], [ 11.333076660081362, 44.480003582696597 ], [ 11.333097516111962, 44.480061546437987 ], [ 11.33324282433289, 44.480167343309908 ], [ 11.333447481003978, 44.48007373362725 ], [ 11.333540297414984, 44.480008695657958 ], [ 11.333722496147921, 44.479992733793516 ], [ 11.333806180788363, 44.480136974987552 ], [ 11.333998740891738, 44.480122328593573 ], [ 11.334835924092371, 44.480545719510005 ], [ 11.33489826679148, 44.480609162302834 ], [ 11.334890605046397, 44.480692351828786 ], [ 11.334611779908847, 44.480690478800952 ], [ 11.33460493680894, 44.480727667165652 ], [ 11.334562452929134, 44.480723620582005 ], [ 11.334499163467942, 44.480945338231543 ], [ 11.334256311635041, 44.481057620790395 ], [ 11.33446905490062, 44.48127053651141 ], [ 11.334442194791331, 44.481308156715954 ], [ 11.334620075017936, 44.481447995249233 ], [ 11.334710075720674, 44.481605038812106 ], [ 11.334548729608066, 44.481651054116341 ], [ 11.334344353541109, 44.481781730934692 ], [ 11.334203233357551, 44.481900054269744 ], [ 11.3341563720774, 44.481977759647563 ], [ 11.334219784010235, 44.482019346923877 ], [ 11.334320063905889, 44.482082227640582 ], [ 11.334383381679519, 44.482121354538933 ], [ 11.334432698854197, 44.482153427889408 ], [ 11.334534361356978, 44.482207677255936 ], [ 11.33459782875898, 44.482250483938621 ], [ 11.334714241636924, 44.482330186123285 ], [ 11.334807871366307, 44.482403142189611 ], [ 11.334955581546744, 44.482526580520435 ], [ 11.334251238385727, 44.482918765829275 ], [ 11.334202080778395, 44.482963547945708 ], [ 11.334124156181339, 44.483004451152425 ], [ 11.334028203771405, 44.483046426009736 ], [ 11.333931158577396, 44.483102652638998 ], [ 11.33383333895228, 44.483180798345224 ], [ 11.333753097620217, 44.483282549524368 ], [ 11.333683154651444, 44.483411780313226 ], [ 11.333613017316848, 44.483545351582748 ], [ 11.333556492031114, 44.483659334873202 ], [ 11.333531529551239, 44.483751823816604 ], [ 11.333497523955236, 44.483841975980489 ], [ 11.333450008531258, 44.483906083389193 ], [ 11.333351562100047, 44.483967111340704 ], [ 11.333259002247827, 44.484001596259255 ], [ 11.333153916317336, 44.484012723299053 ], [ 11.333036374971842, 44.483995986080522 ], [ 11.332920380639036, 44.483958124034451 ], [ 11.332840157637841, 44.483925735453504 ], [ 11.332755805466252, 44.483878472475894 ], [ 11.332674644828042, 44.483810324806463 ], [ 11.33214430418294, 44.484007104906105 ], [ 11.332112319489985, 44.484176467052528 ], [ 11.332101501045011, 44.484220668464729 ], [ 11.332170889975098, 44.484387466245543 ], [ 11.332445915867451, 44.484888398192517 ], [ 11.331842599956119, 44.485101327726255 ], [ 11.331796403753259, 44.485127140144478 ], [ 11.331375314580985, 44.485036040614155 ], [ 11.330923623020892, 44.483684058057662 ], [ 11.330649492713757, 44.483687571975672 ], [ 11.329170462458926, 44.483348089764682 ], [ 11.329083130185868, 44.483585665937646 ], [ 11.328965043620832, 44.483643949812588 ], [ 11.328741616166674, 44.483685643633891 ], [ 11.328734245415939, 44.483753875260909 ], [ 11.328805794433563, 44.483934631887429 ], [ 11.329007870268866, 44.484035983749465 ], [ 11.329030495064549, 44.484075956430388 ], [ 11.329044510388119, 44.48411544487071 ], [ 11.329051359330217, 44.484147454319505 ], [ 11.32905662381661, 44.484190552187499 ], [ 11.329055475787186, 44.484232472809126 ], [ 11.329049664526829, 44.484268795328177 ], [ 11.329042185078119, 44.484307564578565 ], [ 11.329033551782345, 44.484352002899648 ], [ 11.329026307259504, 44.484391366928612 ], [ 11.329020844580413, 44.484430728813173 ], [ 11.329020366801405, 44.484467563693869 ], [ 11.329024055440774, 44.484497169107144 ], [ 11.329029978332908, 44.48452989154935 ], [ 11.32903758371913, 44.484562579664164 ], [ 11.329045067425309, 44.484591547686108 ], [ 11.329055506549643, 44.484629175326944 ], [ 11.32906687687699, 44.484668997706692 ], [ 11.329083606292963, 44.484725862496454 ], [ 11.32909807060318, 44.484749616025759 ], [ 11.329113992637419, 44.484778112989055 ], [ 11.329151335852043, 44.48481618197647 ], [ 11.329223168276714, 44.484881214024334 ], [ 11.32927599565266, 44.48493437497757 ], [ 11.329345312519425, 44.485002610085587 ], [ 11.329376500852208, 44.485041071965831 ], [ 11.329409441410601, 44.485088324229558 ], [ 11.329429852750058, 44.485127990890199 ], [ 11.329440151168903, 44.485157591045997 ], [ 11.329436316701049, 44.485186390281591 ], [ 11.329425494181004, 44.485219647959696 ], [ 11.329425136442254, 44.48525026859528 ], [ 11.329426907693961, 44.485280666635227 ], [ 11.329433577523471, 44.485322854446778 ], [ 11.329461337332228, 44.485411989867927 ], [ 11.329499406489239, 44.485540090609426 ], [ 11.329548956949026, 44.48574135251669 ], [ 11.329593285690413, 44.485889954033247 ], [ 11.32961265848339, 44.485935047009569 ], [ 11.329645834013528, 44.485979149795853 ], [ 11.329594338737262, 44.486072246842653 ], [ 11.329474779238954, 44.486336262525647 ], [ 11.329725590531437, 44.486885534824431 ], [ 11.329084577509379, 44.487009946618208 ], [ 11.329012257605521, 44.487013598954604 ], [ 11.3288787266591, 44.486997730141006 ], [ 11.328760872936158, 44.486965622065867 ], [ 11.328657323671882, 44.486911631145119 ], [ 11.328586065755696, 44.486850623806738 ], [ 11.328512735154883, 44.486764269579076 ], [ 11.328467433982787, 44.486695198427896 ], [ 11.328383142484705, 44.486554684802165 ], [ 11.328352678280307, 44.486491449847847 ], [ 11.328255593593555, 44.48632517415075 ], [ 11.327745726382123, 44.486093408477075 ], [ 11.327707215164478, 44.486120263477872 ], [ 11.327658001271612, 44.486129055122639 ], [ 11.327592128085278, 44.486124758151895 ], [ 11.327513709158263, 44.486097573062182 ], [ 11.327439128764189, 44.486051051300358 ], [ 11.327391238649682, 44.485986906503662 ], [ 11.327352551004006, 44.485914212457168 ], [ 11.327290234714596, 44.485732168424626 ], [ 11.327277828563698, 44.485679845276913 ], [ 11.327252334947863, 44.485591864071452 ], [ 11.327221379417376, 44.485490848614525 ], [ 11.327182618587605, 44.48538980861484 ], [ 11.327146661516204, 44.48530158515937 ], [ 11.327070758245005, 44.485152852106417 ], [ 11.327015911170472, 44.485067522704888 ], [ 11.326965914996235, 44.48497489861662 ], [ 11.326912188101455, 44.484898279750084 ], [ 11.326823425154076, 44.484782211706275 ], [ 11.32670630077166, 44.484629803796516 ], [ 11.326555527826846, 44.484441255512337 ], [ 11.326480703697145, 44.484357413298675 ], [ 11.326373150642935, 44.484217520743009 ], [ 11.325659131859629, 44.484526021513879 ], [ 11.325022233591053, 44.484629091339023 ], [ 11.324817588976474, 44.484606047033509 ], [ 11.322640769139806, 44.484212741661167 ], [ 11.322559722830789, 44.484211493588326 ], [ 11.322043415465197, 44.484384583062827 ], [ 11.321756911172697, 44.484407624377987 ], [ 11.321573618476698, 44.484408203929796 ], [ 11.321449521620735, 44.484401261379134 ], [ 11.321441009711515, 44.484441361908708 ], [ 11.318869227632582, 44.484662598321151 ], [ 11.318727003846059, 44.484662181502529 ], [ 11.318727734589595, 44.484604754376029 ], [ 11.318729619195839, 44.484565842867028 ], [ 11.318732636027944, 44.484532939202076 ], [ 11.318736904070045, 44.484502890054173 ], [ 11.318737659255984, 44.484475968642329 ], [ 11.318731631208831, 44.484431182511216 ], [ 11.318723799697313, 44.484400289814445 ], [ 11.318705047195694, 44.484342794793058 ], [ 11.318687902239851, 44.484296604991727 ], [ 11.318669849808295, 44.484252774295925 ], [ 11.318654040152412, 44.48421447875554 ], [ 11.318615226356002, 44.484113101091133 ], [ 11.318567577786235, 44.484010816237664 ], [ 11.318533666140906, 44.483927430604368 ], [ 11.318504069324167, 44.483859978355298 ], [ 11.318483008257681, 44.483813236973496 ], [ 11.318467111372936, 44.483769814394023 ], [ 11.318427321372539, 44.483677994741477 ], [ 11.318393044600189, 44.48359182657115 ], [ 11.318379094690558, 44.483555834795702 ], [ 11.318363688797168, 44.483518071166969 ], [ 11.318347650584386, 44.483483200309855 ], [ 11.318332600308022, 44.483450919241115 ], [ 11.318320644302876, 44.483426495819842 ], [ 11.318286083637147, 44.483213383183461 ], [ 11.31833998452864, 44.482982856320838 ], [ 11.318356253342543, 44.482856305831895 ], [ 11.318361467565571, 44.482824077750415 ], [ 11.318347292569186, 44.482790365495831 ], [ 11.318311828196817, 44.482757134206935 ], [ 11.318264396974891, 44.482728905605342 ], [ 11.318213973749916, 44.482713424212086 ], [ 11.318166317875422, 44.482698312422926 ], [ 11.318127492292183, 44.482671490765959 ], [ 11.317955452975845, 44.482666505536692 ], [ 11.317512075796037, 44.482715589826519 ], [ 11.317507733958985, 44.482681438370946 ], [ 11.317461331128845, 44.482650557096044 ], [ 11.317353083877942, 44.482622014268578 ], [ 11.317274384996148, 44.482604951226051 ], [ 11.317187630522756, 44.482578170388166 ], [ 11.317130271305938, 44.482559576664194 ], [ 11.317058125562225, 44.482528704601783 ], [ 11.316990698382535, 44.482488505452594 ], [ 11.316941872886291, 44.482442670298511 ], [ 11.31691428839871, 44.482404818749814 ], [ 11.316887529065115, 44.482350490986747 ], [ 11.316835148660347, 44.482231929280417 ], [ 11.316756860556517, 44.482042553103831 ], [ 11.316716595884857, 44.481957763592291 ], [ 11.31666393360511, 44.481868841393123 ], [ 11.316601868172398, 44.481774619301468 ], [ 11.316547756081691, 44.481687913200119 ], [ 11.316519111921671, 44.48162483705066 ], [ 11.316505660985214, 44.481559258651515 ], [ 11.316499518134219, 44.481485856330735 ], [ 11.316489820202319, 44.481364234376109 ], [ 11.316477792781818, 44.481296431349236 ], [ 11.316460632268146, 44.48125178005116 ], [ 11.316440737640969, 44.481214868854408 ], [ 11.316406441794381, 44.481162885132228 ], [ 11.316274995185973, 44.480982257471268 ], [ 11.316149146969551, 44.480825660154295 ], [ 11.31609393567072, 44.480748851985098 ], [ 11.31599585614488, 44.480634486783032 ], [ 11.315919957893733, 44.480538340202223 ], [ 11.315890432296312, 44.480490641111736 ], [ 11.315873766364856, 44.480458054881737 ], [ 11.315857950592907, 44.480408982034049 ], [ 11.315850547440379, 44.480378405424105 ], [ 11.315851355742403, 44.480288391770024 ], [ 11.315872859260439, 44.480181509612045 ], [ 11.315920343332897, 44.480037881087618 ], [ 11.315975514851774, 44.479895196697981 ], [ 11.31602420359545, 44.4797438608595 ], [ 11.316045983204416, 44.479643553065017 ], [ 11.316093512524382, 44.479501024558694 ], [ 11.316104334606623, 44.479467333295815 ], [ 11.316139130229645, 44.47943667384849 ], [ 11.314459614460931, 44.479115436144603 ], [ 11.314416563648198, 44.47908929754454 ], [ 11.314370361721593, 44.479080961552377 ], [ 11.314329921054892, 44.479072141435047 ], [ 11.314282741607805, 44.479068497578687 ], [ 11.314186734136767, 44.479066326100202 ], [ 11.314014940264924, 44.478984184786661 ], [ 11.313948279917673, 44.47897975363724 ], [ 11.313891178254496, 44.478966761674997 ], [ 11.313839610796006, 44.478947988568457 ], [ 11.313805440895363, 44.478930577809763 ], [ 11.313768601858991, 44.478900710214852 ], [ 11.313721853285488, 44.478847727598925 ], [ 11.313689156134107, 44.47879419549686 ], [ 11.313655287875429, 44.478706431293354 ], [ 11.313636730608781, 44.478658339154364 ], [ 11.313608383290196, 44.478583027981919 ], [ 11.313580307293742, 44.478493491681533 ], [ 11.313568008629387, 44.478462931305813 ], [ 11.313561241623342, 44.478429515725701 ], [ 11.31355163110041, 44.478354551313991 ], [ 11.313557327682064, 44.478286503973813 ], [ 11.313574465923338, 44.478186411326504 ], [ 11.31358438334972, 44.478118707864994 ], [ 11.313582952053714, 44.478082283505621 ], [ 11.313572655763442, 44.4780353248048 ], [ 11.313547628387582, 44.47798163991466 ], [ 11.313529576696808, 44.477930965460935 ], [ 11.313424718123214, 44.477920120451714 ], [ 11.3133659431527, 44.477910541713541 ], [ 11.313355251833807, 44.47772724826708 ], [ 11.313349199580699, 44.477619126229278 ], [ 11.313352768532148, 44.477500497628142 ], [ 11.313343817972671, 44.477425421685844 ], [ 11.313322153745331, 44.477355747470753 ], [ 11.313297882161949, 44.477292318082768 ], [ 11.313281018122971, 44.477233888075055 ], [ 11.313265525094343, 44.477140384017865 ], [ 11.313258108487021, 44.477067337678385 ], [ 11.313257477525202, 44.477018899311275 ], [ 11.313261599514897, 44.476980672620073 ], [ 11.313282119054499, 44.4769493175367 ], [ 11.313328674520607, 44.476904427872981 ], [ 11.313427768332987, 44.476834476128928 ], [ 11.313572074290803, 44.476754113852266 ], [ 11.313691050096681, 44.476693916580849 ], [ 11.313753168903117, 44.476656438249286 ], [ 11.313789832969613, 44.476627505247961 ], [ 11.313816940350462, 44.476606316428501 ], [ 11.313842400420729, 44.476583629647756 ], [ 11.313865549174203, 44.476561222877656 ], [ 11.313888675015892, 44.476537124076181 ], [ 11.313911954971264, 44.476506047822788 ], [ 11.3139339401035, 44.476465311900355 ], [ 11.313945809446016, 44.476419323637359 ], [ 11.313952455290623, 44.476368587945302 ], [ 11.313954552597073, 44.476314783634578 ], [ 11.313956324181895, 44.476271535186633 ], [ 11.313961439502926, 44.476218184649063 ], [ 11.313970549031231, 44.47617372695143 ], [ 11.313975597742678, 44.47613726306222 ], [ 11.313993655558322, 44.476095785695499 ], [ 11.314014921057602, 44.476062103485013 ], [ 11.314038135208301, 44.476029973431594 ], [ 11.314060173868143, 44.475988912303102 ], [ 11.314077871340094, 44.475953365045491 ], [ 11.314079210578182, 44.475922906366577 ], [ 11.314069996009042, 44.475893604198333 ], [ 11.314059507486723, 44.475865281230149 ], [ 11.314043704539683, 44.475837064188241 ], [ 11.314026251876447, 44.4758142191342 ], [ 11.313976059767962, 44.475749102457499 ], [ 11.313926044844399, 44.475690085937998 ], [ 11.313865585911921, 44.475609494765429 ], [ 11.313837380544204, 44.475570113767638 ], [ 11.31380825516691, 44.47551493561938 ], [ 11.313788959372463, 44.475458760600354 ], [ 11.31378022560598, 44.475411465041162 ], [ 11.313768470718212, 44.47535368145202 ], [ 11.313754199967835, 44.475300765251546 ], [ 11.313747497535338, 44.475264363091313 ], [ 11.313738467765175, 44.475230536935456 ], [ 11.313726300698185, 44.475182902238394 ], [ 11.313715489194406, 44.475142172077675 ], [ 11.313707379004196, 44.47511462190819 ], [ 11.313698390608339, 44.475087088637018 ], [ 11.313690291421784, 44.475059530140712 ], [ 11.313683910240373, 44.475031315643406 ], [ 11.313676477853642, 44.474998710270029 ], [ 11.313628147549213, 44.475011383293818 ], [ 11.313565033068937, 44.475009512413699 ], [ 11.313280149680871, 44.475026491233692 ], [ 11.313350544575263, 44.475202873543822 ], [ 11.313300858793907, 44.475213006351701 ], [ 11.312921300068105, 44.475198012426951 ], [ 11.312606193515037, 44.475197032219121 ], [ 11.312294008963617, 44.475200378027417 ], [ 11.312037114059425, 44.475204245277844 ], [ 11.312097877799914, 44.475279769083869 ], [ 11.31182388136993, 44.475285355121528 ], [ 11.311564191939741, 44.475290456341774 ], [ 11.311273344544524, 44.475297350052784 ], [ 11.31105998706316, 44.475303504332985 ], [ 11.310865245883896, 44.475307845449848 ], [ 11.310665792811198, 44.475313541074271 ], [ 11.310342356173294, 44.47532378293262 ], [ 11.310276577522426, 44.475331668068407 ], [ 11.310131449358485, 44.475331505448288 ], [ 11.309991429822388, 44.475325386669809 ], [ 11.309957373581687, 44.475484827892544 ], [ 11.309922817673405, 44.475564717715457 ], [ 11.30990039736786, 44.475597294506457 ], [ 11.309961636827706, 44.475662408202936 ], [ 11.31024360320338, 44.475695397290608 ], [ 11.310304608125479, 44.475684009540103 ], [ 11.310393121584637, 44.47567963261703 ], [ 11.310447248825454, 44.475687101319387 ], [ 11.310487039224789, 44.475705927081798 ], [ 11.310510910947684, 44.475737222248839 ], [ 11.310529474370716, 44.475788873528337 ], [ 11.310540946645926, 44.475851105959798 ], [ 11.310555746097606, 44.475896623414819 ], [ 11.310570057925892, 44.475983482633318 ], [ 11.310572790434428, 44.476291027695659 ], [ 11.310368776622912, 44.476294636481221 ], [ 11.310180698079394, 44.476298389657245 ], [ 11.310165285331864, 44.476477015406445 ], [ 11.310133361707859, 44.476520965799949 ], [ 11.309908584137483, 44.476576627529433 ], [ 11.309859184277503, 44.476512147503904 ], [ 11.309847524491779, 44.476448463081113 ], [ 11.30984217380594, 44.476244824221347 ], [ 11.309765659804926, 44.476252133150432 ], [ 11.309645963535404, 44.476241493048818 ], [ 11.309567917073286, 44.476211214533095 ], [ 11.309493207767424, 44.476163508711878 ], [ 11.309402404895046, 44.476117569735578 ], [ 11.309260858525436, 44.476116043474384 ], [ 11.309114156171979, 44.476186960925816 ], [ 11.30898577971174, 44.476233629891674 ], [ 11.308961987299831, 44.476378298770285 ], [ 11.308938470382314, 44.476566983942782 ], [ 11.308927005057356, 44.476707541357491 ], [ 11.308929273396339, 44.476802159744317 ], [ 11.308940887872129, 44.476858727709889 ], [ 11.308961261877783, 44.476900651304327 ], [ 11.308992430753628, 44.476940126605534 ], [ 11.309050948633301, 44.477001325674266 ], [ 11.309084792084878, 44.477029616021696 ], [ 11.309163397740685, 44.477087076840974 ], [ 11.309304005418698, 44.477175608143263 ], [ 11.309471887968003, 44.477283648901953 ], [ 11.309538999212785, 44.477325751277441 ], [ 11.30962487843121, 44.477369702945865 ], [ 11.309678971902891, 44.47739759151537 ], [ 11.309756210763572, 44.477420555462714 ], [ 11.30983176757036, 44.477440213423449 ], [ 11.309943436070521, 44.477466957590977 ], [ 11.310037763540951, 44.477488467338503 ], [ 11.310091469360362, 44.477507451871489 ], [ 11.310179831005918, 44.477540214855217 ], [ 11.310266821885348, 44.477577460903525 ], [ 11.310420764095495, 44.477655692050512 ], [ 11.310555441550443, 44.477718718591561 ], [ 11.31069442650044, 44.477772748799424 ], [ 11.310797144467681, 44.47781413689431 ], [ 11.310915537399115, 44.477858551152096 ], [ 11.311017042101936, 44.477907767071315 ], [ 11.311109274330724, 44.477958274342321 ], [ 11.311182736938417, 44.478005808072716 ], [ 11.311232773030676, 44.47805047878802 ], [ 11.311265544476425, 44.478091029234875 ], [ 11.311055155453822, 44.478160601713789 ], [ 11.310914964546555, 44.478214698802276 ], [ 11.31086155586193, 44.478235294020827 ], [ 11.310801605956847, 44.47825871970683 ], [ 11.310855617863549, 44.478418812687821 ], [ 11.310878385192449, 44.478551412178128 ], [ 11.310876134643713, 44.478710493331164 ], [ 11.310322064535962, 44.47874614655116 ], [ 11.310377320177343, 44.478962951719488 ], [ 11.310403107330227, 44.479037374736507 ], [ 11.310436596386793, 44.479134028653654 ], [ 11.310474937450477, 44.479136819487358 ], [ 11.310555350821963, 44.479353701441759 ], [ 11.31060881059517, 44.479493718169245 ], [ 11.310785517863351, 44.479940219526206 ], [ 11.310816437560167, 44.480028076664858 ], [ 11.310934843098645, 44.480328583296036 ], [ 11.311409830137329, 44.480300855410974 ], [ 11.31177550471228, 44.480288173400915 ], [ 11.311782060742701, 44.48022724782976 ], [ 11.311854241990538, 44.480222402882156 ], [ 11.311918189732081, 44.480296110335495 ], [ 11.311972850282439, 44.480375456021427 ], [ 11.312030333062957, 44.4803981325283 ], [ 11.312112735849317, 44.480591433030547 ], [ 11.312227557592077, 44.48086822328797 ], [ 11.312346555779136, 44.481144930620182 ], [ 11.312387588984143, 44.481256692333488 ], [ 11.312425358373728, 44.481369705787344 ], [ 11.312450917082286, 44.481487696546921 ], [ 11.312460087173603, 44.481529581763951 ], [ 11.312471474600862, 44.481605202538738 ], [ 11.31249036603749, 44.481701995771715 ], [ 11.312503320611755, 44.481755064778881 ], [ 11.31252417390202, 44.481818643663047 ], [ 11.312551642688852, 44.481882090328071 ], [ 11.312586831240484, 44.481951899384306 ], [ 11.312641735649548, 44.482037318346826 ], [ 11.312682728884361, 44.482086859247183 ], [ 11.312735725448697, 44.482146242570288 ], [ 11.312786189320152, 44.482203902766884 ], [ 11.31284108855766, 44.482283832846804 ], [ 11.312861259299195, 44.482325867856652 ], [ 11.312873716458116, 44.482354889235395 ], [ 11.312886444842178, 44.482390485120746 ], [ 11.312900315331028, 44.482428982810518 ], [ 11.312912058881931, 44.482465335959425 ], [ 11.312920699866938, 44.482501012854406 ], [ 11.312928716493651, 44.482546216350528 ], [ 11.312931340007189, 44.482584938310261 ], [ 11.312930357484779, 44.482635442118593 ], [ 11.312928051757604, 44.482678653619345 ], [ 11.312920427258927, 44.482716851302548 ], [ 11.31291062896177, 44.482752165381598 ], [ 11.312896072093805, 44.482796350710032 ], [ 11.312874504011113, 44.482844338546855 ], [ 11.312835398530105, 44.482913890926994 ], [ 11.312791723186315, 44.482996709387649 ], [ 11.312771422662617, 44.483050522314876 ], [ 11.312761401542783, 44.483105589004118 ], [ 11.312757385857369, 44.483156890670941 ], [ 11.312758255200045, 44.483202964585537 ], [ 11.312765946102699, 44.48326499605114 ], [ 11.312772898534782, 44.483309491002309 ], [ 11.312782788516333, 44.483350263279398 ], [ 11.312795585161934, 44.483386595099752 ], [ 11.312808990783354, 44.483413391627387 ], [ 11.31282331690368, 44.483437515536565 ], [ 11.312926964065081, 44.483625407402251 ], [ 11.312999249961354, 44.483765035171842 ], [ 11.313066276186428, 44.483966215825667 ], [ 11.313100625643299, 44.484087048644071 ], [ 11.313146961743486, 44.484308188621689 ], [ 11.31317723190325, 44.484472398479596 ], [ 11.313194108296429, 44.484609769297329 ], [ 11.313188148039021, 44.484692030704977 ], [ 11.313085242548251, 44.484717977268964 ], [ 11.313010418784442, 44.484746836961662 ], [ 11.312915371385831, 44.484782671955351 ], [ 11.312795430983483, 44.484825036644708 ], [ 11.312663269086519, 44.484872957635119 ], [ 11.31253798035441, 44.484916509815911 ], [ 11.312434380626504, 44.484951889277021 ], [ 11.312357013567391, 44.484979542396154 ], [ 11.312274296349189, 44.485005593338343 ], [ 11.312192040233821, 44.485030553668658 ], [ 11.312116091796693, 44.485052869056823 ], [ 11.312049345276646, 44.485075449954905 ], [ 11.311975945311701, 44.485093552632321 ], [ 11.311964199610836, 44.485162666711112 ], [ 11.311992639614743, 44.485237550518335 ], [ 11.312016890386742, 44.485285758933294 ], [ 11.312031019074031, 44.48533625825096 ], [ 11.312048639124029, 44.485404140195527 ], [ 11.312066536622176, 44.48547627294667 ], [ 11.3120797139164, 44.485534676003063 ], [ 11.312104322100991, 44.485698041116656 ], [ 11.312124194855713, 44.485803347139807 ], [ 11.312147651250241, 44.485900335092829 ], [ 11.312160778861424, 44.485962185337442 ], [ 11.312179933442435, 44.486017910573068 ], [ 11.31220670750765, 44.486077225655016 ], [ 11.312236367685529, 44.486130461333353 ], [ 11.312259475334301, 44.486172991497931 ], [ 11.312284562635922, 44.486225230473224 ], [ 11.312362622066578, 44.486385361198074 ], [ 11.312021603181787, 44.486520225969677 ], [ 11.311572595411855, 44.486696133482653 ], [ 11.310814414605538, 44.485925576468269 ], [ 11.310414996142653, 44.485289958027131 ], [ 11.309995202121048, 44.484541027767413 ], [ 11.308457017427997, 44.48495755896581 ], [ 11.308401770928709, 44.484883818613177 ], [ 11.308096115909303, 44.484349697943749 ], [ 11.307970204354758, 44.484104043705656 ], [ 11.307913675789846, 44.483700020831336 ], [ 11.308006280557523, 44.483496176989831 ], [ 11.307773908165348, 44.483180085079688 ], [ 11.307553281838787, 44.482799130951555 ], [ 11.307577789435461, 44.482460015191421 ], [ 11.307462445262951, 44.482452172878574 ], [ 11.307429768900183, 44.482241878929592 ], [ 11.307269587340219, 44.482135359489448 ], [ 11.307202376726469, 44.482006300755359 ], [ 11.306885107814642, 44.482115403519579 ], [ 11.306777700463361, 44.482169278630934 ], [ 11.306969853734547, 44.482468668147057 ], [ 11.306852638699851, 44.482755052836957 ], [ 11.306921818623724, 44.483193563484861 ], [ 11.306812097060314, 44.483628418849165 ], [ 11.306674052706711, 44.483730753678962 ], [ 11.306670656597726, 44.484218704853184 ], [ 11.306396750931631, 44.484453164504522 ], [ 11.306181950024435, 44.485109070108862 ], [ 11.306741368083713, 44.485236962004166 ], [ 11.306384150402584, 44.485895697910273 ], [ 11.306485255043592, 44.48597303379821 ], [ 11.306547341278781, 44.48600128627298 ], [ 11.306694200160759, 44.486059501436749 ], [ 11.306788029544862, 44.486095450566339 ], [ 11.306980675304148, 44.486157886007561 ], [ 11.307146136659288, 44.486206904801605 ], [ 11.307286137963699, 44.486264263007591 ], [ 11.307401670056786, 44.486376285173549 ], [ 11.307663538843922, 44.48644946746024 ], [ 11.30791528897829, 44.486555081219997 ], [ 11.308018288604547, 44.486595578403389 ], [ 11.308106605568801, 44.486640622488174 ], [ 11.308330531885247, 44.486723385731104 ], [ 11.308554766054153, 44.486846088638217 ], [ 11.308717096503377, 44.486953860902311 ], [ 11.308887365443132, 44.48707902833879 ], [ 11.308922091502115, 44.487118218287591 ], [ 11.308948455924153, 44.487164866754298 ], [ 11.308984885935525, 44.487174133592795 ], [ 11.309022714967881, 44.48718373312596 ], [ 11.309064154435312, 44.487198076007388 ], [ 11.309100946346039, 44.487218453697224 ], [ 11.309166765954549, 44.487265935292967 ], [ 11.309240244768906, 44.487321547905047 ], [ 11.309349145165013, 44.487410028995797 ], [ 11.309520023222904, 44.487548899512547 ], [ 11.309585284673304, 44.487638064279921 ], [ 11.309367803418178, 44.487743733439046 ], [ 11.308798936695981, 44.488006673700859 ], [ 11.308380824399931, 44.488191447801178 ], [ 11.308066461887709, 44.488336395561603 ], [ 11.307956099973136, 44.488378850466887 ], [ 11.307726738643558, 44.488307374009572 ], [ 11.306979929233282, 44.488092488386656 ], [ 11.306025305978299, 44.487815376656677 ], [ 11.305770138414649, 44.488206513683068 ], [ 11.305837140186634, 44.488225926625987 ], [ 11.305669181048215, 44.488659360557904 ], [ 11.304249652627213, 44.488236192226701 ], [ 11.30403561098607, 44.488453883927612 ], [ 11.304007982499437, 44.488505651928413 ], [ 11.301212862402041, 44.48744541219029 ], [ 11.300813867019611, 44.487293904250571 ], [ 11.300364574299628, 44.487116321440837 ], [ 11.30026546839682, 44.48707741336834 ], [ 11.298626968987753, 44.486435024488777 ], [ 11.298282790336838, 44.486299236033666 ], [ 11.298169376734174, 44.486245942646157 ], [ 11.298087280551828, 44.486308434029496 ], [ 11.297990356789361, 44.486370977164455 ], [ 11.297855127147967, 44.486469933476556 ], [ 11.29775671912436, 44.486496813678571 ], [ 11.297672634476623, 44.486509145385533 ], [ 11.29755695769032, 44.486479267693298 ], [ 11.297457078827222, 44.486470492731549 ], [ 11.297388934521516, 44.486507493739985 ], [ 11.29725629773375, 44.486549311670892 ], [ 11.297132140283404, 44.486555281515621 ], [ 11.296989547726357, 44.48643175695284 ], [ 11.29694714264267, 44.486378094045065 ], [ 11.296914197441419, 44.486315373220037 ], [ 11.296879931499243, 44.486244539707251 ], [ 11.296856786259234, 44.486182061911762 ], [ 11.296842658759722, 44.486121847780041 ], [ 11.296836080018057, 44.48605194711017 ], [ 11.296835213260376, 44.485994411820194 ], [ 11.296835844386626, 44.485935469894521 ], [ 11.296839243332034, 44.485857915217416 ], [ 11.296840217916873, 44.485783089392136 ], [ 11.296844592917864, 44.485731933209244 ], [ 11.296689613934939, 44.485675722351282 ], [ 11.296646254526284, 44.485737941108049 ], [ 11.296433453163509, 44.485981704826678 ], [ 11.29622916938721, 44.486213145101495 ], [ 11.296164616634908, 44.48625640376595 ], [ 11.296137865891875, 44.486274328554295 ], [ 11.296065345023495, 44.486323548707958 ], [ 11.295843276554722, 44.486574253250609 ], [ 11.295790673508819, 44.486631535096741 ], [ 11.295715515893846, 44.486713439778917 ], [ 11.295404380768511, 44.487054221267385 ], [ 11.294848108790177, 44.48768383152008 ], [ 11.295049761908118, 44.487755183357876 ], [ 11.295046057239706, 44.487797374697138 ], [ 11.295034936419494, 44.48784982415085 ], [ 11.295025817796551, 44.487893813219799 ], [ 11.294967012106396, 44.488228556130537 ], [ 11.294877301625156, 44.488669493740801 ], [ 11.294867078722111, 44.488720571130173 ], [ 11.294857821470901, 44.48876590525439 ], [ 11.294846105542426, 44.488823421604351 ], [ 11.29475046836686, 44.489312215390733 ], [ 11.294696510650137, 44.489598577914741 ], [ 11.294641368380427, 44.489795702568685 ], [ 11.293969914753504, 44.489660248499852 ], [ 11.293681803921446, 44.489602528884312 ], [ 11.293335061980073, 44.489535188701844 ], [ 11.292954589351545, 44.489454565557132 ], [ 11.292722458248576, 44.489405822705272 ], [ 11.292572027717098, 44.489374235166729 ], [ 11.292294826902692, 44.489312943973253 ], [ 11.292172641274343, 44.489283543533986 ], [ 11.291989585563401, 44.489239793309736 ], [ 11.291577981513267, 44.489144410566347 ], [ 11.291224574928805, 44.489067071621385 ], [ 11.290861918593606, 44.488993824328354 ], [ 11.290486864047768, 44.488925297134294 ], [ 11.290298025589973, 44.488887682055392 ], [ 11.290226588067544, 44.488879462678518 ], [ 11.290090126451314, 44.488845918931958 ], [ 11.289779466204813, 44.488769749850469 ], [ 11.289490566633113, 44.488706665401899 ], [ 11.28928967228431, 44.488660462490721 ], [ 11.289243946006669, 44.488643817201435 ], [ 11.28913265420867, 44.488603034518363 ], [ 11.288966147553841, 44.488539080646667 ], [ 11.288844101660667, 44.488478486129878 ], [ 11.288743197805001, 44.488415250265099 ], [ 11.288648290493249, 44.488345166447935 ], [ 11.288535876595814, 44.488250698870068 ], [ 11.288378646687676, 44.488080175345431 ], [ 11.288271745589865, 44.487967084948124 ], [ 11.288218384005429, 44.487938321750967 ], [ 11.288170494992642, 44.487991464319641 ], [ 11.288254605527205, 44.488143719222506 ], [ 11.288173243117187, 44.488135154642606 ], [ 11.287887008132241, 44.488156280644638 ], [ 11.287550594336375, 44.488200255360809 ], [ 11.28745007382736, 44.488223479733293 ], [ 11.28721566830162, 44.488242505887342 ], [ 11.286918135989891, 44.488256542995359 ], [ 11.286762212906577, 44.488271273559448 ], [ 11.286555405687414, 44.488292007865013 ], [ 11.286179185741455, 44.488324354055315 ], [ 11.286094622787489, 44.488333812274277 ], [ 11.286037103248038, 44.48831812207488 ], [ 11.285997963006833, 44.488299221681629 ], [ 11.285877273269524, 44.488158473691172 ], [ 11.28585244692853, 44.48818809331943 ], [ 11.285832577099404, 44.488211797115675 ], [ 11.284687292875986, 44.48956553319757 ], [ 11.284508130439477, 44.489592657822129 ], [ 11.284386460355895, 44.489601235086319 ], [ 11.284284124763547, 44.489601583176267 ], [ 11.283619152936232, 44.489605428289636 ], [ 11.283486914454981, 44.489627467829813 ], [ 11.283322541009126, 44.48967001780408 ], [ 11.283016997516947, 44.489783869132566 ], [ 11.282988868556638, 44.489741297529818 ], [ 11.282792187270827, 44.48944359056604 ], [ 11.282478788034283, 44.489170172522961 ], [ 11.282368431905203, 44.489108343462469 ], [ 11.282246771419384, 44.489039431983286 ], [ 11.28177321330476, 44.48877433536272 ], [ 11.281513958550104, 44.488630188225727 ], [ 11.281447001618535, 44.48868257472688 ], [ 11.281148551214359, 44.488916102103993 ], [ 11.281051665664116, 44.488990003054532 ], [ 11.280951608525742, 44.489067237036892 ], [ 11.280250927561022, 44.489606660897593 ], [ 11.279066747977168, 44.490550667280786 ], [ 11.278592559237731, 44.49094148042817 ], [ 11.278435581274566, 44.491182822322841 ], [ 11.278313350502009, 44.491164843038248 ], [ 11.277656153351495, 44.491075450088935 ], [ 11.277221736141888, 44.491017890001153 ], [ 11.276792859972838, 44.490963595519588 ], [ 11.276636302567892, 44.490951842851302 ], [ 11.276581774237624, 44.490941982235348 ], [ 11.276508186106103, 44.490930418481035 ], [ 11.276147820611486, 44.490861280236345 ], [ 11.275891511162367, 44.490809234725205 ], [ 11.275646083347969, 44.490755759970867 ], [ 11.275016430550901, 44.490596458408 ], [ 11.274980621518944, 44.490587521246333 ], [ 11.274975836335781, 44.490629921614307 ], [ 11.274969693171299, 44.490689145190423 ], [ 11.274955783345677, 44.49084200381234 ], [ 11.274942910921434, 44.49096038791609 ], [ 11.27492340710714, 44.491184557744162 ], [ 11.274904494887327, 44.491331683253627 ], [ 11.274888047795205, 44.491579154787743 ], [ 11.274858651587442, 44.491819972159753 ], [ 11.274845561846023, 44.491935234864918 ], [ 11.27483561718817, 44.4920538180696 ], [ 11.274812338454002, 44.492260365764153 ], [ 11.274802789737368, 44.492413126625571 ], [ 11.2747999456216, 44.492438856901053 ], [ 11.274778070477817, 44.492636710709967 ], [ 11.274772752116201, 44.492742729515399 ], [ 11.274757443048228, 44.492810153417828 ], [ 11.274726592870039, 44.49305885264836 ], [ 11.274706058696584, 44.493225483015557 ], [ 11.274694459316848, 44.493340692576083 ], [ 11.274669692275994, 44.493566493097262 ], [ 11.274650855474519, 44.493741038910926 ], [ 11.274640549874489, 44.493826586140599 ], [ 11.274617244753451, 44.494033099157775 ], [ 11.274613381252376, 44.494104804370672 ], [ 11.274598776110212, 44.494247452482639 ], [ 11.274574379360747, 44.494504101961155 ], [ 11.27455490280815, 44.494638731284482 ], [ 11.274544655583615, 44.494719705814873 ], [ 11.274530178899999, 44.49486915640513 ], [ 11.274514176712108, 44.495015152481706 ], [ 11.274505677837963, 44.495114338622272 ], [ 11.274480718197056, 44.495324254208001 ], [ 11.274470600796827, 44.495439327952901 ], [ 11.274460173691198, 44.495521407067137 ], [ 11.274451192523328, 44.495582969274089 ], [ 11.27443351564923, 44.495732290037573 ], [ 11.274418892088431, 44.495882696892359 ], [ 11.274403943527286, 44.495993312465188 ], [ 11.274395041505352, 44.496069622930833 ], [ 11.274378447989664, 44.496280312554262 ], [ 11.274363198818733, 44.496392969590069 ], [ 11.274349506088427, 44.4964827758483 ], [ 11.274344807170738, 44.496612732722788 ], [ 11.274324250056699, 44.496778143541377 ], [ 11.274313436724526, 44.496878406548916 ], [ 11.274309119763618, 44.496968605772345 ], [ 11.274291413153572, 44.497130406465082 ], [ 11.274276620254625, 44.497258070703616 ], [ 11.274264686094284, 44.497346949749051 ], [ 11.2742307267377, 44.497644295792313 ], [ 11.274214550838822, 44.497803807213167 ], [ 11.274200061342956, 44.497967839441344 ], [ 11.274182169691528, 44.498115935539623 ], [ 11.27417214846739, 44.498231046006381 ], [ 11.274163519937131, 44.498336913677505 ], [ 11.27413846649041, 44.49857733352453 ], [ 11.274134511519607, 44.498661549590402 ], [ 11.274133859033885, 44.498756067245182 ], [ 11.273873887339562, 44.498750726341754 ], [ 11.273375820923313, 44.498725589163193 ], [ 11.273269538185504, 44.498713925413597 ], [ 11.273169167621793, 44.49871611675357 ], [ 11.273082679940524, 44.498725717980911 ], [ 11.272946005236792, 44.498771143117793 ], [ 11.272169700380934, 44.499120175469059 ], [ 11.271725689940869, 44.499179658876002 ], [ 11.271751916028522, 44.499427986469058 ], [ 11.271841916789752, 44.500050652565825 ], [ 11.271921696681771, 44.500565443216146 ], [ 11.271992438428105, 44.501038655164557 ], [ 11.272096882259369, 44.50173451884195 ], [ 11.272145080913734, 44.502064673621973 ], [ 11.272148404571748, 44.502110904150584 ], [ 11.272157519752334, 44.502154804770441 ], [ 11.272239545621586, 44.502688024528382 ], [ 11.272261180436836, 44.502823604001193 ], [ 11.272320342102397, 44.503160178939936 ], [ 11.27235430718566, 44.503330991219514 ], [ 11.272434730517903, 44.503708728466457 ], [ 11.272515512786047, 44.504040458006465 ], [ 11.272583983907603, 44.504292371716673 ], [ 11.272619326549988, 44.50442670591972 ], [ 11.272689040789627, 44.504661449391911 ], [ 11.272760027094833, 44.50488676699441 ], [ 11.272839537404497, 44.505117405506638 ], [ 11.272872482850508, 44.505213087957905 ], [ 11.272962690617994, 44.505466079246951 ], [ 11.273116541740992, 44.50585897621243 ], [ 11.273183269936556, 44.506018409211833 ], [ 11.273241590255473, 44.506152485490638 ], [ 11.27332480710321, 44.506348614952628 ], [ 11.2734355431552, 44.506584972575638 ], [ 11.273519897356852, 44.506758394539631 ], [ 11.27360652988636, 44.506932127562074 ], [ 11.273772456862559, 44.507252739930586 ], [ 11.273910291252271, 44.507502720162016 ], [ 11.274040218007444, 44.507731174137845 ], [ 11.274158526061854, 44.507932388962111 ], [ 11.274281954223991, 44.508134968171333 ], [ 11.274461139440966, 44.508415866958991 ], [ 11.274604205283865, 44.508634053913646 ], [ 11.274744684697742, 44.508836957236092 ], [ 11.274880203877343, 44.5090251670971 ], [ 11.275160394443402, 44.509409201941843 ], [ 11.275216743817396, 44.509482829934996 ], [ 11.275246135220787, 44.509519032252669 ], [ 11.275190068925994, 44.509541049164291 ], [ 11.275123643866042, 44.509570735629985 ], [ 11.275063604265616, 44.509597564318959 ], [ 11.274981475499292, 44.50963426157881 ], [ 11.274791320601873, 44.509733633053678 ], [ 11.274658501651523, 44.50984002979483 ], [ 11.27454069161681, 44.509985491977872 ], [ 11.274356135719785, 44.51071559824797 ], [ 11.274379682930885, 44.510791463709936 ], [ 11.27440998961303, 44.510864731389901 ], [ 11.274487917062018, 44.510959559387786 ], [ 11.27386104743438, 44.511290885336656 ], [ 11.273271192821248, 44.511585504564067 ], [ 11.269506702917534, 44.513457126321804 ], [ 11.269101096385924, 44.51366088533441 ], [ 11.268232777547814, 44.514092528052146 ], [ 11.267977038457161, 44.514213537923489 ], [ 11.267763579722228, 44.514338017742041 ], [ 11.267587134953592, 44.514187509530842 ], [ 11.267322252784998, 44.513940884364317 ], [ 11.267263607231893, 44.513886219715374 ], [ 11.26704879283001, 44.513727686204923 ], [ 11.266964793501987, 44.513690614474697 ], [ 11.26689667653854, 44.513670289862091 ], [ 11.266824405298745, 44.513654705629349 ], [ 11.266732807020588, 44.513644174748144 ], [ 11.266641601420405, 44.513642957255257 ], [ 11.266483164129356, 44.513650986892827 ], [ 11.266045778841519, 44.513696018726137 ], [ 11.265737717944997, 44.513731373749891 ], [ 11.265313062726026, 44.513808341493167 ], [ 11.264882954139113, 44.513910262037122 ], [ 11.264577675531797, 44.513984804519772 ], [ 11.264470037279668, 44.514007186509104 ], [ 11.264249878034054, 44.514039622586495 ], [ 11.264102920632945, 44.514056593934633 ], [ 11.263903561357703, 44.51406688011086 ], [ 11.263471792880569, 44.514075697588325 ], [ 11.263376058931721, 44.514071437978416 ], [ 11.263015691294163, 44.514022913199341 ], [ 11.262854477337868, 44.514010675844766 ], [ 11.262595295045239, 44.513992681044563 ], [ 11.262464374819542, 44.513978275364295 ], [ 11.262385746356866, 44.513967457836053 ], [ 11.262306908948537, 44.513951989166479 ], [ 11.262238590538686, 44.513928539171559 ], [ 11.262196306361956, 44.513904567828618 ], [ 11.262142325043929, 44.513860640002925 ], [ 11.262110298233162, 44.513822478976842 ], [ 11.262073036226351, 44.513764228919008 ], [ 11.262004338374016, 44.51363357021426 ], [ 11.261859685191816, 44.513341105340714 ], [ 11.261688818881796, 44.513030345140145 ], [ 11.26154778331542, 44.512791167300264 ], [ 11.261428846829638, 44.512581281587259 ], [ 11.26126662100053, 44.51233191722698 ], [ 11.261105042826831, 44.512097403941844 ], [ 11.260643858794273, 44.51152500308406 ], [ 11.260681038800636, 44.511491754019346 ], [ 11.26071689236659, 44.511481494069571 ], [ 11.261537583160775, 44.511241097006504 ], [ 11.261264116002954, 44.510844061488619 ], [ 11.261039752167905, 44.510509719835575 ], [ 11.260821553602552, 44.510189377059248 ], [ 11.260296319669667, 44.509402682740529 ], [ 11.260500419573225, 44.509343475438655 ], [ 11.260472666662722, 44.509297904799723 ], [ 11.260263742957783, 44.508883042856326 ], [ 11.260201096115308, 44.508810061488603 ], [ 11.260106139065515, 44.50861370659824 ], [ 11.259818559720989, 44.508137865509461 ], [ 11.260423910623048, 44.507942244250515 ], [ 11.260801048864547, 44.507816583812257 ], [ 11.26017569136944, 44.506869771961178 ], [ 11.259764112256839, 44.506224092432291 ], [ 11.25973685577779, 44.50618095956586 ], [ 11.259681715101431, 44.506210394775145 ], [ 11.259388477011006, 44.506360118596312 ], [ 11.259049114261941, 44.506525262980567 ], [ 11.258906528354704, 44.506582773367796 ], [ 11.258650976829269, 44.506657020053126 ], [ 11.258161480547964, 44.506763197106423 ], [ 11.257893773124637, 44.50682916071014 ], [ 11.258022197146108, 44.506987346294842 ], [ 11.258088192318798, 44.507069132891054 ], [ 11.258645648377028, 44.508044747613411 ], [ 11.258664447816773, 44.508080736163485 ], [ 11.258613076515543, 44.508097570986109 ], [ 11.258171307274569, 44.50822959724205 ], [ 11.257802309423832, 44.50834024813539 ], [ 11.257941845108022, 44.508567866934207 ], [ 11.257970677813583, 44.508593021503017 ], [ 11.258275428421882, 44.509133338883466 ], [ 11.258305457473675, 44.509171766501886 ], [ 11.258340142678716, 44.509224489015708 ], [ 11.258432412698104, 44.50919026786493 ], [ 11.258650580185238, 44.50912014992258 ], [ 11.258719207021395, 44.509135682723191 ], [ 11.258759907012436, 44.509139003305762 ], [ 11.258791973537303, 44.509160802337426 ], [ 11.258833636547832, 44.509196532013057 ], [ 11.258891034331674, 44.509174603021428 ], [ 11.258943936054782, 44.509244424483363 ], [ 11.258910301662823, 44.509298573430229 ], [ 11.258907531934042, 44.509328897592987 ], [ 11.258908697988709, 44.509396967291849 ], [ 11.258913063156761, 44.509449502762962 ], [ 11.258891302652351, 44.50950111838781 ], [ 11.258830607359881, 44.509569968324548 ], [ 11.258791440819152, 44.509618059935065 ], [ 11.258799564149632, 44.509654911484226 ], [ 11.258687820261814, 44.509709073627832 ], [ 11.258773579445178, 44.509821244042968 ], [ 11.258847540319051, 44.509920971322849 ], [ 11.258883876153378, 44.509986431154196 ], [ 11.258943232152948, 44.509961178351077 ], [ 11.259423825439796, 44.509776964324416 ], [ 11.259912117275551, 44.510513521315097 ], [ 11.259355803620217, 44.510728353055761 ], [ 11.258710846978827, 44.510962531526182 ], [ 11.25856093236222, 44.511018530883696 ], [ 11.258584298617176, 44.51104709918323 ], [ 11.258926582516635, 44.511565840066154 ], [ 11.25898580820532, 44.511640760536615 ], [ 11.259398064830689, 44.511458175283778 ], [ 11.259498695712049, 44.511434896974528 ], [ 11.259582551952169, 44.511527153815614 ], [ 11.259656219133685, 44.51153226482969 ], [ 11.259722678887938, 44.511521113980436 ], [ 11.26034621920626, 44.512290927167072 ], [ 11.260444215132136, 44.512322102731126 ], [ 11.260001851704489, 44.512491304989545 ], [ 11.259577514775962, 44.51266167195714 ], [ 11.259283991490934, 44.512781443183314 ], [ 11.25844762287168, 44.513107978162772 ], [ 11.25813160929567, 44.512664442336586 ], [ 11.25679056035484, 44.51314740538556 ], [ 11.256716285706281, 44.513042472335258 ], [ 11.256270639151788, 44.513142104543562 ], [ 11.254886441597518, 44.513471733492892 ], [ 11.254696389095036, 44.513527118870314 ], [ 11.254648924458509, 44.513521831046816 ], [ 11.254182266776203, 44.513636501042789 ], [ 11.252895938478893, 44.513959145294429 ], [ 11.252832409731282, 44.513950378256126 ], [ 11.252762445274783, 44.513956884105752 ], [ 11.252699624318934, 44.513966610507374 ], [ 11.252053938679976, 44.514141618768988 ], [ 11.251958831970445, 44.514163807452867 ], [ 11.251872790624905, 44.514178229869266 ], [ 11.251776942319969, 44.514181075706716 ], [ 11.251689253494932, 44.514182913381291 ], [ 11.251032292585764, 44.514147570870968 ], [ 11.250762937943428, 44.514135740069996 ], [ 11.250674113548722, 44.514136872845867 ], [ 11.25061531470825, 44.514150461026233 ], [ 11.250535236488826, 44.514146511261721 ], [ 11.250461397013428, 44.514156204281008 ], [ 11.250410971979518, 44.51416611717589 ], [ 11.250316615322191, 44.514194667124421 ], [ 11.250019719340193, 44.514279519504392 ], [ 11.249715422613065, 44.514369033547176 ], [ 11.249637776398618, 44.514390616924388 ], [ 11.249578543873183, 44.514410700367435 ], [ 11.249492064590672, 44.51444243795622 ], [ 11.249419467962603, 44.514474989439677 ], [ 11.249336354916911, 44.514514396487364 ], [ 11.249137039988156, 44.514609642024752 ], [ 11.248966688966725, 44.514679047302714 ], [ 11.248506294425004, 44.514881821955626 ], [ 11.248212092622976, 44.515017768250885 ], [ 11.248060874397229, 44.515082013207589 ], [ 11.247962598294789, 44.515131693596288 ], [ 11.24780094664043, 44.515213412385165 ], [ 11.24762200756139, 44.515314487437216 ], [ 11.247460743568231, 44.515410434770232 ], [ 11.247375253359436, 44.515457490753597 ], [ 11.247596413636769, 44.515774494091723 ], [ 11.247794319698905, 44.516216503576693 ], [ 11.248145009724068, 44.516714915494198 ], [ 11.248777175995581, 44.517610140697954 ], [ 11.249564586116682, 44.517331933828423 ], [ 11.249574660569923, 44.517378012086787 ], [ 11.250672213579289, 44.518855222568199 ], [ 11.251686893360182, 44.518536603497189 ], [ 11.251768520930277, 44.518577826705176 ], [ 11.252184660823168, 44.518438564517432 ], [ 11.253538245512814, 44.517985886614518 ], [ 11.254375664250549, 44.519247793653356 ], [ 11.25442773721897, 44.519223391052634 ], [ 11.255278210813255, 44.518979935732673 ], [ 11.255501324437974, 44.518951028126764 ], [ 11.256904543511599, 44.518536515983776 ], [ 11.25748493999126, 44.519346210439302 ], [ 11.258387551015389, 44.519042421731442 ], [ 11.258414168100522, 44.519076815193444 ], [ 11.259166880176902, 44.518751948886411 ], [ 11.259668586275732, 44.519426320803028 ], [ 11.259713346152866, 44.519398851136039 ], [ 11.259996369250782, 44.519252626590671 ], [ 11.260275762279887, 44.519102309530602 ], [ 11.260414832398501, 44.519030358605399 ], [ 11.260739358061569, 44.518857503669295 ], [ 11.260966084373953, 44.518728940995182 ], [ 11.261082510544844, 44.518673458691055 ], [ 11.261259594916483, 44.518588659743223 ], [ 11.261395561671749, 44.518527749515556 ], [ 11.261530473630048, 44.518460432192455 ], [ 11.261629481636243, 44.51840387559011 ], [ 11.261743192936898, 44.518339335802736 ], [ 11.261845744324413, 44.518290366387632 ], [ 11.261941466702673, 44.518261091159331 ], [ 11.261981493385152, 44.518249415752564 ], [ 11.262113901248181, 44.518195553070733 ], [ 11.262254902487859, 44.518120716818423 ], [ 11.262296038345402, 44.518104511737505 ], [ 11.263066416783587, 44.517715224432671 ], [ 11.263180859800238, 44.517659484011105 ], [ 11.263239743379708, 44.517635496019977 ], [ 11.263963873381542, 44.517272473452365 ], [ 11.264036770640395, 44.517245075135875 ], [ 11.264080318662492, 44.517299603323984 ], [ 11.264287011360741, 44.517577864670166 ], [ 11.264467111947956, 44.517736775903344 ], [ 11.26448189871372, 44.517767712474559 ], [ 11.265089027754717, 44.518621660816834 ], [ 11.265021496385179, 44.518646637876081 ], [ 11.265191677264337, 44.518867618458025 ], [ 11.265357013536883, 44.519083009798699 ], [ 11.265408897282191, 44.519146253071831 ], [ 11.266334249435449, 44.520479365487326 ], [ 11.265287688310115, 44.520856522232819 ], [ 11.263992081637968, 44.521318998035149 ], [ 11.263576342137627, 44.521465596380907 ], [ 11.262033199422692, 44.522016735755699 ], [ 11.260822571445427, 44.522479011235276 ], [ 11.263373326598307, 44.525992670886481 ], [ 11.263504981842384, 44.526167507979359 ], [ 11.263686638081845, 44.526435609230525 ], [ 11.263744593576142, 44.526521156341239 ], [ 11.263916210452303, 44.526774503957277 ], [ 11.264176571621546, 44.52713431623954 ], [ 11.264453592338914, 44.527517091537689 ], [ 11.264644868923357, 44.527789946369161 ], [ 11.265077300455086, 44.528384669114892 ], [ 11.265318972660575, 44.528721669756351 ], [ 11.265549130267598, 44.529045959925952 ], [ 11.265605189579636, 44.529124983529719 ], [ 11.265789562692969, 44.529385407623586 ], [ 11.266021653244296, 44.529704559396052 ], [ 11.266148215462213, 44.529878386213639 ], [ 11.266761794092682, 44.530727031215214 ], [ 11.267204277334956, 44.531354220744966 ], [ 11.267335125848236, 44.531543607490448 ], [ 11.267514570301898, 44.53190243525745 ], [ 11.267640135373371, 44.532193359135377 ], [ 11.267701069187723, 44.532450971807997 ], [ 11.267767929643577, 44.532786137935389 ], [ 11.267786460281739, 44.53300222693251 ], [ 11.267814693642418, 44.533041432980646 ], [ 11.267963058915321, 44.533172282137286 ], [ 11.268161787299249, 44.533307466249163 ], [ 11.268363662246685, 44.533334909890684 ], [ 11.268514125117139, 44.533137441670988 ], [ 11.268664607319753, 44.532939913446683 ], [ 11.268888836098819, 44.532602474604872 ], [ 11.269041641180467, 44.532466360958907 ], [ 11.269123204336749, 44.532488059005921 ], [ 11.269195395399612, 44.532379542366726 ], [ 11.269236767304722, 44.532447731655289 ], [ 11.270316047524817, 44.534226834380767 ], [ 11.270495429255833, 44.534506651356011 ], [ 11.270641854886227, 44.534434492294267 ], [ 11.270906136030517, 44.534303777634669 ], [ 11.271218433092571, 44.534149427855183 ], [ 11.271645383525382, 44.533915424289816 ], [ 11.271959993629419, 44.533740657296804 ], [ 11.272539378237086, 44.533421766275389 ], [ 11.273358433175551, 44.532973059716724 ], [ 11.273448890487105, 44.532928018153576 ], [ 11.27358690429765, 44.532879702207673 ], [ 11.273916395030257, 44.532768338110557 ], [ 11.27413061580736, 44.532696890174918 ], [ 11.274537051928439, 44.532552763382938 ], [ 11.274860037574507, 44.532435430548468 ], [ 11.275200285355652, 44.532313530559968 ], [ 11.275366836578391, 44.532254737284731 ], [ 11.275496190958517, 44.532206813989355 ], [ 11.27555191170967, 44.532186170459603 ], [ 11.275827733594191, 44.532093745194047 ], [ 11.276214467967069, 44.531972823037336 ], [ 11.276494883996193, 44.531887531791973 ], [ 11.277229397467618, 44.531658966877046 ], [ 11.277565577459532, 44.531551603554867 ], [ 11.278243512445059, 44.531338155365539 ], [ 11.278537030648776, 44.531228643641569 ], [ 11.27866170243945, 44.531333902061114 ], [ 11.278735054456186, 44.531418705618698 ], [ 11.278799056334945, 44.53150823756129 ], [ 11.278860435802597, 44.531611452567063 ], [ 11.279174155141339, 44.532138711565729 ], [ 11.279245484354123, 44.53225232729325 ], [ 11.279430279179699, 44.532192626376599 ], [ 11.279413705349235, 44.532163190414721 ], [ 11.279069469352901, 44.531633594805449 ], [ 11.278778352975584, 44.531206258131135 ], [ 11.278723740084653, 44.53112223826367 ], [ 11.278861553805109, 44.531079659042327 ], [ 11.278836400466817, 44.531037949146423 ], [ 11.279304647687615, 44.53088412972933 ], [ 11.279632196402508, 44.530798868243565 ], [ 11.278613183667396, 44.529108844689098 ], [ 11.280929349512036, 44.528309964441455 ], [ 11.280847314959212, 44.528151482441544 ], [ 11.280662918044309, 44.527838264320764 ], [ 11.280513857103291, 44.527785126674289 ], [ 11.280274542456246, 44.527443831344137 ], [ 11.28024357926633, 44.527380612767963 ], [ 11.280566425045627, 44.527320222023569 ], [ 11.280633471843281, 44.527310343642505 ], [ 11.281278936272777, 44.527137494632328 ], [ 11.281306555987793, 44.527181520594517 ], [ 11.281549034948014, 44.527551864764625 ], [ 11.281606992675849, 44.527640764270203 ], [ 11.282092983542032, 44.528428581826446 ], [ 11.282362993515861, 44.528685828481457 ], [ 11.283793744470421, 44.528229828675904 ], [ 11.284153169349166, 44.528115051599215 ], [ 11.284204067182953, 44.528107255144775 ], [ 11.284250544907039, 44.52812709670755 ], [ 11.284290514120231, 44.528161686824625 ], [ 11.284316226363336, 44.528194323286236 ], [ 11.284370430719171, 44.528280058266787 ], [ 11.284600368583112, 44.528646076239461 ], [ 11.284969023204683, 44.529222639714504 ], [ 11.285155357909995, 44.529511751796875 ], [ 11.285186372582636, 44.529558908344967 ], [ 11.285909225310972, 44.529348950923037 ], [ 11.286685244440944, 44.529086325842563 ], [ 11.286744153400139, 44.529063168783701 ], [ 11.286532402569252, 44.528752947859665 ], [ 11.28642467733569, 44.528592080256097 ], [ 11.286480989526217, 44.528575222209277 ], [ 11.286707963977161, 44.528488387998522 ], [ 11.28680910754691, 44.528449677409654 ], [ 11.287134016207666, 44.528343866528296 ], [ 11.287455742800814, 44.528236687978634 ], [ 11.287558962556455, 44.528237553525813 ], [ 11.287420833895929, 44.527986750294147 ], [ 11.287360558225782, 44.527874950008048 ], [ 11.287305939254768, 44.527775835266432 ], [ 11.287226962460704, 44.527635058612496 ], [ 11.287289157182265, 44.527610783936673 ], [ 11.287235422961494, 44.527574015674091 ], [ 11.286579154537366, 44.527128011415527 ], [ 11.28633655294573, 44.527274987501215 ], [ 11.286317200059912, 44.527328038208232 ], [ 11.286113360363224, 44.527398413523962 ], [ 11.286037316774637, 44.527422935185569 ], [ 11.286033089401494, 44.527449879841924 ], [ 11.285983828842689, 44.52746003540264 ], [ 11.285922606136811, 44.527476870903783 ], [ 11.285783542243733, 44.527513236837258 ], [ 11.285421080760814, 44.526869843878131 ], [ 11.285218671891611, 44.526503230462787 ], [ 11.285084406040966, 44.526245414135644 ], [ 11.285078527422741, 44.526212683309026 ], [ 11.285087041706507, 44.526181852894233 ], [ 11.285114950090149, 44.526150610849726 ], [ 11.285163676523791, 44.526109226609357 ], [ 11.285091657692675, 44.526005610314435 ], [ 11.284180916984637, 44.524590359467858 ], [ 11.283699919604858, 44.523765276224594 ], [ 11.283601457031226, 44.523761707575375 ], [ 11.283317404237346, 44.523752754059927 ], [ 11.283067860548543, 44.523749666230771 ], [ 11.282853498461066, 44.523750269353229 ], [ 11.282622919785412, 44.523755163761749 ], [ 11.282369530371666, 44.523763315367972 ], [ 11.282110606092015, 44.523775000731064 ], [ 11.28191899667647, 44.523786714619803 ], [ 11.281699112070269, 44.523800514776305 ], [ 11.281533406311661, 44.523813964500079 ], [ 11.281313431166502, 44.523835151416669 ], [ 11.281110513747398, 44.523857443764527 ], [ 11.280875744412301, 44.523883879565432 ], [ 11.280676982003028, 44.523909334443395 ], [ 11.280502299623768, 44.523935036233318 ], [ 11.28029290001848, 44.52396565884753 ], [ 11.280105439044105, 44.523996571190615 ], [ 11.279910339129351, 44.524031958816195 ], [ 11.279773336740053, 44.524057641547827 ], [ 11.279545672515102, 44.524104760121027 ], [ 11.279328631152397, 44.524152841868151 ], [ 11.279156114150839, 44.52419211742135 ], [ 11.279098244846878, 44.524206297680877 ], [ 11.279170491125376, 44.524094338137324 ], [ 11.27919356433009, 44.524043545096184 ], [ 11.2792774209124, 44.52391837919518 ], [ 11.279563732057088, 44.523548350514574 ], [ 11.279609701161684, 44.523492497171176 ], [ 11.27984097958147, 44.523250242560138 ], [ 11.280003548236841, 44.523085362978854 ], [ 11.280206173960355, 44.522894822494472 ], [ 11.280430844441844, 44.522702720452109 ], [ 11.28068040808118, 44.522501086568795 ], [ 11.280988568030132, 44.522263255072872 ], [ 11.281405460582526, 44.521979197558679 ], [ 11.281682714239702, 44.52179964049877 ], [ 11.281972940850521, 44.521628875501712 ], [ 11.282302849424678, 44.521447720587005 ], [ 11.282530064955736, 44.521328684953112 ], [ 11.282828821617889, 44.521189085108752 ], [ 11.283100715111436, 44.521069834569779 ], [ 11.283499052479161, 44.520913438413096 ], [ 11.284098662397483, 44.520688746394292 ], [ 11.284642225442914, 44.520486890690428 ], [ 11.284905072480585, 44.520790892038555 ], [ 11.285123067745113, 44.521039936943993 ], [ 11.285532038134251, 44.521520194038459 ], [ 11.285689102374954, 44.521702593769959 ], [ 11.28583598076759, 44.521872564855705 ], [ 11.285982611650882, 44.522042619926268 ], [ 11.286079260174423, 44.522157260356813 ], [ 11.286318065741501, 44.522440019353404 ], [ 11.286604791713188, 44.522773500728299 ], [ 11.286808196848598, 44.523006169951692 ], [ 11.286877381670381, 44.523080355920968 ], [ 11.286956485144382, 44.523160102073028 ], [ 11.287057568666748, 44.523253985642604 ], [ 11.287172038272903, 44.523351703386233 ], [ 11.287400195890376, 44.523526856130218 ], [ 11.287532453280283, 44.523618418536671 ], [ 11.2876284410509, 44.523675188055016 ], [ 11.287831675327912, 44.523793080805035 ], [ 11.287919659857605, 44.523838398981077 ], [ 11.287952704908379, 44.523855357375389 ], [ 11.28804466745801, 44.523902669012578 ], [ 11.288111039272236, 44.523954699507982 ], [ 11.288318449024677, 44.524061749642222 ], [ 11.288544152990632, 44.524132982394782 ], [ 11.288729761108527, 44.524206174528331 ], [ 11.289152021854454, 44.524328432854269 ], [ 11.289423811633583, 44.524389703832014 ], [ 11.289531906811394, 44.524414449915 ], [ 11.289844644503056, 44.524475427965299 ], [ 11.290148799778349, 44.524525343952767 ], [ 11.290487203026487, 44.524551568639616 ], [ 11.291007642295119, 44.524559423563815 ], [ 11.292203470649866, 44.524477991495111 ], [ 11.292955418985946, 44.524407369530152 ], [ 11.293783965716445, 44.524379600470894 ], [ 11.294494332010899, 44.524333683151184 ], [ 11.294957654432734, 44.524255771856502 ], [ 11.295062786341104, 44.524260418258834 ], [ 11.295124951506956, 44.524264842728101 ], [ 11.295471111829144, 44.524282120979215 ], [ 11.295988995242842, 44.524306574658084 ], [ 11.296413463629378, 44.524326054283698 ], [ 11.296589720797771, 44.524333968682072 ], [ 11.296489641670149, 44.524112152542727 ], [ 11.296034592055321, 44.52305308669677 ], [ 11.295953642817524, 44.522856329187675 ], [ 11.295752966492879, 44.522504751713377 ], [ 11.29566196840663, 44.522350234392619 ], [ 11.295738824997626, 44.522331108588354 ], [ 11.295902602730264, 44.522272979324804 ], [ 11.295936760021572, 44.522319551243875 ], [ 11.296115601681681, 44.522251856873631 ], [ 11.296328602348067, 44.522162072417423 ], [ 11.296301994684999, 44.522120391979357 ], [ 11.296472726191258, 44.522057812493443 ], [ 11.296560635008158, 44.522025932240346 ], [ 11.296653464658105, 44.521980818192922 ], [ 11.296905896256346, 44.521845543469269 ], [ 11.29733070696075, 44.521632645199489 ], [ 11.29779901896433, 44.521395423469322 ], [ 11.298073362787912, 44.521253357382946 ], [ 11.29820579580892, 44.521189806992815 ], [ 11.298102559811927, 44.521056274454601 ], [ 11.297967611835755, 44.520877179085069 ], [ 11.297910949848749, 44.520795858092008 ], [ 11.297960873693972, 44.52078186963967 ], [ 11.298464942095359, 44.520619479304848 ], [ 11.29849001783808, 44.520572869625553 ], [ 11.298481732305961, 44.520539294876855 ], [ 11.298471351480103, 44.520513072390308 ], [ 11.298458430559018, 44.520481838909753 ], [ 11.298396401494168, 44.520309313297957 ], [ 11.298283312395405, 44.520027584759994 ], [ 11.298273747200916, 44.520001907591691 ], [ 11.298255423514489, 44.519951099670926 ], [ 11.298245013766536, 44.519923752424155 ], [ 11.298215358665622, 44.519841677185539 ], [ 11.298110560406572, 44.519569336853692 ], [ 11.298067646739483, 44.51946389857607 ], [ 11.298028210571591, 44.519365132290474 ], [ 11.298010224989778, 44.519320478868771 ], [ 11.297973185263915, 44.519222651900456 ], [ 11.297957643420977, 44.519180719362971 ], [ 11.297936759419763, 44.519120305881081 ], [ 11.297918928978008, 44.519080105586077 ], [ 11.297886343333669, 44.518987255565001 ], [ 11.297837287767939, 44.518871070236521 ], [ 11.297826066680139, 44.518841159145445 ], [ 11.297790716517982, 44.518748075758502 ], [ 11.297746087113165, 44.518658267912819 ], [ 11.297688676683926, 44.518587735206701 ], [ 11.297720150655511, 44.51856640752009 ], [ 11.297803657188108, 44.518494400479987 ], [ 11.297961250644835, 44.518437301076126 ], [ 11.298024961748972, 44.518402286855576 ], [ 11.298168308682238, 44.518317291449634 ], [ 11.298258994598125, 44.518284618456647 ], [ 11.298302815155511, 44.518269709330802 ], [ 11.298343736830789, 44.518258100374176 ], [ 11.298858285520614, 44.518084262057734 ], [ 11.298828275535163, 44.518057259151718 ], [ 11.298802099276855, 44.517939539476387 ], [ 11.298745603046939, 44.517785809744467 ], [ 11.298663380201884, 44.517636511436628 ], [ 11.298534742423051, 44.517505553198831 ], [ 11.298428475829354, 44.517451856279237 ], [ 11.29824134539143, 44.517397522249141 ], [ 11.29843026521317, 44.517247149764685 ], [ 11.298761600648653, 44.517331159051402 ], [ 11.298794228217842, 44.517344045468391 ], [ 11.298838940434287, 44.517365705480607 ], [ 11.29887569068925, 44.517384140852975 ], [ 11.298917991722721, 44.51740415871032 ], [ 11.298953177891775, 44.517422622855278 ], [ 11.298983659247, 44.517441177239171 ], [ 11.299018885923944, 44.517460765867831 ], [ 11.299069598119722, 44.517496381353915 ], [ 11.299134548822517, 44.517535099511008 ], [ 11.299190314453423, 44.517580184684839 ], [ 11.299426885309144, 44.517742235284416 ], [ 11.299611686104686, 44.517275442650714 ], [ 11.299720283574416, 44.517176272166239 ], [ 11.299794106749722, 44.517070456966579 ], [ 11.299829227236161, 44.517043896763788 ], [ 11.299889035370077, 44.517027558515871 ], [ 11.299949273112228, 44.517023031941804 ], [ 11.300112219060217, 44.517038490378468 ], [ 11.300238220492446, 44.517051839215064 ], [ 11.300317789307922, 44.51706101012546 ], [ 11.300373509464546, 44.517050941458969 ], [ 11.300409564511202, 44.517018179286985 ], [ 11.300432723724002, 44.516965406816126 ], [ 11.300449136353016, 44.516899821015727 ], [ 11.300448814579179, 44.516805857880634 ], [ 11.300448971682023, 44.516746210054535 ], [ 11.300465029394255, 44.516692449962882 ], [ 11.300578861139892, 44.516546807286367 ], [ 11.300615061755366, 44.516497170415455 ], [ 11.300656601722192, 44.516464874686839 ], [ 11.300696322762029, 44.516415174041541 ], [ 11.300749540136984, 44.516348902233389 ], [ 11.300814786642039, 44.516268903015316 ], [ 11.3008819692127, 44.516198998018375 ], [ 11.301017466644133, 44.51613231178672 ], [ 11.301150074565976, 44.516051621640912 ], [ 11.301323319552312, 44.515947111474595 ], [ 11.301490464094622, 44.515826978556724 ], [ 11.301656119834774, 44.515709697713255 ], [ 11.301726598769292, 44.515666760442286 ], [ 11.301805222489389, 44.515632108701254 ], [ 11.301871674779013, 44.515607247752875 ], [ 11.30201492160573, 44.51556183556675 ], [ 11.302093855904605, 44.515535619065126 ], [ 11.302172503323927, 44.515516047683384 ], [ 11.302215783072082, 44.515496622368907 ], [ 11.302312190516201, 44.515468822674954 ], [ 11.302367590673324, 44.515458151813988 ], [ 11.302438160146682, 44.51543311837095 ], [ 11.302562028031137, 44.515404206441666 ], [ 11.302652291480944, 44.515380466307406 ], [ 11.302768908925842, 44.515347200923799 ], [ 11.302855298724579, 44.515325198841659 ], [ 11.302892314119855, 44.515306970946199 ], [ 11.302952032392119, 44.515266291776186 ], [ 11.303004967483131, 44.515233081107866 ], [ 11.303052095245031, 44.51525243920193 ], [ 11.303161325684396, 44.51525194052941 ], [ 11.303487355753321, 44.515168235404168 ], [ 11.30360708448816, 44.51541374542083 ], [ 11.303953940924652, 44.515325993360172 ], [ 11.304260210407353, 44.515246347989908 ], [ 11.304893249049179, 44.515081755183765 ], [ 11.305727880694722, 44.514864804666438 ], [ 11.306406619199462, 44.514640698915599 ], [ 11.306998092640217, 44.514453070212369 ], [ 11.307448356833373, 44.514317147946926 ], [ 11.30727407965612, 44.514536489868476 ], [ 11.307234267366358, 44.514589411273548 ], [ 11.307150657229109, 44.514719109457864 ], [ 11.307069388233984, 44.514864871248527 ], [ 11.306988232340968, 44.515026321257174 ], [ 11.306883944106069, 44.515260387001518 ], [ 11.306802883147817, 44.515467172748352 ], [ 11.30676011372228, 44.515578987273848 ], [ 11.306643098468442, 44.515874428341753 ], [ 11.306617812274681, 44.515977783629104 ], [ 11.306601236005054, 44.516054598919865 ], [ 11.306572146393268, 44.516138771869372 ], [ 11.306548539212654, 44.51620118197836 ], [ 11.306527288127318, 44.516259370889557 ], [ 11.30646008705304, 44.516417614497854 ], [ 11.306396459602242, 44.516588019439176 ], [ 11.306342692387515, 44.516735782648134 ], [ 11.306272331417107, 44.516948654487443 ], [ 11.306221730010529, 44.517142569208708 ], [ 11.306192866691351, 44.517271654843093 ], [ 11.306161243481197, 44.517425088727116 ], [ 11.306134749474543, 44.517612783544635 ], [ 11.306121689189572, 44.517808976358396 ], [ 11.306114610746969, 44.517957919932364 ], [ 11.306111492037456, 44.51809060231254 ], [ 11.30612560168947, 44.518243820779759 ], [ 11.306170910981969, 44.518497773235396 ], [ 11.306209510042885, 44.518680940886185 ], [ 11.306259506624704, 44.518854951320336 ], [ 11.306310553233898, 44.519013762203841 ], [ 11.306365179636629, 44.519166698587398 ], [ 11.306411979455751, 44.519281468291645 ], [ 11.306483692043633, 44.519433779416268 ], [ 11.3065479021, 44.519556803728449 ], [ 11.306647473498732, 44.519728922820164 ], [ 11.306734271922203, 44.519858763753959 ], [ 11.306771907154776, 44.519911050802207 ], [ 11.306811840550679, 44.519976703403053 ], [ 11.306973027932813, 44.520188531477487 ], [ 11.307070897354224, 44.520312416481552 ], [ 11.307198528068916, 44.520448962453273 ], [ 11.307259089334586, 44.520509372605915 ], [ 11.307555500035864, 44.520795677957913 ], [ 11.307724806373383, 44.520946307108773 ], [ 11.307972251823838, 44.521161370134728 ], [ 11.308190251328146, 44.521351965807654 ], [ 11.308437694589729, 44.521569974387951 ], [ 11.308653957380928, 44.521759690521598 ], [ 11.308920462168297, 44.522000377975026 ], [ 11.309152423382795, 44.522202568251984 ], [ 11.309423263666696, 44.522439086855087 ], [ 11.309619601054175, 44.522611977851334 ], [ 11.3098627847604, 44.522831494576053 ], [ 11.310104278571201, 44.523040559701137 ], [ 11.310294490574696, 44.52320521010558 ], [ 11.310347781718542, 44.523255237241912 ], [ 11.3105456379058, 44.523429162682255 ], [ 11.310671968879847, 44.5235393643324 ], [ 11.310791970509852, 44.523645839972652 ], [ 11.310880595763424, 44.523719447670622 ], [ 11.310918342205564, 44.52375647444422 ], [ 11.310970967591649, 44.523797565327662 ], [ 11.3110526556728, 44.523867034416604 ], [ 11.311184792471794, 44.523984365902919 ], [ 11.31126223555631, 44.524053142964291 ], [ 11.311295490632862, 44.524074122577765 ], [ 11.311323194762354, 44.524099678037878 ], [ 11.311358979456053, 44.52413558035397 ], [ 11.311415520928019, 44.524096467251624 ], [ 11.311757535325691, 44.523928667792767 ], [ 11.312077629658774, 44.523774968145069 ], [ 11.312731701583706, 44.523440407764014 ], [ 11.312859925335383, 44.523385689643789 ], [ 11.312970315867927, 44.523345644968785 ], [ 11.313056369058732, 44.52329088081941 ], [ 11.313566155663699, 44.524442583783639 ], [ 11.313607151355553, 44.524498558990985 ], [ 11.31366294153732, 44.52455184775426 ], [ 11.313727410185454, 44.52460266764129 ], [ 11.313810162375768, 44.524647799994135 ], [ 11.313776335462268, 44.524815800688401 ], [ 11.313752001391736, 44.524978038184472 ], [ 11.313702918004322, 44.525153307046843 ], [ 11.313642001297337, 44.525278622018213 ], [ 11.313570048301763, 44.525419484765159 ], [ 11.31343356046794, 44.525599282387724 ], [ 11.313320245406731, 44.525745635721954 ], [ 11.313187964238351, 44.525916469483718 ], [ 11.312814703352361, 44.526626494019112 ], [ 11.312684724690696, 44.527057936616252 ], [ 11.312174464412362, 44.526814777583283 ], [ 11.311996991800122, 44.52673016070117 ], [ 11.311812434423047, 44.526641277573788 ], [ 11.311546748457847, 44.526514404175366 ], [ 11.311239763183448, 44.526367122130424 ], [ 11.310996122744845, 44.52625297631635 ], [ 11.310852952123664, 44.526185531462843 ], [ 11.310631141568752, 44.526085275907072 ], [ 11.310324136421313, 44.525951535217871 ], [ 11.310141415307065, 44.525875354413131 ], [ 11.309850926242333, 44.525761587050994 ], [ 11.309686134717298, 44.525698634760644 ], [ 11.309383095478037, 44.525589823961646 ], [ 11.30928034005794, 44.525555928524582 ], [ 11.309159764516233, 44.525517266519444 ], [ 11.309093480858751, 44.525491356607453 ], [ 11.308918548380445, 44.525434909216919 ], [ 11.308821201547945, 44.525405199984384 ], [ 11.308669551973782, 44.525358917809591 ], [ 11.30832690290462, 44.525264320861922 ], [ 11.308142260794698, 44.525215809007989 ], [ 11.308346739951633, 44.525515080006372 ], [ 11.308723945110337, 44.525932201857707 ], [ 11.309004250978493, 44.526320173268665 ], [ 11.309331427277703, 44.526760907674756 ], [ 11.309462834077697, 44.526945000744114 ], [ 11.309792376289495, 44.52737842446421 ], [ 11.31010241933553, 44.527796246982369 ], [ 11.310408474715697, 44.528204484206064 ], [ 11.310661802198515, 44.528543743607898 ], [ 11.310891658812796, 44.528859708154194 ], [ 11.310939193479816, 44.528951829456581 ], [ 11.310960435801409, 44.528987077398803 ], [ 11.310992234591193, 44.52906997994468 ], [ 11.311102105087715, 44.529272073706927 ], [ 11.311193369637369, 44.529398889399502 ], [ 11.311349932486733, 44.529617840978915 ], [ 11.311444309844239, 44.529759715905215 ], [ 11.311510725920622, 44.529838242503388 ], [ 11.311595753841095, 44.529949254151688 ], [ 11.311645157209297, 44.530030092228515 ], [ 11.311711275199317, 44.530149661925243 ], [ 11.311768157989384, 44.530267790948137 ], [ 11.311823520819065, 44.530359403130554 ], [ 11.311853234105648, 44.530461234083205 ], [ 11.311883689691296, 44.530572499959781 ], [ 11.311895488869226, 44.530718775538908 ], [ 11.311908405709097, 44.530825432606534 ], [ 11.311917251876961, 44.53091786167586 ], [ 11.31190987797552, 44.531026984960853 ], [ 11.311902711416529, 44.531138262853389 ], [ 11.311864654837168, 44.531264450669902 ], [ 11.311815679814247, 44.531436927384206 ], [ 11.311756633567699, 44.531608069495356 ], [ 11.31170403037876, 44.531758657935171 ], [ 11.311664359474046, 44.531872728539263 ], [ 11.311654341244338, 44.531938615735079 ], [ 11.311632767899271, 44.53201966673354 ], [ 11.31160957674139, 44.532172922936901 ], [ 11.311571923322029, 44.532247985161817 ], [ 11.311529632561109, 44.53232016863862 ], [ 11.311487452100584, 44.532409897612567 ], [ 11.311450312709537, 44.532485489538644 ], [ 11.311399933901711, 44.532585815723728 ], [ 11.311354494065212, 44.532676326343434 ], [ 11.311329028920767, 44.53280496516733 ], [ 11.311290358139903, 44.532923511241748 ], [ 11.311249798212648, 44.533045782089395 ], [ 11.311202743013068, 44.533176906985148 ], [ 11.311152205168259, 44.533323936930799 ], [ 11.311108330232257, 44.53347074733248 ], [ 11.311063605038782, 44.533596966321646 ], [ 11.311018831072326, 44.53374721224715 ], [ 11.310982085296734, 44.533882183968139 ], [ 11.310952834861176, 44.53400810222967 ], [ 11.310942588776948, 44.534097298820164 ], [ 11.310945743708588, 44.534147990347186 ], [ 11.310952049929194, 44.534216709573727 ], [ 11.310962867622621, 44.534259424569115 ], [ 11.310976463777116, 44.534291469325318 ], [ 11.311003344001916, 44.5343429634014 ], [ 11.311035308106987, 44.534388420976526 ], [ 11.311081546046013, 44.534445481912563 ], [ 11.311148543018602, 44.53453381956966 ], [ 11.311237319159158, 44.534657102494265 ], [ 11.311327931994651, 44.534771352825842 ], [ 11.311410376607631, 44.534878922948891 ], [ 11.311499466004317, 44.534999503060384 ], [ 11.311586647889587, 44.535112202197276 ], [ 11.311681292699912, 44.535246717219863 ], [ 11.311734999739805, 44.535325056260156 ], [ 11.311783213690866, 44.535373080654018 ], [ 11.31179667523058, 44.53541178540668 ], [ 11.312026373332694, 44.535716287606654 ], [ 11.312095490531322, 44.535799543928626 ], [ 11.31217963123553, 44.535912206966877 ], [ 11.312278984800216, 44.536052473244602 ], [ 11.31239453873566, 44.536201695575613 ], [ 11.312483756783923, 44.536319030473635 ], [ 11.312565165642978, 44.536436694550019 ], [ 11.312673484925931, 44.536570308720016 ], [ 11.312765777263603, 44.53669640178785 ], [ 11.312863246593714, 44.536829954714669 ], [ 11.312964217028119, 44.536962720014543 ], [ 11.313076932136855, 44.537114157058461 ], [ 11.313184257592779, 44.53726659625373 ], [ 11.313531211507559, 44.53773180275504 ], [ 11.313817710971913, 44.537773033251099 ], [ 11.314405394779728, 44.53757382296034 ], [ 11.315896509476854, 44.537066774107331 ], [ 11.316746252143943, 44.536802865881668 ], [ 11.316875379245115, 44.537173698063491 ], [ 11.31696921425622, 44.537346253571734 ], [ 11.317426509236599, 44.538048315733917 ], [ 11.317500443690333, 44.538187732257114 ], [ 11.317559307717069, 44.53834309298793 ], [ 11.3176703367497, 44.538640529388893 ], [ 11.317784748686604, 44.53902956792821 ], [ 11.317851880623133, 44.539238428285337 ], [ 11.317873643012375, 44.539311907960467 ], [ 11.318200087096637, 44.539184736084074 ], [ 11.318451472699085, 44.539090385931502 ], [ 11.318728058917024, 44.538990852826942 ], [ 11.318997888290285, 44.538907316069903 ], [ 11.319168044879754, 44.538845629976173 ], [ 11.319446124220955, 44.538741727374735 ], [ 11.319755115078189, 44.538617763970841 ], [ 11.319986550787052, 44.538519276764958 ], [ 11.3201909445665, 44.538429238447442 ], [ 11.320456469736778, 44.538306397854122 ], [ 11.320728658215705, 44.538172525414573 ], [ 11.321030967058633, 44.538016224969539 ], [ 11.321311970103119, 44.537860949346069 ], [ 11.32162032873012, 44.537680584782663 ], [ 11.321842091113517, 44.537544019881118 ], [ 11.322030004791017, 44.537422860419859 ], [ 11.322192987223593, 44.537311930556385 ], [ 11.322618125161975, 44.53701845376888 ], [ 11.322852791414833, 44.536832518236181 ], [ 11.322984314301969, 44.536729695889647 ], [ 11.323233847138679, 44.536520386246409 ], [ 11.323377837240068, 44.53639311540563 ], [ 11.323431608228947, 44.536341952498603 ], [ 11.323648785264307, 44.536133052024958 ], [ 11.323958807017625, 44.535820770058706 ], [ 11.324238209242299, 44.535526488268516 ], [ 11.324424160088601, 44.53533713460407 ], [ 11.324661799597012, 44.535090617941783 ], [ 11.324836989475923, 44.534901656484244 ], [ 11.324971556848375, 44.534762761484878 ], [ 11.325100825228803, 44.534629125505951 ], [ 11.325322329659372, 44.534397269923829 ], [ 11.325537194455048, 44.534174075468876 ], [ 11.325596914542542, 44.534120914202376 ], [ 11.325369226827043, 44.533840034515379 ], [ 11.325230111785405, 44.533699423717493 ], [ 11.324637165407584, 44.53311702318684 ], [ 11.32419978959725, 44.532698815584887 ], [ 11.324132380516923, 44.532626876790879 ], [ 11.324038715704614, 44.53250924807719 ], [ 11.324010817975324, 44.532420555895428 ], [ 11.324004611162081, 44.532315461510755 ], [ 11.32405611859687, 44.532143815700906 ], [ 11.324133179349571, 44.531959225203039 ], [ 11.324173685519312, 44.53186220208412 ], [ 11.324190837190184, 44.531821116389885 ], [ 11.324241617734076, 44.531832692322212 ], [ 11.324585013172925, 44.531901567077838 ], [ 11.325088123494018, 44.531993063791766 ], [ 11.325394176305929, 44.532044164982629 ], [ 11.325654792467679, 44.532083152676471 ], [ 11.325982772915069, 44.532131279435966 ], [ 11.326337572740075, 44.532176402805185 ], [ 11.326670193350106, 44.532214956052862 ], [ 11.327090766771677, 44.532260951977534 ], [ 11.32722019234518, 44.532272486153225 ], [ 11.327345797489182, 44.532282928643589 ], [ 11.327400153901101, 44.532288010554097 ], [ 11.327773266222767, 44.532316351665784 ], [ 11.32789751635616, 44.532323959273008 ], [ 11.327959164056825, 44.532327248363217 ], [ 11.32837194069095, 44.532346839280976 ], [ 11.328882172013081, 44.532365209339424 ], [ 11.329337372077998, 44.532374008656454 ], [ 11.329722001613348, 44.532375271815162 ], [ 11.330025366124982, 44.53236940327357 ], [ 11.330433707193935, 44.532359720893965 ], [ 11.330831826978164, 44.532346468292893 ], [ 11.331155179451585, 44.532327659788216 ], [ 11.331517739833002, 44.532303170192144 ], [ 11.331922701406011, 44.532270772388891 ], [ 11.332176188151907, 44.532246124951151 ], [ 11.332372527927095, 44.532225731567635 ], [ 11.332439522346085, 44.532218750529019 ], [ 11.332756405765124, 44.532181885441886 ], [ 11.332807914062577, 44.532175047803534 ], [ 11.33302685577322, 44.532146077413799 ], [ 11.333501986434433, 44.532076904020961 ], [ 11.333691950784074, 44.532047917935529 ], [ 11.333957340010107, 44.532004830882514 ], [ 11.3341326566511, 44.531973796588083 ], [ 11.334311235147672, 44.531942600795446 ], [ 11.334480343018489, 44.531910970926752 ], [ 11.334657289808774, 44.531879989812701 ], [ 11.334879836803029, 44.531838149525427 ], [ 11.335001373744383, 44.531815481645665 ], [ 11.335043264363598, 44.531855004733579 ], [ 11.335079702600716, 44.531889388159875 ], [ 11.33520065214111, 44.53200350221087 ], [ 11.33525174117967, 44.532048263777803 ], [ 11.335306248526406, 44.532093401916072 ], [ 11.335364192759654, 44.532132708092092 ], [ 11.335410898307343, 44.532178190343366 ], [ 11.335563287791317, 44.53232590552161 ], [ 11.335704318993519, 44.532453059743133 ], [ 11.335913636613178, 44.53264973482019 ], [ 11.33604654612112, 44.532782008901577 ], [ 11.336281330701198, 44.532992013424355 ], [ 11.336394803753462, 44.533103355180359 ], [ 11.336509304849329, 44.53321521503068 ], [ 11.336615602756826, 44.533309958713083 ], [ 11.336677336716317, 44.53336944144106 ], [ 11.336747626943938, 44.533441889082546 ], [ 11.336824183066199, 44.533509974518175 ], [ 11.336912294925888, 44.533587001416734 ], [ 11.336998571874577, 44.533668838054751 ], [ 11.337073964090912, 44.53374613153283 ], [ 11.337216916508552, 44.533876840130148 ], [ 11.337347614330081, 44.534003393628559 ], [ 11.337469177850402, 44.534115013362253 ], [ 11.337546221951575, 44.534189209134873 ], [ 11.337663024159514, 44.534294804435909 ], [ 11.337811873492239, 44.534437903234014 ], [ 11.337924773089439, 44.534546910024332 ], [ 11.338017039516782, 44.534633571000114 ], [ 11.338133977319481, 44.534734775199318 ], [ 11.338264098270418, 44.534854585745016 ], [ 11.338419487040126, 44.534998008912396 ], [ 11.338530309637592, 44.535104249750759 ], [ 11.338613116442158, 44.535183957817381 ], [ 11.338679956783848, 44.535252015068508 ], [ 11.338738192889217, 44.535316103798046 ], [ 11.338777045351426, 44.535345414947784 ], [ 11.338949118993835, 44.535509741507809 ], [ 11.33914019701076, 44.535689379690396 ], [ 11.339243810389487, 44.535786920763513 ], [ 11.339377252899173, 44.535907461374983 ], [ 11.339522022528463, 44.536046065522477 ], [ 11.33967358407412, 44.53619345358225 ], [ 11.339825753289869, 44.536333716082424 ], [ 11.340100105478809, 44.536587744066374 ], [ 11.340691866368266, 44.537139540683135 ], [ 11.340797337905583, 44.537235263318706 ], [ 11.340947577021776, 44.537376850336457 ], [ 11.341011873990848, 44.537440609231531 ], [ 11.341189955386755, 44.537602453182146 ], [ 11.341767344952411, 44.538117330523825 ], [ 11.342153458208371, 44.538473187527693 ], [ 11.342602756659765, 44.538900999193096 ], [ 11.342757200368119, 44.539046079604354 ], [ 11.343122806524356, 44.539389144734045 ], [ 11.343366963797292, 44.539623801609793 ], [ 11.34346599665418, 44.539718978723286 ], [ 11.343555133111961, 44.53981323270947 ], [ 11.343639555226041, 44.539915686587086 ], [ 11.343736805278516, 44.539996529333749 ], [ 11.343694476484098, 44.540226210171497 ], [ 11.343609565106638, 44.540697805115492 ], [ 11.343591082378358, 44.540991863091982 ], [ 11.343643737175382, 44.541333955516137 ], [ 11.343763832933783, 44.541631396191228 ], [ 11.34385326907625, 44.541811983350144 ], [ 11.344041267908642, 44.542077117485292 ], [ 11.344233346676148, 44.542335973777917 ], [ 11.344528921476803, 44.542755260812577 ], [ 11.344616801914025, 44.542879136405972 ], [ 11.345440359823467, 44.544078161197177 ], [ 11.345481220744775, 44.544135611135779 ], [ 11.34653758046243, 44.545622558226903 ], [ 11.347205753226673, 44.546573910511825 ], [ 11.347389421273306, 44.546881928627869 ], [ 11.347505647096485, 44.54712495335955 ], [ 11.347662689165084, 44.547498396085913 ], [ 11.347746287719074, 44.547854633791886 ], [ 11.347786144865381, 44.548103287189839 ], [ 11.34793496802374, 44.551827039681967 ], [ 11.34793801316442, 44.551894192474677 ], [ 11.347991376091713, 44.552150668309302 ], [ 11.348047002274489, 44.552146248092605 ], [ 11.348109475055077, 44.552141925578752 ], [ 11.348311794550085, 44.5521204698058 ], [ 11.348969497519208, 44.552159462716432 ], [ 11.349739487166561, 44.552215507604672 ], [ 11.350076186892208, 44.552224403583075 ], [ 11.350405032222456, 44.552213739399868 ], [ 11.35066387683157, 44.552181849281446 ], [ 11.35074160276282, 44.552160096553521 ], [ 11.351557789058459, 44.552041861530547 ], [ 11.351723957493746, 44.552004819282509 ], [ 11.351836527074889, 44.551970605982568 ], [ 11.351974513977408, 44.551903795635923 ], [ 11.352434791907509, 44.551625354817176 ], [ 11.35264398316173, 44.552041821676404 ], [ 11.352885471026458, 44.552542108251245 ], [ 11.3530426540547, 44.552867580379548 ], [ 11.353179866798548, 44.553151142278544 ], [ 11.353208014591685, 44.553205813094131 ], [ 11.353269505285152, 44.553326868793363 ], [ 11.353297518235312, 44.553370135290187 ], [ 11.353318139773011, 44.55340198144048 ], [ 11.354229588756587, 44.552900408172484 ], [ 11.354440028421617, 44.552825813212543 ], [ 11.354572532201638, 44.55277856093916 ], [ 11.354738144441821, 44.552719459731314 ], [ 11.354918388863146, 44.552687823752095 ], [ 11.35518129233499, 44.552617219793497 ], [ 11.355135661925431, 44.552505740644982 ], [ 11.355631056636291, 44.552376058051536 ], [ 11.356724524874917, 44.55209742398322 ], [ 11.356967335539569, 44.552032540414011 ], [ 11.357349112350613, 44.551930587849654 ], [ 11.357406908242735, 44.551915822092099 ], [ 11.357571067660894, 44.552067675510919 ], [ 11.357701348548918, 44.552147294627531 ], [ 11.357918243149532, 44.552244058576704 ], [ 11.358364028694707, 44.552392740768347 ], [ 11.358600290177529, 44.552486639302863 ], [ 11.358808558852767, 44.552605347842928 ], [ 11.359002466799124, 44.552737886244756 ], [ 11.359126639567616, 44.552836122899407 ], [ 11.359220494775169, 44.552940662097328 ], [ 11.359298004494093, 44.553054826037929 ], [ 11.359343891363665, 44.553107691895114 ], [ 11.35931468281705, 44.553181056547757 ], [ 11.359402210760077, 44.553322274736168 ], [ 11.359521863628176, 44.553483026843168 ], [ 11.359654748174043, 44.553643525106878 ], [ 11.359734849211767, 44.55372320959345 ], [ 11.359907075613169, 44.553872237099043 ], [ 11.36006110766486, 44.553981267882797 ], [ 11.360198190917531, 44.554059785612296 ], [ 11.360362899742254, 44.554105473270596 ], [ 11.360418217293452, 44.554120824700028 ], [ 11.360643318024522, 44.554230108170827 ], [ 11.360819075985999, 44.554301134679662 ], [ 11.361130288478334, 44.554435097264758 ], [ 11.361247638612145, 44.554533281849892 ], [ 11.361307749570713, 44.554609052119972 ], [ 11.361467378876982, 44.554808190089354 ], [ 11.361580139661042, 44.554990346486569 ], [ 11.361703963609989, 44.555197056864316 ], [ 11.361755330108801, 44.55527138915906 ], [ 11.361826913704791, 44.555343638564025 ], [ 11.361905986817568, 44.555388738952594 ], [ 11.362015318890958, 44.555428726315327 ], [ 11.362119508988751, 44.55545194568721 ], [ 11.362213862606492, 44.555466781034035 ], [ 11.362313515395153, 44.555482448298655 ], [ 11.362567258645226, 44.555511205571932 ], [ 11.362755136358754, 44.555526067295872 ], [ 11.362967829427779, 44.555551691552445 ], [ 11.36305422702473, 44.555566022012087 ], [ 11.363143682065724, 44.555580858968774 ], [ 11.363263520185368, 44.555626327117686 ], [ 11.363448869140539, 44.555736915037301 ], [ 11.363748523851838, 44.555912763413396 ], [ 11.363873137200544, 44.555979513875933 ], [ 11.363978414579224, 44.556035405213741 ], [ 11.364042137223052, 44.556075631172291 ], [ 11.364257626066655, 44.55621165670442 ], [ 11.364345782070265, 44.55618206167123 ], [ 11.364662221157644, 44.556074235975728 ], [ 11.365538466698188, 44.555783426475237 ], [ 11.365923016282711, 44.555656531883962 ], [ 11.365971215380959, 44.555641509675041 ], [ 11.366020988272856, 44.555626455725267 ], [ 11.365993592743427, 44.5555670029837 ], [ 11.365953069025, 44.555479044044795 ], [ 11.365904845423747, 44.555374388397254 ], [ 11.365406199538654, 44.554320082903864 ], [ 11.365140891362955, 44.553777209919993 ], [ 11.364633425991114, 44.552739968617864 ], [ 11.364571297519385, 44.552620766074583 ], [ 11.364882815408606, 44.552569698034027 ], [ 11.365070828599771, 44.552538878936112 ], [ 11.365370486713241, 44.552490164573143 ], [ 11.366356330405111, 44.552342895649211 ], [ 11.367717573206503, 44.552136249626145 ], [ 11.36864084258033, 44.551999645779688 ], [ 11.370637460338425, 44.551674950973791 ] ] ] } }
]
}
