{
"type": "FeatureCollection",
"name": "final_grid",
"crs": { "type": "name", "properties": { "name": "urn:ogc:def:crs:EPSG::3857" } },
"features": [
{ "type": "Feature", "properties": { "id": 11, "left": 1260893.8968747612, "top": 5543169.4047027044, "right": 1260993.8968747612, "bottom": 5543069.4047027044, "row_index": 10, "col_index": 0, "green_area": 249.07510672556236, "green_pc": 23.429183185841229, "buildings_area": 0.33725623087957501, "buildings_pc": 0.031723917005283722, "road_area": 492.25253182090819, "road_pc": 46.303602529150567, "free_space_area": 0.0, "free_space_pc": 0.0, "railways_area": 0.0, "railways_pc": 0.0, "free_space_number": 0.0, "tree_number": 0.0 }, "geometry": { "type": "MultiPolygon", "coordinates": [ [ [ [ 1260993.896874761208892, 5543108.360044449567795 ], [ 1260993.896874761208892, 5543069.404702704399824 ], [ 1260939.316545146051794, 5543069.404702704399824 ], [ 1260993.896874761208892, 5543108.360044449567795 ] ] ] ] } },
{ "type": "Feature", "properties": { "id": 12, "left": 1260893.8968747612, "top": 5543069.4047027044, "right": 1260993.8968747612, "bottom": 5542969.4047027044, "row_index": 11, "col_index": 0, "green_area": 834.49668300896883, "green_pc": 9.4932144423438665, "buildings_area": 178.95082342997193, "buildings_pc": 2.0357403163416512, "road_area": 31.233217909466475, "road_pc": 0.35530834498935154, "free_space_area": 0.00043599594573606737, "free_space_pc": 4.959879521558893e-06, "railways_area": 0.0, "railways_pc": 0.0, "free_space_number": 1.0, "tree_number": 0.0 }, "geometry": { "type": "MultiPolygon", "coordinates": [ [ [ [ 1260914.198410561075434, 5542976.156160749495029 ], [ 1260908.247086662100628, 5543009.000456146895885 ], [ 1260893.896874761208892, 5543021.315491466782987 ], [ 1260894.340759731363505, 5543036.955018002539873 ], [ 1260903.687468244461343, 5543053.878676893189549 ], [ 1260909.954842771170661, 5543064.578869609162211 ], [ 1260935.201771445339546, 5543066.467886147089303 ], [ 1260939.316545146051794, 5543069.404702704399824 ], [ 1260993.896874761208892, 5543069.404702704399824 ], [ 1260993.896874761208892, 5542969.404702704399824 ], [ 1260915.730025104247034, 5542969.404702704399824 ], [ 1260914.198410561075434, 5542976.156160749495029 ] ] ] ] } },
{ "type": "Feature", "properties": { "id": 13, "left": 1260893.8968747612, "top": 5542969.4047027044, "right": 1260993.8968747612, "bottom": 5542869.4047027044, "row_index": 12, "col_index": 0, "green_area": 1745.2432923298329, "green_pc": 26.117010546795452, "buildings_area": 1224.9460308887064, "buildings_pc": 18.330927583894375, "road_area": 2433.6009142920375, "road_pc": 36.418063329387273, "free_space_area": 1149.3207073562407, "free_space_pc": 17.199218680624202, "railways_area": 0.0, "railways_pc": 0.0, "free_space_number": 2.0, "tree_number": 0.0 }, "geometry": { "type": "MultiPolygon", "coordinates": [ [ [ [ 1260915.730025104247034, 5542969.404702704399824 ], [ 1260993.896874761208892, 5542969.404702704399824 ], [ 1260993.896874761208892, 5542869.404702704399824 ], [ 1260938.415710668545216, 5542869.404702704399824 ], [ 1260915.730025104247034, 5542969.404702704399824 ] ] ] ] } },
{ "type": "Feature", "properties": { "id": 14, "left": 1260893.8968747612, "top": 5542869.4047027044, "right": 1260993.8968747612, "bottom": 5542769.4047027044, "row_index": 13, "col_index": 0, "green_area": 985.41686407849193, "green_pc": 22.325653419045899, "buildings_area": 777.16352827847004, "buildings_pc": 17.607455499042441, "road_area": 1588.8390097520314, "road_pc": 35.996815523910584, "free_space_area": 1062.4490662515163, "free_space_pc": 24.070898817732147, "railways_area": 0.0, "railways_pc": 0.0, "free_space_number": 1.0, "tree_number": 0.0 }, "geometry": { "type": "MultiPolygon", "coordinates": [ [ [ [ 1260938.415710668545216, 5542869.404702704399824 ], [ 1260993.896874761208892, 5542869.404702704399824 ], [ 1260993.896874761208892, 5542769.404702704399824 ], [ 1260961.10139623307623, 5542769.404702704399824 ], [ 1260938.415710668545216, 5542869.404702704399824 ] ] ] ] } },
{ "type": "Feature", "properties": { "id": 15, "left": 1260893.8968747612, "top": 5542769.4047027044, "right": 1260993.8968747612, "bottom": 5542669.4047027044, "row_index": 14, "col_index": 0, "green_area": 570.7529188253684, "green_pc": 26.980244407726762, "buildings_area": 0.0, "buildings_pc": 0.0, "road_area": 1544.4741954938509, "road_pc": 73.009335390890911, "free_space_area": 0.22038033427816117, "free_space_pc": 0.010417669512261517, "railways_area": 0.0, "railways_pc": 0.0, "free_space_number": 1.0, "tree_number": 0.0 }, "geometry": { "type": "MultiPolygon", "coordinates": [ [ [ [ 1260983.77885767375119, 5542672.401154926046729 ], [ 1260979.872948041884229, 5542689.191475312225521 ], [ 1260965.593566277064383, 5542749.602920513600111 ], [ 1260961.10139623307623, 5542769.404702704399824 ], [ 1260993.896874761208892, 5542769.404702704399824 ], [ 1260993.896874761208892, 5542669.404702704399824 ], [ 1260984.448485227068886, 5542669.404702704399824 ], [ 1260983.77885767375119, 5542672.401154926046729 ] ] ] ] } },
{ "type": "Feature", "properties": { "id": 16, "left": 1260893.8968747612, "top": 5542669.4047027044, "right": 1260993.8968747612, "bottom": 5542569.4047027044, "row_index": 15, "col_index": 0, "green_area": 97.901681933552027, "green_pc": 49.01517154141537, "buildings_area": 0.0, "buildings_pc": 0.0, "road_area": 101.83582555875182, "road_pc": 50.984828454854444, "free_space_area": 0.0, "free_space_pc": 0.0, "railways_area": 0.0, "railways_pc": 0.0, "free_space_number": 0.0, "tree_number": 0.0 }, "geometry": { "type": "MultiPolygon", "coordinates": [ [ [ [ 1260984.448485227068886, 5542669.404702704399824 ], [ 1260993.896874761208892, 5542669.404702704399824 ], [ 1260993.896874761208892, 5542627.12500905431807 ], [ 1260984.448485227068886, 5542669.404702704399824 ] ] ] ] } },
{ "type": "Feature", "properties": { "id": 45, "left": 1260993.8968747612, "top": 5543269.4047027044, "right": 1261093.8968747612, "bottom": 5543169.4047027044, "row_index": 9, "col_index": 1, "green_area": 44.275818591937423, "green_pc": 59.252806890923381, "buildings_area": 0.0, "buildings_pc": 0.0, "road_area": 30.447761459741741, "road_pc": 40.74719310471437, "free_space_area": 0.0, "free_space_pc": 0.0, "railways_area": 0.0, "railways_pc": 0.0, "free_space_number": 0.0, "tree_number": 0.0 }, "geometry": { "type": "MultiPolygon", "coordinates": [ [ [ [ 1261093.896874761208892, 5543179.732537102885544 ], [ 1261093.896874761208892, 5543169.404702704399824 ], [ 1261079.426545906346291, 5543169.404702704399824 ], [ 1261093.896874761208892, 5543179.732537102885544 ] ] ] ] } },
{ "type": "Feature", "properties": { "id": 46, "left": 1260993.8968747612, "top": 5543169.4047027044, "right": 1261093.8968747612, "bottom": 5543069.4047027044, "row_index": 10, "col_index": 1, "green_area": 783.72816273290664, "green_pc": 10.606063097390143, "buildings_area": 2139.8205845784396, "buildings_pc": 28.957836678975688, "road_area": 2897.7750262916088, "road_pc": 39.215108289229974, "free_space_area": 1530.7768453950994, "free_space_pc": 20.71574888118101, "railways_area": 0.0, "railways_pc": 0.0, "free_space_number": 6.0, "tree_number": 0.0 }, "geometry": { "type": "MultiPolygon", "coordinates": [ [ [ [ 1261079.426545906346291, 5543169.404702704399824 ], [ 1261093.896874761208892, 5543169.404702704399824 ], [ 1261093.896874761208892, 5543069.404702704399824 ], [ 1260993.896874761208892, 5543069.404702704399824 ], [ 1260993.896874761208892, 5543108.360044449567795 ], [ 1261079.426545906346291, 5543169.404702704399824 ] ] ] ] } },
{ "type": "Feature", "properties": { "id": 47, "left": 1260993.8968747612, "top": 5543069.4047027044, "right": 1261093.8968747612, "bottom": 5542969.4047027044, "row_index": 11, "col_index": 1, "green_area": 1528.0438990816474, "green_pc": 15.280438990793705, "buildings_area": 4316.7276705119293, "buildings_pc": 43.167276705054967, "road_area": 1777.2233439125121, "road_pc": 17.772233439098638, "free_space_area": 1153.101935869171, "free_space_pc": 11.531019358674527, "railways_area": 0.0, "railways_pc": 0.0, "free_space_number": 19.0, "tree_number": 0.0 }, "geometry": { "type": "MultiPolygon", "coordinates": [ [ [ [ 1260993.896874761208892, 5543069.404702704399824 ], [ 1261093.896874761208892, 5543069.404702704399824 ], [ 1261093.896874761208892, 5542969.404702704399824 ], [ 1260993.896874761208892, 5542969.404702704399824 ], [ 1260993.896874761208892, 5543069.404702704399824 ] ] ] ] } },
{ "type": "Feature", "properties": { "id": 48, "left": 1260993.8968747612, "top": 5542969.4047027044, "right": 1261093.8968747612, "bottom": 5542869.4047027044, "row_index": 12, "col_index": 1, "green_area": 679.20115025341511, "green_pc": 6.79201150252403, "buildings_area": 5634.5044934982434, "buildings_pc": 56.345044934898475, "road_area": 1140.3302842229605, "road_pc": 11.403302842212613, "free_space_area": 2546.7010883398571, "free_space_pc": 25.467010883360622, "railways_area": 0.0, "railways_pc": 0.0, "free_space_number": 7.0, "tree_number": 0.0 }, "geometry": { "type": "MultiPolygon", "coordinates": [ [ [ [ 1260993.896874761208892, 5542969.404702704399824 ], [ 1261093.896874761208892, 5542969.404702704399824 ], [ 1261093.896874761208892, 5542869.404702704399824 ], [ 1260993.896874761208892, 5542869.404702704399824 ], [ 1260993.896874761208892, 5542969.404702704399824 ] ] ] ] } },
{ "type": "Feature", "properties": { "id": 49, "left": 1260993.8968747612, "top": 5542869.4047027044, "right": 1261093.8968747612, "bottom": 5542769.4047027044, "row_index": 13, "col_index": 1, "green_area": 3200.2566444575787, "green_pc": 32.0025664445281, "buildings_area": 3881.7247839383781, "buildings_pc": 38.817247839325937, "road_area": 1504.6753309518099, "road_pc": 15.046753309495678, "free_space_area": 1415.3220027338393, "free_space_pc": 14.153220027317303, "railways_area": 0.0, "railways_pc": 0.0, "free_space_number": 7.0, "tree_number": 0.0 }, "geometry": { "type": "MultiPolygon", "coordinates": [ [ [ [ 1260993.896874761208892, 5542869.404702704399824 ], [ 1261093.896874761208892, 5542869.404702704399824 ], [ 1261093.896874761208892, 5542769.404702704399824 ], [ 1260993.896874761208892, 5542769.404702704399824 ], [ 1260993.896874761208892, 5542869.404702704399824 ] ] ] ] } },
{ "type": "Feature", "properties": { "id": 50, "left": 1260993.8968747612, "top": 5542769.4047027044, "right": 1261093.8968747612, "bottom": 5542669.4047027044, "row_index": 14, "col_index": 1, "green_area": 1218.7743434635922, "green_pc": 12.187743434617762, "buildings_area": 4245.2745471626986, "buildings_pc": 42.452745471563723, "road_area": 3281.1089942208491, "road_pc": 32.811089942159597, "free_space_area": 1309.3402315006003, "free_space_pc": 13.093402314986493, "railways_area": 0.0, "railways_pc": 0.0, "free_space_number": 12.0, "tree_number": 0.0 }, "geometry": { "type": "MultiPolygon", "coordinates": [ [ [ [ 1260993.896874761208892, 5542769.404702704399824 ], [ 1261093.896874761208892, 5542769.404702704399824 ], [ 1261093.896874761208892, 5542669.404702704399824 ], [ 1260993.896874761208892, 5542669.404702704399824 ], [ 1260993.896874761208892, 5542769.404702704399824 ] ] ] ] } },
{ "type": "Feature", "properties": { "id": 51, "left": 1260993.8968747612, "top": 5542669.4047027044, "right": 1261093.8968747612, "bottom": 5542569.4047027044, "row_index": 15, "col_index": 1, "green_area": 1423.3886572225019, "green_pc": 14.784253880660014, "buildings_area": 3340.8603218756616, "buildings_pc": 34.700379919293127, "road_area": 2784.8010945860296, "road_pc": 28.924781844080652, "free_space_area": 2079.3820134620764, "free_space_pc": 21.597833765156789, "railways_area": 0.0, "railways_pc": 0.0, "free_space_number": 6.0, "tree_number": 0.0 }, "geometry": { "type": "MultiPolygon", "coordinates": [ [ [ [ 1260993.896874761208892, 5542627.12500905431807 ], [ 1260993.896874761208892, 5542669.404702704399824 ], [ 1261093.896874761208892, 5542669.404702704399824 ], [ 1261093.896874761208892, 5542569.404702704399824 ], [ 1261006.795831478899345, 5542569.404702704399824 ], [ 1260993.896874761208892, 5542627.12500905431807 ] ] ] ] } },
{ "type": "Feature", "properties": { "id": 52, "left": 1260993.8968747612, "top": 5542569.4047027044, "right": 1261093.8968747612, "bottom": 5542469.4047027044, "row_index": 16, "col_index": 1, "green_area": 966.28041282482445, "green_pc": 12.700264152370501, "buildings_area": 2320.0419216100127, "buildings_pc": 30.493369065488974, "road_area": 3238.6172109935433, "road_pc": 42.56662302383652, "free_space_area": 1083.7764338975467, "free_space_pc": 14.244567943144522, "railways_area": 0.0, "railways_pc": 0.0, "free_space_number": 3.0, "tree_number": 0.0 }, "geometry": { "type": "MultiPolygon", "coordinates": [ [ [ [ 1261011.519100204110146, 5542548.268999735824764 ], [ 1261006.795831478899345, 5542569.404702704399824 ], [ 1261093.896874761208892, 5542569.404702704399824 ], [ 1261093.896874761208892, 5542469.404702704399824 ], [ 1261028.747259083669633, 5542469.404702704399824 ], [ 1261011.519100204110146, 5542548.268999735824764 ] ] ] ] } },
{ "type": "Feature", "properties": { "id": 53, "left": 1260993.8968747612, "top": 5542469.4047027044, "right": 1261093.8968747612, "bottom": 5542369.4047027044, "row_index": 17, "col_index": 1, "green_area": 1647.3565074782819, "green_pc": 30.775390901579676, "buildings_area": 1112.4712131376727, "buildings_pc": 20.782833767703924, "road_area": 2257.8476402908564, "road_pc": 42.180392289539938, "free_space_area": 365.07040059193969, "free_space_pc": 6.820129239669968, "railways_area": 0.0, "railways_pc": 0.0, "free_space_number": 5.0, "tree_number": 0.0 }, "geometry": { "type": "MultiPolygon", "coordinates": [ [ [ [ 1261029.347365048248321, 5542466.657634060829878 ], [ 1261028.747259083669633, 5542469.404702704399824 ], [ 1261093.896874761208892, 5542469.404702704399824 ], [ 1261093.896874761208892, 5542369.404702704399824 ], [ 1261052.029216047143564, 5542369.404702704399824 ], [ 1261029.347365048248321, 5542466.657634060829878 ] ] ] ] } },
{ "type": "Feature", "properties": { "id": 54, "left": 1260993.8968747612, "top": 5542369.4047027044, "right": 1261093.8968747612, "bottom": 5542269.4047027044, "row_index": 18, "col_index": 1, "green_area": 296.36462142318487, "green_pc": 9.8060841139361692, "buildings_area": 433.04025351256132, "buildings_pc": 14.328394294408236, "road_area": 1110.5173990298063, "road_pc": 36.744692981845823, "free_space_area": 73.730833168141544, "free_space_pc": 2.4395987225647606, "railways_area": 0.0, "railways_pc": 0.0, "free_space_number": 3.0, "tree_number": 0.0 }, "geometry": { "type": "MultiPolygon", "coordinates": [ [ [ [ 1261062.671102600172162, 5542323.77550504822284 ], [ 1261052.029216047143564, 5542369.404702704399824 ], [ 1261093.896874761208892, 5542369.404702704399824 ], [ 1261093.896874761208892, 5542269.404702704399824 ], [ 1261075.292402364080772, 5542269.404702704399824 ], [ 1261062.671102600172162, 5542323.77550504822284 ] ] ] ] } },
{ "type": "Feature", "properties": { "id": 55, "left": 1260993.8968747612, "top": 5542269.4047027044, "right": 1261093.8968747612, "bottom": 5542169.4047027044, "row_index": 19, "col_index": 1, "green_area": 276.78199182302342, "green_pc": 37.125426276230783, "buildings_area": 0.0, "buildings_pc": 0.0, "road_area": 468.75045117503032, "road_pc": 62.874611900964418, "free_space_area": 0.0, "free_space_pc": 0.0, "railways_area": 0.0, "railways_pc": 0.0, "free_space_number": 0.0, "tree_number": 0.0 }, "geometry": { "type": "MultiPolygon", "coordinates": [ [ [ [ 1261075.292402364080772, 5542269.404702704399824 ], [ 1261093.896874761208892, 5542269.404702704399824 ], [ 1261093.896874761208892, 5542189.259225588291883 ], [ 1261075.292402364080772, 5542269.404702704399824 ] ] ] ] } },
{ "type": "Feature", "properties": { "id": 80, "left": 1261093.8968747612, "top": 5543269.4047027044, "right": 1261193.8968747612, "bottom": 5543169.4047027044, "row_index": 9, "col_index": 2, "green_area": 906.55198298254982, "green_pc": 19.701621083828687, "buildings_area": 1091.765214136336, "buildings_pc": 23.726763566996926, "road_area": 2190.6523921135813, "road_pc": 47.608305056937319, "free_space_area": 412.64875267172351, "free_space_pc": 8.9678799654772003, "railways_area": 0.0, "railways_pc": 0.0, "free_space_number": 5.0, "tree_number": 0.0 }, "geometry": { "type": "MultiPolygon", "coordinates": [ [ [ [ 1261193.896874761208892, 5543251.105029757134616 ], [ 1261193.896874761208892, 5543169.404702704399824 ], [ 1261093.896874761208892, 5543169.404702704399824 ], [ 1261093.896874761208892, 5543179.732537102885544 ], [ 1261193.896874761208892, 5543251.105029757134616 ] ] ] ] } },
{ "type": "Feature", "properties": { "id": 81, "left": 1261093.8968747612, "top": 5543169.4047027044, "right": 1261193.8968747612, "bottom": 5543069.4047027044, "row_index": 10, "col_index": 2, "green_area": 3033.7303987369523, "green_pc": 30.337303987324319, "buildings_area": 3418.2022703341208, "buildings_pc": 34.182022703290272, "road_area": 219.00111398100853, "road_pc": 2.1900111398068218, "free_space_area": 2045.6590691809251, "free_space_pc": 20.456590691778768, "railways_area": 0.0, "railways_pc": 0.0, "free_space_number": 8.0, "tree_number": 1.0 }, "geometry": { "type": "MultiPolygon", "coordinates": [ [ [ [ 1261093.896874761208892, 5543169.404702704399824 ], [ 1261193.896874761208892, 5543169.404702704399824 ], [ 1261193.896874761208892, 5543069.404702704399824 ], [ 1261093.896874761208892, 5543069.404702704399824 ], [ 1261093.896874761208892, 5543169.404702704399824 ] ] ] ] } },
{ "type": "Feature", "properties": { "id": 82, "left": 1261093.8968747612, "top": 5543069.4047027044, "right": 1261193.8968747612, "bottom": 5542969.4047027044, "row_index": 11, "col_index": 2, "green_area": 502.299844795838, "green_pc": 5.0229984479508953, "buildings_area": 4740.7431982243434, "buildings_pc": 47.407431982172788, "road_area": 212.17669839784503, "road_pc": 2.1217669839752884, "free_space_area": 3460.640783772571, "free_space_pc": 34.606407837674141, "railways_area": 0.0, "railways_pc": 0.0, "free_space_number": 6.0, "tree_number": 0.0 }, "geometry": { "type": "MultiPolygon", "coordinates": [ [ [ [ 1261093.896874761208892, 5543069.404702704399824 ], [ 1261193.896874761208892, 5543069.404702704399824 ], [ 1261193.896874761208892, 5542969.404702704399824 ], [ 1261093.896874761208892, 5542969.404702704399824 ], [ 1261093.896874761208892, 5543069.404702704399824 ] ] ] ] } },
{ "type": "Feature", "properties": { "id": 83, "left": 1261093.8968747612, "top": 5542969.4047027044, "right": 1261193.8968747612, "bottom": 5542869.4047027044, "row_index": 12, "col_index": 2, "green_area": 0.0, "green_pc": 0.0, "buildings_area": 6407.7861038148403, "buildings_pc": 64.077861038052916, "road_area": 2258.2093622423708, "road_pc": 22.582093622390058, "free_space_area": 1334.0829519740983, "free_space_pc": 13.340829519721101, "railways_area": 0.0, "railways_pc": 0.0, "free_space_number": 9.0, "tree_number": 0.0 }, "geometry": { "type": "MultiPolygon", "coordinates": [ [ [ [ 1261093.896874761208892, 5542969.404702704399824 ], [ 1261193.896874761208892, 5542969.404702704399824 ], [ 1261193.896874761208892, 5542869.404702704399824 ], [ 1261093.896874761208892, 5542869.404702704399824 ], [ 1261093.896874761208892, 5542969.404702704399824 ] ] ] ] } },
{ "type": "Feature", "properties": { "id": 84, "left": 1261093.8968747612, "top": 5542869.4047027044, "right": 1261193.8968747612, "bottom": 5542769.4047027044, "row_index": 13, "col_index": 2, "green_area": 0.0, "green_pc": 0.0, "buildings_area": 6671.9012982719578, "buildings_pc": 66.719012982620157, "road_area": 1903.1981785860844, "road_pc": 19.031981785832485, "free_space_area": 1425.3053236464266, "free_space_pc": 14.253053236443026, "railways_area": 0.0, "railways_pc": 0.0, "free_space_number": 11.0, "tree_number": 0.0 }, "geometry": { "type": "MultiPolygon", "coordinates": [ [ [ [ 1261093.896874761208892, 5542869.404702704399824 ], [ 1261193.896874761208892, 5542869.404702704399824 ], [ 1261193.896874761208892, 5542769.404702704399824 ], [ 1261093.896874761208892, 5542769.404702704399824 ], [ 1261093.896874761208892, 5542869.404702704399824 ] ] ] ] } },
{ "type": "Feature", "properties": { "id": 85, "left": 1261093.8968747612, "top": 5542769.4047027044, "right": 1261193.8968747612, "bottom": 5542669.4047027044, "row_index": 14, "col_index": 2, "green_area": 557.92615854600444, "green_pc": 5.5792615854517305, "buildings_area": 4053.3238099850714, "buildings_pc": 40.533238099790317, "road_area": 3958.9627559073269, "road_pc": 39.589627559014275, "free_space_area": 1434.1364030546586, "free_space_pc": 14.341364030525215, "railways_area": 0.0, "railways_pc": 0.0, "free_space_number": 9.0, "tree_number": 0.0 }, "geometry": { "type": "MultiPolygon", "coordinates": [ [ [ [ 1261093.896874761208892, 5542769.404702704399824 ], [ 1261193.896874761208892, 5542769.404702704399824 ], [ 1261193.896874761208892, 5542669.404702704399824 ], [ 1261093.896874761208892, 5542669.404702704399824 ], [ 1261093.896874761208892, 5542769.404702704399824 ] ] ] ] } },
{ "type": "Feature", "properties": { "id": 86, "left": 1261093.8968747612, "top": 5542669.4047027044, "right": 1261193.8968747612, "bottom": 5542569.4047027044, "row_index": 15, "col_index": 2, "green_area": 4.6144638136029243, "green_pc": 0.046144638135960481, "buildings_area": 5340.9532959936187, "buildings_pc": 53.409532959856598, "road_area": 2034.5407603830099, "road_pc": 20.345407603799782, "free_space_area": 2633.9476153719788, "free_space_pc": 26.339476153680536, "railways_area": 0.0, "railways_pc": 0.0, "free_space_number": 7.0, "tree_number": 0.0 }, "geometry": { "type": "MultiPolygon", "coordinates": [ [ [ [ 1261093.896874761208892, 5542669.404702704399824 ], [ 1261193.896874761208892, 5542669.404702704399824 ], [ 1261193.896874761208892, 5542569.404702704399824 ], [ 1261093.896874761208892, 5542569.404702704399824 ], [ 1261093.896874761208892, 5542669.404702704399824 ] ] ] ] } },
{ "type": "Feature", "properties": { "id": 87, "left": 1261093.8968747612, "top": 5542569.4047027044, "right": 1261193.8968747612, "bottom": 5542469.4047027044, "row_index": 16, "col_index": 2, "green_area": 0.0, "green_pc": 0.0, "buildings_area": 6472.9700380526483, "buildings_pc": 64.729700380430032, "road_area": 1406.0266605210491, "road_pc": 14.06026660518954, "free_space_area": 2121.2739039100024, "free_space_pc": 21.212739039068417, "railways_area": 0.0, "railways_pc": 0.0, "free_space_number": 6.0, "tree_number": 0.0 }, "geometry": { "type": "MultiPolygon", "coordinates": [ [ [ [ 1261093.896874761208892, 5542569.404702704399824 ], [ 1261193.896874761208892, 5542569.404702704399824 ], [ 1261193.896874761208892, 5542469.404702704399824 ], [ 1261093.896874761208892, 5542469.404702704399824 ], [ 1261093.896874761208892, 5542569.404702704399824 ] ] ] ] } },
{ "type": "Feature", "properties": { "id": 88, "left": 1261093.8968747612, "top": 5542469.4047027044, "right": 1261193.8968747612, "bottom": 5542369.4047027044, "row_index": 17, "col_index": 2, "green_area": 1378.7168361544609, "green_pc": 13.787168361524065, "buildings_area": 4314.2000355506316, "buildings_pc": 43.142000355442029, "road_area": 3462.0124045787379, "road_pc": 34.620124045735793, "free_space_area": 845.35601231327746, "free_space_pc": 8.4535601231201785, "railways_area": 0.0, "railways_pc": 0.0, "free_space_number": 7.0, "tree_number": 0.0 }, "geometry": { "type": "MultiPolygon", "coordinates": [ [ [ [ 1261093.896874761208892, 5542469.404702704399824 ], [ 1261193.896874761208892, 5542469.404702704399824 ], [ 1261193.896874761208892, 5542369.404702704399824 ], [ 1261093.896874761208892, 5542369.404702704399824 ], [ 1261093.896874761208892, 5542469.404702704399824 ] ] ] ] } },
{ "type": "Feature", "properties": { "id": 89, "left": 1261093.8968747612, "top": 5542369.4047027044, "right": 1261193.8968747612, "bottom": 5542269.4047027044, "row_index": 18, "col_index": 2, "green_area": 1152.4956399127841, "green_pc": 11.524956399110668, "buildings_area": 3691.2765382342041, "buildings_pc": 36.912765382287034, "road_area": 2162.1555933356285, "road_pc": 21.621555933324068, "free_space_area": 1555.904756387898, "free_space_pc": 15.559047563855795, "railways_area": 0.0, "railways_pc": 0.0, "free_space_number": 11.0, "tree_number": 0.0 }, "geometry": { "type": "MultiPolygon", "coordinates": [ [ [ [ 1261093.896874761208892, 5542369.404702704399824 ], [ 1261193.896874761208892, 5542369.404702704399824 ], [ 1261193.896874761208892, 5542269.404702704399824 ], [ 1261093.896874761208892, 5542269.404702704399824 ], [ 1261093.896874761208892, 5542369.404702704399824 ] ] ] ] } },
{ "type": "Feature", "properties": { "id": 90, "left": 1261093.8968747612, "top": 5542269.4047027044, "right": 1261193.8968747612, "bottom": 5542169.4047027044, "row_index": 19, "col_index": 2, "green_area": 2257.0446680476889, "green_pc": 22.673572952868629, "buildings_area": 2451.5608032038435, "buildings_pc": 24.627621910520865, "road_area": 1839.539353678003, "road_pc": 18.479443639619515, "free_space_area": 3407.7447538330398, "free_space_pc": 34.233150267080241, "railways_area": 0.0, "railways_pc": 0.0, "free_space_number": 10.0, "tree_number": 0.0 }, "geometry": { "type": "MultiPolygon", "coordinates": [ [ [ [ 1261096.575701685389504, 5542177.719212124124169 ], [ 1261093.896874761208892, 5542189.259225588291883 ], [ 1261093.896874761208892, 5542269.404702704399824 ], [ 1261193.896874761208892, 5542269.404702704399824 ], [ 1261193.896874761208892, 5542169.404702704399824 ], [ 1261098.440645293332636, 5542169.404702704399824 ], [ 1261096.575701685389504, 5542177.719212124124169 ] ] ] ] } },
{ "type": "Feature", "properties": { "id": 91, "left": 1261093.8968747612, "top": 5542169.4047027044, "right": 1261193.8968747612, "bottom": 5542069.4047027044, "row_index": 20, "col_index": 2, "green_area": 862.99378294870257, "green_pc": 10.244315470427564, "buildings_area": 1793.2101179796737, "buildings_pc": 21.286607755827085, "road_area": 1932.6875096037984, "road_pc": 22.942298015735755, "free_space_area": 3835.2323172837496, "free_space_pc": 45.526781926966763, "railways_area": 0.0, "railways_pc": 0.0, "free_space_number": 1.0, "tree_number": 0.0 }, "geometry": { "type": "MultiPolygon", "coordinates": [ [ [ [ 1261098.440645293332636, 5542169.404702704399824 ], [ 1261193.896874761208892, 5542169.404702704399824 ], [ 1261193.896874761208892, 5542069.404702704399824 ], [ 1261120.87063501146622, 5542069.404702704399824 ], [ 1261098.440645293332636, 5542169.404702704399824 ] ] ] ] } },
{ "type": "Feature", "properties": { "id": 92, "left": 1261093.8968747612, "top": 5542069.4047027044, "right": 1261193.8968747612, "bottom": 5541969.4047027044, "row_index": 21, "col_index": 2, "green_area": 1508.8773550514015, "green_pc": 24.411049441360582, "buildings_area": 430.70563276764005, "buildings_pc": 6.9680789236877283, "road_area": 1964.545384041965, "road_pc": 31.782977151255231, "free_space_area": 2277.1141829608569, "free_space_pc": 36.839804585699582, "railways_area": 0.0, "railways_pc": 0.0, "free_space_number": 2.0, "tree_number": 0.0 }, "geometry": { "type": "MultiPolygon", "coordinates": [ [ [ [ 1261120.87063501146622, 5542069.404702704399824 ], [ 1261193.896874761208892, 5542069.404702704399824 ], [ 1261193.896874761208892, 5541969.404702704399824 ], [ 1261143.300624729599804, 5541969.404702704399824 ], [ 1261120.87063501146622, 5542069.404702704399824 ] ] ] ] } },
{ "type": "Feature", "properties": { "id": 93, "left": 1261093.8968747612, "top": 5541969.4047027044, "right": 1261193.8968747612, "bottom": 5541869.4047027044, "row_index": 22, "col_index": 2, "green_area": 1449.6755193527788, "green_pc": 36.402694187810368, "buildings_area": 169.38378455489874, "buildings_pc": 4.2533836208248976, "road_area": 2347.6279311720282, "road_pc": 58.951110441163884, "free_space_area": 16.008902325935196, "free_space_pc": 0.40199835609676771, "railways_area": 0.0, "railways_pc": 0.0, "free_space_number": 3.0, "tree_number": 0.0 }, "geometry": { "type": "MultiPolygon", "coordinates": [ [ [ [ 1261160.753838617587462, 5541887.668446196243167 ], [ 1261147.823181725339964, 5541949.241710868664086 ], [ 1261143.300624729599804, 5541969.404702704399824 ], [ 1261193.896874761208892, 5541969.404702704399824 ], [ 1261193.896874761208892, 5541869.404702704399824 ], [ 1261164.737640384119004, 5541869.404702704399824 ], [ 1261160.753838617587462, 5541887.668446196243167 ] ] ] ] } },
{ "type": "Feature", "properties": { "id": 94, "left": 1261093.8968747612, "top": 5541869.4047027044, "right": 1261193.8968747612, "bottom": 5541769.4047027044, "row_index": 23, "col_index": 2, "green_area": 459.6858960352838, "green_pc": 25.184235783501549, "buildings_area": 3.7702366635203362, "buildings_pc": 0.20655523676630333, "road_area": 1361.8362526893616, "road_pc": 74.609218124927168, "free_space_area": 0.0, "free_space_pc": 0.0, "railways_area": 0.0, "railways_pc": 0.0, "free_space_number": 0.0, "tree_number": 0.0 }, "geometry": { "type": "MultiPolygon", "coordinates": [ [ [ [ 1261164.737640384119004, 5541869.404702704399824 ], [ 1261193.896874761208892, 5541869.404702704399824 ], [ 1261193.896874761208892, 5541769.404702704399824 ], [ 1261186.550264769699425, 5541769.404702704399824 ], [ 1261164.737640384119004, 5541869.404702704399824 ] ] ] ] } },
{ "type": "Feature", "properties": { "id": 95, "left": 1261093.8968747612, "top": 5541769.4047027044, "right": 1261193.8968747612, "bottom": 5541669.4047027044, "row_index": 24, "col_index": 2, "green_area": 43.227301163133234, "green_pc": 37.82696806680724, "buildings_area": 25.994581216946244, "buildings_pc": 22.747110440520988, "road_area": 41.618365736911073, "road_pc": 36.419034946958284, "free_space_area": 0.0, "free_space_pc": 0.0, "railways_area": 0.0, "railways_pc": 0.0, "free_space_number": 0.0, "tree_number": 0.0 }, "geometry": { "type": "MultiPolygon", "coordinates": [ [ [ [ 1261188.679480326827615, 5541759.733913323841989 ], [ 1261187.43849146226421, 5541765.332626475021243 ], [ 1261186.550264769699425, 5541769.404702704399824 ], [ 1261193.896874761208892, 5541769.404702704399824 ], [ 1261193.896874761208892, 5541739.231628857553005 ], [ 1261188.679480326827615, 5541759.733913323841989 ] ] ] ] } },
{ "type": "Feature", "properties": { "id": 114, "left": 1261193.8968747612, "top": 5543369.4047027044, "right": 1261293.8968747612, "bottom": 5543269.4047027044, "row_index": 8, "col_index": 3, "green_area": 246.44922854192555, "green_pc": 12.543242591010042, "buildings_area": 0.0, "buildings_pc": 0.0, "road_area": 406.73776868730783, "road_pc": 20.701263841461444, "free_space_area": 0.0, "free_space_pc": 0.0, "railways_area": 0.0, "railways_pc": 0.0, "free_space_number": 0.0, "tree_number": 0.0 }, "geometry": { "type": "MultiPolygon", "coordinates": [ [ [ [ 1261263.53354175738059, 5543300.806454793550074 ], [ 1261293.896874761208892, 5543321.920314337126911 ], [ 1261293.896874761208892, 5543269.404702704399824 ], [ 1261219.536546666640788, 5543269.404702704399824 ], [ 1261263.53354175738059, 5543300.806454793550074 ] ] ] ] } },
{ "type": "Feature", "properties": { "id": 115, "left": 1261193.8968747612, "top": 5543269.4047027044, "right": 1261293.8968747612, "bottom": 5543169.4047027044, "row_index": 9, "col_index": 3, "green_area": 945.88390167430043, "green_pc": 9.6860731351625056, "buildings_area": 4326.9882805068046, "buildings_pc": 44.309375459073529, "road_area": 1262.5281256642193, "road_pc": 12.928584299549799, "free_space_area": 403.36179823425528, "free_space_pc": 4.1305194757114778, "railways_area": 0.0, "railways_pc": 0.0, "free_space_number": 5.0, "tree_number": 0.0 }, "geometry": { "type": "MultiPolygon", "coordinates": [ [ [ [ 1261219.536546666640788, 5543269.404702704399824 ], [ 1261293.896874761208892, 5543269.404702704399824 ], [ 1261293.896874761208892, 5543169.404702704399824 ], [ 1261193.896874761208892, 5543169.404702704399824 ], [ 1261193.896874761208892, 5543251.105029757134616 ], [ 1261219.536546666640788, 5543269.404702704399824 ] ] ] ] } },
{ "type": "Feature", "properties": { "id": 116, "left": 1261193.8968747612, "top": 5543169.4047027044, "right": 1261293.8968747612, "bottom": 5543069.4047027044, "row_index": 10, "col_index": 3, "green_area": 1586.8273960277438, "green_pc": 15.868273960253793, "buildings_area": 3553.3736622706056, "buildings_pc": 35.533736622653109, "road_area": 1569.3214644789696, "road_pc": 15.693214644766311, "free_space_area": 1303.0183836474323, "free_space_pc": 13.030183836454906, "railways_area": 0.0, "railways_pc": 0.0, "free_space_number": 3.0, "tree_number": 6.0 }, "geometry": { "type": "MultiPolygon", "coordinates": [ [ [ [ 1261193.896874761208892, 5543169.404702704399824 ], [ 1261293.896874761208892, 5543169.404702704399824 ], [ 1261293.896874761208892, 5543069.404702704399824 ], [ 1261193.896874761208892, 5543069.404702704399824 ], [ 1261193.896874761208892, 5543169.404702704399824 ] ] ] ] } },
{ "type": "Feature", "properties": { "id": 117, "left": 1261193.8968747612, "top": 5543069.4047027044, "right": 1261293.8968747612, "bottom": 5542969.4047027044, "row_index": 11, "col_index": 3, "green_area": 1061.0229113455862, "green_pc": 10.610229113440051, "buildings_area": 2817.8492188719101, "buildings_pc": 28.178492188677112, "road_area": 0.0, "road_pc": 0.0, "free_space_area": 3928.483121549245, "free_space_pc": 39.284831215433911, "railways_area": 0.0, "railways_pc": 0.0, "free_space_number": 2.0, "tree_number": 0.0 }, "geometry": { "type": "MultiPolygon", "coordinates": [ [ [ [ 1261193.896874761208892, 5543069.404702704399824 ], [ 1261293.896874761208892, 5543069.404702704399824 ], [ 1261293.896874761208892, 5542969.404702704399824 ], [ 1261193.896874761208892, 5542969.404702704399824 ], [ 1261193.896874761208892, 5543069.404702704399824 ] ] ] ] } },
{ "type": "Feature", "properties": { "id": 118, "left": 1261193.8968747612, "top": 5542969.4047027044, "right": 1261293.8968747612, "bottom": 5542869.4047027044, "row_index": 12, "col_index": 3, "green_area": 0.0, "green_pc": 0.0, "buildings_area": 6410.1764985202462, "buildings_pc": 64.101764985106939, "road_area": 1456.0348073989153, "road_pc": 14.560348073967456, "free_space_area": 2145.2247204553091, "free_space_pc": 21.452247204521125, "railways_area": 0.0, "railways_pc": 0.0, "free_space_number": 12.0, "tree_number": 0.0 }, "geometry": { "type": "MultiPolygon", "coordinates": [ [ [ [ 1261193.896874761208892, 5542969.404702704399824 ], [ 1261293.896874761208892, 5542969.404702704399824 ], [ 1261293.896874761208892, 5542869.404702704399824 ], [ 1261193.896874761208892, 5542869.404702704399824 ], [ 1261193.896874761208892, 5542969.404702704399824 ] ] ] ] } },
{ "type": "Feature", "properties": { "id": 119, "left": 1261193.8968747612, "top": 5542869.4047027044, "right": 1261293.8968747612, "bottom": 5542769.4047027044, "row_index": 13, "col_index": 3, "green_area": 0.0, "green_pc": 0.0, "buildings_area": 5303.7096987003461, "buildings_pc": 53.037096986924432, "road_area": 3167.4469243120402, "road_pc": 31.674469243073204, "free_space_area": 1529.8313572604966, "free_space_pc": 15.29831357258217, "railways_area": 0.0, "railways_pc": 0.0, "free_space_number": 14.0, "tree_number": 0.0 }, "geometry": { "type": "MultiPolygon", "coordinates": [ [ [ [ 1261193.896874761208892, 5542869.404702704399824 ], [ 1261293.896874761208892, 5542869.404702704399824 ], [ 1261293.896874761208892, 5542769.404702704399824 ], [ 1261193.896874761208892, 5542769.404702704399824 ], [ 1261193.896874761208892, 5542869.404702704399824 ] ] ] ] } },
{ "type": "Feature", "properties": { "id": 120, "left": 1261193.8968747612, "top": 5542769.4047027044, "right": 1261293.8968747612, "bottom": 5542669.4047027044, "row_index": 14, "col_index": 3, "green_area": 1614.734460326843, "green_pc": 16.147344603244367, "buildings_area": 3292.211789031513, "buildings_pc": 32.922117890266072, "road_area": 3778.7304535768926, "road_pc": 37.787304535712622, "free_space_area": 1315.3346129061613, "free_space_pc": 13.153346129042014, "railways_area": 0.0, "railways_pc": 0.0, "free_space_number": 9.0, "tree_number": 0.0 }, "geometry": { "type": "MultiPolygon", "coordinates": [ [ [ [ 1261193.896874761208892, 5542769.404702704399824 ], [ 1261293.896874761208892, 5542769.404702704399824 ], [ 1261293.896874761208892, 5542669.404702704399824 ], [ 1261193.896874761208892, 5542669.404702704399824 ], [ 1261193.896874761208892, 5542769.404702704399824 ] ] ] ] } },
{ "type": "Feature", "properties": { "id": 121, "left": 1261193.8968747612, "top": 5542669.4047027044, "right": 1261293.8968747612, "bottom": 5542569.4047027044, "row_index": 15, "col_index": 3, "green_area": 401.76615568110719, "green_pc": 4.0176615568050851, "buildings_area": 4487.4436604455113, "buildings_pc": 44.874436604388244, "road_area": 2603.5695104394108, "road_pc": 26.035695104355312, "free_space_area": 2508.1680021326702, "free_space_pc": 25.081680021289326, "railways_area": 0.0, "railways_pc": 0.0, "free_space_number": 13.0, "tree_number": 0.0 }, "geometry": { "type": "MultiPolygon", "coordinates": [ [ [ [ 1261193.896874761208892, 5542669.404702704399824 ], [ 1261293.896874761208892, 5542669.404702704399824 ], [ 1261293.896874761208892, 5542569.404702704399824 ], [ 1261193.896874761208892, 5542569.404702704399824 ], [ 1261193.896874761208892, 5542669.404702704399824 ] ] ] ] } },
{ "type": "Feature", "properties": { "id": 122, "left": 1261193.8968747612, "top": 5542569.4047027044, "right": 1261293.8968747612, "bottom": 5542469.4047027044, "row_index": 16, "col_index": 3, "green_area": 931.37754032202065, "green_pc": 9.3137754032063285, "buildings_area": 5414.5048914344516, "buildings_pc": 54.145048914263832, "road_area": 987.17956845462322, "road_pc": 9.8717956845315218, "free_space_area": 2667.3538591662791, "free_space_pc": 26.673538591623043, "railways_area": 0.0, "railways_pc": 0.0, "free_space_number": 14.0, "tree_number": 0.0 }, "geometry": { "type": "MultiPolygon", "coordinates": [ [ [ [ 1261193.896874761208892, 5542569.404702704399824 ], [ 1261293.896874761208892, 5542569.404702704399824 ], [ 1261293.896874761208892, 5542469.404702704399824 ], [ 1261193.896874761208892, 5542469.404702704399824 ], [ 1261193.896874761208892, 5542569.404702704399824 ] ] ] ] } },
{ "type": "Feature", "properties": { "id": 123, "left": 1261193.8968747612, "top": 5542469.4047027044, "right": 1261293.8968747612, "bottom": 5542369.4047027044, "row_index": 17, "col_index": 3, "green_area": 82.337750632315874, "green_pc": 0.82337750632193185, "buildings_area": 6221.1248597204685, "buildings_pc": 62.211248597111982, "road_area": 1457.7534511201084, "road_pc": 14.577534511179362, "free_space_area": 2239.2026633185042, "free_space_pc": 22.392026633151673, "railways_area": 0.0, "railways_pc": 0.0, "free_space_number": 10.0, "tree_number": 0.0 }, "geometry": { "type": "MultiPolygon", "coordinates": [ [ [ [ 1261193.896874761208892, 5542469.404702704399824 ], [ 1261293.896874761208892, 5542469.404702704399824 ], [ 1261293.896874761208892, 5542369.404702704399824 ], [ 1261193.896874761208892, 5542369.404702704399824 ], [ 1261193.896874761208892, 5542469.404702704399824 ] ] ] ] } },
{ "type": "Feature", "properties": { "id": 124, "left": 1261193.8968747612, "top": 5542369.4047027044, "right": 1261293.8968747612, "bottom": 5542269.4047027044, "row_index": 18, "col_index": 3, "green_area": 557.78173246607184, "green_pc": 5.5778173246524068, "buildings_area": 5748.2792511489242, "buildings_pc": 57.482792511403588, "road_area": 988.72954666614532, "road_pc": 9.8872954666467194, "free_space_area": 2707.5785701569371, "free_space_pc": 27.075785701529028, "railways_area": 0.0, "railways_pc": 0.0, "free_space_number": 7.0, "tree_number": 0.0 }, "geometry": { "type": "MultiPolygon", "coordinates": [ [ [ [ 1261193.896874761208892, 5542369.404702704399824 ], [ 1261293.896874761208892, 5542369.404702704399824 ], [ 1261293.896874761208892, 5542269.404702704399824 ], [ 1261193.896874761208892, 5542269.404702704399824 ], [ 1261193.896874761208892, 5542369.404702704399824 ] ] ] ] } },
{ "type": "Feature", "properties": { "id": 125, "left": 1261193.8968747612, "top": 5542269.4047027044, "right": 1261293.8968747612, "bottom": 5542169.4047027044, "row_index": 19, "col_index": 3, "green_area": 2898.3129623932764, "green_pc": 28.983129623889575, "buildings_area": 4260.1279611724894, "buildings_pc": 42.601279611661411, "road_area": 465.18514668941498, "road_pc": 4.6518514668872184, "free_space_area": 2378.1395987127139, "free_space_pc": 23.781395987091702, "railways_area": 0.0, "railways_pc": 0.0, "free_space_number": 14.0, "tree_number": 0.0 }, "geometry": { "type": "MultiPolygon", "coordinates": [ [ [ [ 1261193.896874761208892, 5542269.404702704399824 ], [ 1261293.896874761208892, 5542269.404702704399824 ], [ 1261293.896874761208892, 5542169.404702704399824 ], [ 1261193.896874761208892, 5542169.404702704399824 ], [ 1261193.896874761208892, 5542269.404702704399824 ] ] ] ] } },
{ "type": "Feature", "properties": { "id": 126, "left": 1261193.8968747612, "top": 5542169.4047027044, "right": 1261293.8968747612, "bottom": 5542069.4047027044, "row_index": 20, "col_index": 3, "green_area": 2795.1326834997162, "green_pc": 27.951326834955513, "buildings_area": 4630.6316768452525, "buildings_pc": 46.306316768383525, "road_area": 0.0, "road_pc": 0.0, "free_space_area": 2574.6598749242257, "free_space_pc": 25.746598749203891, "railways_area": 0.0, "railways_pc": 0.0, "free_space_number": 5.0, "tree_number": 0.0 }, "geometry": { "type": "MultiPolygon", "coordinates": [ [ [ [ 1261193.896874761208892, 5542169.404702704399824 ], [ 1261293.896874761208892, 5542169.404702704399824 ], [ 1261293.896874761208892, 5542069.404702704399824 ], [ 1261193.896874761208892, 5542069.404702704399824 ], [ 1261193.896874761208892, 5542169.404702704399824 ] ] ] ] } },
{ "type": "Feature", "properties": { "id": 127, "left": 1261193.8968747612, "top": 5542069.4047027044, "right": 1261293.8968747612, "bottom": 5541969.4047027044, "row_index": 21, "col_index": 3, "green_area": 3570.6576219777344, "green_pc": 35.706576219724134, "buildings_area": 1986.0372163318098, "buildings_pc": 19.860372163288503, "road_area": 0.0, "road_pc": 0.0, "free_space_area": 4443.6655767541633, "free_space_pc": 44.436655767475422, "railways_area": 0.0, "railways_pc": 0.0, "free_space_number": 5.0, "tree_number": 0.0 }, "geometry": { "type": "MultiPolygon", "coordinates": [ [ [ [ 1261193.896874761208892, 5542069.404702704399824 ], [ 1261293.896874761208892, 5542069.404702704399824 ], [ 1261293.896874761208892, 5541969.404702704399824 ], [ 1261193.896874761208892, 5541969.404702704399824 ], [ 1261193.896874761208892, 5542069.404702704399824 ] ] ] ] } },
{ "type": "Feature", "properties": { "id": 128, "left": 1261193.8968747612, "top": 5541969.4047027044, "right": 1261293.8968747612, "bottom": 5541869.4047027044, "row_index": 22, "col_index": 3, "green_area": 2589.1627493347041, "green_pc": 25.891627493308459, "buildings_area": 3827.0263586342335, "buildings_pc": 38.27026358628531, "road_area": 1419.9737810194492, "road_pc": 14.199737810173334, "free_space_area": 2165.7332713185406, "free_space_pc": 21.657332713153131, "railways_area": 0.0, "railways_pc": 0.0, "free_space_number": 11.0, "tree_number": 0.0 }, "geometry": { "type": "MultiPolygon", "coordinates": [ [ [ [ 1261193.896874761208892, 5541969.404702704399824 ], [ 1261293.896874761208892, 5541969.404702704399824 ], [ 1261293.896874761208892, 5541869.404702704399824 ], [ 1261193.896874761208892, 5541869.404702704399824 ], [ 1261193.896874761208892, 5541969.404702704399824 ] ] ] ] } },
{ "type": "Feature", "properties": { "id": 129, "left": 1261193.8968747612, "top": 5541869.4047027044, "right": 1261293.8968747612, "bottom": 5541769.4047027044, "row_index": 23, "col_index": 3, "green_area": 0.0069564471486955881, "green_pc": 6.9564471486852219e-05, "buildings_area": 4747.930441878736, "buildings_pc": 47.479304418716609, "road_area": 1707.342212022515, "road_pc": 17.073422120199709, "free_space_area": 3545.8750704056729, "free_space_pc": 35.45875070400389, "railways_area": 0.0, "railways_pc": 0.0, "free_space_number": 4.0, "tree_number": 0.0 }, "geometry": { "type": "MultiPolygon", "coordinates": [ [ [ [ 1261193.896874761208892, 5541869.404702704399824 ], [ 1261293.896874761208892, 5541869.404702704399824 ], [ 1261293.896874761208892, 5541769.404702704399824 ], [ 1261193.896874761208892, 5541769.404702704399824 ], [ 1261193.896874761208892, 5541869.404702704399824 ] ] ] ] } },
{ "type": "Feature", "properties": { "id": 130, "left": 1261193.8968747612, "top": 5541769.4047027044, "right": 1261293.8968747612, "bottom": 5541669.4047027044, "row_index": 24, "col_index": 3, "green_area": 2773.2154520096956, "green_pc": 28.696442085930826, "buildings_area": 1025.1240618675947, "buildings_pc": 10.607691245539316, "road_area": 364.07132038264535, "road_pc": 3.7673061257962526, "free_space_area": 1093.8595608323812, "free_space_pc": 11.318946573307358, "railways_area": 0.0, "railways_pc": 0.0, "free_space_number": 1.0, "tree_number": 9.0 }, "geometry": { "type": "MultiPolygon", "coordinates": [ [ [ [ 1261200.703846126096323, 5541672.393083025701344 ], [ 1261200.703904925845563, 5541672.393515816889703 ], [ 1261200.392491980455816, 5541688.371908745728433 ], [ 1261200.393737356411293, 5541688.307995413430035 ], [ 1261200.083570366259664, 5541704.222473107278347 ], [ 1261194.122783891158178, 5541738.343895851634443 ], [ 1261193.896874761208892, 5541739.231628857553005 ], [ 1261193.896874761208892, 5541769.404702704399824 ], [ 1261293.896874761208892, 5541769.404702704399824 ], [ 1261293.896874761208892, 5541669.404702704399824 ], [ 1261200.297840112354606, 5541669.404702704399824 ], [ 1261200.703846126096323, 5541672.393083025701344 ] ] ] ] } },
{ "type": "Feature", "properties": { "id": 131, "left": 1261193.8968747612, "top": 5541669.4047027044, "right": 1261293.8968747612, "bottom": 5541569.4047027044, "row_index": 25, "col_index": 3, "green_area": 2201.2891731578857, "green_pc": 31.030731552505777, "buildings_area": 421.06106707453728, "buildings_pc": 5.9355368203886858, "road_area": 2563.9657120723277, "road_pc": 36.143244009604373, "free_space_area": 120.61651127808727, "free_space_pc": 1.7002848275952798, "railways_area": 0.0, "railways_pc": 0.0, "free_space_number": 4.0, "tree_number": 0.0 }, "geometry": { "type": "MultiPolygon", "coordinates": [ [ [ [ 1261270.277331303572282, 5541578.151957334019244 ], [ 1261234.3776113120839, 5541599.22738738078624 ], [ 1261218.850754398852587, 5541611.5255385665223 ], [ 1261210.975426672492176, 5541617.875892556272447 ], [ 1261205.762265202822164, 5541623.413956346921623 ], [ 1261199.73416142957285, 5541640.823690185323358 ], [ 1261199.206294465111569, 5541661.370453402400017 ], [ 1261200.297840112354606, 5541669.404702704399824 ], [ 1261293.896874761208892, 5541669.404702704399824 ], [ 1261293.896874761208892, 5541569.404702704399824 ], [ 1261287.403847148874775, 5541569.404702704399824 ], [ 1261270.277331303572282, 5541578.151957334019244 ] ] ] ] } },
{ "type": "Feature", "properties": { "id": 132, "left": 1261193.8968747612, "top": 5541569.4047027044, "right": 1261293.8968747612, "bottom": 5541469.4047027044, "row_index": 26, "col_index": 3, "green_area": 10.766319211572409, "green_pc": 100.0, "buildings_area": 0.0, "buildings_pc": 0.0, "road_area": 0.0, "road_pc": 0.0, "free_space_area": 0.0, "free_space_pc": 0.0, "railways_area": 0.0, "railways_pc": 0.0, "free_space_number": 0.0, "tree_number": 0.0 }, "geometry": { "type": "MultiPolygon", "coordinates": [ [ [ [ 1261287.403847148874775, 5541569.404702704399824 ], [ 1261293.896874761208892, 5541569.404702704399824 ], [ 1261293.896874761208892, 5541566.088431820273399 ], [ 1261287.403847148874775, 5541569.404702704399824 ] ] ] ] } },
{ "type": "Feature", "properties": { "id": 148, "left": 1261293.8968747612, "top": 5543469.4047027044, "right": 1261393.8968747612, "bottom": 5543369.4047027044, "row_index": 7, "col_index": 4, "green_area": 116.00590693950653, "green_pc": 33.109313543197537, "buildings_area": 0.0, "buildings_pc": 0.0, "road_area": 234.35909776575863, "road_pc": 66.888566749223472, "free_space_area": 0.0, "free_space_pc": 0.0, "railways_area": 0.0, "railways_pc": 0.0, "free_space_number": 0.0, "tree_number": 0.0 }, "geometry": { "type": "MultiPolygon", "coordinates": [ [ [ [ 1261382.120487633859739, 5543383.268683780916035 ], [ 1261393.896874761208892, 5543391.57319297362119 ], [ 1261393.896874761208892, 5543369.404702704399824 ], [ 1261362.183030282147229, 5543369.404702704399824 ], [ 1261382.120487633859739, 5543383.268683780916035 ] ] ] ] } },
{ "type": "Feature", "properties": { "id": 149, "left": 1261293.8968747612, "top": 5543369.4047027044, "right": 1261393.8968747612, "bottom": 5543269.4047027044, "row_index": 8, "col_index": 4, "green_area": 5564.2750448752195, "green_pc": 66.40947381512386, "buildings_area": 305.95283958350774, "buildings_pc": 3.6515389561299787, "road_area": 1974.9761873665266, "road_pc": 23.571287965214477, "free_space_area": 406.27415747887363, "free_space_pc": 4.8488712015960038, "railways_area": 0.0, "railways_pc": 0.0, "free_space_number": 11.0, "tree_number": 0.0 }, "geometry": { "type": "MultiPolygon", "coordinates": [ [ [ [ 1261362.183030282147229, 5543369.404702704399824 ], [ 1261393.896874761208892, 5543369.404702704399824 ], [ 1261393.896874761208892, 5543269.404702704399824 ], [ 1261293.896874761208892, 5543269.404702704399824 ], [ 1261293.896874761208892, 5543321.920314337126911 ], [ 1261362.183030282147229, 5543369.404702704399824 ] ] ] ] } },
{ "type": "Feature", "properties": { "id": 150, "left": 1261293.8968747612, "top": 5543269.4047027044, "right": 1261393.8968747612, "bottom": 5543169.4047027044, "row_index": 9, "col_index": 4, "green_area": 1994.7891787099652, "green_pc": 19.947891787069928, "buildings_area": 2792.6135891133454, "buildings_pc": 27.926135891091839, "road_area": 4236.0183615171118, "road_pc": 42.360183615107999, "free_space_area": 899.62985049967392, "free_space_pc": 8.9962985049833328, "railways_area": 0.0, "railways_pc": 0.0, "free_space_number": 6.0, "tree_number": 3.0 }, "geometry": { "type": "MultiPolygon", "coordinates": [ [ [ [ 1261293.896874761208892, 5543269.404702704399824 ], [ 1261393.896874761208892, 5543269.404702704399824 ], [ 1261393.896874761208892, 5543169.404702704399824 ], [ 1261293.896874761208892, 5543169.404702704399824 ], [ 1261293.896874761208892, 5543269.404702704399824 ] ] ] ] } },
{ "type": "Feature", "properties": { "id": 151, "left": 1261293.8968747612, "top": 5543169.4047027044, "right": 1261393.8968747612, "bottom": 5543069.4047027044, "row_index": 10, "col_index": 4, "green_area": 7872.9130099136382, "green_pc": 78.729130099019073, "buildings_area": 1772.1508943587542, "buildings_pc": 17.721508943561133, "road_area": 0.0, "road_pc": 0.0, "free_space_area": 652.9635234636371, "free_space_pc": 6.5296352346266415, "railways_area": 0.0, "railways_pc": 0.0, "free_space_number": 3.0, "tree_number": 0.0 }, "geometry": { "type": "MultiPolygon", "coordinates": [ [ [ [ 1261293.896874761208892, 5543169.404702704399824 ], [ 1261393.896874761208892, 5543169.404702704399824 ], [ 1261393.896874761208892, 5543069.404702704399824 ], [ 1261293.896874761208892, 5543069.404702704399824 ], [ 1261293.896874761208892, 5543169.404702704399824 ] ] ] ] } },
{ "type": "Feature", "properties": { "id": 152, "left": 1261293.8968747612, "top": 5543069.4047027044, "right": 1261393.8968747612, "bottom": 5542969.4047027044, "row_index": 11, "col_index": 4, "green_area": 4109.1547416537069, "green_pc": 41.091547416475841, "buildings_area": 1118.610234211199, "buildings_pc": 11.186102342095321, "road_area": 3447.2956489380449, "road_pc": 34.472956489329079, "free_space_area": 1324.9954744909608, "free_space_pc": 13.249954744889864, "railways_area": 0.0, "railways_pc": 0.0, "free_space_number": 4.0, "tree_number": 0.0 }, "geometry": { "type": "MultiPolygon", "coordinates": [ [ [ [ 1261293.896874761208892, 5543069.404702704399824 ], [ 1261393.896874761208892, 5543069.404702704399824 ], [ 1261393.896874761208892, 5542969.404702704399824 ], [ 1261293.896874761208892, 5542969.404702704399824 ], [ 1261293.896874761208892, 5543069.404702704399824 ] ] ] ] } },
{ "type": "Feature", "properties": { "id": 153, "left": 1261293.8968747612, "top": 5542969.4047027044, "right": 1261393.8968747612, "bottom": 5542869.4047027044, "row_index": 12, "col_index": 4, "green_area": 0.0, "green_pc": 0.0, "buildings_area": 6003.7045883834362, "buildings_pc": 60.037045883744902, "road_area": 0.0, "road_pc": 0.0, "free_space_area": 3996.2954117195495, "free_space_pc": 39.962954117135943, "railways_area": 0.0, "railways_pc": 0.0, "free_space_number": 6.0, "tree_number": 0.0 }, "geometry": { "type": "MultiPolygon", "coordinates": [ [ [ [ 1261293.896874761208892, 5542969.404702704399824 ], [ 1261393.896874761208892, 5542969.404702704399824 ], [ 1261393.896874761208892, 5542869.404702704399824 ], [ 1261293.896874761208892, 5542869.404702704399824 ], [ 1261293.896874761208892, 5542969.404702704399824 ] ] ] ] } },
{ "type": "Feature", "properties": { "id": 154, "left": 1261293.8968747612, "top": 5542869.4047027044, "right": 1261393.8968747612, "bottom": 5542769.4047027044, "row_index": 13, "col_index": 4, "green_area": 248.08745484426618, "green_pc": 2.4808745484389649, "buildings_area": 3402.6631746068597, "buildings_pc": 34.026631746017891, "road_area": 3070.8614642923931, "road_pc": 30.708614642878171, "free_space_area": 378.120508368419, "free_space_pc": 3.7812050836785551, "railways_area": 0.0, "railways_pc": 0.0, "free_space_number": 7.0, "tree_number": 0.0 }, "geometry": { "type": "MultiPolygon", "coordinates": [ [ [ [ 1261293.896874761208892, 5542869.404702704399824 ], [ 1261393.896874761208892, 5542869.404702704399824 ], [ 1261393.896874761208892, 5542769.404702704399824 ], [ 1261293.896874761208892, 5542769.404702704399824 ], [ 1261293.896874761208892, 5542869.404702704399824 ] ] ] ] } },
{ "type": "Feature", "properties": { "id": 155, "left": 1261293.8968747612, "top": 5542769.4047027044, "right": 1261393.8968747612, "bottom": 5542669.4047027044, "row_index": 14, "col_index": 4, "green_area": 919.96365868195426, "green_pc": 9.1996365868058341, "buildings_area": 3685.0076182968915, "buildings_pc": 36.850076182914002, "road_area": 1751.0284315034514, "road_pc": 17.510284315008423, "free_space_area": 3096.2587641096225, "free_space_pc": 30.962587641050089, "railways_area": 0.0, "railways_pc": 0.0, "free_space_number": 7.0, "tree_number": 0.0 }, "geometry": { "type": "MultiPolygon", "coordinates": [ [ [ [ 1261293.896874761208892, 5542769.404702704399824 ], [ 1261393.896874761208892, 5542769.404702704399824 ], [ 1261393.896874761208892, 5542669.404702704399824 ], [ 1261293.896874761208892, 5542669.404702704399824 ], [ 1261293.896874761208892, 5542769.404702704399824 ] ] ] ] } },
{ "type": "Feature", "properties": { "id": 156, "left": 1261293.8968747612, "top": 5542669.4047027044, "right": 1261393.8968747612, "bottom": 5542569.4047027044, "row_index": 15, "col_index": 4, "green_area": 3115.209206791129, "green_pc": 31.152092067864871, "buildings_area": 3286.0250510018377, "buildings_pc": 32.860250509969411, "road_area": 1054.0859908591956, "road_pc": 10.540859908576248, "free_space_area": 2549.4115801588632, "free_space_pc": 25.494115801550642, "railways_area": 0.0, "railways_pc": 0.0, "free_space_number": 13.0, "tree_number": 0.0 }, "geometry": { "type": "MultiPolygon", "coordinates": [ [ [ [ 1261293.896874761208892, 5542669.404702704399824 ], [ 1261393.896874761208892, 5542669.404702704399824 ], [ 1261393.896874761208892, 5542569.404702704399824 ], [ 1261293.896874761208892, 5542569.404702704399824 ], [ 1261293.896874761208892, 5542669.404702704399824 ] ] ] ] } },
{ "type": "Feature", "properties": { "id": 157, "left": 1261293.8968747612, "top": 5542569.4047027044, "right": 1261393.8968747612, "bottom": 5542469.4047027044, "row_index": 16, "col_index": 4, "green_area": 1830.6323280588258, "green_pc": 18.306323280560978, "buildings_area": 6040.2512627040269, "buildings_pc": 60.402512626950262, "road_area": 838.96058765426278, "road_pc": 8.3896058765301262, "free_space_area": 1375.2803761179962, "free_space_pc": 13.752803761159468, "railways_area": 0.0, "railways_pc": 0.0, "free_space_number": 23.0, "tree_number": 0.0 }, "geometry": { "type": "MultiPolygon", "coordinates": [ [ [ [ 1261293.896874761208892, 5542569.404702704399824 ], [ 1261393.896874761208892, 5542569.404702704399824 ], [ 1261393.896874761208892, 5542469.404702704399824 ], [ 1261293.896874761208892, 5542469.404702704399824 ], [ 1261293.896874761208892, 5542569.404702704399824 ] ] ] ] } },
{ "type": "Feature", "properties": { "id": 158, "left": 1261293.8968747612, "top": 5542469.4047027044, "right": 1261393.8968747612, "bottom": 5542369.4047027044, "row_index": 17, "col_index": 4, "green_area": 250.05409597698599, "green_pc": 2.5005409597661337, "buildings_area": 6806.6800736719742, "buildings_pc": 68.066800736618319, "road_area": 1677.3139502629638, "road_pc": 16.773139502604643, "free_space_area": 1267.683693515572, "free_space_pc": 12.676836935136832, "railways_area": 0.0, "railways_pc": 0.0, "free_space_number": 23.0, "tree_number": 0.0 }, "geometry": { "type": "MultiPolygon", "coordinates": [ [ [ [ 1261293.896874761208892, 5542469.404702704399824 ], [ 1261393.896874761208892, 5542469.404702704399824 ], [ 1261393.896874761208892, 5542369.404702704399824 ], [ 1261293.896874761208892, 5542369.404702704399824 ], [ 1261293.896874761208892, 5542469.404702704399824 ] ] ] ] } },
{ "type": "Feature", "properties": { "id": 159, "left": 1261293.8968747612, "top": 5542369.4047027044, "right": 1261393.8968747612, "bottom": 5542269.4047027044, "row_index": 18, "col_index": 4, "green_area": 2058.969784471672, "green_pc": 20.589697844686039, "buildings_area": 5428.0530601036735, "buildings_pc": 54.280530600955849, "road_area": 812.10084279626608, "road_pc": 8.1210084279505601, "free_space_area": 1874.061847547187, "free_space_pc": 18.740618475443945, "railways_area": 0.0, "railways_pc": 0.0, "free_space_number": 22.0, "tree_number": 0.0 }, "geometry": { "type": "MultiPolygon", "coordinates": [ [ [ [ 1261293.896874761208892, 5542369.404702704399824 ], [ 1261393.896874761208892, 5542369.404702704399824 ], [ 1261393.896874761208892, 5542269.404702704399824 ], [ 1261293.896874761208892, 5542269.404702704399824 ], [ 1261293.896874761208892, 5542369.404702704399824 ] ] ] ] } },
{ "type": "Feature", "properties": { "id": 160, "left": 1261293.8968747612, "top": 5542269.4047027044, "right": 1261393.8968747612, "bottom": 5542169.4047027044, "row_index": 19, "col_index": 4, "green_area": 1189.0923462007195, "green_pc": 11.890923461989475, "buildings_area": 4850.4355470933951, "buildings_pc": 48.504355470861675, "road_area": 1585.0062369965017, "road_pc": 15.850062369941398, "free_space_area": 2398.4958607213885, "free_space_pc": 23.984958607178147, "railways_area": 0.0, "railways_pc": 0.0, "free_space_number": 25.0, "tree_number": 0.0 }, "geometry": { "type": "MultiPolygon", "coordinates": [ [ [ [ 1261293.896874761208892, 5542269.404702704399824 ], [ 1261393.896874761208892, 5542269.404702704399824 ], [ 1261393.896874761208892, 5542169.404702704399824 ], [ 1261293.896874761208892, 5542169.404702704399824 ], [ 1261293.896874761208892, 5542269.404702704399824 ] ] ] ] } },
{ "type": "Feature", "properties": { "id": 161, "left": 1261293.8968747612, "top": 5542169.4047027044, "right": 1261393.8968747612, "bottom": 5542069.4047027044, "row_index": 20, "col_index": 4, "green_area": 1079.2035489897244, "green_pc": 10.792035489881162, "buildings_area": 5262.9308319333941, "buildings_pc": 52.629308319255514, "road_area": 0.0, "road_pc": 0.0, "free_space_area": 3657.9101174308889, "free_space_pc": 36.579101174254383, "railways_area": 0.0, "railways_pc": 0.0, "free_space_number": 7.0, "tree_number": 0.0 }, "geometry": { "type": "MultiPolygon", "coordinates": [ [ [ [ 1261293.896874761208892, 5542169.404702704399824 ], [ 1261393.896874761208892, 5542169.404702704399824 ], [ 1261393.896874761208892, 5542069.404702704399824 ], [ 1261293.896874761208892, 5542069.404702704399824 ], [ 1261293.896874761208892, 5542169.404702704399824 ] ] ] ] } },
{ "type": "Feature", "properties": { "id": 162, "left": 1261293.8968747612, "top": 5542069.4047027044, "right": 1261393.8968747612, "bottom": 5541969.4047027044, "row_index": 21, "col_index": 4, "green_area": 1910.6046039648354, "green_pc": 19.106046039619883, "buildings_area": 2288.8015840798616, "buildings_pc": 22.88801584076451, "road_area": 0.0, "road_pc": 0.0, "free_space_area": 5801.288893372237, "free_space_pc": 58.012888933635928, "railways_area": 0.0, "railways_pc": 0.0, "free_space_number": 5.0, "tree_number": 0.0 }, "geometry": { "type": "MultiPolygon", "coordinates": [ [ [ [ 1261293.896874761208892, 5542069.404702704399824 ], [ 1261393.896874761208892, 5542069.404702704399824 ], [ 1261393.896874761208892, 5541969.404702704399824 ], [ 1261293.896874761208892, 5541969.404702704399824 ], [ 1261293.896874761208892, 5542069.404702704399824 ] ] ] ] } },
{ "type": "Feature", "properties": { "id": 163, "left": 1261293.8968747612, "top": 5541969.4047027044, "right": 1261393.8968747612, "bottom": 5541869.4047027044, "row_index": 22, "col_index": 4, "green_area": 4170.3156694518402, "green_pc": 41.703156694456261, "buildings_area": 2807.4651549062692, "buildings_pc": 28.074651549020857, "road_area": 29.284099189681001, "road_pc": 0.29284099189637364, "free_space_area": 2994.8779422400858, "free_space_pc": 29.948779422356228, "railways_area": 0.0, "railways_pc": 0.0, "free_space_number": 9.0, "tree_number": 0.0 }, "geometry": { "type": "MultiPolygon", "coordinates": [ [ [ [ 1261293.896874761208892, 5541969.404702704399824 ], [ 1261393.896874761208892, 5541969.404702704399824 ], [ 1261393.896874761208892, 5541869.404702704399824 ], [ 1261293.896874761208892, 5541869.404702704399824 ], [ 1261293.896874761208892, 5541969.404702704399824 ] ] ] ] } },
{ "type": "Feature", "properties": { "id": 164, "left": 1261293.8968747612, "top": 5541869.4047027044, "right": 1261393.8968747612, "bottom": 5541769.4047027044, "row_index": 23, "col_index": 4, "green_area": 1524.8935861736536, "green_pc": 15.248935861713813, "buildings_area": 3379.6315490631387, "buildings_pc": 33.796315490581023, "road_area": 3120.1552780307829, "road_pc": 31.201552780261334, "free_space_area": 1977.1150945557747, "free_space_pc": 19.771150945528287, "railways_area": 0.0, "railways_pc": 0.0, "free_space_number": 11.0, "tree_number": 0.0 }, "geometry": { "type": "MultiPolygon", "coordinates": [ [ [ [ 1261293.896874761208892, 5541869.404702704399824 ], [ 1261393.896874761208892, 5541869.404702704399824 ], [ 1261393.896874761208892, 5541769.404702704399824 ], [ 1261293.896874761208892, 5541769.404702704399824 ], [ 1261293.896874761208892, 5541869.404702704399824 ] ] ] ] } },
{ "type": "Feature", "properties": { "id": 165, "left": 1261293.8968747612, "top": 5541769.4047027044, "right": 1261393.8968747612, "bottom": 5541669.4047027044, "row_index": 24, "col_index": 4, "green_area": 2526.4612363856286, "green_pc": 25.264612363818639, "buildings_area": 1884.4643198633566, "buildings_pc": 18.844643198605485, "road_area": 1515.1115504801273, "road_pc": 15.151115504778696, "free_space_area": 1149.2550944262723, "free_space_pc": 11.492550944245597, "railways_area": 0.0, "railways_pc": 0.0, "free_space_number": 6.0, "tree_number": 0.0 }, "geometry": { "type": "MultiPolygon", "coordinates": [ [ [ [ 1261293.896874761208892, 5541769.404702704399824 ], [ 1261393.896874761208892, 5541769.404702704399824 ], [ 1261393.896874761208892, 5541669.404702704399824 ], [ 1261293.896874761208892, 5541669.404702704399824 ], [ 1261293.896874761208892, 5541769.404702704399824 ] ] ] ] } },
{ "type": "Feature", "properties": { "id": 166, "left": 1261293.8968747612, "top": 5541669.4047027044, "right": 1261393.8968747612, "bottom": 5541569.4047027044, "row_index": 25, "col_index": 4, "green_area": 2455.5095901330933, "green_pc": 24.555095901294344, "buildings_area": 2530.1791679160669, "buildings_pc": 25.301791679122967, "road_area": 2109.7832311745733, "road_pc": 21.097832311714296, "free_space_area": 991.16291695995483, "free_space_pc": 9.9116291695847796, "railways_area": 0.0, "railways_pc": 0.0, "free_space_number": 9.0, "tree_number": 0.0 }, "geometry": { "type": "MultiPolygon", "coordinates": [ [ [ [ 1261293.896874761208892, 5541669.404702704399824 ], [ 1261393.896874761208892, 5541669.404702704399824 ], [ 1261393.896874761208892, 5541569.404702704399824 ], [ 1261293.896874761208892, 5541569.404702704399824 ], [ 1261293.896874761208892, 5541669.404702704399824 ] ] ] ] } },
{ "type": "Feature", "properties": { "id": 167, "left": 1261293.8968747612, "top": 5541569.4047027044, "right": 1261393.8968747612, "bottom": 5541469.4047027044, "row_index": 26, "col_index": 4, "green_area": 917.8267616238445, "green_pc": 32.401911743578339, "buildings_area": 33.340451946482062, "buildings_pc": 1.1770133827320961, "road_area": 1636.9927918612957, "road_pc": 57.790531050675376, "free_space_area": 244.47157620359212, "free_space_pc": 8.6305463810486565, "railways_area": 0.0, "railways_pc": 0.0, "free_space_number": 2.0, "tree_number": 0.0 }, "geometry": { "type": "MultiPolygon", "coordinates": [ [ [ [ 1261391.00332231936045, 5541518.102158147841692 ], [ 1261331.503237846074626, 5541546.881724746897817 ], [ 1261310.350826836656779, 5541557.684684685431421 ], [ 1261293.896874761208892, 5541566.088431820273399 ], [ 1261293.896874761208892, 5541569.404702704399824 ], [ 1261393.896874761208892, 5541569.404702704399824 ], [ 1261393.896874761208892, 5541516.714008354581892 ], [ 1261391.00332231936045, 5541518.102158147841692 ] ] ] ] } },
{ "type": "Feature", "properties": { "id": 183, "left": 1261393.8968747612, "top": 5543469.4047027044, "right": 1261493.8968747612, "bottom": 5543369.4047027044, "row_index": 7, "col_index": 5, "green_area": 406.7059630099684, "green_pc": 7.0819631447308469, "buildings_area": 2264.771575900726, "buildings_pc": 39.43642407664877, "road_area": 2848.1184039451182, "road_pc": 49.594231221228974, "free_space_area": 223.39892698393993, "free_space_pc": 3.8900412370740249, "railways_area": 0.0, "railways_pc": 0.0, "free_space_number": 8.0, "tree_number": 0.0 }, "geometry": { "type": "MultiPolygon", "coordinates": [ [ [ [ 1261489.468743697274476, 5543458.968859873712063 ], [ 1261493.896874761208892, 5543462.126550321467221 ], [ 1261493.896874761208892, 5543369.404702704399824 ], [ 1261393.896874761208892, 5543369.404702704399824 ], [ 1261393.896874761208892, 5543391.57319297362119 ], [ 1261489.468743697274476, 5543458.968859873712063 ] ] ] ] } },
{ "type": "Feature", "properties": { "id": 184, "left": 1261393.8968747612, "top": 5543369.4047027044, "right": 1261493.8968747612, "bottom": 5543269.4047027044, "row_index": 8, "col_index": 5, "green_area": 2709.2676613032818, "green_pc": 27.092676612992445, "buildings_area": 2556.617169354111, "buildings_pc": 25.566171693503012, "road_area": 3078.5199260166846, "road_pc": 30.785199260120972, "free_space_area": 1656.4496717298348, "free_space_pc": 16.564496717273666, "railways_area": 0.0, "railways_pc": 0.0, "free_space_number": 14.0, "tree_number": 0.0 }, "geometry": { "type": "MultiPolygon", "coordinates": [ [ [ [ 1261393.896874761208892, 5543369.404702704399824 ], [ 1261493.896874761208892, 5543369.404702704399824 ], [ 1261493.896874761208892, 5543269.404702704399824 ], [ 1261393.896874761208892, 5543269.404702704399824 ], [ 1261393.896874761208892, 5543369.404702704399824 ] ] ] ] } },
{ "type": "Feature", "properties": { "id": 185, "left": 1261393.8968747612, "top": 5543269.4047027044, "right": 1261493.8968747612, "bottom": 5543169.4047027044, "row_index": 9, "col_index": 5, "green_area": 1242.9339920539605, "green_pc": 12.429339920521084, "buildings_area": 2292.1467370502651, "buildings_pc": 22.921467370468495, "road_area": 5669.7379411607981, "road_pc": 56.697379411523492, "free_space_area": 862.38347117857302, "free_space_pc": 8.6238347117728811, "railways_area": 0.0, "railways_pc": 0.0, "free_space_number": 11.0, "tree_number": 1.0 }, "geometry": { "type": "MultiPolygon", "coordinates": [ [ [ [ 1261393.896874761208892, 5543269.404702704399824 ], [ 1261493.896874761208892, 5543269.404702704399824 ], [ 1261493.896874761208892, 5543169.404702704399824 ], [ 1261393.896874761208892, 5543169.404702704399824 ], [ 1261393.896874761208892, 5543269.404702704399824 ] ] ] ] } },
{ "type": "Feature", "properties": { "id": 186, "left": 1261393.8968747612, "top": 5543169.4047027044, "right": 1261493.8968747612, "bottom": 5543069.4047027044, "row_index": 10, "col_index": 5, "green_area": 2483.0227598547935, "green_pc": 24.830227598510934, "buildings_area": 5320.7351263826713, "buildings_pc": 53.207351263747427, "road_area": 1874.4468640163541, "road_pc": 18.744468640135608, "free_space_area": 381.19180324440822, "free_space_pc": 3.8119180324384021, "railways_area": 0.0, "railways_pc": 0.0, "free_space_number": 5.0, "tree_number": 0.0 }, "geometry": { "type": "MultiPolygon", "coordinates": [ [ [ [ 1261393.896874761208892, 5543169.404702704399824 ], [ 1261493.896874761208892, 5543169.404702704399824 ], [ 1261493.896874761208892, 5543069.404702704399824 ], [ 1261393.896874761208892, 5543069.404702704399824 ], [ 1261393.896874761208892, 5543169.404702704399824 ] ] ] ] } },
{ "type": "Feature", "properties": { "id": 187, "left": 1261393.8968747612, "top": 5543069.4047027044, "right": 1261493.8968747612, "bottom": 5542969.4047027044, "row_index": 11, "col_index": 5, "green_area": 1686.2054250065703, "green_pc": 16.862054250040575, "buildings_area": 2493.4186401674524, "buildings_pc": 24.934186401637369, "road_area": 5051.0152040049434, "road_pc": 50.510152039974166, "free_space_area": 782.49067838064047, "free_space_pc": 7.8249067837947441, "railways_area": 0.0, "railways_pc": 0.0, "free_space_number": 6.0, "tree_number": 0.0 }, "geometry": { "type": "MultiPolygon", "coordinates": [ [ [ [ 1261393.896874761208892, 5543069.404702704399824 ], [ 1261493.896874761208892, 5543069.404702704399824 ], [ 1261493.896874761208892, 5542969.404702704399824 ], [ 1261393.896874761208892, 5542969.404702704399824 ], [ 1261393.896874761208892, 5543069.404702704399824 ] ] ] ] } },
{ "type": "Feature", "properties": { "id": 188, "left": 1261393.8968747612, "top": 5542969.4047027044, "right": 1261493.8968747612, "bottom": 5542869.4047027044, "row_index": 12, "col_index": 5, "green_area": 0.0, "green_pc": 0.0, "buildings_area": 4886.3831920614466, "buildings_pc": 48.863831920541656, "road_area": 3252.2229670397937, "road_pc": 32.522229670349475, "free_space_area": 1861.5745095879936, "free_space_pc": 18.615745095852198, "railways_area": 0.0, "railways_pc": 0.0, "free_space_number": 4.0, "tree_number": 0.0 }, "geometry": { "type": "MultiPolygon", "coordinates": [ [ [ [ 1261393.896874761208892, 5542969.404702704399824 ], [ 1261493.896874761208892, 5542969.404702704399824 ], [ 1261493.896874761208892, 5542869.404702704399824 ], [ 1261393.896874761208892, 5542869.404702704399824 ], [ 1261393.896874761208892, 5542969.404702704399824 ] ] ] ] } },
{ "type": "Feature", "properties": { "id": 189, "left": 1261393.8968747612, "top": 5542869.4047027044, "right": 1261493.8968747612, "bottom": 5542769.4047027044, "row_index": 13, "col_index": 5, "green_area": 0.0, "green_pc": 0.0, "buildings_area": 5441.0728261512704, "buildings_pc": 54.410728261431629, "road_area": 3489.6690356731415, "road_pc": 34.896690356679414, "free_space_area": 1068.9784777588939, "free_space_pc": 10.68978477757301, "railways_area": 0.0, "railways_pc": 0.0, "free_space_number": 15.0, "tree_number": 0.0 }, "geometry": { "type": "MultiPolygon", "coordinates": [ [ [ [ 1261393.896874761208892, 5542869.404702704399824 ], [ 1261493.896874761208892, 5542869.404702704399824 ], [ 1261493.896874761208892, 5542769.404702704399824 ], [ 1261393.896874761208892, 5542769.404702704399824 ], [ 1261393.896874761208892, 5542869.404702704399824 ] ] ] ] } },
{ "type": "Feature", "properties": { "id": 190, "left": 1261393.8968747612, "top": 5542769.4047027044, "right": 1261493.8968747612, "bottom": 5542669.4047027044, "row_index": 14, "col_index": 5, "green_area": 202.23123698146082, "green_pc": 2.0223123698115946, "buildings_area": 7333.0724228685722, "buildings_pc": 73.330724228576457, "road_area": 1358.5054857432842, "road_pc": 13.585054857412599, "free_space_area": 1106.8419109408715, "free_space_pc": 11.068419109392222, "railways_area": 0.0, "railways_pc": 0.0, "free_space_number": 20.0, "tree_number": 0.0 }, "geometry": { "type": "MultiPolygon", "coordinates": [ [ [ [ 1261393.896874761208892, 5542769.404702704399824 ], [ 1261493.896874761208892, 5542769.404702704399824 ], [ 1261493.896874761208892, 5542669.404702704399824 ], [ 1261393.896874761208892, 5542669.404702704399824 ], [ 1261393.896874761208892, 5542769.404702704399824 ] ] ] ] } },
{ "type": "Feature", "properties": { "id": 191, "left": 1261393.8968747612, "top": 5542669.4047027044, "right": 1261493.8968747612, "bottom": 5542569.4047027044, "row_index": 15, "col_index": 5, "green_area": 555.04783731326461, "green_pc": 5.550478373124375, "buildings_area": 6402.4517998911906, "buildings_pc": 64.024517998816506, "road_area": 1353.6939255818725, "road_pc": 13.536939255798552, "free_space_area": 1689.0767684820703, "free_space_pc": 16.890767684795534, "railways_area": 0.0, "railways_pc": 0.0, "free_space_number": 25.0, "tree_number": 0.0 }, "geometry": { "type": "MultiPolygon", "coordinates": [ [ [ [ 1261393.896874761208892, 5542669.404702704399824 ], [ 1261493.896874761208892, 5542669.404702704399824 ], [ 1261493.896874761208892, 5542569.404702704399824 ], [ 1261393.896874761208892, 5542569.404702704399824 ], [ 1261393.896874761208892, 5542669.404702704399824 ] ] ] ] } },
{ "type": "Feature", "properties": { "id": 192, "left": 1261393.8968747612, "top": 5542569.4047027044, "right": 1261493.8968747612, "bottom": 5542469.4047027044, "row_index": 16, "col_index": 5, "green_area": 1862.8870280575939, "green_pc": 18.628870280548178, "buildings_area": 4898.1711872983724, "buildings_pc": 48.981711872910736, "road_area": 327.13997320830822, "road_pc": 3.2713997320782076, "free_space_area": 2912.2424654668002, "free_space_pc": 29.122424654624609, "railways_area": 0.0, "railways_pc": 0.0, "free_space_number": 13.0, "tree_number": 0.0 }, "geometry": { "type": "MultiPolygon", "coordinates": [ [ [ [ 1261393.896874761208892, 5542569.404702704399824 ], [ 1261493.896874761208892, 5542569.404702704399824 ], [ 1261493.896874761208892, 5542469.404702704399824 ], [ 1261393.896874761208892, 5542469.404702704399824 ], [ 1261393.896874761208892, 5542569.404702704399824 ] ] ] ] } },
{ "type": "Feature", "properties": { "id": 193, "left": 1261393.8968747612, "top": 5542469.4047027044, "right": 1261493.8968747612, "bottom": 5542369.4047027044, "row_index": 17, "col_index": 5, "green_area": 1000.7663783190073, "green_pc": 10.007663783175161, "buildings_area": 6533.8989571756683, "buildings_pc": 65.338989571659326, "road_area": 923.15227677952498, "road_pc": 9.2315227677814935, "free_space_area": 1578.2433417759948, "free_space_pc": 15.782433417736431, "railways_area": 0.0, "railways_pc": 0.0, "free_space_number": 31.0, "tree_number": 0.0 }, "geometry": { "type": "MultiPolygon", "coordinates": [ [ [ [ 1261393.896874761208892, 5542469.404702704399824 ], [ 1261493.896874761208892, 5542469.404702704399824 ], [ 1261493.896874761208892, 5542369.404702704399824 ], [ 1261393.896874761208892, 5542369.404702704399824 ], [ 1261393.896874761208892, 5542469.404702704399824 ] ] ] ] } },
{ "type": "Feature", "properties": { "id": 194, "left": 1261393.8968747612, "top": 5542369.4047027044, "right": 1261493.8968747612, "bottom": 5542269.4047027044, "row_index": 18, "col_index": 5, "green_area": 2334.5420439299196, "green_pc": 23.345420439264409, "buildings_area": 4907.5008666152135, "buildings_pc": 49.075008666079007, "road_area": 0.0, "road_pc": 0.0, "free_space_area": 2762.5045989567225, "free_space_pc": 27.625045989526065, "railways_area": 0.0, "railways_pc": 0.0, "free_space_number": 11.0, "tree_number": 0.0 }, "geometry": { "type": "MultiPolygon", "coordinates": [ [ [ [ 1261393.896874761208892, 5542369.404702704399824 ], [ 1261493.896874761208892, 5542369.404702704399824 ], [ 1261493.896874761208892, 5542269.404702704399824 ], [ 1261393.896874761208892, 5542269.404702704399824 ], [ 1261393.896874761208892, 5542369.404702704399824 ] ] ] ] } },
{ "type": "Feature", "properties": { "id": 195, "left": 1261393.8968747612, "top": 5542269.4047027044, "right": 1261493.8968747612, "bottom": 5542169.4047027044, "row_index": 19, "col_index": 5, "green_area": 159.77608703868464, "green_pc": 1.5977608703844655, "buildings_area": 6866.4906769834924, "buildings_pc": 68.66490676973261, "road_area": 1365.3776283804327, "road_pc": 13.653776283783982, "free_space_area": 1614.2594947951748, "free_space_pc": 16.142594947927691, "railways_area": 0.0, "railways_pc": 0.0, "free_space_number": 23.0, "tree_number": 0.0 }, "geometry": { "type": "MultiPolygon", "coordinates": [ [ [ [ 1261393.896874761208892, 5542269.404702704399824 ], [ 1261493.896874761208892, 5542269.404702704399824 ], [ 1261493.896874761208892, 5542169.404702704399824 ], [ 1261393.896874761208892, 5542169.404702704399824 ], [ 1261393.896874761208892, 5542269.404702704399824 ] ] ] ] } },
{ "type": "Feature", "properties": { "id": 196, "left": 1261393.8968747612, "top": 5542169.4047027044, "right": 1261493.8968747612, "bottom": 5542069.4047027044, "row_index": 20, "col_index": 5, "green_area": 2364.8113544797525, "green_pc": 23.648113544762285, "buildings_area": 4408.7156350519508, "buildings_pc": 44.08715635045381, "road_area": 0.0, "road_pc": 0.0, "free_space_area": 3227.4766825747101, "free_space_pc": 32.274766825699004, "railways_area": 0.0, "railways_pc": 0.0, "free_space_number": 13.0, "tree_number": 0.0 }, "geometry": { "type": "MultiPolygon", "coordinates": [ [ [ [ 1261393.896874761208892, 5542169.404702704399824 ], [ 1261493.896874761208892, 5542169.404702704399824 ], [ 1261493.896874761208892, 5542069.404702704399824 ], [ 1261393.896874761208892, 5542069.404702704399824 ], [ 1261393.896874761208892, 5542169.404702704399824 ] ] ] ] } },
{ "type": "Feature", "properties": { "id": 197, "left": 1261393.8968747612, "top": 5542069.4047027044, "right": 1261493.8968747612, "bottom": 5541969.4047027044, "row_index": 21, "col_index": 5, "green_area": 605.80992179177701, "green_pc": 6.058099217908743, "buildings_area": 5637.3220981078921, "buildings_pc": 56.373220980994915, "road_area": 111.39695531874895, "road_pc": 1.1139695531858296, "free_space_area": 3646.2411602528118, "free_space_pc": 36.462411602473786, "railways_area": 0.0, "railways_pc": 0.0, "free_space_number": 7.0, "tree_number": 0.0 }, "geometry": { "type": "MultiPolygon", "coordinates": [ [ [ [ 1261393.896874761208892, 5542069.404702704399824 ], [ 1261493.896874761208892, 5542069.404702704399824 ], [ 1261493.896874761208892, 5541969.404702704399824 ], [ 1261393.896874761208892, 5541969.404702704399824 ], [ 1261393.896874761208892, 5542069.404702704399824 ] ] ] ] } },
{ "type": "Feature", "properties": { "id": 198, "left": 1261393.8968747612, "top": 5541969.4047027044, "right": 1261493.8968747612, "bottom": 5541869.4047027044, "row_index": 22, "col_index": 5, "green_area": 1476.7853728210321, "green_pc": 14.767853728188316, "buildings_area": 3934.2772645582445, "buildings_pc": 39.342772645523823, "road_area": 1712.5563561916351, "road_pc": 17.125563561890832, "free_space_area": 2877.0418730746223, "free_space_pc": 28.770418730703351, "railways_area": 0.0, "railways_pc": 0.0, "free_space_number": 13.0, "tree_number": 0.0 }, "geometry": { "type": "MultiPolygon", "coordinates": [ [ [ [ 1261393.896874761208892, 5541969.404702704399824 ], [ 1261493.896874761208892, 5541969.404702704399824 ], [ 1261493.896874761208892, 5541869.404702704399824 ], [ 1261393.896874761208892, 5541869.404702704399824 ], [ 1261393.896874761208892, 5541969.404702704399824 ] ] ] ] } },
{ "type": "Feature", "properties": { "id": 199, "left": 1261393.8968747612, "top": 5541869.4047027044, "right": 1261493.8968747612, "bottom": 5541769.4047027044, "row_index": 23, "col_index": 5, "green_area": 492.24851169623435, "green_pc": 4.9224851169550083, "buildings_area": 4521.8682006536401, "buildings_pc": 45.218682006469017, "road_area": 1624.0700753480196, "road_pc": 16.240700753455997, "free_space_area": 3362.291080144234, "free_space_pc": 33.622910801392237, "railways_area": 0.0, "railways_pc": 0.0, "free_space_number": 14.0, "tree_number": 0.0 }, "geometry": { "type": "MultiPolygon", "coordinates": [ [ [ [ 1261393.896874761208892, 5541869.404702704399824 ], [ 1261493.896874761208892, 5541869.404702704399824 ], [ 1261493.896874761208892, 5541769.404702704399824 ], [ 1261393.896874761208892, 5541769.404702704399824 ], [ 1261393.896874761208892, 5541869.404702704399824 ] ] ] ] } },
{ "type": "Feature", "properties": { "id": 200, "left": 1261393.8968747612, "top": 5541769.4047027044, "right": 1261493.8968747612, "bottom": 5541669.4047027044, "row_index": 24, "col_index": 5, "green_area": 928.58361410768703, "green_pc": 9.285836141063033, "buildings_area": 2506.7396871377714, "buildings_pc": 25.06739687134036, "road_area": 12.605086987838149, "road_pc": 0.12605086987819367, "free_space_area": 6552.3580104021548, "free_space_pc": 65.523580103923919, "railways_area": 0.0, "railways_pc": 0.0, "free_space_number": 6.0, "tree_number": 0.0 }, "geometry": { "type": "MultiPolygon", "coordinates": [ [ [ [ 1261393.896874761208892, 5541769.404702704399824 ], [ 1261493.896874761208892, 5541769.404702704399824 ], [ 1261493.896874761208892, 5541669.404702704399824 ], [ 1261393.896874761208892, 5541669.404702704399824 ], [ 1261393.896874761208892, 5541769.404702704399824 ] ] ] ] } },
{ "type": "Feature", "properties": { "id": 201, "left": 1261393.8968747612, "top": 5541669.4047027044, "right": 1261493.8968747612, "bottom": 5541569.4047027044, "row_index": 25, "col_index": 5, "green_area": 99.172964364290237, "green_pc": 0.99172964364142457, "buildings_area": 5013.1295857126825, "buildings_pc": 50.131295857052123, "road_area": 2346.5546360835433, "road_pc": 23.465546360800467, "free_space_area": 2541.3218000175157, "free_space_pc": 25.413218000137288, "railways_area": 0.0, "railways_pc": 0.0, "free_space_number": 11.0, "tree_number": 0.0 }, "geometry": { "type": "MultiPolygon", "coordinates": [ [ [ [ 1261393.896874761208892, 5541669.404702704399824 ], [ 1261493.896874761208892, 5541669.404702704399824 ], [ 1261493.896874761208892, 5541569.404702704399824 ], [ 1261393.896874761208892, 5541569.404702704399824 ], [ 1261393.896874761208892, 5541669.404702704399824 ] ] ] ] } },
{ "type": "Feature", "properties": { "id": 202, "left": 1261393.8968747612, "top": 5541569.4047027044, "right": 1261493.8968747612, "bottom": 5541469.4047027044, "row_index": 26, "col_index": 5, "green_area": 2416.8735905596986, "green_pc": 31.252867761867957, "buildings_area": 1736.4183352529071, "buildings_pc": 22.453823328995306, "road_area": 1859.4907039757818, "road_pc": 24.045286150989696, "free_space_area": 1721.3440930976412, "free_space_pc": 22.258896586227682, "railways_area": 0.0, "railways_pc": 0.0, "free_space_number": 8.0, "tree_number": 0.0 }, "geometry": { "type": "MultiPolygon", "coordinates": [ [ [ [ 1261482.242957400390878, 5541472.352236807346344 ], [ 1261432.891470347298309, 5541498.00678223464638 ], [ 1261393.896874761208892, 5541516.714008354581892 ], [ 1261393.896874761208892, 5541569.404702704399824 ], [ 1261493.896874761208892, 5541569.404702704399824 ], [ 1261493.896874761208892, 5541469.404702704399824 ], [ 1261487.764266978483647, 5541469.404702704399824 ], [ 1261482.242957400390878, 5541472.352236807346344 ] ] ] ] } },
{ "type": "Feature", "properties": { "id": 203, "left": 1261393.8968747612, "top": 5541469.4047027044, "right": 1261493.8968747612, "bottom": 5541369.4047027044, "row_index": 27, "col_index": 5, "green_area": 10.038691867142916, "green_pc": 100.0, "buildings_area": 0.0, "buildings_pc": 0.0, "road_area": 0.0, "road_pc": 0.0, "free_space_area": 0.0, "free_space_pc": 0.0, "railways_area": 0.0, "railways_pc": 0.0, "free_space_number": 0.0, "tree_number": 0.0 }, "geometry": { "type": "MultiPolygon", "coordinates": [ [ [ [ 1261487.764266978483647, 5541469.404702704399824 ], [ 1261493.896874761208892, 5541469.404702704399824 ], [ 1261493.896874761208892, 5541466.130828938446939 ], [ 1261487.764266978483647, 5541469.404702704399824 ] ] ] ] } },
{ "type": "Feature", "properties": { "id": 217, "left": 1261493.8968747612, "top": 5543569.4047027044, "right": 1261593.8968747612, "bottom": 5543469.4047027044, "row_index": 6, "col_index": 6, "green_area": 547.77224637195468, "green_pc": 18.471094202048441, "buildings_area": 3.6396945230662823, "buildings_pc": 0.12273192161069504, "road_area": 220.84745615720749, "road_pc": 7.4470625227561689, "free_space_area": 0.00053843014484300511, "free_space_pc": 1.8156074887854937e-05, "railways_area": 0.0, "railways_pc": 0.0, "free_space_number": 1.0, "tree_number": 0.0 }, "geometry": { "type": "MultiPolygon", "coordinates": [ [ [ [ 1261552.235650181304663, 5543503.727801775559783 ], [ 1261593.896874761208892, 5543537.792858412489295 ], [ 1261593.896874761208892, 5543469.404702704399824 ], [ 1261504.103262369986624, 5543469.404702704399824 ], [ 1261552.235650181304663, 5543503.727801775559783 ] ] ] ] } },
{ "type": "Feature", "properties": { "id": 218, "left": 1261493.8968747612, "top": 5543469.4047027044, "right": 1261593.8968747612, "bottom": 5543369.4047027044, "row_index": 7, "col_index": 6, "green_area": 653.42400291841477, "green_pc": 6.5585998641536518, "buildings_area": 3246.2088903491385, "buildings_pc": 32.583108505606177, "road_area": 3877.3315857760608, "road_pc": 38.917863895680398, "free_space_area": 1297.1754574816207, "free_space_pc": 13.020113649367511, "railways_area": 0.0, "railways_pc": 0.0, "free_space_number": 10.0, "tree_number": 0.0 }, "geometry": { "type": "MultiPolygon", "coordinates": [ [ [ [ 1261504.103262369986624, 5543469.404702704399824 ], [ 1261593.896874761208892, 5543469.404702704399824 ], [ 1261593.896874761208892, 5543369.404702704399824 ], [ 1261493.896874761208892, 5543369.404702704399824 ], [ 1261493.896874761208892, 5543462.126550321467221 ], [ 1261504.103262369986624, 5543469.404702704399824 ] ] ] ] } },
{ "type": "Feature", "properties": { "id": 219, "left": 1261493.8968747612, "top": 5543369.4047027044, "right": 1261593.8968747612, "bottom": 5543269.4047027044, "row_index": 8, "col_index": 6, "green_area": 129.42603761423379, "green_pc": 1.2942603761404092, "buildings_area": 3470.7992396056652, "buildings_pc": 34.707992396004933, "road_area": 2048.1246888460591, "road_pc": 20.481246888430071, "free_space_area": 4351.6500339449694, "free_space_pc": 43.516500339384848, "railways_area": 0.0, "railways_pc": 0.0, "free_space_number": 5.0, "tree_number": 0.0 }, "geometry": { "type": "MultiPolygon", "coordinates": [ [ [ [ 1261493.896874761208892, 5543369.404702704399824 ], [ 1261593.896874761208892, 5543369.404702704399824 ], [ 1261593.896874761208892, 5543269.404702704399824 ], [ 1261493.896874761208892, 5543269.404702704399824 ], [ 1261493.896874761208892, 5543369.404702704399824 ] ] ] ] } },
{ "type": "Feature", "properties": { "id": 220, "left": 1261493.8968747612, "top": 5543269.4047027044, "right": 1261593.8968747612, "bottom": 5543169.4047027044, "row_index": 9, "col_index": 6, "green_area": 142.46817929926328, "green_pc": 1.4246817929905098, "buildings_area": 3734.9417758285999, "buildings_pc": 37.349417758230345, "road_area": 5221.5564335659146, "road_pc": 52.215564335581341, "free_space_area": 904.33309226744313, "free_space_pc": 9.0433309226609566, "railways_area": 0.0, "railways_pc": 0.0, "free_space_number": 7.0, "tree_number": 1.0 }, "geometry": { "type": "MultiPolygon", "coordinates": [ [ [ [ 1261493.896874761208892, 5543269.404702704399824 ], [ 1261593.896874761208892, 5543269.404702704399824 ], [ 1261593.896874761208892, 5543169.404702704399824 ], [ 1261493.896874761208892, 5543169.404702704399824 ], [ 1261493.896874761208892, 5543269.404702704399824 ] ] ] ] } },
{ "type": "Feature", "properties": { "id": 221, "left": 1261493.8968747612, "top": 5543169.4047027044, "right": 1261593.8968747612, "bottom": 5543069.4047027044, "row_index": 10, "col_index": 6, "green_area": 1250.2002777606249, "green_pc": 12.50200277758762, "buildings_area": 5033.9381443224847, "buildings_pc": 50.339381443149833, "road_area": 2665.1867230124772, "road_pc": 26.651867230085056, "free_space_area": 1052.8274368124694, "free_space_pc": 10.528274368109006, "railways_area": 0.0, "railways_pc": 0.0, "free_space_number": 6.0, "tree_number": 0.0 }, "geometry": { "type": "MultiPolygon", "coordinates": [ [ [ [ 1261493.896874761208892, 5543169.404702704399824 ], [ 1261593.896874761208892, 5543169.404702704399824 ], [ 1261593.896874761208892, 5543069.404702704399824 ], [ 1261493.896874761208892, 5543069.404702704399824 ], [ 1261493.896874761208892, 5543169.404702704399824 ] ] ] ] } },
{ "type": "Feature", "properties": { "id": 222, "left": 1261493.8968747612, "top": 5543069.4047027044, "right": 1261593.8968747612, "bottom": 5542969.4047027044, "row_index": 11, "col_index": 6, "green_area": 2127.8837217272412, "green_pc": 21.278837217240703, "buildings_area": 2672.4675903203897, "buildings_pc": 26.724675903164073, "road_area": 4037.000368764624, "road_pc": 40.370003687586085, "free_space_area": 1163.2299392062007, "free_space_pc": 11.632299392044674, "railways_area": 0.0, "railways_pc": 0.0, "free_space_number": 13.0, "tree_number": 0.0 }, "geometry": { "type": "MultiPolygon", "coordinates": [ [ [ [ 1261493.896874761208892, 5543069.404702704399824 ], [ 1261593.896874761208892, 5543069.404702704399824 ], [ 1261593.896874761208892, 5542969.404702704399824 ], [ 1261493.896874761208892, 5542969.404702704399824 ], [ 1261493.896874761208892, 5543069.404702704399824 ] ] ] ] } },
{ "type": "Feature", "properties": { "id": 223, "left": 1261493.8968747612, "top": 5542969.4047027044, "right": 1261593.8968747612, "bottom": 5542869.4047027044, "row_index": 12, "col_index": 6, "green_area": 2.4463865896686912, "green_pc": 0.024463865896650457, "buildings_area": 2975.1578499744646, "buildings_pc": 29.751578499700312, "road_area": 2394.6023419704288, "road_pc": 23.946023419668606, "free_space_area": 489.63884707276907, "free_space_pc": 4.8963884707203942, "railways_area": 0.0, "railways_pc": 0.0, "free_space_number": 13.0, "tree_number": 0.0 }, "geometry": { "type": "MultiPolygon", "coordinates": [ [ [ [ 1261493.896874761208892, 5542969.404702704399824 ], [ 1261593.896874761208892, 5542969.404702704399824 ], [ 1261593.896874761208892, 5542869.404702704399824 ], [ 1261493.896874761208892, 5542869.404702704399824 ], [ 1261493.896874761208892, 5542969.404702704399824 ] ] ] ] } },
{ "type": "Feature", "properties": { "id": 224, "left": 1261493.8968747612, "top": 5542869.4047027044, "right": 1261593.8968747612, "bottom": 5542769.4047027044, "row_index": 13, "col_index": 6, "green_area": 1309.3309651680756, "green_pc": 13.093309651661245, "buildings_area": 6760.0940651274286, "buildings_pc": 67.600940651173559, "road_area": 30.621180082671344, "road_pc": 0.30621180082625715, "free_space_area": 1900.7377702019567, "free_space_pc": 19.007377701991246, "railways_area": 0.0, "railways_pc": 0.0, "free_space_number": 26.0, "tree_number": 0.0 }, "geometry": { "type": "MultiPolygon", "coordinates": [ [ [ [ 1261493.896874761208892, 5542869.404702704399824 ], [ 1261593.896874761208892, 5542869.404702704399824 ], [ 1261593.896874761208892, 5542769.404702704399824 ], [ 1261493.896874761208892, 5542769.404702704399824 ], [ 1261493.896874761208892, 5542869.404702704399824 ] ] ] ] } },
{ "type": "Feature", "properties": { "id": 225, "left": 1261493.8968747612, "top": 5542769.4047027044, "right": 1261593.8968747612, "bottom": 5542669.4047027044, "row_index": 14, "col_index": 6, "green_area": 23.299266580492258, "green_pc": 0.23299266580457539, "buildings_area": 7319.8126711267978, "buildings_pc": 73.198126711158906, "road_area": 1546.1313820760697, "road_pc": 15.461313820737658, "free_space_area": 1110.7859371665872, "free_space_pc": 11.107859371649321, "railways_area": 0.0, "railways_pc": 0.0, "free_space_number": 20.0, "tree_number": 0.0 }, "geometry": { "type": "MultiPolygon", "coordinates": [ [ [ [ 1261493.896874761208892, 5542769.404702704399824 ], [ 1261593.896874761208892, 5542769.404702704399824 ], [ 1261593.896874761208892, 5542669.404702704399824 ], [ 1261493.896874761208892, 5542669.404702704399824 ], [ 1261493.896874761208892, 5542769.404702704399824 ] ] ] ] } },
{ "type": "Feature", "properties": { "id": 226, "left": 1261493.8968747612, "top": 5542669.4047027044, "right": 1261593.8968747612, "bottom": 5542569.4047027044, "row_index": 15, "col_index": 6, "green_area": 3055.3402980798855, "green_pc": 30.553402980753326, "buildings_area": 3826.5703385508386, "buildings_pc": 38.265703385451367, "road_area": 0.0, "road_pc": 0.0, "free_space_area": 3119.1801811859477, "free_space_pc": 31.191801811812997, "railways_area": 0.0, "railways_pc": 0.0, "free_space_number": 9.0, "tree_number": 0.0 }, "geometry": { "type": "MultiPolygon", "coordinates": [ [ [ [ 1261493.896874761208892, 5542669.404702704399824 ], [ 1261593.896874761208892, 5542669.404702704399824 ], [ 1261593.896874761208892, 5542569.404702704399824 ], [ 1261493.896874761208892, 5542569.404702704399824 ], [ 1261493.896874761208892, 5542669.404702704399824 ] ] ] ] } },
{ "type": "Feature", "properties": { "id": 227, "left": 1261493.8968747612, "top": 5542569.4047027044, "right": 1261593.8968747612, "bottom": 5542469.4047027044, "row_index": 16, "col_index": 6, "green_area": 987.66211889497936, "green_pc": 9.8766211889350757, "buildings_area": 5846.8019372683484, "buildings_pc": 58.468019372596359, "road_area": 395.52226576581597, "road_pc": 3.955222657652266, "free_space_area": 2770.7003008418365, "free_space_pc": 27.707003008377079, "railways_area": 0.0, "railways_pc": 0.0, "free_space_number": 16.0, "tree_number": 0.0 }, "geometry": { "type": "MultiPolygon", "coordinates": [ [ [ [ 1261493.896874761208892, 5542569.404702704399824 ], [ 1261593.896874761208892, 5542569.404702704399824 ], [ 1261593.896874761208892, 5542469.404702704399824 ], [ 1261493.896874761208892, 5542469.404702704399824 ], [ 1261493.896874761208892, 5542569.404702704399824 ] ] ] ] } },
{ "type": "Feature", "properties": { "id": 228, "left": 1261493.8968747612, "top": 5542469.4047027044, "right": 1261593.8968747612, "bottom": 5542369.4047027044, "row_index": 17, "col_index": 6, "green_area": 306.06895109359175, "green_pc": 3.0606895109313568, "buildings_area": 5375.1363533325493, "buildings_pc": 53.751363533245396, "road_area": 1199.5883637107909, "road_pc": 11.995883637090033, "free_space_area": 3119.5442591633796, "free_space_pc": 31.195442591587309, "railways_area": 0.0, "railways_pc": 0.0, "free_space_number": 14.0, "tree_number": 0.0 }, "geometry": { "type": "MultiPolygon", "coordinates": [ [ [ [ 1261493.896874761208892, 5542469.404702704399824 ], [ 1261593.896874761208892, 5542469.404702704399824 ], [ 1261593.896874761208892, 5542369.404702704399824 ], [ 1261493.896874761208892, 5542369.404702704399824 ], [ 1261493.896874761208892, 5542469.404702704399824 ] ] ] ] } },
{ "type": "Feature", "properties": { "id": 229, "left": 1261493.8968747612, "top": 5542369.4047027044, "right": 1261593.8968747612, "bottom": 5542269.4047027044, "row_index": 18, "col_index": 6, "green_area": 1281.8004618054256, "green_pc": 12.818004618035156, "buildings_area": 3007.4966312428005, "buildings_pc": 30.074966312383189, "road_area": 0.0, "road_pc": 0.0, "free_space_area": 5710.7029069880955, "free_space_pc": 57.107029069795857, "railways_area": 0.0, "railways_pc": 0.0, "free_space_number": 3.0, "tree_number": 0.0 }, "geometry": { "type": "MultiPolygon", "coordinates": [ [ [ [ 1261493.896874761208892, 5542369.404702704399824 ], [ 1261593.896874761208892, 5542369.404702704399824 ], [ 1261593.896874761208892, 5542269.404702704399824 ], [ 1261493.896874761208892, 5542269.404702704399824 ], [ 1261493.896874761208892, 5542369.404702704399824 ] ] ] ] } },
{ "type": "Feature", "properties": { "id": 230, "left": 1261493.8968747612, "top": 5542269.4047027044, "right": 1261593.8968747612, "bottom": 5542169.4047027044, "row_index": 19, "col_index": 6, "green_area": 0.0, "green_pc": 0.0, "buildings_area": 6677.30405611475, "buildings_pc": 66.773040561048006, "road_area": 1456.0992662385106, "road_pc": 14.560992662363409, "free_space_area": 1866.7350862118228, "free_space_pc": 18.667350862090412, "railways_area": 0.0, "railways_pc": 0.0, "free_space_number": 17.0, "tree_number": 0.0 }, "geometry": { "type": "MultiPolygon", "coordinates": [ [ [ [ 1261493.896874761208892, 5542269.404702704399824 ], [ 1261593.896874761208892, 5542269.404702704399824 ], [ 1261593.896874761208892, 5542169.404702704399824 ], [ 1261493.896874761208892, 5542169.404702704399824 ], [ 1261493.896874761208892, 5542269.404702704399824 ] ] ] ] } },
{ "type": "Feature", "properties": { "id": 231, "left": 1261493.8968747612, "top": 5542169.4047027044, "right": 1261593.8968747612, "bottom": 5542069.4047027044, "row_index": 20, "col_index": 6, "green_area": 603.57251045200974, "green_pc": 6.0357251045111031, "buildings_area": 6029.3622054751031, "buildings_pc": 60.293622054661185, "road_area": 1390.4299399033189, "road_pc": 13.904299399012469, "free_space_area": 1977.2463377939421, "free_space_pc": 19.772463377909958, "railways_area": 0.0, "railways_pc": 0.0, "free_space_number": 17.0, "tree_number": 0.0 }, "geometry": { "type": "MultiPolygon", "coordinates": [ [ [ [ 1261493.896874761208892, 5542169.404702704399824 ], [ 1261593.896874761208892, 5542169.404702704399824 ], [ 1261593.896874761208892, 5542069.404702704399824 ], [ 1261493.896874761208892, 5542069.404702704399824 ], [ 1261493.896874761208892, 5542169.404702704399824 ] ] ] ] } },
{ "type": "Feature", "properties": { "id": 232, "left": 1261493.8968747612, "top": 5542069.4047027044, "right": 1261593.8968747612, "bottom": 5541969.4047027044, "row_index": 21, "col_index": 6, "green_area": 1298.3393880464719, "green_pc": 12.983393880445371, "buildings_area": 4578.4846354909241, "buildings_pc": 45.784846354841015, "road_area": 2504.2088353969157, "road_pc": 25.042088353931842, "free_space_area": 1648.3987635995691, "free_space_pc": 16.483987635971129, "railways_area": 0.0, "railways_pc": 0.0, "free_space_number": 12.0, "tree_number": 0.0 }, "geometry": { "type": "MultiPolygon", "coordinates": [ [ [ [ 1261493.896874761208892, 5542069.404702704399824 ], [ 1261593.896874761208892, 5542069.404702704399824 ], [ 1261593.896874761208892, 5541969.404702704399824 ], [ 1261493.896874761208892, 5541969.404702704399824 ], [ 1261493.896874761208892, 5542069.404702704399824 ] ] ] ] } },
{ "type": "Feature", "properties": { "id": 233, "left": 1261493.8968747612, "top": 5541969.4047027044, "right": 1261593.8968747612, "bottom": 5541869.4047027044, "row_index": 22, "col_index": 6, "green_area": 1067.1482267336687, "green_pc": 10.671482267320785, "buildings_area": 5769.7039022715762, "buildings_pc": 57.697039022629788, "road_area": 69.460853088647127, "road_pc": 0.69460853088543617, "free_space_area": 3095.1518875772249, "free_space_pc": 30.95151887572613, "railways_area": 0.0, "railways_pc": 0.0, "free_space_number": 12.0, "tree_number": 0.0 }, "geometry": { "type": "MultiPolygon", "coordinates": [ [ [ [ 1261493.896874761208892, 5541969.404702704399824 ], [ 1261593.896874761208892, 5541969.404702704399824 ], [ 1261593.896874761208892, 5541869.404702704399824 ], [ 1261493.896874761208892, 5541869.404702704399824 ], [ 1261493.896874761208892, 5541969.404702704399824 ] ] ] ] } },
{ "type": "Feature", "properties": { "id": 234, "left": 1261493.8968747612, "top": 5541869.4047027044, "right": 1261593.8968747612, "bottom": 5541769.4047027044, "row_index": 23, "col_index": 6, "green_area": 1725.1989579119254, "green_pc": 17.251989579093546, "buildings_area": 4361.732938797446, "buildings_pc": 43.617329387909464, "road_area": 934.60399318579584, "road_pc": 9.3460399318440324, "free_space_area": 2978.6389389228402, "free_space_pc": 29.786389389184016, "railways_area": 0.0, "railways_pc": 0.0, "free_space_number": 10.0, "tree_number": 0.0 }, "geometry": { "type": "MultiPolygon", "coordinates": [ [ [ [ 1261493.896874761208892, 5541869.404702704399824 ], [ 1261593.896874761208892, 5541869.404702704399824 ], [ 1261593.896874761208892, 5541769.404702704399824 ], [ 1261493.896874761208892, 5541769.404702704399824 ], [ 1261493.896874761208892, 5541869.404702704399824 ] ] ] ] } },
{ "type": "Feature", "properties": { "id": 235, "left": 1261493.8968747612, "top": 5541769.4047027044, "right": 1261593.8968747612, "bottom": 5541669.4047027044, "row_index": 24, "col_index": 6, "green_area": 394.89342995325569, "green_pc": 3.9489342995266727, "buildings_area": 5424.3944526538253, "buildings_pc": 54.243944526457426, "road_area": 1011.3254039026797, "road_pc": 10.113254039011727, "free_space_area": 3170.0505867038978, "free_space_pc": 31.700505866991737, "railways_area": 0.0, "railways_pc": 0.0, "free_space_number": 17.0, "tree_number": 0.0 }, "geometry": { "type": "MultiPolygon", "coordinates": [ [ [ [ 1261493.896874761208892, 5541769.404702704399824 ], [ 1261593.896874761208892, 5541769.404702704399824 ], [ 1261593.896874761208892, 5541669.404702704399824 ], [ 1261493.896874761208892, 5541669.404702704399824 ], [ 1261493.896874761208892, 5541769.404702704399824 ] ] ] ] } },
{ "type": "Feature", "properties": { "id": 236, "left": 1261493.8968747612, "top": 5541669.4047027044, "right": 1261593.8968747612, "bottom": 5541569.4047027044, "row_index": 25, "col_index": 6, "green_area": 257.76370979845524, "green_pc": 2.5776370979807113, "buildings_area": 6287.3165254732594, "buildings_pc": 62.873165254638906, "road_area": 2188.3597560040653, "road_pc": 21.883597560008045, "free_space_area": 1267.2842816730356, "free_space_pc": 12.672842816711471, "railways_area": 0.0, "railways_pc": 0.0, "free_space_number": 18.0, "tree_number": 0.0 }, "geometry": { "type": "MultiPolygon", "coordinates": [ [ [ [ 1261493.896874761208892, 5541669.404702704399824 ], [ 1261593.896874761208892, 5541669.404702704399824 ], [ 1261593.896874761208892, 5541569.404702704399824 ], [ 1261493.896874761208892, 5541569.404702704399824 ], [ 1261493.896874761208892, 5541669.404702704399824 ] ] ] ] } },
{ "type": "Feature", "properties": { "id": 237, "left": 1261493.8968747612, "top": 5541569.4047027044, "right": 1261593.8968747612, "bottom": 5541469.4047027044, "row_index": 26, "col_index": 6, "green_area": 3063.4601363084512, "green_pc": 30.634601363038861, "buildings_area": 4167.2864499092102, "buildings_pc": 41.672864499030005, "road_area": 367.57652660360327, "road_pc": 3.6757652660305555, "free_space_area": 2402.5268961387974, "free_space_pc": 24.025268961352175, "railways_area": 0.0, "railways_pc": 0.0, "free_space_number": 14.0, "tree_number": 0.0 }, "geometry": { "type": "MultiPolygon", "coordinates": [ [ [ [ 1261493.896874761208892, 5541569.404702704399824 ], [ 1261593.896874761208892, 5541569.404702704399824 ], [ 1261593.896874761208892, 5541469.404702704399824 ], [ 1261493.896874761208892, 5541469.404702704399824 ], [ 1261493.896874761208892, 5541569.404702704399824 ] ] ] ] } },
{ "type": "Feature", "properties": { "id": 238, "left": 1261493.8968747612, "top": 5541469.4047027044, "right": 1261593.8968747612, "bottom": 5541369.4047027044, "row_index": 27, "col_index": 6, "green_area": 1353.6968933430035, "green_pc": 44.711972815892025, "buildings_area": 142.14080099761486, "buildings_pc": 4.6948439207388546, "road_area": 1301.1393981575966, "road_pc": 42.976023426071087, "free_space_area": 230.76531378598884, "free_space_pc": 7.6220699682403197, "railways_area": 0.0, "railways_pc": 0.0, "free_space_number": 3.0, "tree_number": 0.0 }, "geometry": { "type": "MultiPolygon", "coordinates": [ [ [ [ 1261511.531526622595266, 5541456.716624388471246 ], [ 1261493.896874761208892, 5541466.130828938446939 ], [ 1261493.896874761208892, 5541469.404702704399824 ], [ 1261593.896874761208892, 5541469.404702704399824 ], [ 1261593.896874761208892, 5541411.994078623130918 ], [ 1261511.531526622595266, 5541456.716624388471246 ] ] ] ] } },
{ "type": "Feature", "properties": { "id": 251, "left": 1261593.8968747612, "top": 5543669.4047027044, "right": 1261693.8968747612, "bottom": 5543569.4047027044, "row_index": 5, "col_index": 7, "green_area": 471.31321556307375, "green_pc": 50.850661450961461, "buildings_area": 0.0, "buildings_pc": 0.0, "road_area": 455.54437510669231, "road_pc": 49.149338549239502, "free_space_area": 0.0, "free_space_pc": 0.0, "railways_area": 0.0, "railways_pc": 0.0, "free_space_number": 0.0, "tree_number": 0.0 }, "geometry": { "type": "MultiPolygon", "coordinates": [ [ [ [ 1261655.820696780458093, 5543578.719841932877898 ], [ 1261693.896874761208892, 5543605.047180993482471 ], [ 1261693.896874761208892, 5543569.404702704399824 ], [ 1261640.587329709902406, 5543569.404702704399824 ], [ 1261655.820696780458093, 5543578.719841932877898 ] ] ] ] } },
{ "type": "Feature", "properties": { "id": 252, "left": 1261593.8968747612, "top": 5543569.4047027044, "right": 1261693.8968747612, "bottom": 5543469.4047027044, "row_index": 6, "col_index": 7, "green_area": 2336.133626895491, "green_pc": 25.090714863692352, "buildings_area": 2001.1434987727553, "buildings_pc": 21.492829156251464, "road_area": 984.63100069761276, "road_pc": 10.575206572102937, "free_space_area": 29.432166413223268, "free_space_pc": 0.31610952678091997, "railways_area": 0.0, "railways_pc": 0.0, "free_space_number": 6.0, "tree_number": 0.0 }, "geometry": { "type": "MultiPolygon", "coordinates": [ [ [ [ 1261608.742845594882965, 5543549.931935993023217 ], [ 1261640.587329709902406, 5543569.404702704399824 ], [ 1261693.896874761208892, 5543569.404702704399824 ], [ 1261693.896874761208892, 5543469.404702704399824 ], [ 1261593.896874761208892, 5543469.404702704399824 ], [ 1261593.896874761208892, 5543537.792858412489295 ], [ 1261608.742845594882965, 5543549.931935993023217 ] ] ] ] } },
{ "type": "Feature", "properties": { "id": 253, "left": 1261593.8968747612, "top": 5543469.4047027044, "right": 1261693.8968747612, "bottom": 5543369.4047027044, "row_index": 7, "col_index": 7, "green_area": 518.13826229795814, "green_pc": 5.1813826229718609, "buildings_area": 5770.5844461210072, "buildings_pc": 57.70584446112408, "road_area": 2455.0774625437334, "road_pc": 24.550774625400752, "free_space_area": 1031.1611464599432, "free_space_pc": 10.311611464584066, "railways_area": 0.0, "railways_pc": 0.0, "free_space_number": 8.0, "tree_number": 0.0 }, "geometry": { "type": "MultiPolygon", "coordinates": [ [ [ [ 1261593.896874761208892, 5543469.404702704399824 ], [ 1261693.896874761208892, 5543469.404702704399824 ], [ 1261693.896874761208892, 5543369.404702704399824 ], [ 1261593.896874761208892, 5543369.404702704399824 ], [ 1261593.896874761208892, 5543469.404702704399824 ] ] ] ] } },
{ "type": "Feature", "properties": { "id": 254, "left": 1261593.8968747612, "top": 5543369.4047027044, "right": 1261693.8968747612, "bottom": 5543269.4047027044, "row_index": 8, "col_index": 7, "green_area": 293.78902439400554, "green_pc": 2.9378902439356778, "buildings_area": 5488.2473119981587, "buildings_pc": 54.882473119899807, "road_area": 3150.4773196270689, "road_pc": 31.504773196223745, "free_space_area": 1067.5088420946299, "free_space_pc": 10.675088420930392, "railways_area": 0.0, "railways_pc": 0.0, "free_space_number": 12.0, "tree_number": 0.0 }, "geometry": { "type": "MultiPolygon", "coordinates": [ [ [ [ 1261593.896874761208892, 5543369.404702704399824 ], [ 1261693.896874761208892, 5543369.404702704399824 ], [ 1261693.896874761208892, 5543269.404702704399824 ], [ 1261593.896874761208892, 5543269.404702704399824 ], [ 1261593.896874761208892, 5543369.404702704399824 ] ] ] ] } },
{ "type": "Feature", "properties": { "id": 255, "left": 1261593.8968747612, "top": 5543269.4047027044, "right": 1261693.8968747612, "bottom": 5543169.4047027044, "row_index": 9, "col_index": 7, "green_area": 54.38429469615221, "green_pc": 0.54384294696071167, "buildings_area": 4598.2269975303207, "buildings_pc": 45.982269975234686, "road_area": 5279.1077329069376, "road_pc": 52.79107732899071, "free_space_area": 69.075594251297957, "free_space_pc": 0.69075594251195027, "railways_area": 0.0, "railways_pc": 0.0, "free_space_number": 4.0, "tree_number": 8.0 }, "geometry": { "type": "MultiPolygon", "coordinates": [ [ [ [ 1261593.896874761208892, 5543269.404702704399824 ], [ 1261693.896874761208892, 5543269.404702704399824 ], [ 1261693.896874761208892, 5543169.404702704399824 ], [ 1261593.896874761208892, 5543169.404702704399824 ], [ 1261593.896874761208892, 5543269.404702704399824 ] ] ] ] } },
{ "type": "Feature", "properties": { "id": 256, "left": 1261593.8968747612, "top": 5543169.4047027044, "right": 1261693.8968747612, "bottom": 5543069.4047027044, "row_index": 10, "col_index": 7, "green_area": 1042.8744461238384, "green_pc": 10.428744461222845, "buildings_area": 2993.35558838211, "buildings_pc": 29.933555883776496, "road_area": 2724.9273229427636, "road_pc": 27.249273229387033, "free_space_area": 3239.4637758341742, "free_space_pc": 32.39463775829347, "railways_area": 0.0, "railways_pc": 0.0, "free_space_number": 11.0, "tree_number": 0.0 }, "geometry": { "type": "MultiPolygon", "coordinates": [ [ [ [ 1261593.896874761208892, 5543169.404702704399824 ], [ 1261693.896874761208892, 5543169.404702704399824 ], [ 1261693.896874761208892, 5543069.404702704399824 ], [ 1261593.896874761208892, 5543069.404702704399824 ], [ 1261593.896874761208892, 5543169.404702704399824 ] ] ] ] } },
{ "type": "Feature", "properties": { "id": 257, "left": 1261593.8968747612, "top": 5543069.4047027044, "right": 1261693.8968747612, "bottom": 5542969.4047027044, "row_index": 11, "col_index": 7, "green_area": 388.72361113503575, "green_pc": 3.8872361113445653, "buildings_area": 4196.8133333213627, "buildings_pc": 41.968133333151087, "road_area": 2499.7980857528746, "road_pc": 24.997980857491495, "free_space_area": 2915.0047504073273, "free_space_pc": 29.150047504029835, "railways_area": 0.0, "railways_pc": 0.0, "free_space_number": 7.0, "tree_number": 0.0 }, "geometry": { "type": "MultiPolygon", "coordinates": [ [ [ [ 1261593.896874761208892, 5543069.404702704399824 ], [ 1261693.896874761208892, 5543069.404702704399824 ], [ 1261693.896874761208892, 5542969.404702704399824 ], [ 1261593.896874761208892, 5542969.404702704399824 ], [ 1261593.896874761208892, 5543069.404702704399824 ] ] ] ] } },
{ "type": "Feature", "properties": { "id": 258, "left": 1261593.8968747612, "top": 5542969.4047027044, "right": 1261693.8968747612, "bottom": 5542869.4047027044, "row_index": 12, "col_index": 7, "green_area": 345.15664852131158, "green_pc": 3.4515664852079726, "buildings_area": 4554.6256770787295, "buildings_pc": 45.546256770719424, "road_area": 4117.000638468191, "road_pc": 41.170006384620564, "free_space_area": 983.7607500883779, "free_space_pc": 9.8376075008691206, "railways_area": 0.0, "railways_pc": 0.0, "free_space_number": 12.0, "tree_number": 0.0 }, "geometry": { "type": "MultiPolygon", "coordinates": [ [ [ [ 1261593.896874761208892, 5542969.404702704399824 ], [ 1261693.896874761208892, 5542969.404702704399824 ], [ 1261693.896874761208892, 5542869.404702704399824 ], [ 1261593.896874761208892, 5542869.404702704399824 ], [ 1261593.896874761208892, 5542969.404702704399824 ] ] ] ] } },
{ "type": "Feature", "properties": { "id": 259, "left": 1261593.8968747612, "top": 5542869.4047027044, "right": 1261693.8968747612, "bottom": 5542769.4047027044, "row_index": 13, "col_index": 7, "green_area": 2583.0553531631595, "green_pc": 25.830553531593104, "buildings_area": 3556.8835198918823, "buildings_pc": 35.56883519886582, "road_area": 863.67166191712022, "road_pc": 8.6367166191583333, "free_space_area": 2997.6889525383012, "free_space_pc": 29.976889525338343, "railways_area": 0.0, "railways_pc": 0.0, "free_space_number": 15.0, "tree_number": 0.0 }, "geometry": { "type": "MultiPolygon", "coordinates": [ [ [ [ 1261593.896874761208892, 5542869.404702704399824 ], [ 1261693.896874761208892, 5542869.404702704399824 ], [ 1261693.896874761208892, 5542769.404702704399824 ], [ 1261593.896874761208892, 5542769.404702704399824 ], [ 1261593.896874761208892, 5542869.404702704399824 ] ] ] ] } },
{ "type": "Feature", "properties": { "id": 260, "left": 1261593.8968747612, "top": 5542769.4047027044, "right": 1261693.8968747612, "bottom": 5542669.4047027044, "row_index": 14, "col_index": 7, "green_area": 524.34004183858633, "green_pc": 5.2434004183780498, "buildings_area": 6997.7381008653902, "buildings_pc": 69.977381008549628, "road_area": 1435.999231364578, "road_pc": 14.359992313624382, "free_space_area": 1042.531386625393, "free_space_pc": 10.425313866238396, "railways_area": 0.0, "railways_pc": 0.0, "free_space_number": 19.0, "tree_number": 0.0 }, "geometry": { "type": "MultiPolygon", "coordinates": [ [ [ [ 1261593.896874761208892, 5542769.404702704399824 ], [ 1261693.896874761208892, 5542769.404702704399824 ], [ 1261693.896874761208892, 5542669.404702704399824 ], [ 1261593.896874761208892, 5542669.404702704399824 ], [ 1261593.896874761208892, 5542769.404702704399824 ] ] ] ] } },
{ "type": "Feature", "properties": { "id": 261, "left": 1261593.8968747612, "top": 5542669.4047027044, "right": 1261693.8968747612, "bottom": 5542569.4047027044, "row_index": 15, "col_index": 7, "green_area": 1533.7182353702374, "green_pc": 15.33718235367952, "buildings_area": 6148.3901476096071, "buildings_pc": 61.483901476004455, "road_area": 1100.5493641644716, "road_pc": 11.005493641628316, "free_space_area": 1391.1616513802235, "free_space_pc": 13.911616513781503, "railways_area": 0.0, "railways_pc": 0.0, "free_space_number": 14.0, "tree_number": 0.0 }, "geometry": { "type": "MultiPolygon", "coordinates": [ [ [ [ 1261593.896874761208892, 5542669.404702704399824 ], [ 1261693.896874761208892, 5542669.404702704399824 ], [ 1261693.896874761208892, 5542569.404702704399824 ], [ 1261593.896874761208892, 5542569.404702704399824 ], [ 1261593.896874761208892, 5542669.404702704399824 ] ] ] ] } },
{ "type": "Feature", "properties": { "id": 262, "left": 1261593.8968747612, "top": 5542569.4047027044, "right": 1261693.8968747612, "bottom": 5542469.4047027044, "row_index": 16, "col_index": 7, "green_area": 2536.8697534929961, "green_pc": 25.36869753489216, "buildings_area": 4567.6863084901124, "buildings_pc": 45.676863084833059, "road_area": 220.51409171149135, "road_pc": 2.2051409171116276, "free_space_area": 2726.3022461990799, "free_space_pc": 27.263022461950172, "railways_area": 0.0, "railways_pc": 0.0, "free_space_number": 13.0, "tree_number": 0.0 }, "geometry": { "type": "MultiPolygon", "coordinates": [ [ [ [ 1261593.896874761208892, 5542569.404702704399824 ], [ 1261693.896874761208892, 5542569.404702704399824 ], [ 1261693.896874761208892, 5542469.404702704399824 ], [ 1261593.896874761208892, 5542469.404702704399824 ], [ 1261593.896874761208892, 5542569.404702704399824 ] ] ] ] } },
{ "type": "Feature", "properties": { "id": 263, "left": 1261593.8968747612, "top": 5542469.4047027044, "right": 1261693.8968747612, "bottom": 5542369.4047027044, "row_index": 17, "col_index": 7, "green_area": 817.09305838355795, "green_pc": 8.1709305838234041, "buildings_area": 5212.545389348641, "buildings_pc": 52.125453893408739, "road_area": 1285.4172010589391, "road_pc": 12.854172010570236, "free_space_area": 2685.1150303308677, "free_space_pc": 26.851150303268668, "railways_area": 0.0, "railways_pc": 0.0, "free_space_number": 10.0, "tree_number": 0.0 }, "geometry": { "type": "MultiPolygon", "coordinates": [ [ [ [ 1261593.896874761208892, 5542469.404702704399824 ], [ 1261693.896874761208892, 5542469.404702704399824 ], [ 1261693.896874761208892, 5542369.404702704399824 ], [ 1261593.896874761208892, 5542369.404702704399824 ], [ 1261593.896874761208892, 5542469.404702704399824 ] ] ] ] } },
{ "type": "Feature", "properties": { "id": 264, "left": 1261593.8968747612, "top": 5542369.4047027044, "right": 1261693.8968747612, "bottom": 5542269.4047027044, "row_index": 18, "col_index": 7, "green_area": 856.46961879031733, "green_pc": 8.5646961878904104, "buildings_area": 5226.7394849546254, "buildings_pc": 52.267394849468367, "road_area": 221.05599601846188, "road_pc": 2.2105599601813251, "free_space_area": 3696.0421786796614, "free_space_pc": 36.960421786741541, "railways_area": 0.0, "railways_pc": 0.0, "free_space_number": 11.0, "tree_number": 0.0 }, "geometry": { "type": "MultiPolygon", "coordinates": [ [ [ [ 1261593.896874761208892, 5542369.404702704399824 ], [ 1261693.896874761208892, 5542369.404702704399824 ], [ 1261693.896874761208892, 5542269.404702704399824 ], [ 1261593.896874761208892, 5542269.404702704399824 ], [ 1261593.896874761208892, 5542369.404702704399824 ] ] ] ] } },
{ "type": "Feature", "properties": { "id": 265, "left": 1261593.8968747612, "top": 5542269.4047027044, "right": 1261693.8968747612, "bottom": 5542169.4047027044, "row_index": 19, "col_index": 7, "green_area": 1316.5578370895237, "green_pc": 13.165578370875618, "buildings_area": 5813.1150279589929, "buildings_pc": 58.131150279503309, "road_area": 559.94253944978118, "road_pc": 5.5994253944894679, "free_space_area": 2315.0398929197099, "free_space_pc": 23.150398929162602, "railways_area": 0.0, "railways_pc": 0.0, "free_space_number": 13.0, "tree_number": 0.0 }, "geometry": { "type": "MultiPolygon", "coordinates": [ [ [ [ 1261593.896874761208892, 5542269.404702704399824 ], [ 1261693.896874761208892, 5542269.404702704399824 ], [ 1261693.896874761208892, 5542169.404702704399824 ], [ 1261593.896874761208892, 5542169.404702704399824 ], [ 1261593.896874761208892, 5542269.404702704399824 ] ] ] ] } },
{ "type": "Feature", "properties": { "id": 266, "left": 1261593.8968747612, "top": 5542169.4047027044, "right": 1261693.8968747612, "bottom": 5542069.4047027044, "row_index": 20, "col_index": 7, "green_area": 2690.6591197140515, "green_pc": 26.906591197100422, "buildings_area": 5004.9909175156499, "buildings_pc": 50.049909175081922, "road_area": 700.70400348305702, "road_pc": 7.0070400348201289, "free_space_area": 1649.8931005511549, "free_space_pc": 16.498931005486963, "railways_area": 0.0, "railways_pc": 0.0, "free_space_number": 3.0, "tree_number": 0.0 }, "geometry": { "type": "MultiPolygon", "coordinates": [ [ [ [ 1261593.896874761208892, 5542169.404702704399824 ], [ 1261693.896874761208892, 5542169.404702704399824 ], [ 1261693.896874761208892, 5542069.404702704399824 ], [ 1261593.896874761208892, 5542069.404702704399824 ], [ 1261593.896874761208892, 5542169.404702704399824 ] ] ] ] } },
{ "type": "Feature", "properties": { "id": 267, "left": 1261593.8968747612, "top": 5542069.4047027044, "right": 1261693.8968747612, "bottom": 5541969.4047027044, "row_index": 21, "col_index": 7, "green_area": 5580.6449003480375, "green_pc": 55.806449003397219, "buildings_area": 4282.5615003108978, "buildings_pc": 42.825615003045165, "road_area": 50.822911262512207, "road_pc": 0.50822911262436476, "free_space_area": 457.1582785055507, "free_space_pc": 4.5715827850486948, "railways_area": 0.0, "railways_pc": 0.0, "free_space_number": 12.0, "tree_number": 0.0 }, "geometry": { "type": "MultiPolygon", "coordinates": [ [ [ [ 1261593.896874761208892, 5542069.404702704399824 ], [ 1261693.896874761208892, 5542069.404702704399824 ], [ 1261693.896874761208892, 5541969.404702704399824 ], [ 1261593.896874761208892, 5541969.404702704399824 ], [ 1261593.896874761208892, 5542069.404702704399824 ] ] ] ] } },
{ "type": "Feature", "properties": { "id": 268, "left": 1261593.8968747612, "top": 5541969.4047027044, "right": 1261693.8968747612, "bottom": 5541869.4047027044, "row_index": 22, "col_index": 7, "green_area": 1805.4973241854459, "green_pc": 18.054973241827554, "buildings_area": 5519.5696286181919, "buildings_pc": 55.195696286099668, "road_area": 1721.3848621547222, "road_pc": 17.213848621521571, "free_space_area": 1007.3023320875715, "free_space_pc": 10.073023320860704, "railways_area": 0.0, "railways_pc": 0.0, "free_space_number": 14.0, "tree_number": 0.0 }, "geometry": { "type": "MultiPolygon", "coordinates": [ [ [ [ 1261593.896874761208892, 5541969.404702704399824 ], [ 1261693.896874761208892, 5541969.404702704399824 ], [ 1261693.896874761208892, 5541869.404702704399824 ], [ 1261593.896874761208892, 5541869.404702704399824 ], [ 1261593.896874761208892, 5541969.404702704399824 ] ] ] ] } },
{ "type": "Feature", "properties": { "id": 269, "left": 1261593.8968747612, "top": 5541869.4047027044, "right": 1261693.8968747612, "bottom": 5541769.4047027044, "row_index": 23, "col_index": 7, "green_area": 5815.0177508246852, "green_pc": 58.150177508160205, "buildings_area": 823.6900230711326, "buildings_pc": 8.2369002306990513, "road_area": 85.679003812372684, "road_pc": 0.85679003812245014, "free_space_area": 3276.8605512112845, "free_space_pc": 32.768605512064013, "railways_area": 0.0, "railways_pc": 0.0, "free_space_number": 8.0, "tree_number": 0.0 }, "geometry": { "type": "MultiPolygon", "coordinates": [ [ [ [ 1261593.896874761208892, 5541869.404702704399824 ], [ 1261693.896874761208892, 5541869.404702704399824 ], [ 1261693.896874761208892, 5541769.404702704399824 ], [ 1261593.896874761208892, 5541769.404702704399824 ], [ 1261593.896874761208892, 5541869.404702704399824 ] ] ] ] } },
{ "type": "Feature", "properties": { "id": 270, "left": 1261593.8968747612, "top": 5541769.4047027044, "right": 1261693.8968747612, "bottom": 5541669.4047027044, "row_index": 24, "col_index": 7, "green_area": 3790.7674750060542, "green_pc": 37.907674750004055, "buildings_area": 2080.4964924743399, "buildings_pc": 20.804964924712397, "road_area": 0.0, "road_pc": 0.0, "free_space_area": 4130.1981467939913, "free_space_pc": 41.30198146787837, "railways_area": 0.0, "railways_pc": 0.0, "free_space_number": 2.0, "tree_number": 0.0 }, "geometry": { "type": "MultiPolygon", "coordinates": [ [ [ [ 1261593.896874761208892, 5541769.404702704399824 ], [ 1261693.896874761208892, 5541769.404702704399824 ], [ 1261693.896874761208892, 5541669.404702704399824 ], [ 1261593.896874761208892, 5541669.404702704399824 ], [ 1261593.896874761208892, 5541769.404702704399824 ] ] ] ] } },
{ "type": "Feature", "properties": { "id": 271, "left": 1261593.8968747612, "top": 5541669.4047027044, "right": 1261693.8968747612, "bottom": 5541569.4047027044, "row_index": 25, "col_index": 7, "green_area": 255.64903361722827, "green_pc": 2.5564903361684732, "buildings_area": 6570.1599674159661, "buildings_pc": 65.701599674061754, "road_area": 1534.1668144389987, "road_pc": 15.341668144367127, "free_space_area": 1640.4627453510775, "free_space_pc": 16.404627453486331, "railways_area": 0.0, "railways_pc": 0.0, "free_space_number": 13.0, "tree_number": 0.0 }, "geometry": { "type": "MultiPolygon", "coordinates": [ [ [ [ 1261593.896874761208892, 5541669.404702704399824 ], [ 1261693.896874761208892, 5541669.404702704399824 ], [ 1261693.896874761208892, 5541569.404702704399824 ], [ 1261593.896874761208892, 5541569.404702704399824 ], [ 1261593.896874761208892, 5541669.404702704399824 ] ] ] ] } },
{ "type": "Feature", "properties": { "id": 272, "left": 1261593.8968747612, "top": 5541569.4047027044, "right": 1261693.8968747612, "bottom": 5541469.4047027044, "row_index": 26, "col_index": 7, "green_area": 1848.7365980572067, "green_pc": 18.487365980544517, "buildings_area": 4076.487281111069, "buildings_pc": 40.764872811049948, "road_area": 1808.1694846171886, "road_pc": 18.081694846144941, "free_space_area": 2267.8692329557325, "free_space_pc": 22.678692329523532, "railways_area": 0.0, "railways_pc": 0.0, "free_space_number": 12.0, "tree_number": 7.0 }, "geometry": { "type": "MultiPolygon", "coordinates": [ [ [ [ 1261593.896874761208892, 5541569.404702704399824 ], [ 1261693.896874761208892, 5541569.404702704399824 ], [ 1261693.896874761208892, 5541469.404702704399824 ], [ 1261593.896874761208892, 5541469.404702704399824 ], [ 1261593.896874761208892, 5541569.404702704399824 ] ] ] ] } },
{ "type": "Feature", "properties": { "id": 273, "left": 1261593.8968747612, "top": 5541469.4047027044, "right": 1261693.8968747612, "bottom": 5541369.4047027044, "row_index": 27, "col_index": 7, "green_area": 2657.293311661575, "green_pc": 32.01027280208617, "buildings_area": 1197.1434623859823, "buildings_pc": 14.421023319494854, "road_area": 3020.3574912771583, "road_pc": 36.383814624947071, "free_space_area": 1426.6670452457874, "free_space_pc": 17.185909103691756, "railways_area": 0.0, "railways_pc": 0.0, "free_space_number": 7.0, "tree_number": 0.0 }, "geometry": { "type": "MultiPolygon", "coordinates": [ [ [ [ 1261649.434956586686894, 5541382.791526540182531 ], [ 1261637.579093628562987, 5541388.275608700700104 ], [ 1261593.896874761208892, 5541411.994078623130918 ], [ 1261593.896874761208892, 5541469.404702704399824 ], [ 1261693.896874761208892, 5541469.404702704399824 ], [ 1261693.896874761208892, 5541369.404702704399824 ], [ 1261674.092186379013583, 5541369.404702704399824 ], [ 1261649.434956586686894, 5541382.791526540182531 ] ] ] ] } },
{ "type": "Feature", "properties": { "id": 274, "left": 1261593.8968747612, "top": 5541369.4047027044, "right": 1261693.8968747612, "bottom": 5541269.4047027044, "row_index": 28, "col_index": 7, "green_area": 59.008188359439373, "green_pc": 55.420824755710356, "buildings_area": 0.0, "buildings_pc": 0.0, "road_area": 47.465022958815098, "road_pc": 44.579418425840529, "free_space_area": 0.0, "free_space_pc": 0.0, "railways_area": 0.0, "railways_pc": 0.0, "free_space_number": 0.0, "tree_number": 0.0 }, "geometry": { "type": "MultiPolygon", "coordinates": [ [ [ [ 1261674.092186379013583, 5541369.404702704399824 ], [ 1261693.896874761208892, 5541369.404702704399824 ], [ 1261693.896874761208892, 5541358.652405031956732 ], [ 1261674.092186379013583, 5541369.404702704399824 ] ] ] ] } },
{ "type": "Feature", "properties": { "id": 285, "left": 1261693.8968747612, "top": 5543769.4047027044, "right": 1261793.8968747612, "bottom": 5543669.4047027044, "row_index": 4, "col_index": 8, "green_area": 19.751373863313347, "green_pc": 92.709949583818286, "buildings_area": 0.0, "buildings_pc": 0.0, "road_area": 1.5531074316240847, "road_pc": 7.2900504380391462, "free_space_area": 0.0, "free_space_pc": 0.0, "railways_area": 0.0, "railways_pc": 0.0, "free_space_number": 0.0, "tree_number": 0.0 }, "geometry": { "type": "MultiPolygon", "coordinates": [ [ [ [ 1261793.896874761208892, 5543674.944130504503846 ], [ 1261793.896874761208892, 5543669.404702704399824 ], [ 1261786.204931817715988, 5543669.404702704399824 ], [ 1261793.896874761208892, 5543674.944130504503846 ] ] ] ] } },
{ "type": "Feature", "properties": { "id": 286, "left": 1261693.8968747612, "top": 5543669.4047027044, "right": 1261793.8968747612, "bottom": 5543569.4047027044, "row_index": 5, "col_index": 8, "green_area": 3679.9176422376186, "green_pc": 52.49518682391529, "buildings_area": 880.03608566662297, "buildings_pc": 12.553992567280783, "road_area": 2260.6870844048681, "road_pc": 32.249414901058493, "free_space_area": 206.668060883414, "free_space_pc": 2.9481851284079834, "railways_area": 0.0, "railways_pc": 0.0, "free_space_number": 3.0, "tree_number": 0.0 }, "geometry": { "type": "MultiPolygon", "coordinates": [ [ [ [ 1261767.676146931014955, 5543656.061017389409244 ], [ 1261786.204931817715988, 5543669.404702704399824 ], [ 1261793.896874761208892, 5543669.404702704399824 ], [ 1261793.896874761208892, 5543569.404702704399824 ], [ 1261693.896874761208892, 5543569.404702704399824 ], [ 1261693.896874761208892, 5543605.047180993482471 ], [ 1261767.676146931014955, 5543656.061017389409244 ] ] ] ] } },
{ "type": "Feature", "properties": { "id": 287, "left": 1261693.8968747612, "top": 5543569.4047027044, "right": 1261793.8968747612, "bottom": 5543469.4047027044, "row_index": 6, "col_index": 8, "green_area": 1087.8221697118133, "green_pc": 10.878221697101923, "buildings_area": 4664.1231584735215, "buildings_pc": 46.641231584665711, "road_area": 883.92122976854444, "road_pc": 8.8392122976722725, "free_space_area": 3364.1334030524959, "free_space_pc": 33.641334030474823, "railways_area": 0.0, "railways_pc": 0.0, "free_space_number": 5.0, "tree_number": 4.0 }, "geometry": { "type": "MultiPolygon", "coordinates": [ [ [ [ 1261693.896874761208892, 5543569.404702704399824 ], [ 1261793.896874761208892, 5543569.404702704399824 ], [ 1261793.896874761208892, 5543469.404702704399824 ], [ 1261693.896874761208892, 5543469.404702704399824 ], [ 1261693.896874761208892, 5543569.404702704399824 ] ] ] ] } },
{ "type": "Feature", "properties": { "id": 288, "left": 1261693.8968747612, "top": 5543469.4047027044, "right": 1261793.8968747612, "bottom": 5543369.4047027044, "row_index": 7, "col_index": 8, "green_area": 2083.6209508362226, "green_pc": 20.836209508331176, "buildings_area": 2537.6268613515422, "buildings_pc": 25.37626861347761, "road_area": 1403.8882246911526, "road_pc": 14.038882246890607, "free_space_area": 3975.3010904023254, "free_space_pc": 39.753010903964018, "railways_area": 0.0, "railways_pc": 0.0, "free_space_number": 6.0, "tree_number": 11.0 }, "geometry": { "type": "MultiPolygon", "coordinates": [ [ [ [ 1261693.896874761208892, 5543469.404702704399824 ], [ 1261793.896874761208892, 5543469.404702704399824 ], [ 1261793.896874761208892, 5543369.404702704399824 ], [ 1261693.896874761208892, 5543369.404702704399824 ], [ 1261693.896874761208892, 5543469.404702704399824 ] ] ] ] } },
{ "type": "Feature", "properties": { "id": 289, "left": 1261693.8968747612, "top": 5543369.4047027044, "right": 1261793.8968747612, "bottom": 5543269.4047027044, "row_index": 8, "col_index": 8, "green_area": 129.36928792309482, "green_pc": 1.2936928792290203, "buildings_area": 6266.6628150471952, "buildings_pc": 62.666628150378571, "road_area": 1122.6500579789281, "road_pc": 11.226500579772551, "free_space_area": 2481.8310402722082, "free_space_pc": 24.8183104026851, "railways_area": 0.0, "railways_pc": 0.0, "free_space_number": 12.0, "tree_number": 0.0 }, "geometry": { "type": "MultiPolygon", "coordinates": [ [ [ [ 1261693.896874761208892, 5543369.404702704399824 ], [ 1261793.896874761208892, 5543369.404702704399824 ], [ 1261793.896874761208892, 5543269.404702704399824 ], [ 1261693.896874761208892, 5543269.404702704399824 ], [ 1261693.896874761208892, 5543369.404702704399824 ] ] ] ] } },
{ "type": "Feature", "properties": { "id": 290, "left": 1261693.8968747612, "top": 5543269.4047027044, "right": 1261793.8968747612, "bottom": 5543169.4047027044, "row_index": 9, "col_index": 8, "green_area": 345.7139676597435, "green_pc": 3.4571396765922833, "buildings_area": 3680.190945985727, "buildings_pc": 36.801909459802431, "road_area": 5459.9572468921542, "road_pc": 54.599572468840179, "free_space_area": 514.94758225167141, "free_space_pc": 5.1494758225090411, "railways_area": 0.0, "railways_pc": 0.0, "free_space_number": 7.0, "tree_number": 2.0 }, "geometry": { "type": "MultiPolygon", "coordinates": [ [ [ [ 1261693.896874761208892, 5543269.404702704399824 ], [ 1261793.896874761208892, 5543269.404702704399824 ], [ 1261793.896874761208892, 5543169.404702704399824 ], [ 1261693.896874761208892, 5543169.404702704399824 ], [ 1261693.896874761208892, 5543269.404702704399824 ] ] ] ] } },
{ "type": "Feature", "properties": { "id": 291, "left": 1261693.8968747612, "top": 5543169.4047027044, "right": 1261793.8968747612, "bottom": 5543069.4047027044, "row_index": 10, "col_index": 8, "green_area": 0.0, "green_pc": 0.0, "buildings_area": 5331.6090558819706, "buildings_pc": 53.316090558740257, "road_area": 3361.5064280405641, "road_pc": 33.615064280355547, "free_space_area": 1307.0429838166883, "free_space_pc": 13.070429838147406, "railways_area": 0.0, "railways_pc": 0.0, "free_space_number": 5.0, "tree_number": 0.0 }, "geometry": { "type": "MultiPolygon", "coordinates": [ [ [ [ 1261693.896874761208892, 5543169.404702704399824 ], [ 1261793.896874761208892, 5543169.404702704399824 ], [ 1261793.896874761208892, 5543069.404702704399824 ], [ 1261693.896874761208892, 5543069.404702704399824 ], [ 1261693.896874761208892, 5543169.404702704399824 ] ] ] ] } },
{ "type": "Feature", "properties": { "id": 292, "left": 1261693.8968747612, "top": 5543069.4047027044, "right": 1261793.8968747612, "bottom": 5542969.4047027044, "row_index": 11, "col_index": 8, "green_area": 0.0, "green_pc": 0.0, "buildings_area": 4053.5558856520802, "buildings_pc": 40.535558856460398, "road_area": 4605.0484351664782, "road_pc": 46.050484351596161, "free_space_area": 1341.4461513383603, "free_space_pc": 13.414461513363612, "railways_area": 0.0, "railways_pc": 0.0, "free_space_number": 7.0, "tree_number": 0.0 }, "geometry": { "type": "MultiPolygon", "coordinates": [ [ [ [ 1261693.896874761208892, 5543069.404702704399824 ], [ 1261793.896874761208892, 5543069.404702704399824 ], [ 1261793.896874761208892, 5542969.404702704399824 ], [ 1261693.896874761208892, 5542969.404702704399824 ], [ 1261693.896874761208892, 5543069.404702704399824 ] ] ] ] } },
{ "type": "Feature", "properties": { "id": 293, "left": 1261693.8968747612, "top": 5542969.4047027044, "right": 1261793.8968747612, "bottom": 5542869.4047027044, "row_index": 12, "col_index": 8, "green_area": 42.604497618973255, "green_pc": 0.4260449761890977, "buildings_area": 3139.2638440324226, "buildings_pc": 31.392638440277448, "road_area": 5819.5941284298897, "road_pc": 58.195941284212175, "free_space_area": 998.71440521774639, "free_space_pc": 9.9871440521625825, "railways_area": 0.0, "railways_pc": 0.0, "free_space_number": 7.0, "tree_number": 0.0 }, "geometry": { "type": "MultiPolygon", "coordinates": [ [ [ [ 1261693.896874761208892, 5542969.404702704399824 ], [ 1261793.896874761208892, 5542969.404702704399824 ], [ 1261793.896874761208892, 5542869.404702704399824 ], [ 1261693.896874761208892, 5542869.404702704399824 ], [ 1261693.896874761208892, 5542969.404702704399824 ] ] ] ] } },
{ "type": "Feature", "properties": { "id": 294, "left": 1261693.8968747612, "top": 5542869.4047027044, "right": 1261793.8968747612, "bottom": 5542769.4047027044, "row_index": 13, "col_index": 8, "green_area": 2438.274713323568, "green_pc": 24.382747133199345, "buildings_area": 4104.9358904387336, "buildings_pc": 41.049358904326169, "road_area": 1500.8553466796875, "road_pc": 15.00855346677451, "free_space_area": 1956.4295267667792, "free_space_pc": 19.564295267638641, "railways_area": 0.0, "railways_pc": 0.0, "free_space_number": 9.0, "tree_number": 0.0 }, "geometry": { "type": "MultiPolygon", "coordinates": [ [ [ [ 1261693.896874761208892, 5542869.404702704399824 ], [ 1261793.896874761208892, 5542869.404702704399824 ], [ 1261793.896874761208892, 5542769.404702704399824 ], [ 1261693.896874761208892, 5542769.404702704399824 ], [ 1261693.896874761208892, 5542869.404702704399824 ] ] ] ] } },
{ "type": "Feature", "properties": { "id": 295, "left": 1261693.8968747612, "top": 5542769.4047027044, "right": 1261793.8968747612, "bottom": 5542669.4047027044, "row_index": 14, "col_index": 8, "green_area": 1220.197478344664, "green_pc": 12.201974783428458, "buildings_area": 5824.4767388915643, "buildings_pc": 58.244767388828855, "road_area": 2113.8791348524392, "road_pc": 21.138791348492891, "free_space_area": 1318.2035271469149, "free_space_pc": 13.182035271449505, "railways_area": 0.0, "railways_pc": 0.0, "free_space_number": 14.0, "tree_number": 0.0 }, "geometry": { "type": "MultiPolygon", "coordinates": [ [ [ [ 1261693.896874761208892, 5542769.404702704399824 ], [ 1261793.896874761208892, 5542769.404702704399824 ], [ 1261793.896874761208892, 5542669.404702704399824 ], [ 1261693.896874761208892, 5542669.404702704399824 ], [ 1261693.896874761208892, 5542769.404702704399824 ] ] ] ] } },
{ "type": "Feature", "properties": { "id": 296, "left": 1261693.8968747612, "top": 5542669.4047027044, "right": 1261793.8968747612, "bottom": 5542569.4047027044, "row_index": 15, "col_index": 8, "green_area": 540.85117965843529, "green_pc": 5.4085117965762937, "buildings_area": 6688.4928391677095, "buildings_pc": 66.884928391577432, "road_area": 1777.5446667745709, "road_pc": 17.775446667719223, "free_space_area": 1193.0936713086849, "free_space_pc": 11.93093671306907, "railways_area": 0.0, "railways_pc": 0.0, "free_space_number": 16.0, "tree_number": 0.0 }, "geometry": { "type": "MultiPolygon", "coordinates": [ [ [ [ 1261693.896874761208892, 5542669.404702704399824 ], [ 1261793.896874761208892, 5542669.404702704399824 ], [ 1261793.896874761208892, 5542569.404702704399824 ], [ 1261693.896874761208892, 5542569.404702704399824 ], [ 1261693.896874761208892, 5542669.404702704399824 ] ] ] ] } },
{ "type": "Feature", "properties": { "id": 297, "left": 1261693.8968747612, "top": 5542569.4047027044, "right": 1261793.8968747612, "bottom": 5542469.4047027044, "row_index": 16, "col_index": 8, "green_area": 466.45221206219867, "green_pc": 4.664522120615036, "buildings_area": 5925.3638184722513, "buildings_pc": 59.253638184634219, "road_area": 788.55683491006494, "road_pc": 7.8855683490888993, "free_space_area": 2822.6492809670272, "free_space_pc": 28.226492809628212, "railways_area": 0.0, "railways_pc": 0.0, "free_space_number": 6.0, "tree_number": 0.0 }, "geometry": { "type": "MultiPolygon", "coordinates": [ [ [ [ 1261693.896874761208892, 5542569.404702704399824 ], [ 1261793.896874761208892, 5542569.404702704399824 ], [ 1261793.896874761208892, 5542469.404702704399824 ], [ 1261693.896874761208892, 5542469.404702704399824 ], [ 1261693.896874761208892, 5542569.404702704399824 ] ] ] ] } },
{ "type": "Feature", "properties": { "id": 298, "left": 1261693.8968747612, "top": 5542469.4047027044, "right": 1261793.8968747612, "bottom": 5542369.4047027044, "row_index": 17, "col_index": 8, "green_area": 316.4976847122889, "green_pc": 3.1649768471181727, "buildings_area": 5043.2347220475785, "buildings_pc": 50.432347220400636, "road_area": 1835.1642462313175, "road_pc": 18.351642462285827, "free_space_area": 1116.3004463995564, "free_space_pc": 11.163004463978929, "railways_area": 0.0, "railways_pc": 0.0, "free_space_number": 10.0, "tree_number": 5.0 }, "geometry": { "type": "MultiPolygon", "coordinates": [ [ [ [ 1261693.896874761208892, 5542469.404702704399824 ], [ 1261793.896874761208892, 5542469.404702704399824 ], [ 1261793.896874761208892, 5542369.404702704399824 ], [ 1261693.896874761208892, 5542369.404702704399824 ], [ 1261693.896874761208892, 5542469.404702704399824 ] ] ] ] } },
{ "type": "Feature", "properties": { "id": 299, "left": 1261693.8968747612, "top": 5542369.4047027044, "right": 1261793.8968747612, "bottom": 5542269.4047027044, "row_index": 18, "col_index": 8, "green_area": 1662.0218647519359, "green_pc": 16.620218647494593, "buildings_area": 4577.8902660328895, "buildings_pc": 45.778902660260677, "road_area": 509.54060679022223, "road_pc": 5.0954060678946291, "free_space_area": 693.00599817932198, "free_space_pc": 6.9300599817828941, "railways_area": 0.0, "railways_pc": 0.0, "free_space_number": 10.0, "tree_number": 0.0 }, "geometry": { "type": "MultiPolygon", "coordinates": [ [ [ [ 1261693.896874761208892, 5542369.404702704399824 ], [ 1261793.896874761208892, 5542369.404702704399824 ], [ 1261793.896874761208892, 5542269.404702704399824 ], [ 1261693.896874761208892, 5542269.404702704399824 ], [ 1261693.896874761208892, 5542369.404702704399824 ] ] ] ] } },
{ "type": "Feature", "properties": { "id": 300, "left": 1261693.8968747612, "top": 5542269.4047027044, "right": 1261793.8968747612, "bottom": 5542169.4047027044, "row_index": 19, "col_index": 8, "green_area": 884.53292854689062, "green_pc": 8.8453292854557262, "buildings_area": 5962.3375681643374, "buildings_pc": 59.623375681554528, "road_area": 990.55594816058874, "road_pc": 9.9055594815911263, "free_space_area": 2163.433166583578, "free_space_pc": 21.634331665803543, "railways_area": 0.0, "railways_pc": 0.0, "free_space_number": 9.0, "tree_number": 0.0 }, "geometry": { "type": "MultiPolygon", "coordinates": [ [ [ [ 1261693.896874761208892, 5542269.404702704399824 ], [ 1261793.896874761208892, 5542269.404702704399824 ], [ 1261793.896874761208892, 5542169.404702704399824 ], [ 1261693.896874761208892, 5542169.404702704399824 ], [ 1261693.896874761208892, 5542269.404702704399824 ] ] ] ] } },
{ "type": "Feature", "properties": { "id": 301, "left": 1261693.8968747612, "top": 5542169.4047027044, "right": 1261793.8968747612, "bottom": 5542069.4047027044, "row_index": 20, "col_index": 8, "green_area": 1218.3739243312739, "green_pc": 12.183739243294584, "buildings_area": 6152.2984886150807, "buildings_pc": 61.522984886059128, "road_area": 1933.8602665662766, "road_pc": 19.33860266563395, "free_space_area": 766.55527159667326, "free_space_pc": 7.6655527159553101, "railways_area": 0.0, "railways_pc": 0.0, "free_space_number": 12.0, "tree_number": 0.0 }, "geometry": { "type": "MultiPolygon", "coordinates": [ [ [ [ 1261693.896874761208892, 5542169.404702704399824 ], [ 1261793.896874761208892, 5542169.404702704399824 ], [ 1261793.896874761208892, 5542069.404702704399824 ], [ 1261693.896874761208892, 5542069.404702704399824 ], [ 1261693.896874761208892, 5542169.404702704399824 ] ] ] ] } },
{ "type": "Feature", "properties": { "id": 302, "left": 1261693.8968747612, "top": 5542069.4047027044, "right": 1261793.8968747612, "bottom": 5541969.4047027044, "row_index": 21, "col_index": 8, "green_area": 2184.8426994346082, "green_pc": 21.848426994313524, "buildings_area": 3727.1288978755474, "buildings_pc": 37.271288978699936, "road_area": 0.0, "road_pc": 0.0, "free_space_area": 4170.9945868158611, "free_space_pc": 41.709945868096455, "railways_area": 0.0, "railways_pc": 0.0, "free_space_number": 5.0, "tree_number": 0.0 }, "geometry": { "type": "MultiPolygon", "coordinates": [ [ [ [ 1261693.896874761208892, 5542069.404702704399824 ], [ 1261793.896874761208892, 5542069.404702704399824 ], [ 1261793.896874761208892, 5541969.404702704399824 ], [ 1261693.896874761208892, 5541969.404702704399824 ], [ 1261693.896874761208892, 5542069.404702704399824 ] ] ] ] } },
{ "type": "Feature", "properties": { "id": 303, "left": 1261693.8968747612, "top": 5541969.4047027044, "right": 1261793.8968747612, "bottom": 5541869.4047027044, "row_index": 22, "col_index": 8, "green_area": 1221.2705445797183, "green_pc": 12.212705445778985, "buildings_area": 5629.3428569321986, "buildings_pc": 56.293428569238102, "road_area": 774.75395276769996, "road_pc": 7.7475395276654551, "free_space_area": 2491.3336616132401, "free_space_pc": 24.913336616095279, "railways_area": 0.0, "railways_pc": 0.0, "free_space_number": 15.0, "tree_number": 0.0 }, "geometry": { "type": "MultiPolygon", "coordinates": [ [ [ [ 1261693.896874761208892, 5541969.404702704399824 ], [ 1261793.896874761208892, 5541969.404702704399824 ], [ 1261793.896874761208892, 5541869.404702704399824 ], [ 1261693.896874761208892, 5541869.404702704399824 ], [ 1261693.896874761208892, 5541969.404702704399824 ] ] ] ] } },
{ "type": "Feature", "properties": { "id": 304, "left": 1261693.8968747612, "top": 5541869.4047027044, "right": 1261793.8968747612, "bottom": 5541769.4047027044, "row_index": 23, "col_index": 8, "green_area": 338.92850426235236, "green_pc": 3.3892850426184733, "buildings_area": 6997.3786497078836, "buildings_pc": 69.973786496974569, "road_area": 388.56049055419862, "road_pc": 3.8856049055361961, "free_space_area": 2275.373172438708, "free_space_pc": 22.753731724353177, "railways_area": 0.0, "railways_pc": 0.0, "free_space_number": 17.0, "tree_number": 0.0 }, "geometry": { "type": "MultiPolygon", "coordinates": [ [ [ [ 1261693.896874761208892, 5541869.404702704399824 ], [ 1261793.896874761208892, 5541869.404702704399824 ], [ 1261793.896874761208892, 5541769.404702704399824 ], [ 1261693.896874761208892, 5541769.404702704399824 ], [ 1261693.896874761208892, 5541869.404702704399824 ] ] ] ] } },
{ "type": "Feature", "properties": { "id": 305, "left": 1261693.8968747612, "top": 5541769.4047027044, "right": 1261793.8968747612, "bottom": 5541669.4047027044, "row_index": 24, "col_index": 8, "green_area": 993.42945535387844, "green_pc": 9.9342945535239817, "buildings_area": 6604.9435034282506, "buildings_pc": 66.049435034184086, "road_area": 837.96668549627066, "road_pc": 8.3796668549502193, "free_space_area": 1564.3075601285454, "free_space_pc": 15.643075601262144, "railways_area": 0.0, "railways_pc": 0.0, "free_space_number": 11.0, "tree_number": 0.0 }, "geometry": { "type": "MultiPolygon", "coordinates": [ [ [ [ 1261693.896874761208892, 5541769.404702704399824 ], [ 1261793.896874761208892, 5541769.404702704399824 ], [ 1261793.896874761208892, 5541669.404702704399824 ], [ 1261693.896874761208892, 5541669.404702704399824 ], [ 1261693.896874761208892, 5541769.404702704399824 ] ] ] ] } },
{ "type": "Feature", "properties": { "id": 306, "left": 1261693.8968747612, "top": 5541669.4047027044, "right": 1261793.8968747612, "bottom": 5541569.4047027044, "row_index": 25, "col_index": 8, "green_area": 320.17288724053651, "green_pc": 3.2017288724005941, "buildings_area": 5931.3880561506376, "buildings_pc": 59.313880561417989, "road_area": 2570.5812247917056, "road_pc": 25.70581224787875, "free_space_area": 1177.9547259535375, "free_space_pc": 11.779547259517823, "railways_area": 0.0, "railways_pc": 0.0, "free_space_number": 11.0, "tree_number": 1.0 }, "geometry": { "type": "MultiPolygon", "coordinates": [ [ [ [ 1261693.896874761208892, 5541669.404702704399824 ], [ 1261793.896874761208892, 5541669.404702704399824 ], [ 1261793.896874761208892, 5541569.404702704399824 ], [ 1261693.896874761208892, 5541569.404702704399824 ], [ 1261693.896874761208892, 5541669.404702704399824 ] ] ] ] } },
{ "type": "Feature", "properties": { "id": 307, "left": 1261693.8968747612, "top": 5541569.4047027044, "right": 1261793.8968747612, "bottom": 5541469.4047027044, "row_index": 26, "col_index": 8, "green_area": 3137.3169559703674, "green_pc": 31.373169559656926, "buildings_area": 3290.4075964870863, "buildings_pc": 32.904075964821828, "road_area": 635.05872873216867, "road_pc": 6.3505872873122238, "free_space_area": 2938.6330975053133, "free_space_pc": 29.386330975009344, "railways_area": 0.0, "railways_pc": 0.0, "free_space_number": 6.0, "tree_number": 3.0 }, "geometry": { "type": "MultiPolygon", "coordinates": [ [ [ [ 1261693.896874761208892, 5541569.404702704399824 ], [ 1261793.896874761208892, 5541569.404702704399824 ], [ 1261793.896874761208892, 5541469.404702704399824 ], [ 1261693.896874761208892, 5541469.404702704399824 ], [ 1261693.896874761208892, 5541569.404702704399824 ] ] ] ] } },
{ "type": "Feature", "properties": { "id": 308, "left": 1261693.8968747612, "top": 5541469.4047027044, "right": 1261793.8968747612, "bottom": 5541369.4047027044, "row_index": 27, "col_index": 8, "green_area": 5276.8142578366678, "green_pc": 52.76814257828805, "buildings_area": 1572.1754770418629, "buildings_pc": 15.721754770395203, "road_area": 150.40134215354919, "road_pc": 1.5040134215332508, "free_space_area": 3002.4024310720833, "free_space_pc": 30.024024310676094, "railways_area": 0.0, "railways_pc": 0.0, "free_space_number": 8.0, "tree_number": 0.0 }, "geometry": { "type": "MultiPolygon", "coordinates": [ [ [ [ 1261693.896874761208892, 5541469.404702704399824 ], [ 1261793.896874761208892, 5541469.404702704399824 ], [ 1261793.896874761208892, 5541369.404702704399824 ], [ 1261693.896874761208892, 5541369.404702704399824 ], [ 1261693.896874761208892, 5541469.404702704399824 ] ] ] ] } },
{ "type": "Feature", "properties": { "id": 309, "left": 1261693.8968747612, "top": 5541369.4047027044, "right": 1261793.8968747612, "bottom": 5541269.4047027044, "row_index": 28, "col_index": 8, "green_area": 1035.0749399634078, "green_pc": 27.251277808228938, "buildings_area": 260.64458148181438, "buildings_pc": 6.8622064209395219, "road_area": 1816.4171245992184, "road_pc": 47.822322584515106, "free_space_area": 686.17184069758514, "free_space_pc": 18.065416070931789, "railways_area": 0.0, "railways_pc": 0.0, "free_space_number": 2.0, "tree_number": 0.0 }, "geometry": { "type": "MultiPolygon", "coordinates": [ [ [ [ 1261760.795114184496924, 5541322.086320844478905 ], [ 1261746.849842239404097, 5541329.903350366279483 ], [ 1261693.896874761208892, 5541358.652405031956732 ], [ 1261693.896874761208892, 5541369.404702704399824 ], [ 1261793.896874761208892, 5541369.404702704399824 ], [ 1261793.896874761208892, 5541304.199783273972571 ], [ 1261760.795114184496924, 5541322.086320844478905 ] ] ] ] } },
{ "type": "Feature", "properties": { "id": 320, "left": 1261793.8968747612, "top": 5543769.4047027044, "right": 1261893.8968747612, "bottom": 5543669.4047027044, "row_index": 4, "col_index": 9, "green_area": 524.21440930431709, "green_pc": 12.617256643363193, "buildings_area": 1478.2817066796124, "buildings_pc": 35.580593271212116, "road_area": 1919.0698096565902, "road_pc": 46.189871692197201, "free_space_area": 233.21655783637743, "free_space_pc": 5.6132626487859811, "railways_area": 0.0, "railways_pc": 0.0, "free_space_number": 3.0, "tree_number": 0.0 }, "geometry": { "type": "MultiPolygon", "coordinates": [ [ [ [ 1261893.896874761208892, 5543746.960106708109379 ], [ 1261893.896874761208892, 5543669.404702704399824 ], [ 1261793.896874761208892, 5543669.404702704399824 ], [ 1261793.896874761208892, 5543674.944130504503846 ], [ 1261893.896874761208892, 5543746.960106708109379 ] ] ] ] } },
{ "type": "Feature", "properties": { "id": 321, "left": 1261793.8968747612, "top": 5543669.4047027044, "right": 1261893.8968747612, "bottom": 5543569.4047027044, "row_index": 5, "col_index": 9, "green_area": 2511.504911178723, "green_pc": 25.115049111749805, "buildings_area": 1910.5983819300309, "buildings_pc": 19.105983819271838, "road_area": 3966.3481055349112, "road_pc": 39.663481055290006, "free_space_area": 1723.8196740721144, "free_space_pc": 17.238196740695457, "railways_area": 0.0, "railways_pc": 0.0, "free_space_number": 10.0, "tree_number": 6.0 }, "geometry": { "type": "MultiPolygon", "coordinates": [ [ [ [ 1261793.896874761208892, 5543669.404702704399824 ], [ 1261893.896874761208892, 5543669.404702704399824 ], [ 1261893.896874761208892, 5543569.404702704399824 ], [ 1261793.896874761208892, 5543569.404702704399824 ], [ 1261793.896874761208892, 5543669.404702704399824 ] ] ] ] } },
{ "type": "Feature", "properties": { "id": 322, "left": 1261793.8968747612, "top": 5543569.4047027044, "right": 1261893.8968747612, "bottom": 5543469.4047027044, "row_index": 6, "col_index": 9, "green_area": 5771.0326067529968, "green_pc": 57.710326067443972, "buildings_area": 3334.4521697536111, "buildings_pc": 33.344521697486421, "road_area": 0.0, "road_pc": 0.0, "free_space_area": 936.59193383666116, "free_space_pc": 9.365919338352656, "railways_area": 0.0, "railways_pc": 0.0, "free_space_number": 12.0, "tree_number": 0.0 }, "geometry": { "type": "MultiPolygon", "coordinates": [ [ [ [ 1261793.896874761208892, 5543569.404702704399824 ], [ 1261893.896874761208892, 5543569.404702704399824 ], [ 1261893.896874761208892, 5543469.404702704399824 ], [ 1261793.896874761208892, 5543469.404702704399824 ], [ 1261793.896874761208892, 5543569.404702704399824 ] ] ] ] } },
{ "type": "Feature", "properties": { "id": 323, "left": 1261793.8968747612, "top": 5543469.4047027044, "right": 1261893.8968747612, "bottom": 5543369.4047027044, "row_index": 7, "col_index": 9, "green_area": 5274.5653838585131, "green_pc": 52.745653838506534, "buildings_area": 1972.4482503416948, "buildings_pc": 19.724482503387556, "road_area": 1753.0849036704749, "road_pc": 17.530849036678624, "free_space_area": 1146.5262860911898, "free_space_pc": 11.465262860894814, "railways_area": 0.0, "railways_pc": 0.0, "free_space_number": 10.0, "tree_number": 6.0 }, "geometry": { "type": "MultiPolygon", "coordinates": [ [ [ [ 1261793.896874761208892, 5543469.404702704399824 ], [ 1261893.896874761208892, 5543469.404702704399824 ], [ 1261893.896874761208892, 5543369.404702704399824 ], [ 1261793.896874761208892, 5543369.404702704399824 ], [ 1261793.896874761208892, 5543469.404702704399824 ] ] ] ] } },
{ "type": "Feature", "properties": { "id": 324, "left": 1261793.8968747612, "top": 5543369.4047027044, "right": 1261893.8968747612, "bottom": 5543269.4047027044, "row_index": 8, "col_index": 9, "green_area": 2144.4362446889281, "green_pc": 21.444362446857326, "buildings_area": 3302.9519479966257, "buildings_pc": 33.029519479917042, "road_area": 2230.8787576705217, "road_pc": 22.308787576671975, "free_space_area": 2348.092218927357, "free_space_pc": 23.48092218923858, "railways_area": 0.0, "railways_pc": 0.0, "free_space_number": 9.0, "tree_number": 0.0 }, "geometry": { "type": "MultiPolygon", "coordinates": [ [ [ [ 1261793.896874761208892, 5543369.404702704399824 ], [ 1261893.896874761208892, 5543369.404702704399824 ], [ 1261893.896874761208892, 5543269.404702704399824 ], [ 1261793.896874761208892, 5543269.404702704399824 ], [ 1261793.896874761208892, 5543369.404702704399824 ] ] ] ] } },
{ "type": "Feature", "properties": { "id": 325, "left": 1261793.8968747612, "top": 5543269.4047027044, "right": 1261893.8968747612, "bottom": 5543169.4047027044, "row_index": 9, "col_index": 9, "green_area": 1054.5334682015236, "green_pc": 10.545334681999522, "buildings_area": 2790.8306063273922, "buildings_pc": 27.908306063232335, "road_area": 4292.3058734983206, "road_pc": 42.923058734919245, "free_space_area": 1863.1067889024189, "free_space_pc": 18.631067888996427, "railways_area": 0.0, "railways_pc": 0.0, "free_space_number": 8.0, "tree_number": 0.0 }, "geometry": { "type": "MultiPolygon", "coordinates": [ [ [ [ 1261793.896874761208892, 5543269.404702704399824 ], [ 1261893.896874761208892, 5543269.404702704399824 ], [ 1261893.896874761208892, 5543169.404702704399824 ], [ 1261793.896874761208892, 5543169.404702704399824 ], [ 1261793.896874761208892, 5543269.404702704399824 ] ] ] ] } },
{ "type": "Feature", "properties": { "id": 326, "left": 1261793.8968747612, "top": 5543169.4047027044, "right": 1261893.8968747612, "bottom": 5543069.4047027044, "row_index": 10, "col_index": 9, "green_area": 0.0, "green_pc": 0.0, "buildings_area": 6721.2249836716801, "buildings_pc": 67.21224983661665, "road_area": 2011.4992579277605, "road_pc": 20.11499257924763, "free_space_area": 1267.366138345702, "free_space_pc": 12.673661383438134, "railways_area": 0.0, "railways_pc": 0.0, "free_space_number": 9.0, "tree_number": 0.0 }, "geometry": { "type": "MultiPolygon", "coordinates": [ [ [ [ 1261793.896874761208892, 5543169.404702704399824 ], [ 1261893.896874761208892, 5543169.404702704399824 ], [ 1261893.896874761208892, 5543069.404702704399824 ], [ 1261793.896874761208892, 5543069.404702704399824 ], [ 1261793.896874761208892, 5543169.404702704399824 ] ] ] ] } },
{ "type": "Feature", "properties": { "id": 327, "left": 1261793.8968747612, "top": 5543069.4047027044, "right": 1261893.8968747612, "bottom": 5542969.4047027044, "row_index": 11, "col_index": 9, "green_area": 0.0, "green_pc": 0.0, "buildings_area": 6719.6769552137703, "buildings_pc": 67.196769552037566, "road_area": 2264.602577932179, "road_pc": 22.646025779288045, "free_space_area": 1015.8968514394345, "free_space_pc": 10.158968514379207, "railways_area": 0.0, "railways_pc": 0.0, "free_space_number": 9.0, "tree_number": 0.0 }, "geometry": { "type": "MultiPolygon", "coordinates": [ [ [ [ 1261793.896874761208892, 5543069.404702704399824 ], [ 1261893.896874761208892, 5543069.404702704399824 ], [ 1261893.896874761208892, 5542969.404702704399824 ], [ 1261793.896874761208892, 5542969.404702704399824 ], [ 1261793.896874761208892, 5543069.404702704399824 ] ] ] ] } },
{ "type": "Feature", "properties": { "id": 328, "left": 1261793.8968747612, "top": 5542969.4047027044, "right": 1261893.8968747612, "bottom": 5542869.4047027044, "row_index": 12, "col_index": 9, "green_area": 29.00130407884717, "green_pc": 0.29001304078803952, "buildings_area": 3371.6443453434622, "buildings_pc": 33.716443453384379, "road_area": 5518.2138462755829, "road_pc": 55.182138462673599, "free_space_area": 1081.2282289490474, "free_space_pc": 10.812282289474362, "railways_area": 0.0, "railways_pc": 0.0, "free_space_number": 7.0, "tree_number": 0.0 }, "geometry": { "type": "MultiPolygon", "coordinates": [ [ [ [ 1261793.896874761208892, 5542969.404702704399824 ], [ 1261893.896874761208892, 5542969.404702704399824 ], [ 1261893.896874761208892, 5542869.404702704399824 ], [ 1261793.896874761208892, 5542869.404702704399824 ], [ 1261793.896874761208892, 5542969.404702704399824 ] ] ] ] } },
{ "type": "Feature", "properties": { "id": 329, "left": 1261793.8968747612, "top": 5542869.4047027044, "right": 1261893.8968747612, "bottom": 5542769.4047027044, "row_index": 13, "col_index": 9, "green_area": 937.6061002612114, "green_pc": 9.3760610025981421, "buildings_area": 6427.1702384181553, "buildings_pc": 64.271702384085785, "road_area": 1381.0777121018618, "road_pc": 13.810777120998038, "free_space_area": 1254.8328930503274, "free_space_pc": 12.548328930484576, "railways_area": 0.0, "railways_pc": 0.0, "free_space_number": 15.0, "tree_number": 0.0 }, "geometry": { "type": "MultiPolygon", "coordinates": [ [ [ [ 1261793.896874761208892, 5542869.404702704399824 ], [ 1261893.896874761208892, 5542869.404702704399824 ], [ 1261893.896874761208892, 5542769.404702704399824 ], [ 1261793.896874761208892, 5542769.404702704399824 ], [ 1261793.896874761208892, 5542869.404702704399824 ] ] ] ] } },
{ "type": "Feature", "properties": { "id": 330, "left": 1261793.8968747612, "top": 5542769.4047027044, "right": 1261893.8968747612, "bottom": 5542669.4047027044, "row_index": 14, "col_index": 9, "green_area": 1816.8516765292734, "green_pc": 18.168516765265661, "buildings_area": 5333.6707703784341, "buildings_pc": 53.33670770370486, "road_area": 952.91522600501776, "road_pc": 9.5291522600359784, "free_space_area": 1898.0586312909002, "free_space_pc": 18.980586312880718, "railways_area": 0.0, "railways_pc": 0.0, "free_space_number": 9.0, "tree_number": 0.0 }, "geometry": { "type": "MultiPolygon", "coordinates": [ [ [ [ 1261793.896874761208892, 5542769.404702704399824 ], [ 1261893.896874761208892, 5542769.404702704399824 ], [ 1261893.896874761208892, 5542669.404702704399824 ], [ 1261793.896874761208892, 5542669.404702704399824 ], [ 1261793.896874761208892, 5542769.404702704399824 ] ] ] ] } },
{ "type": "Feature", "properties": { "id": 331, "left": 1261793.8968747612, "top": 5542669.4047027044, "right": 1261893.8968747612, "bottom": 5542569.4047027044, "row_index": 15, "col_index": 9, "green_area": 348.00567893404514, "green_pc": 3.4800567893352659, "buildings_area": 6246.0825145808049, "buildings_pc": 62.460825145714978, "road_area": 2356.1700601684861, "road_pc": 23.561700601649751, "free_space_area": 1049.8110909959069, "free_space_pc": 10.498110909943426, "railways_area": 0.0, "railways_pc": 0.0, "free_space_number": 8.0, "tree_number": 0.0 }, "geometry": { "type": "MultiPolygon", "coordinates": [ [ [ [ 1261793.896874761208892, 5542669.404702704399824 ], [ 1261893.896874761208892, 5542669.404702704399824 ], [ 1261893.896874761208892, 5542569.404702704399824 ], [ 1261793.896874761208892, 5542569.404702704399824 ], [ 1261793.896874761208892, 5542669.404702704399824 ] ] ] ] } },
{ "type": "Feature", "properties": { "id": 332, "left": 1261793.8968747612, "top": 5542569.4047027044, "right": 1261893.8968747612, "bottom": 5542469.4047027044, "row_index": 16, "col_index": 9, "green_area": 108.23015350103378, "green_pc": 1.0823015350087251, "buildings_area": 7876.6982244194951, "buildings_pc": 78.766982244077582, "road_area": 266.51634220778942, "road_pc": 2.6651634220739226, "free_space_area": 1791.9039310410153, "free_space_pc": 17.91903931038345, "railways_area": 0.0, "railways_pc": 0.0, "free_space_number": 20.0, "tree_number": 0.0 }, "geometry": { "type": "MultiPolygon", "coordinates": [ [ [ [ 1261793.896874761208892, 5542569.404702704399824 ], [ 1261893.896874761208892, 5542569.404702704399824 ], [ 1261893.896874761208892, 5542469.404702704399824 ], [ 1261793.896874761208892, 5542469.404702704399824 ], [ 1261793.896874761208892, 5542569.404702704399824 ] ] ] ] } },
{ "type": "Feature", "properties": { "id": 333, "left": 1261793.8968747612, "top": 5542469.4047027044, "right": 1261893.8968747612, "bottom": 5542369.4047027044, "row_index": 17, "col_index": 9, "green_area": 1392.6658897544257, "green_pc": 13.926658897523504, "buildings_area": 3638.3300944217481, "buildings_pc": 36.383300944163267, "road_area": 3044.0558461975306, "road_pc": 30.440558461929946, "free_space_area": 432.94105580740143, "free_space_pc": 4.329410558067563, "railways_area": 0.0, "railways_pc": 0.0, "free_space_number": 13.0, "tree_number": 4.0 }, "geometry": { "type": "MultiPolygon", "coordinates": [ [ [ [ 1261793.896874761208892, 5542469.404702704399824 ], [ 1261893.896874761208892, 5542469.404702704399824 ], [ 1261893.896874761208892, 5542369.404702704399824 ], [ 1261793.896874761208892, 5542369.404702704399824 ], [ 1261793.896874761208892, 5542469.404702704399824 ] ] ] ] } },
{ "type": "Feature", "properties": { "id": 334, "left": 1261793.8968747612, "top": 5542369.4047027044, "right": 1261893.8968747612, "bottom": 5542269.4047027044, "row_index": 18, "col_index": 9, "green_area": 2014.0489026177675, "green_pc": 20.140489026147662, "buildings_area": 5858.2438095882535, "buildings_pc": 58.58243809579524, "road_area": 0.0, "road_pc": 0.0, "free_space_area": 679.60759373800829, "free_space_pc": 6.796075937369956, "railways_area": 0.0, "railways_pc": 0.0, "free_space_number": 5.0, "tree_number": 0.0 }, "geometry": { "type": "MultiPolygon", "coordinates": [ [ [ [ 1261793.896874761208892, 5542369.404702704399824 ], [ 1261893.896874761208892, 5542369.404702704399824 ], [ 1261893.896874761208892, 5542269.404702704399824 ], [ 1261793.896874761208892, 5542269.404702704399824 ], [ 1261793.896874761208892, 5542369.404702704399824 ] ] ] ] } },
{ "type": "Feature", "properties": { "id": 335, "left": 1261793.8968747612, "top": 5542269.4047027044, "right": 1261893.8968747612, "bottom": 5542169.4047027044, "row_index": 19, "col_index": 9, "green_area": 4046.8253987748176, "green_pc": 40.468253987687874, "buildings_area": 5533.0152120636776, "buildings_pc": 55.330152120554331, "road_area": 0.0, "road_pc": 0.0, "free_space_area": 421.97456191878518, "free_space_pc": 4.2197456191815643, "railways_area": 0.0, "railways_pc": 0.0, "free_space_number": 8.0, "tree_number": 0.0 }, "geometry": { "type": "MultiPolygon", "coordinates": [ [ [ [ 1261793.896874761208892, 5542269.404702704399824 ], [ 1261893.896874761208892, 5542269.404702704399824 ], [ 1261893.896874761208892, 5542169.404702704399824 ], [ 1261793.896874761208892, 5542169.404702704399824 ], [ 1261793.896874761208892, 5542269.404702704399824 ] ] ] ] } },
{ "type": "Feature", "properties": { "id": 336, "left": 1261793.8968747612, "top": 5542169.4047027044, "right": 1261893.8968747612, "bottom": 5542069.4047027044, "row_index": 20, "col_index": 9, "green_area": 665.83950418233871, "green_pc": 6.6583950418134652, "buildings_area": 6144.7440342996269, "buildings_pc": 61.447440342904706, "road_area": 1895.5925521850586, "road_pc": 18.955925521822341, "free_space_area": 1294.639071546495, "free_space_pc": 12.946390715445657, "railways_area": 0.0, "railways_pc": 0.0, "free_space_number": 6.0, "tree_number": 0.0 }, "geometry": { "type": "MultiPolygon", "coordinates": [ [ [ [ 1261793.896874761208892, 5542169.404702704399824 ], [ 1261893.896874761208892, 5542169.404702704399824 ], [ 1261893.896874761208892, 5542069.404702704399824 ], [ 1261793.896874761208892, 5542069.404702704399824 ], [ 1261793.896874761208892, 5542169.404702704399824 ] ] ] ] } },
{ "type": "Feature", "properties": { "id": 337, "left": 1261793.8968747612, "top": 5542069.4047027044, "right": 1261893.8968747612, "bottom": 5541969.4047027044, "row_index": 21, "col_index": 9, "green_area": 190.39279881119728, "green_pc": 1.9039279881091358, "buildings_area": 6972.4132016124204, "buildings_pc": 69.724132016020306, "road_area": 1279.1128968670964, "road_pc": 12.791128968651904, "free_space_area": 1558.3266319323207, "free_space_pc": 15.583266319299986, "railways_area": 0.0, "railways_pc": 0.0, "free_space_number": 16.0, "tree_number": 0.0 }, "geometry": { "type": "MultiPolygon", "coordinates": [ [ [ [ 1261793.896874761208892, 5542069.404702704399824 ], [ 1261893.896874761208892, 5542069.404702704399824 ], [ 1261893.896874761208892, 5541969.404702704399824 ], [ 1261793.896874761208892, 5541969.404702704399824 ], [ 1261793.896874761208892, 5542069.404702704399824 ] ] ] ] } },
{ "type": "Feature", "properties": { "id": 338, "left": 1261793.8968747612, "top": 5541969.4047027044, "right": 1261893.8968747612, "bottom": 5541869.4047027044, "row_index": 22, "col_index": 9, "green_area": 216.82191703346689, "green_pc": 2.168219170331438, "buildings_area": 7175.913392807357, "buildings_pc": 71.759133927966644, "road_area": 1131.1428212225437, "road_pc": 11.311428212208583, "free_space_area": 1476.6336274939792, "free_space_pc": 14.766336274917789, "railways_area": 0.0, "railways_pc": 0.0, "free_space_number": 35.0, "tree_number": 0.0 }, "geometry": { "type": "MultiPolygon", "coordinates": [ [ [ [ 1261793.896874761208892, 5541969.404702704399824 ], [ 1261893.896874761208892, 5541969.404702704399824 ], [ 1261893.896874761208892, 5541869.404702704399824 ], [ 1261793.896874761208892, 5541869.404702704399824 ], [ 1261793.896874761208892, 5541969.404702704399824 ] ] ] ] } },
{ "type": "Feature", "properties": { "id": 339, "left": 1261793.8968747612, "top": 5541869.4047027044, "right": 1261893.8968747612, "bottom": 5541769.4047027044, "row_index": 23, "col_index": 9, "green_area": 1177.562906880863, "green_pc": 11.775629068791083, "buildings_area": 6283.5906528537162, "buildings_pc": 62.83590652844353, "road_area": 603.35284926556051, "road_pc": 6.0335284926466146, "free_space_area": 1935.9989558975296, "free_space_pc": 19.359989558946449, "railways_area": 0.0, "railways_pc": 0.0, "free_space_number": 18.0, "tree_number": 0.0 }, "geometry": { "type": "MultiPolygon", "coordinates": [ [ [ [ 1261793.896874761208892, 5541869.404702704399824 ], [ 1261893.896874761208892, 5541869.404702704399824 ], [ 1261893.896874761208892, 5541769.404702704399824 ], [ 1261793.896874761208892, 5541769.404702704399824 ], [ 1261793.896874761208892, 5541869.404702704399824 ] ] ] ] } },
{ "type": "Feature", "properties": { "id": 340, "left": 1261793.8968747612, "top": 5541769.4047027044, "right": 1261893.8968747612, "bottom": 5541669.4047027044, "row_index": 24, "col_index": 9, "green_area": 1787.3828685125336, "green_pc": 17.873828685098701, "buildings_area": 5664.891617199406, "buildings_pc": 56.648916171909647, "road_area": 787.10215285792947, "road_pc": 7.8710215285675655, "free_space_area": 1762.434714036116, "free_space_pc": 17.624347140334898, "railways_area": 0.0, "railways_pc": 0.0, "free_space_number": 21.0, "tree_number": 0.0 }, "geometry": { "type": "MultiPolygon", "coordinates": [ [ [ [ 1261793.896874761208892, 5541769.404702704399824 ], [ 1261893.896874761208892, 5541769.404702704399824 ], [ 1261893.896874761208892, 5541669.404702704399824 ], [ 1261793.896874761208892, 5541669.404702704399824 ], [ 1261793.896874761208892, 5541769.404702704399824 ] ] ] ] } },
{ "type": "Feature", "properties": { "id": 341, "left": 1261793.8968747612, "top": 5541669.4047027044, "right": 1261893.8968747612, "bottom": 5541569.4047027044, "row_index": 25, "col_index": 9, "green_area": 435.91355720534921, "green_pc": 4.3591355720469966, "buildings_area": 6727.8819891037419, "buildings_pc": 67.278819890937172, "road_area": 2003.9055109396577, "road_pc": 20.039055109366718, "free_space_area": 832.61236030106375, "free_space_pc": 8.32612360299823, "railways_area": 0.0, "railways_pc": 0.0, "free_space_number": 21.0, "tree_number": 0.0 }, "geometry": { "type": "MultiPolygon", "coordinates": [ [ [ [ 1261793.896874761208892, 5541669.404702704399824 ], [ 1261893.896874761208892, 5541669.404702704399824 ], [ 1261893.896874761208892, 5541569.404702704399824 ], [ 1261793.896874761208892, 5541569.404702704399824 ], [ 1261793.896874761208892, 5541669.404702704399824 ] ] ] ] } },
{ "type": "Feature", "properties": { "id": 342, "left": 1261793.8968747612, "top": 5541569.4047027044, "right": 1261893.8968747612, "bottom": 5541469.4047027044, "row_index": 26, "col_index": 9, "green_area": 3620.3908373870654, "green_pc": 36.203908373816709, "buildings_area": 3764.736018831376, "buildings_pc": 37.647360188257657, "road_area": 0.0, "road_pc": 0.0, "free_space_area": 2616.4481663512779, "free_space_pc": 26.16448166347379, "railways_area": 0.0, "railways_pc": 0.0, "free_space_number": 12.0, "tree_number": 0.0 }, "geometry": { "type": "MultiPolygon", "coordinates": [ [ [ [ 1261793.896874761208892, 5541569.404702704399824 ], [ 1261893.896874761208892, 5541569.404702704399824 ], [ 1261893.896874761208892, 5541469.404702704399824 ], [ 1261793.896874761208892, 5541469.404702704399824 ], [ 1261793.896874761208892, 5541569.404702704399824 ] ] ] ] } },
{ "type": "Feature", "properties": { "id": 343, "left": 1261793.8968747612, "top": 5541469.4047027044, "right": 1261893.8968747612, "bottom": 5541369.4047027044, "row_index": 27, "col_index": 9, "green_area": 2260.5572156354319, "green_pc": 22.605572156320633, "buildings_area": 3263.3515950576402, "buildings_pc": 32.633515950527773, "road_area": 0.0, "road_pc": 0.0, "free_space_area": 4478.4670021608472, "free_space_pc": 44.784670021541736, "railways_area": 0.0, "railways_pc": 0.0, "free_space_number": 5.0, "tree_number": 0.0 }, "geometry": { "type": "MultiPolygon", "coordinates": [ [ [ [ 1261793.896874761208892, 5541469.404702704399824 ], [ 1261893.896874761208892, 5541469.404702704399824 ], [ 1261893.896874761208892, 5541369.404702704399824 ], [ 1261793.896874761208892, 5541369.404702704399824 ], [ 1261793.896874761208892, 5541469.404702704399824 ] ] ] ] } },
{ "type": "Feature", "properties": { "id": 344, "left": 1261793.8968747612, "top": 5541369.4047027044, "right": 1261893.8968747612, "bottom": 5541269.4047027044, "row_index": 28, "col_index": 9, "green_area": 2513.4778894367628, "green_pc": 28.305856017389853, "buildings_area": 3238.9161060620099, "buildings_pc": 36.475472227504099, "road_area": 1742.092731247656, "road_pc": 19.618802388067806, "free_space_area": 1748.5241303551902, "free_space_pc": 19.691230420115872, "railways_area": 0.0, "railways_pc": 0.0, "free_space_number": 5.0, "tree_number": 0.0 }, "geometry": { "type": "MultiPolygon", "coordinates": [ [ [ [ 1261793.896874761208892, 5541304.199783273972571 ], [ 1261793.896874761208892, 5541369.404702704399824 ], [ 1261893.896874761208892, 5541369.404702704399824 ], [ 1261893.896874761208892, 5541269.404702704399824 ], [ 1261858.290468085091561, 5541269.404702704399824 ], [ 1261793.896874761208892, 5541304.199783273972571 ] ] ] ] } },
{ "type": "Feature", "properties": { "id": 345, "left": 1261793.8968747612, "top": 5541269.4047027044, "right": 1261893.8968747612, "bottom": 5541169.4047027044, "row_index": 29, "col_index": 9, "green_area": 149.43044700101018, "green_pc": 43.362031839032021, "buildings_area": 0.0, "buildings_pc": 0.0, "road_area": 195.19051110744476, "road_pc": 56.640780558333844, "free_space_area": 0.0, "free_space_pc": 0.0, "railways_area": 0.0, "railways_pc": 0.0, "free_space_number": 0.0, "tree_number": 0.0 }, "geometry": { "type": "MultiPolygon", "coordinates": [ [ [ [ 1261858.290468085091561, 5541269.404702704399824 ], [ 1261893.896874761208892, 5541269.404702704399824 ], [ 1261893.896874761208892, 5541249.998403863981366 ], [ 1261868.905218456638977, 5541263.669021942652762 ], [ 1261858.290468085091561, 5541269.404702704399824 ] ] ] ] } },
{ "type": "Feature", "properties": { "id": 354, "left": 1261893.8968747612, "top": 5543869.4047027044, "right": 1261993.8968747612, "bottom": 5543769.4047027044, "row_index": 3, "col_index": 10, "green_area": 270.44425543397665, "green_pc": 16.345802819556564, "buildings_area": 74.90929703618167, "buildings_pc": 4.5275600206044793, "road_area": 1309.1643676878884, "road_pc": 79.12663028569996, "free_space_area": 0.0, "free_space_pc": 0.0, "railways_area": 0.0, "railways_pc": 0.0, "free_space_number": 0.0, "tree_number": 0.0 }, "geometry": { "type": "MultiPolygon", "coordinates": [ [ [ [ 1261953.665340826380998, 5543790.002951007336378 ], [ 1261988.764605858363211, 5543813.01552153006196 ], [ 1261993.896874761208892, 5543816.628383030183613 ], [ 1261993.896874761208892, 5543769.404702704399824 ], [ 1261925.063009248580784, 5543769.404702704399824 ], [ 1261953.665340826380998, 5543790.002951007336378 ] ] ] ] } },
{ "type": "Feature", "properties": { "id": 355, "left": 1261893.8968747612, "top": 5543769.4047027044, "right": 1261993.8968747612, "bottom": 5543669.4047027044, "row_index": 4, "col_index": 10, "green_area": 197.01107411459088, "green_pc": 2.0415138409068243, "buildings_area": 5984.7057380718179, "buildings_pc": 62.016105708461993, "road_area": 1182.9943080842495, "road_pc": 12.258697966710502, "free_space_area": 2285.5332310847007, "free_space_pc": 23.683682483746967, "railways_area": 0.0, "railways_pc": 0.0, "free_space_number": 2.0, "tree_number": 0.0 }, "geometry": { "type": "MultiPolygon", "coordinates": [ [ [ [ 1261925.063009248580784, 5543769.404702704399824 ], [ 1261993.896874761208892, 5543769.404702704399824 ], [ 1261993.896874761208892, 5543669.404702704399824 ], [ 1261893.896874761208892, 5543669.404702704399824 ], [ 1261893.896874761208892, 5543746.960106708109379 ], [ 1261925.063009248580784, 5543769.404702704399824 ] ] ] ] } },
{ "type": "Feature", "properties": { "id": 356, "left": 1261893.8968747612, "top": 5543669.4047027044, "right": 1261993.8968747612, "bottom": 5543569.4047027044, "row_index": 5, "col_index": 10, "green_area": 590.07599385082722, "green_pc": 5.9007599384994798, "buildings_area": 3490.189501285553, "buildings_pc": 34.901895012803521, "road_area": 3483.915001809597, "road_pc": 34.839150018044059, "free_space_area": 2449.6725563046057, "free_space_pc": 24.496725563009555, "railways_area": 0.0, "railways_pc": 0.0, "free_space_number": 6.0, "tree_number": 10.0 }, "geometry": { "type": "MultiPolygon", "coordinates": [ [ [ [ 1261893.896874761208892, 5543669.404702704399824 ], [ 1261993.896874761208892, 5543669.404702704399824 ], [ 1261993.896874761208892, 5543569.404702704399824 ], [ 1261893.896874761208892, 5543569.404702704399824 ], [ 1261893.896874761208892, 5543669.404702704399824 ] ] ] ] } },
{ "type": "Feature", "properties": { "id": 357, "left": 1261893.8968747612, "top": 5543569.4047027044, "right": 1261993.8968747612, "bottom": 5543469.4047027044, "row_index": 6, "col_index": 10, "green_area": 7467.4844769073979, "green_pc": 74.6748447689627, "buildings_area": 1979.3398246569559, "buildings_pc": 19.793398246540065, "road_area": 14.250313319265842, "road_pc": 0.14250313319244609, "free_space_area": 632.46847718203094, "free_space_pc": 6.324684771810885, "railways_area": 0.0, "railways_pc": 0.0, "free_space_number": 9.0, "tree_number": 0.0 }, "geometry": { "type": "MultiPolygon", "coordinates": [ [ [ [ 1261893.896874761208892, 5543569.404702704399824 ], [ 1261993.896874761208892, 5543569.404702704399824 ], [ 1261993.896874761208892, 5543469.404702704399824 ], [ 1261893.896874761208892, 5543469.404702704399824 ], [ 1261893.896874761208892, 5543569.404702704399824 ] ] ] ] } },
{ "type": "Feature", "properties": { "id": 358, "left": 1261893.8968747612, "top": 5543469.4047027044, "right": 1261993.8968747612, "bottom": 5543369.4047027044, "row_index": 7, "col_index": 10, "green_area": 1977.820196130313, "green_pc": 19.778201961273659, "buildings_area": 3125.8476425688714, "buildings_pc": 31.258476425642137, "road_area": 441.33228078484535, "road_pc": 4.4133228078418769, "free_space_area": 4526.8241156290751, "free_space_pc": 45.268241156223297, "railways_area": 0.0, "railways_pc": 0.0, "free_space_number": 5.0, "tree_number": 0.0 }, "geometry": { "type": "MultiPolygon", "coordinates": [ [ [ [ 1261893.896874761208892, 5543469.404702704399824 ], [ 1261993.896874761208892, 5543469.404702704399824 ], [ 1261993.896874761208892, 5543369.404702704399824 ], [ 1261893.896874761208892, 5543369.404702704399824 ], [ 1261893.896874761208892, 5543469.404702704399824 ] ] ] ] } },
{ "type": "Feature", "properties": { "id": 359, "left": 1261893.8968747612, "top": 5543369.4047027044, "right": 1261993.8968747612, "bottom": 5543269.4047027044, "row_index": 8, "col_index": 10, "green_area": 1589.2872445555404, "green_pc": 15.892872445531722, "buildings_area": 1332.4719688219484, "buildings_pc": 13.324719688199629, "road_area": 2309.5353148430586, "road_pc": 23.095353148396171, "free_space_area": 4770.1934043206275, "free_space_pc": 47.701934043135196, "railways_area": 0.0, "railways_pc": 0.0, "free_space_number": 5.0, "tree_number": 0.0 }, "geometry": { "type": "MultiPolygon", "coordinates": [ [ [ [ 1261893.896874761208892, 5543369.404702704399824 ], [ 1261993.896874761208892, 5543369.404702704399824 ], [ 1261993.896874761208892, 5543269.404702704399824 ], [ 1261893.896874761208892, 5543269.404702704399824 ], [ 1261893.896874761208892, 5543369.404702704399824 ] ] ] ] } },
{ "type": "Feature", "properties": { "id": 360, "left": 1261893.8968747612, "top": 5543269.4047027044, "right": 1261993.8968747612, "bottom": 5543169.4047027044, "row_index": 9, "col_index": 10, "green_area": 6856.7762242825702, "green_pc": 68.567762242723532, "buildings_area": 189.18241387605667, "buildings_pc": 1.8918241387577477, "road_area": 575.96645289286971, "road_pc": 5.7596645289201147, "free_space_area": 2378.0749089243591, "free_space_pc": 23.780749089208157, "railways_area": 0.0, "railways_pc": 0.0, "free_space_number": 5.0, "tree_number": 0.0 }, "geometry": { "type": "MultiPolygon", "coordinates": [ [ [ [ 1261893.896874761208892, 5543269.404702704399824 ], [ 1261993.896874761208892, 5543269.404702704399824 ], [ 1261993.896874761208892, 5543169.404702704399824 ], [ 1261893.896874761208892, 5543169.404702704399824 ], [ 1261893.896874761208892, 5543269.404702704399824 ] ] ] ] } },
{ "type": "Feature", "properties": { "id": 361, "left": 1261893.8968747612, "top": 5543169.4047027044, "right": 1261993.8968747612, "bottom": 5543069.4047027044, "row_index": 10, "col_index": 10, "green_area": 6001.4374448284507, "green_pc": 60.014374448195078, "buildings_area": 901.802773732692, "buildings_pc": 9.0180277373134814, "road_area": 711.32514075748622, "road_pc": 7.1132514075642623, "free_space_area": 2385.4346404224634, "free_space_pc": 23.854346404189087, "railways_area": 0.0, "railways_pc": 0.0, "free_space_number": 2.0, "tree_number": 0.0 }, "geometry": { "type": "MultiPolygon", "coordinates": [ [ [ [ 1261893.896874761208892, 5543169.404702704399824 ], [ 1261993.896874761208892, 5543169.404702704399824 ], [ 1261993.896874761208892, 5543069.404702704399824 ], [ 1261893.896874761208892, 5543069.404702704399824 ], [ 1261893.896874761208892, 5543169.404702704399824 ] ] ] ] } },
{ "type": "Feature", "properties": { "id": 362, "left": 1261893.8968747612, "top": 5543069.4047027044, "right": 1261993.8968747612, "bottom": 5542969.4047027044, "row_index": 11, "col_index": 10, "green_area": 4955.4394880235195, "green_pc": 49.554394880161354, "buildings_area": 1453.2239091470838, "buildings_pc": 14.532239091449183, "road_area": 0.0, "road_pc": 0.0, "free_space_area": 3591.441504414659, "free_space_pc": 35.914415044093076, "railways_area": 0.0, "railways_pc": 0.0, "free_space_number": 3.0, "tree_number": 0.0 }, "geometry": { "type": "MultiPolygon", "coordinates": [ [ [ [ 1261893.896874761208892, 5543069.404702704399824 ], [ 1261993.896874761208892, 5543069.404702704399824 ], [ 1261993.896874761208892, 5542969.404702704399824 ], [ 1261893.896874761208892, 5542969.404702704399824 ], [ 1261893.896874761208892, 5543069.404702704399824 ] ] ] ] } },
{ "type": "Feature", "properties": { "id": 363, "left": 1261893.8968747612, "top": 5542969.4047027044, "right": 1261993.8968747612, "bottom": 5542869.4047027044, "row_index": 12, "col_index": 10, "green_area": 213.4766380963847, "green_pc": 2.1347663809606661, "buildings_area": 5057.0452046925202, "buildings_pc": 50.570452046849844, "road_area": 4323.0603092163801, "road_pc": 43.230603092099379, "free_space_area": 406.42509670322829, "free_space_pc": 4.0642509670262266, "railways_area": 0.0, "railways_pc": 0.0, "free_space_number": 5.0, "tree_number": 0.0 }, "geometry": { "type": "MultiPolygon", "coordinates": [ [ [ [ 1261893.896874761208892, 5542969.404702704399824 ], [ 1261993.896874761208892, 5542969.404702704399824 ], [ 1261993.896874761208892, 5542869.404702704399824 ], [ 1261893.896874761208892, 5542869.404702704399824 ], [ 1261893.896874761208892, 5542969.404702704399824 ] ] ] ] } },
{ "type": "Feature", "properties": { "id": 364, "left": 1261893.8968747612, "top": 5542869.4047027044, "right": 1261993.8968747612, "bottom": 5542769.4047027044, "row_index": 13, "col_index": 10, "green_area": 0.0, "green_pc": 0.0, "buildings_area": 6364.1543864948326, "buildings_pc": 63.641543864853496, "road_area": 2582.741957962513, "road_pc": 25.827419579586643, "free_space_area": 1053.3362761930237, "free_space_pc": 10.533362761914541, "railways_area": 0.0, "railways_pc": 0.0, "free_space_number": 10.0, "tree_number": 0.0 }, "geometry": { "type": "MultiPolygon", "coordinates": [ [ [ [ 1261893.896874761208892, 5542869.404702704399824 ], [ 1261993.896874761208892, 5542869.404702704399824 ], [ 1261993.896874761208892, 5542769.404702704399824 ], [ 1261893.896874761208892, 5542769.404702704399824 ], [ 1261893.896874761208892, 5542869.404702704399824 ] ] ] ] } },
{ "type": "Feature", "properties": { "id": 365, "left": 1261893.8968747612, "top": 5542769.4047027044, "right": 1261993.8968747612, "bottom": 5542669.4047027044, "row_index": 14, "col_index": 10, "green_area": 282.27956023439765, "green_pc": 2.8227956023397702, "buildings_area": 5735.7071921825409, "buildings_pc": 57.357071921739937, "road_area": 2711.0689188838005, "road_pc": 27.110689188797608, "free_space_area": 1271.0254761357044, "free_space_pc": 12.710254761338105, "railways_area": 0.0, "railways_pc": 0.0, "free_space_number": 10.0, "tree_number": 0.0 }, "geometry": { "type": "MultiPolygon", "coordinates": [ [ [ [ 1261893.896874761208892, 5542769.404702704399824 ], [ 1261993.896874761208892, 5542769.404702704399824 ], [ 1261993.896874761208892, 5542669.404702704399824 ], [ 1261893.896874761208892, 5542669.404702704399824 ], [ 1261893.896874761208892, 5542769.404702704399824 ] ] ] ] } },
{ "type": "Feature", "properties": { "id": 366, "left": 1261893.8968747612, "top": 5542669.4047027044, "right": 1261993.8968747612, "bottom": 5542569.4047027044, "row_index": 15, "col_index": 10, "green_area": 0.0, "green_pc": 0.0, "buildings_area": 7599.6600259933621, "buildings_pc": 75.996600259820383, "road_area": 474.69807207677513, "road_pc": 4.7469807207606776, "free_space_area": 1925.6419018470606, "free_space_pc": 19.256419018441914, "railways_area": 0.0, "railways_pc": 0.0, "free_space_number": 7.0, "tree_number": 0.0 }, "geometry": { "type": "MultiPolygon", "coordinates": [ [ [ [ 1261893.896874761208892, 5542669.404702704399824 ], [ 1261993.896874761208892, 5542669.404702704399824 ], [ 1261993.896874761208892, 5542569.404702704399824 ], [ 1261893.896874761208892, 5542569.404702704399824 ], [ 1261893.896874761208892, 5542669.404702704399824 ] ] ] ] } },
{ "type": "Feature", "properties": { "id": 367, "left": 1261893.8968747612, "top": 5542569.4047027044, "right": 1261993.8968747612, "bottom": 5542469.4047027044, "row_index": 16, "col_index": 10, "green_area": 0.0, "green_pc": 0.0, "buildings_area": 7411.0276276976801, "buildings_pc": 74.110276276866372, "road_area": 1238.258215201553, "road_pc": 12.382582151997077, "free_space_area": 1350.9736090926453, "free_space_pc": 13.509736090906323, "railways_area": 0.0, "railways_pc": 0.0, "free_space_number": 19.0, "tree_number": 0.0 }, "geometry": { "type": "MultiPolygon", "coordinates": [ [ [ [ 1261893.896874761208892, 5542569.404702704399824 ], [ 1261993.896874761208892, 5542569.404702704399824 ], [ 1261993.896874761208892, 5542469.404702704399824 ], [ 1261893.896874761208892, 5542469.404702704399824 ], [ 1261893.896874761208892, 5542569.404702704399824 ] ] ] ] } },
{ "type": "Feature", "properties": { "id": 368, "left": 1261893.8968747612, "top": 5542469.4047027044, "right": 1261993.8968747612, "bottom": 5542369.4047027044, "row_index": 17, "col_index": 10, "green_area": 793.71245811320841, "green_pc": 7.9371245811202567, "buildings_area": 5145.6251416984014, "buildings_pc": 51.456251416907335, "road_area": 3588.2402107771486, "road_pc": 35.882402107718015, "free_space_area": 472.50119946082123, "free_space_pc": 4.7250119946011715, "railways_area": 0.0, "railways_pc": 0.0, "free_space_number": 12.0, "tree_number": 8.0 }, "geometry": { "type": "MultiPolygon", "coordinates": [ [ [ [ 1261893.896874761208892, 5542469.404702704399824 ], [ 1261993.896874761208892, 5542469.404702704399824 ], [ 1261993.896874761208892, 5542369.404702704399824 ], [ 1261893.896874761208892, 5542369.404702704399824 ], [ 1261893.896874761208892, 5542469.404702704399824 ] ] ] ] } },
{ "type": "Feature", "properties": { "id": 369, "left": 1261893.8968747612, "top": 5542369.4047027044, "right": 1261993.8968747612, "bottom": 5542269.4047027044, "row_index": 18, "col_index": 10, "green_area": 3102.6639781044796, "green_pc": 31.026639780998561, "buildings_area": 3176.042333766818, "buildings_pc": 31.760423337620853, "road_area": 2933.1275738328695, "road_pc": 29.331275738284987, "free_space_area": 834.03434352661861, "free_space_pc": 8.3403434352537573, "railways_area": 0.0, "railways_pc": 0.0, "free_space_number": 9.0, "tree_number": 0.0 }, "geometry": { "type": "MultiPolygon", "coordinates": [ [ [ [ 1261893.896874761208892, 5542369.404702704399824 ], [ 1261993.896874761208892, 5542369.404702704399824 ], [ 1261993.896874761208892, 5542269.404702704399824 ], [ 1261893.896874761208892, 5542269.404702704399824 ], [ 1261893.896874761208892, 5542369.404702704399824 ] ] ] ] } },
{ "type": "Feature", "properties": { "id": 370, "left": 1261893.8968747612, "top": 5542269.4047027044, "right": 1261993.8968747612, "bottom": 5542169.4047027044, "row_index": 19, "col_index": 10, "green_area": 703.57298707216978, "green_pc": 7.0357298707112141, "buildings_area": 4288.8859028541483, "buildings_pc": 42.888859028477576, "road_area": 4333.8228726536036, "road_pc": 43.338228726471456, "free_space_area": 794.47687564645912, "free_space_pc": 7.9447687564527518, "railways_area": 0.0, "railways_pc": 0.0, "free_space_number": 7.0, "tree_number": 6.0 }, "geometry": { "type": "MultiPolygon", "coordinates": [ [ [ [ 1261893.896874761208892, 5542269.404702704399824 ], [ 1261993.896874761208892, 5542269.404702704399824 ], [ 1261993.896874761208892, 5542169.404702704399824 ], [ 1261893.896874761208892, 5542169.404702704399824 ], [ 1261893.896874761208892, 5542269.404702704399824 ] ] ] ] } },
{ "type": "Feature", "properties": { "id": 371, "left": 1261893.8968747612, "top": 5542169.4047027044, "right": 1261993.8968747612, "bottom": 5542069.4047027044, "row_index": 20, "col_index": 10, "green_area": 912.11876621097326, "green_pc": 9.1211876620961405, "buildings_area": 4495.4832156454213, "buildings_pc": 44.954832156387226, "road_area": 3677.8086924459785, "road_pc": 36.778086924404981, "free_space_area": 914.93146320788037, "free_space_pc": 9.1493146320651704, "railways_area": 0.0, "railways_pc": 0.0, "free_space_number": 10.0, "tree_number": 0.0 }, "geometry": { "type": "MultiPolygon", "coordinates": [ [ [ [ 1261893.896874761208892, 5542169.404702704399824 ], [ 1261993.896874761208892, 5542169.404702704399824 ], [ 1261993.896874761208892, 5542069.404702704399824 ], [ 1261893.896874761208892, 5542069.404702704399824 ], [ 1261893.896874761208892, 5542169.404702704399824 ] ] ] ] } },
{ "type": "Feature", "properties": { "id": 372, "left": 1261893.8968747612, "top": 5542069.4047027044, "right": 1261993.8968747612, "bottom": 5541969.4047027044, "row_index": 21, "col_index": 10, "green_area": 145.96515947766602, "green_pc": 1.4596515947744853, "buildings_area": 6881.2169021423906, "buildings_pc": 68.812169021321367, "road_area": 1271.1636713333428, "road_pc": 12.711636713314487, "free_space_area": 1701.7910686927687, "free_space_pc": 17.017910686902329, "railways_area": 0.0, "railways_pc": 0.0, "free_space_number": 16.0, "tree_number": 0.0 }, "geometry": { "type": "MultiPolygon", "coordinates": [ [ [ [ 1261893.896874761208892, 5542069.404702704399824 ], [ 1261993.896874761208892, 5542069.404702704399824 ], [ 1261993.896874761208892, 5541969.404702704399824 ], [ 1261893.896874761208892, 5541969.404702704399824 ], [ 1261893.896874761208892, 5542069.404702704399824 ] ] ] ] } },
{ "type": "Feature", "properties": { "id": 373, "left": 1261893.8968747612, "top": 5541969.4047027044, "right": 1261993.8968747612, "bottom": 5541869.4047027044, "row_index": 22, "col_index": 10, "green_area": 1457.9412422478199, "green_pc": 14.579412422456475, "buildings_area": 4178.9905828554183, "buildings_pc": 41.789905828491911, "road_area": 1333.2902871659026, "road_pc": 13.332902871639158, "free_space_area": 3029.8000341388615, "free_space_pc": 30.298000341343471, "railways_area": 0.0, "railways_pc": 0.0, "free_space_number": 15.0, "tree_number": 0.0 }, "geometry": { "type": "MultiPolygon", "coordinates": [ [ [ [ 1261893.896874761208892, 5541969.404702704399824 ], [ 1261993.896874761208892, 5541969.404702704399824 ], [ 1261993.896874761208892, 5541869.404702704399824 ], [ 1261893.896874761208892, 5541869.404702704399824 ], [ 1261893.896874761208892, 5541969.404702704399824 ] ] ] ] } },
{ "type": "Feature", "properties": { "id": 374, "left": 1261893.8968747612, "top": 5541869.4047027044, "right": 1261993.8968747612, "bottom": 5541769.4047027044, "row_index": 23, "col_index": 10, "green_area": 259.39670706144534, "green_pc": 2.5939670706105882, "buildings_area": 6351.6152033462422, "buildings_pc": 63.516152033367774, "road_area": 2152.4354240372777, "road_pc": 21.524354240340703, "free_space_area": 1237.2139933032988, "free_space_pc": 12.372139933014552, "railways_area": 0.0, "railways_pc": 0.0, "free_space_number": 26.0, "tree_number": 0.0 }, "geometry": { "type": "MultiPolygon", "coordinates": [ [ [ [ 1261893.896874761208892, 5541869.404702704399824 ], [ 1261993.896874761208892, 5541869.404702704399824 ], [ 1261993.896874761208892, 5541769.404702704399824 ], [ 1261893.896874761208892, 5541769.404702704399824 ], [ 1261893.896874761208892, 5541869.404702704399824 ] ] ] ] } },
{ "type": "Feature", "properties": { "id": 375, "left": 1261893.8968747612, "top": 5541769.4047027044, "right": 1261993.8968747612, "bottom": 5541669.4047027044, "row_index": 24, "col_index": 10, "green_area": 820.81738358549774, "green_pc": 8.2081738358427465, "buildings_area": 6642.273935025325, "buildings_pc": 66.422739350154274, "road_area": 917.14333415403962, "road_pc": 9.1714333415267291, "free_space_area": 1620.2916594298263, "free_space_pc": 16.202916594274118, "railways_area": 0.0, "railways_pc": 0.0, "free_space_number": 17.0, "tree_number": 0.0 }, "geometry": { "type": "MultiPolygon", "coordinates": [ [ [ [ 1261893.896874761208892, 5541769.404702704399824 ], [ 1261993.896874761208892, 5541769.404702704399824 ], [ 1261993.896874761208892, 5541669.404702704399824 ], [ 1261893.896874761208892, 5541669.404702704399824 ], [ 1261893.896874761208892, 5541769.404702704399824 ] ] ] ] } },
{ "type": "Feature", "properties": { "id": 376, "left": 1261893.8968747612, "top": 5541669.4047027044, "right": 1261993.8968747612, "bottom": 5541569.4047027044, "row_index": 25, "col_index": 10, "green_area": 470.69038021191955, "green_pc": 4.7069038021121816, "buildings_area": 5753.5583995833877, "buildings_pc": 57.535583995748141, "road_area": 3232.3456158712506, "road_pc": 32.323456158664342, "free_space_area": 545.31040929022129, "free_space_pc": 5.4531040928940868, "railways_area": 0.0, "railways_pc": 0.0, "free_space_number": 10.0, "tree_number": 0.0 }, "geometry": { "type": "MultiPolygon", "coordinates": [ [ [ [ 1261893.896874761208892, 5541669.404702704399824 ], [ 1261993.896874761208892, 5541669.404702704399824 ], [ 1261993.896874761208892, 5541569.404702704399824 ], [ 1261893.896874761208892, 5541569.404702704399824 ], [ 1261893.896874761208892, 5541669.404702704399824 ] ] ] ] } },
{ "type": "Feature", "properties": { "id": 377, "left": 1261893.8968747612, "top": 5541569.4047027044, "right": 1261993.8968747612, "bottom": 5541469.4047027044, "row_index": 26, "col_index": 10, "green_area": 1113.3766209045425, "green_pc": 11.133766209028835, "buildings_area": 5197.4889146592468, "buildings_pc": 51.974889146515018, "road_area": 2927.1575381830335, "road_pc": 29.271575381786718, "free_space_area": 818.0148785467909, "free_space_pc": 8.1801487854557191, "railways_area": 0.0, "railways_pc": 0.0, "free_space_number": 12.0, "tree_number": 0.0 }, "geometry": { "type": "MultiPolygon", "coordinates": [ [ [ [ 1261893.896874761208892, 5541569.404702704399824 ], [ 1261993.896874761208892, 5541569.404702704399824 ], [ 1261993.896874761208892, 5541469.404702704399824 ], [ 1261893.896874761208892, 5541469.404702704399824 ], [ 1261893.896874761208892, 5541569.404702704399824 ] ] ] ] } },
{ "type": "Feature", "properties": { "id": 378, "left": 1261893.8968747612, "top": 5541469.4047027044, "right": 1261993.8968747612, "bottom": 5541369.4047027044, "row_index": 27, "col_index": 10, "green_area": 1278.6824843045324, "green_pc": 12.78682484302627, "buildings_area": 6119.7506406456232, "buildings_pc": 61.197506406365044, "road_area": 2.5366523675620556, "road_pc": 0.025366523675582758, "free_space_area": 2599.4813185594976, "free_space_pc": 25.994813185556239, "railways_area": 0.0, "railways_pc": 0.0, "free_space_number": 5.0, "tree_number": 0.0 }, "geometry": { "type": "MultiPolygon", "coordinates": [ [ [ [ 1261893.896874761208892, 5541469.404702704399824 ], [ 1261993.896874761208892, 5541469.404702704399824 ], [ 1261993.896874761208892, 5541369.404702704399824 ], [ 1261893.896874761208892, 5541369.404702704399824 ], [ 1261893.896874761208892, 5541469.404702704399824 ] ] ] ] } },
{ "type": "Feature", "properties": { "id": 379, "left": 1261893.8968747612, "top": 5541369.4047027044, "right": 1261993.8968747612, "bottom": 5541269.4047027044, "row_index": 28, "col_index": 10, "green_area": 684.32673009787686, "green_pc": 6.8432673009685709, "buildings_area": 5312.5438968758099, "buildings_pc": 53.125438968678935, "road_area": 1145.4475158611313, "road_pc": 11.454475158594244, "free_space_area": 2860.9396471825412, "free_space_pc": 28.60939647178278, "railways_area": 0.0, "railways_pc": 0.0, "free_space_number": 11.0, "tree_number": 0.0 }, "geometry": { "type": "MultiPolygon", "coordinates": [ [ [ [ 1261893.896874761208892, 5541369.404702704399824 ], [ 1261993.896874761208892, 5541369.404702704399824 ], [ 1261993.896874761208892, 5541269.404702704399824 ], [ 1261893.896874761208892, 5541269.404702704399824 ], [ 1261893.896874761208892, 5541369.404702704399824 ] ] ] ] } },
{ "type": "Feature", "properties": { "id": 380, "left": 1261893.8968747612, "top": 5541269.4047027044, "right": 1261993.8968747612, "bottom": 5541169.4047027044, "row_index": 29, "col_index": 10, "green_area": 573.6894641276449, "green_pc": 12.401085911669156, "buildings_area": 1134.8931852029637, "buildings_pc": 24.532275334131615, "road_area": 1808.2169578429312, "road_pc": 39.087093703638189, "free_space_area": 1109.3587096780539, "free_space_pc": 23.980312565954712, "railways_area": 0.0, "railways_pc": 0.0, "free_space_number": 6.0, "tree_number": 0.0 }, "geometry": { "type": "MultiPolygon", "coordinates": [ [ [ [ 1261964.72879277379252, 5541212.016070837154984 ], [ 1261903.969944127602503, 5541244.488361531868577 ], [ 1261893.896874761208892, 5541249.998403863981366 ], [ 1261893.896874761208892, 5541269.404702704399824 ], [ 1261993.896874761208892, 5541269.404702704399824 ], [ 1261993.896874761208892, 5541196.341658115386963 ], [ 1261964.72879277379252, 5541212.016070837154984 ] ] ] ] } },
{ "type": "Feature", "properties": { "id": 388, "left": 1261993.8968747612, "top": 5543969.4047027044, "right": 1262093.8968747612, "bottom": 5543869.4047027044, "row_index": 2, "col_index": 11, "green_area": 69.982452246360481, "green_pc": 31.740483387162993, "buildings_area": 0.0, "buildings_pc": 0.0, "road_area": 150.50080691825133, "road_pc": 68.259516613206614, "free_space_area": 0.0, "free_space_pc": 0.0, "railways_area": 0.0, "railways_pc": 0.0, "free_space_number": 0.0, "tree_number": 0.0 }, "geometry": { "type": "MultiPolygon", "coordinates": [ [ [ [ 1262093.896874761208892, 5543887.023398735560477 ], [ 1262093.896874761208892, 5543869.404702704399824 ], [ 1262068.868545902194455, 5543869.404702704399824 ], [ 1262093.896874761208892, 5543887.023398735560477 ] ] ] ] } },
{ "type": "Feature", "properties": { "id": 389, "left": 1261993.8968747612, "top": 5543869.4047027044, "right": 1262093.8968747612, "bottom": 5543769.4047027044, "row_index": 3, "col_index": 11, "green_area": 4693.5656163394451, "green_pc": 58.511329541169673, "buildings_area": 0.40220916736871004, "buildings_pc": 0.0050140543586869642, "road_area": 3170.5688055455685, "road_pc": 39.525216302166811, "free_space_area": 157.10193123738281, "free_space_pc": 1.9584775459800217, "railways_area": 0.0, "railways_pc": 0.0, "free_space_number": 1.0, "tree_number": 0.0 }, "geometry": { "type": "MultiPolygon", "coordinates": [ [ [ [ 1262068.868545902194455, 5543869.404702704399824 ], [ 1262093.896874761208892, 5543869.404702704399824 ], [ 1262093.896874761208892, 5543769.404702704399824 ], [ 1261993.896874761208892, 5543769.404702704399824 ], [ 1261993.896874761208892, 5543816.628383030183613 ], [ 1262068.868545902194455, 5543869.404702704399824 ] ] ] ] } },
{ "type": "Feature", "properties": { "id": 390, "left": 1261993.8968747612, "top": 5543769.4047027044, "right": 1262093.8968747612, "bottom": 5543669.4047027044, "row_index": 4, "col_index": 11, "green_area": 1201.2488477984443, "green_pc": 12.012488477966544, "buildings_area": 5388.9101345431991, "buildings_pc": 53.88910134535169, "road_area": 1103.636220395565, "road_pc": 11.036362203939206, "free_space_area": 2307.1397292623296, "free_space_pc": 23.071397292588916, "railways_area": 0.0, "railways_pc": 0.0, "free_space_number": 4.0, "tree_number": 0.0 }, "geometry": { "type": "MultiPolygon", "coordinates": [ [ [ [ 1261993.896874761208892, 5543769.404702704399824 ], [ 1262093.896874761208892, 5543769.404702704399824 ], [ 1262093.896874761208892, 5543669.404702704399824 ], [ 1261993.896874761208892, 5543669.404702704399824 ], [ 1261993.896874761208892, 5543769.404702704399824 ] ] ] ] } },
{ "type": "Feature", "properties": { "id": 391, "left": 1261993.8968747612, "top": 5543669.4047027044, "right": 1262093.8968747612, "bottom": 5543569.4047027044, "row_index": 5, "col_index": 11, "green_area": 654.21707033738494, "green_pc": 6.5421707033641008, "buildings_area": 3402.770113363862, "buildings_pc": 34.027701133587918, "road_area": 2490.0433167349547, "road_pc": 24.900433167312443, "free_space_area": 3453.1393680842593, "free_space_pc": 34.53139368079114, "railways_area": 0.0, "railways_pc": 0.0, "free_space_number": 3.0, "tree_number": 2.0 }, "geometry": { "type": "MultiPolygon", "coordinates": [ [ [ [ 1261993.896874761208892, 5543669.404702704399824 ], [ 1262093.896874761208892, 5543669.404702704399824 ], [ 1262093.896874761208892, 5543569.404702704399824 ], [ 1261993.896874761208892, 5543569.404702704399824 ], [ 1261993.896874761208892, 5543669.404702704399824 ] ] ] ] } },
{ "type": "Feature", "properties": { "id": 392, "left": 1261993.8968747612, "top": 5543569.4047027044, "right": 1262093.8968747612, "bottom": 5543469.4047027044, "row_index": 6, "col_index": 11, "green_area": 1182.0756101720035, "green_pc": 11.82075610170242, "buildings_area": 4809.5887328609824, "buildings_pc": 48.095887328538154, "road_area": 3154.5154931247234, "road_pc": 31.54515493120023, "free_space_area": 976.58109049039194, "free_space_pc": 9.7658109048893671, "railways_area": 0.0, "railways_pc": 0.0, "free_space_number": 3.0, "tree_number": 0.0 }, "geometry": { "type": "MultiPolygon", "coordinates": [ [ [ [ 1261993.896874761208892, 5543569.404702704399824 ], [ 1262093.896874761208892, 5543569.404702704399824 ], [ 1262093.896874761208892, 5543469.404702704399824 ], [ 1261993.896874761208892, 5543469.404702704399824 ], [ 1261993.896874761208892, 5543569.404702704399824 ] ] ] ] } },
{ "type": "Feature", "properties": { "id": 393, "left": 1261993.8968747612, "top": 5543469.4047027044, "right": 1262093.8968747612, "bottom": 5543369.4047027044, "row_index": 7, "col_index": 11, "green_area": 3396.7840849645436, "green_pc": 33.967840849594822, "buildings_area": 2430.4990265034139, "buildings_pc": 24.304990264997922, "road_area": 1732.183536618948, "road_pc": 17.321835366163668, "free_space_area": 2442.3957607294433, "free_space_pc": 24.423957607258039, "railways_area": 0.0, "railways_pc": 0.0, "free_space_number": 6.0, "tree_number": 0.0 }, "geometry": { "type": "MultiPolygon", "coordinates": [ [ [ [ 1261993.896874761208892, 5543469.404702704399824 ], [ 1262093.896874761208892, 5543469.404702704399824 ], [ 1262093.896874761208892, 5543369.404702704399824 ], [ 1261993.896874761208892, 5543369.404702704399824 ], [ 1261993.896874761208892, 5543469.404702704399824 ] ] ] ] } },
{ "type": "Feature", "properties": { "id": 394, "left": 1261993.8968747612, "top": 5543369.4047027044, "right": 1262093.8968747612, "bottom": 5543269.4047027044, "row_index": 8, "col_index": 11, "green_area": 2894.6683267496992, "green_pc": 28.946683267453857, "buildings_area": 3830.4082177896053, "buildings_pc": 38.304082177838978, "road_area": 1564.170545771718, "road_pc": 15.641705457693872, "free_space_area": 1711.2509066602215, "free_space_pc": 17.112509066576717, "railways_area": 0.0, "railways_pc": 0.0, "free_space_number": 5.0, "tree_number": 0.0 }, "geometry": { "type": "MultiPolygon", "coordinates": [ [ [ [ 1261993.896874761208892, 5543369.404702704399824 ], [ 1262093.896874761208892, 5543369.404702704399824 ], [ 1262093.896874761208892, 5543269.404702704399824 ], [ 1261993.896874761208892, 5543269.404702704399824 ], [ 1261993.896874761208892, 5543369.404702704399824 ] ] ] ] } },
{ "type": "Feature", "properties": { "id": 395, "left": 1261993.8968747612, "top": 5543269.4047027044, "right": 1262093.8968747612, "bottom": 5543169.4047027044, "row_index": 9, "col_index": 11, "green_area": 3775.4096411420032, "green_pc": 37.754096411363776, "buildings_area": 3064.1743616638705, "buildings_pc": 30.641743616593047, "road_area": 1640.5725980550051, "road_pc": 16.405725980525606, "free_space_area": 1521.7396880825981, "free_space_pc": 15.217396880803307, "railways_area": 0.0, "railways_pc": 0.0, "free_space_number": 10.0, "tree_number": 0.0 }, "geometry": { "type": "MultiPolygon", "coordinates": [ [ [ [ 1261993.896874761208892, 5543269.404702704399824 ], [ 1262093.896874761208892, 5543269.404702704399824 ], [ 1262093.896874761208892, 5543169.404702704399824 ], [ 1261993.896874761208892, 5543169.404702704399824 ], [ 1261993.896874761208892, 5543269.404702704399824 ] ] ] ] } },
{ "type": "Feature", "properties": { "id": 396, "left": 1261993.8968747612, "top": 5543169.4047027044, "right": 1262093.8968747612, "bottom": 5543069.4047027044, "row_index": 10, "col_index": 11, "green_area": 7828.2004915960133, "green_pc": 78.282004915843487, "buildings_area": 1305.7626122077927, "buildings_pc": 13.057626122058469, "road_area": 571.16760247573256, "road_pc": 5.7116760247488143, "free_space_area": 420.38223835080862, "free_space_pc": 4.203822383501822, "railways_area": 0.0, "railways_pc": 0.0, "free_space_number": 8.0, "tree_number": 0.0 }, "geometry": { "type": "MultiPolygon", "coordinates": [ [ [ [ 1261993.896874761208892, 5543169.404702704399824 ], [ 1262093.896874761208892, 5543169.404702704399824 ], [ 1262093.896874761208892, 5543069.404702704399824 ], [ 1261993.896874761208892, 5543069.404702704399824 ], [ 1261993.896874761208892, 5543169.404702704399824 ] ] ] ] } },
{ "type": "Feature", "properties": { "id": 397, "left": 1261993.8968747612, "top": 5543069.4047027044, "right": 1262093.8968747612, "bottom": 5542969.4047027044, "row_index": 11, "col_index": 11, "green_area": 5965.5600723437965, "green_pc": 59.655600723349075, "buildings_area": 1783.3415251877159, "buildings_pc": 17.833415251850585, "road_area": 1195.0777638293803, "road_pc": 11.950777638275994, "free_space_area": 1231.1749504178297, "free_space_pc": 12.31174950415995, "railways_area": 0.0, "railways_pc": 0.0, "free_space_number": 3.0, "tree_number": 0.0 }, "geometry": { "type": "MultiPolygon", "coordinates": [ [ [ [ 1261993.896874761208892, 5543069.404702704399824 ], [ 1262093.896874761208892, 5543069.404702704399824 ], [ 1262093.896874761208892, 5542969.404702704399824 ], [ 1261993.896874761208892, 5542969.404702704399824 ], [ 1261993.896874761208892, 5543069.404702704399824 ] ] ] ] } },
{ "type": "Feature", "properties": { "id": 398, "left": 1261993.8968747612, "top": 5542969.4047027044, "right": 1262093.8968747612, "bottom": 5542869.4047027044, "row_index": 12, "col_index": 11, "green_area": 1368.6982588768005, "green_pc": 13.686982588747609, "buildings_area": 4280.1090871852357, "buildings_pc": 42.801090871788581, "road_area": 2843.7104285955429, "road_pc": 28.437104285913055, "free_space_area": 1598.1253159815963, "free_space_pc": 15.98125315979215, "railways_area": 0.0, "railways_pc": 0.0, "free_space_number": 5.0, "tree_number": 0.0 }, "geometry": { "type": "MultiPolygon", "coordinates": [ [ [ [ 1261993.896874761208892, 5542969.404702704399824 ], [ 1262093.896874761208892, 5542969.404702704399824 ], [ 1262093.896874761208892, 5542869.404702704399824 ], [ 1261993.896874761208892, 5542869.404702704399824 ], [ 1261993.896874761208892, 5542969.404702704399824 ] ] ] ] } },
{ "type": "Feature", "properties": { "id": 399, "left": 1261993.8968747612, "top": 5542869.4047027044, "right": 1262093.8968747612, "bottom": 5542769.4047027044, "row_index": 13, "col_index": 11, "green_area": 772.0658344674157, "green_pc": 7.7206583446626524, "buildings_area": 5918.1291175988736, "buildings_pc": 59.181291175900547, "road_area": 1621.2392966002226, "road_pc": 16.212392965978069, "free_space_area": 1689.3444399388775, "free_space_pc": 16.893444399363602, "railways_area": 0.0, "railways_pc": 0.0, "free_space_number": 8.0, "tree_number": 0.0 }, "geometry": { "type": "MultiPolygon", "coordinates": [ [ [ [ 1261993.896874761208892, 5542869.404702704399824 ], [ 1262093.896874761208892, 5542869.404702704399824 ], [ 1262093.896874761208892, 5542769.404702704399824 ], [ 1261993.896874761208892, 5542769.404702704399824 ], [ 1261993.896874761208892, 5542869.404702704399824 ] ] ] ] } },
{ "type": "Feature", "properties": { "id": 400, "left": 1261993.8968747612, "top": 5542769.4047027044, "right": 1262093.8968747612, "bottom": 5542669.4047027044, "row_index": 14, "col_index": 11, "green_area": 0.0, "green_pc": 0.0, "buildings_area": 8388.8592039803043, "buildings_pc": 83.888592039678045, "road_area": 1496.1425895541906, "road_pc": 14.961425895519612, "free_space_area": 115.01385867642603, "free_space_pc": 1.1501385867625464, "railways_area": 0.0, "railways_pc": 0.0, "free_space_number": 5.0, "tree_number": 0.0 }, "geometry": { "type": "MultiPolygon", "coordinates": [ [ [ [ 1261993.896874761208892, 5542769.404702704399824 ], [ 1262093.896874761208892, 5542769.404702704399824 ], [ 1262093.896874761208892, 5542669.404702704399824 ], [ 1261993.896874761208892, 5542669.404702704399824 ], [ 1261993.896874761208892, 5542769.404702704399824 ] ] ] ] } },
{ "type": "Feature", "properties": { "id": 401, "left": 1261993.8968747612, "top": 5542669.4047027044, "right": 1262093.8968747612, "bottom": 5542569.4047027044, "row_index": 15, "col_index": 11, "green_area": 0.0, "green_pc": 0.0, "buildings_area": 4469.4109304994345, "buildings_pc": 44.694109304927743, "road_area": 2800.9194941073656, "road_pc": 28.009194941031918, "free_space_area": 144.71534810434969, "free_space_pc": 1.4471534810413405, "railways_area": 0.0, "railways_pc": 0.0, "free_space_number": 3.0, "tree_number": 0.0 }, "geometry": { "type": "MultiPolygon", "coordinates": [ [ [ [ 1261993.896874761208892, 5542669.404702704399824 ], [ 1262093.896874761208892, 5542669.404702704399824 ], [ 1262093.896874761208892, 5542569.404702704399824 ], [ 1261993.896874761208892, 5542569.404702704399824 ], [ 1261993.896874761208892, 5542669.404702704399824 ] ] ] ] } },
{ "type": "Feature", "properties": { "id": 402, "left": 1261993.8968747612, "top": 5542569.4047027044, "right": 1262093.8968747612, "bottom": 5542469.4047027044, "row_index": 16, "col_index": 11, "green_area": 0.0, "green_pc": 0.0, "buildings_area": 4701.3388183815405, "buildings_pc": 47.013388183745349, "road_area": 4503.5095174144953, "road_pc": 45.035095174077846, "free_space_area": 220.30075123906136, "free_space_pc": 2.2030075123873307, "railways_area": 0.0, "railways_pc": 0.0, "free_space_number": 6.0, "tree_number": 0.0 }, "geometry": { "type": "MultiPolygon", "coordinates": [ [ [ [ 1261993.896874761208892, 5542569.404702704399824 ], [ 1262093.896874761208892, 5542569.404702704399824 ], [ 1262093.896874761208892, 5542469.404702704399824 ], [ 1261993.896874761208892, 5542469.404702704399824 ], [ 1261993.896874761208892, 5542569.404702704399824 ] ] ] ] } },
{ "type": "Feature", "properties": { "id": 403, "left": 1261993.8968747612, "top": 5542469.4047027044, "right": 1262093.8968747612, "bottom": 5542369.4047027044, "row_index": 17, "col_index": 11, "green_area": 0.0, "green_pc": 0.0, "buildings_area": 6127.1792814861983, "buildings_pc": 61.271792814770684, "road_area": 3406.4516440578736, "road_pc": 34.064516440527974, "free_space_area": 466.36907443590462, "free_space_pc": 4.6636907443520972, "railways_area": 0.0, "railways_pc": 0.0, "free_space_number": 4.0, "tree_number": 0.0 }, "geometry": { "type": "MultiPolygon", "coordinates": [ [ [ [ 1261993.896874761208892, 5542469.404702704399824 ], [ 1262093.896874761208892, 5542469.404702704399824 ], [ 1262093.896874761208892, 5542369.404702704399824 ], [ 1261993.896874761208892, 5542369.404702704399824 ], [ 1261993.896874761208892, 5542469.404702704399824 ] ] ] ] } },
{ "type": "Feature", "properties": { "id": 404, "left": 1261993.8968747612, "top": 5542369.4047027044, "right": 1262093.8968747612, "bottom": 5542269.4047027044, "row_index": 18, "col_index": 11, "green_area": 1033.1037119235843, "green_pc": 10.331037119220449, "buildings_area": 6780.0628787504975, "buildings_pc": 67.800628787403937, "road_area": 1239.9367559407838, "road_pc": 12.399367559389361, "free_space_area": 947.96904708881095, "free_space_pc": 9.4796904708739831, "railways_area": 0.0, "railways_pc": 0.0, "free_space_number": 14.0, "tree_number": 0.0 }, "geometry": { "type": "MultiPolygon", "coordinates": [ [ [ [ 1261993.896874761208892, 5542369.404702704399824 ], [ 1262093.896874761208892, 5542369.404702704399824 ], [ 1262093.896874761208892, 5542269.404702704399824 ], [ 1261993.896874761208892, 5542269.404702704399824 ], [ 1261993.896874761208892, 5542369.404702704399824 ] ] ] ] } },
{ "type": "Feature", "properties": { "id": 405, "left": 1261993.8968747612, "top": 5542269.4047027044, "right": 1262093.8968747612, "bottom": 5542169.4047027044, "row_index": 19, "col_index": 11, "green_area": 392.56720586121082, "green_pc": 3.9256720586062586, "buildings_area": 6908.7898161931662, "buildings_pc": 69.087898161828718, "road_area": 1974.923228379339, "road_pc": 19.749232283763963, "free_space_area": 724.07221983188776, "free_space_pc": 7.2407221983080881, "railways_area": 0.0, "railways_pc": 0.0, "free_space_number": 23.0, "tree_number": 0.0 }, "geometry": { "type": "MultiPolygon", "coordinates": [ [ [ [ 1261993.896874761208892, 5542269.404702704399824 ], [ 1262093.896874761208892, 5542269.404702704399824 ], [ 1262093.896874761208892, 5542169.404702704399824 ], [ 1261993.896874761208892, 5542169.404702704399824 ], [ 1261993.896874761208892, 5542269.404702704399824 ] ] ] ] } },
{ "type": "Feature", "properties": { "id": 406, "left": 1261993.8968747612, "top": 5542169.4047027044, "right": 1262093.8968747612, "bottom": 5542069.4047027044, "row_index": 20, "col_index": 11, "green_area": 925.03592318901792, "green_pc": 9.250359231876395, "buildings_area": 6485.1178405098617, "buildings_pc": 64.851178405001988, "road_area": 1101.7561862822622, "road_pc": 11.017561862806204, "free_space_area": 1489.480352241435, "free_space_pc": 14.894803522392156, "railways_area": 0.0, "railways_pc": 0.0, "free_space_number": 13.0, "tree_number": 0.0 }, "geometry": { "type": "MultiPolygon", "coordinates": [ [ [ [ 1261993.896874761208892, 5542169.404702704399824 ], [ 1262093.896874761208892, 5542169.404702704399824 ], [ 1262093.896874761208892, 5542069.404702704399824 ], [ 1261993.896874761208892, 5542069.404702704399824 ], [ 1261993.896874761208892, 5542169.404702704399824 ] ] ] ] } },
{ "type": "Feature", "properties": { "id": 407, "left": 1261993.8968747612, "top": 5542069.4047027044, "right": 1262093.8968747612, "bottom": 5541969.4047027044, "row_index": 21, "col_index": 11, "green_area": 186.57405260484666, "green_pc": 1.8657405260456863, "buildings_area": 6669.0304383266484, "buildings_pc": 66.690304383167103, "road_area": 2644.0402526073158, "road_pc": 26.440402526033758, "free_space_area": 608.93765157145083, "free_space_pc": 6.0893765157054345, "railways_area": 0.0, "railways_pc": 0.0, "free_space_number": 19.0, "tree_number": 0.0 }, "geometry": { "type": "MultiPolygon", "coordinates": [ [ [ [ 1261993.896874761208892, 5542069.404702704399824 ], [ 1262093.896874761208892, 5542069.404702704399824 ], [ 1262093.896874761208892, 5541969.404702704399824 ], [ 1261993.896874761208892, 5541969.404702704399824 ], [ 1261993.896874761208892, 5542069.404702704399824 ] ] ] ] } },
{ "type": "Feature", "properties": { "id": 408, "left": 1261993.8968747612, "top": 5541969.4047027044, "right": 1262093.8968747612, "bottom": 5541869.4047027044, "row_index": 22, "col_index": 11, "green_area": 1510.3422928503715, "green_pc": 15.103422928481208, "buildings_area": 6463.5396923911758, "buildings_pc": 64.635396923815449, "road_area": 659.22809812426567, "road_pc": 6.5922809812328333, "free_space_area": 1368.0638225885821, "free_space_pc": 13.680638225865435, "railways_area": 0.0, "railways_pc": 0.0, "free_space_number": 21.0, "tree_number": 0.0 }, "geometry": { "type": "MultiPolygon", "coordinates": [ [ [ [ 1261993.896874761208892, 5541969.404702704399824 ], [ 1262093.896874761208892, 5541969.404702704399824 ], [ 1262093.896874761208892, 5541869.404702704399824 ], [ 1261993.896874761208892, 5541869.404702704399824 ], [ 1261993.896874761208892, 5541969.404702704399824 ] ] ] ] } },
{ "type": "Feature", "properties": { "id": 409, "left": 1261993.8968747612, "top": 5541869.4047027044, "right": 1262093.8968747612, "bottom": 5541769.4047027044, "row_index": 23, "col_index": 11, "green_area": 1364.9179797833785, "green_pc": 13.649179797813446, "buildings_area": 4678.8550246534869, "buildings_pc": 46.788550246465149, "road_area": 911.81866606557742, "road_pc": 9.1181866606421877, "free_space_area": 3045.0204901466991, "free_space_pc": 30.450204901421614, "railways_area": 0.0, "railways_pc": 0.0, "free_space_number": 13.0, "tree_number": 0.0 }, "geometry": { "type": "MultiPolygon", "coordinates": [ [ [ [ 1261993.896874761208892, 5541869.404702704399824 ], [ 1262093.896874761208892, 5541869.404702704399824 ], [ 1262093.896874761208892, 5541769.404702704399824 ], [ 1261993.896874761208892, 5541769.404702704399824 ], [ 1261993.896874761208892, 5541869.404702704399824 ] ] ] ] } },
{ "type": "Feature", "properties": { "id": 410, "left": 1261993.8968747612, "top": 5541769.4047027044, "right": 1262093.8968747612, "bottom": 5541669.4047027044, "row_index": 24, "col_index": 11, "green_area": 369.15098394453526, "green_pc": 3.6915098394398518, "buildings_area": 5520.0922794649377, "buildings_pc": 55.20092279456712, "road_area": 681.33565357327461, "road_pc": 6.8133565357225931, "free_space_area": 3429.938440549668, "free_space_pc": 34.299384405445572, "railways_area": 0.0, "railways_pc": 0.0, "free_space_number": 10.0, "tree_number": 0.0 }, "geometry": { "type": "MultiPolygon", "coordinates": [ [ [ [ 1261993.896874761208892, 5541769.404702704399824 ], [ 1262093.896874761208892, 5541769.404702704399824 ], [ 1262093.896874761208892, 5541669.404702704399824 ], [ 1261993.896874761208892, 5541669.404702704399824 ], [ 1261993.896874761208892, 5541769.404702704399824 ] ] ] ] } },
{ "type": "Feature", "properties": { "id": 411, "left": 1261993.8968747612, "top": 5541669.4047027044, "right": 1262093.8968747612, "bottom": 5541569.4047027044, "row_index": 25, "col_index": 11, "green_area": 256.03131105192006, "green_pc": 2.5603131105153856, "buildings_area": 6313.7859510637354, "buildings_pc": 63.137859510543272, "road_area": 2346.0304374042898, "road_pc": 23.46030437400794, "free_space_area": 1084.5991585654538, "free_space_pc": 10.845991585638377, "railways_area": 0.0, "railways_pc": 0.0, "free_space_number": 10.0, "tree_number": 0.0 }, "geometry": { "type": "MultiPolygon", "coordinates": [ [ [ [ 1261993.896874761208892, 5541669.404702704399824 ], [ 1262093.896874761208892, 5541669.404702704399824 ], [ 1262093.896874761208892, 5541569.404702704399824 ], [ 1261993.896874761208892, 5541569.404702704399824 ], [ 1261993.896874761208892, 5541669.404702704399824 ] ] ] ] } },
{ "type": "Feature", "properties": { "id": 412, "left": 1261993.8968747612, "top": 5541569.4047027044, "right": 1262093.8968747612, "bottom": 5541469.4047027044, "row_index": 26, "col_index": 11, "green_area": 287.21257590502501, "green_pc": 2.8721257590459701, "buildings_area": 6623.0888263381785, "buildings_pc": 66.230888263283092, "road_area": 1714.8181648523241, "road_pc": 17.148181648497687, "free_space_area": 1375.3186390801982, "free_space_pc": 13.753186390781488, "railways_area": 0.0, "railways_pc": 0.0, "free_space_number": 21.0, "tree_number": 0.0 }, "geometry": { "type": "MultiPolygon", "coordinates": [ [ [ [ 1261993.896874761208892, 5541569.404702704399824 ], [ 1262093.896874761208892, 5541569.404702704399824 ], [ 1262093.896874761208892, 5541469.404702704399824 ], [ 1261993.896874761208892, 5541469.404702704399824 ], [ 1261993.896874761208892, 5541569.404702704399824 ] ] ] ] } },
{ "type": "Feature", "properties": { "id": 413, "left": 1261993.8968747612, "top": 5541469.4047027044, "right": 1262093.8968747612, "bottom": 5541369.4047027044, "row_index": 27, "col_index": 11, "green_area": 40.158632908016443, "green_pc": 0.40158632907956604, "buildings_area": 3198.9100608360022, "buildings_pc": 31.989100608312356, "road_area": 1157.7012999281287, "road_pc": 11.577012999264037, "free_space_area": 5603.2662229547723, "free_space_pc": 56.032662229464222, "railways_area": 0.0, "railways_pc": 0.0, "free_space_number": 6.0, "tree_number": 0.0 }, "geometry": { "type": "MultiPolygon", "coordinates": [ [ [ [ 1261993.896874761208892, 5541469.404702704399824 ], [ 1262093.896874761208892, 5541469.404702704399824 ], [ 1262093.896874761208892, 5541369.404702704399824 ], [ 1261993.896874761208892, 5541369.404702704399824 ], [ 1261993.896874761208892, 5541469.404702704399824 ] ] ] ] } },
{ "type": "Feature", "properties": { "id": 414, "left": 1261993.8968747612, "top": 5541369.4047027044, "right": 1262093.8968747612, "bottom": 5541269.4047027044, "row_index": 28, "col_index": 11, "green_area": 965.5546211337205, "green_pc": 9.6555462113228163, "buildings_area": 4074.5017688083462, "buildings_pc": 40.745017688022749, "road_area": 1321.727254264988, "road_pc": 13.217272542630186, "free_space_area": 3639.4863970608303, "free_space_pc": 36.39486397055407, "railways_area": 0.0, "railways_pc": 0.0, "free_space_number": 10.0, "tree_number": 0.0 }, "geometry": { "type": "MultiPolygon", "coordinates": [ [ [ [ 1261993.896874761208892, 5541369.404702704399824 ], [ 1262093.896874761208892, 5541369.404702704399824 ], [ 1262093.896874761208892, 5541269.404702704399824 ], [ 1261993.896874761208892, 5541269.404702704399824 ], [ 1261993.896874761208892, 5541369.404702704399824 ] ] ] ] } },
{ "type": "Feature", "properties": { "id": 415, "left": 1261993.8968747612, "top": 5541269.4047027044, "right": 1262093.8968747612, "bottom": 5541169.4047027044, "row_index": 29, "col_index": 11, "green_area": 1442.2095294808969, "green_pc": 15.46795380958142, "buildings_area": 3127.3701357683167, "buildings_pc": 33.541601145112558, "road_area": 1671.9581518545747, "road_pc": 17.932048662685137, "free_space_area": 3083.8068804490977, "free_space_pc": 33.074377480798525, "railways_area": 0.0, "railways_pc": 0.0, "free_space_number": 6.0, "tree_number": 0.0 }, "geometry": { "type": "MultiPolygon", "coordinates": [ [ [ [ 1262026.173006193246692, 5541178.997034449130297 ], [ 1261993.896874761208892, 5541196.341658115386963 ], [ 1261993.896874761208892, 5541269.404702704399824 ], [ 1262093.896874761208892, 5541269.404702704399824 ], [ 1262093.896874761208892, 5541169.404702704399824 ], [ 1262044.23604287696071, 5541169.404702704399824 ], [ 1262026.173006193246692, 5541178.997034449130297 ] ] ] ] } },
{ "type": "Feature", "properties": { "id": 416, "left": 1261993.8968747612, "top": 5541169.4047027044, "right": 1262093.8968747612, "bottom": 5541069.4047027044, "row_index": 30, "col_index": 11, "green_area": 144.14420213224366, "green_pc": 21.613810101381578, "buildings_area": 0.0, "buildings_pc": 0.0, "road_area": 499.837023797445, "road_pc": 74.948436039669957, "free_space_area": 22.927511377260089, "free_space_pc": 3.437882826190449, "railways_area": 0.0, "railways_pc": 0.0, "free_space_number": 1.0, "tree_number": 0.0 }, "geometry": { "type": "MultiPolygon", "coordinates": [ [ [ [ 1262078.137458776589483, 5541151.077945218421519 ], [ 1262075.503179837018251, 5541152.517574029974639 ], [ 1262066.504324028501287, 5541157.382055603899062 ], [ 1262045.04856399144046, 5541168.973215340636671 ], [ 1262044.23604287696071, 5541169.404702704399824 ], [ 1262093.896874761208892, 5541169.404702704399824 ], [ 1262093.896874761208892, 5541142.467464390210807 ], [ 1262078.137458776589483, 5541151.077945218421519 ] ] ] ] } },
{ "type": "Feature", "properties": { "id": 423, "left": 1262093.8968747612, "top": 5543969.4047027044, "right": 1262193.8968747612, "bottom": 5543869.4047027044, "row_index": 2, "col_index": 12, "green_area": 1613.1460444483673, "green_pc": 30.408919503433253, "buildings_area": 26.384689018130302, "buildings_pc": 0.49736965058846178, "road_area": 926.41494482658163, "road_pc": 17.463562943330746, "free_space_area": 1011.2797665074468, "free_space_pc": 19.063323572597962, "railways_area": 0.0, "railways_pc": 0.0, "free_space_number": 1.0, "tree_number": 0.0 }, "geometry": { "type": "MultiPolygon", "coordinates": [ [ [ [ 1262104.763730936450884, 5543894.673123846761882 ], [ 1262116.049377369694412, 5543901.449431815184653 ], [ 1262184.446013683453202, 5543952.33269125316292 ], [ 1262189.893879636423662, 5543956.370696266181767 ], [ 1262193.896874761208892, 5543959.186141611076891 ], [ 1262193.896874761208892, 5543869.404702704399824 ], [ 1262093.896874761208892, 5543869.404702704399824 ], [ 1262093.896874761208892, 5543887.023398735560477 ], [ 1262104.763730936450884, 5543894.673123846761882 ] ] ] ] } },
{ "type": "Feature", "properties": { "id": 424, "left": 1262093.8968747612, "top": 5543869.4047027044, "right": 1262193.8968747612, "bottom": 5543769.4047027044, "row_index": 3, "col_index": 12, "green_area": 7894.0149051304907, "green_pc": 78.940149051187277, "buildings_area": 223.587582282722, "buildings_pc": 2.2358758228238882, "road_area": 1477.0685371831059, "road_pc": 14.77068537180905, "free_space_area": 405.3295841217041, "free_space_pc": 4.0532958412110007, "railways_area": 0.0, "railways_pc": 0.0, "free_space_number": 3.0, "tree_number": 0.0 }, "geometry": { "type": "MultiPolygon", "coordinates": [ [ [ [ 1262093.896874761208892, 5543869.404702704399824 ], [ 1262193.896874761208892, 5543869.404702704399824 ], [ 1262193.896874761208892, 5543769.404702704399824 ], [ 1262093.896874761208892, 5543769.404702704399824 ], [ 1262093.896874761208892, 5543869.404702704399824 ] ] ] ] } },
{ "type": "Feature", "properties": { "id": 425, "left": 1262093.8968747612, "top": 5543769.4047027044, "right": 1262193.8968747612, "bottom": 5543669.4047027044, "row_index": 4, "col_index": 12, "green_area": 917.27926689386368, "green_pc": 9.1727926689249681, "buildings_area": 3154.9862142503262, "buildings_pc": 31.549862142456249, "road_area": 3982.7500277273357, "road_pc": 39.827500277214007, "free_space_area": 1945.5202339794953, "free_space_pc": 19.455202339765961, "railways_area": 0.0, "railways_pc": 0.0, "free_space_number": 8.0, "tree_number": 0.0 }, "geometry": { "type": "MultiPolygon", "coordinates": [ [ [ [ 1262093.896874761208892, 5543769.404702704399824 ], [ 1262193.896874761208892, 5543769.404702704399824 ], [ 1262193.896874761208892, 5543669.404702704399824 ], [ 1262093.896874761208892, 5543669.404702704399824 ], [ 1262093.896874761208892, 5543769.404702704399824 ] ] ] ] } },
{ "type": "Feature", "properties": { "id": 426, "left": 1262093.8968747612, "top": 5543669.4047027044, "right": 1262193.8968747612, "bottom": 5543569.4047027044, "row_index": 5, "col_index": 12, "green_area": 1003.2608339637518, "green_pc": 10.032608339622568, "buildings_area": 5590.2769779842347, "buildings_pc": 55.902769779759048, "road_area": 2404.3164125531912, "road_pc": 24.043164125496084, "free_space_area": 1011.9395013331887, "free_space_pc": 10.119395013316808, "railways_area": 0.0, "railways_pc": 0.0, "free_space_number": 8.0, "tree_number": 0.0 }, "geometry": { "type": "MultiPolygon", "coordinates": [ [ [ [ 1262093.896874761208892, 5543669.404702704399824 ], [ 1262193.896874761208892, 5543669.404702704399824 ], [ 1262193.896874761208892, 5543569.404702704399824 ], [ 1262093.896874761208892, 5543569.404702704399824 ], [ 1262093.896874761208892, 5543669.404702704399824 ] ] ] ] } },
{ "type": "Feature", "properties": { "id": 427, "left": 1262093.8968747612, "top": 5543569.4047027044, "right": 1262193.8968747612, "bottom": 5543469.4047027044, "row_index": 6, "col_index": 12, "green_area": 0.0, "green_pc": 0.0, "buildings_area": 5008.1199065372348, "buildings_pc": 50.081199065297724, "road_area": 3318.4622099846601, "road_pc": 33.184622099797153, "free_space_area": 1673.9571177377366, "free_space_pc": 16.739571177352421, "railways_area": 0.0, "railways_pc": 0.0, "free_space_number": 4.0, "tree_number": 0.0 }, "geometry": { "type": "MultiPolygon", "coordinates": [ [ [ [ 1262093.896874761208892, 5543569.404702704399824 ], [ 1262193.896874761208892, 5543569.404702704399824 ], [ 1262193.896874761208892, 5543469.404702704399824 ], [ 1262093.896874761208892, 5543469.404702704399824 ], [ 1262093.896874761208892, 5543569.404702704399824 ] ] ] ] } },
{ "type": "Feature", "properties": { "id": 428, "left": 1262093.8968747612, "top": 5543469.4047027044, "right": 1262193.8968747612, "bottom": 5543369.4047027044, "row_index": 7, "col_index": 12, "green_area": 314.06501226406544, "green_pc": 3.1406501226359747, "buildings_area": 4424.7997006811202, "buildings_pc": 44.247997006745265, "road_area": 1912.6983586400747, "road_pc": 19.126983586372244, "free_space_area": 3348.4963806690457, "free_space_pc": 33.484963806640557, "railways_area": 0.0, "railways_pc": 0.0, "free_space_number": 6.0, "tree_number": 0.0 }, "geometry": { "type": "MultiPolygon", "coordinates": [ [ [ [ 1262093.896874761208892, 5543469.404702704399824 ], [ 1262193.896874761208892, 5543469.404702704399824 ], [ 1262193.896874761208892, 5543369.404702704399824 ], [ 1262093.896874761208892, 5543369.404702704399824 ], [ 1262093.896874761208892, 5543469.404702704399824 ] ] ] ] } },
{ "type": "Feature", "properties": { "id": 429, "left": 1262093.8968747612, "top": 5543369.4047027044, "right": 1262193.8968747612, "bottom": 5543269.4047027044, "row_index": 8, "col_index": 12, "green_area": 5456.2763328845613, "green_pc": 54.562763328764305, "buildings_area": 939.27516411803663, "buildings_pc": 9.3927516411663703, "road_area": 0.0, "road_pc": 0.0, "free_space_area": 3604.6221247243384, "free_space_pc": 36.046221247189671, "railways_area": 0.0, "railways_pc": 0.0, "free_space_number": 6.0, "tree_number": 0.0 }, "geometry": { "type": "MultiPolygon", "coordinates": [ [ [ [ 1262093.896874761208892, 5543369.404702704399824 ], [ 1262193.896874761208892, 5543369.404702704399824 ], [ 1262193.896874761208892, 5543269.404702704399824 ], [ 1262093.896874761208892, 5543269.404702704399824 ], [ 1262093.896874761208892, 5543369.404702704399824 ] ] ] ] } },
{ "type": "Feature", "properties": { "id": 430, "left": 1262093.8968747612, "top": 5543269.4047027044, "right": 1262193.8968747612, "bottom": 5543169.4047027044, "row_index": 9, "col_index": 12, "green_area": 1618.7805280112661, "green_pc": 16.18780528008854, "buildings_area": 4475.9344696206972, "buildings_pc": 44.759344696140275, "road_area": 1254.6812802741188, "road_pc": 12.546812802722492, "free_space_area": 1274.9719678862964, "free_space_pc": 12.749719678843965, "railways_area": 0.0, "railways_pc": 0.0, "free_space_number": 12.0, "tree_number": 0.0 }, "geometry": { "type": "MultiPolygon", "coordinates": [ [ [ [ 1262093.896874761208892, 5543269.404702704399824 ], [ 1262193.896874761208892, 5543269.404702704399824 ], [ 1262193.896874761208892, 5543169.404702704399824 ], [ 1262093.896874761208892, 5543169.404702704399824 ], [ 1262093.896874761208892, 5543269.404702704399824 ] ] ] ] } },
{ "type": "Feature", "properties": { "id": 431, "left": 1262093.8968747612, "top": 5543169.4047027044, "right": 1262193.8968747612, "bottom": 5543069.4047027044, "row_index": 10, "col_index": 12, "green_area": 589.13426571339369, "green_pc": 5.8913426571251577, "buildings_area": 5223.6983949355781, "buildings_pc": 52.236983949277942, "road_area": 1444.0046177431941, "road_pc": 14.440046177410423, "free_space_area": 709.68254122417011, "free_space_pc": 7.0968254122311265, "railways_area": 0.0, "railways_pc": 0.0, "free_space_number": 10.0, "tree_number": 0.0 }, "geometry": { "type": "MultiPolygon", "coordinates": [ [ [ [ 1262093.896874761208892, 5543169.404702704399824 ], [ 1262193.896874761208892, 5543169.404702704399824 ], [ 1262193.896874761208892, 5543069.404702704399824 ], [ 1262093.896874761208892, 5543069.404702704399824 ], [ 1262093.896874761208892, 5543169.404702704399824 ] ] ] ] } },
{ "type": "Feature", "properties": { "id": 432, "left": 1262093.8968747612, "top": 5543069.4047027044, "right": 1262193.8968747612, "bottom": 5542969.4047027044, "row_index": 11, "col_index": 12, "green_area": 476.02785046957433, "green_pc": 4.7602785046886495, "buildings_area": 4456.9580047484487, "buildings_pc": 44.569580047418071, "road_area": 3873.3781034201384, "road_pc": 38.733781034143668, "free_space_area": 1193.863829505176, "free_space_pc": 11.93863829503397, "railways_area": 0.0, "railways_pc": 0.0, "free_space_number": 9.0, "tree_number": 0.0 }, "geometry": { "type": "MultiPolygon", "coordinates": [ [ [ [ 1262093.896874761208892, 5543069.404702704399824 ], [ 1262193.896874761208892, 5543069.404702704399824 ], [ 1262193.896874761208892, 5542969.404702704399824 ], [ 1262093.896874761208892, 5542969.404702704399824 ], [ 1262093.896874761208892, 5543069.404702704399824 ] ] ] ] } },
{ "type": "Feature", "properties": { "id": 433, "left": 1262093.8968747612, "top": 5542969.4047027044, "right": 1262193.8968747612, "bottom": 5542869.4047027044, "row_index": 12, "col_index": 12, "green_area": 0.0, "green_pc": 0.0, "buildings_area": 4547.64490653947, "buildings_pc": 45.476449065326932, "road_area": 3680.3580274581909, "road_pc": 36.803580274527064, "free_space_area": 1772.0539718892542, "free_space_pc": 17.720539718866135, "railways_area": 0.0, "railways_pc": 0.0, "free_space_number": 3.0, "tree_number": 0.0 }, "geometry": { "type": "MultiPolygon", "coordinates": [ [ [ [ 1262093.896874761208892, 5542969.404702704399824 ], [ 1262193.896874761208892, 5542969.404702704399824 ], [ 1262193.896874761208892, 5542869.404702704399824 ], [ 1262093.896874761208892, 5542869.404702704399824 ], [ 1262093.896874761208892, 5542969.404702704399824 ] ] ] ] } },
{ "type": "Feature", "properties": { "id": 434, "left": 1262093.8968747612, "top": 5542869.4047027044, "right": 1262193.8968747612, "bottom": 5542769.4047027044, "row_index": 13, "col_index": 12, "green_area": 132.04290575708728, "green_pc": 1.3204290575689053, "buildings_area": 5811.6191836003563, "buildings_pc": 58.116191835916965, "road_area": 3634.9038983508945, "road_pc": 36.349038983454783, "free_space_area": 421.64115840972329, "free_space_pc": 4.2164115840909497, "railways_area": 0.0, "railways_pc": 0.0, "free_space_number": 10.0, "tree_number": 0.0 }, "geometry": { "type": "MultiPolygon", "coordinates": [ [ [ [ 1262093.896874761208892, 5542869.404702704399824 ], [ 1262193.896874761208892, 5542869.404702704399824 ], [ 1262193.896874761208892, 5542769.404702704399824 ], [ 1262093.896874761208892, 5542769.404702704399824 ], [ 1262093.896874761208892, 5542869.404702704399824 ] ] ] ] } },
{ "type": "Feature", "properties": { "id": 435, "left": 1262093.8968747612, "top": 5542769.4047027044, "right": 1262193.8968747612, "bottom": 5542669.4047027044, "row_index": 14, "col_index": 12, "green_area": 1247.5851883366704, "green_pc": 12.475851883348113, "buildings_area": 3698.427252372494, "buildings_pc": 36.98427252366983, "road_area": 4692.0692700892687, "road_pc": 46.920692700822769, "free_space_area": 406.8414951630366, "free_space_pc": 4.0684149516243036, "railways_area": 0.0, "railways_pc": 0.0, "free_space_number": 7.0, "tree_number": 0.0 }, "geometry": { "type": "MultiPolygon", "coordinates": [ [ [ [ 1262093.896874761208892, 5542769.404702704399824 ], [ 1262193.896874761208892, 5542769.404702704399824 ], [ 1262193.896874761208892, 5542669.404702704399824 ], [ 1262093.896874761208892, 5542669.404702704399824 ], [ 1262093.896874761208892, 5542769.404702704399824 ] ] ] ] } },
{ "type": "Feature", "properties": { "id": 436, "left": 1262093.8968747612, "top": 5542669.4047027044, "right": 1262193.8968747612, "bottom": 5542569.4047027044, "row_index": 15, "col_index": 12, "green_area": 0.0, "green_pc": 0.0, "buildings_area": 6592.2029075967148, "buildings_pc": 65.92202907586892, "road_area": 3073.3692407608032, "road_pc": 30.733692407562234, "free_space_area": 335.50798985175788, "free_space_pc": 3.3550798985125794, "railways_area": 0.0, "railways_pc": 0.0, "free_space_number": 4.0, "tree_number": 0.0 }, "geometry": { "type": "MultiPolygon", "coordinates": [ [ [ [ 1262093.896874761208892, 5542669.404702704399824 ], [ 1262193.896874761208892, 5542669.404702704399824 ], [ 1262193.896874761208892, 5542569.404702704399824 ], [ 1262093.896874761208892, 5542569.404702704399824 ], [ 1262093.896874761208892, 5542669.404702704399824 ] ] ] ] } },
{ "type": "Feature", "properties": { "id": 437, "left": 1262093.8968747612, "top": 5542569.4047027044, "right": 1262193.8968747612, "bottom": 5542469.4047027044, "row_index": 16, "col_index": 12, "green_area": 0.0, "green_pc": 0.0, "buildings_area": 7994.3107943534851, "buildings_pc": 79.943107943415725, "road_area": 1839.4880046797916, "road_pc": 18.394880046770506, "free_space_area": 166.29020915862918, "free_space_pc": 1.662902091583814, "railways_area": 0.0, "railways_pc": 0.0, "free_space_number": 3.0, "tree_number": 0.0 }, "geometry": { "type": "MultiPolygon", "coordinates": [ [ [ [ 1262093.896874761208892, 5542569.404702704399824 ], [ 1262193.896874761208892, 5542569.404702704399824 ], [ 1262193.896874761208892, 5542469.404702704399824 ], [ 1262093.896874761208892, 5542469.404702704399824 ], [ 1262093.896874761208892, 5542569.404702704399824 ] ] ] ] } },
{ "type": "Feature", "properties": { "id": 438, "left": 1262093.8968747612, "top": 5542469.4047027044, "right": 1262193.8968747612, "bottom": 5542369.4047027044, "row_index": 17, "col_index": 12, "green_area": 0.0, "green_pc": 0.0, "buildings_area": 5594.1249605645426, "buildings_pc": 55.941249605562064, "road_area": 3259.8387616872787, "road_pc": 32.598387616824212, "free_space_area": 1146.1529061928159, "free_space_pc": 11.461529061911079, "railways_area": 0.0, "railways_pc": 0.0, "free_space_number": 7.0, "tree_number": 0.0 }, "geometry": { "type": "MultiPolygon", "coordinates": [ [ [ [ 1262093.896874761208892, 5542469.404702704399824 ], [ 1262193.896874761208892, 5542469.404702704399824 ], [ 1262193.896874761208892, 5542369.404702704399824 ], [ 1262093.896874761208892, 5542369.404702704399824 ], [ 1262093.896874761208892, 5542469.404702704399824 ] ] ] ] } },
{ "type": "Feature", "properties": { "id": 439, "left": 1262093.8968747612, "top": 5542369.4047027044, "right": 1262193.8968747612, "bottom": 5542269.4047027044, "row_index": 18, "col_index": 12, "green_area": 562.40344223380089, "green_pc": 5.6240344223296281, "buildings_area": 6643.4664955395274, "buildings_pc": 66.434664955296284, "road_area": 348.87732245400548, "road_pc": 3.4887732245348562, "free_space_area": 2445.5034161843687, "free_space_pc": 24.455034161807244, "railways_area": 0.0, "railways_pc": 0.0, "free_space_number": 8.0, "tree_number": 0.0 }, "geometry": { "type": "MultiPolygon", "coordinates": [ [ [ [ 1262093.896874761208892, 5542369.404702704399824 ], [ 1262193.896874761208892, 5542369.404702704399824 ], [ 1262193.896874761208892, 5542269.404702704399824 ], [ 1262093.896874761208892, 5542269.404702704399824 ], [ 1262093.896874761208892, 5542369.404702704399824 ] ] ] ] } },
{ "type": "Feature", "properties": { "id": 440, "left": 1262093.8968747612, "top": 5542269.4047027044, "right": 1262193.8968747612, "bottom": 5542169.4047027044, "row_index": 19, "col_index": 12, "green_area": 0.0, "green_pc": 0.0, "buildings_area": 7999.1231789108133, "buildings_pc": 79.991231788988941, "road_area": 1010.6514152828604, "road_pc": 10.106514152813544, "free_space_area": 959.66446940612514, "free_space_pc": 9.596644694046951, "railways_area": 0.0, "railways_pc": 0.0, "free_space_number": 21.0, "tree_number": 0.0 }, "geometry": { "type": "MultiPolygon", "coordinates": [ [ [ [ 1262093.896874761208892, 5542269.404702704399824 ], [ 1262193.896874761208892, 5542269.404702704399824 ], [ 1262193.896874761208892, 5542169.404702704399824 ], [ 1262093.896874761208892, 5542169.404702704399824 ], [ 1262093.896874761208892, 5542269.404702704399824 ] ] ] ] } },
{ "type": "Feature", "properties": { "id": 441, "left": 1262093.8968747612, "top": 5542169.4047027044, "right": 1262193.8968747612, "bottom": 5542069.4047027044, "row_index": 20, "col_index": 12, "green_area": 892.46061761537567, "green_pc": 8.9246061761404576, "buildings_area": 6279.7875705817714, "buildings_pc": 62.797875705724138, "road_area": 1292.7407863680273, "road_pc": 12.92740786366101, "free_space_area": 1535.2328135743082, "free_space_pc": 15.352328135720205, "railways_area": 0.0, "railways_pc": 0.0, "free_space_number": 8.0, "tree_number": 0.0 }, "geometry": { "type": "MultiPolygon", "coordinates": [ [ [ [ 1262093.896874761208892, 5542169.404702704399824 ], [ 1262193.896874761208892, 5542169.404702704399824 ], [ 1262193.896874761208892, 5542069.404702704399824 ], [ 1262093.896874761208892, 5542069.404702704399824 ], [ 1262093.896874761208892, 5542169.404702704399824 ] ] ] ] } },
{ "type": "Feature", "properties": { "id": 442, "left": 1262093.8968747612, "top": 5542069.4047027044, "right": 1262193.8968747612, "bottom": 5541969.4047027044, "row_index": 21, "col_index": 12, "green_area": 874.78491263883188, "green_pc": 8.747849126375284, "buildings_area": 6652.522093947442, "buildings_pc": 66.525220939375288, "road_area": 1441.9473597146571, "road_pc": 14.419473597125084, "free_space_area": 1135.1255253946342, "free_space_pc": 11.351255253929427, "railways_area": 0.0, "railways_pc": 0.0, "free_space_number": 22.0, "tree_number": 0.0 }, "geometry": { "type": "MultiPolygon", "coordinates": [ [ [ [ 1262093.896874761208892, 5542069.404702704399824 ], [ 1262193.896874761208892, 5542069.404702704399824 ], [ 1262193.896874761208892, 5541969.404702704399824 ], [ 1262093.896874761208892, 5541969.404702704399824 ], [ 1262093.896874761208892, 5542069.404702704399824 ] ] ] ] } },
{ "type": "Feature", "properties": { "id": 443, "left": 1262093.8968747612, "top": 5541969.4047027044, "right": 1262193.8968747612, "bottom": 5541869.4047027044, "row_index": 22, "col_index": 12, "green_area": 27.215168200433254, "green_pc": 0.27215168200392703, "buildings_area": 7063.3033620193601, "buildings_pc": 70.633033620088355, "road_area": 2391.2814348340034, "road_pc": 23.912814348304401, "free_space_area": 539.88250059215352, "free_space_pc": 5.3988250059134906, "railways_area": 0.0, "railways_pc": 0.0, "free_space_number": 8.0, "tree_number": 0.0 }, "geometry": { "type": "MultiPolygon", "coordinates": [ [ [ [ 1262093.896874761208892, 5541969.404702704399824 ], [ 1262193.896874761208892, 5541969.404702704399824 ], [ 1262193.896874761208892, 5541869.404702704399824 ], [ 1262093.896874761208892, 5541869.404702704399824 ], [ 1262093.896874761208892, 5541969.404702704399824 ] ] ] ] } },
{ "type": "Feature", "properties": { "id": 444, "left": 1262093.8968747612, "top": 5541869.4047027044, "right": 1262193.8968747612, "bottom": 5541769.4047027044, "row_index": 23, "col_index": 12, "green_area": 347.42846416309476, "green_pc": 3.4742846416257707, "buildings_area": 7212.9816959653981, "buildings_pc": 72.129816959546503, "road_area": 776.29840373806655, "road_pc": 7.7629840373690975, "free_space_area": 1664.5044477995211, "free_space_pc": 16.645044477970409, "railways_area": 0.0, "railways_pc": 0.0, "free_space_number": 12.0, "tree_number": 0.0 }, "geometry": { "type": "MultiPolygon", "coordinates": [ [ [ [ 1262093.896874761208892, 5541869.404702704399824 ], [ 1262193.896874761208892, 5541869.404702704399824 ], [ 1262193.896874761208892, 5541769.404702704399824 ], [ 1262093.896874761208892, 5541769.404702704399824 ], [ 1262093.896874761208892, 5541869.404702704399824 ] ] ] ] } },
{ "type": "Feature", "properties": { "id": 445, "left": 1262093.8968747612, "top": 5541769.4047027044, "right": 1262193.8968747612, "bottom": 5541669.4047027044, "row_index": 24, "col_index": 12, "green_area": 712.13743839971721, "green_pc": 7.1213743839865602, "buildings_area": 6884.3003130881116, "buildings_pc": 68.843003130778527, "road_area": 807.82887904532254, "road_pc": 8.0782887904411886, "free_space_area": 1596.48616191667, "free_space_pc": 15.964861619142912, "railways_area": 0.0, "railways_pc": 0.0, "free_space_number": 14.0, "tree_number": 0.0 }, "geometry": { "type": "MultiPolygon", "coordinates": [ [ [ [ 1262093.896874761208892, 5541769.404702704399824 ], [ 1262193.896874761208892, 5541769.404702704399824 ], [ 1262193.896874761208892, 5541669.404702704399824 ], [ 1262093.896874761208892, 5541669.404702704399824 ], [ 1262093.896874761208892, 5541769.404702704399824 ] ] ] ] } },
{ "type": "Feature", "properties": { "id": 446, "left": 1262093.8968747612, "top": 5541669.4047027044, "right": 1262193.8968747612, "bottom": 5541569.4047027044, "row_index": 25, "col_index": 12, "green_area": 1454.7416968066245, "green_pc": 14.547416968044567, "buildings_area": 4849.1009178431705, "buildings_pc": 48.491009178359448, "road_area": 2949.1614687666297, "road_pc": 29.491614687622352, "free_space_area": 748.76245875306995, "free_space_pc": 7.4876245875195417, "railways_area": 0.0, "railways_pc": 0.0, "free_space_number": 11.0, "tree_number": 0.0 }, "geometry": { "type": "MultiPolygon", "coordinates": [ [ [ [ 1262093.896874761208892, 5541669.404702704399824 ], [ 1262193.896874761208892, 5541669.404702704399824 ], [ 1262193.896874761208892, 5541569.404702704399824 ], [ 1262093.896874761208892, 5541569.404702704399824 ], [ 1262093.896874761208892, 5541669.404702704399824 ] ] ] ] } },
{ "type": "Feature", "properties": { "id": 447, "left": 1262093.8968747612, "top": 5541569.4047027044, "right": 1262193.8968747612, "bottom": 5541469.4047027044, "row_index": 26, "col_index": 12, "green_area": 1583.7032040320337, "green_pc": 15.837032040296737, "buildings_area": 5038.5074716017116, "buildings_pc": 50.385074715942039, "road_area": 878.08829101361334, "road_pc": 8.780882910123049, "free_space_area": 2500.4394534855255, "free_space_pc": 25.004394534817994, "railways_area": 0.0, "railways_pc": 0.0, "free_space_number": 16.0, "tree_number": 0.0 }, "geometry": { "type": "MultiPolygon", "coordinates": [ [ [ [ 1262093.896874761208892, 5541569.404702704399824 ], [ 1262193.896874761208892, 5541569.404702704399824 ], [ 1262193.896874761208892, 5541469.404702704399824 ], [ 1262093.896874761208892, 5541469.404702704399824 ], [ 1262093.896874761208892, 5541569.404702704399824 ] ] ] ] } },
{ "type": "Feature", "properties": { "id": 448, "left": 1262093.8968747612, "top": 5541469.4047027044, "right": 1262193.8968747612, "bottom": 5541369.4047027044, "row_index": 27, "col_index": 12, "green_area": 2670.0095621082, "green_pc": 26.700095621042212, "buildings_area": 3593.629743691301, "buildings_pc": 35.936297436859462, "road_area": 3138.4594219699502, "road_pc": 31.384594219652737, "free_space_area": 598.22622369923863, "free_space_pc": 5.9822622369834715, "railways_area": 0.0, "railways_pc": 0.0, "free_space_number": 13.0, "tree_number": 7.0 }, "geometry": { "type": "MultiPolygon", "coordinates": [ [ [ [ 1262093.896874761208892, 5541469.404702704399824 ], [ 1262193.896874761208892, 5541469.404702704399824 ], [ 1262193.896874761208892, 5541369.404702704399824 ], [ 1262093.896874761208892, 5541369.404702704399824 ], [ 1262093.896874761208892, 5541469.404702704399824 ] ] ] ] } },
{ "type": "Feature", "properties": { "id": 449, "left": 1262093.8968747612, "top": 5541369.4047027044, "right": 1262193.8968747612, "bottom": 5541269.4047027044, "row_index": 28, "col_index": 12, "green_area": 2592.1427146615461, "green_pc": 25.921427146576836, "buildings_area": 4245.4115982232615, "buildings_pc": 42.454115982169355, "road_area": 1570.5701197981834, "road_pc": 15.705701197958431, "free_space_area": 1593.343943049591, "free_space_pc": 15.933439430472168, "railways_area": 0.0, "railways_pc": 0.0, "free_space_number": 6.0, "tree_number": 0.0 }, "geometry": { "type": "MultiPolygon", "coordinates": [ [ [ [ 1262093.896874761208892, 5541369.404702704399824 ], [ 1262193.896874761208892, 5541369.404702704399824 ], [ 1262193.896874761208892, 5541269.404702704399824 ], [ 1262093.896874761208892, 5541269.404702704399824 ], [ 1262093.896874761208892, 5541369.404702704399824 ] ] ] ] } },
{ "type": "Feature", "properties": { "id": 450, "left": 1262093.8968747612, "top": 5541269.4047027044, "right": 1262193.8968747612, "bottom": 5541169.4047027044, "row_index": 29, "col_index": 12, "green_area": 2477.7313222346129, "green_pc": 24.777313222309207, "buildings_area": 3594.7118744107429, "buildings_pc": 35.947118744053867, "road_area": 1609.488496940583, "road_pc": 16.094884969381848, "free_space_area": 2318.9395645686964, "free_space_pc": 23.189395645652407, "railways_area": 0.0, "railways_pc": 0.0, "free_space_number": 7.0, "tree_number": 0.0 }, "geometry": { "type": "MultiPolygon", "coordinates": [ [ [ [ 1262093.896874761208892, 5541269.404702704399824 ], [ 1262193.896874761208892, 5541269.404702704399824 ], [ 1262193.896874761208892, 5541169.404702704399824 ], [ 1262093.896874761208892, 5541169.404702704399824 ], [ 1262093.896874761208892, 5541269.404702704399824 ] ] ] ] } },
{ "type": "Feature", "properties": { "id": 451, "left": 1262093.8968747612, "top": 5541169.4047027044, "right": 1262193.8968747612, "bottom": 5541069.4047027044, "row_index": 30, "col_index": 12, "green_area": 707.78107678890228, "green_pc": 13.046561632199696, "buildings_area": 706.04658296704292, "buildings_pc": 13.014589626604092, "road_area": 3277.5011808592826, "road_pc": 60.414332281507491, "free_space_area": 733.75372948973404, "free_space_pc": 13.525316752003759, "railways_area": 0.0, "railways_pc": 0.0, "free_space_number": 3.0, "tree_number": 13.0 }, "geometry": { "type": "MultiPolygon", "coordinates": [ [ [ [ 1262153.951127694454044, 5541109.655588997527957 ], [ 1262093.896874761208892, 5541142.467464390210807 ], [ 1262093.896874761208892, 5541169.404702704399824 ], [ 1262193.896874761208892, 5541169.404702704399824 ], [ 1262193.896874761208892, 5541087.857317728921771 ], [ 1262153.951127694454044, 5541109.655588997527957 ] ] ] ] } },
{ "type": "Feature", "properties": { "id": 457, "left": 1262193.8968747612, "top": 5544069.4047027044, "right": 1262293.8968747612, "bottom": 5543969.4047027044, "row_index": 1, "col_index": 13, "green_area": 244.4218548387289, "green_pc": 9.912425472655876, "buildings_area": 220.18451138027012, "buildings_pc": 8.9294902075354354, "road_area": 2001.1445886939764, "road_pc": 81.155576732390344, "free_space_area": 0.061832419517713788, "free_space_pc": 0.002507587755062787, "railways_area": 0.0, "railways_pc": 0.0, "free_space_number": 1.0, "tree_number": 0.0 }, "geometry": { "type": "MultiPolygon", "coordinates": [ [ [ [ 1262252.582778980024159, 5544000.46197400894016 ], [ 1262293.896874761208892, 5544024.521997794508934 ], [ 1262293.896874761208892, 5543969.404702704399824 ], [ 1262208.42560653295368, 5543969.404702704399824 ], [ 1262252.582778980024159, 5544000.46197400894016 ] ] ] ] } },
{ "type": "Feature", "properties": { "id": 458, "left": 1262193.8968747612, "top": 5543969.4047027044, "right": 1262293.8968747612, "bottom": 5543869.4047027044, "row_index": 2, "col_index": 13, "green_area": 470.90792640857399, "green_pc": 4.7442968277855586, "buildings_area": 4586.3930195411667, "buildings_pc": 46.206930555481961, "road_area": 4365.4033646658063, "road_pc": 43.980506960120898, "free_space_area": 381.31068574680739, "free_space_pc": 3.8416237555953283, "railways_area": 0.0, "railways_pc": 0.0, "free_space_number": 5.0, "tree_number": 0.0 }, "geometry": { "type": "MultiPolygon", "coordinates": [ [ [ [ 1262208.42560653295368, 5543969.404702704399824 ], [ 1262293.896874761208892, 5543969.404702704399824 ], [ 1262293.896874761208892, 5543869.404702704399824 ], [ 1262193.896874761208892, 5543869.404702704399824 ], [ 1262193.896874761208892, 5543959.186141611076891 ], [ 1262208.42560653295368, 5543969.404702704399824 ] ] ] ] } },
{ "type": "Feature", "properties": { "id": 459, "left": 1262193.8968747612, "top": 5543869.4047027044, "right": 1262293.8968747612, "bottom": 5543769.4047027044, "row_index": 3, "col_index": 13, "green_area": 175.36690877750516, "green_pc": 1.7536690877724384, "buildings_area": 6327.7286460474133, "buildings_pc": 63.277286460379841, "road_area": 588.91633301787078, "road_pc": 5.8891633301699322, "free_space_area": 2907.9881121665239, "free_space_pc": 29.079881121621906, "railways_area": 0.0, "railways_pc": 0.0, "free_space_number": 4.0, "tree_number": 2.0 }, "geometry": { "type": "MultiPolygon", "coordinates": [ [ [ [ 1262193.896874761208892, 5543869.404702704399824 ], [ 1262293.896874761208892, 5543869.404702704399824 ], [ 1262293.896874761208892, 5543769.404702704399824 ], [ 1262193.896874761208892, 5543769.404702704399824 ], [ 1262193.896874761208892, 5543869.404702704399824 ] ] ] ] } },
{ "type": "Feature", "properties": { "id": 460, "left": 1262193.8968747612, "top": 5543769.4047027044, "right": 1262293.8968747612, "bottom": 5543669.4047027044, "row_index": 4, "col_index": 13, "green_area": 221.45309512037784, "green_pc": 2.2145309512004783, "buildings_area": 2952.7317325081676, "buildings_pc": 29.527317325037679, "road_area": 5667.2398085743189, "road_pc": 56.672398085658742, "free_space_area": 1163.8797476485386, "free_space_pc": 11.638797476468042, "railways_area": 0.0, "railways_pc": 0.0, "free_space_number": 8.0, "tree_number": 2.0 }, "geometry": { "type": "MultiPolygon", "coordinates": [ [ [ [ 1262193.896874761208892, 5543769.404702704399824 ], [ 1262293.896874761208892, 5543769.404702704399824 ], [ 1262293.896874761208892, 5543669.404702704399824 ], [ 1262193.896874761208892, 5543669.404702704399824 ], [ 1262193.896874761208892, 5543769.404702704399824 ] ] ] ] } },
{ "type": "Feature", "properties": { "id": 461, "left": 1262193.8968747612, "top": 5543669.4047027044, "right": 1262293.8968747612, "bottom": 5543569.4047027044, "row_index": 5, "col_index": 13, "green_area": 0.0, "green_pc": 0.0, "buildings_area": 5861.4935060618445, "buildings_pc": 58.614935060531103, "road_area": 3040.8609936535358, "road_pc": 30.408609936490045, "free_space_area": 1099.4968055202626, "free_space_pc": 10.994968055186241, "railways_area": 0.0, "railways_pc": 0.0, "free_space_number": 7.0, "tree_number": 0.0 }, "geometry": { "type": "MultiPolygon", "coordinates": [ [ [ [ 1262193.896874761208892, 5543669.404702704399824 ], [ 1262293.896874761208892, 5543669.404702704399824 ], [ 1262293.896874761208892, 5543569.404702704399824 ], [ 1262193.896874761208892, 5543569.404702704399824 ], [ 1262193.896874761208892, 5543669.404702704399824 ] ] ] ] } },
{ "type": "Feature", "properties": { "id": 462, "left": 1262193.8968747612, "top": 5543569.4047027044, "right": 1262293.8968747612, "bottom": 5543469.4047027044, "row_index": 6, "col_index": 13, "green_area": 17.169600389432162, "green_pc": 0.17169600389406578, "buildings_area": 5513.3197542279959, "buildings_pc": 55.133197542197806, "road_area": 2437.0074583292007, "road_pc": 24.370074583255693, "free_space_area": 1127.8267595757475, "free_space_pc": 11.278267595740669, "railways_area": 0.0, "railways_pc": 0.0, "free_space_number": 3.0, "tree_number": 0.0 }, "geometry": { "type": "MultiPolygon", "coordinates": [ [ [ [ 1262193.896874761208892, 5543569.404702704399824 ], [ 1262293.896874761208892, 5543569.404702704399824 ], [ 1262293.896874761208892, 5543469.404702704399824 ], [ 1262193.896874761208892, 5543469.404702704399824 ], [ 1262193.896874761208892, 5543569.404702704399824 ] ] ] ] } },
{ "type": "Feature", "properties": { "id": 463, "left": 1262193.8968747612, "top": 5543469.4047027044, "right": 1262293.8968747612, "bottom": 5543369.4047027044, "row_index": 7, "col_index": 13, "green_area": 535.49029822275043, "green_pc": 5.3549029822195244, "buildings_area": 2777.9381013917737, "buildings_pc": 27.779381013876343, "road_area": 2490.5844367127866, "road_pc": 24.905844367090754, "free_space_area": 4106.7519767838412, "free_space_pc": 41.06751976777722, "railways_area": 0.0, "railways_pc": 0.0, "free_space_number": 7.0, "tree_number": 0.0 }, "geometry": { "type": "MultiPolygon", "coordinates": [ [ [ [ 1262193.896874761208892, 5543469.404702704399824 ], [ 1262293.896874761208892, 5543469.404702704399824 ], [ 1262293.896874761208892, 5543369.404702704399824 ], [ 1262193.896874761208892, 5543369.404702704399824 ], [ 1262193.896874761208892, 5543469.404702704399824 ] ] ] ] } },
{ "type": "Feature", "properties": { "id": 464, "left": 1262193.8968747612, "top": 5543369.4047027044, "right": 1262293.8968747612, "bottom": 5543269.4047027044, "row_index": 8, "col_index": 13, "green_area": 1065.384139098227, "green_pc": 10.653841390966395, "buildings_area": 3718.4846943207085, "buildings_pc": 37.184846943151676, "road_area": 1394.0065762549639, "road_pc": 13.940065762528867, "free_space_area": 3822.1245903117333, "free_space_pc": 38.221245903060378, "railways_area": 0.0, "railways_pc": 0.0, "free_space_number": 3.0, "tree_number": 10.0 }, "geometry": { "type": "MultiPolygon", "coordinates": [ [ [ [ 1262193.896874761208892, 5543369.404702704399824 ], [ 1262293.896874761208892, 5543369.404702704399824 ], [ 1262293.896874761208892, 5543269.404702704399824 ], [ 1262193.896874761208892, 5543269.404702704399824 ], [ 1262193.896874761208892, 5543369.404702704399824 ] ] ] ] } },
{ "type": "Feature", "properties": { "id": 465, "left": 1262193.8968747612, "top": 5543269.4047027044, "right": 1262293.8968747612, "bottom": 5543169.4047027044, "row_index": 9, "col_index": 13, "green_area": 641.2274535857141, "green_pc": 6.4122745358475859, "buildings_area": 4546.0079078376293, "buildings_pc": 45.460079078308553, "road_area": 3244.8196874707937, "road_pc": 32.448196874659587, "free_space_area": 1318.4030266341542, "free_space_pc": 13.184030266321898, "railways_area": 0.0, "railways_pc": 0.0, "free_space_number": 3.0, "tree_number": 4.0 }, "geometry": { "type": "MultiPolygon", "coordinates": [ [ [ [ 1262193.896874761208892, 5543269.404702704399824 ], [ 1262293.896874761208892, 5543269.404702704399824 ], [ 1262293.896874761208892, 5543169.404702704399824 ], [ 1262193.896874761208892, 5543169.404702704399824 ], [ 1262193.896874761208892, 5543269.404702704399824 ] ] ] ] } },
{ "type": "Feature", "properties": { "id": 466, "left": 1262193.8968747612, "top": 5543169.4047027044, "right": 1262293.8968747612, "bottom": 5543069.4047027044, "row_index": 10, "col_index": 13, "green_area": 0.0, "green_pc": 0.0, "buildings_area": 3952.0351790310815, "buildings_pc": 39.520351790251922, "road_area": 1845.5490122381598, "road_pc": 18.455490122354096, "free_space_area": 251.51375276876274, "free_space_pc": 2.5151375276838799, "railways_area": 0.0, "railways_pc": 0.0, "free_space_number": 4.0, "tree_number": 0.0 }, "geometry": { "type": "MultiPolygon", "coordinates": [ [ [ [ 1262193.896874761208892, 5543169.404702704399824 ], [ 1262293.896874761208892, 5543169.404702704399824 ], [ 1262293.896874761208892, 5543069.404702704399824 ], [ 1262193.896874761208892, 5543069.404702704399824 ], [ 1262193.896874761208892, 5543169.404702704399824 ] ] ] ] } },
{ "type": "Feature", "properties": { "id": 467, "left": 1262193.8968747612, "top": 5543069.4047027044, "right": 1262293.8968747612, "bottom": 5542969.4047027044, "row_index": 11, "col_index": 13, "green_area": 0.0, "green_pc": 0.0, "buildings_area": 5496.0559505353449, "buildings_pc": 54.960559505271554, "road_area": 4437.1200005561113, "road_pc": 44.371200005494998, "free_space_area": 66.844944574802867, "free_space_pc": 0.66844944574703258, "railways_area": 0.0, "railways_pc": 0.0, "free_space_number": 3.0, "tree_number": 0.0 }, "geometry": { "type": "MultiPolygon", "coordinates": [ [ [ [ 1262193.896874761208892, 5543069.404702704399824 ], [ 1262293.896874761208892, 5543069.404702704399824 ], [ 1262293.896874761208892, 5542969.404702704399824 ], [ 1262193.896874761208892, 5542969.404702704399824 ], [ 1262193.896874761208892, 5543069.404702704399824 ] ] ] ] } },
{ "type": "Feature", "properties": { "id": 468, "left": 1262193.8968747612, "top": 5542969.4047027044, "right": 1262293.8968747612, "bottom": 5542869.4047027044, "row_index": 12, "col_index": 13, "green_area": 0.0, "green_pc": 0.0, "buildings_area": 7748.5060367342085, "buildings_pc": 77.485060367226623, "road_area": 1857.9181676916778, "road_pc": 18.579181676889093, "free_space_area": 393.78520576748997, "free_space_pc": 3.9378520576690317, "railways_area": 0.0, "railways_pc": 0.0, "free_space_number": 2.0, "tree_number": 0.0 }, "geometry": { "type": "MultiPolygon", "coordinates": [ [ [ [ 1262193.896874761208892, 5542969.404702704399824 ], [ 1262293.896874761208892, 5542969.404702704399824 ], [ 1262293.896874761208892, 5542869.404702704399824 ], [ 1262193.896874761208892, 5542869.404702704399824 ], [ 1262193.896874761208892, 5542969.404702704399824 ] ] ] ] } },
{ "type": "Feature", "properties": { "id": 469, "left": 1262193.8968747612, "top": 5542869.4047027044, "right": 1262293.8968747612, "bottom": 5542769.4047027044, "row_index": 13, "col_index": 13, "green_area": 15.243814937770367, "green_pc": 0.15243814937747652, "buildings_area": 7250.575710201636, "buildings_pc": 72.505757101908316, "road_area": 2428.5740322470665, "road_pc": 24.285740322434478, "free_space_area": 305.66665383723637, "free_space_pc": 3.0566665383678089, "railways_area": 0.0, "railways_pc": 0.0, "free_space_number": 10.0, "tree_number": 0.0 }, "geometry": { "type": "MultiPolygon", "coordinates": [ [ [ [ 1262193.896874761208892, 5542869.404702704399824 ], [ 1262293.896874761208892, 5542869.404702704399824 ], [ 1262293.896874761208892, 5542769.404702704399824 ], [ 1262193.896874761208892, 5542769.404702704399824 ], [ 1262193.896874761208892, 5542869.404702704399824 ] ] ] ] } },
{ "type": "Feature", "properties": { "id": 470, "left": 1262193.8968747612, "top": 5542769.4047027044, "right": 1262293.8968747612, "bottom": 5542669.4047027044, "row_index": 14, "col_index": 13, "green_area": 573.79425832442939, "green_pc": 5.7379425832357436, "buildings_area": 5831.6664757793769, "buildings_pc": 58.316664757706867, "road_area": 1880.8871406689286, "road_pc": 18.808871406661257, "free_space_area": 1713.9936418209691, "free_space_pc": 17.139936418184149, "railways_area": 0.0, "railways_pc": 0.0, "free_space_number": 8.0, "tree_number": 0.0 }, "geometry": { "type": "MultiPolygon", "coordinates": [ [ [ [ 1262193.896874761208892, 5542769.404702704399824 ], [ 1262293.896874761208892, 5542769.404702704399824 ], [ 1262293.896874761208892, 5542669.404702704399824 ], [ 1262193.896874761208892, 5542669.404702704399824 ], [ 1262193.896874761208892, 5542769.404702704399824 ] ] ] ] } },
{ "type": "Feature", "properties": { "id": 471, "left": 1262193.8968747612, "top": 5542669.4047027044, "right": 1262293.8968747612, "bottom": 5542569.4047027044, "row_index": 15, "col_index": 13, "green_area": 470.66629867255688, "green_pc": 4.7066629867185554, "buildings_area": 6798.9684257304762, "buildings_pc": 67.98968425720345, "road_area": 1397.2450395710766, "road_pc": 13.972450395689945, "free_space_area": 1333.7751187856036, "free_space_pc": 13.33775118783616, "railways_area": 0.0, "railways_pc": 0.0, "free_space_number": 13.0, "tree_number": 0.0 }, "geometry": { "type": "MultiPolygon", "coordinates": [ [ [ [ 1262193.896874761208892, 5542669.404702704399824 ], [ 1262293.896874761208892, 5542669.404702704399824 ], [ 1262293.896874761208892, 5542569.404702704399824 ], [ 1262193.896874761208892, 5542569.404702704399824 ], [ 1262193.896874761208892, 5542669.404702704399824 ] ] ] ] } },
{ "type": "Feature", "properties": { "id": 472, "left": 1262193.8968747612, "top": 5542569.4047027044, "right": 1262293.8968747612, "bottom": 5542469.4047027044, "row_index": 16, "col_index": 13, "green_area": 0.0, "green_pc": 0.0, "buildings_area": 7883.3505918870214, "buildings_pc": 78.833505918752749, "road_area": 1729.4284340143204, "road_pc": 17.294284340117432, "free_space_area": 387.25428592599945, "free_space_pc": 3.8725428592542239, "railways_area": 0.0, "railways_pc": 0.0, "free_space_number": 8.0, "tree_number": 0.0 }, "geometry": { "type": "MultiPolygon", "coordinates": [ [ [ [ 1262193.896874761208892, 5542569.404702704399824 ], [ 1262293.896874761208892, 5542569.404702704399824 ], [ 1262293.896874761208892, 5542469.404702704399824 ], [ 1262193.896874761208892, 5542469.404702704399824 ], [ 1262193.896874761208892, 5542569.404702704399824 ] ] ] ] } },
{ "type": "Feature", "properties": { "id": 473, "left": 1262193.8968747612, "top": 5542469.4047027044, "right": 1262293.8968747612, "bottom": 5542369.4047027044, "row_index": 17, "col_index": 13, "green_area": 0.0, "green_pc": 0.0, "buildings_area": 6306.9803652334958, "buildings_pc": 63.069803652240978, "road_area": 3409.8409350812435, "road_pc": 34.098409350761628, "free_space_area": 283.28797221581334, "free_space_pc": 2.8328797221539124, "railways_area": 0.0, "railways_pc": 0.0, "free_space_number": 10.0, "tree_number": 0.0 }, "geometry": { "type": "MultiPolygon", "coordinates": [ [ [ [ 1262193.896874761208892, 5542469.404702704399824 ], [ 1262293.896874761208892, 5542469.404702704399824 ], [ 1262293.896874761208892, 5542369.404702704399824 ], [ 1262193.896874761208892, 5542369.404702704399824 ], [ 1262193.896874761208892, 5542469.404702704399824 ] ] ] ] } },
{ "type": "Feature", "properties": { "id": 474, "left": 1262193.8968747612, "top": 5542369.4047027044, "right": 1262293.8968747612, "bottom": 5542269.4047027044, "row_index": 18, "col_index": 13, "green_area": 717.75711733289063, "green_pc": 7.1775711733182108, "buildings_area": 7385.9674576597754, "buildings_pc": 73.859674576487691, "road_area": 1309.4027741027094, "road_pc": 13.094027741007583, "free_space_area": 600.85735839469805, "free_space_pc": 6.008573583938027, "railways_area": 0.0, "railways_pc": 0.0, "free_space_number": 14.0, "tree_number": 0.0 }, "geometry": { "type": "MultiPolygon", "coordinates": [ [ [ [ 1262193.896874761208892, 5542369.404702704399824 ], [ 1262293.896874761208892, 5542369.404702704399824 ], [ 1262293.896874761208892, 5542269.404702704399824 ], [ 1262193.896874761208892, 5542269.404702704399824 ], [ 1262193.896874761208892, 5542369.404702704399824 ] ] ] ] } },
{ "type": "Feature", "properties": { "id": 475, "left": 1262193.8968747612, "top": 5542269.4047027044, "right": 1262293.8968747612, "bottom": 5542169.4047027044, "row_index": 19, "col_index": 13, "green_area": 0.0, "green_pc": 0.0, "buildings_area": 6077.9632506752387, "buildings_pc": 60.779632506661819, "road_area": 404.39406203664839, "road_pc": 4.0439406203604582, "free_space_area": 2.0113403658117477, "free_space_pc": 0.020113403658087507, "railways_area": 0.0, "railways_pc": 0.0, "free_space_number": 3.0, "tree_number": 0.0 }, "geometry": { "type": "MultiPolygon", "coordinates": [ [ [ [ 1262193.896874761208892, 5542269.404702704399824 ], [ 1262293.896874761208892, 5542269.404702704399824 ], [ 1262293.896874761208892, 5542169.404702704399824 ], [ 1262193.896874761208892, 5542169.404702704399824 ], [ 1262193.896874761208892, 5542269.404702704399824 ] ] ] ] } },
{ "type": "Feature", "properties": { "id": 476, "left": 1262193.8968747612, "top": 5542169.4047027044, "right": 1262293.8968747612, "bottom": 5542069.4047027044, "row_index": 20, "col_index": 13, "green_area": 328.13447821000591, "green_pc": 3.2813447820951693, "buildings_area": 6140.1232297569513, "buildings_pc": 61.401232297478018, "road_area": 296.90116967447102, "road_pc": 2.969011696740286, "free_space_area": 3234.8449691766873, "free_space_pc": 32.34844969171867, "railways_area": 0.0, "railways_pc": 0.0, "free_space_number": 4.0, "tree_number": 0.0 }, "geometry": { "type": "MultiPolygon", "coordinates": [ [ [ [ 1262193.896874761208892, 5542169.404702704399824 ], [ 1262293.896874761208892, 5542169.404702704399824 ], [ 1262293.896874761208892, 5542069.404702704399824 ], [ 1262193.896874761208892, 5542069.404702704399824 ], [ 1262193.896874761208892, 5542169.404702704399824 ] ] ] ] } },
{ "type": "Feature", "properties": { "id": 477, "left": 1262193.8968747612, "top": 5542069.4047027044, "right": 1262293.8968747612, "bottom": 5541969.4047027044, "row_index": 21, "col_index": 13, "green_area": 73.013691729400307, "green_pc": 0.73013691729291508, "buildings_area": 6261.5445305043831, "buildings_pc": 62.615445304950526, "road_area": 1794.7075441945344, "road_pc": 17.947075441918599, "free_space_area": 1870.8068996585789, "free_space_pc": 18.708068996557913, "railways_area": 0.0, "railways_pc": 0.0, "free_space_number": 6.0, "tree_number": 0.0 }, "geometry": { "type": "MultiPolygon", "coordinates": [ [ [ [ 1262193.896874761208892, 5542069.404702704399824 ], [ 1262293.896874761208892, 5542069.404702704399824 ], [ 1262293.896874761208892, 5541969.404702704399824 ], [ 1262193.896874761208892, 5541969.404702704399824 ], [ 1262193.896874761208892, 5542069.404702704399824 ] ] ] ] } },
{ "type": "Feature", "properties": { "id": 478, "left": 1262193.8968747612, "top": 5541969.4047027044, "right": 1262293.8968747612, "bottom": 5541869.4047027044, "row_index": 22, "col_index": 13, "green_area": 0.0, "green_pc": 0.0, "buildings_area": 7134.4611159646884, "buildings_pc": 71.344611159540577, "road_area": 1462.5366997644305, "road_pc": 14.625366997622512, "free_space_area": 1403.1651120673275, "free_space_pc": 14.031651120652365, "railways_area": 0.0, "railways_pc": 0.0, "free_space_number": 14.0, "tree_number": 0.0 }, "geometry": { "type": "MultiPolygon", "coordinates": [ [ [ [ 1262193.896874761208892, 5541969.404702704399824 ], [ 1262293.896874761208892, 5541969.404702704399824 ], [ 1262293.896874761208892, 5541869.404702704399824 ], [ 1262193.896874761208892, 5541869.404702704399824 ], [ 1262193.896874761208892, 5541969.404702704399824 ] ] ] ] } },
{ "type": "Feature", "properties": { "id": 479, "left": 1262193.8968747612, "top": 5541869.4047027044, "right": 1262293.8968747612, "bottom": 5541769.4047027044, "row_index": 23, "col_index": 13, "green_area": 198.22257099673152, "green_pc": 1.9822257099643614, "buildings_area": 7162.4567512623034, "buildings_pc": 71.624567512516307, "road_area": 1274.4637202210724, "road_pc": 12.744637202191733, "free_space_area": 1365.0090522037476, "free_space_pc": 13.650090522017136, "railways_area": 0.0, "railways_pc": 0.0, "free_space_number": 17.0, "tree_number": 0.0 }, "geometry": { "type": "MultiPolygon", "coordinates": [ [ [ [ 1262193.896874761208892, 5541869.404702704399824 ], [ 1262293.896874761208892, 5541869.404702704399824 ], [ 1262293.896874761208892, 5541769.404702704399824 ], [ 1262193.896874761208892, 5541769.404702704399824 ], [ 1262193.896874761208892, 5541869.404702704399824 ] ] ] ] } },
{ "type": "Feature", "properties": { "id": 480, "left": 1262193.8968747612, "top": 5541769.4047027044, "right": 1262293.8968747612, "bottom": 5541669.4047027044, "row_index": 24, "col_index": 13, "green_area": 409.06191275268793, "green_pc": 4.0906191275207835, "buildings_area": 5914.8336512194946, "buildings_pc": 59.148336512106809, "road_area": 1580.016256198287, "road_pc": 15.800162561959326, "free_space_area": 2096.5113879995911, "free_space_pc": 20.965113879964669, "railways_area": 0.0, "railways_pc": 0.0, "free_space_number": 13.0, "tree_number": 0.0 }, "geometry": { "type": "MultiPolygon", "coordinates": [ [ [ [ 1262193.896874761208892, 5541769.404702704399824 ], [ 1262293.896874761208892, 5541769.404702704399824 ], [ 1262293.896874761208892, 5541669.404702704399824 ], [ 1262193.896874761208892, 5541669.404702704399824 ], [ 1262193.896874761208892, 5541769.404702704399824 ] ] ] ] } },
{ "type": "Feature", "properties": { "id": 481, "left": 1262193.8968747612, "top": 5541669.4047027044, "right": 1262293.8968747612, "bottom": 5541569.4047027044, "row_index": 25, "col_index": 13, "green_area": 2100.7264218888013, "green_pc": 21.007264218856708, "buildings_area": 3937.0381483556703, "buildings_pc": 39.370381483498036, "road_area": 1853.2764829136431, "road_pc": 18.532764829108814, "free_space_area": 2109.8569544270349, "free_space_pc": 21.098569544238909, "railways_area": 0.0, "railways_pc": 0.0, "free_space_number": 10.0, "tree_number": 0.0 }, "geometry": { "type": "MultiPolygon", "coordinates": [ [ [ [ 1262193.896874761208892, 5541669.404702704399824 ], [ 1262293.896874761208892, 5541669.404702704399824 ], [ 1262293.896874761208892, 5541569.404702704399824 ], [ 1262193.896874761208892, 5541569.404702704399824 ], [ 1262193.896874761208892, 5541669.404702704399824 ] ] ] ] } },
{ "type": "Feature", "properties": { "id": 482, "left": 1262193.8968747612, "top": 5541569.4047027044, "right": 1262293.8968747612, "bottom": 5541469.4047027044, "row_index": 26, "col_index": 13, "green_area": 981.74288384616375, "green_pc": 9.8174288384470092, "buildings_area": 4093.9526881533675, "buildings_pc": 40.939526881472673, "road_area": 0.0, "road_pc": 0.0, "free_space_area": 4925.1313817240298, "free_space_pc": 49.25131381716691, "railways_area": 0.0, "railways_pc": 0.0, "free_space_number": 4.0, "tree_number": 0.0 }, "geometry": { "type": "MultiPolygon", "coordinates": [ [ [ [ 1262193.896874761208892, 5541569.404702704399824 ], [ 1262293.896874761208892, 5541569.404702704399824 ], [ 1262293.896874761208892, 5541469.404702704399824 ], [ 1262193.896874761208892, 5541469.404702704399824 ], [ 1262193.896874761208892, 5541569.404702704399824 ] ] ] ] } },
{ "type": "Feature", "properties": { "id": 483, "left": 1262193.8968747612, "top": 5541469.4047027044, "right": 1262293.8968747612, "bottom": 5541369.4047027044, "row_index": 27, "col_index": 13, "green_area": 2897.9189135550987, "green_pc": 28.979189135507806, "buildings_area": 4070.6918563442305, "buildings_pc": 40.706918563381649, "road_area": 1943.4172553587705, "road_pc": 19.434172553558746, "free_space_area": 1089.7578956557627, "free_space_pc": 10.897578956541388, "railways_area": 0.0, "railways_pc": 0.0, "free_space_number": 9.0, "tree_number": 12.0 }, "geometry": { "type": "MultiPolygon", "coordinates": [ [ [ [ 1262193.896874761208892, 5541469.404702704399824 ], [ 1262293.896874761208892, 5541469.404702704399824 ], [ 1262293.896874761208892, 5541369.404702704399824 ], [ 1262193.896874761208892, 5541369.404702704399824 ], [ 1262193.896874761208892, 5541469.404702704399824 ] ] ] ] } },
{ "type": "Feature", "properties": { "id": 484, "left": 1262193.8968747612, "top": 5541369.4047027044, "right": 1262293.8968747612, "bottom": 5541269.4047027044, "row_index": 28, "col_index": 13, "green_area": 241.29960639029741, "green_pc": 2.4129960638993784, "buildings_area": 4528.3864817996509, "buildings_pc": 45.283864817929029, "road_area": 440.50945198535919, "road_pc": 4.4050945198470277, "free_space_area": 4790.2562596272473, "free_space_pc": 47.902562596201093, "railways_area": 0.0, "railways_pc": 0.0, "free_space_number": 7.0, "tree_number": 0.0 }, "geometry": { "type": "MultiPolygon", "coordinates": [ [ [ [ 1262193.896874761208892, 5541369.404702704399824 ], [ 1262293.896874761208892, 5541369.404702704399824 ], [ 1262293.896874761208892, 5541269.404702704399824 ], [ 1262193.896874761208892, 5541269.404702704399824 ], [ 1262193.896874761208892, 5541369.404702704399824 ] ] ] ] } },
{ "type": "Feature", "properties": { "id": 485, "left": 1262193.8968747612, "top": 5541269.4047027044, "right": 1262293.8968747612, "bottom": 5541169.4047027044, "row_index": 29, "col_index": 13, "green_area": 2825.0155295971781, "green_pc": 28.250155295929684, "buildings_area": 3599.450548878056, "buildings_pc": 35.994505488726922, "road_area": 0.0, "road_pc": 0.0, "free_space_area": 3593.4419209491462, "free_space_pc": 35.934419209437912, "railways_area": 0.0, "railways_pc": 0.0, "free_space_number": 12.0, "tree_number": 0.0 }, "geometry": { "type": "MultiPolygon", "coordinates": [ [ [ [ 1262193.896874761208892, 5541269.404702704399824 ], [ 1262293.896874761208892, 5541269.404702704399824 ], [ 1262293.896874761208892, 5541169.404702704399824 ], [ 1262193.896874761208892, 5541169.404702704399824 ], [ 1262193.896874761208892, 5541269.404702704399824 ] ] ] ] } },
{ "type": "Feature", "properties": { "id": 486, "left": 1262193.8968747612, "top": 5541169.4047027044, "right": 1262293.8968747612, "bottom": 5541069.4047027044, "row_index": 30, "col_index": 13, "green_area": 243.27726764418185, "green_pc": 2.5111158371182523, "buildings_area": 3016.3124533784576, "buildings_pc": 31.134474851361229, "road_area": 4873.5631050243974, "road_pc": 50.30507623968149, "free_space_area": 1830.9071818253867, "free_space_pc": 18.898683239486932, "railways_area": 0.0, "railways_pc": 0.0, "free_space_number": 5.0, "tree_number": 47.0 }, "geometry": { "type": "MultiPolygon", "coordinates": [ [ [ [ 1262193.896874761208892, 5541087.857317728921771 ], [ 1262193.896874761208892, 5541169.404702704399824 ], [ 1262293.896874761208892, 5541169.404702704399824 ], [ 1262293.896874761208892, 5541069.404702704399824 ], [ 1262227.711643071146682, 5541069.404702704399824 ], [ 1262193.896874761208892, 5541087.857317728921771 ] ] ] ] } },
{ "type": "Feature", "properties": { "id": 487, "left": 1262193.8968747612, "top": 5541069.4047027044, "right": 1262293.8968747612, "bottom": 5540969.4047027044, "row_index": 31, "col_index": 13, "green_area": 197.70335195027292, "green_pc": 16.553054835338123, "buildings_area": 9.1488121999427676, "buildings_pc": 0.76600011345257302, "road_area": 996.6583771109581, "road_pc": 83.446945161386864, "free_space_area": 0.0, "free_space_pc": 0.0, "railways_area": 0.0, "railways_pc": 0.0, "free_space_number": 0.0, "tree_number": 1.0 }, "geometry": { "type": "MultiPolygon", "coordinates": [ [ [ [ 1262260.093613437376916, 5541051.73396110907197 ], [ 1262227.711643071146682, 5541069.404702704399824 ], [ 1262293.896874761208892, 5541069.404702704399824 ], [ 1262293.896874761208892, 5541033.33772916905582 ], [ 1262260.093613437376916, 5541051.73396110907197 ] ] ] ] } },
{ "type": "Feature", "properties": { "id": 491, "left": 1262293.8968747612, "top": 5544169.4047027044, "right": 1262393.8968747612, "bottom": 5544069.4047027044, "row_index": 0, "col_index": 14, "green_area": 0.0, "green_pc": 0.0, "buildings_area": 1360.157817807165, "buildings_pc": 24.122310131239846, "road_area": 0.0, "road_pc": 0.0, "free_space_area": 21.373366189141233, "free_space_pc": 0.37905525448085609, "railways_area": 4257.0573692088947, "railways_pc": 75.498634615866138, "free_space_number": 1.0, "tree_number": 0.0 }, "geometry": { "type": "MultiPolygon", "coordinates": [ [ [ [ 1262344.06714387005195, 5544169.404702702537179 ], [ 1262393.896874761208892, 5544160.007177864201367 ], [ 1262393.896874761208892, 5544069.404702704399824 ], [ 1262326.272073250031099, 5544069.404702704399824 ], [ 1262344.06714387005195, 5544169.404702702537179 ] ] ] ] } },
{ "type": "Feature", "properties": { "id": 492, "left": 1262293.8968747612, "top": 5544069.4047027044, "right": 1262393.8968747612, "bottom": 5543969.4047027044, "row_index": 1, "col_index": 14, "green_area": 641.01812289445661, "green_pc": 7.2061041592225239, "buildings_area": 4172.6064152852632, "buildings_pc": 46.906998991253865, "road_area": 3594.7792300656438, "road_pc": 40.411265510394813, "free_space_area": 447.17691467515931, "free_space_pc": 5.0270083007926569, "railways_area": 61.324936151504517, "railways_pc": 0.68939373425199302, "free_space_number": 5.0, "tree_number": 0.0 }, "geometry": { "type": "MultiPolygon", "coordinates": [ [ [ [ 1262298.507373514119536, 5544027.207006568089128 ], [ 1262320.56244768970646, 5544037.86118022352457 ], [ 1262324.296861606882885, 5544058.304934204556048 ], [ 1262326.272073250031099, 5544069.404702704399824 ], [ 1262393.896874761208892, 5544069.404702704399824 ], [ 1262393.896874761208892, 5543969.404702704399824 ], [ 1262293.896874761208892, 5543969.404702704399824 ], [ 1262293.896874761208892, 5544024.521997794508934 ], [ 1262298.507373514119536, 5544027.207006568089128 ] ] ] ] } },
{ "type": "Feature", "properties": { "id": 493, "left": 1262293.8968747612, "top": 5543969.4047027044, "right": 1262393.8968747612, "bottom": 5543869.4047027044, "row_index": 2, "col_index": 14, "green_area": 3453.5094214007258, "green_pc": 34.535094213955794, "buildings_area": 3225.3299519121647, "buildings_pc": 32.253299519073586, "road_area": 2385.6212849523872, "road_pc": 23.856212849488323, "free_space_area": 939.50952212993548, "free_space_pc": 9.3950952212853558, "railways_area": 0.0, "railways_pc": 0.0, "free_space_number": 5.0, "tree_number": 0.0 }, "geometry": { "type": "MultiPolygon", "coordinates": [ [ [ [ 1262293.896874761208892, 5543969.404702704399824 ], [ 1262393.896874761208892, 5543969.404702704399824 ], [ 1262393.896874761208892, 5543869.404702704399824 ], [ 1262293.896874761208892, 5543869.404702704399824 ], [ 1262293.896874761208892, 5543969.404702704399824 ] ] ] ] } },
{ "type": "Feature", "properties": { "id": 494, "left": 1262293.8968747612, "top": 5543869.4047027044, "right": 1262393.8968747612, "bottom": 5543769.4047027044, "row_index": 3, "col_index": 14, "green_area": 0.0, "green_pc": 0.0, "buildings_area": 8871.2592155770399, "buildings_pc": 88.712592155638205, "road_area": 411.55040833353996, "road_pc": 4.1155040833292666, "free_space_area": 717.19037613086402, "free_space_pc": 7.171903761297953, "railways_area": 0.0, "railways_pc": 0.0, "free_space_number": 6.0, "tree_number": 0.0 }, "geometry": { "type": "MultiPolygon", "coordinates": [ [ [ [ 1262293.896874761208892, 5543869.404702704399824 ], [ 1262393.896874761208892, 5543869.404702704399824 ], [ 1262393.896874761208892, 5543769.404702704399824 ], [ 1262293.896874761208892, 5543769.404702704399824 ], [ 1262293.896874761208892, 5543869.404702704399824 ] ] ] ] } },
{ "type": "Feature", "properties": { "id": 495, "left": 1262293.8968747612, "top": 5543769.4047027044, "right": 1262393.8968747612, "bottom": 5543669.4047027044, "row_index": 4, "col_index": 14, "green_area": 0.0, "green_pc": 0.0, "buildings_area": 6692.551701689139, "buildings_pc": 66.925517016791659, "road_area": 2370.8867627140135, "road_pc": 23.708867627104805, "free_space_area": 936.56153571675532, "free_space_pc": 9.3656153571535974, "railways_area": 0.0, "railways_pc": 0.0, "free_space_number": 5.0, "tree_number": 0.0 }, "geometry": { "type": "MultiPolygon", "coordinates": [ [ [ [ 1262293.896874761208892, 5543769.404702704399824 ], [ 1262393.896874761208892, 5543769.404702704399824 ], [ 1262393.896874761208892, 5543669.404702704399824 ], [ 1262293.896874761208892, 5543669.404702704399824 ], [ 1262293.896874761208892, 5543769.404702704399824 ] ] ] ] } },
{ "type": "Feature", "properties": { "id": 496, "left": 1262293.8968747612, "top": 5543669.4047027044, "right": 1262393.8968747612, "bottom": 5543569.4047027044, "row_index": 5, "col_index": 14, "green_area": 0.0, "green_pc": 0.0, "buildings_area": 5565.1341438442469, "buildings_pc": 55.651341438359545, "road_area": 2519.5110434815288, "road_pc": 25.195110434777742, "free_space_area": 1925.4353833163077, "free_space_pc": 19.254353833134385, "railways_area": 0.0, "railways_pc": 0.0, "free_space_number": 2.0, "tree_number": 0.0 }, "geometry": { "type": "MultiPolygon", "coordinates": [ [ [ [ 1262293.896874761208892, 5543669.404702704399824 ], [ 1262393.896874761208892, 5543669.404702704399824 ], [ 1262393.896874761208892, 5543569.404702704399824 ], [ 1262293.896874761208892, 5543569.404702704399824 ], [ 1262293.896874761208892, 5543669.404702704399824 ] ] ] ] } },
{ "type": "Feature", "properties": { "id": 497, "left": 1262293.8968747612, "top": 5543569.4047027044, "right": 1262393.8968747612, "bottom": 5543469.4047027044, "row_index": 6, "col_index": 14, "green_area": 3525.3443277626648, "green_pc": 35.253443277574114, "buildings_area": 1035.2949782758951, "buildings_pc": 10.352949782743524, "road_area": 724.76221024990082, "road_pc": 7.2476221024882088, "free_space_area": 133.63697808498591, "free_space_pc": 1.3363697808478678, "railways_area": 0.0, "railways_pc": 0.0, "free_space_number": 7.0, "tree_number": 0.0 }, "geometry": { "type": "MultiPolygon", "coordinates": [ [ [ [ 1262293.896874761208892, 5543569.404702704399824 ], [ 1262393.896874761208892, 5543569.404702704399824 ], [ 1262393.896874761208892, 5543469.404702704399824 ], [ 1262293.896874761208892, 5543469.404702704399824 ], [ 1262293.896874761208892, 5543569.404702704399824 ] ] ] ] } },
{ "type": "Feature", "properties": { "id": 498, "left": 1262293.8968747612, "top": 5543469.4047027044, "right": 1262393.8968747612, "bottom": 5543369.4047027044, "row_index": 7, "col_index": 14, "green_area": 1188.2879814486951, "green_pc": 11.882879814469243, "buildings_area": 2482.5440125372261, "buildings_pc": 24.82544012533527, "road_area": 1396.8258904516697, "road_pc": 13.968258904495883, "free_space_area": 595.09386285770097, "free_space_pc": 5.9509386285681423, "railways_area": 0.0, "railways_pc": 0.0, "free_space_number": 7.0, "tree_number": 0.0 }, "geometry": { "type": "MultiPolygon", "coordinates": [ [ [ [ 1262293.896874761208892, 5543469.404702704399824 ], [ 1262393.896874761208892, 5543469.404702704399824 ], [ 1262393.896874761208892, 5543369.404702704399824 ], [ 1262293.896874761208892, 5543369.404702704399824 ], [ 1262293.896874761208892, 5543469.404702704399824 ] ] ] ] } },
{ "type": "Feature", "properties": { "id": 499, "left": 1262293.8968747612, "top": 5543369.4047027044, "right": 1262393.8968747612, "bottom": 5543269.4047027044, "row_index": 8, "col_index": 14, "green_area": 0.0, "green_pc": 0.0, "buildings_area": 4435.0458400949137, "buildings_pc": 44.350458400883049, "road_area": 4146.2465062625706, "road_pc": 41.462465062563922, "free_space_area": 1419.0403942081177, "free_space_pc": 14.190403942060033, "railways_area": 0.0, "railways_pc": 0.0, "free_space_number": 7.0, "tree_number": 3.0 }, "geometry": { "type": "MultiPolygon", "coordinates": [ [ [ [ 1262293.896874761208892, 5543369.404702704399824 ], [ 1262393.896874761208892, 5543369.404702704399824 ], [ 1262393.896874761208892, 5543269.404702704399824 ], [ 1262293.896874761208892, 5543269.404702704399824 ], [ 1262293.896874761208892, 5543369.404702704399824 ] ] ] ] } },
{ "type": "Feature", "properties": { "id": 500, "left": 1262293.8968747612, "top": 5543269.4047027044, "right": 1262393.8968747612, "bottom": 5543169.4047027044, "row_index": 9, "col_index": 14, "green_area": 573.11000507418066, "green_pc": 5.731100050733267, "buildings_area": 6984.5591929474613, "buildings_pc": 69.845591929370528, "road_area": 1192.2340319827199, "road_pc": 11.922340319809432, "free_space_area": 1251.116773071461, "free_space_pc": 12.511167730695968, "railways_area": 0.0, "railways_pc": 0.0, "free_space_number": 17.0, "tree_number": 0.0 }, "geometry": { "type": "MultiPolygon", "coordinates": [ [ [ [ 1262293.896874761208892, 5543269.404702704399824 ], [ 1262393.896874761208892, 5543269.404702704399824 ], [ 1262393.896874761208892, 5543169.404702704399824 ], [ 1262293.896874761208892, 5543169.404702704399824 ], [ 1262293.896874761208892, 5543269.404702704399824 ] ] ] ] } },
{ "type": "Feature", "properties": { "id": 501, "left": 1262293.8968747612, "top": 5543169.4047027044, "right": 1262393.8968747612, "bottom": 5543069.4047027044, "row_index": 10, "col_index": 14, "green_area": 0.0, "green_pc": 0.0, "buildings_area": 7140.2373208831996, "buildings_pc": 71.402373208725592, "road_area": 2109.2777859307826, "road_pc": 21.092777859276396, "free_space_area": 750.8947678648467, "free_space_pc": 7.5089476786372771, "railways_area": 0.0, "railways_pc": 0.0, "free_space_number": 15.0, "tree_number": 0.0 }, "geometry": { "type": "MultiPolygon", "coordinates": [ [ [ [ 1262293.896874761208892, 5543169.404702704399824 ], [ 1262393.896874761208892, 5543169.404702704399824 ], [ 1262393.896874761208892, 5543069.404702704399824 ], [ 1262293.896874761208892, 5543069.404702704399824 ], [ 1262293.896874761208892, 5543169.404702704399824 ] ] ] ] } },
{ "type": "Feature", "properties": { "id": 502, "left": 1262293.8968747612, "top": 5543069.4047027044, "right": 1262393.8968747612, "bottom": 5542969.4047027044, "row_index": 11, "col_index": 14, "green_area": 0.0, "green_pc": 0.0, "buildings_area": 5535.4923451568466, "buildings_pc": 55.35492345148598, "road_area": 3720.0314907282591, "road_pc": 37.20031490722716, "free_space_area": 745.81619138508029, "free_space_pc": 7.4581619138396897, "railways_area": 0.0, "railways_pc": 0.0, "free_space_number": 18.0, "tree_number": 0.0 }, "geometry": { "type": "MultiPolygon", "coordinates": [ [ [ [ 1262293.896874761208892, 5543069.404702704399824 ], [ 1262393.896874761208892, 5543069.404702704399824 ], [ 1262393.896874761208892, 5542969.404702704399824 ], [ 1262293.896874761208892, 5542969.404702704399824 ], [ 1262293.896874761208892, 5543069.404702704399824 ] ] ] ] } },
{ "type": "Feature", "properties": { "id": 503, "left": 1262293.8968747612, "top": 5542969.4047027044, "right": 1262393.8968747612, "bottom": 5542869.4047027044, "row_index": 12, "col_index": 14, "green_area": 0.0, "green_pc": 0.0, "buildings_area": 6117.7173225653823, "buildings_pc": 61.177173225562662, "road_area": 2439.2085598111153, "road_pc": 24.392085598074807, "free_space_area": 1443.0748055292661, "free_space_pc": 14.430748055271156, "railways_area": 0.0, "railways_pc": 0.0, "free_space_number": 15.0, "tree_number": 0.0 }, "geometry": { "type": "MultiPolygon", "coordinates": [ [ [ [ 1262293.896874761208892, 5542969.404702704399824 ], [ 1262393.896874761208892, 5542969.404702704399824 ], [ 1262393.896874761208892, 5542869.404702704399824 ], [ 1262293.896874761208892, 5542869.404702704399824 ], [ 1262293.896874761208892, 5542969.404702704399824 ] ] ] ] } },
{ "type": "Feature", "properties": { "id": 504, "left": 1262293.8968747612, "top": 5542869.4047027044, "right": 1262393.8968747612, "bottom": 5542769.4047027044, "row_index": 13, "col_index": 14, "green_area": 0.0, "green_pc": 0.0, "buildings_area": 7071.339230905287, "buildings_pc": 70.713392308947505, "road_area": 1838.1817880943418, "road_pc": 18.381817880916028, "free_space_area": 1090.4892904949859, "free_space_pc": 10.904892904933609, "railways_area": 0.0, "railways_pc": 0.0, "free_space_number": 23.0, "tree_number": 0.0 }, "geometry": { "type": "MultiPolygon", "coordinates": [ [ [ [ 1262293.896874761208892, 5542869.404702704399824 ], [ 1262393.896874761208892, 5542869.404702704399824 ], [ 1262393.896874761208892, 5542769.404702704399824 ], [ 1262293.896874761208892, 5542769.404702704399824 ], [ 1262293.896874761208892, 5542869.404702704399824 ] ] ] ] } },
{ "type": "Feature", "properties": { "id": 505, "left": 1262293.8968747612, "top": 5542769.4047027044, "right": 1262393.8968747612, "bottom": 5542669.4047027044, "row_index": 14, "col_index": 14, "green_area": 244.6052418788895, "green_pc": 2.4460524187852499, "buildings_area": 6866.2584473723546, "buildings_pc": 68.662584473621237, "road_area": 1927.256230417639, "road_pc": 19.272562304147673, "free_space_area": 962.48070109746936, "free_space_pc": 9.6248070109603514, "railways_area": 0.0, "railways_pc": 0.0, "free_space_number": 13.0, "tree_number": 0.0 }, "geometry": { "type": "MultiPolygon", "coordinates": [ [ [ [ 1262293.896874761208892, 5542769.404702704399824 ], [ 1262393.896874761208892, 5542769.404702704399824 ], [ 1262393.896874761208892, 5542669.404702704399824 ], [ 1262293.896874761208892, 5542669.404702704399824 ], [ 1262293.896874761208892, 5542769.404702704399824 ] ] ] ] } },
{ "type": "Feature", "properties": { "id": 506, "left": 1262293.8968747612, "top": 5542669.4047027044, "right": 1262393.8968747612, "bottom": 5542569.4047027044, "row_index": 15, "col_index": 14, "green_area": 40.443149492144585, "green_pc": 0.40443149492084318, "buildings_area": 7597.0248655811884, "buildings_pc": 75.970248655698683, "road_area": 1249.1330462805927, "road_pc": 12.491330462787314, "free_space_area": 1113.4467694796497, "free_space_pc": 11.134467694779906, "railways_area": 0.0, "railways_pc": 0.0, "free_space_number": 13.0, "tree_number": 0.0 }, "geometry": { "type": "MultiPolygon", "coordinates": [ [ [ [ 1262293.896874761208892, 5542669.404702704399824 ], [ 1262393.896874761208892, 5542669.404702704399824 ], [ 1262393.896874761208892, 5542569.404702704399824 ], [ 1262293.896874761208892, 5542569.404702704399824 ], [ 1262293.896874761208892, 5542669.404702704399824 ] ] ] ] } },
{ "type": "Feature", "properties": { "id": 507, "left": 1262293.8968747612, "top": 5542569.4047027044, "right": 1262393.8968747612, "bottom": 5542469.4047027044, "row_index": 16, "col_index": 14, "green_area": 0.0, "green_pc": 0.0, "buildings_area": 6963.9224426108412, "buildings_pc": 69.639224426004645, "road_area": 2241.8250899072737, "road_pc": 22.418250899039332, "free_space_area": 794.25246756763499, "free_space_pc": 7.9425246756645151, "railways_area": 0.0, "railways_pc": 0.0, "free_space_number": 9.0, "tree_number": 0.0 }, "geometry": { "type": "MultiPolygon", "coordinates": [ [ [ [ 1262293.896874761208892, 5542569.404702704399824 ], [ 1262393.896874761208892, 5542569.404702704399824 ], [ 1262393.896874761208892, 5542469.404702704399824 ], [ 1262293.896874761208892, 5542469.404702704399824 ], [ 1262293.896874761208892, 5542569.404702704399824 ] ] ] ] } },
{ "type": "Feature", "properties": { "id": 508, "left": 1262293.8968747612, "top": 5542469.4047027044, "right": 1262393.8968747612, "bottom": 5542369.4047027044, "row_index": 17, "col_index": 14, "green_area": 0.0, "green_pc": 0.0, "buildings_area": 6405.1048915651627, "buildings_pc": 64.05104891555618, "road_area": 2880.6172001808882, "road_pc": 28.806172001765958, "free_space_area": 714.56450184848359, "free_space_pc": 7.1456450184741884, "railways_area": 0.0, "railways_pc": 0.0, "free_space_number": 12.0, "tree_number": 0.0 }, "geometry": { "type": "MultiPolygon", "coordinates": [ [ [ [ 1262293.896874761208892, 5542469.404702704399824 ], [ 1262393.896874761208892, 5542469.404702704399824 ], [ 1262393.896874761208892, 5542369.404702704399824 ], [ 1262293.896874761208892, 5542369.404702704399824 ], [ 1262293.896874761208892, 5542469.404702704399824 ] ] ] ] } },
{ "type": "Feature", "properties": { "id": 509, "left": 1262293.8968747612, "top": 5542369.4047027044, "right": 1262393.8968747612, "bottom": 5542269.4047027044, "row_index": 18, "col_index": 14, "green_area": 257.82028808258474, "green_pc": 2.5782028808220057, "buildings_area": 5952.677136878483, "buildings_pc": 59.526771368696132, "road_area": 2349.9807695136842, "road_pc": 23.499807695101826, "free_space_area": 774.49943784703225, "free_space_pc": 7.7449943784587818, "railways_area": 0.0, "railways_pc": 0.0, "free_space_number": 15.0, "tree_number": 0.0 }, "geometry": { "type": "MultiPolygon", "coordinates": [ [ [ [ 1262293.896874761208892, 5542369.404702704399824 ], [ 1262393.896874761208892, 5542369.404702704399824 ], [ 1262393.896874761208892, 5542269.404702704399824 ], [ 1262293.896874761208892, 5542269.404702704399824 ], [ 1262293.896874761208892, 5542369.404702704399824 ] ] ] ] } },
{ "type": "Feature", "properties": { "id": 510, "left": 1262293.8968747612, "top": 5542269.4047027044, "right": 1262393.8968747612, "bottom": 5542169.4047027044, "row_index": 19, "col_index": 14, "green_area": 0.0, "green_pc": 0.0, "buildings_area": 4978.3440217771567, "buildings_pc": 49.783440217697382, "road_area": 115.402054451406, "road_pc": 1.1540205445123404, "free_space_area": 1093.0127661867393, "free_space_pc": 10.930127661851106, "railways_area": 0.0, "railways_pc": 0.0, "free_space_number": 7.0, "tree_number": 0.0 }, "geometry": { "type": "MultiPolygon", "coordinates": [ [ [ [ 1262293.896874761208892, 5542269.404702704399824 ], [ 1262393.896874761208892, 5542269.404702704399824 ], [ 1262393.896874761208892, 5542169.404702704399824 ], [ 1262293.896874761208892, 5542169.404702704399824 ], [ 1262293.896874761208892, 5542269.404702704399824 ] ] ] ] } },
{ "type": "Feature", "properties": { "id": 511, "left": 1262293.8968747612, "top": 5542169.4047027044, "right": 1262393.8968747612, "bottom": 5542069.4047027044, "row_index": 20, "col_index": 14, "green_area": 0.0, "green_pc": 0.0, "buildings_area": 7069.856600958854, "buildings_pc": 70.698566009483187, "road_area": 2137.6254548751749, "road_pc": 21.376254548719896, "free_space_area": 793.28377000847831, "free_space_pc": 7.9328377000729624, "railways_area": 0.0, "railways_pc": 0.0, "free_space_number": 8.0, "tree_number": 0.0 }, "geometry": { "type": "MultiPolygon", "coordinates": [ [ [ [ 1262293.896874761208892, 5542169.404702704399824 ], [ 1262393.896874761208892, 5542169.404702704399824 ], [ 1262393.896874761208892, 5542069.404702704399824 ], [ 1262293.896874761208892, 5542069.404702704399824 ], [ 1262293.896874761208892, 5542169.404702704399824 ] ] ] ] } },
{ "type": "Feature", "properties": { "id": 512, "left": 1262293.8968747612, "top": 5542069.4047027044, "right": 1262393.8968747612, "bottom": 5541969.4047027044, "row_index": 21, "col_index": 14, "green_area": 430.04027064563707, "green_pc": 4.3004027064499626, "buildings_area": 7056.9469392606989, "buildings_pc": 70.56946939250183, "road_area": 1028.6871051180642, "road_pc": 10.286871051165313, "free_space_area": 1485.189224382164, "free_space_pc": 14.851892243799508, "railways_area": 0.0, "railways_pc": 0.0, "free_space_number": 14.0, "tree_number": 0.0 }, "geometry": { "type": "MultiPolygon", "coordinates": [ [ [ [ 1262293.896874761208892, 5542069.404702704399824 ], [ 1262393.896874761208892, 5542069.404702704399824 ], [ 1262393.896874761208892, 5541969.404702704399824 ], [ 1262293.896874761208892, 5541969.404702704399824 ], [ 1262293.896874761208892, 5542069.404702704399824 ] ] ] ] } },
{ "type": "Feature", "properties": { "id": 513, "left": 1262293.8968747612, "top": 5541969.4047027044, "right": 1262393.8968747612, "bottom": 5541869.4047027044, "row_index": 22, "col_index": 14, "green_area": 914.71923103928566, "green_pc": 9.1471923103792268, "buildings_area": 6591.9913195273839, "buildings_pc": 65.91991319517561, "road_area": 1995.1018426902592, "road_pc": 19.951018426872864, "free_space_area": 499.41790636995171, "free_space_pc": 4.9941790636920755, "railways_area": 0.0, "railways_pc": 0.0, "free_space_number": 18.0, "tree_number": 0.0 }, "geometry": { "type": "MultiPolygon", "coordinates": [ [ [ [ 1262293.896874761208892, 5541969.404702704399824 ], [ 1262393.896874761208892, 5541969.404702704399824 ], [ 1262393.896874761208892, 5541869.404702704399824 ], [ 1262293.896874761208892, 5541869.404702704399824 ], [ 1262293.896874761208892, 5541969.404702704399824 ] ] ] ] } },
{ "type": "Feature", "properties": { "id": 514, "left": 1262293.8968747612, "top": 5541869.4047027044, "right": 1262393.8968747612, "bottom": 5541769.4047027044, "row_index": 23, "col_index": 14, "green_area": 391.84964045882225, "green_pc": 3.9184964045823834, "buildings_area": 6194.0222436352633, "buildings_pc": 61.940222436260335, "road_area": 2656.3980509191751, "road_pc": 26.563980509152167, "free_space_area": 757.91478472622271, "free_space_pc": 7.5791478472509333, "railways_area": 0.0, "railways_pc": 0.0, "free_space_number": 15.0, "tree_number": 0.0 }, "geometry": { "type": "MultiPolygon", "coordinates": [ [ [ [ 1262293.896874761208892, 5541869.404702704399824 ], [ 1262393.896874761208892, 5541869.404702704399824 ], [ 1262393.896874761208892, 5541769.404702704399824 ], [ 1262293.896874761208892, 5541769.404702704399824 ], [ 1262293.896874761208892, 5541869.404702704399824 ] ] ] ] } },
{ "type": "Feature", "properties": { "id": 515, "left": 1262293.8968747612, "top": 5541769.4047027044, "right": 1262393.8968747612, "bottom": 5541669.4047027044, "row_index": 24, "col_index": 14, "green_area": 489.14481502538547, "green_pc": 4.8914481502465659, "buildings_area": 7168.8912077061832, "buildings_pc": 71.688912076955006, "road_area": 1858.8971269051544, "road_pc": 18.588971269023844, "free_space_area": 483.33921806167825, "free_space_pc": 4.8333921806095805, "railways_area": 0.0, "railways_pc": 0.0, "free_space_number": 7.0, "tree_number": 0.0 }, "geometry": { "type": "MultiPolygon", "coordinates": [ [ [ [ 1262293.896874761208892, 5541769.404702704399824 ], [ 1262393.896874761208892, 5541769.404702704399824 ], [ 1262393.896874761208892, 5541669.404702704399824 ], [ 1262293.896874761208892, 5541669.404702704399824 ], [ 1262293.896874761208892, 5541769.404702704399824 ] ] ] ] } },
{ "type": "Feature", "properties": { "id": 516, "left": 1262293.8968747612, "top": 5541669.4047027044, "right": 1262393.8968747612, "bottom": 5541569.4047027044, "row_index": 25, "col_index": 14, "green_area": 309.81319054600317, "green_pc": 3.0981319054554151, "buildings_area": 6740.8645354323089, "buildings_pc": 67.408645354222642, "road_area": 1932.8156852833927, "road_pc": 19.328156852805126, "free_space_area": 1016.6244779274872, "free_space_pc": 10.166244779259722, "railways_area": 0.0, "railways_pc": 0.0, "free_space_number": 16.0, "tree_number": 0.0 }, "geometry": { "type": "MultiPolygon", "coordinates": [ [ [ [ 1262293.896874761208892, 5541669.404702704399824 ], [ 1262393.896874761208892, 5541669.404702704399824 ], [ 1262393.896874761208892, 5541569.404702704399824 ], [ 1262293.896874761208892, 5541569.404702704399824 ], [ 1262293.896874761208892, 5541669.404702704399824 ] ] ] ] } },
{ "type": "Feature", "properties": { "id": 517, "left": 1262293.8968747612, "top": 5541569.4047027044, "right": 1262393.8968747612, "bottom": 5541469.4047027044, "row_index": 26, "col_index": 14, "green_area": 416.48021192103624, "green_pc": 4.1648021192041567, "buildings_area": 6400.5908324439079, "buildings_pc": 64.005908324343707, "road_area": 1390.9205755926669, "road_pc": 13.909205755905942, "free_space_area": 1792.5415983656421, "free_space_pc": 17.925415983629712, "railways_area": 0.0, "railways_pc": 0.0, "free_space_number": 7.0, "tree_number": 0.0 }, "geometry": { "type": "MultiPolygon", "coordinates": [ [ [ [ 1262293.896874761208892, 5541569.404702704399824 ], [ 1262393.896874761208892, 5541569.404702704399824 ], [ 1262393.896874761208892, 5541469.404702704399824 ], [ 1262293.896874761208892, 5541469.404702704399824 ], [ 1262293.896874761208892, 5541569.404702704399824 ] ] ] ] } },
{ "type": "Feature", "properties": { "id": 518, "left": 1262293.8968747612, "top": 5541469.4047027044, "right": 1262393.8968747612, "bottom": 5541369.4047027044, "row_index": 27, "col_index": 14, "green_area": 0.0, "green_pc": 0.0, "buildings_area": 4933.4272553207702, "buildings_pc": 49.334272553134191, "road_area": 4118.537456379272, "road_pc": 41.185374563731351, "free_space_area": 948.03696603908065, "free_space_pc": 9.4803696603766792, "railways_area": 0.0, "railways_pc": 0.0, "free_space_number": 11.0, "tree_number": 3.0 }, "geometry": { "type": "MultiPolygon", "coordinates": [ [ [ [ 1262293.896874761208892, 5541469.404702704399824 ], [ 1262393.896874761208892, 5541469.404702704399824 ], [ 1262393.896874761208892, 5541369.404702704399824 ], [ 1262293.896874761208892, 5541369.404702704399824 ], [ 1262293.896874761208892, 5541469.404702704399824 ] ] ] ] } },
{ "type": "Feature", "properties": { "id": 519, "left": 1262293.8968747612, "top": 5541369.4047027044, "right": 1262393.8968747612, "bottom": 5541269.4047027044, "row_index": 28, "col_index": 14, "green_area": 116.22802890650928, "green_pc": 1.1622802890633608, "buildings_area": 5998.9043828377035, "buildings_pc": 59.989043828287642, "road_area": 3241.309229804785, "road_pc": 32.413092297999547, "free_space_area": 643.55843065779572, "free_space_pc": 6.4355843065683676, "railways_area": 0.0, "railways_pc": 0.0, "free_space_number": 16.0, "tree_number": 0.0 }, "geometry": { "type": "MultiPolygon", "coordinates": [ [ [ [ 1262293.896874761208892, 5541369.404702704399824 ], [ 1262393.896874761208892, 5541369.404702704399824 ], [ 1262393.896874761208892, 5541269.404702704399824 ], [ 1262293.896874761208892, 5541269.404702704399824 ], [ 1262293.896874761208892, 5541369.404702704399824 ] ] ] ] } },
{ "type": "Feature", "properties": { "id": 520, "left": 1262293.8968747612, "top": 5541269.4047027044, "right": 1262393.8968747612, "bottom": 5541169.4047027044, "row_index": 29, "col_index": 14, "green_area": 1256.0725588030182, "green_pc": 12.560725588011465, "buildings_area": 5118.0188875744352, "buildings_pc": 51.180188875668087, "road_area": 1827.470970377326, "road_pc": 18.27470970374603, "free_space_area": 1887.4416284700642, "free_space_pc": 18.874416284672517, "railways_area": 0.0, "railways_pc": 0.0, "free_space_number": 17.0, "tree_number": 0.0 }, "geometry": { "type": "MultiPolygon", "coordinates": [ [ [ [ 1262293.896874761208892, 5541269.404702704399824 ], [ 1262393.896874761208892, 5541269.404702704399824 ], [ 1262393.896874761208892, 5541169.404702704399824 ], [ 1262293.896874761208892, 5541169.404702704399824 ], [ 1262293.896874761208892, 5541269.404702704399824 ] ] ] ] } },
{ "type": "Feature", "properties": { "id": 521, "left": 1262293.8968747612, "top": 5541169.4047027044, "right": 1262393.8968747612, "bottom": 5541069.4047027044, "row_index": 30, "col_index": 14, "green_area": 1556.2681755162776, "green_pc": 15.562681755139586, "buildings_area": 5351.2110243063071, "buildings_pc": 53.512110242983333, "road_area": 2393.8360923230648, "road_pc": 23.938360923194978, "free_space_area": 710.1519923216938, "free_space_pc": 7.1015199232063564, "railways_area": 0.0, "railways_pc": 0.0, "free_space_number": 16.0, "tree_number": 1.0 }, "geometry": { "type": "MultiPolygon", "coordinates": [ [ [ [ 1262293.896874761208892, 5541169.404702704399824 ], [ 1262393.896874761208892, 5541169.404702704399824 ], [ 1262393.896874761208892, 5541069.404702704399824 ], [ 1262293.896874761208892, 5541069.404702704399824 ], [ 1262293.896874761208892, 5541169.404702704399824 ] ] ] ] } },
{ "type": "Feature", "properties": { "id": 522, "left": 1262293.8968747612, "top": 5541069.4047027044, "right": 1262393.8968747612, "bottom": 5540969.4047027044, "row_index": 31, "col_index": 14, "green_area": 329.3886805200018, "green_pc": 7.0999158656726706, "buildings_area": 95.030772437574342, "buildings_pc": 2.0483718137839655, "road_area": 4235.7584918476641, "road_pc": 91.301039464836094, "free_space_area": 0.031930099994497141, "free_space_pc": 0.00068824776609067149, "railways_area": 0.0, "railways_pc": 0.0, "free_space_number": 1.0, "tree_number": 7.0 }, "geometry": { "type": "MultiPolygon", "coordinates": [ [ [ [ 1262393.167662173509598, 5541014.302474861964583 ], [ 1262330.864686736837029, 5541025.234650435857475 ], [ 1262313.056146182119846, 5541028.180674580857158 ], [ 1262296.110664984444156, 5541032.132951972074807 ], [ 1262293.896874761208892, 5541033.33772916905582 ], [ 1262293.896874761208892, 5541069.404702704399824 ], [ 1262393.896874761208892, 5541069.404702704399824 ], [ 1262393.896874761208892, 5541014.173311851918697 ], [ 1262393.167662173509598, 5541014.302474861964583 ] ] ] ] } },
{ "type": "Feature", "properties": { "id": 526, "left": 1262393.8968747612, "top": 5544169.4047027044, "right": 1262493.8968747612, "bottom": 5544069.4047027044, "row_index": 0, "col_index": 15, "green_area": 0.0, "green_pc": 0.0, "buildings_area": 2802.3751954743639, "buildings_pc": 34.463114623680802, "road_area": 0.0, "road_pc": 0.0, "free_space_area": 0.0, "free_space_pc": 0.0, "railways_area": 5329.1452026637271, "railways_pc": 65.536885375746536, "free_space_number": 0.0, "tree_number": 0.0 }, "geometry": { "type": "MultiPolygon", "coordinates": [ [ [ [ 1262414.746652364730835, 5544156.075061446987092 ], [ 1262493.896874761208892, 5544141.507639269344509 ], [ 1262493.896874761208892, 5544069.404702704399824 ], [ 1262393.896874761208892, 5544069.404702704399824 ], [ 1262393.896874761208892, 5544160.007177864201367 ], [ 1262414.746652364730835, 5544156.075061446987092 ] ] ] ] } },
{ "type": "Feature", "properties": { "id": 527, "left": 1262393.8968747612, "top": 5544069.4047027044, "right": 1262493.8968747612, "bottom": 5543969.4047027044, "row_index": 1, "col_index": 15, "green_area": 72.109662938863039, "green_pc": 0.72109662938755592, "buildings_area": 5827.7867086427286, "buildings_pc": 58.277867086340443, "road_area": 3685.0067052692175, "road_pc": 36.850067052637264, "free_space_area": 190.74552537626562, "free_space_pc": 1.9074552537598137, "railways_area": 244.88454660773277, "railways_pc": 2.4488454660736787, "free_space_number": 5.0, "tree_number": 0.0 }, "geometry": { "type": "MultiPolygon", "coordinates": [ [ [ [ 1262393.896874761208892, 5544069.404702704399824 ], [ 1262493.896874761208892, 5544069.404702704399824 ], [ 1262493.896874761208892, 5543969.404702704399824 ], [ 1262393.896874761208892, 5543969.404702704399824 ], [ 1262393.896874761208892, 5544069.404702704399824 ] ] ] ] } },
{ "type": "Feature", "properties": { "id": 528, "left": 1262393.8968747612, "top": 5543969.4047027044, "right": 1262493.8968747612, "bottom": 5543869.4047027044, "row_index": 2, "col_index": 15, "green_area": 4589.2705829516053, "green_pc": 45.892705829447671, "buildings_area": 2501.3549902290106, "buildings_pc": 25.013549902252834, "road_area": 1749.8609775006771, "road_pc": 17.498609774980697, "free_space_area": 1161.7944538677693, "free_space_pc": 11.617944538660382, "railways_area": 0.0, "railways_pc": 0.0, "free_space_number": 7.0, "tree_number": 0.0 }, "geometry": { "type": "MultiPolygon", "coordinates": [ [ [ [ 1262393.896874761208892, 5543969.404702704399824 ], [ 1262493.896874761208892, 5543969.404702704399824 ], [ 1262493.896874761208892, 5543869.404702704399824 ], [ 1262393.896874761208892, 5543869.404702704399824 ], [ 1262393.896874761208892, 5543969.404702704399824 ] ] ] ] } },
{ "type": "Feature", "properties": { "id": 529, "left": 1262393.8968747612, "top": 5543869.4047027044, "right": 1262493.8968747612, "bottom": 5543769.4047027044, "row_index": 3, "col_index": 15, "green_area": 0.0, "green_pc": 0.0, "buildings_area": 4775.7935488671064, "buildings_pc": 47.757935488599898, "road_area": 4472.2594740390778, "road_pc": 44.722594740324134, "free_space_area": 751.94697707635351, "free_space_pc": 7.5194697707523304, "railways_area": 0.0, "railways_pc": 0.0, "free_space_number": 3.0, "tree_number": 0.0 }, "geometry": { "type": "MultiPolygon", "coordinates": [ [ [ [ 1262393.896874761208892, 5543869.404702704399824 ], [ 1262493.896874761208892, 5543869.404702704399824 ], [ 1262493.896874761208892, 5543769.404702704399824 ], [ 1262393.896874761208892, 5543769.404702704399824 ], [ 1262393.896874761208892, 5543869.404702704399824 ] ] ] ] } },
{ "type": "Feature", "properties": { "id": 530, "left": 1262393.8968747612, "top": 5543769.4047027044, "right": 1262493.8968747612, "bottom": 5543669.4047027044, "row_index": 4, "col_index": 15, "green_area": 269.31555688753724, "green_pc": 2.6931555688713593, "buildings_area": 4283.2440482079983, "buildings_pc": 42.83244048201616, "road_area": 4632.5105363130569, "road_pc": 46.325105363061539, "free_space_area": 815.38562584942645, "free_space_pc": 8.1538562584821133, "railways_area": 0.0, "railways_pc": 0.0, "free_space_number": 6.0, "tree_number": 0.0 }, "geometry": { "type": "MultiPolygon", "coordinates": [ [ [ [ 1262393.896874761208892, 5543769.404702704399824 ], [ 1262493.896874761208892, 5543769.404702704399824 ], [ 1262493.896874761208892, 5543669.404702704399824 ], [ 1262393.896874761208892, 5543669.404702704399824 ], [ 1262393.896874761208892, 5543769.404702704399824 ] ] ] ] } },
{ "type": "Feature", "properties": { "id": 531, "left": 1262393.8968747612, "top": 5543669.4047027044, "right": 1262493.8968747612, "bottom": 5543569.4047027044, "row_index": 5, "col_index": 15, "green_area": 0.0, "green_pc": 0.0, "buildings_area": 5692.4673356153071, "buildings_pc": 56.924673356068247, "road_area": 2736.9600030761212, "road_pc": 27.369600030720427, "free_space_area": 1571.3867715075271, "free_space_pc": 15.713867715051856, "railways_area": 0.0, "railways_pc": 0.0, "free_space_number": 8.0, "tree_number": 3.0 }, "geometry": { "type": "MultiPolygon", "coordinates": [ [ [ [ 1262393.896874761208892, 5543669.404702704399824 ], [ 1262493.896874761208892, 5543669.404702704399824 ], [ 1262493.896874761208892, 5543569.404702704399824 ], [ 1262393.896874761208892, 5543569.404702704399824 ], [ 1262393.896874761208892, 5543669.404702704399824 ] ] ] ] } },
{ "type": "Feature", "properties": { "id": 532, "left": 1262393.8968747612, "top": 5543569.4047027044, "right": 1262493.8968747612, "bottom": 5543469.4047027044, "row_index": 6, "col_index": 15, "green_area": 88.291469253133982, "green_pc": 0.88291469253002419, "buildings_area": 3990.6934950761497, "buildings_pc": 39.906934950702031, "road_area": 3030.9705746434629, "road_pc": 30.309705746389465, "free_space_area": 944.26208221494016, "free_space_pc": 9.4426208221353303, "railways_area": 0.0, "railways_pc": 0.0, "free_space_number": 9.0, "tree_number": 19.0 }, "geometry": { "type": "MultiPolygon", "coordinates": [ [ [ [ 1262393.896874761208892, 5543569.404702704399824 ], [ 1262493.896874761208892, 5543569.404702704399824 ], [ 1262493.896874761208892, 5543469.404702704399824 ], [ 1262393.896874761208892, 5543469.404702704399824 ], [ 1262393.896874761208892, 5543569.404702704399824 ] ] ] ] } },
{ "type": "Feature", "properties": { "id": 533, "left": 1262393.8968747612, "top": 5543469.4047027044, "right": 1262493.8968747612, "bottom": 5543369.4047027044, "row_index": 7, "col_index": 15, "green_area": 97.917206668411382, "green_pc": 0.97917206668265477, "buildings_area": 3727.5255852316041, "buildings_pc": 37.275255852260493, "road_area": 1654.8692486025393, "road_pc": 16.548692486000732, "free_space_area": 3179.9899133332256, "free_space_pc": 31.799899133284868, "railways_area": 0.0, "railways_pc": 0.0, "free_space_number": 6.0, "tree_number": 0.0 }, "geometry": { "type": "MultiPolygon", "coordinates": [ [ [ [ 1262393.896874761208892, 5543469.404702704399824 ], [ 1262493.896874761208892, 5543469.404702704399824 ], [ 1262493.896874761208892, 5543369.404702704399824 ], [ 1262393.896874761208892, 5543369.404702704399824 ], [ 1262393.896874761208892, 5543469.404702704399824 ] ] ] ] } },
{ "type": "Feature", "properties": { "id": 534, "left": 1262393.8968747612, "top": 5543369.4047027044, "right": 1262493.8968747612, "bottom": 5543269.4047027044, "row_index": 8, "col_index": 15, "green_area": 439.23551986552775, "green_pc": 4.3923551986487324, "buildings_area": 3042.1794934896752, "buildings_pc": 30.42179493485142, "road_area": 3211.2515380382538, "road_pc": 32.112515380334685, "free_space_area": 3313.589007837531, "free_space_pc": 33.135890078325929, "railways_area": 0.0, "railways_pc": 0.0, "free_space_number": 8.0, "tree_number": 1.0 }, "geometry": { "type": "MultiPolygon", "coordinates": [ [ [ [ 1262393.896874761208892, 5543369.404702704399824 ], [ 1262493.896874761208892, 5543369.404702704399824 ], [ 1262493.896874761208892, 5543269.404702704399824 ], [ 1262393.896874761208892, 5543269.404702704399824 ], [ 1262393.896874761208892, 5543369.404702704399824 ] ] ] ] } },
{ "type": "Feature", "properties": { "id": 535, "left": 1262393.8968747612, "top": 5543269.4047027044, "right": 1262493.8968747612, "bottom": 5543169.4047027044, "row_index": 9, "col_index": 15, "green_area": 249.58736594591755, "green_pc": 2.4958736594554565, "buildings_area": 7398.5075829746202, "buildings_pc": 73.98507582963596, "road_area": 1087.9350200793706, "road_pc": 10.879350200777495, "free_space_area": 1264.4816287408344, "free_space_pc": 12.644816287389501, "railways_area": 0.0, "railways_pc": 0.0, "free_space_number": 28.0, "tree_number": 0.0 }, "geometry": { "type": "MultiPolygon", "coordinates": [ [ [ [ 1262393.896874761208892, 5543269.404702704399824 ], [ 1262493.896874761208892, 5543269.404702704399824 ], [ 1262493.896874761208892, 5543169.404702704399824 ], [ 1262393.896874761208892, 5543169.404702704399824 ], [ 1262393.896874761208892, 5543269.404702704399824 ] ] ] ] } },
{ "type": "Feature", "properties": { "id": 536, "left": 1262393.8968747612, "top": 5543169.4047027044, "right": 1262493.8968747612, "bottom": 5543069.4047027044, "row_index": 10, "col_index": 15, "green_area": 1761.2525309273042, "green_pc": 17.612525309246799, "buildings_area": 5411.2210863865912, "buildings_pc": 54.112210863785279, "road_area": 1029.9169364495956, "road_pc": 10.29916936448061, "free_space_area": 1798.9082632312829, "free_space_pc": 17.989082632286024, "railways_area": 0.0, "railways_pc": 0.0, "free_space_number": 25.0, "tree_number": 0.0 }, "geometry": { "type": "MultiPolygon", "coordinates": [ [ [ [ 1262393.896874761208892, 5543169.404702704399824 ], [ 1262493.896874761208892, 5543169.404702704399824 ], [ 1262493.896874761208892, 5543069.404702704399824 ], [ 1262393.896874761208892, 5543069.404702704399824 ], [ 1262393.896874761208892, 5543169.404702704399824 ] ] ] ] } },
{ "type": "Feature", "properties": { "id": 537, "left": 1262393.8968747612, "top": 5543069.4047027044, "right": 1262493.8968747612, "bottom": 5542969.4047027044, "row_index": 11, "col_index": 15, "green_area": 439.03342587256338, "green_pc": 4.3903342587190917, "buildings_area": 6299.0313081450295, "buildings_pc": 62.990313081356433, "road_area": 1491.5624224906787, "road_pc": 14.915624224884562, "free_space_area": 1771.3421050896629, "free_space_pc": 17.713421050870235, "railways_area": 0.0, "railways_pc": 0.0, "free_space_number": 15.0, "tree_number": 0.0 }, "geometry": { "type": "MultiPolygon", "coordinates": [ [ [ [ 1262393.896874761208892, 5543069.404702704399824 ], [ 1262493.896874761208892, 5543069.404702704399824 ], [ 1262493.896874761208892, 5542969.404702704399824 ], [ 1262393.896874761208892, 5542969.404702704399824 ], [ 1262393.896874761208892, 5543069.404702704399824 ] ] ] ] } },
{ "type": "Feature", "properties": { "id": 538, "left": 1262393.8968747612, "top": 5542969.4047027044, "right": 1262493.8968747612, "bottom": 5542869.4047027044, "row_index": 12, "col_index": 15, "green_area": 0.0, "green_pc": 0.0, "buildings_area": 5892.8634813812096, "buildings_pc": 58.928634813724287, "road_area": 2747.2188249379396, "road_pc": 27.472188249338458, "free_space_area": 1360.0034402429271, "free_space_pc": 13.600034402409007, "railways_area": 0.0, "railways_pc": 0.0, "free_space_number": 14.0, "tree_number": 0.0 }, "geometry": { "type": "MultiPolygon", "coordinates": [ [ [ [ 1262393.896874761208892, 5542969.404702704399824 ], [ 1262493.896874761208892, 5542969.404702704399824 ], [ 1262493.896874761208892, 5542869.404702704399824 ], [ 1262393.896874761208892, 5542869.404702704399824 ], [ 1262393.896874761208892, 5542969.404702704399824 ] ] ] ] } },
{ "type": "Feature", "properties": { "id": 539, "left": 1262393.8968747612, "top": 5542869.4047027044, "right": 1262493.8968747612, "bottom": 5542769.4047027044, "row_index": 13, "col_index": 15, "green_area": 0.0, "green_pc": 0.0, "buildings_area": 6558.5052932382096, "buildings_pc": 65.58505293228437, "road_area": 1016.6086698025465, "road_pc": 10.166086698010316, "free_space_area": 2424.9296679372274, "free_space_pc": 24.24929667933614, "railways_area": 0.0, "railways_pc": 0.0, "free_space_number": 12.0, "tree_number": 0.0 }, "geometry": { "type": "MultiPolygon", "coordinates": [ [ [ [ 1262393.896874761208892, 5542869.404702704399824 ], [ 1262493.896874761208892, 5542869.404702704399824 ], [ 1262493.896874761208892, 5542769.404702704399824 ], [ 1262393.896874761208892, 5542769.404702704399824 ], [ 1262393.896874761208892, 5542869.404702704399824 ] ] ] ] } },
{ "type": "Feature", "properties": { "id": 540, "left": 1262393.8968747612, "top": 5542769.4047027044, "right": 1262493.8968747612, "bottom": 5542669.4047027044, "row_index": 14, "col_index": 15, "green_area": 417.57366905035451, "green_pc": 4.175736690497323, "buildings_area": 6850.6434514550492, "buildings_pc": 68.506434514448415, "road_area": 924.04344541812316, "road_pc": 9.2404344541674615, "free_space_area": 1841.6145054340723, "free_space_pc": 18.416145054313283, "railways_area": 0.0, "railways_pc": 0.0, "free_space_number": 18.0, "tree_number": 0.0 }, "geometry": { "type": "MultiPolygon", "coordinates": [ [ [ [ 1262393.896874761208892, 5542769.404702704399824 ], [ 1262493.896874761208892, 5542769.404702704399824 ], [ 1262493.896874761208892, 5542669.404702704399824 ], [ 1262393.896874761208892, 5542669.404702704399824 ], [ 1262393.896874761208892, 5542769.404702704399824 ] ] ] ] } },
{ "type": "Feature", "properties": { "id": 541, "left": 1262393.8968747612, "top": 5542669.4047027044, "right": 1262493.8968747612, "bottom": 5542569.4047027044, "row_index": 15, "col_index": 15, "green_area": 198.62983254622668, "green_pc": 1.986298325459307, "buildings_area": 6833.7786760772578, "buildings_pc": 68.337786760670753, "road_area": 2153.194664016366, "road_pc": 21.531946640131576, "free_space_area": 814.58956678602794, "free_space_pc": 8.1458956678481425, "railways_area": 0.0, "railways_pc": 0.0, "free_space_number": 16.0, "tree_number": 0.0 }, "geometry": { "type": "MultiPolygon", "coordinates": [ [ [ [ 1262393.896874761208892, 5542669.404702704399824 ], [ 1262493.896874761208892, 5542669.404702704399824 ], [ 1262493.896874761208892, 5542569.404702704399824 ], [ 1262393.896874761208892, 5542569.404702704399824 ], [ 1262393.896874761208892, 5542669.404702704399824 ] ] ] ] } },
{ "type": "Feature", "properties": { "id": 542, "left": 1262393.8968747612, "top": 5542569.4047027044, "right": 1262493.8968747612, "bottom": 5542469.4047027044, "row_index": 16, "col_index": 15, "green_area": 0.0, "green_pc": 0.0, "buildings_area": 7470.9195161527023, "buildings_pc": 74.709195161415693, "road_area": 2397.7653609458357, "road_pc": 23.977653609422628, "free_space_area": 131.3197105294434, "free_space_pc": 1.3131971052924771, "railways_area": 0.0, "railways_pc": 0.0, "free_space_number": 8.0, "tree_number": 0.0 }, "geometry": { "type": "MultiPolygon", "coordinates": [ [ [ [ 1262393.896874761208892, 5542569.404702704399824 ], [ 1262493.896874761208892, 5542569.404702704399824 ], [ 1262493.896874761208892, 5542469.404702704399824 ], [ 1262393.896874761208892, 5542469.404702704399824 ], [ 1262393.896874761208892, 5542569.404702704399824 ] ] ] ] } },
{ "type": "Feature", "properties": { "id": 543, "left": 1262393.8968747612, "top": 5542469.4047027044, "right": 1262493.8968747612, "bottom": 5542369.4047027044, "row_index": 17, "col_index": 15, "green_area": 0.0, "green_pc": 0.0, "buildings_area": 5829.3430734486319, "buildings_pc": 58.293430734399458, "road_area": 3609.2490840032697, "road_pc": 36.092490839978915, "free_space_area": 561.41811394527269, "free_space_pc": 5.6141811394443613, "railways_area": 0.0, "railways_pc": 0.0, "free_space_number": 15.0, "tree_number": 0.0 }, "geometry": { "type": "MultiPolygon", "coordinates": [ [ [ [ 1262393.896874761208892, 5542469.404702704399824 ], [ 1262493.896874761208892, 5542469.404702704399824 ], [ 1262493.896874761208892, 5542369.404702704399824 ], [ 1262393.896874761208892, 5542369.404702704399824 ], [ 1262393.896874761208892, 5542469.404702704399824 ] ] ] ] } },
{ "type": "Feature", "properties": { "id": 544, "left": 1262393.8968747612, "top": 5542369.4047027044, "right": 1262493.8968747612, "bottom": 5542269.4047027044, "row_index": 18, "col_index": 15, "green_area": 0.0, "green_pc": 0.0, "buildings_area": 5573.1801298868377, "buildings_pc": 55.731801298785328, "road_area": 3202.4753307607025, "road_pc": 32.024753307559301, "free_space_area": 472.22117679714921, "free_space_pc": 4.7222117679644553, "railways_area": 0.0, "railways_pc": 0.0, "free_space_number": 11.0, "tree_number": 0.0 }, "geometry": { "type": "MultiPolygon", "coordinates": [ [ [ [ 1262393.896874761208892, 5542369.404702704399824 ], [ 1262493.896874761208892, 5542369.404702704399824 ], [ 1262493.896874761208892, 5542269.404702704399824 ], [ 1262393.896874761208892, 5542269.404702704399824 ], [ 1262393.896874761208892, 5542369.404702704399824 ] ] ] ] } },
{ "type": "Feature", "properties": { "id": 545, "left": 1262393.8968747612, "top": 5542269.4047027044, "right": 1262493.8968747612, "bottom": 5542169.4047027044, "row_index": 19, "col_index": 15, "green_area": 186.29318495839834, "green_pc": 1.8629318495812075, "buildings_area": 3265.7294433414936, "buildings_pc": 32.657294433366275, "road_area": 1088.0542163867503, "road_pc": 10.88054216385129, "free_space_area": 683.25783713866349, "free_space_pc": 6.832578371376453, "railways_area": 0.0, "railways_pc": 0.0, "free_space_number": 7.0, "tree_number": 0.0 }, "geometry": { "type": "MultiPolygon", "coordinates": [ [ [ [ 1262393.896874761208892, 5542269.404702704399824 ], [ 1262493.896874761208892, 5542269.404702704399824 ], [ 1262493.896874761208892, 5542169.404702704399824 ], [ 1262393.896874761208892, 5542169.404702704399824 ], [ 1262393.896874761208892, 5542269.404702704399824 ] ] ] ] } },
{ "type": "Feature", "properties": { "id": 546, "left": 1262393.8968747612, "top": 5542169.4047027044, "right": 1262493.8968747612, "bottom": 5542069.4047027044, "row_index": 20, "col_index": 15, "green_area": 0.0, "green_pc": 0.0, "buildings_area": 5464.2198456528131, "buildings_pc": 54.642198456446707, "road_area": 3871.635604262352, "road_pc": 38.716356042565828, "free_space_area": 664.16068207705393, "free_space_pc": 6.6416068207606429, "railways_area": 0.0, "railways_pc": 0.0, "free_space_number": 9.0, "tree_number": 6.0 }, "geometry": { "type": "MultiPolygon", "coordinates": [ [ [ [ 1262393.896874761208892, 5542169.404702704399824 ], [ 1262493.896874761208892, 5542169.404702704399824 ], [ 1262493.896874761208892, 5542069.404702704399824 ], [ 1262393.896874761208892, 5542069.404702704399824 ], [ 1262393.896874761208892, 5542169.404702704399824 ] ] ] ] } },
{ "type": "Feature", "properties": { "id": 547, "left": 1262393.8968747612, "top": 5542069.4047027044, "right": 1262493.8968747612, "bottom": 5541969.4047027044, "row_index": 21, "col_index": 15, "green_area": 0.0, "green_pc": 0.0, "buildings_area": 6436.4757684133947, "buildings_pc": 64.36475768403804, "road_area": 3168.0666796416044, "road_pc": 31.680666796368836, "free_space_area": 395.70311965144697, "free_space_pc": 3.9570311965085732, "railways_area": 0.0, "railways_pc": 0.0, "free_space_number": 18.0, "tree_number": 5.0 }, "geometry": { "type": "MultiPolygon", "coordinates": [ [ [ [ 1262393.896874761208892, 5542069.404702704399824 ], [ 1262493.896874761208892, 5542069.404702704399824 ], [ 1262493.896874761208892, 5541969.404702704399824 ], [ 1262393.896874761208892, 5541969.404702704399824 ], [ 1262393.896874761208892, 5542069.404702704399824 ] ] ] ] } },
{ "type": "Feature", "properties": { "id": 548, "left": 1262393.8968747612, "top": 5541969.4047027044, "right": 1262493.8968747612, "bottom": 5541869.4047027044, "row_index": 22, "col_index": 15, "green_area": 686.99085279088467, "green_pc": 6.8699085278986098, "buildings_area": 6795.4760062413989, "buildings_pc": 67.954760062312729, "road_area": 1726.9441134184599, "road_pc": 17.269441134158864, "free_space_area": 795.78534814743603, "free_space_pc": 7.9578534814625019, "railways_area": 0.0, "railways_pc": 0.0, "free_space_number": 15.0, "tree_number": 0.0 }, "geometry": { "type": "MultiPolygon", "coordinates": [ [ [ [ 1262393.896874761208892, 5541969.404702704399824 ], [ 1262493.896874761208892, 5541969.404702704399824 ], [ 1262493.896874761208892, 5541869.404702704399824 ], [ 1262393.896874761208892, 5541869.404702704399824 ], [ 1262393.896874761208892, 5541969.404702704399824 ] ] ] ] } },
{ "type": "Feature", "properties": { "id": 549, "left": 1262393.8968747612, "top": 5541869.4047027044, "right": 1262493.8968747612, "bottom": 5541769.4047027044, "row_index": 23, "col_index": 15, "green_area": 256.1765929616522, "green_pc": 2.5617659296127049, "buildings_area": 7959.994190893136, "buildings_pc": 79.599941908812752, "road_area": 1453.7099973000586, "road_pc": 14.537099972978924, "free_space_area": 445.90680115584451, "free_space_pc": 4.4590680115518007, "railways_area": 0.0, "railways_pc": 0.0, "free_space_number": 14.0, "tree_number": 0.0 }, "geometry": { "type": "MultiPolygon", "coordinates": [ [ [ [ 1262393.896874761208892, 5541869.404702704399824 ], [ 1262493.896874761208892, 5541869.404702704399824 ], [ 1262493.896874761208892, 5541769.404702704399824 ], [ 1262393.896874761208892, 5541769.404702704399824 ], [ 1262393.896874761208892, 5541869.404702704399824 ] ] ] ] } },
{ "type": "Feature", "properties": { "id": 550, "left": 1262393.8968747612, "top": 5541769.4047027044, "right": 1262493.8968747612, "bottom": 5541669.4047027044, "row_index": 24, "col_index": 15, "green_area": 3086.3824601937085, "green_pc": 30.863824601891096, "buildings_area": 5182.5482955095358, "buildings_pc": 51.825482955018131, "road_area": 505.25079141696915, "road_pc": 5.0525079141621623, "free_space_area": 1293.0877019606824, "free_space_pc": 12.930877019587555, "railways_area": 0.0, "railways_pc": 0.0, "free_space_number": 14.0, "tree_number": 0.0 }, "geometry": { "type": "MultiPolygon", "coordinates": [ [ [ [ 1262393.896874761208892, 5541769.404702704399824 ], [ 1262493.896874761208892, 5541769.404702704399824 ], [ 1262493.896874761208892, 5541669.404702704399824 ], [ 1262393.896874761208892, 5541669.404702704399824 ], [ 1262393.896874761208892, 5541769.404702704399824 ] ] ] ] } },
{ "type": "Feature", "properties": { "id": 551, "left": 1262393.8968747612, "top": 5541669.4047027044, "right": 1262493.8968747612, "bottom": 5541569.4047027044, "row_index": 25, "col_index": 15, "green_area": 0.0, "green_pc": 0.0, "buildings_area": 6218.2206852903473, "buildings_pc": 62.182206852810815, "road_area": 1769.7384432330728, "road_pc": 17.697384432304357, "free_space_area": 2012.0909808005235, "free_space_pc": 20.120909807975252, "railways_area": 0.0, "railways_pc": 0.0, "free_space_number": 15.0, "tree_number": 0.0 }, "geometry": { "type": "MultiPolygon", "coordinates": [ [ [ [ 1262393.896874761208892, 5541669.404702704399824 ], [ 1262493.896874761208892, 5541669.404702704399824 ], [ 1262493.896874761208892, 5541569.404702704399824 ], [ 1262393.896874761208892, 5541569.404702704399824 ], [ 1262393.896874761208892, 5541669.404702704399824 ] ] ] ] } },
{ "type": "Feature", "properties": { "id": 552, "left": 1262393.8968747612, "top": 5541569.4047027044, "right": 1262493.8968747612, "bottom": 5541469.4047027044, "row_index": 26, "col_index": 15, "green_area": 0.0, "green_pc": 0.0, "buildings_area": 6043.9202926829457, "buildings_pc": 60.439202926739398, "road_area": 2568.3871678933501, "road_pc": 25.68387167889523, "free_space_area": 1387.69253945474, "free_space_pc": 13.876925394526721, "railways_area": 0.0, "railways_pc": 0.0, "free_space_number": 11.0, "tree_number": 0.0 }, "geometry": { "type": "MultiPolygon", "coordinates": [ [ [ [ 1262393.896874761208892, 5541569.404702704399824 ], [ 1262493.896874761208892, 5541569.404702704399824 ], [ 1262493.896874761208892, 5541469.404702704399824 ], [ 1262393.896874761208892, 5541469.404702704399824 ], [ 1262393.896874761208892, 5541569.404702704399824 ] ] ] ] } },
{ "type": "Feature", "properties": { "id": 553, "left": 1262393.8968747612, "top": 5541469.4047027044, "right": 1262493.8968747612, "bottom": 5541369.4047027044, "row_index": 27, "col_index": 15, "green_area": 680.69208116317168, "green_pc": 6.8069208116215734, "buildings_area": 6736.6634181626141, "buildings_pc": 67.366634181525754, "road_area": 1736.6050486396998, "road_pc": 17.366050486371122, "free_space_area": 846.4853105019663, "free_space_pc": 8.4648531050070499, "railways_area": 0.0, "railways_pc": 0.0, "free_space_number": 11.0, "tree_number": 0.0 }, "geometry": { "type": "MultiPolygon", "coordinates": [ [ [ [ 1262393.896874761208892, 5541469.404702704399824 ], [ 1262493.896874761208892, 5541469.404702704399824 ], [ 1262493.896874761208892, 5541369.404702704399824 ], [ 1262393.896874761208892, 5541369.404702704399824 ], [ 1262393.896874761208892, 5541469.404702704399824 ] ] ] ] } },
{ "type": "Feature", "properties": { "id": 554, "left": 1262393.8968747612, "top": 5541369.4047027044, "right": 1262493.8968747612, "bottom": 5541269.4047027044, "row_index": 28, "col_index": 15, "green_area": 351.99278010241687, "green_pc": 3.5199278010189237, "buildings_area": 6654.4756481046788, "buildings_pc": 66.544756480947626, "road_area": 1970.9056087192148, "road_pc": 19.709056087162779, "free_space_area": 1023.1902323743932, "free_space_pc": 10.231902323728686, "railways_area": 0.0, "railways_pc": 0.0, "free_space_number": 27.0, "tree_number": 0.0 }, "geometry": { "type": "MultiPolygon", "coordinates": [ [ [ [ 1262393.896874761208892, 5541369.404702704399824 ], [ 1262493.896874761208892, 5541369.404702704399824 ], [ 1262493.896874761208892, 5541269.404702704399824 ], [ 1262393.896874761208892, 5541269.404702704399824 ], [ 1262393.896874761208892, 5541369.404702704399824 ] ] ] ] } },
{ "type": "Feature", "properties": { "id": 555, "left": 1262393.8968747612, "top": 5541269.4047027044, "right": 1262493.8968747612, "bottom": 5541169.4047027044, "row_index": 29, "col_index": 15, "green_area": 1269.5770144928247, "green_pc": 12.695770144909329, "buildings_area": 5829.494778664317, "buildings_pc": 58.294947786556307, "road_area": 1692.3627183772624, "road_pc": 16.923627183747406, "free_space_area": 1220.6048648953024, "free_space_pc": 12.206048648934836, "railways_area": 0.0, "railways_pc": 0.0, "free_space_number": 19.0, "tree_number": 0.0 }, "geometry": { "type": "MultiPolygon", "coordinates": [ [ [ [ 1262393.896874761208892, 5541269.404702704399824 ], [ 1262493.896874761208892, 5541269.404702704399824 ], [ 1262493.896874761208892, 5541169.404702704399824 ], [ 1262393.896874761208892, 5541169.404702704399824 ], [ 1262393.896874761208892, 5541269.404702704399824 ] ] ] ] } },
{ "type": "Feature", "properties": { "id": 556, "left": 1262393.8968747612, "top": 5541169.4047027044, "right": 1262493.8968747612, "bottom": 5541069.4047027044, "row_index": 30, "col_index": 15, "green_area": 247.11208081117366, "green_pc": 2.4711208081080542, "buildings_area": 6292.52680477174, "buildings_pc": 62.925268047623632, "road_area": 1587.8593647554517, "road_pc": 15.878593647530856, "free_space_area": 1873.0497313203359, "free_space_pc": 18.730497313175448, "railways_area": 0.0, "railways_pc": 0.0, "free_space_number": 13.0, "tree_number": 0.0 }, "geometry": { "type": "MultiPolygon", "coordinates": [ [ [ [ 1262393.896874761208892, 5541169.404702704399824 ], [ 1262493.896874761208892, 5541169.404702704399824 ], [ 1262493.896874761208892, 5541069.404702704399824 ], [ 1262393.896874761208892, 5541069.404702704399824 ], [ 1262393.896874761208892, 5541169.404702704399824 ] ] ] ] } },
{ "type": "Feature", "properties": { "id": 557, "left": 1262393.8968747612, "top": 5541069.4047027044, "right": 1262493.8968747612, "bottom": 5540969.4047027044, "row_index": 31, "col_index": 15, "green_area": 576.77171356789768, "green_pc": 8.9997220422819986, "buildings_area": 1628.9830740356119, "buildings_pc": 25.418019873432577, "road_area": 3711.3530295677483, "road_pc": 57.910512740425766, "free_space_area": 491.70318627738322, "free_space_pc": 7.6723457473784773, "railways_area": 0.0, "railways_pc": 0.0, "free_space_number": 5.0, "tree_number": 0.0 }, "geometry": { "type": "MultiPolygon", "coordinates": [ [ [ [ 1262393.896874761208892, 5541014.173311851918697 ], [ 1262393.896874761208892, 5541069.404702704399824 ], [ 1262493.896874761208892, 5541069.404702704399824 ], [ 1262493.896874761208892, 5540996.460643057711422 ], [ 1262393.896874761208892, 5541014.173311851918697 ] ] ] ] } },
{ "type": "Feature", "properties": { "id": 561, "left": 1262493.8968747612, "top": 5544169.4047027044, "right": 1262593.8968747612, "bottom": 5544069.4047027044, "row_index": 0, "col_index": 16, "green_area": 0.0, "green_pc": 0.0, "buildings_area": 3228.7135365568101, "buildings_pc": 51.339590393711596, "road_area": 0.0, "road_pc": 0.0, "free_space_area": 0.0044023536916797008, "free_space_pc": 7.0001575779345436e-05, "railways_area": 3060.2171924058348, "railways_pc": 48.660339604316974, "free_space_number": 2.0, "tree_number": 0.0 }, "geometry": { "type": "MultiPolygon", "coordinates": [ [ [ [ 1262568.415924082510173, 5544127.792574184015393 ], [ 1262593.896874761208892, 5544123.014979879371822 ], [ 1262593.896874761208892, 5544069.404702704399824 ], [ 1262493.896874761208892, 5544069.404702704399824 ], [ 1262493.896874761208892, 5544141.507639269344509 ], [ 1262568.415924082510173, 5544127.792574184015393 ] ] ] ] } },
{ "type": "Feature", "properties": { "id": 562, "left": 1262493.8968747612, "top": 5544069.4047027044, "right": 1262593.8968747612, "bottom": 5543969.4047027044, "row_index": 1, "col_index": 16, "green_area": 0.0, "green_pc": 0.0, "buildings_area": 5416.1509091537446, "buildings_pc": 54.161509091456736, "road_area": 3654.8094450123608, "road_pc": 36.548094450069151, "free_space_area": 530.21418266022761, "free_space_pc": 5.3021418265943749, "railways_area": 399.13245841860771, "railways_pc": 3.9913245841801297, "free_space_number": 4.0, "tree_number": 0.0 }, "geometry": { "type": "MultiPolygon", "coordinates": [ [ [ [ 1262493.896874761208892, 5544069.404702704399824 ], [ 1262593.896874761208892, 5544069.404702704399824 ], [ 1262593.896874761208892, 5543969.404702704399824 ], [ 1262493.896874761208892, 5543969.404702704399824 ], [ 1262493.896874761208892, 5544069.404702704399824 ] ] ] ] } },
{ "type": "Feature", "properties": { "id": 563, "left": 1262493.8968747612, "top": 5543969.4047027044, "right": 1262593.8968747612, "bottom": 5543869.4047027044, "row_index": 2, "col_index": 16, "green_area": 271.81679415144026, "green_pc": 2.7181679415103521, "buildings_area": 6512.3180959015153, "buildings_pc": 65.123180958918113, "road_area": 2208.9600644111633, "road_pc": 22.089600644078718, "free_space_area": 1006.9050455848046, "free_space_pc": 10.069050455833041, "railways_area": 0.0, "railways_pc": 0.0, "free_space_number": 3.0, "tree_number": 0.0 }, "geometry": { "type": "MultiPolygon", "coordinates": [ [ [ [ 1262493.896874761208892, 5543969.404702704399824 ], [ 1262593.896874761208892, 5543969.404702704399824 ], [ 1262593.896874761208892, 5543869.404702704399824 ], [ 1262493.896874761208892, 5543869.404702704399824 ], [ 1262493.896874761208892, 5543969.404702704399824 ] ] ] ] } },
{ "type": "Feature", "properties": { "id": 564, "left": 1262493.8968747612, "top": 5543869.4047027044, "right": 1262593.8968747612, "bottom": 5543769.4047027044, "row_index": 3, "col_index": 16, "green_area": 0.0, "green_pc": 0.0, "buildings_area": 5511.43933926709, "buildings_pc": 55.114393392588774, "road_area": 2857.0949611645192, "road_pc": 28.570949611602618, "free_space_area": 1631.719970747457, "free_space_pc": 16.317199707450253, "railways_area": 0.0, "railways_pc": 0.0, "free_space_number": 5.0, "tree_number": 0.0 }, "geometry": { "type": "MultiPolygon", "coordinates": [ [ [ [ 1262493.896874761208892, 5543869.404702704399824 ], [ 1262593.896874761208892, 5543869.404702704399824 ], [ 1262593.896874761208892, 5543769.404702704399824 ], [ 1262493.896874761208892, 5543769.404702704399824 ], [ 1262493.896874761208892, 5543869.404702704399824 ] ] ] ] } },
{ "type": "Feature", "properties": { "id": 565, "left": 1262493.8968747612, "top": 5543769.4047027044, "right": 1262593.8968747612, "bottom": 5543669.4047027044, "row_index": 4, "col_index": 16, "green_area": 0.0, "green_pc": 0.0, "buildings_area": 6283.423019667156, "buildings_pc": 62.834230196577927, "road_area": 436.90718623995781, "road_pc": 4.369071862393068, "free_space_area": 3279.6697940845042, "free_space_pc": 32.796697940796172, "railways_area": 0.0, "railways_pc": 0.0, "free_space_number": 7.0, "tree_number": 0.0 }, "geometry": { "type": "MultiPolygon", "coordinates": [ [ [ [ 1262493.896874761208892, 5543769.404702704399824 ], [ 1262593.896874761208892, 5543769.404702704399824 ], [ 1262593.896874761208892, 5543669.404702704399824 ], [ 1262493.896874761208892, 5543669.404702704399824 ], [ 1262493.896874761208892, 5543769.404702704399824 ] ] ] ] } },
{ "type": "Feature", "properties": { "id": 566, "left": 1262493.8968747612, "top": 5543669.4047027044, "right": 1262593.8968747612, "bottom": 5543569.4047027044, "row_index": 5, "col_index": 16, "green_area": 0.0, "green_pc": 0.0, "buildings_area": 2814.3787529915571, "buildings_pc": 28.143787529873634, "road_area": 6792.0403362214565, "road_pc": 67.920403362113362, "free_space_area": 393.92694885773335, "free_space_pc": 3.9392694885714636, "railways_area": 0.0, "railways_pc": 0.0, "free_space_number": 9.0, "tree_number": 32.0 }, "geometry": { "type": "MultiPolygon", "coordinates": [ [ [ [ 1262493.896874761208892, 5543669.404702704399824 ], [ 1262593.896874761208892, 5543669.404702704399824 ], [ 1262593.896874761208892, 5543569.404702704399824 ], [ 1262493.896874761208892, 5543569.404702704399824 ], [ 1262493.896874761208892, 5543669.404702704399824 ] ] ] ] } },
{ "type": "Feature", "properties": { "id": 567, "left": 1262493.8968747612, "top": 5543569.4047027044, "right": 1262593.8968747612, "bottom": 5543469.4047027044, "row_index": 6, "col_index": 16, "green_area": 465.38780375011265, "green_pc": 4.6538780374941915, "buildings_area": 5393.8446225371445, "buildings_pc": 53.938446225291067, "road_area": 694.44677578657866, "road_pc": 6.9444677578554384, "free_space_area": 3446.3212021475774, "free_space_pc": 34.463212021424418, "railways_area": 0.0, "railways_pc": 0.0, "free_space_number": 8.0, "tree_number": 2.0 }, "geometry": { "type": "MultiPolygon", "coordinates": [ [ [ [ 1262493.896874761208892, 5543569.404702704399824 ], [ 1262593.896874761208892, 5543569.404702704399824 ], [ 1262593.896874761208892, 5543469.404702704399824 ], [ 1262493.896874761208892, 5543469.404702704399824 ], [ 1262493.896874761208892, 5543569.404702704399824 ] ] ] ] } },
{ "type": "Feature", "properties": { "id": 568, "left": 1262493.8968747612, "top": 5543469.4047027044, "right": 1262593.8968747612, "bottom": 5543369.4047027044, "row_index": 7, "col_index": 16, "green_area": 121.27163507789373, "green_pc": 1.2127163507771304, "buildings_area": 5490.2309686280787, "buildings_pc": 54.902309686198976, "road_area": 3472.5419156774879, "road_pc": 34.725419156723135, "free_space_area": 915.99460110278198, "free_space_pc": 9.1599460110141706, "railways_area": 0.0, "railways_pc": 0.0, "free_space_number": 10.0, "tree_number": 0.0 }, "geometry": { "type": "MultiPolygon", "coordinates": [ [ [ [ 1262493.896874761208892, 5543469.404702704399824 ], [ 1262593.896874761208892, 5543469.404702704399824 ], [ 1262593.896874761208892, 5543369.404702704399824 ], [ 1262493.896874761208892, 5543369.404702704399824 ], [ 1262493.896874761208892, 5543469.404702704399824 ] ] ] ] } },
{ "type": "Feature", "properties": { "id": 569, "left": 1262493.8968747612, "top": 5543369.4047027044, "right": 1262593.8968747612, "bottom": 5543269.4047027044, "row_index": 8, "col_index": 16, "green_area": 0.0, "green_pc": 0.0, "buildings_area": 3160.6561854099855, "buildings_pc": 31.606561854052757, "road_area": 4226.7315698042512, "road_pc": 42.267315697979527, "free_space_area": 2612.6986046795228, "free_space_pc": 26.126986046756294, "railways_area": 0.0, "railways_pc": 0.0, "free_space_number": 6.0, "tree_number": 10.0 }, "geometry": { "type": "MultiPolygon", "coordinates": [ [ [ [ 1262493.896874761208892, 5543369.404702704399824 ], [ 1262593.896874761208892, 5543369.404702704399824 ], [ 1262593.896874761208892, 5543269.404702704399824 ], [ 1262493.896874761208892, 5543269.404702704399824 ], [ 1262493.896874761208892, 5543369.404702704399824 ] ] ] ] } },
{ "type": "Feature", "properties": { "id": 570, "left": 1262493.8968747612, "top": 5543269.4047027044, "right": 1262593.8968747612, "bottom": 5543169.4047027044, "row_index": 9, "col_index": 16, "green_area": 259.43246441613883, "green_pc": 2.5943246441575223, "buildings_area": 5906.4595458081458, "buildings_pc": 59.064595457993441, "road_area": 2173.5265421122313, "road_pc": 21.735265421089924, "free_space_area": 1674.275663749105, "free_space_pc": 16.742756637466101, "railways_area": 0.0, "railways_pc": 0.0, "free_space_number": 15.0, "tree_number": 0.0 }, "geometry": { "type": "MultiPolygon", "coordinates": [ [ [ [ 1262493.896874761208892, 5543269.404702704399824 ], [ 1262593.896874761208892, 5543269.404702704399824 ], [ 1262593.896874761208892, 5543169.404702704399824 ], [ 1262493.896874761208892, 5543169.404702704399824 ], [ 1262493.896874761208892, 5543269.404702704399824 ] ] ] ] } },
{ "type": "Feature", "properties": { "id": 571, "left": 1262493.8968747612, "top": 5543169.4047027044, "right": 1262593.8968747612, "bottom": 5543069.4047027044, "row_index": 10, "col_index": 16, "green_area": 458.54316664300859, "green_pc": 4.5854316664232533, "buildings_area": 6642.5553923924454, "buildings_pc": 66.425553923825476, "road_area": 1308.2620405210473, "road_pc": 13.082620405190978, "free_space_area": 1649.8579389096467, "free_space_pc": 16.498579389071882, "railways_area": 0.0, "railways_pc": 0.0, "free_space_number": 24.0, "tree_number": 0.0 }, "geometry": { "type": "MultiPolygon", "coordinates": [ [ [ [ 1262493.896874761208892, 5543169.404702704399824 ], [ 1262593.896874761208892, 5543169.404702704399824 ], [ 1262593.896874761208892, 5543069.404702704399824 ], [ 1262493.896874761208892, 5543069.404702704399824 ], [ 1262493.896874761208892, 5543169.404702704399824 ] ] ] ] } },
{ "type": "Feature", "properties": { "id": 572, "left": 1262493.8968747612, "top": 5543069.4047027044, "right": 1262593.8968747612, "bottom": 5542969.4047027044, "row_index": 11, "col_index": 16, "green_area": 63.009529403992929, "green_pc": 0.63009529403899034, "buildings_area": 6261.3822919968516, "buildings_pc": 62.613822919875211, "road_area": 2704.3827597195341, "road_pc": 27.043827597155044, "free_space_area": 971.53829338149035, "free_space_pc": 9.7153829338004272, "railways_area": 0.0, "railways_pc": 0.0, "free_space_number": 18.0, "tree_number": 0.0 }, "geometry": { "type": "MultiPolygon", "coordinates": [ [ [ [ 1262493.896874761208892, 5543069.404702704399824 ], [ 1262593.896874761208892, 5543069.404702704399824 ], [ 1262593.896874761208892, 5542969.404702704399824 ], [ 1262493.896874761208892, 5542969.404702704399824 ], [ 1262493.896874761208892, 5543069.404702704399824 ] ] ] ] } },
{ "type": "Feature", "properties": { "id": 573, "left": 1262493.8968747612, "top": 5542969.4047027044, "right": 1262593.8968747612, "bottom": 5542869.4047027044, "row_index": 12, "col_index": 16, "green_area": 287.10462251212448, "green_pc": 2.8710462251169666, "buildings_area": 5541.7465204166947, "buildings_pc": 55.417465204084365, "road_area": 3471.3737308131531, "road_pc": 34.7137373080798, "free_space_area": 699.77512628406635, "free_space_pc": 6.9977512628302359, "railways_area": 0.0, "railways_pc": 0.0, "free_space_number": 8.0, "tree_number": 0.0 }, "geometry": { "type": "MultiPolygon", "coordinates": [ [ [ [ 1262493.896874761208892, 5542969.404702704399824 ], [ 1262593.896874761208892, 5542969.404702704399824 ], [ 1262593.896874761208892, 5542869.404702704399824 ], [ 1262493.896874761208892, 5542869.404702704399824 ], [ 1262493.896874761208892, 5542969.404702704399824 ] ] ] ] } },
{ "type": "Feature", "properties": { "id": 574, "left": 1262493.8968747612, "top": 5542869.4047027044, "right": 1262593.8968747612, "bottom": 5542769.4047027044, "row_index": 13, "col_index": 16, "green_area": 0.0, "green_pc": 0.0, "buildings_area": 6316.7411482613534, "buildings_pc": 63.167411482519405, "road_area": 2168.6719597354531, "road_pc": 21.686719597322217, "free_space_area": 1514.6248791345715, "free_space_pc": 15.146248791323146, "railways_area": 0.0, "railways_pc": 0.0, "free_space_number": 8.0, "tree_number": 0.0 }, "geometry": { "type": "MultiPolygon", "coordinates": [ [ [ [ 1262493.896874761208892, 5542869.404702704399824 ], [ 1262593.896874761208892, 5542869.404702704399824 ], [ 1262593.896874761208892, 5542769.404702704399824 ], [ 1262493.896874761208892, 5542769.404702704399824 ], [ 1262493.896874761208892, 5542869.404702704399824 ] ] ] ] } },
{ "type": "Feature", "properties": { "id": 575, "left": 1262493.8968747612, "top": 5542769.4047027044, "right": 1262593.8968747612, "bottom": 5542669.4047027044, "row_index": 14, "col_index": 16, "green_area": 0.0, "green_pc": 0.0, "buildings_area": 6935.8494563100394, "buildings_pc": 69.358494562997038, "road_area": 2119.3208949267864, "road_pc": 21.193208949236283, "free_space_area": 944.86406036559492, "free_space_pc": 9.44864060364187, "railways_area": 0.0, "railways_pc": 0.0, "free_space_number": 10.0, "tree_number": 0.0 }, "geometry": { "type": "MultiPolygon", "coordinates": [ [ [ [ 1262493.896874761208892, 5542769.404702704399824 ], [ 1262593.896874761208892, 5542769.404702704399824 ], [ 1262593.896874761208892, 5542669.404702704399824 ], [ 1262493.896874761208892, 5542669.404702704399824 ], [ 1262493.896874761208892, 5542769.404702704399824 ] ] ] ] } },
{ "type": "Feature", "properties": { "id": 576, "left": 1262493.8968747612, "top": 5542669.4047027044, "right": 1262593.8968747612, "bottom": 5542569.4047027044, "row_index": 15, "col_index": 16, "green_area": 0.0, "green_pc": 0.0, "buildings_area": 6338.475818363484, "buildings_pc": 63.384758183540391, "road_area": 2361.5513819903135, "road_pc": 23.615513819867946, "free_space_area": 1299.9740812689167, "free_space_pc": 12.999740812669797, "railways_area": 0.0, "railways_pc": 0.0, "free_space_number": 10.0, "tree_number": 0.0 }, "geometry": { "type": "MultiPolygon", "coordinates": [ [ [ [ 1262493.896874761208892, 5542669.404702704399824 ], [ 1262593.896874761208892, 5542669.404702704399824 ], [ 1262593.896874761208892, 5542569.404702704399824 ], [ 1262493.896874761208892, 5542569.404702704399824 ], [ 1262493.896874761208892, 5542669.404702704399824 ] ] ] ] } },
{ "type": "Feature", "properties": { "id": 577, "left": 1262493.8968747612, "top": 5542569.4047027044, "right": 1262593.8968747612, "bottom": 5542469.4047027044, "row_index": 16, "col_index": 16, "green_area": 133.53110324218869, "green_pc": 1.3353110324198971, "buildings_area": 6329.3297954541631, "buildings_pc": 63.293297954447318, "road_area": 1663.2780850380659, "road_pc": 16.632780850355875, "free_space_area": 1873.8631701622389, "free_space_pc": 18.738631701594464, "railways_area": 0.0, "railways_pc": 0.0, "free_space_number": 7.0, "tree_number": 0.0 }, "geometry": { "type": "MultiPolygon", "coordinates": [ [ [ [ 1262493.896874761208892, 5542569.404702704399824 ], [ 1262593.896874761208892, 5542569.404702704399824 ], [ 1262593.896874761208892, 5542469.404702704399824 ], [ 1262493.896874761208892, 5542469.404702704399824 ], [ 1262493.896874761208892, 5542569.404702704399824 ] ] ] ] } },
{ "type": "Feature", "properties": { "id": 578, "left": 1262493.8968747612, "top": 5542469.4047027044, "right": 1262593.8968747612, "bottom": 5542369.4047027044, "row_index": 17, "col_index": 16, "green_area": 0.0, "green_pc": 0.0, "buildings_area": 7146.7996344775893, "buildings_pc": 71.467996344669402, "road_area": 2318.9232975640334, "road_pc": 23.18923297560578, "free_space_area": 534.29037750919281, "free_space_pc": 5.3429037750839665, "railways_area": 0.0, "railways_pc": 0.0, "free_space_number": 8.0, "tree_number": 0.0 }, "geometry": { "type": "MultiPolygon", "coordinates": [ [ [ [ 1262493.896874761208892, 5542469.404702704399824 ], [ 1262593.896874761208892, 5542469.404702704399824 ], [ 1262593.896874761208892, 5542369.404702704399824 ], [ 1262493.896874761208892, 5542369.404702704399824 ], [ 1262493.896874761208892, 5542469.404702704399824 ] ] ] ] } },
{ "type": "Feature", "properties": { "id": 579, "left": 1262493.8968747612, "top": 5542369.4047027044, "right": 1262593.8968747612, "bottom": 5542269.4047027044, "row_index": 18, "col_index": 16, "green_area": 339.42632609605789, "green_pc": 3.3942632609555212, "buildings_area": 8316.051528185606, "buildings_pc": 83.160515281732145, "road_area": 731.00631093978882, "road_pc": 7.310063109386995, "free_space_area": 659.14421651838347, "free_space_pc": 6.5914421651740129, "railways_area": 0.0, "railways_pc": 0.0, "free_space_number": 3.0, "tree_number": 0.0 }, "geometry": { "type": "MultiPolygon", "coordinates": [ [ [ [ 1262493.896874761208892, 5542369.404702704399824 ], [ 1262593.896874761208892, 5542369.404702704399824 ], [ 1262593.896874761208892, 5542269.404702704399824 ], [ 1262493.896874761208892, 5542269.404702704399824 ], [ 1262493.896874761208892, 5542369.404702704399824 ] ] ] ] } },
{ "type": "Feature", "properties": { "id": 580, "left": 1262493.8968747612, "top": 5542269.4047027044, "right": 1262593.8968747612, "bottom": 5542169.4047027044, "row_index": 19, "col_index": 16, "green_area": 1341.4312373391585, "green_pc": 13.414312373371596, "buildings_area": 5585.1696462333202, "buildings_pc": 55.851696462249976, "road_area": 835.51955705881119, "road_pc": 8.3551955705756615, "free_space_area": 2237.8795593955429, "free_space_pc": 22.378795593922082, "railways_area": 0.0, "railways_pc": 0.0, "free_space_number": 7.0, "tree_number": 0.0 }, "geometry": { "type": "MultiPolygon", "coordinates": [ [ [ [ 1262493.896874761208892, 5542269.404702704399824 ], [ 1262593.896874761208892, 5542269.404702704399824 ], [ 1262593.896874761208892, 5542169.404702704399824 ], [ 1262493.896874761208892, 5542169.404702704399824 ], [ 1262493.896874761208892, 5542269.404702704399824 ] ] ] ] } },
{ "type": "Feature", "properties": { "id": 581, "left": 1262493.8968747612, "top": 5542169.4047027044, "right": 1262593.8968747612, "bottom": 5542069.4047027044, "row_index": 20, "col_index": 16, "green_area": 0.0, "green_pc": 0.0, "buildings_area": 7093.7462512542552, "buildings_pc": 70.937462512436852, "road_area": 2083.4413045216352, "road_pc": 20.834413045185308, "free_space_area": 822.87461847543898, "free_space_pc": 8.2287461847421266, "railways_area": 0.0, "railways_pc": 0.0, "free_space_number": 21.0, "tree_number": 0.0 }, "geometry": { "type": "MultiPolygon", "coordinates": [ [ [ [ 1262493.896874761208892, 5542169.404702704399824 ], [ 1262593.896874761208892, 5542169.404702704399824 ], [ 1262593.896874761208892, 5542069.404702704399824 ], [ 1262493.896874761208892, 5542069.404702704399824 ], [ 1262493.896874761208892, 5542169.404702704399824 ] ] ] ] } },
{ "type": "Feature", "properties": { "id": 582, "left": 1262493.8968747612, "top": 5542069.4047027044, "right": 1262593.8968747612, "bottom": 5541969.4047027044, "row_index": 21, "col_index": 16, "green_area": 401.32532574981451, "green_pc": 4.0132532574921651, "buildings_area": 7085.4903671368957, "buildings_pc": 70.854903671263372, "road_area": 1776.4565152339637, "road_pc": 17.764565152313168, "free_space_area": 737.36182756888775, "free_space_pc": 7.373618275677889, "railways_area": 0.0, "railways_pc": 0.0, "free_space_number": 18.0, "tree_number": 0.0 }, "geometry": { "type": "MultiPolygon", "coordinates": [ [ [ [ 1262493.896874761208892, 5542069.404702704399824 ], [ 1262593.896874761208892, 5542069.404702704399824 ], [ 1262593.896874761208892, 5541969.404702704399824 ], [ 1262493.896874761208892, 5541969.404702704399824 ], [ 1262493.896874761208892, 5542069.404702704399824 ] ] ] ] } },
{ "type": "Feature", "properties": { "id": 583, "left": 1262493.8968747612, "top": 5541969.4047027044, "right": 1262593.8968747612, "bottom": 5541869.4047027044, "row_index": 22, "col_index": 16, "green_area": 433.09162958525121, "green_pc": 4.330916295846059, "buildings_area": 6473.6120143800508, "buildings_pc": 64.736120143704042, "road_area": 2458.4922973960638, "road_pc": 24.584922973924005, "free_space_area": 635.10146582855668, "free_space_pc": 6.3510146582761031, "railways_area": 0.0, "railways_pc": 0.0, "free_space_number": 15.0, "tree_number": 0.0 }, "geometry": { "type": "MultiPolygon", "coordinates": [ [ [ [ 1262493.896874761208892, 5541969.404702704399824 ], [ 1262593.896874761208892, 5541969.404702704399824 ], [ 1262593.896874761208892, 5541869.404702704399824 ], [ 1262493.896874761208892, 5541869.404702704399824 ], [ 1262493.896874761208892, 5541969.404702704399824 ] ] ] ] } },
{ "type": "Feature", "properties": { "id": 584, "left": 1262493.8968747612, "top": 5541869.4047027044, "right": 1262593.8968747612, "bottom": 5541769.4047027044, "row_index": 23, "col_index": 16, "green_area": 0.0, "green_pc": 0.0, "buildings_area": 6524.6758525311016, "buildings_pc": 65.246758525213792, "road_area": 2723.8187734782696, "road_pc": 27.238187734742109, "free_space_area": 751.58745251353889, "free_space_pc": 7.5158745251241896, "railways_area": 0.0, "railways_pc": 0.0, "free_space_number": 13.0, "tree_number": 0.0 }, "geometry": { "type": "MultiPolygon", "coordinates": [ [ [ [ 1262493.896874761208892, 5541869.404702704399824 ], [ 1262593.896874761208892, 5541869.404702704399824 ], [ 1262593.896874761208892, 5541769.404702704399824 ], [ 1262493.896874761208892, 5541769.404702704399824 ], [ 1262493.896874761208892, 5541869.404702704399824 ] ] ] ] } },
{ "type": "Feature", "properties": { "id": 585, "left": 1262493.8968747612, "top": 5541769.4047027044, "right": 1262593.8968747612, "bottom": 5541669.4047027044, "row_index": 24, "col_index": 16, "green_area": 128.14163044653833, "green_pc": 1.2814163044634739, "buildings_area": 6983.9445085176267, "buildings_pc": 69.8394450850722, "road_area": 1569.3609927543439, "road_pc": 15.693609927520054, "free_space_area": 1319.0176972050506, "free_space_pc": 13.19017697203085, "railways_area": 0.0, "railways_pc": 0.0, "free_space_number": 16.0, "tree_number": 0.0 }, "geometry": { "type": "MultiPolygon", "coordinates": [ [ [ [ 1262493.896874761208892, 5541769.404702704399824 ], [ 1262593.896874761208892, 5541769.404702704399824 ], [ 1262593.896874761208892, 5541669.404702704399824 ], [ 1262493.896874761208892, 5541669.404702704399824 ], [ 1262493.896874761208892, 5541769.404702704399824 ] ] ] ] } },
{ "type": "Feature", "properties": { "id": 586, "left": 1262493.8968747612, "top": 5541669.4047027044, "right": 1262593.8968747612, "bottom": 5541569.4047027044, "row_index": 25, "col_index": 16, "green_area": 0.0, "green_pc": 0.0, "buildings_area": 7171.7220636238344, "buildings_pc": 71.717220636131472, "road_area": 2139.9715801272541, "road_pc": 21.399715801240653, "free_space_area": 688.30635620492444, "free_space_pc": 6.8830635620389868, "railways_area": 0.0, "railways_pc": 0.0, "free_space_number": 10.0, "tree_number": 0.0 }, "geometry": { "type": "MultiPolygon", "coordinates": [ [ [ [ 1262493.896874761208892, 5541669.404702704399824 ], [ 1262593.896874761208892, 5541669.404702704399824 ], [ 1262593.896874761208892, 5541569.404702704399824 ], [ 1262493.896874761208892, 5541569.404702704399824 ], [ 1262493.896874761208892, 5541669.404702704399824 ] ] ] ] } },
{ "type": "Feature", "properties": { "id": 587, "left": 1262493.8968747612, "top": 5541569.4047027044, "right": 1262593.8968747612, "bottom": 5541469.4047027044, "row_index": 26, "col_index": 16, "green_area": 1062.1211156714708, "green_pc": 10.62121115669888, "buildings_area": 5793.491212235298, "buildings_pc": 57.934912122266653, "road_area": 0.0, "road_pc": 0.0, "free_space_area": 3148.8741340513807, "free_space_pc": 31.488741340466884, "railways_area": 0.0, "railways_pc": 0.0, "free_space_number": 12.0, "tree_number": 0.0 }, "geometry": { "type": "MultiPolygon", "coordinates": [ [ [ [ 1262493.896874761208892, 5541569.404702704399824 ], [ 1262593.896874761208892, 5541569.404702704399824 ], [ 1262593.896874761208892, 5541469.404702704399824 ], [ 1262493.896874761208892, 5541469.404702704399824 ], [ 1262493.896874761208892, 5541569.404702704399824 ] ] ] ] } },
{ "type": "Feature", "properties": { "id": 588, "left": 1262493.8968747612, "top": 5541469.4047027044, "right": 1262593.8968747612, "bottom": 5541369.4047027044, "row_index": 27, "col_index": 16, "green_area": 2745.9276482183486, "green_pc": 27.45927648214257, "buildings_area": 4275.5684433630668, "buildings_pc": 42.755684433566955, "road_area": 836.16190560534596, "road_pc": 8.3616190560410004, "free_space_area": 2190.7517122114077, "free_space_pc": 21.907517122081433, "railways_area": 0.0, "railways_pc": 0.0, "free_space_number": 12.0, "tree_number": 0.0 }, "geometry": { "type": "MultiPolygon", "coordinates": [ [ [ [ 1262493.896874761208892, 5541469.404702704399824 ], [ 1262593.896874761208892, 5541469.404702704399824 ], [ 1262593.896874761208892, 5541369.404702704399824 ], [ 1262493.896874761208892, 5541369.404702704399824 ], [ 1262493.896874761208892, 5541469.404702704399824 ] ] ] ] } },
{ "type": "Feature", "properties": { "id": 589, "left": 1262493.8968747612, "top": 5541369.4047027044, "right": 1262593.8968747612, "bottom": 5541269.4047027044, "row_index": 28, "col_index": 16, "green_area": 33.287658508867025, "green_pc": 0.33287658508817425, "buildings_area": 7722.8931096066954, "buildings_pc": 77.228931095951879, "road_area": 1216.4088924389798, "road_pc": 12.164088924371672, "free_space_area": 1027.769638302736, "free_space_pc": 10.277696383012044, "railways_area": 0.0, "railways_pc": 0.0, "free_space_number": 22.0, "tree_number": 0.0 }, "geometry": { "type": "MultiPolygon", "coordinates": [ [ [ [ 1262493.896874761208892, 5541369.404702704399824 ], [ 1262593.896874761208892, 5541369.404702704399824 ], [ 1262593.896874761208892, 5541269.404702704399824 ], [ 1262493.896874761208892, 5541269.404702704399824 ], [ 1262493.896874761208892, 5541369.404702704399824 ] ] ] ] } },
{ "type": "Feature", "properties": { "id": 590, "left": 1262493.8968747612, "top": 5541269.4047027044, "right": 1262593.8968747612, "bottom": 5541169.4047027044, "row_index": 29, "col_index": 16, "green_area": 1554.0045894138166, "green_pc": 15.540045894115009, "buildings_area": 6220.4054934552405, "buildings_pc": 62.204054934459712, "road_area": 399.17387171089649, "road_pc": 3.9917387171030168, "free_space_area": 1828.2660319745619, "free_space_pc": 18.282660319718374, "railways_area": 0.0, "railways_pc": 0.0, "free_space_number": 26.0, "tree_number": 0.0 }, "geometry": { "type": "MultiPolygon", "coordinates": [ [ [ [ 1262493.896874761208892, 5541269.404702704399824 ], [ 1262593.896874761208892, 5541269.404702704399824 ], [ 1262593.896874761208892, 5541169.404702704399824 ], [ 1262493.896874761208892, 5541169.404702704399824 ], [ 1262493.896874761208892, 5541269.404702704399824 ] ] ] ] } },
{ "type": "Feature", "properties": { "id": 591, "left": 1262493.8968747612, "top": 5541169.4047027044, "right": 1262593.8968747612, "bottom": 5541069.4047027044, "row_index": 30, "col_index": 16, "green_area": 776.3567141337553, "green_pc": 7.7635671413259848, "buildings_area": 6771.1934628272429, "buildings_pc": 67.711934628171534, "road_area": 1067.8770792689174, "road_pc": 10.678770792673262, "free_space_area": 1385.7419668181124, "free_space_pc": 13.857419668160475, "railways_area": 0.0, "railways_pc": 0.0, "free_space_number": 24.0, "tree_number": 0.0 }, "geometry": { "type": "MultiPolygon", "coordinates": [ [ [ [ 1262493.896874761208892, 5541169.404702704399824 ], [ 1262593.896874761208892, 5541169.404702704399824 ], [ 1262593.896874761208892, 5541069.404702704399824 ], [ 1262493.896874761208892, 5541069.404702704399824 ], [ 1262493.896874761208892, 5541169.404702704399824 ] ] ] ] } },
{ "type": "Feature", "properties": { "id": 592, "left": 1262493.8968747612, "top": 5541069.4047027044, "right": 1262593.8968747612, "bottom": 5540969.4047027044, "row_index": 31, "col_index": 16, "green_area": 704.58812411688268, "green_pc": 8.636129979616717, "buildings_area": 3013.5333129483042, "buildings_pc": 36.936849341799665, "road_area": 3660.9705421328545, "road_pc": 44.87248134225208, "free_space_area": 780.49507763269685, "free_space_pc": 9.5665207916119357, "railways_area": 0.0, "railways_pc": 0.0, "free_space_number": 11.0, "tree_number": 0.0 }, "geometry": { "type": "MultiPolygon", "coordinates": [ [ [ [ 1262542.386563036125153, 5540987.871825174428523 ], [ 1262493.896874761208892, 5540996.460643057711422 ], [ 1262493.896874761208892, 5541069.404702704399824 ], [ 1262593.896874761208892, 5541069.404702704399824 ], [ 1262593.896874761208892, 5540979.580035532824695 ], [ 1262542.386563036125153, 5540987.871825174428523 ] ] ] ] } },
{ "type": "Feature", "properties": { "id": 596, "left": 1262593.8968747612, "top": 5544169.4047027044, "right": 1262693.8968747612, "bottom": 5544069.4047027044, "row_index": 0, "col_index": 17, "green_area": 0.0, "green_pc": 0.0, "buildings_area": 3405.7684664931148, "buildings_pc": 76.991849069144124, "road_area": 0.0, "road_pc": 0.0, "free_space_area": 0.0, "free_space_pc": 0.0, "railways_area": 1017.7757237870246, "railways_pc": 23.008150930687446, "free_space_number": 0.0, "tree_number": 0.0 }, "geometry": { "type": "MultiPolygon", "coordinates": [ [ [ [ 1262693.896874761208892, 5544104.26530933380127 ], [ 1262693.896874761208892, 5544069.404702704399824 ], [ 1262593.896874761208892, 5544069.404702704399824 ], [ 1262593.896874761208892, 5544123.014979879371822 ], [ 1262693.896874761208892, 5544104.26530933380127 ] ] ] ] } },
{ "type": "Feature", "properties": { "id": 597, "left": 1262593.8968747612, "top": 5544069.4047027044, "right": 1262693.8968747612, "bottom": 5543969.4047027044, "row_index": 1, "col_index": 17, "green_area": 0.0, "green_pc": 0.0, "buildings_area": 5225.4017798900604, "buildings_pc": 52.254017798822737, "road_area": 1547.2044850920793, "road_pc": 15.472044850897738, "free_space_area": 0.24514464788086343, "free_space_pc": 0.0024514464788049813, "railways_area": 0.0, "railways_pc": 0.0, "free_space_number": 3.0, "tree_number": 0.0 }, "geometry": { "type": "MultiPolygon", "coordinates": [ [ [ [ 1262593.896874761208892, 5544069.404702704399824 ], [ 1262693.896874761208892, 5544069.404702704399824 ], [ 1262693.896874761208892, 5543969.404702704399824 ], [ 1262593.896874761208892, 5543969.404702704399824 ], [ 1262593.896874761208892, 5544069.404702704399824 ] ] ] ] } },
{ "type": "Feature", "properties": { "id": 598, "left": 1262593.8968747612, "top": 5543969.4047027044, "right": 1262693.8968747612, "bottom": 5543869.4047027044, "row_index": 2, "col_index": 17, "green_area": 2498.3122646363918, "green_pc": 24.983122646326692, "buildings_area": 3284.1803940944374, "buildings_pc": 32.841803940895439, "road_area": 2107.2985038161278, "road_pc": 21.072985038129875, "free_space_area": 2110.4549021624262, "free_space_pc": 21.104549021592813, "railways_area": 0.0, "railways_pc": 0.0, "free_space_number": 6.0, "tree_number": 0.0 }, "geometry": { "type": "MultiPolygon", "coordinates": [ [ [ [ 1262593.896874761208892, 5543969.404702704399824 ], [ 1262693.896874761208892, 5543969.404702704399824 ], [ 1262693.896874761208892, 5543869.404702704399824 ], [ 1262593.896874761208892, 5543869.404702704399824 ], [ 1262593.896874761208892, 5543969.404702704399824 ] ] ] ] } },
{ "type": "Feature", "properties": { "id": 599, "left": 1262593.8968747612, "top": 5543869.4047027044, "right": 1262693.8968747612, "bottom": 5543769.4047027044, "row_index": 3, "col_index": 17, "green_area": 2879.6284466274083, "green_pc": 28.796284466231175, "buildings_area": 1897.4496732270345, "buildings_pc": 18.97449673224207, "road_area": 3112.6074476093054, "road_pc": 31.126074476046671, "free_space_area": 2112.6525148379587, "free_space_pc": 21.126525148348108, "railways_area": 0.0, "railways_pc": 0.0, "free_space_number": 9.0, "tree_number": 0.0 }, "geometry": { "type": "MultiPolygon", "coordinates": [ [ [ [ 1262593.896874761208892, 5543869.404702704399824 ], [ 1262693.896874761208892, 5543869.404702704399824 ], [ 1262693.896874761208892, 5543769.404702704399824 ], [ 1262593.896874761208892, 5543769.404702704399824 ], [ 1262593.896874761208892, 5543869.404702704399824 ] ] ] ] } },
{ "type": "Feature", "properties": { "id": 600, "left": 1262593.8968747612, "top": 5543769.4047027044, "right": 1262693.8968747612, "bottom": 5543669.4047027044, "row_index": 4, "col_index": 17, "green_area": 1829.1186925328802, "green_pc": 18.291186925301545, "buildings_area": 1195.1405424587429, "buildings_pc": 11.95140542456962, "road_area": 2160.3246070714667, "road_pc": 21.603246070682477, "free_space_area": 4815.4335304166889, "free_space_pc": 48.154335304095135, "railways_area": 0.0, "railways_pc": 0.0, "free_space_number": 1.0, "tree_number": 0.0 }, "geometry": { "type": "MultiPolygon", "coordinates": [ [ [ [ 1262593.896874761208892, 5543769.404702704399824 ], [ 1262693.896874761208892, 5543769.404702704399824 ], [ 1262693.896874761208892, 5543669.404702704399824 ], [ 1262593.896874761208892, 5543669.404702704399824 ], [ 1262593.896874761208892, 5543769.404702704399824 ] ] ] ] } },
{ "type": "Feature", "properties": { "id": 601, "left": 1262593.8968747612, "top": 5543669.4047027044, "right": 1262693.8968747612, "bottom": 5543569.4047027044, "row_index": 5, "col_index": 17, "green_area": 2364.2020002073841, "green_pc": 23.642020002038613, "buildings_area": 1211.3009252157062, "buildings_pc": 12.113009252139012, "road_area": 4527.9802121371031, "road_pc": 45.279802121303561, "free_space_area": 1896.6130129815554, "free_space_pc": 18.966130129787292, "railways_area": 0.0, "railways_pc": 0.0, "free_space_number": 6.0, "tree_number": 3.0 }, "geometry": { "type": "MultiPolygon", "coordinates": [ [ [ [ 1262593.896874761208892, 5543669.404702704399824 ], [ 1262693.896874761208892, 5543669.404702704399824 ], [ 1262693.896874761208892, 5543569.404702704399824 ], [ 1262593.896874761208892, 5543569.404702704399824 ], [ 1262593.896874761208892, 5543669.404702704399824 ] ] ] ] } },
{ "type": "Feature", "properties": { "id": 602, "left": 1262593.8968747612, "top": 5543569.4047027044, "right": 1262693.8968747612, "bottom": 5543469.4047027044, "row_index": 6, "col_index": 17, "green_area": 379.72103420179337, "green_pc": 3.7972103420122756, "buildings_area": 5067.4518630132079, "buildings_pc": 50.674518630056568, "road_area": 2367.7728605642915, "road_pc": 23.677728605607633, "free_space_area": 2185.3210233674145, "free_space_pc": 21.853210233641583, "railways_area": 0.0, "railways_pc": 0.0, "free_space_number": 7.0, "tree_number": 0.0 }, "geometry": { "type": "MultiPolygon", "coordinates": [ [ [ [ 1262593.896874761208892, 5543569.404702704399824 ], [ 1262693.896874761208892, 5543569.404702704399824 ], [ 1262693.896874761208892, 5543469.404702704399824 ], [ 1262593.896874761208892, 5543469.404702704399824 ], [ 1262593.896874761208892, 5543569.404702704399824 ] ] ] ] } },
{ "type": "Feature", "properties": { "id": 603, "left": 1262593.8968747612, "top": 5543469.4047027044, "right": 1262693.8968747612, "bottom": 5543369.4047027044, "row_index": 7, "col_index": 17, "green_area": 53.890409400686622, "green_pc": 0.53890409400606321, "buildings_area": 5273.0998718747869, "buildings_pc": 52.730998718669291, "road_area": 4536.1180840358138, "road_pc": 45.361180840290544, "free_space_area": 137.06602937724506, "free_space_pc": 1.3706602937704082, "railways_area": 0.0, "railways_pc": 0.0, "free_space_number": 7.0, "tree_number": 0.0 }, "geometry": { "type": "MultiPolygon", "coordinates": [ [ [ [ 1262593.896874761208892, 5543469.404702704399824 ], [ 1262693.896874761208892, 5543469.404702704399824 ], [ 1262693.896874761208892, 5543369.404702704399824 ], [ 1262593.896874761208892, 5543369.404702704399824 ], [ 1262593.896874761208892, 5543469.404702704399824 ] ] ] ] } },
{ "type": "Feature", "properties": { "id": 604, "left": 1262593.8968747612, "top": 5543369.4047027044, "right": 1262693.8968747612, "bottom": 5543269.4047027044, "row_index": 8, "col_index": 17, "green_area": 529.57879880908877, "green_pc": 5.2957879880829966, "buildings_area": 5527.5507932842011, "buildings_pc": 55.275507932759645, "road_area": 548.22356513142586, "road_pc": 5.4822356513060893, "free_space_area": 3395.4821653925228, "free_space_pc": 33.954821653874632, "railways_area": 0.0, "railways_pc": 0.0, "free_space_number": 12.0, "tree_number": 0.0 }, "geometry": { "type": "MultiPolygon", "coordinates": [ [ [ [ 1262593.896874761208892, 5543369.404702704399824 ], [ 1262693.896874761208892, 5543369.404702704399824 ], [ 1262693.896874761208892, 5543269.404702704399824 ], [ 1262593.896874761208892, 5543269.404702704399824 ], [ 1262593.896874761208892, 5543369.404702704399824 ] ] ] ] } },
{ "type": "Feature", "properties": { "id": 605, "left": 1262593.8968747612, "top": 5543269.4047027044, "right": 1262693.8968747612, "bottom": 5543169.4047027044, "row_index": 9, "col_index": 17, "green_area": 381.5550242960453, "green_pc": 3.8155502429547674, "buildings_area": 7016.2609389508143, "buildings_pc": 70.162609389403599, "road_area": 1040.9249549815431, "road_pc": 10.40924954979992, "free_space_area": 1561.6675946898015, "free_space_pc": 15.616675946874746, "railways_area": 0.0, "railways_pc": 0.0, "free_space_number": 12.0, "tree_number": 0.0 }, "geometry": { "type": "MultiPolygon", "coordinates": [ [ [ [ 1262593.896874761208892, 5543269.404702704399824 ], [ 1262693.896874761208892, 5543269.404702704399824 ], [ 1262693.896874761208892, 5543169.404702704399824 ], [ 1262593.896874761208892, 5543169.404702704399824 ], [ 1262593.896874761208892, 5543269.404702704399824 ] ] ] ] } },
{ "type": "Feature", "properties": { "id": 606, "left": 1262593.8968747612, "top": 5543169.4047027044, "right": 1262693.8968747612, "bottom": 5543069.4047027044, "row_index": 10, "col_index": 17, "green_area": 67.45944632589817, "green_pc": 0.67459446325797645, "buildings_area": 6858.9774174280465, "buildings_pc": 68.58977417417826, "road_area": 1122.9150646626949, "road_pc": 11.229150646610217, "free_space_area": 1951.1414074570862, "free_space_pc": 19.51141407454179, "railways_area": 0.0, "railways_pc": 0.0, "free_space_number": 13.0, "tree_number": 0.0 }, "geometry": { "type": "MultiPolygon", "coordinates": [ [ [ [ 1262593.896874761208892, 5543169.404702704399824 ], [ 1262693.896874761208892, 5543169.404702704399824 ], [ 1262693.896874761208892, 5543069.404702704399824 ], [ 1262593.896874761208892, 5543069.404702704399824 ], [ 1262593.896874761208892, 5543169.404702704399824 ] ] ] ] } },
{ "type": "Feature", "properties": { "id": 607, "left": 1262593.8968747612, "top": 5543069.4047027044, "right": 1262693.8968747612, "bottom": 5542969.4047027044, "row_index": 11, "col_index": 17, "green_area": 0.0, "green_pc": 0.0, "buildings_area": 7365.518051400315, "buildings_pc": 73.655180513893399, "road_area": 1857.1216890737414, "road_pc": 18.571216890709742, "free_space_area": 781.50327232146049, "free_space_pc": 7.8150327232029602, "railways_area": 0.0, "railways_pc": 0.0, "free_space_number": 15.0, "tree_number": 0.0 }, "geometry": { "type": "MultiPolygon", "coordinates": [ [ [ [ 1262593.896874761208892, 5543069.404702704399824 ], [ 1262693.896874761208892, 5543069.404702704399824 ], [ 1262693.896874761208892, 5542969.404702704399824 ], [ 1262593.896874761208892, 5542969.404702704399824 ], [ 1262593.896874761208892, 5543069.404702704399824 ] ] ] ] } },
{ "type": "Feature", "properties": { "id": 608, "left": 1262593.8968747612, "top": 5542969.4047027044, "right": 1262693.8968747612, "bottom": 5542869.4047027044, "row_index": 12, "col_index": 17, "green_area": 255.27475579455495, "green_pc": 2.5527475579417458, "buildings_area": 6655.4466218862217, "buildings_pc": 66.554466218763039, "road_area": 2043.8356424281374, "road_pc": 20.438356424250919, "free_space_area": 1046.0743359354892, "free_space_pc": 10.460743359339304, "railways_area": 0.0, "railways_pc": 0.0, "free_space_number": 21.0, "tree_number": 0.0 }, "geometry": { "type": "MultiPolygon", "coordinates": [ [ [ [ 1262593.896874761208892, 5542969.404702704399824 ], [ 1262693.896874761208892, 5542969.404702704399824 ], [ 1262693.896874761208892, 5542869.404702704399824 ], [ 1262593.896874761208892, 5542869.404702704399824 ], [ 1262593.896874761208892, 5542969.404702704399824 ] ] ] ] } },
{ "type": "Feature", "properties": { "id": 609, "left": 1262593.8968747612, "top": 5542869.4047027044, "right": 1262693.8968747612, "bottom": 5542769.4047027044, "row_index": 13, "col_index": 17, "green_area": 49.060053849592805, "green_pc": 0.49060053849519702, "buildings_area": 7289.3942823763937, "buildings_pc": 72.893942823655323, "road_area": 1653.3703813552856, "road_pc": 16.53370381352822, "free_space_area": 1008.3491393717434, "free_space_pc": 10.083491393702408, "railways_area": 0.0, "railways_pc": 0.0, "free_space_number": 17.0, "tree_number": 0.0 }, "geometry": { "type": "MultiPolygon", "coordinates": [ [ [ [ 1262593.896874761208892, 5542869.404702704399824 ], [ 1262693.896874761208892, 5542869.404702704399824 ], [ 1262693.896874761208892, 5542769.404702704399824 ], [ 1262593.896874761208892, 5542769.404702704399824 ], [ 1262593.896874761208892, 5542869.404702704399824 ] ] ] ] } },
{ "type": "Feature", "properties": { "id": 610, "left": 1262593.8968747612, "top": 5542769.4047027044, "right": 1262693.8968747612, "bottom": 5542669.4047027044, "row_index": 14, "col_index": 17, "green_area": 0.0, "green_pc": 0.0, "buildings_area": 7642.1010662229965, "buildings_pc": 76.421010662116089, "road_area": 1535.7353477701545, "road_pc": 15.357353477678661, "free_space_area": 822.17249671793593, "free_space_pc": 8.2217249671671073, "railways_area": 0.0, "railways_pc": 0.0, "free_space_number": 13.0, "tree_number": 0.0 }, "geometry": { "type": "MultiPolygon", "coordinates": [ [ [ [ 1262593.896874761208892, 5542769.404702704399824 ], [ 1262693.896874761208892, 5542769.404702704399824 ], [ 1262693.896874761208892, 5542669.404702704399824 ], [ 1262593.896874761208892, 5542669.404702704399824 ], [ 1262593.896874761208892, 5542769.404702704399824 ] ] ] ] } },
{ "type": "Feature", "properties": { "id": 611, "left": 1262593.8968747612, "top": 5542669.4047027044, "right": 1262693.8968747612, "bottom": 5542569.4047027044, "row_index": 15, "col_index": 17, "green_area": 0.0, "green_pc": 0.0, "buildings_area": 7059.4559457208961, "buildings_pc": 70.59455945710377, "road_area": 1727.5318990275264, "road_pc": 17.27531899024952, "free_space_area": 1213.0266256116304, "free_space_pc": 12.13026625609823, "railways_area": 0.0, "railways_pc": 0.0, "free_space_number": 12.0, "tree_number": 0.0 }, "geometry": { "type": "MultiPolygon", "coordinates": [ [ [ [ 1262593.896874761208892, 5542669.404702704399824 ], [ 1262693.896874761208892, 5542669.404702704399824 ], [ 1262693.896874761208892, 5542569.404702704399824 ], [ 1262593.896874761208892, 5542569.404702704399824 ], [ 1262593.896874761208892, 5542669.404702704399824 ] ] ] ] } },
{ "type": "Feature", "properties": { "id": 612, "left": 1262593.8968747612, "top": 5542569.4047027044, "right": 1262693.8968747612, "bottom": 5542469.4047027044, "row_index": 16, "col_index": 17, "green_area": 0.0, "green_pc": 0.0, "buildings_area": 7353.4247203888372, "buildings_pc": 73.53424720377879, "road_area": 1677.9885631613433, "road_pc": 16.779885631588428, "free_space_area": 968.58671644775586, "free_space_pc": 9.6858671644631258, "railways_area": 0.0, "railways_pc": 0.0, "free_space_number": 6.0, "tree_number": 0.0 }, "geometry": { "type": "MultiPolygon", "coordinates": [ [ [ [ 1262593.896874761208892, 5542569.404702704399824 ], [ 1262693.896874761208892, 5542569.404702704399824 ], [ 1262693.896874761208892, 5542469.404702704399824 ], [ 1262593.896874761208892, 5542469.404702704399824 ], [ 1262593.896874761208892, 5542569.404702704399824 ] ] ] ] } },
{ "type": "Feature", "properties": { "id": 613, "left": 1262593.8968747612, "top": 5542469.4047027044, "right": 1262693.8968747612, "bottom": 5542369.4047027044, "row_index": 17, "col_index": 17, "green_area": 0.0, "green_pc": 0.0, "buildings_area": 6490.3027365203016, "buildings_pc": 64.903027365106297, "road_area": 3038.580162897706, "road_pc": 30.38580162893178, "free_space_area": 471.11876590580067, "free_space_pc": 4.7111876590509869, "railways_area": 0.0, "railways_pc": 0.0, "free_space_number": 10.0, "tree_number": 0.0 }, "geometry": { "type": "MultiPolygon", "coordinates": [ [ [ [ 1262593.896874761208892, 5542469.404702704399824 ], [ 1262693.896874761208892, 5542469.404702704399824 ], [ 1262693.896874761208892, 5542369.404702704399824 ], [ 1262593.896874761208892, 5542369.404702704399824 ], [ 1262593.896874761208892, 5542469.404702704399824 ] ] ] ] } },
{ "type": "Feature", "properties": { "id": 614, "left": 1262593.8968747612, "top": 5542369.4047027044, "right": 1262693.8968747612, "bottom": 5542269.4047027044, "row_index": 18, "col_index": 17, "green_area": 0.0, "green_pc": 0.0, "buildings_area": 3405.717136465013, "buildings_pc": 34.057171364599384, "road_area": 1205.5007896572351, "road_pc": 12.055007896554388, "free_space_area": 7.4149805087252857e-09, "free_space_pc": 7.4149805087142361e-11, "railways_area": 0.0, "railways_pc": 0.0, "free_space_number": 1.0, "tree_number": 0.0 }, "geometry": { "type": "MultiPolygon", "coordinates": [ [ [ [ 1262593.896874761208892, 5542369.404702704399824 ], [ 1262693.896874761208892, 5542369.404702704399824 ], [ 1262693.896874761208892, 5542269.404702704399824 ], [ 1262593.896874761208892, 5542269.404702704399824 ], [ 1262593.896874761208892, 5542369.404702704399824 ] ] ] ] } },
{ "type": "Feature", "properties": { "id": 615, "left": 1262593.8968747612, "top": 5542269.4047027044, "right": 1262693.8968747612, "bottom": 5542169.4047027044, "row_index": 19, "col_index": 17, "green_area": 0.0, "green_pc": 0.0, "buildings_area": 3480.4850478416774, "buildings_pc": 34.804850478364912, "road_area": 0.0, "road_pc": 0.0, "free_space_area": 900.18081773491576, "free_space_pc": 9.001808177335743, "railways_area": 0.0, "railways_pc": 0.0, "free_space_number": 3.0, "tree_number": 0.0 }, "geometry": { "type": "MultiPolygon", "coordinates": [ [ [ [ 1262593.896874761208892, 5542269.404702704399824 ], [ 1262693.896874761208892, 5542269.404702704399824 ], [ 1262693.896874761208892, 5542169.404702704399824 ], [ 1262593.896874761208892, 5542169.404702704399824 ], [ 1262593.896874761208892, 5542269.404702704399824 ] ] ] ] } },
{ "type": "Feature", "properties": { "id": 616, "left": 1262593.8968747612, "top": 5542169.4047027044, "right": 1262693.8968747612, "bottom": 5542069.4047027044, "row_index": 20, "col_index": 17, "green_area": 0.0, "green_pc": 0.0, "buildings_area": 4822.3932305518538, "buildings_pc": 48.223932305446681, "road_area": 1848.5011250767857, "road_pc": 18.48501125074031, "free_space_area": 82.781908465842278, "free_space_pc": 0.82781908465718923, "railways_area": 0.0, "railways_pc": 0.0, "free_space_number": 7.0, "tree_number": 0.0 }, "geometry": { "type": "MultiPolygon", "coordinates": [ [ [ [ 1262593.896874761208892, 5542169.404702704399824 ], [ 1262693.896874761208892, 5542169.404702704399824 ], [ 1262693.896874761208892, 5542069.404702704399824 ], [ 1262593.896874761208892, 5542069.404702704399824 ], [ 1262593.896874761208892, 5542169.404702704399824 ] ] ] ] } },
{ "type": "Feature", "properties": { "id": 617, "left": 1262593.8968747612, "top": 5542069.4047027044, "right": 1262693.8968747612, "bottom": 5541969.4047027044, "row_index": 21, "col_index": 17, "green_area": 0.0, "green_pc": 0.0, "buildings_area": 7678.2304487470537, "buildings_pc": 76.782304487356129, "road_area": 1920.0142728574574, "road_pc": 19.200142728545963, "free_space_area": 401.78332561136557, "free_space_pc": 4.0178332561076688, "railways_area": 0.0, "railways_pc": 0.0, "free_space_number": 9.0, "tree_number": 0.0 }, "geometry": { "type": "MultiPolygon", "coordinates": [ [ [ [ 1262593.896874761208892, 5542069.404702704399824 ], [ 1262693.896874761208892, 5542069.404702704399824 ], [ 1262693.896874761208892, 5541969.404702704399824 ], [ 1262593.896874761208892, 5541969.404702704399824 ], [ 1262593.896874761208892, 5542069.404702704399824 ] ] ] ] } },
{ "type": "Feature", "properties": { "id": 618, "left": 1262593.8968747612, "top": 5541969.4047027044, "right": 1262693.8968747612, "bottom": 5541869.4047027044, "row_index": 22, "col_index": 17, "green_area": 0.0, "green_pc": 0.0, "buildings_area": 7639.8619264378212, "buildings_pc": 76.398619264264369, "road_area": 439.12208689004183, "road_pc": 4.3912208688938748, "free_space_area": 1921.0499568275918, "free_space_pc": 19.210499568247293, "railways_area": 0.0, "railways_pc": 0.0, "free_space_number": 13.0, "tree_number": 0.0 }, "geometry": { "type": "MultiPolygon", "coordinates": [ [ [ [ 1262593.896874761208892, 5541969.404702704399824 ], [ 1262693.896874761208892, 5541969.404702704399824 ], [ 1262693.896874761208892, 5541869.404702704399824 ], [ 1262593.896874761208892, 5541869.404702704399824 ], [ 1262593.896874761208892, 5541969.404702704399824 ] ] ] ] } },
{ "type": "Feature", "properties": { "id": 619, "left": 1262593.8968747612, "top": 5541869.4047027044, "right": 1262693.8968747612, "bottom": 5541769.4047027044, "row_index": 23, "col_index": 17, "green_area": 0.0, "green_pc": 0.0, "buildings_area": 6147.373884934932, "buildings_pc": 61.473738849257714, "road_area": 2352.3067366890609, "road_pc": 23.523067366855557, "free_space_area": 1500.3962473892607, "free_space_pc": 15.003962473870249, "railways_area": 0.0, "railways_pc": 0.0, "free_space_number": 11.0, "tree_number": 0.0 }, "geometry": { "type": "MultiPolygon", "coordinates": [ [ [ [ 1262593.896874761208892, 5541869.404702704399824 ], [ 1262693.896874761208892, 5541869.404702704399824 ], [ 1262693.896874761208892, 5541769.404702704399824 ], [ 1262593.896874761208892, 5541769.404702704399824 ], [ 1262593.896874761208892, 5541869.404702704399824 ] ] ] ] } },
{ "type": "Feature", "properties": { "id": 620, "left": 1262593.8968747612, "top": 5541769.4047027044, "right": 1262693.8968747612, "bottom": 5541669.4047027044, "row_index": 24, "col_index": 17, "green_area": 120.82680053194053, "green_pc": 1.2082680053176049, "buildings_area": 5963.8966131047346, "buildings_pc": 59.63896613095848, "road_area": 730.45083363354206, "road_pc": 7.3045083363245364, "free_space_area": 3184.8330096590216, "free_space_pc": 31.84833009654276, "railways_area": 0.0, "railways_pc": 0.0, "free_space_number": 11.0, "tree_number": 0.0 }, "geometry": { "type": "MultiPolygon", "coordinates": [ [ [ [ 1262593.896874761208892, 5541769.404702704399824 ], [ 1262693.896874761208892, 5541769.404702704399824 ], [ 1262693.896874761208892, 5541669.404702704399824 ], [ 1262593.896874761208892, 5541669.404702704399824 ], [ 1262593.896874761208892, 5541769.404702704399824 ] ] ] ] } },
{ "type": "Feature", "properties": { "id": 621, "left": 1262593.8968747612, "top": 5541669.4047027044, "right": 1262693.8968747612, "bottom": 5541569.4047027044, "row_index": 25, "col_index": 17, "green_area": 0.0, "green_pc": 0.0, "buildings_area": 6738.1355805317871, "buildings_pc": 67.381355805217467, "road_area": 2575.0015456974506, "road_pc": 25.750015456936136, "free_space_area": 686.90125559555599, "free_space_pc": 6.8690125559453241, "railways_area": 0.0, "railways_pc": 0.0, "free_space_number": 17.0, "tree_number": 0.0 }, "geometry": { "type": "MultiPolygon", "coordinates": [ [ [ [ 1262593.896874761208892, 5541669.404702704399824 ], [ 1262693.896874761208892, 5541669.404702704399824 ], [ 1262693.896874761208892, 5541569.404702704399824 ], [ 1262593.896874761208892, 5541569.404702704399824 ], [ 1262593.896874761208892, 5541669.404702704399824 ] ] ] ] } },
{ "type": "Feature", "properties": { "id": 622, "left": 1262593.8968747612, "top": 5541569.4047027044, "right": 1262693.8968747612, "bottom": 5541469.4047027044, "row_index": 26, "col_index": 17, "green_area": 2138.8348237443715, "green_pc": 21.388348237411844, "buildings_area": 5597.7355412584729, "buildings_pc": 55.977355412501318, "road_area": 1216.700847774744, "road_pc": 12.167008477729309, "free_space_area": 1047.5523316848139, "free_space_pc": 10.475523316832529, "railways_area": 0.0, "railways_pc": 0.0, "free_space_number": 12.0, "tree_number": 0.0 }, "geometry": { "type": "MultiPolygon", "coordinates": [ [ [ [ 1262593.896874761208892, 5541569.404702704399824 ], [ 1262693.896874761208892, 5541569.404702704399824 ], [ 1262693.896874761208892, 5541469.404702704399824 ], [ 1262593.896874761208892, 5541469.404702704399824 ], [ 1262593.896874761208892, 5541569.404702704399824 ] ] ] ] } },
{ "type": "Feature", "properties": { "id": 623, "left": 1262593.8968747612, "top": 5541469.4047027044, "right": 1262693.8968747612, "bottom": 5541369.4047027044, "row_index": 27, "col_index": 17, "green_area": 1165.2129478739807, "green_pc": 11.652129478722445, "buildings_area": 5429.9083656650037, "buildings_pc": 54.299083656569124, "road_area": 1008.4365601688623, "road_pc": 10.084365601673596, "free_space_area": 2275.4707678925865, "free_space_pc": 22.754707678891958, "railways_area": 0.0, "railways_pc": 0.0, "free_space_number": 13.0, "tree_number": 0.0 }, "geometry": { "type": "MultiPolygon", "coordinates": [ [ [ [ 1262593.896874761208892, 5541469.404702704399824 ], [ 1262693.896874761208892, 5541469.404702704399824 ], [ 1262693.896874761208892, 5541369.404702704399824 ], [ 1262593.896874761208892, 5541369.404702704399824 ], [ 1262593.896874761208892, 5541469.404702704399824 ] ] ] ] } },
{ "type": "Feature", "properties": { "id": 624, "left": 1262593.8968747612, "top": 5541369.4047027044, "right": 1262693.8968747612, "bottom": 5541269.4047027044, "row_index": 28, "col_index": 17, "green_area": 353.33523829001933, "green_pc": 3.533352382894928, "buildings_area": 7247.4397236553486, "buildings_pc": 72.474397236445498, "road_area": 924.56172622181475, "road_pc": 9.2456172622043713, "free_space_area": 1062.6577582369578, "free_space_pc": 10.626577582353743, "railways_area": 0.0, "railways_pc": 0.0, "free_space_number": 16.0, "tree_number": 0.0 }, "geometry": { "type": "MultiPolygon", "coordinates": [ [ [ [ 1262593.896874761208892, 5541369.404702704399824 ], [ 1262693.896874761208892, 5541369.404702704399824 ], [ 1262693.896874761208892, 5541269.404702704399824 ], [ 1262593.896874761208892, 5541269.404702704399824 ], [ 1262593.896874761208892, 5541369.404702704399824 ] ] ] ] } },
{ "type": "Feature", "properties": { "id": 625, "left": 1262593.8968747612, "top": 5541269.4047027044, "right": 1262693.8968747612, "bottom": 5541169.4047027044, "row_index": 29, "col_index": 17, "green_area": 733.76226013735868, "green_pc": 7.3376226013626527, "buildings_area": 6610.7706375638954, "buildings_pc": 66.107706375540445, "road_area": 1898.0719781406224, "road_pc": 18.980719781377939, "free_space_area": 833.67002958785656, "free_space_pc": 8.3367002958661427, "railways_area": 0.0, "railways_pc": 0.0, "free_space_number": 22.0, "tree_number": 0.0 }, "geometry": { "type": "MultiPolygon", "coordinates": [ [ [ [ 1262593.896874761208892, 5541269.404702704399824 ], [ 1262693.896874761208892, 5541269.404702704399824 ], [ 1262693.896874761208892, 5541169.404702704399824 ], [ 1262593.896874761208892, 5541169.404702704399824 ], [ 1262593.896874761208892, 5541269.404702704399824 ] ] ] ] } },
{ "type": "Feature", "properties": { "id": 626, "left": 1262593.8968747612, "top": 5541169.4047027044, "right": 1262693.8968747612, "bottom": 5541069.4047027044, "row_index": 30, "col_index": 17, "green_area": 2643.8216779455543, "green_pc": 26.438216779416148, "buildings_area": 4970.9333241363056, "buildings_pc": 49.709333241288981, "road_area": 898.89173223963007, "road_pc": 8.9889173223829069, "free_space_area": 1488.129791040345, "free_space_pc": 14.881297910381276, "railways_area": 0.0, "railways_pc": 0.0, "free_space_number": 15.0, "tree_number": 0.0 }, "geometry": { "type": "MultiPolygon", "coordinates": [ [ [ [ 1262593.896874761208892, 5541169.404702704399824 ], [ 1262693.896874761208892, 5541169.404702704399824 ], [ 1262693.896874761208892, 5541069.404702704399824 ], [ 1262593.896874761208892, 5541069.404702704399824 ], [ 1262593.896874761208892, 5541169.404702704399824 ] ] ] ] } },
{ "type": "Feature", "properties": { "id": 627, "left": 1262593.8968747612, "top": 5541069.4047027044, "right": 1262693.8968747612, "bottom": 5540969.4047027044, "row_index": 31, "col_index": 17, "green_area": 1907.1230263090692, "green_pc": 19.70493681989905, "buildings_area": 2815.8821917055175, "buildings_pc": 29.094494646851309, "road_area": 2931.7004394745454, "road_pc": 30.291161680596336, "free_space_area": 2025.5030830893356, "free_space_pc": 20.928073192021682, "railways_area": 0.0, "railways_pc": 0.0, "free_space_number": 8.0, "tree_number": 5.0 }, "geometry": { "type": "MultiPolygon", "coordinates": [ [ [ [ 1262593.896874761208892, 5540979.580035532824695 ], [ 1262593.896874761208892, 5541069.404702704399824 ], [ 1262693.896874761208892, 5541069.404702704399824 ], [ 1262693.896874761208892, 5540969.404702704399824 ], [ 1262657.108146212762222, 5540969.404702704399824 ], [ 1262593.896874761208892, 5540979.580035532824695 ] ] ] ] } },
{ "type": "Feature", "properties": { "id": 628, "left": 1262593.8968747612, "top": 5540969.4047027044, "right": 1262693.8968747612, "bottom": 5540869.4047027044, "row_index": 32, "col_index": 17, "green_area": 98.930541433393955, "green_pc": 87.672516139357697, "buildings_area": 0.0, "buildings_pc": 0.0, "road_area": 13.910456644371152, "road_pc": 12.327484687633598, "free_space_area": 0.0, "free_space_pc": 0.0, "railways_area": 0.0, "railways_pc": 0.0, "free_space_number": 0.0, "tree_number": 0.0 }, "geometry": { "type": "MultiPolygon", "coordinates": [ [ [ [ 1262662.498445951147005, 5540968.537007867358625 ], [ 1262657.108146212762222, 5540969.404702704399824 ], [ 1262693.896874761208892, 5540969.404702704399824 ], [ 1262693.896874761208892, 5540963.23367403075099 ], [ 1262662.498445951147005, 5540968.537007867358625 ] ] ] ] } },
{ "type": "Feature", "properties": { "id": 631, "left": 1262693.8968747612, "top": 5544169.4047027044, "right": 1262793.8968747612, "bottom": 5544069.4047027044, "row_index": 0, "col_index": 18, "green_area": 0.0, "green_pc": 0.0, "buildings_area": 1553.2263812520541, "buildings_pc": 60.939299118195876, "road_area": 0.0, "road_pc": 0.0, "free_space_area": 0.0, "free_space_pc": 0.0, "railways_area": 995.58268567919731, "railways_pc": 39.060700881603154, "free_space_number": 0.0, "tree_number": 0.0 }, "geometry": { "type": "MultiPolygon", "coordinates": [ [ [ [ 1262739.479564217850566, 5544095.718705234117806 ], [ 1262793.896874761208892, 5544085.524162961170077 ], [ 1262793.896874761208892, 5544069.404702704399824 ], [ 1262693.896874761208892, 5544069.404702704399824 ], [ 1262693.896874761208892, 5544104.26530933380127 ], [ 1262739.479564217850566, 5544095.718705234117806 ] ] ] ] } },
{ "type": "Feature", "properties": { "id": 632, "left": 1262693.8968747612, "top": 5544069.4047027044, "right": 1262793.8968747612, "bottom": 5543969.4047027044, "row_index": 1, "col_index": 18, "green_area": 616.69128013798036, "green_pc": 6.1669128013706143, "buildings_area": 2403.8104016259313, "buildings_pc": 24.038104016223492, "road_area": 8.8857485949993134, "road_pc": 0.088857485949860732, "free_space_area": 1072.1085217547516, "free_space_pc": 10.72108521753154, "railways_area": 0.0, "railways_pc": 0.0, "free_space_number": 3.0, "tree_number": 0.0 }, "geometry": { "type": "MultiPolygon", "coordinates": [ [ [ [ 1262693.896874761208892, 5544069.404702704399824 ], [ 1262793.896874761208892, 5544069.404702704399824 ], [ 1262793.896874761208892, 5543969.404702704399824 ], [ 1262693.896874761208892, 5543969.404702704399824 ], [ 1262693.896874761208892, 5544069.404702704399824 ] ] ] ] } },
{ "type": "Feature", "properties": { "id": 633, "left": 1262693.8968747612, "top": 5543969.4047027044, "right": 1262793.8968747612, "bottom": 5543869.4047027044, "row_index": 2, "col_index": 18, "green_area": 789.15851401723921, "green_pc": 7.8915851401606325, "buildings_area": 4176.5041779363528, "buildings_pc": 41.765041779301292, "road_area": 3798.1410645805299, "road_pc": 37.981410645748703, "free_space_area": 764.99435178124793, "free_space_pc": 7.6499435178010806, "railways_area": 0.0, "railways_pc": 0.0, "free_space_number": 6.0, "tree_number": 0.0 }, "geometry": { "type": "MultiPolygon", "coordinates": [ [ [ [ 1262693.896874761208892, 5543969.404702704399824 ], [ 1262793.896874761208892, 5543969.404702704399824 ], [ 1262793.896874761208892, 5543869.404702704399824 ], [ 1262693.896874761208892, 5543869.404702704399824 ], [ 1262693.896874761208892, 5543969.404702704399824 ] ] ] ] } },
{ "type": "Feature", "properties": { "id": 634, "left": 1262693.8968747612, "top": 5543869.4047027044, "right": 1262793.8968747612, "bottom": 5543769.4047027044, "row_index": 3, "col_index": 18, "green_area": 1569.6922628441826, "green_pc": 15.696922628418434, "buildings_area": 3513.2757533192635, "buildings_pc": 35.132757533140285, "road_area": 3370.9979994695168, "road_pc": 33.709979994644939, "free_space_area": 1546.4807237325181, "free_space_pc": 15.464807237302136, "railways_area": 0.0, "railways_pc": 0.0, "free_space_number": 7.0, "tree_number": 1.0 }, "geometry": { "type": "MultiPolygon", "coordinates": [ [ [ [ 1262693.896874761208892, 5543869.404702704399824 ], [ 1262793.896874761208892, 5543869.404702704399824 ], [ 1262793.896874761208892, 5543769.404702704399824 ], [ 1262693.896874761208892, 5543769.404702704399824 ], [ 1262693.896874761208892, 5543869.404702704399824 ] ] ] ] } },
{ "type": "Feature", "properties": { "id": 635, "left": 1262693.8968747612, "top": 5543769.4047027044, "right": 1262793.8968747612, "bottom": 5543669.4047027044, "row_index": 4, "col_index": 18, "green_area": 2243.0118261280004, "green_pc": 22.43011826124658, "buildings_area": 2376.2529571363702, "buildings_pc": 23.762529571328294, "road_area": 3907.7204643189907, "road_pc": 39.07720464313168, "free_space_area": 1518.889340140624, "free_space_pc": 15.188893401383606, "railways_area": 0.0, "railways_pc": 0.0, "free_space_number": 4.0, "tree_number": 5.0 }, "geometry": { "type": "MultiPolygon", "coordinates": [ [ [ [ 1262693.896874761208892, 5543769.404702704399824 ], [ 1262793.896874761208892, 5543769.404702704399824 ], [ 1262793.896874761208892, 5543669.404702704399824 ], [ 1262693.896874761208892, 5543669.404702704399824 ], [ 1262693.896874761208892, 5543769.404702704399824 ] ] ] ] } },
{ "type": "Feature", "properties": { "id": 636, "left": 1262693.8968747612, "top": 5543669.4047027044, "right": 1262793.8968747612, "bottom": 5543569.4047027044, "row_index": 5, "col_index": 18, "green_area": 2359.8265724182129, "green_pc": 23.598265724146966, "buildings_area": 4653.1505073085427, "buildings_pc": 46.531505073016092, "road_area": 2284.3566037155688, "road_pc": 22.843566037121647, "free_space_area": 722.94287283199287, "free_space_pc": 7.2294287283091556, "railways_area": 0.0, "railways_pc": 0.0, "free_space_number": 8.0, "tree_number": 0.0 }, "geometry": { "type": "MultiPolygon", "coordinates": [ [ [ [ 1262693.896874761208892, 5543669.404702704399824 ], [ 1262793.896874761208892, 5543669.404702704399824 ], [ 1262793.896874761208892, 5543569.404702704399824 ], [ 1262693.896874761208892, 5543569.404702704399824 ], [ 1262693.896874761208892, 5543669.404702704399824 ] ] ] ] } },
{ "type": "Feature", "properties": { "id": 637, "left": 1262693.8968747612, "top": 5543569.4047027044, "right": 1262793.8968747612, "bottom": 5543469.4047027044, "row_index": 6, "col_index": 18, "green_area": 868.12783284857869, "green_pc": 8.6812783284728514, "buildings_area": 6067.7496696920134, "buildings_pc": 60.677496696829721, "road_area": 328.13231112866197, "road_pc": 3.28132311128173, "free_space_area": 2736.2146898851706, "free_space_pc": 27.362146898810934, "railways_area": 0.0, "railways_pc": 0.0, "free_space_number": 6.0, "tree_number": 0.0 }, "geometry": { "type": "MultiPolygon", "coordinates": [ [ [ [ 1262693.896874761208892, 5543569.404702704399824 ], [ 1262793.896874761208892, 5543569.404702704399824 ], [ 1262793.896874761208892, 5543469.404702704399824 ], [ 1262693.896874761208892, 5543469.404702704399824 ], [ 1262693.896874761208892, 5543569.404702704399824 ] ] ] ] } },
{ "type": "Feature", "properties": { "id": 638, "left": 1262693.8968747612, "top": 5543469.4047027044, "right": 1262793.8968747612, "bottom": 5543369.4047027044, "row_index": 7, "col_index": 18, "green_area": 0.0, "green_pc": 0.0, "buildings_area": 6550.9405072457739, "buildings_pc": 65.509405072360124, "road_area": 2857.999678902328, "road_pc": 28.579996788980694, "free_space_area": 591.18021535930529, "free_space_pc": 5.9118021535842438, "railways_area": 0.0, "railways_pc": 0.0, "free_space_number": 11.0, "tree_number": 0.0 }, "geometry": { "type": "MultiPolygon", "coordinates": [ [ [ [ 1262693.896874761208892, 5543469.404702704399824 ], [ 1262793.896874761208892, 5543469.404702704399824 ], [ 1262793.896874761208892, 5543369.404702704399824 ], [ 1262693.896874761208892, 5543369.404702704399824 ], [ 1262693.896874761208892, 5543469.404702704399824 ] ] ] ] } },
{ "type": "Feature", "properties": { "id": 639, "left": 1262693.8968747612, "top": 5543369.4047027044, "right": 1262793.8968747612, "bottom": 5543269.4047027044, "row_index": 8, "col_index": 18, "green_area": 337.35296536982059, "green_pc": 3.3735296536931791, "buildings_area": 5698.2636658595875, "buildings_pc": 56.982636658510962, "road_area": 2976.9704763889313, "road_pc": 29.769704763844953, "free_space_area": 987.54741661911976, "free_space_pc": 9.8754741661764811, "railways_area": 0.0, "railways_pc": 0.0, "free_space_number": 10.0, "tree_number": 0.0 }, "geometry": { "type": "MultiPolygon", "coordinates": [ [ [ [ 1262693.896874761208892, 5543369.404702704399824 ], [ 1262793.896874761208892, 5543369.404702704399824 ], [ 1262793.896874761208892, 5543269.404702704399824 ], [ 1262693.896874761208892, 5543269.404702704399824 ], [ 1262693.896874761208892, 5543369.404702704399824 ] ] ] ] } },
{ "type": "Feature", "properties": { "id": 640, "left": 1262693.8968747612, "top": 5543269.4047027044, "right": 1262793.8968747612, "bottom": 5543169.4047027044, "row_index": 9, "col_index": 18, "green_area": 35.919753523543477, "green_pc": 0.3591975352348995, "buildings_area": 6636.24826545408, "buildings_pc": 66.362482654441905, "road_area": 1248.466914050281, "road_pc": 12.484669140484208, "free_space_area": 2079.4613012895466, "free_space_pc": 20.794613012864477, "railways_area": 0.0, "railways_pc": 0.0, "free_space_number": 11.0, "tree_number": 0.0 }, "geometry": { "type": "MultiPolygon", "coordinates": [ [ [ [ 1262693.896874761208892, 5543269.404702704399824 ], [ 1262793.896874761208892, 5543269.404702704399824 ], [ 1262793.896874761208892, 5543169.404702704399824 ], [ 1262693.896874761208892, 5543169.404702704399824 ], [ 1262693.896874761208892, 5543269.404702704399824 ] ] ] ] } },
{ "type": "Feature", "properties": { "id": 641, "left": 1262693.8968747612, "top": 5543169.4047027044, "right": 1262793.8968747612, "bottom": 5543069.4047027044, "row_index": 10, "col_index": 18, "green_area": 1003.002353483811, "green_pc": 10.030023534823163, "buildings_area": 6429.9330063067609, "buildings_pc": 64.299330062971791, "road_area": 1611.9730845764279, "road_pc": 16.119730845740261, "free_space_area": 955.24366408317906, "free_space_pc": 9.5524366408175556, "railways_area": 0.0, "railways_pc": 0.0, "free_space_number": 10.0, "tree_number": 0.0 }, "geometry": { "type": "MultiPolygon", "coordinates": [ [ [ [ 1262693.896874761208892, 5543169.404702704399824 ], [ 1262793.896874761208892, 5543169.404702704399824 ], [ 1262793.896874761208892, 5543069.404702704399824 ], [ 1262693.896874761208892, 5543069.404702704399824 ], [ 1262693.896874761208892, 5543169.404702704399824 ] ] ] ] } },
{ "type": "Feature", "properties": { "id": 642, "left": 1262693.8968747612, "top": 5543069.4047027044, "right": 1262793.8968747612, "bottom": 5542969.4047027044, "row_index": 11, "col_index": 18, "green_area": 0.0, "green_pc": 0.0, "buildings_area": 6587.0144141875207, "buildings_pc": 65.870144141777047, "road_area": 2517.0089543201029, "road_pc": 25.170089543163524, "free_space_area": 896.13060658710469, "free_space_pc": 8.9613060658576931, "railways_area": 0.0, "railways_pc": 0.0, "free_space_number": 13.0, "tree_number": 0.0 }, "geometry": { "type": "MultiPolygon", "coordinates": [ [ [ [ 1262693.896874761208892, 5543069.404702704399824 ], [ 1262793.896874761208892, 5543069.404702704399824 ], [ 1262793.896874761208892, 5542969.404702704399824 ], [ 1262693.896874761208892, 5542969.404702704399824 ], [ 1262693.896874761208892, 5543069.404702704399824 ] ] ] ] } },
{ "type": "Feature", "properties": { "id": 643, "left": 1262693.8968747612, "top": 5542969.4047027044, "right": 1262793.8968747612, "bottom": 5542869.4047027044, "row_index": 12, "col_index": 18, "green_area": 0.0, "green_pc": 0.0, "buildings_area": 6641.2976100696251, "buildings_pc": 66.412976100597291, "road_area": 2669.7447668798268, "road_pc": 26.697447668758485, "free_space_area": 688.95762302955336, "free_space_pc": 6.8895762302852672, "railways_area": 0.0, "railways_pc": 0.0, "free_space_number": 5.0, "tree_number": 0.0 }, "geometry": { "type": "MultiPolygon", "coordinates": [ [ [ [ 1262693.896874761208892, 5542969.404702704399824 ], [ 1262793.896874761208892, 5542969.404702704399824 ], [ 1262793.896874761208892, 5542869.404702704399824 ], [ 1262693.896874761208892, 5542869.404702704399824 ], [ 1262693.896874761208892, 5542969.404702704399824 ] ] ] ] } },
{ "type": "Feature", "properties": { "id": 644, "left": 1262693.8968747612, "top": 5542869.4047027044, "right": 1262793.8968747612, "bottom": 5542769.4047027044, "row_index": 13, "col_index": 18, "green_area": 0.0, "green_pc": 0.0, "buildings_area": 5839.6676983591169, "buildings_pc": 58.39667698350415, "road_area": 3646.5335489660501, "road_pc": 36.465335489606161, "free_space_area": 514.8188661291897, "free_space_pc": 5.1481886612842258, "railways_area": 0.0, "railways_pc": 0.0, "free_space_number": 9.0, "tree_number": 0.0 }, "geometry": { "type": "MultiPolygon", "coordinates": [ [ [ [ 1262693.896874761208892, 5542869.404702704399824 ], [ 1262793.896874761208892, 5542869.404702704399824 ], [ 1262793.896874761208892, 5542769.404702704399824 ], [ 1262693.896874761208892, 5542769.404702704399824 ], [ 1262693.896874761208892, 5542869.404702704399824 ] ] ] ] } },
{ "type": "Feature", "properties": { "id": 645, "left": 1262693.8968747612, "top": 5542769.4047027044, "right": 1262793.8968747612, "bottom": 5542669.4047027044, "row_index": 14, "col_index": 18, "green_area": 0.0, "green_pc": 0.0, "buildings_area": 5968.8386770966463, "buildings_pc": 59.688386770877521, "road_area": 2818.5767651498318, "road_pc": 28.185767651456317, "free_space_area": 1212.729463449768, "free_space_pc": 12.127294634479608, "railways_area": 0.0, "railways_pc": 0.0, "free_space_number": 12.0, "tree_number": 0.0 }, "geometry": { "type": "MultiPolygon", "coordinates": [ [ [ [ 1262693.896874761208892, 5542769.404702704399824 ], [ 1262793.896874761208892, 5542769.404702704399824 ], [ 1262793.896874761208892, 5542669.404702704399824 ], [ 1262693.896874761208892, 5542669.404702704399824 ], [ 1262693.896874761208892, 5542769.404702704399824 ] ] ] ] } },
{ "type": "Feature", "properties": { "id": 646, "left": 1262693.8968747612, "top": 5542669.4047027044, "right": 1262793.8968747612, "bottom": 5542569.4047027044, "row_index": 15, "col_index": 18, "green_area": 618.40116019724519, "green_pc": 6.1840116019632374, "buildings_area": 5028.1329805199057, "buildings_pc": 50.28132980512413, "road_area": 2832.5181881464086, "road_pc": 28.32518188142188, "free_space_area": 1520.9716166604776, "free_space_pc": 15.209716166582112, "railways_area": 0.0, "railways_pc": 0.0, "free_space_number": 8.0, "tree_number": 0.0 }, "geometry": { "type": "MultiPolygon", "coordinates": [ [ [ [ 1262693.896874761208892, 5542669.404702704399824 ], [ 1262793.896874761208892, 5542669.404702704399824 ], [ 1262793.896874761208892, 5542569.404702704399824 ], [ 1262693.896874761208892, 5542569.404702704399824 ], [ 1262693.896874761208892, 5542669.404702704399824 ] ] ] ] } },
{ "type": "Feature", "properties": { "id": 647, "left": 1262693.8968747612, "top": 5542569.4047027044, "right": 1262793.8968747612, "bottom": 5542469.4047027044, "row_index": 16, "col_index": 18, "green_area": 0.0, "green_pc": 0.0, "buildings_area": 8073.6234880536795, "buildings_pc": 80.73623488041649, "road_area": 418.59364544227719, "road_pc": 4.1859364544165345, "free_space_area": 1507.7828665039269, "free_space_pc": 15.077828665016801, "railways_area": 0.0, "railways_pc": 0.0, "free_space_number": 4.0, "tree_number": 0.0 }, "geometry": { "type": "MultiPolygon", "coordinates": [ [ [ [ 1262693.896874761208892, 5542569.404702704399824 ], [ 1262793.896874761208892, 5542569.404702704399824 ], [ 1262793.896874761208892, 5542469.404702704399824 ], [ 1262693.896874761208892, 5542469.404702704399824 ], [ 1262693.896874761208892, 5542569.404702704399824 ] ] ] ] } },
{ "type": "Feature", "properties": { "id": 648, "left": 1262693.8968747612, "top": 5542469.4047027044, "right": 1262793.8968747612, "bottom": 5542369.4047027044, "row_index": 17, "col_index": 18, "green_area": 0.0, "green_pc": 0.0, "buildings_area": 7282.4623694685288, "buildings_pc": 72.824623694576772, "road_area": 2104.1438106037676, "road_pc": 21.041438106006321, "free_space_area": 613.39383722329512, "free_space_pc": 6.1339383722238106, "railways_area": 0.0, "railways_pc": 0.0, "free_space_number": 7.0, "tree_number": 0.0 }, "geometry": { "type": "MultiPolygon", "coordinates": [ [ [ [ 1262693.896874761208892, 5542469.404702704399824 ], [ 1262793.896874761208892, 5542469.404702704399824 ], [ 1262793.896874761208892, 5542369.404702704399824 ], [ 1262693.896874761208892, 5542369.404702704399824 ], [ 1262693.896874761208892, 5542469.404702704399824 ] ] ] ] } },
{ "type": "Feature", "properties": { "id": 649, "left": 1262693.8968747612, "top": 5542369.4047027044, "right": 1262793.8968747612, "bottom": 5542269.4047027044, "row_index": 18, "col_index": 18, "green_area": 0.0, "green_pc": 0.0, "buildings_area": 3888.3910990811419, "buildings_pc": 38.883910990753478, "road_area": 270.68163447827101, "road_pc": 2.7068163447786766, "free_space_area": 75.33870976285408, "free_space_pc": 0.75338709762741818, "railways_area": 0.0, "railways_pc": 0.0, "free_space_number": 4.0, "tree_number": 0.0 }, "geometry": { "type": "MultiPolygon", "coordinates": [ [ [ [ 1262693.896874761208892, 5542369.404702704399824 ], [ 1262793.896874761208892, 5542369.404702704399824 ], [ 1262793.896874761208892, 5542269.404702704399824 ], [ 1262693.896874761208892, 5542269.404702704399824 ], [ 1262693.896874761208892, 5542369.404702704399824 ] ] ] ] } },
{ "type": "Feature", "properties": { "id": 650, "left": 1262693.8968747612, "top": 5542269.4047027044, "right": 1262793.8968747612, "bottom": 5542169.4047027044, "row_index": 19, "col_index": 18, "green_area": 0.0, "green_pc": 0.0, "buildings_area": 4004.1188941525761, "buildings_pc": 40.041188941466096, "road_area": 0.0, "road_pc": 0.0, "free_space_area": 0.1360115404396538, "free_space_pc": 0.0013601154043945112, "railways_area": 0.0, "railways_pc": 0.0, "free_space_number": 4.0, "tree_number": 0.0 }, "geometry": { "type": "MultiPolygon", "coordinates": [ [ [ [ 1262693.896874761208892, 5542269.404702704399824 ], [ 1262793.896874761208892, 5542269.404702704399824 ], [ 1262793.896874761208892, 5542169.404702704399824 ], [ 1262693.896874761208892, 5542169.404702704399824 ], [ 1262693.896874761208892, 5542269.404702704399824 ] ] ] ] } },
{ "type": "Feature", "properties": { "id": 651, "left": 1262693.8968747612, "top": 5542169.4047027044, "right": 1262793.8968747612, "bottom": 5542069.4047027044, "row_index": 20, "col_index": 18, "green_area": 0.0, "green_pc": 0.0, "buildings_area": 3743.5792630044743, "buildings_pc": 37.43579262998896, "road_area": 403.51960294088349, "road_pc": 4.0351960294028224, "free_space_area": 15.909625600208528, "free_space_pc": 0.15909625600184821, "railways_area": 0.0, "railways_pc": 0.0, "free_space_number": 4.0, "tree_number": 0.0 }, "geometry": { "type": "MultiPolygon", "coordinates": [ [ [ [ 1262693.896874761208892, 5542169.404702704399824 ], [ 1262793.896874761208892, 5542169.404702704399824 ], [ 1262793.896874761208892, 5542069.404702704399824 ], [ 1262693.896874761208892, 5542069.404702704399824 ], [ 1262693.896874761208892, 5542169.404702704399824 ] ] ] ] } },
{ "type": "Feature", "properties": { "id": 652, "left": 1262693.8968747612, "top": 5542069.4047027044, "right": 1262793.8968747612, "bottom": 5541969.4047027044, "row_index": 21, "col_index": 18, "green_area": 0.0, "green_pc": 0.0, "buildings_area": 8416.1521985903382, "buildings_pc": 84.161521985777966, "road_area": 1580.1871533505619, "road_pc": 15.801871533482071, "free_space_area": 3.6957589684953236, "free_space_pc": 0.036957589684898165, "railways_area": 0.0, "railways_pc": 0.0, "free_space_number": 6.0, "tree_number": 0.0 }, "geometry": { "type": "MultiPolygon", "coordinates": [ [ [ [ 1262693.896874761208892, 5542069.404702704399824 ], [ 1262793.896874761208892, 5542069.404702704399824 ], [ 1262793.896874761208892, 5541969.404702704399824 ], [ 1262693.896874761208892, 5541969.404702704399824 ], [ 1262693.896874761208892, 5542069.404702704399824 ] ] ] ] } },
{ "type": "Feature", "properties": { "id": 653, "left": 1262693.8968747612, "top": 5541969.4047027044, "right": 1262793.8968747612, "bottom": 5541869.4047027044, "row_index": 22, "col_index": 18, "green_area": 0.0, "green_pc": 0.0, "buildings_area": 5925.66997410357, "buildings_pc": 59.256699740947397, "road_area": 3265.6583289317787, "road_pc": 32.656583289269122, "free_space_area": 808.79728835164133, "free_space_pc": 8.0879728835043618, "railways_area": 0.0, "railways_pc": 0.0, "free_space_number": 4.0, "tree_number": 0.0 }, "geometry": { "type": "MultiPolygon", "coordinates": [ [ [ [ 1262693.896874761208892, 5541969.404702704399824 ], [ 1262793.896874761208892, 5541969.404702704399824 ], [ 1262793.896874761208892, 5541869.404702704399824 ], [ 1262693.896874761208892, 5541869.404702704399824 ], [ 1262693.896874761208892, 5541969.404702704399824 ] ] ] ] } },
{ "type": "Feature", "properties": { "id": 654, "left": 1262693.8968747612, "top": 5541869.4047027044, "right": 1262793.8968747612, "bottom": 5541769.4047027044, "row_index": 23, "col_index": 18, "green_area": 306.540308393538, "green_pc": 3.065403083930812, "buildings_area": 5540.4053578265011, "buildings_pc": 55.404053578182456, "road_area": 3052.3551737517118, "road_pc": 30.523551737471635, "free_space_area": 580.34201296279934, "free_space_pc": 5.8034201296193455, "railways_area": 0.0, "railways_pc": 0.0, "free_space_number": 10.0, "tree_number": 0.0 }, "geometry": { "type": "MultiPolygon", "coordinates": [ [ [ [ 1262693.896874761208892, 5541869.404702704399824 ], [ 1262793.896874761208892, 5541869.404702704399824 ], [ 1262793.896874761208892, 5541769.404702704399824 ], [ 1262693.896874761208892, 5541769.404702704399824 ], [ 1262693.896874761208892, 5541869.404702704399824 ] ] ] ] } },
{ "type": "Feature", "properties": { "id": 655, "left": 1262693.8968747612, "top": 5541769.4047027044, "right": 1262793.8968747612, "bottom": 5541669.4047027044, "row_index": 24, "col_index": 18, "green_area": 843.63437175005674, "green_pc": 8.4363437174879969, "buildings_area": 5990.2820460724179, "buildings_pc": 59.902820460634914, "road_area": 699.02873130980879, "road_pc": 6.9902873130876717, "free_space_area": 977.25751116820902, "free_space_pc": 9.7725751116675283, "railways_area": 0.0, "railways_pc": 0.0, "free_space_number": 6.0, "tree_number": 1.0 }, "geometry": { "type": "MultiPolygon", "coordinates": [ [ [ [ 1262693.896874761208892, 5541769.404702704399824 ], [ 1262793.896874761208892, 5541769.404702704399824 ], [ 1262793.896874761208892, 5541669.404702704399824 ], [ 1262693.896874761208892, 5541669.404702704399824 ], [ 1262693.896874761208892, 5541769.404702704399824 ] ] ] ] } },
{ "type": "Feature", "properties": { "id": 656, "left": 1262693.8968747612, "top": 5541669.4047027044, "right": 1262793.8968747612, "bottom": 5541569.4047027044, "row_index": 25, "col_index": 18, "green_area": 1173.998279008083, "green_pc": 11.739982790063337, "buildings_area": 5197.4266818403266, "buildings_pc": 51.974266818325816, "road_area": 2557.649738881737, "road_pc": 25.576497388779259, "free_space_area": 1072.9253600498014, "free_space_pc": 10.729253600482027, "railways_area": 0.0, "railways_pc": 0.0, "free_space_number": 9.0, "tree_number": 15.0 }, "geometry": { "type": "MultiPolygon", "coordinates": [ [ [ [ 1262693.896874761208892, 5541669.404702704399824 ], [ 1262793.896874761208892, 5541669.404702704399824 ], [ 1262793.896874761208892, 5541569.404702704399824 ], [ 1262693.896874761208892, 5541569.404702704399824 ], [ 1262693.896874761208892, 5541669.404702704399824 ] ] ] ] } },
{ "type": "Feature", "properties": { "id": 657, "left": 1262693.8968747612, "top": 5541569.4047027044, "right": 1262793.8968747612, "bottom": 5541469.4047027044, "row_index": 26, "col_index": 18, "green_area": 466.11440800130367, "green_pc": 4.6611440800060908, "buildings_area": 4385.5066212099046, "buildings_pc": 43.855066212033698, "road_area": 2387.6522934138775, "road_pc": 23.876522934103196, "free_space_area": 2822.4940746851125, "free_space_pc": 28.224940746809068, "railways_area": 0.0, "railways_pc": 0.0, "free_space_number": 9.0, "tree_number": 15.0 }, "geometry": { "type": "MultiPolygon", "coordinates": [ [ [ [ 1262693.896874761208892, 5541569.404702704399824 ], [ 1262793.896874761208892, 5541569.404702704399824 ], [ 1262793.896874761208892, 5541469.404702704399824 ], [ 1262693.896874761208892, 5541469.404702704399824 ], [ 1262693.896874761208892, 5541569.404702704399824 ] ] ] ] } },
{ "type": "Feature", "properties": { "id": 658, "left": 1262693.8968747612, "top": 5541469.4047027044, "right": 1262793.8968747612, "bottom": 5541369.4047027044, "row_index": 27, "col_index": 18, "green_area": 1781.0604130625725, "green_pc": 17.810604130599184, "buildings_area": 5263.8775022448972, "buildings_pc": 52.638775022370531, "road_area": 924.74231930729002, "road_pc": 9.2474231930591202, "free_space_area": 1024.2658360145685, "free_space_pc": 10.242658360130422, "railways_area": 0.0, "railways_pc": 0.0, "free_space_number": 10.0, "tree_number": 8.0 }, "geometry": { "type": "MultiPolygon", "coordinates": [ [ [ [ 1262693.896874761208892, 5541469.404702704399824 ], [ 1262793.896874761208892, 5541469.404702704399824 ], [ 1262793.896874761208892, 5541369.404702704399824 ], [ 1262693.896874761208892, 5541369.404702704399824 ], [ 1262693.896874761208892, 5541469.404702704399824 ] ] ] ] } },
{ "type": "Feature", "properties": { "id": 659, "left": 1262693.8968747612, "top": 5541369.4047027044, "right": 1262793.8968747612, "bottom": 5541269.4047027044, "row_index": 28, "col_index": 18, "green_area": 1290.5744012352079, "green_pc": 12.905744012332848, "buildings_area": 3707.025074149984, "buildings_pc": 37.070250741444596, "road_area": 0.0, "road_pc": 0.0, "free_space_area": 1592.3270832953747, "free_space_pc": 15.923270832930021, "railways_area": 0.0, "railways_pc": 0.0, "free_space_number": 7.0, "tree_number": 3.0 }, "geometry": { "type": "MultiPolygon", "coordinates": [ [ [ [ 1262693.896874761208892, 5541369.404702704399824 ], [ 1262793.896874761208892, 5541369.404702704399824 ], [ 1262793.896874761208892, 5541269.404702704399824 ], [ 1262693.896874761208892, 5541269.404702704399824 ], [ 1262693.896874761208892, 5541369.404702704399824 ] ] ] ] } },
{ "type": "Feature", "properties": { "id": 660, "left": 1262693.8968747612, "top": 5541269.4047027044, "right": 1262793.8968747612, "bottom": 5541169.4047027044, "row_index": 29, "col_index": 18, "green_area": 441.98192860546988, "green_pc": 4.4198192860481127, "buildings_area": 5250.8614584412426, "buildings_pc": 52.508614584334182, "road_area": 2516.7923949044198, "road_pc": 25.167923949006695, "free_space_area": 1790.97150209449, "free_space_pc": 17.909715020918213, "railways_area": 0.0, "railways_pc": 0.0, "free_space_number": 9.0, "tree_number": 0.0 }, "geometry": { "type": "MultiPolygon", "coordinates": [ [ [ [ 1262693.896874761208892, 5541269.404702704399824 ], [ 1262793.896874761208892, 5541269.404702704399824 ], [ 1262793.896874761208892, 5541169.404702704399824 ], [ 1262693.896874761208892, 5541169.404702704399824 ], [ 1262693.896874761208892, 5541269.404702704399824 ] ] ] ] } },
{ "type": "Feature", "properties": { "id": 661, "left": 1262693.8968747612, "top": 5541169.4047027044, "right": 1262793.8968747612, "bottom": 5541069.4047027044, "row_index": 30, "col_index": 18, "green_area": 890.04251162940636, "green_pc": 8.9004251162808004, "buildings_area": 4691.8098696840461, "buildings_pc": 46.918098696770549, "road_area": 2705.6322445813566, "road_pc": 27.056322445773251, "free_space_area": 1713.4594074879874, "free_space_pc": 17.134594074854341, "railways_area": 0.0, "railways_pc": 0.0, "free_space_number": 16.0, "tree_number": 5.0 }, "geometry": { "type": "MultiPolygon", "coordinates": [ [ [ [ 1262693.896874761208892, 5541169.404702704399824 ], [ 1262793.896874761208892, 5541169.404702704399824 ], [ 1262793.896874761208892, 5541069.404702704399824 ], [ 1262693.896874761208892, 5541069.404702704399824 ], [ 1262693.896874761208892, 5541169.404702704399824 ] ] ] ] } },
{ "type": "Feature", "properties": { "id": 662, "left": 1262693.8968747612, "top": 5541069.4047027044, "right": 1262793.8968747612, "bottom": 5540969.4047027044, "row_index": 31, "col_index": 18, "green_area": 3239.738486002665, "green_pc": 32.397384859978374, "buildings_area": 2884.7900764737278, "buildings_pc": 28.847900764694291, "road_area": 1328.4393381476402, "road_pc": 13.284393381456606, "free_space_area": 2551.7001229043308, "free_space_pc": 25.517001229005285, "railways_area": 0.0, "railways_pc": 0.0, "free_space_number": 7.0, "tree_number": 2.0 }, "geometry": { "type": "MultiPolygon", "coordinates": [ [ [ [ 1262693.896874761208892, 5541069.404702704399824 ], [ 1262793.896874761208892, 5541069.404702704399824 ], [ 1262793.896874761208892, 5540969.404702704399824 ], [ 1262693.896874761208892, 5540969.404702704399824 ], [ 1262693.896874761208892, 5541069.404702704399824 ] ] ] ] } },
{ "type": "Feature", "properties": { "id": 663, "left": 1262693.8968747612, "top": 5540969.4047027044, "right": 1262793.8968747612, "bottom": 5540869.4047027044, "row_index": 32, "col_index": 18, "green_area": 582.3874169238843, "green_pc": 39.845199873454604, "buildings_area": 0.0, "buildings_pc": 0.0, "road_area": 873.35387232276844, "road_pc": 59.752251837378452, "free_space_area": 5.8837688994244672, "free_space_pc": 0.40254981648654725, "railways_area": 0.0, "railways_pc": 0.0, "free_space_number": 1.0, "tree_number": 0.0 }, "geometry": { "type": "MultiPolygon", "coordinates": [ [ [ [ 1262693.896874761208892, 5540963.23367403075099 ], [ 1262693.896874761208892, 5540969.404702704399824 ], [ 1262793.896874761208892, 5540969.404702704399824 ], [ 1262793.896874761208892, 5540946.343230661004782 ], [ 1262693.896874761208892, 5540963.23367403075099 ] ] ] ] } },
{ "type": "Feature", "properties": { "id": 666, "left": 1262793.8968747612, "top": 5544169.4047027044, "right": 1262893.8968747612, "bottom": 5544069.4047027044, "row_index": 0, "col_index": 19, "green_area": 0.0, "green_pc": 0.0, "buildings_area": 106.0901664942503, "buildings_pc": 15.292937618913877, "road_area": 0.0, "road_pc": 0.0, "free_space_area": 0.0, "free_space_pc": 0.0, "railways_area": 587.62983115762472, "railways_pc": 84.707062377864105, "free_space_number": 0.0, "tree_number": 0.0 }, "geometry": { "type": "MultiPolygon", "coordinates": [ [ [ [ 1262865.87397238612175, 5544072.039969106204808 ], [ 1262880.115114657441154, 5544069.404702704399824 ], [ 1262793.896874761208892, 5544069.404702704399824 ], [ 1262793.896874761208892, 5544085.524162961170077 ], [ 1262865.87397238612175, 5544072.039969106204808 ] ] ] ] } },
{ "type": "Feature", "properties": { "id": 667, "left": 1262793.8968747612, "top": 5544069.4047027044, "right": 1262893.8968747612, "bottom": 5543969.4047027044, "row_index": 1, "col_index": 19, "green_area": 287.27894407091662, "green_pc": 2.8778468342798318, "buildings_area": 4679.860109906178, "buildings_pc": 46.880987556266284, "road_area": 0.0, "road_pc": 0.0, "free_space_area": 4273.0082193722483, "free_space_pc": 42.805306238999954, "railways_area": 475.42781434359495, "railways_pc": 4.7626477981607431, "free_space_number": 2.0, "tree_number": 0.0 }, "geometry": { "type": "MultiPolygon", "coordinates": [ [ [ [ 1262893.896874761208892, 5544066.854443134739995 ], [ 1262893.896874761208892, 5543969.404702704399824 ], [ 1262793.896874761208892, 5543969.404702704399824 ], [ 1262793.896874761208892, 5544069.404702704399824 ], [ 1262880.115114657441154, 5544069.404702704399824 ], [ 1262893.896874761208892, 5544066.854443134739995 ] ] ] ] } },
{ "type": "Feature", "properties": { "id": 668, "left": 1262793.8968747612, "top": 5543969.4047027044, "right": 1262893.8968747612, "bottom": 5543869.4047027044, "row_index": 2, "col_index": 19, "green_area": 46.298798070289195, "green_pc": 0.46298798070220204, "buildings_area": 3154.4777443669736, "buildings_pc": 31.544777443622731, "road_area": 5928.8490070179105, "road_pc": 59.288490070090759, "free_space_area": 870.44001593766734, "free_space_pc": 8.7044001593637024, "railways_area": 0.0, "railways_pc": 0.0, "free_space_number": 6.0, "tree_number": 0.0 }, "geometry": { "type": "MultiPolygon", "coordinates": [ [ [ [ 1262793.896874761208892, 5543969.404702704399824 ], [ 1262893.896874761208892, 5543969.404702704399824 ], [ 1262893.896874761208892, 5543869.404702704399824 ], [ 1262793.896874761208892, 5543869.404702704399824 ], [ 1262793.896874761208892, 5543969.404702704399824 ] ] ] ] } },
{ "type": "Feature", "properties": { "id": 669, "left": 1262793.8968747612, "top": 5543869.4047027044, "right": 1262893.8968747612, "bottom": 5543769.4047027044, "row_index": 3, "col_index": 19, "green_area": 1861.9846374224871, "green_pc": 18.619846374197127, "buildings_area": 1724.7550542447716, "buildings_pc": 17.247550542422015, "road_area": 5310.7893924140371, "road_pc": 53.107893924061237, "free_space_area": 1125.7156780115808, "free_space_pc": 11.257156780099034, "railways_area": 0.0, "railways_pc": 0.0, "free_space_number": 4.0, "tree_number": 0.0 }, "geometry": { "type": "MultiPolygon", "coordinates": [ [ [ [ 1262793.896874761208892, 5543869.404702704399824 ], [ 1262893.896874761208892, 5543869.404702704399824 ], [ 1262893.896874761208892, 5543769.404702704399824 ], [ 1262793.896874761208892, 5543769.404702704399824 ], [ 1262793.896874761208892, 5543869.404702704399824 ] ] ] ] } },
{ "type": "Feature", "properties": { "id": 670, "left": 1262793.8968747612, "top": 5543769.4047027044, "right": 1262893.8968747612, "bottom": 5543669.4047027044, "row_index": 4, "col_index": 19, "green_area": 527.12354842573404, "green_pc": 5.2712354842494857, "buildings_area": 3288.674739561975, "buildings_pc": 32.886747395570744, "road_area": 1690.8560956027359, "road_pc": 16.908560956002162, "free_space_area": 4531.0157115189359, "free_space_pc": 45.310157115121839, "railways_area": 0.0, "railways_pc": 0.0, "free_space_number": 6.0, "tree_number": 0.0 }, "geometry": { "type": "MultiPolygon", "coordinates": [ [ [ [ 1262793.896874761208892, 5543769.404702704399824 ], [ 1262893.896874761208892, 5543769.404702704399824 ], [ 1262893.896874761208892, 5543669.404702704399824 ], [ 1262793.896874761208892, 5543669.404702704399824 ], [ 1262793.896874761208892, 5543769.404702704399824 ] ] ] ] } },
{ "type": "Feature", "properties": { "id": 671, "left": 1262793.8968747612, "top": 5543669.4047027044, "right": 1262893.8968747612, "bottom": 5543569.4047027044, "row_index": 5, "col_index": 19, "green_area": 804.24485520645976, "green_pc": 8.0424485520526137, "buildings_area": 4788.449913315475, "buildings_pc": 47.884499133083395, "road_area": 4056.1206209883094, "road_pc": 40.56120620982265, "free_space_area": 387.99609938540766, "free_space_pc": 3.8799609938482948, "railways_area": 0.0, "railways_pc": 0.0, "free_space_number": 12.0, "tree_number": 0.0 }, "geometry": { "type": "MultiPolygon", "coordinates": [ [ [ [ 1262793.896874761208892, 5543669.404702704399824 ], [ 1262893.896874761208892, 5543669.404702704399824 ], [ 1262893.896874761208892, 5543569.404702704399824 ], [ 1262793.896874761208892, 5543569.404702704399824 ], [ 1262793.896874761208892, 5543669.404702704399824 ] ] ] ] } },
{ "type": "Feature", "properties": { "id": 672, "left": 1262793.8968747612, "top": 5543569.4047027044, "right": 1262893.8968747612, "bottom": 5543469.4047027044, "row_index": 6, "col_index": 19, "green_area": 205.72630796208978, "green_pc": 2.0572630796178322, "buildings_area": 4716.7248697923496, "buildings_pc": 47.167248697853211, "road_area": 2606.8371862508357, "road_pc": 26.068371862469512, "free_space_area": 2470.7796269420533, "free_space_pc": 24.707796269383714, "railways_area": 0.0, "railways_pc": 0.0, "free_space_number": 8.0, "tree_number": 0.0 }, "geometry": { "type": "MultiPolygon", "coordinates": [ [ [ [ 1262793.896874761208892, 5543569.404702704399824 ], [ 1262893.896874761208892, 5543569.404702704399824 ], [ 1262893.896874761208892, 5543469.404702704399824 ], [ 1262793.896874761208892, 5543469.404702704399824 ], [ 1262793.896874761208892, 5543569.404702704399824 ] ] ] ] } },
{ "type": "Feature", "properties": { "id": 673, "left": 1262793.8968747612, "top": 5543469.4047027044, "right": 1262893.8968747612, "bottom": 5543369.4047027044, "row_index": 7, "col_index": 19, "green_area": 555.03945285454392, "green_pc": 5.5503945285371685, "buildings_area": 5778.0435313587077, "buildings_pc": 57.78043531350098, "road_area": 2072.1102819442749, "road_pc": 20.721102819411872, "free_space_area": 1595.6283173981992, "free_space_pc": 15.956283173958216, "railways_area": 0.0, "railways_pc": 0.0, "free_space_number": 12.0, "tree_number": 0.0 }, "geometry": { "type": "MultiPolygon", "coordinates": [ [ [ [ 1262793.896874761208892, 5543469.404702704399824 ], [ 1262893.896874761208892, 5543469.404702704399824 ], [ 1262893.896874761208892, 5543369.404702704399824 ], [ 1262793.896874761208892, 5543369.404702704399824 ], [ 1262793.896874761208892, 5543469.404702704399824 ] ] ] ] } },
{ "type": "Feature", "properties": { "id": 674, "left": 1262793.8968747612, "top": 5543369.4047027044, "right": 1262893.8968747612, "bottom": 5543269.4047027044, "row_index": 8, "col_index": 19, "green_area": 140.74463199172169, "green_pc": 1.4074463199151197, "buildings_area": 4717.1420912332833, "buildings_pc": 47.171420912262541, "road_area": 4875.0925331935287, "road_pc": 48.750925331862639, "free_space_area": 267.28643354282337, "free_space_pc": 2.6728643354242507, "railways_area": 0.0, "railways_pc": 0.0, "free_space_number": 6.0, "tree_number": 2.0 }, "geometry": { "type": "MultiPolygon", "coordinates": [ [ [ [ 1262793.896874761208892, 5543369.404702704399824 ], [ 1262893.896874761208892, 5543369.404702704399824 ], [ 1262893.896874761208892, 5543269.404702704399824 ], [ 1262793.896874761208892, 5543269.404702704399824 ], [ 1262793.896874761208892, 5543369.404702704399824 ] ] ] ] } },
{ "type": "Feature", "properties": { "id": 675, "left": 1262793.8968747612, "top": 5543269.4047027044, "right": 1262893.8968747612, "bottom": 5543169.4047027044, "row_index": 9, "col_index": 19, "green_area": 109.80144267715514, "green_pc": 1.0980144267699152, "buildings_area": 6035.3097091894597, "buildings_pc": 60.353097091804663, "road_area": 2097.7537579461932, "road_pc": 20.977537579430674, "free_space_area": 781.01038818917471, "free_space_pc": 7.8101038818801092, "railways_area": 0.0, "railways_pc": 0.0, "free_space_number": 7.0, "tree_number": 0.0 }, "geometry": { "type": "MultiPolygon", "coordinates": [ [ [ [ 1262793.896874761208892, 5543269.404702704399824 ], [ 1262893.896874761208892, 5543269.404702704399824 ], [ 1262893.896874761208892, 5543169.404702704399824 ], [ 1262793.896874761208892, 5543169.404702704399824 ], [ 1262793.896874761208892, 5543269.404702704399824 ] ] ] ] } },
{ "type": "Feature", "properties": { "id": 676, "left": 1262793.8968747612, "top": 5543169.4047027044, "right": 1262893.8968747612, "bottom": 5543069.4047027044, "row_index": 10, "col_index": 19, "green_area": 1746.5923749152571, "green_pc": 17.465923749126546, "buildings_area": 3122.2002368535614, "buildings_pc": 31.22200236848909, "road_area": 1848.528575334698, "road_pc": 18.485285753319435, "free_space_area": 85.232004815965823, "free_space_pc": 0.85232004815838824, "railways_area": 0.0, "railways_pc": 0.0, "free_space_number": 9.0, "tree_number": 0.0 }, "geometry": { "type": "MultiPolygon", "coordinates": [ [ [ [ 1262793.896874761208892, 5543169.404702704399824 ], [ 1262893.896874761208892, 5543169.404702704399824 ], [ 1262893.896874761208892, 5543069.404702704399824 ], [ 1262793.896874761208892, 5543069.404702704399824 ], [ 1262793.896874761208892, 5543169.404702704399824 ] ] ] ] } },
{ "type": "Feature", "properties": { "id": 677, "left": 1262793.8968747612, "top": 5543069.4047027044, "right": 1262893.8968747612, "bottom": 5542969.4047027044, "row_index": 11, "col_index": 19, "green_area": 1251.9055250082165, "green_pc": 12.519055250063509, "buildings_area": 4416.6906517245807, "buildings_pc": 44.166906517179996, "road_area": 3944.9461666869465, "road_pc": 39.449461666810684, "free_space_area": 386.89599568433317, "free_space_pc": 3.8689599568375663, "railways_area": 0.0, "railways_pc": 0.0, "free_space_number": 13.0, "tree_number": 10.0 }, "geometry": { "type": "MultiPolygon", "coordinates": [ [ [ [ 1262793.896874761208892, 5543069.404702704399824 ], [ 1262893.896874761208892, 5543069.404702704399824 ], [ 1262893.896874761208892, 5542969.404702704399824 ], [ 1262793.896874761208892, 5542969.404702704399824 ], [ 1262793.896874761208892, 5543069.404702704399824 ] ] ] ] } },
{ "type": "Feature", "properties": { "id": 678, "left": 1262793.8968747612, "top": 5542969.4047027044, "right": 1262893.8968747612, "bottom": 5542869.4047027044, "row_index": 12, "col_index": 19, "green_area": 3.8257327175233513, "green_pc": 0.038257327175176506, "buildings_area": 6760.4505260403967, "buildings_pc": 67.604505260303227, "road_area": 2463.122611053288, "road_pc": 24.631226110496176, "free_space_area": 775.88737241611807, "free_space_pc": 7.7588737241496188, "railways_area": 0.0, "railways_pc": 0.0, "free_space_number": 20.0, "tree_number": 0.0 }, "geometry": { "type": "MultiPolygon", "coordinates": [ [ [ [ 1262793.896874761208892, 5542969.404702704399824 ], [ 1262893.896874761208892, 5542969.404702704399824 ], [ 1262893.896874761208892, 5542869.404702704399824 ], [ 1262793.896874761208892, 5542869.404702704399824 ], [ 1262793.896874761208892, 5542969.404702704399824 ] ] ] ] } },
{ "type": "Feature", "properties": { "id": 679, "left": 1262793.8968747612, "top": 5542869.4047027044, "right": 1262893.8968747612, "bottom": 5542769.4047027044, "row_index": 13, "col_index": 19, "green_area": 113.37582691386342, "green_pc": 1.1337582691369448, "buildings_area": 6835.1664914507419, "buildings_pc": 68.351664914405561, "road_area": 1838.078984497115, "road_pc": 18.380789844943759, "free_space_area": 1213.7676040191132, "free_space_pc": 12.137676040173046, "railways_area": 0.0, "railways_pc": 0.0, "free_space_number": 14.0, "tree_number": 0.0 }, "geometry": { "type": "MultiPolygon", "coordinates": [ [ [ [ 1262793.896874761208892, 5542869.404702704399824 ], [ 1262893.896874761208892, 5542869.404702704399824 ], [ 1262893.896874761208892, 5542769.404702704399824 ], [ 1262793.896874761208892, 5542769.404702704399824 ], [ 1262793.896874761208892, 5542869.404702704399824 ] ] ] ] } },
{ "type": "Feature", "properties": { "id": 680, "left": 1262793.8968747612, "top": 5542769.4047027044, "right": 1262893.8968747612, "bottom": 5542669.4047027044, "row_index": 14, "col_index": 19, "green_area": 17.612965311855078, "green_pc": 0.17612965311828832, "buildings_area": 6732.614655262325, "buildings_pc": 67.326146552522928, "road_area": 1512.490412896499, "road_pc": 15.124904128942452, "free_space_area": 1737.3709343287867, "free_space_pc": 17.373709343261979, "railways_area": 0.0, "railways_pc": 0.0, "free_space_number": 21.0, "tree_number": 0.0 }, "geometry": { "type": "MultiPolygon", "coordinates": [ [ [ [ 1262793.896874761208892, 5542769.404702704399824 ], [ 1262893.896874761208892, 5542769.404702704399824 ], [ 1262893.896874761208892, 5542669.404702704399824 ], [ 1262793.896874761208892, 5542669.404702704399824 ], [ 1262793.896874761208892, 5542769.404702704399824 ] ] ] ] } },
{ "type": "Feature", "properties": { "id": 681, "left": 1262793.8968747612, "top": 5542669.4047027044, "right": 1262893.8968747612, "bottom": 5542569.4047027044, "row_index": 15, "col_index": 19, "green_area": 434.74587631970644, "green_pc": 4.3474587631905859, "buildings_area": 7350.9514731834643, "buildings_pc": 73.509514731725105, "road_area": 1391.4423128403723, "road_pc": 13.914423128382989, "free_space_area": 832.18810173636302, "free_space_pc": 8.3218810173512292, "railways_area": 0.0, "railways_pc": 0.0, "free_space_number": 16.0, "tree_number": 0.0 }, "geometry": { "type": "MultiPolygon", "coordinates": [ [ [ [ 1262793.896874761208892, 5542669.404702704399824 ], [ 1262893.896874761208892, 5542669.404702704399824 ], [ 1262893.896874761208892, 5542569.404702704399824 ], [ 1262793.896874761208892, 5542569.404702704399824 ], [ 1262793.896874761208892, 5542669.404702704399824 ] ] ] ] } },
{ "type": "Feature", "properties": { "id": 682, "left": 1262793.8968747612, "top": 5542569.4047027044, "right": 1262893.8968747612, "bottom": 5542469.4047027044, "row_index": 16, "col_index": 19, "green_area": 37.860489461570978, "green_pc": 0.37860489461514563, "buildings_area": 6648.7586882151663, "buildings_pc": 66.487586882052582, "road_area": 2125.8217795789242, "road_pc": 21.258217795757563, "free_space_area": 1191.9689932462393, "free_space_pc": 11.919689932444632, "railways_area": 0.0, "railways_pc": 0.0, "free_space_number": 10.0, "tree_number": 0.0 }, "geometry": { "type": "MultiPolygon", "coordinates": [ [ [ [ 1262793.896874761208892, 5542569.404702704399824 ], [ 1262893.896874761208892, 5542569.404702704399824 ], [ 1262893.896874761208892, 5542469.404702704399824 ], [ 1262793.896874761208892, 5542469.404702704399824 ], [ 1262793.896874761208892, 5542569.404702704399824 ] ] ] ] } },
{ "type": "Feature", "properties": { "id": 683, "left": 1262793.8968747612, "top": 5542469.4047027044, "right": 1262893.8968747612, "bottom": 5542369.4047027044, "row_index": 17, "col_index": 19, "green_area": 0.0, "green_pc": 0.0, "buildings_area": 6766.4220522260293, "buildings_pc": 67.664220522159468, "road_area": 1459.5580550655723, "road_pc": 14.595580550633974, "free_space_area": 1774.0198927263743, "free_space_pc": 17.740198927237309, "railways_area": 0.0, "railways_pc": 0.0, "free_space_number": 10.0, "tree_number": 0.0 }, "geometry": { "type": "MultiPolygon", "coordinates": [ [ [ [ 1262793.896874761208892, 5542469.404702704399824 ], [ 1262893.896874761208892, 5542469.404702704399824 ], [ 1262893.896874761208892, 5542369.404702704399824 ], [ 1262793.896874761208892, 5542369.404702704399824 ], [ 1262793.896874761208892, 5542469.404702704399824 ] ] ] ] } },
{ "type": "Feature", "properties": { "id": 684, "left": 1262793.8968747612, "top": 5542369.4047027044, "right": 1262893.8968747612, "bottom": 5542269.4047027044, "row_index": 18, "col_index": 19, "green_area": 0.0, "green_pc": 0.0, "buildings_area": 5456.0091786561534, "buildings_pc": 54.560091786480235, "road_area": 2551.6198215261102, "road_pc": 25.516198215223081, "free_space_area": 748.54908616887406, "free_space_pc": 7.4854908616775866, "railways_area": 0.0, "railways_pc": 0.0, "free_space_number": 8.0, "tree_number": 0.0 }, "geometry": { "type": "MultiPolygon", "coordinates": [ [ [ [ 1262793.896874761208892, 5542369.404702704399824 ], [ 1262893.896874761208892, 5542369.404702704399824 ], [ 1262893.896874761208892, 5542269.404702704399824 ], [ 1262793.896874761208892, 5542269.404702704399824 ], [ 1262793.896874761208892, 5542369.404702704399824 ] ] ] ] } },
{ "type": "Feature", "properties": { "id": 685, "left": 1262793.8968747612, "top": 5542269.4047027044, "right": 1262893.8968747612, "bottom": 5542169.4047027044, "row_index": 19, "col_index": 19, "green_area": 0.0, "green_pc": 0.0, "buildings_area": 6853.0672267004848, "buildings_pc": 68.530672266902727, "road_area": 2642.29330900684, "road_pc": 26.422933090029026, "free_space_area": 280.23879644622082, "free_space_pc": 2.8023879644580321, "railways_area": 0.0, "railways_pc": 0.0, "free_space_number": 7.0, "tree_number": 5.0 }, "geometry": { "type": "MultiPolygon", "coordinates": [ [ [ [ 1262793.896874761208892, 5542269.404702704399824 ], [ 1262893.896874761208892, 5542269.404702704399824 ], [ 1262893.896874761208892, 5542169.404702704399824 ], [ 1262793.896874761208892, 5542169.404702704399824 ], [ 1262793.896874761208892, 5542269.404702704399824 ] ] ] ] } },
{ "type": "Feature", "properties": { "id": 686, "left": 1262793.8968747612, "top": 5542169.4047027044, "right": 1262893.8968747612, "bottom": 5542069.4047027044, "row_index": 20, "col_index": 19, "green_area": 0.0, "green_pc": 0.0, "buildings_area": 7757.1996721494943, "buildings_pc": 77.57199672137935, "road_area": 2030.5955434488133, "road_pc": 20.305955434457875, "free_space_area": 213.10011167972641, "free_space_pc": 2.1310011167940885, "railways_area": 0.0, "railways_pc": 0.0, "free_space_number": 17.0, "tree_number": 0.0 }, "geometry": { "type": "MultiPolygon", "coordinates": [ [ [ [ 1262793.896874761208892, 5542169.404702704399824 ], [ 1262893.896874761208892, 5542169.404702704399824 ], [ 1262893.896874761208892, 5542069.404702704399824 ], [ 1262793.896874761208892, 5542069.404702704399824 ], [ 1262793.896874761208892, 5542169.404702704399824 ] ] ] ] } },
{ "type": "Feature", "properties": { "id": 687, "left": 1262793.8968747612, "top": 5542069.4047027044, "right": 1262893.8968747612, "bottom": 5541969.4047027044, "row_index": 21, "col_index": 19, "green_area": 0.0, "green_pc": 0.0, "buildings_area": 8139.4890661744867, "buildings_pc": 81.394890661623577, "road_area": 1151.561588190496, "road_pc": 11.5156158818878, "free_space_area": 708.9733189469473, "free_space_pc": 7.089733189458908, "railways_area": 0.0, "railways_pc": 0.0, "free_space_number": 6.0, "tree_number": 0.0 }, "geometry": { "type": "MultiPolygon", "coordinates": [ [ [ [ 1262793.896874761208892, 5542069.404702704399824 ], [ 1262893.896874761208892, 5542069.404702704399824 ], [ 1262893.896874761208892, 5541969.404702704399824 ], [ 1262793.896874761208892, 5541969.404702704399824 ], [ 1262793.896874761208892, 5542069.404702704399824 ] ] ] ] } },
{ "type": "Feature", "properties": { "id": 688, "left": 1262793.8968747612, "top": 5541969.4047027044, "right": 1262893.8968747612, "bottom": 5541869.4047027044, "row_index": 22, "col_index": 19, "green_area": 570.58388333418407, "green_pc": 5.7058388333333383, "buildings_area": 8234.2981290658936, "buildings_pc": 82.34298129053623, "road_area": 634.53650791570544, "road_pc": 6.3453650791475988, "free_space_area": 569.25504102817877, "free_space_pc": 5.6925504102733049, "railways_area": 0.0, "railways_pc": 0.0, "free_space_number": 8.0, "tree_number": 0.0 }, "geometry": { "type": "MultiPolygon", "coordinates": [ [ [ [ 1262793.896874761208892, 5541969.404702704399824 ], [ 1262893.896874761208892, 5541969.404702704399824 ], [ 1262893.896874761208892, 5541869.404702704399824 ], [ 1262793.896874761208892, 5541869.404702704399824 ], [ 1262793.896874761208892, 5541969.404702704399824 ] ] ] ] } },
{ "type": "Feature", "properties": { "id": 689, "left": 1262793.8968747612, "top": 5541869.4047027044, "right": 1262893.8968747612, "bottom": 5541769.4047027044, "row_index": 23, "col_index": 19, "green_area": 615.75118185579777, "green_pc": 6.1575118185488025, "buildings_area": 6457.4770982181653, "buildings_pc": 64.574770982085425, "road_area": 1330.788257855922, "road_pc": 13.30788257853939, "free_space_area": 942.83254593358106, "free_space_pc": 9.428325459321762, "railways_area": 0.0, "railways_pc": 0.0, "free_space_number": 10.0, "tree_number": 0.0 }, "geometry": { "type": "MultiPolygon", "coordinates": [ [ [ [ 1262793.896874761208892, 5541869.404702704399824 ], [ 1262893.896874761208892, 5541869.404702704399824 ], [ 1262893.896874761208892, 5541769.404702704399824 ], [ 1262793.896874761208892, 5541769.404702704399824 ], [ 1262793.896874761208892, 5541869.404702704399824 ] ] ] ] } },
{ "type": "Feature", "properties": { "id": 690, "left": 1262793.8968747612, "top": 5541769.4047027044, "right": 1262893.8968747612, "bottom": 5541669.4047027044, "row_index": 24, "col_index": 19, "green_area": 1350.3065386116505, "green_pc": 13.503065386096383, "buildings_area": 5116.2992173724342, "buildings_pc": 51.162992173648107, "road_area": 1257.558922374621, "road_pc": 12.575589223727471, "free_space_area": 646.17026938947242, "free_space_pc": 6.4617026938850959, "railways_area": 0.0, "railways_pc": 0.0, "free_space_number": 10.0, "tree_number": 4.0 }, "geometry": { "type": "MultiPolygon", "coordinates": [ [ [ [ 1262793.896874761208892, 5541769.404702704399824 ], [ 1262893.896874761208892, 5541769.404702704399824 ], [ 1262893.896874761208892, 5541669.404702704399824 ], [ 1262793.896874761208892, 5541669.404702704399824 ], [ 1262793.896874761208892, 5541769.404702704399824 ] ] ] ] } },
{ "type": "Feature", "properties": { "id": 691, "left": 1262793.8968747612, "top": 5541669.4047027044, "right": 1262893.8968747612, "bottom": 5541569.4047027044, "row_index": 25, "col_index": 19, "green_area": 192.8826618809253, "green_pc": 1.9288266188063787, "buildings_area": 5565.219986345619, "buildings_pc": 55.652199863373262, "road_area": 1280.5063249021769, "road_pc": 12.805063249002687, "free_space_area": 2962.1904949299096, "free_space_pc": 29.621904949254954, "railways_area": 0.0, "railways_pc": 0.0, "free_space_number": 12.0, "tree_number": 6.0 }, "geometry": { "type": "MultiPolygon", "coordinates": [ [ [ [ 1262793.896874761208892, 5541669.404702704399824 ], [ 1262893.896874761208892, 5541669.404702704399824 ], [ 1262893.896874761208892, 5541569.404702704399824 ], [ 1262793.896874761208892, 5541569.404702704399824 ], [ 1262793.896874761208892, 5541669.404702704399824 ] ] ] ] } },
{ "type": "Feature", "properties": { "id": 692, "left": 1262793.8968747612, "top": 5541569.4047027044, "right": 1262893.8968747612, "bottom": 5541469.4047027044, "row_index": 26, "col_index": 19, "green_area": 748.19838318784605, "green_pc": 7.4819838318673115, "buildings_area": 6704.3646603282541, "buildings_pc": 67.043646603182637, "road_area": 0.0, "road_pc": 0.0, "free_space_area": 2549.0346903786121, "free_space_pc": 25.490346903748136, "railways_area": 0.0, "railways_pc": 0.0, "free_space_number": 5.0, "tree_number": 5.0 }, "geometry": { "type": "MultiPolygon", "coordinates": [ [ [ [ 1262793.896874761208892, 5541569.404702704399824 ], [ 1262893.896874761208892, 5541569.404702704399824 ], [ 1262893.896874761208892, 5541469.404702704399824 ], [ 1262793.896874761208892, 5541469.404702704399824 ], [ 1262793.896874761208892, 5541569.404702704399824 ] ] ] ] } },
{ "type": "Feature", "properties": { "id": 693, "left": 1262793.8968747612, "top": 5541469.4047027044, "right": 1262893.8968747612, "bottom": 5541369.4047027044, "row_index": 27, "col_index": 19, "green_area": 1905.6253517381847, "green_pc": 19.056253517353451, "buildings_area": 4601.3666218998842, "buildings_pc": 46.013666218930275, "road_area": 0.0, "road_pc": 0.0, "free_space_area": 3494.0710229829647, "free_space_pc": 34.940710229777579, "railways_area": 0.0, "railways_pc": 0.0, "free_space_number": 3.0, "tree_number": 0.0 }, "geometry": { "type": "MultiPolygon", "coordinates": [ [ [ [ 1262793.896874761208892, 5541469.404702704399824 ], [ 1262893.896874761208892, 5541469.404702704399824 ], [ 1262893.896874761208892, 5541369.404702704399824 ], [ 1262793.896874761208892, 5541369.404702704399824 ], [ 1262793.896874761208892, 5541469.404702704399824 ] ] ] ] } },
{ "type": "Feature", "properties": { "id": 694, "left": 1262793.8968747612, "top": 5541369.4047027044, "right": 1262893.8968747612, "bottom": 5541269.4047027044, "row_index": 28, "col_index": 19, "green_area": 72.323491076473147, "green_pc": 0.72323491076365376, "buildings_area": 4791.2120909289224, "buildings_pc": 47.912120909217826, "road_area": 228.99803450703621, "road_pc": 2.2899803450669496, "free_space_area": 3079.902290776372, "free_space_pc": 30.799022907717827, "railways_area": 0.0, "railways_pc": 0.0, "free_space_number": 4.0, "tree_number": 2.0 }, "geometry": { "type": "MultiPolygon", "coordinates": [ [ [ [ 1262793.896874761208892, 5541369.404702704399824 ], [ 1262893.896874761208892, 5541369.404702704399824 ], [ 1262893.896874761208892, 5541269.404702704399824 ], [ 1262793.896874761208892, 5541269.404702704399824 ], [ 1262793.896874761208892, 5541369.404702704399824 ] ] ] ] } },
{ "type": "Feature", "properties": { "id": 695, "left": 1262793.8968747612, "top": 5541269.4047027044, "right": 1262893.8968747612, "bottom": 5541169.4047027044, "row_index": 29, "col_index": 19, "green_area": 486.56823838641867, "green_pc": 4.8656823838569361, "buildings_area": 3732.4573308590625, "buildings_pc": 37.324573308535008, "road_area": 4079.2548902807757, "road_pc": 40.792548902746972, "free_space_area": 821.3619871817275, "free_space_pc": 8.2136198718050348, "railways_area": 0.0, "railways_pc": 0.0, "free_space_number": 10.0, "tree_number": 21.0 }, "geometry": { "type": "MultiPolygon", "coordinates": [ [ [ [ 1262793.896874761208892, 5541269.404702704399824 ], [ 1262893.896874761208892, 5541269.404702704399824 ], [ 1262893.896874761208892, 5541169.404702704399824 ], [ 1262793.896874761208892, 5541169.404702704399824 ], [ 1262793.896874761208892, 5541269.404702704399824 ] ] ] ] } },
{ "type": "Feature", "properties": { "id": 696, "left": 1262793.8968747612, "top": 5541169.4047027044, "right": 1262893.8968747612, "bottom": 5541069.4047027044, "row_index": 30, "col_index": 19, "green_area": 2306.9076288649812, "green_pc": 23.069076288615438, "buildings_area": 2176.1078864871524, "buildings_pc": 21.761078864839099, "road_area": 712.29355452768505, "road_pc": 7.1229355452662366, "free_space_area": 3065.0020287567131, "free_space_pc": 30.65002028752146, "railways_area": 0.0, "railways_pc": 0.0, "free_space_number": 9.0, "tree_number": 5.0 }, "geometry": { "type": "MultiPolygon", "coordinates": [ [ [ [ 1262793.896874761208892, 5541169.404702704399824 ], [ 1262893.896874761208892, 5541169.404702704399824 ], [ 1262893.896874761208892, 5541069.404702704399824 ], [ 1262793.896874761208892, 5541069.404702704399824 ], [ 1262793.896874761208892, 5541169.404702704399824 ] ] ] ] } },
{ "type": "Feature", "properties": { "id": 697, "left": 1262793.8968747612, "top": 5541069.4047027044, "right": 1262893.8968747612, "bottom": 5540969.4047027044, "row_index": 31, "col_index": 19, "green_area": 3031.2127828742377, "green_pc": 30.312127828697207, "buildings_area": 2778.753047099337, "buildings_pc": 27.787530470951964, "road_area": 2690.8446224959334, "road_pc": 26.908446224919238, "free_space_area": 1509.7815489447112, "free_space_pc": 15.097815489424613, "railways_area": 0.0, "railways_pc": 0.0, "free_space_number": 11.0, "tree_number": 0.0 }, "geometry": { "type": "MultiPolygon", "coordinates": [ [ [ [ 1262793.896874761208892, 5541069.404702704399824 ], [ 1262893.896874761208892, 5541069.404702704399824 ], [ 1262893.896874761208892, 5540969.404702704399824 ], [ 1262793.896874761208892, 5540969.404702704399824 ], [ 1262793.896874761208892, 5541069.404702704399824 ] ] ] ] } },
{ "type": "Feature", "properties": { "id": 698, "left": 1262793.8968747612, "top": 5540969.4047027044, "right": 1262893.8968747612, "bottom": 5540869.4047027044, "row_index": 32, "col_index": 19, "green_area": 933.28520770044997, "green_pc": 29.592269115942869, "buildings_area": 215.96584766358137, "buildings_pc": 6.8477668253847117, "road_area": 1822.3422516239807, "road_pc": 57.782167644425755, "free_space_area": 185.2353336107044, "free_space_pc": 5.8733748234321013, "railways_area": 0.0, "railways_pc": 0.0, "free_space_number": 2.0, "tree_number": 0.0 }, "geometry": { "type": "MultiPolygon", "coordinates": [ [ [ [ 1262855.572325363988057, 5540935.925973604433239 ], [ 1262793.896874761208892, 5540946.343230661004782 ], [ 1262793.896874761208892, 5540969.404702704399824 ], [ 1262893.896874761208892, 5540969.404702704399824 ], [ 1262893.896874761208892, 5540929.288667824119329 ], [ 1262855.572325363988057, 5540935.925973604433239 ] ] ] ] } },
{ "type": "Feature", "properties": { "id": 702, "left": 1262893.8968747612, "top": 5544069.4047027044, "right": 1262993.8968747612, "bottom": 5543969.4047027044, "row_index": 1, "col_index": 20, "green_area": 753.58189950836822, "green_pc": 8.3964531072274884, "buildings_area": 3077.4082507209387, "buildings_pc": 34.288660709381062, "road_area": 1234.4484901437536, "road_pc": 13.754296470684674, "free_space_area": 2549.0892043742351, "free_space_pc": 28.402099340007329, "railways_area": 1360.686358182109, "railways_pc": 15.160846097250715, "free_space_number": 2.0, "tree_number": 0.0 }, "geometry": { "type": "MultiPolygon", "coordinates": [ [ [ [ 1262906.35405598115176, 5544064.549291588366032 ], [ 1262934.971879471093416, 5544060.408691103570163 ], [ 1262956.973330444190651, 5544057.511108584702015 ], [ 1262968.742292108479887, 5544056.286778090521693 ], [ 1262984.596099943853915, 5544052.415378670208156 ], [ 1262993.896874761208892, 5544050.905873822979629 ], [ 1262993.896874761208892, 5543969.404702704399824 ], [ 1262893.896874761208892, 5543969.404702704399824 ], [ 1262893.896874761208892, 5544066.854443134739995 ], [ 1262906.35405598115176, 5544064.549291588366032 ] ] ] ] } },
{ "type": "Feature", "properties": { "id": 703, "left": 1262893.8968747612, "top": 5543969.4047027044, "right": 1262993.8968747612, "bottom": 5543869.4047027044, "row_index": 2, "col_index": 20, "green_area": 734.26746669411659, "green_pc": 7.3426746669302245, "buildings_area": 1525.4255537986755, "buildings_pc": 15.254255537964024, "road_area": 2907.4983240664005, "road_pc": 29.074983240620679, "free_space_area": 1036.3021282590926, "free_space_pc": 10.363021282575483, "railways_area": 0.0, "railways_pc": 0.0, "free_space_number": 2.0, "tree_number": 0.0 }, "geometry": { "type": "MultiPolygon", "coordinates": [ [ [ [ 1262893.896874761208892, 5543969.404702704399824 ], [ 1262993.896874761208892, 5543969.404702704399824 ], [ 1262993.896874761208892, 5543869.404702704399824 ], [ 1262893.896874761208892, 5543869.404702704399824 ], [ 1262893.896874761208892, 5543969.404702704399824 ] ] ] ] } },
{ "type": "Feature", "properties": { "id": 704, "left": 1262893.8968747612, "top": 5543869.4047027044, "right": 1262993.8968747612, "bottom": 5543769.4047027044, "row_index": 3, "col_index": 20, "green_area": 4875.5477957138792, "green_pc": 48.755477957066141, "buildings_area": 220.63028303906322, "buildings_pc": 2.2063028303873446, "road_area": 2782.294483140111, "road_pc": 27.822944831359649, "free_space_area": 1110.6646430974361, "free_space_pc": 11.106646430957811, "railways_area": 0.0, "railways_pc": 0.0, "free_space_number": 4.0, "tree_number": 0.0 }, "geometry": { "type": "MultiPolygon", "coordinates": [ [ [ [ 1262893.896874761208892, 5543869.404702704399824 ], [ 1262993.896874761208892, 5543869.404702704399824 ], [ 1262993.896874761208892, 5543769.404702704399824 ], [ 1262893.896874761208892, 5543769.404702704399824 ], [ 1262893.896874761208892, 5543869.404702704399824 ] ] ] ] } },
{ "type": "Feature", "properties": { "id": 705, "left": 1262893.8968747612, "top": 5543769.4047027044, "right": 1262993.8968747612, "bottom": 5543669.4047027044, "row_index": 4, "col_index": 20, "green_area": 3580.1239535743371, "green_pc": 35.801239535690023, "buildings_area": 229.19583999551833, "buildings_pc": 2.2919583999517679, "road_area": 3103.5726199559867, "road_pc": 31.035726199513622, "free_space_area": 3098.436287111399, "free_space_pc": 30.98436287106782, "railways_area": 0.0, "railways_pc": 0.0, "free_space_number": 7.0, "tree_number": 1.0 }, "geometry": { "type": "MultiPolygon", "coordinates": [ [ [ [ 1262893.896874761208892, 5543769.404702704399824 ], [ 1262993.896874761208892, 5543769.404702704399824 ], [ 1262993.896874761208892, 5543669.404702704399824 ], [ 1262893.896874761208892, 5543669.404702704399824 ], [ 1262893.896874761208892, 5543769.404702704399824 ] ] ] ] } },
{ "type": "Feature", "properties": { "id": 706, "left": 1262893.8968747612, "top": 5543669.4047027044, "right": 1262993.8968747612, "bottom": 5543569.4047027044, "row_index": 5, "col_index": 20, "green_area": 7110.518002063036, "green_pc": 71.105180020524401, "buildings_area": 1466.9481450244784, "buildings_pc": 14.669481450222925, "road_area": 2087.5224725231528, "road_pc": 20.875224725200422, "free_space_area": 22.06031936117688, "free_space_pc": 0.22060319361144007, "railways_area": 0.0, "railways_pc": 0.0, "free_space_number": 2.0, "tree_number": 0.0 }, "geometry": { "type": "MultiPolygon", "coordinates": [ [ [ [ 1262893.896874761208892, 5543669.404702704399824 ], [ 1262993.896874761208892, 5543669.404702704399824 ], [ 1262993.896874761208892, 5543569.404702704399824 ], [ 1262893.896874761208892, 5543569.404702704399824 ], [ 1262893.896874761208892, 5543669.404702704399824 ] ] ] ] } },
{ "type": "Feature", "properties": { "id": 707, "left": 1262893.8968747612, "top": 5543569.4047027044, "right": 1262993.8968747612, "bottom": 5543469.4047027044, "row_index": 6, "col_index": 20, "green_area": 8933.2067440748215, "green_pc": 89.332067440615106, "buildings_area": 1076.2344669140875, "buildings_pc": 10.762344669124838, "road_area": 845.28038674662821, "road_pc": 8.4528038674536869, "free_space_area": 6.965243178019648, "free_space_pc": 0.069652431780092686, "railways_area": 0.0, "railways_pc": 0.0, "free_space_number": 2.0, "tree_number": 0.0 }, "geometry": { "type": "MultiPolygon", "coordinates": [ [ [ [ 1262893.896874761208892, 5543569.404702704399824 ], [ 1262993.896874761208892, 5543569.404702704399824 ], [ 1262993.896874761208892, 5543469.404702704399824 ], [ 1262893.896874761208892, 5543469.404702704399824 ], [ 1262893.896874761208892, 5543569.404702704399824 ] ] ] ] } },
{ "type": "Feature", "properties": { "id": 708, "left": 1262893.8968747612, "top": 5543469.4047027044, "right": 1262993.8968747612, "bottom": 5543369.4047027044, "row_index": 7, "col_index": 20, "green_area": 5609.155620098114, "green_pc": 56.091556200897557, "buildings_area": 3509.0341527618002, "buildings_pc": 35.090341527565712, "road_area": 0.0, "road_pc": 0.0, "free_space_area": 1085.1334570867475, "free_space_pc": 10.851334570851305, "railways_area": 0.0, "railways_pc": 0.0, "free_space_number": 4.0, "tree_number": 0.0 }, "geometry": { "type": "MultiPolygon", "coordinates": [ [ [ [ 1262893.896874761208892, 5543469.404702704399824 ], [ 1262993.896874761208892, 5543469.404702704399824 ], [ 1262993.896874761208892, 5543369.404702704399824 ], [ 1262893.896874761208892, 5543369.404702704399824 ], [ 1262893.896874761208892, 5543469.404702704399824 ] ] ] ] } },
{ "type": "Feature", "properties": { "id": 709, "left": 1262893.8968747612, "top": 5543369.4047027044, "right": 1262993.8968747612, "bottom": 5543269.4047027044, "row_index": 8, "col_index": 20, "green_area": 2585.8610488176346, "green_pc": 25.858610488137813, "buildings_area": 585.4386195205152, "buildings_pc": 5.8543861951964287, "road_area": 4580.6412145830691, "road_pc": 45.806412145762437, "free_space_area": 779.1072242408236, "free_space_pc": 7.7910722423966261, "railways_area": 0.0, "railways_pc": 0.0, "free_space_number": 3.0, "tree_number": 3.0 }, "geometry": { "type": "MultiPolygon", "coordinates": [ [ [ [ 1262893.896874761208892, 5543369.404702704399824 ], [ 1262993.896874761208892, 5543369.404702704399824 ], [ 1262993.896874761208892, 5543269.404702704399824 ], [ 1262893.896874761208892, 5543269.404702704399824 ], [ 1262893.896874761208892, 5543369.404702704399824 ] ] ] ] } },
{ "type": "Feature", "properties": { "id": 710, "left": 1262893.8968747612, "top": 5543269.4047027044, "right": 1262993.8968747612, "bottom": 5543169.4047027044, "row_index": 9, "col_index": 20, "green_area": 0.0, "green_pc": 0.0, "buildings_area": 349.6949001736939, "buildings_pc": 3.496949001731728, "road_area": 0.0, "road_pc": 0.0, "free_space_area": 0.097890176420150965, "free_space_pc": 0.00097890176420005102, "railways_area": 0.0, "railways_pc": 0.0, "free_space_number": 2.0, "tree_number": 0.0 }, "geometry": { "type": "MultiPolygon", "coordinates": [ [ [ [ 1262893.896874761208892, 5543269.404702704399824 ], [ 1262993.896874761208892, 5543269.404702704399824 ], [ 1262993.896874761208892, 5543169.404702704399824 ], [ 1262893.896874761208892, 5543169.404702704399824 ], [ 1262893.896874761208892, 5543269.404702704399824 ] ] ] ] } },
{ "type": "Feature", "properties": { "id": 711, "left": 1262893.8968747612, "top": 5543169.4047027044, "right": 1262993.8968747612, "bottom": 5543069.4047027044, "row_index": 10, "col_index": 20, "green_area": 94.689347432926297, "green_pc": 0.94689347432785198, "buildings_area": 3024.3111325502923, "buildings_pc": 30.243111325457861, "road_area": 160.64630814641714, "road_pc": 1.6064630814617775, "free_space_area": 183.0058137984218, "free_space_pc": 1.8300581379814911, "railways_area": 0.0, "railways_pc": 0.0, "free_space_number": 6.0, "tree_number": 0.0 }, "geometry": { "type": "MultiPolygon", "coordinates": [ [ [ [ 1262893.896874761208892, 5543169.404702704399824 ], [ 1262993.896874761208892, 5543169.404702704399824 ], [ 1262993.896874761208892, 5543069.404702704399824 ], [ 1262893.896874761208892, 5543069.404702704399824 ], [ 1262893.896874761208892, 5543169.404702704399824 ] ] ] ] } },
{ "type": "Feature", "properties": { "id": 712, "left": 1262893.8968747612, "top": 5543069.4047027044, "right": 1262993.8968747612, "bottom": 5542969.4047027044, "row_index": 11, "col_index": 20, "green_area": 34.935383275151253, "green_pc": 0.34935383275099197, "buildings_area": 5549.0543879307306, "buildings_pc": 55.490543879224617, "road_area": 3516.3627158240415, "road_pc": 35.163627158188014, "free_space_area": 899.7975435024465, "free_space_pc": 8.9979754350110568, "railways_area": 0.0, "railways_pc": 0.0, "free_space_number": 19.0, "tree_number": 13.0 }, "geometry": { "type": "MultiPolygon", "coordinates": [ [ [ [ 1262893.896874761208892, 5543069.404702704399824 ], [ 1262993.896874761208892, 5543069.404702704399824 ], [ 1262993.896874761208892, 5542969.404702704399824 ], [ 1262893.896874761208892, 5542969.404702704399824 ], [ 1262893.896874761208892, 5543069.404702704399824 ] ] ] ] } },
{ "type": "Feature", "properties": { "id": 713, "left": 1262893.8968747612, "top": 5542969.4047027044, "right": 1262993.8968747612, "bottom": 5542869.4047027044, "row_index": 12, "col_index": 20, "green_area": 0.0, "green_pc": 0.0, "buildings_area": 6738.1302687171847, "buildings_pc": 67.38130268707144, "road_area": 2884.9209593832493, "road_pc": 28.849209593789503, "free_space_area": 376.99970040108144, "free_space_pc": 3.7699970040051967, "railways_area": 0.0, "railways_pc": 0.0, "free_space_number": 14.0, "tree_number": 3.0 }, "geometry": { "type": "MultiPolygon", "coordinates": [ [ [ [ 1262893.896874761208892, 5542969.404702704399824 ], [ 1262993.896874761208892, 5542969.404702704399824 ], [ 1262993.896874761208892, 5542869.404702704399824 ], [ 1262893.896874761208892, 5542869.404702704399824 ], [ 1262893.896874761208892, 5542969.404702704399824 ] ] ] ] } },
{ "type": "Feature", "properties": { "id": 714, "left": 1262893.8968747612, "top": 5542869.4047027044, "right": 1262993.8968747612, "bottom": 5542769.4047027044, "row_index": 13, "col_index": 20, "green_area": 0.0, "green_pc": 0.0, "buildings_area": 7284.5277698247228, "buildings_pc": 72.845277698138673, "road_area": 1781.6876946203411, "road_pc": 17.816876946176862, "free_space_area": 933.93959368818855, "free_space_pc": 9.3393959368679695, "railways_area": 0.0, "railways_pc": 0.0, "free_space_number": 13.0, "tree_number": 0.0 }, "geometry": { "type": "MultiPolygon", "coordinates": [ [ [ [ 1262893.896874761208892, 5542869.404702704399824 ], [ 1262993.896874761208892, 5542869.404702704399824 ], [ 1262993.896874761208892, 5542769.404702704399824 ], [ 1262893.896874761208892, 5542769.404702704399824 ], [ 1262893.896874761208892, 5542869.404702704399824 ] ] ] ] } },
{ "type": "Feature", "properties": { "id": 715, "left": 1262893.8968747612, "top": 5542769.4047027044, "right": 1262993.8968747612, "bottom": 5542669.4047027044, "row_index": 14, "col_index": 20, "green_area": 0.0, "green_pc": 0.0, "buildings_area": 7111.736175024882, "buildings_pc": 71.117361750142848, "road_area": 1606.307428445667, "road_pc": 16.063074284432734, "free_space_area": 1281.9563965803536, "free_space_pc": 12.819563965784434, "railways_area": 0.0, "railways_pc": 0.0, "free_space_number": 22.0, "tree_number": 0.0 }, "geometry": { "type": "MultiPolygon", "coordinates": [ [ [ [ 1262893.896874761208892, 5542769.404702704399824 ], [ 1262993.896874761208892, 5542769.404702704399824 ], [ 1262993.896874761208892, 5542669.404702704399824 ], [ 1262893.896874761208892, 5542669.404702704399824 ], [ 1262893.896874761208892, 5542769.404702704399824 ] ] ] ] } },
{ "type": "Feature", "properties": { "id": 716, "left": 1262893.8968747612, "top": 5542669.4047027044, "right": 1262993.8968747612, "bottom": 5542569.4047027044, "row_index": 15, "col_index": 20, "green_area": 0.0, "green_pc": 0.0, "buildings_area": 7014.0680196837056, "buildings_pc": 70.140680196732532, "road_area": 2067.5917858248577, "road_pc": 20.675917858217765, "free_space_area": 918.34019446158072, "free_space_pc": 9.1834019446021227, "railways_area": 0.0, "railways_pc": 0.0, "free_space_number": 13.0, "tree_number": 0.0 }, "geometry": { "type": "MultiPolygon", "coordinates": [ [ [ [ 1262893.896874761208892, 5542669.404702704399824 ], [ 1262993.896874761208892, 5542669.404702704399824 ], [ 1262993.896874761208892, 5542569.404702704399824 ], [ 1262893.896874761208892, 5542569.404702704399824 ], [ 1262893.896874761208892, 5542669.404702704399824 ] ] ] ] } },
{ "type": "Feature", "properties": { "id": 717, "left": 1262893.8968747612, "top": 5542569.4047027044, "right": 1262993.8968747612, "bottom": 5542469.4047027044, "row_index": 16, "col_index": 20, "green_area": 0.0, "green_pc": 0.0, "buildings_area": 7230.0908126533031, "buildings_pc": 72.300908126425298, "road_area": 2174.965572988207, "road_pc": 21.74965572984966, "free_space_area": 595.00480793975521, "free_space_pc": 5.9500480793886856, "railways_area": 0.0, "railways_pc": 0.0, "free_space_number": 13.0, "tree_number": 0.0 }, "geometry": { "type": "MultiPolygon", "coordinates": [ [ [ [ 1262893.896874761208892, 5542569.404702704399824 ], [ 1262993.896874761208892, 5542569.404702704399824 ], [ 1262993.896874761208892, 5542469.404702704399824 ], [ 1262893.896874761208892, 5542469.404702704399824 ], [ 1262893.896874761208892, 5542569.404702704399824 ] ] ] ] } },
{ "type": "Feature", "properties": { "id": 718, "left": 1262893.8968747612, "top": 5542469.4047027044, "right": 1262993.8968747612, "bottom": 5542369.4047027044, "row_index": 17, "col_index": 20, "green_area": 0.0, "green_pc": 0.0, "buildings_area": 7332.7400182790589, "buildings_pc": 73.327400182681316, "road_area": 1962.9259153939784, "road_pc": 19.629259153910535, "free_space_area": 704.34785454005112, "free_space_pc": 7.0434785453900153, "railways_area": 0.0, "railways_pc": 0.0, "free_space_number": 13.0, "tree_number": 0.0 }, "geometry": { "type": "MultiPolygon", "coordinates": [ [ [ [ 1262893.896874761208892, 5542469.404702704399824 ], [ 1262993.896874761208892, 5542469.404702704399824 ], [ 1262993.896874761208892, 5542369.404702704399824 ], [ 1262893.896874761208892, 5542369.404702704399824 ], [ 1262893.896874761208892, 5542469.404702704399824 ] ] ] ] } },
{ "type": "Feature", "properties": { "id": 719, "left": 1262893.8968747612, "top": 5542369.4047027044, "right": 1262993.8968747612, "bottom": 5542269.4047027044, "row_index": 18, "col_index": 20, "green_area": 0.0, "green_pc": 0.0, "buildings_area": 5604.6092517194338, "buildings_pc": 56.046092517110822, "road_area": 3314.8885416910052, "road_pc": 33.148885416860658, "free_space_area": 1080.5141532371299, "free_space_pc": 10.805141532355199, "railways_area": 0.0, "railways_pc": 0.0, "free_space_number": 11.0, "tree_number": 0.0 }, "geometry": { "type": "MultiPolygon", "coordinates": [ [ [ [ 1262893.896874761208892, 5542369.404702704399824 ], [ 1262993.896874761208892, 5542369.404702704399824 ], [ 1262993.896874761208892, 5542269.404702704399824 ], [ 1262893.896874761208892, 5542269.404702704399824 ], [ 1262893.896874761208892, 5542369.404702704399824 ] ] ] ] } },
{ "type": "Feature", "properties": { "id": 720, "left": 1262893.8968747612, "top": 5542269.4047027044, "right": 1262993.8968747612, "bottom": 5542169.4047027044, "row_index": 19, "col_index": 20, "green_area": 0.0, "green_pc": 0.0, "buildings_area": 6810.5893213273957, "buildings_pc": 68.105893213172465, "road_area": 3115.5919726490974, "road_pc": 31.155919726444548, "free_space_area": 73.818706015469161, "free_space_pc": 0.73818706015359159, "railways_area": 0.0, "railways_pc": 0.0, "free_space_number": 7.0, "tree_number": 4.0 }, "geometry": { "type": "MultiPolygon", "coordinates": [ [ [ [ 1262893.896874761208892, 5542269.404702704399824 ], [ 1262993.896874761208892, 5542269.404702704399824 ], [ 1262993.896874761208892, 5542169.404702704399824 ], [ 1262893.896874761208892, 5542169.404702704399824 ], [ 1262893.896874761208892, 5542269.404702704399824 ] ] ] ] } },
{ "type": "Feature", "properties": { "id": 721, "left": 1262893.8968747612, "top": 5542169.4047027044, "right": 1262993.8968747612, "bottom": 5542069.4047027044, "row_index": 20, "col_index": 20, "green_area": 0.0, "green_pc": 0.0, "buildings_area": 7845.7327047800645, "buildings_pc": 78.457327047683734, "road_area": 1463.7337192855775, "road_pc": 14.637337192833964, "free_space_area": 690.8435627149056, "free_space_pc": 6.9084356271387612, "railways_area": 0.0, "railways_pc": 0.0, "free_space_number": 15.0, "tree_number": 0.0 }, "geometry": { "type": "MultiPolygon", "coordinates": [ [ [ [ 1262893.896874761208892, 5542169.404702704399824 ], [ 1262993.896874761208892, 5542169.404702704399824 ], [ 1262993.896874761208892, 5542069.404702704399824 ], [ 1262893.896874761208892, 5542069.404702704399824 ], [ 1262893.896874761208892, 5542169.404702704399824 ] ] ] ] } },
{ "type": "Feature", "properties": { "id": 722, "left": 1262893.8968747612, "top": 5542069.4047027044, "right": 1262993.8968747612, "bottom": 5541969.4047027044, "row_index": 21, "col_index": 20, "green_area": 0.0, "green_pc": 0.0, "buildings_area": 7096.1833931906149, "buildings_pc": 70.961833931800413, "road_area": 1633.0780180636793, "road_pc": 16.330780180612457, "free_space_area": 1270.7887195142384, "free_space_pc": 12.707887195123449, "railways_area": 0.0, "railways_pc": 0.0, "free_space_number": 9.0, "tree_number": 0.0 }, "geometry": { "type": "MultiPolygon", "coordinates": [ [ [ [ 1262893.896874761208892, 5542069.404702704399824 ], [ 1262993.896874761208892, 5542069.404702704399824 ], [ 1262993.896874761208892, 5541969.404702704399824 ], [ 1262893.896874761208892, 5541969.404702704399824 ], [ 1262893.896874761208892, 5542069.404702704399824 ] ] ] ] } },
{ "type": "Feature", "properties": { "id": 723, "left": 1262893.8968747612, "top": 5541969.4047027044, "right": 1262993.8968747612, "bottom": 5541869.4047027044, "row_index": 22, "col_index": 20, "green_area": 539.40189095051028, "green_pc": 5.3940189094970652, "buildings_area": 5123.3582115741447, "buildings_pc": 51.233582115665101, "road_area": 365.44108175113797, "road_pc": 3.6544108175059344, "free_space_area": 698.65123641598711, "free_space_pc": 6.9865123641494602, "railways_area": 0.0, "railways_pc": 0.0, "free_space_number": 9.0, "tree_number": 0.0 }, "geometry": { "type": "MultiPolygon", "coordinates": [ [ [ [ 1262893.896874761208892, 5541969.404702704399824 ], [ 1262993.896874761208892, 5541969.404702704399824 ], [ 1262993.896874761208892, 5541869.404702704399824 ], [ 1262893.896874761208892, 5541869.404702704399824 ], [ 1262893.896874761208892, 5541969.404702704399824 ] ] ] ] } },
{ "type": "Feature", "properties": { "id": 724, "left": 1262893.8968747612, "top": 5541869.4047027044, "right": 1262993.8968747612, "bottom": 5541769.4047027044, "row_index": 23, "col_index": 20, "green_area": 383.46124095330015, "green_pc": 3.8346124095272875, "buildings_area": 3642.3397001530975, "buildings_pc": 36.423397001476701, "road_area": 2371.3411172293127, "road_pc": 23.713411172257789, "free_space_area": 469.667146308464, "free_space_pc": 4.6966714630776414, "railways_area": 0.0, "railways_pc": 0.0, "free_space_number": 6.0, "tree_number": 3.0 }, "geometry": { "type": "MultiPolygon", "coordinates": [ [ [ [ 1262893.896874761208892, 5541869.404702704399824 ], [ 1262993.896874761208892, 5541869.404702704399824 ], [ 1262993.896874761208892, 5541769.404702704399824 ], [ 1262893.896874761208892, 5541769.404702704399824 ], [ 1262893.896874761208892, 5541869.404702704399824 ] ] ] ] } },
{ "type": "Feature", "properties": { "id": 725, "left": 1262893.8968747612, "top": 5541769.4047027044, "right": 1262993.8968747612, "bottom": 5541669.4047027044, "row_index": 24, "col_index": 20, "green_area": 0.0, "green_pc": 0.0, "buildings_area": 6595.5655421952251, "buildings_pc": 65.955655421853976, "road_area": 1895.0986659005284, "road_pc": 18.950986658977044, "free_space_area": 1509.4154460397738, "free_space_pc": 15.094154460375247, "railways_area": 0.0, "railways_pc": 0.0, "free_space_number": 10.0, "tree_number": 9.0 }, "geometry": { "type": "MultiPolygon", "coordinates": [ [ [ [ 1262893.896874761208892, 5541769.404702704399824 ], [ 1262993.896874761208892, 5541769.404702704399824 ], [ 1262993.896874761208892, 5541669.404702704399824 ], [ 1262893.896874761208892, 5541669.404702704399824 ], [ 1262893.896874761208892, 5541769.404702704399824 ] ] ] ] } },
{ "type": "Feature", "properties": { "id": 726, "left": 1262893.8968747612, "top": 5541669.4047027044, "right": 1262993.8968747612, "bottom": 5541569.4047027044, "row_index": 25, "col_index": 20, "green_area": 251.49885314702988, "green_pc": 2.514988531466551, "buildings_area": 6493.3327780500986, "buildings_pc": 64.933327780404227, "road_area": 1713.9335475414991, "road_pc": 17.139335475389451, "free_space_area": 1541.4005181340035, "free_space_pc": 15.414005181317066, "railways_area": 0.0, "railways_pc": 0.0, "free_space_number": 18.0, "tree_number": 0.0 }, "geometry": { "type": "MultiPolygon", "coordinates": [ [ [ [ 1262893.896874761208892, 5541669.404702704399824 ], [ 1262993.896874761208892, 5541669.404702704399824 ], [ 1262993.896874761208892, 5541569.404702704399824 ], [ 1262893.896874761208892, 5541569.404702704399824 ], [ 1262893.896874761208892, 5541669.404702704399824 ] ] ] ] } },
{ "type": "Feature", "properties": { "id": 727, "left": 1262893.8968747612, "top": 5541569.4047027044, "right": 1262993.8968747612, "bottom": 5541469.4047027044, "row_index": 26, "col_index": 20, "green_area": 1059.1021458728064, "green_pc": 10.591021458712282, "buildings_area": 5947.3668861053884, "buildings_pc": 59.473668860965262, "road_area": 248.5715050958097, "road_pc": 2.485715050954393, "free_space_area": 2752.9226631636848, "free_space_pc": 27.529226631595826, "railways_area": 0.0, "railways_pc": 0.0, "free_space_number": 8.0, "tree_number": 0.0 }, "geometry": { "type": "MultiPolygon", "coordinates": [ [ [ [ 1262893.896874761208892, 5541569.404702704399824 ], [ 1262993.896874761208892, 5541569.404702704399824 ], [ 1262993.896874761208892, 5541469.404702704399824 ], [ 1262893.896874761208892, 5541469.404702704399824 ], [ 1262893.896874761208892, 5541569.404702704399824 ] ] ] ] } },
{ "type": "Feature", "properties": { "id": 728, "left": 1262893.8968747612, "top": 5541469.4047027044, "right": 1262993.8968747612, "bottom": 5541369.4047027044, "row_index": 27, "col_index": 20, "green_area": 1241.0179129932076, "green_pc": 12.410179129913583, "buildings_area": 5573.2269239034504, "buildings_pc": 55.732269238951453, "road_area": 0.0, "road_pc": 0.0, "free_space_area": 3186.6472496911883, "free_space_pc": 31.8664724968644, "railways_area": 0.0, "railways_pc": 0.0, "free_space_number": 5.0, "tree_number": 0.0 }, "geometry": { "type": "MultiPolygon", "coordinates": [ [ [ [ 1262893.896874761208892, 5541469.404702704399824 ], [ 1262993.896874761208892, 5541469.404702704399824 ], [ 1262993.896874761208892, 5541369.404702704399824 ], [ 1262893.896874761208892, 5541369.404702704399824 ], [ 1262893.896874761208892, 5541469.404702704399824 ] ] ] ] } },
{ "type": "Feature", "properties": { "id": 729, "left": 1262893.8968747612, "top": 5541369.4047027044, "right": 1262993.8968747612, "bottom": 5541269.4047027044, "row_index": 28, "col_index": 20, "green_area": 1369.0528456597822, "green_pc": 13.690528456577422, "buildings_area": 4591.9350282133091, "buildings_pc": 45.919350282064663, "road_area": 1521.8363330364227, "road_pc": 15.21836333034155, "free_space_area": 2517.8968435612478, "free_space_pc": 25.178968435574959, "railways_area": 0.0, "railways_pc": 0.0, "free_space_number": 11.0, "tree_number": 4.0 }, "geometry": { "type": "MultiPolygon", "coordinates": [ [ [ [ 1262893.896874761208892, 5541369.404702704399824 ], [ 1262993.896874761208892, 5541369.404702704399824 ], [ 1262993.896874761208892, 5541269.404702704399824 ], [ 1262893.896874761208892, 5541269.404702704399824 ], [ 1262893.896874761208892, 5541369.404702704399824 ] ] ] ] } },
{ "type": "Feature", "properties": { "id": 730, "left": 1262893.8968747612, "top": 5541269.4047027044, "right": 1262993.8968747612, "bottom": 5541169.4047027044, "row_index": 29, "col_index": 20, "green_area": 0.0, "green_pc": 0.0, "buildings_area": 3901.2649908355525, "buildings_pc": 39.012649908297391, "road_area": 5278.1205082833767, "road_pc": 52.781205082755115, "free_space_area": 820.68457648340745, "free_space_pc": 8.2068457648218445, "railways_area": 0.0, "railways_pc": 0.0, "free_space_number": 9.0, "tree_number": 5.0 }, "geometry": { "type": "MultiPolygon", "coordinates": [ [ [ [ 1262893.896874761208892, 5541269.404702704399824 ], [ 1262993.896874761208892, 5541269.404702704399824 ], [ 1262993.896874761208892, 5541169.404702704399824 ], [ 1262893.896874761208892, 5541169.404702704399824 ], [ 1262893.896874761208892, 5541269.404702704399824 ] ] ] ] } },
{ "type": "Feature", "properties": { "id": 731, "left": 1262893.8968747612, "top": 5541169.4047027044, "right": 1262993.8968747612, "bottom": 5541069.4047027044, "row_index": 30, "col_index": 20, "green_area": 2343.3887895070948, "green_pc": 23.43388789503603, "buildings_area": 2408.0223197489977, "buildings_pc": 24.080223197454096, "road_area": 1058.3160839378834, "road_pc": 10.583160839363064, "free_space_area": 3106.743689857889, "free_space_pc": 31.067436898532595, "railways_area": 0.0, "railways_pc": 0.0, "free_space_number": 4.0, "tree_number": 12.0 }, "geometry": { "type": "MultiPolygon", "coordinates": [ [ [ [ 1262893.896874761208892, 5541169.404702704399824 ], [ 1262993.896874761208892, 5541169.404702704399824 ], [ 1262993.896874761208892, 5541069.404702704399824 ], [ 1262893.896874761208892, 5541069.404702704399824 ], [ 1262893.896874761208892, 5541169.404702704399824 ] ] ] ] } },
{ "type": "Feature", "properties": { "id": 732, "left": 1262893.8968747612, "top": 5541069.4047027044, "right": 1262993.8968747612, "bottom": 5540969.4047027044, "row_index": 31, "col_index": 20, "green_area": 3824.8517231536098, "green_pc": 38.248517231479106, "buildings_area": 2380.1227461379021, "buildings_pc": 23.801227461343554, "road_area": 2428.4229093194008, "road_pc": 24.284229093157823, "free_space_area": 1367.8244213387841, "free_space_pc": 13.67824421336746, "railways_area": 0.0, "railways_pc": 0.0, "free_space_number": 12.0, "tree_number": 18.0 }, "geometry": { "type": "MultiPolygon", "coordinates": [ [ [ [ 1262893.896874761208892, 5541069.404702704399824 ], [ 1262993.896874761208892, 5541069.404702704399824 ], [ 1262993.896874761208892, 5540969.404702704399824 ], [ 1262893.896874761208892, 5540969.404702704399824 ], [ 1262893.896874761208892, 5541069.404702704399824 ] ] ] ] } },
{ "type": "Feature", "properties": { "id": 733, "left": 1262893.8968747612, "top": 5540969.4047027044, "right": 1262993.8968747612, "bottom": 5540869.4047027044, "row_index": 32, "col_index": 20, "green_area": 979.68139309575781, "green_pc": 20.085573983744759, "buildings_area": 1035.1474200049415, "buildings_pc": 21.222746736968514, "road_area": 1579.7937816064805, "road_pc": 32.389167644848143, "free_space_area": 1282.9148582865291, "free_space_pc": 26.302511696719378, "railways_area": 0.0, "railways_pc": 0.0, "free_space_number": 1.0, "tree_number": 0.0 }, "geometry": { "type": "MultiPolygon", "coordinates": [ [ [ [ 1262893.896874761208892, 5540929.288667824119329 ], [ 1262893.896874761208892, 5540969.404702704399824 ], [ 1262993.896874761208892, 5540969.404702704399824 ], [ 1262993.896874761208892, 5540911.969988585449755 ], [ 1262893.896874761208892, 5540929.288667824119329 ] ] ] ] } },
{ "type": "Feature", "properties": { "id": 737, "left": 1262993.8968747612, "top": 5544069.4047027044, "right": 1263093.8968747612, "bottom": 5543969.4047027044, "row_index": 1, "col_index": 21, "green_area": 0.0, "green_pc": 0.0, "buildings_area": 3074.8144143429236, "buildings_pc": 43.818269075527212, "road_area": 1043.3680446016331, "road_pc": 14.868728827957874, "free_space_area": 1439.2272631250576, "free_space_pc": 20.510001248294856, "railways_area": 1459.7876364197582, "railways_pc": 20.803001035572425, "free_space_number": 4.0, "tree_number": 0.0 }, "geometry": { "type": "MultiPolygon", "coordinates": [ [ [ [ 1263002.31292172241956, 5544049.539959269575775 ], [ 1263019.690724907908589, 5544045.094828847795725 ], [ 1263027.64539282838814, 5544043.151264113374054 ], [ 1263059.478262552060187, 5544035.923152917996049 ], [ 1263093.896874761208892, 5544028.178783170878887 ], [ 1263093.896874761208892, 5543969.404702704399824 ], [ 1262993.896874761208892, 5543969.404702704399824 ], [ 1262993.896874761208892, 5544050.905873822979629 ], [ 1263002.31292172241956, 5544049.539959269575775 ] ] ] ] } },
{ "type": "Feature", "properties": { "id": 738, "left": 1262993.8968747612, "top": 5543969.4047027044, "right": 1263093.8968747612, "bottom": 5543869.4047027044, "row_index": 2, "col_index": 21, "green_area": 336.94633316993713, "green_pc": 3.3694633316943503, "buildings_area": 5079.7394337675069, "buildings_pc": 50.797394337599371, "road_area": 2894.7488024999539, "road_pc": 28.947488024956403, "free_space_area": 1127.5424902387726, "free_space_pc": 11.275424902370924, "railways_area": 0.0, "railways_pc": 0.0, "free_space_number": 15.0, "tree_number": 0.0 }, "geometry": { "type": "MultiPolygon", "coordinates": [ [ [ [ 1262993.896874761208892, 5543969.404702704399824 ], [ 1263093.896874761208892, 5543969.404702704399824 ], [ 1263093.896874761208892, 5543869.404702704399824 ], [ 1262993.896874761208892, 5543869.404702704399824 ], [ 1262993.896874761208892, 5543969.404702704399824 ] ] ] ] } },
{ "type": "Feature", "properties": { "id": 739, "left": 1262993.8968747612, "top": 5543869.4047027044, "right": 1263093.8968747612, "bottom": 5543769.4047027044, "row_index": 3, "col_index": 21, "green_area": 1038.3118316358887, "green_pc": 10.383118316343415, "buildings_area": 3575.1912479102612, "buildings_pc": 35.751912479049338, "road_area": 1801.8730444312096, "road_pc": 18.018730444285247, "free_space_area": 3522.6948523819447, "free_space_pc": 35.226948523766957, "railways_area": 0.0, "railways_pc": 0.0, "free_space_number": 1.0, "tree_number": 0.0 }, "geometry": { "type": "MultiPolygon", "coordinates": [ [ [ [ 1262993.896874761208892, 5543869.404702704399824 ], [ 1263093.896874761208892, 5543869.404702704399824 ], [ 1263093.896874761208892, 5543769.404702704399824 ], [ 1262993.896874761208892, 5543769.404702704399824 ], [ 1262993.896874761208892, 5543869.404702704399824 ] ] ] ] } },
{ "type": "Feature", "properties": { "id": 740, "left": 1262993.8968747612, "top": 5543769.4047027044, "right": 1263093.8968747612, "bottom": 5543669.4047027044, "row_index": 4, "col_index": 21, "green_area": 6860.0260574575514, "green_pc": 68.600260574473296, "buildings_area": 1810.9782439172268, "buildings_pc": 18.109782439145281, "road_area": 53.453830984886736, "road_pc": 0.53453830984807083, "free_space_area": 1296.3514166038658, "free_space_pc": 12.96351416601934, "railways_area": 0.0, "railways_pc": 0.0, "free_space_number": 3.0, "tree_number": 0.0 }, "geometry": { "type": "MultiPolygon", "coordinates": [ [ [ [ 1262993.896874761208892, 5543769.404702704399824 ], [ 1263093.896874761208892, 5543769.404702704399824 ], [ 1263093.896874761208892, 5543669.404702704399824 ], [ 1262993.896874761208892, 5543669.404702704399824 ], [ 1262993.896874761208892, 5543769.404702704399824 ] ] ] ] } },
{ "type": "Feature", "properties": { "id": 741, "left": 1262993.8968747612, "top": 5543669.4047027044, "right": 1263093.8968747612, "bottom": 5543569.4047027044, "row_index": 5, "col_index": 21, "green_area": 8013.5147700598463, "green_pc": 80.135147700479052, "buildings_area": 2687.9652518443763, "buildings_pc": 26.879652518403709, "road_area": 0.0, "road_pc": 0.0, "free_space_area": 22.24997899401933, "free_space_pc": 0.22249978993986175, "railways_area": 0.0, "railways_pc": 0.0, "free_space_number": 5.0, "tree_number": 0.0 }, "geometry": { "type": "MultiPolygon", "coordinates": [ [ [ [ 1262993.896874761208892, 5543669.404702704399824 ], [ 1263093.896874761208892, 5543669.404702704399824 ], [ 1263093.896874761208892, 5543569.404702704399824 ], [ 1262993.896874761208892, 5543569.404702704399824 ], [ 1262993.896874761208892, 5543669.404702704399824 ] ] ] ] } },
{ "type": "Feature", "properties": { "id": 742, "left": 1262993.8968747612, "top": 5543569.4047027044, "right": 1263093.8968747612, "bottom": 5543469.4047027044, "row_index": 6, "col_index": 21, "green_area": 9603.8408897845075, "green_pc": 96.03840889770197, "buildings_area": 547.83334534987807, "buildings_pc": 5.4783334534906176, "road_area": 0.0, "road_pc": 0.0, "free_space_area": 99.373373721812982, "free_space_pc": 0.99373373721664904, "railways_area": 0.0, "railways_pc": 0.0, "free_space_number": 5.0, "tree_number": 0.0 }, "geometry": { "type": "MultiPolygon", "coordinates": [ [ [ [ 1262993.896874761208892, 5543569.404702704399824 ], [ 1263093.896874761208892, 5543569.404702704399824 ], [ 1263093.896874761208892, 5543469.404702704399824 ], [ 1262993.896874761208892, 5543469.404702704399824 ], [ 1262993.896874761208892, 5543569.404702704399824 ] ] ] ] } },
{ "type": "Feature", "properties": { "id": 743, "left": 1262993.8968747612, "top": 5543469.4047027044, "right": 1263093.8968747612, "bottom": 5543369.4047027044, "row_index": 7, "col_index": 21, "green_area": 10000.0, "green_pc": 99.999999999850985, "buildings_area": 207.73236850090325, "buildings_pc": 2.0773236850059371, "road_area": 0.0, "road_pc": 0.0, "free_space_area": 0.0, "free_space_pc": 0.0, "railways_area": 0.0, "railways_pc": 0.0, "free_space_number": 0.0, "tree_number": 0.0 }, "geometry": { "type": "MultiPolygon", "coordinates": [ [ [ [ 1262993.896874761208892, 5543469.404702704399824 ], [ 1263093.896874761208892, 5543469.404702704399824 ], [ 1263093.896874761208892, 5543369.404702704399824 ], [ 1262993.896874761208892, 5543369.404702704399824 ], [ 1262993.896874761208892, 5543469.404702704399824 ] ] ] ] } },
{ "type": "Feature", "properties": { "id": 744, "left": 1262993.8968747612, "top": 5543369.4047027044, "right": 1263093.8968747612, "bottom": 5543269.4047027044, "row_index": 8, "col_index": 21, "green_area": 6300.0684915781021, "green_pc": 63.000684915687145, "buildings_area": 0.0, "buildings_pc": 0.0, "road_area": 3048.2851749099791, "road_pc": 30.482851749054369, "free_space_area": 651.62627904862165, "free_space_pc": 6.5162627904765067, "railways_area": 0.0, "railways_pc": 0.0, "free_space_number": 2.0, "tree_number": 0.0 }, "geometry": { "type": "MultiPolygon", "coordinates": [ [ [ [ 1262993.896874761208892, 5543369.404702704399824 ], [ 1263093.896874761208892, 5543369.404702704399824 ], [ 1263093.896874761208892, 5543269.404702704399824 ], [ 1262993.896874761208892, 5543269.404702704399824 ], [ 1262993.896874761208892, 5543369.404702704399824 ] ] ] ] } },
{ "type": "Feature", "properties": { "id": 745, "left": 1262993.8968747612, "top": 5543269.4047027044, "right": 1263093.8968747612, "bottom": 5543169.4047027044, "row_index": 9, "col_index": 21, "green_area": 0.0, "green_pc": 0.0, "buildings_area": 3063.8507464155555, "buildings_pc": 30.6385074641099, "road_area": 2315.1174102853984, "road_pc": 23.151174102819486, "free_space_area": 313.05237471607461, "free_space_pc": 3.1305237471560816, "railways_area": 0.0, "railways_pc": 0.0, "free_space_number": 6.0, "tree_number": 0.0 }, "geometry": { "type": "MultiPolygon", "coordinates": [ [ [ [ 1262993.896874761208892, 5543269.404702704399824 ], [ 1263093.896874761208892, 5543269.404702704399824 ], [ 1263093.896874761208892, 5543169.404702704399824 ], [ 1262993.896874761208892, 5543169.404702704399824 ], [ 1262993.896874761208892, 5543269.404702704399824 ] ] ] ] } },
{ "type": "Feature", "properties": { "id": 746, "left": 1262993.8968747612, "top": 5543169.4047027044, "right": 1263093.8968747612, "bottom": 5543069.4047027044, "row_index": 10, "col_index": 21, "green_area": 0.0, "green_pc": 0.0, "buildings_area": 4327.1479638516903, "buildings_pc": 43.271479638452426, "road_area": 1394.3922570422292, "road_pc": 13.943922570401513, "free_space_area": 1683.1543026253112, "free_space_pc": 16.831543026228033, "railways_area": 0.0, "railways_pc": 0.0, "free_space_number": 7.0, "tree_number": 0.0 }, "geometry": { "type": "MultiPolygon", "coordinates": [ [ [ [ 1262993.896874761208892, 5543169.404702704399824 ], [ 1263093.896874761208892, 5543169.404702704399824 ], [ 1263093.896874761208892, 5543069.404702704399824 ], [ 1262993.896874761208892, 5543069.404702704399824 ], [ 1262993.896874761208892, 5543169.404702704399824 ] ] ] ] } },
{ "type": "Feature", "properties": { "id": 747, "left": 1262993.8968747612, "top": 5543069.4047027044, "right": 1263093.8968747612, "bottom": 5542969.4047027044, "row_index": 11, "col_index": 21, "green_area": 254.44963884726167, "green_pc": 2.5444963884688252, "buildings_area": 6194.6772965371492, "buildings_pc": 61.946772965279187, "road_area": 2161.6744322814047, "road_pc": 21.616744322781837, "free_space_area": 1389.7297625582241, "free_space_pc": 13.897297625561531, "railways_area": 0.0, "railways_pc": 0.0, "free_space_number": 16.0, "tree_number": 0.0 }, "geometry": { "type": "MultiPolygon", "coordinates": [ [ [ [ 1262993.896874761208892, 5543069.404702704399824 ], [ 1263093.896874761208892, 5543069.404702704399824 ], [ 1263093.896874761208892, 5542969.404702704399824 ], [ 1262993.896874761208892, 5542969.404702704399824 ], [ 1262993.896874761208892, 5543069.404702704399824 ] ] ] ] } },
{ "type": "Feature", "properties": { "id": 748, "left": 1262993.8968747612, "top": 5542969.4047027044, "right": 1263093.8968747612, "bottom": 5542869.4047027044, "row_index": 12, "col_index": 21, "green_area": 0.0, "green_pc": 0.0, "buildings_area": 5178.1581024727784, "buildings_pc": 51.78158102465062, "road_area": 4274.7716929987073, "road_pc": 42.747716929923371, "free_space_area": 547.23596721849447, "free_space_pc": 5.4723596721767906, "railways_area": 0.0, "railways_pc": 0.0, "free_space_number": 12.0, "tree_number": 1.0 }, "geometry": { "type": "MultiPolygon", "coordinates": [ [ [ [ 1262993.896874761208892, 5542969.404702704399824 ], [ 1263093.896874761208892, 5542969.404702704399824 ], [ 1263093.896874761208892, 5542869.404702704399824 ], [ 1262993.896874761208892, 5542869.404702704399824 ], [ 1262993.896874761208892, 5542969.404702704399824 ] ] ] ] } },
{ "type": "Feature", "properties": { "id": 749, "left": 1262993.8968747612, "top": 5542869.4047027044, "right": 1263093.8968747612, "bottom": 5542769.4047027044, "row_index": 13, "col_index": 21, "green_area": 183.34401424601674, "green_pc": 1.8334401424574354, "buildings_area": 7293.2726465379819, "buildings_pc": 72.932726465271145, "road_area": 1789.4668191745877, "road_pc": 17.894668191719212, "free_space_area": 734.95291538879519, "free_space_pc": 7.3495291538770005, "railways_area": 0.0, "railways_pc": 0.0, "free_space_number": 15.0, "tree_number": 0.0 }, "geometry": { "type": "MultiPolygon", "coordinates": [ [ [ [ 1262993.896874761208892, 5542869.404702704399824 ], [ 1263093.896874761208892, 5542869.404702704399824 ], [ 1263093.896874761208892, 5542769.404702704399824 ], [ 1262993.896874761208892, 5542769.404702704399824 ], [ 1262993.896874761208892, 5542869.404702704399824 ] ] ] ] } },
{ "type": "Feature", "properties": { "id": 750, "left": 1262993.8968747612, "top": 5542769.4047027044, "right": 1263093.8968747612, "bottom": 5542669.4047027044, "row_index": 14, "col_index": 21, "green_area": 0.0, "green_pc": 0.0, "buildings_area": 5420.1212740370538, "buildings_pc": 54.201212740289769, "road_area": 2297.2490406297147, "road_pc": 22.972490406262917, "free_space_area": 2282.6296852781825, "free_space_pc": 22.826296852747809, "railways_area": 0.0, "railways_pc": 0.0, "free_space_number": 14.0, "tree_number": 1.0 }, "geometry": { "type": "MultiPolygon", "coordinates": [ [ [ [ 1262993.896874761208892, 5542769.404702704399824 ], [ 1263093.896874761208892, 5542769.404702704399824 ], [ 1263093.896874761208892, 5542669.404702704399824 ], [ 1262993.896874761208892, 5542669.404702704399824 ], [ 1262993.896874761208892, 5542769.404702704399824 ] ] ] ] } },
{ "type": "Feature", "properties": { "id": 751, "left": 1262993.8968747612, "top": 5542669.4047027044, "right": 1263093.8968747612, "bottom": 5542569.4047027044, "row_index": 15, "col_index": 21, "green_area": 0.0, "green_pc": 0.0, "buildings_area": 5544.8245570992585, "buildings_pc": 55.448245570909961, "road_area": 3864.8500950653106, "road_pc": 38.648500950595512, "free_space_area": 590.32534783475455, "free_space_pc": 5.9032534783387494, "railways_area": 0.0, "railways_pc": 0.0, "free_space_number": 11.0, "tree_number": 1.0 }, "geometry": { "type": "MultiPolygon", "coordinates": [ [ [ [ 1262993.896874761208892, 5542669.404702704399824 ], [ 1263093.896874761208892, 5542669.404702704399824 ], [ 1263093.896874761208892, 5542569.404702704399824 ], [ 1262993.896874761208892, 5542569.404702704399824 ], [ 1262993.896874761208892, 5542669.404702704399824 ] ] ] ] } },
{ "type": "Feature", "properties": { "id": 752, "left": 1262993.8968747612, "top": 5542569.4047027044, "right": 1263093.8968747612, "bottom": 5542469.4047027044, "row_index": 16, "col_index": 21, "green_area": 0.0, "green_pc": 0.0, "buildings_area": 6662.1420320387697, "buildings_pc": 66.621420320288422, "road_area": 2564.5737920403481, "road_pc": 25.645737920365267, "free_space_area": 773.28747344844328, "free_space_pc": 7.7328747344729107, "railways_area": 0.0, "railways_pc": 0.0, "free_space_number": 16.0, "tree_number": 0.0 }, "geometry": { "type": "MultiPolygon", "coordinates": [ [ [ [ 1262993.896874761208892, 5542569.404702704399824 ], [ 1263093.896874761208892, 5542569.404702704399824 ], [ 1263093.896874761208892, 5542469.404702704399824 ], [ 1262993.896874761208892, 5542469.404702704399824 ], [ 1262993.896874761208892, 5542569.404702704399824 ] ] ] ] } },
{ "type": "Feature", "properties": { "id": 753, "left": 1262993.8968747612, "top": 5542469.4047027044, "right": 1263093.8968747612, "bottom": 5542369.4047027044, "row_index": 17, "col_index": 21, "green_area": 0.0, "green_pc": 0.0, "buildings_area": 7754.1646920060739, "buildings_pc": 77.541646919945194, "road_area": 1218.9437516015023, "road_pc": 12.189437515996859, "free_space_area": 1026.9899228108663, "free_space_pc": 10.269899228093362, "railways_area": 0.0, "railways_pc": 0.0, "free_space_number": 16.0, "tree_number": 0.0 }, "geometry": { "type": "MultiPolygon", "coordinates": [ [ [ [ 1262993.896874761208892, 5542469.404702704399824 ], [ 1263093.896874761208892, 5542469.404702704399824 ], [ 1263093.896874761208892, 5542369.404702704399824 ], [ 1262993.896874761208892, 5542369.404702704399824 ], [ 1262993.896874761208892, 5542469.404702704399824 ] ] ] ] } },
{ "type": "Feature", "properties": { "id": 754, "left": 1262993.8968747612, "top": 5542369.4047027044, "right": 1263093.8968747612, "bottom": 5542269.4047027044, "row_index": 18, "col_index": 21, "green_area": 0.0, "green_pc": 0.0, "buildings_area": 8064.8243555072695, "buildings_pc": 80.648243554952515, "road_area": 1048.725695035886, "road_pc": 10.487256950343234, "free_space_area": 537.17548846769012, "free_space_pc": 5.3717548846688965, "railways_area": 0.0, "railways_pc": 0.0, "free_space_number": 11.0, "tree_number": 0.0 }, "geometry": { "type": "MultiPolygon", "coordinates": [ [ [ [ 1262993.896874761208892, 5542369.404702704399824 ], [ 1263093.896874761208892, 5542369.404702704399824 ], [ 1263093.896874761208892, 5542269.404702704399824 ], [ 1262993.896874761208892, 5542269.404702704399824 ], [ 1262993.896874761208892, 5542369.404702704399824 ] ] ] ] } },
{ "type": "Feature", "properties": { "id": 755, "left": 1262993.8968747612, "top": 5542269.4047027044, "right": 1263093.8968747612, "bottom": 5542169.4047027044, "row_index": 19, "col_index": 21, "green_area": 0.0, "green_pc": 0.0, "buildings_area": 5420.2368504405022, "buildings_pc": 54.202368504324255, "road_area": 4004.7437244984321, "road_pc": 40.047437244924645, "free_space_area": 1.5743753093198685, "free_space_pc": 0.015743753093175227, "railways_area": 0.0, "railways_pc": 0.0, "free_space_number": 4.0, "tree_number": 0.0 }, "geometry": { "type": "MultiPolygon", "coordinates": [ [ [ [ 1262993.896874761208892, 5542269.404702704399824 ], [ 1263093.896874761208892, 5542269.404702704399824 ], [ 1263093.896874761208892, 5542169.404702704399824 ], [ 1262993.896874761208892, 5542169.404702704399824 ], [ 1262993.896874761208892, 5542269.404702704399824 ] ] ] ] } },
{ "type": "Feature", "properties": { "id": 756, "left": 1262993.8968747612, "top": 5542169.4047027044, "right": 1263093.8968747612, "bottom": 5542069.4047027044, "row_index": 20, "col_index": 21, "green_area": 0.0, "green_pc": 0.0, "buildings_area": 7205.583266725298, "buildings_pc": 72.055832667145609, "road_area": 1839.3136231601238, "road_pc": 18.39313623157383, "free_space_area": 955.10311008150711, "free_space_pc": 9.5510311008008397, "railways_area": 0.0, "railways_pc": 0.0, "free_space_number": 13.0, "tree_number": 0.0 }, "geometry": { "type": "MultiPolygon", "coordinates": [ [ [ [ 1262993.896874761208892, 5542169.404702704399824 ], [ 1263093.896874761208892, 5542169.404702704399824 ], [ 1263093.896874761208892, 5542069.404702704399824 ], [ 1262993.896874761208892, 5542069.404702704399824 ], [ 1262993.896874761208892, 5542169.404702704399824 ] ] ] ] } },
{ "type": "Feature", "properties": { "id": 757, "left": 1262993.8968747612, "top": 5542069.4047027044, "right": 1263093.8968747612, "bottom": 5541969.4047027044, "row_index": 21, "col_index": 21, "green_area": 0.0, "green_pc": 0.0, "buildings_area": 6089.1830970458686, "buildings_pc": 60.891830970367948, "road_area": 2267.8798915268853, "road_pc": 22.67879891523506, "free_space_area": 1642.9370114078667, "free_space_pc": 16.429370114054183, "railways_area": 0.0, "railways_pc": 0.0, "free_space_number": 8.0, "tree_number": 0.0 }, "geometry": { "type": "MultiPolygon", "coordinates": [ [ [ [ 1262993.896874761208892, 5542069.404702704399824 ], [ 1263093.896874761208892, 5542069.404702704399824 ], [ 1263093.896874761208892, 5541969.404702704399824 ], [ 1262993.896874761208892, 5541969.404702704399824 ], [ 1262993.896874761208892, 5542069.404702704399824 ] ] ] ] } },
{ "type": "Feature", "properties": { "id": 758, "left": 1262993.8968747612, "top": 5541969.4047027044, "right": 1263093.8968747612, "bottom": 5541869.4047027044, "row_index": 22, "col_index": 21, "green_area": 0.0, "green_pc": 0.0, "buildings_area": 5112.9771899757907, "buildings_pc": 51.129771899681721, "road_area": 2081.5934698954225, "road_pc": 20.815934698923208, "free_space_area": 501.53595627560134, "free_space_pc": 5.0153595627485403, "railways_area": 0.0, "railways_pc": 0.0, "free_space_number": 6.0, "tree_number": 0.0 }, "geometry": { "type": "MultiPolygon", "coordinates": [ [ [ [ 1262993.896874761208892, 5541969.404702704399824 ], [ 1263093.896874761208892, 5541969.404702704399824 ], [ 1263093.896874761208892, 5541869.404702704399824 ], [ 1262993.896874761208892, 5541869.404702704399824 ], [ 1262993.896874761208892, 5541969.404702704399824 ] ] ] ] } },
{ "type": "Feature", "properties": { "id": 759, "left": 1262993.8968747612, "top": 5541869.4047027044, "right": 1263093.8968747612, "bottom": 5541769.4047027044, "row_index": 23, "col_index": 21, "green_area": 0.0, "green_pc": 0.0, "buildings_area": 6603.1497258357704, "buildings_pc": 66.031497258259307, "road_area": 3048.27027887851, "road_pc": 30.482702788739676, "free_space_area": 301.59411337303936, "free_space_pc": 3.0159411337258994, "railways_area": 0.0, "railways_pc": 0.0, "free_space_number": 9.0, "tree_number": 0.0 }, "geometry": { "type": "MultiPolygon", "coordinates": [ [ [ [ 1262993.896874761208892, 5541869.404702704399824 ], [ 1263093.896874761208892, 5541869.404702704399824 ], [ 1263093.896874761208892, 5541769.404702704399824 ], [ 1262993.896874761208892, 5541769.404702704399824 ], [ 1262993.896874761208892, 5541869.404702704399824 ] ] ] ] } },
{ "type": "Feature", "properties": { "id": 760, "left": 1262993.8968747612, "top": 5541769.4047027044, "right": 1263093.8968747612, "bottom": 5541669.4047027044, "row_index": 24, "col_index": 21, "green_area": 0.0, "green_pc": 0.0, "buildings_area": 6692.3702111882158, "buildings_pc": 66.923702111782433, "road_area": 1246.6279175244272, "road_pc": 12.466279175225695, "free_space_area": 2061.0049446988105, "free_space_pc": 20.610049446957394, "railways_area": 0.0, "railways_pc": 0.0, "free_space_number": 17.0, "tree_number": 0.0 }, "geometry": { "type": "MultiPolygon", "coordinates": [ [ [ [ 1262993.896874761208892, 5541769.404702704399824 ], [ 1263093.896874761208892, 5541769.404702704399824 ], [ 1263093.896874761208892, 5541669.404702704399824 ], [ 1262993.896874761208892, 5541669.404702704399824 ], [ 1262993.896874761208892, 5541769.404702704399824 ] ] ] ] } },
{ "type": "Feature", "properties": { "id": 761, "left": 1262993.8968747612, "top": 5541669.4047027044, "right": 1263093.8968747612, "bottom": 5541569.4047027044, "row_index": 25, "col_index": 21, "green_area": 0.0, "green_pc": 0.0, "buildings_area": 6053.6384746469557, "buildings_pc": 60.536384746379348, "road_area": 759.29300027620047, "road_pc": 7.5929300027506903, "free_space_area": 3187.0685250228271, "free_space_pc": 31.870685250180781, "railways_area": 0.0, "railways_pc": 0.0, "free_space_number": 12.0, "tree_number": 0.0 }, "geometry": { "type": "MultiPolygon", "coordinates": [ [ [ [ 1262993.896874761208892, 5541669.404702704399824 ], [ 1263093.896874761208892, 5541669.404702704399824 ], [ 1263093.896874761208892, 5541569.404702704399824 ], [ 1262993.896874761208892, 5541569.404702704399824 ], [ 1262993.896874761208892, 5541669.404702704399824 ] ] ] ] } },
{ "type": "Feature", "properties": { "id": 762, "left": 1262993.8968747612, "top": 5541569.4047027044, "right": 1263093.8968747612, "bottom": 5541469.4047027044, "row_index": 26, "col_index": 21, "green_area": 3710.9973472836427, "green_pc": 37.109973472781128, "buildings_area": 2906.7683788170689, "buildings_pc": 29.067683788127376, "road_area": 0.0, "road_pc": 0.0, "free_space_area": 3389.1455650059215, "free_space_pc": 33.891455650008716, "railways_area": 0.0, "railways_pc": 0.0, "free_space_number": 11.0, "tree_number": 0.0 }, "geometry": { "type": "MultiPolygon", "coordinates": [ [ [ [ 1262993.896874761208892, 5541569.404702704399824 ], [ 1263093.896874761208892, 5541569.404702704399824 ], [ 1263093.896874761208892, 5541469.404702704399824 ], [ 1262993.896874761208892, 5541469.404702704399824 ], [ 1262993.896874761208892, 5541569.404702704399824 ] ] ] ] } },
{ "type": "Feature", "properties": { "id": 763, "left": 1262993.8968747612, "top": 5541469.4047027044, "right": 1263093.8968747612, "bottom": 5541369.4047027044, "row_index": 27, "col_index": 21, "green_area": 1369.2307236101478, "green_pc": 13.692307236081076, "buildings_area": 3134.4719369397499, "buildings_pc": 31.344719369350791, "road_area": 2175.94928332977, "road_pc": 21.759492833265277, "free_space_area": 3324.5113508957074, "free_space_pc": 33.245113508907536, "railways_area": 0.0, "railways_pc": 0.0, "free_space_number": 8.0, "tree_number": 0.0 }, "geometry": { "type": "MultiPolygon", "coordinates": [ [ [ [ 1262993.896874761208892, 5541469.404702704399824 ], [ 1263093.896874761208892, 5541469.404702704399824 ], [ 1263093.896874761208892, 5541369.404702704399824 ], [ 1262993.896874761208892, 5541369.404702704399824 ], [ 1262993.896874761208892, 5541469.404702704399824 ] ] ] ] } },
{ "type": "Feature", "properties": { "id": 764, "left": 1262993.8968747612, "top": 5541369.4047027044, "right": 1263093.8968747612, "bottom": 5541269.4047027044, "row_index": 28, "col_index": 21, "green_area": 2078.7960062107304, "green_pc": 20.787960062076326, "buildings_area": 4046.4928463270189, "buildings_pc": 40.464928463209894, "road_area": 760.40506201889366, "road_pc": 7.6040506201776052, "free_space_area": 3116.2598969216633, "free_space_pc": 31.162598969170197, "railways_area": 0.0, "railways_pc": 0.0, "free_space_number": 10.0, "tree_number": 0.0 }, "geometry": { "type": "MultiPolygon", "coordinates": [ [ [ [ 1262993.896874761208892, 5541369.404702704399824 ], [ 1263093.896874761208892, 5541369.404702704399824 ], [ 1263093.896874761208892, 5541269.404702704399824 ], [ 1262993.896874761208892, 5541269.404702704399824 ], [ 1262993.896874761208892, 5541369.404702704399824 ] ] ] ] } },
{ "type": "Feature", "properties": { "id": 765, "left": 1262993.8968747612, "top": 5541269.4047027044, "right": 1263093.8968747612, "bottom": 5541169.4047027044, "row_index": 29, "col_index": 21, "green_area": 659.09015144407749, "green_pc": 6.5909015144309535, "buildings_area": 5483.3234535097145, "buildings_pc": 54.833234535015436, "road_area": 2103.1870762845501, "road_pc": 21.031870762814162, "free_space_area": 1755.6262852404864, "free_space_pc": 17.556262852378701, "railways_area": 0.0, "railways_pc": 0.0, "free_space_number": 9.0, "tree_number": 0.0 }, "geometry": { "type": "MultiPolygon", "coordinates": [ [ [ [ 1262993.896874761208892, 5541269.404702704399824 ], [ 1263093.896874761208892, 5541269.404702704399824 ], [ 1263093.896874761208892, 5541169.404702704399824 ], [ 1262993.896874761208892, 5541169.404702704399824 ], [ 1262993.896874761208892, 5541269.404702704399824 ] ] ] ] } },
{ "type": "Feature", "properties": { "id": 766, "left": 1262993.8968747612, "top": 5541169.4047027044, "right": 1263093.8968747612, "bottom": 5541069.4047027044, "row_index": 30, "col_index": 21, "green_area": 2256.9898810801096, "green_pc": 22.569898810767466, "buildings_area": 4501.1833280809224, "buildings_pc": 45.011833280742152, "road_area": 969.92422344535589, "road_pc": 9.6992422344391063, "free_space_area": 2273.625169957601, "free_space_pc": 22.73625169954213, "railways_area": 0.0, "railways_pc": 0.0, "free_space_number": 8.0, "tree_number": 0.0 }, "geometry": { "type": "MultiPolygon", "coordinates": [ [ [ [ 1262993.896874761208892, 5541169.404702704399824 ], [ 1263093.896874761208892, 5541169.404702704399824 ], [ 1263093.896874761208892, 5541069.404702704399824 ], [ 1262993.896874761208892, 5541069.404702704399824 ], [ 1262993.896874761208892, 5541169.404702704399824 ] ] ] ] } },
{ "type": "Feature", "properties": { "id": 767, "left": 1262993.8968747612, "top": 5541069.4047027044, "right": 1263093.8968747612, "bottom": 5540969.4047027044, "row_index": 31, "col_index": 21, "green_area": 1218.8809630852193, "green_pc": 12.188809630834029, "buildings_area": 3690.0627387780696, "buildings_pc": 36.900627387725713, "road_area": 3789.4928388595581, "road_pc": 37.894928388539114, "free_space_area": 1302.1010734403546, "free_space_pc": 13.021010734384143, "railways_area": 0.0, "railways_pc": 0.0, "free_space_number": 10.0, "tree_number": 16.0 }, "geometry": { "type": "MultiPolygon", "coordinates": [ [ [ [ 1262993.896874761208892, 5541069.404702704399824 ], [ 1263093.896874761208892, 5541069.404702704399824 ], [ 1263093.896874761208892, 5540969.404702704399824 ], [ 1262993.896874761208892, 5540969.404702704399824 ], [ 1262993.896874761208892, 5541069.404702704399824 ] ] ] ] } },
{ "type": "Feature", "properties": { "id": 768, "left": 1262993.8968747612, "top": 5540969.4047027044, "right": 1263093.8968747612, "bottom": 5540869.4047027044, "row_index": 32, "col_index": 21, "green_area": 1345.0035007959232, "green_pc": 20.352857589250036, "buildings_area": 1463.5633116140962, "buildings_pc": 22.146927971938823, "road_area": 2524.7739909663796, "road_pc": 38.205376753869146, "free_space_area": 1275.0850666100159, "free_space_pc": 19.29483808743683, "railways_area": 0.0, "railways_pc": 0.0, "free_space_number": 2.0, "tree_number": 4.0 }, "geometry": { "type": "MultiPolygon", "coordinates": [ [ [ [ 1263057.191115746740252, 5540901.008262012153864 ], [ 1262993.896874761208892, 5540911.969988585449755 ], [ 1262993.896874761208892, 5540969.404702704399824 ], [ 1263093.896874761208892, 5540969.404702704399824 ], [ 1263093.896874761208892, 5540894.704681377857924 ], [ 1263057.191115746740252, 5540901.008262012153864 ] ] ] ] } },
{ "type": "Feature", "properties": { "id": 772, "left": 1263093.8968747612, "top": 5544069.4047027044, "right": 1263193.8968747612, "bottom": 5543969.4047027044, "row_index": 1, "col_index": 22, "green_area": 0.0, "green_pc": 0.0, "buildings_area": 1592.2082211077213, "buildings_pc": 33.911710336779407, "road_area": 0.0, "road_pc": 0.0, "free_space_area": 0.0, "free_space_pc": 0.0, "railways_area": 3102.9493079418316, "railways_pc": 66.088289663161092, "free_space_number": 0.0, "tree_number": 0.0 }, "geometry": { "type": "MultiPolygon", "coordinates": [ [ [ [ 1263099.732522464822978, 5544026.865731579251587 ], [ 1263135.988653030246496, 5544018.10466982703656 ], [ 1263176.108582982327789, 5544008.81191582698375 ], [ 1263185.874956084648147, 5544006.563048590905964 ], [ 1263193.896874761208892, 5544004.598032883368433 ], [ 1263193.896874761208892, 5543969.404702704399824 ], [ 1263093.896874761208892, 5543969.404702704399824 ], [ 1263093.896874761208892, 5544028.178783170878887 ], [ 1263099.732522464822978, 5544026.865731579251587 ] ] ] ] } },
{ "type": "Feature", "properties": { "id": 773, "left": 1263093.8968747612, "top": 5543969.4047027044, "right": 1263193.8968747612, "bottom": 5543869.4047027044, "row_index": 2, "col_index": 22, "green_area": 443.24765506898984, "green_pc": 4.4324765506832939, "buildings_area": 5255.2705419370905, "buildings_pc": 52.552705419292593, "road_area": 2416.4904342833906, "road_pc": 24.164904342797897, "free_space_area": 1135.7175587018987, "free_space_pc": 11.357175587002063, "railways_area": 749.71896577579901, "railways_pc": 7.4971896577468184, "free_space_number": 12.0, "tree_number": 0.0 }, "geometry": { "type": "MultiPolygon", "coordinates": [ [ [ [ 1263093.896874761208892, 5543969.404702704399824 ], [ 1263193.896874761208892, 5543969.404702704399824 ], [ 1263193.896874761208892, 5543869.404702704399824 ], [ 1263093.896874761208892, 5543869.404702704399824 ], [ 1263093.896874761208892, 5543969.404702704399824 ] ] ] ] } },
{ "type": "Feature", "properties": { "id": 774, "left": 1263093.8968747612, "top": 5543869.4047027044, "right": 1263193.8968747612, "bottom": 5543769.4047027044, "row_index": 3, "col_index": 22, "green_area": 517.73681708518416, "green_pc": 5.1773681708441268, "buildings_area": 3014.3441391773522, "buildings_pc": 30.143441391728604, "road_area": 3485.316680803895, "road_pc": 34.853166807987016, "free_space_area": 2982.6241861898452, "free_space_pc": 29.826241861854008, "railways_area": 0.0, "railways_pc": 0.0, "free_space_number": 1.0, "tree_number": 0.0 }, "geometry": { "type": "MultiPolygon", "coordinates": [ [ [ [ 1263093.896874761208892, 5543869.404702704399824 ], [ 1263193.896874761208892, 5543869.404702704399824 ], [ 1263193.896874761208892, 5543769.404702704399824 ], [ 1263093.896874761208892, 5543769.404702704399824 ], [ 1263093.896874761208892, 5543869.404702704399824 ] ] ] ] } },
{ "type": "Feature", "properties": { "id": 775, "left": 1263093.8968747612, "top": 5543769.4047027044, "right": 1263193.8968747612, "bottom": 5543669.4047027044, "row_index": 4, "col_index": 22, "green_area": 4608.5420524999499, "green_pc": 46.085420524930825, "buildings_area": 2674.2931170389056, "buildings_pc": 26.742931170349205, "road_area": 0.0, "road_pc": 0.0, "free_space_area": 2717.1648304895498, "free_space_pc": 27.171648304855008, "railways_area": 0.0, "railways_pc": 0.0, "free_space_number": 3.0, "tree_number": 0.0 }, "geometry": { "type": "MultiPolygon", "coordinates": [ [ [ [ 1263093.896874761208892, 5543769.404702704399824 ], [ 1263193.896874761208892, 5543769.404702704399824 ], [ 1263193.896874761208892, 5543669.404702704399824 ], [ 1263093.896874761208892, 5543669.404702704399824 ], [ 1263093.896874761208892, 5543769.404702704399824 ] ] ] ] } },
{ "type": "Feature", "properties": { "id": 776, "left": 1263093.8968747612, "top": 5543669.4047027044, "right": 1263193.8968747612, "bottom": 5543569.4047027044, "row_index": 5, "col_index": 22, "green_area": 9993.8516998821869, "green_pc": 99.938516998672952, "buildings_area": 0.0, "buildings_pc": 0.0, "road_area": 0.0, "road_pc": 0.0, "free_space_area": 6.1483001168817282, "free_space_pc": 0.061483001168725668, "railways_area": 0.0, "railways_pc": 0.0, "free_space_number": 1.0, "tree_number": 0.0 }, "geometry": { "type": "MultiPolygon", "coordinates": [ [ [ [ 1263093.896874761208892, 5543669.404702704399824 ], [ 1263193.896874761208892, 5543669.404702704399824 ], [ 1263193.896874761208892, 5543569.404702704399824 ], [ 1263093.896874761208892, 5543569.404702704399824 ], [ 1263093.896874761208892, 5543669.404702704399824 ] ] ] ] } },
{ "type": "Feature", "properties": { "id": 777, "left": 1263093.8968747612, "top": 5543569.4047027044, "right": 1263193.8968747612, "bottom": 5543469.4047027044, "row_index": 6, "col_index": 22, "green_area": 9471.8156770402566, "green_pc": 94.71815677026143, "buildings_area": 823.61522440239787, "buildings_pc": 8.2361522440117056, "road_area": 0.0, "road_pc": 0.0, "free_space_area": 24.821397566323867, "free_space_pc": 0.24821397566286879, "railways_area": 0.0, "railways_pc": 0.0, "free_space_number": 2.0, "tree_number": 0.0 }, "geometry": { "type": "MultiPolygon", "coordinates": [ [ [ [ 1263093.896874761208892, 5543569.404702704399824 ], [ 1263193.896874761208892, 5543569.404702704399824 ], [ 1263193.896874761208892, 5543469.404702704399824 ], [ 1263093.896874761208892, 5543469.404702704399824 ], [ 1263093.896874761208892, 5543569.404702704399824 ] ] ] ] } },
{ "type": "Feature", "properties": { "id": 778, "left": 1263093.8968747612, "top": 5543469.4047027044, "right": 1263193.8968747612, "bottom": 5543369.4047027044, "row_index": 7, "col_index": 22, "green_area": 6403.457865400007, "green_pc": 64.034578653904646, "buildings_area": 2022.3200130229816, "buildings_pc": 20.223200130199682, "road_area": 0.0, "road_pc": 0.0, "free_space_area": 1623.3643469167873, "free_space_pc": 16.233643469143683, "railways_area": 0.0, "railways_pc": 0.0, "free_space_number": 4.0, "tree_number": 0.0 }, "geometry": { "type": "MultiPolygon", "coordinates": [ [ [ [ 1263093.896874761208892, 5543469.404702704399824 ], [ 1263193.896874761208892, 5543469.404702704399824 ], [ 1263193.896874761208892, 5543369.404702704399824 ], [ 1263093.896874761208892, 5543369.404702704399824 ], [ 1263093.896874761208892, 5543469.404702704399824 ] ] ] ] } },
{ "type": "Feature", "properties": { "id": 779, "left": 1263093.8968747612, "top": 5543369.4047027044, "right": 1263193.8968747612, "bottom": 5543269.4047027044, "row_index": 8, "col_index": 22, "green_area": 1237.4324237853289, "green_pc": 12.37432423783485, "buildings_area": 4815.1622263807803, "buildings_pc": 48.151622263736051, "road_area": 489.80185155384243, "road_pc": 4.8980185155311258, "free_space_area": 3562.2533055788372, "free_space_pc": 35.622533055735289, "railways_area": 0.0, "railways_pc": 0.0, "free_space_number": 6.0, "tree_number": 0.0 }, "geometry": { "type": "MultiPolygon", "coordinates": [ [ [ [ 1263093.896874761208892, 5543369.404702704399824 ], [ 1263193.896874761208892, 5543369.404702704399824 ], [ 1263193.896874761208892, 5543269.404702704399824 ], [ 1263093.896874761208892, 5543269.404702704399824 ], [ 1263093.896874761208892, 5543369.404702704399824 ] ] ] ] } },
{ "type": "Feature", "properties": { "id": 780, "left": 1263093.8968747612, "top": 5543269.4047027044, "right": 1263193.8968747612, "bottom": 5543169.4047027044, "row_index": 9, "col_index": 22, "green_area": 0.0, "green_pc": 0.0, "buildings_area": 3970.8679669983685, "buildings_pc": 39.708679669924514, "road_area": 4779.0503220781684, "road_pc": 47.79050322071047, "free_space_area": 1250.6149473556711, "free_space_pc": 12.506149473538077, "railways_area": 0.0, "railways_pc": 0.0, "free_space_number": 13.0, "tree_number": 0.0 }, "geometry": { "type": "MultiPolygon", "coordinates": [ [ [ [ 1263093.896874761208892, 5543269.404702704399824 ], [ 1263193.896874761208892, 5543269.404702704399824 ], [ 1263193.896874761208892, 5543169.404702704399824 ], [ 1263093.896874761208892, 5543169.404702704399824 ], [ 1263093.896874761208892, 5543269.404702704399824 ] ] ] ] } },
{ "type": "Feature", "properties": { "id": 781, "left": 1263093.8968747612, "top": 5543169.4047027044, "right": 1263193.8968747612, "bottom": 5543069.4047027044, "row_index": 10, "col_index": 22, "green_area": 0.0, "green_pc": 0.0, "buildings_area": 5202.3031467911787, "buildings_pc": 52.023031467834265, "road_area": 2343.634351786226, "road_pc": 23.436343517827339, "free_space_area": 2454.4011198105291, "free_space_pc": 24.544011198068716, "railways_area": 0.0, "railways_pc": 0.0, "free_space_number": 7.0, "tree_number": 0.0 }, "geometry": { "type": "MultiPolygon", "coordinates": [ [ [ [ 1263093.896874761208892, 5543169.404702704399824 ], [ 1263193.896874761208892, 5543169.404702704399824 ], [ 1263193.896874761208892, 5543069.404702704399824 ], [ 1263093.896874761208892, 5543069.404702704399824 ], [ 1263093.896874761208892, 5543169.404702704399824 ] ] ] ] } },
{ "type": "Feature", "properties": { "id": 782, "left": 1263093.8968747612, "top": 5543069.4047027044, "right": 1263193.8968747612, "bottom": 5542969.4047027044, "row_index": 11, "col_index": 22, "green_area": 34.234438691288233, "green_pc": 0.34234438691237218, "buildings_area": 5037.3465448580682, "buildings_pc": 50.37346544850562, "road_area": 2844.6095602139831, "road_pc": 28.446095602097444, "free_space_area": 2088.5445584525264, "free_space_pc": 20.885445584494143, "railways_area": 0.0, "railways_pc": 0.0, "free_space_number": 13.0, "tree_number": 0.0 }, "geometry": { "type": "MultiPolygon", "coordinates": [ [ [ [ 1263093.896874761208892, 5543069.404702704399824 ], [ 1263193.896874761208892, 5543069.404702704399824 ], [ 1263193.896874761208892, 5542969.404702704399824 ], [ 1263093.896874761208892, 5542969.404702704399824 ], [ 1263093.896874761208892, 5543069.404702704399824 ] ] ] ] } },
{ "type": "Feature", "properties": { "id": 783, "left": 1263093.8968747612, "top": 5542969.4047027044, "right": 1263193.8968747612, "bottom": 5542869.4047027044, "row_index": 12, "col_index": 22, "green_area": 309.50364491716027, "green_pc": 3.0950364491669906, "buildings_area": 6548.4364917669445, "buildings_pc": 65.484364917571867, "road_area": 2051.4899908360094, "road_pc": 20.514899908329525, "free_space_area": 1093.3686609977835, "free_space_pc": 10.933686609961544, "railways_area": 0.0, "railways_pc": 0.0, "free_space_number": 15.0, "tree_number": 0.0 }, "geometry": { "type": "MultiPolygon", "coordinates": [ [ [ [ 1263093.896874761208892, 5542969.404702704399824 ], [ 1263193.896874761208892, 5542969.404702704399824 ], [ 1263193.896874761208892, 5542869.404702704399824 ], [ 1263093.896874761208892, 5542869.404702704399824 ], [ 1263093.896874761208892, 5542969.404702704399824 ] ] ] ] } },
{ "type": "Feature", "properties": { "id": 784, "left": 1263093.8968747612, "top": 5542869.4047027044, "right": 1263193.8968747612, "bottom": 5542769.4047027044, "row_index": 13, "col_index": 22, "green_area": 1322.9476228561252, "green_pc": 13.229476228541539, "buildings_area": 6667.4482593336143, "buildings_pc": 66.674482593236789, "road_area": 230.98548910021782, "road_pc": 2.3098548909987362, "free_space_area": 1787.9211496438797, "free_space_pc": 17.879211496412154, "railways_area": 0.0, "railways_pc": 0.0, "free_space_number": 11.0, "tree_number": 0.0 }, "geometry": { "type": "MultiPolygon", "coordinates": [ [ [ [ 1263093.896874761208892, 5542869.404702704399824 ], [ 1263193.896874761208892, 5542869.404702704399824 ], [ 1263193.896874761208892, 5542769.404702704399824 ], [ 1263093.896874761208892, 5542769.404702704399824 ], [ 1263093.896874761208892, 5542869.404702704399824 ] ] ] ] } },
{ "type": "Feature", "properties": { "id": 785, "left": 1263093.8968747612, "top": 5542769.4047027044, "right": 1263193.8968747612, "bottom": 5542669.4047027044, "row_index": 14, "col_index": 22, "green_area": 0.0, "green_pc": 0.0, "buildings_area": 7252.4786210358143, "buildings_pc": 72.52478621025007, "road_area": 1199.2511731795967, "road_pc": 11.992511731778096, "free_space_area": 1548.3085049220169, "free_space_pc": 15.483085049197097, "railways_area": 0.0, "railways_pc": 0.0, "free_space_number": 8.0, "tree_number": 1.0 }, "geometry": { "type": "MultiPolygon", "coordinates": [ [ [ [ 1263093.896874761208892, 5542769.404702704399824 ], [ 1263193.896874761208892, 5542769.404702704399824 ], [ 1263193.896874761208892, 5542669.404702704399824 ], [ 1263093.896874761208892, 5542669.404702704399824 ], [ 1263093.896874761208892, 5542769.404702704399824 ] ] ] ] } },
{ "type": "Feature", "properties": { "id": 786, "left": 1263093.8968747612, "top": 5542669.4047027044, "right": 1263193.8968747612, "bottom": 5542569.4047027044, "row_index": 15, "col_index": 22, "green_area": 0.0, "green_pc": 0.0, "buildings_area": 7094.4561417279765, "buildings_pc": 70.944561417174043, "road_area": 1807.3555334592238, "road_pc": 18.073555334565306, "free_space_area": 1098.1885296436274, "free_space_pc": 10.981885296419909, "railways_area": 0.0, "railways_pc": 0.0, "free_space_number": 19.0, "tree_number": 0.0 }, "geometry": { "type": "MultiPolygon", "coordinates": [ [ [ [ 1263093.896874761208892, 5542669.404702704399824 ], [ 1263193.896874761208892, 5542669.404702704399824 ], [ 1263193.896874761208892, 5542569.404702704399824 ], [ 1263093.896874761208892, 5542569.404702704399824 ], [ 1263093.896874761208892, 5542669.404702704399824 ] ] ] ] } },
{ "type": "Feature", "properties": { "id": 787, "left": 1263093.8968747612, "top": 5542569.4047027044, "right": 1263193.8968747612, "bottom": 5542469.4047027044, "row_index": 16, "col_index": 22, "green_area": 0.0, "green_pc": 0.0, "buildings_area": 7767.8296079228166, "buildings_pc": 77.678296079112414, "road_area": 1276.1910266689956, "road_pc": 12.76191026667094, "free_space_area": 956.64552071768628, "free_space_pc": 9.5664552071626083, "railways_area": 0.0, "railways_pc": 0.0, "free_space_number": 16.0, "tree_number": 0.0 }, "geometry": { "type": "MultiPolygon", "coordinates": [ [ [ [ 1263093.896874761208892, 5542569.404702704399824 ], [ 1263193.896874761208892, 5542569.404702704399824 ], [ 1263193.896874761208892, 5542469.404702704399824 ], [ 1263093.896874761208892, 5542469.404702704399824 ], [ 1263093.896874761208892, 5542569.404702704399824 ] ] ] ] } },
{ "type": "Feature", "properties": { "id": 788, "left": 1263093.8968747612, "top": 5542469.4047027044, "right": 1263193.8968747612, "bottom": 5542369.4047027044, "row_index": 17, "col_index": 22, "green_area": 0.0, "green_pc": 0.0, "buildings_area": 7086.4520694739185, "buildings_pc": 70.864520694633583, "road_area": 1940.2407704186626, "road_pc": 19.402407704157714, "free_space_area": 973.50958278684573, "free_space_pc": 9.7350958278539501, "railways_area": 0.0, "railways_pc": 0.0, "free_space_number": 17.0, "tree_number": 0.0 }, "geometry": { "type": "MultiPolygon", "coordinates": [ [ [ [ 1263093.896874761208892, 5542469.404702704399824 ], [ 1263193.896874761208892, 5542469.404702704399824 ], [ 1263193.896874761208892, 5542369.404702704399824 ], [ 1263093.896874761208892, 5542369.404702704399824 ], [ 1263093.896874761208892, 5542469.404702704399824 ] ] ] ] } },
{ "type": "Feature", "properties": { "id": 789, "left": 1263093.8968747612, "top": 5542369.4047027044, "right": 1263193.8968747612, "bottom": 5542269.4047027044, "row_index": 18, "col_index": 22, "green_area": 0.0, "green_pc": 0.0, "buildings_area": 6095.4311628798023, "buildings_pc": 60.954311628707195, "road_area": 2098.2066149124876, "road_pc": 20.982066149093608, "free_space_area": 459.34863203848852, "free_space_pc": 4.5934863203780401, "railways_area": 0.0, "railways_pc": 0.0, "free_space_number": 14.0, "tree_number": 0.0 }, "geometry": { "type": "MultiPolygon", "coordinates": [ [ [ [ 1263093.896874761208892, 5542369.404702704399824 ], [ 1263193.896874761208892, 5542369.404702704399824 ], [ 1263193.896874761208892, 5542269.404702704399824 ], [ 1263093.896874761208892, 5542269.404702704399824 ], [ 1263093.896874761208892, 5542369.404702704399824 ] ] ] ] } },
{ "type": "Feature", "properties": { "id": 790, "left": 1263093.8968747612, "top": 5542269.4047027044, "right": 1263193.8968747612, "bottom": 5542169.4047027044, "row_index": 19, "col_index": 22, "green_area": 0.0, "green_pc": 0.0, "buildings_area": 7088.444949329365, "buildings_pc": 70.884449493188029, "road_area": 859.90225685155019, "road_pc": 8.5990225685026882, "free_space_area": 270.41035906535353, "free_space_pc": 2.7041035906495061, "railways_area": 0.0, "railways_pc": 0.0, "free_space_number": 10.0, "tree_number": 0.0 }, "geometry": { "type": "MultiPolygon", "coordinates": [ [ [ [ 1263093.896874761208892, 5542269.404702704399824 ], [ 1263193.896874761208892, 5542269.404702704399824 ], [ 1263193.896874761208892, 5542169.404702704399824 ], [ 1263093.896874761208892, 5542169.404702704399824 ], [ 1263093.896874761208892, 5542269.404702704399824 ] ] ] ] } },
{ "type": "Feature", "properties": { "id": 791, "left": 1263093.8968747612, "top": 5542169.4047027044, "right": 1263193.8968747612, "bottom": 5542069.4047027044, "row_index": 20, "col_index": 22, "green_area": 0.0, "green_pc": 0.0, "buildings_area": 7490.4150881031528, "buildings_pc": 74.904150880919914, "road_area": 2030.8957378114574, "road_pc": 20.308957378084312, "free_space_area": 478.84571883213295, "free_space_pc": 4.7884571883141938, "railways_area": 0.0, "railways_pc": 0.0, "free_space_number": 12.0, "tree_number": 0.0 }, "geometry": { "type": "MultiPolygon", "coordinates": [ [ [ [ 1263093.896874761208892, 5542169.404702704399824 ], [ 1263193.896874761208892, 5542169.404702704399824 ], [ 1263193.896874761208892, 5542069.404702704399824 ], [ 1263093.896874761208892, 5542069.404702704399824 ], [ 1263093.896874761208892, 5542169.404702704399824 ] ] ] ] } },
{ "type": "Feature", "properties": { "id": 792, "left": 1263093.8968747612, "top": 5542069.4047027044, "right": 1263193.8968747612, "bottom": 5541969.4047027044, "row_index": 21, "col_index": 22, "green_area": 455.2186386808753, "green_pc": 4.5521863868019699, "buildings_area": 6903.0525527315331, "buildings_pc": 69.030525527212461, "road_area": 553.77056851610541, "road_pc": 5.5377056851528019, "free_space_area": 2096.140050644055, "free_space_pc": 20.961400506409316, "railways_area": 0.0, "railways_pc": 0.0, "free_space_number": 18.0, "tree_number": 0.0 }, "geometry": { "type": "MultiPolygon", "coordinates": [ [ [ [ 1263093.896874761208892, 5542069.404702704399824 ], [ 1263193.896874761208892, 5542069.404702704399824 ], [ 1263193.896874761208892, 5541969.404702704399824 ], [ 1263093.896874761208892, 5541969.404702704399824 ], [ 1263093.896874761208892, 5542069.404702704399824 ] ] ] ] } },
{ "type": "Feature", "properties": { "id": 793, "left": 1263093.8968747612, "top": 5541969.4047027044, "right": 1263193.8968747612, "bottom": 5541869.4047027044, "row_index": 22, "col_index": 22, "green_area": 0.0, "green_pc": 0.0, "buildings_area": 6653.9458607542329, "buildings_pc": 66.53945860744318, "road_area": 948.84592883102596, "road_pc": 9.4884592882961201, "free_space_area": 2397.2082104702677, "free_space_pc": 23.972082104666956, "railways_area": 0.0, "railways_pc": 0.0, "free_space_number": 11.0, "tree_number": 0.0 }, "geometry": { "type": "MultiPolygon", "coordinates": [ [ [ [ 1263093.896874761208892, 5541969.404702704399824 ], [ 1263193.896874761208892, 5541969.404702704399824 ], [ 1263193.896874761208892, 5541869.404702704399824 ], [ 1263093.896874761208892, 5541869.404702704399824 ], [ 1263093.896874761208892, 5541969.404702704399824 ] ] ] ] } },
{ "type": "Feature", "properties": { "id": 794, "left": 1263093.8968747612, "top": 5541869.4047027044, "right": 1263193.8968747612, "bottom": 5541769.4047027044, "row_index": 23, "col_index": 22, "green_area": 24.873210228746757, "green_pc": 0.24873210228709694, "buildings_area": 7095.6054719371605, "buildings_pc": 70.956054719265879, "road_area": 1752.2706166794524, "road_pc": 17.522706166768412, "free_space_area": 1130.1011547710616, "free_space_pc": 11.301011547693776, "railways_area": 0.0, "railways_pc": 0.0, "free_space_number": 15.0, "tree_number": 0.0 }, "geometry": { "type": "MultiPolygon", "coordinates": [ [ [ [ 1263093.896874761208892, 5541869.404702704399824 ], [ 1263193.896874761208892, 5541869.404702704399824 ], [ 1263193.896874761208892, 5541769.404702704399824 ], [ 1263093.896874761208892, 5541769.404702704399824 ], [ 1263093.896874761208892, 5541869.404702704399824 ] ] ] ] } },
{ "type": "Feature", "properties": { "id": 795, "left": 1263093.8968747612, "top": 5541769.4047027044, "right": 1263193.8968747612, "bottom": 5541669.4047027044, "row_index": 24, "col_index": 22, "green_area": 323.75689513981342, "green_pc": 3.2375689513933099, "buildings_area": 7002.5808453958016, "buildings_pc": 70.025808453853671, "road_area": 1343.1120310109109, "road_pc": 13.431120310089094, "free_space_area": 1331.0312606710941, "free_space_pc": 13.310312606691106, "railways_area": 0.0, "railways_pc": 0.0, "free_space_number": 11.0, "tree_number": 0.0 }, "geometry": { "type": "MultiPolygon", "coordinates": [ [ [ [ 1263093.896874761208892, 5541769.404702704399824 ], [ 1263193.896874761208892, 5541769.404702704399824 ], [ 1263193.896874761208892, 5541669.404702704399824 ], [ 1263093.896874761208892, 5541669.404702704399824 ], [ 1263093.896874761208892, 5541769.404702704399824 ] ] ] ] } },
{ "type": "Feature", "properties": { "id": 796, "left": 1263093.8968747612, "top": 5541669.4047027044, "right": 1263193.8968747612, "bottom": 5541569.4047027044, "row_index": 25, "col_index": 22, "green_area": 244.73492150154198, "green_pc": 2.4473492150117728, "buildings_area": 7405.5219899786171, "buildings_pc": 74.055219899675819, "road_area": 1033.8393008969724, "road_pc": 10.338393008954318, "free_space_area": 1323.7683105276665, "free_space_pc": 13.23768310525694, "railways_area": 0.0, "railways_pc": 0.0, "free_space_number": 18.0, "tree_number": 0.0 }, "geometry": { "type": "MultiPolygon", "coordinates": [ [ [ [ 1263093.896874761208892, 5541669.404702704399824 ], [ 1263193.896874761208892, 5541669.404702704399824 ], [ 1263193.896874761208892, 5541569.404702704399824 ], [ 1263093.896874761208892, 5541569.404702704399824 ], [ 1263093.896874761208892, 5541669.404702704399824 ] ] ] ] } },
{ "type": "Feature", "properties": { "id": 797, "left": 1263093.8968747612, "top": 5541569.4047027044, "right": 1263193.8968747612, "bottom": 5541469.4047027044, "row_index": 26, "col_index": 22, "green_area": 2.0663532461039722, "green_pc": 0.020663532461008931, "buildings_area": 6645.442273998633, "buildings_pc": 66.454422739887306, "road_area": 946.86483545601368, "road_pc": 9.468648354546028, "free_space_area": 2405.778125365061, "free_space_pc": 24.05778125361476, "railways_area": 0.0, "railways_pc": 0.0, "free_space_number": 14.0, "tree_number": 0.0 }, "geometry": { "type": "MultiPolygon", "coordinates": [ [ [ [ 1263093.896874761208892, 5541569.404702704399824 ], [ 1263193.896874761208892, 5541569.404702704399824 ], [ 1263193.896874761208892, 5541469.404702704399824 ], [ 1263093.896874761208892, 5541469.404702704399824 ], [ 1263093.896874761208892, 5541569.404702704399824 ] ] ] ] } },
{ "type": "Feature", "properties": { "id": 798, "left": 1263093.8968747612, "top": 5541469.4047027044, "right": 1263193.8968747612, "bottom": 5541369.4047027044, "row_index": 27, "col_index": 22, "green_area": 558.41849597170949, "green_pc": 5.5841849597087734, "buildings_area": 6370.1207014489919, "buildings_pc": 63.701207014394996, "road_area": 1469.0301355868578, "road_pc": 14.690301355846687, "free_space_area": 1606.2429915253379, "free_space_pc": 16.062429915229444, "railways_area": 0.0, "railways_pc": 0.0, "free_space_number": 11.0, "tree_number": 0.0 }, "geometry": { "type": "MultiPolygon", "coordinates": [ [ [ [ 1263093.896874761208892, 5541469.404702704399824 ], [ 1263193.896874761208892, 5541469.404702704399824 ], [ 1263193.896874761208892, 5541369.404702704399824 ], [ 1263093.896874761208892, 5541369.404702704399824 ], [ 1263093.896874761208892, 5541469.404702704399824 ] ] ] ] } },
{ "type": "Feature", "properties": { "id": 799, "left": 1263093.8968747612, "top": 5541369.4047027044, "right": 1263193.8968747612, "bottom": 5541269.4047027044, "row_index": 28, "col_index": 22, "green_area": 1148.7012031823397, "green_pc": 11.48701203180628, "buildings_area": 5453.1722445234773, "buildings_pc": 54.531722445153513, "road_area": 834.40549527108669, "road_pc": 8.3440549526984338, "free_space_area": 2568.3968267319242, "free_space_pc": 25.683968267280967, "railways_area": 0.0, "railways_pc": 0.0, "free_space_number": 14.0, "tree_number": 0.0 }, "geometry": { "type": "MultiPolygon", "coordinates": [ [ [ [ 1263093.896874761208892, 5541369.404702704399824 ], [ 1263193.896874761208892, 5541369.404702704399824 ], [ 1263193.896874761208892, 5541269.404702704399824 ], [ 1263093.896874761208892, 5541269.404702704399824 ], [ 1263093.896874761208892, 5541369.404702704399824 ] ] ] ] } },
{ "type": "Feature", "properties": { "id": 800, "left": 1263093.8968747612, "top": 5541269.4047027044, "right": 1263193.8968747612, "bottom": 5541169.4047027044, "row_index": 29, "col_index": 22, "green_area": 572.88278055051342, "green_pc": 5.7288278054965973, "buildings_area": 5981.6581077910378, "buildings_pc": 59.816581077821247, "road_area": 422.14185866713524, "road_pc": 4.2214185866650622, "free_space_area": 3025.0066510902252, "free_space_pc": 30.250066510857177, "railways_area": 0.0, "railways_pc": 0.0, "free_space_number": 11.0, "tree_number": 0.0 }, "geometry": { "type": "MultiPolygon", "coordinates": [ [ [ [ 1263093.896874761208892, 5541269.404702704399824 ], [ 1263193.896874761208892, 5541269.404702704399824 ], [ 1263193.896874761208892, 5541169.404702704399824 ], [ 1263093.896874761208892, 5541169.404702704399824 ], [ 1263093.896874761208892, 5541269.404702704399824 ] ] ] ] } },
{ "type": "Feature", "properties": { "id": 801, "left": 1263093.8968747612, "top": 5541169.4047027044, "right": 1263193.8968747612, "bottom": 5541069.4047027044, "row_index": 30, "col_index": 22, "green_area": 1875.3605166245252, "green_pc": 18.753605166217305, "buildings_area": 5199.7999490017537, "buildings_pc": 51.997999489940057, "road_area": 1073.5764095187187, "road_pc": 10.73576409517119, "free_space_area": 1853.7172999291615, "free_space_pc": 18.537172999263994, "railways_area": 0.0, "railways_pc": 0.0, "free_space_number": 25.0, "tree_number": 0.0 }, "geometry": { "type": "MultiPolygon", "coordinates": [ [ [ [ 1263093.896874761208892, 5541169.404702704399824 ], [ 1263193.896874761208892, 5541169.404702704399824 ], [ 1263193.896874761208892, 5541069.404702704399824 ], [ 1263093.896874761208892, 5541069.404702704399824 ], [ 1263093.896874761208892, 5541169.404702704399824 ] ] ] ] } },
{ "type": "Feature", "properties": { "id": 802, "left": 1263093.8968747612, "top": 5541069.4047027044, "right": 1263193.8968747612, "bottom": 5540969.4047027044, "row_index": 31, "col_index": 22, "green_area": 1387.1931479580235, "green_pc": 13.871931479559564, "buildings_area": 5344.7361377819907, "buildings_pc": 53.447361377740265, "road_area": 913.25393203273416, "road_pc": 9.1325393203137324, "free_space_area": 2355.5033970858067, "free_space_pc": 23.555033970822965, "railways_area": 0.0, "railways_pc": 0.0, "free_space_number": 13.0, "tree_number": 0.0 }, "geometry": { "type": "MultiPolygon", "coordinates": [ [ [ [ 1263093.896874761208892, 5541069.404702704399824 ], [ 1263193.896874761208892, 5541069.404702704399824 ], [ 1263193.896874761208892, 5540969.404702704399824 ], [ 1263093.896874761208892, 5540969.404702704399824 ], [ 1263093.896874761208892, 5541069.404702704399824 ] ] ] ] } },
{ "type": "Feature", "properties": { "id": 803, "left": 1263093.8968747612, "top": 5540969.4047027044, "right": 1263193.8968747612, "bottom": 5540869.4047027044, "row_index": 32, "col_index": 22, "green_area": 714.2659978333395, "green_pc": 8.6324549926015894, "buildings_area": 1533.6372822094709, "buildings_pc": 18.535188366530871, "road_area": 2279.2044212985784, "road_pc": 27.545941771666623, "free_space_area": 1412.6685175634921, "free_space_pc": 17.073187628031931, "railways_area": 0.0, "railways_pc": 0.0, "free_space_number": 4.0, "tree_number": 13.0 }, "geometry": { "type": "MultiPolygon", "coordinates": [ [ [ [ 1263192.753025360871106, 5540882.456227996386588 ], [ 1263171.992590161506087, 5540881.293090052902699 ], [ 1263093.896874761208892, 5540894.704681377857924 ], [ 1263093.896874761208892, 5540969.404702704399824 ], [ 1263193.896874761208892, 5540969.404702704399824 ], [ 1263193.896874761208892, 5540882.229182749055326 ], [ 1263192.753025360871106, 5540882.456227996386588 ] ] ] ] } },
{ "type": "Feature", "properties": { "id": 807, "left": 1263193.8968747612, "top": 5544069.4047027044, "right": 1263293.8968747612, "bottom": 5543969.4047027044, "row_index": 1, "col_index": 23, "green_area": 0.0, "green_pc": 0.0, "buildings_area": 741.27636644244194, "buildings_pc": 32.764997353781716, "road_area": 0.0, "road_pc": 0.0, "free_space_area": 0.0, "free_space_pc": 0.0, "railways_area": 1521.1268878877163, "railways_pc": 67.235002642266423, "free_space_number": 0.0, "tree_number": 0.0 }, "geometry": { "type": "MultiPolygon", "coordinates": [ [ [ [ 1263226.64846890908666, 5543996.575339118950069 ], [ 1263257.484608313301578, 5543988.588404485024512 ], [ 1263286.601180448196828, 5543981.047236083075404 ], [ 1263293.896874761208892, 5543979.054735113866627 ], [ 1263293.896874761208892, 5543969.404702704399824 ], [ 1263193.896874761208892, 5543969.404702704399824 ], [ 1263193.896874761208892, 5544004.598032883368433 ], [ 1263226.64846890908666, 5543996.575339118950069 ] ] ] ] } },
{ "type": "Feature", "properties": { "id": 808, "left": 1263193.8968747612, "top": 5543969.4047027044, "right": 1263293.8968747612, "bottom": 5543869.4047027044, "row_index": 2, "col_index": 23, "green_area": 15.360391667578369, "green_pc": 0.15360391667555481, "buildings_area": 2103.4592109853402, "buildings_pc": 21.034592109822057, "road_area": 2339.5618964713067, "road_pc": 23.395618964678203, "free_space_area": 1884.702457574743, "free_space_pc": 18.847024575719345, "railways_area": 3656.9816532284021, "railways_pc": 36.569816532229531, "free_space_number": 6.0, "tree_number": 0.0 }, "geometry": { "type": "MultiPolygon", "coordinates": [ [ [ [ 1263193.896874761208892, 5543969.404702704399824 ], [ 1263293.896874761208892, 5543969.404702704399824 ], [ 1263293.896874761208892, 5543869.404702704399824 ], [ 1263193.896874761208892, 5543869.404702704399824 ], [ 1263193.896874761208892, 5543969.404702704399824 ] ] ] ] } },
{ "type": "Feature", "properties": { "id": 809, "left": 1263193.8968747612, "top": 5543869.4047027044, "right": 1263293.8968747612, "bottom": 5543769.4047027044, "row_index": 3, "col_index": 23, "green_area": 603.39980902196839, "green_pc": 6.0339980902106927, "buildings_area": 3870.7294755745679, "buildings_pc": 38.707294755688004, "road_area": 4078.6127643529326, "road_pc": 40.786127643468546, "free_space_area": 1447.2595660017096, "free_space_pc": 14.47259565999553, "railways_area": 0.0, "railways_pc": 0.0, "free_space_number": 9.0, "tree_number": 0.0 }, "geometry": { "type": "MultiPolygon", "coordinates": [ [ [ [ 1263193.896874761208892, 5543869.404702704399824 ], [ 1263293.896874761208892, 5543869.404702704399824 ], [ 1263293.896874761208892, 5543769.404702704399824 ], [ 1263193.896874761208892, 5543769.404702704399824 ], [ 1263193.896874761208892, 5543869.404702704399824 ] ] ] ] } },
{ "type": "Feature", "properties": { "id": 810, "left": 1263193.8968747612, "top": 5543769.4047027044, "right": 1263293.8968747612, "bottom": 5543669.4047027044, "row_index": 4, "col_index": 23, "green_area": 2363.5546044362709, "green_pc": 23.635546044327491, "buildings_area": 3644.6047143740579, "buildings_pc": 36.446047143686272, "road_area": 98.750491559505463, "road_pc": 0.98750491559358311, "free_space_area": 3948.6198337133974, "free_space_pc": 39.486198337075137, "railways_area": 0.0, "railways_pc": 0.0, "free_space_number": 2.0, "tree_number": 0.0 }, "geometry": { "type": "MultiPolygon", "coordinates": [ [ [ [ 1263193.896874761208892, 5543769.404702704399824 ], [ 1263293.896874761208892, 5543769.404702704399824 ], [ 1263293.896874761208892, 5543669.404702704399824 ], [ 1263193.896874761208892, 5543669.404702704399824 ], [ 1263193.896874761208892, 5543769.404702704399824 ] ] ] ] } },
{ "type": "Feature", "properties": { "id": 811, "left": 1263193.8968747612, "top": 5543669.4047027044, "right": 1263293.8968747612, "bottom": 5543569.4047027044, "row_index": 5, "col_index": 23, "green_area": 10000.0, "green_pc": 99.999999999850985, "buildings_area": 0.0, "buildings_pc": 0.0, "road_area": 0.0, "road_pc": 0.0, "free_space_area": 0.0, "free_space_pc": 0.0, "railways_area": 0.0, "railways_pc": 0.0, "free_space_number": 0.0, "tree_number": 0.0 }, "geometry": { "type": "MultiPolygon", "coordinates": [ [ [ [ 1263193.896874761208892, 5543669.404702704399824 ], [ 1263293.896874761208892, 5543669.404702704399824 ], [ 1263293.896874761208892, 5543569.404702704399824 ], [ 1263193.896874761208892, 5543569.404702704399824 ], [ 1263193.896874761208892, 5543669.404702704399824 ] ] ] ] } },
{ "type": "Feature", "properties": { "id": 812, "left": 1263193.8968747612, "top": 5543569.4047027044, "right": 1263293.8968747612, "bottom": 5543469.4047027044, "row_index": 6, "col_index": 23, "green_area": 8163.610352396965, "green_pc": 81.636103523848007, "buildings_area": 242.99814849486575, "buildings_pc": 2.4299814849450363, "road_area": 685.17955439258367, "road_pc": 6.8517955439156264, "free_space_area": 908.21194207947701, "free_space_pc": 9.0821194207812361, "railways_area": 0.0, "railways_pc": 0.0, "free_space_number": 3.0, "tree_number": 0.0 }, "geometry": { "type": "MultiPolygon", "coordinates": [ [ [ [ 1263193.896874761208892, 5543569.404702704399824 ], [ 1263293.896874761208892, 5543569.404702704399824 ], [ 1263293.896874761208892, 5543469.404702704399824 ], [ 1263193.896874761208892, 5543469.404702704399824 ], [ 1263193.896874761208892, 5543569.404702704399824 ] ] ] ] } },
{ "type": "Feature", "properties": { "id": 813, "left": 1263193.8968747612, "top": 5543469.4047027044, "right": 1263293.8968747612, "bottom": 5543369.4047027044, "row_index": 7, "col_index": 23, "green_area": 3546.9721207590774, "green_pc": 35.469721207537923, "buildings_area": 4165.8174457401037, "buildings_pc": 41.658174457338959, "road_area": 1237.6968583278358, "road_pc": 12.376968583259915, "free_space_area": 1170.5886037813507, "free_space_pc": 11.705886037796065, "railways_area": 0.0, "railways_pc": 0.0, "free_space_number": 11.0, "tree_number": 0.0 }, "geometry": { "type": "MultiPolygon", "coordinates": [ [ [ [ 1263193.896874761208892, 5543469.404702704399824 ], [ 1263293.896874761208892, 5543469.404702704399824 ], [ 1263293.896874761208892, 5543369.404702704399824 ], [ 1263193.896874761208892, 5543369.404702704399824 ], [ 1263193.896874761208892, 5543469.404702704399824 ] ] ] ] } },
{ "type": "Feature", "properties": { "id": 814, "left": 1263193.8968747612, "top": 5543369.4047027044, "right": 1263293.8968747612, "bottom": 5543269.4047027044, "row_index": 8, "col_index": 23, "green_area": 845.46422956045717, "green_pc": 8.4546422955919738, "buildings_area": 5181.1651355773211, "buildings_pc": 51.811651355696007, "road_area": 2614.6976047232747, "road_pc": 26.146976047193785, "free_space_area": 1398.9300357904685, "free_space_pc": 13.989300357883842, "railways_area": 0.0, "railways_pc": 0.0, "free_space_number": 6.0, "tree_number": 0.0 }, "geometry": { "type": "MultiPolygon", "coordinates": [ [ [ [ 1263193.896874761208892, 5543369.404702704399824 ], [ 1263293.896874761208892, 5543369.404702704399824 ], [ 1263293.896874761208892, 5543269.404702704399824 ], [ 1263193.896874761208892, 5543269.404702704399824 ], [ 1263193.896874761208892, 5543369.404702704399824 ] ] ] ] } },
{ "type": "Feature", "properties": { "id": 815, "left": 1263193.8968747612, "top": 5543269.4047027044, "right": 1263293.8968747612, "bottom": 5543169.4047027044, "row_index": 9, "col_index": 23, "green_area": 60.318841932341456, "green_pc": 0.60318841932251577, "buildings_area": 4827.3949412629008, "buildings_pc": 48.273949412557073, "road_area": 4152.6267886627465, "road_pc": 41.526267886565584, "free_space_area": 961.09999465040187, "free_space_pc": 9.6109999464896987, "railways_area": 0.0, "railways_pc": 0.0, "free_space_number": 6.0, "tree_number": 0.0 }, "geometry": { "type": "MultiPolygon", "coordinates": [ [ [ [ 1263193.896874761208892, 5543269.404702704399824 ], [ 1263293.896874761208892, 5543269.404702704399824 ], [ 1263293.896874761208892, 5543169.404702704399824 ], [ 1263193.896874761208892, 5543169.404702704399824 ], [ 1263193.896874761208892, 5543269.404702704399824 ] ] ] ] } },
{ "type": "Feature", "properties": { "id": 816, "left": 1263193.8968747612, "top": 5543169.4047027044, "right": 1263293.8968747612, "bottom": 5543069.4047027044, "row_index": 10, "col_index": 23, "green_area": 1709.7124641193077, "green_pc": 17.0971246411676, "buildings_area": 5055.5519182584248, "buildings_pc": 50.555519182508917, "road_area": 1005.413473252207, "road_pc": 10.054134732507089, "free_space_area": 2239.3488064010744, "free_space_pc": 22.393488063977376, "railways_area": 0.0, "railways_pc": 0.0, "free_space_number": 13.0, "tree_number": 0.0 }, "geometry": { "type": "MultiPolygon", "coordinates": [ [ [ [ 1263193.896874761208892, 5543169.404702704399824 ], [ 1263293.896874761208892, 5543169.404702704399824 ], [ 1263293.896874761208892, 5543069.404702704399824 ], [ 1263193.896874761208892, 5543069.404702704399824 ], [ 1263193.896874761208892, 5543169.404702704399824 ] ] ] ] } },
{ "type": "Feature", "properties": { "id": 817, "left": 1263193.8968747612, "top": 5543069.4047027044, "right": 1263293.8968747612, "bottom": 5542969.4047027044, "row_index": 11, "col_index": 23, "green_area": 1072.7699346914887, "green_pc": 10.727699346898902, "buildings_area": 5321.590012120083, "buildings_pc": 53.215900121121528, "road_area": 411.65386190451682, "road_pc": 4.1165386190390336, "free_space_area": 3197.9336966183037, "free_space_pc": 31.979336966135385, "railways_area": 0.0, "railways_pc": 0.0, "free_space_number": 21.0, "tree_number": 0.0 }, "geometry": { "type": "MultiPolygon", "coordinates": [ [ [ [ 1263193.896874761208892, 5543069.404702704399824 ], [ 1263293.896874761208892, 5543069.404702704399824 ], [ 1263293.896874761208892, 5542969.404702704399824 ], [ 1263193.896874761208892, 5542969.404702704399824 ], [ 1263193.896874761208892, 5543069.404702704399824 ] ] ] ] } },
{ "type": "Feature", "properties": { "id": 818, "left": 1263193.8968747612, "top": 5542969.4047027044, "right": 1263293.8968747612, "bottom": 5542869.4047027044, "row_index": 12, "col_index": 23, "green_area": 723.61922845966183, "green_pc": 7.2361922845858357, "buildings_area": 6537.5323373092688, "buildings_pc": 65.375323372995268, "road_area": 1116.213586255908, "road_pc": 11.162135862542447, "free_space_area": 1627.0138875625294, "free_space_pc": 16.270138875601049, "railways_area": 0.0, "railways_pc": 0.0, "free_space_number": 20.0, "tree_number": 0.0 }, "geometry": { "type": "MultiPolygon", "coordinates": [ [ [ [ 1263193.896874761208892, 5542969.404702704399824 ], [ 1263293.896874761208892, 5542969.404702704399824 ], [ 1263293.896874761208892, 5542869.404702704399824 ], [ 1263193.896874761208892, 5542869.404702704399824 ], [ 1263193.896874761208892, 5542969.404702704399824 ] ] ] ] } },
{ "type": "Feature", "properties": { "id": 819, "left": 1263193.8968747612, "top": 5542869.4047027044, "right": 1263293.8968747612, "bottom": 5542769.4047027044, "row_index": 13, "col_index": 23, "green_area": 388.2408190020069, "green_pc": 3.8824081900142837, "buildings_area": 6170.6732768802904, "buildings_pc": 61.706732768710957, "road_area": 2415.450413428247, "road_pc": 24.154504134246476, "free_space_area": 1026.7285867890928, "free_space_pc": 10.267285867875628, "railways_area": 0.0, "railways_pc": 0.0, "free_space_number": 15.0, "tree_number": 0.0 }, "geometry": { "type": "MultiPolygon", "coordinates": [ [ [ [ 1263193.896874761208892, 5542869.404702704399824 ], [ 1263293.896874761208892, 5542869.404702704399824 ], [ 1263293.896874761208892, 5542769.404702704399824 ], [ 1263193.896874761208892, 5542769.404702704399824 ], [ 1263193.896874761208892, 5542869.404702704399824 ] ] ] ] } },
{ "type": "Feature", "properties": { "id": 820, "left": 1263193.8968747612, "top": 5542769.4047027044, "right": 1263293.8968747612, "bottom": 5542669.4047027044, "row_index": 14, "col_index": 23, "green_area": 46.850580386817455, "green_pc": 0.46850580386747642, "buildings_area": 6650.9567212038673, "buildings_pc": 66.509567211939569, "road_area": 2246.2771123796701, "road_pc": 22.462771123763229, "free_space_area": 1057.9168916867611, "free_space_pc": 10.579168916851847, "railways_area": 0.0, "railways_pc": 0.0, "free_space_number": 19.0, "tree_number": 0.0 }, "geometry": { "type": "MultiPolygon", "coordinates": [ [ [ [ 1263193.896874761208892, 5542769.404702704399824 ], [ 1263293.896874761208892, 5542769.404702704399824 ], [ 1263293.896874761208892, 5542669.404702704399824 ], [ 1263193.896874761208892, 5542669.404702704399824 ], [ 1263193.896874761208892, 5542769.404702704399824 ] ] ] ] } },
{ "type": "Feature", "properties": { "id": 821, "left": 1263193.8968747612, "top": 5542669.4047027044, "right": 1263293.8968747612, "bottom": 5542569.4047027044, "row_index": 15, "col_index": 23, "green_area": 38.970340009778738, "green_pc": 0.38970340009720666, "buildings_area": 7642.0798889000434, "buildings_pc": 76.420798888886551, "road_area": 1091.9475333523005, "road_pc": 10.919475333506734, "free_space_area": 1227.2668927862339, "free_space_pc": 12.272668927844052, "railways_area": 0.0, "railways_pc": 0.0, "free_space_number": 23.0, "tree_number": 0.0 }, "geometry": { "type": "MultiPolygon", "coordinates": [ [ [ [ 1263193.896874761208892, 5542669.404702704399824 ], [ 1263293.896874761208892, 5542669.404702704399824 ], [ 1263293.896874761208892, 5542569.404702704399824 ], [ 1263193.896874761208892, 5542569.404702704399824 ], [ 1263193.896874761208892, 5542669.404702704399824 ] ] ] ] } },
{ "type": "Feature", "properties": { "id": 822, "left": 1263193.8968747612, "top": 5542569.4047027044, "right": 1263293.8968747612, "bottom": 5542469.4047027044, "row_index": 16, "col_index": 23, "green_area": 0.0, "green_pc": 0.0, "buildings_area": 6668.0716277323663, "buildings_pc": 66.680716277224306, "road_area": 1409.380484983325, "road_pc": 14.093804849812249, "free_space_area": 1922.5478874191176, "free_space_pc": 19.225478874162526, "railways_area": 0.0, "railways_pc": 0.0, "free_space_number": 15.0, "tree_number": 0.0 }, "geometry": { "type": "MultiPolygon", "coordinates": [ [ [ [ 1263193.896874761208892, 5542569.404702704399824 ], [ 1263293.896874761208892, 5542569.404702704399824 ], [ 1263293.896874761208892, 5542469.404702704399824 ], [ 1263193.896874761208892, 5542469.404702704399824 ], [ 1263193.896874761208892, 5542569.404702704399824 ] ] ] ] } },
{ "type": "Feature", "properties": { "id": 823, "left": 1263193.8968747612, "top": 5542469.4047027044, "right": 1263293.8968747612, "bottom": 5542369.4047027044, "row_index": 17, "col_index": 23, "green_area": 0.0, "green_pc": 0.0, "buildings_area": 6781.4209846695885, "buildings_pc": 67.814209846594835, "road_area": 2092.4919183859602, "road_pc": 20.924919183828422, "free_space_area": 1126.133791170083, "free_space_pc": 11.261337911684048, "railways_area": 0.0, "railways_pc": 0.0, "free_space_number": 8.0, "tree_number": 0.0 }, "geometry": { "type": "MultiPolygon", "coordinates": [ [ [ [ 1263193.896874761208892, 5542469.404702704399824 ], [ 1263293.896874761208892, 5542469.404702704399824 ], [ 1263293.896874761208892, 5542369.404702704399824 ], [ 1263193.896874761208892, 5542369.404702704399824 ], [ 1263193.896874761208892, 5542469.404702704399824 ] ] ] ] } },
{ "type": "Feature", "properties": { "id": 824, "left": 1263193.8968747612, "top": 5542369.4047027044, "right": 1263293.8968747612, "bottom": 5542269.4047027044, "row_index": 18, "col_index": 23, "green_area": 0.0, "green_pc": 0.0, "buildings_area": 7752.4547228685115, "buildings_pc": 77.524547228569588, "road_area": 982.23966282606125, "road_pc": 9.8223966282459756, "free_space_area": 1265.3074654258758, "free_space_pc": 12.653074654239903, "railways_area": 0.0, "railways_pc": 0.0, "free_space_number": 19.0, "tree_number": 0.0 }, "geometry": { "type": "MultiPolygon", "coordinates": [ [ [ [ 1263193.896874761208892, 5542369.404702704399824 ], [ 1263293.896874761208892, 5542369.404702704399824 ], [ 1263293.896874761208892, 5542269.404702704399824 ], [ 1263193.896874761208892, 5542269.404702704399824 ], [ 1263193.896874761208892, 5542369.404702704399824 ] ] ] ] } },
{ "type": "Feature", "properties": { "id": 825, "left": 1263193.8968747612, "top": 5542269.4047027044, "right": 1263293.8968747612, "bottom": 5542169.4047027044, "row_index": 19, "col_index": 23, "green_area": 0.0, "green_pc": 0.0, "buildings_area": 7628.7790732067078, "buildings_pc": 76.287790731953407, "road_area": 1512.3209670255892, "road_pc": 15.123209670233356, "free_space_area": 859.24791113701713, "free_space_pc": 8.5924791113573669, "railways_area": 0.0, "railways_pc": 0.0, "free_space_number": 12.0, "tree_number": 0.0 }, "geometry": { "type": "MultiPolygon", "coordinates": [ [ [ [ 1263193.896874761208892, 5542269.404702704399824 ], [ 1263293.896874761208892, 5542269.404702704399824 ], [ 1263293.896874761208892, 5542169.404702704399824 ], [ 1263193.896874761208892, 5542169.404702704399824 ], [ 1263193.896874761208892, 5542269.404702704399824 ] ] ] ] } },
{ "type": "Feature", "properties": { "id": 826, "left": 1263193.8968747612, "top": 5542169.4047027044, "right": 1263293.8968747612, "bottom": 5542069.4047027044, "row_index": 20, "col_index": 23, "green_area": 268.20838552108034, "green_pc": 2.6820838552068067, "buildings_area": 7287.7180556803942, "buildings_pc": 72.87718055669535, "road_area": 1817.0763235017657, "road_pc": 18.170763234990581, "free_space_area": 638.29827032028084, "free_space_pc": 6.3829827031932975, "railways_area": 0.0, "railways_pc": 0.0, "free_space_number": 19.0, "tree_number": 0.0 }, "geometry": { "type": "MultiPolygon", "coordinates": [ [ [ [ 1263193.896874761208892, 5542169.404702704399824 ], [ 1263293.896874761208892, 5542169.404702704399824 ], [ 1263293.896874761208892, 5542069.404702704399824 ], [ 1263193.896874761208892, 5542069.404702704399824 ], [ 1263193.896874761208892, 5542169.404702704399824 ] ] ] ] } },
{ "type": "Feature", "properties": { "id": 827, "left": 1263193.8968747612, "top": 5542069.4047027044, "right": 1263293.8968747612, "bottom": 5541969.4047027044, "row_index": 21, "col_index": 23, "green_area": 159.87444441389198, "green_pc": 1.5987444441365375, "buildings_area": 6882.300992568722, "buildings_pc": 68.823009925584671, "road_area": 1475.090103152208, "road_pc": 14.750901031500099, "free_space_area": 1402.8706475720574, "free_space_pc": 14.028706475699668, "railways_area": 0.0, "railways_pc": 0.0, "free_space_number": 15.0, "tree_number": 0.0 }, "geometry": { "type": "MultiPolygon", "coordinates": [ [ [ [ 1263193.896874761208892, 5542069.404702704399824 ], [ 1263293.896874761208892, 5542069.404702704399824 ], [ 1263293.896874761208892, 5541969.404702704399824 ], [ 1263193.896874761208892, 5541969.404702704399824 ], [ 1263193.896874761208892, 5542069.404702704399824 ] ] ] ] } },
{ "type": "Feature", "properties": { "id": 828, "left": 1263193.8968747612, "top": 5541969.4047027044, "right": 1263293.8968747612, "bottom": 5541869.4047027044, "row_index": 22, "col_index": 23, "green_area": 0.0, "green_pc": 0.0, "buildings_area": 5802.5541015798226, "buildings_pc": 58.025541015711759, "road_area": 601.0512084402144, "road_pc": 6.0105120843931878, "free_space_area": 969.45093015423549, "free_space_pc": 9.6945093015279102, "railways_area": 0.0, "railways_pc": 0.0, "free_space_number": 13.0, "tree_number": 0.0 }, "geometry": { "type": "MultiPolygon", "coordinates": [ [ [ [ 1263193.896874761208892, 5541969.404702704399824 ], [ 1263293.896874761208892, 5541969.404702704399824 ], [ 1263293.896874761208892, 5541869.404702704399824 ], [ 1263193.896874761208892, 5541869.404702704399824 ], [ 1263193.896874761208892, 5541969.404702704399824 ] ] ] ] } },
{ "type": "Feature", "properties": { "id": 829, "left": 1263193.8968747612, "top": 5541869.4047027044, "right": 1263293.8968747612, "bottom": 5541769.4047027044, "row_index": 23, "col_index": 23, "green_area": 8.9477180242538452, "green_pc": 0.089477180242405127, "buildings_area": 7023.9191070022061, "buildings_pc": 70.239191069917396, "road_area": 1692.4245945699513, "road_pc": 16.924245945674294, "free_space_area": 1276.3542302940957, "free_space_pc": 12.763542302921939, "railways_area": 0.0, "railways_pc": 0.0, "free_space_number": 16.0, "tree_number": 0.0 }, "geometry": { "type": "MultiPolygon", "coordinates": [ [ [ [ 1263193.896874761208892, 5541869.404702704399824 ], [ 1263293.896874761208892, 5541869.404702704399824 ], [ 1263293.896874761208892, 5541769.404702704399824 ], [ 1263193.896874761208892, 5541769.404702704399824 ], [ 1263193.896874761208892, 5541869.404702704399824 ] ] ] ] } },
{ "type": "Feature", "properties": { "id": 830, "left": 1263193.8968747612, "top": 5541769.4047027044, "right": 1263293.8968747612, "bottom": 5541669.4047027044, "row_index": 24, "col_index": 23, "green_area": 92.719117792323232, "green_pc": 0.92719117792185068, "buildings_area": 5341.1204250808805, "buildings_pc": 53.411204250729213, "road_area": 2417.3406594619155, "road_pc": 24.173406594583135, "free_space_area": 2149.7654950961296, "free_space_pc": 21.497654950929263, "railways_area": 0.0, "railways_pc": 0.0, "free_space_number": 13.0, "tree_number": 0.0 }, "geometry": { "type": "MultiPolygon", "coordinates": [ [ [ [ 1263193.896874761208892, 5541769.404702704399824 ], [ 1263293.896874761208892, 5541769.404702704399824 ], [ 1263293.896874761208892, 5541669.404702704399824 ], [ 1263193.896874761208892, 5541669.404702704399824 ], [ 1263193.896874761208892, 5541769.404702704399824 ] ] ] ] } },
{ "type": "Feature", "properties": { "id": 831, "left": 1263193.8968747612, "top": 5541669.4047027044, "right": 1263293.8968747612, "bottom": 5541569.4047027044, "row_index": 25, "col_index": 23, "green_area": 697.51349603012204, "green_pc": 6.975134960290827, "buildings_area": 6677.558136206062, "buildings_pc": 66.775581361961116, "road_area": 586.74631654843688, "road_pc": 5.867463165475626, "free_space_area": 2042.433746356518, "free_space_pc": 20.424337463534744, "railways_area": 0.0, "railways_pc": 0.0, "free_space_number": 19.0, "tree_number": 0.0 }, "geometry": { "type": "MultiPolygon", "coordinates": [ [ [ [ 1263193.896874761208892, 5541669.404702704399824 ], [ 1263293.896874761208892, 5541669.404702704399824 ], [ 1263293.896874761208892, 5541569.404702704399824 ], [ 1263193.896874761208892, 5541569.404702704399824 ], [ 1263193.896874761208892, 5541669.404702704399824 ] ] ] ] } },
{ "type": "Feature", "properties": { "id": 832, "left": 1263193.8968747612, "top": 5541569.4047027044, "right": 1263293.8968747612, "bottom": 5541469.4047027044, "row_index": 26, "col_index": 23, "green_area": 291.19370135292411, "green_pc": 2.9119370135249021, "buildings_area": 7873.9464907497168, "buildings_pc": 78.73946490737984, "road_area": 0.0, "road_pc": 0.0, "free_space_area": 1834.9799828620162, "free_space_pc": 18.349799828592818, "railways_area": 0.0, "railways_pc": 0.0, "free_space_number": 10.0, "tree_number": 0.0 }, "geometry": { "type": "MultiPolygon", "coordinates": [ [ [ [ 1263193.896874761208892, 5541569.404702704399824 ], [ 1263293.896874761208892, 5541569.404702704399824 ], [ 1263293.896874761208892, 5541469.404702704399824 ], [ 1263193.896874761208892, 5541469.404702704399824 ], [ 1263193.896874761208892, 5541569.404702704399824 ] ] ] ] } },
{ "type": "Feature", "properties": { "id": 833, "left": 1263193.8968747612, "top": 5541469.4047027044, "right": 1263293.8968747612, "bottom": 5541369.4047027044, "row_index": 27, "col_index": 23, "green_area": 0.0, "green_pc": 0.0, "buildings_area": 7022.6951831281185, "buildings_pc": 70.226951831176535, "road_area": 1522.8710880158469, "road_pc": 15.228710880135777, "free_space_area": 1454.5834394178573, "free_space_pc": 14.5458343941569, "railways_area": 0.0, "railways_pc": 0.0, "free_space_number": 8.0, "tree_number": 0.0 }, "geometry": { "type": "MultiPolygon", "coordinates": [ [ [ [ 1263193.896874761208892, 5541469.404702704399824 ], [ 1263293.896874761208892, 5541469.404702704399824 ], [ 1263293.896874761208892, 5541369.404702704399824 ], [ 1263193.896874761208892, 5541369.404702704399824 ], [ 1263193.896874761208892, 5541469.404702704399824 ] ] ] ] } },
{ "type": "Feature", "properties": { "id": 834, "left": 1263193.8968747612, "top": 5541369.4047027044, "right": 1263293.8968747612, "bottom": 5541269.4047027044, "row_index": 28, "col_index": 23, "green_area": 668.57972968742251, "green_pc": 6.6857972968642629, "buildings_area": 6191.1842892356217, "buildings_pc": 61.911842892263962, "road_area": 2304.4272081144154, "road_pc": 23.044272081109817, "free_space_area": 841.60821595319612, "free_space_pc": 8.4160821595194193, "railways_area": 0.0, "railways_pc": 0.0, "free_space_number": 22.0, "tree_number": 0.0 }, "geometry": { "type": "MultiPolygon", "coordinates": [ [ [ [ 1263193.896874761208892, 5541369.404702704399824 ], [ 1263293.896874761208892, 5541369.404702704399824 ], [ 1263293.896874761208892, 5541269.404702704399824 ], [ 1263193.896874761208892, 5541269.404702704399824 ], [ 1263193.896874761208892, 5541369.404702704399824 ] ] ] ] } },
{ "type": "Feature", "properties": { "id": 835, "left": 1263193.8968747612, "top": 5541269.4047027044, "right": 1263293.8968747612, "bottom": 5541169.4047027044, "row_index": 29, "col_index": 23, "green_area": 585.19038697332144, "green_pc": 5.8519038697244943, "buildings_area": 6285.8551994222798, "buildings_pc": 62.85855199412913, "road_area": 1472.7516482919455, "road_pc": 14.727516482897508, "free_space_area": 1731.6944407789106, "free_space_pc": 17.316944407763302, "railways_area": 0.0, "railways_pc": 0.0, "free_space_number": 18.0, "tree_number": 0.0 }, "geometry": { "type": "MultiPolygon", "coordinates": [ [ [ [ 1263193.896874761208892, 5541269.404702704399824 ], [ 1263293.896874761208892, 5541269.404702704399824 ], [ 1263293.896874761208892, 5541169.404702704399824 ], [ 1263193.896874761208892, 5541169.404702704399824 ], [ 1263193.896874761208892, 5541269.404702704399824 ] ] ] ] } },
{ "type": "Feature", "properties": { "id": 836, "left": 1263193.8968747612, "top": 5541169.4047027044, "right": 1263293.8968747612, "bottom": 5541069.4047027044, "row_index": 30, "col_index": 23, "green_area": 578.99061272095423, "green_pc": 5.7899061272009149, "buildings_area": 6051.5513760298491, "buildings_pc": 60.515513760208314, "road_area": 2191.2952656373382, "road_pc": 21.912952656340728, "free_space_area": 1179.4043349998331, "free_space_pc": 11.794043349980756, "railways_area": 0.0, "railways_pc": 0.0, "free_space_number": 18.0, "tree_number": 0.0 }, "geometry": { "type": "MultiPolygon", "coordinates": [ [ [ [ 1263193.896874761208892, 5541169.404702704399824 ], [ 1263293.896874761208892, 5541169.404702704399824 ], [ 1263293.896874761208892, 5541069.404702704399824 ], [ 1263193.896874761208892, 5541069.404702704399824 ], [ 1263193.896874761208892, 5541169.404702704399824 ] ] ] ] } },
{ "type": "Feature", "properties": { "id": 837, "left": 1263193.8968747612, "top": 5541069.4047027044, "right": 1263293.8968747612, "bottom": 5540969.4047027044, "row_index": 31, "col_index": 23, "green_area": 11.690846901386976, "green_pc": 0.11690846901369556, "buildings_area": 5392.3559760740027, "buildings_pc": 53.923559760659671, "road_area": 2791.6190503686666, "road_pc": 27.916190503645069, "free_space_area": 1804.3469738082779, "free_space_pc": 18.043469738055894, "railways_area": 0.0, "railways_pc": 0.0, "free_space_number": 12.0, "tree_number": 0.0 }, "geometry": { "type": "MultiPolygon", "coordinates": [ [ [ [ 1263193.896874761208892, 5541069.404702704399824 ], [ 1263293.896874761208892, 5541069.404702704399824 ], [ 1263293.896874761208892, 5540969.404702704399824 ], [ 1263193.896874761208892, 5540969.404702704399824 ], [ 1263193.896874761208892, 5541069.404702704399824 ] ] ] ] } },
{ "type": "Feature", "properties": { "id": 838, "left": 1263193.8968747612, "top": 5540969.4047027044, "right": 1263293.8968747612, "bottom": 5540869.4047027044, "row_index": 32, "col_index": 23, "green_area": 1685.3242860592145, "green_pc": 17.6059419236461, "buildings_area": 1811.4826351557858, "buildings_pc": 18.92387022133353, "road_area": 1611.2007926553488, "road_pc": 16.831601975636609, "free_space_area": 828.96815598084254, "free_space_pc": 8.6599150866552712, "railways_area": 0.0, "railways_pc": 0.0, "free_space_number": 12.0, "tree_number": 4.0 }, "geometry": { "type": "MultiPolygon", "coordinates": [ [ [ [ 1263224.123231180012226, 5540876.229485099203885 ], [ 1263193.896874761208892, 5540882.229182749055326 ], [ 1263193.896874761208892, 5540969.404702704399824 ], [ 1263293.896874761208892, 5540969.404702704399824 ], [ 1263293.896874761208892, 5540869.404702704399824 ], [ 1263262.384606578852981, 5540869.404702704399824 ], [ 1263224.123231180012226, 5540876.229485099203885 ] ] ] ] } },
{ "type": "Feature", "properties": { "id": 839, "left": 1263193.8968747612, "top": 5540869.4047027044, "right": 1263293.8968747612, "bottom": 5540769.4047027044, "row_index": 33, "col_index": 23, "green_area": 43.7440923191607, "green_pc": 51.546631587149143, "buildings_area": 0.0, "buildings_pc": 0.0, "road_area": 3.279492805711925, "road_pc": 3.8644488543814899, "free_space_area": 0.0, "free_space_pc": 0.0, "railways_area": 0.0, "railways_pc": 0.0, "free_space_number": 0.0, "tree_number": 0.0 }, "geometry": { "type": "MultiPolygon", "coordinates": [ [ [ [ 1263263.753959926310927, 5540869.160447537899017 ], [ 1263262.384606578852981, 5540869.404702704399824 ], [ 1263293.896874761208892, 5540869.404702704399824 ], [ 1263293.896874761208892, 5540864.029334891587496 ], [ 1263263.753959926310927, 5540869.160447537899017 ] ] ] ] } },
{ "type": "Feature", "properties": { "id": 842, "left": 1263293.8968747612, "top": 5544069.4047027044, "right": 1263393.8968747612, "bottom": 5543969.4047027044, "row_index": 1, "col_index": 24, "green_area": 0.0, "green_pc": 0.0, "buildings_area": 0.0, "buildings_pc": 0.0, "road_area": 0.0, "road_pc": 0.0, "free_space_area": 0.0, "free_space_pc": 0.0, "railways_area": 170.48871438205242, "railways_pc": 100.0, "free_space_number": 0.0, "tree_number": 0.0 }, "geometry": { "type": "MultiPolygon", "coordinates": [ [ [ [ 1263329.2312046661973, 5543969.404702704399824 ], [ 1263293.896874761208892, 5543969.404702704399824 ], [ 1263293.896874761208892, 5543979.054735113866627 ], [ 1263329.2312046661973, 5543969.404702704399824 ] ] ] ] } },
{ "type": "Feature", "properties": { "id": 843, "left": 1263293.8968747612, "top": 5543969.4047027044, "right": 1263393.8968747612, "bottom": 5543869.4047027044, "row_index": 2, "col_index": 24, "green_area": 0.0, "green_pc": 0.0, "buildings_area": 921.10700614284724, "buildings_pc": 9.773291760469407, "road_area": 1620.1543583506718, "road_pc": 17.190447076787962, "free_space_area": 652.93698818624466, "free_space_pc": 6.9279070120944262, "railways_area": 6230.5526427477598, "railways_pc": 66.108506829763655, "free_space_number": 3.0, "tree_number": 0.0 }, "geometry": { "type": "MultiPolygon", "coordinates": [ [ [ [ 1263366.399697565240785, 5543959.253748602233827 ], [ 1263393.896874761208892, 5543951.435274943709373 ], [ 1263393.896874761208892, 5543869.404702704399824 ], [ 1263293.896874761208892, 5543869.404702704399824 ], [ 1263293.896874761208892, 5543969.404702704399824 ], [ 1263329.2312046661973, 5543969.404702704399824 ], [ 1263366.399697565240785, 5543959.253748602233827 ] ] ] ] } },
{ "type": "Feature", "properties": { "id": 844, "left": 1263293.8968747612, "top": 5543869.4047027044, "right": 1263393.8968747612, "bottom": 5543769.4047027044, "row_index": 3, "col_index": 24, "green_area": 139.27948259562254, "green_pc": 1.3927948259541501, "buildings_area": 7454.8851817268878, "buildings_pc": 74.548851817157797, "road_area": 1651.7210928797722, "road_pc": 16.51721092877311, "free_space_area": 754.11440919248787, "free_space_pc": 7.5411440919136412, "railways_area": 0.0, "railways_pc": 0.0, "free_space_number": 8.0, "tree_number": 0.0 }, "geometry": { "type": "MultiPolygon", "coordinates": [ [ [ [ 1263293.896874761208892, 5543869.404702704399824 ], [ 1263393.896874761208892, 5543869.404702704399824 ], [ 1263393.896874761208892, 5543769.404702704399824 ], [ 1263293.896874761208892, 5543769.404702704399824 ], [ 1263293.896874761208892, 5543869.404702704399824 ] ] ] ] } },
{ "type": "Feature", "properties": { "id": 845, "left": 1263293.8968747612, "top": 5543769.4047027044, "right": 1263393.8968747612, "bottom": 5543669.4047027044, "row_index": 4, "col_index": 24, "green_area": 763.61773367598653, "green_pc": 7.6361773367484869, "buildings_area": 1604.8892590766773, "buildings_pc": 16.048892590742859, "road_area": 4165.9737452864647, "road_pc": 41.659737452802567, "free_space_area": 3508.6088518397883, "free_space_pc": 35.086088518345598, "railways_area": 0.0, "railways_pc": 0.0, "free_space_number": 2.0, "tree_number": 0.0 }, "geometry": { "type": "MultiPolygon", "coordinates": [ [ [ [ 1263293.896874761208892, 5543769.404702704399824 ], [ 1263393.896874761208892, 5543769.404702704399824 ], [ 1263393.896874761208892, 5543669.404702704399824 ], [ 1263293.896874761208892, 5543669.404702704399824 ], [ 1263293.896874761208892, 5543769.404702704399824 ] ] ] ] } },
{ "type": "Feature", "properties": { "id": 846, "left": 1263293.8968747612, "top": 5543669.4047027044, "right": 1263393.8968747612, "bottom": 5543569.4047027044, "row_index": 5, "col_index": 24, "green_area": 3212.6776951653883, "green_pc": 32.126776951606011, "buildings_area": 859.95835533645004, "buildings_pc": 8.5995835533516853, "road_area": 1683.0955507308245, "road_pc": 16.830955507283164, "free_space_area": 4301.0662457868457, "free_space_pc": 43.010662457804365, "railways_area": 0.0, "railways_pc": 0.0, "free_space_number": 5.0, "tree_number": 0.0 }, "geometry": { "type": "MultiPolygon", "coordinates": [ [ [ [ 1263293.896874761208892, 5543669.404702704399824 ], [ 1263393.896874761208892, 5543669.404702704399824 ], [ 1263393.896874761208892, 5543569.404702704399824 ], [ 1263293.896874761208892, 5543569.404702704399824 ], [ 1263293.896874761208892, 5543669.404702704399824 ] ] ] ] } },
{ "type": "Feature", "properties": { "id": 847, "left": 1263293.8968747612, "top": 5543569.4047027044, "right": 1263393.8968747612, "bottom": 5543469.4047027044, "row_index": 6, "col_index": 24, "green_area": 3061.4409725782461, "green_pc": 30.614409725736841, "buildings_area": 2038.581341708079, "buildings_pc": 20.385813417050411, "road_area": 1830.1613104715943, "road_pc": 18.301613104688673, "free_space_area": 3201.6087506965268, "free_space_pc": 32.016087506917557, "railways_area": 0.0, "railways_pc": 0.0, "free_space_number": 7.0, "tree_number": 0.0 }, "geometry": { "type": "MultiPolygon", "coordinates": [ [ [ [ 1263293.896874761208892, 5543569.404702704399824 ], [ 1263393.896874761208892, 5543569.404702704399824 ], [ 1263393.896874761208892, 5543469.404702704399824 ], [ 1263293.896874761208892, 5543469.404702704399824 ], [ 1263293.896874761208892, 5543569.404702704399824 ] ] ] ] } },
{ "type": "Feature", "properties": { "id": 848, "left": 1263293.8968747612, "top": 5543469.4047027044, "right": 1263393.8968747612, "bottom": 5543369.4047027044, "row_index": 7, "col_index": 24, "green_area": 769.42626867350191, "green_pc": 7.6942626867235537, "buildings_area": 4050.4570991974324, "buildings_pc": 40.504570991913965, "road_area": 3210.0710005611181, "road_pc": 32.10071000556335, "free_space_area": 1970.0456286903936, "free_space_pc": 19.70045628687458, "railways_area": 0.0, "railways_pc": 0.0, "free_space_number": 6.0, "tree_number": 3.0 }, "geometry": { "type": "MultiPolygon", "coordinates": [ [ [ [ 1263293.896874761208892, 5543469.404702704399824 ], [ 1263393.896874761208892, 5543469.404702704399824 ], [ 1263393.896874761208892, 5543369.404702704399824 ], [ 1263293.896874761208892, 5543369.404702704399824 ], [ 1263293.896874761208892, 5543469.404702704399824 ] ] ] ] } },
{ "type": "Feature", "properties": { "id": 849, "left": 1263293.8968747612, "top": 5543369.4047027044, "right": 1263393.8968747612, "bottom": 5543269.4047027044, "row_index": 8, "col_index": 24, "green_area": 82.542013771831989, "green_pc": 0.82542013771708989, "buildings_area": 6558.4443422383629, "buildings_pc": 65.584443422285901, "road_area": 1853.8419258799404, "road_pc": 18.538419258771778, "free_space_area": 1508.356225133015, "free_space_pc": 15.083562251307674, "railways_area": 0.0, "railways_pc": 0.0, "free_space_number": 3.0, "tree_number": 0.0 }, "geometry": { "type": "MultiPolygon", "coordinates": [ [ [ [ 1263293.896874761208892, 5543369.404702704399824 ], [ 1263393.896874761208892, 5543369.404702704399824 ], [ 1263393.896874761208892, 5543269.404702704399824 ], [ 1263293.896874761208892, 5543269.404702704399824 ], [ 1263293.896874761208892, 5543369.404702704399824 ] ] ] ] } },
{ "type": "Feature", "properties": { "id": 850, "left": 1263293.8968747612, "top": 5543269.4047027044, "right": 1263393.8968747612, "bottom": 5543169.4047027044, "row_index": 9, "col_index": 24, "green_area": 279.41786972805858, "green_pc": 2.794178697276422, "buildings_area": 6760.4900272469968, "buildings_pc": 67.604900272369235, "road_area": 1721.2714850008488, "road_pc": 17.212714849982838, "free_space_area": 1238.8206180166453, "free_space_pc": 12.388206180147993, "railways_area": 0.0, "railways_pc": 0.0, "free_space_number": 4.0, "tree_number": 0.0 }, "geometry": { "type": "MultiPolygon", "coordinates": [ [ [ [ 1263293.896874761208892, 5543269.404702704399824 ], [ 1263393.896874761208892, 5543269.404702704399824 ], [ 1263393.896874761208892, 5543169.404702704399824 ], [ 1263293.896874761208892, 5543169.404702704399824 ], [ 1263293.896874761208892, 5543269.404702704399824 ] ] ] ] } },
{ "type": "Feature", "properties": { "id": 851, "left": 1263293.8968747612, "top": 5543169.4047027044, "right": 1263393.8968747612, "bottom": 5543069.4047027044, "row_index": 10, "col_index": 24, "green_area": 24.734113984741271, "green_pc": 0.24734113984704414, "buildings_area": 5597.1810048387852, "buildings_pc": 55.971810048304448, "road_area": 3200.0739498436451, "road_pc": 32.000739498388768, "free_space_area": 1179.1120530929779, "free_space_pc": 11.791120530912208, "railways_area": 0.0, "railways_pc": 0.0, "free_space_number": 14.0, "tree_number": 0.0 }, "geometry": { "type": "MultiPolygon", "coordinates": [ [ [ [ 1263293.896874761208892, 5543169.404702704399824 ], [ 1263393.896874761208892, 5543169.404702704399824 ], [ 1263393.896874761208892, 5543069.404702704399824 ], [ 1263293.896874761208892, 5543069.404702704399824 ], [ 1263293.896874761208892, 5543169.404702704399824 ] ] ] ] } },
{ "type": "Feature", "properties": { "id": 852, "left": 1263293.8968747612, "top": 5543069.4047027044, "right": 1263393.8968747612, "bottom": 5542969.4047027044, "row_index": 11, "col_index": 24, "green_area": 1151.7325826237211, "green_pc": 11.517325826220048, "buildings_area": 6261.583377153147, "buildings_pc": 62.615833771438169, "road_area": 621.81447015330195, "road_pc": 6.2181447015237534, "free_space_area": 1975.8588107763194, "free_space_pc": 19.75858810773375, "railways_area": 0.0, "railways_pc": 0.0, "free_space_number": 21.0, "tree_number": 0.0 }, "geometry": { "type": "MultiPolygon", "coordinates": [ [ [ [ 1263293.896874761208892, 5543069.404702704399824 ], [ 1263393.896874761208892, 5543069.404702704399824 ], [ 1263393.896874761208892, 5542969.404702704399824 ], [ 1263293.896874761208892, 5542969.404702704399824 ], [ 1263293.896874761208892, 5543069.404702704399824 ] ] ] ] } },
{ "type": "Feature", "properties": { "id": 853, "left": 1263293.8968747612, "top": 5542969.4047027044, "right": 1263393.8968747612, "bottom": 5542869.4047027044, "row_index": 12, "col_index": 24, "green_area": 956.20859866853425, "green_pc": 9.5620859866710948, "buildings_area": 6939.6663561508176, "buildings_pc": 69.396663561404765, "road_area": 342.55211435630918, "road_pc": 3.4255211435579875, "free_space_area": 1775.2312413733744, "free_space_pc": 17.752312413707291, "railways_area": 0.0, "railways_pc": 0.0, "free_space_number": 22.0, "tree_number": 0.0 }, "geometry": { "type": "MultiPolygon", "coordinates": [ [ [ [ 1263293.896874761208892, 5542969.404702704399824 ], [ 1263393.896874761208892, 5542969.404702704399824 ], [ 1263393.896874761208892, 5542869.404702704399824 ], [ 1263293.896874761208892, 5542869.404702704399824 ], [ 1263293.896874761208892, 5542969.404702704399824 ] ] ] ] } },
{ "type": "Feature", "properties": { "id": 854, "left": 1263293.8968747612, "top": 5542869.4047027044, "right": 1263393.8968747612, "bottom": 5542769.4047027044, "row_index": 13, "col_index": 24, "green_area": 236.90701200813055, "green_pc": 2.3690701200777755, "buildings_area": 6809.6772163663991, "buildings_pc": 68.09677216356252, "road_area": 2192.4232623204589, "road_pc": 21.924232623171918, "free_space_area": 762.42908153692815, "free_space_pc": 7.6242908153579201, "railways_area": 0.0, "railways_pc": 0.0, "free_space_number": 8.0, "tree_number": 0.0 }, "geometry": { "type": "MultiPolygon", "coordinates": [ [ [ [ 1263293.896874761208892, 5542869.404702704399824 ], [ 1263393.896874761208892, 5542869.404702704399824 ], [ 1263393.896874761208892, 5542769.404702704399824 ], [ 1263293.896874761208892, 5542769.404702704399824 ], [ 1263293.896874761208892, 5542869.404702704399824 ] ] ] ] } },
{ "type": "Feature", "properties": { "id": 855, "left": 1263293.8968747612, "top": 5542769.4047027044, "right": 1263393.8968747612, "bottom": 5542669.4047027044, "row_index": 14, "col_index": 24, "green_area": 505.40579968411475, "green_pc": 5.0540579968336168, "buildings_area": 6329.2033418333158, "buildings_pc": 63.292033418238844, "road_area": 1901.3885494209826, "road_pc": 19.013885494181494, "free_space_area": 1275.1484459665685, "free_space_pc": 12.751484459646685, "railways_area": 0.0, "railways_pc": 0.0, "free_space_number": 20.0, "tree_number": 0.0 }, "geometry": { "type": "MultiPolygon", "coordinates": [ [ [ [ 1263293.896874761208892, 5542769.404702704399824 ], [ 1263393.896874761208892, 5542769.404702704399824 ], [ 1263393.896874761208892, 5542669.404702704399824 ], [ 1263293.896874761208892, 5542669.404702704399824 ], [ 1263293.896874761208892, 5542769.404702704399824 ] ] ] ] } },
{ "type": "Feature", "properties": { "id": 856, "left": 1263293.8968747612, "top": 5542669.4047027044, "right": 1263393.8968747612, "bottom": 5542569.4047027044, "row_index": 15, "col_index": 24, "green_area": 244.89621368050575, "green_pc": 2.4489621368014083, "buildings_area": 6508.1935555795208, "buildings_pc": 65.081935555698223, "road_area": 1537.6372659020126, "road_pc": 15.376372658997214, "free_space_area": 1709.8895468670685, "free_space_pc": 17.098895468645207, "railways_area": 0.0, "railways_pc": 0.0, "free_space_number": 18.0, "tree_number": 0.0 }, "geometry": { "type": "MultiPolygon", "coordinates": [ [ [ [ 1263293.896874761208892, 5542669.404702704399824 ], [ 1263393.896874761208892, 5542669.404702704399824 ], [ 1263393.896874761208892, 5542569.404702704399824 ], [ 1263293.896874761208892, 5542569.404702704399824 ], [ 1263293.896874761208892, 5542669.404702704399824 ] ] ] ] } },
{ "type": "Feature", "properties": { "id": 857, "left": 1263293.8968747612, "top": 5542569.4047027044, "right": 1263393.8968747612, "bottom": 5542469.4047027044, "row_index": 16, "col_index": 24, "green_area": 0.0, "green_pc": 0.0, "buildings_area": 6881.8493041200563, "buildings_pc": 68.818493041098009, "road_area": 890.60162036307156, "road_pc": 8.9060162036174439, "free_space_area": 2227.5490755065316, "free_space_pc": 22.275490755032124, "railways_area": 0.0, "railways_pc": 0.0, "free_space_number": 11.0, "tree_number": 0.0 }, "geometry": { "type": "MultiPolygon", "coordinates": [ [ [ [ 1263293.896874761208892, 5542569.404702704399824 ], [ 1263393.896874761208892, 5542569.404702704399824 ], [ 1263393.896874761208892, 5542469.404702704399824 ], [ 1263293.896874761208892, 5542469.404702704399824 ], [ 1263293.896874761208892, 5542569.404702704399824 ] ] ] ] } },
{ "type": "Feature", "properties": { "id": 858, "left": 1263293.8968747612, "top": 5542469.4047027044, "right": 1263393.8968747612, "bottom": 5542369.4047027044, "row_index": 17, "col_index": 24, "green_area": 0.0, "green_pc": 0.0, "buildings_area": 5905.2137037534267, "buildings_pc": 59.052137037446272, "road_area": 3738.7525642886758, "road_pc": 37.387525642831044, "free_space_area": 356.03386132209562, "free_space_pc": 3.5603386132156509, "railways_area": 0.0, "railways_pc": 0.0, "free_space_number": 5.0, "tree_number": 4.0 }, "geometry": { "type": "MultiPolygon", "coordinates": [ [ [ [ 1263293.896874761208892, 5542469.404702704399824 ], [ 1263393.896874761208892, 5542469.404702704399824 ], [ 1263393.896874761208892, 5542369.404702704399824 ], [ 1263293.896874761208892, 5542369.404702704399824 ], [ 1263293.896874761208892, 5542469.404702704399824 ] ] ] ] } },
{ "type": "Feature", "properties": { "id": 859, "left": 1263293.8968747612, "top": 5542369.4047027044, "right": 1263393.8968747612, "bottom": 5542269.4047027044, "row_index": 18, "col_index": 24, "green_area": 0.0, "green_pc": 0.0, "buildings_area": 6565.0597196370363, "buildings_pc": 65.650597196272543, "road_area": 1791.3246966563165, "road_pc": 17.913246966536473, "free_space_area": 1643.7824449603127, "free_space_pc": 16.437824449578631, "railways_area": 0.0, "railways_pc": 0.0, "free_space_number": 7.0, "tree_number": 0.0 }, "geometry": { "type": "MultiPolygon", "coordinates": [ [ [ [ 1263293.896874761208892, 5542369.404702704399824 ], [ 1263393.896874761208892, 5542369.404702704399824 ], [ 1263393.896874761208892, 5542269.404702704399824 ], [ 1263293.896874761208892, 5542269.404702704399824 ], [ 1263293.896874761208892, 5542369.404702704399824 ] ] ] ] } },
{ "type": "Feature", "properties": { "id": 860, "left": 1263293.8968747612, "top": 5542269.4047027044, "right": 1263393.8968747612, "bottom": 5542169.4047027044, "row_index": 19, "col_index": 24, "green_area": 207.03636793326586, "green_pc": 2.0703636793295734, "buildings_area": 6936.4488794616191, "buildings_pc": 69.364488794512823, "road_area": 446.53329503163695, "road_pc": 4.4653329503097154, "free_space_area": 2422.9520825096492, "free_space_pc": 24.229520825060387, "railways_area": 0.0, "railways_pc": 0.0, "free_space_number": 17.0, "tree_number": 0.0 }, "geometry": { "type": "MultiPolygon", "coordinates": [ [ [ [ 1263293.896874761208892, 5542269.404702704399824 ], [ 1263393.896874761208892, 5542269.404702704399824 ], [ 1263393.896874761208892, 5542169.404702704399824 ], [ 1263293.896874761208892, 5542169.404702704399824 ], [ 1263293.896874761208892, 5542269.404702704399824 ] ] ] ] } },
{ "type": "Feature", "properties": { "id": 861, "left": 1263293.8968747612, "top": 5542169.4047027044, "right": 1263393.8968747612, "bottom": 5542069.4047027044, "row_index": 20, "col_index": 24, "green_area": 0.64136133482679725, "green_pc": 0.0064136133482584155, "buildings_area": 7224.633908656484, "buildings_pc": 72.246339086457183, "road_area": 1735.8174737654626, "road_pc": 17.358174737628762, "free_space_area": 1042.1155542580527, "free_space_pc": 10.421155542564998, "railways_area": 0.0, "railways_pc": 0.0, "free_space_number": 12.0, "tree_number": 0.0 }, "geometry": { "type": "MultiPolygon", "coordinates": [ [ [ [ 1263293.896874761208892, 5542169.404702704399824 ], [ 1263393.896874761208892, 5542169.404702704399824 ], [ 1263393.896874761208892, 5542069.404702704399824 ], [ 1263293.896874761208892, 5542069.404702704399824 ], [ 1263293.896874761208892, 5542169.404702704399824 ] ] ] ] } },
{ "type": "Feature", "properties": { "id": 862, "left": 1263293.8968747612, "top": 5542069.4047027044, "right": 1263393.8968747612, "bottom": 5541969.4047027044, "row_index": 21, "col_index": 24, "green_area": 3.8631782445008866e-05, "green_pc": 3.86317824449513e-07, "buildings_area": 7827.980273747351, "buildings_pc": 78.27980273735686, "road_area": 341.67701331339777, "road_pc": 3.4167701331288862, "free_space_area": 1830.3426742866322, "free_space_pc": 18.303426742839047, "railways_area": 0.0, "railways_pc": 0.0, "free_space_number": 13.0, "tree_number": 0.0 }, "geometry": { "type": "MultiPolygon", "coordinates": [ [ [ [ 1263293.896874761208892, 5542069.404702704399824 ], [ 1263393.896874761208892, 5542069.404702704399824 ], [ 1263393.896874761208892, 5541969.404702704399824 ], [ 1263293.896874761208892, 5541969.404702704399824 ], [ 1263293.896874761208892, 5542069.404702704399824 ] ] ] ] } },
{ "type": "Feature", "properties": { "id": 863, "left": 1263293.8968747612, "top": 5541969.4047027044, "right": 1263393.8968747612, "bottom": 5541869.4047027044, "row_index": 22, "col_index": 24, "green_area": 1720.2419715030119, "green_pc": 17.202419715004485, "buildings_area": 5008.8216538904235, "buildings_pc": 50.088216538829599, "road_area": 1219.5405089426786, "road_pc": 12.195405089408613, "free_space_area": 1311.1610618521327, "free_space_pc": 13.111610618501787, "railways_area": 0.0, "railways_pc": 0.0, "free_space_number": 12.0, "tree_number": 2.0 }, "geometry": { "type": "MultiPolygon", "coordinates": [ [ [ [ 1263293.896874761208892, 5541969.404702704399824 ], [ 1263393.896874761208892, 5541969.404702704399824 ], [ 1263393.896874761208892, 5541869.404702704399824 ], [ 1263293.896874761208892, 5541869.404702704399824 ], [ 1263293.896874761208892, 5541969.404702704399824 ] ] ] ] } },
{ "type": "Feature", "properties": { "id": 864, "left": 1263293.8968747612, "top": 5541869.4047027044, "right": 1263393.8968747612, "bottom": 5541769.4047027044, "row_index": 23, "col_index": 24, "green_area": 0.96460747066885233, "green_pc": 0.009646074706674149, "buildings_area": 5659.1252391971648, "buildings_pc": 56.591252391887323, "road_area": 3339.1451856046915, "road_pc": 33.391451855997161, "free_space_area": 1000.8004679756782, "free_space_pc": 10.00800467974187, "railways_area": 0.0, "railways_pc": 0.0, "free_space_number": 11.0, "tree_number": 4.0 }, "geometry": { "type": "MultiPolygon", "coordinates": [ [ [ [ 1263293.896874761208892, 5541869.404702704399824 ], [ 1263393.896874761208892, 5541869.404702704399824 ], [ 1263393.896874761208892, 5541769.404702704399824 ], [ 1263293.896874761208892, 5541769.404702704399824 ], [ 1263293.896874761208892, 5541869.404702704399824 ] ] ] ] } },
{ "type": "Feature", "properties": { "id": 865, "left": 1263293.8968747612, "top": 5541769.4047027044, "right": 1263393.8968747612, "bottom": 5541669.4047027044, "row_index": 24, "col_index": 24, "green_area": 313.72125472128391, "green_pc": 3.1372125472081644, "buildings_area": 6155.7541544479318, "buildings_pc": 61.55754154438759, "road_area": 1291.6014817245305, "road_pc": 12.916014817226058, "free_space_area": 2238.964196240056, "free_space_pc": 22.389641962367197, "railways_area": 0.0, "railways_pc": 0.0, "free_space_number": 9.0, "tree_number": 0.0 }, "geometry": { "type": "MultiPolygon", "coordinates": [ [ [ [ 1263293.896874761208892, 5541769.404702704399824 ], [ 1263393.896874761208892, 5541769.404702704399824 ], [ 1263393.896874761208892, 5541669.404702704399824 ], [ 1263293.896874761208892, 5541669.404702704399824 ], [ 1263293.896874761208892, 5541769.404702704399824 ] ] ] ] } },
{ "type": "Feature", "properties": { "id": 866, "left": 1263293.8968747612, "top": 5541669.4047027044, "right": 1263393.8968747612, "bottom": 5541569.4047027044, "row_index": 25, "col_index": 24, "green_area": 11.946780059486628, "green_pc": 0.11946780059468826, "buildings_area": 6005.2065105526708, "buildings_pc": 60.052065105437222, "road_area": 607.96306837536395, "road_pc": 6.0796306837445799, "free_space_area": 3376.8915504869647, "free_space_pc": 33.768915504819326, "railways_area": 0.0, "railways_pc": 0.0, "free_space_number": 11.0, "tree_number": 0.0 }, "geometry": { "type": "MultiPolygon", "coordinates": [ [ [ [ 1263293.896874761208892, 5541669.404702704399824 ], [ 1263393.896874761208892, 5541669.404702704399824 ], [ 1263393.896874761208892, 5541569.404702704399824 ], [ 1263293.896874761208892, 5541569.404702704399824 ], [ 1263293.896874761208892, 5541669.404702704399824 ] ] ] ] } },
{ "type": "Feature", "properties": { "id": 867, "left": 1263293.8968747612, "top": 5541569.4047027044, "right": 1263393.8968747612, "bottom": 5541469.4047027044, "row_index": 26, "col_index": 24, "green_area": 460.6668415851891, "green_pc": 4.6066684158450268, "buildings_area": 7019.9739125837223, "buildings_pc": 70.19973912573262, "road_area": 856.8081670938991, "road_pc": 8.5680816709262242, "free_space_area": 1666.7528474491824, "free_space_pc": 16.667528474466987, "railways_area": 0.0, "railways_pc": 0.0, "free_space_number": 13.0, "tree_number": 0.0 }, "geometry": { "type": "MultiPolygon", "coordinates": [ [ [ [ 1263293.896874761208892, 5541569.404702704399824 ], [ 1263393.896874761208892, 5541569.404702704399824 ], [ 1263393.896874761208892, 5541469.404702704399824 ], [ 1263293.896874761208892, 5541469.404702704399824 ], [ 1263293.896874761208892, 5541569.404702704399824 ] ] ] ] } },
{ "type": "Feature", "properties": { "id": 868, "left": 1263293.8968747612, "top": 5541469.4047027044, "right": 1263393.8968747612, "bottom": 5541369.4047027044, "row_index": 27, "col_index": 24, "green_area": 0.0, "green_pc": 0.0, "buildings_area": 7515.1530686016195, "buildings_pc": 75.151530685904206, "road_area": 1291.4102499196306, "road_pc": 12.914102499177062, "free_space_area": 1200.0958467028436, "free_space_pc": 12.000958467010554, "railways_area": 0.0, "railways_pc": 0.0, "free_space_number": 20.0, "tree_number": 0.0 }, "geometry": { "type": "MultiPolygon", "coordinates": [ [ [ [ 1263293.896874761208892, 5541469.404702704399824 ], [ 1263393.896874761208892, 5541469.404702704399824 ], [ 1263393.896874761208892, 5541369.404702704399824 ], [ 1263293.896874761208892, 5541369.404702704399824 ], [ 1263293.896874761208892, 5541469.404702704399824 ] ] ] ] } },
{ "type": "Feature", "properties": { "id": 869, "left": 1263293.8968747612, "top": 5541369.4047027044, "right": 1263393.8968747612, "bottom": 5541269.4047027044, "row_index": 28, "col_index": 24, "green_area": 46.692909162171418, "green_pc": 0.46692909162101842, "buildings_area": 6844.460757474415, "buildings_pc": 68.444607574642163, "road_area": 2376.1871139146388, "road_pc": 23.76187113911098, "free_space_area": 744.88081992326227, "free_space_pc": 7.4488081992215234, "railways_area": 0.0, "railways_pc": 0.0, "free_space_number": 16.0, "tree_number": 0.0 }, "geometry": { "type": "MultiPolygon", "coordinates": [ [ [ [ 1263293.896874761208892, 5541369.404702704399824 ], [ 1263393.896874761208892, 5541369.404702704399824 ], [ 1263393.896874761208892, 5541269.404702704399824 ], [ 1263293.896874761208892, 5541269.404702704399824 ], [ 1263293.896874761208892, 5541369.404702704399824 ] ] ] ] } },
{ "type": "Feature", "properties": { "id": 870, "left": 1263293.8968747612, "top": 5541269.4047027044, "right": 1263393.8968747612, "bottom": 5541169.4047027044, "row_index": 29, "col_index": 24, "green_area": 2000.8854864221066, "green_pc": 20.00885486419125, "buildings_area": 5616.444387456635, "buildings_pc": 56.164443874482657, "road_area": 1165.0524051934481, "road_pc": 11.65052405191712, "free_space_area": 1223.736074726633, "free_space_pc": 12.237360747248095, "railways_area": 0.0, "railways_pc": 0.0, "free_space_number": 20.0, "tree_number": 0.0 }, "geometry": { "type": "MultiPolygon", "coordinates": [ [ [ [ 1263293.896874761208892, 5541269.404702704399824 ], [ 1263393.896874761208892, 5541269.404702704399824 ], [ 1263393.896874761208892, 5541169.404702704399824 ], [ 1263293.896874761208892, 5541169.404702704399824 ], [ 1263293.896874761208892, 5541269.404702704399824 ] ] ] ] } },
{ "type": "Feature", "properties": { "id": 871, "left": 1263293.8968747612, "top": 5541169.4047027044, "right": 1263393.8968747612, "bottom": 5541069.4047027044, "row_index": 30, "col_index": 24, "green_area": 649.81387399509549, "green_pc": 6.4981387399412718, "buildings_area": 6812.1832225096878, "buildings_pc": 68.121832224995373, "road_area": 1157.8715363554657, "road_pc": 11.578715363537404, "free_space_area": 1380.4112716441539, "free_space_pc": 13.804112716420967, "railways_area": 0.0, "railways_pc": 0.0, "free_space_number": 31.0, "tree_number": 0.0 }, "geometry": { "type": "MultiPolygon", "coordinates": [ [ [ [ 1263293.896874761208892, 5541169.404702704399824 ], [ 1263393.896874761208892, 5541169.404702704399824 ], [ 1263393.896874761208892, 5541069.404702704399824 ], [ 1263293.896874761208892, 5541069.404702704399824 ], [ 1263293.896874761208892, 5541169.404702704399824 ] ] ] ] } },
{ "type": "Feature", "properties": { "id": 872, "left": 1263293.8968747612, "top": 5541069.4047027044, "right": 1263393.8968747612, "bottom": 5540969.4047027044, "row_index": 31, "col_index": 24, "green_area": 2884.760326248128, "green_pc": 28.847603262438295, "buildings_area": 5129.5594129738165, "buildings_pc": 51.29559412966173, "road_area": 83.662134537473321, "road_pc": 0.83662134537348654, "free_space_area": 2004.4538645579937, "free_space_pc": 20.04453864555007, "railways_area": 0.0, "railways_pc": 0.0, "free_space_number": 24.0, "tree_number": 0.0 }, "geometry": { "type": "MultiPolygon", "coordinates": [ [ [ [ 1263293.896874761208892, 5541069.404702704399824 ], [ 1263393.896874761208892, 5541069.404702704399824 ], [ 1263393.896874761208892, 5540969.404702704399824 ], [ 1263293.896874761208892, 5540969.404702704399824 ], [ 1263293.896874761208892, 5541069.404702704399824 ] ] ] ] } },
{ "type": "Feature", "properties": { "id": 873, "left": 1263293.8968747612, "top": 5540969.4047027044, "right": 1263393.8968747612, "bottom": 5540869.4047027044, "row_index": 32, "col_index": 24, "green_area": 777.89958005445078, "green_pc": 7.7789958005329165, "buildings_area": 4196.2058118800633, "buildings_pc": 41.962058118738106, "road_area": 3085.6778235519305, "road_pc": 30.856778235473325, "free_space_area": 1941.4357543042786, "free_space_pc": 19.414357543013857, "railways_area": 0.0, "railways_pc": 0.0, "free_space_number": 16.0, "tree_number": 0.0 }, "geometry": { "type": "MultiPolygon", "coordinates": [ [ [ [ 1263293.896874761208892, 5540969.404702704399824 ], [ 1263393.896874761208892, 5540969.404702704399824 ], [ 1263393.896874761208892, 5540869.404702704399824 ], [ 1263293.896874761208892, 5540869.404702704399824 ], [ 1263293.896874761208892, 5540969.404702704399824 ] ] ] ] } },
{ "type": "Feature", "properties": { "id": 874, "left": 1263293.8968747612, "top": 5540869.4047027044, "right": 1263393.8968747612, "bottom": 5540769.4047027044, "row_index": 33, "col_index": 24, "green_area": 552.38591752946377, "green_pc": 39.778403096418145, "buildings_area": 0.0, "buildings_pc": 0.0, "road_area": 835.86477930471301, "road_pc": 60.192276939261355, "free_space_area": 0.40715404157526791, "free_space_pc": 0.029319968294182524, "railways_area": 0.0, "railways_pc": 0.0, "free_space_number": 1.0, "tree_number": 0.0 }, "geometry": { "type": "MultiPolygon", "coordinates": [ [ [ [ 1263392.42939776647836, 5540847.257139286957681 ], [ 1263364.267535880208015, 5540852.050407467409968 ], [ 1263293.896874761208892, 5540864.029334891587496 ], [ 1263293.896874761208892, 5540869.404702704399824 ], [ 1263393.896874761208892, 5540869.404702704399824 ], [ 1263393.896874761208892, 5540847.007514520548284 ], [ 1263392.42939776647836, 5540847.257139286957681 ] ] ] ] } },
{ "type": "Feature", "properties": { "id": 878, "left": 1263393.8968747612, "top": 5543969.4047027044, "right": 1263493.8968747612, "bottom": 5543869.4047027044, "row_index": 2, "col_index": 25, "green_area": 23.46630378626287, "green_pc": 0.34762864824823775, "buildings_area": 0.0, "buildings_pc": 0.0, "road_area": 350.45576843619347, "road_pc": 5.1916341901100553, "free_space_area": 266.2832407951355, "free_space_pc": 3.9447065840408109, "railways_area": 6110.1887908279896, "railways_pc": 90.516030528016032, "free_space_number": 1.0, "tree_number": 0.0 }, "geometry": { "type": "MultiPolygon", "coordinates": [ [ [ [ 1263419.641241585137323, 5543944.11519068852067 ], [ 1263493.532360150013119, 5543922.274752949364483 ], [ 1263493.896874761208892, 5543922.209940831176937 ], [ 1263493.896874761208892, 5543869.404702704399824 ], [ 1263393.896874761208892, 5543869.404702704399824 ], [ 1263393.896874761208892, 5543951.435274943709373 ], [ 1263419.641241585137323, 5543944.11519068852067 ] ] ] ] } },
{ "type": "Feature", "properties": { "id": 879, "left": 1263393.8968747612, "top": 5543869.4047027044, "right": 1263493.8968747612, "bottom": 5543769.4047027044, "row_index": 3, "col_index": 25, "green_area": 45.308721367269754, "green_pc": 0.45308721367202237, "buildings_area": 5724.5702219330706, "buildings_pc": 57.245702219245402, "road_area": 3779.9170655608177, "road_pc": 37.799170655551855, "free_space_area": 342.20052171065538, "free_space_pc": 3.4220052171014546, "railways_area": 108.0034666210413, "railways_pc": 1.0800346662088036, "free_space_number": 5.0, "tree_number": 0.0 }, "geometry": { "type": "MultiPolygon", "coordinates": [ [ [ [ 1263393.896874761208892, 5543869.404702704399824 ], [ 1263493.896874761208892, 5543869.404702704399824 ], [ 1263493.896874761208892, 5543769.404702704399824 ], [ 1263393.896874761208892, 5543769.404702704399824 ], [ 1263393.896874761208892, 5543869.404702704399824 ] ] ] ] } },
{ "type": "Feature", "properties": { "id": 880, "left": 1263393.8968747612, "top": 5543769.4047027044, "right": 1263493.8968747612, "bottom": 5543669.4047027044, "row_index": 4, "col_index": 25, "green_area": 643.20068160817027, "green_pc": 6.4320068160721187, "buildings_area": 3403.0026952727931, "buildings_pc": 34.030026952677225, "road_area": 5176.526478946209, "road_pc": 51.76526478938495, "free_space_area": 777.27101860428229, "free_space_pc": 7.7727101860312411, "railways_area": 0.0, "railways_pc": 0.0, "free_space_number": 6.0, "tree_number": 0.0 }, "geometry": { "type": "MultiPolygon", "coordinates": [ [ [ [ 1263393.896874761208892, 5543769.404702704399824 ], [ 1263493.896874761208892, 5543769.404702704399824 ], [ 1263493.896874761208892, 5543669.404702704399824 ], [ 1263393.896874761208892, 5543669.404702704399824 ], [ 1263393.896874761208892, 5543769.404702704399824 ] ] ] ] } },
{ "type": "Feature", "properties": { "id": 881, "left": 1263393.8968747612, "top": 5543669.4047027044, "right": 1263493.8968747612, "bottom": 5543569.4047027044, "row_index": 5, "col_index": 25, "green_area": 1858.1723727397621, "green_pc": 18.581723727369933, "buildings_area": 4053.7479629321024, "buildings_pc": 40.537479629260616, "road_area": 2520.0803896365687, "road_pc": 25.200803896328136, "free_space_area": 1597.6598340283381, "free_space_pc": 15.976598340259574, "railways_area": 0.0, "railways_pc": 0.0, "free_space_number": 7.0, "tree_number": 0.0 }, "geometry": { "type": "MultiPolygon", "coordinates": [ [ [ [ 1263393.896874761208892, 5543669.404702704399824 ], [ 1263493.896874761208892, 5543669.404702704399824 ], [ 1263493.896874761208892, 5543569.404702704399824 ], [ 1263393.896874761208892, 5543569.404702704399824 ], [ 1263393.896874761208892, 5543669.404702704399824 ] ] ] ] } },
{ "type": "Feature", "properties": { "id": 882, "left": 1263393.8968747612, "top": 5543569.4047027044, "right": 1263493.8968747612, "bottom": 5543469.4047027044, "row_index": 6, "col_index": 25, "green_area": 3558.0173147041351, "green_pc": 35.580173146988329, "buildings_area": 4540.1831985581666, "buildings_pc": 45.401831985514015, "road_area": 0.0, "road_pc": 0.0, "free_space_area": 2022.0509198602522, "free_space_pc": 20.22050919857239, "railways_area": 0.0, "railways_pc": 0.0, "free_space_number": 6.0, "tree_number": 0.0 }, "geometry": { "type": "MultiPolygon", "coordinates": [ [ [ [ 1263393.896874761208892, 5543569.404702704399824 ], [ 1263493.896874761208892, 5543569.404702704399824 ], [ 1263493.896874761208892, 5543469.404702704399824 ], [ 1263393.896874761208892, 5543469.404702704399824 ], [ 1263393.896874761208892, 5543569.404702704399824 ] ] ] ] } },
{ "type": "Feature", "properties": { "id": 883, "left": 1263393.8968747612, "top": 5543469.4047027044, "right": 1263493.8968747612, "bottom": 5543369.4047027044, "row_index": 7, "col_index": 25, "green_area": 1265.446210631053, "green_pc": 12.654462106291673, "buildings_area": 3506.8869810961187, "buildings_pc": 35.068869810908929, "road_area": 3553.5768631026149, "road_pc": 35.535768630973195, "free_space_area": 1674.1075050904653, "free_space_pc": 16.741075050879708, "railways_area": 0.0, "railways_pc": 0.0, "free_space_number": 8.0, "tree_number": 0.0 }, "geometry": { "type": "MultiPolygon", "coordinates": [ [ [ [ 1263393.896874761208892, 5543469.404702704399824 ], [ 1263493.896874761208892, 5543469.404702704399824 ], [ 1263493.896874761208892, 5543369.404702704399824 ], [ 1263393.896874761208892, 5543369.404702704399824 ], [ 1263393.896874761208892, 5543469.404702704399824 ] ] ] ] } },
{ "type": "Feature", "properties": { "id": 884, "left": 1263393.8968747612, "top": 5543369.4047027044, "right": 1263493.8968747612, "bottom": 5543269.4047027044, "row_index": 8, "col_index": 25, "green_area": 120.07313987624366, "green_pc": 1.2007313987606474, "buildings_area": 6601.5243369787931, "buildings_pc": 66.015243369689557, "road_area": 2639.5492408275604, "road_pc": 26.395492408236272, "free_space_area": 643.1169086933877, "free_space_pc": 6.4311690869242932, "railways_area": 0.0, "railways_pc": 0.0, "free_space_number": 9.0, "tree_number": 0.0 }, "geometry": { "type": "MultiPolygon", "coordinates": [ [ [ [ 1263393.896874761208892, 5543369.404702704399824 ], [ 1263493.896874761208892, 5543369.404702704399824 ], [ 1263493.896874761208892, 5543269.404702704399824 ], [ 1263393.896874761208892, 5543269.404702704399824 ], [ 1263393.896874761208892, 5543369.404702704399824 ] ] ] ] } },
{ "type": "Feature", "properties": { "id": 885, "left": 1263393.8968747612, "top": 5543269.4047027044, "right": 1263493.8968747612, "bottom": 5543169.4047027044, "row_index": 9, "col_index": 25, "green_area": 513.76077309902757, "green_pc": 5.1376077309826202, "buildings_area": 5938.6941948165186, "buildings_pc": 59.386941948076689, "road_area": 2421.1779891252518, "road_pc": 24.211779891216441, "free_space_area": 1139.0597871990858, "free_space_pc": 11.390597871973885, "railways_area": 0.0, "railways_pc": 0.0, "free_space_number": 15.0, "tree_number": 0.0 }, "geometry": { "type": "MultiPolygon", "coordinates": [ [ [ [ 1263393.896874761208892, 5543269.404702704399824 ], [ 1263493.896874761208892, 5543269.404702704399824 ], [ 1263493.896874761208892, 5543169.404702704399824 ], [ 1263393.896874761208892, 5543169.404702704399824 ], [ 1263393.896874761208892, 5543269.404702704399824 ] ] ] ] } },
{ "type": "Feature", "properties": { "id": 886, "left": 1263393.8968747612, "top": 5543169.4047027044, "right": 1263493.8968747612, "bottom": 5543069.4047027044, "row_index": 10, "col_index": 25, "green_area": 272.50234853476286, "green_pc": 2.7250234853435682, "buildings_area": 5006.2007272662595, "buildings_pc": 50.062007272587998, "road_area": 3044.2120530977845, "road_pc": 30.442120530932481, "free_space_area": 1677.121983374773, "free_space_pc": 16.771219833722739, "railways_area": 0.0, "railways_pc": 0.0, "free_space_number": 8.0, "tree_number": 0.0 }, "geometry": { "type": "MultiPolygon", "coordinates": [ [ [ [ 1263393.896874761208892, 5543169.404702704399824 ], [ 1263493.896874761208892, 5543169.404702704399824 ], [ 1263493.896874761208892, 5543069.404702704399824 ], [ 1263393.896874761208892, 5543069.404702704399824 ], [ 1263393.896874761208892, 5543169.404702704399824 ] ] ] ] } },
{ "type": "Feature", "properties": { "id": 887, "left": 1263393.8968747612, "top": 5543069.4047027044, "right": 1263493.8968747612, "bottom": 5542969.4047027044, "row_index": 11, "col_index": 25, "green_area": 1036.8274223291082, "green_pc": 10.368274223275632, "buildings_area": 6607.2812757331412, "buildings_pc": 66.072812757232953, "road_area": 1151.2620367854834, "road_pc": 11.512620367837679, "free_space_area": 1220.563770749749, "free_space_pc": 12.205637707479301, "railways_area": 0.0, "railways_pc": 0.0, "free_space_number": 23.0, "tree_number": 0.0 }, "geometry": { "type": "MultiPolygon", "coordinates": [ [ [ [ 1263393.896874761208892, 5543069.404702704399824 ], [ 1263493.896874761208892, 5543069.404702704399824 ], [ 1263493.896874761208892, 5542969.404702704399824 ], [ 1263393.896874761208892, 5542969.404702704399824 ], [ 1263393.896874761208892, 5543069.404702704399824 ] ] ] ] } },
{ "type": "Feature", "properties": { "id": 888, "left": 1263393.8968747612, "top": 5542969.4047027044, "right": 1263493.8968747612, "bottom": 5542869.4047027044, "row_index": 12, "col_index": 25, "green_area": 646.13614442851394, "green_pc": 6.4613614442755116, "buildings_area": 6592.8727287277579, "buildings_pc": 65.928727287179342, "road_area": 1079.9192246347666, "road_pc": 10.799192246331573, "free_space_area": 1691.4639458707634, "free_space_pc": 16.914639458682426, "railways_area": 0.0, "railways_pc": 0.0, "free_space_number": 29.0, "tree_number": 0.0 }, "geometry": { "type": "MultiPolygon", "coordinates": [ [ [ [ 1263393.896874761208892, 5542969.404702704399824 ], [ 1263493.896874761208892, 5542969.404702704399824 ], [ 1263493.896874761208892, 5542869.404702704399824 ], [ 1263393.896874761208892, 5542869.404702704399824 ], [ 1263393.896874761208892, 5542969.404702704399824 ] ] ] ] } },
{ "type": "Feature", "properties": { "id": 889, "left": 1263393.8968747612, "top": 5542869.4047027044, "right": 1263493.8968747612, "bottom": 5542769.4047027044, "row_index": 13, "col_index": 25, "green_area": 464.02832412905991, "green_pc": 4.6402832412836847, "buildings_area": 6154.3861707590986, "buildings_pc": 61.543861707499282, "road_area": 1270.7179399775341, "road_pc": 12.707179399756406, "free_space_area": 2114.0748723274528, "free_space_pc": 21.140748723243025, "railways_area": 0.0, "railways_pc": 0.0, "free_space_number": 12.0, "tree_number": 0.0 }, "geometry": { "type": "MultiPolygon", "coordinates": [ [ [ [ 1263393.896874761208892, 5542869.404702704399824 ], [ 1263493.896874761208892, 5542869.404702704399824 ], [ 1263493.896874761208892, 5542769.404702704399824 ], [ 1263393.896874761208892, 5542769.404702704399824 ], [ 1263393.896874761208892, 5542869.404702704399824 ] ] ] ] } },
{ "type": "Feature", "properties": { "id": 890, "left": 1263393.8968747612, "top": 5542769.4047027044, "right": 1263493.8968747612, "bottom": 5542669.4047027044, "row_index": 14, "col_index": 25, "green_area": 1893.4598894272931, "green_pc": 18.934598894244715, "buildings_area": 5322.7072012573481, "buildings_pc": 53.227072012494169, "road_area": 28.021489745005965, "road_pc": 0.28021489744964212, "free_space_area": 2759.1572824891191, "free_space_pc": 27.591572824850076, "railways_area": 0.0, "railways_pc": 0.0, "free_space_number": 10.0, "tree_number": 0.0 }, "geometry": { "type": "MultiPolygon", "coordinates": [ [ [ [ 1263393.896874761208892, 5542769.404702704399824 ], [ 1263493.896874761208892, 5542769.404702704399824 ], [ 1263493.896874761208892, 5542669.404702704399824 ], [ 1263393.896874761208892, 5542669.404702704399824 ], [ 1263393.896874761208892, 5542769.404702704399824 ] ] ] ] } },
{ "type": "Feature", "properties": { "id": 891, "left": 1263393.8968747612, "top": 5542669.4047027044, "right": 1263493.8968747612, "bottom": 5542569.4047027044, "row_index": 15, "col_index": 25, "green_area": 204.85454167342687, "green_pc": 2.048545416731216, "buildings_area": 4640.3964796613436, "buildings_pc": 46.403964796544287, "road_area": 1835.6208545938134, "road_pc": 18.356208545910782, "free_space_area": 3319.1281240237199, "free_space_pc": 33.191281240187742, "railways_area": 0.0, "railways_pc": 0.0, "free_space_number": 9.0, "tree_number": 0.0 }, "geometry": { "type": "MultiPolygon", "coordinates": [ [ [ [ 1263393.896874761208892, 5542669.404702704399824 ], [ 1263493.896874761208892, 5542669.404702704399824 ], [ 1263493.896874761208892, 5542569.404702704399824 ], [ 1263393.896874761208892, 5542569.404702704399824 ], [ 1263393.896874761208892, 5542669.404702704399824 ] ] ] ] } },
{ "type": "Feature", "properties": { "id": 892, "left": 1263393.8968747612, "top": 5542569.4047027044, "right": 1263493.8968747612, "bottom": 5542469.4047027044, "row_index": 16, "col_index": 25, "green_area": 0.0, "green_pc": 0.0, "buildings_area": 7952.4234349261969, "buildings_pc": 79.52423434914347, "road_area": 1399.4459635876119, "road_pc": 13.994459635855266, "free_space_area": 648.13060157609448, "free_space_pc": 6.4813060157512874, "railways_area": 0.0, "railways_pc": 0.0, "free_space_number": 9.0, "tree_number": 0.0 }, "geometry": { "type": "MultiPolygon", "coordinates": [ [ [ [ 1263393.896874761208892, 5542569.404702704399824 ], [ 1263493.896874761208892, 5542569.404702704399824 ], [ 1263493.896874761208892, 5542469.404702704399824 ], [ 1263393.896874761208892, 5542469.404702704399824 ], [ 1263393.896874761208892, 5542569.404702704399824 ] ] ] ] } },
{ "type": "Feature", "properties": { "id": 893, "left": 1263393.8968747612, "top": 5542469.4047027044, "right": 1263493.8968747612, "bottom": 5542369.4047027044, "row_index": 17, "col_index": 25, "green_area": 1464.7118914164603, "green_pc": 14.647118914142776, "buildings_area": 7112.1304147844203, "buildings_pc": 71.121304147738229, "road_area": 0.0, "road_pc": 0.0, "free_space_area": 1534.1015856982267, "free_space_pc": 15.341015856959407, "railways_area": 0.0, "railways_pc": 0.0, "free_space_number": 8.0, "tree_number": 0.0 }, "geometry": { "type": "MultiPolygon", "coordinates": [ [ [ [ 1263393.896874761208892, 5542469.404702704399824 ], [ 1263493.896874761208892, 5542469.404702704399824 ], [ 1263493.896874761208892, 5542369.404702704399824 ], [ 1263393.896874761208892, 5542369.404702704399824 ], [ 1263393.896874761208892, 5542469.404702704399824 ] ] ] ] } },
{ "type": "Feature", "properties": { "id": 894, "left": 1263393.8968747612, "top": 5542369.4047027044, "right": 1263493.8968747612, "bottom": 5542269.4047027044, "row_index": 18, "col_index": 25, "green_area": 839.82088035624474, "green_pc": 8.3982088035499327, "buildings_area": 5497.6816112984088, "buildings_pc": 54.976816112902164, "road_area": 950.13959404779598, "road_pc": 9.5013959404638015, "free_space_area": 2726.3117371721892, "free_space_pc": 27.263117371681265, "railways_area": 0.0, "railways_pc": 0.0, "free_space_number": 10.0, "tree_number": 0.0 }, "geometry": { "type": "MultiPolygon", "coordinates": [ [ [ [ 1263393.896874761208892, 5542369.404702704399824 ], [ 1263493.896874761208892, 5542369.404702704399824 ], [ 1263493.896874761208892, 5542269.404702704399824 ], [ 1263393.896874761208892, 5542269.404702704399824 ], [ 1263393.896874761208892, 5542369.404702704399824 ] ] ] ] } },
{ "type": "Feature", "properties": { "id": 895, "left": 1263393.8968747612, "top": 5542269.4047027044, "right": 1263493.8968747612, "bottom": 5542169.4047027044, "row_index": 19, "col_index": 25, "green_area": 0.0, "green_pc": 0.0, "buildings_area": 7032.9657464551274, "buildings_pc": 70.32965746444647, "road_area": 1717.8819100949913, "road_pc": 17.178819100924315, "free_space_area": 1320.6113851277623, "free_space_pc": 13.206113851257944, "railways_area": 0.0, "railways_pc": 0.0, "free_space_number": 13.0, "tree_number": 0.0 }, "geometry": { "type": "MultiPolygon", "coordinates": [ [ [ [ 1263393.896874761208892, 5542269.404702704399824 ], [ 1263493.896874761208892, 5542269.404702704399824 ], [ 1263493.896874761208892, 5542169.404702704399824 ], [ 1263393.896874761208892, 5542169.404702704399824 ], [ 1263393.896874761208892, 5542269.404702704399824 ] ] ] ] } },
{ "type": "Feature", "properties": { "id": 896, "left": 1263393.8968747612, "top": 5542169.4047027044, "right": 1263493.8968747612, "bottom": 5542069.4047027044, "row_index": 20, "col_index": 25, "green_area": 0.0, "green_pc": 0.0, "buildings_area": 7243.3221401711926, "buildings_pc": 72.433221401603987, "road_area": 2054.1774045489728, "road_pc": 20.541774045459118, "free_space_area": 702.50320094730705, "free_space_pc": 7.0250320094626026, "railways_area": 0.0, "railways_pc": 0.0, "free_space_number": 10.0, "tree_number": 0.0 }, "geometry": { "type": "MultiPolygon", "coordinates": [ [ [ [ 1263393.896874761208892, 5542169.404702704399824 ], [ 1263493.896874761208892, 5542169.404702704399824 ], [ 1263493.896874761208892, 5542069.404702704399824 ], [ 1263393.896874761208892, 5542069.404702704399824 ], [ 1263393.896874761208892, 5542169.404702704399824 ] ] ] ] } },
{ "type": "Feature", "properties": { "id": 897, "left": 1263393.8968747612, "top": 5542069.4047027044, "right": 1263493.8968747612, "bottom": 5541969.4047027044, "row_index": 21, "col_index": 25, "green_area": 266.12873772601597, "green_pc": 2.661287377256194, "buildings_area": 6748.9626809949987, "buildings_pc": 67.489626809849426, "road_area": 1882.2939540594816, "road_pc": 18.822939540566768, "free_space_area": 1119.1108327920083, "free_space_pc": 11.191108327903407, "railways_area": 0.0, "railways_pc": 0.0, "free_space_number": 13.0, "tree_number": 0.0 }, "geometry": { "type": "MultiPolygon", "coordinates": [ [ [ [ 1263393.896874761208892, 5542069.404702704399824 ], [ 1263493.896874761208892, 5542069.404702704399824 ], [ 1263493.896874761208892, 5541969.404702704399824 ], [ 1263393.896874761208892, 5541969.404702704399824 ], [ 1263393.896874761208892, 5542069.404702704399824 ] ] ] ] } },
{ "type": "Feature", "properties": { "id": 898, "left": 1263393.8968747612, "top": 5541969.4047027044, "right": 1263493.8968747612, "bottom": 5541869.4047027044, "row_index": 22, "col_index": 25, "green_area": 1754.0847099566599, "green_pc": 17.540847099540461, "buildings_area": 5871.1507046013139, "buildings_pc": 58.71150704592565, "road_area": 764.58920368365943, "road_pc": 7.6458920368252015, "free_space_area": 1677.4120686892502, "free_space_pc": 16.774120686867505, "railways_area": 0.0, "railways_pc": 0.0, "free_space_number": 20.0, "tree_number": 0.0 }, "geometry": { "type": "MultiPolygon", "coordinates": [ [ [ [ 1263393.896874761208892, 5541969.404702704399824 ], [ 1263493.896874761208892, 5541969.404702704399824 ], [ 1263493.896874761208892, 5541869.404702704399824 ], [ 1263393.896874761208892, 5541869.404702704399824 ], [ 1263393.896874761208892, 5541969.404702704399824 ] ] ] ] } },
{ "type": "Feature", "properties": { "id": 899, "left": 1263393.8968747612, "top": 5541869.4047027044, "right": 1263493.8968747612, "bottom": 5541769.4047027044, "row_index": 23, "col_index": 25, "green_area": 1770.8731841262197, "green_pc": 17.70873184123581, "buildings_area": 4962.9182432235684, "buildings_pc": 49.629182432161734, "road_area": 343.90536508522928, "road_pc": 3.4390536508471681, "free_space_area": 2956.3801843338879, "free_space_pc": 29.563801843294826, "railways_area": 0.0, "railways_pc": 0.0, "free_space_number": 10.0, "tree_number": 0.0 }, "geometry": { "type": "MultiPolygon", "coordinates": [ [ [ [ 1263393.896874761208892, 5541869.404702704399824 ], [ 1263493.896874761208892, 5541869.404702704399824 ], [ 1263493.896874761208892, 5541769.404702704399824 ], [ 1263393.896874761208892, 5541769.404702704399824 ], [ 1263393.896874761208892, 5541869.404702704399824 ] ] ] ] } },
{ "type": "Feature", "properties": { "id": 900, "left": 1263393.8968747612, "top": 5541769.4047027044, "right": 1263493.8968747612, "bottom": 5541669.4047027044, "row_index": 24, "col_index": 25, "green_area": 274.3993553519249, "green_pc": 2.7439935535151601, "buildings_area": 6379.820025737863, "buildings_pc": 63.798200257283561, "road_area": 2262.7089690142311, "road_pc": 22.627089690108594, "free_space_area": 1085.4545975211354, "free_space_pc": 10.85454597519518, "railways_area": 0.0, "railways_pc": 0.0, "free_space_number": 16.0, "tree_number": 0.0 }, "geometry": { "type": "MultiPolygon", "coordinates": [ [ [ [ 1263393.896874761208892, 5541769.404702704399824 ], [ 1263493.896874761208892, 5541769.404702704399824 ], [ 1263493.896874761208892, 5541669.404702704399824 ], [ 1263393.896874761208892, 5541669.404702704399824 ], [ 1263393.896874761208892, 5541769.404702704399824 ] ] ] ] } },
{ "type": "Feature", "properties": { "id": 901, "left": 1263393.8968747612, "top": 5541669.4047027044, "right": 1263493.8968747612, "bottom": 5541569.4047027044, "row_index": 25, "col_index": 25, "green_area": 0.0, "green_pc": 0.0, "buildings_area": 6607.909589106217, "buildings_pc": 66.0790958909637, "road_area": 2145.1012378772721, "road_pc": 21.451012378740757, "free_space_area": 1246.9945836037555, "free_space_pc": 12.469945836018972, "railways_area": 0.0, "railways_pc": 0.0, "free_space_number": 10.0, "tree_number": 0.0 }, "geometry": { "type": "MultiPolygon", "coordinates": [ [ [ [ 1263393.896874761208892, 5541669.404702704399824 ], [ 1263493.896874761208892, 5541669.404702704399824 ], [ 1263493.896874761208892, 5541569.404702704399824 ], [ 1263393.896874761208892, 5541569.404702704399824 ], [ 1263393.896874761208892, 5541669.404702704399824 ] ] ] ] } },
{ "type": "Feature", "properties": { "id": 902, "left": 1263393.8968747612, "top": 5541569.4047027044, "right": 1263493.8968747612, "bottom": 5541469.4047027044, "row_index": 26, "col_index": 25, "green_area": 0.0, "green_pc": 0.0, "buildings_area": 6754.6700743554975, "buildings_pc": 67.546700743454323, "road_area": 1566.360632929951, "road_pc": 15.663606329276169, "free_space_area": 1679.0468220779751, "free_space_pc": 16.790468220754732, "railways_area": 0.0, "railways_pc": 0.0, "free_space_number": 26.0, "tree_number": 0.0 }, "geometry": { "type": "MultiPolygon", "coordinates": [ [ [ [ 1263393.896874761208892, 5541569.404702704399824 ], [ 1263493.896874761208892, 5541569.404702704399824 ], [ 1263493.896874761208892, 5541469.404702704399824 ], [ 1263393.896874761208892, 5541469.404702704399824 ], [ 1263393.896874761208892, 5541569.404702704399824 ] ] ] ] } },
{ "type": "Feature", "properties": { "id": 903, "left": 1263393.8968747612, "top": 5541469.4047027044, "right": 1263493.8968747612, "bottom": 5541369.4047027044, "row_index": 27, "col_index": 25, "green_area": 1436.1919521838427, "green_pc": 14.361919521817025, "buildings_area": 5648.1821472491138, "buildings_pc": 56.48182147240697, "road_area": 1080.6814801804721, "road_pc": 10.806814801788619, "free_space_area": 1840.9452145910418, "free_space_pc": 18.409452145882984, "railways_area": 0.0, "railways_pc": 0.0, "free_space_number": 19.0, "tree_number": 0.0 }, "geometry": { "type": "MultiPolygon", "coordinates": [ [ [ [ 1263393.896874761208892, 5541469.404702704399824 ], [ 1263493.896874761208892, 5541469.404702704399824 ], [ 1263493.896874761208892, 5541369.404702704399824 ], [ 1263393.896874761208892, 5541369.404702704399824 ], [ 1263393.896874761208892, 5541469.404702704399824 ] ] ] ] } },
{ "type": "Feature", "properties": { "id": 904, "left": 1263393.8968747612, "top": 5541369.4047027044, "right": 1263493.8968747612, "bottom": 5541269.4047027044, "row_index": 28, "col_index": 25, "green_area": 1188.6279909587465, "green_pc": 11.886279909569753, "buildings_area": 5455.6178722959012, "buildings_pc": 54.556178722877718, "road_area": 876.84812186285853, "road_pc": 8.7684812186155199, "free_space_area": 2484.7622991917319, "free_space_pc": 24.847622991880293, "railways_area": 0.0, "railways_pc": 0.0, "free_space_number": 12.0, "tree_number": 0.0 }, "geometry": { "type": "MultiPolygon", "coordinates": [ [ [ [ 1263393.896874761208892, 5541369.404702704399824 ], [ 1263493.896874761208892, 5541369.404702704399824 ], [ 1263493.896874761208892, 5541269.404702704399824 ], [ 1263393.896874761208892, 5541269.404702704399824 ], [ 1263393.896874761208892, 5541369.404702704399824 ] ] ] ] } },
{ "type": "Feature", "properties": { "id": 905, "left": 1263393.8968747612, "top": 5541269.4047027044, "right": 1263493.8968747612, "bottom": 5541169.4047027044, "row_index": 29, "col_index": 25, "green_area": 5634.8106452655047, "green_pc": 56.348106452571081, "buildings_area": 3351.4599779653363, "buildings_pc": 33.514599779603422, "road_area": 453.280771009624, "road_pc": 4.5328077100894859, "free_space_area": 610.74595694656227, "free_space_pc": 6.1074595694565224, "railways_area": 0.0, "railways_pc": 0.0, "free_space_number": 21.0, "tree_number": 0.0 }, "geometry": { "type": "MultiPolygon", "coordinates": [ [ [ [ 1263393.896874761208892, 5541269.404702704399824 ], [ 1263493.896874761208892, 5541269.404702704399824 ], [ 1263493.896874761208892, 5541169.404702704399824 ], [ 1263393.896874761208892, 5541169.404702704399824 ], [ 1263393.896874761208892, 5541269.404702704399824 ] ] ] ] } },
{ "type": "Feature", "properties": { "id": 906, "left": 1263393.8968747612, "top": 5541169.4047027044, "right": 1263493.8968747612, "bottom": 5541069.4047027044, "row_index": 30, "col_index": 25, "green_area": 2042.5139279572759, "green_pc": 20.425139279542321, "buildings_area": 5398.8867319806013, "buildings_pc": 53.988867319725564, "road_area": 1421.8481390653178, "road_pc": 14.218481390631991, "free_space_area": 1323.067123961011, "free_space_pc": 13.230671239590395, "railways_area": 0.0, "railways_pc": 0.0, "free_space_number": 25.0, "tree_number": 0.0 }, "geometry": { "type": "MultiPolygon", "coordinates": [ [ [ [ 1263393.896874761208892, 5541169.404702704399824 ], [ 1263493.896874761208892, 5541169.404702704399824 ], [ 1263493.896874761208892, 5541069.404702704399824 ], [ 1263393.896874761208892, 5541069.404702704399824 ], [ 1263393.896874761208892, 5541169.404702704399824 ] ] ] ] } },
{ "type": "Feature", "properties": { "id": 907, "left": 1263393.8968747612, "top": 5541069.4047027044, "right": 1263493.8968747612, "bottom": 5540969.4047027044, "row_index": 31, "col_index": 25, "green_area": 590.0801786952652, "green_pc": 5.9008017869438589, "buildings_area": 6246.3960529910983, "buildings_pc": 62.463960529817903, "road_area": 1228.7336919419467, "road_pc": 12.287336919401158, "free_space_area": 1940.8243281151156, "free_space_pc": 19.408243281122235, "railways_area": 0.0, "railways_pc": 0.0, "free_space_number": 15.0, "tree_number": 0.0 }, "geometry": { "type": "MultiPolygon", "coordinates": [ [ [ [ 1263393.896874761208892, 5541069.404702704399824 ], [ 1263493.896874761208892, 5541069.404702704399824 ], [ 1263493.896874761208892, 5540969.404702704399824 ], [ 1263393.896874761208892, 5540969.404702704399824 ], [ 1263393.896874761208892, 5541069.404702704399824 ] ] ] ] } },
{ "type": "Feature", "properties": { "id": 908, "left": 1263393.8968747612, "top": 5540969.4047027044, "right": 1263493.8968747612, "bottom": 5540869.4047027044, "row_index": 32, "col_index": 25, "green_area": 4129.7338580833748, "green_pc": 41.297338580772212, "buildings_area": 3527.9108449961059, "buildings_pc": 35.279108449908492, "road_area": 417.3406883738935, "road_pc": 4.1734068837327163, "free_space_area": 1937.4257910973392, "free_space_pc": 19.374257910944522, "railways_area": 0.0, "railways_pc": 0.0, "free_space_number": 9.0, "tree_number": 3.0 }, "geometry": { "type": "MultiPolygon", "coordinates": [ [ [ [ 1263393.896874761208892, 5540969.404702704399824 ], [ 1263493.896874761208892, 5540969.404702704399824 ], [ 1263493.896874761208892, 5540869.404702704399824 ], [ 1263393.896874761208892, 5540869.404702704399824 ], [ 1263393.896874761208892, 5540969.404702704399824 ] ] ] ] } },
{ "type": "Feature", "properties": { "id": 909, "left": 1263393.8968747612, "top": 5540869.4047027044, "right": 1263493.8968747612, "bottom": 5540769.4047027044, "row_index": 33, "col_index": 25, "green_area": 1078.9540305400733, "green_pc": 34.914866875022355, "buildings_area": 232.32653229683638, "buildings_pc": 7.5180681633111988, "road_area": 1451.6660508979112, "road_pc": 46.975798300433269, "free_space_area": 327.84826890503609, "free_space_pc": 10.609143985769395, "railways_area": 0.0, "railways_pc": 0.0, "free_space_number": 2.0, "tree_number": 0.0 }, "geometry": { "type": "MultiPolygon", "coordinates": [ [ [ [ 1263393.896874761208892, 5540847.007514520548284 ], [ 1263393.896874761208892, 5540869.404702704399824 ], [ 1263493.896874761208892, 5540869.404702704399824 ], [ 1263493.896874761208892, 5540829.997042288072407 ], [ 1263393.896874761208892, 5540847.007514520548284 ] ] ] ] } },
{ "type": "Feature", "properties": { "id": 913, "left": 1263493.8968747612, "top": 5543969.4047027044, "right": 1263593.8968747612, "bottom": 5543869.4047027044, "row_index": 2, "col_index": 26, "green_area": 100.32654208689928, "green_pc": 2.3175261932584332, "buildings_area": 0.0, "buildings_pc": 0.0, "road_area": 0.0, "road_pc": 0.0, "free_space_area": 0.0, "free_space_pc": 0.0, "railways_area": 4228.7094092443585, "railways_pc": 97.682473807516047, "free_space_number": 0.0, "tree_number": 0.0 }, "geometry": { "type": "MultiPolygon", "coordinates": [ [ [ [ 1263497.45722746476531, 5543921.57689624466002 ], [ 1263524.011859676567838, 5543916.860321285203099 ], [ 1263545.111450057243928, 5543912.466986728832126 ], [ 1263569.693246580427513, 5543907.616139268502593 ], [ 1263590.007204654859379, 5543903.516589710488915 ], [ 1263593.896874761208892, 5543902.603824550285935 ], [ 1263593.896874761208892, 5543869.404702704399824 ], [ 1263493.896874761208892, 5543869.404702704399824 ], [ 1263493.896874761208892, 5543922.209940831176937 ], [ 1263497.45722746476531, 5543921.57689624466002 ] ] ] ] } },
{ "type": "Feature", "properties": { "id": 914, "left": 1263493.8968747612, "top": 5543869.4047027044, "right": 1263593.8968747612, "bottom": 5543769.4047027044, "row_index": 3, "col_index": 26, "green_area": 3977.8733797026798, "green_pc": 39.778733796967522, "buildings_area": 2146.3426421115873, "buildings_pc": 21.463426421083891, "road_area": 1626.3701095785946, "road_pc": 16.263701095761711, "free_space_area": 1105.5556474613641, "free_space_pc": 11.055556474597166, "railways_area": 1207.5732051841915, "railways_pc": 12.07573205182392, "free_space_number": 9.0, "tree_number": 0.0 }, "geometry": { "type": "MultiPolygon", "coordinates": [ [ [ [ 1263493.896874761208892, 5543869.404702704399824 ], [ 1263593.896874761208892, 5543869.404702704399824 ], [ 1263593.896874761208892, 5543769.404702704399824 ], [ 1263493.896874761208892, 5543769.404702704399824 ], [ 1263493.896874761208892, 5543869.404702704399824 ] ] ] ] } },
{ "type": "Feature", "properties": { "id": 915, "left": 1263493.8968747612, "top": 5543769.4047027044, "right": 1263593.8968747612, "bottom": 5543669.4047027044, "row_index": 4, "col_index": 26, "green_area": 5007.3073135521263, "green_pc": 50.073073135446649, "buildings_area": 1700.7873724071833, "buildings_pc": 17.00787372404649, "road_area": 516.63776803016663, "road_pc": 5.1663776802939676, "free_space_area": 2785.4032634914038, "free_space_pc": 27.854032634872532, "railways_area": 0.0, "railways_pc": 0.0, "free_space_number": 4.0, "tree_number": 3.0 }, "geometry": { "type": "MultiPolygon", "coordinates": [ [ [ [ 1263493.896874761208892, 5543769.404702704399824 ], [ 1263593.896874761208892, 5543769.404702704399824 ], [ 1263593.896874761208892, 5543669.404702704399824 ], [ 1263493.896874761208892, 5543669.404702704399824 ], [ 1263493.896874761208892, 5543769.404702704399824 ] ] ] ] } },
{ "type": "Feature", "properties": { "id": 916, "left": 1263493.8968747612, "top": 5543669.4047027044, "right": 1263593.8968747612, "bottom": 5543569.4047027044, "row_index": 5, "col_index": 26, "green_area": 498.91953596379608, "green_pc": 4.9891953596305267, "buildings_area": 1767.7893833993003, "buildings_pc": 17.67789383396666, "road_area": 5779.5989465741441, "road_pc": 57.795989465655317, "free_space_area": 1953.7281048651785, "free_space_pc": 19.53728104862267, "railways_area": 0.0, "railways_pc": 0.0, "free_space_number": 4.0, "tree_number": 8.0 }, "geometry": { "type": "MultiPolygon", "coordinates": [ [ [ [ 1263493.896874761208892, 5543669.404702704399824 ], [ 1263593.896874761208892, 5543669.404702704399824 ], [ 1263593.896874761208892, 5543569.404702704399824 ], [ 1263493.896874761208892, 5543569.404702704399824 ], [ 1263493.896874761208892, 5543669.404702704399824 ] ] ] ] } },
{ "type": "Feature", "properties": { "id": 917, "left": 1263493.8968747612, "top": 5543569.4047027044, "right": 1263593.8968747612, "bottom": 5543469.4047027044, "row_index": 6, "col_index": 26, "green_area": 0.0, "green_pc": 0.0, "buildings_area": 5242.2289886958897, "buildings_pc": 52.422289886880783, "road_area": 4381.0695118457079, "road_pc": 43.810695118391799, "free_space_area": 376.71738609604336, "free_space_pc": 3.76717386095482, "railways_area": 0.0, "railways_pc": 0.0, "free_space_number": 5.0, "tree_number": 0.0 }, "geometry": { "type": "MultiPolygon", "coordinates": [ [ [ [ 1263493.896874761208892, 5543569.404702704399824 ], [ 1263593.896874761208892, 5543569.404702704399824 ], [ 1263593.896874761208892, 5543469.404702704399824 ], [ 1263493.896874761208892, 5543469.404702704399824 ], [ 1263493.896874761208892, 5543569.404702704399824 ] ] ] ] } },
{ "type": "Feature", "properties": { "id": 918, "left": 1263493.8968747612, "top": 5543469.4047027044, "right": 1263593.8968747612, "bottom": 5543369.4047027044, "row_index": 7, "col_index": 26, "green_area": 247.99887840263546, "green_pc": 2.4799887840226589, "buildings_area": 5149.5398108966183, "buildings_pc": 51.495398108889447, "road_area": 2066.7462863624096, "road_pc": 20.6674628635933, "free_space_area": 2543.208247932318, "free_space_pc": 25.432082479285281, "railways_area": 0.0, "railways_pc": 0.0, "free_space_number": 9.0, "tree_number": 5.0 }, "geometry": { "type": "MultiPolygon", "coordinates": [ [ [ [ 1263493.896874761208892, 5543469.404702704399824 ], [ 1263593.896874761208892, 5543469.404702704399824 ], [ 1263593.896874761208892, 5543369.404702704399824 ], [ 1263493.896874761208892, 5543369.404702704399824 ], [ 1263493.896874761208892, 5543469.404702704399824 ] ] ] ] } },
{ "type": "Feature", "properties": { "id": 919, "left": 1263493.8968747612, "top": 5543369.4047027044, "right": 1263593.8968747612, "bottom": 5543269.4047027044, "row_index": 8, "col_index": 26, "green_area": 2012.8548116981983, "green_pc": 20.12854811695199, "buildings_area": 4748.357467334019, "buildings_pc": 47.483574673269437, "road_area": 0.0, "road_pc": 0.0, "free_space_area": 3253.851347087184, "free_space_pc": 32.538513470823354, "railways_area": 0.0, "railways_pc": 0.0, "free_space_number": 7.0, "tree_number": 0.0 }, "geometry": { "type": "MultiPolygon", "coordinates": [ [ [ [ 1263493.896874761208892, 5543369.404702704399824 ], [ 1263593.896874761208892, 5543369.404702704399824 ], [ 1263593.896874761208892, 5543269.404702704399824 ], [ 1263493.896874761208892, 5543269.404702704399824 ], [ 1263493.896874761208892, 5543369.404702704399824 ] ] ] ] } },
{ "type": "Feature", "properties": { "id": 920, "left": 1263493.8968747612, "top": 5543269.4047027044, "right": 1263593.8968747612, "bottom": 5543169.4047027044, "row_index": 9, "col_index": 26, "green_area": 637.78644123673439, "green_pc": 6.3778644123578401, "buildings_area": 4404.6089533818886, "buildings_pc": 44.046089533753253, "road_area": 1603.9587222337723, "road_pc": 16.039587222313823, "free_space_area": 3353.6458830243128, "free_space_pc": 33.536458830193155, "railways_area": 0.0, "railways_pc": 0.0, "free_space_number": 6.0, "tree_number": 0.0 }, "geometry": { "type": "MultiPolygon", "coordinates": [ [ [ [ 1263493.896874761208892, 5543269.404702704399824 ], [ 1263593.896874761208892, 5543269.404702704399824 ], [ 1263593.896874761208892, 5543169.404702704399824 ], [ 1263493.896874761208892, 5543169.404702704399824 ], [ 1263493.896874761208892, 5543269.404702704399824 ] ] ] ] } },
{ "type": "Feature", "properties": { "id": 921, "left": 1263493.8968747612, "top": 5543169.4047027044, "right": 1263593.8968747612, "bottom": 5543069.4047027044, "row_index": 10, "col_index": 26, "green_area": 0.0, "green_pc": 0.0, "buildings_area": 5285.0834708586335, "buildings_pc": 52.850834708507584, "road_area": 4333.4290185570717, "road_pc": 43.334290185506141, "free_space_area": 381.52747506391995, "free_space_pc": 3.8152747506335141, "railways_area": 0.0, "railways_pc": 0.0, "free_space_number": 7.0, "tree_number": 0.0 }, "geometry": { "type": "MultiPolygon", "coordinates": [ [ [ [ 1263493.896874761208892, 5543169.404702704399824 ], [ 1263593.896874761208892, 5543169.404702704399824 ], [ 1263593.896874761208892, 5543069.404702704399824 ], [ 1263493.896874761208892, 5543069.404702704399824 ], [ 1263493.896874761208892, 5543169.404702704399824 ] ] ] ] } },
{ "type": "Feature", "properties": { "id": 922, "left": 1263493.8968747612, "top": 5543069.4047027044, "right": 1263593.8968747612, "bottom": 5542969.4047027044, "row_index": 11, "col_index": 26, "green_area": 288.71803048066795, "green_pc": 2.8871803048023774, "buildings_area": 6907.508573197294, "buildings_pc": 69.075085731870004, "road_area": 997.17232002317905, "road_pc": 9.9717232002169318, "free_space_area": 1823.5395600538473, "free_space_pc": 18.2353956005113, "railways_area": 0.0, "railways_pc": 0.0, "free_space_number": 17.0, "tree_number": 0.0 }, "geometry": { "type": "MultiPolygon", "coordinates": [ [ [ [ 1263493.896874761208892, 5543069.404702704399824 ], [ 1263593.896874761208892, 5543069.404702704399824 ], [ 1263593.896874761208892, 5542969.404702704399824 ], [ 1263493.896874761208892, 5542969.404702704399824 ], [ 1263493.896874761208892, 5543069.404702704399824 ] ] ] ] } },
{ "type": "Feature", "properties": { "id": 923, "left": 1263493.8968747612, "top": 5542969.4047027044, "right": 1263593.8968747612, "bottom": 5542869.4047027044, "row_index": 12, "col_index": 26, "green_area": 107.69971089065075, "green_pc": 1.0769971089049026, "buildings_area": 7465.8683726694435, "buildings_pc": 74.658683726583192, "road_area": 960.39822445064783, "road_pc": 9.6039822444921672, "free_space_area": 1474.8033480853992, "free_space_pc": 14.748033480832015, "railways_area": 0.0, "railways_pc": 0.0, "free_space_number": 21.0, "tree_number": 0.0 }, "geometry": { "type": "MultiPolygon", "coordinates": [ [ [ [ 1263493.896874761208892, 5542969.404702704399824 ], [ 1263593.896874761208892, 5542969.404702704399824 ], [ 1263593.896874761208892, 5542869.404702704399824 ], [ 1263493.896874761208892, 5542869.404702704399824 ], [ 1263493.896874761208892, 5542969.404702704399824 ] ] ] ] } },
{ "type": "Feature", "properties": { "id": 924, "left": 1263493.8968747612, "top": 5542869.4047027044, "right": 1263593.8968747612, "bottom": 5542769.4047027044, "row_index": 13, "col_index": 26, "green_area": 458.14441871270537, "green_pc": 4.5814441871202272, "buildings_area": 6247.5799766929122, "buildings_pc": 62.475799766836026, "road_area": 2049.9613105244935, "road_pc": 20.499613105214387, "free_space_area": 1244.4249202981955, "free_space_pc": 12.444249202963412, "railways_area": 0.0, "railways_pc": 0.0, "free_space_number": 18.0, "tree_number": 0.0 }, "geometry": { "type": "MultiPolygon", "coordinates": [ [ [ [ 1263493.896874761208892, 5542869.404702704399824 ], [ 1263593.896874761208892, 5542869.404702704399824 ], [ 1263593.896874761208892, 5542769.404702704399824 ], [ 1263493.896874761208892, 5542769.404702704399824 ], [ 1263493.896874761208892, 5542869.404702704399824 ] ] ] ] } },
{ "type": "Feature", "properties": { "id": 925, "left": 1263493.8968747612, "top": 5542769.4047027044, "right": 1263593.8968747612, "bottom": 5542669.4047027044, "row_index": 14, "col_index": 26, "green_area": 3079.3124629594386, "green_pc": 30.793124629548501, "buildings_area": 4210.0719159478322, "buildings_pc": 42.10071915941559, "road_area": 1147.7192035466433, "road_pc": 11.477192035449331, "free_space_area": 1581.8627767636626, "free_space_pc": 15.818627767613055, "railways_area": 0.0, "railways_pc": 0.0, "free_space_number": 8.0, "tree_number": 0.0 }, "geometry": { "type": "MultiPolygon", "coordinates": [ [ [ [ 1263493.896874761208892, 5542769.404702704399824 ], [ 1263593.896874761208892, 5542769.404702704399824 ], [ 1263593.896874761208892, 5542669.404702704399824 ], [ 1263493.896874761208892, 5542669.404702704399824 ], [ 1263493.896874761208892, 5542769.404702704399824 ] ] ] ] } },
{ "type": "Feature", "properties": { "id": 926, "left": 1263493.8968747612, "top": 5542669.4047027044, "right": 1263593.8968747612, "bottom": 5542569.4047027044, "row_index": 15, "col_index": 26, "green_area": 0.0, "green_pc": 0.0, "buildings_area": 7789.1173860025592, "buildings_pc": 77.891173859909529, "road_area": 1086.3817850090563, "road_pc": 10.863817850074375, "free_space_area": 496.29159807518289, "free_space_pc": 4.9629159807444339, "railways_area": 0.0, "railways_pc": 0.0, "free_space_number": 10.0, "tree_number": 0.0 }, "geometry": { "type": "MultiPolygon", "coordinates": [ [ [ [ 1263493.896874761208892, 5542669.404702704399824 ], [ 1263593.896874761208892, 5542669.404702704399824 ], [ 1263593.896874761208892, 5542569.404702704399824 ], [ 1263493.896874761208892, 5542569.404702704399824 ], [ 1263493.896874761208892, 5542669.404702704399824 ] ] ] ] } },
{ "type": "Feature", "properties": { "id": 927, "left": 1263493.8968747612, "top": 5542569.4047027044, "right": 1263593.8968747612, "bottom": 5542469.4047027044, "row_index": 16, "col_index": 26, "green_area": 769.34567852318287, "green_pc": 7.6934567852203646, "buildings_area": 4864.4736383305863, "buildings_pc": 48.644736383233379, "road_area": 1043.8187220785767, "road_pc": 10.438187220770212, "free_space_area": 303.93523865135916, "free_space_pc": 3.0393523865090626, "railways_area": 0.0, "railways_pc": 0.0, "free_space_number": 14.0, "tree_number": 0.0 }, "geometry": { "type": "MultiPolygon", "coordinates": [ [ [ [ 1263493.896874761208892, 5542569.404702704399824 ], [ 1263593.896874761208892, 5542569.404702704399824 ], [ 1263593.896874761208892, 5542469.404702704399824 ], [ 1263493.896874761208892, 5542469.404702704399824 ], [ 1263493.896874761208892, 5542569.404702704399824 ] ] ] ] } },
{ "type": "Feature", "properties": { "id": 928, "left": 1263493.8968747612, "top": 5542469.4047027044, "right": 1263593.8968747612, "bottom": 5542369.4047027044, "row_index": 17, "col_index": 26, "green_area": 3049.773830859689, "green_pc": 30.497738308551444, "buildings_area": 5714.5741552338004, "buildings_pc": 57.145741552252851, "road_area": 241.02276584506035, "road_pc": 2.4102276584470119, "free_space_area": 1121.9710168914171, "free_space_pc": 11.219710168897452, "railways_area": 0.0, "railways_pc": 0.0, "free_space_number": 11.0, "tree_number": 0.0 }, "geometry": { "type": "MultiPolygon", "coordinates": [ [ [ [ 1263493.896874761208892, 5542469.404702704399824 ], [ 1263593.896874761208892, 5542469.404702704399824 ], [ 1263593.896874761208892, 5542369.404702704399824 ], [ 1263493.896874761208892, 5542369.404702704399824 ], [ 1263493.896874761208892, 5542469.404702704399824 ] ] ] ] } },
{ "type": "Feature", "properties": { "id": 929, "left": 1263493.8968747612, "top": 5542369.4047027044, "right": 1263593.8968747612, "bottom": 5542269.4047027044, "row_index": 18, "col_index": 26, "green_area": 1152.890694571659, "green_pc": 11.52890694569941, "buildings_area": 5697.3954663928598, "buildings_pc": 56.973954663843699, "road_area": 58.434813484549522, "road_pc": 0.58434813484462444, "free_space_area": 3118.7387041482143, "free_space_pc": 31.18738704143567, "railways_area": 0.0, "railways_pc": 0.0, "free_space_number": 6.0, "tree_number": 0.0 }, "geometry": { "type": "MultiPolygon", "coordinates": [ [ [ [ 1263493.896874761208892, 5542369.404702704399824 ], [ 1263593.896874761208892, 5542369.404702704399824 ], [ 1263593.896874761208892, 5542269.404702704399824 ], [ 1263493.896874761208892, 5542269.404702704399824 ], [ 1263493.896874761208892, 5542369.404702704399824 ] ] ] ] } },
{ "type": "Feature", "properties": { "id": 930, "left": 1263493.8968747612, "top": 5542269.4047027044, "right": 1263593.8968747612, "bottom": 5542169.4047027044, "row_index": 19, "col_index": 26, "green_area": 201.40350810438395, "green_pc": 2.0140350810408383, "buildings_area": 6265.8443206071388, "buildings_pc": 62.658443205978017, "road_area": 2120.5384167432785, "road_pc": 21.205384167401185, "free_space_area": 1421.6473501508658, "free_space_pc": 14.216473501487473, "railways_area": 0.0, "railways_pc": 0.0, "free_space_number": 13.0, "tree_number": 0.0 }, "geometry": { "type": "MultiPolygon", "coordinates": [ [ [ [ 1263493.896874761208892, 5542269.404702704399824 ], [ 1263593.896874761208892, 5542269.404702704399824 ], [ 1263593.896874761208892, 5542169.404702704399824 ], [ 1263493.896874761208892, 5542169.404702704399824 ], [ 1263493.896874761208892, 5542269.404702704399824 ] ] ] ] } },
{ "type": "Feature", "properties": { "id": 931, "left": 1263493.8968747612, "top": 5542169.4047027044, "right": 1263593.8968747612, "bottom": 5542069.4047027044, "row_index": 20, "col_index": 26, "green_area": 1276.3400470017223, "green_pc": 12.763400469998203, "buildings_area": 6526.7953714043833, "buildings_pc": 65.267953713946582, "road_area": 1261.5479067526758, "road_pc": 12.615479067507959, "free_space_area": 978.6852822310542, "free_space_pc": 9.7868528222959572, "railways_area": 0.0, "railways_pc": 0.0, "free_space_number": 19.0, "tree_number": 0.0 }, "geometry": { "type": "MultiPolygon", "coordinates": [ [ [ [ 1263493.896874761208892, 5542169.404702704399824 ], [ 1263593.896874761208892, 5542169.404702704399824 ], [ 1263593.896874761208892, 5542069.404702704399824 ], [ 1263493.896874761208892, 5542069.404702704399824 ], [ 1263493.896874761208892, 5542169.404702704399824 ] ] ] ] } },
{ "type": "Feature", "properties": { "id": 932, "left": 1263493.8968747612, "top": 5542069.4047027044, "right": 1263593.8968747612, "bottom": 5541969.4047027044, "row_index": 21, "col_index": 26, "green_area": 543.38265925832093, "green_pc": 5.4338265925751124, "buildings_area": 6661.3669460145757, "buildings_pc": 66.613669460046495, "road_area": 1528.828277378343, "road_pc": 15.288282773760649, "free_space_area": 1271.0944829884684, "free_space_pc": 12.710944829865744, "railways_area": 0.0, "railways_pc": 0.0, "free_space_number": 11.0, "tree_number": 0.0 }, "geometry": { "type": "MultiPolygon", "coordinates": [ [ [ [ 1263493.896874761208892, 5542069.404702704399824 ], [ 1263593.896874761208892, 5542069.404702704399824 ], [ 1263593.896874761208892, 5541969.404702704399824 ], [ 1263493.896874761208892, 5541969.404702704399824 ], [ 1263493.896874761208892, 5542069.404702704399824 ] ] ] ] } },
{ "type": "Feature", "properties": { "id": 933, "left": 1263493.8968747612, "top": 5541969.4047027044, "right": 1263593.8968747612, "bottom": 5541869.4047027044, "row_index": 22, "col_index": 26, "green_area": 1065.8288185764104, "green_pc": 10.658288185748223, "buildings_area": 6416.5926683123689, "buildings_pc": 64.165926683028076, "road_area": 971.72496266663074, "road_pc": 9.717249626651828, "free_space_area": 1573.6827288076388, "free_space_pc": 15.73682728805294, "railways_area": 0.0, "railways_pc": 0.0, "free_space_number": 17.0, "tree_number": 0.0 }, "geometry": { "type": "MultiPolygon", "coordinates": [ [ [ [ 1263493.896874761208892, 5541969.404702704399824 ], [ 1263593.896874761208892, 5541969.404702704399824 ], [ 1263593.896874761208892, 5541869.404702704399824 ], [ 1263493.896874761208892, 5541869.404702704399824 ], [ 1263493.896874761208892, 5541969.404702704399824 ] ] ] ] } },
{ "type": "Feature", "properties": { "id": 934, "left": 1263493.8968747612, "top": 5541869.4047027044, "right": 1263593.8968747612, "bottom": 5541769.4047027044, "row_index": 23, "col_index": 26, "green_area": 0.0, "green_pc": 0.0, "buildings_area": 7582.5191000162158, "buildings_pc": 75.825191000049173, "road_area": 1283.9089051783085, "road_pc": 12.839089051763953, "free_space_area": 1133.6729228727995, "free_space_pc": 11.336729228711102, "railways_area": 0.0, "railways_pc": 0.0, "free_space_number": 19.0, "tree_number": 0.0 }, "geometry": { "type": "MultiPolygon", "coordinates": [ [ [ [ 1263493.896874761208892, 5541869.404702704399824 ], [ 1263593.896874761208892, 5541869.404702704399824 ], [ 1263593.896874761208892, 5541769.404702704399824 ], [ 1263493.896874761208892, 5541769.404702704399824 ], [ 1263493.896874761208892, 5541869.404702704399824 ] ] ] ] } },
{ "type": "Feature", "properties": { "id": 935, "left": 1263493.8968747612, "top": 5541769.4047027044, "right": 1263593.8968747612, "bottom": 5541669.4047027044, "row_index": 24, "col_index": 26, "green_area": 291.25885516032577, "green_pc": 2.9125885515989176, "buildings_area": 7334.1945384759456, "buildings_pc": 73.341945384650174, "road_area": 1577.0088484529406, "road_pc": 15.770088484505907, "free_space_area": 809.11549068265595, "free_space_pc": 8.0911549068145021, "railways_area": 0.0, "railways_pc": 0.0, "free_space_number": 15.0, "tree_number": 0.0 }, "geometry": { "type": "MultiPolygon", "coordinates": [ [ [ [ 1263493.896874761208892, 5541769.404702704399824 ], [ 1263593.896874761208892, 5541769.404702704399824 ], [ 1263593.896874761208892, 5541669.404702704399824 ], [ 1263493.896874761208892, 5541669.404702704399824 ], [ 1263493.896874761208892, 5541769.404702704399824 ] ] ] ] } },
{ "type": "Feature", "properties": { "id": 936, "left": 1263493.8968747612, "top": 5541669.4047027044, "right": 1263593.8968747612, "bottom": 5541569.4047027044, "row_index": 25, "col_index": 26, "green_area": 190.33405094593763, "green_pc": 1.9033405094565401, "buildings_area": 7015.6230813115835, "buildings_pc": 70.156230813011291, "road_area": 1921.8246112717316, "road_pc": 19.218246112688679, "free_space_area": 880.40813027648255, "free_space_pc": 8.8040813027517064, "railways_area": 0.0, "railways_pc": 0.0, "free_space_number": 15.0, "tree_number": 0.0 }, "geometry": { "type": "MultiPolygon", "coordinates": [ [ [ [ 1263493.896874761208892, 5541669.404702704399824 ], [ 1263593.896874761208892, 5541669.404702704399824 ], [ 1263593.896874761208892, 5541569.404702704399824 ], [ 1263493.896874761208892, 5541569.404702704399824 ], [ 1263493.896874761208892, 5541669.404702704399824 ] ] ] ] } },
{ "type": "Feature", "properties": { "id": 937, "left": 1263493.8968747612, "top": 5541569.4047027044, "right": 1263593.8968747612, "bottom": 5541469.4047027044, "row_index": 26, "col_index": 26, "green_area": 0.0, "green_pc": 0.0, "buildings_area": 6563.9402476558462, "buildings_pc": 65.639402476460646, "road_area": 2161.543364174664, "road_pc": 21.615433641714432, "free_space_area": 1274.5360052181793, "free_space_pc": 12.745360052162802, "railways_area": 0.0, "railways_pc": 0.0, "free_space_number": 16.0, "tree_number": 0.0 }, "geometry": { "type": "MultiPolygon", "coordinates": [ [ [ [ 1263493.896874761208892, 5541569.404702704399824 ], [ 1263593.896874761208892, 5541569.404702704399824 ], [ 1263593.896874761208892, 5541469.404702704399824 ], [ 1263493.896874761208892, 5541469.404702704399824 ], [ 1263493.896874761208892, 5541569.404702704399824 ] ] ] ] } },
{ "type": "Feature", "properties": { "id": 938, "left": 1263493.8968747612, "top": 5541469.4047027044, "right": 1263593.8968747612, "bottom": 5541369.4047027044, "row_index": 27, "col_index": 26, "green_area": 2647.6221597557887, "green_pc": 26.476221597518435, "buildings_area": 5979.8652605265379, "buildings_pc": 59.798652605176272, "road_area": 53.908377934247255, "road_pc": 0.53908377934166929, "free_space_area": 1343.2471620935282, "free_space_pc": 13.432471620915267, "railways_area": 0.0, "railways_pc": 0.0, "free_space_number": 15.0, "tree_number": 0.0 }, "geometry": { "type": "MultiPolygon", "coordinates": [ [ [ [ 1263493.896874761208892, 5541469.404702704399824 ], [ 1263593.896874761208892, 5541469.404702704399824 ], [ 1263593.896874761208892, 5541369.404702704399824 ], [ 1263493.896874761208892, 5541369.404702704399824 ], [ 1263493.896874761208892, 5541469.404702704399824 ] ] ] ] } },
{ "type": "Feature", "properties": { "id": 939, "left": 1263493.8968747612, "top": 5541369.4047027044, "right": 1263593.8968747612, "bottom": 5541269.4047027044, "row_index": 28, "col_index": 26, "green_area": 5009.8909770870814, "green_pc": 50.098909770796162, "buildings_area": 2285.6238750112243, "buildings_pc": 22.856238750078184, "road_area": 84.554990616627038, "road_pc": 0.84554990616501036, "free_space_area": 2631.7817214456882, "free_space_pc": 26.317817214417666, "railways_area": 0.0, "railways_pc": 0.0, "free_space_number": 11.0, "tree_number": 0.0 }, "geometry": { "type": "MultiPolygon", "coordinates": [ [ [ [ 1263493.896874761208892, 5541369.404702704399824 ], [ 1263593.896874761208892, 5541369.404702704399824 ], [ 1263593.896874761208892, 5541269.404702704399824 ], [ 1263493.896874761208892, 5541269.404702704399824 ], [ 1263493.896874761208892, 5541369.404702704399824 ] ] ] ] } },
{ "type": "Feature", "properties": { "id": 940, "left": 1263493.8968747612, "top": 5541269.4047027044, "right": 1263593.8968747612, "bottom": 5541169.4047027044, "row_index": 29, "col_index": 26, "green_area": 418.75053050089628, "green_pc": 4.1875053050027224, "buildings_area": 6313.6447718096897, "buildings_pc": 63.136447718002813, "road_area": 1920.3962815888226, "road_pc": 19.203962815859612, "free_space_area": 1350.9365133815409, "free_space_pc": 13.50936513379528, "railways_area": 0.0, "railways_pc": 0.0, "free_space_number": 17.0, "tree_number": 0.0 }, "geometry": { "type": "MultiPolygon", "coordinates": [ [ [ [ 1263493.896874761208892, 5541269.404702704399824 ], [ 1263593.896874761208892, 5541269.404702704399824 ], [ 1263593.896874761208892, 5541169.404702704399824 ], [ 1263493.896874761208892, 5541169.404702704399824 ], [ 1263493.896874761208892, 5541269.404702704399824 ] ] ] ] } },
{ "type": "Feature", "properties": { "id": 941, "left": 1263493.8968747612, "top": 5541169.4047027044, "right": 1263593.8968747612, "bottom": 5541069.4047027044, "row_index": 30, "col_index": 26, "green_area": 0.0, "green_pc": 0.0, "buildings_area": 6047.4010608494282, "buildings_pc": 60.474010608404171, "road_area": 1052.6719735339284, "road_pc": 10.526719735323598, "free_space_area": 2900.3655350772806, "free_space_pc": 29.003655350729584, "railways_area": 0.0, "railways_pc": 0.0, "free_space_number": 11.0, "tree_number": 0.0 }, "geometry": { "type": "MultiPolygon", "coordinates": [ [ [ [ 1263493.896874761208892, 5541169.404702704399824 ], [ 1263593.896874761208892, 5541169.404702704399824 ], [ 1263593.896874761208892, 5541069.404702704399824 ], [ 1263493.896874761208892, 5541069.404702704399824 ], [ 1263493.896874761208892, 5541169.404702704399824 ] ] ] ] } },
{ "type": "Feature", "properties": { "id": 942, "left": 1263493.8968747612, "top": 5541069.4047027044, "right": 1263593.8968747612, "bottom": 5540969.4047027044, "row_index": 31, "col_index": 26, "green_area": 896.74662332597654, "green_pc": 8.9674662332464035, "buildings_area": 5979.1854077971075, "buildings_pc": 59.791854077881979, "road_area": 2044.3738349732012, "road_pc": 20.443738349701547, "free_space_area": 1106.1396149130596, "free_space_pc": 11.061396149114113, "railways_area": 0.0, "railways_pc": 0.0, "free_space_number": 11.0, "tree_number": 0.0 }, "geometry": { "type": "MultiPolygon", "coordinates": [ [ [ [ 1263493.896874761208892, 5541069.404702704399824 ], [ 1263593.896874761208892, 5541069.404702704399824 ], [ 1263593.896874761208892, 5540969.404702704399824 ], [ 1263493.896874761208892, 5540969.404702704399824 ], [ 1263493.896874761208892, 5541069.404702704399824 ] ] ] ] } },
{ "type": "Feature", "properties": { "id": 943, "left": 1263493.8968747612, "top": 5540969.4047027044, "right": 1263593.8968747612, "bottom": 5540869.4047027044, "row_index": 32, "col_index": 26, "green_area": 1746.0946160070598, "green_pc": 17.460946160044578, "buildings_area": 3797.052124574664, "buildings_pc": 37.970521245690058, "road_area": 1424.4147153496742, "road_pc": 14.244147153475517, "free_space_area": 3083.8066585734487, "free_space_pc": 30.838066585688534, "railways_area": 0.0, "railways_pc": 0.0, "free_space_number": 6.0, "tree_number": 0.0 }, "geometry": { "type": "MultiPolygon", "coordinates": [ [ [ [ 1263493.896874761208892, 5540969.404702704399824 ], [ 1263593.896874761208892, 5540969.404702704399824 ], [ 1263593.896874761208892, 5540869.404702704399824 ], [ 1263493.896874761208892, 5540869.404702704399824 ], [ 1263493.896874761208892, 5540969.404702704399824 ] ] ] ] } },
{ "type": "Feature", "properties": { "id": 944, "left": 1263493.8968747612, "top": 5540869.4047027044, "right": 1263593.8968747612, "bottom": 5540769.4047027044, "row_index": 33, "col_index": 26, "green_area": 1517.4688189807348, "green_pc": 31.714376721036061, "buildings_area": 799.01087934989482, "buildings_pc": 16.698947428079286, "road_area": 1773.7007596157491, "road_pc": 37.069502435394583, "free_space_area": 694.69253757997285, "free_space_pc": 14.518743691156837, "railways_area": 0.0, "railways_pc": 0.0, "free_space_number": 3.0, "tree_number": 0.0 }, "geometry": { "type": "MultiPolygon", "coordinates": [ [ [ [ 1263509.299399059731513, 5540827.377000168897212 ], [ 1263493.896874761208892, 5540829.997042288072407 ], [ 1263493.896874761208892, 5540869.404702704399824 ], [ 1263593.896874761208892, 5540869.404702704399824 ], [ 1263593.896874761208892, 5540813.140044900588691 ], [ 1263509.299399059731513, 5540827.377000168897212 ] ] ] ] } },
{ "type": "Feature", "properties": { "id": 948, "left": 1263593.8968747612, "top": 5543969.4047027044, "right": 1263693.8968747612, "bottom": 5543869.4047027044, "row_index": 2, "col_index": 27, "green_area": 0.0, "green_pc": 0.0, "buildings_area": 0.0, "buildings_pc": 0.0, "road_area": 0.0, "road_pc": 0.0, "free_space_area": 0.0, "free_space_pc": 0.0, "railways_area": 2010.2856191620231, "railways_pc": 100.0, "free_space_number": 0.0, "tree_number": 0.0 }, "geometry": { "type": "MultiPolygon", "coordinates": [ [ [ [ 1263607.699539432534948, 5543899.364837418310344 ], [ 1263623.957337253261358, 5543895.438562547788024 ], [ 1263641.849281071685255, 5543890.874885906465352 ], [ 1263663.367276965873316, 5543884.815310408361256 ], [ 1263693.896874761208892, 5543873.480947849340737 ], [ 1263693.896874761208892, 5543869.404702704399824 ], [ 1263593.896874761208892, 5543869.404702704399824 ], [ 1263593.896874761208892, 5543902.603824550285935 ], [ 1263607.699539432534948, 5543899.364837418310344 ] ] ] ] } },
{ "type": "Feature", "properties": { "id": 949, "left": 1263593.8968747612, "top": 5543869.4047027044, "right": 1263693.8968747612, "bottom": 5543769.4047027044, "row_index": 3, "col_index": 27, "green_area": 1792.7297561876476, "green_pc": 17.927297561849763, "buildings_area": 1304.1447993787006, "buildings_pc": 13.041447993767573, "road_area": 1366.4541732734069, "road_pc": 13.664541732713708, "free_space_area": 2287.9587175155975, "free_space_pc": 22.87958717512188, "railways_area": 3259.545324543491, "railways_pc": 32.595453245386338, "free_space_number": 6.0, "tree_number": 0.0 }, "geometry": { "type": "MultiPolygon", "coordinates": [ [ [ [ 1263593.896874761208892, 5543869.404702704399824 ], [ 1263693.896874761208892, 5543869.404702704399824 ], [ 1263693.896874761208892, 5543769.404702704399824 ], [ 1263593.896874761208892, 5543769.404702704399824 ], [ 1263593.896874761208892, 5543869.404702704399824 ] ] ] ] } },
{ "type": "Feature", "properties": { "id": 950, "left": 1263593.8968747612, "top": 5543769.4047027044, "right": 1263693.8968747612, "bottom": 5543669.4047027044, "row_index": 4, "col_index": 27, "green_area": 34.775759526062757, "green_pc": 0.34775759526010935, "buildings_area": 2464.3313738340512, "buildings_pc": 24.643313738303789, "road_area": 0.0, "road_pc": 0.0, "free_space_area": 7500.8928665593266, "free_space_pc": 75.008928665481491, "railways_area": 0.0, "railways_pc": 0.0, "free_space_number": 4.0, "tree_number": 1.0 }, "geometry": { "type": "MultiPolygon", "coordinates": [ [ [ [ 1263593.896874761208892, 5543769.404702704399824 ], [ 1263693.896874761208892, 5543769.404702704399824 ], [ 1263693.896874761208892, 5543669.404702704399824 ], [ 1263593.896874761208892, 5543669.404702704399824 ], [ 1263593.896874761208892, 5543769.404702704399824 ] ] ] ] } },
{ "type": "Feature", "properties": { "id": 951, "left": 1263593.8968747612, "top": 5543669.4047027044, "right": 1263693.8968747612, "bottom": 5543569.4047027044, "row_index": 5, "col_index": 27, "green_area": 1252.5443530641496, "green_pc": 12.525443530622832, "buildings_area": 829.63403217773885, "buildings_pc": 8.296340321765026, "road_area": 2679.2251166803762, "road_pc": 26.79225116676384, "free_space_area": 5242.7501135724597, "free_space_pc": 52.427501135646473, "railways_area": 0.0, "railways_pc": 0.0, "free_space_number": 3.0, "tree_number": 14.0 }, "geometry": { "type": "MultiPolygon", "coordinates": [ [ [ [ 1263593.896874761208892, 5543669.404702704399824 ], [ 1263693.896874761208892, 5543669.404702704399824 ], [ 1263693.896874761208892, 5543569.404702704399824 ], [ 1263593.896874761208892, 5543569.404702704399824 ], [ 1263593.896874761208892, 5543669.404702704399824 ] ] ] ] } },
{ "type": "Feature", "properties": { "id": 952, "left": 1263593.8968747612, "top": 5543569.4047027044, "right": 1263693.8968747612, "bottom": 5543469.4047027044, "row_index": 6, "col_index": 27, "green_area": 941.85453064995818, "green_pc": 9.4185453064855462, "buildings_area": 3657.3058108305559, "buildings_pc": 36.573058108251061, "road_area": 3897.831211283803, "road_pc": 38.978312112779946, "free_space_area": 1512.4873629454382, "free_space_pc": 15.124873629431846, "railways_area": 0.0, "railways_pc": 0.0, "free_space_number": 7.0, "tree_number": 0.0 }, "geometry": { "type": "MultiPolygon", "coordinates": [ [ [ [ 1263593.896874761208892, 5543569.404702704399824 ], [ 1263693.896874761208892, 5543569.404702704399824 ], [ 1263693.896874761208892, 5543469.404702704399824 ], [ 1263593.896874761208892, 5543469.404702704399824 ], [ 1263593.896874761208892, 5543569.404702704399824 ] ] ] ] } },
{ "type": "Feature", "properties": { "id": 953, "left": 1263593.8968747612, "top": 5543469.4047027044, "right": 1263693.8968747612, "bottom": 5543369.4047027044, "row_index": 7, "col_index": 27, "green_area": 946.83589438069612, "green_pc": 9.4683589437928521, "buildings_area": 5055.8587401909754, "buildings_pc": 50.558587401834416, "road_area": 1567.4006812563166, "road_pc": 15.67400681253981, "free_space_area": 2432.5013817472204, "free_space_pc": 24.325013817435956, "railways_area": 0.0, "railways_pc": 0.0, "free_space_number": 7.0, "tree_number": 0.0 }, "geometry": { "type": "MultiPolygon", "coordinates": [ [ [ [ 1263593.896874761208892, 5543469.404702704399824 ], [ 1263693.896874761208892, 5543469.404702704399824 ], [ 1263693.896874761208892, 5543369.404702704399824 ], [ 1263593.896874761208892, 5543369.404702704399824 ], [ 1263593.896874761208892, 5543469.404702704399824 ] ] ] ] } },
{ "type": "Feature", "properties": { "id": 954, "left": 1263593.8968747612, "top": 5543369.4047027044, "right": 1263693.8968747612, "bottom": 5543269.4047027044, "row_index": 8, "col_index": 27, "green_area": 332.31896077096462, "green_pc": 3.3231896077046943, "buildings_area": 5431.7235993165523, "buildings_pc": 54.317235993084587, "road_area": 2086.7875356897712, "road_pc": 20.867875356866616, "free_space_area": 2152.5968327528749, "free_space_pc": 21.52596832749667, "railways_area": 0.0, "railways_pc": 0.0, "free_space_number": 14.0, "tree_number": 0.0 }, "geometry": { "type": "MultiPolygon", "coordinates": [ [ [ [ 1263593.896874761208892, 5543369.404702704399824 ], [ 1263693.896874761208892, 5543369.404702704399824 ], [ 1263693.896874761208892, 5543269.404702704399824 ], [ 1263593.896874761208892, 5543269.404702704399824 ], [ 1263593.896874761208892, 5543369.404702704399824 ] ] ] ] } },
{ "type": "Feature", "properties": { "id": 955, "left": 1263593.8968747612, "top": 5543269.4047027044, "right": 1263693.8968747612, "bottom": 5543169.4047027044, "row_index": 9, "col_index": 27, "green_area": 1155.8078955300152, "green_pc": 11.55807895528293, "buildings_area": 5164.3408516896889, "buildings_pc": 51.643408516819932, "road_area": 1092.6168481856585, "road_pc": 10.926168481840303, "free_space_area": 2617.098959430703, "free_space_pc": 26.170989594268033, "railways_area": 0.0, "railways_pc": 0.0, "free_space_number": 7.0, "tree_number": 0.0 }, "geometry": { "type": "MultiPolygon", "coordinates": [ [ [ [ 1263593.896874761208892, 5543269.404702704399824 ], [ 1263693.896874761208892, 5543269.404702704399824 ], [ 1263693.896874761208892, 5543169.404702704399824 ], [ 1263593.896874761208892, 5543169.404702704399824 ], [ 1263593.896874761208892, 5543269.404702704399824 ] ] ] ] } },
{ "type": "Feature", "properties": { "id": 956, "left": 1263593.8968747612, "top": 5543169.4047027044, "right": 1263693.8968747612, "bottom": 5543069.4047027044, "row_index": 10, "col_index": 27, "green_area": 1552.4802185352892, "green_pc": 15.524802185329758, "buildings_area": 5654.3972762580961, "buildings_pc": 56.543972762496701, "road_area": 688.81424251198769, "road_pc": 6.8881424251096126, "free_space_area": 2131.5047681690762, "free_space_pc": 21.315047681658999, "railways_area": 0.0, "railways_pc": 0.0, "free_space_number": 11.0, "tree_number": 0.0 }, "geometry": { "type": "MultiPolygon", "coordinates": [ [ [ [ 1263593.896874761208892, 5543169.404702704399824 ], [ 1263693.896874761208892, 5543169.404702704399824 ], [ 1263693.896874761208892, 5543069.404702704399824 ], [ 1263593.896874761208892, 5543069.404702704399824 ], [ 1263593.896874761208892, 5543169.404702704399824 ] ] ] ] } },
{ "type": "Feature", "properties": { "id": 957, "left": 1263593.8968747612, "top": 5543069.4047027044, "right": 1263693.8968747612, "bottom": 5542969.4047027044, "row_index": 11, "col_index": 27, "green_area": 1946.3566312287003, "green_pc": 19.463566312257999, "buildings_area": 3149.6371621731669, "buildings_pc": 31.496371621684734, "road_area": 3265.3423167169094, "road_pc": 32.653423167120437, "free_space_area": 1649.6450350555656, "free_space_pc": 16.496450350531074, "railways_area": 0.0, "railways_pc": 0.0, "free_space_number": 8.0, "tree_number": 4.0 }, "geometry": { "type": "MultiPolygon", "coordinates": [ [ [ [ 1263593.896874761208892, 5543069.404702704399824 ], [ 1263693.896874761208892, 5543069.404702704399824 ], [ 1263693.896874761208892, 5542969.404702704399824 ], [ 1263593.896874761208892, 5542969.404702704399824 ], [ 1263593.896874761208892, 5543069.404702704399824 ] ] ] ] } },
{ "type": "Feature", "properties": { "id": 958, "left": 1263593.8968747612, "top": 5542969.4047027044, "right": 1263693.8968747612, "bottom": 5542869.4047027044, "row_index": 12, "col_index": 27, "green_area": 1863.1583164967597, "green_pc": 18.631583164939833, "buildings_area": 4703.2294847620651, "buildings_pc": 47.032294847550567, "road_area": 0.0, "road_pc": 0.0, "free_space_area": 3473.2244044523104, "free_space_pc": 34.732244044471351, "railways_area": 0.0, "railways_pc": 0.0, "free_space_number": 7.0, "tree_number": 0.0 }, "geometry": { "type": "MultiPolygon", "coordinates": [ [ [ [ 1263593.896874761208892, 5542969.404702704399824 ], [ 1263693.896874761208892, 5542969.404702704399824 ], [ 1263693.896874761208892, 5542869.404702704399824 ], [ 1263593.896874761208892, 5542869.404702704399824 ], [ 1263593.896874761208892, 5542969.404702704399824 ] ] ] ] } },
{ "type": "Feature", "properties": { "id": 959, "left": 1263593.8968747612, "top": 5542869.4047027044, "right": 1263693.8968747612, "bottom": 5542769.4047027044, "row_index": 13, "col_index": 27, "green_area": 0.0, "green_pc": 0.0, "buildings_area": 7127.6032360618701, "buildings_pc": 71.276032360512488, "road_area": 1533.7051445394754, "road_pc": 15.3370514453719, "free_space_area": 1338.7274640097748, "free_space_pc": 13.3872746400778, "railways_area": 0.0, "railways_pc": 0.0, "free_space_number": 17.0, "tree_number": 0.0 }, "geometry": { "type": "MultiPolygon", "coordinates": [ [ [ [ 1263593.896874761208892, 5542869.404702704399824 ], [ 1263693.896874761208892, 5542869.404702704399824 ], [ 1263693.896874761208892, 5542769.404702704399824 ], [ 1263593.896874761208892, 5542769.404702704399824 ], [ 1263593.896874761208892, 5542869.404702704399824 ] ] ] ] } },
{ "type": "Feature", "properties": { "id": 960, "left": 1263593.8968747612, "top": 5542769.4047027044, "right": 1263693.8968747612, "bottom": 5542669.4047027044, "row_index": 14, "col_index": 27, "green_area": 972.14239275828004, "green_pc": 9.7214239275683152, "buildings_area": 5021.712510199286, "buildings_pc": 50.217125101918029, "road_area": 0.0, "road_pc": 0.0, "free_space_area": 4034.4649934433401, "free_space_pc": 40.34464993437328, "railways_area": 0.0, "railways_pc": 0.0, "free_space_number": 8.0, "tree_number": 0.0 }, "geometry": { "type": "MultiPolygon", "coordinates": [ [ [ [ 1263593.896874761208892, 5542769.404702704399824 ], [ 1263693.896874761208892, 5542769.404702704399824 ], [ 1263693.896874761208892, 5542669.404702704399824 ], [ 1263593.896874761208892, 5542669.404702704399824 ], [ 1263593.896874761208892, 5542769.404702704399824 ] ] ] ] } },
{ "type": "Feature", "properties": { "id": 961, "left": 1263593.8968747612, "top": 5542669.4047027044, "right": 1263693.8968747612, "bottom": 5542569.4047027044, "row_index": 15, "col_index": 27, "green_area": 0.0, "green_pc": 0.0, "buildings_area": 6990.2723220400512, "buildings_pc": 69.902723220296352, "road_area": 2021.9922214383259, "road_pc": 20.219922214353129, "free_space_area": 868.60674582710317, "free_space_pc": 8.6860674582580888, "railways_area": 0.0, "railways_pc": 0.0, "free_space_number": 14.0, "tree_number": 0.0 }, "geometry": { "type": "MultiPolygon", "coordinates": [ [ [ [ 1263593.896874761208892, 5542669.404702704399824 ], [ 1263693.896874761208892, 5542669.404702704399824 ], [ 1263693.896874761208892, 5542569.404702704399824 ], [ 1263593.896874761208892, 5542569.404702704399824 ], [ 1263593.896874761208892, 5542669.404702704399824 ] ] ] ] } },
{ "type": "Feature", "properties": { "id": 962, "left": 1263593.8968747612, "top": 5542569.4047027044, "right": 1263693.8968747612, "bottom": 5542469.4047027044, "row_index": 16, "col_index": 27, "green_area": 0.0, "green_pc": 0.0, "buildings_area": 6559.8337397263385, "buildings_pc": 65.598337397165636, "road_area": 2063.6864411830902, "road_pc": 20.636864411800151, "free_space_area": 1293.7110875921096, "free_space_pc": 12.937110875901817, "railways_area": 0.0, "railways_pc": 0.0, "free_space_number": 15.0, "tree_number": 0.0 }, "geometry": { "type": "MultiPolygon", "coordinates": [ [ [ [ 1263593.896874761208892, 5542569.404702704399824 ], [ 1263693.896874761208892, 5542569.404702704399824 ], [ 1263693.896874761208892, 5542469.404702704399824 ], [ 1263593.896874761208892, 5542469.404702704399824 ], [ 1263593.896874761208892, 5542569.404702704399824 ] ] ] ] } },
{ "type": "Feature", "properties": { "id": 963, "left": 1263593.8968747612, "top": 5542469.4047027044, "right": 1263693.8968747612, "bottom": 5542369.4047027044, "row_index": 17, "col_index": 27, "green_area": 0.0, "green_pc": 0.0, "buildings_area": 7322.494427530095, "buildings_pc": 73.224944275191831, "road_area": 1463.1629640571773, "road_pc": 14.631629640549971, "free_space_area": 1214.3618919309229, "free_space_pc": 12.143618919291134, "railways_area": 0.0, "railways_pc": 0.0, "free_space_number": 20.0, "tree_number": 0.0 }, "geometry": { "type": "MultiPolygon", "coordinates": [ [ [ [ 1263593.896874761208892, 5542469.404702704399824 ], [ 1263693.896874761208892, 5542469.404702704399824 ], [ 1263693.896874761208892, 5542369.404702704399824 ], [ 1263593.896874761208892, 5542369.404702704399824 ], [ 1263593.896874761208892, 5542469.404702704399824 ] ] ] ] } },
{ "type": "Feature", "properties": { "id": 964, "left": 1263593.8968747612, "top": 5542369.4047027044, "right": 1263693.8968747612, "bottom": 5542269.4047027044, "row_index": 18, "col_index": 27, "green_area": 523.90870355255902, "green_pc": 5.239087035517783, "buildings_area": 6735.09184079431, "buildings_pc": 67.350918407842741, "road_area": 750.11001967638731, "road_pc": 7.501100196752696, "free_space_area": 2023.1593894176185, "free_space_pc": 20.231593894146037, "railways_area": 0.0, "railways_pc": 0.0, "free_space_number": 7.0, "tree_number": 0.0 }, "geometry": { "type": "MultiPolygon", "coordinates": [ [ [ [ 1263593.896874761208892, 5542369.404702704399824 ], [ 1263693.896874761208892, 5542369.404702704399824 ], [ 1263693.896874761208892, 5542269.404702704399824 ], [ 1263593.896874761208892, 5542269.404702704399824 ], [ 1263593.896874761208892, 5542369.404702704399824 ] ] ] ] } },
{ "type": "Feature", "properties": { "id": 965, "left": 1263593.8968747612, "top": 5542269.4047027044, "right": 1263693.8968747612, "bottom": 5542169.4047027044, "row_index": 19, "col_index": 27, "green_area": 0.0, "green_pc": 0.0, "buildings_area": 5460.9215893400833, "buildings_pc": 54.609215893319458, "road_area": 3840.5550271943212, "road_pc": 38.405550271885986, "free_space_area": 807.51975431013852, "free_space_pc": 8.0751975430893523, "railways_area": 0.0, "railways_pc": 0.0, "free_space_number": 12.0, "tree_number": 5.0 }, "geometry": { "type": "MultiPolygon", "coordinates": [ [ [ [ 1263593.896874761208892, 5542269.404702704399824 ], [ 1263693.896874761208892, 5542269.404702704399824 ], [ 1263693.896874761208892, 5542169.404702704399824 ], [ 1263593.896874761208892, 5542169.404702704399824 ], [ 1263593.896874761208892, 5542269.404702704399824 ] ] ] ] } },
{ "type": "Feature", "properties": { "id": 966, "left": 1263593.8968747612, "top": 5542169.4047027044, "right": 1263693.8968747612, "bottom": 5542069.4047027044, "row_index": 20, "col_index": 27, "green_area": 99.303268940187991, "green_pc": 0.99303268940040013, "buildings_area": 5410.1943774651736, "buildings_pc": 54.101943774571119, "road_area": 4301.1176604628563, "road_pc": 43.011176604564469, "free_space_area": 497.45012447267072, "free_space_pc": 4.9745012447192947, "railways_area": 0.0, "railways_pc": 0.0, "free_space_number": 11.0, "tree_number": 8.0 }, "geometry": { "type": "MultiPolygon", "coordinates": [ [ [ [ 1263593.896874761208892, 5542169.404702704399824 ], [ 1263693.896874761208892, 5542169.404702704399824 ], [ 1263693.896874761208892, 5542069.404702704399824 ], [ 1263593.896874761208892, 5542069.404702704399824 ], [ 1263593.896874761208892, 5542169.404702704399824 ] ] ] ] } },
{ "type": "Feature", "properties": { "id": 967, "left": 1263593.8968747612, "top": 5542069.4047027044, "right": 1263693.8968747612, "bottom": 5541969.4047027044, "row_index": 21, "col_index": 27, "green_area": 571.39211820438504, "green_pc": 5.7139211820353362, "buildings_area": 5089.5708916108124, "buildings_pc": 50.895708916032284, "road_area": 3948.078455362469, "road_pc": 39.480784553565861, "free_space_area": 589.7943145978993, "free_space_pc": 5.8979431459702045, "railways_area": 0.0, "railways_pc": 0.0, "free_space_number": 11.0, "tree_number": 0.0 }, "geometry": { "type": "MultiPolygon", "coordinates": [ [ [ [ 1263593.896874761208892, 5542069.404702704399824 ], [ 1263693.896874761208892, 5542069.404702704399824 ], [ 1263693.896874761208892, 5541969.404702704399824 ], [ 1263593.896874761208892, 5541969.404702704399824 ], [ 1263593.896874761208892, 5542069.404702704399824 ] ] ] ] } },
{ "type": "Feature", "properties": { "id": 968, "left": 1263593.8968747612, "top": 5541969.4047027044, "right": 1263693.8968747612, "bottom": 5541869.4047027044, "row_index": 22, "col_index": 27, "green_area": 395.83678040653467, "green_pc": 3.9583678040594483, "buildings_area": 5235.77581017802, "buildings_pc": 52.357758101702181, "road_area": 3070.4452866986394, "road_pc": 30.704452866940642, "free_space_area": 1317.9177493150817, "free_space_pc": 13.17917749313118, "railways_area": 0.0, "railways_pc": 0.0, "free_space_number": 7.0, "tree_number": 0.0 }, "geometry": { "type": "MultiPolygon", "coordinates": [ [ [ [ 1263593.896874761208892, 5541969.404702704399824 ], [ 1263693.896874761208892, 5541969.404702704399824 ], [ 1263693.896874761208892, 5541869.404702704399824 ], [ 1263593.896874761208892, 5541869.404702704399824 ], [ 1263593.896874761208892, 5541969.404702704399824 ] ] ] ] } },
{ "type": "Feature", "properties": { "id": 969, "left": 1263593.8968747612, "top": 5541869.4047027044, "right": 1263693.8968747612, "bottom": 5541769.4047027044, "row_index": 23, "col_index": 27, "green_area": 833.62526419793721, "green_pc": 8.3362526419669507, "buildings_area": 6860.6093126063643, "buildings_pc": 68.606093125961408, "road_area": 1225.8379433006048, "road_pc": 12.258379432987782, "free_space_area": 1107.1862990547816, "free_space_pc": 11.071862990531317, "railways_area": 0.0, "railways_pc": 0.0, "free_space_number": 19.0, "tree_number": 0.0 }, "geometry": { "type": "MultiPolygon", "coordinates": [ [ [ [ 1263593.896874761208892, 5541869.404702704399824 ], [ 1263693.896874761208892, 5541869.404702704399824 ], [ 1263693.896874761208892, 5541769.404702704399824 ], [ 1263593.896874761208892, 5541769.404702704399824 ], [ 1263593.896874761208892, 5541869.404702704399824 ] ] ] ] } },
{ "type": "Feature", "properties": { "id": 970, "left": 1263593.8968747612, "top": 5541769.4047027044, "right": 1263693.8968747612, "bottom": 5541669.4047027044, "row_index": 24, "col_index": 27, "green_area": 574.85937684960663, "green_pc": 5.7485937684874999, "buildings_area": 6883.0791269917972, "buildings_pc": 68.830791269815407, "road_area": 528.46832747012377, "road_pc": 5.2846832746933625, "free_space_area": 2022.9121742661955, "free_space_pc": 20.229121742631811, "railways_area": 0.0, "railways_pc": 0.0, "free_space_number": 19.0, "tree_number": 0.0 }, "geometry": { "type": "MultiPolygon", "coordinates": [ [ [ [ 1263593.896874761208892, 5541769.404702704399824 ], [ 1263693.896874761208892, 5541769.404702704399824 ], [ 1263693.896874761208892, 5541669.404702704399824 ], [ 1263593.896874761208892, 5541669.404702704399824 ], [ 1263593.896874761208892, 5541769.404702704399824 ] ] ] ] } },
{ "type": "Feature", "properties": { "id": 971, "left": 1263593.8968747612, "top": 5541669.4047027044, "right": 1263693.8968747612, "bottom": 5541569.4047027044, "row_index": 25, "col_index": 27, "green_area": 1296.0620540976524, "green_pc": 12.960620540957212, "buildings_area": 5879.2116485950537, "buildings_pc": 58.792116485862927, "road_area": 1068.1524861007929, "road_pc": 10.681524860992011, "free_space_area": 1787.513271742336, "free_space_pc": 17.875132717396724, "railways_area": 0.0, "railways_pc": 0.0, "free_space_number": 16.0, "tree_number": 0.0 }, "geometry": { "type": "MultiPolygon", "coordinates": [ [ [ [ 1263593.896874761208892, 5541669.404702704399824 ], [ 1263693.896874761208892, 5541669.404702704399824 ], [ 1263693.896874761208892, 5541569.404702704399824 ], [ 1263593.896874761208892, 5541569.404702704399824 ], [ 1263593.896874761208892, 5541669.404702704399824 ] ] ] ] } },
{ "type": "Feature", "properties": { "id": 972, "left": 1263593.8968747612, "top": 5541569.4047027044, "right": 1263693.8968747612, "bottom": 5541469.4047027044, "row_index": 26, "col_index": 27, "green_area": 2269.6978848390281, "green_pc": 22.696978848356459, "buildings_area": 4743.071950532496, "buildings_pc": 47.430719505254281, "road_area": 49.383657637983561, "road_pc": 0.49383657637909972, "free_space_area": 2952.5230898614473, "free_space_pc": 29.525230898570477, "railways_area": 0.0, "railways_pc": 0.0, "free_space_number": 12.0, "tree_number": 0.0 }, "geometry": { "type": "MultiPolygon", "coordinates": [ [ [ [ 1263593.896874761208892, 5541569.404702704399824 ], [ 1263693.896874761208892, 5541569.404702704399824 ], [ 1263693.896874761208892, 5541469.404702704399824 ], [ 1263593.896874761208892, 5541469.404702704399824 ], [ 1263593.896874761208892, 5541569.404702704399824 ] ] ] ] } },
{ "type": "Feature", "properties": { "id": 973, "left": 1263593.8968747612, "top": 5541469.4047027044, "right": 1263693.8968747612, "bottom": 5541369.4047027044, "row_index": 27, "col_index": 27, "green_area": 0.0, "green_pc": 0.0, "buildings_area": 6955.0678531425074, "buildings_pc": 69.550678531321438, "road_area": 1804.2622465193272, "road_pc": 18.042622465166385, "free_space_area": 1240.7201100488273, "free_space_pc": 12.407201100469786, "railways_area": 0.0, "railways_pc": 0.0, "free_space_number": 14.0, "tree_number": 0.0 }, "geometry": { "type": "MultiPolygon", "coordinates": [ [ [ [ 1263593.896874761208892, 5541469.404702704399824 ], [ 1263693.896874761208892, 5541469.404702704399824 ], [ 1263693.896874761208892, 5541369.404702704399824 ], [ 1263593.896874761208892, 5541369.404702704399824 ], [ 1263593.896874761208892, 5541469.404702704399824 ] ] ] ] } },
{ "type": "Feature", "properties": { "id": 974, "left": 1263593.8968747612, "top": 5541369.4047027044, "right": 1263693.8968747612, "bottom": 5541269.4047027044, "row_index": 28, "col_index": 27, "green_area": 715.22213986515999, "green_pc": 7.1522213986409424, "buildings_area": 6217.4453967381269, "buildings_pc": 62.174453967288621, "road_area": 1411.2330026626587, "road_pc": 14.112330026605559, "free_space_area": 1656.8603085875693, "free_space_pc": 16.568603085851002, "railways_area": 0.0, "railways_pc": 0.0, "free_space_number": 16.0, "tree_number": 0.0 }, "geometry": { "type": "MultiPolygon", "coordinates": [ [ [ [ 1263593.896874761208892, 5541369.404702704399824 ], [ 1263693.896874761208892, 5541369.404702704399824 ], [ 1263693.896874761208892, 5541269.404702704399824 ], [ 1263593.896874761208892, 5541269.404702704399824 ], [ 1263593.896874761208892, 5541369.404702704399824 ] ] ] ] } },
{ "type": "Feature", "properties": { "id": 975, "left": 1263593.8968747612, "top": 5541269.4047027044, "right": 1263693.8968747612, "bottom": 5541169.4047027044, "row_index": 29, "col_index": 27, "green_area": 7192.3897501975298, "green_pc": 71.923897501868126, "buildings_area": 2259.7405949858949, "buildings_pc": 22.597405949825276, "road_area": 0.0, "road_pc": 0.0, "free_space_area": 558.73600217368221, "free_space_pc": 5.5873600217284967, "railways_area": 0.0, "railways_pc": 0.0, "free_space_number": 14.0, "tree_number": 0.0 }, "geometry": { "type": "MultiPolygon", "coordinates": [ [ [ [ 1263593.896874761208892, 5541269.404702704399824 ], [ 1263693.896874761208892, 5541269.404702704399824 ], [ 1263693.896874761208892, 5541169.404702704399824 ], [ 1263593.896874761208892, 5541169.404702704399824 ], [ 1263593.896874761208892, 5541269.404702704399824 ] ] ] ] } },
{ "type": "Feature", "properties": { "id": 976, "left": 1263593.8968747612, "top": 5541169.4047027044, "right": 1263693.8968747612, "bottom": 5541069.4047027044, "row_index": 30, "col_index": 27, "green_area": 1066.5246002916247, "green_pc": 10.665246002900354, "buildings_area": 4426.3013747159857, "buildings_pc": 44.2630137470939, "road_area": 563.87931910715997, "road_pc": 5.638793191063197, "free_space_area": 3944.9722261327138, "free_space_pc": 39.449722261268356, "railways_area": 0.0, "railways_pc": 0.0, "free_space_number": 7.0, "tree_number": 0.0 }, "geometry": { "type": "MultiPolygon", "coordinates": [ [ [ [ 1263593.896874761208892, 5541169.404702704399824 ], [ 1263693.896874761208892, 5541169.404702704399824 ], [ 1263693.896874761208892, 5541069.404702704399824 ], [ 1263593.896874761208892, 5541069.404702704399824 ], [ 1263593.896874761208892, 5541169.404702704399824 ] ] ] ] } },
{ "type": "Feature", "properties": { "id": 977, "left": 1263593.8968747612, "top": 5541069.4047027044, "right": 1263693.8968747612, "bottom": 5540969.4047027044, "row_index": 31, "col_index": 27, "green_area": 741.36945895804092, "green_pc": 7.4136945895693618, "buildings_area": 5644.6263923910446, "buildings_pc": 56.446263923826336, "road_area": 2060.3407554570585, "road_pc": 20.603407554539885, "free_space_area": 1553.9403648288544, "free_space_pc": 15.53940364826539, "railways_area": 0.0, "railways_pc": 0.0, "free_space_number": 12.0, "tree_number": 0.0 }, "geometry": { "type": "MultiPolygon", "coordinates": [ [ [ [ 1263593.896874761208892, 5541069.404702704399824 ], [ 1263693.896874761208892, 5541069.404702704399824 ], [ 1263693.896874761208892, 5540969.404702704399824 ], [ 1263593.896874761208892, 5540969.404702704399824 ], [ 1263593.896874761208892, 5541069.404702704399824 ] ] ] ] } },
{ "type": "Feature", "properties": { "id": 978, "left": 1263593.8968747612, "top": 5540969.4047027044, "right": 1263693.8968747612, "bottom": 5540869.4047027044, "row_index": 32, "col_index": 27, "green_area": 2030.5814610309899, "green_pc": 20.30581461027964, "buildings_area": 4737.9630505074747, "buildings_pc": 47.379630505004144, "road_area": 415.97499094903469, "road_pc": 4.1597499094841481, "free_space_area": 2873.7343657930001, "free_space_pc": 28.73734365788718, "railways_area": 0.0, "railways_pc": 0.0, "free_space_number": 13.0, "tree_number": 0.0 }, "geometry": { "type": "MultiPolygon", "coordinates": [ [ [ [ 1263593.896874761208892, 5540969.404702704399824 ], [ 1263693.896874761208892, 5540969.404702704399824 ], [ 1263693.896874761208892, 5540869.404702704399824 ], [ 1263593.896874761208892, 5540869.404702704399824 ], [ 1263593.896874761208892, 5540969.404702704399824 ] ] ] ] } },
{ "type": "Feature", "properties": { "id": 979, "left": 1263593.8968747612, "top": 5540869.4047027044, "right": 1263693.8968747612, "bottom": 5540769.4047027044, "row_index": 33, "col_index": 27, "green_area": 1311.4987474842928, "green_pc": 20.276983185322422, "buildings_area": 920.08582551591098, "buildings_pc": 14.225377529964486, "road_area": 1443.7804491724819, "road_pc": 22.322180594776579, "free_space_area": 2792.5573203174645, "free_space_pc": 43.175518037469139, "railways_area": 0.0, "railways_pc": 0.0, "free_space_number": 1.0, "tree_number": 0.0 }, "geometry": { "type": "MultiPolygon", "coordinates": [ [ [ [ 1263593.896874761208892, 5540813.140044900588691 ], [ 1263593.896874761208892, 5540869.404702704399824 ], [ 1263693.896874761208892, 5540869.404702704399824 ], [ 1263693.896874761208892, 5540796.310990428552032 ], [ 1263593.896874761208892, 5540813.140044900588691 ] ] ] ] } },
{ "type": "Feature", "properties": { "id": 983, "left": 1263693.8968747612, "top": 5543969.4047027044, "right": 1263793.8968747612, "bottom": 5543869.4047027044, "row_index": 2, "col_index": 28, "green_area": 0.0, "green_pc": 0.0, "buildings_area": 0.0, "buildings_pc": 0.0, "road_area": 0.0, "road_pc": 0.0, "free_space_area": 0.0, "free_space_pc": 0.0, "railways_area": 21.835518650710583, "railways_pc": 99.99999999146965, "free_space_number": 0.0, "tree_number": 0.0 }, "geometry": { "type": "MultiPolygon", "coordinates": [ [ [ [ 1263695.914010714972392, 5543872.732069649733603 ], [ 1263704.550552954431623, 5543869.404702704399824 ], [ 1263693.896874761208892, 5543869.404702704399824 ], [ 1263693.896874761208892, 5543873.480947849340737 ], [ 1263695.914010714972392, 5543872.732069649733603 ] ] ] ] } },
{ "type": "Feature", "properties": { "id": 984, "left": 1263693.8968747612, "top": 5543869.4047027044, "right": 1263793.8968747612, "bottom": 5543769.4047027044, "row_index": 3, "col_index": 28, "green_area": 343.15473346970975, "green_pc": 4.0888148290476654, "buildings_area": 0.0, "buildings_pc": 0.0, "road_area": 104.51467891037464, "road_pc": 1.2453308298007684, "free_space_area": 3077.8727303864434, "free_space_pc": 36.673985332148654, "railways_area": 4866.9810654297471, "railways_pc": 57.991869008503542, "free_space_number": 3.0, "tree_number": 0.0 }, "geometry": { "type": "MultiPolygon", "coordinates": [ [ [ [ 1263717.426795166451484, 5543864.443923085927963 ], [ 1263734.597371039679274, 5543857.828290812671185 ], [ 1263754.324998711235821, 5543849.895166527479887 ], [ 1263773.293683001073077, 5543841.379714999347925 ], [ 1263793.896874761208892, 5543831.798844850622118 ], [ 1263793.896874761208892, 5543769.404702704399824 ], [ 1263693.896874761208892, 5543769.404702704399824 ], [ 1263693.896874761208892, 5543869.404702704399824 ], [ 1263704.550552954431623, 5543869.404702704399824 ], [ 1263717.426795166451484, 5543864.443923085927963 ] ] ] ] } },
{ "type": "Feature", "properties": { "id": 985, "left": 1263693.8968747612, "top": 5543769.4047027044, "right": 1263793.8968747612, "bottom": 5543669.4047027044, "row_index": 4, "col_index": 28, "green_area": 895.9970554667525, "green_pc": 8.9599705546541735, "buildings_area": 4403.7077012346126, "buildings_pc": 44.037077012280506, "road_area": 1525.6437351480126, "road_pc": 15.256437351457393, "free_space_area": 3241.1770795885368, "free_space_pc": 32.411770795837072, "railways_area": 0.0, "railways_pc": 0.0, "free_space_number": 5.0, "tree_number": 0.0 }, "geometry": { "type": "MultiPolygon", "coordinates": [ [ [ [ 1263693.896874761208892, 5543769.404702704399824 ], [ 1263793.896874761208892, 5543769.404702704399824 ], [ 1263793.896874761208892, 5543669.404702704399824 ], [ 1263693.896874761208892, 5543669.404702704399824 ], [ 1263693.896874761208892, 5543769.404702704399824 ] ] ] ] } },
{ "type": "Feature", "properties": { "id": 986, "left": 1263693.8968747612, "top": 5543669.4047027044, "right": 1263793.8968747612, "bottom": 5543569.4047027044, "row_index": 5, "col_index": 28, "green_area": 2534.8695245273411, "green_pc": 25.348695245235639, "buildings_area": 4217.5286295842379, "buildings_pc": 42.175286295779536, "road_area": 13.42263276129961, "road_pc": 0.1342263276127961, "free_space_area": 3239.0682774991728, "free_space_pc": 32.390682774943464, "railways_area": 0.0, "railways_pc": 0.0, "free_space_number": 3.0, "tree_number": 0.0 }, "geometry": { "type": "MultiPolygon", "coordinates": [ [ [ [ 1263693.896874761208892, 5543669.404702704399824 ], [ 1263793.896874761208892, 5543669.404702704399824 ], [ 1263793.896874761208892, 5543569.404702704399824 ], [ 1263693.896874761208892, 5543569.404702704399824 ], [ 1263693.896874761208892, 5543669.404702704399824 ] ] ] ] } },
{ "type": "Feature", "properties": { "id": 987, "left": 1263693.8968747612, "top": 5543569.4047027044, "right": 1263793.8968747612, "bottom": 5543469.4047027044, "row_index": 6, "col_index": 28, "green_area": 1743.6840022264514, "green_pc": 17.436840022238531, "buildings_area": 579.10873114084825, "buildings_pc": 5.7910873113998527, "road_area": 3090.4051383580081, "road_pc": 30.904051383534032, "free_space_area": 846.9467355128304, "free_space_pc": 8.4694673551156825, "railways_area": 0.0, "railways_pc": 0.0, "free_space_number": 9.0, "tree_number": 1.0 }, "geometry": { "type": "MultiPolygon", "coordinates": [ [ [ [ 1263693.896874761208892, 5543569.404702704399824 ], [ 1263793.896874761208892, 5543569.404702704399824 ], [ 1263793.896874761208892, 5543469.404702704399824 ], [ 1263693.896874761208892, 5543469.404702704399824 ], [ 1263693.896874761208892, 5543569.404702704399824 ] ] ] ] } },
{ "type": "Feature", "properties": { "id": 988, "left": 1263693.8968747612, "top": 5543469.4047027044, "right": 1263793.8968747612, "bottom": 5543369.4047027044, "row_index": 7, "col_index": 28, "green_area": 0.0, "green_pc": 0.0, "buildings_area": 4896.9555621002801, "buildings_pc": 48.969555620929832, "road_area": 1933.5238035293296, "road_pc": 19.335238035264485, "free_space_area": 1329.0926884423056, "free_space_pc": 13.290926884403252, "railways_area": 0.0, "railways_pc": 0.0, "free_space_number": 5.0, "tree_number": 0.0 }, "geometry": { "type": "MultiPolygon", "coordinates": [ [ [ [ 1263693.896874761208892, 5543469.404702704399824 ], [ 1263793.896874761208892, 5543469.404702704399824 ], [ 1263793.896874761208892, 5543369.404702704399824 ], [ 1263693.896874761208892, 5543369.404702704399824 ], [ 1263693.896874761208892, 5543469.404702704399824 ] ] ] ] } },
{ "type": "Feature", "properties": { "id": 989, "left": 1263693.8968747612, "top": 5543369.4047027044, "right": 1263793.8968747612, "bottom": 5543269.4047027044, "row_index": 8, "col_index": 28, "green_area": 50.74617312848568, "green_pc": 0.50746173128410066, "buildings_area": 5409.7445889310911, "buildings_pc": 54.097445889230301, "road_area": 182.71379895508289, "road_pc": 1.8271379895481064, "free_space_area": 4359.5722935471458, "free_space_pc": 43.595722935406492, "railways_area": 0.0, "railways_pc": 0.0, "free_space_number": 3.0, "tree_number": 0.0 }, "geometry": { "type": "MultiPolygon", "coordinates": [ [ [ [ 1263693.896874761208892, 5543369.404702704399824 ], [ 1263793.896874761208892, 5543369.404702704399824 ], [ 1263793.896874761208892, 5543269.404702704399824 ], [ 1263693.896874761208892, 5543269.404702704399824 ], [ 1263693.896874761208892, 5543369.404702704399824 ] ] ] ] } },
{ "type": "Feature", "properties": { "id": 990, "left": 1263693.8968747612, "top": 5543269.4047027044, "right": 1263793.8968747612, "bottom": 5543169.4047027044, "row_index": 9, "col_index": 28, "green_area": 6327.4286584164947, "green_pc": 63.274286584070659, "buildings_area": 2493.2515566814691, "buildings_pc": 24.932515566777539, "road_area": 0.0, "road_pc": 0.0, "free_space_area": 1310.640046195942, "free_space_pc": 13.10640046193989, "railways_area": 0.0, "railways_pc": 0.0, "free_space_number": 8.0, "tree_number": 0.0 }, "geometry": { "type": "MultiPolygon", "coordinates": [ [ [ [ 1263693.896874761208892, 5543269.404702704399824 ], [ 1263793.896874761208892, 5543269.404702704399824 ], [ 1263793.896874761208892, 5543169.404702704399824 ], [ 1263693.896874761208892, 5543169.404702704399824 ], [ 1263693.896874761208892, 5543269.404702704399824 ] ] ] ] } },
{ "type": "Feature", "properties": { "id": 991, "left": 1263693.8968747612, "top": 5543169.4047027044, "right": 1263793.8968747612, "bottom": 5543069.4047027044, "row_index": 10, "col_index": 28, "green_area": 5264.7655398496427, "green_pc": 52.647655398417974, "buildings_area": 2624.6824771417305, "buildings_pc": 26.246824771378193, "road_area": 0.0, "road_pc": 0.0, "free_space_area": 2112.9020200674422, "free_space_pc": 21.129020200642938, "railways_area": 0.0, "railways_pc": 0.0, "free_space_number": 8.0, "tree_number": 0.0 }, "geometry": { "type": "MultiPolygon", "coordinates": [ [ [ [ 1263693.896874761208892, 5543169.404702704399824 ], [ 1263793.896874761208892, 5543169.404702704399824 ], [ 1263793.896874761208892, 5543069.404702704399824 ], [ 1263693.896874761208892, 5543069.404702704399824 ], [ 1263693.896874761208892, 5543169.404702704399824 ] ] ] ] } },
{ "type": "Feature", "properties": { "id": 992, "left": 1263693.8968747612, "top": 5543069.4047027044, "right": 1263793.8968747612, "bottom": 5542969.4047027044, "row_index": 11, "col_index": 28, "green_area": 2750.1194648612291, "green_pc": 27.50119464857131, "buildings_area": 865.08684621285647, "buildings_pc": 8.6508684621156746, "road_area": 4349.878354344517, "road_pc": 43.498783543380348, "free_space_area": 2044.5196844703751, "free_space_pc": 20.445196844673283, "railways_area": 0.0, "railways_pc": 0.0, "free_space_number": 7.0, "tree_number": 18.0 }, "geometry": { "type": "MultiPolygon", "coordinates": [ [ [ [ 1263693.896874761208892, 5543069.404702704399824 ], [ 1263793.896874761208892, 5543069.404702704399824 ], [ 1263793.896874761208892, 5542969.404702704399824 ], [ 1263693.896874761208892, 5542969.404702704399824 ], [ 1263693.896874761208892, 5543069.404702704399824 ] ] ] ] } },
{ "type": "Feature", "properties": { "id": 993, "left": 1263693.8968747612, "top": 5542969.4047027044, "right": 1263793.8968747612, "bottom": 5542869.4047027044, "row_index": 12, "col_index": 28, "green_area": 2045.1162410248071, "green_pc": 20.451162410217595, "buildings_area": 4707.176004932262, "buildings_pc": 47.071760049252475, "road_area": 974.54391287639737, "road_pc": 9.7454391287494513, "free_space_area": 2313.7898956394365, "free_space_pc": 23.137898956359887, "railways_area": 0.0, "railways_pc": 0.0, "free_space_number": 11.0, "tree_number": 0.0 }, "geometry": { "type": "MultiPolygon", "coordinates": [ [ [ [ 1263693.896874761208892, 5542969.404702704399824 ], [ 1263793.896874761208892, 5542969.404702704399824 ], [ 1263793.896874761208892, 5542869.404702704399824 ], [ 1263693.896874761208892, 5542869.404702704399824 ], [ 1263693.896874761208892, 5542969.404702704399824 ] ] ] ] } },
{ "type": "Feature", "properties": { "id": 994, "left": 1263693.8968747612, "top": 5542869.4047027044, "right": 1263793.8968747612, "bottom": 5542769.4047027044, "row_index": 13, "col_index": 28, "green_area": 0.0, "green_pc": 0.0, "buildings_area": 6964.8605358427158, "buildings_pc": 69.64860535832338, "road_area": 2032.745573207736, "road_pc": 20.327455732047071, "free_space_area": 1002.4471458459099, "free_space_pc": 10.024471458444161, "railways_area": 0.0, "railways_pc": 0.0, "free_space_number": 17.0, "tree_number": 0.0 }, "geometry": { "type": "MultiPolygon", "coordinates": [ [ [ [ 1263693.896874761208892, 5542869.404702704399824 ], [ 1263793.896874761208892, 5542869.404702704399824 ], [ 1263793.896874761208892, 5542769.404702704399824 ], [ 1263693.896874761208892, 5542769.404702704399824 ], [ 1263693.896874761208892, 5542869.404702704399824 ] ] ] ] } },
{ "type": "Feature", "properties": { "id": 995, "left": 1263693.8968747612, "top": 5542769.4047027044, "right": 1263793.8968747612, "bottom": 5542669.4047027044, "row_index": 14, "col_index": 28, "green_area": 0.0, "green_pc": 0.0, "buildings_area": 5483.3381229897495, "buildings_pc": 54.833381229815785, "road_area": 640.77665134519339, "road_pc": 6.4077665134423851, "free_space_area": 3876.0622308444913, "free_space_pc": 38.760622308387155, "railways_area": 0.0, "railways_pc": 0.0, "free_space_number": 8.0, "tree_number": 0.0 }, "geometry": { "type": "MultiPolygon", "coordinates": [ [ [ [ 1263693.896874761208892, 5542769.404702704399824 ], [ 1263793.896874761208892, 5542769.404702704399824 ], [ 1263793.896874761208892, 5542669.404702704399824 ], [ 1263693.896874761208892, 5542669.404702704399824 ], [ 1263693.896874761208892, 5542769.404702704399824 ] ] ] ] } },
{ "type": "Feature", "properties": { "id": 996, "left": 1263693.8968747612, "top": 5542669.4047027044, "right": 1263793.8968747612, "bottom": 5542569.4047027044, "row_index": 15, "col_index": 28, "green_area": 473.65898919850588, "green_pc": 4.7365898919780003, "buildings_area": 6351.3604861418717, "buildings_pc": 63.513604861324076, "road_area": 431.10979424417019, "road_pc": 4.3110979424352776, "free_space_area": 2751.1806326974183, "free_space_pc": 27.511806326933186, "railways_area": 0.0, "railways_pc": 0.0, "free_space_number": 7.0, "tree_number": 0.0 }, "geometry": { "type": "MultiPolygon", "coordinates": [ [ [ [ 1263693.896874761208892, 5542669.404702704399824 ], [ 1263793.896874761208892, 5542669.404702704399824 ], [ 1263793.896874761208892, 5542569.404702704399824 ], [ 1263693.896874761208892, 5542569.404702704399824 ], [ 1263693.896874761208892, 5542669.404702704399824 ] ] ] ] } },
{ "type": "Feature", "properties": { "id": 997, "left": 1263693.8968747612, "top": 5542569.4047027044, "right": 1263793.8968747612, "bottom": 5542469.4047027044, "row_index": 16, "col_index": 28, "green_area": 412.9596316148527, "green_pc": 4.129596316142373, "buildings_area": 6108.8272865479812, "buildings_pc": 61.088272865388781, "road_area": 2168.7775546349585, "road_pc": 21.687775546317269, "free_space_area": 1322.6175427250564, "free_space_pc": 13.226175427230855, "railways_area": 0.0, "railways_pc": 0.0, "free_space_number": 10.0, "tree_number": 0.0 }, "geometry": { "type": "MultiPolygon", "coordinates": [ [ [ [ 1263693.896874761208892, 5542569.404702704399824 ], [ 1263793.896874761208892, 5542569.404702704399824 ], [ 1263793.896874761208892, 5542469.404702704399824 ], [ 1263693.896874761208892, 5542469.404702704399824 ], [ 1263693.896874761208892, 5542569.404702704399824 ] ] ] ] } },
{ "type": "Feature", "properties": { "id": 998, "left": 1263693.8968747612, "top": 5542469.4047027044, "right": 1263793.8968747612, "bottom": 5542369.4047027044, "row_index": 17, "col_index": 28, "green_area": 274.89463895559311, "green_pc": 2.7489463895518349, "buildings_area": 7126.5815877942368, "buildings_pc": 71.265815877836175, "road_area": 1342.1781940758228, "road_pc": 13.421781940738228, "free_space_area": 1269.9838963068041, "free_space_pc": 12.699838963049118, "railways_area": 0.0, "railways_pc": 0.0, "free_space_number": 18.0, "tree_number": 0.0 }, "geometry": { "type": "MultiPolygon", "coordinates": [ [ [ [ 1263693.896874761208892, 5542469.404702704399824 ], [ 1263793.896874761208892, 5542469.404702704399824 ], [ 1263793.896874761208892, 5542369.404702704399824 ], [ 1263693.896874761208892, 5542369.404702704399824 ], [ 1263693.896874761208892, 5542469.404702704399824 ] ] ] ] } },
{ "type": "Feature", "properties": { "id": 999, "left": 1263693.8968747612, "top": 5542369.4047027044, "right": 1263793.8968747612, "bottom": 5542269.4047027044, "row_index": 18, "col_index": 28, "green_area": 151.77199562266469, "green_pc": 1.5177199562243853, "buildings_area": 7052.0014353613369, "buildings_pc": 70.520014353508287, "road_area": 1234.7656612657011, "road_pc": 12.347656612638611, "free_space_area": 1577.8515589863227, "free_space_pc": 15.778515589839715, "railways_area": 0.0, "railways_pc": 0.0, "free_space_number": 18.0, "tree_number": 0.0 }, "geometry": { "type": "MultiPolygon", "coordinates": [ [ [ [ 1263693.896874761208892, 5542369.404702704399824 ], [ 1263793.896874761208892, 5542369.404702704399824 ], [ 1263793.896874761208892, 5542269.404702704399824 ], [ 1263693.896874761208892, 5542269.404702704399824 ], [ 1263693.896874761208892, 5542369.404702704399824 ] ] ] ] } },
{ "type": "Feature", "properties": { "id": 1000, "left": 1263693.8968747612, "top": 5542269.4047027044, "right": 1263793.8968747612, "bottom": 5542169.4047027044, "row_index": 19, "col_index": 28, "green_area": 159.90734733641148, "green_pc": 1.599073473361732, "buildings_area": 7083.8244453975931, "buildings_pc": 70.838244453870374, "road_area": 1985.5838023386896, "road_pc": 19.855838023357308, "free_space_area": 856.01064525858965, "free_space_pc": 8.560106452573141, "railways_area": 0.0, "railways_pc": 0.0, "free_space_number": 24.0, "tree_number": 0.0 }, "geometry": { "type": "MultiPolygon", "coordinates": [ [ [ [ 1263693.896874761208892, 5542269.404702704399824 ], [ 1263793.896874761208892, 5542269.404702704399824 ], [ 1263793.896874761208892, 5542169.404702704399824 ], [ 1263693.896874761208892, 5542169.404702704399824 ], [ 1263693.896874761208892, 5542269.404702704399824 ] ] ] ] } },
{ "type": "Feature", "properties": { "id": 1001, "left": 1263693.8968747612, "top": 5542169.4047027044, "right": 1263793.8968747612, "bottom": 5542069.4047027044, "row_index": 20, "col_index": 28, "green_area": 520.19081913202535, "green_pc": 5.2019081913125023, "buildings_area": 7300.949690464884, "buildings_pc": 73.009496904540043, "road_area": 810.12897695787251, "road_pc": 8.1012897695666535, "free_space_area": 1385.1175049531157, "free_space_pc": 13.851175049510518, "railways_area": 0.0, "railways_pc": 0.0, "free_space_number": 28.0, "tree_number": 0.0 }, "geometry": { "type": "MultiPolygon", "coordinates": [ [ [ [ 1263693.896874761208892, 5542169.404702704399824 ], [ 1263793.896874761208892, 5542169.404702704399824 ], [ 1263793.896874761208892, 5542069.404702704399824 ], [ 1263693.896874761208892, 5542069.404702704399824 ], [ 1263693.896874761208892, 5542169.404702704399824 ] ] ] ] } },
{ "type": "Feature", "properties": { "id": 1002, "left": 1263693.8968747612, "top": 5542069.4047027044, "right": 1263793.8968747612, "bottom": 5541969.4047027044, "row_index": 21, "col_index": 28, "green_area": 1693.7109663970768, "green_pc": 16.937109663945531, "buildings_area": 6160.387846856378, "buildings_pc": 61.603878468471983, "road_area": 988.35033497586846, "road_pc": 9.8835033497439575, "free_space_area": 1212.3720714823576, "free_space_pc": 12.12372071480551, "railways_area": 0.0, "railways_pc": 0.0, "free_space_number": 17.0, "tree_number": 0.0 }, "geometry": { "type": "MultiPolygon", "coordinates": [ [ [ [ 1263693.896874761208892, 5542069.404702704399824 ], [ 1263793.896874761208892, 5542069.404702704399824 ], [ 1263793.896874761208892, 5541969.404702704399824 ], [ 1263693.896874761208892, 5541969.404702704399824 ], [ 1263693.896874761208892, 5542069.404702704399824 ] ] ] ] } },
{ "type": "Feature", "properties": { "id": 1003, "left": 1263693.8968747612, "top": 5541969.4047027044, "right": 1263793.8968747612, "bottom": 5541869.4047027044, "row_index": 22, "col_index": 28, "green_area": 2.8011881690472364, "green_pc": 0.028011881690430625, "buildings_area": 6652.7651153635234, "buildings_pc": 66.527651153536098, "road_area": 1891.7025945223868, "road_pc": 18.917025945195679, "free_space_area": 1452.7384134762688, "free_space_pc": 14.527384134741039, "railways_area": 0.0, "railways_pc": 0.0, "free_space_number": 14.0, "tree_number": 0.0 }, "geometry": { "type": "MultiPolygon", "coordinates": [ [ [ [ 1263693.896874761208892, 5541969.404702704399824 ], [ 1263793.896874761208892, 5541969.404702704399824 ], [ 1263793.896874761208892, 5541869.404702704399824 ], [ 1263693.896874761208892, 5541869.404702704399824 ], [ 1263693.896874761208892, 5541969.404702704399824 ] ] ] ] } },
{ "type": "Feature", "properties": { "id": 1004, "left": 1263693.8968747612, "top": 5541869.4047027044, "right": 1263793.8968747612, "bottom": 5541769.4047027044, "row_index": 23, "col_index": 28, "green_area": 109.01249287195969, "green_pc": 1.0901249287179726, "buildings_area": 7252.7867304012179, "buildings_pc": 72.527867303904102, "road_area": 125.65695606917143, "road_pc": 1.2565695606898419, "free_space_area": 2520.7704827284906, "free_space_pc": 25.207704827247344, "railways_area": 0.0, "railways_pc": 0.0, "free_space_number": 7.0, "tree_number": 0.0 }, "geometry": { "type": "MultiPolygon", "coordinates": [ [ [ [ 1263693.896874761208892, 5541869.404702704399824 ], [ 1263793.896874761208892, 5541869.404702704399824 ], [ 1263793.896874761208892, 5541769.404702704399824 ], [ 1263693.896874761208892, 5541769.404702704399824 ], [ 1263693.896874761208892, 5541869.404702704399824 ] ] ] ] } },
{ "type": "Feature", "properties": { "id": 1005, "left": 1263693.8968747612, "top": 5541769.4047027044, "right": 1263793.8968747612, "bottom": 5541669.4047027044, "row_index": 24, "col_index": 28, "green_area": 1020.6083531850018, "green_pc": 10.206083531834809, "buildings_area": 7118.5305364523083, "buildings_pc": 71.185305364417005, "road_area": 0.0, "road_pc": 0.0, "free_space_area": 1886.9743862876494, "free_space_pc": 18.869743862848377, "railways_area": 0.0, "railways_pc": 0.0, "free_space_number": 8.0, "tree_number": 0.0 }, "geometry": { "type": "MultiPolygon", "coordinates": [ [ [ [ 1263693.896874761208892, 5541769.404702704399824 ], [ 1263793.896874761208892, 5541769.404702704399824 ], [ 1263793.896874761208892, 5541669.404702704399824 ], [ 1263693.896874761208892, 5541669.404702704399824 ], [ 1263693.896874761208892, 5541769.404702704399824 ] ] ] ] } },
{ "type": "Feature", "properties": { "id": 1006, "left": 1263693.8968747612, "top": 5541669.4047027044, "right": 1263793.8968747612, "bottom": 5541569.4047027044, "row_index": 25, "col_index": 28, "green_area": 47.07208458520472, "green_pc": 0.47072084585134577, "buildings_area": 6758.0525861494243, "buildings_pc": 67.580525861393539, "road_area": 1532.8494683187455, "road_pc": 15.328494683164614, "free_space_area": 1669.6722595009967, "free_space_pc": 16.696722594985086, "railways_area": 0.0, "railways_pc": 0.0, "free_space_number": 13.0, "tree_number": 0.0 }, "geometry": { "type": "MultiPolygon", "coordinates": [ [ [ [ 1263693.896874761208892, 5541669.404702704399824 ], [ 1263793.896874761208892, 5541669.404702704399824 ], [ 1263793.896874761208892, 5541569.404702704399824 ], [ 1263693.896874761208892, 5541569.404702704399824 ], [ 1263693.896874761208892, 5541669.404702704399824 ] ] ] ] } },
{ "type": "Feature", "properties": { "id": 1007, "left": 1263693.8968747612, "top": 5541569.4047027044, "right": 1263793.8968747612, "bottom": 5541469.4047027044, "row_index": 26, "col_index": 28, "green_area": 3889.7614001398906, "green_pc": 38.897614001340941, "buildings_area": 4119.8812635149807, "buildings_pc": 41.198812635088416, "road_area": 292.38871119916439, "road_pc": 2.9238871119872871, "free_space_area": 2003.9886888081382, "free_space_pc": 20.03988688805152, "railways_area": 0.0, "railways_pc": 0.0, "free_space_number": 12.0, "tree_number": 0.0 }, "geometry": { "type": "MultiPolygon", "coordinates": [ [ [ [ 1263693.896874761208892, 5541569.404702704399824 ], [ 1263793.896874761208892, 5541569.404702704399824 ], [ 1263793.896874761208892, 5541469.404702704399824 ], [ 1263693.896874761208892, 5541469.404702704399824 ], [ 1263693.896874761208892, 5541569.404702704399824 ] ] ] ] } },
{ "type": "Feature", "properties": { "id": 1008, "left": 1263693.8968747612, "top": 5541469.4047027044, "right": 1263793.8968747612, "bottom": 5541369.4047027044, "row_index": 27, "col_index": 28, "green_area": 2780.2994863623753, "green_pc": 27.802994863582324, "buildings_area": 3862.462767072022, "buildings_pc": 38.624627670662662, "road_area": 0.0, "road_pc": 0.0, "free_space_area": 3450.1963192954427, "free_space_pc": 34.501963192903013, "railways_area": 0.0, "railways_pc": 0.0, "free_space_number": 8.0, "tree_number": 0.0 }, "geometry": { "type": "MultiPolygon", "coordinates": [ [ [ [ 1263693.896874761208892, 5541469.404702704399824 ], [ 1263793.896874761208892, 5541469.404702704399824 ], [ 1263793.896874761208892, 5541369.404702704399824 ], [ 1263693.896874761208892, 5541369.404702704399824 ], [ 1263693.896874761208892, 5541469.404702704399824 ] ] ] ] } },
{ "type": "Feature", "properties": { "id": 1009, "left": 1263693.8968747612, "top": 5541369.4047027044, "right": 1263793.8968747612, "bottom": 5541269.4047027044, "row_index": 28, "col_index": 28, "green_area": 263.15084113087505, "green_pc": 2.631508411304829, "buildings_area": 6794.1962010199204, "buildings_pc": 67.941962010097967, "road_area": 1460.1574720116332, "road_pc": 14.601574720094574, "free_space_area": 1483.3564844479729, "free_space_pc": 14.833564844457625, "railways_area": 0.0, "railways_pc": 0.0, "free_space_number": 23.0, "tree_number": 0.0 }, "geometry": { "type": "MultiPolygon", "coordinates": [ [ [ [ 1263693.896874761208892, 5541369.404702704399824 ], [ 1263793.896874761208892, 5541369.404702704399824 ], [ 1263793.896874761208892, 5541269.404702704399824 ], [ 1263693.896874761208892, 5541269.404702704399824 ], [ 1263693.896874761208892, 5541369.404702704399824 ] ] ] ] } },
{ "type": "Feature", "properties": { "id": 1010, "left": 1263693.8968747612, "top": 5541269.4047027044, "right": 1263793.8968747612, "bottom": 5541169.4047027044, "row_index": 29, "col_index": 28, "green_area": 0.0, "green_pc": 0.0, "buildings_area": 7017.3873127307743, "buildings_pc": 70.17387312720318, "road_area": 1495.0444461926818, "road_pc": 14.95044446190454, "free_space_area": 1487.6758457490978, "free_space_pc": 14.876758457468808, "railways_area": 0.0, "railways_pc": 0.0, "free_space_number": 14.0, "tree_number": 0.0 }, "geometry": { "type": "MultiPolygon", "coordinates": [ [ [ [ 1263693.896874761208892, 5541269.404702704399824 ], [ 1263793.896874761208892, 5541269.404702704399824 ], [ 1263793.896874761208892, 5541169.404702704399824 ], [ 1263693.896874761208892, 5541169.404702704399824 ], [ 1263693.896874761208892, 5541269.404702704399824 ] ] ] ] } },
{ "type": "Feature", "properties": { "id": 1011, "left": 1263693.8968747612, "top": 5541169.4047027044, "right": 1263793.8968747612, "bottom": 5541069.4047027044, "row_index": 30, "col_index": 28, "green_area": 0.0, "green_pc": 0.0, "buildings_area": 6457.2392403651029, "buildings_pc": 64.572392403554815, "road_area": 967.26710667461157, "road_pc": 9.6726710667317022, "free_space_area": 2575.4936529411934, "free_space_pc": 25.754936529373555, "railways_area": 0.0, "railways_pc": 0.0, "free_space_number": 15.0, "tree_number": 0.0 }, "geometry": { "type": "MultiPolygon", "coordinates": [ [ [ [ 1263693.896874761208892, 5541169.404702704399824 ], [ 1263793.896874761208892, 5541169.404702704399824 ], [ 1263793.896874761208892, 5541069.404702704399824 ], [ 1263693.896874761208892, 5541069.404702704399824 ], [ 1263693.896874761208892, 5541169.404702704399824 ] ] ] ] } },
{ "type": "Feature", "properties": { "id": 1012, "left": 1263693.8968747612, "top": 5541069.4047027044, "right": 1263793.8968747612, "bottom": 5540969.4047027044, "row_index": 31, "col_index": 28, "green_area": 2662.8610876682214, "green_pc": 26.628610876642536, "buildings_area": 3088.0527954399586, "buildings_pc": 30.880527954353571, "road_area": 316.78386968839914, "road_pc": 3.1678386968792709, "free_space_area": 3932.8248038376341, "free_space_pc": 39.328248038317739, "railways_area": 0.0, "railways_pc": 0.0, "free_space_number": 7.0, "tree_number": 0.0 }, "geometry": { "type": "MultiPolygon", "coordinates": [ [ [ [ 1263693.896874761208892, 5541069.404702704399824 ], [ 1263793.896874761208892, 5541069.404702704399824 ], [ 1263793.896874761208892, 5540969.404702704399824 ], [ 1263693.896874761208892, 5540969.404702704399824 ], [ 1263693.896874761208892, 5541069.404702704399824 ] ] ] ] } },
{ "type": "Feature", "properties": { "id": 1013, "left": 1263693.8968747612, "top": 5540969.4047027044, "right": 1263793.8968747612, "bottom": 5540869.4047027044, "row_index": 32, "col_index": 28, "green_area": 478.37486262060702, "green_pc": 4.7837486261989417, "buildings_area": 6273.0365048516542, "buildings_pc": 62.730365048423067, "road_area": 1612.7676518447697, "road_pc": 16.127676518423666, "free_space_area": 1636.9127163628866, "free_space_pc": 16.369127163604475, "railways_area": 0.0, "railways_pc": 0.0, "free_space_number": 12.0, "tree_number": 0.0 }, "geometry": { "type": "MultiPolygon", "coordinates": [ [ [ [ 1263693.896874761208892, 5540969.404702704399824 ], [ 1263793.896874761208892, 5540969.404702704399824 ], [ 1263793.896874761208892, 5540869.404702704399824 ], [ 1263693.896874761208892, 5540869.404702704399824 ], [ 1263693.896874761208892, 5540969.404702704399824 ] ] ] ] } },
{ "type": "Feature", "properties": { "id": 1014, "left": 1263693.8968747612, "top": 5540869.4047027044, "right": 1263793.8968747612, "bottom": 5540769.4047027044, "row_index": 33, "col_index": 28, "green_area": 1679.5640880647115, "green_pc": 20.606065081562477, "buildings_area": 2229.9265230717137, "buildings_pc": 27.358295755456556, "road_area": 1474.7366390824318, "road_pc": 18.093098905271702, "free_space_area": 2766.8601655368693, "free_space_pc": 33.945772625044818, "railways_area": 0.0, "railways_pc": 0.0, "free_space_number": 4.0, "tree_number": 0.0 }, "geometry": { "type": "MultiPolygon", "coordinates": [ [ [ [ 1263693.896874761208892, 5540796.310990428552032 ], [ 1263693.896874761208892, 5540869.404702704399824 ], [ 1263793.896874761208892, 5540869.404702704399824 ], [ 1263793.896874761208892, 5540779.481935956515372 ], [ 1263693.896874761208892, 5540796.310990428552032 ] ] ] ] } },
{ "type": "Feature", "properties": { "id": 1019, "left": 1263793.8968747612, "top": 5543869.4047027044, "right": 1263893.8968747612, "bottom": 5543769.4047027044, "row_index": 3, "col_index": 29, "green_area": 0.0, "green_pc": 0.0, "buildings_area": 0.0, "buildings_pc": 0.0, "road_area": 0.0, "road_pc": 0.0, "free_space_area": 340.45910347998142, "free_space_pc": 9.4070719734790966, "railways_area": 3278.723405584693, "railways_pc": 90.592928026315036, "free_space_number": 1.0, "tree_number": 0.0 }, "geometry": { "type": "MultiPolygon", "coordinates": [ [ [ [ 1263798.747337207896635, 5543829.543288944289088 ], [ 1263816.012821517186239, 5543820.725698587484658 ], [ 1263842.30601412942633, 5543806.869578217156231 ], [ 1263874.600412977160886, 5543788.454405511729419 ], [ 1263877.594323282130063, 5543787.623118729330599 ], [ 1263885.155096364673227, 5543783.631681619212031 ], [ 1263887.080303400522098, 5543782.694987736642361 ], [ 1263893.896874761208892, 5543778.146975043229759 ], [ 1263893.896874761208892, 5543769.404702704399824 ], [ 1263793.896874761208892, 5543769.404702704399824 ], [ 1263793.896874761208892, 5543831.798844850622118 ], [ 1263798.747337207896635, 5543829.543288944289088 ] ] ] ] } },
{ "type": "Feature", "properties": { "id": 1020, "left": 1263793.8968747612, "top": 5543769.4047027044, "right": 1263893.8968747612, "bottom": 5543669.4047027044, "row_index": 4, "col_index": 29, "green_area": 351.07664779515471, "green_pc": 3.5107664779463157, "buildings_area": 195.96350217331201, "buildings_pc": 1.9596350217302001, "road_area": 3388.0097438474186, "road_pc": 33.880097438423704, "free_space_area": 5390.8769265173469, "free_space_pc": 53.908769265093142, "railways_area": 689.15870016813278, "railways_pc": 6.8915870016710583, "free_space_number": 5.0, "tree_number": 0.0 }, "geometry": { "type": "MultiPolygon", "coordinates": [ [ [ [ 1263793.896874761208892, 5543769.404702704399824 ], [ 1263893.896874761208892, 5543769.404702704399824 ], [ 1263893.896874761208892, 5543669.404702704399824 ], [ 1263793.896874761208892, 5543669.404702704399824 ], [ 1263793.896874761208892, 5543769.404702704399824 ] ] ] ] } },
{ "type": "Feature", "properties": { "id": 1021, "left": 1263793.8968747612, "top": 5543669.4047027044, "right": 1263893.8968747612, "bottom": 5543569.4047027044, "row_index": 5, "col_index": 29, "green_area": 657.96494418010116, "green_pc": 6.579649441791207, "buildings_area": 2224.5406504573766, "buildings_pc": 22.245406504540618, "road_area": 2406.0957942530513, "road_pc": 24.06095794249466, "free_space_area": 4711.3986129872501, "free_space_pc": 47.113986129802292, "railways_area": 0.0, "railways_pc": 0.0, "free_space_number": 4.0, "tree_number": 0.0 }, "geometry": { "type": "MultiPolygon", "coordinates": [ [ [ [ 1263793.896874761208892, 5543669.404702704399824 ], [ 1263893.896874761208892, 5543669.404702704399824 ], [ 1263893.896874761208892, 5543569.404702704399824 ], [ 1263793.896874761208892, 5543569.404702704399824 ], [ 1263793.896874761208892, 5543669.404702704399824 ] ] ] ] } },
{ "type": "Feature", "properties": { "id": 1022, "left": 1263793.8968747612, "top": 5543569.4047027044, "right": 1263893.8968747612, "bottom": 5543469.4047027044, "row_index": 6, "col_index": 29, "green_area": 302.61865612864494, "green_pc": 3.0261865612819401, "buildings_area": 2500.8349070418626, "buildings_pc": 25.00834907038136, "road_area": 2253.1990259587765, "road_pc": 22.531990259554188, "free_space_area": 3727.5811633663252, "free_space_pc": 37.275811633607709, "railways_area": 0.0, "railways_pc": 0.0, "free_space_number": 2.0, "tree_number": 1.0 }, "geometry": { "type": "MultiPolygon", "coordinates": [ [ [ [ 1263793.896874761208892, 5543569.404702704399824 ], [ 1263893.896874761208892, 5543569.404702704399824 ], [ 1263893.896874761208892, 5543469.404702704399824 ], [ 1263793.896874761208892, 5543469.404702704399824 ], [ 1263793.896874761208892, 5543569.404702704399824 ] ] ] ] } },
{ "type": "Feature", "properties": { "id": 1023, "left": 1263793.8968747612, "top": 5543469.4047027044, "right": 1263893.8968747612, "bottom": 5543369.4047027044, "row_index": 7, "col_index": 29, "green_area": 850.86924044787884, "green_pc": 8.5086924044661103, "buildings_area": 4618.5261424970813, "buildings_pc": 46.185261424901995, "road_area": 2371.2417537793517, "road_pc": 23.712417537758181, "free_space_area": 998.7895308798179, "free_space_pc": 9.9878953087832958, "railways_area": 0.0, "railways_pc": 0.0, "free_space_number": 4.0, "tree_number": 1.0 }, "geometry": { "type": "MultiPolygon", "coordinates": [ [ [ [ 1263793.896874761208892, 5543469.404702704399824 ], [ 1263893.896874761208892, 5543469.404702704399824 ], [ 1263893.896874761208892, 5543369.404702704399824 ], [ 1263793.896874761208892, 5543369.404702704399824 ], [ 1263793.896874761208892, 5543469.404702704399824 ] ] ] ] } },
{ "type": "Feature", "properties": { "id": 1024, "left": 1263793.8968747612, "top": 5543369.4047027044, "right": 1263893.8968747612, "bottom": 5543269.4047027044, "row_index": 8, "col_index": 29, "green_area": 4787.6273409053683, "green_pc": 47.876273408982343, "buildings_area": 2665.6676144581288, "buildings_pc": 26.656676144541567, "road_area": 0.0, "road_pc": 0.0, "free_space_area": 2566.9198709018528, "free_space_pc": 25.669198708980279, "railways_area": 0.0, "railways_pc": 0.0, "free_space_number": 2.0, "tree_number": 0.0 }, "geometry": { "type": "MultiPolygon", "coordinates": [ [ [ [ 1263793.896874761208892, 5543369.404702704399824 ], [ 1263893.896874761208892, 5543369.404702704399824 ], [ 1263893.896874761208892, 5543269.404702704399824 ], [ 1263793.896874761208892, 5543269.404702704399824 ], [ 1263793.896874761208892, 5543369.404702704399824 ] ] ] ] } },
{ "type": "Feature", "properties": { "id": 1025, "left": 1263793.8968747612, "top": 5543269.4047027044, "right": 1263893.8968747612, "bottom": 5543169.4047027044, "row_index": 9, "col_index": 29, "green_area": 8590.5492531880736, "green_pc": 85.905492531752728, "buildings_area": 1077.643811378628, "buildings_pc": 10.776438113770222, "road_area": 0.0, "road_pc": 0.0, "free_space_area": 450.00331688800361, "free_space_pc": 4.5000331688733306, "railways_area": 0.0, "railways_pc": 0.0, "free_space_number": 6.0, "tree_number": 0.0 }, "geometry": { "type": "MultiPolygon", "coordinates": [ [ [ [ 1263793.896874761208892, 5543269.404702704399824 ], [ 1263893.896874761208892, 5543269.404702704399824 ], [ 1263893.896874761208892, 5543169.404702704399824 ], [ 1263793.896874761208892, 5543169.404702704399824 ], [ 1263793.896874761208892, 5543269.404702704399824 ] ] ] ] } },
{ "type": "Feature", "properties": { "id": 1026, "left": 1263793.8968747612, "top": 5543169.4047027044, "right": 1263893.8968747612, "bottom": 5543069.4047027044, "row_index": 10, "col_index": 29, "green_area": 3851.7993935933337, "green_pc": 38.517993935875943, "buildings_area": 3013.6144749140367, "buildings_pc": 30.136144749095461, "road_area": 0.0, "road_pc": 0.0, "free_space_area": 3232.9620779358083, "free_space_pc": 32.329620779309906, "railways_area": 0.0, "railways_pc": 0.0, "free_space_number": 5.0, "tree_number": 0.0 }, "geometry": { "type": "MultiPolygon", "coordinates": [ [ [ [ 1263793.896874761208892, 5543169.404702704399824 ], [ 1263893.896874761208892, 5543169.404702704399824 ], [ 1263893.896874761208892, 5543069.404702704399824 ], [ 1263793.896874761208892, 5543069.404702704399824 ], [ 1263793.896874761208892, 5543169.404702704399824 ] ] ] ] } },
{ "type": "Feature", "properties": { "id": 1027, "left": 1263793.8968747612, "top": 5543069.4047027044, "right": 1263893.8968747612, "bottom": 5542969.4047027044, "row_index": 11, "col_index": 29, "green_area": 3120.7130401888862, "green_pc": 31.20713040184236, "buildings_area": 1169.6025834637694, "buildings_pc": 11.696025834620265, "road_area": 3691.7243724409491, "road_pc": 36.917243724354478, "free_space_area": 2050.2920533834258, "free_space_pc": 20.502920533803707, "railways_area": 0.0, "railways_pc": 0.0, "free_space_number": 4.0, "tree_number": 15.0 }, "geometry": { "type": "MultiPolygon", "coordinates": [ [ [ [ 1263793.896874761208892, 5543069.404702704399824 ], [ 1263893.896874761208892, 5543069.404702704399824 ], [ 1263893.896874761208892, 5542969.404702704399824 ], [ 1263793.896874761208892, 5542969.404702704399824 ], [ 1263793.896874761208892, 5543069.404702704399824 ] ] ] ] } },
{ "type": "Feature", "properties": { "id": 1028, "left": 1263793.8968747612, "top": 5542969.4047027044, "right": 1263893.8968747612, "bottom": 5542869.4047027044, "row_index": 12, "col_index": 29, "green_area": 0.0, "green_pc": 0.0, "buildings_area": 4555.4785585450009, "buildings_pc": 45.554785585382128, "road_area": 661.18777656555176, "road_pc": 6.6118777656456649, "free_space_area": 4783.3336649015546, "free_space_pc": 47.833336648944268, "railways_area": 0.0, "railways_pc": 0.0, "free_space_number": 2.0, "tree_number": 3.0 }, "geometry": { "type": "MultiPolygon", "coordinates": [ [ [ [ 1263793.896874761208892, 5542969.404702704399824 ], [ 1263893.896874761208892, 5542969.404702704399824 ], [ 1263893.896874761208892, 5542869.404702704399824 ], [ 1263793.896874761208892, 5542869.404702704399824 ], [ 1263793.896874761208892, 5542969.404702704399824 ] ] ] ] } },
{ "type": "Feature", "properties": { "id": 1029, "left": 1263793.8968747612, "top": 5542869.4047027044, "right": 1263893.8968747612, "bottom": 5542769.4047027044, "row_index": 13, "col_index": 29, "green_area": 159.13757029175758, "green_pc": 1.5913757029152045, "buildings_area": 6472.5833025127649, "buildings_pc": 64.725833025031207, "road_area": 912.10031551076099, "road_pc": 9.1210031550940194, "free_space_area": 1963.2116581271403, "free_space_pc": 19.632116581242148, "railways_area": 0.0, "railways_pc": 0.0, "free_space_number": 8.0, "tree_number": 0.0 }, "geometry": { "type": "MultiPolygon", "coordinates": [ [ [ [ 1263793.896874761208892, 5542869.404702704399824 ], [ 1263893.896874761208892, 5542869.404702704399824 ], [ 1263893.896874761208892, 5542769.404702704399824 ], [ 1263793.896874761208892, 5542769.404702704399824 ], [ 1263793.896874761208892, 5542869.404702704399824 ] ] ] ] } },
{ "type": "Feature", "properties": { "id": 1030, "left": 1263793.8968747612, "top": 5542769.4047027044, "right": 1263893.8968747612, "bottom": 5542669.4047027044, "row_index": 14, "col_index": 29, "green_area": 780.72548777796328, "green_pc": 7.8072548777679991, "buildings_area": 4755.5687624816783, "buildings_pc": 47.555687624745921, "road_area": 949.37716850079596, "road_pc": 9.4937716849938134, "free_space_area": 535.80668995439692, "free_space_pc": 5.3580668995359853, "railways_area": 0.0, "railways_pc": 0.0, "free_space_number": 17.0, "tree_number": 4.0 }, "geometry": { "type": "MultiPolygon", "coordinates": [ [ [ [ 1263793.896874761208892, 5542769.404702704399824 ], [ 1263893.896874761208892, 5542769.404702704399824 ], [ 1263893.896874761208892, 5542669.404702704399824 ], [ 1263793.896874761208892, 5542669.404702704399824 ], [ 1263793.896874761208892, 5542769.404702704399824 ] ] ] ] } },
{ "type": "Feature", "properties": { "id": 1031, "left": 1263793.8968747612, "top": 5542669.4047027044, "right": 1263893.8968747612, "bottom": 5542569.4047027044, "row_index": 15, "col_index": 29, "green_area": 1009.2061778437346, "green_pc": 10.092061778422307, "buildings_area": 5489.6502289567143, "buildings_pc": 54.89650228948534, "road_area": 5.6431930456310511, "road_pc": 0.056431930456226423, "free_space_area": 3587.8057275917381, "free_space_pc": 35.878057275863917, "railways_area": 0.0, "railways_pc": 0.0, "free_space_number": 5.0, "tree_number": 0.0 }, "geometry": { "type": "MultiPolygon", "coordinates": [ [ [ [ 1263793.896874761208892, 5542669.404702704399824 ], [ 1263893.896874761208892, 5542669.404702704399824 ], [ 1263893.896874761208892, 5542569.404702704399824 ], [ 1263793.896874761208892, 5542569.404702704399824 ], [ 1263793.896874761208892, 5542669.404702704399824 ] ] ] ] } },
{ "type": "Feature", "properties": { "id": 1032, "left": 1263793.8968747612, "top": 5542569.4047027044, "right": 1263893.8968747612, "bottom": 5542469.4047027044, "row_index": 16, "col_index": 29, "green_area": 1354.7629372896627, "green_pc": 13.54762937287644, "buildings_area": 5721.6383233321831, "buildings_pc": 57.21638323323657, "road_area": 1062.5948550254107, "road_pc": 10.625948550238272, "free_space_area": 1949.4762864498189, "free_space_pc": 19.494762864469138, "railways_area": 0.0, "railways_pc": 0.0, "free_space_number": 7.0, "tree_number": 0.0 }, "geometry": { "type": "MultiPolygon", "coordinates": [ [ [ [ 1263793.896874761208892, 5542569.404702704399824 ], [ 1263893.896874761208892, 5542569.404702704399824 ], [ 1263893.896874761208892, 5542469.404702704399824 ], [ 1263793.896874761208892, 5542469.404702704399824 ], [ 1263793.896874761208892, 5542569.404702704399824 ] ] ] ] } },
{ "type": "Feature", "properties": { "id": 1033, "left": 1263793.8968747612, "top": 5542469.4047027044, "right": 1263893.8968747612, "bottom": 5542369.4047027044, "row_index": 17, "col_index": 29, "green_area": 488.92687312141061, "green_pc": 4.8892687312068208, "buildings_area": 6347.2777668973431, "buildings_pc": 63.472777668878848, "road_area": 1386.8320146352053, "road_pc": 13.868320146331387, "free_space_area": 1818.8392294209916, "free_space_pc": 18.188392294182812, "railways_area": 0.0, "railways_pc": 0.0, "free_space_number": 18.0, "tree_number": 0.0 }, "geometry": { "type": "MultiPolygon", "coordinates": [ [ [ [ 1263793.896874761208892, 5542469.404702704399824 ], [ 1263893.896874761208892, 5542469.404702704399824 ], [ 1263893.896874761208892, 5542369.404702704399824 ], [ 1263793.896874761208892, 5542369.404702704399824 ], [ 1263793.896874761208892, 5542469.404702704399824 ] ] ] ] } },
{ "type": "Feature", "properties": { "id": 1034, "left": 1263793.8968747612, "top": 5542369.4047027044, "right": 1263893.8968747612, "bottom": 5542269.4047027044, "row_index": 18, "col_index": 29, "green_area": 204.95697260275483, "green_pc": 2.0495697260244943, "buildings_area": 7104.8813612964004, "buildings_pc": 71.04881361285814, "road_area": 1205.1138934977353, "road_pc": 12.051138934959395, "free_space_area": 1504.3346628426243, "free_space_pc": 15.043346628403826, "railways_area": 0.0, "railways_pc": 0.0, "free_space_number": 18.0, "tree_number": 0.0 }, "geometry": { "type": "MultiPolygon", "coordinates": [ [ [ [ 1263793.896874761208892, 5542369.404702704399824 ], [ 1263893.896874761208892, 5542369.404702704399824 ], [ 1263893.896874761208892, 5542269.404702704399824 ], [ 1263793.896874761208892, 5542269.404702704399824 ], [ 1263793.896874761208892, 5542369.404702704399824 ] ] ] ] } },
{ "type": "Feature", "properties": { "id": 1035, "left": 1263793.8968747612, "top": 5542269.4047027044, "right": 1263893.8968747612, "bottom": 5542169.4047027044, "row_index": 19, "col_index": 29, "green_area": 157.38562726229429, "green_pc": 1.5738562726205978, "buildings_area": 7246.9149507137481, "buildings_pc": 72.469149507029499, "road_area": 1750.9915797989815, "road_pc": 17.509915797963725, "free_space_area": 866.65751179889776, "free_space_pc": 8.6665751179760626, "railways_area": 0.0, "railways_pc": 0.0, "free_space_number": 18.0, "tree_number": 0.0 }, "geometry": { "type": "MultiPolygon", "coordinates": [ [ [ [ 1263793.896874761208892, 5542269.404702704399824 ], [ 1263893.896874761208892, 5542269.404702704399824 ], [ 1263893.896874761208892, 5542169.404702704399824 ], [ 1263793.896874761208892, 5542169.404702704399824 ], [ 1263793.896874761208892, 5542269.404702704399824 ] ] ] ] } },
{ "type": "Feature", "properties": { "id": 1036, "left": 1263793.8968747612, "top": 5542169.4047027044, "right": 1263893.8968747612, "bottom": 5542069.4047027044, "row_index": 20, "col_index": 29, "green_area": 840.21878679818474, "green_pc": 8.4021878679693263, "buildings_area": 6580.0878495557699, "buildings_pc": 65.800878495459642, "road_area": 1155.6664714254439, "road_pc": 11.556664714237218, "free_space_area": 1482.1346118872752, "free_space_pc": 14.821346118850666, "railways_area": 0.0, "railways_pc": 0.0, "free_space_number": 17.0, "tree_number": 0.0 }, "geometry": { "type": "MultiPolygon", "coordinates": [ [ [ [ 1263793.896874761208892, 5542169.404702704399824 ], [ 1263893.896874761208892, 5542169.404702704399824 ], [ 1263893.896874761208892, 5542069.404702704399824 ], [ 1263793.896874761208892, 5542069.404702704399824 ], [ 1263793.896874761208892, 5542169.404702704399824 ] ] ] ] } },
{ "type": "Feature", "properties": { "id": 1037, "left": 1263793.8968747612, "top": 5542069.4047027044, "right": 1263893.8968747612, "bottom": 5541969.4047027044, "row_index": 21, "col_index": 29, "green_area": 1076.5056098811328, "green_pc": 10.765056098795288, "buildings_area": 5992.0294086167123, "buildings_pc": 59.920294086077838, "road_area": 987.76323598064482, "road_pc": 9.877632359791729, "free_space_area": 1975.8082203137456, "free_space_pc": 19.758082203108014, "railways_area": 0.0, "railways_pc": 0.0, "free_space_number": 17.0, "tree_number": 0.0 }, "geometry": { "type": "MultiPolygon", "coordinates": [ [ [ [ 1263793.896874761208892, 5542069.404702704399824 ], [ 1263893.896874761208892, 5542069.404702704399824 ], [ 1263893.896874761208892, 5541969.404702704399824 ], [ 1263793.896874761208892, 5541969.404702704399824 ], [ 1263793.896874761208892, 5542069.404702704399824 ] ] ] ] } },
{ "type": "Feature", "properties": { "id": 1038, "left": 1263793.8968747612, "top": 5541969.4047027044, "right": 1263893.8968747612, "bottom": 5541869.4047027044, "row_index": 22, "col_index": 29, "green_area": 1401.799927261658, "green_pc": 14.017999272595691, "buildings_area": 6918.0934305628762, "buildings_pc": 69.180934305525668, "road_area": 0.0, "road_pc": 0.0, "free_space_area": 1707.9520961372182, "free_space_pc": 17.079520961346731, "railways_area": 0.0, "railways_pc": 0.0, "free_space_number": 12.0, "tree_number": 0.0 }, "geometry": { "type": "MultiPolygon", "coordinates": [ [ [ [ 1263793.896874761208892, 5541969.404702704399824 ], [ 1263893.896874761208892, 5541969.404702704399824 ], [ 1263893.896874761208892, 5541869.404702704399824 ], [ 1263793.896874761208892, 5541869.404702704399824 ], [ 1263793.896874761208892, 5541969.404702704399824 ] ] ] ] } },
{ "type": "Feature", "properties": { "id": 1039, "left": 1263793.8968747612, "top": 5541869.4047027044, "right": 1263893.8968747612, "bottom": 5541769.4047027044, "row_index": 23, "col_index": 29, "green_area": 1318.3148122712737, "green_pc": 13.183148122693092, "buildings_area": 6778.3404779667035, "buildings_pc": 67.783404779566027, "road_area": 1384.276969759725, "road_pc": 13.842769697576623, "free_space_area": 587.35942118149251, "free_space_pc": 5.8735942118061724, "railways_area": 0.0, "railways_pc": 0.0, "free_space_number": 13.0, "tree_number": 0.0 }, "geometry": { "type": "MultiPolygon", "coordinates": [ [ [ [ 1263793.896874761208892, 5541869.404702704399824 ], [ 1263893.896874761208892, 5541869.404702704399824 ], [ 1263893.896874761208892, 5541769.404702704399824 ], [ 1263793.896874761208892, 5541769.404702704399824 ], [ 1263793.896874761208892, 5541869.404702704399824 ] ] ] ] } },
{ "type": "Feature", "properties": { "id": 1040, "left": 1263793.8968747612, "top": 5541769.4047027044, "right": 1263893.8968747612, "bottom": 5541669.4047027044, "row_index": 24, "col_index": 29, "green_area": 906.58088291611057, "green_pc": 9.0658088291475973, "buildings_area": 6024.0857583852485, "buildings_pc": 60.240857583762718, "road_area": 964.30297769606113, "road_pc": 9.6430297769462427, "free_space_area": 2311.8551722888369, "free_space_pc": 23.118551722853919, "railways_area": 0.0, "railways_pc": 0.0, "free_space_number": 10.0, "tree_number": 0.0 }, "geometry": { "type": "MultiPolygon", "coordinates": [ [ [ [ 1263793.896874761208892, 5541769.404702704399824 ], [ 1263893.896874761208892, 5541769.404702704399824 ], [ 1263893.896874761208892, 5541669.404702704399824 ], [ 1263793.896874761208892, 5541669.404702704399824 ], [ 1263793.896874761208892, 5541769.404702704399824 ] ] ] ] } },
{ "type": "Feature", "properties": { "id": 1041, "left": 1263793.8968747612, "top": 5541669.4047027044, "right": 1263893.8968747612, "bottom": 5541569.4047027044, "row_index": 25, "col_index": 29, "green_area": 7562.58143291343, "green_pc": 75.625814329021608, "buildings_area": 1362.743908376433, "buildings_pc": 13.627439083744022, "road_area": 103.765639398247, "road_pc": 1.0376563939809238, "free_space_area": 1010.4210219492088, "free_space_pc": 10.104210219477032, "railways_area": 0.0, "railways_pc": 0.0, "free_space_number": 2.0, "tree_number": 0.0 }, "geometry": { "type": "MultiPolygon", "coordinates": [ [ [ [ 1263793.896874761208892, 5541669.404702704399824 ], [ 1263893.896874761208892, 5541669.404702704399824 ], [ 1263893.896874761208892, 5541569.404702704399824 ], [ 1263793.896874761208892, 5541569.404702704399824 ], [ 1263793.896874761208892, 5541669.404702704399824 ] ] ] ] } },
{ "type": "Feature", "properties": { "id": 1042, "left": 1263793.8968747612, "top": 5541569.4047027044, "right": 1263893.8968747612, "bottom": 5541469.4047027044, "row_index": 26, "col_index": 29, "green_area": 429.13884692639112, "green_pc": 4.2913884692575168, "buildings_area": 6337.6266554383328, "buildings_pc": 63.37626655428889, "road_area": 1291.6589607493952, "road_pc": 12.916589607474705, "free_space_area": 1950.6688745221663, "free_space_pc": 19.506688745192598, "railways_area": 0.0, "railways_pc": 0.0, "free_space_number": 16.0, "tree_number": 0.0 }, "geometry": { "type": "MultiPolygon", "coordinates": [ [ [ [ 1263793.896874761208892, 5541569.404702704399824 ], [ 1263893.896874761208892, 5541569.404702704399824 ], [ 1263893.896874761208892, 5541469.404702704399824 ], [ 1263793.896874761208892, 5541469.404702704399824 ], [ 1263793.896874761208892, 5541569.404702704399824 ] ] ] ] } },
{ "type": "Feature", "properties": { "id": 1043, "left": 1263793.8968747612, "top": 5541469.4047027044, "right": 1263893.8968747612, "bottom": 5541369.4047027044, "row_index": 27, "col_index": 29, "green_area": 1884.8097546613426, "green_pc": 18.84809754658534, "buildings_area": 5948.0482549406588, "buildings_pc": 59.480482549317955, "road_area": 877.72829062305391, "road_pc": 8.7772829062174598, "free_space_area": 1316.7461661415932, "free_space_pc": 13.16746166139631, "railways_area": 0.0, "railways_pc": 0.0, "free_space_number": 22.0, "tree_number": 0.0 }, "geometry": { "type": "MultiPolygon", "coordinates": [ [ [ [ 1263793.896874761208892, 5541469.404702704399824 ], [ 1263893.896874761208892, 5541469.404702704399824 ], [ 1263893.896874761208892, 5541369.404702704399824 ], [ 1263793.896874761208892, 5541369.404702704399824 ], [ 1263793.896874761208892, 5541469.404702704399824 ] ] ] ] } },
{ "type": "Feature", "properties": { "id": 1044, "left": 1263793.8968747612, "top": 5541369.4047027044, "right": 1263893.8968747612, "bottom": 5541269.4047027044, "row_index": 28, "col_index": 29, "green_area": 1658.6016884320416, "green_pc": 16.586016884295699, "buildings_area": 5706.3189360438846, "buildings_pc": 57.063189360353817, "road_area": 370.32483446598053, "road_pc": 3.7032483446542872, "free_space_area": 2271.2979607958218, "free_space_pc": 22.712979607924375, "railways_area": 0.0, "railways_pc": 0.0, "free_space_number": 25.0, "tree_number": 0.0 }, "geometry": { "type": "MultiPolygon", "coordinates": [ [ [ [ 1263793.896874761208892, 5541369.404702704399824 ], [ 1263893.896874761208892, 5541369.404702704399824 ], [ 1263893.896874761208892, 5541269.404702704399824 ], [ 1263793.896874761208892, 5541269.404702704399824 ], [ 1263793.896874761208892, 5541369.404702704399824 ] ] ] ] } },
{ "type": "Feature", "properties": { "id": 1045, "left": 1263793.8968747612, "top": 5541269.4047027044, "right": 1263893.8968747612, "bottom": 5541169.4047027044, "row_index": 29, "col_index": 29, "green_area": 686.60826243273914, "green_pc": 6.8660826243171602, "buildings_area": 6739.5978356227279, "buildings_pc": 67.395978356126847, "road_area": 592.21649692580104, "road_pc": 5.9221649692491853, "free_space_area": 2010.3850813818367, "free_space_pc": 20.103850813788412, "railways_area": 0.0, "railways_pc": 0.0, "free_space_number": 28.0, "tree_number": 0.0 }, "geometry": { "type": "MultiPolygon", "coordinates": [ [ [ [ 1263793.896874761208892, 5541269.404702704399824 ], [ 1263893.896874761208892, 5541269.404702704399824 ], [ 1263893.896874761208892, 5541169.404702704399824 ], [ 1263793.896874761208892, 5541169.404702704399824 ], [ 1263793.896874761208892, 5541269.404702704399824 ] ] ] ] } },
{ "type": "Feature", "properties": { "id": 1046, "left": 1263793.8968747612, "top": 5541169.4047027044, "right": 1263893.8968747612, "bottom": 5541069.4047027044, "row_index": 30, "col_index": 29, "green_area": 0.0, "green_pc": 0.0, "buildings_area": 5463.0774553986266, "buildings_pc": 54.630774553904857, "road_area": 3771.1815040931106, "road_pc": 37.71181504087491, "free_space_area": 776.72896534890288, "free_space_pc": 7.7672896534774543, "railways_area": 0.0, "railways_pc": 0.0, "free_space_number": 14.0, "tree_number": 0.0 }, "geometry": { "type": "MultiPolygon", "coordinates": [ [ [ [ 1263793.896874761208892, 5541169.404702704399824 ], [ 1263893.896874761208892, 5541169.404702704399824 ], [ 1263893.896874761208892, 5541069.404702704399824 ], [ 1263793.896874761208892, 5541069.404702704399824 ], [ 1263793.896874761208892, 5541169.404702704399824 ] ] ] ] } },
{ "type": "Feature", "properties": { "id": 1047, "left": 1263793.8968747612, "top": 5541069.4047027044, "right": 1263893.8968747612, "bottom": 5540969.4047027044, "row_index": 31, "col_index": 29, "green_area": 2205.5942714777775, "green_pc": 22.055942714744909, "buildings_area": 5623.0967528000474, "buildings_pc": 56.230967527916683, "road_area": 1036.292650796473, "road_pc": 10.362926507949288, "free_space_area": 1138.6389061975758, "free_space_pc": 11.386389061958791, "railways_area": 0.0, "railways_pc": 0.0, "free_space_number": 13.0, "tree_number": 0.0 }, "geometry": { "type": "MultiPolygon", "coordinates": [ [ [ [ 1263793.896874761208892, 5541069.404702704399824 ], [ 1263893.896874761208892, 5541069.404702704399824 ], [ 1263893.896874761208892, 5540969.404702704399824 ], [ 1263793.896874761208892, 5540969.404702704399824 ], [ 1263793.896874761208892, 5541069.404702704399824 ] ] ] ] } },
{ "type": "Feature", "properties": { "id": 1048, "left": 1263793.8968747612, "top": 5540969.4047027044, "right": 1263893.8968747612, "bottom": 5540869.4047027044, "row_index": 32, "col_index": 29, "green_area": 2719.6152910077944, "green_pc": 27.196152910037419, "buildings_area": 2984.9144625505432, "buildings_pc": 29.849144625460955, "road_area": 917.01527585089207, "road_pc": 9.1701527584952558, "free_space_area": 3380.3374780715603, "free_space_pc": 33.803374780665237, "railways_area": 0.0, "railways_pc": 0.0, "free_space_number": 13.0, "tree_number": 0.0 }, "geometry": { "type": "MultiPolygon", "coordinates": [ [ [ [ 1263793.896874761208892, 5540969.404702704399824 ], [ 1263893.896874761208892, 5540969.404702704399824 ], [ 1263893.896874761208892, 5540869.404702704399824 ], [ 1263793.896874761208892, 5540869.404702704399824 ], [ 1263793.896874761208892, 5540969.404702704399824 ] ] ] ] } },
{ "type": "Feature", "properties": { "id": 1049, "left": 1263793.8968747612, "top": 5540869.4047027044, "right": 1263893.8968747612, "bottom": 5540769.4047027044, "row_index": 33, "col_index": 29, "green_area": 1886.4623305122368, "green_pc": 19.448480068003686, "buildings_area": 2348.2002046988346, "buildings_pc": 24.208765867255266, "road_area": 4268.2628248054534, "road_pc": 44.003648061548986, "free_space_area": 1310.7765545049333, "free_space_pc": 13.513448575977479, "railways_area": 0.0, "railways_pc": 0.0, "free_space_number": 9.0, "tree_number": 0.0 }, "geometry": { "type": "MultiPolygon", "coordinates": [ [ [ [ 1263841.478962780674919, 5540771.474320444278419 ], [ 1263793.896874761208892, 5540779.481935956515372 ], [ 1263793.896874761208892, 5540869.404702704399824 ], [ 1263893.896874761208892, 5540869.404702704399824 ], [ 1263893.896874761208892, 5540769.404702704399824 ], [ 1263852.322142865043133, 5540769.404702704399824 ], [ 1263841.478962780674919, 5540771.474320444278419 ] ] ] ] } },
{ "type": "Feature", "properties": { "id": 1050, "left": 1263793.8968747612, "top": 5540769.4047027044, "right": 1263893.8968747612, "bottom": 5540669.4047027044, "row_index": 34, "col_index": 29, "green_area": 83.400999963283539, "green_pc": 50.560210248716857, "buildings_area": 0.0, "buildings_pc": 0.0, "road_area": 81.552823521196842, "road_pc": 49.439789755799907, "free_space_area": 0.0, "free_space_pc": 0.0, "railways_area": 0.0, "railways_pc": 0.0, "free_space_number": 0.0, "tree_number": 0.0 }, "geometry": { "type": "MultiPolygon", "coordinates": [ [ [ [ 1263852.322142865043133, 5540769.404702704399824 ], [ 1263893.896874761208892, 5540769.404702704399824 ], [ 1263893.896874761208892, 5540761.469410475343466 ], [ 1263852.322142865043133, 5540769.404702704399824 ] ] ] ] } },
{ "type": "Feature", "properties": { "id": 1054, "left": 1263893.8968747612, "top": 5543869.4047027044, "right": 1263993.8968747612, "bottom": 5543769.4047027044, "row_index": 3, "col_index": 30, "green_area": 0.0, "green_pc": 0.0, "buildings_area": 0.0, "buildings_pc": 0.0, "road_area": 0.0, "road_pc": 0.0, "free_space_area": 0.0, "free_space_pc": 0.0, "railways_area": 67.233396455645561, "railways_pc": 99.999999995844377, "free_space_number": 0.0, "tree_number": 0.0 }, "geometry": { "type": "MultiPolygon", "coordinates": [ [ [ [ 1263894.362697551958263, 5543777.836178331635892 ], [ 1263909.362073140684515, 5543769.404702704399824 ], [ 1263893.896874761208892, 5543769.404702704399824 ], [ 1263893.896874761208892, 5543778.146975043229759 ], [ 1263894.362697551958263, 5543777.836178331635892 ] ] ] ] } },
{ "type": "Feature", "properties": { "id": 1055, "left": 1263893.8968747612, "top": 5543769.4047027044, "right": 1263993.8968747612, "bottom": 5543669.4047027044, "row_index": 4, "col_index": 30, "green_area": 293.25283289246727, "green_pc": 3.6695585804620676, "buildings_area": 996.89738745614886, "buildings_pc": 12.474468962150976, "road_area": 0.0, "road_pc": 0.0, "free_space_area": 3206.2280852627009, "free_space_pc": 40.120471011812782, "railways_area": 3495.1233002620284, "railways_pc": 43.735501443399265, "free_space_number": 1.0, "tree_number": 0.0 }, "geometry": { "type": "MultiPolygon", "coordinates": [ [ [ [ 1263993.896874761208892, 5543721.885849983431399 ], [ 1263993.896874761208892, 5543669.404702704399824 ], [ 1263893.896874761208892, 5543669.404702704399824 ], [ 1263893.896874761208892, 5543769.404702704399824 ], [ 1263909.362073140684515, 5543769.404702704399824 ], [ 1263993.896874761208892, 5543721.885849983431399 ] ] ] ] } },
{ "type": "Feature", "properties": { "id": 1056, "left": 1263893.8968747612, "top": 5543669.4047027044, "right": 1263993.8968747612, "bottom": 5543569.4047027044, "row_index": 5, "col_index": 30, "green_area": 126.99400787334889, "green_pc": 1.2699400787315966, "buildings_area": 3949.8673017323017, "buildings_pc": 39.49867301726416, "road_area": 0.0, "road_pc": 0.0, "free_space_area": 5923.1386903915554, "free_space_pc": 59.231386903827293, "railways_area": 0.0, "railways_pc": 0.0, "free_space_number": 4.0, "tree_number": 0.0 }, "geometry": { "type": "MultiPolygon", "coordinates": [ [ [ [ 1263893.896874761208892, 5543669.404702704399824 ], [ 1263993.896874761208892, 5543669.404702704399824 ], [ 1263993.896874761208892, 5543569.404702704399824 ], [ 1263893.896874761208892, 5543569.404702704399824 ], [ 1263893.896874761208892, 5543669.404702704399824 ] ] ] ] } },
{ "type": "Feature", "properties": { "id": 1057, "left": 1263893.8968747612, "top": 5543569.4047027044, "right": 1263993.8968747612, "bottom": 5543469.4047027044, "row_index": 6, "col_index": 30, "green_area": 4176.6511884988286, "green_pc": 41.766511884926047, "buildings_area": 1764.70183368586, "buildings_pc": 17.647018336832303, "road_area": 0.0, "road_pc": 0.0, "free_space_area": 4058.6469778537285, "free_space_pc": 40.586469778476804, "railways_area": 0.0, "railways_pc": 0.0, "free_space_number": 3.0, "tree_number": 0.0 }, "geometry": { "type": "MultiPolygon", "coordinates": [ [ [ [ 1263893.896874761208892, 5543569.404702704399824 ], [ 1263993.896874761208892, 5543569.404702704399824 ], [ 1263993.896874761208892, 5543469.404702704399824 ], [ 1263893.896874761208892, 5543469.404702704399824 ], [ 1263893.896874761208892, 5543569.404702704399824 ] ] ] ] } },
{ "type": "Feature", "properties": { "id": 1058, "left": 1263893.8968747612, "top": 5543469.4047027044, "right": 1263993.8968747612, "bottom": 5543369.4047027044, "row_index": 7, "col_index": 30, "green_area": 3546.1391366184689, "green_pc": 35.461391366131849, "buildings_area": 1926.0817896835506, "buildings_pc": 19.260817896806806, "road_area": 3792.2733777780086, "road_pc": 37.922733777723579, "free_space_area": 735.5056967032142, "free_space_pc": 7.3550569670211825, "railways_area": 0.0, "railways_pc": 0.0, "free_space_number": 2.0, "tree_number": 0.0 }, "geometry": { "type": "MultiPolygon", "coordinates": [ [ [ [ 1263893.896874761208892, 5543469.404702704399824 ], [ 1263993.896874761208892, 5543469.404702704399824 ], [ 1263993.896874761208892, 5543369.404702704399824 ], [ 1263893.896874761208892, 5543369.404702704399824 ], [ 1263893.896874761208892, 5543469.404702704399824 ] ] ] ] } },
{ "type": "Feature", "properties": { "id": 1059, "left": 1263893.8968747612, "top": 5543369.4047027044, "right": 1263993.8968747612, "bottom": 5543269.4047027044, "row_index": 8, "col_index": 30, "green_area": 9274.1426264881156, "green_pc": 92.741426264742955, "buildings_area": 0.0, "buildings_pc": 0.0, "road_area": 0.0, "road_pc": 0.0, "free_space_area": 725.85737346092355, "free_space_pc": 7.2585737345984196, "railways_area": 0.0, "railways_pc": 0.0, "free_space_number": 6.0, "tree_number": 0.0 }, "geometry": { "type": "MultiPolygon", "coordinates": [ [ [ [ 1263893.896874761208892, 5543369.404702704399824 ], [ 1263993.896874761208892, 5543369.404702704399824 ], [ 1263993.896874761208892, 5543269.404702704399824 ], [ 1263893.896874761208892, 5543269.404702704399824 ], [ 1263893.896874761208892, 5543369.404702704399824 ] ] ] ] } },
{ "type": "Feature", "properties": { "id": 1060, "left": 1263893.8968747612, "top": 5543269.4047027044, "right": 1263993.8968747612, "bottom": 5543169.4047027044, "row_index": 9, "col_index": 30, "green_area": 5593.2990794181824, "green_pc": 55.93299079409848, "buildings_area": 1029.8029722031206, "buildings_pc": 10.29802972201586, "road_area": 0.0, "road_pc": 0.0, "free_space_area": 3474.7586715584621, "free_space_pc": 34.74758671553284, "railways_area": 0.0, "railways_pc": 0.0, "free_space_number": 2.0, "tree_number": 0.0 }, "geometry": { "type": "MultiPolygon", "coordinates": [ [ [ [ 1263893.896874761208892, 5543269.404702704399824 ], [ 1263993.896874761208892, 5543269.404702704399824 ], [ 1263993.896874761208892, 5543169.404702704399824 ], [ 1263893.896874761208892, 5543169.404702704399824 ], [ 1263893.896874761208892, 5543269.404702704399824 ] ] ] ] } },
{ "type": "Feature", "properties": { "id": 1061, "left": 1263893.8968747612, "top": 5543169.4047027044, "right": 1263993.8968747612, "bottom": 5543069.4047027044, "row_index": 10, "col_index": 30, "green_area": 4880.3198816473596, "green_pc": 48.803198816400872, "buildings_area": 1585.8787282854319, "buildings_pc": 15.858787282830686, "road_area": 167.8108840174973, "road_pc": 1.6781088401724724, "free_space_area": 3410.5269999243319, "free_space_pc": 34.105269999192501, "railways_area": 0.0, "railways_pc": 0.0, "free_space_number": 3.0, "tree_number": 0.0 }, "geometry": { "type": "MultiPolygon", "coordinates": [ [ [ [ 1263893.896874761208892, 5543169.404702704399824 ], [ 1263993.896874761208892, 5543169.404702704399824 ], [ 1263993.896874761208892, 5543069.404702704399824 ], [ 1263893.896874761208892, 5543069.404702704399824 ], [ 1263893.896874761208892, 5543169.404702704399824 ] ] ] ] } },
{ "type": "Feature", "properties": { "id": 1062, "left": 1263893.8968747612, "top": 5543069.4047027044, "right": 1263993.8968747612, "bottom": 5542969.4047027044, "row_index": 11, "col_index": 30, "green_area": 2082.6049604918808, "green_pc": 20.826049604887775, "buildings_area": 3411.5789486132562, "buildings_pc": 34.115789486081724, "road_area": 1979.2435501031578, "road_pc": 19.792435501002085, "free_space_area": 2563.8729683472775, "free_space_pc": 25.638729683434569, "railways_area": 0.0, "railways_pc": 0.0, "free_space_number": 6.0, "tree_number": 4.0 }, "geometry": { "type": "MultiPolygon", "coordinates": [ [ [ [ 1263893.896874761208892, 5543069.404702704399824 ], [ 1263993.896874761208892, 5543069.404702704399824 ], [ 1263993.896874761208892, 5542969.404702704399824 ], [ 1263893.896874761208892, 5542969.404702704399824 ], [ 1263893.896874761208892, 5543069.404702704399824 ] ] ] ] } },
{ "type": "Feature", "properties": { "id": 1063, "left": 1263893.8968747612, "top": 5542969.4047027044, "right": 1263993.8968747612, "bottom": 5542869.4047027044, "row_index": 12, "col_index": 30, "green_area": 1070.4926274167374, "green_pc": 10.704926274151422, "buildings_area": 2805.8624344512355, "buildings_pc": 28.058624344470545, "road_area": 4483.1065654754639, "road_pc": 44.831065654687833, "free_space_area": 1706.6573309008963, "free_space_pc": 17.066573308983532, "railways_area": 0.0, "railways_pc": 0.0, "free_space_number": 6.0, "tree_number": 11.0 }, "geometry": { "type": "MultiPolygon", "coordinates": [ [ [ [ 1263893.896874761208892, 5542969.404702704399824 ], [ 1263993.896874761208892, 5542969.404702704399824 ], [ 1263993.896874761208892, 5542869.404702704399824 ], [ 1263893.896874761208892, 5542869.404702704399824 ], [ 1263893.896874761208892, 5542969.404702704399824 ] ] ] ] } },
{ "type": "Feature", "properties": { "id": 1064, "left": 1263893.8968747612, "top": 5542869.4047027044, "right": 1263993.8968747612, "bottom": 5542769.4047027044, "row_index": 13, "col_index": 30, "green_area": 531.87924972549081, "green_pc": 5.3187924972469824, "buildings_area": 6093.6261720061302, "buildings_pc": 60.936261719970503, "road_area": 2082.3714964613318, "road_pc": 20.82371496458229, "free_space_area": 1322.8868531383487, "free_space_pc": 13.228868531363775, "railways_area": 0.0, "railways_pc": 0.0, "free_space_number": 22.0, "tree_number": 0.0 }, "geometry": { "type": "MultiPolygon", "coordinates": [ [ [ [ 1263893.896874761208892, 5542869.404702704399824 ], [ 1263993.896874761208892, 5542869.404702704399824 ], [ 1263993.896874761208892, 5542769.404702704399824 ], [ 1263893.896874761208892, 5542769.404702704399824 ], [ 1263893.896874761208892, 5542869.404702704399824 ] ] ] ] } },
{ "type": "Feature", "properties": { "id": 1065, "left": 1263893.8968747612, "top": 5542769.4047027044, "right": 1263993.8968747612, "bottom": 5542669.4047027044, "row_index": 14, "col_index": 30, "green_area": 187.41618251241744, "green_pc": 1.8741618251213816, "buildings_area": 6906.2077956665307, "buildings_pc": 69.062077956562391, "road_area": 976.45042380690575, "road_pc": 9.7645042380545064, "free_space_area": 1953.0053674992764, "free_space_pc": 19.530053674963664, "railways_area": 0.0, "railways_pc": 0.0, "free_space_number": 9.0, "tree_number": 0.0 }, "geometry": { "type": "MultiPolygon", "coordinates": [ [ [ [ 1263893.896874761208892, 5542769.404702704399824 ], [ 1263993.896874761208892, 5542769.404702704399824 ], [ 1263993.896874761208892, 5542669.404702704399824 ], [ 1263893.896874761208892, 5542669.404702704399824 ], [ 1263893.896874761208892, 5542769.404702704399824 ] ] ] ] } },
{ "type": "Feature", "properties": { "id": 1066, "left": 1263893.8968747612, "top": 5542669.4047027044, "right": 1263993.8968747612, "bottom": 5542569.4047027044, "row_index": 15, "col_index": 30, "green_area": 380.25047685753088, "green_pc": 3.8025047685696425, "buildings_area": 4362.1815265328623, "buildings_pc": 43.621815265263621, "road_area": 3247.9928603023291, "road_pc": 32.479928602974894, "free_space_area": 2065.750628043199, "free_space_pc": 20.657506280401208, "railways_area": 0.0, "railways_pc": 0.0, "free_space_number": 7.0, "tree_number": 0.0 }, "geometry": { "type": "MultiPolygon", "coordinates": [ [ [ [ 1263893.896874761208892, 5542669.404702704399824 ], [ 1263993.896874761208892, 5542669.404702704399824 ], [ 1263993.896874761208892, 5542569.404702704399824 ], [ 1263893.896874761208892, 5542569.404702704399824 ], [ 1263893.896874761208892, 5542669.404702704399824 ] ] ] ] } },
{ "type": "Feature", "properties": { "id": 1067, "left": 1263893.8968747612, "top": 5542569.4047027044, "right": 1263993.8968747612, "bottom": 5542469.4047027044, "row_index": 16, "col_index": 30, "green_area": 964.38871271326207, "green_pc": 9.6438871271182496, "buildings_area": 5887.4982669651508, "buildings_pc": 58.874982669563778, "road_area": 2350.2560746520758, "road_pc": 23.502560746485734, "free_space_area": 832.33959206100553, "free_space_pc": 8.3233959205976529, "railways_area": 0.0, "railways_pc": 0.0, "free_space_number": 5.0, "tree_number": 0.0 }, "geometry": { "type": "MultiPolygon", "coordinates": [ [ [ [ 1263893.896874761208892, 5542569.404702704399824 ], [ 1263993.896874761208892, 5542569.404702704399824 ], [ 1263993.896874761208892, 5542469.404702704399824 ], [ 1263893.896874761208892, 5542469.404702704399824 ], [ 1263893.896874761208892, 5542569.404702704399824 ] ] ] ] } },
{ "type": "Feature", "properties": { "id": 1068, "left": 1263893.8968747612, "top": 5542469.4047027044, "right": 1263993.8968747612, "bottom": 5542369.4047027044, "row_index": 17, "col_index": 30, "green_area": 1087.1804893300869, "green_pc": 10.871804893284668, "buildings_area": 4733.3693953298498, "buildings_pc": 47.333693953227964, "road_area": 2861.6739316433668, "road_pc": 28.616739316391026, "free_space_area": 1379.0573729484279, "free_space_pc": 13.790573729463729, "railways_area": 0.0, "railways_pc": 0.0, "free_space_number": 16.0, "tree_number": 0.0 }, "geometry": { "type": "MultiPolygon", "coordinates": [ [ [ [ 1263893.896874761208892, 5542469.404702704399824 ], [ 1263993.896874761208892, 5542469.404702704399824 ], [ 1263993.896874761208892, 5542369.404702704399824 ], [ 1263893.896874761208892, 5542369.404702704399824 ], [ 1263893.896874761208892, 5542469.404702704399824 ] ] ] ] } },
{ "type": "Feature", "properties": { "id": 1069, "left": 1263893.8968747612, "top": 5542369.4047027044, "right": 1263993.8968747612, "bottom": 5542269.4047027044, "row_index": 18, "col_index": 30, "green_area": 1138.0944068906829, "green_pc": 11.380944068889869, "buildings_area": 5666.5168381396215, "buildings_pc": 56.66516838131178, "road_area": 813.9582232888788, "road_pc": 8.1395822328766592, "free_space_area": 2442.2502022862191, "free_space_pc": 24.422502022825796, "railways_area": 0.0, "railways_pc": 0.0, "free_space_number": 17.0, "tree_number": 0.0 }, "geometry": { "type": "MultiPolygon", "coordinates": [ [ [ [ 1263893.896874761208892, 5542369.404702704399824 ], [ 1263993.896874761208892, 5542369.404702704399824 ], [ 1263993.896874761208892, 5542269.404702704399824 ], [ 1263893.896874761208892, 5542269.404702704399824 ], [ 1263893.896874761208892, 5542369.404702704399824 ] ] ] ] } },
{ "type": "Feature", "properties": { "id": 1070, "left": 1263893.8968747612, "top": 5542269.4047027044, "right": 1263993.8968747612, "bottom": 5542169.4047027044, "row_index": 19, "col_index": 30, "green_area": 467.48526920005679, "green_pc": 4.6748526919936015, "buildings_area": 7082.949767587008, "buildings_pc": 70.829497675764529, "road_area": 1672.7537195906043, "road_pc": 16.727537195881116, "free_space_area": 843.86648864295751, "free_space_pc": 8.4386648864170013, "railways_area": 0.0, "railways_pc": 0.0, "free_space_number": 19.0, "tree_number": 0.0 }, "geometry": { "type": "MultiPolygon", "coordinates": [ [ [ [ 1263893.896874761208892, 5542269.404702704399824 ], [ 1263993.896874761208892, 5542269.404702704399824 ], [ 1263993.896874761208892, 5542169.404702704399824 ], [ 1263893.896874761208892, 5542169.404702704399824 ], [ 1263893.896874761208892, 5542269.404702704399824 ] ] ] ] } },
{ "type": "Feature", "properties": { "id": 1071, "left": 1263893.8968747612, "top": 5542169.4047027044, "right": 1263993.8968747612, "bottom": 5542069.4047027044, "row_index": 20, "col_index": 30, "green_area": 1562.2504897238687, "green_pc": 15.622504897215407, "buildings_area": 3871.3295035604388, "buildings_pc": 38.7132950355467, "road_area": 752.93341067433357, "road_pc": 7.529334106732116, "free_space_area": 3902.8731808587545, "free_space_pc": 39.028731808529393, "railways_area": 0.0, "railways_pc": 0.0, "free_space_number": 8.0, "tree_number": 0.0 }, "geometry": { "type": "MultiPolygon", "coordinates": [ [ [ [ 1263893.896874761208892, 5542169.404702704399824 ], [ 1263993.896874761208892, 5542169.404702704399824 ], [ 1263993.896874761208892, 5542069.404702704399824 ], [ 1263893.896874761208892, 5542069.404702704399824 ], [ 1263893.896874761208892, 5542169.404702704399824 ] ] ] ] } },
{ "type": "Feature", "properties": { "id": 1072, "left": 1263893.8968747612, "top": 5542069.4047027044, "right": 1263993.8968747612, "bottom": 5541969.4047027044, "row_index": 21, "col_index": 30, "green_area": 3499.9413917688653, "green_pc": 34.999413917636502, "buildings_area": 4010.2645879490301, "buildings_pc": 40.102645879430547, "road_area": 1045.590608548373, "road_pc": 10.455906085468149, "free_space_area": 1602.0368881451579, "free_space_pc": 16.020368881427707, "railways_area": 0.0, "railways_pc": 0.0, "free_space_number": 11.0, "tree_number": 0.0 }, "geometry": { "type": "MultiPolygon", "coordinates": [ [ [ [ 1263893.896874761208892, 5542069.404702704399824 ], [ 1263993.896874761208892, 5542069.404702704399824 ], [ 1263993.896874761208892, 5541969.404702704399824 ], [ 1263893.896874761208892, 5541969.404702704399824 ], [ 1263893.896874761208892, 5542069.404702704399824 ] ] ] ] } },
{ "type": "Feature", "properties": { "id": 1073, "left": 1263893.8968747612, "top": 5541969.4047027044, "right": 1263993.8968747612, "bottom": 5541869.4047027044, "row_index": 22, "col_index": 30, "green_area": 4069.4923965111375, "green_pc": 40.694923965050734, "buildings_area": 4041.9893821366131, "buildings_pc": 40.419893821305898, "road_area": 277.22244361415505, "road_pc": 2.7722244361374195, "free_space_area": 1648.8982502911931, "free_space_pc": 16.488982502887364, "railways_area": 0.0, "railways_pc": 0.0, "free_space_number": 18.0, "tree_number": 0.0 }, "geometry": { "type": "MultiPolygon", "coordinates": [ [ [ [ 1263893.896874761208892, 5541969.404702704399824 ], [ 1263993.896874761208892, 5541969.404702704399824 ], [ 1263993.896874761208892, 5541869.404702704399824 ], [ 1263893.896874761208892, 5541869.404702704399824 ], [ 1263893.896874761208892, 5541969.404702704399824 ] ] ] ] } },
{ "type": "Feature", "properties": { "id": 1074, "left": 1263893.8968747612, "top": 5541869.4047027044, "right": 1263993.8968747612, "bottom": 5541769.4047027044, "row_index": 23, "col_index": 30, "green_area": 424.35612240806222, "green_pc": 4.2435612240742984, "buildings_area": 7138.4068910062779, "buildings_pc": 71.384068909956412, "road_area": 1616.0253737941384, "road_pc": 16.160253737917305, "free_space_area": 835.37597352908813, "free_space_pc": 8.3537597352784321, "railways_area": 0.0, "railways_pc": 0.0, "free_space_number": 15.0, "tree_number": 0.0 }, "geometry": { "type": "MultiPolygon", "coordinates": [ [ [ [ 1263893.896874761208892, 5541869.404702704399824 ], [ 1263993.896874761208892, 5541869.404702704399824 ], [ 1263993.896874761208892, 5541769.404702704399824 ], [ 1263893.896874761208892, 5541769.404702704399824 ], [ 1263893.896874761208892, 5541869.404702704399824 ] ] ] ] } },
{ "type": "Feature", "properties": { "id": 1075, "left": 1263893.8968747612, "top": 5541769.4047027044, "right": 1263993.8968747612, "bottom": 5541669.4047027044, "row_index": 24, "col_index": 30, "green_area": 2073.5067156869918, "green_pc": 20.735067156839019, "buildings_area": 6380.2263622875325, "buildings_pc": 63.802263622780252, "road_area": 403.61328628659248, "road_pc": 4.0361328628599109, "free_space_area": 1206.963008973376, "free_space_pc": 12.069630089715774, "railways_area": 0.0, "railways_pc": 0.0, "free_space_number": 12.0, "tree_number": 0.0 }, "geometry": { "type": "MultiPolygon", "coordinates": [ [ [ [ 1263893.896874761208892, 5541769.404702704399824 ], [ 1263993.896874761208892, 5541769.404702704399824 ], [ 1263993.896874761208892, 5541669.404702704399824 ], [ 1263893.896874761208892, 5541669.404702704399824 ], [ 1263893.896874761208892, 5541769.404702704399824 ] ] ] ] } },
{ "type": "Feature", "properties": { "id": 1076, "left": 1263893.8968747612, "top": 5541669.4047027044, "right": 1263993.8968747612, "bottom": 5541569.4047027044, "row_index": 25, "col_index": 30, "green_area": 7479.1549692638218, "green_pc": 74.791549692526772, "buildings_area": 1712.0713169965893, "buildings_pc": 17.12071316994038, "road_area": 0.0, "road_pc": 0.0, "free_space_area": 819.69005541678052, "free_space_pc": 8.1969005541555902, "railways_area": 0.0, "railways_pc": 0.0, "free_space_number": 8.0, "tree_number": 0.0 }, "geometry": { "type": "MultiPolygon", "coordinates": [ [ [ [ 1263893.896874761208892, 5541669.404702704399824 ], [ 1263993.896874761208892, 5541669.404702704399824 ], [ 1263993.896874761208892, 5541569.404702704399824 ], [ 1263893.896874761208892, 5541569.404702704399824 ], [ 1263893.896874761208892, 5541669.404702704399824 ] ] ] ] } },
{ "type": "Feature", "properties": { "id": 1077, "left": 1263893.8968747612, "top": 5541569.4047027044, "right": 1263993.8968747612, "bottom": 5541469.4047027044, "row_index": 26, "col_index": 30, "green_area": 1444.8665711171925, "green_pc": 14.448665711150396, "buildings_area": 5329.824089058442, "buildings_pc": 53.298240890504999, "road_area": 353.46839660406113, "road_pc": 3.534683966035344, "free_space_area": 2880.6066567170828, "free_space_pc": 28.806066567127907, "railways_area": 0.0, "railways_pc": 0.0, "free_space_number": 10.0, "tree_number": 0.0 }, "geometry": { "type": "MultiPolygon", "coordinates": [ [ [ [ 1263893.896874761208892, 5541569.404702704399824 ], [ 1263993.896874761208892, 5541569.404702704399824 ], [ 1263993.896874761208892, 5541469.404702704399824 ], [ 1263893.896874761208892, 5541469.404702704399824 ], [ 1263893.896874761208892, 5541569.404702704399824 ] ] ] ] } },
{ "type": "Feature", "properties": { "id": 1078, "left": 1263893.8968747612, "top": 5541469.4047027044, "right": 1263993.8968747612, "bottom": 5541369.4047027044, "row_index": 27, "col_index": 30, "green_area": 1433.6765205971897, "green_pc": 14.336765205950533, "buildings_area": 6049.6962673249654, "buildings_pc": 60.496962673159508, "road_area": 1152.2259864769876, "road_pc": 11.522259864752707, "free_space_area": 1371.8073400998601, "free_space_pc": 13.71807340097816, "railways_area": 0.0, "railways_pc": 0.0, "free_space_number": 25.0, "tree_number": 0.0 }, "geometry": { "type": "MultiPolygon", "coordinates": [ [ [ [ 1263893.896874761208892, 5541469.404702704399824 ], [ 1263993.896874761208892, 5541469.404702704399824 ], [ 1263993.896874761208892, 5541369.404702704399824 ], [ 1263893.896874761208892, 5541369.404702704399824 ], [ 1263893.896874761208892, 5541469.404702704399824 ] ] ] ] } },
{ "type": "Feature", "properties": { "id": 1079, "left": 1263893.8968747612, "top": 5541369.4047027044, "right": 1263993.8968747612, "bottom": 5541269.4047027044, "row_index": 28, "col_index": 30, "green_area": 2551.1172835782636, "green_pc": 25.51117283574462, "buildings_area": 5634.7806868250482, "buildings_pc": 56.347806868166515, "road_area": 808.83707860484719, "road_pc": 8.0883707860364193, "free_space_area": 1096.3997947036132, "free_space_pc": 10.963997947019793, "railways_area": 0.0, "railways_pc": 0.0, "free_space_number": 19.0, "tree_number": 0.0 }, "geometry": { "type": "MultiPolygon", "coordinates": [ [ [ [ 1263893.896874761208892, 5541369.404702704399824 ], [ 1263993.896874761208892, 5541369.404702704399824 ], [ 1263993.896874761208892, 5541269.404702704399824 ], [ 1263893.896874761208892, 5541269.404702704399824 ], [ 1263893.896874761208892, 5541369.404702704399824 ] ] ] ] } },
{ "type": "Feature", "properties": { "id": 1080, "left": 1263893.8968747612, "top": 5541269.4047027044, "right": 1263993.8968747612, "bottom": 5541169.4047027044, "row_index": 29, "col_index": 30, "green_area": 3306.3575007613981, "green_pc": 33.063575007564715, "buildings_area": 4925.5288550821133, "buildings_pc": 49.255288550747736, "road_area": 483.67929432168603, "road_pc": 4.8367929432096526, "free_space_area": 1289.2550268558164, "free_space_pc": 12.892550268538953, "railways_area": 0.0, "railways_pc": 0.0, "free_space_number": 25.0, "tree_number": 0.0 }, "geometry": { "type": "MultiPolygon", "coordinates": [ [ [ [ 1263893.896874761208892, 5541269.404702704399824 ], [ 1263993.896874761208892, 5541269.404702704399824 ], [ 1263993.896874761208892, 5541169.404702704399824 ], [ 1263893.896874761208892, 5541169.404702704399824 ], [ 1263893.896874761208892, 5541269.404702704399824 ] ] ] ] } },
{ "type": "Feature", "properties": { "id": 1081, "left": 1263893.8968747612, "top": 5541169.4047027044, "right": 1263993.8968747612, "bottom": 5541069.4047027044, "row_index": 30, "col_index": 30, "green_area": 894.97021412663162, "green_pc": 8.9497021412529794, "buildings_area": 3810.9061569720507, "buildings_pc": 38.109061569663723, "road_area": 3536.873300973326, "road_pc": 35.368733009680554, "free_space_area": 1790.9063221315969, "free_space_pc": 17.909063221289284, "railways_area": 0.0, "railways_pc": 0.0, "free_space_number": 9.0, "tree_number": 14.0 }, "geometry": { "type": "MultiPolygon", "coordinates": [ [ [ [ 1263893.896874761208892, 5541169.404702704399824 ], [ 1263993.896874761208892, 5541169.404702704399824 ], [ 1263993.896874761208892, 5541069.404702704399824 ], [ 1263893.896874761208892, 5541069.404702704399824 ], [ 1263893.896874761208892, 5541169.404702704399824 ] ] ] ] } },
{ "type": "Feature", "properties": { "id": 1082, "left": 1263893.8968747612, "top": 5541069.4047027044, "right": 1263993.8968747612, "bottom": 5540969.4047027044, "row_index": 31, "col_index": 30, "green_area": 808.80900495685637, "green_pc": 8.0880900495565111, "buildings_area": 6785.4584798850119, "buildings_pc": 67.854584798749002, "road_area": 1233.2978785559535, "road_pc": 12.332978785541158, "free_space_area": 1173.6183889987087, "free_space_pc": 11.736183889969599, "railways_area": 0.0, "railways_pc": 0.0, "free_space_number": 27.0, "tree_number": 0.0 }, "geometry": { "type": "MultiPolygon", "coordinates": [ [ [ [ 1263893.896874761208892, 5541069.404702704399824 ], [ 1263993.896874761208892, 5541069.404702704399824 ], [ 1263993.896874761208892, 5540969.404702704399824 ], [ 1263893.896874761208892, 5540969.404702704399824 ], [ 1263893.896874761208892, 5541069.404702704399824 ] ] ] ] } },
{ "type": "Feature", "properties": { "id": 1083, "left": 1263893.8968747612, "top": 5540969.4047027044, "right": 1263993.8968747612, "bottom": 5540869.4047027044, "row_index": 32, "col_index": 30, "green_area": 3340.6676867839415, "green_pc": 33.406676867789635, "buildings_area": 4266.2618860099465, "buildings_pc": 42.662618860035892, "road_area": 1527.44593334198, "road_pc": 15.274459333397038, "free_space_area": 1028.6741259268019, "free_space_pc": 10.286741259252691, "railways_area": 0.0, "railways_pc": 0.0, "free_space_number": 12.0, "tree_number": 0.0 }, "geometry": { "type": "MultiPolygon", "coordinates": [ [ [ [ 1263893.896874761208892, 5540969.404702704399824 ], [ 1263993.896874761208892, 5540969.404702704399824 ], [ 1263993.896874761208892, 5540869.404702704399824 ], [ 1263893.896874761208892, 5540869.404702704399824 ], [ 1263893.896874761208892, 5540969.404702704399824 ] ] ] ] } },
{ "type": "Feature", "properties": { "id": 1084, "left": 1263893.8968747612, "top": 5540869.4047027044, "right": 1263993.8968747612, "bottom": 5540769.4047027044, "row_index": 33, "col_index": 30, "green_area": 4335.9278035969473, "green_pc": 43.359278035904865, "buildings_area": 1526.9328839285299, "buildings_pc": 15.269328839262545, "road_area": 3618.7577260583639, "road_pc": 36.187577260529714, "free_space_area": 679.92404334084131, "free_space_pc": 6.799240433398281, "railways_area": 0.0, "railways_pc": 0.0, "free_space_number": 5.0, "tree_number": 0.0 }, "geometry": { "type": "MultiPolygon", "coordinates": [ [ [ [ 1263893.896874761208892, 5540869.404702704399824 ], [ 1263993.896874761208892, 5540869.404702704399824 ], [ 1263993.896874761208892, 5540769.404702704399824 ], [ 1263893.896874761208892, 5540769.404702704399824 ], [ 1263893.896874761208892, 5540869.404702704399824 ] ] ] ] } },
{ "type": "Feature", "properties": { "id": 1085, "left": 1263893.8968747612, "top": 5540769.4047027044, "right": 1263993.8968747612, "bottom": 5540669.4047027044, "row_index": 34, "col_index": 30, "green_area": 703.27292284369469, "green_pc": 41.147723449950675, "buildings_area": 0.0, "buildings_pc": 0.0, "road_area": 975.84123706212267, "road_pc": 57.095395044256939, "free_space_area": 30.028252501040697, "free_space_pc": 1.7569199516483136, "railways_area": 0.0, "railways_pc": 0.0, "free_space_number": 1.0, "tree_number": 0.0 }, "geometry": { "type": "MultiPolygon", "coordinates": [ [ [ [ 1263934.528463941067457, 5540753.714134152978659 ], [ 1263893.896874761208892, 5540761.469410475343466 ], [ 1263893.896874761208892, 5540769.404702704399824 ], [ 1263993.896874761208892, 5540769.404702704399824 ], [ 1263993.896874761208892, 5540743.68726980406791 ], [ 1263934.528463941067457, 5540753.714134152978659 ] ] ] ] } },
{ "type": "Feature", "properties": { "id": 1090, "left": 1263993.8968747612, "top": 5543769.4047027044, "right": 1264093.8968747612, "bottom": 5543669.4047027044, "row_index": 4, "col_index": 31, "green_area": 85.337502464652061, "green_pc": 3.4695776718283917, "buildings_area": 0.0, "buildings_pc": 0.0, "road_area": 0.0, "road_pc": 0.0, "free_space_area": 127.44376201368868, "free_space_pc": 5.1814972119632969, "railways_area": 2246.8121078200638, "railways_pc": 91.348925114315065, "free_space_number": 2.0, "tree_number": 0.0 }, "geometry": { "type": "MultiPolygon", "coordinates": [ [ [ [ 1264000.749792191432789, 5543718.033675874583423 ], [ 1264087.658627858152613, 5543669.404702704399824 ], [ 1263993.896874761208892, 5543669.404702704399824 ], [ 1263993.896874761208892, 5543721.885849983431399 ], [ 1264000.749792191432789, 5543718.033675874583423 ] ] ] ] } },
{ "type": "Feature", "properties": { "id": 1091, "left": 1263993.8968747612, "top": 5543669.4047027044, "right": 1264093.8968747612, "bottom": 5543569.4047027044, "row_index": 5, "col_index": 31, "green_area": 1168.9125888338313, "green_pc": 11.701866240148634, "buildings_area": 1674.5304360892624, "buildings_pc": 16.763555603181111, "road_area": 0.0, "road_pc": 0.0, "free_space_area": 5502.5120451107214, "free_space_pc": 55.085094088113884, "railways_area": 1643.1574768819846, "railways_pc": 16.449484067201279, "free_space_number": 2.0, "tree_number": 0.0 }, "geometry": { "type": "MultiPolygon", "coordinates": [ [ [ [ 1264093.896874761208892, 5543665.914153798483312 ], [ 1264093.896874761208892, 5543569.404702704399824 ], [ 1263993.896874761208892, 5543569.404702704399824 ], [ 1263993.896874761208892, 5543669.404702704399824 ], [ 1264087.658627858152613, 5543669.404702704399824 ], [ 1264093.896874761208892, 5543665.914153798483312 ] ] ] ] } },
{ "type": "Feature", "properties": { "id": 1092, "left": 1263993.8968747612, "top": 5543569.4047027044, "right": 1264093.8968747612, "bottom": 5543469.4047027044, "row_index": 6, "col_index": 31, "green_area": 3568.5530123789795, "green_pc": 35.685530123736619, "buildings_area": 2194.7273627109826, "buildings_pc": 21.94727362707712, "road_area": 0.0, "road_pc": 0.0, "free_space_area": 4236.7196249328554, "free_space_pc": 42.367196249265419, "railways_area": 0.0, "railways_pc": 0.0, "free_space_number": 2.0, "tree_number": 0.0 }, "geometry": { "type": "MultiPolygon", "coordinates": [ [ [ [ 1263993.896874761208892, 5543569.404702704399824 ], [ 1264093.896874761208892, 5543569.404702704399824 ], [ 1264093.896874761208892, 5543469.404702704399824 ], [ 1263993.896874761208892, 5543469.404702704399824 ], [ 1263993.896874761208892, 5543569.404702704399824 ] ] ] ] } },
{ "type": "Feature", "properties": { "id": 1093, "left": 1263993.8968747612, "top": 5543469.4047027044, "right": 1264093.8968747612, "bottom": 5543369.4047027044, "row_index": 7, "col_index": 31, "green_area": 941.91288027726114, "green_pc": 9.4191288027585767, "buildings_area": 1914.7133043389767, "buildings_pc": 19.147133043361237, "road_area": 2079.9860991090536, "road_pc": 20.799860991059543, "free_space_area": 5063.3877162411809, "free_space_pc": 50.633877162336361, "railways_area": 0.0, "railways_pc": 0.0, "free_space_number": 1.0, "tree_number": 0.0 }, "geometry": { "type": "MultiPolygon", "coordinates": [ [ [ [ 1263993.896874761208892, 5543469.404702704399824 ], [ 1264093.896874761208892, 5543469.404702704399824 ], [ 1264093.896874761208892, 5543369.404702704399824 ], [ 1263993.896874761208892, 5543369.404702704399824 ], [ 1263993.896874761208892, 5543469.404702704399824 ] ] ] ] } },
{ "type": "Feature", "properties": { "id": 1094, "left": 1263993.8968747612, "top": 5543369.4047027044, "right": 1264093.8968747612, "bottom": 5543269.4047027044, "row_index": 8, "col_index": 31, "green_area": 7670.750007212162, "green_pc": 76.707500072007321, "buildings_area": 116.77900122478604, "buildings_pc": 1.1677900122461202, "road_area": 1969.7716040015221, "road_pc": 19.69771603998587, "free_space_area": 242.69938757700203, "free_space_pc": 2.4269938757664038, "railways_area": 0.0, "railways_pc": 0.0, "free_space_number": 5.0, "tree_number": 0.0 }, "geometry": { "type": "MultiPolygon", "coordinates": [ [ [ [ 1263993.896874761208892, 5543369.404702704399824 ], [ 1264093.896874761208892, 5543369.404702704399824 ], [ 1264093.896874761208892, 5543269.404702704399824 ], [ 1263993.896874761208892, 5543269.404702704399824 ], [ 1263993.896874761208892, 5543369.404702704399824 ] ] ] ] } },
{ "type": "Feature", "properties": { "id": 1095, "left": 1263993.8968747612, "top": 5543269.4047027044, "right": 1264093.8968747612, "bottom": 5543169.4047027044, "row_index": 9, "col_index": 31, "green_area": 2018.6094544641674, "green_pc": 20.186094544611596, "buildings_area": 3643.861758293584, "buildings_pc": 36.438617582881541, "road_area": 656.54380941390991, "road_pc": 6.5654380941293162, "free_space_area": 3752.3281969769159, "free_space_pc": 37.523281969713246, "railways_area": 0.0, "railways_pc": 0.0, "free_space_number": 3.0, "tree_number": 0.0 }, "geometry": { "type": "MultiPolygon", "coordinates": [ [ [ [ 1263993.896874761208892, 5543269.404702704399824 ], [ 1264093.896874761208892, 5543269.404702704399824 ], [ 1264093.896874761208892, 5543169.404702704399824 ], [ 1263993.896874761208892, 5543169.404702704399824 ], [ 1263993.896874761208892, 5543269.404702704399824 ] ] ] ] } },
{ "type": "Feature", "properties": { "id": 1096, "left": 1263993.8968747612, "top": 5543169.4047027044, "right": 1264093.8968747612, "bottom": 5543069.4047027044, "row_index": 10, "col_index": 31, "green_area": 2681.2245125083718, "green_pc": 26.812245125043766, "buildings_area": 1776.6877300785854, "buildings_pc": 17.766877300759379, "road_area": 1962.7578680664301, "road_pc": 19.627578680635054, "free_space_area": 3579.3299161976902, "free_space_pc": 35.793299161923564, "railways_area": 0.0, "railways_pc": 0.0, "free_space_number": 5.0, "tree_number": 0.0 }, "geometry": { "type": "MultiPolygon", "coordinates": [ [ [ [ 1263993.896874761208892, 5543169.404702704399824 ], [ 1264093.896874761208892, 5543169.404702704399824 ], [ 1264093.896874761208892, 5543069.404702704399824 ], [ 1263993.896874761208892, 5543069.404702704399824 ], [ 1263993.896874761208892, 5543169.404702704399824 ] ] ] ] } },
{ "type": "Feature", "properties": { "id": 1097, "left": 1263993.8968747612, "top": 5543069.4047027044, "right": 1264093.8968747612, "bottom": 5542969.4047027044, "row_index": 11, "col_index": 31, "green_area": 1292.0895894975401, "green_pc": 12.920895894956148, "buildings_area": 4870.2956212162971, "buildings_pc": 48.702956212090399, "road_area": 504.16950710304081, "road_pc": 5.0416950710228958, "free_space_area": 3415.0857458990067, "free_space_pc": 34.150857458939178, "railways_area": 0.0, "railways_pc": 0.0, "free_space_number": 5.0, "tree_number": 0.0 }, "geometry": { "type": "MultiPolygon", "coordinates": [ [ [ [ 1263993.896874761208892, 5543069.404702704399824 ], [ 1264093.896874761208892, 5543069.404702704399824 ], [ 1264093.896874761208892, 5542969.404702704399824 ], [ 1263993.896874761208892, 5542969.404702704399824 ], [ 1263993.896874761208892, 5543069.404702704399824 ] ] ] ] } },
{ "type": "Feature", "properties": { "id": 1098, "left": 1263993.8968747612, "top": 5542969.4047027044, "right": 1264093.8968747612, "bottom": 5542869.4047027044, "row_index": 12, "col_index": 31, "green_area": 2786.4363680528477, "green_pc": 27.864363680486957, "buildings_area": 1993.6049861568026, "buildings_pc": 19.936049861538319, "road_area": 3943.3560886196792, "road_pc": 39.433560886138032, "free_space_area": 1259.3902768250555, "free_space_pc": 12.593902768231789, "railways_area": 0.0, "railways_pc": 0.0, "free_space_number": 3.0, "tree_number": 16.0 }, "geometry": { "type": "MultiPolygon", "coordinates": [ [ [ [ 1263993.896874761208892, 5542969.404702704399824 ], [ 1264093.896874761208892, 5542969.404702704399824 ], [ 1264093.896874761208892, 5542869.404702704399824 ], [ 1263993.896874761208892, 5542869.404702704399824 ], [ 1263993.896874761208892, 5542969.404702704399824 ] ] ] ] } },
{ "type": "Feature", "properties": { "id": 1099, "left": 1263993.8968747612, "top": 5542869.4047027044, "right": 1264093.8968747612, "bottom": 5542769.4047027044, "row_index": 13, "col_index": 31, "green_area": 186.96774006262422, "green_pc": 1.8696774006234562, "buildings_area": 5918.8135848753154, "buildings_pc": 59.188135848664956, "road_area": 2256.9256085343659, "road_pc": 22.569256085310027, "free_space_area": 1570.7196125963383, "free_space_pc": 15.707196125939976, "railways_area": 0.0, "railways_pc": 0.0, "free_space_number": 13.0, "tree_number": 0.0 }, "geometry": { "type": "MultiPolygon", "coordinates": [ [ [ [ 1263993.896874761208892, 5542869.404702704399824 ], [ 1264093.896874761208892, 5542869.404702704399824 ], [ 1264093.896874761208892, 5542769.404702704399824 ], [ 1263993.896874761208892, 5542769.404702704399824 ], [ 1263993.896874761208892, 5542869.404702704399824 ] ] ] ] } },
{ "type": "Feature", "properties": { "id": 1100, "left": 1263993.8968747612, "top": 5542769.4047027044, "right": 1264093.8968747612, "bottom": 5542669.4047027044, "row_index": 14, "col_index": 31, "green_area": 4123.7395732603036, "green_pc": 41.237395732541586, "buildings_area": 4235.3901492245495, "buildings_pc": 42.353901492182381, "road_area": 0.0, "road_pc": 0.0, "free_space_area": 1828.326485077152, "free_space_pc": 18.283264850744278, "railways_area": 0.0, "railways_pc": 0.0, "free_space_number": 13.0, "tree_number": 0.0 }, "geometry": { "type": "MultiPolygon", "coordinates": [ [ [ [ 1263993.896874761208892, 5542769.404702704399824 ], [ 1264093.896874761208892, 5542769.404702704399824 ], [ 1264093.896874761208892, 5542669.404702704399824 ], [ 1263993.896874761208892, 5542669.404702704399824 ], [ 1263993.896874761208892, 5542769.404702704399824 ] ] ] ] } },
{ "type": "Feature", "properties": { "id": 1101, "left": 1263993.8968747612, "top": 5542669.4047027044, "right": 1264093.8968747612, "bottom": 5542569.4047027044, "row_index": 15, "col_index": 31, "green_area": 1930.8698674696498, "green_pc": 19.308698674667724, "buildings_area": 2856.0245956993895, "buildings_pc": 28.560245956951338, "road_area": 2110.6523119751364, "road_pc": 21.106523119719913, "free_space_area": 3137.6161078442819, "free_space_pc": 31.376161078396066, "railways_area": 0.0, "railways_pc": 0.0, "free_space_number": 7.0, "tree_number": 0.0 }, "geometry": { "type": "MultiPolygon", "coordinates": [ [ [ [ 1263993.896874761208892, 5542669.404702704399824 ], [ 1264093.896874761208892, 5542669.404702704399824 ], [ 1264093.896874761208892, 5542569.404702704399824 ], [ 1263993.896874761208892, 5542569.404702704399824 ], [ 1263993.896874761208892, 5542669.404702704399824 ] ] ] ] } },
{ "type": "Feature", "properties": { "id": 1102, "left": 1263993.8968747612, "top": 5542569.4047027044, "right": 1264093.8968747612, "bottom": 5542469.4047027044, "row_index": 16, "col_index": 31, "green_area": 3164.9912465238012, "green_pc": 31.649912465190852, "buildings_area": 1944.1299649542198, "buildings_pc": 19.441299649513226, "road_area": 0.0, "road_pc": 0.0, "free_space_area": 4914.9417123375461, "free_space_pc": 49.149417123302221, "railways_area": 0.0, "railways_pc": 0.0, "free_space_number": 2.0, "tree_number": 0.0 }, "geometry": { "type": "MultiPolygon", "coordinates": [ [ [ [ 1263993.896874761208892, 5542569.404702704399824 ], [ 1264093.896874761208892, 5542569.404702704399824 ], [ 1264093.896874761208892, 5542469.404702704399824 ], [ 1263993.896874761208892, 5542469.404702704399824 ], [ 1263993.896874761208892, 5542569.404702704399824 ] ] ] ] } },
{ "type": "Feature", "properties": { "id": 1103, "left": 1263993.8968747612, "top": 5542469.4047027044, "right": 1264093.8968747612, "bottom": 5542369.4047027044, "row_index": 17, "col_index": 31, "green_area": 1536.6160142403096, "green_pc": 15.366160142380199, "buildings_area": 3146.7326492024586, "buildings_pc": 31.467326491977694, "road_area": 1555.8733662385494, "road_pc": 15.558733662362309, "free_space_area": 3765.7312497464591, "free_space_pc": 37.657312497408476, "railways_area": 0.0, "railways_pc": 0.0, "free_space_number": 9.0, "tree_number": 1.0 }, "geometry": { "type": "MultiPolygon", "coordinates": [ [ [ [ 1263993.896874761208892, 5542469.404702704399824 ], [ 1264093.896874761208892, 5542469.404702704399824 ], [ 1264093.896874761208892, 5542369.404702704399824 ], [ 1263993.896874761208892, 5542369.404702704399824 ], [ 1263993.896874761208892, 5542469.404702704399824 ] ] ] ] } },
{ "type": "Feature", "properties": { "id": 1104, "left": 1263993.8968747612, "top": 5542369.4047027044, "right": 1264093.8968747612, "bottom": 5542269.4047027044, "row_index": 18, "col_index": 31, "green_area": 2852.1970333177596, "green_pc": 28.521970333135094, "buildings_area": 4604.1754899173975, "buildings_pc": 46.041754899105371, "road_area": 846.01517621427774, "road_pc": 8.4601517621301703, "free_space_area": 1728.6155776017806, "free_space_pc": 17.286155775992047, "railways_area": 0.0, "railways_pc": 0.0, "free_space_number": 13.0, "tree_number": 0.0 }, "geometry": { "type": "MultiPolygon", "coordinates": [ [ [ [ 1263993.896874761208892, 5542369.404702704399824 ], [ 1264093.896874761208892, 5542369.404702704399824 ], [ 1264093.896874761208892, 5542269.404702704399824 ], [ 1263993.896874761208892, 5542269.404702704399824 ], [ 1263993.896874761208892, 5542369.404702704399824 ] ] ] ] } },
{ "type": "Feature", "properties": { "id": 1105, "left": 1263993.8968747612, "top": 5542269.4047027044, "right": 1264093.8968747612, "bottom": 5542169.4047027044, "row_index": 19, "col_index": 31, "green_area": 0.0, "green_pc": 0.0, "buildings_area": 6955.63088302291, "buildings_pc": 69.55630883012546, "road_area": 1428.2036635577679, "road_pc": 14.282036635556397, "free_space_area": 1616.300413224272, "free_space_pc": 16.163004132218635, "railways_area": 0.0, "railways_pc": 0.0, "free_space_number": 16.0, "tree_number": 0.0 }, "geometry": { "type": "MultiPolygon", "coordinates": [ [ [ [ 1263993.896874761208892, 5542269.404702704399824 ], [ 1264093.896874761208892, 5542269.404702704399824 ], [ 1264093.896874761208892, 5542169.404702704399824 ], [ 1263993.896874761208892, 5542169.404702704399824 ], [ 1263993.896874761208892, 5542269.404702704399824 ] ] ] ] } },
{ "type": "Feature", "properties": { "id": 1106, "left": 1263993.8968747612, "top": 5542169.4047027044, "right": 1264093.8968747612, "bottom": 5542069.4047027044, "row_index": 20, "col_index": 31, "green_area": 326.04369756020606, "green_pc": 3.260436975597202, "buildings_area": 6058.1560550946742, "buildings_pc": 60.581560550856466, "road_area": 610.45819604210556, "road_pc": 6.1045819604119593, "free_space_area": 3036.7618151660718, "free_space_pc": 30.367618151615467, "railways_area": 0.0, "railways_pc": 0.0, "free_space_number": 9.0, "tree_number": 0.0 }, "geometry": { "type": "MultiPolygon", "coordinates": [ [ [ [ 1263993.896874761208892, 5542169.404702704399824 ], [ 1264093.896874761208892, 5542169.404702704399824 ], [ 1264093.896874761208892, 5542069.404702704399824 ], [ 1263993.896874761208892, 5542069.404702704399824 ], [ 1263993.896874761208892, 5542169.404702704399824 ] ] ] ] } },
{ "type": "Feature", "properties": { "id": 1107, "left": 1263993.8968747612, "top": 5542069.4047027044, "right": 1264093.8968747612, "bottom": 5541969.4047027044, "row_index": 21, "col_index": 31, "green_area": 488.8536451915279, "green_pc": 4.8885364519079948, "buildings_area": 7886.3222612498794, "buildings_pc": 78.863222612381279, "road_area": 600.04710050672293, "road_pc": 6.0004710050582881, "free_space_area": 1081.2759393894521, "free_space_pc": 10.812759393878409, "railways_area": 0.0, "railways_pc": 0.0, "free_space_number": 31.0, "tree_number": 0.0 }, "geometry": { "type": "MultiPolygon", "coordinates": [ [ [ [ 1263993.896874761208892, 5542069.404702704399824 ], [ 1264093.896874761208892, 5542069.404702704399824 ], [ 1264093.896874761208892, 5541969.404702704399824 ], [ 1263993.896874761208892, 5541969.404702704399824 ], [ 1263993.896874761208892, 5542069.404702704399824 ] ] ] ] } },
{ "type": "Feature", "properties": { "id": 1108, "left": 1263993.8968747612, "top": 5541969.4047027044, "right": 1264093.8968747612, "bottom": 5541869.4047027044, "row_index": 22, "col_index": 31, "green_area": 1704.8285645209253, "green_pc": 17.048285645183849, "buildings_area": 6421.5602780743502, "buildings_pc": 64.215602780647814, "road_area": 1122.4258214570582, "road_pc": 11.224258214553856, "free_space_area": 782.55821201950312, "free_space_pc": 7.8255821201833697, "railways_area": 0.0, "railways_pc": 0.0, "free_space_number": 17.0, "tree_number": 0.0 }, "geometry": { "type": "MultiPolygon", "coordinates": [ [ [ [ 1263993.896874761208892, 5541969.404702704399824 ], [ 1264093.896874761208892, 5541969.404702704399824 ], [ 1264093.896874761208892, 5541869.404702704399824 ], [ 1263993.896874761208892, 5541869.404702704399824 ], [ 1263993.896874761208892, 5541969.404702704399824 ] ] ] ] } },
{ "type": "Feature", "properties": { "id": 1109, "left": 1263993.8968747612, "top": 5541869.4047027044, "right": 1264093.8968747612, "bottom": 5541769.4047027044, "row_index": 23, "col_index": 31, "green_area": 761.49380670115352, "green_pc": 7.614938067000188, "buildings_area": 6135.133950364776, "buildings_pc": 61.351339503556339, "road_area": 1466.1152538787574, "road_pc": 14.661152538765727, "free_space_area": 1652.9697558768121, "free_space_pc": 16.529697558743489, "railways_area": 0.0, "railways_pc": 0.0, "free_space_number": 10.0, "tree_number": 0.0 }, "geometry": { "type": "MultiPolygon", "coordinates": [ [ [ [ 1263993.896874761208892, 5541869.404702704399824 ], [ 1264093.896874761208892, 5541869.404702704399824 ], [ 1264093.896874761208892, 5541769.404702704399824 ], [ 1263993.896874761208892, 5541769.404702704399824 ], [ 1263993.896874761208892, 5541869.404702704399824 ] ] ] ] } },
{ "type": "Feature", "properties": { "id": 1110, "left": 1263993.8968747612, "top": 5541769.4047027044, "right": 1264093.8968747612, "bottom": 5541669.4047027044, "row_index": 24, "col_index": 31, "green_area": 0.0, "green_pc": 0.0, "buildings_area": 6246.2133501246572, "buildings_pc": 62.462133501153495, "road_area": 2778.5378685332835, "road_pc": 27.78537868529143, "free_space_area": 975.25765137676785, "free_space_pc": 9.7525765137531462, "railways_area": 0.0, "railways_pc": 0.0, "free_space_number": 16.0, "tree_number": 0.0 }, "geometry": { "type": "MultiPolygon", "coordinates": [ [ [ [ 1263993.896874761208892, 5541769.404702704399824 ], [ 1264093.896874761208892, 5541769.404702704399824 ], [ 1264093.896874761208892, 5541669.404702704399824 ], [ 1263993.896874761208892, 5541669.404702704399824 ], [ 1263993.896874761208892, 5541769.404702704399824 ] ] ] ] } },
{ "type": "Feature", "properties": { "id": 1111, "left": 1263993.8968747612, "top": 5541669.4047027044, "right": 1264093.8968747612, "bottom": 5541569.4047027044, "row_index": 25, "col_index": 31, "green_area": 3034.5751811414957, "green_pc": 30.345751811369738, "buildings_area": 4983.6119473995641, "buildings_pc": 49.836119473921379, "road_area": 155.08995126746595, "road_pc": 1.5508995126723484, "free_space_area": 1853.8223835179801, "free_space_pc": 18.538223835152177, "railways_area": 0.0, "railways_pc": 0.0, "free_space_number": 16.0, "tree_number": 0.0 }, "geometry": { "type": "MultiPolygon", "coordinates": [ [ [ [ 1263993.896874761208892, 5541669.404702704399824 ], [ 1264093.896874761208892, 5541669.404702704399824 ], [ 1264093.896874761208892, 5541569.404702704399824 ], [ 1263993.896874761208892, 5541569.404702704399824 ], [ 1263993.896874761208892, 5541669.404702704399824 ] ] ] ] } },
{ "type": "Feature", "properties": { "id": 1112, "left": 1263993.8968747612, "top": 5541569.4047027044, "right": 1264093.8968747612, "bottom": 5541469.4047027044, "row_index": 26, "col_index": 31, "green_area": 773.48573215864599, "green_pc": 7.7348573215749337, "buildings_area": 7067.608940328937, "buildings_pc": 70.676089403184051, "road_area": 753.99928950890899, "road_pc": 7.5399928950778543, "free_space_area": 1418.5601740187431, "free_space_pc": 14.185601740166291, "railways_area": 0.0, "railways_pc": 0.0, "free_space_number": 26.0, "tree_number": 0.0 }, "geometry": { "type": "MultiPolygon", "coordinates": [ [ [ [ 1263993.896874761208892, 5541569.404702704399824 ], [ 1264093.896874761208892, 5541569.404702704399824 ], [ 1264093.896874761208892, 5541469.404702704399824 ], [ 1263993.896874761208892, 5541469.404702704399824 ], [ 1263993.896874761208892, 5541569.404702704399824 ] ] ] ] } },
{ "type": "Feature", "properties": { "id": 1113, "left": 1263993.8968747612, "top": 5541469.4047027044, "right": 1264093.8968747612, "bottom": 5541369.4047027044, "row_index": 27, "col_index": 31, "green_area": 947.47613500058651, "green_pc": 9.4747613499917467, "buildings_area": 5396.4943978188094, "buildings_pc": 53.964943978107677, "road_area": 2601.6980938799679, "road_pc": 26.016980938760909, "free_space_area": 1066.3151212941575, "free_space_pc": 10.663151212925687, "railways_area": 0.0, "railways_pc": 0.0, "free_space_number": 16.0, "tree_number": 0.0 }, "geometry": { "type": "MultiPolygon", "coordinates": [ [ [ [ 1263993.896874761208892, 5541469.404702704399824 ], [ 1264093.896874761208892, 5541469.404702704399824 ], [ 1264093.896874761208892, 5541369.404702704399824 ], [ 1263993.896874761208892, 5541369.404702704399824 ], [ 1263993.896874761208892, 5541469.404702704399824 ] ] ] ] } },
{ "type": "Feature", "properties": { "id": 1114, "left": 1263993.8968747612, "top": 5541369.4047027044, "right": 1264093.8968747612, "bottom": 5541269.4047027044, "row_index": 28, "col_index": 31, "green_area": 3170.8921893686056, "green_pc": 31.708921893638806, "buildings_area": 4655.6494225785136, "buildings_pc": 46.55649422571576, "road_area": 0.0, "road_pc": 0.0, "free_space_area": 2209.7542660403997, "free_space_pc": 22.097542660371069, "railways_area": 0.0, "railways_pc": 0.0, "free_space_number": 7.0, "tree_number": 0.0 }, "geometry": { "type": "MultiPolygon", "coordinates": [ [ [ [ 1263993.896874761208892, 5541369.404702704399824 ], [ 1264093.896874761208892, 5541369.404702704399824 ], [ 1264093.896874761208892, 5541269.404702704399824 ], [ 1263993.896874761208892, 5541269.404702704399824 ], [ 1263993.896874761208892, 5541369.404702704399824 ] ] ] ] } },
{ "type": "Feature", "properties": { "id": 1115, "left": 1263993.8968747612, "top": 5541269.4047027044, "right": 1264093.8968747612, "bottom": 5541169.4047027044, "row_index": 29, "col_index": 31, "green_area": 4777.3847476094961, "green_pc": 47.773847476023775, "buildings_area": 2313.1698125214316, "buildings_pc": 23.131698125179849, "road_area": 0.0, "road_pc": 0.0, "free_space_area": 2969.671457723598, "free_space_pc": 29.696714577191727, "railways_area": 0.0, "railways_pc": 0.0, "free_space_number": 9.0, "tree_number": 0.0 }, "geometry": { "type": "MultiPolygon", "coordinates": [ [ [ [ 1263993.896874761208892, 5541269.404702704399824 ], [ 1264093.896874761208892, 5541269.404702704399824 ], [ 1264093.896874761208892, 5541169.404702704399824 ], [ 1263993.896874761208892, 5541169.404702704399824 ], [ 1263993.896874761208892, 5541269.404702704399824 ] ] ] ] } },
{ "type": "Feature", "properties": { "id": 1116, "left": 1263993.8968747612, "top": 5541169.4047027044, "right": 1264093.8968747612, "bottom": 5541069.4047027044, "row_index": 30, "col_index": 31, "green_area": 2896.2298524044454, "green_pc": 28.962298524001298, "buildings_area": 2342.9315222539008, "buildings_pc": 23.429315222504094, "road_area": 4074.4830787219107, "road_pc": 40.744830787158392, "free_space_area": 852.38628368006471, "free_space_pc": 8.523862836787945, "railways_area": 0.0, "railways_pc": 0.0, "free_space_number": 7.0, "tree_number": 19.0 }, "geometry": { "type": "MultiPolygon", "coordinates": [ [ [ [ 1263993.896874761208892, 5541169.404702704399824 ], [ 1264093.896874761208892, 5541169.404702704399824 ], [ 1264093.896874761208892, 5541069.404702704399824 ], [ 1263993.896874761208892, 5541069.404702704399824 ], [ 1263993.896874761208892, 5541169.404702704399824 ] ] ] ] } },
{ "type": "Feature", "properties": { "id": 1117, "left": 1263993.8968747612, "top": 5541069.4047027044, "right": 1264093.8968747612, "bottom": 5540969.4047027044, "row_index": 31, "col_index": 31, "green_area": 4741.8564895363525, "green_pc": 47.418564895292867, "buildings_area": 3931.5665305601433, "buildings_pc": 39.315665305542851, "road_area": 0.0, "road_pc": 0.0, "free_space_area": 1558.8310929129257, "free_space_pc": 15.588310929106028, "railways_area": 0.0, "railways_pc": 0.0, "free_space_number": 25.0, "tree_number": 0.0 }, "geometry": { "type": "MultiPolygon", "coordinates": [ [ [ [ 1263993.896874761208892, 5541069.404702704399824 ], [ 1264093.896874761208892, 5541069.404702704399824 ], [ 1264093.896874761208892, 5540969.404702704399824 ], [ 1263993.896874761208892, 5540969.404702704399824 ], [ 1263993.896874761208892, 5541069.404702704399824 ] ] ] ] } },
{ "type": "Feature", "properties": { "id": 1118, "left": 1263993.8968747612, "top": 5540969.4047027044, "right": 1264093.8968747612, "bottom": 5540869.4047027044, "row_index": 32, "col_index": 31, "green_area": 1548.5204536607489, "green_pc": 15.485204536584414, "buildings_area": 5483.1116167786531, "buildings_pc": 54.831116167704828, "road_area": 1616.0704800635576, "road_pc": 16.160704800611494, "free_space_area": 1463.5847566534358, "free_space_pc": 14.635847566512549, "railways_area": 0.0, "railways_pc": 0.0, "free_space_number": 17.0, "tree_number": 0.0 }, "geometry": { "type": "MultiPolygon", "coordinates": [ [ [ [ 1263993.896874761208892, 5540969.404702704399824 ], [ 1264093.896874761208892, 5540969.404702704399824 ], [ 1264093.896874761208892, 5540869.404702704399824 ], [ 1263993.896874761208892, 5540869.404702704399824 ], [ 1263993.896874761208892, 5540969.404702704399824 ] ] ] ] } },
{ "type": "Feature", "properties": { "id": 1119, "left": 1263993.8968747612, "top": 5540869.4047027044, "right": 1264093.8968747612, "bottom": 5540769.4047027044, "row_index": 33, "col_index": 31, "green_area": 4356.9976963698864, "green_pc": 43.569976963633941, "buildings_area": 3251.2610093384283, "buildings_pc": 32.512610093335837, "road_area": 797.84663639962673, "road_pc": 7.9784663639843787, "free_space_area": 1954.826161179464, "free_space_pc": 19.548261611765511, "railways_area": 0.0, "railways_pc": 0.0, "free_space_number": 6.0, "tree_number": 0.0 }, "geometry": { "type": "MultiPolygon", "coordinates": [ [ [ [ 1263993.896874761208892, 5540869.404702704399824 ], [ 1264093.896874761208892, 5540869.404702704399824 ], [ 1264093.896874761208892, 5540769.404702704399824 ], [ 1263993.896874761208892, 5540769.404702704399824 ], [ 1263993.896874761208892, 5540869.404702704399824 ] ] ] ] } },
{ "type": "Feature", "properties": { "id": 1120, "left": 1263993.8968747612, "top": 5540769.4047027044, "right": 1264093.8968747612, "bottom": 5540669.4047027044, "row_index": 34, "col_index": 31, "green_area": 996.26389159215614, "green_pc": 29.162887737707248, "buildings_area": 650.92958570737392, "buildings_pc": 19.054174896170544, "road_area": 1437.0064689591527, "road_pc": 42.064415549219341, "free_space_area": 332.00495676649007, "free_space_pc": 9.7185327745544168, "railways_area": 0.0, "railways_pc": 0.0, "free_space_number": 5.0, "tree_number": 0.0 }, "geometry": { "type": "MultiPolygon", "coordinates": [ [ [ [ 1263993.896874761208892, 5540743.68726980406791 ], [ 1263993.896874761208892, 5540769.404702704399824 ], [ 1264093.896874761208892, 5540769.404702704399824 ], [ 1264093.896874761208892, 5540726.798045029863715 ], [ 1263993.896874761208892, 5540743.68726980406791 ] ] ] ] } },
{ "type": "Feature", "properties": { "id": 1126, "left": 1264093.8968747612, "top": 5543669.4047027044, "right": 1264193.8968747612, "bottom": 5543569.4047027044, "row_index": 5, "col_index": 32, "green_area": 751.82582810509484, "green_pc": 10.970362750639678, "buildings_area": 0.0, "buildings_pc": 0.0, "road_area": 0.0, "road_pc": 0.0, "free_space_area": 2026.5156741680985, "free_space_pc": 29.5701627084478, "railways_area": 4074.903419373557, "railways_pc": 59.459474539495389, "free_space_number": 3.0, "tree_number": 0.0 }, "geometry": { "type": "MultiPolygon", "coordinates": [ [ [ [ 1264193.896874761208892, 5543609.960150045342743 ], [ 1264193.896874761208892, 5543569.404702704399824 ], [ 1264093.896874761208892, 5543569.404702704399824 ], [ 1264093.896874761208892, 5543665.914153798483312 ], [ 1264193.896874761208892, 5543609.960150045342743 ] ] ] ] } },
{ "type": "Feature", "properties": { "id": 1127, "left": 1264093.8968747612, "top": 5543569.4047027044, "right": 1264193.8968747612, "bottom": 5543469.4047027044, "row_index": 6, "col_index": 32, "green_area": 4024.0792168055195, "green_pc": 40.240792167995231, "buildings_area": 0.0, "buildings_pc": 0.0, "road_area": 0.0, "road_pc": 0.0, "free_space_area": 5974.3000328014605, "free_space_pc": 59.743000327925579, "railways_area": 1.620750485919416, "railways_pc": 0.016207504859170007, "free_space_number": 2.0, "tree_number": 0.0 }, "geometry": { "type": "MultiPolygon", "coordinates": [ [ [ [ 1264093.896874761208892, 5543569.404702704399824 ], [ 1264193.896874761208892, 5543569.404702704399824 ], [ 1264193.896874761208892, 5543469.404702704399824 ], [ 1264093.896874761208892, 5543469.404702704399824 ], [ 1264093.896874761208892, 5543569.404702704399824 ] ] ] ] } },
{ "type": "Feature", "properties": { "id": 1128, "left": 1264093.8968747612, "top": 5543469.4047027044, "right": 1264193.8968747612, "bottom": 5543369.4047027044, "row_index": 7, "col_index": 32, "green_area": 3834.0108583406545, "green_pc": 38.340108583349412, "buildings_area": 211.79499330744147, "buildings_pc": 2.1179499330712588, "road_area": 0.0, "road_pc": 0.0, "free_space_area": 5954.1941483565606, "free_space_pc": 59.541941483476883, "railways_area": 0.0, "railways_pc": 0.0, "free_space_number": 1.0, "tree_number": 0.0 }, "geometry": { "type": "MultiPolygon", "coordinates": [ [ [ [ 1264093.896874761208892, 5543469.404702704399824 ], [ 1264193.896874761208892, 5543469.404702704399824 ], [ 1264193.896874761208892, 5543369.404702704399824 ], [ 1264093.896874761208892, 5543369.404702704399824 ], [ 1264093.896874761208892, 5543469.404702704399824 ] ] ] ] } },
{ "type": "Feature", "properties": { "id": 1129, "left": 1264093.8968747612, "top": 5543369.4047027044, "right": 1264193.8968747612, "bottom": 5543269.4047027044, "row_index": 8, "col_index": 32, "green_area": 2493.7306469231844, "green_pc": 26.984107226419884, "buildings_area": 1854.5113325743005, "buildings_pc": 20.067256546948645, "road_area": 3866.5732836760581, "road_pc": 41.83933345578324, "free_space_area": 1026.6639009835199, "free_space_pc": 11.109302772460651, "railways_area": 0.0, "railways_pc": 0.0, "free_space_number": 3.0, "tree_number": 0.0 }, "geometry": { "type": "MultiPolygon", "coordinates": [ [ [ [ 1264179.756103371502832, 5543302.222715775482357 ], [ 1264170.806087910896167, 5543295.082547533325851 ], [ 1264174.064963873708621, 5543269.404702704399824 ], [ 1264093.896874761208892, 5543269.404702704399824 ], [ 1264093.896874761208892, 5543369.404702704399824 ], [ 1264193.896874761208892, 5543369.404702704399824 ], [ 1264193.896874761208892, 5543312.762431457638741 ], [ 1264179.756103371502832, 5543302.222715775482357 ] ] ] ] } },
{ "type": "Feature", "properties": { "id": 1130, "left": 1264093.8968747612, "top": 5543269.4047027044, "right": 1264193.8968747612, "bottom": 5543169.4047027044, "row_index": 9, "col_index": 32, "green_area": 4744.4919270575047, "green_pc": 55.712794958433669, "buildings_area": 21.150758167728782, "buildings_pc": 0.24836544589610127, "road_area": 1599.0138320103288, "road_pc": 18.776621633697431, "free_space_area": 2172.4768453389406, "free_space_pc": 25.510583408533272, "railways_area": 0.0, "railways_pc": 0.0, "free_space_number": 1.0, "tree_number": 0.0 }, "geometry": { "type": "MultiPolygon", "coordinates": [ [ [ [ 1264174.328276650514454, 5543267.329967518337071 ], [ 1264183.991065277718008, 5543169.404702704399824 ], [ 1264093.896874761208892, 5543169.404702704399824 ], [ 1264093.896874761208892, 5543269.404702704399824 ], [ 1264174.064963873708621, 5543269.404702704399824 ], [ 1264174.328276650514454, 5543267.329967518337071 ] ] ] ] } },
{ "type": "Feature", "properties": { "id": 1131, "left": 1264093.8968747612, "top": 5543169.4047027044, "right": 1264193.8968747612, "bottom": 5543069.4047027044, "row_index": 10, "col_index": 32, "green_area": 3176.759693980217, "green_pc": 33.809640058934832, "buildings_area": 1229.3445747494698, "buildings_pc": 13.083676949013416, "road_area": 1788.2635751944035, "road_pc": 19.032143955489019, "free_space_area": 3202.8557739435, "free_space_pc": 34.087375599391258, "railways_area": 0.0, "railways_pc": 0.0, "free_space_number": 5.0, "tree_number": 0.0 }, "geometry": { "type": "MultiPolygon", "coordinates": [ [ [ [ 1264186.526638279436156, 5543143.708532867953181 ], [ 1264187.779800856020302, 5543114.233433882705867 ], [ 1264191.838455271441489, 5543069.404702704399824 ], [ 1264093.896874761208892, 5543069.404702704399824 ], [ 1264093.896874761208892, 5543169.404702704399824 ], [ 1264183.991065277718008, 5543169.404702704399824 ], [ 1264186.526638279436156, 5543143.708532867953181 ] ] ] ] } },
{ "type": "Feature", "properties": { "id": 1132, "left": 1264093.8968747612, "top": 5543069.4047027044, "right": 1264193.8968747612, "bottom": 5542969.4047027044, "row_index": 11, "col_index": 32, "green_area": 3280.1846648748033, "green_pc": 32.878782342155453, "buildings_area": 1989.4588825460523, "buildings_pc": 19.941250954051409, "road_area": 2155.4010355696082, "road_pc": 21.604564604979164, "free_space_area": 2575.7278959775576, "free_space_pc": 25.817691842570831, "railways_area": 0.0, "railways_pc": 0.0, "free_space_number": 3.0, "tree_number": 0.0 }, "geometry": { "type": "MultiPolygon", "coordinates": [ [ [ [ 1264193.896874761208892, 5543046.669006456620991 ], [ 1264193.896874761208892, 5542969.404702704399824 ], [ 1264093.896874761208892, 5542969.404702704399824 ], [ 1264093.896874761208892, 5543069.404702704399824 ], [ 1264191.838455271441489, 5543069.404702704399824 ], [ 1264193.896874761208892, 5543046.669006456620991 ] ] ] ] } },
{ "type": "Feature", "properties": { "id": 1133, "left": 1264093.8968747612, "top": 5542969.4047027044, "right": 1264193.8968747612, "bottom": 5542869.4047027044, "row_index": 12, "col_index": 32, "green_area": 1129.8071583891287, "green_pc": 11.298071583874451, "buildings_area": 2739.471290555317, "buildings_pc": 27.39471290551235, "road_area": 1052.5565426237881, "road_pc": 10.525565426222197, "free_space_area": 1520.0113676489855, "free_space_pc": 15.200113676467204, "railways_area": 0.0, "railways_pc": 0.0, "free_space_number": 10.0, "tree_number": 7.0 }, "geometry": { "type": "MultiPolygon", "coordinates": [ [ [ [ 1264093.896874761208892, 5542969.404702704399824 ], [ 1264193.896874761208892, 5542969.404702704399824 ], [ 1264193.896874761208892, 5542869.404702704399824 ], [ 1264093.896874761208892, 5542869.404702704399824 ], [ 1264093.896874761208892, 5542969.404702704399824 ] ] ] ] } },
{ "type": "Feature", "properties": { "id": 1134, "left": 1264093.8968747612, "top": 5542869.4047027044, "right": 1264193.8968747612, "bottom": 5542769.4047027044, "row_index": 13, "col_index": 32, "green_area": 658.43933234550059, "green_pc": 6.5843933234451946, "buildings_area": 3598.5043389433995, "buildings_pc": 35.985043389380373, "road_area": 820.25459330901504, "road_pc": 8.2025459330779285, "free_space_area": 2159.0364587337681, "free_space_pc": 21.590364587305508, "railways_area": 0.0, "railways_pc": 0.0, "free_space_number": 6.0, "tree_number": 0.0 }, "geometry": { "type": "MultiPolygon", "coordinates": [ [ [ [ 1264093.896874761208892, 5542869.404702704399824 ], [ 1264193.896874761208892, 5542869.404702704399824 ], [ 1264193.896874761208892, 5542769.404702704399824 ], [ 1264093.896874761208892, 5542769.404702704399824 ], [ 1264093.896874761208892, 5542869.404702704399824 ] ] ] ] } },
{ "type": "Feature", "properties": { "id": 1135, "left": 1264093.8968747612, "top": 5542769.4047027044, "right": 1264193.8968747612, "bottom": 5542669.4047027044, "row_index": 14, "col_index": 32, "green_area": 2582.3900669584982, "green_pc": 25.8239006695465, "buildings_area": 3265.4183606542647, "buildings_pc": 32.654183606493987, "road_area": 929.82171004265547, "road_pc": 9.2982171004126997, "free_space_area": 3264.7613375671062, "free_space_pc": 32.647613375622413, "railways_area": 0.0, "railways_pc": 0.0, "free_space_number": 7.0, "tree_number": 0.0 }, "geometry": { "type": "MultiPolygon", "coordinates": [ [ [ [ 1264093.896874761208892, 5542769.404702704399824 ], [ 1264193.896874761208892, 5542769.404702704399824 ], [ 1264193.896874761208892, 5542669.404702704399824 ], [ 1264093.896874761208892, 5542669.404702704399824 ], [ 1264093.896874761208892, 5542769.404702704399824 ] ] ] ] } },
{ "type": "Feature", "properties": { "id": 1136, "left": 1264093.8968747612, "top": 5542669.4047027044, "right": 1264193.8968747612, "bottom": 5542569.4047027044, "row_index": 15, "col_index": 32, "green_area": 2027.4967405474745, "green_pc": 20.274967405444531, "buildings_area": 2311.3084064265713, "buildings_pc": 23.113084064231273, "road_area": 2313.0273945890367, "road_pc": 23.130273945855901, "free_space_area": 3384.3888295432553, "free_space_pc": 33.843888295382122, "railways_area": 0.0, "railways_pc": 0.0, "free_space_number": 6.0, "tree_number": 0.0 }, "geometry": { "type": "MultiPolygon", "coordinates": [ [ [ [ 1264093.896874761208892, 5542669.404702704399824 ], [ 1264193.896874761208892, 5542669.404702704399824 ], [ 1264193.896874761208892, 5542569.404702704399824 ], [ 1264093.896874761208892, 5542569.404702704399824 ], [ 1264093.896874761208892, 5542669.404702704399824 ] ] ] ] } },
{ "type": "Feature", "properties": { "id": 1137, "left": 1264093.8968747612, "top": 5542569.4047027044, "right": 1264193.8968747612, "bottom": 5542469.4047027044, "row_index": 16, "col_index": 32, "green_area": 2422.4378685094416, "green_pc": 24.224378685058319, "buildings_area": 2511.4781861710362, "buildings_pc": 25.114781861672938, "road_area": 1011.2735010683537, "road_pc": 10.112735010668468, "free_space_area": 4072.0524776419625, "free_space_pc": 40.72052477635895, "railways_area": 0.0, "railways_pc": 0.0, "free_space_number": 2.0, "tree_number": 0.0 }, "geometry": { "type": "MultiPolygon", "coordinates": [ [ [ [ 1264093.896874761208892, 5542569.404702704399824 ], [ 1264193.896874761208892, 5542569.404702704399824 ], [ 1264193.896874761208892, 5542469.404702704399824 ], [ 1264093.896874761208892, 5542469.404702704399824 ], [ 1264093.896874761208892, 5542569.404702704399824 ] ] ] ] } },
{ "type": "Feature", "properties": { "id": 1138, "left": 1264093.8968747612, "top": 5542469.4047027044, "right": 1264193.8968747612, "bottom": 5542369.4047027044, "row_index": 17, "col_index": 32, "green_area": 1218.1540711969137, "green_pc": 12.181540711950985, "buildings_area": 3474.254878568463, "buildings_pc": 34.742548785632863, "road_area": 949.92171740531921, "road_pc": 9.4992171740390372, "free_space_area": 4427.164258078672, "free_space_pc": 44.271642580720751, "railways_area": 0.0, "railways_pc": 0.0, "free_space_number": 3.0, "tree_number": 0.0 }, "geometry": { "type": "MultiPolygon", "coordinates": [ [ [ [ 1264093.896874761208892, 5542469.404702704399824 ], [ 1264193.896874761208892, 5542469.404702704399824 ], [ 1264193.896874761208892, 5542369.404702704399824 ], [ 1264093.896874761208892, 5542369.404702704399824 ], [ 1264093.896874761208892, 5542469.404702704399824 ] ] ] ] } },
{ "type": "Feature", "properties": { "id": 1139, "left": 1264093.8968747612, "top": 5542369.4047027044, "right": 1264193.8968747612, "bottom": 5542269.4047027044, "row_index": 18, "col_index": 32, "green_area": 917.86311198119074, "green_pc": 9.1786311197982293, "buildings_area": 5397.9415768696927, "buildings_pc": 53.979415768616491, "road_area": 876.5433042049408, "road_pc": 8.7654330420363458, "free_space_area": 2870.3175304806791, "free_space_pc": 28.70317530476402, "railways_area": 0.0, "railways_pc": 0.0, "free_space_number": 9.0, "tree_number": 0.0 }, "geometry": { "type": "MultiPolygon", "coordinates": [ [ [ [ 1264093.896874761208892, 5542369.404702704399824 ], [ 1264193.896874761208892, 5542369.404702704399824 ], [ 1264193.896874761208892, 5542269.404702704399824 ], [ 1264093.896874761208892, 5542269.404702704399824 ], [ 1264093.896874761208892, 5542369.404702704399824 ] ] ] ] } },
{ "type": "Feature", "properties": { "id": 1140, "left": 1264093.8968747612, "top": 5542269.4047027044, "right": 1264193.8968747612, "bottom": 5542169.4047027044, "row_index": 19, "col_index": 32, "green_area": 129.03290075436234, "green_pc": 1.2903290075417007, "buildings_area": 7096.6469555363292, "buildings_pc": 70.966469555257547, "road_area": 1512.9409874845296, "road_pc": 15.129409874822752, "free_space_area": 1276.4549571888056, "free_space_pc": 12.764549571869034, "railways_area": 0.0, "railways_pc": 0.0, "free_space_number": 19.0, "tree_number": 0.0 }, "geometry": { "type": "MultiPolygon", "coordinates": [ [ [ [ 1264093.896874761208892, 5542269.404702704399824 ], [ 1264193.896874761208892, 5542269.404702704399824 ], [ 1264193.896874761208892, 5542169.404702704399824 ], [ 1264093.896874761208892, 5542169.404702704399824 ], [ 1264093.896874761208892, 5542269.404702704399824 ] ] ] ] } },
{ "type": "Feature", "properties": { "id": 1141, "left": 1264093.8968747612, "top": 5542169.4047027044, "right": 1264193.8968747612, "bottom": 5542069.4047027044, "row_index": 20, "col_index": 32, "green_area": 1484.9532873183489, "green_pc": 14.849532873161362, "buildings_area": 6629.9140957717318, "buildings_pc": 66.299140957618519, "road_area": 683.59419527836144, "road_pc": 6.8359419527734282, "free_space_area": 1276.0103306201636, "free_space_pc": 12.760103306182621, "railways_area": 0.0, "railways_pc": 0.0, "free_space_number": 18.0, "tree_number": 0.0 }, "geometry": { "type": "MultiPolygon", "coordinates": [ [ [ [ 1264093.896874761208892, 5542169.404702704399824 ], [ 1264193.896874761208892, 5542169.404702704399824 ], [ 1264193.896874761208892, 5542069.404702704399824 ], [ 1264093.896874761208892, 5542069.404702704399824 ], [ 1264093.896874761208892, 5542169.404702704399824 ] ] ] ] } },
{ "type": "Feature", "properties": { "id": 1142, "left": 1264093.8968747612, "top": 5542069.4047027044, "right": 1264193.8968747612, "bottom": 5541969.4047027044, "row_index": 21, "col_index": 32, "green_area": 1124.0125346975401, "green_pc": 11.240125346958651, "buildings_area": 5913.6538238312351, "buildings_pc": 59.136538238224233, "road_area": 1320.3910364694893, "road_pc": 13.203910364675219, "free_space_area": 1700.5589843117168, "free_space_pc": 17.00558984309183, "railways_area": 0.0, "railways_pc": 0.0, "free_space_number": 23.0, "tree_number": 0.0 }, "geometry": { "type": "MultiPolygon", "coordinates": [ [ [ [ 1264093.896874761208892, 5542069.404702704399824 ], [ 1264193.896874761208892, 5542069.404702704399824 ], [ 1264193.896874761208892, 5541969.404702704399824 ], [ 1264093.896874761208892, 5541969.404702704399824 ], [ 1264093.896874761208892, 5542069.404702704399824 ] ] ] ] } },
{ "type": "Feature", "properties": { "id": 1143, "left": 1264093.8968747612, "top": 5541969.4047027044, "right": 1264193.8968747612, "bottom": 5541869.4047027044, "row_index": 22, "col_index": 32, "green_area": 1052.7904628179967, "green_pc": 10.527904628164279, "buildings_area": 5150.9693635283038, "buildings_pc": 51.509693635206283, "road_area": 1146.7016959097236, "road_pc": 11.46701695908015, "free_space_area": 2710.8814053490523, "free_space_pc": 27.108814053450129, "railways_area": 0.0, "railways_pc": 0.0, "free_space_number": 11.0, "tree_number": 0.0 }, "geometry": { "type": "MultiPolygon", "coordinates": [ [ [ [ 1264093.896874761208892, 5541969.404702704399824 ], [ 1264193.896874761208892, 5541969.404702704399824 ], [ 1264193.896874761208892, 5541869.404702704399824 ], [ 1264093.896874761208892, 5541869.404702704399824 ], [ 1264093.896874761208892, 5541969.404702704399824 ] ] ] ] } },
{ "type": "Feature", "properties": { "id": 1144, "left": 1264093.8968747612, "top": 5541869.4047027044, "right": 1264193.8968747612, "bottom": 5541769.4047027044, "row_index": 23, "col_index": 32, "green_area": 1243.3682202789932, "green_pc": 12.433682202771404, "buildings_area": 4288.7335085868835, "buildings_pc": 42.887335085804928, "road_area": 504.29800990968943, "road_pc": 5.0429800990893794, "free_space_area": 3985.3815235352376, "free_space_pc": 39.853815235292991, "railways_area": 0.0, "railways_pc": 0.0, "free_space_number": 13.0, "tree_number": 0.0 }, "geometry": { "type": "MultiPolygon", "coordinates": [ [ [ [ 1264093.896874761208892, 5541869.404702704399824 ], [ 1264193.896874761208892, 5541869.404702704399824 ], [ 1264193.896874761208892, 5541769.404702704399824 ], [ 1264093.896874761208892, 5541769.404702704399824 ], [ 1264093.896874761208892, 5541869.404702704399824 ] ] ] ] } },
{ "type": "Feature", "properties": { "id": 1145, "left": 1264093.8968747612, "top": 5541769.4047027044, "right": 1264193.8968747612, "bottom": 5541669.4047027044, "row_index": 24, "col_index": 32, "green_area": 202.71988417766988, "green_pc": 2.0271988417736782, "buildings_area": 5716.0142380204052, "buildings_pc": 57.160142380118877, "road_area": 2078.0805291682482, "road_pc": 20.780805291651514, "free_space_area": 2004.6599691252923, "free_space_pc": 20.046599691223051, "railways_area": 0.0, "railways_pc": 0.0, "free_space_number": 15.0, "tree_number": 0.0 }, "geometry": { "type": "MultiPolygon", "coordinates": [ [ [ [ 1264093.896874761208892, 5541769.404702704399824 ], [ 1264193.896874761208892, 5541769.404702704399824 ], [ 1264193.896874761208892, 5541669.404702704399824 ], [ 1264093.896874761208892, 5541669.404702704399824 ], [ 1264093.896874761208892, 5541769.404702704399824 ] ] ] ] } },
{ "type": "Feature", "properties": { "id": 1146, "left": 1264093.8968747612, "top": 5541669.4047027044, "right": 1264193.8968747612, "bottom": 5541569.4047027044, "row_index": 25, "col_index": 32, "green_area": 939.41556707024574, "green_pc": 9.394155670688459, "buildings_area": 6325.0563459906261, "buildings_pc": 63.250563459812014, "road_area": 1144.1784335672855, "road_pc": 11.441784335655806, "free_space_area": 1605.8898459530915, "free_space_pc": 16.058898459506985, "railways_area": 0.0, "railways_pc": 0.0, "free_space_number": 13.0, "tree_number": 0.0 }, "geometry": { "type": "MultiPolygon", "coordinates": [ [ [ [ 1264093.896874761208892, 5541669.404702704399824 ], [ 1264193.896874761208892, 5541669.404702704399824 ], [ 1264193.896874761208892, 5541569.404702704399824 ], [ 1264093.896874761208892, 5541569.404702704399824 ], [ 1264093.896874761208892, 5541669.404702704399824 ] ] ] ] } },
{ "type": "Feature", "properties": { "id": 1147, "left": 1264093.8968747612, "top": 5541569.4047027044, "right": 1264193.8968747612, "bottom": 5541469.4047027044, "row_index": 26, "col_index": 32, "green_area": 2736.0170455496991, "green_pc": 27.36017045545622, "buildings_area": 4302.6566968867555, "buildings_pc": 43.026566968803444, "road_area": 0.0, "road_pc": 0.0, "free_space_area": 2997.5874167202273, "free_space_pc": 29.975874167157606, "railways_area": 0.0, "railways_pc": 0.0, "free_space_number": 9.0, "tree_number": 0.0 }, "geometry": { "type": "MultiPolygon", "coordinates": [ [ [ [ 1264093.896874761208892, 5541569.404702704399824 ], [ 1264193.896874761208892, 5541569.404702704399824 ], [ 1264193.896874761208892, 5541469.404702704399824 ], [ 1264093.896874761208892, 5541469.404702704399824 ], [ 1264093.896874761208892, 5541569.404702704399824 ] ] ] ] } },
{ "type": "Feature", "properties": { "id": 1148, "left": 1264093.8968747612, "top": 5541469.4047027044, "right": 1264193.8968747612, "bottom": 5541369.4047027044, "row_index": 27, "col_index": 32, "green_area": 1495.2882802654058, "green_pc": 14.952882802631777, "buildings_area": 4620.2845117626712, "buildings_pc": 46.202845117557864, "road_area": 496.29764276742935, "road_pc": 4.9629764276668977, "free_space_area": 3408.3895258463454, "free_space_pc": 34.083895258412667, "railways_area": 0.0, "railways_pc": 0.0, "free_space_number": 5.0, "tree_number": 0.0 }, "geometry": { "type": "MultiPolygon", "coordinates": [ [ [ [ 1264093.896874761208892, 5541469.404702704399824 ], [ 1264193.896874761208892, 5541469.404702704399824 ], [ 1264193.896874761208892, 5541369.404702704399824 ], [ 1264093.896874761208892, 5541369.404702704399824 ], [ 1264093.896874761208892, 5541469.404702704399824 ] ] ] ] } },
{ "type": "Feature", "properties": { "id": 1149, "left": 1264093.8968747612, "top": 5541369.4047027044, "right": 1264193.8968747612, "bottom": 5541269.4047027044, "row_index": 28, "col_index": 32, "green_area": 3319.1179141341709, "green_pc": 33.191179141292253, "buildings_area": 2680.9534506797791, "buildings_pc": 26.809534506757842, "road_area": 918.20429262518883, "road_pc": 9.1820429262382053, "free_space_area": 3163.7437359180767, "free_space_pc": 31.637437359133624, "railways_area": 0.0, "railways_pc": 0.0, "free_space_number": 7.0, "tree_number": 0.0 }, "geometry": { "type": "MultiPolygon", "coordinates": [ [ [ [ 1264093.896874761208892, 5541369.404702704399824 ], [ 1264193.896874761208892, 5541369.404702704399824 ], [ 1264193.896874761208892, 5541269.404702704399824 ], [ 1264093.896874761208892, 5541269.404702704399824 ], [ 1264093.896874761208892, 5541369.404702704399824 ] ] ] ] } },
{ "type": "Feature", "properties": { "id": 1150, "left": 1264093.8968747612, "top": 5541269.4047027044, "right": 1264193.8968747612, "bottom": 5541169.4047027044, "row_index": 29, "col_index": 32, "green_area": 2611.4377750791609, "green_pc": 26.114377750752695, "buildings_area": 2350.1737755052745, "buildings_pc": 23.501737755017725, "road_area": 199.67898239661008, "road_pc": 1.9967898239631254, "free_space_area": 4843.1259667074482, "free_space_pc": 48.431259667002315, "railways_area": 0.0, "railways_pc": 0.0, "free_space_number": 5.0, "tree_number": 0.0 }, "geometry": { "type": "MultiPolygon", "coordinates": [ [ [ [ 1264093.896874761208892, 5541269.404702704399824 ], [ 1264193.896874761208892, 5541269.404702704399824 ], [ 1264193.896874761208892, 5541169.404702704399824 ], [ 1264093.896874761208892, 5541169.404702704399824 ], [ 1264093.896874761208892, 5541269.404702704399824 ] ] ] ] } },
{ "type": "Feature", "properties": { "id": 1151, "left": 1264093.8968747612, "top": 5541169.4047027044, "right": 1264193.8968747612, "bottom": 5541069.4047027044, "row_index": 30, "col_index": 32, "green_area": 2886.355109562166, "green_pc": 28.86355109557865, "buildings_area": 2423.1272050719708, "buildings_pc": 24.2312720506836, "road_area": 3991.9651407003403, "road_pc": 39.91965140694392, "free_space_area": 701.16428351838476, "free_space_pc": 7.011642835173399, "railways_area": 0.0, "railways_pc": 0.0, "free_space_number": 9.0, "tree_number": 19.0 }, "geometry": { "type": "MultiPolygon", "coordinates": [ [ [ [ 1264093.896874761208892, 5541169.404702704399824 ], [ 1264193.896874761208892, 5541169.404702704399824 ], [ 1264193.896874761208892, 5541069.404702704399824 ], [ 1264093.896874761208892, 5541069.404702704399824 ], [ 1264093.896874761208892, 5541169.404702704399824 ] ] ] ] } },
{ "type": "Feature", "properties": { "id": 1152, "left": 1264093.8968747612, "top": 5541069.4047027044, "right": 1264193.8968747612, "bottom": 5540969.4047027044, "row_index": 31, "col_index": 32, "green_area": 5557.2861763173714, "green_pc": 55.572861763090906, "buildings_area": 1275.1081097871065, "buildings_pc": 12.751081097852065, "road_area": 0.0, "road_pc": 0.0, "free_space_area": 3168.8423576292953, "free_space_pc": 31.688423576245736, "railways_area": 0.0, "railways_pc": 0.0, "free_space_number": 2.0, "tree_number": 0.0 }, "geometry": { "type": "MultiPolygon", "coordinates": [ [ [ [ 1264093.896874761208892, 5541069.404702704399824 ], [ 1264193.896874761208892, 5541069.404702704399824 ], [ 1264193.896874761208892, 5540969.404702704399824 ], [ 1264093.896874761208892, 5540969.404702704399824 ], [ 1264093.896874761208892, 5541069.404702704399824 ] ] ] ] } },
{ "type": "Feature", "properties": { "id": 1153, "left": 1264093.8968747612, "top": 5540969.4047027044, "right": 1264193.8968747612, "bottom": 5540869.4047027044, "row_index": 32, "col_index": 32, "green_area": 4581.6978836071212, "green_pc": 45.816978836002939, "buildings_area": 2170.7584144669818, "buildings_pc": 21.707584144637472, "road_area": 148.00230913981795, "road_pc": 1.4800230913959742, "free_space_area": 3106.5863359642099, "free_space_pc": 31.065863359595806, "railways_area": 0.0, "railways_pc": 0.0, "free_space_number": 10.0, "tree_number": 0.0 }, "geometry": { "type": "MultiPolygon", "coordinates": [ [ [ [ 1264093.896874761208892, 5540969.404702704399824 ], [ 1264193.896874761208892, 5540969.404702704399824 ], [ 1264193.896874761208892, 5540869.404702704399824 ], [ 1264093.896874761208892, 5540869.404702704399824 ], [ 1264093.896874761208892, 5540969.404702704399824 ] ] ] ] } },
{ "type": "Feature", "properties": { "id": 1154, "left": 1264093.8968747612, "top": 5540869.4047027044, "right": 1264193.8968747612, "bottom": 5540769.4047027044, "row_index": 33, "col_index": 32, "green_area": 493.27139262016863, "green_pc": 4.932713926194336, "buildings_area": 5019.1931423228234, "buildings_pc": 50.191931423153441, "road_area": 1495.993120059371, "road_pc": 14.959931200571418, "free_space_area": 1245.4127818781947, "free_space_pc": 12.454127818763389, "railways_area": 0.0, "railways_pc": 0.0, "free_space_number": 19.0, "tree_number": 0.0 }, "geometry": { "type": "MultiPolygon", "coordinates": [ [ [ [ 1264093.896874761208892, 5540869.404702704399824 ], [ 1264193.896874761208892, 5540869.404702704399824 ], [ 1264193.896874761208892, 5540769.404702704399824 ], [ 1264093.896874761208892, 5540769.404702704399824 ], [ 1264093.896874761208892, 5540869.404702704399824 ] ] ] ] } },
{ "type": "Feature", "properties": { "id": 1155, "left": 1264093.8968747612, "top": 5540769.4047027044, "right": 1264193.8968747612, "bottom": 5540669.4047027044, "row_index": 34, "col_index": 32, "green_area": 363.06610786356032, "green_pc": 7.3647334300863472, "buildings_area": 1081.3120010490529, "buildings_pc": 21.934227596568231, "road_area": 301.96003164164722, "road_pc": 6.125207204460108, "free_space_area": 52.387186647414637, "free_space_pc": 1.0626650531516353, "railways_area": 0.0, "railways_pc": 0.0, "free_space_number": 3.0, "tree_number": 0.0 }, "geometry": { "type": "MultiPolygon", "coordinates": [ [ [ [ 1264185.544685868313536, 5540724.569747519679368 ], [ 1264177.460170861566439, 5540720.862088055349886 ], [ 1264170.229830716969445, 5540717.844698359258473 ], [ 1264160.952982458285987, 5540714.052124017849565 ], [ 1264153.856531789992005, 5540713.35561322979629 ], [ 1264146.985258171334863, 5540713.821285669691861 ], [ 1264139.094652804313228, 5540715.643873455002904 ], [ 1264128.853894597617909, 5540718.5963846584782 ], [ 1264116.797958626644686, 5540722.930229499936104 ], [ 1264093.896874761208892, 5540726.798045029863715 ], [ 1264093.896874761208892, 5540769.404702704399824 ], [ 1264193.896874761208892, 5540769.404702704399824 ], [ 1264193.896874761208892, 5540732.234501330181956 ], [ 1264185.544685868313536, 5540724.569747519679368 ] ] ] ] } },
{ "type": "Feature", "properties": { "id": 1161, "left": 1264193.8968747612, "top": 5543669.4047027044, "right": 1264293.8968747612, "bottom": 5543569.4047027044, "row_index": 5, "col_index": 33, "green_area": 8.9602684509009123, "green_pc": 0.60965451198081977, "buildings_area": 0.0, "buildings_pc": 0.0, "road_area": 0.0, "road_pc": 0.0, "free_space_area": 0.0, "free_space_pc": 0.0, "railways_area": 1460.7686148285866, "railways_pc": 99.390345486878573, "free_space_number": 0.0, "tree_number": 0.0 }, "geometry": { "type": "MultiPolygon", "coordinates": [ [ [ [ 1264266.376848706975579, 5543569.404702704399824 ], [ 1264193.896874761208892, 5543569.404702704399824 ], [ 1264193.896874761208892, 5543609.960150045342743 ], [ 1264266.376848706975579, 5543569.404702704399824 ] ] ] ] } },
{ "type": "Feature", "properties": { "id": 1162, "left": 1264193.8968747612, "top": 5543569.4047027044, "right": 1264293.8968747612, "bottom": 5543469.4047027044, "row_index": 6, "col_index": 33, "green_area": 1075.947064332373, "green_pc": 10.992382000322102, "buildings_area": 136.26831790618598, "buildings_pc": 1.3921813206447908, "road_area": 0.0, "road_pc": 0.0, "free_space_area": 5893.8399925051999, "free_space_pc": 60.214245471819169, "railways_area": 2682.3053968755994, "railways_pc": 27.403695350270432, "free_space_number": 1.0, "tree_number": 0.0 }, "geometry": { "type": "MultiPolygon", "coordinates": [ [ [ [ 1264293.896874761208892, 5543554.006146293133497 ], [ 1264293.896874761208892, 5543469.404702704399824 ], [ 1264193.896874761208892, 5543469.404702704399824 ], [ 1264193.896874761208892, 5543569.404702704399824 ], [ 1264266.376848706975579, 5543569.404702704399824 ], [ 1264293.896874761208892, 5543554.006146293133497 ] ] ] ] } },
{ "type": "Feature", "properties": { "id": 1163, "left": 1264193.8968747612, "top": 5543469.4047027044, "right": 1264293.8968747612, "bottom": 5543369.4047027044, "row_index": 7, "col_index": 33, "green_area": 714.34465977922082, "green_pc": 7.3000565308739205, "buildings_area": 3026.9853624422103, "buildings_pc": 30.933477224825179, "road_area": 616.29063735157251, "road_pc": 6.2980193531582769, "free_space_area": 5427.8468469008803, "free_space_pc": 55.468446891656562, "railways_area": 0.0, "railways_pc": 0.0, "free_space_number": 1.0, "tree_number": 0.0 }, "geometry": { "type": "MultiPolygon", "coordinates": [ [ [ [ 1264290.499208485241979, 5543384.764241235330701 ], [ 1264269.891847759252414, 5543369.404702704399824 ], [ 1264193.896874761208892, 5543369.404702704399824 ], [ 1264193.896874761208892, 5543469.404702704399824 ], [ 1264293.896874761208892, 5543469.404702704399824 ], [ 1264293.896874761208892, 5543387.169499191455543 ], [ 1264290.499208485241979, 5543384.764241235330701 ] ] ] ] } },
{ "type": "Feature", "properties": { "id": 1164, "left": 1264193.8968747612, "top": 5543369.4047027044, "right": 1264293.8968747612, "bottom": 5543269.4047027044, "row_index": 8, "col_index": 33, "green_area": 0.0, "green_pc": 0.0, "buildings_area": 802.07916489522904, "buildings_pc": 37.266765990869018, "road_area": 1166.1099243611097, "road_pc": 54.180619037114631, "free_space_area": 184.07484773453325, "free_space_pc": 8.5526149731414147, "railways_area": 0.0, "railways_pc": 0.0, "free_space_number": 3.0, "tree_number": 0.0 }, "geometry": { "type": "MultiPolygon", "coordinates": [ [ [ [ 1264193.896874761208892, 5543312.762431457638741 ], [ 1264193.896874761208892, 5543369.404702704399824 ], [ 1264269.891847759252414, 5543369.404702704399824 ], [ 1264193.896874761208892, 5543312.762431457638741 ] ] ] ] } },
{ "type": "Feature", "properties": { "id": 1167, "left": 1264193.8968747612, "top": 5543069.4047027044, "right": 1264293.8968747612, "bottom": 5542969.4047027044, "row_index": 11, "col_index": 33, "green_area": 221.13878134824336, "green_pc": 81.829800036782956, "buildings_area": 0.0, "buildings_pc": 0.0, "road_area": 49.103573770262301, "road_pc": 18.170198814582111, "free_space_area": 0.0, "free_space_pc": 0.0, "railways_area": 0.0, "railways_pc": 0.0, "free_space_number": 0.0, "tree_number": 0.0 }, "geometry": { "type": "MultiPolygon", "coordinates": [ [ [ [ 1264200.89214541297406, 5542969.404702704399824 ], [ 1264193.896874761208892, 5542969.404702704399824 ], [ 1264193.896874761208892, 5543046.669006456620991 ], [ 1264200.89214541297406, 5542969.404702704399824 ] ] ] ] } },
{ "type": "Feature", "properties": { "id": 1168, "left": 1264193.8968747612, "top": 5542969.4047027044, "right": 1264293.8968747612, "bottom": 5542869.4047027044, "row_index": 12, "col_index": 33, "green_area": 153.10327849257737, "green_pc": 10.069984242622033, "buildings_area": 80.247219821903855, "buildings_pc": 5.2780596671545164, "road_area": 307.28124469704926, "road_pc": 20.210653374758312, "free_space_area": 41.563352047465742, "free_space_pc": 2.7337252625117601, "railways_area": 0.0, "railways_pc": 0.0, "free_space_number": 1.0, "tree_number": 0.0 }, "geometry": { "type": "MultiPolygon", "coordinates": [ [ [ [ 1264200.948087479220703, 5542968.786810272373259 ], [ 1264203.247661964036524, 5542937.673224419355392 ], [ 1264207.821538866264746, 5542928.443270756863058 ], [ 1264217.084414610639215, 5542891.728768059052527 ], [ 1264213.013151647290215, 5542869.404702704399824 ], [ 1264193.896874761208892, 5542869.404702704399824 ], [ 1264193.896874761208892, 5542969.404702704399824 ], [ 1264200.89214541297406, 5542969.404702704399824 ], [ 1264200.948087479220703, 5542968.786810272373259 ] ] ] ] } },
{ "type": "Feature", "properties": { "id": 1169, "left": 1264193.8968747612, "top": 5542869.4047027044, "right": 1264293.8968747612, "bottom": 5542769.4047027044, "row_index": 13, "col_index": 33, "green_area": 413.01737531926483, "green_pc": 19.991614665722771, "buildings_area": 30.370630813762546, "buildings_pc": 1.4700542511421717, "road_area": 1106.9882803633809, "road_pc": 53.582450673870085, "free_space_area": 18.30386140756309, "free_space_pc": 0.88597663445014663, "railways_area": 0.0, "railways_pc": 0.0, "free_space_number": 1.0, "tree_number": 0.0 }, "geometry": { "type": "MultiPolygon", "coordinates": [ [ [ [ 1264211.284905161242932, 5542859.928162413649261 ], [ 1264218.331943006487563, 5542769.404702704399824 ], [ 1264193.896874761208892, 5542769.404702704399824 ], [ 1264193.896874761208892, 5542869.404702704399824 ], [ 1264213.013151647290215, 5542869.404702704399824 ], [ 1264211.284905161242932, 5542859.928162413649261 ] ] ] ] } },
{ "type": "Feature", "properties": { "id": 1170, "left": 1264193.8968747612, "top": 5542769.4047027044, "right": 1264293.8968747612, "bottom": 5542669.4047027044, "row_index": 14, "col_index": 33, "green_area": 456.10762060061097, "green_pc": 16.101259216365001, "buildings_area": 716.25517481938004, "buildings_pc": 25.284844440097963, "road_area": 1660.3822369873524, "road_pc": 58.613896344852115, "free_space_area": 0.0, "free_space_pc": 0.0, "railways_area": 0.0, "railways_pc": 0.0, "free_space_number": 0.0, "tree_number": 0.0 }, "geometry": { "type": "MultiPolygon", "coordinates": [ [ [ [ 1264226.116707163630053, 5542669.404702704399824 ], [ 1264193.896874761208892, 5542669.404702704399824 ], [ 1264193.896874761208892, 5542769.404702704399824 ], [ 1264218.331943006487563, 5542769.404702704399824 ], [ 1264226.116707163630053, 5542669.404702704399824 ] ] ] ] } },
{ "type": "Feature", "properties": { "id": 1171, "left": 1264193.8968747612, "top": 5542669.4047027044, "right": 1264293.8968747612, "bottom": 5542569.4047027044, "row_index": 15, "col_index": 33, "green_area": 834.61386398086324, "green_pc": 23.110096703684722, "buildings_area": 393.07670093514025, "buildings_pc": 10.884123739867251, "road_area": 2036.1792450449429, "road_pc": 56.38092211238817, "free_space_area": 347.59870558092371, "free_space_pc": 9.6248577296997428, "railways_area": 0.0, "railways_pc": 0.0, "free_space_number": 4.0, "tree_number": 0.0 }, "geometry": { "type": "MultiPolygon", "coordinates": [ [ [ [ 1264231.436117687961087, 5542601.073659954592586 ], [ 1264233.917073801159859, 5542569.404702704399824 ], [ 1264193.896874761208892, 5542569.404702704399824 ], [ 1264193.896874761208892, 5542669.404702704399824 ], [ 1264226.116707163630053, 5542669.404702704399824 ], [ 1264231.436117687961087, 5542601.073659954592586 ] ] ] ] } },
{ "type": "Feature", "properties": { "id": 1172, "left": 1264193.8968747612, "top": 5542569.4047027044, "right": 1264293.8968747612, "bottom": 5542469.4047027044, "row_index": 16, "col_index": 33, "green_area": 966.68396092951298, "green_pc": 22.001484723801166, "buildings_area": 1336.9179639592767, "buildings_pc": 30.427917861326922, "road_area": 1640.9587461873889, "road_pc": 37.347809879781678, "free_space_area": 480.32066471874714, "free_space_pc": 10.931977972587982, "railways_area": 0.0, "railways_pc": 0.0, "free_space_number": 3.0, "tree_number": 0.0 }, "geometry": { "type": "MultiPolygon", "coordinates": [ [ [ [ 1264241.751105384901166, 5542469.404702704399824 ], [ 1264193.896874761208892, 5542469.404702704399824 ], [ 1264193.896874761208892, 5542569.404702704399824 ], [ 1264233.917073801159859, 5542569.404702704399824 ], [ 1264241.751105384901166, 5542469.404702704399824 ] ] ] ] } },
{ "type": "Feature", "properties": { "id": 1173, "left": 1264193.8968747612, "top": 5542469.4047027044, "right": 1264293.8968747612, "bottom": 5542369.4047027044, "row_index": 17, "col_index": 33, "green_area": 567.09133511129767, "green_pc": 10.953789494618009, "buildings_area": 1581.4823803137988, "buildings_pc": 30.547504450945116, "road_area": 1620.3360405191779, "road_pc": 31.29799169812129, "free_space_area": 1434.1892217816785, "free_space_pc": 27.702427912715883, "railways_area": 0.0, "railways_pc": 0.0, "free_space_number": 1.0, "tree_number": 0.0 }, "geometry": { "type": "MultiPolygon", "coordinates": [ [ [ [ 1264249.585136968642473, 5542369.404702704399824 ], [ 1264193.896874761208892, 5542369.404702704399824 ], [ 1264193.896874761208892, 5542469.404702704399824 ], [ 1264241.751105384901166, 5542469.404702704399824 ], [ 1264249.585136968642473, 5542369.404702704399824 ] ] ] ] } },
{ "type": "Feature", "properties": { "id": 1174, "left": 1264193.8968747612, "top": 5542369.4047027044, "right": 1264293.8968747612, "bottom": 5542269.4047027044, "row_index": 18, "col_index": 33, "green_area": 743.29489860823378, "green_pc": 12.267570441477035, "buildings_area": 1462.3088183291256, "buildings_pc": 24.134400047188588, "road_area": 2839.9507698044181, "road_pc": 46.871431761655714, "free_space_area": 1017.5278205513023, "free_space_pc": 16.793595971327754, "railways_area": 0.0, "railways_pc": 0.0, "free_space_number": 5.0, "tree_number": 0.0 }, "geometry": { "type": "MultiPolygon", "coordinates": [ [ [ [ 1264252.058097756002098, 5542337.83780434820801 ], [ 1264260.297748286742717, 5542269.404702704399824 ], [ 1264193.896874761208892, 5542269.404702704399824 ], [ 1264193.896874761208892, 5542369.404702704399824 ], [ 1264249.585136968642473, 5542369.404702704399824 ], [ 1264252.058097756002098, 5542337.83780434820801 ] ] ] ] } },
{ "type": "Feature", "properties": { "id": 1175, "left": 1264193.8968747612, "top": 5542269.4047027044, "right": 1264293.8968747612, "bottom": 5542169.4047027044, "row_index": 19, "col_index": 33, "green_area": 60.781863815151155, "green_pc": 0.87282327170524576, "buildings_area": 920.82134729239624, "buildings_pc": 13.22292951469907, "road_area": 669.58395411347738, "road_pc": 9.6151782921302829, "free_space_area": 390.13591307867318, "free_space_pc": 5.6023241587099744, "railways_area": 0.0, "railways_pc": 0.0, "free_space_number": 2.0, "tree_number": 5.0 }, "geometry": { "type": "MultiPolygon", "coordinates": [ [ [ [ 1264262.163764305412769, 5542253.906804657541215 ], [ 1264263.583268851041794, 5542215.814759057015181 ], [ 1264264.608325335895643, 5542199.457111278548837 ], [ 1264265.666292896261439, 5542174.3093904806301 ], [ 1264266.072902586776763, 5542169.404702704399824 ], [ 1264193.896874761208892, 5542169.404702704399824 ], [ 1264193.896874761208892, 5542269.404702704399824 ], [ 1264260.297748286742717, 5542269.404702704399824 ], [ 1264262.163764305412769, 5542253.906804657541215 ] ] ] ] } },
{ "type": "Feature", "properties": { "id": 1176, "left": 1264193.8968747612, "top": 5542169.4047027044, "right": 1264293.8968747612, "bottom": 5542069.4047027044, "row_index": 20, "col_index": 33, "green_area": 1160.314400728792, "green_pc": 15.20305369946162, "buildings_area": 2450.7961212834343, "buildings_pc": 32.111628550763143, "road_area": 1990.3438313007355, "road_pc": 26.078538824176817, "free_space_area": 1635.0485520515504, "free_space_pc": 21.423271935997327, "railways_area": 0.0, "railways_pc": 0.0, "free_space_number": 5.0, "tree_number": 2.0 }, "geometry": { "type": "MultiPolygon", "coordinates": [ [ [ [ 1264274.363128370372579, 5542069.404702704399824 ], [ 1264193.896874761208892, 5542069.404702704399824 ], [ 1264193.896874761208892, 5542169.404702704399824 ], [ 1264266.072902586776763, 5542169.404702704399824 ], [ 1264274.363128370372579, 5542069.404702704399824 ] ] ] ] } },
{ "type": "Feature", "properties": { "id": 1177, "left": 1264193.8968747612, "top": 5542069.4047027044, "right": 1264293.8968747612, "bottom": 5541969.4047027044, "row_index": 21, "col_index": 33, "green_area": 2054.6200083140284, "green_pc": 24.283025948922344, "buildings_area": 2546.0635874190484, "buildings_pc": 30.091271335197447, "road_area": 1341.1846620962024, "road_pc": 15.85111690735615, "free_space_area": 2544.9625498063251, "free_space_pc": 30.078258454561464, "railways_area": 0.0, "railways_pc": 0.0, "free_space_number": 6.0, "tree_number": 0.0 }, "geometry": { "type": "MultiPolygon", "coordinates": [ [ [ [ 1264282.653354153968394, 5541969.404702704399824 ], [ 1264193.896874761208892, 5541969.404702704399824 ], [ 1264193.896874761208892, 5542069.404702704399824 ], [ 1264274.363128370372579, 5542069.404702704399824 ], [ 1264282.653354153968394, 5541969.404702704399824 ] ] ] ] } },
{ "type": "Feature", "properties": { "id": 1178, "left": 1264193.8968747612, "top": 5541969.4047027044, "right": 1264293.8968747612, "bottom": 5541869.4047027044, "row_index": 22, "col_index": 33, "green_area": 2108.6556395944208, "green_pc": 22.7074094904848, "buildings_area": 989.68879020214081, "buildings_pc": 10.657628588224593, "road_area": 1346.5816840678453, "road_pc": 14.500889162915408, "free_space_area": 4842.265884231776, "free_space_pc": 52.144746743097528, "railways_area": 0.0, "railways_pc": 0.0, "free_space_number": 2.0, "tree_number": 0.0 }, "geometry": { "type": "MultiPolygon", "coordinates": [ [ [ [ 1264287.608582458691671, 5541909.632768452167511 ], [ 1264290.746780117740855, 5541869.404702704399824 ], [ 1264193.896874761208892, 5541869.404702704399824 ], [ 1264193.896874761208892, 5541969.404702704399824 ], [ 1264282.653354153968394, 5541969.404702704399824 ], [ 1264287.608582458691671, 5541909.632768452167511 ] ] ] ] } },
{ "type": "Feature", "properties": { "id": 1179, "left": 1264193.8968747612, "top": 5541869.4047027044, "right": 1264293.8968747612, "bottom": 5541769.4047027044, "row_index": 23, "col_index": 33, "green_area": 2498.6628766804934, "green_pc": 25.146564211186167, "buildings_area": 2238.4089743252844, "buildings_pc": 22.527366748469035, "road_area": 1874.9368197978474, "road_pc": 18.869379927555809, "free_space_area": 3324.3961034221575, "free_space_pc": 33.45675035168501, "railways_area": 0.0, "railways_pc": 0.0, "free_space_number": 3.0, "tree_number": 1.0 }, "geometry": { "type": "MultiPolygon", "coordinates": [ [ [ [ 1264293.896874761208892, 5541829.024131371639669 ], [ 1264293.896874761208892, 5541769.404702704399824 ], [ 1264193.896874761208892, 5541769.404702704399824 ], [ 1264193.896874761208892, 5541869.404702704399824 ], [ 1264290.746780117740855, 5541869.404702704399824 ], [ 1264293.896874761208892, 5541829.024131371639669 ] ] ] ] } },
{ "type": "Feature", "properties": { "id": 1180, "left": 1264193.8968747612, "top": 5541769.4047027044, "right": 1264293.8968747612, "bottom": 5541669.4047027044, "row_index": 24, "col_index": 33, "green_area": 2480.0539377925452, "green_pc": 24.800539377888494, "buildings_area": 3375.9076722990721, "buildings_pc": 33.759076722940414, "road_area": 2079.9868340266403, "road_pc": 20.79986834023541, "free_space_area": 2091.5127312450786, "free_space_pc": 20.915127312419621, "railways_area": 0.0, "railways_pc": 0.0, "free_space_number": 19.0, "tree_number": 0.0 }, "geometry": { "type": "MultiPolygon", "coordinates": [ [ [ [ 1264193.896874761208892, 5541769.404702704399824 ], [ 1264293.896874761208892, 5541769.404702704399824 ], [ 1264293.896874761208892, 5541669.404702704399824 ], [ 1264193.896874761208892, 5541669.404702704399824 ], [ 1264193.896874761208892, 5541769.404702704399824 ] ] ] ] } },
{ "type": "Feature", "properties": { "id": 1181, "left": 1264193.8968747612, "top": 5541669.4047027044, "right": 1264293.8968747612, "bottom": 5541569.4047027044, "row_index": 25, "col_index": 33, "green_area": 763.92103505134583, "green_pc": 7.6392103505020748, "buildings_area": 3557.6687305876985, "buildings_pc": 35.576687305823974, "road_area": 1207.8214368540794, "road_pc": 12.078214368522795, "free_space_area": 1019.8824936499773, "free_space_pc": 10.198824936484575, "railways_area": 0.0, "railways_pc": 0.0, "free_space_number": 12.0, "tree_number": 7.0 }, "geometry": { "type": "MultiPolygon", "coordinates": [ [ [ [ 1264193.896874761208892, 5541669.404702704399824 ], [ 1264293.896874761208892, 5541669.404702704399824 ], [ 1264293.896874761208892, 5541569.404702704399824 ], [ 1264193.896874761208892, 5541569.404702704399824 ], [ 1264193.896874761208892, 5541669.404702704399824 ] ] ] ] } },
{ "type": "Feature", "properties": { "id": 1182, "left": 1264193.8968747612, "top": 5541569.4047027044, "right": 1264293.8968747612, "bottom": 5541469.4047027044, "row_index": 26, "col_index": 33, "green_area": 2937.6013118736446, "green_pc": 29.376013118692672, "buildings_area": 2367.4677500599064, "buildings_pc": 23.674677500563785, "road_area": 1303.2483337521553, "road_pc": 13.032483337502134, "free_space_area": 2911.14571642601, "free_space_pc": 29.11145716421672, "railways_area": 0.0, "railways_pc": 0.0, "free_space_number": 15.0, "tree_number": 0.0 }, "geometry": { "type": "MultiPolygon", "coordinates": [ [ [ [ 1264193.896874761208892, 5541569.404702704399824 ], [ 1264293.896874761208892, 5541569.404702704399824 ], [ 1264293.896874761208892, 5541469.404702704399824 ], [ 1264193.896874761208892, 5541469.404702704399824 ], [ 1264193.896874761208892, 5541569.404702704399824 ] ] ] ] } },
{ "type": "Feature", "properties": { "id": 1183, "left": 1264193.8968747612, "top": 5541469.4047027044, "right": 1264293.8968747612, "bottom": 5541369.4047027044, "row_index": 27, "col_index": 33, "green_area": 1353.2239576940847, "green_pc": 13.532239576920682, "buildings_area": 3806.2910220529884, "buildings_pc": 38.062910220473164, "road_area": 1194.6306671053171, "road_pc": 11.946306671035369, "free_space_area": 3667.5093360676983, "free_space_pc": 36.675093360622334, "railways_area": 0.0, "railways_pc": 0.0, "free_space_number": 12.0, "tree_number": 0.0 }, "geometry": { "type": "MultiPolygon", "coordinates": [ [ [ [ 1264193.896874761208892, 5541469.404702704399824 ], [ 1264293.896874761208892, 5541469.404702704399824 ], [ 1264293.896874761208892, 5541369.404702704399824 ], [ 1264193.896874761208892, 5541369.404702704399824 ], [ 1264193.896874761208892, 5541469.404702704399824 ] ] ] ] } },
{ "type": "Feature", "properties": { "id": 1184, "left": 1264193.8968747612, "top": 5541369.4047027044, "right": 1264293.8968747612, "bottom": 5541269.4047027044, "row_index": 28, "col_index": 33, "green_area": 1718.7012946142349, "green_pc": 17.187012946116738, "buildings_area": 2257.277575715445, "buildings_pc": 22.572775757120812, "road_area": 2227.3496343716979, "road_pc": 22.273496343683789, "free_space_area": 3825.2428512086626, "free_space_pc": 38.252428512029624, "railways_area": 0.0, "railways_pc": 0.0, "free_space_number": 9.0, "tree_number": 7.0 }, "geometry": { "type": "MultiPolygon", "coordinates": [ [ [ [ 1264193.896874761208892, 5541369.404702704399824 ], [ 1264293.896874761208892, 5541369.404702704399824 ], [ 1264293.896874761208892, 5541269.404702704399824 ], [ 1264193.896874761208892, 5541269.404702704399824 ], [ 1264193.896874761208892, 5541369.404702704399824 ] ] ] ] } },
{ "type": "Feature", "properties": { "id": 1185, "left": 1264193.8968747612, "top": 5541269.4047027044, "right": 1264293.8968747612, "bottom": 5541169.4047027044, "row_index": 29, "col_index": 33, "green_area": 3731.6716840919107, "green_pc": 37.316716840863499, "buildings_area": 949.58568249177188, "buildings_pc": 9.4958568249035693, "road_area": 697.25500352401286, "road_pc": 6.9725500352297392, "free_space_area": 4638.2257767445044, "free_space_pc": 46.382257767375933, "railways_area": 0.0, "railways_pc": 0.0, "free_space_number": 6.0, "tree_number": 11.0 }, "geometry": { "type": "MultiPolygon", "coordinates": [ [ [ [ 1264193.896874761208892, 5541269.404702704399824 ], [ 1264293.896874761208892, 5541269.404702704399824 ], [ 1264293.896874761208892, 5541169.404702704399824 ], [ 1264193.896874761208892, 5541169.404702704399824 ], [ 1264193.896874761208892, 5541269.404702704399824 ] ] ] ] } },
{ "type": "Feature", "properties": { "id": 1186, "left": 1264193.8968747612, "top": 5541169.4047027044, "right": 1264293.8968747612, "bottom": 5541069.4047027044, "row_index": 30, "col_index": 33, "green_area": 2566.1109773311764, "green_pc": 25.661109773273527, "buildings_area": 1538.0465394607745, "buildings_pc": 15.380465394584826, "road_area": 3349.6270823329687, "road_pc": 33.496270823279772, "free_space_area": 2546.2412175680511, "free_space_pc": 25.462412175642569, "railways_area": 0.0, "railways_pc": 0.0, "free_space_number": 7.0, "tree_number": 3.0 }, "geometry": { "type": "MultiPolygon", "coordinates": [ [ [ [ 1264193.896874761208892, 5541169.404702704399824 ], [ 1264293.896874761208892, 5541169.404702704399824 ], [ 1264293.896874761208892, 5541069.404702704399824 ], [ 1264193.896874761208892, 5541069.404702704399824 ], [ 1264193.896874761208892, 5541169.404702704399824 ] ] ] ] } },
{ "type": "Feature", "properties": { "id": 1187, "left": 1264193.8968747612, "top": 5541069.4047027044, "right": 1264293.8968747612, "bottom": 5540969.4047027044, "row_index": 31, "col_index": 33, "green_area": 2933.2156435698271, "green_pc": 29.332156435654561, "buildings_area": 3113.4376908699051, "buildings_pc": 31.134376908652655, "road_area": 1247.3114875629544, "road_pc": 12.473114875610959, "free_space_area": 2706.1915894574486, "free_space_pc": 27.06191589453416, "railways_area": 0.0, "railways_pc": 0.0, "free_space_number": 10.0, "tree_number": 0.0 }, "geometry": { "type": "MultiPolygon", "coordinates": [ [ [ [ 1264193.896874761208892, 5541069.404702704399824 ], [ 1264293.896874761208892, 5541069.404702704399824 ], [ 1264293.896874761208892, 5540969.404702704399824 ], [ 1264193.896874761208892, 5540969.404702704399824 ], [ 1264193.896874761208892, 5541069.404702704399824 ] ] ] ] } },
{ "type": "Feature", "properties": { "id": 1188, "left": 1264193.8968747612, "top": 5540969.4047027044, "right": 1264293.8968747612, "bottom": 5540869.4047027044, "row_index": 32, "col_index": 33, "green_area": 2047.1162969374564, "green_pc": 20.471162969344061, "buildings_area": 3863.8403195152059, "buildings_pc": 38.638403195094483, "road_area": 748.47200660977978, "road_pc": 7.4847200660866449, "free_space_area": 3342.3195015735801, "free_space_pc": 33.423195015685998, "railways_area": 0.0, "railways_pc": 0.0, "free_space_number": 13.0, "tree_number": 0.0 }, "geometry": { "type": "MultiPolygon", "coordinates": [ [ [ [ 1264193.896874761208892, 5540969.404702704399824 ], [ 1264293.896874761208892, 5540969.404702704399824 ], [ 1264293.896874761208892, 5540869.404702704399824 ], [ 1264193.896874761208892, 5540869.404702704399824 ], [ 1264193.896874761208892, 5540969.404702704399824 ] ] ] ] } },
{ "type": "Feature", "properties": { "id": 1189, "left": 1264193.8968747612, "top": 5540869.4047027044, "right": 1264293.8968747612, "bottom": 5540769.4047027044, "row_index": 33, "col_index": 33, "green_area": 1025.5166253903881, "green_pc": 14.35349061490623, "buildings_area": 1713.0030729239807, "buildings_pc": 23.975792221954496, "road_area": 1944.1175750275142, "road_pc": 27.210551907736271, "free_space_area": 1544.4619738920883, "free_space_pc": 21.616831846973408, "railways_area": 0.0, "railways_pc": 0.0, "free_space_number": 5.0, "tree_number": 13.0 }, "geometry": { "type": "MultiPolygon", "coordinates": [ [ [ [ 1264225.177412278950214, 5540777.72572133038193 ], [ 1264221.173898403998464, 5540772.228390464559197 ], [ 1264219.413412040332332, 5540769.404702704399824 ], [ 1264193.896874761208892, 5540769.404702704399824 ], [ 1264193.896874761208892, 5540869.404702704399824 ], [ 1264293.896874761208892, 5540869.404702704399824 ], [ 1264293.896874761208892, 5540843.461688634008169 ], [ 1264225.177412278950214, 5540777.72572133038193 ] ] ] ] } },
{ "type": "Feature", "properties": { "id": 1190, "left": 1264193.8968747612, "top": 5540769.4047027044, "right": 1264293.8968747612, "bottom": 5540669.4047027044, "row_index": 34, "col_index": 33, "green_area": 0.0, "green_pc": 0.0, "buildings_area": 8.9574767756275833, "buildings_pc": 1.6034045182942738, "road_area": 0.0, "road_pc": 0.0, "free_space_area": 0.0, "free_space_pc": 0.0, "railways_area": 0.0, "railways_pc": 0.0, "free_space_number": 0.0, "tree_number": 0.0 }, "geometry": { "type": "MultiPolygon", "coordinates": [ [ [ [ 1264218.618901100475341, 5540768.130366894416511 ], [ 1264216.945437857182696, 5540764.797681086696684 ], [ 1264212.563052791636437, 5540753.179812824353576 ], [ 1264198.739452571142465, 5540736.678506033495069 ], [ 1264193.896874761208892, 5540732.234501330181956 ], [ 1264193.896874761208892, 5540769.404702704399824 ], [ 1264219.413412040332332, 5540769.404702704399824 ], [ 1264218.618901100475341, 5540768.130366894416511 ] ] ] ] } },
{ "type": "Feature", "properties": { "id": 1197, "left": 1264293.8968747612, "top": 5543569.4047027044, "right": 1264393.8968747612, "bottom": 5543469.4047027044, "row_index": 6, "col_index": 34, "green_area": 766.2428874776233, "green_pc": 13.519311063455161, "buildings_area": 0.0, "buildings_pc": 0.0, "road_area": 0.0, "road_pc": 0.0, "free_space_area": 901.18717227876186, "free_space_pc": 15.900218987400301, "railways_area": 4000.3357301354408, "railways_pc": 70.580469949920939, "free_space_number": 2.0, "tree_number": 0.0 }, "geometry": { "type": "MultiPolygon", "coordinates": [ [ [ [ 1264300.054648168617859, 5543550.560625529848039 ], [ 1264393.896874761208892, 5543498.165558829903603 ], [ 1264393.896874761208892, 5543469.404702704399824 ], [ 1264293.896874761208892, 5543469.404702704399824 ], [ 1264293.896874761208892, 5543554.006146293133497 ], [ 1264300.054648168617859, 5543550.560625529848039 ] ] ] ] } },
{ "type": "Feature", "properties": { "id": 1198, "left": 1264293.8968747612, "top": 5543469.4047027044, "right": 1264393.8968747612, "bottom": 5543369.4047027044, "row_index": 7, "col_index": 34, "green_area": 79.250867899507284, "green_pc": 1.7040887697025853, "buildings_area": 102.49308010749519, "buildings_pc": 2.203853552807538, "road_area": 1053.8901246674359, "road_pc": 22.661232281058727, "free_space_area": 2576.0698459092528, "free_space_pc": 55.391843783337542, "railways_area": 838.92633611522615, "railways_pc": 18.038981601999357, "free_space_number": 2.0, "tree_number": 0.0 }, "geometry": { "type": "MultiPolygon", "coordinates": [ [ [ [ 1264369.125040010781959, 5543441.347210085950792 ], [ 1264354.695183311589062, 5543430.209516507573426 ], [ 1264293.896874761208892, 5543387.169499191455543 ], [ 1264293.896874761208892, 5543469.404702704399824 ], [ 1264393.896874761208892, 5543469.404702704399824 ], [ 1264393.896874761208892, 5543459.190839927643538 ], [ 1264369.125040010781959, 5543441.347210085950792 ] ] ] ] } },
{ "type": "Feature", "properties": { "id": 1214, "left": 1264293.8968747612, "top": 5541869.4047027044, "right": 1264393.8968747612, "bottom": 5541769.4047027044, "row_index": 23, "col_index": 34, "green_area": 138.62721957825124, "green_pc": 99.98888967566036, "buildings_area": 0.0, "buildings_pc": 0.0, "road_area": 0.015403640281874686, "road_pc": 0.01111032085497848, "free_space_area": 0.0, "free_space_pc": 0.0, "railways_area": 0.0, "railways_pc": 0.0, "free_space_number": 0.0, "tree_number": 0.0 }, "geometry": { "type": "MultiPolygon", "coordinates": [ [ [ [ 1264298.547795654507354, 5541769.404702704399824 ], [ 1264293.896874761208892, 5541769.404702704399824 ], [ 1264293.896874761208892, 5541829.024131371639669 ], [ 1264298.547795654507354, 5541769.404702704399824 ] ] ] ] } },
{ "type": "Feature", "properties": { "id": 1215, "left": 1264293.8968747612, "top": 5541769.4047027044, "right": 1264393.8968747612, "bottom": 5541669.4047027044, "row_index": 24, "col_index": 34, "green_area": 466.95686348900199, "green_pc": 54.603661257009577, "buildings_area": 0.0, "buildings_pc": 0.0, "road_area": 388.21808365359902, "road_pc": 45.396331848039743, "free_space_area": 0.0, "free_space_pc": 0.0, "railways_area": 0.0, "railways_pc": 0.0, "free_space_number": 0.0, "tree_number": 0.0 }, "geometry": { "type": "MultiPolygon", "coordinates": [ [ [ [ 1264305.845829646335915, 5541675.852344583719969 ], [ 1264306.358780708163977, 5541669.404702704399824 ], [ 1264293.896874761208892, 5541669.404702704399824 ], [ 1264293.896874761208892, 5541769.404702704399824 ], [ 1264298.547795654507354, 5541769.404702704399824 ], [ 1264305.845829646335915, 5541675.852344583719969 ] ] ] ] } },
{ "type": "Feature", "properties": { "id": 1216, "left": 1264293.8968747612, "top": 5541669.4047027044, "right": 1264393.8968747612, "bottom": 5541569.4047027044, "row_index": 25, "col_index": 34, "green_area": 227.33697704877704, "green_pc": 12.475993321865881, "buildings_area": 6.9663771037012339, "buildings_pc": 0.38230680882471735, "road_area": 95.521883578971028, "road_pc": 5.2421317336668771, "free_space_area": 0.0, "free_space_pc": 0.0, "railways_area": 0.0, "railways_pc": 0.0, "free_space_number": 0.0, "tree_number": 0.0 }, "geometry": { "type": "MultiPolygon", "coordinates": [ [ [ [ 1264307.34725691890344, 5541656.979851514101028 ], [ 1264313.21795175364241, 5541615.9447315428406 ], [ 1264316.811101121129468, 5541572.827753844670951 ], [ 1264316.729874912416562, 5541569.404702704399824 ], [ 1264293.896874761208892, 5541569.404702704399824 ], [ 1264293.896874761208892, 5541669.404702704399824 ], [ 1264306.358780708163977, 5541669.404702704399824 ], [ 1264307.34725691890344, 5541656.979851514101028 ] ] ] ] } },
{ "type": "Feature", "properties": { "id": 1217, "left": 1264293.8968747612, "top": 5541569.4047027044, "right": 1264393.8968747612, "bottom": 5541469.4047027044, "row_index": 26, "col_index": 34, "green_area": 676.60004441719502, "green_pc": 28.090043923949199, "buildings_area": 13.483503569848835, "buildings_pc": 0.55978744111970391, "road_area": 555.96015529893339, "road_pc": 23.081501857961999, "free_space_area": 225.08076230157167, "free_space_pc": 9.3445582093231643, "railways_area": 0.0, "railways_pc": 0.0, "free_space_number": 2.0, "tree_number": 0.0 }, "geometry": { "type": "MultiPolygon", "coordinates": [ [ [ [ 1264316.116738456999883, 5541543.565783499740064 ], [ 1264320.938000331865624, 5541469.404702704399824 ], [ 1264293.896874761208892, 5541469.404702704399824 ], [ 1264293.896874761208892, 5541569.404702704399824 ], [ 1264316.729874912416562, 5541569.404702704399824 ], [ 1264316.116738456999883, 5541543.565783499740064 ] ] ] ] } },
{ "type": "Feature", "properties": { "id": 1218, "left": 1264293.8968747612, "top": 5541469.4047027044, "right": 1264393.8968747612, "bottom": 5541369.4047027044, "row_index": 27, "col_index": 34, "green_area": 1097.982673718594, "green_pc": 35.017469333629585, "buildings_area": 175.18343846173957, "buildings_pc": 5.5870468914757936, "road_area": 1244.4410635530949, "road_pc": 39.68840112284726, "free_space_area": 618.15900452528149, "free_space_pc": 19.714668093040295, "railways_area": 0.0, "railways_pc": 0.0, "free_space_number": 2.0, "tree_number": 0.0 }, "geometry": { "type": "MultiPolygon", "coordinates": [ [ [ [ 1264322.191325977444649, 5541450.125935676507652 ], [ 1264330.07436962868087, 5541369.404702704399824 ], [ 1264293.896874761208892, 5541369.404702704399824 ], [ 1264293.896874761208892, 5541469.404702704399824 ], [ 1264320.938000331865624, 5541469.404702704399824 ], [ 1264322.191325977444649, 5541450.125935676507652 ] ] ] ] } },
{ "type": "Feature", "properties": { "id": 1219, "left": 1264293.8968747612, "top": 5541369.4047027044, "right": 1264393.8968747612, "bottom": 5541269.4047027044, "row_index": 28, "col_index": 34, "green_area": 1517.3327780719846, "green_pc": 37.348612948446537, "buildings_area": 590.2892360361293, "buildings_pc": 14.529762042286595, "road_area": 1930.1404097592458, "road_pc": 47.509727689303304, "free_space_area": 36.127390722816926, "free_space_pc": 0.8892630228803865, "railways_area": 0.0, "railways_pc": 0.0, "free_space_number": 4.0, "tree_number": 0.0 }, "geometry": { "type": "MultiPolygon", "coordinates": [ [ [ [ 1264331.366131406743079, 5541356.177247923798859 ], [ 1264338.839444326236844, 5541269.404702704399824 ], [ 1264293.896874761208892, 5541269.404702704399824 ], [ 1264293.896874761208892, 5541369.404702704399824 ], [ 1264330.07436962868087, 5541369.404702704399824 ], [ 1264331.366131406743079, 5541356.177247923798859 ] ] ] ] } },
{ "type": "Feature", "properties": { "id": 1220, "left": 1264293.8968747612, "top": 5541269.4047027044, "right": 1264393.8968747612, "bottom": 5541169.4047027044, "row_index": 29, "col_index": 34, "green_area": 2650.3198472708464, "green_pc": 53.815870350249689, "buildings_area": 113.44897896703333, "buildings_pc": 2.3036297108611361, "road_area": 2181.8921698424965, "road_pc": 44.30424737277724, "free_space_area": 61.066657687930274, "free_space_pc": 1.2399844253669392, "railways_area": 0.0, "railways_pc": 0.0, "free_space_number": 2.0, "tree_number": 0.0 }, "geometry": { "type": "MultiPolygon", "coordinates": [ [ [ [ 1264346.763186115538701, 5541177.402233367785811 ], [ 1264347.429162948159501, 5541169.404702704399824 ], [ 1264293.896874761208892, 5541169.404702704399824 ], [ 1264293.896874761208892, 5541269.404702704399824 ], [ 1264338.839444326236844, 5541269.404702704399824 ], [ 1264346.763186115538701, 5541177.402233367785811 ] ] ] ] } },
{ "type": "Feature", "properties": { "id": 1221, "left": 1264293.8968747612, "top": 5541169.4047027044, "right": 1264393.8968747612, "bottom": 5541069.4047027044, "row_index": 30, "col_index": 34, "green_area": 1423.9623343977146, "green_pc": 24.680464803970434, "buildings_area": 833.15807404182851, "buildings_pc": 14.440500303844374, "road_area": 2898.1272229850292, "road_pc": 50.231052603342924, "free_space_area": 614.9784302781336, "free_space_pc": 10.658957148680619, "railways_area": 0.0, "railways_pc": 0.0, "free_space_number": 5.0, "tree_number": 0.0 }, "geometry": { "type": "MultiPolygon", "coordinates": [ [ [ [ 1264355.756443713791668, 5541069.404702704399824 ], [ 1264293.896874761208892, 5541069.404702704399824 ], [ 1264293.896874761208892, 5541169.404702704399824 ], [ 1264347.429162948159501, 5541169.404702704399824 ], [ 1264355.756443713791668, 5541069.404702704399824 ] ] ] ] } },
{ "type": "Feature", "properties": { "id": 1222, "left": 1264293.8968747612, "top": 5541069.4047027044, "right": 1264393.8968747612, "bottom": 5540969.4047027044, "row_index": 31, "col_index": 34, "green_area": 2563.8008483565209, "green_pc": 38.787617799819579, "buildings_area": 638.22348618414253, "buildings_pc": 9.6556519469317657, "road_area": 1717.5741244409437, "road_pc": 25.985095029663103, "free_space_area": 1691.6013281969354, "free_space_pc": 25.592153863990671, "railways_area": 0.0, "railways_pc": 0.0, "free_space_number": 7.0, "tree_number": 0.0 }, "geometry": { "type": "MultiPolygon", "coordinates": [ [ [ [ 1264362.739621385699138, 5540985.545663139782846 ], [ 1264364.343044872162864, 5540973.879297646693885 ], [ 1264365.166551008354872, 5540969.404702704399824 ], [ 1264293.896874761208892, 5540969.404702704399824 ], [ 1264293.896874761208892, 5541069.404702704399824 ], [ 1264355.756443713791668, 5541069.404702704399824 ], [ 1264362.739621385699138, 5540985.545663139782846 ] ] ] ] } },
{ "type": "Feature", "properties": { "id": 1223, "left": 1264293.8968747612, "top": 5540969.4047027044, "right": 1264393.8968747612, "bottom": 5540869.4047027044, "row_index": 32, "col_index": 34, "green_area": 1087.2844308735803, "green_pc": 17.292387978993336, "buildings_area": 1514.6812051925808, "buildings_pc": 24.089791337888425, "road_area": 2178.6643272265792, "road_pc": 34.649911056047237, "free_space_area": 1232.2929336605594, "free_space_pc": 19.598632066780638, "railways_area": 0.0, "railways_pc": 0.0, "free_space_number": 4.0, "tree_number": 7.0 }, "geometry": { "type": "MultiPolygon", "coordinates": [ [ [ [ 1264366.610777047695592, 5540961.557370124384761 ], [ 1264368.320440369425341, 5540938.932498142123222 ], [ 1264368.640254102880135, 5540930.921925622969866 ], [ 1264367.334706463618204, 5540923.785802728496492 ], [ 1264364.913877577520907, 5540916.129920982755721 ], [ 1264360.698683165246621, 5540908.923533691093326 ], [ 1264355.169436514377594, 5540902.074066706933081 ], [ 1264321.017339481506497, 5540869.404702704399824 ], [ 1264293.896874761208892, 5540869.404702704399824 ], [ 1264293.896874761208892, 5540969.404702704399824 ], [ 1264365.166551008354872, 5540969.404702704399824 ], [ 1264366.610777047695592, 5540961.557370124384761 ] ] ] ] } },
{ "type": "Feature", "properties": { "id": 1224, "left": 1264293.8968747612, "top": 5540869.4047027044, "right": 1264393.8968747612, "bottom": 5540769.4047027044, "row_index": 33, "col_index": 34, "green_area": 0.0, "green_pc": 0.0, "buildings_area": 0.0, "buildings_pc": 0.0, "road_area": 351.79329891875386, "road_pc": 100.00000000105894, "free_space_area": 0.0, "free_space_pc": 0.0, "railways_area": 0.0, "railways_pc": 0.0, "free_space_number": 0.0, "tree_number": 1.0 }, "geometry": { "type": "MultiPolygon", "coordinates": [ [ [ [ 1264293.896874761208892, 5540843.461688634008169 ], [ 1264293.896874761208892, 5540869.404702704399824 ], [ 1264321.017339481506497, 5540869.404702704399824 ], [ 1264293.896874761208892, 5540843.461688634008169 ] ] ] ] } },
{ "type": "Feature", "properties": { "id": 1232, "left": 1264393.8968747612, "top": 5543569.4047027044, "right": 1264493.8968747612, "bottom": 5543469.4047027044, "row_index": 6, "col_index": 35, "green_area": 0.0, "green_pc": 0.0, "buildings_area": 0.0, "buildings_pc": 0.0, "road_area": 0.0, "road_pc": 0.0, "free_space_area": 0.0, "free_space_pc": 0.0, "railways_area": 521.58232597261667, "railways_pc": 100.00000000142846, "free_space_number": 0.0, "tree_number": 0.0 }, "geometry": { "type": "MultiPolygon", "coordinates": [ [ [ [ 1264424.378004840109497, 5543481.146985192783177 ], [ 1264408.076507668243721, 5543469.404702704399824 ], [ 1264393.896874761208892, 5543469.404702704399824 ], [ 1264393.896874761208892, 5543498.165558829903603 ], [ 1264424.378004840109497, 5543481.146985192783177 ] ] ] ] } },
{ "type": "Feature", "properties": { "id": 1233, "left": 1264393.8968747612, "top": 5543469.4047027044, "right": 1264493.8968747612, "bottom": 5543369.4047027044, "row_index": 7, "col_index": 35, "green_area": 0.0, "green_pc": 0.0, "buildings_area": 0.0, "buildings_pc": 0.0, "road_area": 0.0, "road_pc": 0.0, "free_space_area": 37.037584943696856, "free_space_pc": 51.146703716279738, "railways_area": 35.376827418920584, "railways_pc": 48.853296271020007, "free_space_number": 1.0, "tree_number": 0.0 }, "geometry": { "type": "MultiPolygon", "coordinates": [ [ [ [ 1264393.896874761208892, 5543459.190839927643538 ], [ 1264393.896874761208892, 5543469.404702704399824 ], [ 1264408.076507668243721, 5543469.404702704399824 ], [ 1264393.896874761208892, 5543459.190839927643538 ] ] ] ] } }
]
}
