{
"type": "FeatureCollection",
"name": "grid_with_areas",
"crs": { "type": "name", "properties": { "name": "urn:ogc:def:crs:EPSG::3857" } },
"features": [
{ "type": "Feature", "properties": { "id": 11, "left": 1260893.8968747612, "top": 5543169.4047027044, "right": 1260993.8968747612, "bottom": 5543069.4047027044, "row_index": 10, "col_index": 0, "Union_area": 985.12867786455899, "Union_pc": 9.8512867786309108, "rifter_edif_pl_area": 3332.7601196919568, "rifter_edif_pl_pc": 33.327601196869907, "aree-stradali-modified_area": 3338.7066731601954, "aree-stradali-modified_pc": 33.387066731552203, "Single parts_area": 2696.6697484117999, "Single parts_pc": 26.966697484077812, "Dissolved_area": 0.0, "Dissolved_pc": 0.0, "free_space_number": 4.0 }, "geometry": { "type": "Polygon", "coordinates": [ [ [ 1260893.896874761208892, 5543169.404702704399824 ], [ 1260993.896874761208892, 5543169.404702704399824 ], [ 1260993.896874761208892, 5543069.404702704399824 ], [ 1260893.896874761208892, 5543069.404702704399824 ], [ 1260893.896874761208892, 5543169.404702704399824 ] ] ] } },
{ "type": "Feature", "properties": { "id": 12, "left": 1260893.8968747612, "top": 5543069.4047027044, "right": 1260993.8968747612, "bottom": 5542969.4047027044, "row_index": 11, "col_index": 0, "Union_area": 1044.492353101261, "Union_pc": 10.444923530997045, "rifter_edif_pl_area": 181.05960344150662, "rifter_edif_pl_pc": 1.8105960344123682, "aree-stradali-modified_area": 39.387004125397652, "aree-stradali-modified_pc": 0.39387004125338959, "Single parts_area": 0.0013858530937795877, "Single parts_pc": 1.3858530937775226e-05, "Dissolved_area": 0.0, "Dissolved_pc": 0.0, "free_space_number": 2.0 }, "geometry": { "type": "Polygon", "coordinates": [ [ [ 1260893.896874761208892, 5543069.404702704399824 ], [ 1260993.896874761208892, 5543069.404702704399824 ], [ 1260993.896874761208892, 5542969.404702704399824 ], [ 1260893.896874761208892, 5542969.404702704399824 ], [ 1260893.896874761208892, 5543069.404702704399824 ] ] ] } },
{ "type": "Feature", "properties": { "id": 45, "left": 1260993.8968747612, "top": 5543269.4047027044, "right": 1261093.8968747612, "bottom": 5543169.4047027044, "row_index": 9, "col_index": 1, "Union_area": 4082.4743540990166, "Union_pc": 40.824743540929333, "rifter_edif_pl_area": 3109.3046902213246, "rifter_edif_pl_pc": 31.093046902166915, "aree-stradali-modified_area": 909.97702885046601, "aree-stradali-modified_pc": 9.0997702884911007, "Single parts_area": 2210.2996015337994, "Single parts_pc": 22.10299601530506, "Dissolved_area": 0.0, "Dissolved_pc": 0.0, "free_space_number": 10.0 }, "geometry": { "type": "Polygon", "coordinates": [ [ [ 1260993.896874761208892, 5543269.404702704399824 ], [ 1261093.896874761208892, 5543269.404702704399824 ], [ 1261093.896874761208892, 5543169.404702704399824 ], [ 1260993.896874761208892, 5543169.404702704399824 ], [ 1260993.896874761208892, 5543269.404702704399824 ] ] ] } },
{ "type": "Feature", "properties": { "id": 46, "left": 1260993.8968747612, "top": 5543169.4047027044, "right": 1261093.8968747612, "bottom": 5543069.4047027044, "row_index": 10, "col_index": 1, "Union_area": 1510.0905133625492, "Union_pc": 15.100905133602991, "rifter_edif_pl_area": 2702.7089818515815, "rifter_edif_pl_pc": 27.027089818475542, "aree-stradali-modified_area": 4997.211354073137, "aree-stradali-modified_pc": 49.972113540656906, "Single parts_area": 1796.524117772904, "Single parts_pc": 17.965241177702271, "Dissolved_area": 0.0, "Dissolved_pc": 0.0, "free_space_number": 11.0 }, "geometry": { "type": "Polygon", "coordinates": [ [ [ 1260993.896874761208892, 5543169.404702704399824 ], [ 1261093.896874761208892, 5543169.404702704399824 ], [ 1261093.896874761208892, 5543069.404702704399824 ], [ 1260993.896874761208892, 5543069.404702704399824 ], [ 1260993.896874761208892, 5543169.404702704399824 ] ] ] } },
{ "type": "Feature", "properties": { "id": 47, "left": 1260993.8968747612, "top": 5543069.4047027044, "right": 1261093.8968747612, "bottom": 5542969.4047027044, "row_index": 11, "col_index": 1, "Union_area": 1528.0438990741968, "Union_pc": 15.280438990719199, "rifter_edif_pl_area": 4316.7276705119293, "rifter_edif_pl_pc": 43.167276705054967, "aree-stradali-modified_area": 1777.2233439125121, "aree-stradali-modified_pc": 17.772233439098638, "Single parts_area": 1153.1019359213251, "Single parts_pc": 11.531019359196067, "Dissolved_area": 0.0, "Dissolved_pc": 0.0, "free_space_number": 19.0 }, "geometry": { "type": "Polygon", "coordinates": [ [ [ 1260993.896874761208892, 5543069.404702704399824 ], [ 1261093.896874761208892, 5543069.404702704399824 ], [ 1261093.896874761208892, 5542969.404702704399824 ], [ 1260993.896874761208892, 5542969.404702704399824 ], [ 1260993.896874761208892, 5543069.404702704399824 ] ] ] } },
{ "type": "Feature", "properties": { "id": 48, "left": 1260993.8968747612, "top": 5542969.4047027044, "right": 1261093.8968747612, "bottom": 5542869.4047027044, "row_index": 12, "col_index": 1, "Union_area": 679.20115025341511, "Union_pc": 6.79201150252403, "rifter_edif_pl_area": 5634.5044934982434, "rifter_edif_pl_pc": 56.345044934898475, "aree-stradali-modified_area": 1140.3302842229605, "aree-stradali-modified_pc": 11.403302842212613, "Single parts_area": 2546.7010883398571, "Single parts_pc": 25.467010883360622, "Dissolved_area": 0.0, "Dissolved_pc": 0.0, "free_space_number": 7.0 }, "geometry": { "type": "Polygon", "coordinates": [ [ [ 1260993.896874761208892, 5542969.404702704399824 ], [ 1261093.896874761208892, 5542969.404702704399824 ], [ 1261093.896874761208892, 5542869.404702704399824 ], [ 1260993.896874761208892, 5542869.404702704399824 ], [ 1260993.896874761208892, 5542969.404702704399824 ] ] ] } },
{ "type": "Feature", "properties": { "id": 80, "left": 1261093.8968747612, "top": 5543269.4047027044, "right": 1261193.8968747612, "bottom": 5543169.4047027044, "row_index": 9, "col_index": 2, "Union_area": 2956.1352213956416, "Union_pc": 29.561352213912365, "rifter_edif_pl_area": 1838.2022666544653, "rifter_edif_pl_pc": 18.382022666517262, "aree-stradali-modified_area": 4972.5063979774714, "aree-stradali-modified_pc": 49.725063979700614, "Single parts_area": 1311.5218429836084, "Single parts_pc": 13.11521842981654, "Dissolved_area": 0.0, "Dissolved_pc": 0.0, "free_space_number": 7.0 }, "geometry": { "type": "Polygon", "coordinates": [ [ [ 1261093.896874761208892, 5543269.404702704399824 ], [ 1261193.896874761208892, 5543269.404702704399824 ], [ 1261193.896874761208892, 5543169.404702704399824 ], [ 1261093.896874761208892, 5543169.404702704399824 ], [ 1261093.896874761208892, 5543269.404702704399824 ] ] ] } },
{ "type": "Feature", "properties": { "id": 81, "left": 1261093.8968747612, "top": 5543169.4047027044, "right": 1261193.8968747612, "bottom": 5543069.4047027044, "row_index": 10, "col_index": 2, "Union_area": 3033.7303987389605, "Union_pc": 30.337303987344399, "rifter_edif_pl_area": 3418.2022703341208, "rifter_edif_pl_pc": 34.182022703290272, "aree-stradali-modified_area": 219.00111398100853, "aree-stradali-modified_pc": 2.1900111398068218, "Single parts_area": 2045.6590692210011, "Single parts_pc": 20.456590692179528, "Dissolved_area": 0.0, "Dissolved_pc": 0.0, "free_space_number": 8.0 }, "geometry": { "type": "Polygon", "coordinates": [ [ [ 1261093.896874761208892, 5543169.404702704399824 ], [ 1261193.896874761208892, 5543169.404702704399824 ], [ 1261193.896874761208892, 5543069.404702704399824 ], [ 1261093.896874761208892, 5543069.404702704399824 ], [ 1261093.896874761208892, 5543169.404702704399824 ] ] ] } },
{ "type": "Feature", "properties": { "id": 82, "left": 1261093.8968747612, "top": 5543069.4047027044, "right": 1261193.8968747612, "bottom": 5542969.4047027044, "row_index": 11, "col_index": 2, "Union_area": 502.29984479956329, "Union_pc": 5.0229984479881482, "rifter_edif_pl_area": 4740.7431982243434, "rifter_edif_pl_pc": 47.407431982172788, "aree-stradali-modified_area": 212.17669839784503, "aree-stradali-modified_pc": 2.1217669839752884, "Single parts_area": 3460.6407837874722, "Single parts_pc": 34.606407837823156, "Dissolved_area": 0.0, "Dissolved_pc": 0.0, "free_space_number": 6.0 }, "geometry": { "type": "Polygon", "coordinates": [ [ [ 1261093.896874761208892, 5543069.404702704399824 ], [ 1261193.896874761208892, 5543069.404702704399824 ], [ 1261193.896874761208892, 5542969.404702704399824 ], [ 1261093.896874761208892, 5542969.404702704399824 ], [ 1261093.896874761208892, 5543069.404702704399824 ] ] ] } },
{ "type": "Feature", "properties": { "id": 83, "left": 1261093.8968747612, "top": 5542969.4047027044, "right": 1261193.8968747612, "bottom": 5542869.4047027044, "row_index": 12, "col_index": 2, "Union_area": 0.0, "Union_pc": 0.0, "rifter_edif_pl_area": 6407.7861038148403, "rifter_edif_pl_pc": 64.077861038052916, "aree-stradali-modified_area": 2258.2093622423708, "aree-stradali-modified_pc": 22.582093622390058, "Single parts_area": 1334.0829519740983, "Single parts_pc": 13.340829519721101, "Dissolved_area": 0.0, "Dissolved_pc": 0.0, "free_space_number": 9.0 }, "geometry": { "type": "Polygon", "coordinates": [ [ [ 1261093.896874761208892, 5542969.404702704399824 ], [ 1261193.896874761208892, 5542969.404702704399824 ], [ 1261193.896874761208892, 5542869.404702704399824 ], [ 1261093.896874761208892, 5542869.404702704399824 ], [ 1261093.896874761208892, 5542969.404702704399824 ] ] ] } },
{ "type": "Feature", "properties": { "id": 114, "left": 1261193.8968747612, "top": 5543369.4047027044, "right": 1261293.8968747612, "bottom": 5543269.4047027044, "row_index": 8, "col_index": 3, "Union_area": 979.38127739680931, "Union_pc": 9.7938127739534995, "rifter_edif_pl_area": 1145.9191328063607, "rifter_edif_pl_pc": 11.459191328046531, "aree-stradali-modified_area": 3890.0611693263054, "aree-stradali-modified_pc": 38.900611693205086, "Single parts_area": 1979.8007992208004, "Single parts_pc": 19.798007992178501, "Dissolved_area": 0.0, "Dissolved_pc": 0.0, "free_space_number": 1.0 }, "geometry": { "type": "Polygon", "coordinates": [ [ [ 1261193.896874761208892, 5543369.404702704399824 ], [ 1261293.896874761208892, 5543369.404702704399824 ], [ 1261293.896874761208892, 5543269.404702704399824 ], [ 1261193.896874761208892, 5543269.404702704399824 ], [ 1261193.896874761208892, 5543369.404702704399824 ] ] ] } },
{ "type": "Feature", "properties": { "id": 115, "left": 1261193.8968747612, "top": 5543269.4047027044, "right": 1261293.8968747612, "bottom": 5543169.4047027044, "row_index": 9, "col_index": 3, "Union_area": 1103.2102218307555, "Union_pc": 11.032102218291115, "rifter_edif_pl_area": 4326.9882805068046, "rifter_edif_pl_pc": 43.269882805003569, "aree-stradali-modified_area": 1282.9486580397934, "aree-stradali-modified_pc": 12.829486580378816, "Single parts_area": 403.36179823425528, "Single parts_pc": 4.0336179823365423, "Dissolved_area": 0.0, "Dissolved_pc": 0.0, "free_space_number": 5.0 }, "geometry": { "type": "Polygon", "coordinates": [ [ [ 1261193.896874761208892, 5543269.404702704399824 ], [ 1261293.896874761208892, 5543269.404702704399824 ], [ 1261293.896874761208892, 5543169.404702704399824 ], [ 1261193.896874761208892, 5543169.404702704399824 ], [ 1261193.896874761208892, 5543269.404702704399824 ] ] ] } },
{ "type": "Feature", "properties": { "id": 116, "left": 1261193.8968747612, "top": 5543169.4047027044, "right": 1261293.8968747612, "bottom": 5543069.4047027044, "row_index": 10, "col_index": 3, "Union_area": 1586.8273960277438, "Union_pc": 15.868273960253793, "rifter_edif_pl_area": 3553.3736622706056, "rifter_edif_pl_pc": 35.533736622653109, "aree-stradali-modified_area": 1608.280476629734, "aree-stradali-modified_pc": 16.082804766273377, "Single parts_area": 1303.0183836474323, "Single parts_pc": 13.030183836454906, "Dissolved_area": 0.0, "Dissolved_pc": 0.0, "free_space_number": 3.0 }, "geometry": { "type": "Polygon", "coordinates": [ [ [ 1261193.896874761208892, 5543169.404702704399824 ], [ 1261293.896874761208892, 5543169.404702704399824 ], [ 1261293.896874761208892, 5543069.404702704399824 ], [ 1261193.896874761208892, 5543069.404702704399824 ], [ 1261193.896874761208892, 5543169.404702704399824 ] ] ] } },
{ "type": "Feature", "properties": { "id": 117, "left": 1261193.8968747612, "top": 5543069.4047027044, "right": 1261293.8968747612, "bottom": 5542969.4047027044, "row_index": 11, "col_index": 3, "Union_area": 1061.022911336273, "Union_pc": 10.61022911334692, "rifter_edif_pl_area": 2817.8492188719101, "rifter_edif_pl_pc": 28.178492188677112, "aree-stradali-modified_area": 0.0, "aree-stradali-modified_pc": 0.0, "Single parts_area": 3928.483121549245, "Single parts_pc": 39.284831215433911, "Dissolved_area": 0.0, "Dissolved_pc": 0.0, "free_space_number": 2.0 }, "geometry": { "type": "Polygon", "coordinates": [ [ [ 1261193.896874761208892, 5543069.404702704399824 ], [ 1261293.896874761208892, 5543069.404702704399824 ], [ 1261293.896874761208892, 5542969.404702704399824 ], [ 1261193.896874761208892, 5542969.404702704399824 ], [ 1261193.896874761208892, 5543069.404702704399824 ] ] ] } },
{ "type": "Feature", "properties": { "id": 118, "left": 1261193.8968747612, "top": 5542969.4047027044, "right": 1261293.8968747612, "bottom": 5542869.4047027044, "row_index": 12, "col_index": 3, "Union_area": 0.0, "Union_pc": 0.0, "rifter_edif_pl_area": 6410.1764985202462, "rifter_edif_pl_pc": 64.101764985106939, "aree-stradali-modified_area": 1456.0348073989153, "aree-stradali-modified_pc": 14.560348073967456, "Single parts_area": 2145.2247204553091, "Single parts_pc": 21.452247204521125, "Dissolved_area": 0.0, "Dissolved_pc": 0.0, "free_space_number": 12.0 }, "geometry": { "type": "Polygon", "coordinates": [ [ [ 1261193.896874761208892, 5542969.404702704399824 ], [ 1261293.896874761208892, 5542969.404702704399824 ], [ 1261293.896874761208892, 5542869.404702704399824 ], [ 1261193.896874761208892, 5542869.404702704399824 ], [ 1261193.896874761208892, 5542969.404702704399824 ] ] ] } },
{ "type": "Feature", "properties": { "id": 119, "left": 1261193.8968747612, "top": 5542869.4047027044, "right": 1261293.8968747612, "bottom": 5542769.4047027044, "row_index": 13, "col_index": 3, "Union_area": 0.0, "Union_pc": 0.0, "rifter_edif_pl_area": 5303.7096987003461, "rifter_edif_pl_pc": 53.037096986924432, "aree-stradali-modified_area": 3167.4469243120402, "aree-stradali-modified_pc": 31.674469243073204, "Single parts_area": 1529.8313572604966, "Single parts_pc": 15.29831357258217, "Dissolved_area": 0.0, "Dissolved_pc": 0.0, "free_space_number": 14.0 }, "geometry": { "type": "Polygon", "coordinates": [ [ [ 1261193.896874761208892, 5542869.404702704399824 ], [ 1261293.896874761208892, 5542869.404702704399824 ], [ 1261293.896874761208892, 5542769.404702704399824 ], [ 1261193.896874761208892, 5542769.404702704399824 ], [ 1261193.896874761208892, 5542869.404702704399824 ] ] ] } },
{ "type": "Feature", "properties": { "id": 148, "left": 1261293.8968747612, "top": 5543469.4047027044, "right": 1261393.8968747612, "bottom": 5543369.4047027044, "row_index": 7, "col_index": 4, "Union_area": 427.41343536973, "Union_pc": 4.2741343536909309, "rifter_edif_pl_area": 5944.8654226846993, "rifter_edif_pl_pc": 59.448654226758407, "aree-stradali-modified_area": 2283.3627054169774, "aree-stradali-modified_pc": 22.83362705413575, "Single parts_area": 1771.850533930274, "Single parts_pc": 17.718505339276337, "Dissolved_area": 0.0, "Dissolved_pc": 0.0, "free_space_number": 7.0 }, "geometry": { "type": "Polygon", "coordinates": [ [ [ 1261293.896874761208892, 5543469.404702704399824 ], [ 1261393.896874761208892, 5543469.404702704399824 ], [ 1261393.896874761208892, 5543369.404702704399824 ], [ 1261293.896874761208892, 5543369.404702704399824 ], [ 1261293.896874761208892, 5543469.404702704399824 ] ] ] } },
{ "type": "Feature", "properties": { "id": 149, "left": 1261293.8968747612, "top": 5543369.4047027044, "right": 1261393.8968747612, "bottom": 5543269.4047027044, "row_index": 8, "col_index": 4, "Union_area": 6056.6676141964272, "Union_pc": 60.566676141874019, "rifter_edif_pl_area": 305.95283958350774, "rifter_edif_pl_pc": 3.0595283958305184, "aree-stradali-modified_area": 4162.40223133564, "aree-stradali-modified_pc": 41.624022313294375, "Single parts_area": 406.27415987051, "Single parts_pc": 4.0627415986990458, "Dissolved_area": 0.0, "Dissolved_pc": 0.0, "free_space_number": 11.0 }, "geometry": { "type": "Polygon", "coordinates": [ [ [ 1261293.896874761208892, 5543369.404702704399824 ], [ 1261393.896874761208892, 5543369.404702704399824 ], [ 1261393.896874761208892, 5543269.404702704399824 ], [ 1261293.896874761208892, 5543269.404702704399824 ], [ 1261293.896874761208892, 5543369.404702704399824 ] ] ] } },
{ "type": "Feature", "properties": { "id": 150, "left": 1261293.8968747612, "top": 5543269.4047027044, "right": 1261393.8968747612, "bottom": 5543169.4047027044, "row_index": 9, "col_index": 4, "Union_area": 1994.7891786767868, "Union_pc": 19.947891786738143, "rifter_edif_pl_area": 2792.6135891133454, "rifter_edif_pl_pc": 27.926135891091839, "aree-stradali-modified_area": 4473.9945506118238, "aree-stradali-modified_pc": 44.739945506051569, "Single parts_area": 899.62985051457508, "Single parts_pc": 8.9962985051323461, "Dissolved_area": 0.0, "Dissolved_pc": 0.0, "free_space_number": 6.0 }, "geometry": { "type": "Polygon", "coordinates": [ [ [ 1261293.896874761208892, 5543269.404702704399824 ], [ 1261393.896874761208892, 5543269.404702704399824 ], [ 1261393.896874761208892, 5543169.404702704399824 ], [ 1261293.896874761208892, 5543169.404702704399824 ], [ 1261293.896874761208892, 5543269.404702704399824 ] ] ] } },
{ "type": "Feature", "properties": { "id": 151, "left": 1261293.8968747612, "top": 5543169.4047027044, "right": 1261393.8968747612, "bottom": 5543069.4047027044, "row_index": 10, "col_index": 4, "Union_area": 7872.9130098540336, "Union_pc": 78.729130098423013, "rifter_edif_pl_area": 1772.1508943587542, "rifter_edif_pl_pc": 17.721508943561133, "aree-stradali-modified_area": 0.0, "aree-stradali-modified_pc": 0.0, "Single parts_area": 652.96352349343942, "Single parts_pc": 6.5296352349246645, "Dissolved_area": 0.0, "Dissolved_pc": 0.0, "free_space_number": 3.0 }, "geometry": { "type": "Polygon", "coordinates": [ [ [ 1261293.896874761208892, 5543169.404702704399824 ], [ 1261393.896874761208892, 5543169.404702704399824 ], [ 1261393.896874761208892, 5543069.404702704399824 ], [ 1261293.896874761208892, 5543069.404702704399824 ], [ 1261293.896874761208892, 5543169.404702704399824 ] ] ] } },
{ "type": "Feature", "properties": { "id": 152, "left": 1261293.8968747612, "top": 5543069.4047027044, "right": 1261393.8968747612, "bottom": 5542969.4047027044, "row_index": 11, "col_index": 4, "Union_area": 4109.1547416537069, "Union_pc": 41.091547416475841, "rifter_edif_pl_area": 1118.610234211199, "rifter_edif_pl_pc": 11.186102342095321, "aree-stradali-modified_area": 3780.2811559215188, "aree-stradali-modified_pc": 37.802811559158854, "Single parts_area": 1324.9954744909608, "Single parts_pc": 13.249954744889864, "Dissolved_area": 0.0, "Dissolved_pc": 0.0, "free_space_number": 4.0 }, "geometry": { "type": "Polygon", "coordinates": [ [ [ 1261293.896874761208892, 5543069.404702704399824 ], [ 1261393.896874761208892, 5543069.404702704399824 ], [ 1261393.896874761208892, 5542969.404702704399824 ], [ 1261293.896874761208892, 5542969.404702704399824 ], [ 1261293.896874761208892, 5543069.404702704399824 ] ] ] } },
{ "type": "Feature", "properties": { "id": 153, "left": 1261293.8968747612, "top": 5542969.4047027044, "right": 1261393.8968747612, "bottom": 5542869.4047027044, "row_index": 12, "col_index": 4, "Union_area": 0.0, "Union_pc": 0.0, "rifter_edif_pl_area": 6003.7045883834362, "rifter_edif_pl_pc": 60.037045883744902, "aree-stradali-modified_area": 0.0, "aree-stradali-modified_pc": 0.0, "Single parts_area": 3996.2954117195495, "Single parts_pc": 39.962954117135943, "Dissolved_area": 0.0, "Dissolved_pc": 0.0, "free_space_number": 6.0 }, "geometry": { "type": "Polygon", "coordinates": [ [ [ 1261293.896874761208892, 5542969.404702704399824 ], [ 1261393.896874761208892, 5542969.404702704399824 ], [ 1261393.896874761208892, 5542869.404702704399824 ], [ 1261293.896874761208892, 5542869.404702704399824 ], [ 1261293.896874761208892, 5542969.404702704399824 ] ] ] } },
{ "type": "Feature", "properties": { "id": 154, "left": 1261293.8968747612, "top": 5542869.4047027044, "right": 1261393.8968747612, "bottom": 5542769.4047027044, "row_index": 13, "col_index": 4, "Union_area": 357.66546611906961, "Union_pc": 3.5766546611853665, "rifter_edif_pl_area": 3402.6631746068597, "rifter_edif_pl_pc": 34.026631746017891, "aree-stradali-modified_area": 3075.7260769829154, "aree-stradali-modified_pc": 30.757260769783322, "Single parts_area": 378.120508368419, "Single parts_pc": 3.7812050836785551, "Dissolved_area": 0.0, "Dissolved_pc": 0.0, "free_space_number": 7.0 }, "geometry": { "type": "Polygon", "coordinates": [ [ [ 1261293.896874761208892, 5542869.404702704399824 ], [ 1261393.896874761208892, 5542869.404702704399824 ], [ 1261393.896874761208892, 5542769.404702704399824 ], [ 1261293.896874761208892, 5542769.404702704399824 ], [ 1261293.896874761208892, 5542869.404702704399824 ] ] ] } },
{ "type": "Feature", "properties": { "id": 183, "left": 1261393.8968747612, "top": 5543469.4047027044, "right": 1261493.8968747612, "bottom": 5543369.4047027044, "row_index": 7, "col_index": 5, "Union_area": 1407.4083655849099, "Union_pc": 14.074083655828128, "rifter_edif_pl_area": 3395.6193031771109, "rifter_edif_pl_pc": 33.95619303172051, "aree-stradali-modified_area": 5630.985085118562, "aree-stradali-modified_pc": 56.309850851101714, "Single parts_area": 800.65082012184371, "Single parts_pc": 8.0065082012065059, "Dissolved_area": 0.0, "Dissolved_pc": 0.0, "free_space_number": 14.0 }, "geometry": { "type": "Polygon", "coordinates": [ [ [ 1261393.896874761208892, 5543469.404702704399824 ], [ 1261493.896874761208892, 5543469.404702704399824 ], [ 1261493.896874761208892, 5543369.404702704399824 ], [ 1261393.896874761208892, 5543369.404702704399824 ], [ 1261393.896874761208892, 5543469.404702704399824 ] ] ] } },
{ "type": "Feature", "properties": { "id": 184, "left": 1261393.8968747612, "top": 5543369.4047027044, "right": 1261493.8968747612, "bottom": 5543269.4047027044, "row_index": 8, "col_index": 5, "Union_area": 2709.2676613284275, "Union_pc": 27.092676613243903, "rifter_edif_pl_area": 2556.617169354111, "rifter_edif_pl_pc": 25.566171693503012, "aree-stradali-modified_area": 3435.354307949543, "aree-stradali-modified_pc": 34.353543079444236, "Single parts_area": 1656.4496717186589, "Single parts_pc": 16.564496717161905, "Dissolved_area": 0.0, "Dissolved_pc": 0.0, "free_space_number": 14.0 }, "geometry": { "type": "Polygon", "coordinates": [ [ [ 1261393.896874761208892, 5543369.404702704399824 ], [ 1261493.896874761208892, 5543369.404702704399824 ], [ 1261493.896874761208892, 5543269.404702704399824 ], [ 1261393.896874761208892, 5543269.404702704399824 ], [ 1261393.896874761208892, 5543369.404702704399824 ] ] ] } },
{ "type": "Feature", "properties": { "id": 185, "left": 1261393.8968747612, "top": 5543269.4047027044, "right": 1261493.8968747612, "bottom": 5543169.4047027044, "row_index": 9, "col_index": 5, "Union_area": 1242.9339920455786, "Union_pc": 12.429339920437265, "rifter_edif_pl_area": 2292.1467370502651, "rifter_edif_pl_pc": 22.921467370468495, "aree-stradali-modified_area": 5804.6469327062368, "aree-stradali-modified_pc": 58.046469326975874, "Single parts_area": 862.38347119324135, "Single parts_pc": 8.6238347119195637, "Dissolved_area": 0.0, "Dissolved_pc": 0.0, "free_space_number": 11.0 }, "geometry": { "type": "Polygon", "coordinates": [ [ [ 1261393.896874761208892, 5543269.404702704399824 ], [ 1261493.896874761208892, 5543269.404702704399824 ], [ 1261493.896874761208892, 5543169.404702704399824 ], [ 1261393.896874761208892, 5543169.404702704399824 ], [ 1261393.896874761208892, 5543269.404702704399824 ] ] ] } },
{ "type": "Feature", "properties": { "id": 186, "left": 1261393.8968747612, "top": 5543169.4047027044, "right": 1261493.8968747612, "bottom": 5543069.4047027044, "row_index": 10, "col_index": 5, "Union_area": 2483.0227598547935, "Union_pc": 24.830227598510934, "rifter_edif_pl_area": 5320.7351263826713, "rifter_edif_pl_pc": 53.207351263747427, "aree-stradali-modified_area": 1985.124255426228, "aree-stradali-modified_pc": 19.851242554232702, "Single parts_area": 381.19180324440822, "Single parts_pc": 3.8119180324384021, "Dissolved_area": 0.0, "Dissolved_pc": 0.0, "free_space_number": 5.0 }, "geometry": { "type": "Polygon", "coordinates": [ [ [ 1261393.896874761208892, 5543169.404702704399824 ], [ 1261493.896874761208892, 5543169.404702704399824 ], [ 1261493.896874761208892, 5543069.404702704399824 ], [ 1261393.896874761208892, 5543069.404702704399824 ], [ 1261393.896874761208892, 5543169.404702704399824 ] ] ] } },
{ "type": "Feature", "properties": { "id": 187, "left": 1261393.8968747612, "top": 5543069.4047027044, "right": 1261493.8968747612, "bottom": 5542969.4047027044, "row_index": 11, "col_index": 5, "Union_area": 1686.2054250140209, "Union_pc": 16.862054250115083, "rifter_edif_pl_area": 2493.4186401674524, "rifter_edif_pl_pc": 24.934186401637369, "aree-stradali-modified_area": 5134.9149651005864, "aree-stradali-modified_pc": 51.349149650929348, "Single parts_area": 782.49067839740428, "Single parts_pc": 7.8249067839623825, "Dissolved_area": 0.0, "Dissolved_pc": 0.0, "free_space_number": 6.0 }, "geometry": { "type": "Polygon", "coordinates": [ [ [ 1261393.896874761208892, 5543069.404702704399824 ], [ 1261493.896874761208892, 5543069.404702704399824 ], [ 1261493.896874761208892, 5542969.404702704399824 ], [ 1261393.896874761208892, 5542969.404702704399824 ], [ 1261393.896874761208892, 5543069.404702704399824 ] ] ] } },
{ "type": "Feature", "properties": { "id": 188, "left": 1261393.8968747612, "top": 5542969.4047027044, "right": 1261493.8968747612, "bottom": 5542869.4047027044, "row_index": 12, "col_index": 5, "Union_area": 0.0, "Union_pc": 0.0, "rifter_edif_pl_area": 4886.3831920614466, "rifter_edif_pl_pc": 48.863831920541656, "aree-stradali-modified_area": 3252.2229670397937, "aree-stradali-modified_pc": 32.522229670349475, "Single parts_area": 1861.5745095879936, "Single parts_pc": 18.615745095852198, "Dissolved_area": 0.0, "Dissolved_pc": 0.0, "free_space_number": 4.0 }, "geometry": { "type": "Polygon", "coordinates": [ [ [ 1261393.896874761208892, 5542969.404702704399824 ], [ 1261493.896874761208892, 5542969.404702704399824 ], [ 1261493.896874761208892, 5542869.404702704399824 ], [ 1261393.896874761208892, 5542869.404702704399824 ], [ 1261393.896874761208892, 5542969.404702704399824 ] ] ] } },
{ "type": "Feature", "properties": { "id": 189, "left": 1261393.8968747612, "top": 5542869.4047027044, "right": 1261493.8968747612, "bottom": 5542769.4047027044, "row_index": 13, "col_index": 5, "Union_area": 4.6215644362382591, "Union_pc": 0.046215644362313721, "rifter_edif_pl_area": 5441.0728261512704, "rifter_edif_pl_pc": 54.410728261431629, "aree-stradali-modified_area": 3489.6690356731415, "aree-stradali-modified_pc": 34.896690356679414, "Single parts_area": 1068.9784777588939, "Single parts_pc": 10.68978477757301, "Dissolved_area": 0.0, "Dissolved_pc": 0.0, "free_space_number": 15.0 }, "geometry": { "type": "Polygon", "coordinates": [ [ [ 1261393.896874761208892, 5542869.404702704399824 ], [ 1261493.896874761208892, 5542869.404702704399824 ], [ 1261493.896874761208892, 5542769.404702704399824 ], [ 1261393.896874761208892, 5542769.404702704399824 ], [ 1261393.896874761208892, 5542869.404702704399824 ] ] ] } },
{ "type": "Feature", "properties": { "id": 190, "left": 1261393.8968747612, "top": 5542769.4047027044, "right": 1261493.8968747612, "bottom": 5542669.4047027044, "row_index": 14, "col_index": 5, "Union_area": 202.23123699636199, "Union_pc": 2.0223123699606065, "rifter_edif_pl_area": 7333.0724228685722, "rifter_edif_pl_pc": 73.330724228576457, "aree-stradali-modified_area": 1358.5054857432842, "aree-stradali-modified_pc": 13.585054857412599, "Single parts_area": 1106.8419109390088, "Single parts_pc": 11.068419109373595, "Dissolved_area": 0.0, "Dissolved_pc": 0.0, "free_space_number": 20.0 }, "geometry": { "type": "Polygon", "coordinates": [ [ [ 1261393.896874761208892, 5542769.404702704399824 ], [ 1261493.896874761208892, 5542769.404702704399824 ], [ 1261493.896874761208892, 5542669.404702704399824 ], [ 1261393.896874761208892, 5542669.404702704399824 ], [ 1261393.896874761208892, 5542769.404702704399824 ] ] ] } },
{ "type": "Feature", "properties": { "id": 217, "left": 1261493.8968747612, "top": 5543569.4047027044, "right": 1261593.8968747612, "bottom": 5543469.4047027044, "row_index": 6, "col_index": 6, "Union_area": 1026.6407676115632, "Union_pc": 10.266407676100334, "rifter_edif_pl_area": 2019.0406775269657, "rifter_edif_pl_pc": 20.19040677523957, "aree-stradali-modified_area": 1411.1751427538693, "aree-stradali-modified_pc": 14.111751427517666, "Single parts_area": 616.47246376075964, "Single parts_pc": 6.1647246375984102, "Dissolved_area": 0.0, "Dissolved_pc": 0.0, "free_space_number": 3.0 }, "geometry": { "type": "Polygon", "coordinates": [ [ [ 1261493.896874761208892, 5543569.404702704399824 ], [ 1261593.896874761208892, 5543569.404702704399824 ], [ 1261593.896874761208892, 5543469.404702704399824 ], [ 1261493.896874761208892, 5543469.404702704399824 ], [ 1261493.896874761208892, 5543569.404702704399824 ] ] ] } },
{ "type": "Feature", "properties": { "id": 218, "left": 1261493.8968747612, "top": 5543469.4047027044, "right": 1261593.8968747612, "bottom": 5543369.4047027044, "row_index": 7, "col_index": 6, "Union_area": 690.56582506094128, "Union_pc": 6.9056582505991226, "rifter_edif_pl_area": 3246.2088903491385, "rifter_edif_pl_pc": 32.462088903443011, "aree-stradali-modified_area": 3969.5707109235227, "aree-stradali-modified_pc": 39.695707109176077, "Single parts_area": 1297.1754574741701, "Single parts_pc": 12.971754574722372, "Dissolved_area": 0.0, "Dissolved_pc": 0.0, "free_space_number": 10.0 }, "geometry": { "type": "Polygon", "coordinates": [ [ [ 1261493.896874761208892, 5543469.404702704399824 ], [ 1261593.896874761208892, 5543469.404702704399824 ], [ 1261593.896874761208892, 5543369.404702704399824 ], [ 1261493.896874761208892, 5543369.404702704399824 ], [ 1261493.896874761208892, 5543469.404702704399824 ] ] ] } },
{ "type": "Feature", "properties": { "id": 219, "left": 1261493.8968747612, "top": 5543369.4047027044, "right": 1261593.8968747612, "bottom": 5543269.4047027044, "row_index": 8, "col_index": 6, "Union_area": 129.42603761795908, "Union_pc": 1.2942603761776623, "rifter_edif_pl_area": 3470.7992396056652, "rifter_edif_pl_pc": 34.707992396004933, "aree-stradali-modified_area": 2048.125808079727, "aree-stradali-modified_pc": 20.48125808076675, "Single parts_area": 4351.6500339449694, "Single parts_pc": 43.516500339384848, "Dissolved_area": 0.0, "Dissolved_pc": 0.0, "free_space_number": 5.0 }, "geometry": { "type": "Polygon", "coordinates": [ [ [ 1261493.896874761208892, 5543369.404702704399824 ], [ 1261593.896874761208892, 5543369.404702704399824 ], [ 1261593.896874761208892, 5543269.404702704399824 ], [ 1261493.896874761208892, 5543269.404702704399824 ], [ 1261493.896874761208892, 5543369.404702704399824 ] ] ] } },
{ "type": "Feature", "properties": { "id": 220, "left": 1261493.8968747612, "top": 5543269.4047027044, "right": 1261593.8968747612, "bottom": 5543169.4047027044, "row_index": 9, "col_index": 6, "Union_area": 142.46817929926328, "Union_pc": 1.4246817929905098, "rifter_edif_pl_area": 3734.9417758285999, "rifter_edif_pl_pc": 37.349417758230345, "aree-stradali-modified_area": 5333.0220778957009, "aree-stradali-modified_pc": 53.330220778877539, "Single parts_area": 904.33309226744313, "Single parts_pc": 9.0433309226609566, "Dissolved_area": 0.0, "Dissolved_pc": 0.0, "free_space_number": 7.0 }, "geometry": { "type": "Polygon", "coordinates": [ [ [ 1261493.896874761208892, 5543269.404702704399824 ], [ 1261593.896874761208892, 5543269.404702704399824 ], [ 1261593.896874761208892, 5543169.404702704399824 ], [ 1261493.896874761208892, 5543169.404702704399824 ], [ 1261493.896874761208892, 5543269.404702704399824 ] ] ] } },
{ "type": "Feature", "properties": { "id": 221, "left": 1261493.8968747612, "top": 5543169.4047027044, "right": 1261593.8968747612, "bottom": 5543069.4047027044, "row_index": 10, "col_index": 6, "Union_area": 1250.2002777531743, "Union_pc": 12.502002777513114, "rifter_edif_pl_area": 5033.9381443224847, "rifter_edif_pl_pc": 50.339381443149833, "aree-stradali-modified_area": 2684.4198511429131, "aree-stradali-modified_pc": 26.844198511389131, "Single parts_area": 1052.8274368124694, "Single parts_pc": 10.528274368109006, "Dissolved_area": 0.0, "Dissolved_pc": 0.0, "free_space_number": 6.0 }, "geometry": { "type": "Polygon", "coordinates": [ [ [ 1261493.896874761208892, 5543169.404702704399824 ], [ 1261593.896874761208892, 5543169.404702704399824 ], [ 1261593.896874761208892, 5543069.404702704399824 ], [ 1261493.896874761208892, 5543069.404702704399824 ], [ 1261493.896874761208892, 5543169.404702704399824 ] ] ] } },
{ "type": "Feature", "properties": { "id": 222, "left": 1261493.8968747612, "top": 5543069.4047027044, "right": 1261593.8968747612, "bottom": 5542969.4047027044, "row_index": 11, "col_index": 6, "Union_area": 2127.8837217188593, "Union_pc": 21.278837217156884, "rifter_edif_pl_area": 2672.4675903203897, "rifter_edif_pl_pc": 26.724675903164073, "aree-stradali-modified_area": 4449.8266364783049, "aree-stradali-modified_pc": 44.498266364716741, "Single parts_area": 1163.2299392136513, "Single parts_pc": 11.63229939211918, "Dissolved_area": 0.0, "Dissolved_pc": 0.0, "free_space_number": 13.0 }, "geometry": { "type": "Polygon", "coordinates": [ [ [ 1261493.896874761208892, 5543069.404702704399824 ], [ 1261593.896874761208892, 5543069.404702704399824 ], [ 1261593.896874761208892, 5542969.404702704399824 ], [ 1261493.896874761208892, 5542969.404702704399824 ], [ 1261493.896874761208892, 5543069.404702704399824 ] ] ] } },
{ "type": "Feature", "properties": { "id": 223, "left": 1261493.8968747612, "top": 5542969.4047027044, "right": 1261593.8968747612, "bottom": 5542869.4047027044, "row_index": 12, "col_index": 6, "Union_area": 798.92927851621062, "Union_pc": 7.9892927851502016, "rifter_edif_pl_area": 2975.1578499744646, "rifter_edif_pl_pc": 29.751578499700312, "aree-stradali-modified_area": 2394.6023419704288, "aree-stradali-modified_pc": 23.946023419668606, "Single parts_area": 403.55755876532959, "Single parts_pc": 4.0355755876472825, "Dissolved_area": 0.0, "Dissolved_pc": 0.0, "free_space_number": 13.0 }, "geometry": { "type": "Polygon", "coordinates": [ [ [ 1261493.896874761208892, 5542969.404702704399824 ], [ 1261593.896874761208892, 5542969.404702704399824 ], [ 1261593.896874761208892, 5542869.404702704399824 ], [ 1261493.896874761208892, 5542869.404702704399824 ], [ 1261493.896874761208892, 5542969.404702704399824 ] ] ] } },
{ "type": "Feature", "properties": { "id": 224, "left": 1261493.8968747612, "top": 5542869.4047027044, "right": 1261593.8968747612, "bottom": 5542769.4047027044, "row_index": 13, "col_index": 6, "Union_area": 1309.3309651606251, "Union_pc": 13.09330965158674, "rifter_edif_pl_area": 6760.0940651274286, "rifter_edif_pl_pc": 67.600940651173559, "aree-stradali-modified_area": 30.660632060840726, "aree-stradali-modified_pc": 0.3066063206079504, "Single parts_area": 1900.7377702052163, "Single parts_pc": 19.007377702023842, "Dissolved_area": 0.0, "Dissolved_pc": 0.0, "free_space_number": 26.0 }, "geometry": { "type": "Polygon", "coordinates": [ [ [ 1261493.896874761208892, 5542869.404702704399824 ], [ 1261593.896874761208892, 5542869.404702704399824 ], [ 1261593.896874761208892, 5542769.404702704399824 ], [ 1261493.896874761208892, 5542769.404702704399824 ], [ 1261493.896874761208892, 5542869.404702704399824 ] ] ] } },
{ "type": "Feature", "properties": { "id": 225, "left": 1261493.8968747612, "top": 5542769.4047027044, "right": 1261593.8968747612, "bottom": 5542669.4047027044, "row_index": 14, "col_index": 6, "Union_area": 23.299266580492258, "Union_pc": 0.23299266580457539, "rifter_edif_pl_area": 7319.8126711267978, "rifter_edif_pl_pc": 73.198126711158906, "aree-stradali-modified_area": 1546.1313820760697, "aree-stradali-modified_pc": 15.461313820737658, "Single parts_area": 1110.7859371665872, "Single parts_pc": 11.107859371649321, "Dissolved_area": 0.0, "Dissolved_pc": 0.0, "free_space_number": 20.0 }, "geometry": { "type": "Polygon", "coordinates": [ [ [ 1261493.896874761208892, 5542769.404702704399824 ], [ 1261593.896874761208892, 5542769.404702704399824 ], [ 1261593.896874761208892, 5542669.404702704399824 ], [ 1261493.896874761208892, 5542669.404702704399824 ], [ 1261493.896874761208892, 5542769.404702704399824 ] ] ] } },
{ "type": "Feature", "properties": { "id": 251, "left": 1261593.8968747612, "top": 5543669.4047027044, "right": 1261693.8968747612, "bottom": 5543569.4047027044, "row_index": 5, "col_index": 7, "Union_area": 860.72765547316521, "Union_pc": 8.6072765547188261, "rifter_edif_pl_area": 4187.4033865863457, "rifter_edif_pl_pc": 41.87403386580106, "aree-stradali-modified_area": 3244.3374212309718, "aree-stradali-modified_pc": 32.443374212261375, "Single parts_area": 2370.3573690508065, "Single parts_pc": 23.703573690472744, "Dissolved_area": 0.0, "Dissolved_pc": 0.0, "free_space_number": 7.0 }, "geometry": { "type": "Polygon", "coordinates": [ [ [ 1261593.896874761208892, 5543669.404702704399824 ], [ 1261693.896874761208892, 5543669.404702704399824 ], [ 1261693.896874761208892, 5543569.404702704399824 ], [ 1261593.896874761208892, 5543569.404702704399824 ], [ 1261593.896874761208892, 5543669.404702704399824 ] ] ] } },
{ "type": "Feature", "properties": { "id": 252, "left": 1261593.8968747612, "top": 5543569.4047027044, "right": 1261693.8968747612, "bottom": 5543469.4047027044, "row_index": 6, "col_index": 7, "Union_area": 2373.4847440300509, "Union_pc": 23.734847440265142, "rifter_edif_pl_area": 2001.1434987727553, "rifter_edif_pl_pc": 20.011434987697733, "aree-stradali-modified_area": 1515.8460223264992, "aree-stradali-modified_pc": 15.158460223242404, "Single parts_area": 29.432166413223268, "Single parts_pc": 0.29432166413179411, "Dissolved_area": 0.0, "Dissolved_pc": 0.0, "free_space_number": 6.0 }, "geometry": { "type": "Polygon", "coordinates": [ [ [ 1261593.896874761208892, 5543569.404702704399824 ], [ 1261693.896874761208892, 5543569.404702704399824 ], [ 1261693.896874761208892, 5543469.404702704399824 ], [ 1261593.896874761208892, 5543469.404702704399824 ], [ 1261593.896874761208892, 5543569.404702704399824 ] ] ] } },
{ "type": "Feature", "properties": { "id": 253, "left": 1261593.8968747612, "top": 5543469.4047027044, "right": 1261693.8968747612, "bottom": 5543369.4047027044, "row_index": 7, "col_index": 7, "Union_area": 518.13826229795814, "Union_pc": 5.1813826229718609, "rifter_edif_pl_area": 5770.5844461210072, "rifter_edif_pl_pc": 57.70584446112408, "aree-stradali-modified_area": 2455.0774625437334, "aree-stradali-modified_pc": 24.550774625400752, "Single parts_area": 1031.161146482295, "Single parts_pc": 10.311611464807585, "Dissolved_area": 0.0, "Dissolved_pc": 0.0, "free_space_number": 8.0 }, "geometry": { "type": "Polygon", "coordinates": [ [ [ 1261593.896874761208892, 5543469.404702704399824 ], [ 1261693.896874761208892, 5543469.404702704399824 ], [ 1261693.896874761208892, 5543369.404702704399824 ], [ 1261593.896874761208892, 5543369.404702704399824 ], [ 1261593.896874761208892, 5543469.404702704399824 ] ] ] } },
{ "type": "Feature", "properties": { "id": 254, "left": 1261593.8968747612, "top": 5543369.4047027044, "right": 1261693.8968747612, "bottom": 5543269.4047027044, "row_index": 8, "col_index": 7, "Union_area": 293.78902438655496, "Union_pc": 2.9378902438611716, "rifter_edif_pl_area": 5488.2473119981587, "rifter_edif_pl_pc": 54.882473119899807, "aree-stradali-modified_area": 3150.4773196270689, "aree-stradali-modified_pc": 31.504773196223745, "Single parts_area": 1067.5088421095311, "Single parts_pc": 10.675088421079405, "Dissolved_area": 0.0, "Dissolved_pc": 0.0, "free_space_number": 12.0 }, "geometry": { "type": "Polygon", "coordinates": [ [ [ 1261593.896874761208892, 5543369.404702704399824 ], [ 1261693.896874761208892, 5543369.404702704399824 ], [ 1261693.896874761208892, 5543269.404702704399824 ], [ 1261593.896874761208892, 5543269.404702704399824 ], [ 1261593.896874761208892, 5543369.404702704399824 ] ] ] } },
{ "type": "Feature", "properties": { "id": 255, "left": 1261593.8968747612, "top": 5543269.4047027044, "right": 1261693.8968747612, "bottom": 5543169.4047027044, "row_index": 9, "col_index": 7, "Union_area": 54.384294699877501, "Union_pc": 0.54384294699796465, "rifter_edif_pl_area": 4598.2269975303207, "rifter_edif_pl_pc": 45.982269975234686, "aree-stradali-modified_area": 5279.1077329069376, "aree-stradali-modified_pc": 52.79107732899071, "Single parts_area": 69.075594243847377, "Single parts_pc": 0.69075594243744443, "Dissolved_area": 0.0, "Dissolved_pc": 0.0, "free_space_number": 4.0 }, "geometry": { "type": "Polygon", "coordinates": [ [ [ 1261593.896874761208892, 5543269.404702704399824 ], [ 1261693.896874761208892, 5543269.404702704399824 ], [ 1261693.896874761208892, 5543169.404702704399824 ], [ 1261593.896874761208892, 5543169.404702704399824 ], [ 1261593.896874761208892, 5543269.404702704399824 ] ] ] } },
{ "type": "Feature", "properties": { "id": 256, "left": 1261593.8968747612, "top": 5543169.4047027044, "right": 1261693.8968747612, "bottom": 5543069.4047027044, "row_index": 10, "col_index": 7, "Union_area": 1042.8744461163878, "Union_pc": 10.428744461148339, "rifter_edif_pl_area": 2993.35558838211, "rifter_edif_pl_pc": 29.933555883776496, "aree-stradali-modified_area": 2724.9273229427636, "aree-stradali-modified_pc": 27.249273229387033, "Single parts_area": 3239.46377584535, "Single parts_pc": 32.394637758405224, "Dissolved_area": 0.0, "Dissolved_pc": 0.0, "free_space_number": 11.0 }, "geometry": { "type": "Polygon", "coordinates": [ [ [ 1261593.896874761208892, 5543169.404702704399824 ], [ 1261693.896874761208892, 5543169.404702704399824 ], [ 1261693.896874761208892, 5543069.404702704399824 ], [ 1261593.896874761208892, 5543069.404702704399824 ], [ 1261593.896874761208892, 5543169.404702704399824 ] ] ] } },
{ "type": "Feature", "properties": { "id": 257, "left": 1261593.8968747612, "top": 5543069.4047027044, "right": 1261693.8968747612, "bottom": 5542969.4047027044, "row_index": 11, "col_index": 7, "Union_area": 388.72361113503575, "Union_pc": 3.8872361113445653, "rifter_edif_pl_area": 4196.8133333213627, "rifter_edif_pl_pc": 41.968133333151087, "aree-stradali-modified_area": 2499.7980857528746, "aree-stradali-modified_pc": 24.997980857491495, "Single parts_area": 2915.0047504073273, "Single parts_pc": 29.150047504029835, "Dissolved_area": 0.0, "Dissolved_pc": 0.0, "free_space_number": 7.0 }, "geometry": { "type": "Polygon", "coordinates": [ [ [ 1261593.896874761208892, 5543069.404702704399824 ], [ 1261693.896874761208892, 5543069.404702704399824 ], [ 1261693.896874761208892, 5542969.404702704399824 ], [ 1261593.896874761208892, 5542969.404702704399824 ], [ 1261593.896874761208892, 5543069.404702704399824 ] ] ] } },
{ "type": "Feature", "properties": { "id": 258, "left": 1261593.8968747612, "top": 5542969.4047027044, "right": 1261693.8968747612, "bottom": 5542869.4047027044, "row_index": 12, "col_index": 7, "Union_area": 350.5947207370773, "Union_pc": 3.5059472073655487, "rifter_edif_pl_area": 4554.6256770787295, "rifter_edif_pl_pc": 45.546256770719424, "aree-stradali-modified_area": 4117.310849590227, "aree-stradali-modified_pc": 41.173108495840914, "Single parts_area": 983.63327095285342, "Single parts_pc": 9.8363327095138775, "Dissolved_area": 0.0, "Dissolved_pc": 0.0, "free_space_number": 12.0 }, "geometry": { "type": "Polygon", "coordinates": [ [ [ 1261593.896874761208892, 5542969.404702704399824 ], [ 1261693.896874761208892, 5542969.404702704399824 ], [ 1261693.896874761208892, 5542869.404702704399824 ], [ 1261593.896874761208892, 5542869.404702704399824 ], [ 1261593.896874761208892, 5542969.404702704399824 ] ] ] } },
{ "type": "Feature", "properties": { "id": 259, "left": 1261593.8968747612, "top": 5542869.4047027044, "right": 1261693.8968747612, "bottom": 5542769.4047027044, "row_index": 13, "col_index": 7, "Union_area": 2583.0553531631595, "Union_pc": 25.830553531593104, "rifter_edif_pl_area": 3556.8835198918823, "rifter_edif_pl_pc": 35.56883519886582, "aree-stradali-modified_area": 863.91987356543541, "aree-stradali-modified_pc": 8.6391987356414806, "Single parts_area": 2997.6889524955768, "Single parts_pc": 29.976889524911098, "Dissolved_area": 0.0, "Dissolved_pc": 0.0, "free_space_number": 15.0 }, "geometry": { "type": "Polygon", "coordinates": [ [ [ 1261593.896874761208892, 5542869.404702704399824 ], [ 1261693.896874761208892, 5542869.404702704399824 ], [ 1261693.896874761208892, 5542769.404702704399824 ], [ 1261593.896874761208892, 5542769.404702704399824 ], [ 1261593.896874761208892, 5542869.404702704399824 ] ] ] } },
{ "type": "Feature", "properties": { "id": 260, "left": 1261593.8968747612, "top": 5542769.4047027044, "right": 1261693.8968747612, "bottom": 5542669.4047027044, "row_index": 14, "col_index": 7, "Union_area": 524.34004183858633, "Union_pc": 5.2434004183780498, "rifter_edif_pl_area": 6997.7381008653902, "rifter_edif_pl_pc": 69.977381008549628, "aree-stradali-modified_area": 1435.999231364578, "aree-stradali-modified_pc": 14.359992313624382, "Single parts_area": 1042.531386625393, "Single parts_pc": 10.425313866238396, "Dissolved_area": 0.0, "Dissolved_pc": 0.0, "free_space_number": 19.0 }, "geometry": { "type": "Polygon", "coordinates": [ [ [ 1261593.896874761208892, 5542769.404702704399824 ], [ 1261693.896874761208892, 5542769.404702704399824 ], [ 1261693.896874761208892, 5542669.404702704399824 ], [ 1261593.896874761208892, 5542669.404702704399824 ], [ 1261593.896874761208892, 5542769.404702704399824 ] ] ] } },
{ "type": "Feature", "properties": { "id": 261, "left": 1261593.8968747612, "top": 5542669.4047027044, "right": 1261693.8968747612, "bottom": 5542569.4047027044, "row_index": 15, "col_index": 7, "Union_area": 584.11236262042075, "Union_pc": 5.841123626195504, "rifter_edif_pl_area": 6148.3901476096071, "rifter_edif_pl_pc": 61.483901476004455, "aree-stradali-modified_area": 1100.5493641644716, "aree-stradali-modified_pc": 11.005493641628316, "Single parts_area": 2167.3318498696699, "Single parts_pc": 21.673318498664404, "Dissolved_area": 0.0, "Dissolved_pc": 0.0, "free_space_number": 14.0 }, "geometry": { "type": "Polygon", "coordinates": [ [ [ 1261593.896874761208892, 5542669.404702704399824 ], [ 1261693.896874761208892, 5542669.404702704399824 ], [ 1261693.896874761208892, 5542569.404702704399824 ], [ 1261593.896874761208892, 5542569.404702704399824 ], [ 1261593.896874761208892, 5542669.404702704399824 ] ] ] } },
{ "type": "Feature", "properties": { "id": 285, "left": 1261693.8968747612, "top": 5543769.4047027044, "right": 1261793.8968747612, "bottom": 5543669.4047027044, "row_index": 4, "col_index": 8, "Union_area": 1161.9268477344885, "Union_pc": 11.619268477327571, "rifter_edif_pl_area": 4875.0658409893513, "rifter_edif_pl_pc": 48.750658409820872, "aree-stradali-modified_area": 1576.9717164188623, "aree-stradali-modified_pc": 15.769717164165124, "Single parts_area": 2471.6824109020172, "Single parts_pc": 24.716824108983342, "Dissolved_area": 0.0, "Dissolved_pc": 0.0, "free_space_number": 6.0 }, "geometry": { "type": "Polygon", "coordinates": [ [ [ 1261693.896874761208892, 5543769.404702704399824 ], [ 1261793.896874761208892, 5543769.404702704399824 ], [ 1261793.896874761208892, 5543669.404702704399824 ], [ 1261693.896874761208892, 5543669.404702704399824 ], [ 1261693.896874761208892, 5543769.404702704399824 ] ] ] } },
{ "type": "Feature", "properties": { "id": 286, "left": 1261693.8968747612, "top": 5543669.4047027044, "right": 1261793.8968747612, "bottom": 5543569.4047027044, "row_index": 5, "col_index": 8, "Union_area": 4077.452392102452, "Union_pc": 40.774523920963759, "rifter_edif_pl_area": 963.37399474019185, "rifter_edif_pl_pc": 9.6337399473875625, "aree-stradali-modified_area": 7033.3875360246748, "aree-stradali-modified_pc": 70.333875360141946, "Single parts_area": 521.20699506765231, "Single parts_pc": 5.2120699506687567, "Dissolved_area": 0.0, "Dissolved_pc": 0.0, "free_space_number": 4.0 }, "geometry": { "type": "Polygon", "coordinates": [ [ [ 1261693.896874761208892, 5543669.404702704399824 ], [ 1261793.896874761208892, 5543669.404702704399824 ], [ 1261793.896874761208892, 5543569.404702704399824 ], [ 1261693.896874761208892, 5543569.404702704399824 ], [ 1261693.896874761208892, 5543669.404702704399824 ] ] ] } },
{ "type": "Feature", "properties": { "id": 287, "left": 1261693.8968747612, "top": 5543569.4047027044, "right": 1261793.8968747612, "bottom": 5543469.4047027044, "row_index": 6, "col_index": 8, "Union_area": 1087.822169682011, "Union_pc": 10.8782216968039, "rifter_edif_pl_area": 4664.1231584735215, "rifter_edif_pl_pc": 46.641231584665711, "aree-stradali-modified_area": 1036.5014339759946, "aree-stradali-modified_pc": 10.365014339744501, "Single parts_area": 3364.1334030757789, "Single parts_pc": 33.641334030707654, "Dissolved_area": 0.0, "Dissolved_pc": 0.0, "free_space_number": 5.0 }, "geometry": { "type": "Polygon", "coordinates": [ [ [ 1261693.896874761208892, 5543569.404702704399824 ], [ 1261793.896874761208892, 5543569.404702704399824 ], [ 1261793.896874761208892, 5543469.404702704399824 ], [ 1261693.896874761208892, 5543469.404702704399824 ], [ 1261693.896874761208892, 5543569.404702704399824 ] ] ] } },
{ "type": "Feature", "properties": { "id": 288, "left": 1261693.8968747612, "top": 5543469.4047027044, "right": 1261793.8968747612, "bottom": 5543369.4047027044, "row_index": 7, "col_index": 8, "Union_area": 2083.6209508380853, "Union_pc": 20.836209508349803, "rifter_edif_pl_area": 2537.6268613515422, "rifter_edif_pl_pc": 25.37626861347761, "aree-stradali-modified_area": 1406.882131293416, "aree-stradali-modified_pc": 14.068821312913196, "Single parts_area": 3975.3010903427207, "Single parts_pc": 39.753010903367972, "Dissolved_area": 0.0, "Dissolved_pc": 0.0, "free_space_number": 6.0 }, "geometry": { "type": "Polygon", "coordinates": [ [ [ 1261693.896874761208892, 5543469.404702704399824 ], [ 1261793.896874761208892, 5543469.404702704399824 ], [ 1261793.896874761208892, 5543369.404702704399824 ], [ 1261693.896874761208892, 5543369.404702704399824 ], [ 1261693.896874761208892, 5543469.404702704399824 ] ] ] } },
{ "type": "Feature", "properties": { "id": 289, "left": 1261693.8968747612, "top": 5543369.4047027044, "right": 1261793.8968747612, "bottom": 5543269.4047027044, "row_index": 8, "col_index": 8, "Union_area": 129.36928792682011, "Union_pc": 1.2936928792662734, "rifter_edif_pl_area": 6266.6628150471952, "rifter_edif_pl_pc": 62.666628150378571, "aree-stradali-modified_area": 1122.6500579789281, "aree-stradali-modified_pc": 11.226500579772551, "Single parts_area": 2481.8310402722082, "Single parts_pc": 24.8183104026851, "Dissolved_area": 0.0, "Dissolved_pc": 0.0, "free_space_number": 12.0 }, "geometry": { "type": "Polygon", "coordinates": [ [ [ 1261693.896874761208892, 5543369.404702704399824 ], [ 1261793.896874761208892, 5543369.404702704399824 ], [ 1261793.896874761208892, 5543269.404702704399824 ], [ 1261693.896874761208892, 5543269.404702704399824 ], [ 1261693.896874761208892, 5543369.404702704399824 ] ] ] } },
{ "type": "Feature", "properties": { "id": 290, "left": 1261693.8968747612, "top": 5543269.4047027044, "right": 1261793.8968747612, "bottom": 5543169.4047027044, "row_index": 9, "col_index": 8, "Union_area": 345.71396765229292, "Union_pc": 3.4571396765177775, "rifter_edif_pl_area": 3680.190945985727, "rifter_edif_pl_pc": 36.801909459802431, "aree-stradali-modified_area": 5527.9252734407783, "aree-stradali-modified_pc": 55.279252734325411, "Single parts_area": 514.94758225167141, "Single parts_pc": 5.1494758225090411, "Dissolved_area": 0.0, "Dissolved_pc": 0.0, "free_space_number": 7.0 }, "geometry": { "type": "Polygon", "coordinates": [ [ [ 1261693.896874761208892, 5543269.404702704399824 ], [ 1261793.896874761208892, 5543269.404702704399824 ], [ 1261793.896874761208892, 5543169.404702704399824 ], [ 1261693.896874761208892, 5543169.404702704399824 ], [ 1261693.896874761208892, 5543269.404702704399824 ] ] ] } },
{ "type": "Feature", "properties": { "id": 291, "left": 1261693.8968747612, "top": 5543169.4047027044, "right": 1261793.8968747612, "bottom": 5543069.4047027044, "row_index": 10, "col_index": 8, "Union_area": 0.0, "Union_pc": 0.0, "rifter_edif_pl_area": 5331.6090558819706, "rifter_edif_pl_pc": 53.316090558740257, "aree-stradali-modified_area": 3361.5064280405641, "aree-stradali-modified_pc": 33.615064280355547, "Single parts_area": 1307.0429838166883, "Single parts_pc": 13.070429838147406, "Dissolved_area": 0.0, "Dissolved_pc": 0.0, "free_space_number": 5.0 }, "geometry": { "type": "Polygon", "coordinates": [ [ [ 1261693.896874761208892, 5543169.404702704399824 ], [ 1261793.896874761208892, 5543169.404702704399824 ], [ 1261793.896874761208892, 5543069.404702704399824 ], [ 1261693.896874761208892, 5543069.404702704399824 ], [ 1261693.896874761208892, 5543169.404702704399824 ] ] ] } },
{ "type": "Feature", "properties": { "id": 292, "left": 1261693.8968747612, "top": 5543069.4047027044, "right": 1261793.8968747612, "bottom": 5542969.4047027044, "row_index": 11, "col_index": 8, "Union_area": 0.0, "Union_pc": 0.0, "rifter_edif_pl_area": 4053.5558856520802, "rifter_edif_pl_pc": 40.535558856460398, "aree-stradali-modified_area": 4605.0484351664782, "aree-stradali-modified_pc": 46.050484351596161, "Single parts_area": 1341.4461513383603, "Single parts_pc": 13.414461513363612, "Dissolved_area": 0.0, "Dissolved_pc": 0.0, "free_space_number": 7.0 }, "geometry": { "type": "Polygon", "coordinates": [ [ [ 1261693.896874761208892, 5543069.404702704399824 ], [ 1261793.896874761208892, 5543069.404702704399824 ], [ 1261793.896874761208892, 5542969.404702704399824 ], [ 1261693.896874761208892, 5542969.404702704399824 ], [ 1261693.896874761208892, 5543069.404702704399824 ] ] ] } },
{ "type": "Feature", "properties": { "id": 293, "left": 1261693.8968747612, "top": 5542969.4047027044, "right": 1261793.8968747612, "bottom": 5542869.4047027044, "row_index": 12, "col_index": 8, "Union_area": 42.604497618973255, "Union_pc": 0.4260449761890977, "rifter_edif_pl_area": 3139.2638440324226, "rifter_edif_pl_pc": 31.392638440277448, "aree-stradali-modified_area": 5819.8049691915512, "aree-stradali-modified_pc": 58.198049691828793, "Single parts_area": 998.71440521774639, "Single parts_pc": 9.9871440521625825, "Dissolved_area": 0.0, "Dissolved_pc": 0.0, "free_space_number": 7.0 }, "geometry": { "type": "Polygon", "coordinates": [ [ [ 1261693.896874761208892, 5542969.404702704399824 ], [ 1261793.896874761208892, 5542969.404702704399824 ], [ 1261793.896874761208892, 5542869.404702704399824 ], [ 1261693.896874761208892, 5542869.404702704399824 ], [ 1261693.896874761208892, 5542969.404702704399824 ] ] ] } },
{ "type": "Feature", "properties": { "id": 294, "left": 1261693.8968747612, "top": 5542869.4047027044, "right": 1261793.8968747612, "bottom": 5542769.4047027044, "row_index": 13, "col_index": 8, "Union_area": 2147.9542142748833, "Union_pc": 21.479542142716827, "rifter_edif_pl_area": 4104.9358904387336, "rifter_edif_pl_pc": 41.049358904326169, "aree-stradali-modified_area": 1501.2249592244625, "aree-stradali-modified_pc": 15.012249592222256, "Single parts_area": 2246.7500257902016, "Single parts_pc": 22.467500257868537, "Dissolved_area": 0.0, "Dissolved_pc": 0.0, "free_space_number": 9.0 }, "geometry": { "type": "Polygon", "coordinates": [ [ [ 1261693.896874761208892, 5542869.404702704399824 ], [ 1261793.896874761208892, 5542869.404702704399824 ], [ 1261793.896874761208892, 5542769.404702704399824 ], [ 1261693.896874761208892, 5542769.404702704399824 ], [ 1261693.896874761208892, 5542869.404702704399824 ] ] ] } },
{ "type": "Feature", "properties": { "id": 295, "left": 1261693.8968747612, "top": 5542769.4047027044, "right": 1261793.8968747612, "bottom": 5542669.4047027044, "row_index": 14, "col_index": 8, "Union_area": 1220.1974783334881, "Union_pc": 12.201974783316698, "rifter_edif_pl_area": 5824.4767388915643, "rifter_edif_pl_pc": 58.244767388828855, "aree-stradali-modified_area": 2114.6041554398835, "aree-stradali-modified_pc": 21.146041554367326, "Single parts_area": 1318.2035271674913, "Single parts_pc": 13.18203527165527, "Dissolved_area": 0.0, "Dissolved_pc": 0.0, "free_space_number": 14.0 }, "geometry": { "type": "Polygon", "coordinates": [ [ [ 1261693.896874761208892, 5542769.404702704399824 ], [ 1261793.896874761208892, 5542769.404702704399824 ], [ 1261793.896874761208892, 5542669.404702704399824 ], [ 1261693.896874761208892, 5542669.404702704399824 ], [ 1261693.896874761208892, 5542769.404702704399824 ] ] ] } },
{ "type": "Feature", "properties": { "id": 296, "left": 1261693.8968747612, "top": 5542669.4047027044, "right": 1261793.8968747612, "bottom": 5542569.4047027044, "row_index": 15, "col_index": 8, "Union_area": 493.18120254203677, "Union_pc": 4.9318120254130191, "rifter_edif_pl_area": 6688.4928391677095, "rifter_edif_pl_pc": 66.884928391577432, "aree-stradali-modified_area": 1777.5446667745709, "aree-stradali-modified_pc": 17.775446667719223, "Single parts_area": 1218.5877738974523, "Single parts_pc": 12.185877738956364, "Dissolved_area": 0.0, "Dissolved_pc": 0.0, "free_space_number": 16.0 }, "geometry": { "type": "Polygon", "coordinates": [ [ [ 1261693.896874761208892, 5542669.404702704399824 ], [ 1261793.896874761208892, 5542669.404702704399824 ], [ 1261793.896874761208892, 5542569.404702704399824 ], [ 1261693.896874761208892, 5542569.404702704399824 ], [ 1261693.896874761208892, 5542669.404702704399824 ] ] ] } },
{ "type": "Feature", "properties": { "id": 320, "left": 1261793.8968747612, "top": 5543769.4047027044, "right": 1261893.8968747612, "bottom": 5543669.4047027044, "row_index": 4, "col_index": 9, "Union_area": 1506.6165878884494, "Union_pc": 15.066165878862044, "rifter_edif_pl_area": 1939.728644015966, "rifter_edif_pl_pc": 19.397286440130756, "aree-stradali-modified_area": 5239.1325362958014, "aree-stradali-modified_pc": 52.391325362879947, "Single parts_area": 2600.6131845296677, "Single parts_pc": 26.006131845257926, "Dissolved_area": 0.0, "Dissolved_pc": 0.0, "free_space_number": 6.0 }, "geometry": { "type": "Polygon", "coordinates": [ [ [ 1261793.896874761208892, 5543769.404702704399824 ], [ 1261893.896874761208892, 5543769.404702704399824 ], [ 1261893.896874761208892, 5543669.404702704399824 ], [ 1261793.896874761208892, 5543669.404702704399824 ], [ 1261793.896874761208892, 5543769.404702704399824 ] ] ] } },
{ "type": "Feature", "properties": { "id": 321, "left": 1261793.8968747612, "top": 5543669.4047027044, "right": 1261893.8968747612, "bottom": 5543569.4047027044, "row_index": 5, "col_index": 9, "Union_area": 2189.5300348477904, "Union_pc": 21.895300348445279, "rifter_edif_pl_area": 1910.5983819300309, "rifter_edif_pl_pc": 19.105983819271838, "aree-stradali-modified_area": 4255.7370822131634, "aree-stradali-modified_pc": 42.557370822068215, "Single parts_area": 2045.7945503927333, "Single parts_pc": 20.457945503896848, "Dissolved_area": 0.0, "Dissolved_pc": 0.0, "free_space_number": 11.0 }, "geometry": { "type": "Polygon", "coordinates": [ [ [ 1261793.896874761208892, 5543669.404702704399824 ], [ 1261893.896874761208892, 5543669.404702704399824 ], [ 1261893.896874761208892, 5543569.404702704399824 ], [ 1261793.896874761208892, 5543569.404702704399824 ], [ 1261793.896874761208892, 5543669.404702704399824 ] ] ] } },
{ "type": "Feature", "properties": { "id": 322, "left": 1261793.8968747612, "top": 5543569.4047027044, "right": 1261893.8968747612, "bottom": 5543469.4047027044, "row_index": 6, "col_index": 9, "Union_area": 5736.0527127705282, "Union_pc": 57.360527127619811, "rifter_edif_pl_area": 3334.4521697536111, "rifter_edif_pl_pc": 33.344521697486421, "aree-stradali-modified_area": 560.23707228153944, "aree-stradali-modified_pc": 5.6023707228070458, "Single parts_area": 971.57182782408847, "Single parts_pc": 9.715718278226408, "Dissolved_area": 0.0, "Dissolved_pc": 0.0, "free_space_number": 12.0 }, "geometry": { "type": "Polygon", "coordinates": [ [ [ 1261793.896874761208892, 5543569.404702704399824 ], [ 1261893.896874761208892, 5543569.404702704399824 ], [ 1261893.896874761208892, 5543469.404702704399824 ], [ 1261793.896874761208892, 5543469.404702704399824 ], [ 1261793.896874761208892, 5543569.404702704399824 ] ] ] } },
{ "type": "Feature", "properties": { "id": 323, "left": 1261793.8968747612, "top": 5543469.4047027044, "right": 1261893.8968747612, "bottom": 5543369.4047027044, "row_index": 7, "col_index": 9, "Union_area": 5274.5653838622384, "Union_pc": 52.745653838543788, "rifter_edif_pl_area": 1972.4482503416948, "rifter_edif_pl_pc": 19.724482503387556, "aree-stradali-modified_area": 1937.9213017597795, "aree-stradali-modified_pc": 19.379213017568919, "Single parts_area": 1146.5262860632502, "Single parts_pc": 11.465262860615416, "Dissolved_area": 0.0, "Dissolved_pc": 0.0, "free_space_number": 10.0 }, "geometry": { "type": "Polygon", "coordinates": [ [ [ 1261793.896874761208892, 5543469.404702704399824 ], [ 1261893.896874761208892, 5543469.404702704399824 ], [ 1261893.896874761208892, 5543369.404702704399824 ], [ 1261793.896874761208892, 5543369.404702704399824 ], [ 1261793.896874761208892, 5543469.404702704399824 ] ] ] } },
{ "type": "Feature", "properties": { "id": 324, "left": 1261793.8968747612, "top": 5543369.4047027044, "right": 1261893.8968747612, "bottom": 5543269.4047027044, "row_index": 8, "col_index": 9, "Union_area": 2144.4362446591258, "Union_pc": 21.444362446559303, "rifter_edif_pl_area": 3302.9519479966257, "rifter_edif_pl_pc": 33.029519479917042, "aree-stradali-modified_area": 2231.3260123878717, "aree-stradali-modified_pc": 22.313260123845467, "Single parts_area": 2348.092218927357, "Single parts_pc": 23.48092218923858, "Dissolved_area": 0.0, "Dissolved_pc": 0.0, "free_space_number": 9.0 }, "geometry": { "type": "Polygon", "coordinates": [ [ [ 1261793.896874761208892, 5543369.404702704399824 ], [ 1261893.896874761208892, 5543369.404702704399824 ], [ 1261893.896874761208892, 5543269.404702704399824 ], [ 1261793.896874761208892, 5543269.404702704399824 ], [ 1261793.896874761208892, 5543369.404702704399824 ] ] ] } },
{ "type": "Feature", "properties": { "id": 325, "left": 1261793.8968747612, "top": 5543269.4047027044, "right": 1261893.8968747612, "bottom": 5543169.4047027044, "row_index": 9, "col_index": 9, "Union_area": 1054.5334681614768, "Union_pc": 10.545334681599053, "rifter_edif_pl_area": 2790.8306063273922, "rifter_edif_pl_pc": 27.908306063232335, "aree-stradali-modified_area": 4399.3547597527504, "aree-stradali-modified_pc": 43.993547597461948, "Single parts_area": 1863.1067889098695, "Single parts_pc": 18.631067889070934, "Dissolved_area": 0.0, "Dissolved_pc": 0.0, "free_space_number": 8.0 }, "geometry": { "type": "Polygon", "coordinates": [ [ [ 1261793.896874761208892, 5543269.404702704399824 ], [ 1261893.896874761208892, 5543269.404702704399824 ], [ 1261893.896874761208892, 5543169.404702704399824 ], [ 1261793.896874761208892, 5543169.404702704399824 ], [ 1261793.896874761208892, 5543269.404702704399824 ] ] ] } },
{ "type": "Feature", "properties": { "id": 326, "left": 1261793.8968747612, "top": 5543169.4047027044, "right": 1261893.8968747612, "bottom": 5543069.4047027044, "row_index": 10, "col_index": 9, "Union_area": 0.0, "Union_pc": 0.0, "rifter_edif_pl_area": 6721.2249836716801, "rifter_edif_pl_pc": 67.21224983661665, "aree-stradali-modified_area": 2011.4992579277605, "aree-stradali-modified_pc": 20.11499257924763, "Single parts_area": 1267.366138345702, "Single parts_pc": 12.673661383438134, "Dissolved_area": 0.0, "Dissolved_pc": 0.0, "free_space_number": 9.0 }, "geometry": { "type": "Polygon", "coordinates": [ [ [ 1261793.896874761208892, 5543169.404702704399824 ], [ 1261893.896874761208892, 5543169.404702704399824 ], [ 1261893.896874761208892, 5543069.404702704399824 ], [ 1261793.896874761208892, 5543069.404702704399824 ], [ 1261793.896874761208892, 5543169.404702704399824 ] ] ] } },
{ "type": "Feature", "properties": { "id": 327, "left": 1261793.8968747612, "top": 5543069.4047027044, "right": 1261893.8968747612, "bottom": 5542969.4047027044, "row_index": 11, "col_index": 9, "Union_area": 0.0, "Union_pc": 0.0, "rifter_edif_pl_area": 6719.6769552137703, "rifter_edif_pl_pc": 67.196769552037566, "aree-stradali-modified_area": 2264.602577932179, "aree-stradali-modified_pc": 22.646025779288045, "Single parts_area": 1015.8968514394345, "Single parts_pc": 10.158968514379207, "Dissolved_area": 0.0, "Dissolved_pc": 0.0, "free_space_number": 9.0 }, "geometry": { "type": "Polygon", "coordinates": [ [ [ 1261793.896874761208892, 5543069.404702704399824 ], [ 1261893.896874761208892, 5543069.404702704399824 ], [ 1261893.896874761208892, 5542969.404702704399824 ], [ 1261793.896874761208892, 5542969.404702704399824 ], [ 1261793.896874761208892, 5543069.404702704399824 ] ] ] } },
{ "type": "Feature", "properties": { "id": 328, "left": 1261793.8968747612, "top": 5542969.4047027044, "right": 1261893.8968747612, "bottom": 5542869.4047027044, "row_index": 12, "col_index": 9, "Union_area": 29.001304076984525, "Union_pc": 0.29001304076941309, "rifter_edif_pl_area": 3371.6443453434622, "rifter_edif_pl_pc": 33.716443453384379, "aree-stradali-modified_area": 5547.215150365606, "aree-stradali-modified_pc": 55.4721515035734, "Single parts_area": 1081.2282289490474, "Single parts_pc": 10.812282289474362, "Dissolved_area": 0.0, "Dissolved_pc": 0.0, "free_space_number": 7.0 }, "geometry": { "type": "Polygon", "coordinates": [ [ [ 1261793.896874761208892, 5542969.404702704399824 ], [ 1261893.896874761208892, 5542969.404702704399824 ], [ 1261893.896874761208892, 5542869.404702704399824 ], [ 1261793.896874761208892, 5542869.404702704399824 ], [ 1261793.896874761208892, 5542969.404702704399824 ] ] ] } },
{ "type": "Feature", "properties": { "id": 329, "left": 1261793.8968747612, "top": 5542869.4047027044, "right": 1261893.8968747612, "bottom": 5542769.4047027044, "row_index": 13, "col_index": 9, "Union_area": 937.6061002612114, "Union_pc": 9.3760610025981421, "rifter_edif_pl_area": 6427.1702384181553, "rifter_edif_pl_pc": 64.271702384085785, "aree-stradali-modified_area": 1381.0777121018618, "aree-stradali-modified_pc": 13.810777120998038, "Single parts_area": 1254.8328930503274, "Single parts_pc": 12.548328930484576, "Dissolved_area": 0.0, "Dissolved_pc": 0.0, "free_space_number": 15.0 }, "geometry": { "type": "Polygon", "coordinates": [ [ [ 1261793.896874761208892, 5542869.404702704399824 ], [ 1261893.896874761208892, 5542869.404702704399824 ], [ 1261893.896874761208892, 5542769.404702704399824 ], [ 1261793.896874761208892, 5542769.404702704399824 ], [ 1261793.896874761208892, 5542869.404702704399824 ] ] ] } },
{ "type": "Feature", "properties": { "id": 330, "left": 1261793.8968747612, "top": 5542769.4047027044, "right": 1261893.8968747612, "bottom": 5542669.4047027044, "row_index": 14, "col_index": 9, "Union_area": 1816.8516765292734, "Union_pc": 18.168516765265661, "rifter_edif_pl_area": 5333.6707703784341, "rifter_edif_pl_pc": 53.33670770370486, "aree-stradali-modified_area": 952.91522600501776, "aree-stradali-modified_pc": 9.5291522600359784, "Single parts_area": 1898.0586312909002, "Single parts_pc": 18.980586312880718, "Dissolved_area": 0.0, "Dissolved_pc": 0.0, "free_space_number": 9.0 }, "geometry": { "type": "Polygon", "coordinates": [ [ [ 1261793.896874761208892, 5542769.404702704399824 ], [ 1261893.896874761208892, 5542769.404702704399824 ], [ 1261893.896874761208892, 5542669.404702704399824 ], [ 1261793.896874761208892, 5542669.404702704399824 ], [ 1261793.896874761208892, 5542769.404702704399824 ] ] ] } },
{ "type": "Feature", "properties": { "id": 331, "left": 1261793.8968747612, "top": 5542669.4047027044, "right": 1261893.8968747612, "bottom": 5542569.4047027044, "row_index": 15, "col_index": 9, "Union_area": 262.05069891689345, "Union_pc": 2.6205069891650297, "rifter_edif_pl_area": 6246.0825145808049, "rifter_edif_pl_pc": 62.460825145714978, "aree-stradali-modified_area": 2704.1757390797138, "aree-stradali-modified_pc": 27.041757390756842, "Single parts_area": 1049.8110909959069, "Single parts_pc": 10.498110909943426, "Dissolved_area": 0.0, "Dissolved_pc": 0.0, "free_space_number": 8.0 }, "geometry": { "type": "Polygon", "coordinates": [ [ [ 1261793.896874761208892, 5542669.404702704399824 ], [ 1261893.896874761208892, 5542669.404702704399824 ], [ 1261893.896874761208892, 5542569.404702704399824 ], [ 1261793.896874761208892, 5542569.404702704399824 ], [ 1261793.896874761208892, 5542669.404702704399824 ] ] ] } },
{ "type": "Feature", "properties": { "id": 332, "left": 1261793.8968747612, "top": 5542569.4047027044, "right": 1261893.8968747612, "bottom": 5542469.4047027044, "row_index": 16, "col_index": 9, "Union_area": 108.2301534935832, "Union_pc": 1.0823015349342193, "rifter_edif_pl_area": 7876.6982244194951, "rifter_edif_pl_pc": 78.766982244077582, "aree-stradali-modified_area": 266.51634220778942, "aree-stradali-modified_pc": 2.6651634220739226, "Single parts_area": 1791.9039310484659, "Single parts_pc": 17.919039310457958, "Dissolved_area": 0.0, "Dissolved_pc": 0.0, "free_space_number": 20.0 }, "geometry": { "type": "Polygon", "coordinates": [ [ [ 1261793.896874761208892, 5542569.404702704399824 ], [ 1261893.896874761208892, 5542569.404702704399824 ], [ 1261893.896874761208892, 5542469.404702704399824 ], [ 1261793.896874761208892, 5542469.404702704399824 ], [ 1261793.896874761208892, 5542569.404702704399824 ] ] ] } },
{ "type": "Feature", "properties": { "id": 354, "left": 1261893.8968747612, "top": 5543869.4047027044, "right": 1261993.8968747612, "bottom": 5543769.4047027044, "row_index": 3, "col_index": 10, "Union_area": 672.18347390554845, "Union_pc": 6.7218347390454678, "rifter_edif_pl_area": 2365.790103551175, "rifter_edif_pl_pc": 23.657901035476495, "aree-stradali-modified_area": 4868.0682457685471, "aree-stradali-modified_pc": 48.680682457612932, "Single parts_area": 2766.2589498898014, "Single parts_pc": 27.662589498856793, "Dissolved_area": 0.0, "Dissolved_pc": 0.0, "free_space_number": 4.0 }, "geometry": { "type": "Polygon", "coordinates": [ [ [ 1261893.896874761208892, 5543869.404702704399824 ], [ 1261993.896874761208892, 5543869.404702704399824 ], [ 1261993.896874761208892, 5543769.404702704399824 ], [ 1261893.896874761208892, 5543769.404702704399824 ], [ 1261893.896874761208892, 5543869.404702704399824 ] ] ] } },
{ "type": "Feature", "properties": { "id": 355, "left": 1261893.8968747612, "top": 5543769.4047027044, "right": 1261993.8968747612, "bottom": 5543669.4047027044, "row_index": 4, "col_index": 10, "Union_area": 385.01555542647839, "Union_pc": 3.8501555542590467, "rifter_edif_pl_area": 5984.7057380718179, "rifter_edif_pl_pc": 59.847057380629003, "aree-stradali-modified_area": 1729.7610308527946, "aree-stradali-modified_pc": 17.297610308502172, "Single parts_area": 2285.5332310847007, "Single parts_pc": 22.855332310812951, "Dissolved_area": 0.0, "Dissolved_pc": 0.0, "free_space_number": 2.0 }, "geometry": { "type": "Polygon", "coordinates": [ [ [ 1261893.896874761208892, 5543769.404702704399824 ], [ 1261993.896874761208892, 5543769.404702704399824 ], [ 1261993.896874761208892, 5543669.404702704399824 ], [ 1261893.896874761208892, 5543669.404702704399824 ], [ 1261893.896874761208892, 5543769.404702704399824 ] ] ] } },
{ "type": "Feature", "properties": { "id": 356, "left": 1261893.8968747612, "top": 5543669.4047027044, "right": 1261993.8968747612, "bottom": 5543569.4047027044, "row_index": 5, "col_index": 10, "Union_area": 230.09570048749447, "Union_pc": 2.300957004871516, "rifter_edif_pl_area": 3490.189501285553, "rifter_edif_pl_pc": 34.901895012803521, "aree-stradali-modified_area": 3483.915001809597, "aree-stradali-modified_pc": 34.839150018044059, "Single parts_area": 2816.1722185967956, "Single parts_pc": 28.161722185925992, "Dissolved_area": 0.0, "Dissolved_pc": 0.0, "free_space_number": 6.0 }, "geometry": { "type": "Polygon", "coordinates": [ [ [ 1261893.896874761208892, 5543669.404702704399824 ], [ 1261993.896874761208892, 5543669.404702704399824 ], [ 1261993.896874761208892, 5543569.404702704399824 ], [ 1261893.896874761208892, 5543569.404702704399824 ], [ 1261893.896874761208892, 5543669.404702704399824 ] ] ] } },
{ "type": "Feature", "properties": { "id": 357, "left": 1261893.8968747612, "top": 5543569.4047027044, "right": 1261993.8968747612, "bottom": 5543469.4047027044, "row_index": 6, "col_index": 10, "Union_area": 7555.0504570021203, "Union_pc": 75.550504569908625, "rifter_edif_pl_area": 1979.3398246569559, "rifter_edif_pl_pc": 19.793398246540065, "aree-stradali-modified_area": 1109.6727080137935, "aree-stradali-modified_pc": 11.096727080121399, "Single parts_area": 562.64622325645064, "Single parts_pc": 5.626462232556122, "Dissolved_area": 0.0, "Dissolved_pc": 0.0, "free_space_number": 11.0 }, "geometry": { "type": "Polygon", "coordinates": [ [ [ 1261893.896874761208892, 5543569.404702704399824 ], [ 1261993.896874761208892, 5543569.404702704399824 ], [ 1261993.896874761208892, 5543469.404702704399824 ], [ 1261893.896874761208892, 5543469.404702704399824 ], [ 1261893.896874761208892, 5543569.404702704399824 ] ] ] } },
{ "type": "Feature", "properties": { "id": 358, "left": 1261893.8968747612, "top": 5543469.4047027044, "right": 1261993.8968747612, "bottom": 5543369.4047027044, "row_index": 7, "col_index": 10, "Union_area": 1977.8201961340383, "Union_pc": 19.778201961310909, "rifter_edif_pl_area": 3125.8476425688714, "rifter_edif_pl_pc": 31.258476425642137, "aree-stradali-modified_area": 441.33228078484535, "aree-stradali-modified_pc": 4.4133228078418769, "Single parts_area": 4526.8241156141739, "Single parts_pc": 45.268241156074282, "Dissolved_area": 0.0, "Dissolved_pc": 0.0, "free_space_number": 5.0 }, "geometry": { "type": "Polygon", "coordinates": [ [ [ 1261893.896874761208892, 5543469.404702704399824 ], [ 1261993.896874761208892, 5543469.404702704399824 ], [ 1261993.896874761208892, 5543369.404702704399824 ], [ 1261893.896874761208892, 5543369.404702704399824 ], [ 1261893.896874761208892, 5543469.404702704399824 ] ] ] } },
{ "type": "Feature", "properties": { "id": 359, "left": 1261893.8968747612, "top": 5543369.4047027044, "right": 1261993.8968747612, "bottom": 5543269.4047027044, "row_index": 8, "col_index": 10, "Union_area": 1579.0894703541417, "Union_pc": 15.790894703517887, "rifter_edif_pl_area": 1332.4719688219484, "rifter_edif_pl_pc": 13.324719688199629, "aree-stradali-modified_area": 2368.7437045127153, "aree-stradali-modified_pc": 23.687437045091855, "Single parts_area": 4780.3912142077461, "Single parts_pc": 47.803912142006226, "Dissolved_area": 0.0, "Dissolved_pc": 0.0, "free_space_number": 6.0 }, "geometry": { "type": "Polygon", "coordinates": [ [ [ 1261893.896874761208892, 5543369.404702704399824 ], [ 1261993.896874761208892, 5543369.404702704399824 ], [ 1261993.896874761208892, 5543269.404702704399824 ], [ 1261893.896874761208892, 5543269.404702704399824 ], [ 1261893.896874761208892, 5543369.404702704399824 ] ] ] } },
{ "type": "Feature", "properties": { "id": 360, "left": 1261893.8968747612, "top": 5543269.4047027044, "right": 1261993.8968747612, "bottom": 5543169.4047027044, "row_index": 9, "col_index": 10, "Union_area": 6724.1632071002387, "Union_pc": 67.241632070902185, "rifter_edif_pl_area": 189.18241387605667, "rifter_edif_pl_pc": 1.8918241387577477, "aree-stradali-modified_area": 576.13354558870196, "aree-stradali-modified_pc": 5.7613354558784344, "Single parts_area": 2510.6879261220574, "Single parts_pc": 25.106879261183163, "Dissolved_area": 0.0, "Dissolved_pc": 0.0, "free_space_number": 5.0 }, "geometry": { "type": "Polygon", "coordinates": [ [ [ 1261893.896874761208892, 5543269.404702704399824 ], [ 1261993.896874761208892, 5543269.404702704399824 ], [ 1261993.896874761208892, 5543169.404702704399824 ], [ 1261893.896874761208892, 5543169.404702704399824 ], [ 1261893.896874761208892, 5543269.404702704399824 ] ] ] } },
{ "type": "Feature", "properties": { "id": 361, "left": 1261893.8968747612, "top": 5543169.4047027044, "right": 1261993.8968747612, "bottom": 5543069.4047027044, "row_index": 10, "col_index": 10, "Union_area": 5957.507473251535, "Union_pc": 59.575074732426579, "rifter_edif_pl_area": 901.802773732692, "rifter_edif_pl_pc": 9.0180277373134814, "aree-stradali-modified_area": 711.51953370682895, "aree-stradali-modified_pc": 7.1151953370576875, "Single parts_area": 2429.3646120301128, "Single parts_pc": 24.293646120264928, "Dissolved_area": 0.0, "Dissolved_pc": 0.0, "free_space_number": 2.0 }, "geometry": { "type": "Polygon", "coordinates": [ [ [ 1261893.896874761208892, 5543169.404702704399824 ], [ 1261993.896874761208892, 5543169.404702704399824 ], [ 1261993.896874761208892, 5543069.404702704399824 ], [ 1261893.896874761208892, 5543069.404702704399824 ], [ 1261893.896874761208892, 5543169.404702704399824 ] ] ] } },
{ "type": "Feature", "properties": { "id": 362, "left": 1261893.8968747612, "top": 5543069.4047027044, "right": 1261993.8968747612, "bottom": 5542969.4047027044, "row_index": 11, "col_index": 10, "Union_area": 4738.5500810537487, "Union_pc": 47.38550081046688, "rifter_edif_pl_area": 1453.2239091470838, "rifter_edif_pl_pc": 14.532239091449183, "aree-stradali-modified_area": 0.0, "aree-stradali-modified_pc": 0.0, "Single parts_area": 3808.3309113807045, "Single parts_pc": 38.083309113750296, "Dissolved_area": 0.0, "Dissolved_pc": 0.0, "free_space_number": 2.0 }, "geometry": { "type": "Polygon", "coordinates": [ [ [ 1261893.896874761208892, 5543069.404702704399824 ], [ 1261993.896874761208892, 5543069.404702704399824 ], [ 1261993.896874761208892, 5542969.404702704399824 ], [ 1261893.896874761208892, 5542969.404702704399824 ], [ 1261893.896874761208892, 5543069.404702704399824 ] ] ] } },
{ "type": "Feature", "properties": { "id": 363, "left": 1261893.8968747612, "top": 5542969.4047027044, "right": 1261993.8968747612, "bottom": 5542869.4047027044, "row_index": 12, "col_index": 10, "Union_area": 213.4766380963847, "Union_pc": 2.1347663809606661, "rifter_edif_pl_area": 5057.0452046925202, "rifter_edif_pl_pc": 50.570452046849844, "aree-stradali-modified_area": 4536.5369473546743, "aree-stradali-modified_pc": 45.365369473479142, "Single parts_area": 406.42509670322829, "Single parts_pc": 4.0642509670262266, "Dissolved_area": 0.0, "Dissolved_pc": 0.0, "free_space_number": 5.0 }, "geometry": { "type": "Polygon", "coordinates": [ [ [ 1261893.896874761208892, 5542969.404702704399824 ], [ 1261993.896874761208892, 5542969.404702704399824 ], [ 1261993.896874761208892, 5542869.404702704399824 ], [ 1261893.896874761208892, 5542869.404702704399824 ], [ 1261893.896874761208892, 5542969.404702704399824 ] ] ] } },
{ "type": "Feature", "properties": { "id": 364, "left": 1261893.8968747612, "top": 5542869.4047027044, "right": 1261993.8968747612, "bottom": 5542769.4047027044, "row_index": 13, "col_index": 10, "Union_area": 0.0, "Union_pc": 0.0, "rifter_edif_pl_area": 6364.1543864948326, "rifter_edif_pl_pc": 63.641543864853496, "aree-stradali-modified_area": 2582.741957962513, "aree-stradali-modified_pc": 25.827419579586643, "Single parts_area": 1053.3362761930237, "Single parts_pc": 10.533362761914541, "Dissolved_area": 0.0, "Dissolved_pc": 0.0, "free_space_number": 10.0 }, "geometry": { "type": "Polygon", "coordinates": [ [ [ 1261893.896874761208892, 5542869.404702704399824 ], [ 1261993.896874761208892, 5542869.404702704399824 ], [ 1261993.896874761208892, 5542769.404702704399824 ], [ 1261893.896874761208892, 5542769.404702704399824 ], [ 1261893.896874761208892, 5542869.404702704399824 ] ] ] } },
{ "type": "Feature", "properties": { "id": 365, "left": 1261893.8968747612, "top": 5542769.4047027044, "right": 1261993.8968747612, "bottom": 5542669.4047027044, "row_index": 14, "col_index": 10, "Union_area": 282.27956021949649, "Union_pc": 2.8227956021907588, "rifter_edif_pl_area": 5735.7071921825409, "rifter_edif_pl_pc": 57.357071921739937, "aree-stradali-modified_area": 2711.0689188838005, "aree-stradali-modified_pc": 27.110689188797608, "Single parts_area": 1271.0254761357044, "Single parts_pc": 12.710254761338105, "Dissolved_area": 0.0, "Dissolved_pc": 0.0, "free_space_number": 10.0 }, "geometry": { "type": "Polygon", "coordinates": [ [ [ 1261893.896874761208892, 5542769.404702704399824 ], [ 1261993.896874761208892, 5542769.404702704399824 ], [ 1261993.896874761208892, 5542669.404702704399824 ], [ 1261893.896874761208892, 5542669.404702704399824 ], [ 1261893.896874761208892, 5542769.404702704399824 ] ] ] } },
{ "type": "Feature", "properties": { "id": 366, "left": 1261893.8968747612, "top": 5542669.4047027044, "right": 1261993.8968747612, "bottom": 5542569.4047027044, "row_index": 15, "col_index": 10, "Union_area": 0.0, "Union_pc": 0.0, "rifter_edif_pl_area": 7599.6600259933621, "rifter_edif_pl_pc": 75.996600259820383, "aree-stradali-modified_area": 474.69807207677513, "aree-stradali-modified_pc": 4.7469807207606776, "Single parts_area": 1925.6419018470606, "Single parts_pc": 19.256419018441914, "Dissolved_area": 0.0, "Dissolved_pc": 0.0, "free_space_number": 7.0 }, "geometry": { "type": "Polygon", "coordinates": [ [ [ 1261893.896874761208892, 5542669.404702704399824 ], [ 1261993.896874761208892, 5542669.404702704399824 ], [ 1261993.896874761208892, 5542569.404702704399824 ], [ 1261893.896874761208892, 5542569.404702704399824 ], [ 1261893.896874761208892, 5542669.404702704399824 ] ] ] } },
{ "type": "Feature", "properties": { "id": 367, "left": 1261893.8968747612, "top": 5542569.4047027044, "right": 1261993.8968747612, "bottom": 5542469.4047027044, "row_index": 16, "col_index": 10, "Union_area": 0.0, "Union_pc": 0.0, "rifter_edif_pl_area": 7411.0276276976801, "rifter_edif_pl_pc": 74.110276276866372, "aree-stradali-modified_area": 1238.258215201553, "aree-stradali-modified_pc": 12.382582151997077, "Single parts_area": 1350.9736090926453, "Single parts_pc": 13.509736090906323, "Dissolved_area": 0.0, "Dissolved_pc": 0.0, "free_space_number": 19.0 }, "geometry": { "type": "Polygon", "coordinates": [ [ [ 1261893.896874761208892, 5542569.404702704399824 ], [ 1261993.896874761208892, 5542569.404702704399824 ], [ 1261993.896874761208892, 5542469.404702704399824 ], [ 1261893.896874761208892, 5542469.404702704399824 ], [ 1261893.896874761208892, 5542569.404702704399824 ] ] ] } },
{ "type": "Feature", "properties": { "id": 388, "left": 1261993.8968747612, "top": 5543969.4047027044, "right": 1262093.8968747612, "bottom": 5543869.4047027044, "row_index": 2, "col_index": 11, "Union_area": 783.29109883937053, "Union_pc": 7.8329109883820331, "rifter_edif_pl_area": 2515.5310705602169, "rifter_edif_pl_pc": 25.155310705564684, "aree-stradali-modified_area": 4333.4955019019544, "aree-stradali-modified_pc": 43.334955018954972, "Single parts_area": 2042.7764138765633, "Single parts_pc": 20.427764138735192, "Dissolved_area": 0.0, "Dissolved_pc": 0.0, "free_space_number": 3.0 }, "geometry": { "type": "Polygon", "coordinates": [ [ [ 1261993.896874761208892, 5543969.404702704399824 ], [ 1262093.896874761208892, 5543969.404702704399824 ], [ 1262093.896874761208892, 5543869.404702704399824 ], [ 1261993.896874761208892, 5543869.404702704399824 ], [ 1261993.896874761208892, 5543969.404702704399824 ] ] ] } },
{ "type": "Feature", "properties": { "id": 389, "left": 1261993.8968747612, "top": 5543869.4047027044, "right": 1262093.8968747612, "bottom": 5543769.4047027044, "row_index": 3, "col_index": 11, "Union_area": 5278.0732625722885, "Union_pc": 52.780732625644234, "rifter_edif_pl_area": 241.81415735650808, "rifter_edif_pl_pc": 2.4181415735614773, "aree-stradali-modified_area": 5177.6249464154243, "aree-stradali-modified_pc": 51.77624946407709, "Single parts_area": 356.33267194102518, "Single parts_pc": 3.5633267194049418, "Dissolved_area": 0.0, "Dissolved_pc": 0.0, "free_space_number": 2.0 }, "geometry": { "type": "Polygon", "coordinates": [ [ [ 1261993.896874761208892, 5543869.404702704399824 ], [ 1262093.896874761208892, 5543869.404702704399824 ], [ 1262093.896874761208892, 5543769.404702704399824 ], [ 1261993.896874761208892, 5543769.404702704399824 ], [ 1261993.896874761208892, 5543869.404702704399824 ] ] ] } },
{ "type": "Feature", "properties": { "id": 390, "left": 1261993.8968747612, "top": 5543769.4047027044, "right": 1262093.8968747612, "bottom": 5543669.4047027044, "row_index": 4, "col_index": 11, "Union_area": 1201.2488477984443, "Union_pc": 12.012488477966544, "rifter_edif_pl_area": 5388.9101345431991, "rifter_edif_pl_pc": 53.88910134535169, "aree-stradali-modified_area": 1103.636220395565, "aree-stradali-modified_pc": 11.036362203939206, "Single parts_area": 2307.1397292623296, "Single parts_pc": 23.071397292588916, "Dissolved_area": 0.0, "Dissolved_pc": 0.0, "free_space_number": 4.0 }, "geometry": { "type": "Polygon", "coordinates": [ [ [ 1261993.896874761208892, 5543769.404702704399824 ], [ 1262093.896874761208892, 5543769.404702704399824 ], [ 1262093.896874761208892, 5543669.404702704399824 ], [ 1261993.896874761208892, 5543669.404702704399824 ], [ 1261993.896874761208892, 5543769.404702704399824 ] ] ] } },
{ "type": "Feature", "properties": { "id": 391, "left": 1261993.8968747612, "top": 5543669.4047027044, "right": 1262093.8968747612, "bottom": 5543569.4047027044, "row_index": 5, "col_index": 11, "Union_area": 654.21707033738494, "Union_pc": 6.5421707033641008, "rifter_edif_pl_area": 3402.770113363862, "rifter_edif_pl_pc": 34.027701133587918, "aree-stradali-modified_area": 2490.0433167349547, "aree-stradali-modified_pc": 24.900433167312443, "Single parts_area": 3453.1393680842593, "Single parts_pc": 34.53139368079114, "Dissolved_area": 0.0, "Dissolved_pc": 0.0, "free_space_number": 3.0 }, "geometry": { "type": "Polygon", "coordinates": [ [ [ 1261993.896874761208892, 5543669.404702704399824 ], [ 1262093.896874761208892, 5543669.404702704399824 ], [ 1262093.896874761208892, 5543569.404702704399824 ], [ 1261993.896874761208892, 5543569.404702704399824 ], [ 1261993.896874761208892, 5543669.404702704399824 ] ] ] } },
{ "type": "Feature", "properties": { "id": 392, "left": 1261993.8968747612, "top": 5543569.4047027044, "right": 1262093.8968747612, "bottom": 5543469.4047027044, "row_index": 6, "col_index": 11, "Union_area": 1184.9962065201253, "Union_pc": 11.849962065183595, "rifter_edif_pl_area": 4809.5887328609824, "rifter_edif_pl_pc": 48.095887328538154, "aree-stradali-modified_area": 4059.5122464895248, "aree-stradali-modified_pc": 40.595122464834759, "Single parts_area": 976.5810904680402, "Single parts_pc": 9.7658109046658499, "Dissolved_area": 0.0, "Dissolved_pc": 0.0, "free_space_number": 3.0 }, "geometry": { "type": "Polygon", "coordinates": [ [ [ 1261993.896874761208892, 5543569.404702704399824 ], [ 1262093.896874761208892, 5543569.404702704399824 ], [ 1262093.896874761208892, 5543469.404702704399824 ], [ 1261993.896874761208892, 5543469.404702704399824 ], [ 1261993.896874761208892, 5543569.404702704399824 ] ] ] } },
{ "type": "Feature", "properties": { "id": 393, "left": 1261993.8968747612, "top": 5543469.4047027044, "right": 1262093.8968747612, "bottom": 5543369.4047027044, "row_index": 7, "col_index": 11, "Union_area": 3396.7840849421918, "Union_pc": 33.967840849371299, "rifter_edif_pl_area": 2430.4990265034139, "rifter_edif_pl_pc": 24.304990264997922, "aree-stradali-modified_area": 1797.3392250686884, "aree-stradali-modified_pc": 17.973392250660101, "Single parts_area": 2442.3957607815973, "Single parts_pc": 24.423957607779577, "Dissolved_area": 0.0, "Dissolved_pc": 0.0, "free_space_number": 6.0 }, "geometry": { "type": "Polygon", "coordinates": [ [ [ 1261993.896874761208892, 5543469.404702704399824 ], [ 1262093.896874761208892, 5543469.404702704399824 ], [ 1262093.896874761208892, 5543369.404702704399824 ], [ 1261993.896874761208892, 5543369.404702704399824 ], [ 1261993.896874761208892, 5543469.404702704399824 ] ] ] } },
{ "type": "Feature", "properties": { "id": 394, "left": 1261993.8968747612, "top": 5543369.4047027044, "right": 1262093.8968747612, "bottom": 5543269.4047027044, "row_index": 8, "col_index": 11, "Union_area": 2849.8061448682565, "Union_pc": 28.498061448640101, "rifter_edif_pl_area": 3830.4082177896053, "rifter_edif_pl_pc": 38.304082177838978, "aree-stradali-modified_area": 1734.4528512954712, "aree-stradali-modified_pc": 17.344528512928868, "Single parts_area": 1749.0567441033199, "Single parts_pc": 17.490567441007137, "Dissolved_area": 0.0, "Dissolved_pc": 0.0, "free_space_number": 5.0 }, "geometry": { "type": "Polygon", "coordinates": [ [ [ 1261993.896874761208892, 5543369.404702704399824 ], [ 1262093.896874761208892, 5543369.404702704399824 ], [ 1262093.896874761208892, 5543269.404702704399824 ], [ 1261993.896874761208892, 5543269.404702704399824 ], [ 1261993.896874761208892, 5543369.404702704399824 ] ] ] } },
{ "type": "Feature", "properties": { "id": 395, "left": 1261993.8968747612, "top": 5543269.4047027044, "right": 1262093.8968747612, "bottom": 5543169.4047027044, "row_index": 9, "col_index": 11, "Union_area": 3775.1390028279275, "Union_pc": 37.751390028223021, "rifter_edif_pl_area": 3064.1743616638705, "rifter_edif_pl_pc": 30.641743616593047, "aree-stradali-modified_area": 1798.1391737908125, "aree-stradali-modified_pc": 17.981391737881331, "Single parts_area": 1521.7396880844608, "Single parts_pc": 15.217396880821932, "Dissolved_area": 0.0, "Dissolved_pc": 0.0, "free_space_number": 10.0 }, "geometry": { "type": "Polygon", "coordinates": [ [ [ 1261993.896874761208892, 5543269.404702704399824 ], [ 1262093.896874761208892, 5543269.404702704399824 ], [ 1262093.896874761208892, 5543169.404702704399824 ], [ 1261993.896874761208892, 5543169.404702704399824 ], [ 1261993.896874761208892, 5543269.404702704399824 ] ] ] } },
{ "type": "Feature", "properties": { "id": 396, "left": 1261993.8968747612, "top": 5543169.4047027044, "right": 1262093.8968747612, "bottom": 5543069.4047027044, "row_index": 10, "col_index": 11, "Union_area": 6712.801430493826, "Union_pc": 67.128014304838231, "rifter_edif_pl_area": 1305.7626122077927, "rifter_edif_pl_pc": 13.057626122058469, "aree-stradali-modified_area": 859.64605698734522, "aree-stradali-modified_pc": 8.5964605698606427, "Single parts_area": 1412.2506110984832, "Single parts_pc": 14.122506110963787, "Dissolved_area": 0.0, "Dissolved_pc": 0.0, "free_space_number": 7.0 }, "geometry": { "type": "Polygon", "coordinates": [ [ [ 1261993.896874761208892, 5543169.404702704399824 ], [ 1262093.896874761208892, 5543169.404702704399824 ], [ 1262093.896874761208892, 5543069.404702704399824 ], [ 1261993.896874761208892, 5543069.404702704399824 ], [ 1261993.896874761208892, 5543169.404702704399824 ] ] ] } },
{ "type": "Feature", "properties": { "id": 397, "left": 1261993.8968747612, "top": 5543069.4047027044, "right": 1262093.8968747612, "bottom": 5542969.4047027044, "row_index": 11, "col_index": 11, "Union_area": 4902.1922641852871, "Union_pc": 49.021922641779824, "rifter_edif_pl_area": 1783.3415251877159, "rifter_edif_pl_pc": 17.833415251850585, "aree-stradali-modified_area": 1195.0777638293803, "aree-stradali-modified_pc": 11.950777638275994, "Single parts_area": 2281.1085343714803, "Single parts_pc": 22.811085343680812, "Dissolved_area": 0.0, "Dissolved_pc": 0.0, "free_space_number": 2.0 }, "geometry": { "type": "Polygon", "coordinates": [ [ [ 1261993.896874761208892, 5543069.404702704399824 ], [ 1262093.896874761208892, 5543069.404702704399824 ], [ 1262093.896874761208892, 5542969.404702704399824 ], [ 1261993.896874761208892, 5542969.404702704399824 ], [ 1261993.896874761208892, 5543069.404702704399824 ] ] ] } },
{ "type": "Feature", "properties": { "id": 398, "left": 1261993.8968747612, "top": 5542969.4047027044, "right": 1262093.8968747612, "bottom": 5542869.4047027044, "row_index": 12, "col_index": 11, "Union_area": 1368.6982588768005, "Union_pc": 13.686982588747609, "rifter_edif_pl_area": 4280.1090871852357, "rifter_edif_pl_pc": 42.801090871788581, "aree-stradali-modified_area": 2843.7104285955429, "aree-stradali-modified_pc": 28.437104285913055, "Single parts_area": 1598.1253159815963, "Single parts_pc": 15.98125315979215, "Dissolved_area": 0.0, "Dissolved_pc": 0.0, "free_space_number": 5.0 }, "geometry": { "type": "Polygon", "coordinates": [ [ [ 1261993.896874761208892, 5542969.404702704399824 ], [ 1262093.896874761208892, 5542969.404702704399824 ], [ 1262093.896874761208892, 5542869.404702704399824 ], [ 1261993.896874761208892, 5542869.404702704399824 ], [ 1261993.896874761208892, 5542969.404702704399824 ] ] ] } },
{ "type": "Feature", "properties": { "id": 399, "left": 1261993.8968747612, "top": 5542869.4047027044, "right": 1262093.8968747612, "bottom": 5542769.4047027044, "row_index": 13, "col_index": 11, "Union_area": 772.06583447486628, "Union_pc": 7.7206583447371582, "rifter_edif_pl_area": 5918.1291175988736, "rifter_edif_pl_pc": 59.181291175900547, "aree-stradali-modified_area": 1621.2392966002226, "aree-stradali-modified_pc": 16.212392965978069, "Single parts_area": 1689.3444399090752, "Single parts_pc": 16.893444399065579, "Dissolved_area": 0.0, "Dissolved_pc": 0.0, "free_space_number": 8.0 }, "geometry": { "type": "Polygon", "coordinates": [ [ [ 1261993.896874761208892, 5542869.404702704399824 ], [ 1262093.896874761208892, 5542869.404702704399824 ], [ 1262093.896874761208892, 5542769.404702704399824 ], [ 1261993.896874761208892, 5542769.404702704399824 ], [ 1261993.896874761208892, 5542869.404702704399824 ] ] ] } },
{ "type": "Feature", "properties": { "id": 400, "left": 1261993.8968747612, "top": 5542769.4047027044, "right": 1262093.8968747612, "bottom": 5542669.4047027044, "row_index": 14, "col_index": 11, "Union_area": 0.0, "Union_pc": 0.0, "rifter_edif_pl_area": 8388.8592039803043, "rifter_edif_pl_pc": 83.888592039678045, "aree-stradali-modified_area": 1496.1425895541906, "aree-stradali-modified_pc": 14.961425895519612, "Single parts_area": 115.01385867642603, "Single parts_pc": 1.1501385867625464, "Dissolved_area": 0.0, "Dissolved_pc": 0.0, "free_space_number": 5.0 }, "geometry": { "type": "Polygon", "coordinates": [ [ [ 1261993.896874761208892, 5542769.404702704399824 ], [ 1262093.896874761208892, 5542769.404702704399824 ], [ 1262093.896874761208892, 5542669.404702704399824 ], [ 1261993.896874761208892, 5542669.404702704399824 ], [ 1261993.896874761208892, 5542769.404702704399824 ] ] ] } },
{ "type": "Feature", "properties": { "id": 401, "left": 1261993.8968747612, "top": 5542669.4047027044, "right": 1262093.8968747612, "bottom": 5542569.4047027044, "row_index": 15, "col_index": 11, "Union_area": 0.0, "Union_pc": 0.0, "rifter_edif_pl_area": 4469.4109304994345, "rifter_edif_pl_pc": 44.694109304927743, "aree-stradali-modified_area": 2800.9194941073656, "aree-stradali-modified_pc": 28.009194941031918, "Single parts_area": 144.71534810434969, "Single parts_pc": 1.4471534810413405, "Dissolved_area": 0.0, "Dissolved_pc": 0.0, "free_space_number": 3.0 }, "geometry": { "type": "Polygon", "coordinates": [ [ [ 1261993.896874761208892, 5542669.404702704399824 ], [ 1262093.896874761208892, 5542669.404702704399824 ], [ 1262093.896874761208892, 5542569.404702704399824 ], [ 1261993.896874761208892, 5542569.404702704399824 ], [ 1261993.896874761208892, 5542669.404702704399824 ] ] ] } },
{ "type": "Feature", "properties": { "id": 402, "left": 1261993.8968747612, "top": 5542569.4047027044, "right": 1262093.8968747612, "bottom": 5542469.4047027044, "row_index": 16, "col_index": 11, "Union_area": 0.0, "Union_pc": 0.0, "rifter_edif_pl_area": 4701.3388183815405, "rifter_edif_pl_pc": 47.013388183745349, "aree-stradali-modified_area": 4503.5095174144953, "aree-stradali-modified_pc": 45.035095174077846, "Single parts_area": 220.30075123906136, "Single parts_pc": 2.2030075123873307, "Dissolved_area": 0.0, "Dissolved_pc": 0.0, "free_space_number": 6.0 }, "geometry": { "type": "Polygon", "coordinates": [ [ [ 1261993.896874761208892, 5542569.404702704399824 ], [ 1262093.896874761208892, 5542569.404702704399824 ], [ 1262093.896874761208892, 5542469.404702704399824 ], [ 1261993.896874761208892, 5542469.404702704399824 ], [ 1261993.896874761208892, 5542569.404702704399824 ] ] ] } },
{ "type": "Feature", "properties": { "id": 423, "left": 1262093.8968747612, "top": 5543969.4047027044, "right": 1262193.8968747612, "bottom": 5543869.4047027044, "row_index": 2, "col_index": 12, "Union_area": 2478.787681696238, "Union_pc": 24.787876816925444, "rifter_edif_pl_area": 744.11476709973067, "rifter_edif_pl_pc": 7.4411476709862185, "aree-stradali-modified_area": 1331.7408119337633, "aree-stradali-modified_pc": 13.317408119317788, "Single parts_area": 1022.5583977829519, "Single parts_pc": 10.225583977814281, "Dissolved_area": 0.0, "Dissolved_pc": 0.0, "free_space_number": 4.0 }, "geometry": { "type": "Polygon", "coordinates": [ [ [ 1262093.896874761208892, 5543969.404702704399824 ], [ 1262193.896874761208892, 5543969.404702704399824 ], [ 1262193.896874761208892, 5543869.404702704399824 ], [ 1262093.896874761208892, 5543869.404702704399824 ], [ 1262093.896874761208892, 5543969.404702704399824 ] ] ] } },
{ "type": "Feature", "properties": { "id": 424, "left": 1262093.8968747612, "top": 5543869.4047027044, "right": 1262193.8968747612, "bottom": 5543769.4047027044, "row_index": 3, "col_index": 12, "Union_area": 7894.0149051304907, "Union_pc": 78.940149051187277, "rifter_edif_pl_area": 223.587582282722, "rifter_edif_pl_pc": 2.2358758228238882, "aree-stradali-modified_area": 2166.6097196564078, "aree-stradali-modified_pc": 21.666097196531794, "Single parts_area": 405.3295841217041, "Single parts_pc": 4.0532958412110007, "Dissolved_area": 0.0, "Dissolved_pc": 0.0, "free_space_number": 3.0 }, "geometry": { "type": "Polygon", "coordinates": [ [ [ 1262093.896874761208892, 5543869.404702704399824 ], [ 1262193.896874761208892, 5543869.404702704399824 ], [ 1262193.896874761208892, 5543769.404702704399824 ], [ 1262093.896874761208892, 5543769.404702704399824 ], [ 1262093.896874761208892, 5543869.404702704399824 ] ] ] } },
{ "type": "Feature", "properties": { "id": 425, "left": 1262093.8968747612, "top": 5543769.4047027044, "right": 1262193.8968747612, "bottom": 5543669.4047027044, "row_index": 4, "col_index": 12, "Union_area": 917.27926689386368, "Union_pc": 9.1727926689249681, "rifter_edif_pl_area": 3154.9862142503262, "rifter_edif_pl_pc": 31.549862142456249, "aree-stradali-modified_area": 3982.7500277273357, "aree-stradali-modified_pc": 39.827500277214007, "Single parts_area": 1945.5202339794953, "Single parts_pc": 19.455202339765961, "Dissolved_area": 0.0, "Dissolved_pc": 0.0, "free_space_number": 8.0 }, "geometry": { "type": "Polygon", "coordinates": [ [ [ 1262093.896874761208892, 5543769.404702704399824 ], [ 1262193.896874761208892, 5543769.404702704399824 ], [ 1262193.896874761208892, 5543669.404702704399824 ], [ 1262093.896874761208892, 5543669.404702704399824 ], [ 1262093.896874761208892, 5543769.404702704399824 ] ] ] } },
{ "type": "Feature", "properties": { "id": 426, "left": 1262093.8968747612, "top": 5543669.4047027044, "right": 1262193.8968747612, "bottom": 5543569.4047027044, "row_index": 5, "col_index": 12, "Union_area": 1003.2608339637518, "Union_pc": 10.032608339622568, "rifter_edif_pl_area": 5590.2769779842347, "rifter_edif_pl_pc": 55.902769779759048, "aree-stradali-modified_area": 2404.3164125531912, "aree-stradali-modified_pc": 24.043164125496084, "Single parts_area": 1011.9395013331887, "Single parts_pc": 10.119395013316808, "Dissolved_area": 0.0, "Dissolved_pc": 0.0, "free_space_number": 8.0 }, "geometry": { "type": "Polygon", "coordinates": [ [ [ 1262093.896874761208892, 5543669.404702704399824 ], [ 1262193.896874761208892, 5543669.404702704399824 ], [ 1262193.896874761208892, 5543569.404702704399824 ], [ 1262093.896874761208892, 5543569.404702704399824 ], [ 1262093.896874761208892, 5543669.404702704399824 ] ] ] } },
{ "type": "Feature", "properties": { "id": 427, "left": 1262093.8968747612, "top": 5543569.4047027044, "right": 1262193.8968747612, "bottom": 5543469.4047027044, "row_index": 6, "col_index": 12, "Union_area": 0.0, "Union_pc": 0.0, "rifter_edif_pl_area": 5008.1199065372348, "rifter_edif_pl_pc": 50.081199065297724, "aree-stradali-modified_area": 3318.4622099846601, "aree-stradali-modified_pc": 33.184622099797153, "Single parts_area": 1673.9571177377366, "Single parts_pc": 16.739571177352421, "Dissolved_area": 0.0, "Dissolved_pc": 0.0, "free_space_number": 4.0 }, "geometry": { "type": "Polygon", "coordinates": [ [ [ 1262093.896874761208892, 5543569.404702704399824 ], [ 1262193.896874761208892, 5543569.404702704399824 ], [ 1262193.896874761208892, 5543469.404702704399824 ], [ 1262093.896874761208892, 5543469.404702704399824 ], [ 1262093.896874761208892, 5543569.404702704399824 ] ] ] } },
{ "type": "Feature", "properties": { "id": 428, "left": 1262093.8968747612, "top": 5543469.4047027044, "right": 1262193.8968747612, "bottom": 5543369.4047027044, "row_index": 7, "col_index": 12, "Union_area": 314.06501227151603, "Union_pc": 3.1406501227104804, "rifter_edif_pl_area": 4424.7997006811202, "rifter_edif_pl_pc": 44.247997006745265, "aree-stradali-modified_area": 1912.6983586400747, "aree-stradali-modified_pc": 19.126983586372244, "Single parts_area": 3348.4963806541446, "Single parts_pc": 33.48496380649155, "Dissolved_area": 0.0, "Dissolved_pc": 0.0, "free_space_number": 6.0 }, "geometry": { "type": "Polygon", "coordinates": [ [ [ 1262093.896874761208892, 5543469.404702704399824 ], [ 1262193.896874761208892, 5543469.404702704399824 ], [ 1262193.896874761208892, 5543369.404702704399824 ], [ 1262093.896874761208892, 5543369.404702704399824 ], [ 1262093.896874761208892, 5543469.404702704399824 ] ] ] } },
{ "type": "Feature", "properties": { "id": 429, "left": 1262093.8968747612, "top": 5543369.4047027044, "right": 1262193.8968747612, "bottom": 5543269.4047027044, "row_index": 8, "col_index": 12, "Union_area": 5456.2763328845613, "Union_pc": 54.562763328764305, "rifter_edif_pl_area": 939.27516411803663, "rifter_edif_pl_pc": 9.3927516411663703, "aree-stradali-modified_area": 0.0, "aree-stradali-modified_pc": 0.0, "Single parts_area": 3604.6221247257354, "Single parts_pc": 36.04622124720364, "Dissolved_area": 0.0, "Dissolved_pc": 0.0, "free_space_number": 6.0 }, "geometry": { "type": "Polygon", "coordinates": [ [ [ 1262093.896874761208892, 5543369.404702704399824 ], [ 1262193.896874761208892, 5543369.404702704399824 ], [ 1262193.896874761208892, 5543269.404702704399824 ], [ 1262093.896874761208892, 5543269.404702704399824 ], [ 1262093.896874761208892, 5543369.404702704399824 ] ] ] } },
{ "type": "Feature", "properties": { "id": 430, "left": 1262093.8968747612, "top": 5543269.4047027044, "right": 1262193.8968747612, "bottom": 5543169.4047027044, "row_index": 9, "col_index": 12, "Union_area": 1618.7805280112661, "Union_pc": 16.18780528008854, "rifter_edif_pl_area": 4475.9344696206972, "rifter_edif_pl_pc": 44.759344696140275, "aree-stradali-modified_area": 1284.6728705707937, "aree-stradali-modified_pc": 12.846728705688795, "Single parts_area": 1274.9719678751133, "Single parts_pc": 12.749719678732133, "Dissolved_area": 0.0, "Dissolved_pc": 0.0, "free_space_number": 12.0 }, "geometry": { "type": "Polygon", "coordinates": [ [ [ 1262093.896874761208892, 5543269.404702704399824 ], [ 1262193.896874761208892, 5543269.404702704399824 ], [ 1262193.896874761208892, 5543169.404702704399824 ], [ 1262093.896874761208892, 5543169.404702704399824 ], [ 1262093.896874761208892, 5543269.404702704399824 ] ] ] } },
{ "type": "Feature", "properties": { "id": 431, "left": 1262093.8968747612, "top": 5543169.4047027044, "right": 1262193.8968747612, "bottom": 5543069.4047027044, "row_index": 10, "col_index": 12, "Union_area": 589.13186298586515, "Union_pc": 5.8913186298498728, "rifter_edif_pl_area": 5223.6983949355781, "rifter_edif_pl_pc": 52.236983949277942, "aree-stradali-modified_area": 1444.004617087543, "aree-stradali-modified_pc": 14.440046170853913, "Single parts_area": 709.68494394700565, "Single parts_pc": 7.0968494394594819, "Dissolved_area": 0.0, "Dissolved_pc": 0.0, "free_space_number": 10.0 }, "geometry": { "type": "Polygon", "coordinates": [ [ [ 1262093.896874761208892, 5543169.404702704399824 ], [ 1262193.896874761208892, 5543169.404702704399824 ], [ 1262193.896874761208892, 5543069.404702704399824 ], [ 1262093.896874761208892, 5543069.404702704399824 ], [ 1262093.896874761208892, 5543169.404702704399824 ] ] ] } },
{ "type": "Feature", "properties": { "id": 432, "left": 1262093.8968747612, "top": 5543069.4047027044, "right": 1262193.8968747612, "bottom": 5542969.4047027044, "row_index": 11, "col_index": 12, "Union_area": 434.9677634164691, "Union_pc": 4.3496776341582093, "rifter_edif_pl_area": 4456.9580047484487, "rifter_edif_pl_pc": 44.569580047418071, "aree-stradali-modified_area": 4155.8237217217684, "aree-stradali-modified_pc": 41.558237217155757, "Single parts_area": 1234.9239165377921, "Single parts_pc": 12.349239165359519, "Dissolved_area": 0.0, "Dissolved_pc": 0.0, "free_space_number": 9.0 }, "geometry": { "type": "Polygon", "coordinates": [ [ [ 1262093.896874761208892, 5543069.404702704399824 ], [ 1262193.896874761208892, 5543069.404702704399824 ], [ 1262193.896874761208892, 5542969.404702704399824 ], [ 1262093.896874761208892, 5542969.404702704399824 ], [ 1262093.896874761208892, 5543069.404702704399824 ] ] ] } },
{ "type": "Feature", "properties": { "id": 433, "left": 1262093.8968747612, "top": 5542969.4047027044, "right": 1262193.8968747612, "bottom": 5542869.4047027044, "row_index": 12, "col_index": 12, "Union_area": 0.0, "Union_pc": 0.0, "rifter_edif_pl_area": 4547.64490653947, "rifter_edif_pl_pc": 45.476449065326932, "aree-stradali-modified_area": 3680.3580274581909, "aree-stradali-modified_pc": 36.803580274527064, "Single parts_area": 1772.0539718892542, "Single parts_pc": 17.720539718866135, "Dissolved_area": 0.0, "Dissolved_pc": 0.0, "free_space_number": 3.0 }, "geometry": { "type": "Polygon", "coordinates": [ [ [ 1262093.896874761208892, 5542969.404702704399824 ], [ 1262193.896874761208892, 5542969.404702704399824 ], [ 1262193.896874761208892, 5542869.404702704399824 ], [ 1262093.896874761208892, 5542869.404702704399824 ], [ 1262093.896874761208892, 5542969.404702704399824 ] ] ] } },
{ "type": "Feature", "properties": { "id": 434, "left": 1262093.8968747612, "top": 5542869.4047027044, "right": 1262193.8968747612, "bottom": 5542769.4047027044, "row_index": 13, "col_index": 12, "Union_area": 132.04290576640051, "Union_pc": 1.3204290576620374, "rifter_edif_pl_area": 5811.6191836003563, "rifter_edif_pl_pc": 58.116191835916965, "aree-stradali-modified_area": 3642.9382465705276, "aree-stradali-modified_pc": 36.429382465650988, "Single parts_area": 421.64115840087572, "Single parts_pc": 4.2164115840024738, "Dissolved_area": 0.0, "Dissolved_pc": 0.0, "free_space_number": 10.0 }, "geometry": { "type": "Polygon", "coordinates": [ [ [ 1262093.896874761208892, 5542869.404702704399824 ], [ 1262193.896874761208892, 5542869.404702704399824 ], [ 1262193.896874761208892, 5542769.404702704399824 ], [ 1262093.896874761208892, 5542769.404702704399824 ], [ 1262093.896874761208892, 5542869.404702704399824 ] ] ] } },
{ "type": "Feature", "properties": { "id": 435, "left": 1262093.8968747612, "top": 5542769.4047027044, "right": 1262193.8968747612, "bottom": 5542669.4047027044, "row_index": 14, "col_index": 12, "Union_area": 1247.5851883366704, "Union_pc": 12.475851883348113, "rifter_edif_pl_area": 3698.427252372494, "rifter_edif_pl_pc": 36.98427252366983, "aree-stradali-modified_area": 4790.1794856637716, "aree-stradali-modified_pc": 47.90179485656634, "Single parts_area": 406.84149516373509, "Single parts_pc": 4.0684149516312882, "Dissolved_area": 0.0, "Dissolved_pc": 0.0, "free_space_number": 7.0 }, "geometry": { "type": "Polygon", "coordinates": [ [ [ 1262093.896874761208892, 5542769.404702704399824 ], [ 1262193.896874761208892, 5542769.404702704399824 ], [ 1262193.896874761208892, 5542669.404702704399824 ], [ 1262093.896874761208892, 5542669.404702704399824 ], [ 1262093.896874761208892, 5542769.404702704399824 ] ] ] } },
{ "type": "Feature", "properties": { "id": 457, "left": 1262193.8968747612, "top": 5544069.4047027044, "right": 1262293.8968747612, "bottom": 5543969.4047027044, "row_index": 1, "col_index": 13, "Union_area": 1018.0158562427387, "Union_pc": 10.180158562412217, "rifter_edif_pl_area": 1479.9439591886476, "rifter_edif_pl_pc": 14.799439591864422, "aree-stradali-modified_area": 4889.753956258297, "aree-stradali-modified_pc": 48.897539562510104, "Single parts_area": 3522.7588434686559, "Single parts_pc": 35.227588434634065, "Dissolved_area": 0.0, "Dissolved_pc": 0.0, "free_space_number": 3.0 }, "geometry": { "type": "Polygon", "coordinates": [ [ [ 1262193.896874761208892, 5544069.404702704399824 ], [ 1262293.896874761208892, 5544069.404702704399824 ], [ 1262293.896874761208892, 5543969.404702704399824 ], [ 1262193.896874761208892, 5543969.404702704399824 ], [ 1262193.896874761208892, 5544069.404702704399824 ] ] ] } },
{ "type": "Feature", "properties": { "id": 458, "left": 1262193.8968747612, "top": 5543969.4047027044, "right": 1262293.8968747612, "bottom": 5543869.4047027044, "row_index": 2, "col_index": 13, "Union_area": 536.95410504937172, "Union_pc": 5.3695410504857159, "rifter_edif_pl_area": 4586.3930195411667, "rifter_edif_pl_pc": 45.863930195343322, "aree-stradali-modified_area": 4546.6824728026986, "aree-stradali-modified_pc": 45.466824727959235, "Single parts_area": 381.31068574680739, "Single parts_pc": 3.8131068574623925, "Dissolved_area": 0.0, "Dissolved_pc": 0.0, "free_space_number": 5.0 }, "geometry": { "type": "Polygon", "coordinates": [ [ [ 1262193.896874761208892, 5543969.404702704399824 ], [ 1262293.896874761208892, 5543969.404702704399824 ], [ 1262293.896874761208892, 5543869.404702704399824 ], [ 1262193.896874761208892, 5543869.404702704399824 ], [ 1262193.896874761208892, 5543969.404702704399824 ] ] ] } },
{ "type": "Feature", "properties": { "id": 459, "left": 1262193.8968747612, "top": 5543869.4047027044, "right": 1262293.8968747612, "bottom": 5543769.4047027044, "row_index": 3, "col_index": 13, "Union_area": 175.36690878123045, "Union_pc": 1.7536690878096912, "rifter_edif_pl_area": 6327.7286460474133, "rifter_edif_pl_pc": 63.277286460379841, "aree-stradali-modified_area": 740.77124612033367, "aree-stradali-modified_pc": 7.4077124611922986, "Single parts_area": 2907.9881121665239, "Single parts_pc": 29.079881121621906, "Dissolved_area": 0.0, "Dissolved_pc": 0.0, "free_space_number": 4.0 }, "geometry": { "type": "Polygon", "coordinates": [ [ [ 1262193.896874761208892, 5543869.404702704399824 ], [ 1262293.896874761208892, 5543869.404702704399824 ], [ 1262293.896874761208892, 5543769.404702704399824 ], [ 1262193.896874761208892, 5543769.404702704399824 ], [ 1262193.896874761208892, 5543869.404702704399824 ] ] ] } },
{ "type": "Feature", "properties": { "id": 460, "left": 1262193.8968747612, "top": 5543769.4047027044, "right": 1262293.8968747612, "bottom": 5543669.4047027044, "row_index": 4, "col_index": 13, "Union_area": 221.45309511292726, "Union_pc": 2.2145309511259725, "rifter_edif_pl_area": 2952.7317325081676, "rifter_edif_pl_pc": 29.527317325037679, "aree-stradali-modified_area": 5732.8741472586989, "aree-stradali-modified_pc": 57.328741472501562, "Single parts_area": 1163.8797476485386, "Single parts_pc": 11.638797476468042, "Dissolved_area": 0.0, "Dissolved_pc": 0.0, "free_space_number": 8.0 }, "geometry": { "type": "Polygon", "coordinates": [ [ [ 1262193.896874761208892, 5543769.404702704399824 ], [ 1262293.896874761208892, 5543769.404702704399824 ], [ 1262293.896874761208892, 5543669.404702704399824 ], [ 1262193.896874761208892, 5543669.404702704399824 ], [ 1262193.896874761208892, 5543769.404702704399824 ] ] ] } },
{ "type": "Feature", "properties": { "id": 461, "left": 1262193.8968747612, "top": 5543669.4047027044, "right": 1262293.8968747612, "bottom": 5543569.4047027044, "row_index": 5, "col_index": 13, "Union_area": 0.0, "Union_pc": 0.0, "rifter_edif_pl_area": 5861.4935060618445, "rifter_edif_pl_pc": 58.614935060531103, "aree-stradali-modified_area": 3040.8609936535358, "aree-stradali-modified_pc": 30.408609936490045, "Single parts_area": 1099.4968055202626, "Single parts_pc": 10.994968055186241, "Dissolved_area": 0.0, "Dissolved_pc": 0.0, "free_space_number": 7.0 }, "geometry": { "type": "Polygon", "coordinates": [ [ [ 1262193.896874761208892, 5543669.404702704399824 ], [ 1262293.896874761208892, 5543669.404702704399824 ], [ 1262293.896874761208892, 5543569.404702704399824 ], [ 1262193.896874761208892, 5543569.404702704399824 ], [ 1262193.896874761208892, 5543669.404702704399824 ] ] ] } },
{ "type": "Feature", "properties": { "id": 462, "left": 1262193.8968747612, "top": 5543569.4047027044, "right": 1262293.8968747612, "bottom": 5543469.4047027044, "row_index": 6, "col_index": 13, "Union_area": 17.169600389432162, "Union_pc": 0.17169600389406578, "rifter_edif_pl_area": 5513.3197542279959, "rifter_edif_pl_pc": 55.133197542197806, "aree-stradali-modified_area": 2437.0074583292007, "aree-stradali-modified_pc": 24.370074583255693, "Single parts_area": 1127.8267595757475, "Single parts_pc": 11.278267595740669, "Dissolved_area": 0.0, "Dissolved_pc": 0.0, "free_space_number": 3.0 }, "geometry": { "type": "Polygon", "coordinates": [ [ [ 1262193.896874761208892, 5543569.404702704399824 ], [ 1262293.896874761208892, 5543569.404702704399824 ], [ 1262293.896874761208892, 5543469.404702704399824 ], [ 1262193.896874761208892, 5543469.404702704399824 ], [ 1262193.896874761208892, 5543569.404702704399824 ] ] ] } },
{ "type": "Feature", "properties": { "id": 463, "left": 1262193.8968747612, "top": 5543469.4047027044, "right": 1262293.8968747612, "bottom": 5543369.4047027044, "row_index": 7, "col_index": 13, "Union_area": 535.49029822275043, "Union_pc": 5.3549029822195244, "rifter_edif_pl_area": 2777.9381013917737, "rifter_edif_pl_pc": 27.779381013876343, "aree-stradali-modified_area": 2491.2571423035115, "aree-stradali-modified_pc": 24.912571422997992, "Single parts_area": 4106.7519767801159, "Single parts_pc": 41.067519767739967, "Dissolved_area": 0.0, "Dissolved_pc": 0.0, "free_space_number": 7.0 }, "geometry": { "type": "Polygon", "coordinates": [ [ [ 1262193.896874761208892, 5543469.404702704399824 ], [ 1262293.896874761208892, 5543469.404702704399824 ], [ 1262293.896874761208892, 5543369.404702704399824 ], [ 1262193.896874761208892, 5543369.404702704399824 ], [ 1262193.896874761208892, 5543469.404702704399824 ] ] ] } },
{ "type": "Feature", "properties": { "id": 464, "left": 1262193.8968747612, "top": 5543369.4047027044, "right": 1262293.8968747612, "bottom": 5543269.4047027044, "row_index": 8, "col_index": 13, "Union_area": 1065.3841390833259, "Union_pc": 10.653841390817384, "rifter_edif_pl_area": 3718.4846943207085, "rifter_edif_pl_pc": 37.184846943151676, "aree-stradali-modified_area": 1394.0065762549639, "aree-stradali-modified_pc": 13.940065762528867, "Single parts_area": 3822.1245903275658, "Single parts_pc": 38.221245903218701, "Dissolved_area": 0.0, "Dissolved_pc": 0.0, "free_space_number": 3.0 }, "geometry": { "type": "Polygon", "coordinates": [ [ [ 1262193.896874761208892, 5543369.404702704399824 ], [ 1262293.896874761208892, 5543369.404702704399824 ], [ 1262293.896874761208892, 5543269.404702704399824 ], [ 1262193.896874761208892, 5543269.404702704399824 ], [ 1262193.896874761208892, 5543369.404702704399824 ] ] ] } },
{ "type": "Feature", "properties": { "id": 465, "left": 1262193.8968747612, "top": 5543269.4047027044, "right": 1262293.8968747612, "bottom": 5543169.4047027044, "row_index": 9, "col_index": 13, "Union_area": 641.2274535857141, "Union_pc": 6.4122745358475859, "rifter_edif_pl_area": 4546.0079078376293, "rifter_edif_pl_pc": 45.460079078308553, "aree-stradali-modified_area": 3244.8694865703583, "aree-stradali-modified_pc": 32.448694865655227, "Single parts_area": 1318.4030266341542, "Single parts_pc": 13.184030266321898, "Dissolved_area": 0.0, "Dissolved_pc": 0.0, "free_space_number": 3.0 }, "geometry": { "type": "Polygon", "coordinates": [ [ [ 1262193.896874761208892, 5543269.404702704399824 ], [ 1262293.896874761208892, 5543269.404702704399824 ], [ 1262293.896874761208892, 5543169.404702704399824 ], [ 1262193.896874761208892, 5543169.404702704399824 ], [ 1262193.896874761208892, 5543269.404702704399824 ] ] ] } },
{ "type": "Feature", "properties": { "id": 466, "left": 1262193.8968747612, "top": 5543169.4047027044, "right": 1262293.8968747612, "bottom": 5543069.4047027044, "row_index": 10, "col_index": 13, "Union_area": 0.0, "Union_pc": 0.0, "rifter_edif_pl_area": 3952.0351790310815, "rifter_edif_pl_pc": 39.520351790251922, "aree-stradali-modified_area": 1845.5490122381598, "aree-stradali-modified_pc": 18.455490122354096, "Single parts_area": 251.51375276876274, "Single parts_pc": 2.5151375276838799, "Dissolved_area": 0.0, "Dissolved_pc": 0.0, "free_space_number": 4.0 }, "geometry": { "type": "Polygon", "coordinates": [ [ [ 1262193.896874761208892, 5543169.404702704399824 ], [ 1262293.896874761208892, 5543169.404702704399824 ], [ 1262293.896874761208892, 5543069.404702704399824 ], [ 1262193.896874761208892, 5543069.404702704399824 ], [ 1262193.896874761208892, 5543169.404702704399824 ] ] ] } },
{ "type": "Feature", "properties": { "id": 467, "left": 1262193.8968747612, "top": 5543069.4047027044, "right": 1262293.8968747612, "bottom": 5542969.4047027044, "row_index": 11, "col_index": 13, "Union_area": 0.0, "Union_pc": 0.0, "rifter_edif_pl_area": 5496.0559505353449, "rifter_edif_pl_pc": 54.960559505271554, "aree-stradali-modified_area": 4437.1200005561113, "aree-stradali-modified_pc": 44.371200005494998, "Single parts_area": 66.844944574802867, "Single parts_pc": 0.66844944574703258, "Dissolved_area": 0.0, "Dissolved_pc": 0.0, "free_space_number": 3.0 }, "geometry": { "type": "Polygon", "coordinates": [ [ [ 1262193.896874761208892, 5543069.404702704399824 ], [ 1262293.896874761208892, 5543069.404702704399824 ], [ 1262293.896874761208892, 5542969.404702704399824 ], [ 1262193.896874761208892, 5542969.404702704399824 ], [ 1262193.896874761208892, 5543069.404702704399824 ] ] ] } },
{ "type": "Feature", "properties": { "id": 491, "left": 1262293.8968747612, "top": 5544169.4047027044, "right": 1262393.8968747612, "bottom": 5544069.4047027044, "row_index": 0, "col_index": 14, "Union_area": 0.0, "Union_pc": 0.0, "rifter_edif_pl_area": 2354.4001337803202, "rifter_edif_pl_pc": 23.544001337768119, "aree-stradali-modified_area": 0.0, "aree-stradali-modified_pc": 0.0, "Single parts_area": 535.69330766797066, "Single parts_pc": 5.3569330766717238, "Dissolved_area": 9463.9970048666, "Dissolved_pc": 94.639970048524972, "free_space_number": 1.0 }, "geometry": { "type": "Polygon", "coordinates": [ [ [ 1262293.896874761208892, 5544169.404702704399824 ], [ 1262393.896874761208892, 5544169.404702704399824 ], [ 1262393.896874761208892, 5544069.404702704399824 ], [ 1262293.896874761208892, 5544069.404702704399824 ], [ 1262293.896874761208892, 5544169.404702704399824 ] ] ] } },
{ "type": "Feature", "properties": { "id": 492, "left": 1262293.8968747612, "top": 5544069.4047027044, "right": 1262393.8968747612, "bottom": 5543969.4047027044, "row_index": 1, "col_index": 14, "Union_area": 660.90627121180296, "Union_pc": 6.6090627121081811, "rifter_edif_pl_area": 4238.1262416741811, "rifter_edif_pl_pc": 42.381262416678659, "aree-stradali-modified_area": 4167.6540103517473, "aree-stradali-modified_pc": 41.676540103455373, "Single parts_area": 983.29808731237233, "Single parts_pc": 9.8329808731090722, "Dissolved_area": 47.927608177065849, "Dissolved_pc": 0.4792760817699443, "free_space_number": 6.0 }, "geometry": { "type": "Polygon", "coordinates": [ [ [ 1262293.896874761208892, 5544069.404702704399824 ], [ 1262393.896874761208892, 5544069.404702704399824 ], [ 1262393.896874761208892, 5543969.404702704399824 ], [ 1262293.896874761208892, 5543969.404702704399824 ], [ 1262293.896874761208892, 5544069.404702704399824 ] ] ] } },
{ "type": "Feature", "properties": { "id": 493, "left": 1262293.8968747612, "top": 5543969.4047027044, "right": 1262393.8968747612, "bottom": 5543869.4047027044, "row_index": 2, "col_index": 14, "Union_area": 3453.5094776973128, "Union_pc": 34.535094776921667, "rifter_edif_pl_area": 3225.3299519121647, "rifter_edif_pl_pc": 32.253299519073586, "aree-stradali-modified_area": 2385.6212849523872, "aree-stradali-modified_pc": 23.856212849488323, "Single parts_area": 939.50946584824965, "Single parts_pc": 9.3950946584684978, "Dissolved_area": 0.0, "Dissolved_pc": 0.0, "free_space_number": 5.0 }, "geometry": { "type": "Polygon", "coordinates": [ [ [ 1262293.896874761208892, 5543969.404702704399824 ], [ 1262393.896874761208892, 5543969.404702704399824 ], [ 1262393.896874761208892, 5543869.404702704399824 ], [ 1262293.896874761208892, 5543869.404702704399824 ], [ 1262293.896874761208892, 5543969.404702704399824 ] ] ] } },
{ "type": "Feature", "properties": { "id": 494, "left": 1262293.8968747612, "top": 5543869.4047027044, "right": 1262393.8968747612, "bottom": 5543769.4047027044, "row_index": 3, "col_index": 14, "Union_area": 0.0, "Union_pc": 0.0, "rifter_edif_pl_area": 8871.2592155770399, "rifter_edif_pl_pc": 88.712592155638205, "aree-stradali-modified_area": 411.55040833353996, "aree-stradali-modified_pc": 4.1155040833292666, "Single parts_area": 717.19037613086402, "Single parts_pc": 7.171903761297953, "Dissolved_area": 0.0, "Dissolved_pc": 0.0, "free_space_number": 6.0 }, "geometry": { "type": "Polygon", "coordinates": [ [ [ 1262293.896874761208892, 5543869.404702704399824 ], [ 1262393.896874761208892, 5543869.404702704399824 ], [ 1262393.896874761208892, 5543769.404702704399824 ], [ 1262293.896874761208892, 5543769.404702704399824 ], [ 1262293.896874761208892, 5543869.404702704399824 ] ] ] } },
{ "type": "Feature", "properties": { "id": 495, "left": 1262293.8968747612, "top": 5543769.4047027044, "right": 1262393.8968747612, "bottom": 5543669.4047027044, "row_index": 4, "col_index": 14, "Union_area": 0.0, "Union_pc": 0.0, "rifter_edif_pl_area": 6692.551701689139, "rifter_edif_pl_pc": 66.925517016791659, "aree-stradali-modified_area": 2370.8867627140135, "aree-stradali-modified_pc": 23.708867627104805, "Single parts_area": 936.56153571675532, "Single parts_pc": 9.3656153571535974, "Dissolved_area": 0.0, "Dissolved_pc": 0.0, "free_space_number": 5.0 }, "geometry": { "type": "Polygon", "coordinates": [ [ [ 1262293.896874761208892, 5543769.404702704399824 ], [ 1262393.896874761208892, 5543769.404702704399824 ], [ 1262393.896874761208892, 5543669.404702704399824 ], [ 1262293.896874761208892, 5543669.404702704399824 ], [ 1262293.896874761208892, 5543769.404702704399824 ] ] ] } },
{ "type": "Feature", "properties": { "id": 496, "left": 1262293.8968747612, "top": 5543669.4047027044, "right": 1262393.8968747612, "bottom": 5543569.4047027044, "row_index": 5, "col_index": 14, "Union_area": 0.0, "Union_pc": 0.0, "rifter_edif_pl_area": 5565.1341438442469, "rifter_edif_pl_pc": 55.651341438359545, "aree-stradali-modified_area": 2519.5110434815288, "aree-stradali-modified_pc": 25.195110434777742, "Single parts_area": 1925.4353833163077, "Single parts_pc": 19.254353833134385, "Dissolved_area": 0.0, "Dissolved_pc": 0.0, "free_space_number": 2.0 }, "geometry": { "type": "Polygon", "coordinates": [ [ [ 1262293.896874761208892, 5543669.404702704399824 ], [ 1262393.896874761208892, 5543669.404702704399824 ], [ 1262393.896874761208892, 5543569.404702704399824 ], [ 1262293.896874761208892, 5543569.404702704399824 ], [ 1262293.896874761208892, 5543669.404702704399824 ] ] ] } },
{ "type": "Feature", "properties": { "id": 497, "left": 1262293.8968747612, "top": 5543569.4047027044, "right": 1262393.8968747612, "bottom": 5543469.4047027044, "row_index": 6, "col_index": 14, "Union_area": 3525.3443276868784, "Union_pc": 35.253443276816249, "rifter_edif_pl_area": 1035.2949782758951, "rifter_edif_pl_pc": 10.352949782743524, "aree-stradali-modified_area": 724.76221024990082, "aree-stradali-modified_pc": 7.2476221024882088, "Single parts_area": 133.63697808917686, "Single parts_pc": 1.3363697808897772, "Dissolved_area": 0.0, "Dissolved_pc": 0.0, "free_space_number": 7.0 }, "geometry": { "type": "Polygon", "coordinates": [ [ [ 1262293.896874761208892, 5543569.404702704399824 ], [ 1262393.896874761208892, 5543569.404702704399824 ], [ 1262393.896874761208892, 5543469.404702704399824 ], [ 1262293.896874761208892, 5543469.404702704399824 ], [ 1262293.896874761208892, 5543569.404702704399824 ] ] ] } },
{ "type": "Feature", "properties": { "id": 498, "left": 1262293.8968747612, "top": 5543469.4047027044, "right": 1262393.8968747612, "bottom": 5543369.4047027044, "row_index": 7, "col_index": 14, "Union_area": 1188.2879814496264, "Union_pc": 11.882879814478557, "rifter_edif_pl_area": 2482.5440125372261, "rifter_edif_pl_pc": 24.82544012533527, "aree-stradali-modified_area": 1396.8258904516697, "aree-stradali-modified_pc": 13.968258904495883, "Single parts_area": 595.09386285770097, "Single parts_pc": 5.9509386285681423, "Dissolved_area": 0.0, "Dissolved_pc": 0.0, "free_space_number": 7.0 }, "geometry": { "type": "Polygon", "coordinates": [ [ [ 1262293.896874761208892, 5543469.404702704399824 ], [ 1262393.896874761208892, 5543469.404702704399824 ], [ 1262393.896874761208892, 5543369.404702704399824 ], [ 1262293.896874761208892, 5543369.404702704399824 ], [ 1262293.896874761208892, 5543469.404702704399824 ] ] ] } },
{ "type": "Feature", "properties": { "id": 499, "left": 1262293.8968747612, "top": 5543369.4047027044, "right": 1262393.8968747612, "bottom": 5543269.4047027044, "row_index": 8, "col_index": 14, "Union_area": 0.0, "Union_pc": 0.0, "rifter_edif_pl_area": 4435.0458400949137, "rifter_edif_pl_pc": 44.350458400883049, "aree-stradali-modified_area": 4146.2465062625706, "aree-stradali-modified_pc": 41.462465062563922, "Single parts_area": 1419.0403942081177, "Single parts_pc": 14.190403942060033, "Dissolved_area": 0.0, "Dissolved_pc": 0.0, "free_space_number": 7.0 }, "geometry": { "type": "Polygon", "coordinates": [ [ [ 1262293.896874761208892, 5543369.404702704399824 ], [ 1262393.896874761208892, 5543369.404702704399824 ], [ 1262393.896874761208892, 5543269.404702704399824 ], [ 1262293.896874761208892, 5543269.404702704399824 ], [ 1262293.896874761208892, 5543369.404702704399824 ] ] ] } },
{ "type": "Feature", "properties": { "id": 500, "left": 1262293.8968747612, "top": 5543269.4047027044, "right": 1262393.8968747612, "bottom": 5543169.4047027044, "row_index": 9, "col_index": 14, "Union_area": 573.11000508535653, "Union_pc": 5.7311000508450256, "rifter_edif_pl_area": 6984.5591929474613, "rifter_edif_pl_pc": 69.845591929370528, "aree-stradali-modified_area": 1192.2340319827199, "aree-stradali-modified_pc": 11.922340319809432, "Single parts_area": 1251.1167730770489, "Single parts_pc": 12.511167730751847, "Dissolved_area": 0.0, "Dissolved_pc": 0.0, "free_space_number": 17.0 }, "geometry": { "type": "Polygon", "coordinates": [ [ [ 1262293.896874761208892, 5543269.404702704399824 ], [ 1262393.896874761208892, 5543269.404702704399824 ], [ 1262393.896874761208892, 5543169.404702704399824 ], [ 1262293.896874761208892, 5543169.404702704399824 ], [ 1262293.896874761208892, 5543269.404702704399824 ] ] ] } },
{ "type": "Feature", "properties": { "id": 501, "left": 1262293.8968747612, "top": 5543169.4047027044, "right": 1262393.8968747612, "bottom": 5543069.4047027044, "row_index": 10, "col_index": 14, "Union_area": 0.0, "Union_pc": 0.0, "rifter_edif_pl_area": 7140.2373208831996, "rifter_edif_pl_pc": 71.402373208725592, "aree-stradali-modified_area": 2109.2777859307826, "aree-stradali-modified_pc": 21.092777859276396, "Single parts_area": 750.8947678648467, "Single parts_pc": 7.5089476786372771, "Dissolved_area": 0.0, "Dissolved_pc": 0.0, "free_space_number": 15.0 }, "geometry": { "type": "Polygon", "coordinates": [ [ [ 1262293.896874761208892, 5543169.404702704399824 ], [ 1262393.896874761208892, 5543169.404702704399824 ], [ 1262393.896874761208892, 5543069.404702704399824 ], [ 1262293.896874761208892, 5543069.404702704399824 ], [ 1262293.896874761208892, 5543169.404702704399824 ] ] ] } },
{ "type": "Feature", "properties": { "id": 502, "left": 1262293.8968747612, "top": 5543069.4047027044, "right": 1262393.8968747612, "bottom": 5542969.4047027044, "row_index": 11, "col_index": 14, "Union_area": 0.0, "Union_pc": 0.0, "rifter_edif_pl_area": 5535.4923451568466, "rifter_edif_pl_pc": 55.35492345148598, "aree-stradali-modified_area": 3720.0314907282591, "aree-stradali-modified_pc": 37.20031490722716, "Single parts_area": 745.81619138508029, "Single parts_pc": 7.4581619138396897, "Dissolved_area": 0.0, "Dissolved_pc": 0.0, "free_space_number": 18.0 }, "geometry": { "type": "Polygon", "coordinates": [ [ [ 1262293.896874761208892, 5543069.404702704399824 ], [ 1262393.896874761208892, 5543069.404702704399824 ], [ 1262393.896874761208892, 5542969.404702704399824 ], [ 1262293.896874761208892, 5542969.404702704399824 ], [ 1262293.896874761208892, 5543069.404702704399824 ] ] ] } },
{ "type": "Feature", "properties": { "id": 526, "left": 1262393.8968747612, "top": 5544169.4047027044, "right": 1262493.8968747612, "bottom": 5544069.4047027044, "row_index": 0, "col_index": 15, "Union_area": 0.0, "Union_pc": 0.0, "rifter_edif_pl_area": 3809.8224155614153, "rifter_edif_pl_pc": 38.098224155557382, "aree-stradali-modified_area": 0.0, "aree-stradali-modified_pc": 0.0, "Single parts_area": 13.001534134149551, "Single parts_pc": 0.13001534134130177, "Dissolved_area": 9941.0096685290337, "Dissolved_pc": 99.410096685142207, "free_space_number": 1.0 }, "geometry": { "type": "Polygon", "coordinates": [ [ [ 1262393.896874761208892, 5544169.404702704399824 ], [ 1262493.896874761208892, 5544169.404702704399824 ], [ 1262493.896874761208892, 5544069.404702704399824 ], [ 1262393.896874761208892, 5544069.404702704399824 ], [ 1262393.896874761208892, 5544169.404702704399824 ] ] ] } },
{ "type": "Feature", "properties": { "id": 527, "left": 1262393.8968747612, "top": 5544069.4047027044, "right": 1262493.8968747612, "bottom": 5543969.4047027044, "row_index": 1, "col_index": 15, "Union_area": 72.109662938863039, "Union_pc": 0.72109662938755592, "rifter_edif_pl_area": 5827.7867086427286, "rifter_edif_pl_pc": 58.277867086340443, "aree-stradali-modified_area": 3685.0067052692175, "aree-stradali-modified_pc": 36.850067052637264, "Single parts_area": 394.8054517425827, "Single parts_pc": 3.9480545174199442, "Dissolved_area": 433.99117976240814, "Dissolved_pc": 4.3399117976176145, "free_space_number": 5.0 }, "geometry": { "type": "Polygon", "coordinates": [ [ [ 1262393.896874761208892, 5544069.404702704399824 ], [ 1262493.896874761208892, 5544069.404702704399824 ], [ 1262493.896874761208892, 5543969.404702704399824 ], [ 1262393.896874761208892, 5543969.404702704399824 ], [ 1262393.896874761208892, 5544069.404702704399824 ] ] ] } },
{ "type": "Feature", "properties": { "id": 528, "left": 1262393.8968747612, "top": 5543969.4047027044, "right": 1262493.8968747612, "bottom": 5543869.4047027044, "row_index": 2, "col_index": 15, "Union_area": 4589.2705820575356, "Union_pc": 45.892705820506968, "rifter_edif_pl_area": 2501.3549902290106, "rifter_edif_pl_pc": 25.013549902252834, "aree-stradali-modified_area": 1749.8609775006771, "aree-stradali-modified_pc": 17.498609774980697, "Single parts_area": 1161.7944547320367, "Single parts_pc": 11.617944547303054, "Dissolved_area": 0.0, "Dissolved_pc": 0.0, "free_space_number": 7.0 }, "geometry": { "type": "Polygon", "coordinates": [ [ [ 1262393.896874761208892, 5543969.404702704399824 ], [ 1262493.896874761208892, 5543969.404702704399824 ], [ 1262493.896874761208892, 5543869.404702704399824 ], [ 1262393.896874761208892, 5543869.404702704399824 ], [ 1262393.896874761208892, 5543969.404702704399824 ] ] ] } },
{ "type": "Feature", "properties": { "id": 529, "left": 1262393.8968747612, "top": 5543869.4047027044, "right": 1262493.8968747612, "bottom": 5543769.4047027044, "row_index": 3, "col_index": 15, "Union_area": 0.0, "Union_pc": 0.0, "rifter_edif_pl_area": 4775.7935488671064, "rifter_edif_pl_pc": 47.757935488599898, "aree-stradali-modified_area": 4472.2594740390778, "aree-stradali-modified_pc": 44.722594740324134, "Single parts_area": 751.94697707635351, "Single parts_pc": 7.5194697707523304, "Dissolved_area": 0.0, "Dissolved_pc": 0.0, "free_space_number": 3.0 }, "geometry": { "type": "Polygon", "coordinates": [ [ [ 1262393.896874761208892, 5543869.404702704399824 ], [ 1262493.896874761208892, 5543869.404702704399824 ], [ 1262493.896874761208892, 5543769.404702704399824 ], [ 1262393.896874761208892, 5543769.404702704399824 ], [ 1262393.896874761208892, 5543869.404702704399824 ] ] ] } },
{ "type": "Feature", "properties": { "id": 530, "left": 1262393.8968747612, "top": 5543769.4047027044, "right": 1262493.8968747612, "bottom": 5543669.4047027044, "row_index": 4, "col_index": 15, "Union_area": 269.31555688753724, "Union_pc": 2.6931555688713593, "rifter_edif_pl_area": 4283.2440482079983, "rifter_edif_pl_pc": 42.83244048201616, "aree-stradali-modified_area": 4632.5105363130569, "aree-stradali-modified_pc": 46.325105363061539, "Single parts_area": 815.38562584942645, "Single parts_pc": 8.1538562584821133, "Dissolved_area": 0.0, "Dissolved_pc": 0.0, "free_space_number": 6.0 }, "geometry": { "type": "Polygon", "coordinates": [ [ [ 1262393.896874761208892, 5543769.404702704399824 ], [ 1262493.896874761208892, 5543769.404702704399824 ], [ 1262493.896874761208892, 5543669.404702704399824 ], [ 1262393.896874761208892, 5543669.404702704399824 ], [ 1262393.896874761208892, 5543769.404702704399824 ] ] ] } },
{ "type": "Feature", "properties": { "id": 531, "left": 1262393.8968747612, "top": 5543669.4047027044, "right": 1262493.8968747612, "bottom": 5543569.4047027044, "row_index": 5, "col_index": 15, "Union_area": 0.0, "Union_pc": 0.0, "rifter_edif_pl_area": 5692.4673356153071, "rifter_edif_pl_pc": 56.924673356068247, "aree-stradali-modified_area": 2736.9600030761212, "aree-stradali-modified_pc": 27.369600030720427, "Single parts_area": 1571.3867715075271, "Single parts_pc": 15.713867715051856, "Dissolved_area": 0.0, "Dissolved_pc": 0.0, "free_space_number": 8.0 }, "geometry": { "type": "Polygon", "coordinates": [ [ [ 1262393.896874761208892, 5543669.404702704399824 ], [ 1262493.896874761208892, 5543669.404702704399824 ], [ 1262493.896874761208892, 5543569.404702704399824 ], [ 1262393.896874761208892, 5543569.404702704399824 ], [ 1262393.896874761208892, 5543669.404702704399824 ] ] ] } },
{ "type": "Feature", "properties": { "id": 532, "left": 1262393.8968747612, "top": 5543569.4047027044, "right": 1262493.8968747612, "bottom": 5543469.4047027044, "row_index": 6, "col_index": 15, "Union_area": 88.291469253133982, "Union_pc": 0.88291469253002419, "rifter_edif_pl_area": 3990.6934950761497, "rifter_edif_pl_pc": 39.906934950702031, "aree-stradali-modified_area": 3030.9705746434629, "aree-stradali-modified_pc": 30.309705746389465, "Single parts_area": 944.26208221494016, "Single parts_pc": 9.4426208221353303, "Dissolved_area": 0.0, "Dissolved_pc": 0.0, "free_space_number": 9.0 }, "geometry": { "type": "Polygon", "coordinates": [ [ [ 1262393.896874761208892, 5543569.404702704399824 ], [ 1262493.896874761208892, 5543569.404702704399824 ], [ 1262493.896874761208892, 5543469.404702704399824 ], [ 1262393.896874761208892, 5543469.404702704399824 ], [ 1262393.896874761208892, 5543569.404702704399824 ] ] ] } },
{ "type": "Feature", "properties": { "id": 533, "left": 1262393.8968747612, "top": 5543469.4047027044, "right": 1262493.8968747612, "bottom": 5543369.4047027044, "row_index": 7, "col_index": 15, "Union_area": 97.917206668411382, "Union_pc": 0.97917206668265477, "rifter_edif_pl_area": 3727.5255852316041, "rifter_edif_pl_pc": 37.275255852260493, "aree-stradali-modified_area": 1654.8692486025393, "aree-stradali-modified_pc": 16.548692486000732, "Single parts_area": 3179.9899133332256, "Single parts_pc": 31.799899133284868, "Dissolved_area": 0.0, "Dissolved_pc": 0.0, "free_space_number": 6.0 }, "geometry": { "type": "Polygon", "coordinates": [ [ [ 1262393.896874761208892, 5543469.404702704399824 ], [ 1262493.896874761208892, 5543469.404702704399824 ], [ 1262493.896874761208892, 5543369.404702704399824 ], [ 1262393.896874761208892, 5543369.404702704399824 ], [ 1262393.896874761208892, 5543469.404702704399824 ] ] ] } },
{ "type": "Feature", "properties": { "id": 534, "left": 1262393.8968747612, "top": 5543369.4047027044, "right": 1262493.8968747612, "bottom": 5543269.4047027044, "row_index": 8, "col_index": 15, "Union_area": 409.6184099544771, "Union_pc": 4.0961840995386671, "rifter_edif_pl_area": 3042.1794934896752, "rifter_edif_pl_pc": 30.42179493485142, "aree-stradali-modified_area": 3384.3819776773453, "aree-stradali-modified_pc": 33.843819776723024, "Single parts_area": 3313.5890078421876, "Single parts_pc": 33.135890078372498, "Dissolved_area": 0.0, "Dissolved_pc": 0.0, "free_space_number": 8.0 }, "geometry": { "type": "Polygon", "coordinates": [ [ [ 1262393.896874761208892, 5543369.404702704399824 ], [ 1262493.896874761208892, 5543369.404702704399824 ], [ 1262493.896874761208892, 5543269.404702704399824 ], [ 1262393.896874761208892, 5543269.404702704399824 ], [ 1262393.896874761208892, 5543369.404702704399824 ] ] ] } },
{ "type": "Feature", "properties": { "id": 535, "left": 1262393.8968747612, "top": 5543269.4047027044, "right": 1262493.8968747612, "bottom": 5543169.4047027044, "row_index": 9, "col_index": 15, "Union_area": 249.58736594591755, "Union_pc": 2.4958736594554565, "rifter_edif_pl_area": 7398.5075829746202, "rifter_edif_pl_pc": 73.98507582963596, "aree-stradali-modified_area": 1087.9350200793706, "aree-stradali-modified_pc": 10.879350200777495, "Single parts_area": 1264.4816287408344, "Single parts_pc": 12.644816287389501, "Dissolved_area": 0.0, "Dissolved_pc": 0.0, "free_space_number": 28.0 }, "geometry": { "type": "Polygon", "coordinates": [ [ [ 1262393.896874761208892, 5543269.404702704399824 ], [ 1262493.896874761208892, 5543269.404702704399824 ], [ 1262493.896874761208892, 5543169.404702704399824 ], [ 1262393.896874761208892, 5543169.404702704399824 ], [ 1262393.896874761208892, 5543269.404702704399824 ] ] ] } },
{ "type": "Feature", "properties": { "id": 536, "left": 1262393.8968747612, "top": 5543169.4047027044, "right": 1262493.8968747612, "bottom": 5543069.4047027044, "row_index": 10, "col_index": 15, "Union_area": 1761.2525309198536, "Union_pc": 17.612525309172291, "rifter_edif_pl_area": 5411.2210863865912, "rifter_edif_pl_pc": 54.112210863785279, "aree-stradali-modified_area": 1029.9169364495956, "aree-stradali-modified_pc": 10.29916936448061, "Single parts_area": 1798.9082632291875, "Single parts_pc": 17.98908263226507, "Dissolved_area": 0.0, "Dissolved_pc": 0.0, "free_space_number": 25.0 }, "geometry": { "type": "Polygon", "coordinates": [ [ [ 1262393.896874761208892, 5543169.404702704399824 ], [ 1262493.896874761208892, 5543169.404702704399824 ], [ 1262493.896874761208892, 5543069.404702704399824 ], [ 1262393.896874761208892, 5543069.404702704399824 ], [ 1262393.896874761208892, 5543169.404702704399824 ] ] ] } },
{ "type": "Feature", "properties": { "id": 537, "left": 1262393.8968747612, "top": 5543069.4047027044, "right": 1262493.8968747612, "bottom": 5542969.4047027044, "row_index": 11, "col_index": 15, "Union_area": 439.03342587256338, "Union_pc": 4.3903342587190917, "rifter_edif_pl_area": 6299.0313081450295, "rifter_edif_pl_pc": 62.990313081356433, "aree-stradali-modified_area": 1491.5624224906787, "aree-stradali-modified_pc": 14.915624224884562, "Single parts_area": 1771.3421050896629, "Single parts_pc": 17.713421050870235, "Dissolved_area": 0.0, "Dissolved_pc": 0.0, "free_space_number": 15.0 }, "geometry": { "type": "Polygon", "coordinates": [ [ [ 1262393.896874761208892, 5543069.404702704399824 ], [ 1262493.896874761208892, 5543069.404702704399824 ], [ 1262493.896874761208892, 5542969.404702704399824 ], [ 1262393.896874761208892, 5542969.404702704399824 ], [ 1262393.896874761208892, 5543069.404702704399824 ] ] ] } },
{ "type": "Feature", "properties": { "id": 538, "left": 1262393.8968747612, "top": 5542969.4047027044, "right": 1262493.8968747612, "bottom": 5542869.4047027044, "row_index": 12, "col_index": 15, "Union_area": 0.0, "Union_pc": 0.0, "rifter_edif_pl_area": 5892.8634813812096, "rifter_edif_pl_pc": 58.928634813724287, "aree-stradali-modified_area": 2747.2188249379396, "aree-stradali-modified_pc": 27.472188249338458, "Single parts_area": 1360.0034402429271, "Single parts_pc": 13.600034402409007, "Dissolved_area": 0.0, "Dissolved_pc": 0.0, "free_space_number": 14.0 }, "geometry": { "type": "Polygon", "coordinates": [ [ [ 1262393.896874761208892, 5542969.404702704399824 ], [ 1262493.896874761208892, 5542969.404702704399824 ], [ 1262493.896874761208892, 5542869.404702704399824 ], [ 1262393.896874761208892, 5542869.404702704399824 ], [ 1262393.896874761208892, 5542969.404702704399824 ] ] ] } },
{ "type": "Feature", "properties": { "id": 561, "left": 1262493.8968747612, "top": 5544169.4047027044, "right": 1262593.8968747612, "bottom": 5544069.4047027044, "row_index": 0, "col_index": 16, "Union_area": 0.0, "Union_pc": 0.0, "rifter_edif_pl_area": 4928.5898013617843, "rifter_edif_pl_pc": 49.285898013544404, "aree-stradali-modified_area": 0.0, "aree-stradali-modified_pc": 0.0, "Single parts_area": 119.69023613492027, "Single parts_pc": 1.1969023613474192, "Dissolved_area": 8054.6335358023643, "Dissolved_pc": 80.546335357903615, "free_space_number": 3.0 }, "geometry": { "type": "Polygon", "coordinates": [ [ [ 1262493.896874761208892, 5544169.404702704399824 ], [ 1262593.896874761208892, 5544169.404702704399824 ], [ 1262593.896874761208892, 5544069.404702704399824 ], [ 1262493.896874761208892, 5544069.404702704399824 ], [ 1262493.896874761208892, 5544169.404702704399824 ] ] ] } },
{ "type": "Feature", "properties": { "id": 562, "left": 1262493.8968747612, "top": 5544069.4047027044, "right": 1262593.8968747612, "bottom": 5543969.4047027044, "row_index": 1, "col_index": 16, "Union_area": 0.0, "Union_pc": 0.0, "rifter_edif_pl_area": 5416.1509091537446, "rifter_edif_pl_pc": 54.161509091456736, "aree-stradali-modified_area": 3654.8094450123608, "aree-stradali-modified_pc": 36.548094450069151, "Single parts_area": 713.45364580383273, "Single parts_pc": 7.1345364580276964, "Dissolved_area": 404.09707783162594, "Dissolved_pc": 4.0409707783102382, "free_space_number": 4.0 }, "geometry": { "type": "Polygon", "coordinates": [ [ [ 1262493.896874761208892, 5544069.404702704399824 ], [ 1262593.896874761208892, 5544069.404702704399824 ], [ 1262593.896874761208892, 5543969.404702704399824 ], [ 1262493.896874761208892, 5543969.404702704399824 ], [ 1262493.896874761208892, 5544069.404702704399824 ] ] ] } },
{ "type": "Feature", "properties": { "id": 563, "left": 1262493.8968747612, "top": 5543969.4047027044, "right": 1262593.8968747612, "bottom": 5543869.4047027044, "row_index": 2, "col_index": 16, "Union_area": 271.8167941365391, "Union_pc": 2.7181679413613407, "rifter_edif_pl_area": 6512.3180959015153, "rifter_edif_pl_pc": 65.123180958918113, "aree-stradali-modified_area": 2208.9600644111633, "aree-stradali-modified_pc": 22.089600644078718, "Single parts_area": 1006.9050455848046, "Single parts_pc": 10.069050455833041, "Dissolved_area": 0.0, "Dissolved_pc": 0.0, "free_space_number": 3.0 }, "geometry": { "type": "Polygon", "coordinates": [ [ [ 1262493.896874761208892, 5543969.404702704399824 ], [ 1262593.896874761208892, 5543969.404702704399824 ], [ 1262593.896874761208892, 5543869.404702704399824 ], [ 1262493.896874761208892, 5543869.404702704399824 ], [ 1262493.896874761208892, 5543969.404702704399824 ] ] ] } },
{ "type": "Feature", "properties": { "id": 564, "left": 1262493.8968747612, "top": 5543869.4047027044, "right": 1262593.8968747612, "bottom": 5543769.4047027044, "row_index": 3, "col_index": 16, "Union_area": 0.0, "Union_pc": 0.0, "rifter_edif_pl_area": 5511.43933926709, "rifter_edif_pl_pc": 55.114393392588774, "aree-stradali-modified_area": 2857.0949611645192, "aree-stradali-modified_pc": 28.570949611602618, "Single parts_area": 1631.719970747457, "Single parts_pc": 16.317199707450253, "Dissolved_area": 0.0, "Dissolved_pc": 0.0, "free_space_number": 5.0 }, "geometry": { "type": "Polygon", "coordinates": [ [ [ 1262493.896874761208892, 5543869.404702704399824 ], [ 1262593.896874761208892, 5543869.404702704399824 ], [ 1262593.896874761208892, 5543769.404702704399824 ], [ 1262493.896874761208892, 5543769.404702704399824 ], [ 1262493.896874761208892, 5543869.404702704399824 ] ] ] } },
{ "type": "Feature", "properties": { "id": 565, "left": 1262493.8968747612, "top": 5543769.4047027044, "right": 1262593.8968747612, "bottom": 5543669.4047027044, "row_index": 4, "col_index": 16, "Union_area": 0.0, "Union_pc": 0.0, "rifter_edif_pl_area": 6283.423019667156, "rifter_edif_pl_pc": 62.834230196577927, "aree-stradali-modified_area": 436.90718623995781, "aree-stradali-modified_pc": 4.369071862393068, "Single parts_area": 3279.6697940845042, "Single parts_pc": 32.796697940796172, "Dissolved_area": 0.0, "Dissolved_pc": 0.0, "free_space_number": 7.0 }, "geometry": { "type": "Polygon", "coordinates": [ [ [ 1262493.896874761208892, 5543769.404702704399824 ], [ 1262593.896874761208892, 5543769.404702704399824 ], [ 1262593.896874761208892, 5543669.404702704399824 ], [ 1262493.896874761208892, 5543669.404702704399824 ], [ 1262493.896874761208892, 5543769.404702704399824 ] ] ] } },
{ "type": "Feature", "properties": { "id": 566, "left": 1262493.8968747612, "top": 5543669.4047027044, "right": 1262593.8968747612, "bottom": 5543569.4047027044, "row_index": 5, "col_index": 16, "Union_area": 0.0, "Union_pc": 0.0, "rifter_edif_pl_area": 2814.3787529915571, "rifter_edif_pl_pc": 28.143787529873634, "aree-stradali-modified_area": 6792.0403362214565, "aree-stradali-modified_pc": 67.920403362113362, "Single parts_area": 393.92694885773335, "Single parts_pc": 3.9392694885714636, "Dissolved_area": 0.0, "Dissolved_pc": 0.0, "free_space_number": 9.0 }, "geometry": { "type": "Polygon", "coordinates": [ [ [ 1262493.896874761208892, 5543669.404702704399824 ], [ 1262593.896874761208892, 5543669.404702704399824 ], [ 1262593.896874761208892, 5543569.404702704399824 ], [ 1262493.896874761208892, 5543569.404702704399824 ], [ 1262493.896874761208892, 5543669.404702704399824 ] ] ] } },
{ "type": "Feature", "properties": { "id": 567, "left": 1262493.8968747612, "top": 5543569.4047027044, "right": 1262593.8968747612, "bottom": 5543469.4047027044, "row_index": 6, "col_index": 16, "Union_area": 465.38780374638736, "Union_pc": 4.6538780374569386, "rifter_edif_pl_area": 5393.8446225371445, "rifter_edif_pl_pc": 53.938446225291067, "aree-stradali-modified_area": 694.44677578657866, "aree-stradali-modified_pc": 6.9444677578554384, "Single parts_area": 3446.3212021513027, "Single parts_pc": 34.463212021461672, "Dissolved_area": 0.0, "Dissolved_pc": 0.0, "free_space_number": 8.0 }, "geometry": { "type": "Polygon", "coordinates": [ [ [ 1262493.896874761208892, 5543569.404702704399824 ], [ 1262593.896874761208892, 5543569.404702704399824 ], [ 1262593.896874761208892, 5543469.404702704399824 ], [ 1262493.896874761208892, 5543469.404702704399824 ], [ 1262493.896874761208892, 5543569.404702704399824 ] ] ] } },
{ "type": "Feature", "properties": { "id": 568, "left": 1262493.8968747612, "top": 5543469.4047027044, "right": 1262593.8968747612, "bottom": 5543369.4047027044, "row_index": 7, "col_index": 16, "Union_area": 121.27163507789373, "Union_pc": 1.2127163507771304, "rifter_edif_pl_area": 5490.2309686280787, "rifter_edif_pl_pc": 54.902309686198976, "aree-stradali-modified_area": 3593.813544921577, "aree-stradali-modified_pc": 35.938135449162218, "Single parts_area": 915.99460110278198, "Single parts_pc": 9.1599460110141706, "Dissolved_area": 0.0, "Dissolved_pc": 0.0, "free_space_number": 10.0 }, "geometry": { "type": "Polygon", "coordinates": [ [ [ 1262493.896874761208892, 5543469.404702704399824 ], [ 1262593.896874761208892, 5543469.404702704399824 ], [ 1262593.896874761208892, 5543369.404702704399824 ], [ 1262493.896874761208892, 5543369.404702704399824 ], [ 1262493.896874761208892, 5543469.404702704399824 ] ] ] } },
{ "type": "Feature", "properties": { "id": 569, "left": 1262493.8968747612, "top": 5543369.4047027044, "right": 1262593.8968747612, "bottom": 5543269.4047027044, "row_index": 8, "col_index": 16, "Union_area": 0.0, "Union_pc": 0.0, "rifter_edif_pl_area": 3160.6561854099855, "rifter_edif_pl_pc": 31.606561854052757, "aree-stradali-modified_area": 4226.7315698042512, "aree-stradali-modified_pc": 42.267315697979527, "Single parts_area": 2612.6986046795228, "Single parts_pc": 26.126986046756294, "Dissolved_area": 0.0, "Dissolved_pc": 0.0, "free_space_number": 6.0 }, "geometry": { "type": "Polygon", "coordinates": [ [ [ 1262493.896874761208892, 5543369.404702704399824 ], [ 1262593.896874761208892, 5543369.404702704399824 ], [ 1262593.896874761208892, 5543269.404702704399824 ], [ 1262493.896874761208892, 5543269.404702704399824 ], [ 1262493.896874761208892, 5543369.404702704399824 ] ] ] } },
{ "type": "Feature", "properties": { "id": 570, "left": 1262493.8968747612, "top": 5543269.4047027044, "right": 1262593.8968747612, "bottom": 5543169.4047027044, "row_index": 9, "col_index": 16, "Union_area": 259.43246441613883, "Union_pc": 2.5943246441575223, "rifter_edif_pl_area": 5906.4595458081458, "rifter_edif_pl_pc": 59.064595457993441, "aree-stradali-modified_area": 2173.5265421122313, "aree-stradali-modified_pc": 21.735265421089924, "Single parts_area": 1674.2756637789073, "Single parts_pc": 16.742756637764124, "Dissolved_area": 0.0, "Dissolved_pc": 0.0, "free_space_number": 15.0 }, "geometry": { "type": "Polygon", "coordinates": [ [ [ 1262493.896874761208892, 5543269.404702704399824 ], [ 1262593.896874761208892, 5543269.404702704399824 ], [ 1262593.896874761208892, 5543169.404702704399824 ], [ 1262493.896874761208892, 5543169.404702704399824 ], [ 1262493.896874761208892, 5543269.404702704399824 ] ] ] } },
{ "type": "Feature", "properties": { "id": 571, "left": 1262493.8968747612, "top": 5543169.4047027044, "right": 1262593.8968747612, "bottom": 5543069.4047027044, "row_index": 10, "col_index": 16, "Union_area": 458.54316664673388, "Union_pc": 4.5854316664605062, "rifter_edif_pl_area": 6642.5553923924454, "rifter_edif_pl_pc": 66.425553923825476, "aree-stradali-modified_area": 1308.2620405210473, "aree-stradali-modified_pc": 13.082620405190978, "Single parts_area": 1649.8579389096467, "Single parts_pc": 16.498579389071882, "Dissolved_area": 0.0, "Dissolved_pc": 0.0, "free_space_number": 24.0 }, "geometry": { "type": "Polygon", "coordinates": [ [ [ 1262493.896874761208892, 5543169.404702704399824 ], [ 1262593.896874761208892, 5543169.404702704399824 ], [ 1262593.896874761208892, 5543069.404702704399824 ], [ 1262493.896874761208892, 5543069.404702704399824 ], [ 1262493.896874761208892, 5543169.404702704399824 ] ] ] } },
{ "type": "Feature", "properties": { "id": 572, "left": 1262493.8968747612, "top": 5543069.4047027044, "right": 1262593.8968747612, "bottom": 5542969.4047027044, "row_index": 11, "col_index": 16, "Union_area": 63.009529403992929, "Union_pc": 0.63009529403899034, "rifter_edif_pl_area": 6261.3822919968516, "rifter_edif_pl_pc": 62.613822919875211, "aree-stradali-modified_area": 2704.3827597195341, "aree-stradali-modified_pc": 27.043827597155044, "Single parts_area": 971.53829338149035, "Single parts_pc": 9.7153829338004272, "Dissolved_area": 0.0, "Dissolved_pc": 0.0, "free_space_number": 18.0 }, "geometry": { "type": "Polygon", "coordinates": [ [ [ 1262493.896874761208892, 5543069.404702704399824 ], [ 1262593.896874761208892, 5543069.404702704399824 ], [ 1262593.896874761208892, 5542969.404702704399824 ], [ 1262493.896874761208892, 5542969.404702704399824 ], [ 1262493.896874761208892, 5543069.404702704399824 ] ] ] } },
{ "type": "Feature", "properties": { "id": 573, "left": 1262493.8968747612, "top": 5542969.4047027044, "right": 1262593.8968747612, "bottom": 5542869.4047027044, "row_index": 12, "col_index": 16, "Union_area": 287.10462251957506, "Union_pc": 2.8710462251914723, "rifter_edif_pl_area": 5541.7465204166947, "rifter_edif_pl_pc": 55.417465204084365, "aree-stradali-modified_area": 3758.4783533215523, "aree-stradali-modified_pc": 37.584783533159516, "Single parts_area": 699.77512628406635, "Single parts_pc": 6.9977512628302359, "Dissolved_area": 0.0, "Dissolved_pc": 0.0, "free_space_number": 8.0 }, "geometry": { "type": "Polygon", "coordinates": [ [ [ 1262493.896874761208892, 5542969.404702704399824 ], [ 1262593.896874761208892, 5542969.404702704399824 ], [ 1262593.896874761208892, 5542869.404702704399824 ], [ 1262493.896874761208892, 5542869.404702704399824 ], [ 1262493.896874761208892, 5542969.404702704399824 ] ] ] } },
{ "type": "Feature", "properties": { "id": 596, "left": 1262593.8968747612, "top": 5544169.4047027044, "right": 1262693.8968747612, "bottom": 5544069.4047027044, "row_index": 0, "col_index": 17, "Union_area": 0.0, "Union_pc": 0.0, "rifter_edif_pl_area": 6246.6657749377191, "rifter_edif_pl_pc": 62.46665774928411, "aree-stradali-modified_area": 0.0, "aree-stradali-modified_pc": 0.0, "Single parts_area": 0.0, "Single parts_pc": 0.0, "Dissolved_area": 7132.4672627449036, "Dissolved_pc": 71.32467262734275, "free_space_number": 0.0 }, "geometry": { "type": "Polygon", "coordinates": [ [ [ 1262593.896874761208892, 5544169.404702704399824 ], [ 1262693.896874761208892, 5544169.404702704399824 ], [ 1262693.896874761208892, 5544069.404702704399824 ], [ 1262593.896874761208892, 5544069.404702704399824 ], [ 1262593.896874761208892, 5544169.404702704399824 ] ] ] } },
{ "type": "Feature", "properties": { "id": 597, "left": 1262593.8968747612, "top": 5544069.4047027044, "right": 1262693.8968747612, "bottom": 5543969.4047027044, "row_index": 1, "col_index": 17, "Union_area": 0.0, "Union_pc": 0.0, "rifter_edif_pl_area": 5225.4017798900604, "rifter_edif_pl_pc": 52.254017798822737, "aree-stradali-modified_area": 1547.2044850920793, "aree-stradali-modified_pc": 15.472044850897738, "Single parts_area": 0.24514464788086343, "Single parts_pc": 0.0024514464788049813, "Dissolved_area": 0.0, "Dissolved_pc": 0.0, "free_space_number": 3.0 }, "geometry": { "type": "Polygon", "coordinates": [ [ [ 1262593.896874761208892, 5544069.404702704399824 ], [ 1262693.896874761208892, 5544069.404702704399824 ], [ 1262693.896874761208892, 5543969.404702704399824 ], [ 1262593.896874761208892, 5543969.404702704399824 ], [ 1262593.896874761208892, 5544069.404702704399824 ] ] ] } },
{ "type": "Feature", "properties": { "id": 598, "left": 1262593.8968747612, "top": 5543969.4047027044, "right": 1262693.8968747612, "bottom": 5543869.4047027044, "row_index": 2, "col_index": 17, "Union_area": 2498.3122654112522, "Union_pc": 24.983122654075295, "rifter_edif_pl_area": 3284.1803940944374, "rifter_edif_pl_pc": 32.841803940895439, "aree-stradali-modified_area": 2107.2985038161278, "aree-stradali-modified_pc": 21.072985038129875, "Single parts_area": 2110.4549014057229, "Single parts_pc": 21.104549014025782, "Dissolved_area": 0.0, "Dissolved_pc": 0.0, "free_space_number": 6.0 }, "geometry": { "type": "Polygon", "coordinates": [ [ [ 1262593.896874761208892, 5543969.404702704399824 ], [ 1262693.896874761208892, 5543969.404702704399824 ], [ 1262693.896874761208892, 5543869.404702704399824 ], [ 1262593.896874761208892, 5543869.404702704399824 ], [ 1262593.896874761208892, 5543969.404702704399824 ] ] ] } },
{ "type": "Feature", "properties": { "id": 599, "left": 1262593.8968747612, "top": 5543869.4047027044, "right": 1262693.8968747612, "bottom": 5543769.4047027044, "row_index": 3, "col_index": 17, "Union_area": 2879.6285454723984, "Union_pc": 28.796285454681072, "rifter_edif_pl_area": 1897.4496732270345, "rifter_edif_pl_pc": 18.97449673224207, "aree-stradali-modified_area": 3221.3382027074695, "aree-stradali-modified_pc": 32.21338202702669, "Single parts_area": 2112.6524160202134, "Single parts_pc": 21.126524160170653, "Dissolved_area": 0.0, "Dissolved_pc": 0.0, "free_space_number": 9.0 }, "geometry": { "type": "Polygon", "coordinates": [ [ [ 1262593.896874761208892, 5543869.404702704399824 ], [ 1262693.896874761208892, 5543869.404702704399824 ], [ 1262693.896874761208892, 5543769.404702704399824 ], [ 1262593.896874761208892, 5543769.404702704399824 ], [ 1262593.896874761208892, 5543869.404702704399824 ] ] ] } },
{ "type": "Feature", "properties": { "id": 600, "left": 1262593.8968747612, "top": 5543769.4047027044, "right": 1262693.8968747612, "bottom": 5543669.4047027044, "row_index": 4, "col_index": 17, "Union_area": 1829.1186925310176, "Union_pc": 18.291186925282918, "rifter_edif_pl_area": 1195.1405424587429, "rifter_edif_pl_pc": 11.95140542456962, "aree-stradali-modified_area": 2519.2012209296227, "aree-stradali-modified_pc": 25.192012209258689, "Single parts_area": 4815.4335304689594, "Single parts_pc": 48.154335304617838, "Dissolved_area": 0.0, "Dissolved_pc": 0.0, "free_space_number": 1.0 }, "geometry": { "type": "Polygon", "coordinates": [ [ [ 1262593.896874761208892, 5543769.404702704399824 ], [ 1262693.896874761208892, 5543769.404702704399824 ], [ 1262693.896874761208892, 5543669.404702704399824 ], [ 1262593.896874761208892, 5543669.404702704399824 ], [ 1262593.896874761208892, 5543769.404702704399824 ] ] ] } },
{ "type": "Feature", "properties": { "id": 601, "left": 1262593.8968747612, "top": 5543669.4047027044, "right": 1262693.8968747612, "bottom": 5543569.4047027044, "row_index": 5, "col_index": 17, "Union_area": 2364.2020002142526, "Union_pc": 23.642020002107298, "rifter_edif_pl_area": 1211.3009252157062, "rifter_edif_pl_pc": 12.113009252139012, "aree-stradali-modified_area": 4642.3575724959373, "aree-stradali-modified_pc": 46.423575724890199, "Single parts_area": 1896.6130129817882, "Single parts_pc": 18.966130129789619, "Dissolved_area": 0.0, "Dissolved_pc": 0.0, "free_space_number": 6.0 }, "geometry": { "type": "Polygon", "coordinates": [ [ [ 1262593.896874761208892, 5543669.404702704399824 ], [ 1262693.896874761208892, 5543669.404702704399824 ], [ 1262693.896874761208892, 5543569.404702704399824 ], [ 1262593.896874761208892, 5543569.404702704399824 ], [ 1262593.896874761208892, 5543669.404702704399824 ] ] ] } },
{ "type": "Feature", "properties": { "id": 602, "left": 1262593.8968747612, "top": 5543569.4047027044, "right": 1262693.8968747612, "bottom": 5543469.4047027044, "row_index": 6, "col_index": 17, "Union_area": 379.72103420179337, "Union_pc": 3.7972103420122756, "rifter_edif_pl_area": 5067.4518630132079, "rifter_edif_pl_pc": 50.674518630056568, "aree-stradali-modified_area": 2367.7730815187097, "aree-stradali-modified_pc": 23.677730815151815, "Single parts_area": 2185.3210233674145, "Single parts_pc": 21.853210233641583, "Dissolved_area": 0.0, "Dissolved_pc": 0.0, "free_space_number": 7.0 }, "geometry": { "type": "Polygon", "coordinates": [ [ [ 1262593.896874761208892, 5543569.404702704399824 ], [ 1262693.896874761208892, 5543569.404702704399824 ], [ 1262693.896874761208892, 5543469.404702704399824 ], [ 1262593.896874761208892, 5543469.404702704399824 ], [ 1262593.896874761208892, 5543569.404702704399824 ] ] ] } },
{ "type": "Feature", "properties": { "id": 603, "left": 1262593.8968747612, "top": 5543469.4047027044, "right": 1262693.8968747612, "bottom": 5543369.4047027044, "row_index": 7, "col_index": 17, "Union_area": 53.890409400686622, "Union_pc": 0.53890409400606321, "rifter_edif_pl_area": 5273.0998718747869, "rifter_edif_pl_pc": 52.730998718669291, "aree-stradali-modified_area": 4590.008493386209, "aree-stradali-modified_pc": 45.900084933793693, "Single parts_area": 137.06602937724506, "Single parts_pc": 1.3706602937704082, "Dissolved_area": 0.0, "Dissolved_pc": 0.0, "free_space_number": 7.0 }, "geometry": { "type": "Polygon", "coordinates": [ [ [ 1262593.896874761208892, 5543469.404702704399824 ], [ 1262693.896874761208892, 5543469.404702704399824 ], [ 1262693.896874761208892, 5543369.404702704399824 ], [ 1262593.896874761208892, 5543369.404702704399824 ], [ 1262593.896874761208892, 5543469.404702704399824 ] ] ] } },
{ "type": "Feature", "properties": { "id": 604, "left": 1262593.8968747612, "top": 5543369.4047027044, "right": 1262693.8968747612, "bottom": 5543269.4047027044, "row_index": 8, "col_index": 17, "Union_area": 529.57879882585257, "Union_pc": 5.295787988250634, "rifter_edif_pl_area": 5527.5507932842011, "rifter_edif_pl_pc": 55.275507932759645, "aree-stradali-modified_area": 548.22356513142586, "aree-stradali-modified_pc": 5.4822356513060893, "Single parts_area": 3395.4821653701711, "Single parts_pc": 33.954821653651109, "Dissolved_area": 0.0, "Dissolved_pc": 0.0, "free_space_number": 12.0 }, "geometry": { "type": "Polygon", "coordinates": [ [ [ 1262593.896874761208892, 5543369.404702704399824 ], [ 1262693.896874761208892, 5543369.404702704399824 ], [ 1262693.896874761208892, 5543269.404702704399824 ], [ 1262593.896874761208892, 5543269.404702704399824 ], [ 1262593.896874761208892, 5543369.404702704399824 ] ] ] } },
{ "type": "Feature", "properties": { "id": 605, "left": 1262593.8968747612, "top": 5543269.4047027044, "right": 1262693.8968747612, "bottom": 5543169.4047027044, "row_index": 9, "col_index": 17, "Union_area": 381.5550242960453, "Union_pc": 3.8155502429547674, "rifter_edif_pl_area": 7016.2609389508143, "rifter_edif_pl_pc": 70.162609389403599, "aree-stradali-modified_area": 1040.9249549815431, "aree-stradali-modified_pc": 10.40924954979992, "Single parts_area": 1561.6675946898015, "Single parts_pc": 15.616675946874746, "Dissolved_area": 0.0, "Dissolved_pc": 0.0, "free_space_number": 12.0 }, "geometry": { "type": "Polygon", "coordinates": [ [ [ 1262593.896874761208892, 5543269.404702704399824 ], [ 1262693.896874761208892, 5543269.404702704399824 ], [ 1262693.896874761208892, 5543169.404702704399824 ], [ 1262593.896874761208892, 5543169.404702704399824 ], [ 1262593.896874761208892, 5543269.404702704399824 ] ] ] } },
{ "type": "Feature", "properties": { "id": 606, "left": 1262593.8968747612, "top": 5543169.4047027044, "right": 1262693.8968747612, "bottom": 5543069.4047027044, "row_index": 10, "col_index": 17, "Union_area": 0.0, "Union_pc": 0.0, "rifter_edif_pl_area": 6858.9774174280465, "rifter_edif_pl_pc": 68.58977417417826, "aree-stradali-modified_area": 1190.3745109885931, "aree-stradali-modified_pc": 11.903745109868193, "Single parts_area": 1951.1414074570862, "Single parts_pc": 19.51141407454179, "Dissolved_area": 0.0, "Dissolved_pc": 0.0, "free_space_number": 13.0 }, "geometry": { "type": "Polygon", "coordinates": [ [ [ 1262593.896874761208892, 5543169.404702704399824 ], [ 1262693.896874761208892, 5543169.404702704399824 ], [ 1262693.896874761208892, 5543069.404702704399824 ], [ 1262593.896874761208892, 5543069.404702704399824 ], [ 1262593.896874761208892, 5543169.404702704399824 ] ] ] } },
{ "type": "Feature", "properties": { "id": 607, "left": 1262593.8968747612, "top": 5543069.4047027044, "right": 1262693.8968747612, "bottom": 5542969.4047027044, "row_index": 11, "col_index": 17, "Union_area": 0.0, "Union_pc": 0.0, "rifter_edif_pl_area": 7365.518051400315, "rifter_edif_pl_pc": 73.655180513893399, "aree-stradali-modified_area": 1857.1216890737414, "aree-stradali-modified_pc": 18.571216890709742, "Single parts_area": 781.50327232146049, "Single parts_pc": 7.8150327232029602, "Dissolved_area": 0.0, "Dissolved_pc": 0.0, "free_space_number": 15.0 }, "geometry": { "type": "Polygon", "coordinates": [ [ [ 1262593.896874761208892, 5543069.404702704399824 ], [ 1262693.896874761208892, 5543069.404702704399824 ], [ 1262693.896874761208892, 5542969.404702704399824 ], [ 1262593.896874761208892, 5542969.404702704399824 ], [ 1262593.896874761208892, 5543069.404702704399824 ] ] ] } },
{ "type": "Feature", "properties": { "id": 608, "left": 1262593.8968747612, "top": 5542969.4047027044, "right": 1262693.8968747612, "bottom": 5542869.4047027044, "row_index": 12, "col_index": 17, "Union_area": 255.27475580945611, "Union_pc": 2.5527475580907573, "rifter_edif_pl_area": 6655.4466218862217, "rifter_edif_pl_pc": 66.554466218763039, "aree-stradali-modified_area": 2043.8356424281374, "aree-stradali-modified_pc": 20.438356424250919, "Single parts_area": 1046.0743359329972, "Single parts_pc": 10.460743359314383, "Dissolved_area": 0.0, "Dissolved_pc": 0.0, "free_space_number": 21.0 }, "geometry": { "type": "Polygon", "coordinates": [ [ [ 1262593.896874761208892, 5542969.404702704399824 ], [ 1262693.896874761208892, 5542969.404702704399824 ], [ 1262693.896874761208892, 5542869.404702704399824 ], [ 1262593.896874761208892, 5542869.404702704399824 ], [ 1262593.896874761208892, 5542969.404702704399824 ] ] ] } },
{ "type": "Feature", "properties": { "id": 631, "left": 1262693.8968747612, "top": 5544169.4047027044, "right": 1262793.8968747612, "bottom": 5544069.4047027044, "row_index": 0, "col_index": 18, "Union_area": 0.0, "Union_pc": 0.0, "rifter_edif_pl_area": 5524.3810448092408, "rifter_edif_pl_pc": 55.243810448010088, "aree-stradali-modified_area": 0.0, "aree-stradali-modified_pc": 0.0, "Single parts_area": 0.0, "Single parts_pc": 0.0, "Dissolved_area": 8988.2759528160095, "Dissolved_pc": 89.882759528026156, "free_space_number": 0.0 }, "geometry": { "type": "Polygon", "coordinates": [ [ [ 1262693.896874761208892, 5544169.404702704399824 ], [ 1262793.896874761208892, 5544169.404702704399824 ], [ 1262793.896874761208892, 5544069.404702704399824 ], [ 1262693.896874761208892, 5544069.404702704399824 ], [ 1262693.896874761208892, 5544169.404702704399824 ] ] ] } },
{ "type": "Feature", "properties": { "id": 632, "left": 1262693.8968747612, "top": 5544069.4047027044, "right": 1262793.8968747612, "bottom": 5543969.4047027044, "row_index": 1, "col_index": 18, "Union_area": 616.69128015334718, "Union_pc": 6.1669128015242825, "rifter_edif_pl_area": 2403.8104016259313, "rifter_edif_pl_pc": 24.038104016223492, "aree-stradali-modified_area": 8.8857485949993134, "aree-stradali-modified_pc": 0.088857485949860732, "Single parts_area": 1072.1085217249492, "Single parts_pc": 10.721085217233517, "Dissolved_area": 0.0, "Dissolved_pc": 0.0, "free_space_number": 3.0 }, "geometry": { "type": "Polygon", "coordinates": [ [ [ 1262693.896874761208892, 5544069.404702704399824 ], [ 1262793.896874761208892, 5544069.404702704399824 ], [ 1262793.896874761208892, 5543969.404702704399824 ], [ 1262693.896874761208892, 5543969.404702704399824 ], [ 1262693.896874761208892, 5544069.404702704399824 ] ] ] } },
{ "type": "Feature", "properties": { "id": 633, "left": 1262693.8968747612, "top": 5543969.4047027044, "right": 1262793.8968747612, "bottom": 5543869.4047027044, "row_index": 2, "col_index": 18, "Union_area": 789.1585140209645, "Union_pc": 7.8915851401978854, "rifter_edif_pl_area": 4176.5041779363528, "rifter_edif_pl_pc": 41.765041779301292, "aree-stradali-modified_area": 3798.1410645805299, "aree-stradali-modified_pc": 37.981410645748703, "Single parts_area": 764.99435180732496, "Single parts_pc": 7.6499435180618507, "Dissolved_area": 0.0, "Dissolved_pc": 0.0, "free_space_number": 6.0 }, "geometry": { "type": "Polygon", "coordinates": [ [ [ 1262693.896874761208892, 5543969.404702704399824 ], [ 1262793.896874761208892, 5543969.404702704399824 ], [ 1262793.896874761208892, 5543869.404702704399824 ], [ 1262693.896874761208892, 5543869.404702704399824 ], [ 1262693.896874761208892, 5543969.404702704399824 ] ] ] } },
{ "type": "Feature", "properties": { "id": 634, "left": 1262693.8968747612, "top": 5543869.4047027044, "right": 1262793.8968747612, "bottom": 5543769.4047027044, "row_index": 3, "col_index": 18, "Union_area": 1569.6922623673454, "Union_pc": 15.696922623650064, "rifter_edif_pl_area": 3513.2757533192635, "rifter_edif_pl_pc": 35.132757533140285, "aree-stradali-modified_area": 3411.9859865307808, "aree-stradali-modified_pc": 34.119859865256963, "Single parts_area": 1546.4807237250675, "Single parts_pc": 15.46480723722763, "Dissolved_area": 0.0, "Dissolved_pc": 0.0, "free_space_number": 7.0 }, "geometry": { "type": "Polygon", "coordinates": [ [ [ 1262693.896874761208892, 5543869.404702704399824 ], [ 1262793.896874761208892, 5543869.404702704399824 ], [ 1262793.896874761208892, 5543769.404702704399824 ], [ 1262693.896874761208892, 5543769.404702704399824 ], [ 1262693.896874761208892, 5543869.404702704399824 ] ] ] } },
{ "type": "Feature", "properties": { "id": 635, "left": 1262693.8968747612, "top": 5543769.4047027044, "right": 1262793.8968747612, "bottom": 5543669.4047027044, "row_index": 4, "col_index": 18, "Union_area": 2243.0118261280004, "Union_pc": 22.43011826124658, "rifter_edif_pl_area": 2376.2529571363702, "rifter_edif_pl_pc": 23.762529571328294, "aree-stradali-modified_area": 4227.4960611476563, "aree-stradali-modified_pc": 42.274960611413569, "Single parts_area": 1518.889340140624, "Single parts_pc": 15.188893401383606, "Dissolved_area": 0.0, "Dissolved_pc": 0.0, "free_space_number": 4.0 }, "geometry": { "type": "Polygon", "coordinates": [ [ [ 1262693.896874761208892, 5543769.404702704399824 ], [ 1262793.896874761208892, 5543769.404702704399824 ], [ 1262793.896874761208892, 5543669.404702704399824 ], [ 1262693.896874761208892, 5543669.404702704399824 ], [ 1262693.896874761208892, 5543769.404702704399824 ] ] ] } },
{ "type": "Feature", "properties": { "id": 636, "left": 1262693.8968747612, "top": 5543669.4047027044, "right": 1262793.8968747612, "bottom": 5543569.4047027044, "row_index": 5, "col_index": 18, "Union_area": 2359.8265724182129, "Union_pc": 23.598265724146966, "rifter_edif_pl_area": 4653.1505073085427, "rifter_edif_pl_pc": 46.531505073016092, "aree-stradali-modified_area": 2284.3595157004893, "aree-stradali-modified_pc": 22.843595156970853, "Single parts_area": 722.94287283199287, "Single parts_pc": 7.2294287283091556, "Dissolved_area": 0.0, "Dissolved_pc": 0.0, "free_space_number": 8.0 }, "geometry": { "type": "Polygon", "coordinates": [ [ [ 1262693.896874761208892, 5543669.404702704399824 ], [ 1262793.896874761208892, 5543669.404702704399824 ], [ 1262793.896874761208892, 5543569.404702704399824 ], [ 1262693.896874761208892, 5543569.404702704399824 ], [ 1262693.896874761208892, 5543669.404702704399824 ] ] ] } },
{ "type": "Feature", "properties": { "id": 637, "left": 1262693.8968747612, "top": 5543569.4047027044, "right": 1262793.8968747612, "bottom": 5543469.4047027044, "row_index": 6, "col_index": 18, "Union_area": 868.12783284857869, "Union_pc": 8.6812783284728514, "rifter_edif_pl_area": 6067.7496696920134, "rifter_edif_pl_pc": 60.677496696829721, "aree-stradali-modified_area": 328.13231112866197, "aree-stradali-modified_pc": 3.28132311128173, "Single parts_area": 2736.2146898851706, "Single parts_pc": 27.362146898810934, "Dissolved_area": 0.0, "Dissolved_pc": 0.0, "free_space_number": 6.0 }, "geometry": { "type": "Polygon", "coordinates": [ [ [ 1262693.896874761208892, 5543569.404702704399824 ], [ 1262793.896874761208892, 5543569.404702704399824 ], [ 1262793.896874761208892, 5543469.404702704399824 ], [ 1262693.896874761208892, 5543469.404702704399824 ], [ 1262693.896874761208892, 5543569.404702704399824 ] ] ] } },
{ "type": "Feature", "properties": { "id": 638, "left": 1262693.8968747612, "top": 5543469.4047027044, "right": 1262793.8968747612, "bottom": 5543369.4047027044, "row_index": 7, "col_index": 18, "Union_area": 0.0, "Union_pc": 0.0, "rifter_edif_pl_area": 6550.9405072457739, "rifter_edif_pl_pc": 65.509405072360124, "aree-stradali-modified_area": 2857.999678902328, "aree-stradali-modified_pc": 28.579996788980694, "Single parts_area": 591.18021535930529, "Single parts_pc": 5.9118021535842438, "Dissolved_area": 0.0, "Dissolved_pc": 0.0, "free_space_number": 11.0 }, "geometry": { "type": "Polygon", "coordinates": [ [ [ 1262693.896874761208892, 5543469.404702704399824 ], [ 1262793.896874761208892, 5543469.404702704399824 ], [ 1262793.896874761208892, 5543369.404702704399824 ], [ 1262693.896874761208892, 5543369.404702704399824 ], [ 1262693.896874761208892, 5543469.404702704399824 ] ] ] } },
{ "type": "Feature", "properties": { "id": 639, "left": 1262693.8968747612, "top": 5543369.4047027044, "right": 1262793.8968747612, "bottom": 5543269.4047027044, "row_index": 8, "col_index": 18, "Union_area": 337.35296538472176, "Union_pc": 3.3735296538421906, "rifter_edif_pl_area": 5698.2636658595875, "rifter_edif_pl_pc": 56.982636658510962, "aree-stradali-modified_area": 2976.9704763889313, "aree-stradali-modified_pc": 29.769704763844953, "Single parts_area": 987.5474166042186, "Single parts_pc": 9.8754741660274696, "Dissolved_area": 0.0, "Dissolved_pc": 0.0, "free_space_number": 10.0 }, "geometry": { "type": "Polygon", "coordinates": [ [ [ 1262693.896874761208892, 5543369.404702704399824 ], [ 1262793.896874761208892, 5543369.404702704399824 ], [ 1262793.896874761208892, 5543269.404702704399824 ], [ 1262693.896874761208892, 5543269.404702704399824 ], [ 1262693.896874761208892, 5543369.404702704399824 ] ] ] } },
{ "type": "Feature", "properties": { "id": 640, "left": 1262693.8968747612, "top": 5543269.4047027044, "right": 1262793.8968747612, "bottom": 5543169.4047027044, "row_index": 9, "col_index": 18, "Union_area": 33.494195772334933, "Union_pc": 0.33494195772285024, "rifter_edif_pl_area": 6636.24826545408, "rifter_edif_pl_pc": 66.362482654441905, "aree-stradali-modified_area": 1250.8924717977643, "aree-stradali-modified_pc": 12.508924717959003, "Single parts_area": 2079.4613012895466, "Single parts_pc": 20.794613012864477, "Dissolved_area": 0.0, "Dissolved_pc": 0.0, "free_space_number": 11.0 }, "geometry": { "type": "Polygon", "coordinates": [ [ [ 1262693.896874761208892, 5543269.404702704399824 ], [ 1262793.896874761208892, 5543269.404702704399824 ], [ 1262793.896874761208892, 5543169.404702704399824 ], [ 1262693.896874761208892, 5543169.404702704399824 ], [ 1262693.896874761208892, 5543269.404702704399824 ] ] ] } },
{ "type": "Feature", "properties": { "id": 641, "left": 1262693.8968747612, "top": 5543169.4047027044, "right": 1262793.8968747612, "bottom": 5543069.4047027044, "row_index": 10, "col_index": 18, "Union_area": 0.0, "Union_pc": 0.0, "rifter_edif_pl_area": 6429.9330063067609, "rifter_edif_pl_pc": 64.299330062971791, "aree-stradali-modified_area": 2614.9754380434752, "aree-stradali-modified_pc": 26.149754380395784, "Single parts_area": 955.24366408317906, "Single parts_pc": 9.5524366408175556, "Dissolved_area": 0.0, "Dissolved_pc": 0.0, "free_space_number": 10.0 }, "geometry": { "type": "Polygon", "coordinates": [ [ [ 1262693.896874761208892, 5543169.404702704399824 ], [ 1262793.896874761208892, 5543169.404702704399824 ], [ 1262793.896874761208892, 5543069.404702704399824 ], [ 1262693.896874761208892, 5543069.404702704399824 ], [ 1262693.896874761208892, 5543169.404702704399824 ] ] ] } },
{ "type": "Feature", "properties": { "id": 642, "left": 1262693.8968747612, "top": 5543069.4047027044, "right": 1262793.8968747612, "bottom": 5542969.4047027044, "row_index": 11, "col_index": 18, "Union_area": 0.0, "Union_pc": 0.0, "rifter_edif_pl_area": 6587.0144141875207, "rifter_edif_pl_pc": 65.870144141777047, "aree-stradali-modified_area": 2517.0089543201029, "aree-stradali-modified_pc": 25.170089543163524, "Single parts_area": 896.13060658710469, "Single parts_pc": 8.9613060658576931, "Dissolved_area": 0.0, "Dissolved_pc": 0.0, "free_space_number": 13.0 }, "geometry": { "type": "Polygon", "coordinates": [ [ [ 1262693.896874761208892, 5543069.404702704399824 ], [ 1262793.896874761208892, 5543069.404702704399824 ], [ 1262793.896874761208892, 5542969.404702704399824 ], [ 1262693.896874761208892, 5542969.404702704399824 ], [ 1262693.896874761208892, 5543069.404702704399824 ] ] ] } },
{ "type": "Feature", "properties": { "id": 666, "left": 1262793.8968747612, "top": 5544169.4047027044, "right": 1262893.8968747612, "bottom": 5544069.4047027044, "row_index": 0, "col_index": 19, "Union_area": 0.0, "Union_pc": 0.0, "rifter_edif_pl_area": 2710.9066287400201, "rifter_edif_pl_pc": 27.109066287359806, "aree-stradali-modified_area": 0.0, "aree-stradali-modified_pc": 0.0, "Single parts_area": 0.0, "Single parts_pc": 0.0, "Dissolved_area": 9998.1070940494537, "Dissolved_pc": 99.98107094034556, "free_space_number": 0.0 }, "geometry": { "type": "Polygon", "coordinates": [ [ [ 1262793.896874761208892, 5544169.404702704399824 ], [ 1262893.896874761208892, 5544169.404702704399824 ], [ 1262893.896874761208892, 5544069.404702704399824 ], [ 1262793.896874761208892, 5544069.404702704399824 ], [ 1262793.896874761208892, 5544169.404702704399824 ] ] ] } },
{ "type": "Feature", "properties": { "id": 667, "left": 1262793.8968747612, "top": 5544069.4047027044, "right": 1262893.8968747612, "bottom": 5543969.4047027044, "row_index": 1, "col_index": 19, "Union_area": 287.27894407324493, "Union_pc": 2.8727894407281687, "rifter_edif_pl_area": 4679.8601099182852, "rifter_edif_pl_pc": 46.798601099113114, "aree-stradali-modified_area": 0.0, "aree-stradali-modified_pc": 0.0, "Single parts_area": 4355.1034086871659, "Single parts_pc": 43.551034086806766, "Dissolved_area": 845.74266612529755, "Dissolved_pc": 8.4574266612403726, "free_space_number": 3.0 }, "geometry": { "type": "Polygon", "coordinates": [ [ [ 1262793.896874761208892, 5544069.404702704399824 ], [ 1262893.896874761208892, 5544069.404702704399824 ], [ 1262893.896874761208892, 5543969.404702704399824 ], [ 1262793.896874761208892, 5543969.404702704399824 ], [ 1262793.896874761208892, 5544069.404702704399824 ] ] ] } },
{ "type": "Feature", "properties": { "id": 668, "left": 1262793.8968747612, "top": 5543969.4047027044, "right": 1262893.8968747612, "bottom": 5543869.4047027044, "row_index": 2, "col_index": 19, "Union_area": 46.298798070289195, "Union_pc": 0.46298798070220204, "rifter_edif_pl_area": 3154.4777443669736, "rifter_edif_pl_pc": 31.544777443622731, "aree-stradali-modified_area": 5930.1001263260841, "aree-stradali-modified_pc": 59.301001263172473, "Single parts_area": 870.44001593766734, "Single parts_pc": 8.7044001593637024, "Dissolved_area": 0.0, "Dissolved_pc": 0.0, "free_space_number": 6.0 }, "geometry": { "type": "Polygon", "coordinates": [ [ [ 1262793.896874761208892, 5543969.404702704399824 ], [ 1262893.896874761208892, 5543969.404702704399824 ], [ 1262893.896874761208892, 5543869.404702704399824 ], [ 1262793.896874761208892, 5543869.404702704399824 ], [ 1262793.896874761208892, 5543969.404702704399824 ] ] ] } },
{ "type": "Feature", "properties": { "id": 669, "left": 1262793.8968747612, "top": 5543869.4047027044, "right": 1262893.8968747612, "bottom": 5543769.4047027044, "row_index": 3, "col_index": 19, "Union_area": 1853.4515128075145, "Union_pc": 18.534515128047527, "rifter_edif_pl_area": 1724.7550542447716, "rifter_edif_pl_pc": 17.247550542422015, "aree-stradali-modified_area": 5567.3912239670753, "aree-stradali-modified_pc": 55.673912239587793, "Single parts_area": 1127.5107709640185, "Single parts_pc": 11.275107709623384, "Dissolved_area": 0.0, "Dissolved_pc": 0.0, "free_space_number": 4.0 }, "geometry": { "type": "Polygon", "coordinates": [ [ [ 1262793.896874761208892, 5543869.404702704399824 ], [ 1262893.896874761208892, 5543869.404702704399824 ], [ 1262893.896874761208892, 5543769.404702704399824 ], [ 1262793.896874761208892, 5543769.404702704399824 ], [ 1262793.896874761208892, 5543869.404702704399824 ] ] ] } },
{ "type": "Feature", "properties": { "id": 670, "left": 1262793.8968747612, "top": 5543769.4047027044, "right": 1262893.8968747612, "bottom": 5543669.4047027044, "row_index": 4, "col_index": 19, "Union_area": 527.12354843504727, "Union_pc": 5.2712354843426183, "rifter_edif_pl_area": 3288.674739561975, "rifter_edif_pl_pc": 32.886747395570744, "aree-stradali-modified_area": 1727.307811318431, "aree-stradali-modified_pc": 17.273078113158572, "Single parts_area": 4531.0157115234761, "Single parts_pc": 45.310157115167243, "Dissolved_area": 0.0, "Dissolved_pc": 0.0, "free_space_number": 6.0 }, "geometry": { "type": "Polygon", "coordinates": [ [ [ 1262793.896874761208892, 5543769.404702704399824 ], [ 1262893.896874761208892, 5543769.404702704399824 ], [ 1262893.896874761208892, 5543669.404702704399824 ], [ 1262793.896874761208892, 5543669.404702704399824 ], [ 1262793.896874761208892, 5543769.404702704399824 ] ] ] } },
{ "type": "Feature", "properties": { "id": 671, "left": 1262793.8968747612, "top": 5543669.4047027044, "right": 1262893.8968747612, "bottom": 5543569.4047027044, "row_index": 5, "col_index": 19, "Union_area": 804.24485520645976, "Union_pc": 8.0424485520526137, "rifter_edif_pl_area": 4788.449913315475, "rifter_edif_pl_pc": 47.884499133083395, "aree-stradali-modified_area": 4056.1206209883094, "aree-stradali-modified_pc": 40.56120620982265, "Single parts_area": 387.99609938540766, "Single parts_pc": 3.8799609938482948, "Dissolved_area": 0.0, "Dissolved_pc": 0.0, "free_space_number": 12.0 }, "geometry": { "type": "Polygon", "coordinates": [ [ [ 1262793.896874761208892, 5543669.404702704399824 ], [ 1262893.896874761208892, 5543669.404702704399824 ], [ 1262893.896874761208892, 5543569.404702704399824 ], [ 1262793.896874761208892, 5543569.404702704399824 ], [ 1262793.896874761208892, 5543669.404702704399824 ] ] ] } },
{ "type": "Feature", "properties": { "id": 672, "left": 1262793.8968747612, "top": 5543569.4047027044, "right": 1262893.8968747612, "bottom": 5543469.4047027044, "row_index": 6, "col_index": 19, "Union_area": 205.72630796115845, "Union_pc": 2.0572630796085192, "rifter_edif_pl_area": 4716.7248697923496, "rifter_edif_pl_pc": 47.167248697853211, "aree-stradali-modified_area": 2606.8666202090681, "aree-stradali-modified_pc": 26.068666202051837, "Single parts_area": 2470.7796269420533, "Single parts_pc": 24.707796269383714, "Dissolved_area": 0.0, "Dissolved_pc": 0.0, "free_space_number": 8.0 }, "geometry": { "type": "Polygon", "coordinates": [ [ [ 1262793.896874761208892, 5543569.404702704399824 ], [ 1262893.896874761208892, 5543569.404702704399824 ], [ 1262893.896874761208892, 5543469.404702704399824 ], [ 1262793.896874761208892, 5543469.404702704399824 ], [ 1262793.896874761208892, 5543569.404702704399824 ] ] ] } },
{ "type": "Feature", "properties": { "id": 673, "left": 1262793.8968747612, "top": 5543469.4047027044, "right": 1262893.8968747612, "bottom": 5543369.4047027044, "row_index": 7, "col_index": 19, "Union_area": 555.03945285826921, "Union_pc": 5.5503945285744214, "rifter_edif_pl_area": 5778.0435313587077, "rifter_edif_pl_pc": 57.78043531350098, "aree-stradali-modified_area": 2072.1102819442749, "aree-stradali-modified_pc": 20.721102819411872, "Single parts_area": 1595.6283174056498, "Single parts_pc": 15.956283174032722, "Dissolved_area": 0.0, "Dissolved_pc": 0.0, "free_space_number": 12.0 }, "geometry": { "type": "Polygon", "coordinates": [ [ [ 1262793.896874761208892, 5543469.404702704399824 ], [ 1262893.896874761208892, 5543469.404702704399824 ], [ 1262893.896874761208892, 5543369.404702704399824 ], [ 1262793.896874761208892, 5543369.404702704399824 ], [ 1262793.896874761208892, 5543469.404702704399824 ] ] ] } },
{ "type": "Feature", "properties": { "id": 674, "left": 1262793.8968747612, "top": 5543369.4047027044, "right": 1262893.8968747612, "bottom": 5543269.4047027044, "row_index": 8, "col_index": 19, "Union_area": 140.74463198427111, "Union_pc": 1.4074463198406137, "rifter_edif_pl_area": 4717.1420912332833, "rifter_edif_pl_pc": 47.171420912262541, "aree-stradali-modified_area": 4875.0925331935287, "aree-stradali-modified_pc": 48.750925331862639, "Single parts_area": 267.28643354282337, "Single parts_pc": 2.6728643354242507, "Dissolved_area": 0.0, "Dissolved_pc": 0.0, "free_space_number": 6.0 }, "geometry": { "type": "Polygon", "coordinates": [ [ [ 1262793.896874761208892, 5543369.404702704399824 ], [ 1262893.896874761208892, 5543369.404702704399824 ], [ 1262893.896874761208892, 5543269.404702704399824 ], [ 1262793.896874761208892, 5543269.404702704399824 ], [ 1262793.896874761208892, 5543369.404702704399824 ] ] ] } },
{ "type": "Feature", "properties": { "id": 675, "left": 1262793.8968747612, "top": 5543269.4047027044, "right": 1262893.8968747612, "bottom": 5543169.4047027044, "row_index": 9, "col_index": 19, "Union_area": 109.80144267342985, "Union_pc": 1.0980144267326624, "rifter_edif_pl_area": 6035.3097091894597, "rifter_edif_pl_pc": 60.353097091804663, "aree-stradali-modified_area": 2097.7537579461932, "aree-stradali-modified_pc": 20.977537579430674, "Single parts_area": 781.01038818917471, "Single parts_pc": 7.8101038818801092, "Dissolved_area": 0.0, "Dissolved_pc": 0.0, "free_space_number": 7.0 }, "geometry": { "type": "Polygon", "coordinates": [ [ [ 1262793.896874761208892, 5543269.404702704399824 ], [ 1262893.896874761208892, 5543269.404702704399824 ], [ 1262893.896874761208892, 5543169.404702704399824 ], [ 1262793.896874761208892, 5543169.404702704399824 ], [ 1262793.896874761208892, 5543269.404702704399824 ] ] ] } },
{ "type": "Feature", "properties": { "id": 676, "left": 1262793.8968747612, "top": 5543169.4047027044, "right": 1262893.8968747612, "bottom": 5543069.4047027044, "row_index": 10, "col_index": 19, "Union_area": 1746.5923748854548, "Union_pc": 17.465923748828523, "rifter_edif_pl_area": 3122.2002368535614, "rifter_edif_pl_pc": 31.22200236848909, "aree-stradali-modified_area": 2036.4638250805438, "aree-stradali-modified_pc": 20.364638250775091, "Single parts_area": 85.232004815965823, "Single parts_pc": 0.85232004815838824, "Dissolved_area": 0.0, "Dissolved_pc": 0.0, "free_space_number": 9.0 }, "geometry": { "type": "Polygon", "coordinates": [ [ [ 1262793.896874761208892, 5543169.404702704399824 ], [ 1262893.896874761208892, 5543169.404702704399824 ], [ 1262893.896874761208892, 5543069.404702704399824 ], [ 1262793.896874761208892, 5543069.404702704399824 ], [ 1262793.896874761208892, 5543169.404702704399824 ] ] ] } },
{ "type": "Feature", "properties": { "id": 677, "left": 1262793.8968747612, "top": 5543069.4047027044, "right": 1262893.8968747612, "bottom": 5542969.4047027044, "row_index": 11, "col_index": 19, "Union_area": 1251.9055250109232, "Union_pc": 12.519055250090577, "rifter_edif_pl_area": 4416.6906517245807, "rifter_edif_pl_pc": 44.166906517179996, "aree-stradali-modified_area": 4144.6647508889437, "aree-stradali-modified_pc": 41.446647508827674, "Single parts_area": 386.89599568247053, "Single parts_pc": 3.8689599568189399, "Dissolved_area": 0.0, "Dissolved_pc": 0.0, "free_space_number": 13.0 }, "geometry": { "type": "Polygon", "coordinates": [ [ [ 1262793.896874761208892, 5543069.404702704399824 ], [ 1262893.896874761208892, 5543069.404702704399824 ], [ 1262893.896874761208892, 5542969.404702704399824 ], [ 1262793.896874761208892, 5542969.404702704399824 ], [ 1262793.896874761208892, 5543069.404702704399824 ] ] ] } },
{ "type": "Feature", "properties": { "id": 702, "left": 1262893.8968747612, "top": 5544069.4047027044, "right": 1262993.8968747612, "bottom": 5543969.4047027044, "row_index": 1, "col_index": 20, "Union_area": 753.58189950836822, "Union_pc": 7.5358189950724528, "rifter_edif_pl_area": 3077.4082507209387, "rifter_edif_pl_pc": 30.774082507163531, "aree-stradali-modified_area": 1601.0204619653523, "aree-stradali-modified_pc": 16.010204619629665, "Single parts_area": 2646.2215917198919, "Single parts_pc": 26.462215917159487, "Dissolved_area": 2651.6380628347397, "Dissolved_pc": 26.516380628307886, "free_space_number": 2.0 }, "geometry": { "type": "Polygon", "coordinates": [ [ [ 1262893.896874761208892, 5544069.404702704399824 ], [ 1262993.896874761208892, 5544069.404702704399824 ], [ 1262993.896874761208892, 5543969.404702704399824 ], [ 1262893.896874761208892, 5543969.404702704399824 ], [ 1262893.896874761208892, 5544069.404702704399824 ] ] ] } },
{ "type": "Feature", "properties": { "id": 703, "left": 1262893.8968747612, "top": 5543969.4047027044, "right": 1262993.8968747612, "bottom": 5543869.4047027044, "row_index": 2, "col_index": 20, "Union_area": 710.01516166329384, "Union_pc": 7.1001516166223579, "rifter_edif_pl_area": 1525.4255537986755, "rifter_edif_pl_pc": 15.254255537964024, "aree-stradali-modified_area": 2951.1752780899405, "aree-stradali-modified_pc": 29.511752780855428, "Single parts_area": 1036.3021282590926, "Single parts_pc": 10.363021282575483, "Dissolved_area": 0.0, "Dissolved_pc": 0.0, "free_space_number": 2.0 }, "geometry": { "type": "Polygon", "coordinates": [ [ [ 1262893.896874761208892, 5543969.404702704399824 ], [ 1262993.896874761208892, 5543969.404702704399824 ], [ 1262993.896874761208892, 5543869.404702704399824 ], [ 1262893.896874761208892, 5543869.404702704399824 ], [ 1262893.896874761208892, 5543969.404702704399824 ] ] ] } },
{ "type": "Feature", "properties": { "id": 704, "left": 1262893.8968747612, "top": 5543869.4047027044, "right": 1262993.8968747612, "bottom": 5543769.4047027044, "row_index": 3, "col_index": 20, "Union_area": 4668.771021196153, "Union_pc": 46.687710211891961, "rifter_edif_pl_area": 220.63028303906322, "rifter_edif_pl_pc": 2.2063028303873446, "aree-stradali-modified_area": 3048.2696147412062, "aree-stradali-modified_pc": 30.482696147366639, "Single parts_area": 1133.0435938388109, "Single parts_pc": 11.330435938371226, "Dissolved_area": 0.0, "Dissolved_pc": 0.0, "free_space_number": 4.0 }, "geometry": { "type": "Polygon", "coordinates": [ [ [ 1262893.896874761208892, 5543869.404702704399824 ], [ 1262993.896874761208892, 5543869.404702704399824 ], [ 1262993.896874761208892, 5543769.404702704399824 ], [ 1262893.896874761208892, 5543769.404702704399824 ], [ 1262893.896874761208892, 5543869.404702704399824 ] ] ] } },
{ "type": "Feature", "properties": { "id": 705, "left": 1262893.8968747612, "top": 5543769.4047027044, "right": 1262993.8968747612, "bottom": 5543669.4047027044, "row_index": 4, "col_index": 20, "Union_area": 3089.7860871441662, "Union_pc": 30.897860871395622, "rifter_edif_pl_area": 229.19583999551833, "rifter_edif_pl_pc": 2.2919583999517679, "aree-stradali-modified_area": 3137.1048586680554, "aree-stradali-modified_pc": 31.371048586633808, "Single parts_area": 3588.6504682712257, "Single parts_pc": 35.886504682658781, "Dissolved_area": 0.0, "Dissolved_pc": 0.0, "free_space_number": 4.0 }, "geometry": { "type": "Polygon", "coordinates": [ [ [ 1262893.896874761208892, 5543769.404702704399824 ], [ 1262993.896874761208892, 5543769.404702704399824 ], [ 1262993.896874761208892, 5543669.404702704399824 ], [ 1262893.896874761208892, 5543669.404702704399824 ], [ 1262893.896874761208892, 5543769.404702704399824 ] ] ] } },
{ "type": "Feature", "properties": { "id": 706, "left": 1262893.8968747612, "top": 5543669.4047027044, "right": 1262993.8968747612, "bottom": 5543569.4047027044, "row_index": 5, "col_index": 20, "Union_area": 7110.518002063036, "Union_pc": 71.105180020524401, "rifter_edif_pl_area": 1466.9481450244784, "rifter_edif_pl_pc": 14.669481450222925, "aree-stradali-modified_area": 2139.0525168851018, "aree-stradali-modified_pc": 21.390525168819142, "Single parts_area": 22.06031936117688, "Single parts_pc": 0.22060319361144007, "Dissolved_area": 0.0, "Dissolved_pc": 0.0, "free_space_number": 2.0 }, "geometry": { "type": "Polygon", "coordinates": [ [ [ 1262893.896874761208892, 5543669.404702704399824 ], [ 1262993.896874761208892, 5543669.404702704399824 ], [ 1262993.896874761208892, 5543569.404702704399824 ], [ 1262893.896874761208892, 5543569.404702704399824 ], [ 1262893.896874761208892, 5543669.404702704399824 ] ] ] } },
{ "type": "Feature", "properties": { "id": 707, "left": 1262893.8968747612, "top": 5543569.4047027044, "right": 1262993.8968747612, "bottom": 5543469.4047027044, "row_index": 6, "col_index": 20, "Union_area": 8874.1753370165825, "Union_pc": 88.741753370033592, "rifter_edif_pl_area": 1076.2344669140875, "rifter_edif_pl_pc": 10.762344669124838, "aree-stradali-modified_area": 891.89152557402849, "aree-stradali-modified_pc": 8.9189152557269953, "Single parts_area": 65.996650223220115, "Single parts_pc": 0.65996650223121767, "Dissolved_area": 0.0, "Dissolved_pc": 0.0, "free_space_number": 3.0 }, "geometry": { "type": "Polygon", "coordinates": [ [ [ 1262893.896874761208892, 5543569.404702704399824 ], [ 1262993.896874761208892, 5543569.404702704399824 ], [ 1262993.896874761208892, 5543469.404702704399824 ], [ 1262893.896874761208892, 5543469.404702704399824 ], [ 1262893.896874761208892, 5543569.404702704399824 ] ] ] } },
{ "type": "Feature", "properties": { "id": 737, "left": 1262993.8968747612, "top": 5544069.4047027044, "right": 1263093.8968747612, "bottom": 5543969.4047027044, "row_index": 1, "col_index": 21, "Union_area": 0.0, "Union_pc": 0.0, "rifter_edif_pl_area": 3074.8144143429236, "rifter_edif_pl_pc": 30.748144143383417, "aree-stradali-modified_area": 1982.8520091027021, "aree-stradali-modified_pc": 19.828520090997475, "Single parts_area": 1614.0906403231252, "Single parts_pc": 16.1409064032072, "Dissolved_area": 4284.6025669565424, "Dissolved_pc": 42.846025669501579, "free_space_number": 5.0 }, "geometry": { "type": "Polygon", "coordinates": [ [ [ 1262993.896874761208892, 5544069.404702704399824 ], [ 1263093.896874761208892, 5544069.404702704399824 ], [ 1263093.896874761208892, 5543969.404702704399824 ], [ 1262993.896874761208892, 5543969.404702704399824 ], [ 1262993.896874761208892, 5544069.404702704399824 ] ] ] } },
{ "type": "Feature", "properties": { "id": 13, "left": 1260893.8968747612, "top": 5542969.4047027044, "right": 1260993.8968747612, "bottom": 5542869.4047027044, "row_index": 12, "col_index": 0, "Union_area": 2040.5519106462598, "Union_pc": 20.405519106432191, "rifter_edif_pl_area": 1384.0631117308512, "rifter_edif_pl_pc": 13.840631117287888, "aree-stradali-modified_area": 4977.2871257960796, "aree-stradali-modified_pc": 49.772871257886628, "Single parts_area": 2166.0589922346735, "Single parts_pc": 21.660589922314458, "Dissolved_area": 0.0, "Dissolved_pc": 0.0, "free_space_number": 3.0 }, "geometry": { "type": "Polygon", "coordinates": [ [ [ 1260893.896874761208892, 5542969.404702704399824 ], [ 1260993.896874761208892, 5542969.404702704399824 ], [ 1260993.896874761208892, 5542869.404702704399824 ], [ 1260893.896874761208892, 5542869.404702704399824 ], [ 1260893.896874761208892, 5542969.404702704399824 ] ] ] } },
{ "type": "Feature", "properties": { "id": 14, "left": 1260893.8968747612, "top": 5542869.4047027044, "right": 1260993.8968747612, "bottom": 5542769.4047027044, "row_index": 13, "col_index": 0, "Union_area": 1545.198519912723, "Union_pc": 15.451985199104204, "rifter_edif_pl_area": 1532.4127612761222, "rifter_edif_pl_pc": 15.324127612738387, "aree-stradali-modified_area": 4396.3652664492838, "aree-stradali-modified_pc": 43.963652664427329, "Single parts_area": 3596.2791535984725, "Single parts_pc": 35.962791535931139, "Dissolved_area": 0.0, "Dissolved_pc": 0.0, "free_space_number": 3.0 }, "geometry": { "type": "Polygon", "coordinates": [ [ [ 1260893.896874761208892, 5542869.404702704399824 ], [ 1260993.896874761208892, 5542869.404702704399824 ], [ 1260993.896874761208892, 5542769.404702704399824 ], [ 1260893.896874761208892, 5542769.404702704399824 ], [ 1260893.896874761208892, 5542869.404702704399824 ] ] ] } },
{ "type": "Feature", "properties": { "id": 15, "left": 1260893.8968747612, "top": 5542769.4047027044, "right": 1260993.8968747612, "bottom": 5542669.4047027044, "row_index": 14, "col_index": 0, "Union_area": 1270.9890013207914, "Union_pc": 12.709890013188975, "rifter_edif_pl_area": 1360.0442309994251, "rifter_edif_pl_pc": 13.600442309973984, "aree-stradali-modified_area": 6067.7923273593187, "aree-stradali-modified_pc": 60.67792327350277, "Single parts_area": 2178.4042320329258, "Single parts_pc": 21.784042320296798, "Dissolved_area": 0.0, "Dissolved_pc": 0.0, "free_space_number": 5.0 }, "geometry": { "type": "Polygon", "coordinates": [ [ [ 1260893.896874761208892, 5542769.404702704399824 ], [ 1260993.896874761208892, 5542769.404702704399824 ], [ 1260993.896874761208892, 5542669.404702704399824 ], [ 1260893.896874761208892, 5542669.404702704399824 ], [ 1260893.896874761208892, 5542769.404702704399824 ] ] ] } },
{ "type": "Feature", "properties": { "id": 16, "left": 1260893.8968747612, "top": 5542669.4047027044, "right": 1260993.8968747612, "bottom": 5542569.4047027044, "row_index": 15, "col_index": 0, "Union_area": 1546.8520587971434, "Union_pc": 15.468520587948385, "rifter_edif_pl_area": 2663.7309898305684, "rifter_edif_pl_pc": 26.637309898265993, "aree-stradali-modified_area": 3217.0665942877531, "aree-stradali-modified_pc": 32.170665942829594, "Single parts_area": 2882.7996927332133, "Single parts_pc": 28.827996927289178, "Dissolved_area": 0.0, "Dissolved_pc": 0.0, "free_space_number": 1.0 }, "geometry": { "type": "Polygon", "coordinates": [ [ [ 1260893.896874761208892, 5542669.404702704399824 ], [ 1260993.896874761208892, 5542669.404702704399824 ], [ 1260993.896874761208892, 5542569.404702704399824 ], [ 1260893.896874761208892, 5542569.404702704399824 ], [ 1260893.896874761208892, 5542669.404702704399824 ] ] ] } },
{ "type": "Feature", "properties": { "id": 49, "left": 1260993.8968747612, "top": 5542869.4047027044, "right": 1261093.8968747612, "bottom": 5542769.4047027044, "row_index": 13, "col_index": 1, "Union_area": 2838.8183625638485, "Union_pc": 28.388183625596184, "rifter_edif_pl_area": 3881.7247839383781, "rifter_edif_pl_pc": 38.817247839325937, "aree-stradali-modified_area": 1541.63252966851, "aree-stradali-modified_pc": 15.416325296662128, "Single parts_area": 1740.5658534660615, "Single parts_pc": 17.405658534634679, "Dissolved_area": 0.0, "Dissolved_pc": 0.0, "free_space_number": 7.0 }, "geometry": { "type": "Polygon", "coordinates": [ [ [ 1260993.896874761208892, 5542869.404702704399824 ], [ 1261093.896874761208892, 5542869.404702704399824 ], [ 1261093.896874761208892, 5542769.404702704399824 ], [ 1260993.896874761208892, 5542769.404702704399824 ], [ 1260993.896874761208892, 5542869.404702704399824 ] ] ] } },
{ "type": "Feature", "properties": { "id": 50, "left": 1260993.8968747612, "top": 5542769.4047027044, "right": 1261093.8968747612, "bottom": 5542669.4047027044, "row_index": 14, "col_index": 1, "Union_area": 900.18538438808173, "Union_pc": 9.0018538438674032, "rifter_edif_pl_area": 4245.2745471626986, "rifter_edif_pl_pc": 42.452745471563723, "aree-stradali-modified_area": 3966.2835966106504, "aree-stradali-modified_pc": 39.662835966047403, "Single parts_area": 1400.7640742361889, "Single parts_pc": 14.007640742341016, "Dissolved_area": 0.0, "Dissolved_pc": 0.0, "free_space_number": 12.0 }, "geometry": { "type": "Polygon", "coordinates": [ [ [ 1260993.896874761208892, 5542769.404702704399824 ], [ 1261093.896874761208892, 5542769.404702704399824 ], [ 1261093.896874761208892, 5542669.404702704399824 ], [ 1260993.896874761208892, 5542669.404702704399824 ], [ 1260993.896874761208892, 5542769.404702704399824 ] ] ] } },
{ "type": "Feature", "properties": { "id": 51, "left": 1260993.8968747612, "top": 5542669.4047027044, "right": 1261093.8968747612, "bottom": 5542569.4047027044, "row_index": 15, "col_index": 1, "Union_area": 1655.2647383296862, "Union_pc": 16.552647383272198, "rifter_edif_pl_area": 3340.8603218756616, "rifter_edif_pl_pc": 33.408603218706837, "aree-stradali-modified_area": 3577.3523100875318, "aree-stradali-modified_pc": 35.773523100822011, "Single parts_area": 2079.3820134918788, "Single parts_pc": 20.793820134887802, "Dissolved_area": 0.0, "Dissolved_pc": 0.0, "free_space_number": 6.0 }, "geometry": { "type": "Polygon", "coordinates": [ [ [ 1260993.896874761208892, 5542669.404702704399824 ], [ 1261093.896874761208892, 5542669.404702704399824 ], [ 1261093.896874761208892, 5542569.404702704399824 ], [ 1260993.896874761208892, 5542569.404702704399824 ], [ 1260993.896874761208892, 5542669.404702704399824 ] ] ] } },
{ "type": "Feature", "properties": { "id": 52, "left": 1260993.8968747612, "top": 5542569.4047027044, "right": 1261093.8968747612, "bottom": 5542469.4047027044, "row_index": 16, "col_index": 1, "Union_area": 1349.9734064023942, "Union_pc": 13.499734064003826, "rifter_edif_pl_area": 2391.5269738119096, "rifter_edif_pl_pc": 23.91526973808346, "aree-stradali-modified_area": 6052.5038196146488, "aree-stradali-modified_pc": 60.5250381960563, "Single parts_area": 1138.9154420031191, "Single parts_pc": 11.38915442001422, "Dissolved_area": 0.0, "Dissolved_pc": 0.0, "free_space_number": 4.0 }, "geometry": { "type": "Polygon", "coordinates": [ [ [ 1260993.896874761208892, 5542569.404702704399824 ], [ 1261093.896874761208892, 5542569.404702704399824 ], [ 1261093.896874761208892, 5542469.404702704399824 ], [ 1260993.896874761208892, 5542469.404702704399824 ], [ 1260993.896874761208892, 5542569.404702704399824 ] ] ] } },
{ "type": "Feature", "properties": { "id": 53, "left": 1260993.8968747612, "top": 5542469.4047027044, "right": 1261093.8968747612, "bottom": 5542369.4047027044, "row_index": 17, "col_index": 1, "Union_area": 2101.5070421807468, "Union_pc": 21.015070421776151, "rifter_edif_pl_area": 2767.4054588898434, "rifter_edif_pl_pc": 27.674054588857196, "aree-stradali-modified_area": 5639.6520324647427, "aree-stradali-modified_pc": 56.39652032456339, "Single parts_area": 615.59785786788711, "Single parts_pc": 6.1559785786696981, "Dissolved_area": 0.0, "Dissolved_pc": 0.0, "free_space_number": 9.0 }, "geometry": { "type": "Polygon", "coordinates": [ [ [ 1260993.896874761208892, 5542469.404702704399824 ], [ 1261093.896874761208892, 5542469.404702704399824 ], [ 1261093.896874761208892, 5542369.404702704399824 ], [ 1260993.896874761208892, 5542369.404702704399824 ], [ 1260993.896874761208892, 5542469.404702704399824 ] ] ] } },
{ "type": "Feature", "properties": { "id": 54, "left": 1260993.8968747612, "top": 5542369.4047027044, "right": 1261093.8968747612, "bottom": 5542269.4047027044, "row_index": 18, "col_index": 1, "Union_area": 703.97532713040709, "Union_pc": 7.0397532712935806, "rifter_edif_pl_area": 3203.1648782752454, "rifter_edif_pl_pc": 32.031648782704721, "aree-stradali-modified_area": 4137.102615987882, "aree-stradali-modified_pc": 41.37102615981717, "Single parts_area": 577.63317283510673, "Single parts_pc": 5.77633172834246, "Dissolved_area": 0.0, "Dissolved_pc": 0.0, "free_space_number": 9.0 }, "geometry": { "type": "Polygon", "coordinates": [ [ [ 1260993.896874761208892, 5542369.404702704399824 ], [ 1261093.896874761208892, 5542369.404702704399824 ], [ 1261093.896874761208892, 5542269.404702704399824 ], [ 1260993.896874761208892, 5542269.404702704399824 ], [ 1260993.896874761208892, 5542369.404702704399824 ] ] ] } },
{ "type": "Feature", "properties": { "id": 55, "left": 1260993.8968747612, "top": 5542269.4047027044, "right": 1261093.8968747612, "bottom": 5542169.4047027044, "row_index": 19, "col_index": 1, "Union_area": 1825.745405966416, "Union_pc": 18.257454059636956, "rifter_edif_pl_area": 3119.6842662245035, "rifter_edif_pl_pc": 31.196842662198549, "aree-stradali-modified_area": 3636.6247005686164, "aree-stradali-modified_pc": 36.366247005631976, "Single parts_area": 2153.9356148686275, "Single parts_pc": 21.539356148654178, "Dissolved_area": 0.0, "Dissolved_pc": 0.0, "free_space_number": 4.0 }, "geometry": { "type": "Polygon", "coordinates": [ [ [ 1260993.896874761208892, 5542269.404702704399824 ], [ 1261093.896874761208892, 5542269.404702704399824 ], [ 1261093.896874761208892, 5542169.404702704399824 ], [ 1260993.896874761208892, 5542169.404702704399824 ], [ 1260993.896874761208892, 5542269.404702704399824 ] ] ] } },
{ "type": "Feature", "properties": { "id": 84, "left": 1261093.8968747612, "top": 5542869.4047027044, "right": 1261193.8968747612, "bottom": 5542769.4047027044, "row_index": 13, "col_index": 2, "Union_area": 0.0, "Union_pc": 0.0, "rifter_edif_pl_area": 6671.9012982719578, "rifter_edif_pl_pc": 66.719012982620157, "aree-stradali-modified_area": 1903.1981785860844, "aree-stradali-modified_pc": 19.031981785832485, "Single parts_area": 1425.3053236464266, "Single parts_pc": 14.253053236443026, "Dissolved_area": 0.0, "Dissolved_pc": 0.0, "free_space_number": 11.0 }, "geometry": { "type": "Polygon", "coordinates": [ [ [ 1261093.896874761208892, 5542869.404702704399824 ], [ 1261193.896874761208892, 5542869.404702704399824 ], [ 1261193.896874761208892, 5542769.404702704399824 ], [ 1261093.896874761208892, 5542769.404702704399824 ], [ 1261093.896874761208892, 5542869.404702704399824 ] ] ] } },
{ "type": "Feature", "properties": { "id": 85, "left": 1261093.8968747612, "top": 5542769.4047027044, "right": 1261193.8968747612, "bottom": 5542669.4047027044, "row_index": 14, "col_index": 2, "Union_area": 557.92615855345502, "Union_pc": 5.5792615855262362, "rifter_edif_pl_area": 4053.3238099850714, "rifter_edif_pl_pc": 40.533238099790317, "aree-stradali-modified_area": 4060.1669452674687, "aree-stradali-modified_pc": 40.601669452614189, "Single parts_area": 1434.1364030621091, "Single parts_pc": 14.341364030599721, "Dissolved_area": 0.0, "Dissolved_pc": 0.0, "free_space_number": 9.0 }, "geometry": { "type": "Polygon", "coordinates": [ [ [ 1261093.896874761208892, 5542769.404702704399824 ], [ 1261193.896874761208892, 5542769.404702704399824 ], [ 1261193.896874761208892, 5542669.404702704399824 ], [ 1261093.896874761208892, 5542669.404702704399824 ], [ 1261093.896874761208892, 5542769.404702704399824 ] ] ] } },
{ "type": "Feature", "properties": { "id": 86, "left": 1261093.8968747612, "top": 5542669.4047027044, "right": 1261193.8968747612, "bottom": 5542569.4047027044, "row_index": 15, "col_index": 2, "Union_area": 4.614463809877634, "Union_pc": 0.046144638098707579, "rifter_edif_pl_area": 5340.9532959936187, "rifter_edif_pl_pc": 53.409532959856598, "aree-stradali-modified_area": 2034.5407603830099, "aree-stradali-modified_pc": 20.345407603799782, "Single parts_area": 2633.9476153719788, "Single parts_pc": 26.339476153680536, "Dissolved_area": 0.0, "Dissolved_pc": 0.0, "free_space_number": 7.0 }, "geometry": { "type": "Polygon", "coordinates": [ [ [ 1261093.896874761208892, 5542669.404702704399824 ], [ 1261193.896874761208892, 5542669.404702704399824 ], [ 1261193.896874761208892, 5542569.404702704399824 ], [ 1261093.896874761208892, 5542569.404702704399824 ], [ 1261093.896874761208892, 5542669.404702704399824 ] ] ] } },
{ "type": "Feature", "properties": { "id": 87, "left": 1261093.8968747612, "top": 5542569.4047027044, "right": 1261193.8968747612, "bottom": 5542469.4047027044, "row_index": 16, "col_index": 2, "Union_area": 0.0, "Union_pc": 0.0, "rifter_edif_pl_area": 6472.9700380526483, "rifter_edif_pl_pc": 64.729700380430032, "aree-stradali-modified_area": 1406.0266605210491, "aree-stradali-modified_pc": 14.06026660518954, "Single parts_area": 2121.2739039100024, "Single parts_pc": 21.212739039068417, "Dissolved_area": 0.0, "Dissolved_pc": 0.0, "free_space_number": 6.0 }, "geometry": { "type": "Polygon", "coordinates": [ [ [ 1261093.896874761208892, 5542569.404702704399824 ], [ 1261193.896874761208892, 5542569.404702704399824 ], [ 1261193.896874761208892, 5542469.404702704399824 ], [ 1261093.896874761208892, 5542469.404702704399824 ], [ 1261093.896874761208892, 5542569.404702704399824 ] ] ] } },
{ "type": "Feature", "properties": { "id": 88, "left": 1261093.8968747612, "top": 5542469.4047027044, "right": 1261193.8968747612, "bottom": 5542369.4047027044, "row_index": 17, "col_index": 2, "Union_area": 1378.7168361693621, "Union_pc": 13.787168361673077, "rifter_edif_pl_area": 4314.2000355506316, "rifter_edif_pl_pc": 43.142000355442029, "aree-stradali-modified_area": 3462.0124045787379, "aree-stradali-modified_pc": 34.620124045735793, "Single parts_area": 845.35601231327746, "Single parts_pc": 8.4535601231201785, "Dissolved_area": 0.0, "Dissolved_pc": 0.0, "free_space_number": 7.0 }, "geometry": { "type": "Polygon", "coordinates": [ [ [ 1261093.896874761208892, 5542469.404702704399824 ], [ 1261193.896874761208892, 5542469.404702704399824 ], [ 1261193.896874761208892, 5542369.404702704399824 ], [ 1261093.896874761208892, 5542369.404702704399824 ], [ 1261093.896874761208892, 5542469.404702704399824 ] ] ] } },
{ "type": "Feature", "properties": { "id": 89, "left": 1261093.8968747612, "top": 5542369.4047027044, "right": 1261193.8968747612, "bottom": 5542269.4047027044, "row_index": 18, "col_index": 2, "Union_area": 1152.4956399127841, "Union_pc": 11.524956399110668, "rifter_edif_pl_area": 3691.2765382342041, "rifter_edif_pl_pc": 36.912765382287034, "aree-stradali-modified_area": 2162.1555279158056, "aree-stradali-modified_pc": 21.621555279125836, "Single parts_area": 1555.904756387898, "Single parts_pc": 15.559047563855795, "Dissolved_area": 0.0, "Dissolved_pc": 0.0, "free_space_number": 11.0 }, "geometry": { "type": "Polygon", "coordinates": [ [ [ 1261093.896874761208892, 5542369.404702704399824 ], [ 1261193.896874761208892, 5542369.404702704399824 ], [ 1261193.896874761208892, 5542269.404702704399824 ], [ 1261093.896874761208892, 5542269.404702704399824 ], [ 1261093.896874761208892, 5542369.404702704399824 ] ] ] } },
{ "type": "Feature", "properties": { "id": 90, "left": 1261093.8968747612, "top": 5542269.4047027044, "right": 1261193.8968747612, "bottom": 5542169.4047027044, "row_index": 19, "col_index": 2, "Union_area": 2266.3076003855094, "Union_pc": 22.663076003821324, "rifter_edif_pl_area": 2451.5608032038435, "rifter_edif_pl_pc": 24.515608032001904, "aree-stradali-modified_area": 1929.2357290331274, "aree-stradali-modified_pc": 19.292357290302526, "Single parts_area": 3407.7447538246579, "Single parts_pc": 34.077447538195798, "Dissolved_area": 0.0, "Dissolved_pc": 0.0, "free_space_number": 10.0 }, "geometry": { "type": "Polygon", "coordinates": [ [ [ 1261093.896874761208892, 5542269.404702704399824 ], [ 1261193.896874761208892, 5542269.404702704399824 ], [ 1261193.896874761208892, 5542169.404702704399824 ], [ 1261093.896874761208892, 5542169.404702704399824 ], [ 1261093.896874761208892, 5542269.404702704399824 ] ] ] } },
{ "type": "Feature", "properties": { "id": 91, "left": 1261093.8968747612, "top": 5542169.4047027044, "right": 1261193.8968747612, "bottom": 5542069.4047027044, "row_index": 20, "col_index": 2, "Union_area": 1427.343910144642, "Union_pc": 14.273439101425151, "rifter_edif_pl_area": 1793.2101179796737, "rifter_edif_pl_pc": 17.932101179770015, "aree-stradali-modified_area": 3890.7200899422169, "aree-stradali-modified_pc": 38.907200899364192, "Single parts_area": 3835.2323172837496, "Single parts_pc": 38.352323172780345, "Dissolved_area": 0.0, "Dissolved_pc": 0.0, "free_space_number": 1.0 }, "geometry": { "type": "Polygon", "coordinates": [ [ [ 1261093.896874761208892, 5542169.404702704399824 ], [ 1261193.896874761208892, 5542169.404702704399824 ], [ 1261193.896874761208892, 5542069.404702704399824 ], [ 1261093.896874761208892, 5542069.404702704399824 ], [ 1261093.896874761208892, 5542169.404702704399824 ] ] ] } },
{ "type": "Feature", "properties": { "id": 92, "left": 1261093.8968747612, "top": 5542069.4047027044, "right": 1261193.8968747612, "bottom": 5541969.4047027044, "row_index": 21, "col_index": 2, "Union_area": 2316.3234412479796, "Union_pc": 23.163234412445281, "rifter_edif_pl_area": 808.54917393159121, "rifter_edif_pl_pc": 8.0854917393038637, "aree-stradali-modified_area": 5147.679391592741, "aree-stradali-modified_pc": 51.476793915850706, "Single parts_area": 2690.6026853534022, "Single parts_pc": 26.906026853493927, "Dissolved_area": 0.0, "Dissolved_pc": 0.0, "free_space_number": 5.0 }, "geometry": { "type": "Polygon", "coordinates": [ [ [ 1261093.896874761208892, 5542069.404702704399824 ], [ 1261193.896874761208892, 5542069.404702704399824 ], [ 1261193.896874761208892, 5541969.404702704399824 ], [ 1261093.896874761208892, 5541969.404702704399824 ], [ 1261093.896874761208892, 5542069.404702704399824 ] ] ] } },
{ "type": "Feature", "properties": { "id": 93, "left": 1261093.8968747612, "top": 5541969.4047027044, "right": 1261193.8968747612, "bottom": 5541869.4047027044, "row_index": 22, "col_index": 2, "Union_area": 1860.1522249057889, "Union_pc": 18.601522249030172, "rifter_edif_pl_area": 1424.1851883754134, "rifter_edif_pl_pc": 14.241851883732911, "aree-stradali-modified_area": 6191.5637401640415, "aree-stradali-modified_pc": 61.915637401548153, "Single parts_area": 1193.6623951348429, "Single parts_pc": 11.936623951330642, "Dissolved_area": 0.0, "Dissolved_pc": 0.0, "free_space_number": 6.0 }, "geometry": { "type": "Polygon", "coordinates": [ [ [ 1261093.896874761208892, 5541969.404702704399824 ], [ 1261193.896874761208892, 5541969.404702704399824 ], [ 1261193.896874761208892, 5541869.404702704399824 ], [ 1261093.896874761208892, 5541869.404702704399824 ], [ 1261093.896874761208892, 5541969.404702704399824 ] ] ] } },
{ "type": "Feature", "properties": { "id": 94, "left": 1261093.8968747612, "top": 5541869.4047027044, "right": 1261193.8968747612, "bottom": 5541769.4047027044, "row_index": 23, "col_index": 2, "Union_area": 1709.9381206813268, "Union_pc": 17.09938120678779, "rifter_edif_pl_area": 1583.0059785363846, "rifter_edif_pl_pc": 15.830059785340257, "aree-stradali-modified_area": 5000.3556330502033, "aree-stradali-modified_pc": 50.003556330427521, "Single parts_area": 2642.9117765496485, "Single parts_pc": 26.429117765457104, "Dissolved_area": 0.0, "Dissolved_pc": 0.0, "free_space_number": 4.0 }, "geometry": { "type": "Polygon", "coordinates": [ [ [ 1261093.896874761208892, 5541869.404702704399824 ], [ 1261193.896874761208892, 5541869.404702704399824 ], [ 1261193.896874761208892, 5541769.404702704399824 ], [ 1261093.896874761208892, 5541769.404702704399824 ], [ 1261093.896874761208892, 5541869.404702704399824 ] ] ] } },
{ "type": "Feature", "properties": { "id": 95, "left": 1261093.8968747612, "top": 5541769.4047027044, "right": 1261193.8968747612, "bottom": 5541669.4047027044, "row_index": 24, "col_index": 2, "Union_area": 1982.7375530255958, "Union_pc": 19.827375530226412, "rifter_edif_pl_area": 3970.5636726133525, "rifter_edif_pl_pc": 39.70563672607436, "aree-stradali-modified_area": 853.44807685166597, "aree-stradali-modified_pc": 8.5344807685039417, "Single parts_area": 1851.5035000103526, "Single parts_pc": 18.515035000075937, "Dissolved_area": 0.0, "Dissolved_pc": 0.0, "free_space_number": 11.0 }, "geometry": { "type": "Polygon", "coordinates": [ [ [ 1261093.896874761208892, 5541769.404702704399824 ], [ 1261193.896874761208892, 5541769.404702704399824 ], [ 1261193.896874761208892, 5541669.404702704399824 ], [ 1261093.896874761208892, 5541669.404702704399824 ], [ 1261093.896874761208892, 5541769.404702704399824 ] ] ] } },
{ "type": "Feature", "properties": { "id": 120, "left": 1261193.8968747612, "top": 5542769.4047027044, "right": 1261293.8968747612, "bottom": 5542669.4047027044, "row_index": 14, "col_index": 3, "Union_area": 1614.7344603193924, "Union_pc": 16.147344603169863, "rifter_edif_pl_area": 3292.211789031513, "rifter_edif_pl_pc": 32.922117890266072, "aree-stradali-modified_area": 3869.668646402657, "aree-stradali-modified_pc": 38.696686463968909, "Single parts_area": 1315.3346129073473, "Single parts_pc": 13.153346129053872, "Dissolved_area": 0.0, "Dissolved_pc": 0.0, "free_space_number": 9.0 }, "geometry": { "type": "Polygon", "coordinates": [ [ [ 1261193.896874761208892, 5542769.404702704399824 ], [ 1261293.896874761208892, 5542769.404702704399824 ], [ 1261293.896874761208892, 5542669.404702704399824 ], [ 1261193.896874761208892, 5542669.404702704399824 ], [ 1261193.896874761208892, 5542769.404702704399824 ] ] ] } },
{ "type": "Feature", "properties": { "id": 121, "left": 1261193.8968747612, "top": 5542669.4047027044, "right": 1261293.8968747612, "bottom": 5542569.4047027044, "row_index": 15, "col_index": 3, "Union_area": 401.76615566527471, "Union_pc": 4.0176615566467602, "rifter_edif_pl_area": 4487.4436604455113, "rifter_edif_pl_pc": 44.874436604388244, "aree-stradali-modified_area": 2625.6574424300343, "aree-stradali-modified_pc": 26.256574424261217, "Single parts_area": 2508.1680021615412, "Single parts_pc": 25.081680021578038, "Dissolved_area": 0.0, "Dissolved_pc": 0.0, "free_space_number": 13.0 }, "geometry": { "type": "Polygon", "coordinates": [ [ [ 1261193.896874761208892, 5542669.404702704399824 ], [ 1261293.896874761208892, 5542669.404702704399824 ], [ 1261293.896874761208892, 5542569.404702704399824 ], [ 1261193.896874761208892, 5542569.404702704399824 ], [ 1261193.896874761208892, 5542669.404702704399824 ] ] ] } },
{ "type": "Feature", "properties": { "id": 122, "left": 1261193.8968747612, "top": 5542569.4047027044, "right": 1261293.8968747612, "bottom": 5542469.4047027044, "row_index": 16, "col_index": 3, "Union_area": 805.21162923425436, "Union_pc": 8.0521162923305454, "rifter_edif_pl_area": 5414.5048914344516, "rifter_edif_pl_pc": 54.145048914263832, "aree-stradali-modified_area": 987.21178692579269, "aree-stradali-modified_pc": 9.8721178692432172, "Single parts_area": 2793.5197702214, "Single parts_pc": 27.935197702172374, "Dissolved_area": 0.0, "Dissolved_pc": 0.0, "free_space_number": 14.0 }, "geometry": { "type": "Polygon", "coordinates": [ [ [ 1261193.896874761208892, 5542569.404702704399824 ], [ 1261293.896874761208892, 5542569.404702704399824 ], [ 1261293.896874761208892, 5542469.404702704399824 ], [ 1261193.896874761208892, 5542469.404702704399824 ], [ 1261193.896874761208892, 5542569.404702704399824 ] ] ] } },
{ "type": "Feature", "properties": { "id": 123, "left": 1261193.8968747612, "top": 5542469.4047027044, "right": 1261293.8968747612, "bottom": 5542369.4047027044, "row_index": 17, "col_index": 3, "Union_area": 82.337750632315874, "Union_pc": 0.82337750632193185, "rifter_edif_pl_area": 6221.1248597204685, "rifter_edif_pl_pc": 62.211248597111982, "aree-stradali-modified_area": 1457.7534511201084, "aree-stradali-modified_pc": 14.577534511179362, "Single parts_area": 2239.2026633185042, "Single parts_pc": 22.392026633151673, "Dissolved_area": 0.0, "Dissolved_pc": 0.0, "free_space_number": 10.0 }, "geometry": { "type": "Polygon", "coordinates": [ [ [ 1261193.896874761208892, 5542469.404702704399824 ], [ 1261293.896874761208892, 5542469.404702704399824 ], [ 1261293.896874761208892, 5542369.404702704399824 ], [ 1261193.896874761208892, 5542369.404702704399824 ], [ 1261193.896874761208892, 5542469.404702704399824 ] ] ] } },
{ "type": "Feature", "properties": { "id": 124, "left": 1261193.8968747612, "top": 5542369.4047027044, "right": 1261293.8968747612, "bottom": 5542269.4047027044, "row_index": 18, "col_index": 3, "Union_area": 557.78173245722428, "Union_pc": 5.5778173245639309, "rifter_edif_pl_area": 5748.2792511489242, "rifter_edif_pl_pc": 57.482792511403588, "aree-stradali-modified_area": 988.72954666614532, "aree-stradali-modified_pc": 9.8872954666467194, "Single parts_area": 2707.5785701560058, "Single parts_pc": 27.075785701519713, "Dissolved_area": 0.0, "Dissolved_pc": 0.0, "free_space_number": 7.0 }, "geometry": { "type": "Polygon", "coordinates": [ [ [ 1261193.896874761208892, 5542369.404702704399824 ], [ 1261293.896874761208892, 5542369.404702704399824 ], [ 1261293.896874761208892, 5542269.404702704399824 ], [ 1261193.896874761208892, 5542269.404702704399824 ], [ 1261193.896874761208892, 5542369.404702704399824 ] ] ] } },
{ "type": "Feature", "properties": { "id": 125, "left": 1261193.8968747612, "top": 5542269.4047027044, "right": 1261293.8968747612, "bottom": 5542169.4047027044, "row_index": 19, "col_index": 3, "Union_area": 2898.3129623783752, "Union_pc": 28.983129623740563, "rifter_edif_pl_area": 4260.1279611724894, "rifter_edif_pl_pc": 42.601279611661411, "aree-stradali-modified_area": 465.18514668941498, "aree-stradali-modified_pc": 4.6518514668872184, "Single parts_area": 2378.1395987052633, "Single parts_pc": 23.781395987017195, "Dissolved_area": 0.0, "Dissolved_pc": 0.0, "free_space_number": 14.0 }, "geometry": { "type": "Polygon", "coordinates": [ [ [ 1261193.896874761208892, 5542269.404702704399824 ], [ 1261293.896874761208892, 5542269.404702704399824 ], [ 1261293.896874761208892, 5542169.404702704399824 ], [ 1261193.896874761208892, 5542169.404702704399824 ], [ 1261193.896874761208892, 5542269.404702704399824 ] ] ] } },
{ "type": "Feature", "properties": { "id": 126, "left": 1261193.8968747612, "top": 5542169.4047027044, "right": 1261293.8968747612, "bottom": 5542069.4047027044, "row_index": 20, "col_index": 3, "Union_area": 2795.132683458738, "Union_pc": 27.951326834545728, "rifter_edif_pl_area": 4630.6316768452525, "rifter_edif_pl_pc": 46.306316768383525, "aree-stradali-modified_area": 0.0, "aree-stradali-modified_pc": 0.0, "Single parts_area": 2574.6598749591503, "Single parts_pc": 25.746598749553137, "Dissolved_area": 0.0, "Dissolved_pc": 0.0, "free_space_number": 5.0 }, "geometry": { "type": "Polygon", "coordinates": [ [ [ 1261193.896874761208892, 5542169.404702704399824 ], [ 1261293.896874761208892, 5542169.404702704399824 ], [ 1261293.896874761208892, 5542069.404702704399824 ], [ 1261193.896874761208892, 5542069.404702704399824 ], [ 1261193.896874761208892, 5542169.404702704399824 ] ] ] } },
{ "type": "Feature", "properties": { "id": 127, "left": 1261193.8968747612, "top": 5542069.4047027044, "right": 1261293.8968747612, "bottom": 5541969.4047027044, "row_index": 21, "col_index": 3, "Union_area": 3570.6576220075367, "Union_pc": 35.706576220022157, "rifter_edif_pl_area": 1986.0372163318098, "rifter_edif_pl_pc": 19.860372163288503, "aree-stradali-modified_area": 0.0, "aree-stradali-modified_pc": 0.0, "Single parts_area": 4443.665576759664, "Single parts_pc": 44.436655767530425, "Dissolved_area": 0.0, "Dissolved_pc": 0.0, "free_space_number": 5.0 }, "geometry": { "type": "Polygon", "coordinates": [ [ [ 1261193.896874761208892, 5542069.404702704399824 ], [ 1261293.896874761208892, 5542069.404702704399824 ], [ 1261293.896874761208892, 5541969.404702704399824 ], [ 1261193.896874761208892, 5541969.404702704399824 ], [ 1261193.896874761208892, 5542069.404702704399824 ] ] ] } },
{ "type": "Feature", "properties": { "id": 128, "left": 1261193.8968747612, "top": 5541969.4047027044, "right": 1261293.8968747612, "bottom": 5541869.4047027044, "row_index": 22, "col_index": 3, "Union_area": 2589.162749319803, "Union_pc": 25.891627493159447, "rifter_edif_pl_area": 3827.0263586342335, "rifter_edif_pl_pc": 38.27026358628531, "aree-stradali-modified_area": 1419.9737810194492, "aree-stradali-modified_pc": 14.199737810173334, "Single parts_area": 2165.7332713279411, "Single parts_pc": 21.65733271324714, "Dissolved_area": 0.0, "Dissolved_pc": 0.0, "free_space_number": 11.0 }, "geometry": { "type": "Polygon", "coordinates": [ [ [ 1261193.896874761208892, 5541969.404702704399824 ], [ 1261293.896874761208892, 5541969.404702704399824 ], [ 1261293.896874761208892, 5541869.404702704399824 ], [ 1261193.896874761208892, 5541869.404702704399824 ], [ 1261193.896874761208892, 5541969.404702704399824 ] ] ] } },
{ "type": "Feature", "properties": { "id": 129, "left": 1261193.8968747612, "top": 5541869.4047027044, "right": 1261293.8968747612, "bottom": 5541769.4047027044, "row_index": 23, "col_index": 3, "Union_area": 0.0069564471486955881, "Union_pc": 6.9564471486852219e-05, "rifter_edif_pl_area": 4747.930441878736, "rifter_edif_pl_pc": 47.479304418716609, "aree-stradali-modified_area": 1707.342212022515, "aree-stradali-modified_pc": 17.073422120199709, "Single parts_area": 3545.8750704056729, "Single parts_pc": 35.45875070400389, "Dissolved_area": 0.0, "Dissolved_pc": 0.0, "free_space_number": 4.0 }, "geometry": { "type": "Polygon", "coordinates": [ [ [ 1261193.896874761208892, 5541869.404702704399824 ], [ 1261293.896874761208892, 5541869.404702704399824 ], [ 1261293.896874761208892, 5541769.404702704399824 ], [ 1261193.896874761208892, 5541769.404702704399824 ], [ 1261193.896874761208892, 5541869.404702704399824 ] ] ] } },
{ "type": "Feature", "properties": { "id": 130, "left": 1261193.8968747612, "top": 5541769.4047027044, "right": 1261293.8968747612, "bottom": 5541669.4047027044, "row_index": 24, "col_index": 3, "Union_area": 2864.4028772544116, "Union_pc": 28.644028772501432, "rifter_edif_pl_area": 1025.1240618675947, "rifter_edif_pl_pc": 10.251240618660672, "aree-stradali-modified_area": 381.80004071071744, "aree-stradali-modified_pc": 3.818000407101485, "Single parts_area": 1093.8595608323812, "Single parts_pc": 10.938595608307512, "Dissolved_area": 0.0, "Dissolved_pc": 0.0, "free_space_number": 1.0 }, "geometry": { "type": "Polygon", "coordinates": [ [ [ 1261193.896874761208892, 5541769.404702704399824 ], [ 1261293.896874761208892, 5541769.404702704399824 ], [ 1261293.896874761208892, 5541669.404702704399824 ], [ 1261193.896874761208892, 5541669.404702704399824 ], [ 1261193.896874761208892, 5541769.404702704399824 ] ] ] } },
{ "type": "Feature", "properties": { "id": 131, "left": 1261193.8968747612, "top": 5541669.4047027044, "right": 1261293.8968747612, "bottom": 5541569.4047027044, "row_index": 25, "col_index": 3, "Union_area": 3165.9259814678226, "Union_pc": 31.659259814631049, "rifter_edif_pl_area": 421.06106707453728, "rifter_edif_pl_pc": 4.2106106707390989, "aree-stradali-modified_area": 5480.7664901949465, "aree-stradali-modified_pc": 54.807664901867795, "Single parts_area": 120.61651127808727, "Single parts_pc": 1.2061651127790753, "Dissolved_area": 0.0, "Dissolved_pc": 0.0, "free_space_number": 4.0 }, "geometry": { "type": "Polygon", "coordinates": [ [ [ 1261193.896874761208892, 5541669.404702704399824 ], [ 1261293.896874761208892, 5541669.404702704399824 ], [ 1261293.896874761208892, 5541569.404702704399824 ], [ 1261193.896874761208892, 5541569.404702704399824 ], [ 1261193.896874761208892, 5541669.404702704399824 ] ] ] } },
{ "type": "Feature", "properties": { "id": 132, "left": 1261193.8968747612, "top": 5541569.4047027044, "right": 1261293.8968747612, "bottom": 5541469.4047027044, "row_index": 26, "col_index": 3, "Union_area": 5548.2269859844819, "Union_pc": 55.482269859762141, "rifter_edif_pl_area": 936.24504883331247, "rifter_edif_pl_pc": 9.3624504883191744, "aree-stradali-modified_area": 1016.8384229838848, "aree-stradali-modified_pc": 10.168384229823696, "Single parts_area": 2588.63533597067, "Single parts_pc": 25.886353359668128, "Dissolved_area": 0.0, "Dissolved_pc": 0.0, "free_space_number": 1.0 }, "geometry": { "type": "Polygon", "coordinates": [ [ [ 1261193.896874761208892, 5541569.404702704399824 ], [ 1261293.896874761208892, 5541569.404702704399824 ], [ 1261293.896874761208892, 5541469.404702704399824 ], [ 1261193.896874761208892, 5541469.404702704399824 ], [ 1261193.896874761208892, 5541569.404702704399824 ] ] ] } },
{ "type": "Feature", "properties": { "id": 155, "left": 1261293.8968747612, "top": 5542769.4047027044, "right": 1261393.8968747612, "bottom": 5542669.4047027044, "row_index": 14, "col_index": 4, "Union_area": 919.96365868195426, "Union_pc": 9.1996365868058341, "rifter_edif_pl_area": 3685.0076182968915, "rifter_edif_pl_pc": 36.850076182914002, "aree-stradali-modified_area": 2351.2653505392373, "aree-stradali-modified_pc": 23.512653505357335, "Single parts_area": 3096.2587641096225, "Single parts_pc": 30.962587641050089, "Dissolved_area": 0.0, "Dissolved_pc": 0.0, "free_space_number": 7.0 }, "geometry": { "type": "Polygon", "coordinates": [ [ [ 1261293.896874761208892, 5542769.404702704399824 ], [ 1261393.896874761208892, 5542769.404702704399824 ], [ 1261393.896874761208892, 5542669.404702704399824 ], [ 1261293.896874761208892, 5542669.404702704399824 ], [ 1261293.896874761208892, 5542769.404702704399824 ] ] ] } },
{ "type": "Feature", "properties": { "id": 156, "left": 1261293.8968747612, "top": 5542669.4047027044, "right": 1261393.8968747612, "bottom": 5542569.4047027044, "row_index": 15, "col_index": 4, "Union_area": 3115.2092054258101, "Union_pc": 31.152092054211682, "rifter_edif_pl_area": 3286.0250510018377, "rifter_edif_pl_pc": 32.860250509969411, "aree-stradali-modified_area": 1216.6534350458533, "aree-stradali-modified_pc": 12.166534350440402, "Single parts_area": 2549.4115815390833, "Single parts_pc": 25.494115815352842, "Dissolved_area": 0.0, "Dissolved_pc": 0.0, "free_space_number": 13.0 }, "geometry": { "type": "Polygon", "coordinates": [ [ [ 1261293.896874761208892, 5542669.404702704399824 ], [ 1261393.896874761208892, 5542669.404702704399824 ], [ 1261393.896874761208892, 5542569.404702704399824 ], [ 1261293.896874761208892, 5542569.404702704399824 ], [ 1261293.896874761208892, 5542669.404702704399824 ] ] ] } },
{ "type": "Feature", "properties": { "id": 157, "left": 1261293.8968747612, "top": 5542569.4047027044, "right": 1261393.8968747612, "bottom": 5542469.4047027044, "row_index": 16, "col_index": 4, "Union_area": 1830.6323279703502, "Union_pc": 18.306323279676224, "rifter_edif_pl_area": 6040.2512627040269, "rifter_edif_pl_pc": 60.402512626950262, "aree-stradali-modified_area": 838.96058765426278, "aree-stradali-modified_pc": 8.3896058765301262, "Single parts_area": 1375.2803761781156, "Single parts_pc": 13.752803761760662, "Dissolved_area": 0.0, "Dissolved_pc": 0.0, "free_space_number": 23.0 }, "geometry": { "type": "Polygon", "coordinates": [ [ [ 1261293.896874761208892, 5542569.404702704399824 ], [ 1261393.896874761208892, 5542569.404702704399824 ], [ 1261393.896874761208892, 5542469.404702704399824 ], [ 1261293.896874761208892, 5542469.404702704399824 ], [ 1261293.896874761208892, 5542569.404702704399824 ] ] ] } },
{ "type": "Feature", "properties": { "id": 158, "left": 1261293.8968747612, "top": 5542469.4047027044, "right": 1261393.8968747612, "bottom": 5542369.4047027044, "row_index": 17, "col_index": 4, "Union_area": 250.05409596953541, "Union_pc": 2.5005409596916279, "rifter_edif_pl_area": 6806.6800736719742, "rifter_edif_pl_pc": 68.066800736618319, "aree-stradali-modified_area": 1677.3139502629638, "aree-stradali-modified_pc": 16.773139502604643, "Single parts_area": 1267.6836935304732, "Single parts_pc": 12.676836935285843, "Dissolved_area": 0.0, "Dissolved_pc": 0.0, "free_space_number": 23.0 }, "geometry": { "type": "Polygon", "coordinates": [ [ [ 1261293.896874761208892, 5542469.404702704399824 ], [ 1261393.896874761208892, 5542469.404702704399824 ], [ 1261393.896874761208892, 5542369.404702704399824 ], [ 1261293.896874761208892, 5542369.404702704399824 ], [ 1261293.896874761208892, 5542469.404702704399824 ] ] ] } },
{ "type": "Feature", "properties": { "id": 159, "left": 1261293.8968747612, "top": 5542369.4047027044, "right": 1261393.8968747612, "bottom": 5542269.4047027044, "row_index": 18, "col_index": 4, "Union_area": 2058.969784471672, "Union_pc": 20.589697844686039, "rifter_edif_pl_area": 5428.0530601036735, "rifter_edif_pl_pc": 54.280530600955849, "aree-stradali-modified_area": 812.10084279626608, "aree-stradali-modified_pc": 8.1210084279505601, "Single parts_area": 1874.061847547187, "Single parts_pc": 18.740618475443945, "Dissolved_area": 0.0, "Dissolved_pc": 0.0, "free_space_number": 22.0 }, "geometry": { "type": "Polygon", "coordinates": [ [ [ 1261293.896874761208892, 5542369.404702704399824 ], [ 1261393.896874761208892, 5542369.404702704399824 ], [ 1261393.896874761208892, 5542269.404702704399824 ], [ 1261293.896874761208892, 5542269.404702704399824 ], [ 1261293.896874761208892, 5542369.404702704399824 ] ] ] } },
{ "type": "Feature", "properties": { "id": 160, "left": 1261293.8968747612, "top": 5542269.4047027044, "right": 1261393.8968747612, "bottom": 5542169.4047027044, "row_index": 19, "col_index": 4, "Union_area": 1189.0923461844213, "Union_pc": 11.890923461826494, "rifter_edif_pl_area": 4850.4355470933951, "rifter_edif_pl_pc": 48.504355470861675, "aree-stradali-modified_area": 1585.0062369965017, "aree-stradali-modified_pc": 15.850062369941398, "Single parts_area": 2398.4958607447879, "Single parts_pc": 23.984958607412139, "Dissolved_area": 0.0, "Dissolved_pc": 0.0, "free_space_number": 25.0 }, "geometry": { "type": "Polygon", "coordinates": [ [ [ 1261293.896874761208892, 5542269.404702704399824 ], [ 1261393.896874761208892, 5542269.404702704399824 ], [ 1261393.896874761208892, 5542169.404702704399824 ], [ 1261293.896874761208892, 5542169.404702704399824 ], [ 1261293.896874761208892, 5542269.404702704399824 ] ] ] } },
{ "type": "Feature", "properties": { "id": 161, "left": 1261293.8968747612, "top": 5542169.4047027044, "right": 1261393.8968747612, "bottom": 5542069.4047027044, "row_index": 20, "col_index": 4, "Union_area": 1079.2035489832051, "Union_pc": 10.792035489815969, "rifter_edif_pl_area": 5262.9308319333941, "rifter_edif_pl_pc": 52.629308319255514, "aree-stradali-modified_area": 0.0, "aree-stradali-modified_pc": 0.0, "Single parts_area": 3657.9101174187817, "Single parts_pc": 36.579101174133314, "Dissolved_area": 0.0, "Dissolved_pc": 0.0, "free_space_number": 7.0 }, "geometry": { "type": "Polygon", "coordinates": [ [ [ 1261293.896874761208892, 5542169.404702704399824 ], [ 1261393.896874761208892, 5542169.404702704399824 ], [ 1261393.896874761208892, 5542069.404702704399824 ], [ 1261293.896874761208892, 5542069.404702704399824 ], [ 1261293.896874761208892, 5542169.404702704399824 ] ] ] } },
{ "type": "Feature", "properties": { "id": 162, "left": 1261293.8968747612, "top": 5542069.4047027044, "right": 1261393.8968747612, "bottom": 5541969.4047027044, "row_index": 21, "col_index": 4, "Union_area": 1910.6046039359644, "Union_pc": 19.106046039331172, "rifter_edif_pl_area": 2288.8015840798616, "rifter_edif_pl_pc": 22.88801584076451, "aree-stradali-modified_area": 0.0, "aree-stradali-modified_pc": 0.0, "Single parts_area": 5801.2888933740996, "Single parts_pc": 58.012888933654551, "Dissolved_area": 0.0, "Dissolved_pc": 0.0, "free_space_number": 5.0 }, "geometry": { "type": "Polygon", "coordinates": [ [ [ 1261293.896874761208892, 5542069.404702704399824 ], [ 1261393.896874761208892, 5542069.404702704399824 ], [ 1261393.896874761208892, 5541969.404702704399824 ], [ 1261293.896874761208892, 5541969.404702704399824 ], [ 1261293.896874761208892, 5542069.404702704399824 ] ] ] } },
{ "type": "Feature", "properties": { "id": 163, "left": 1261293.8968747612, "top": 5541969.4047027044, "right": 1261393.8968747612, "bottom": 5541869.4047027044, "row_index": 22, "col_index": 4, "Union_area": 4170.3156694946811, "Union_pc": 41.703156694884669, "rifter_edif_pl_area": 2807.4651549062692, "rifter_edif_pl_pc": 28.074651549020857, "aree-stradali-modified_area": 29.284099189681001, "aree-stradali-modified_pc": 0.29284099189637364, "Single parts_area": 2994.8779422422249, "Single parts_pc": 29.948779422377623, "Dissolved_area": 0.0, "Dissolved_pc": 0.0, "free_space_number": 9.0 }, "geometry": { "type": "Polygon", "coordinates": [ [ [ 1261293.896874761208892, 5541969.404702704399824 ], [ 1261393.896874761208892, 5541969.404702704399824 ], [ 1261393.896874761208892, 5541869.404702704399824 ], [ 1261293.896874761208892, 5541869.404702704399824 ], [ 1261293.896874761208892, 5541969.404702704399824 ] ] ] } },
{ "type": "Feature", "properties": { "id": 164, "left": 1261293.8968747612, "top": 5541869.4047027044, "right": 1261393.8968747612, "bottom": 5541769.4047027044, "row_index": 23, "col_index": 4, "Union_area": 1524.8935861438513, "Union_pc": 15.24893586141579, "rifter_edif_pl_area": 3379.6315490631387, "rifter_edif_pl_pc": 33.796315490581023, "aree-stradali-modified_area": 3120.1552927158773, "aree-stradali-modified_pc": 31.201552927112278, "Single parts_area": 1977.1150945557747, "Single parts_pc": 19.771150945528287, "Dissolved_area": 0.0, "Dissolved_pc": 0.0, "free_space_number": 11.0 }, "geometry": { "type": "Polygon", "coordinates": [ [ [ 1261293.896874761208892, 5541869.404702704399824 ], [ 1261393.896874761208892, 5541869.404702704399824 ], [ 1261393.896874761208892, 5541769.404702704399824 ], [ 1261293.896874761208892, 5541769.404702704399824 ], [ 1261293.896874761208892, 5541869.404702704399824 ] ] ] } },
{ "type": "Feature", "properties": { "id": 165, "left": 1261293.8968747612, "top": 5541769.4047027044, "right": 1261393.8968747612, "bottom": 5541669.4047027044, "row_index": 24, "col_index": 4, "Union_area": 2526.4612364005297, "Union_pc": 25.26461236396765, "rifter_edif_pl_area": 1884.4643198633566, "rifter_edif_pl_pc": 18.844643198605485, "aree-stradali-modified_area": 1515.2764383032918, "aree-stradali-modified_pc": 15.152764383010339, "Single parts_area": 1149.2550944262723, "Single parts_pc": 11.492550944245597, "Dissolved_area": 0.0, "Dissolved_pc": 0.0, "free_space_number": 6.0 }, "geometry": { "type": "Polygon", "coordinates": [ [ [ 1261293.896874761208892, 5541769.404702704399824 ], [ 1261393.896874761208892, 5541769.404702704399824 ], [ 1261393.896874761208892, 5541669.404702704399824 ], [ 1261293.896874761208892, 5541669.404702704399824 ], [ 1261293.896874761208892, 5541769.404702704399824 ] ] ] } },
{ "type": "Feature", "properties": { "id": 166, "left": 1261293.8968747612, "top": 5541669.4047027044, "right": 1261393.8968747612, "bottom": 5541569.4047027044, "row_index": 25, "col_index": 4, "Union_area": 2455.5095901908353, "Union_pc": 24.555095901871763, "rifter_edif_pl_area": 2530.1791679160669, "rifter_edif_pl_pc": 25.301791679122967, "aree-stradali-modified_area": 2113.5459449645132, "aree-stradali-modified_pc": 21.135459449613638, "Single parts_area": 991.1629169338778, "Single parts_pc": 9.9116291693240086, "Dissolved_area": 0.0, "Dissolved_pc": 0.0, "free_space_number": 9.0 }, "geometry": { "type": "Polygon", "coordinates": [ [ [ 1261293.896874761208892, 5541669.404702704399824 ], [ 1261393.896874761208892, 5541669.404702704399824 ], [ 1261393.896874761208892, 5541569.404702704399824 ], [ 1261293.896874761208892, 5541569.404702704399824 ], [ 1261293.896874761208892, 5541669.404702704399824 ] ] ] } },
{ "type": "Feature", "properties": { "id": 167, "left": 1261293.8968747612, "top": 5541569.4047027044, "right": 1261393.8968747612, "bottom": 5541469.4047027044, "row_index": 26, "col_index": 4, "Union_area": 3710.9011418400332, "Union_pc": 37.109011418345034, "rifter_edif_pl_area": 493.76882970798761, "rifter_edif_pl_pc": 4.9376882970725182, "aree-stradali-modified_area": 4881.680534183979, "aree-stradali-modified_pc": 48.816805341767051, "Single parts_area": 2000.0034570018761, "Single parts_pc": 20.000034569988959, "Dissolved_area": 0.0, "Dissolved_pc": 0.0, "free_space_number": 8.0 }, "geometry": { "type": "Polygon", "coordinates": [ [ [ 1261293.896874761208892, 5541569.404702704399824 ], [ 1261393.896874761208892, 5541569.404702704399824 ], [ 1261393.896874761208892, 5541469.404702704399824 ], [ 1261293.896874761208892, 5541469.404702704399824 ], [ 1261293.896874761208892, 5541569.404702704399824 ] ] ] } },
{ "type": "Feature", "properties": { "id": 191, "left": 1261393.8968747612, "top": 5542669.4047027044, "right": 1261493.8968747612, "bottom": 5542569.4047027044, "row_index": 15, "col_index": 5, "Union_area": 555.04784220829606, "Union_pc": 5.5504784220746899, "rifter_edif_pl_area": 6402.4517998911906, "rifter_edif_pl_pc": 64.024517998816506, "aree-stradali-modified_area": 1353.6939255818725, "aree-stradali-modified_pc": 13.536939255798552, "Single parts_area": 1689.0767635898328, "Single parts_pc": 16.890767635873157, "Dissolved_area": 0.0, "Dissolved_pc": 0.0, "free_space_number": 25.0 }, "geometry": { "type": "Polygon", "coordinates": [ [ [ 1261393.896874761208892, 5542669.404702704399824 ], [ 1261493.896874761208892, 5542669.404702704399824 ], [ 1261493.896874761208892, 5542569.404702704399824 ], [ 1261393.896874761208892, 5542569.404702704399824 ], [ 1261393.896874761208892, 5542669.404702704399824 ] ] ] } },
{ "type": "Feature", "properties": { "id": 192, "left": 1261393.8968747612, "top": 5542569.4047027044, "right": 1261493.8968747612, "bottom": 5542469.4047027044, "row_index": 16, "col_index": 5, "Union_area": 1862.8870282527059, "Union_pc": 18.6288702824993, "rifter_edif_pl_area": 4898.1711872983724, "rifter_edif_pl_pc": 48.981711872910736, "aree-stradali-modified_area": 327.13997320830822, "aree-stradali-modified_pc": 3.2713997320782076, "Single parts_area": 2912.2424653280332, "Single parts_pc": 29.122424653236937, "Dissolved_area": 0.0, "Dissolved_pc": 0.0, "free_space_number": 13.0 }, "geometry": { "type": "Polygon", "coordinates": [ [ [ 1261393.896874761208892, 5542569.404702704399824 ], [ 1261493.896874761208892, 5542569.404702704399824 ], [ 1261493.896874761208892, 5542469.404702704399824 ], [ 1261393.896874761208892, 5542469.404702704399824 ], [ 1261393.896874761208892, 5542569.404702704399824 ] ] ] } },
{ "type": "Feature", "properties": { "id": 193, "left": 1261393.8968747612, "top": 5542469.4047027044, "right": 1261493.8968747612, "bottom": 5542369.4047027044, "row_index": 17, "col_index": 5, "Union_area": 1000.7663782957243, "Union_pc": 10.00766378294233, "rifter_edif_pl_area": 6533.8989571756683, "rifter_edif_pl_pc": 65.338989571659326, "aree-stradali-modified_area": 923.15227677952498, "aree-stradali-modified_pc": 9.2315227677814935, "Single parts_area": 1578.2433417742577, "Single parts_pc": 15.782433417719059, "Dissolved_area": 0.0, "Dissolved_pc": 0.0, "free_space_number": 31.0 }, "geometry": { "type": "Polygon", "coordinates": [ [ [ 1261393.896874761208892, 5542469.404702704399824 ], [ 1261493.896874761208892, 5542469.404702704399824 ], [ 1261493.896874761208892, 5542369.404702704399824 ], [ 1261393.896874761208892, 5542369.404702704399824 ], [ 1261393.896874761208892, 5542469.404702704399824 ] ] ] } },
{ "type": "Feature", "properties": { "id": 194, "left": 1261393.8968747612, "top": 5542369.4047027044, "right": 1261493.8968747612, "bottom": 5542269.4047027044, "row_index": 18, "col_index": 5, "Union_area": 2334.542043922469, "Union_pc": 23.345420439189901, "rifter_edif_pl_area": 4907.5008666152135, "rifter_edif_pl_pc": 49.075008666079007, "aree-stradali-modified_area": 0.0, "aree-stradali-modified_pc": 0.0, "Single parts_area": 2762.5045989827995, "Single parts_pc": 27.625045989786834, "Dissolved_area": 0.0, "Dissolved_pc": 0.0, "free_space_number": 11.0 }, "geometry": { "type": "Polygon", "coordinates": [ [ [ 1261393.896874761208892, 5542369.404702704399824 ], [ 1261493.896874761208892, 5542369.404702704399824 ], [ 1261493.896874761208892, 5542269.404702704399824 ], [ 1261393.896874761208892, 5542269.404702704399824 ], [ 1261393.896874761208892, 5542369.404702704399824 ] ] ] } },
{ "type": "Feature", "properties": { "id": 195, "left": 1261393.8968747612, "top": 5542269.4047027044, "right": 1261493.8968747612, "bottom": 5542169.4047027044, "row_index": 19, "col_index": 5, "Union_area": 159.77608703868464, "Union_pc": 1.5977608703844655, "rifter_edif_pl_area": 6866.4906769834924, "rifter_edif_pl_pc": 68.66490676973261, "aree-stradali-modified_area": 1365.3776283804327, "aree-stradali-modified_pc": 13.653776283783982, "Single parts_area": 1614.2594947951748, "Single parts_pc": 16.142594947927691, "Dissolved_area": 0.0, "Dissolved_pc": 0.0, "free_space_number": 23.0 }, "geometry": { "type": "Polygon", "coordinates": [ [ [ 1261393.896874761208892, 5542269.404702704399824 ], [ 1261493.896874761208892, 5542269.404702704399824 ], [ 1261493.896874761208892, 5542169.404702704399824 ], [ 1261393.896874761208892, 5542169.404702704399824 ], [ 1261393.896874761208892, 5542269.404702704399824 ] ] ] } },
{ "type": "Feature", "properties": { "id": 196, "left": 1261393.8968747612, "top": 5542169.4047027044, "right": 1261493.8968747612, "bottom": 5542069.4047027044, "row_index": 20, "col_index": 5, "Union_area": 2364.8113545039669, "Union_pc": 23.648113545004431, "rifter_edif_pl_area": 4408.7156350519508, "rifter_edif_pl_pc": 44.08715635045381, "aree-stradali-modified_area": 0.0, "aree-stradali-modified_pc": 0.0, "Single parts_area": 3227.4766825653969, "Single parts_pc": 32.274766825605873, "Dissolved_area": 0.0, "Dissolved_pc": 0.0, "free_space_number": 13.0 }, "geometry": { "type": "Polygon", "coordinates": [ [ [ 1261393.896874761208892, 5542169.404702704399824 ], [ 1261493.896874761208892, 5542169.404702704399824 ], [ 1261493.896874761208892, 5542069.404702704399824 ], [ 1261393.896874761208892, 5542069.404702704399824 ], [ 1261393.896874761208892, 5542169.404702704399824 ] ] ] } },
{ "type": "Feature", "properties": { "id": 197, "left": 1261393.8968747612, "top": 5542069.4047027044, "right": 1261493.8968747612, "bottom": 5541969.4047027044, "row_index": 21, "col_index": 5, "Union_area": 605.80992182530463, "Union_pc": 6.0580992182440188, "rifter_edif_pl_area": 5637.3220981078921, "rifter_edif_pl_pc": 56.373220980994915, "aree-stradali-modified_area": 111.39695531874895, "aree-stradali-modified_pc": 1.1139695531858296, "Single parts_area": 3646.2411602863394, "Single parts_pc": 36.462411602809063, "Dissolved_area": 0.0, "Dissolved_pc": 0.0, "free_space_number": 7.0 }, "geometry": { "type": "Polygon", "coordinates": [ [ [ 1261393.896874761208892, 5542069.404702704399824 ], [ 1261493.896874761208892, 5542069.404702704399824 ], [ 1261493.896874761208892, 5541969.404702704399824 ], [ 1261393.896874761208892, 5541969.404702704399824 ], [ 1261393.896874761208892, 5542069.404702704399824 ] ] ] } },
{ "type": "Feature", "properties": { "id": 198, "left": 1261393.8968747612, "top": 5541969.4047027044, "right": 1261493.8968747612, "bottom": 5541869.4047027044, "row_index": 22, "col_index": 5, "Union_area": 1476.7853727912297, "Union_pc": 14.767853727890291, "rifter_edif_pl_area": 3934.2772645582445, "rifter_edif_pl_pc": 39.342772645523823, "aree-stradali-modified_area": 1712.5563561916351, "aree-stradali-modified_pc": 17.125563561890832, "Single parts_area": 2877.04187310815, "Single parts_pc": 28.770418731038625, "Dissolved_area": 0.0, "Dissolved_pc": 0.0, "free_space_number": 13.0 }, "geometry": { "type": "Polygon", "coordinates": [ [ [ 1261393.896874761208892, 5541969.404702704399824 ], [ 1261493.896874761208892, 5541969.404702704399824 ], [ 1261493.896874761208892, 5541869.404702704399824 ], [ 1261393.896874761208892, 5541869.404702704399824 ], [ 1261393.896874761208892, 5541969.404702704399824 ] ] ] } },
{ "type": "Feature", "properties": { "id": 199, "left": 1261393.8968747612, "top": 5541869.4047027044, "right": 1261493.8968747612, "bottom": 5541769.4047027044, "row_index": 23, "col_index": 5, "Union_area": 492.24851168971509, "Union_pc": 4.922485116889816, "rifter_edif_pl_area": 4521.8682006536401, "rifter_edif_pl_pc": 45.218682006469017, "aree-stradali-modified_area": 1624.0700753480196, "aree-stradali-modified_pc": 16.240700753455997, "Single parts_area": 3362.291080144234, "Single parts_pc": 33.622910801392237, "Dissolved_area": 0.0, "Dissolved_pc": 0.0, "free_space_number": 14.0 }, "geometry": { "type": "Polygon", "coordinates": [ [ [ 1261393.896874761208892, 5541869.404702704399824 ], [ 1261493.896874761208892, 5541869.404702704399824 ], [ 1261493.896874761208892, 5541769.404702704399824 ], [ 1261393.896874761208892, 5541769.404702704399824 ], [ 1261393.896874761208892, 5541869.404702704399824 ] ] ] } },
{ "type": "Feature", "properties": { "id": 200, "left": 1261393.8968747612, "top": 5541769.4047027044, "right": 1261493.8968747612, "bottom": 5541669.4047027044, "row_index": 24, "col_index": 5, "Union_area": 928.58361411606893, "Union_pc": 9.2858361411468522, "rifter_edif_pl_area": 2506.7396871377714, "rifter_edif_pl_pc": 25.06739687134036, "aree-stradali-modified_area": 12.605086987838149, "aree-stradali-modified_pc": 0.12605086987819367, "Single parts_area": 6552.3580104016892, "Single parts_pc": 65.523580103919258, "Dissolved_area": 0.0, "Dissolved_pc": 0.0, "free_space_number": 6.0 }, "geometry": { "type": "Polygon", "coordinates": [ [ [ 1261393.896874761208892, 5541769.404702704399824 ], [ 1261493.896874761208892, 5541769.404702704399824 ], [ 1261493.896874761208892, 5541669.404702704399824 ], [ 1261393.896874761208892, 5541669.404702704399824 ], [ 1261393.896874761208892, 5541769.404702704399824 ] ] ] } },
{ "type": "Feature", "properties": { "id": 201, "left": 1261393.8968747612, "top": 5541669.4047027044, "right": 1261493.8968747612, "bottom": 5541569.4047027044, "row_index": 25, "col_index": 5, "Union_area": 99.172964356839657, "Union_pc": 0.99172964356691873, "rifter_edif_pl_area": 5013.1295857126825, "rifter_edif_pl_pc": 50.131295857052123, "aree-stradali-modified_area": 2346.5546360835433, "aree-stradali-modified_pc": 23.465546360800467, "Single parts_area": 2541.3218000324168, "Single parts_pc": 25.4132180002863, "Dissolved_area": 0.0, "Dissolved_pc": 0.0, "free_space_number": 11.0 }, "geometry": { "type": "Polygon", "coordinates": [ [ [ 1261393.896874761208892, 5541669.404702704399824 ], [ 1261493.896874761208892, 5541669.404702704399824 ], [ 1261493.896874761208892, 5541569.404702704399824 ], [ 1261393.896874761208892, 5541569.404702704399824 ], [ 1261393.896874761208892, 5541669.404702704399824 ] ] ] } },
{ "type": "Feature", "properties": { "id": 202, "left": 1261393.8968747612, "top": 5541569.4047027044, "right": 1261493.8968747612, "bottom": 5541469.4047027044, "row_index": 26, "col_index": 5, "Union_area": 3190.0851899338886, "Union_pc": 31.90085189929135, "rifter_edif_pl_area": 1736.4183352529071, "rifter_edif_pl_pc": 17.364183352503197, "aree-stradali-modified_area": 4166.9136564396322, "aree-stradali-modified_pc": 41.669136564334231, "Single parts_area": 1850.8443169492466, "Single parts_pc": 18.508443169464886, "Dissolved_area": 0.0, "Dissolved_pc": 0.0, "free_space_number": 9.0 }, "geometry": { "type": "Polygon", "coordinates": [ [ [ 1261393.896874761208892, 5541569.404702704399824 ], [ 1261493.896874761208892, 5541569.404702704399824 ], [ 1261493.896874761208892, 5541469.404702704399824 ], [ 1261393.896874761208892, 5541469.404702704399824 ], [ 1261393.896874761208892, 5541569.404702704399824 ] ] ] } },
{ "type": "Feature", "properties": { "id": 203, "left": 1261393.8968747612, "top": 5541469.4047027044, "right": 1261493.8968747612, "bottom": 5541369.4047027044, "row_index": 27, "col_index": 5, "Union_area": 3421.6540531208739, "Union_pc": 34.216540531157754, "rifter_edif_pl_area": 2348.145288255997, "rifter_edif_pl_pc": 23.48145288252498, "aree-stradali-modified_area": 1297.0541736781597, "aree-stradali-modified_pc": 12.97054173676227, "Single parts_area": 2980.3788138072814, "Single parts_pc": 29.803788138028406, "Dissolved_area": 0.0, "Dissolved_pc": 0.0, "free_space_number": 8.0 }, "geometry": { "type": "Polygon", "coordinates": [ [ [ 1261393.896874761208892, 5541469.404702704399824 ], [ 1261493.896874761208892, 5541469.404702704399824 ], [ 1261493.896874761208892, 5541369.404702704399824 ], [ 1261393.896874761208892, 5541369.404702704399824 ], [ 1261393.896874761208892, 5541469.404702704399824 ] ] ] } },
{ "type": "Feature", "properties": { "id": 226, "left": 1261493.8968747612, "top": 5542669.4047027044, "right": 1261593.8968747612, "bottom": 5542569.4047027044, "row_index": 15, "col_index": 6, "Union_area": 3055.3402942391112, "Union_pc": 30.553402942345585, "rifter_edif_pl_area": 3826.5703385508386, "rifter_edif_pl_pc": 38.265703385451367, "aree-stradali-modified_area": 0.0, "aree-stradali-modified_pc": 0.0, "Single parts_area": 3119.1801849186886, "Single parts_pc": 31.191801849140408, "Dissolved_area": 0.0, "Dissolved_pc": 0.0, "free_space_number": 9.0 }, "geometry": { "type": "Polygon", "coordinates": [ [ [ 1261493.896874761208892, 5542669.404702704399824 ], [ 1261593.896874761208892, 5542669.404702704399824 ], [ 1261593.896874761208892, 5542569.404702704399824 ], [ 1261493.896874761208892, 5542569.404702704399824 ], [ 1261493.896874761208892, 5542669.404702704399824 ] ] ] } },
{ "type": "Feature", "properties": { "id": 227, "left": 1261493.8968747612, "top": 5542569.4047027044, "right": 1261593.8968747612, "bottom": 5542469.4047027044, "row_index": 16, "col_index": 6, "Union_area": 987.66211879253387, "Union_pc": 9.8766211879106223, "rifter_edif_pl_area": 5846.8019372683484, "rifter_edif_pl_pc": 58.468019372596359, "aree-stradali-modified_area": 395.52226576581597, "aree-stradali-modified_pc": 3.955222657652266, "Single parts_area": 2770.7003009312434, "Single parts_pc": 27.707003009271151, "Dissolved_area": 0.0, "Dissolved_pc": 0.0, "free_space_number": 16.0 }, "geometry": { "type": "Polygon", "coordinates": [ [ [ 1261493.896874761208892, 5542569.404702704399824 ], [ 1261593.896874761208892, 5542569.404702704399824 ], [ 1261593.896874761208892, 5542469.404702704399824 ], [ 1261493.896874761208892, 5542469.404702704399824 ], [ 1261493.896874761208892, 5542569.404702704399824 ] ] ] } },
{ "type": "Feature", "properties": { "id": 228, "left": 1261493.8968747612, "top": 5542469.4047027044, "right": 1261593.8968747612, "bottom": 5542369.4047027044, "row_index": 17, "col_index": 6, "Union_area": 306.06895109347533, "Union_pc": 3.0606895109301924, "rifter_edif_pl_area": 5375.1363533325493, "rifter_edif_pl_pc": 53.751363533245396, "aree-stradali-modified_area": 1199.5883637107909, "aree-stradali-modified_pc": 11.995883637090033, "Single parts_area": 3119.5442591633796, "Single parts_pc": 31.195442591587309, "Dissolved_area": 0.0, "Dissolved_pc": 0.0, "free_space_number": 14.0 }, "geometry": { "type": "Polygon", "coordinates": [ [ [ 1261493.896874761208892, 5542469.404702704399824 ], [ 1261593.896874761208892, 5542469.404702704399824 ], [ 1261593.896874761208892, 5542369.404702704399824 ], [ 1261493.896874761208892, 5542369.404702704399824 ], [ 1261493.896874761208892, 5542469.404702704399824 ] ] ] } },
{ "type": "Feature", "properties": { "id": 229, "left": 1261493.8968747612, "top": 5542369.4047027044, "right": 1261593.8968747612, "bottom": 5542269.4047027044, "row_index": 18, "col_index": 6, "Union_area": 1281.800461824052, "Union_pc": 12.818004618221421, "rifter_edif_pl_area": 3007.4966312428005, "rifter_edif_pl_pc": 30.074966312383189, "aree-stradali-modified_area": 0.0, "aree-stradali-modified_pc": 0.0, "Single parts_area": 5710.7029069554992, "Single parts_pc": 57.107029069469895, "Dissolved_area": 0.0, "Dissolved_pc": 0.0, "free_space_number": 3.0 }, "geometry": { "type": "Polygon", "coordinates": [ [ [ 1261493.896874761208892, 5542369.404702704399824 ], [ 1261593.896874761208892, 5542369.404702704399824 ], [ 1261593.896874761208892, 5542269.404702704399824 ], [ 1261493.896874761208892, 5542269.404702704399824 ], [ 1261493.896874761208892, 5542369.404702704399824 ] ] ] } },
{ "type": "Feature", "properties": { "id": 230, "left": 1261493.8968747612, "top": 5542269.4047027044, "right": 1261593.8968747612, "bottom": 5542169.4047027044, "row_index": 19, "col_index": 6, "Union_area": 0.0, "Union_pc": 0.0, "rifter_edif_pl_area": 6677.30405611475, "rifter_edif_pl_pc": 66.773040561048006, "aree-stradali-modified_area": 1456.0992662385106, "aree-stradali-modified_pc": 14.560992662363409, "Single parts_area": 1866.7350862118228, "Single parts_pc": 18.667350862090412, "Dissolved_area": 0.0, "Dissolved_pc": 0.0, "free_space_number": 17.0 }, "geometry": { "type": "Polygon", "coordinates": [ [ [ 1261493.896874761208892, 5542269.404702704399824 ], [ 1261593.896874761208892, 5542269.404702704399824 ], [ 1261593.896874761208892, 5542169.404702704399824 ], [ 1261493.896874761208892, 5542169.404702704399824 ], [ 1261493.896874761208892, 5542269.404702704399824 ] ] ] } },
{ "type": "Feature", "properties": { "id": 231, "left": 1261493.8968747612, "top": 5542169.4047027044, "right": 1261593.8968747612, "bottom": 5542069.4047027044, "row_index": 20, "col_index": 6, "Union_area": 603.57251044828445, "Union_pc": 6.0357251044738502, "rifter_edif_pl_area": 6029.3622054751031, "rifter_edif_pl_pc": 60.293622054661185, "aree-stradali-modified_area": 1390.4299399033189, "aree-stradali-modified_pc": 13.904299399012469, "Single parts_area": 1977.2463377622771, "Single parts_pc": 19.772463377593308, "Dissolved_area": 0.0, "Dissolved_pc": 0.0, "free_space_number": 17.0 }, "geometry": { "type": "Polygon", "coordinates": [ [ [ 1261493.896874761208892, 5542169.404702704399824 ], [ 1261593.896874761208892, 5542169.404702704399824 ], [ 1261593.896874761208892, 5542069.404702704399824 ], [ 1261493.896874761208892, 5542069.404702704399824 ], [ 1261493.896874761208892, 5542169.404702704399824 ] ] ] } },
{ "type": "Feature", "properties": { "id": 232, "left": 1261493.8968747612, "top": 5542069.4047027044, "right": 1261593.8968747612, "bottom": 5541969.4047027044, "row_index": 21, "col_index": 6, "Union_area": 1298.3393880539224, "Union_pc": 12.983393880519877, "rifter_edif_pl_area": 4578.4846354909241, "rifter_edif_pl_pc": 45.784846354841015, "aree-stradali-modified_area": 2504.2088353969157, "aree-stradali-modified_pc": 25.042088353931842, "Single parts_area": 1648.3987635921185, "Single parts_pc": 16.483987635896622, "Dissolved_area": 0.0, "Dissolved_pc": 0.0, "free_space_number": 12.0 }, "geometry": { "type": "Polygon", "coordinates": [ [ [ 1261493.896874761208892, 5542069.404702704399824 ], [ 1261593.896874761208892, 5542069.404702704399824 ], [ 1261593.896874761208892, 5541969.404702704399824 ], [ 1261493.896874761208892, 5541969.404702704399824 ], [ 1261493.896874761208892, 5542069.404702704399824 ] ] ] } },
{ "type": "Feature", "properties": { "id": 233, "left": 1261493.8968747612, "top": 5541969.4047027044, "right": 1261593.8968747612, "bottom": 5541869.4047027044, "row_index": 22, "col_index": 6, "Union_area": 1067.1482267378597, "Union_pc": 10.671482267362695, "rifter_edif_pl_area": 5769.7039022715762, "rifter_edif_pl_pc": 57.697039022629788, "aree-stradali-modified_area": 69.460853088647127, "aree-stradali-modified_pc": 0.69460853088543617, "Single parts_area": 3095.1518875944544, "Single parts_pc": 30.951518875898422, "Dissolved_area": 0.0, "Dissolved_pc": 0.0, "free_space_number": 12.0 }, "geometry": { "type": "Polygon", "coordinates": [ [ [ 1261493.896874761208892, 5541969.404702704399824 ], [ 1261593.896874761208892, 5541969.404702704399824 ], [ 1261593.896874761208892, 5541869.404702704399824 ], [ 1261493.896874761208892, 5541869.404702704399824 ], [ 1261493.896874761208892, 5541969.404702704399824 ] ] ] } },
{ "type": "Feature", "properties": { "id": 234, "left": 1261493.8968747612, "top": 5541869.4047027044, "right": 1261593.8968747612, "bottom": 5541769.4047027044, "row_index": 23, "col_index": 6, "Union_area": 1725.1989579324145, "Union_pc": 17.251989579298439, "rifter_edif_pl_area": 4361.732938797446, "rifter_edif_pl_pc": 43.617329387909464, "aree-stradali-modified_area": 934.60399318579584, "aree-stradali-modified_pc": 9.3460399318440324, "Single parts_area": 2978.6389388939692, "Single parts_pc": 29.786389388895305, "Dissolved_area": 0.0, "Dissolved_pc": 0.0, "free_space_number": 10.0 }, "geometry": { "type": "Polygon", "coordinates": [ [ [ 1261493.896874761208892, 5541869.404702704399824 ], [ 1261593.896874761208892, 5541869.404702704399824 ], [ 1261593.896874761208892, 5541769.404702704399824 ], [ 1261493.896874761208892, 5541769.404702704399824 ], [ 1261493.896874761208892, 5541869.404702704399824 ] ] ] } },
{ "type": "Feature", "properties": { "id": 235, "left": 1261493.8968747612, "top": 5541769.4047027044, "right": 1261593.8968747612, "bottom": 5541669.4047027044, "row_index": 24, "col_index": 6, "Union_area": 394.89342996070627, "Union_pc": 3.9489342996011785, "rifter_edif_pl_area": 5424.3944526538253, "rifter_edif_pl_pc": 54.243944526457426, "aree-stradali-modified_area": 1011.3254039026797, "aree-stradali-modified_pc": 10.113254039011727, "Single parts_area": 3170.0505867038978, "Single parts_pc": 31.700505866991737, "Dissolved_area": 0.0, "Dissolved_pc": 0.0, "free_space_number": 17.0 }, "geometry": { "type": "Polygon", "coordinates": [ [ [ 1261493.896874761208892, 5541769.404702704399824 ], [ 1261593.896874761208892, 5541769.404702704399824 ], [ 1261593.896874761208892, 5541669.404702704399824 ], [ 1261493.896874761208892, 5541669.404702704399824 ], [ 1261493.896874761208892, 5541769.404702704399824 ] ] ] } },
{ "type": "Feature", "properties": { "id": 236, "left": 1261493.8968747612, "top": 5541669.4047027044, "right": 1261593.8968747612, "bottom": 5541569.4047027044, "row_index": 25, "col_index": 6, "Union_area": 257.76370979100466, "Union_pc": 2.5776370979062055, "rifter_edif_pl_area": 6287.3165254732594, "rifter_edif_pl_pc": 62.873165254638906, "aree-stradali-modified_area": 2188.3597560040653, "aree-stradali-modified_pc": 21.883597560008045, "Single parts_area": 1267.2842816953873, "Single parts_pc": 12.67284281693499, "Dissolved_area": 0.0, "Dissolved_pc": 0.0, "free_space_number": 18.0 }, "geometry": { "type": "Polygon", "coordinates": [ [ [ 1261493.896874761208892, 5541669.404702704399824 ], [ 1261593.896874761208892, 5541669.404702704399824 ], [ 1261593.896874761208892, 5541569.404702704399824 ], [ 1261493.896874761208892, 5541569.404702704399824 ], [ 1261493.896874761208892, 5541669.404702704399824 ] ] ] } },
{ "type": "Feature", "properties": { "id": 237, "left": 1261493.8968747612, "top": 5541569.4047027044, "right": 1261593.8968747612, "bottom": 5541469.4047027044, "row_index": 26, "col_index": 6, "Union_area": 3063.4601363168331, "Union_pc": 30.63460136312268, "rifter_edif_pl_area": 4167.2864499092102, "rifter_edif_pl_pc": 41.672864499030005, "aree-stradali-modified_area": 376.94697631895542, "aree-stradali-modified_pc": 3.7694697631839373, "Single parts_area": 2402.5268961313468, "Single parts_pc": 24.025268961277668, "Dissolved_area": 0.0, "Dissolved_pc": 0.0, "free_space_number": 14.0 }, "geometry": { "type": "Polygon", "coordinates": [ [ [ 1261493.896874761208892, 5541569.404702704399824 ], [ 1261593.896874761208892, 5541569.404702704399824 ], [ 1261593.896874761208892, 5541469.404702704399824 ], [ 1261493.896874761208892, 5541469.404702704399824 ], [ 1261493.896874761208892, 5541569.404702704399824 ] ] ] } },
{ "type": "Feature", "properties": { "id": 238, "left": 1261493.8968747612, "top": 5541469.4047027044, "right": 1261593.8968747612, "bottom": 5541369.4047027044, "row_index": 27, "col_index": 6, "Union_area": 3384.19539659773, "Union_pc": 33.841953965926869, "rifter_edif_pl_area": 1232.8769216611981, "rifter_edif_pl_pc": 12.32876921659361, "aree-stradali-modified_area": 4311.2295882105827, "aree-stradali-modified_pc": 43.112295882041586, "Single parts_area": 2069.3586925710551, "Single parts_pc": 20.693586925679714, "Dissolved_area": 0.0, "Dissolved_pc": 0.0, "free_space_number": 9.0 }, "geometry": { "type": "Polygon", "coordinates": [ [ [ 1261493.896874761208892, 5541469.404702704399824 ], [ 1261593.896874761208892, 5541469.404702704399824 ], [ 1261593.896874761208892, 5541369.404702704399824 ], [ 1261493.896874761208892, 5541369.404702704399824 ], [ 1261493.896874761208892, 5541469.404702704399824 ] ] ] } },
{ "type": "Feature", "properties": { "id": 262, "left": 1261593.8968747612, "top": 5542569.4047027044, "right": 1261693.8968747612, "bottom": 5542469.4047027044, "row_index": 16, "col_index": 7, "Union_area": 1758.5656103749643, "Union_pc": 17.585656103723437, "rifter_edif_pl_area": 4567.6863084901124, "rifter_edif_pl_pc": 45.676863084833059, "aree-stradali-modified_area": 220.51409171149135, "aree-stradali-modified_pc": 2.2051409171116276, "Single parts_area": 3453.2953083036441, "Single parts_pc": 34.532953082984982, "Dissolved_area": 0.0, "Dissolved_pc": 0.0, "free_space_number": 15.0 }, "geometry": { "type": "Polygon", "coordinates": [ [ [ 1261593.896874761208892, 5542569.404702704399824 ], [ 1261693.896874761208892, 5542569.404702704399824 ], [ 1261693.896874761208892, 5542469.404702704399824 ], [ 1261593.896874761208892, 5542469.404702704399824 ], [ 1261593.896874761208892, 5542569.404702704399824 ] ] ] } },
{ "type": "Feature", "properties": { "id": 263, "left": 1261593.8968747612, "top": 5542469.4047027044, "right": 1261693.8968747612, "bottom": 5542369.4047027044, "row_index": 17, "col_index": 7, "Union_area": 817.09305837983266, "Union_pc": 8.1709305837861503, "rifter_edif_pl_area": 5212.545389348641, "rifter_edif_pl_pc": 52.125453893408739, "aree-stradali-modified_area": 1285.4172010589391, "aree-stradali-modified_pc": 12.854172010570236, "Single parts_area": 2685.115030334593, "Single parts_pc": 26.851150303305918, "Dissolved_area": 0.0, "Dissolved_pc": 0.0, "free_space_number": 10.0 }, "geometry": { "type": "Polygon", "coordinates": [ [ [ 1261593.896874761208892, 5542469.404702704399824 ], [ 1261693.896874761208892, 5542469.404702704399824 ], [ 1261693.896874761208892, 5542369.404702704399824 ], [ 1261593.896874761208892, 5542369.404702704399824 ], [ 1261593.896874761208892, 5542469.404702704399824 ] ] ] } },
{ "type": "Feature", "properties": { "id": 264, "left": 1261593.8968747612, "top": 5542369.4047027044, "right": 1261693.8968747612, "bottom": 5542269.4047027044, "row_index": 18, "col_index": 7, "Union_area": 856.46961879404262, "Union_pc": 8.5646961879276642, "rifter_edif_pl_area": 5226.7394849546254, "rifter_edif_pl_pc": 52.267394849468367, "aree-stradali-modified_area": 221.05599601846188, "aree-stradali-modified_pc": 2.2105599601813251, "Single parts_area": 3696.0421786759362, "Single parts_pc": 36.960421786704288, "Dissolved_area": 0.0, "Dissolved_pc": 0.0, "free_space_number": 11.0 }, "geometry": { "type": "Polygon", "coordinates": [ [ [ 1261593.896874761208892, 5542369.404702704399824 ], [ 1261693.896874761208892, 5542369.404702704399824 ], [ 1261693.896874761208892, 5542269.404702704399824 ], [ 1261593.896874761208892, 5542269.404702704399824 ], [ 1261593.896874761208892, 5542369.404702704399824 ] ] ] } },
{ "type": "Feature", "properties": { "id": 265, "left": 1261593.8968747612, "top": 5542269.4047027044, "right": 1261693.8968747612, "bottom": 5542169.4047027044, "row_index": 19, "col_index": 7, "Union_area": 1316.5578371146694, "Union_pc": 13.165578371127076, "rifter_edif_pl_area": 5813.1150279589929, "rifter_edif_pl_pc": 58.131150279503309, "aree-stradali-modified_area": 559.94253944978118, "aree-stradali-modified_pc": 5.5994253944894679, "Single parts_area": 2315.0398929162175, "Single parts_pc": 23.150398929127679, "Dissolved_area": 0.0, "Dissolved_pc": 0.0, "free_space_number": 13.0 }, "geometry": { "type": "Polygon", "coordinates": [ [ [ 1261593.896874761208892, 5542269.404702704399824 ], [ 1261693.896874761208892, 5542269.404702704399824 ], [ 1261693.896874761208892, 5542169.404702704399824 ], [ 1261593.896874761208892, 5542169.404702704399824 ], [ 1261593.896874761208892, 5542269.404702704399824 ] ] ] } },
{ "type": "Feature", "properties": { "id": 266, "left": 1261593.8968747612, "top": 5542169.4047027044, "right": 1261693.8968747612, "bottom": 5542069.4047027044, "row_index": 20, "col_index": 7, "Union_area": 2690.6591196991503, "Union_pc": 26.90659119695141, "rifter_edif_pl_area": 5004.9909175156499, "rifter_edif_pl_pc": 50.049909175081922, "aree-stradali-modified_area": 700.70400348305702, "aree-stradali-modified_pc": 7.0070400348201289, "Single parts_area": 1649.8931005511549, "Single parts_pc": 16.498931005486963, "Dissolved_area": 0.0, "Dissolved_pc": 0.0, "free_space_number": 3.0 }, "geometry": { "type": "Polygon", "coordinates": [ [ [ 1261593.896874761208892, 5542169.404702704399824 ], [ 1261693.896874761208892, 5542169.404702704399824 ], [ 1261693.896874761208892, 5542069.404702704399824 ], [ 1261593.896874761208892, 5542069.404702704399824 ], [ 1261593.896874761208892, 5542169.404702704399824 ] ] ] } },
{ "type": "Feature", "properties": { "id": 267, "left": 1261593.8968747612, "top": 5542069.4047027044, "right": 1261693.8968747612, "bottom": 5541969.4047027044, "row_index": 21, "col_index": 7, "Union_area": 5580.6449058623984, "Union_pc": 55.806449058540828, "rifter_edif_pl_area": 4282.5615003108978, "rifter_edif_pl_pc": 42.825615003045165, "aree-stradali-modified_area": 50.822911262512207, "aree-stradali-modified_pc": 0.50822911262436476, "Single parts_area": 457.15827850729693, "Single parts_pc": 4.5715827850661572, "Dissolved_area": 0.0, "Dissolved_pc": 0.0, "free_space_number": 12.0 }, "geometry": { "type": "Polygon", "coordinates": [ [ [ 1261593.896874761208892, 5542069.404702704399824 ], [ 1261693.896874761208892, 5542069.404702704399824 ], [ 1261693.896874761208892, 5541969.404702704399824 ], [ 1261593.896874761208892, 5541969.404702704399824 ], [ 1261593.896874761208892, 5542069.404702704399824 ] ] ] } },
{ "type": "Feature", "properties": { "id": 268, "left": 1261593.8968747612, "top": 5541969.4047027044, "right": 1261693.8968747612, "bottom": 5541869.4047027044, "row_index": 22, "col_index": 7, "Union_area": 1805.4973241407424, "Union_pc": 18.05497324138052, "rifter_edif_pl_area": 5519.5696286181919, "rifter_edif_pl_pc": 55.195696286099668, "aree-stradali-modified_area": 1721.3848621547222, "aree-stradali-modified_pc": 17.213848621521571, "Single parts_area": 1007.3023321183051, "Single parts_pc": 10.073023321168041, "Dissolved_area": 0.0, "Dissolved_pc": 0.0, "free_space_number": 14.0 }, "geometry": { "type": "Polygon", "coordinates": [ [ [ 1261593.896874761208892, 5541969.404702704399824 ], [ 1261693.896874761208892, 5541969.404702704399824 ], [ 1261693.896874761208892, 5541869.404702704399824 ], [ 1261593.896874761208892, 5541869.404702704399824 ], [ 1261593.896874761208892, 5541969.404702704399824 ] ] ] } },
{ "type": "Feature", "properties": { "id": 269, "left": 1261593.8968747612, "top": 5541869.4047027044, "right": 1261693.8968747612, "bottom": 5541769.4047027044, "row_index": 23, "col_index": 7, "Union_area": 5815.0177508323686, "Union_pc": 58.150177508237036, "rifter_edif_pl_area": 823.6900230711326, "rifter_edif_pl_pc": 8.2369002306990513, "aree-stradali-modified_area": 85.679003812372684, "aree-stradali-modified_pc": 0.85679003812245014, "Single parts_area": 3276.8605511975475, "Single parts_pc": 32.768605511926644, "Dissolved_area": 0.0, "Dissolved_pc": 0.0, "free_space_number": 8.0 }, "geometry": { "type": "Polygon", "coordinates": [ [ [ 1261593.896874761208892, 5541869.404702704399824 ], [ 1261693.896874761208892, 5541869.404702704399824 ], [ 1261693.896874761208892, 5541769.404702704399824 ], [ 1261593.896874761208892, 5541769.404702704399824 ], [ 1261593.896874761208892, 5541869.404702704399824 ] ] ] } },
{ "type": "Feature", "properties": { "id": 270, "left": 1261593.8968747612, "top": 5541769.4047027044, "right": 1261693.8968747612, "bottom": 5541669.4047027044, "row_index": 24, "col_index": 7, "Union_area": 3790.7674749976723, "Union_pc": 37.907674749920233, "rifter_edif_pl_area": 2080.4964924743399, "rifter_edif_pl_pc": 20.804964924712397, "aree-stradali-modified_area": 0.0, "aree-stradali-modified_pc": 0.0, "Single parts_area": 4130.1981467865407, "Single parts_pc": 41.301981467803863, "Dissolved_area": 0.0, "Dissolved_pc": 0.0, "free_space_number": 2.0 }, "geometry": { "type": "Polygon", "coordinates": [ [ [ 1261593.896874761208892, 5541769.404702704399824 ], [ 1261693.896874761208892, 5541769.404702704399824 ], [ 1261693.896874761208892, 5541669.404702704399824 ], [ 1261593.896874761208892, 5541669.404702704399824 ], [ 1261593.896874761208892, 5541769.404702704399824 ] ] ] } },
{ "type": "Feature", "properties": { "id": 271, "left": 1261593.8968747612, "top": 5541669.4047027044, "right": 1261693.8968747612, "bottom": 5541569.4047027044, "row_index": 25, "col_index": 7, "Union_area": 255.64903361722827, "Union_pc": 2.5564903361684732, "rifter_edif_pl_area": 6570.1599674159661, "rifter_edif_pl_pc": 65.701599674061754, "aree-stradali-modified_area": 1534.1668144389987, "aree-stradali-modified_pc": 15.341668144367127, "Single parts_area": 1640.4627453548028, "Single parts_pc": 16.404627453523581, "Dissolved_area": 0.0, "Dissolved_pc": 0.0, "free_space_number": 13.0 }, "geometry": { "type": "Polygon", "coordinates": [ [ [ 1261593.896874761208892, 5541669.404702704399824 ], [ 1261693.896874761208892, 5541669.404702704399824 ], [ 1261693.896874761208892, 5541569.404702704399824 ], [ 1261593.896874761208892, 5541569.404702704399824 ], [ 1261593.896874761208892, 5541669.404702704399824 ] ] ] } },
{ "type": "Feature", "properties": { "id": 272, "left": 1261593.8968747612, "top": 5541569.4047027044, "right": 1261693.8968747612, "bottom": 5541469.4047027044, "row_index": 26, "col_index": 7, "Union_area": 1848.7365980823524, "Union_pc": 18.487365980795975, "rifter_edif_pl_area": 4076.487281111069, "rifter_edif_pl_pc": 40.764872811049948, "aree-stradali-modified_area": 1876.4666504282504, "aree-stradali-modified_pc": 18.764666504254542, "Single parts_area": 2267.8692328756388, "Single parts_pc": 22.678692328722594, "Dissolved_area": 0.0, "Dissolved_pc": 0.0, "free_space_number": 12.0 }, "geometry": { "type": "Polygon", "coordinates": [ [ [ 1261593.896874761208892, 5541569.404702704399824 ], [ 1261693.896874761208892, 5541569.404702704399824 ], [ 1261693.896874761208892, 5541469.404702704399824 ], [ 1261593.896874761208892, 5541469.404702704399824 ], [ 1261593.896874761208892, 5541569.404702704399824 ] ] ] } },
{ "type": "Feature", "properties": { "id": 273, "left": 1261593.8968747612, "top": 5541469.4047027044, "right": 1261693.8968747612, "bottom": 5541369.4047027044, "row_index": 27, "col_index": 7, "Union_area": 2949.830096638063, "Union_pc": 29.498300966336675, "rifter_edif_pl_area": 1246.4739357791841, "rifter_edif_pl_pc": 12.464739357773267, "aree-stradali-modified_area": 5019.9229838252068, "aree-stradali-modified_pc": 50.199229838177267, "Single parts_area": 1589.6878743338875, "Single parts_pc": 15.896878743315188, "Dissolved_area": 0.0, "Dissolved_pc": 0.0, "free_space_number": 8.0 }, "geometry": { "type": "Polygon", "coordinates": [ [ [ 1261593.896874761208892, 5541469.404702704399824 ], [ 1261693.896874761208892, 5541469.404702704399824 ], [ 1261693.896874761208892, 5541369.404702704399824 ], [ 1261593.896874761208892, 5541369.404702704399824 ], [ 1261593.896874761208892, 5541469.404702704399824 ] ] ] } },
{ "type": "Feature", "properties": { "id": 274, "left": 1261593.8968747612, "top": 5541369.4047027044, "right": 1261693.8968747612, "bottom": 5541269.4047027044, "row_index": 28, "col_index": 7, "Union_area": 3495.0494321396109, "Union_pc": 34.950494321344031, "rifter_edif_pl_area": 2500.4525298113003, "rifter_edif_pl_pc": 25.004525298075745, "aree-stradali-modified_area": 2652.1701531708241, "aree-stradali-modified_pc": 26.521701531668722, "Single parts_area": 1765.5476703450172, "Single parts_pc": 17.655476703423862, "Dissolved_area": 0.0, "Dissolved_pc": 0.0, "free_space_number": 9.0 }, "geometry": { "type": "Polygon", "coordinates": [ [ [ 1261593.896874761208892, 5541369.404702704399824 ], [ 1261693.896874761208892, 5541369.404702704399824 ], [ 1261693.896874761208892, 5541269.404702704399824 ], [ 1261593.896874761208892, 5541269.404702704399824 ], [ 1261593.896874761208892, 5541369.404702704399824 ] ] ] } },
{ "type": "Feature", "properties": { "id": 297, "left": 1261693.8968747612, "top": 5542569.4047027044, "right": 1261793.8968747612, "bottom": 5542469.4047027044, "row_index": 16, "col_index": 8, "Union_area": 402.35894485921017, "Union_pc": 4.0235894485861063, "rifter_edif_pl_area": 5925.3638184722513, "rifter_edif_pl_pc": 59.253638184634219, "aree-stradali-modified_area": 788.55683491006494, "aree-stradali-modified_pc": 7.8855683490888993, "Single parts_area": 2883.7286157154704, "Single parts_pc": 28.837286157111734, "Dissolved_area": 0.0, "Dissolved_pc": 0.0, "free_space_number": 6.0 }, "geometry": { "type": "Polygon", "coordinates": [ [ [ 1261693.896874761208892, 5542569.404702704399824 ], [ 1261793.896874761208892, 5542569.404702704399824 ], [ 1261793.896874761208892, 5542469.404702704399824 ], [ 1261693.896874761208892, 5542469.404702704399824 ], [ 1261693.896874761208892, 5542569.404702704399824 ] ] ] } },
{ "type": "Feature", "properties": { "id": 298, "left": 1261693.8968747612, "top": 5542469.4047027044, "right": 1261793.8968747612, "bottom": 5542369.4047027044, "row_index": 17, "col_index": 8, "Union_area": 316.49768470856361, "Union_pc": 3.1649768470809199, "rifter_edif_pl_area": 5043.2347220475785, "rifter_edif_pl_pc": 50.432347220400636, "aree-stradali-modified_area": 1835.1642462313175, "aree-stradali-modified_pc": 18.351642462285827, "Single parts_area": 1116.3004463995564, "Single parts_pc": 11.163004463978929, "Dissolved_area": 0.0, "Dissolved_pc": 0.0, "free_space_number": 10.0 }, "geometry": { "type": "Polygon", "coordinates": [ [ [ 1261693.896874761208892, 5542469.404702704399824 ], [ 1261793.896874761208892, 5542469.404702704399824 ], [ 1261793.896874761208892, 5542369.404702704399824 ], [ 1261693.896874761208892, 5542369.404702704399824 ], [ 1261693.896874761208892, 5542469.404702704399824 ] ] ] } },
{ "type": "Feature", "properties": { "id": 299, "left": 1261693.8968747612, "top": 5542369.4047027044, "right": 1261793.8968747612, "bottom": 5542269.4047027044, "row_index": 18, "col_index": 8, "Union_area": 1644.2961000548676, "Union_pc": 16.442961000524175, "rifter_edif_pl_area": 4577.8902660328895, "rifter_edif_pl_pc": 45.778902660260677, "aree-stradali-modified_area": 509.54060679022223, "aree-stradali-modified_pc": 5.0954060678946291, "Single parts_area": 693.00599818002047, "Single parts_pc": 6.9300599817898787, "Dissolved_area": 0.0, "Dissolved_pc": 0.0, "free_space_number": 10.0 }, "geometry": { "type": "Polygon", "coordinates": [ [ [ 1261693.896874761208892, 5542369.404702704399824 ], [ 1261793.896874761208892, 5542369.404702704399824 ], [ 1261793.896874761208892, 5542269.404702704399824 ], [ 1261693.896874761208892, 5542269.404702704399824 ], [ 1261693.896874761208892, 5542369.404702704399824 ] ] ] } },
{ "type": "Feature", "properties": { "id": 300, "left": 1261693.8968747612, "top": 5542269.4047027044, "right": 1261793.8968747612, "bottom": 5542169.4047027044, "row_index": 19, "col_index": 8, "Union_area": 884.53292856505141, "Union_pc": 8.8453292856373338, "rifter_edif_pl_area": 5962.3375681643374, "rifter_edif_pl_pc": 59.623375681554528, "aree-stradali-modified_area": 990.55594816058874, "aree-stradali-modified_pc": 9.9055594815911263, "Single parts_area": 2163.4331665797363, "Single parts_pc": 21.634331665765124, "Dissolved_area": 0.0, "Dissolved_pc": 0.0, "free_space_number": 9.0 }, "geometry": { "type": "Polygon", "coordinates": [ [ [ 1261693.896874761208892, 5542269.404702704399824 ], [ 1261793.896874761208892, 5542269.404702704399824 ], [ 1261793.896874761208892, 5542169.404702704399824 ], [ 1261693.896874761208892, 5542169.404702704399824 ], [ 1261693.896874761208892, 5542269.404702704399824 ] ] ] } },
{ "type": "Feature", "properties": { "id": 301, "left": 1261693.8968747612, "top": 5542169.4047027044, "right": 1261793.8968747612, "bottom": 5542069.4047027044, "row_index": 20, "col_index": 8, "Union_area": 1218.3739269375801, "Union_pc": 12.183739269357647, "rifter_edif_pl_area": 6152.2984886150807, "rifter_edif_pl_pc": 61.522984886059128, "aree-stradali-modified_area": 1933.8602665662766, "aree-stradali-modified_pc": 19.33860266563395, "Single parts_area": 766.55526900817858, "Single parts_pc": 7.6655526900703634, "Dissolved_area": 0.0, "Dissolved_pc": 0.0, "free_space_number": 12.0 }, "geometry": { "type": "Polygon", "coordinates": [ [ [ 1261693.896874761208892, 5542169.404702704399824 ], [ 1261793.896874761208892, 5542169.404702704399824 ], [ 1261793.896874761208892, 5542069.404702704399824 ], [ 1261693.896874761208892, 5542069.404702704399824 ], [ 1261693.896874761208892, 5542169.404702704399824 ] ] ] } },
{ "type": "Feature", "properties": { "id": 302, "left": 1261693.8968747612, "top": 5542069.4047027044, "right": 1261793.8968747612, "bottom": 5541969.4047027044, "row_index": 21, "col_index": 8, "Union_area": 2184.8427304439247, "Union_pc": 21.848427304406691, "rifter_edif_pl_area": 3727.1288978755474, "rifter_edif_pl_pc": 37.271288978699936, "aree-stradali-modified_area": 0.0, "aree-stradali-modified_pc": 0.0, "Single parts_area": 4170.9945601320724, "Single parts_pc": 41.709945601258568, "Dissolved_area": 0.0, "Dissolved_pc": 0.0, "free_space_number": 5.0 }, "geometry": { "type": "Polygon", "coordinates": [ [ [ 1261693.896874761208892, 5542069.404702704399824 ], [ 1261793.896874761208892, 5542069.404702704399824 ], [ 1261793.896874761208892, 5541969.404702704399824 ], [ 1261693.896874761208892, 5541969.404702704399824 ], [ 1261693.896874761208892, 5542069.404702704399824 ] ] ] } },
{ "type": "Feature", "properties": { "id": 303, "left": 1261693.8968747612, "top": 5541969.4047027044, "right": 1261793.8968747612, "bottom": 5541869.4047027044, "row_index": 22, "col_index": 8, "Union_area": 1221.2705446504988, "Union_pc": 12.212705446486789, "rifter_edif_pl_area": 5629.3428569321986, "rifter_edif_pl_pc": 56.293428569238102, "aree-stradali-modified_area": 774.75395276769996, "aree-stradali-modified_pc": 7.7475395276654551, "Single parts_area": 2491.3336616127744, "Single parts_pc": 24.913336616090621, "Dissolved_area": 0.0, "Dissolved_pc": 0.0, "free_space_number": 15.0 }, "geometry": { "type": "Polygon", "coordinates": [ [ [ 1261693.896874761208892, 5541969.404702704399824 ], [ 1261793.896874761208892, 5541969.404702704399824 ], [ 1261793.896874761208892, 5541869.404702704399824 ], [ 1261693.896874761208892, 5541869.404702704399824 ], [ 1261693.896874761208892, 5541969.404702704399824 ] ] ] } },
{ "type": "Feature", "properties": { "id": 304, "left": 1261693.8968747612, "top": 5541869.4047027044, "right": 1261793.8968747612, "bottom": 5541769.4047027044, "row_index": 23, "col_index": 8, "Union_area": 338.92850425862707, "Union_pc": 3.3892850425812204, "rifter_edif_pl_area": 6997.3786497078836, "rifter_edif_pl_pc": 69.973786496974569, "aree-stradali-modified_area": 388.56049055419862, "aree-stradali-modified_pc": 3.8856049055361961, "Single parts_area": 2275.373172438708, "Single parts_pc": 22.753731724353177, "Dissolved_area": 0.0, "Dissolved_pc": 0.0, "free_space_number": 17.0 }, "geometry": { "type": "Polygon", "coordinates": [ [ [ 1261693.896874761208892, 5541869.404702704399824 ], [ 1261793.896874761208892, 5541869.404702704399824 ], [ 1261793.896874761208892, 5541769.404702704399824 ], [ 1261693.896874761208892, 5541769.404702704399824 ], [ 1261693.896874761208892, 5541869.404702704399824 ] ] ] } },
{ "type": "Feature", "properties": { "id": 305, "left": 1261693.8968747612, "top": 5541769.4047027044, "right": 1261793.8968747612, "bottom": 5541669.4047027044, "row_index": 24, "col_index": 8, "Union_area": 993.42945535201579, "Union_pc": 9.9342945535053548, "rifter_edif_pl_area": 6604.9435034282506, "rifter_edif_pl_pc": 66.049435034184086, "aree-stradali-modified_area": 837.96668549627066, "aree-stradali-modified_pc": 8.3796668549502193, "Single parts_area": 1564.3075601285454, "Single parts_pc": 15.643075601262144, "Dissolved_area": 0.0, "Dissolved_pc": 0.0, "free_space_number": 11.0 }, "geometry": { "type": "Polygon", "coordinates": [ [ [ 1261693.896874761208892, 5541769.404702704399824 ], [ 1261793.896874761208892, 5541769.404702704399824 ], [ 1261793.896874761208892, 5541669.404702704399824 ], [ 1261693.896874761208892, 5541669.404702704399824 ], [ 1261693.896874761208892, 5541769.404702704399824 ] ] ] } },
{ "type": "Feature", "properties": { "id": 306, "left": 1261693.8968747612, "top": 5541669.4047027044, "right": 1261793.8968747612, "bottom": 5541569.4047027044, "row_index": 25, "col_index": 8, "Union_area": 320.17288723681122, "Union_pc": 3.2017288723633412, "rifter_edif_pl_area": 5931.3880561506376, "rifter_edif_pl_pc": 59.313880561417989, "aree-stradali-modified_area": 2570.5812247917056, "aree-stradali-modified_pc": 25.70581224787875, "Single parts_area": 1177.9547259609881, "Single parts_pc": 11.779547259592329, "Dissolved_area": 0.0, "Dissolved_pc": 0.0, "free_space_number": 11.0 }, "geometry": { "type": "Polygon", "coordinates": [ [ [ 1261693.896874761208892, 5541669.404702704399824 ], [ 1261793.896874761208892, 5541669.404702704399824 ], [ 1261793.896874761208892, 5541569.404702704399824 ], [ 1261693.896874761208892, 5541569.404702704399824 ], [ 1261693.896874761208892, 5541669.404702704399824 ] ] ] } },
{ "type": "Feature", "properties": { "id": 307, "left": 1261693.8968747612, "top": 5541569.4047027044, "right": 1261793.8968747612, "bottom": 5541469.4047027044, "row_index": 26, "col_index": 8, "Union_area": 3137.3169559340458, "Union_pc": 31.373169559293707, "rifter_edif_pl_area": 3290.4075964870863, "rifter_edif_pl_pc": 32.904075964821828, "aree-stradali-modified_area": 635.05872873216867, "aree-stradali-modified_pc": 6.3505872873122238, "Single parts_area": 2938.633097537444, "Single parts_pc": 29.386330975330651, "Dissolved_area": 0.0, "Dissolved_pc": 0.0, "free_space_number": 6.0 }, "geometry": { "type": "Polygon", "coordinates": [ [ [ 1261693.896874761208892, 5541569.404702704399824 ], [ 1261793.896874761208892, 5541569.404702704399824 ], [ 1261793.896874761208892, 5541469.404702704399824 ], [ 1261693.896874761208892, 5541469.404702704399824 ], [ 1261693.896874761208892, 5541569.404702704399824 ] ] ] } },
{ "type": "Feature", "properties": { "id": 308, "left": 1261693.8968747612, "top": 5541469.4047027044, "right": 1261793.8968747612, "bottom": 5541369.4047027044, "row_index": 27, "col_index": 8, "Union_area": 5276.8142577705439, "Union_pc": 52.768142577626811, "rifter_edif_pl_area": 1572.1754770418629, "rifter_edif_pl_pc": 15.721754770395203, "aree-stradali-modified_area": 150.40134215354919, "aree-stradali-modified_pc": 1.5040134215332508, "Single parts_area": 3002.4024310961995, "Single parts_pc": 30.024024310917255, "Dissolved_area": 0.0, "Dissolved_pc": 0.0, "free_space_number": 8.0 }, "geometry": { "type": "Polygon", "coordinates": [ [ [ 1261693.896874761208892, 5541469.404702704399824 ], [ 1261793.896874761208892, 5541469.404702704399824 ], [ 1261793.896874761208892, 5541369.404702704399824 ], [ 1261693.896874761208892, 5541369.404702704399824 ], [ 1261693.896874761208892, 5541469.404702704399824 ] ] ] } },
{ "type": "Feature", "properties": { "id": 309, "left": 1261693.8968747612, "top": 5541369.4047027044, "right": 1261793.8968747612, "bottom": 5541269.4047027044, "row_index": 28, "col_index": 8, "Union_area": 1884.0918271262199, "Union_pc": 18.840918271234123, "rifter_edif_pl_area": 1301.1952347597107, "rifter_edif_pl_pc": 13.011952347577719, "aree-stradali-modified_area": 5170.5371926277876, "aree-stradali-modified_pc": 51.705371926200826, "Single parts_area": 2513.1338199368329, "Single parts_pc": 25.13133819933088, "Dissolved_area": 0.0, "Dissolved_pc": 0.0, "free_space_number": 7.0 }, "geometry": { "type": "Polygon", "coordinates": [ [ [ 1261693.896874761208892, 5541369.404702704399824 ], [ 1261793.896874761208892, 5541369.404702704399824 ], [ 1261793.896874761208892, 5541269.404702704399824 ], [ 1261693.896874761208892, 5541269.404702704399824 ], [ 1261693.896874761208892, 5541369.404702704399824 ] ] ] } },
{ "type": "Feature", "properties": { "id": 333, "left": 1261793.8968747612, "top": 5542469.4047027044, "right": 1261893.8968747612, "bottom": 5542369.4047027044, "row_index": 17, "col_index": 9, "Union_area": 1392.6658897693269, "Union_pc": 13.926658897672517, "rifter_edif_pl_area": 3638.3300944217481, "rifter_edif_pl_pc": 36.383300944163267, "aree-stradali-modified_area": 3124.4712107609957, "aree-stradali-modified_pc": 31.244712107563398, "Single parts_area": 432.94105580740143, "Single parts_pc": 4.329410558067563, "Dissolved_area": 0.0, "Dissolved_pc": 0.0, "free_space_number": 13.0 }, "geometry": { "type": "Polygon", "coordinates": [ [ [ 1261793.896874761208892, 5542469.404702704399824 ], [ 1261893.896874761208892, 5542469.404702704399824 ], [ 1261893.896874761208892, 5542369.404702704399824 ], [ 1261793.896874761208892, 5542369.404702704399824 ], [ 1261793.896874761208892, 5542469.404702704399824 ] ] ] } },
{ "type": "Feature", "properties": { "id": 334, "left": 1261793.8968747612, "top": 5542369.4047027044, "right": 1261893.8968747612, "bottom": 5542269.4047027044, "row_index": 18, "col_index": 9, "Union_area": 1849.9066061265767, "Union_pc": 18.499066061238199, "rifter_edif_pl_area": 5858.2438095882535, "rifter_edif_pl_pc": 58.58243809579524, "aree-stradali-modified_area": 0.0, "aree-stradali-modified_pc": 0.0, "Single parts_area": 783.86136604356579, "Single parts_pc": 7.8386136604239773, "Dissolved_area": 0.0, "Dissolved_pc": 0.0, "free_space_number": 5.0 }, "geometry": { "type": "Polygon", "coordinates": [ [ [ 1261793.896874761208892, 5542369.404702704399824 ], [ 1261893.896874761208892, 5542369.404702704399824 ], [ 1261893.896874761208892, 5542269.404702704399824 ], [ 1261793.896874761208892, 5542269.404702704399824 ], [ 1261793.896874761208892, 5542369.404702704399824 ] ] ] } },
{ "type": "Feature", "properties": { "id": 335, "left": 1261793.8968747612, "top": 5542269.4047027044, "right": 1261893.8968747612, "bottom": 5542169.4047027044, "row_index": 19, "col_index": 9, "Union_area": 4046.825397612527, "Union_pc": 40.468253976064965, "rifter_edif_pl_area": 5533.0152120636776, "rifter_edif_pl_pc": 55.330152120554331, "aree-stradali-modified_area": 0.0, "aree-stradali-modified_pc": 0.0, "Single parts_area": 421.97456308852634, "Single parts_pc": 4.2197456308789754, "Dissolved_area": 0.0, "Dissolved_pc": 0.0, "free_space_number": 8.0 }, "geometry": { "type": "Polygon", "coordinates": [ [ [ 1261793.896874761208892, 5542269.404702704399824 ], [ 1261893.896874761208892, 5542269.404702704399824 ], [ 1261893.896874761208892, 5542169.404702704399824 ], [ 1261793.896874761208892, 5542169.404702704399824 ], [ 1261793.896874761208892, 5542269.404702704399824 ] ] ] } },
{ "type": "Feature", "properties": { "id": 336, "left": 1261793.8968747612, "top": 5542169.4047027044, "right": 1261893.8968747612, "bottom": 5542069.4047027044, "row_index": 20, "col_index": 9, "Union_area": 665.83950415719301, "Union_pc": 6.6583950415620086, "rifter_edif_pl_area": 6144.7440342996269, "rifter_edif_pl_pc": 61.447440342904706, "aree-stradali-modified_area": 1895.5925521850586, "aree-stradali-modified_pc": 18.955925521822341, "Single parts_area": 1294.639071546495, "Single parts_pc": 12.946390715445657, "Dissolved_area": 0.0, "Dissolved_pc": 0.0, "free_space_number": 6.0 }, "geometry": { "type": "Polygon", "coordinates": [ [ [ 1261793.896874761208892, 5542169.404702704399824 ], [ 1261893.896874761208892, 5542169.404702704399824 ], [ 1261893.896874761208892, 5542069.404702704399824 ], [ 1261793.896874761208892, 5542069.404702704399824 ], [ 1261793.896874761208892, 5542169.404702704399824 ] ] ] } },
{ "type": "Feature", "properties": { "id": 337, "left": 1261793.8968747612, "top": 5542069.4047027044, "right": 1261893.8968747612, "bottom": 5541969.4047027044, "row_index": 21, "col_index": 9, "Union_area": 190.39279881119728, "Union_pc": 1.9039279881091358, "rifter_edif_pl_area": 6972.4132016124204, "rifter_edif_pl_pc": 69.724132016020306, "aree-stradali-modified_area": 1279.1128968670964, "aree-stradali-modified_pc": 12.791128968651904, "Single parts_area": 1558.3266319397712, "Single parts_pc": 15.583266319374491, "Dissolved_area": 0.0, "Dissolved_pc": 0.0, "free_space_number": 16.0 }, "geometry": { "type": "Polygon", "coordinates": [ [ [ 1261793.896874761208892, 5542069.404702704399824 ], [ 1261893.896874761208892, 5542069.404702704399824 ], [ 1261893.896874761208892, 5541969.404702704399824 ], [ 1261793.896874761208892, 5541969.404702704399824 ], [ 1261793.896874761208892, 5542069.404702704399824 ] ] ] } },
{ "type": "Feature", "properties": { "id": 338, "left": 1261793.8968747612, "top": 5541969.4047027044, "right": 1261893.8968747612, "bottom": 5541869.4047027044, "row_index": 22, "col_index": 9, "Union_area": 216.82191702308046, "Union_pc": 2.1682191702275735, "rifter_edif_pl_area": 7175.913392807357, "rifter_edif_pl_pc": 71.759133927966644, "aree-stradali-modified_area": 1131.1428212225437, "aree-stradali-modified_pc": 11.311428212208583, "Single parts_area": 1476.6336275032925, "Single parts_pc": 14.766336275010921, "Dissolved_area": 0.0, "Dissolved_pc": 0.0, "free_space_number": 35.0 }, "geometry": { "type": "Polygon", "coordinates": [ [ [ 1261793.896874761208892, 5541969.404702704399824 ], [ 1261893.896874761208892, 5541969.404702704399824 ], [ 1261893.896874761208892, 5541869.404702704399824 ], [ 1261793.896874761208892, 5541869.404702704399824 ], [ 1261793.896874761208892, 5541969.404702704399824 ] ] ] } },
{ "type": "Feature", "properties": { "id": 339, "left": 1261793.8968747612, "top": 5541869.4047027044, "right": 1261893.8968747612, "bottom": 5541769.4047027044, "row_index": 23, "col_index": 9, "Union_area": 1177.56290690694, "Union_pc": 11.775629069051853, "rifter_edif_pl_area": 6283.5906528537162, "rifter_edif_pl_pc": 62.83590652844353, "aree-stradali-modified_area": 603.35284926556051, "aree-stradali-modified_pc": 6.0335284926466146, "Single parts_area": 1935.9989558815371, "Single parts_pc": 19.359989558786523, "Dissolved_area": 0.0, "Dissolved_pc": 0.0, "free_space_number": 18.0 }, "geometry": { "type": "Polygon", "coordinates": [ [ [ 1261793.896874761208892, 5541869.404702704399824 ], [ 1261893.896874761208892, 5541869.404702704399824 ], [ 1261893.896874761208892, 5541769.404702704399824 ], [ 1261793.896874761208892, 5541769.404702704399824 ], [ 1261793.896874761208892, 5541869.404702704399824 ] ] ] } },
{ "type": "Feature", "properties": { "id": 340, "left": 1261793.8968747612, "top": 5541769.4047027044, "right": 1261893.8968747612, "bottom": 5541669.4047027044, "row_index": 24, "col_index": 9, "Union_area": 1787.382868505083, "Union_pc": 17.873828685024197, "rifter_edif_pl_area": 5664.891617199406, "rifter_edif_pl_pc": 56.648916171909647, "aree-stradali-modified_area": 787.10215285792947, "aree-stradali-modified_pc": 7.8710215285675655, "Single parts_area": 1762.4347140271775, "Single parts_pc": 17.624347140245511, "Dissolved_area": 0.0, "Dissolved_pc": 0.0, "free_space_number": 21.0 }, "geometry": { "type": "Polygon", "coordinates": [ [ [ 1261793.896874761208892, 5541769.404702704399824 ], [ 1261893.896874761208892, 5541769.404702704399824 ], [ 1261893.896874761208892, 5541669.404702704399824 ], [ 1261793.896874761208892, 5541669.404702704399824 ], [ 1261793.896874761208892, 5541769.404702704399824 ] ] ] } },
{ "type": "Feature", "properties": { "id": 341, "left": 1261793.8968747612, "top": 5541669.4047027044, "right": 1261893.8968747612, "bottom": 5541569.4047027044, "row_index": 25, "col_index": 9, "Union_area": 435.91355720534921, "Union_pc": 4.3591355720469966, "rifter_edif_pl_area": 6727.8819891037419, "rifter_edif_pl_pc": 67.278819890937172, "aree-stradali-modified_area": 2003.9055109396577, "aree-stradali-modified_pc": 20.039055109366718, "Single parts_area": 832.61236030541841, "Single parts_pc": 8.3261236030417773, "Dissolved_area": 0.0, "Dissolved_pc": 0.0, "free_space_number": 21.0 }, "geometry": { "type": "Polygon", "coordinates": [ [ [ 1261793.896874761208892, 5541669.404702704399824 ], [ 1261893.896874761208892, 5541669.404702704399824 ], [ 1261893.896874761208892, 5541569.404702704399824 ], [ 1261793.896874761208892, 5541569.404702704399824 ], [ 1261793.896874761208892, 5541669.404702704399824 ] ] ] } },
{ "type": "Feature", "properties": { "id": 342, "left": 1261793.8968747612, "top": 5541569.4047027044, "right": 1261893.8968747612, "bottom": 5541469.4047027044, "row_index": 26, "col_index": 9, "Union_area": 3620.3908373777522, "Union_pc": 36.203908373723571, "rifter_edif_pl_area": 3764.736018831376, "rifter_edif_pl_pc": 37.647360188257657, "aree-stradali-modified_area": 0.0, "aree-stradali-modified_pc": 0.0, "Single parts_area": 2616.4481663568658, "Single parts_pc": 26.164481663529671, "Dissolved_area": 0.0, "Dissolved_pc": 0.0, "free_space_number": 12.0 }, "geometry": { "type": "Polygon", "coordinates": [ [ [ 1261793.896874761208892, 5541569.404702704399824 ], [ 1261893.896874761208892, 5541569.404702704399824 ], [ 1261893.896874761208892, 5541469.404702704399824 ], [ 1261793.896874761208892, 5541469.404702704399824 ], [ 1261793.896874761208892, 5541569.404702704399824 ] ] ] } },
{ "type": "Feature", "properties": { "id": 343, "left": 1261793.8968747612, "top": 5541469.4047027044, "right": 1261893.8968747612, "bottom": 5541369.4047027044, "row_index": 27, "col_index": 9, "Union_area": 2260.5572156419512, "Union_pc": 22.605572156385826, "rifter_edif_pl_area": 3263.3515950576402, "rifter_edif_pl_pc": 32.633515950527773, "aree-stradali-modified_area": 0.0, "aree-stradali-modified_pc": 0.0, "Single parts_area": 4478.4670021422207, "Single parts_pc": 44.784670021355474, "Dissolved_area": 0.0, "Dissolved_pc": 0.0, "free_space_number": 5.0 }, "geometry": { "type": "Polygon", "coordinates": [ [ [ 1261793.896874761208892, 5541469.404702704399824 ], [ 1261893.896874761208892, 5541469.404702704399824 ], [ 1261893.896874761208892, 5541369.404702704399824 ], [ 1261793.896874761208892, 5541369.404702704399824 ], [ 1261793.896874761208892, 5541469.404702704399824 ] ] ] } },
{ "type": "Feature", "properties": { "id": 344, "left": 1261793.8968747612, "top": 5541369.4047027044, "right": 1261893.8968747612, "bottom": 5541269.4047027044, "row_index": 28, "col_index": 9, "Union_area": 2882.9196896227077, "Union_pc": 28.829196896184119, "rifter_edif_pl_area": 3238.9161060620099, "rifter_edif_pl_pc": 32.389161060571837, "aree-stradali-modified_area": 3166.1282120095566, "aree-stradali-modified_pc": 31.661282120048387, "Single parts_area": 1767.5921816727168, "Single parts_pc": 17.675921816700832, "Dissolved_area": 0.0, "Dissolved_pc": 0.0, "free_space_number": 6.0 }, "geometry": { "type": "Polygon", "coordinates": [ [ [ 1261793.896874761208892, 5541369.404702704399824 ], [ 1261893.896874761208892, 5541369.404702704399824 ], [ 1261893.896874761208892, 5541269.404702704399824 ], [ 1261793.896874761208892, 5541269.404702704399824 ], [ 1261793.896874761208892, 5541369.404702704399824 ] ] ] } },
{ "type": "Feature", "properties": { "id": 345, "left": 1261793.8968747612, "top": 5541269.4047027044, "right": 1261893.8968747612, "bottom": 5541169.4047027044, "row_index": 29, "col_index": 9, "Union_area": 2862.8368738917634, "Union_pc": 28.628368738874975, "rifter_edif_pl_area": 2105.2054418656044, "rifter_edif_pl_pc": 21.052054418624675, "aree-stradali-modified_area": 2705.3459955342114, "aree-stradali-modified_pc": 27.0534599553018, "Single parts_area": 2739.2868979029399, "Single parts_pc": 27.392868978988581, "Dissolved_area": 0.0, "Dissolved_pc": 0.0, "free_space_number": 8.0 }, "geometry": { "type": "Polygon", "coordinates": [ [ [ 1261793.896874761208892, 5541269.404702704399824 ], [ 1261893.896874761208892, 5541269.404702704399824 ], [ 1261893.896874761208892, 5541169.404702704399824 ], [ 1261793.896874761208892, 5541169.404702704399824 ], [ 1261793.896874761208892, 5541269.404702704399824 ] ] ] } },
{ "type": "Feature", "properties": { "id": 368, "left": 1261893.8968747612, "top": 5542469.4047027044, "right": 1261993.8968747612, "bottom": 5542369.4047027044, "row_index": 17, "col_index": 10, "Union_area": 793.71245814301074, "Union_pc": 7.9371245814182805, "rifter_edif_pl_area": 5145.6251416984014, "rifter_edif_pl_pc": 51.456251416907335, "aree-stradali-modified_area": 3782.7718010013923, "aree-stradali-modified_pc": 37.827718009957557, "Single parts_area": 472.50119946070481, "Single parts_pc": 4.7250119946000071, "Dissolved_area": 0.0, "Dissolved_pc": 0.0, "free_space_number": 12.0 }, "geometry": { "type": "Polygon", "coordinates": [ [ [ 1261893.896874761208892, 5542469.404702704399824 ], [ 1261993.896874761208892, 5542469.404702704399824 ], [ 1261993.896874761208892, 5542369.404702704399824 ], [ 1261893.896874761208892, 5542369.404702704399824 ], [ 1261893.896874761208892, 5542469.404702704399824 ] ] ] } },
{ "type": "Feature", "properties": { "id": 369, "left": 1261893.8968747612, "top": 5542369.4047027044, "right": 1261993.8968747612, "bottom": 5542269.4047027044, "row_index": 18, "col_index": 10, "Union_area": 3102.6639780746773, "Union_pc": 31.026639780700538, "rifter_edif_pl_area": 3176.042333766818, "rifter_edif_pl_pc": 31.760423337620853, "aree-stradali-modified_area": 2933.1275738328695, "aree-stradali-modified_pc": 29.331275738284987, "Single parts_area": 834.03434352568729, "Single parts_pc": 8.3403434352444457, "Dissolved_area": 0.0, "Dissolved_pc": 0.0, "free_space_number": 9.0 }, "geometry": { "type": "Polygon", "coordinates": [ [ [ 1261893.896874761208892, 5542369.404702704399824 ], [ 1261993.896874761208892, 5542369.404702704399824 ], [ 1261993.896874761208892, 5542269.404702704399824 ], [ 1261893.896874761208892, 5542269.404702704399824 ], [ 1261893.896874761208892, 5542369.404702704399824 ] ] ] } },
{ "type": "Feature", "properties": { "id": 370, "left": 1261893.8968747612, "top": 5542269.4047027044, "right": 1261993.8968747612, "bottom": 5542169.4047027044, "row_index": 19, "col_index": 10, "Union_area": 703.57298705726862, "Union_pc": 7.0357298705622018, "rifter_edif_pl_area": 4288.8859028541483, "rifter_edif_pl_pc": 42.888859028477576, "aree-stradali-modified_area": 4333.8228627594654, "aree-stradali-modified_pc": 43.338228627530071, "Single parts_area": 794.47687564645912, "Single parts_pc": 7.9447687564527518, "Dissolved_area": 0.0, "Dissolved_pc": 0.0, "free_space_number": 7.0 }, "geometry": { "type": "Polygon", "coordinates": [ [ [ 1261893.896874761208892, 5542269.404702704399824 ], [ 1261993.896874761208892, 5542269.404702704399824 ], [ 1261993.896874761208892, 5542169.404702704399824 ], [ 1261893.896874761208892, 5542169.404702704399824 ], [ 1261893.896874761208892, 5542269.404702704399824 ] ] ] } },
{ "type": "Feature", "properties": { "id": 371, "left": 1261893.8968747612, "top": 5542169.4047027044, "right": 1261993.8968747612, "bottom": 5542069.4047027044, "row_index": 20, "col_index": 10, "Union_area": 912.11876621097326, "Union_pc": 9.1211876620961405, "rifter_edif_pl_area": 4495.4832156454213, "rifter_edif_pl_pc": 44.954832156387226, "aree-stradali-modified_area": 3678.0664249118418, "aree-stradali-modified_pc": 36.780664249063612, "Single parts_area": 914.93146320788037, "Single parts_pc": 9.1493146320651704, "Dissolved_area": 0.0, "Dissolved_pc": 0.0, "free_space_number": 10.0 }, "geometry": { "type": "Polygon", "coordinates": [ [ [ 1261893.896874761208892, 5542169.404702704399824 ], [ 1261993.896874761208892, 5542169.404702704399824 ], [ 1261993.896874761208892, 5542069.404702704399824 ], [ 1261893.896874761208892, 5542069.404702704399824 ], [ 1261893.896874761208892, 5542169.404702704399824 ] ] ] } },
{ "type": "Feature", "properties": { "id": 372, "left": 1261893.8968747612, "top": 5542069.4047027044, "right": 1261993.8968747612, "bottom": 5541969.4047027044, "row_index": 21, "col_index": 10, "Union_area": 145.9651594851166, "Union_pc": 1.459651594848991, "rifter_edif_pl_area": 6881.2169021423906, "rifter_edif_pl_pc": 68.812169021321367, "aree-stradali-modified_area": 1271.1636713333428, "aree-stradali-modified_pc": 12.711636713314487, "Single parts_area": 1701.7910686909061, "Single parts_pc": 17.017910686883702, "Dissolved_area": 0.0, "Dissolved_pc": 0.0, "free_space_number": 16.0 }, "geometry": { "type": "Polygon", "coordinates": [ [ [ 1261893.896874761208892, 5542069.404702704399824 ], [ 1261993.896874761208892, 5542069.404702704399824 ], [ 1261993.896874761208892, 5541969.404702704399824 ], [ 1261893.896874761208892, 5541969.404702704399824 ], [ 1261893.896874761208892, 5542069.404702704399824 ] ] ] } },
{ "type": "Feature", "properties": { "id": 373, "left": 1261893.8968747612, "top": 5541969.4047027044, "right": 1261993.8968747612, "bottom": 5541869.4047027044, "row_index": 22, "col_index": 10, "Union_area": 1457.9412422440946, "Union_pc": 14.579412422419221, "rifter_edif_pl_area": 4178.9905828554183, "rifter_edif_pl_pc": 41.789905828491911, "aree-stradali-modified_area": 1333.2902871659026, "aree-stradali-modified_pc": 13.332902871639158, "Single parts_area": 3029.8000341388615, "Single parts_pc": 30.298000341343471, "Dissolved_area": 0.0, "Dissolved_pc": 0.0, "free_space_number": 15.0 }, "geometry": { "type": "Polygon", "coordinates": [ [ [ 1261893.896874761208892, 5541969.404702704399824 ], [ 1261993.896874761208892, 5541969.404702704399824 ], [ 1261993.896874761208892, 5541869.404702704399824 ], [ 1261893.896874761208892, 5541869.404702704399824 ], [ 1261893.896874761208892, 5541969.404702704399824 ] ] ] } },
{ "type": "Feature", "properties": { "id": 374, "left": 1261893.8968747612, "top": 5541869.4047027044, "right": 1261993.8968747612, "bottom": 5541769.4047027044, "row_index": 23, "col_index": 10, "Union_area": 259.39670706144534, "Union_pc": 2.5939670706105882, "rifter_edif_pl_area": 6351.6152033462422, "rifter_edif_pl_pc": 63.516152033367774, "aree-stradali-modified_area": 2152.4354240372777, "aree-stradali-modified_pc": 21.524354240340703, "Single parts_area": 1237.2139933070241, "Single parts_pc": 12.372139933051805, "Dissolved_area": 0.0, "Dissolved_pc": 0.0, "free_space_number": 26.0 }, "geometry": { "type": "Polygon", "coordinates": [ [ [ 1261893.896874761208892, 5541869.404702704399824 ], [ 1261993.896874761208892, 5541869.404702704399824 ], [ 1261993.896874761208892, 5541769.404702704399824 ], [ 1261893.896874761208892, 5541769.404702704399824 ], [ 1261893.896874761208892, 5541869.404702704399824 ] ] ] } },
{ "type": "Feature", "properties": { "id": 375, "left": 1261893.8968747612, "top": 5541769.4047027044, "right": 1261993.8968747612, "bottom": 5541669.4047027044, "row_index": 24, "col_index": 10, "Union_area": 820.81738358549774, "Union_pc": 8.2081738358427465, "rifter_edif_pl_area": 6642.273935025325, "rifter_edif_pl_pc": 66.422739350154274, "aree-stradali-modified_area": 917.14333415403962, "aree-stradali-modified_pc": 9.1714333415267291, "Single parts_area": 1620.2916594298263, "Single parts_pc": 16.202916594274118, "Dissolved_area": 0.0, "Dissolved_pc": 0.0, "free_space_number": 17.0 }, "geometry": { "type": "Polygon", "coordinates": [ [ [ 1261893.896874761208892, 5541769.404702704399824 ], [ 1261993.896874761208892, 5541769.404702704399824 ], [ 1261993.896874761208892, 5541669.404702704399824 ], [ 1261893.896874761208892, 5541669.404702704399824 ], [ 1261893.896874761208892, 5541769.404702704399824 ] ] ] } },
{ "type": "Feature", "properties": { "id": 376, "left": 1261893.8968747612, "top": 5541669.4047027044, "right": 1261993.8968747612, "bottom": 5541569.4047027044, "row_index": 25, "col_index": 10, "Union_area": 470.69038023427129, "Union_pc": 4.7069038023356988, "rifter_edif_pl_area": 5753.5583995833877, "rifter_edif_pl_pc": 57.535583995748141, "aree-stradali-modified_area": 3559.2504398450255, "aree-stradali-modified_pc": 35.592504398397217, "Single parts_area": 545.31040929022129, "Single parts_pc": 5.4531040928940868, "Dissolved_area": 0.0, "Dissolved_pc": 0.0, "free_space_number": 10.0 }, "geometry": { "type": "Polygon", "coordinates": [ [ [ 1261893.896874761208892, 5541669.404702704399824 ], [ 1261993.896874761208892, 5541669.404702704399824 ], [ 1261993.896874761208892, 5541569.404702704399824 ], [ 1261893.896874761208892, 5541569.404702704399824 ], [ 1261893.896874761208892, 5541669.404702704399824 ] ] ] } },
{ "type": "Feature", "properties": { "id": 377, "left": 1261893.8968747612, "top": 5541569.4047027044, "right": 1261993.8968747612, "bottom": 5541469.4047027044, "row_index": 26, "col_index": 10, "Union_area": 1113.3766209082678, "Union_pc": 11.133766209066087, "rifter_edif_pl_area": 5197.4889146592468, "rifter_edif_pl_pc": 51.974889146515018, "aree-stradali-modified_area": 3069.8429850898683, "aree-stradali-modified_pc": 30.698429850852939, "Single parts_area": 818.01487856076074, "Single parts_pc": 8.1801487855954171, "Dissolved_area": 0.0, "Dissolved_pc": 0.0, "free_space_number": 12.0 }, "geometry": { "type": "Polygon", "coordinates": [ [ [ 1261893.896874761208892, 5541569.404702704399824 ], [ 1261993.896874761208892, 5541569.404702704399824 ], [ 1261993.896874761208892, 5541469.404702704399824 ], [ 1261893.896874761208892, 5541469.404702704399824 ], [ 1261893.896874761208892, 5541569.404702704399824 ] ] ] } },
{ "type": "Feature", "properties": { "id": 378, "left": 1261893.8968747612, "top": 5541469.4047027044, "right": 1261993.8968747612, "bottom": 5541369.4047027044, "row_index": 27, "col_index": 10, "Union_area": 1278.6824843008071, "Union_pc": 12.786824842989017, "rifter_edif_pl_area": 6119.7506406456232, "rifter_edif_pl_pc": 61.197506406365044, "aree-stradali-modified_area": 2.5366523675620556, "aree-stradali-modified_pc": 0.025366523675582758, "Single parts_area": 2599.4813185594976, "Single parts_pc": 25.994813185556239, "Dissolved_area": 0.0, "Dissolved_pc": 0.0, "free_space_number": 5.0 }, "geometry": { "type": "Polygon", "coordinates": [ [ [ 1261893.896874761208892, 5541469.404702704399824 ], [ 1261993.896874761208892, 5541469.404702704399824 ], [ 1261993.896874761208892, 5541369.404702704399824 ], [ 1261893.896874761208892, 5541369.404702704399824 ], [ 1261893.896874761208892, 5541469.404702704399824 ] ] ] } },
{ "type": "Feature", "properties": { "id": 379, "left": 1261893.8968747612, "top": 5541369.4047027044, "right": 1261993.8968747612, "bottom": 5541269.4047027044, "row_index": 28, "col_index": 10, "Union_area": 684.32673010160215, "Union_pc": 6.8432673010058247, "rifter_edif_pl_area": 5312.5438968758099, "rifter_edif_pl_pc": 53.125438968678935, "aree-stradali-modified_area": 1145.4475158611313, "aree-stradali-modified_pc": 11.454475158594244, "Single parts_area": 2860.9396471862665, "Single parts_pc": 28.609396471820034, "Dissolved_area": 0.0, "Dissolved_pc": 0.0, "free_space_number": 11.0 }, "geometry": { "type": "Polygon", "coordinates": [ [ [ 1261893.896874761208892, 5541369.404702704399824 ], [ 1261993.896874761208892, 5541369.404702704399824 ], [ 1261993.896874761208892, 5541269.404702704399824 ], [ 1261893.896874761208892, 5541269.404702704399824 ], [ 1261893.896874761208892, 5541369.404702704399824 ] ] ] } },
{ "type": "Feature", "properties": { "id": 380, "left": 1261893.8968747612, "top": 5541269.4047027044, "right": 1261993.8968747612, "bottom": 5541169.4047027044, "row_index": 29, "col_index": 10, "Union_area": 1950.3938694354147, "Union_pc": 19.503938694325083, "rifter_edif_pl_area": 2037.0422814514022, "rifter_edif_pl_pc": 20.370422814483668, "aree-stradali-modified_area": 5316.0683833993971, "aree-stradali-modified_pc": 53.160683833914753, "Single parts_area": 1826.7169353672355, "Single parts_pc": 18.267169353645137, "Dissolved_area": 0.0, "Dissolved_pc": 0.0, "free_space_number": 13.0 }, "geometry": { "type": "Polygon", "coordinates": [ [ [ 1261893.896874761208892, 5541269.404702704399824 ], [ 1261993.896874761208892, 5541269.404702704399824 ], [ 1261993.896874761208892, 5541169.404702704399824 ], [ 1261893.896874761208892, 5541169.404702704399824 ], [ 1261893.896874761208892, 5541269.404702704399824 ] ] ] } },
{ "type": "Feature", "properties": { "id": 403, "left": 1261993.8968747612, "top": 5542469.4047027044, "right": 1262093.8968747612, "bottom": 5542369.4047027044, "row_index": 17, "col_index": 11, "Union_area": 0.0, "Union_pc": 0.0, "rifter_edif_pl_area": 6127.1792814861983, "rifter_edif_pl_pc": 61.271792814770684, "aree-stradali-modified_area": 3406.4516440578736, "aree-stradali-modified_pc": 34.064516440527974, "Single parts_area": 466.36907443590462, "Single parts_pc": 4.6636907443520972, "Dissolved_area": 0.0, "Dissolved_pc": 0.0, "free_space_number": 4.0 }, "geometry": { "type": "Polygon", "coordinates": [ [ [ 1261993.896874761208892, 5542469.404702704399824 ], [ 1262093.896874761208892, 5542469.404702704399824 ], [ 1262093.896874761208892, 5542369.404702704399824 ], [ 1261993.896874761208892, 5542369.404702704399824 ], [ 1261993.896874761208892, 5542469.404702704399824 ] ] ] } },
{ "type": "Feature", "properties": { "id": 407, "left": 1261993.8968747612, "top": 5542069.4047027044, "right": 1262093.8968747612, "bottom": 5541969.4047027044, "row_index": 21, "col_index": 11, "Union_area": 186.57405257504433, "Union_pc": 1.8657405257476631, "rifter_edif_pl_area": 6669.0304383266484, "rifter_edif_pl_pc": 66.690304383167103, "aree-stradali-modified_area": 2644.0402526073158, "aree-stradali-modified_pc": 26.440402526033758, "Single parts_area": 608.93765157610744, "Single parts_pc": 6.0893765157520008, "Dissolved_area": 0.0, "Dissolved_pc": 0.0, "free_space_number": 19.0 }, "geometry": { "type": "Polygon", "coordinates": [ [ [ 1261993.896874761208892, 5542069.404702704399824 ], [ 1262093.896874761208892, 5542069.404702704399824 ], [ 1262093.896874761208892, 5541969.404702704399824 ], [ 1261993.896874761208892, 5541969.404702704399824 ], [ 1261993.896874761208892, 5542069.404702704399824 ] ] ] } },
{ "type": "Feature", "properties": { "id": 408, "left": 1261993.8968747612, "top": 5541969.4047027044, "right": 1262093.8968747612, "bottom": 5541869.4047027044, "row_index": 22, "col_index": 11, "Union_area": 1510.3422927907668, "Union_pc": 15.103422927885163, "rifter_edif_pl_area": 6463.5396923911758, "rifter_edif_pl_pc": 64.635396923815449, "aree-stradali-modified_area": 659.22809808328748, "aree-stradali-modified_pc": 6.5922809808230518, "Single parts_area": 1368.0638225885821, "Single parts_pc": 13.680638225865435, "Dissolved_area": 0.0, "Dissolved_pc": 0.0, "free_space_number": 21.0 }, "geometry": { "type": "Polygon", "coordinates": [ [ [ 1261993.896874761208892, 5541969.404702704399824 ], [ 1262093.896874761208892, 5541969.404702704399824 ], [ 1262093.896874761208892, 5541869.404702704399824 ], [ 1261993.896874761208892, 5541869.404702704399824 ], [ 1261993.896874761208892, 5541969.404702704399824 ] ] ] } },
{ "type": "Feature", "properties": { "id": 409, "left": 1261993.8968747612, "top": 5541869.4047027044, "right": 1262093.8968747612, "bottom": 5541769.4047027044, "row_index": 23, "col_index": 11, "Union_area": 1364.9179797824472, "Union_pc": 13.649179797804134, "rifter_edif_pl_area": 4678.8550246534869, "rifter_edif_pl_pc": 46.788550246465149, "aree-stradali-modified_area": 911.8263838798739, "aree-stradali-modified_pc": 9.1182638387851522, "Single parts_area": 3045.0204901466991, "Single parts_pc": 30.450204901421614, "Dissolved_area": 0.0, "Dissolved_pc": 0.0, "free_space_number": 13.0 }, "geometry": { "type": "Polygon", "coordinates": [ [ [ 1261993.896874761208892, 5541869.404702704399824 ], [ 1262093.896874761208892, 5541869.404702704399824 ], [ 1262093.896874761208892, 5541769.404702704399824 ], [ 1261993.896874761208892, 5541769.404702704399824 ], [ 1261993.896874761208892, 5541869.404702704399824 ] ] ] } },
{ "type": "Feature", "properties": { "id": 410, "left": 1261993.8968747612, "top": 5541769.4047027044, "right": 1262093.8968747612, "bottom": 5541669.4047027044, "row_index": 24, "col_index": 11, "Union_area": 369.15098394453526, "Union_pc": 3.6915098394398518, "rifter_edif_pl_area": 5520.0922794649377, "rifter_edif_pl_pc": 55.20092279456712, "aree-stradali-modified_area": 681.33565357327461, "aree-stradali-modified_pc": 6.8133565357225931, "Single parts_area": 3429.938440549668, "Single parts_pc": 34.299384405445572, "Dissolved_area": 0.0, "Dissolved_pc": 0.0, "free_space_number": 10.0 }, "geometry": { "type": "Polygon", "coordinates": [ [ [ 1261993.896874761208892, 5541769.404702704399824 ], [ 1262093.896874761208892, 5541769.404702704399824 ], [ 1262093.896874761208892, 5541669.404702704399824 ], [ 1261993.896874761208892, 5541669.404702704399824 ], [ 1261993.896874761208892, 5541769.404702704399824 ] ] ] } },
{ "type": "Feature", "properties": { "id": 411, "left": 1261993.8968747612, "top": 5541669.4047027044, "right": 1262093.8968747612, "bottom": 5541569.4047027044, "row_index": 25, "col_index": 11, "Union_area": 256.03131106682122, "Union_pc": 2.560313110664397, "rifter_edif_pl_area": 6313.7859510637354, "rifter_edif_pl_pc": 63.137859510543272, "aree-stradali-modified_area": 2375.4340792838484, "aree-stradali-modified_pc": 23.754340792803088, "Single parts_area": 1084.5991585654538, "Single parts_pc": 10.845991585638377, "Dissolved_area": 0.0, "Dissolved_pc": 0.0, "free_space_number": 10.0 }, "geometry": { "type": "Polygon", "coordinates": [ [ [ 1261993.896874761208892, 5541669.404702704399824 ], [ 1262093.896874761208892, 5541669.404702704399824 ], [ 1262093.896874761208892, 5541569.404702704399824 ], [ 1261993.896874761208892, 5541569.404702704399824 ], [ 1261993.896874761208892, 5541669.404702704399824 ] ] ] } },
{ "type": "Feature", "properties": { "id": 412, "left": 1261993.8968747612, "top": 5541569.4047027044, "right": 1262093.8968747612, "bottom": 5541469.4047027044, "row_index": 26, "col_index": 11, "Union_area": 287.21257590502501, "Union_pc": 2.8721257590459701, "rifter_edif_pl_area": 6623.0888263381785, "rifter_edif_pl_pc": 66.230888263283092, "aree-stradali-modified_area": 2001.7643622104079, "aree-stradali-modified_pc": 20.01764362207425, "Single parts_area": 1375.3186390801982, "Single parts_pc": 13.753186390781488, "Dissolved_area": 0.0, "Dissolved_pc": 0.0, "free_space_number": 21.0 }, "geometry": { "type": "Polygon", "coordinates": [ [ [ 1261993.896874761208892, 5541569.404702704399824 ], [ 1262093.896874761208892, 5541569.404702704399824 ], [ 1262093.896874761208892, 5541469.404702704399824 ], [ 1261993.896874761208892, 5541469.404702704399824 ], [ 1261993.896874761208892, 5541569.404702704399824 ] ] ] } },
{ "type": "Feature", "properties": { "id": 413, "left": 1261993.8968747612, "top": 5541469.4047027044, "right": 1262093.8968747612, "bottom": 5541369.4047027044, "row_index": 27, "col_index": 11, "Union_area": 40.158632915467024, "Union_pc": 0.40158632915407183, "rifter_edif_pl_area": 3198.9100608360022, "rifter_edif_pl_pc": 31.989100608312356, "aree-stradali-modified_area": 1157.9421711266041, "aree-stradali-modified_pc": 11.579421711248786, "Single parts_area": 5603.2662229529096, "Single parts_pc": 56.032662229445599, "Dissolved_area": 0.0, "Dissolved_pc": 0.0, "free_space_number": 6.0 }, "geometry": { "type": "Polygon", "coordinates": [ [ [ 1261993.896874761208892, 5541469.404702704399824 ], [ 1262093.896874761208892, 5541469.404702704399824 ], [ 1262093.896874761208892, 5541369.404702704399824 ], [ 1261993.896874761208892, 5541369.404702704399824 ], [ 1261993.896874761208892, 5541469.404702704399824 ] ] ] } },
{ "type": "Feature", "properties": { "id": 414, "left": 1261993.8968747612, "top": 5541369.4047027044, "right": 1262093.8968747612, "bottom": 5541269.4047027044, "row_index": 28, "col_index": 11, "Union_area": 965.55462112999521, "Union_pc": 9.6555462112855643, "rifter_edif_pl_area": 4074.5017688083462, "rifter_edif_pl_pc": 40.745017688022749, "aree-stradali-modified_area": 1321.8677728138864, "aree-stradali-modified_pc": 13.218677728119166, "Single parts_area": 3639.4863970645556, "Single parts_pc": 36.394863970591324, "Dissolved_area": 0.0, "Dissolved_pc": 0.0, "free_space_number": 10.0 }, "geometry": { "type": "Polygon", "coordinates": [ [ [ 1261993.896874761208892, 5541369.404702704399824 ], [ 1262093.896874761208892, 5541369.404702704399824 ], [ 1262093.896874761208892, 5541269.404702704399824 ], [ 1261993.896874761208892, 5541269.404702704399824 ], [ 1261993.896874761208892, 5541369.404702704399824 ] ] ] } },
{ "type": "Feature", "properties": { "id": 415, "left": 1261993.8968747612, "top": 5541269.4047027044, "right": 1262093.8968747612, "bottom": 5541169.4047027044, "row_index": 29, "col_index": 11, "Union_area": 1759.2216222495772, "Union_pc": 17.592216222469556, "rifter_edif_pl_area": 3127.3701357739046, "rifter_edif_pl_pc": 31.273701357692445, "aree-stradali-modified_area": 2569.0419233683497, "aree-stradali-modified_pc": 25.690419233645216, "Single parts_area": 3083.8194310028684, "Single parts_pc": 30.838194309982729, "Dissolved_area": 0.0, "Dissolved_pc": 0.0, "free_space_number": 7.0 }, "geometry": { "type": "Polygon", "coordinates": [ [ [ 1261993.896874761208892, 5541269.404702704399824 ], [ 1262093.896874761208892, 5541269.404702704399824 ], [ 1262093.896874761208892, 5541169.404702704399824 ], [ 1261993.896874761208892, 5541169.404702704399824 ], [ 1261993.896874761208892, 5541269.404702704399824 ] ] ] } },
{ "type": "Feature", "properties": { "id": 416, "left": 1261993.8968747612, "top": 5541169.4047027044, "right": 1262093.8968747612, "bottom": 5541069.4047027044, "row_index": 30, "col_index": 11, "Union_area": 3748.103844285477, "Union_pc": 37.481038442798919, "rifter_edif_pl_area": 1670.2728441965301, "rifter_edif_pl_pc": 16.702728441940412, "aree-stradali-modified_area": 4246.8615555688739, "aree-stradali-modified_pc": 42.468615555625455, "Single parts_area": 1197.3497641724905, "Single parts_pc": 11.973497641707063, "Dissolved_area": 0.0, "Dissolved_pc": 0.0, "free_space_number": 14.0 }, "geometry": { "type": "Polygon", "coordinates": [ [ [ 1261993.896874761208892, 5541169.404702704399824 ], [ 1262093.896874761208892, 5541169.404702704399824 ], [ 1262093.896874761208892, 5541069.404702704399824 ], [ 1261993.896874761208892, 5541069.404702704399824 ], [ 1261993.896874761208892, 5541169.404702704399824 ] ] ] } },
{ "type": "Feature", "properties": { "id": 443, "left": 1262093.8968747612, "top": 5541969.4047027044, "right": 1262193.8968747612, "bottom": 5541869.4047027044, "row_index": 22, "col_index": 12, "Union_area": 27.215168202295899, "Union_pc": 0.27215168202255346, "rifter_edif_pl_area": 7063.3033620193601, "rifter_edif_pl_pc": 70.633033620088355, "aree-stradali-modified_area": 2391.2814348340034, "aree-stradali-modified_pc": 23.912814348304401, "Single parts_area": 539.88250059215352, "Single parts_pc": 5.3988250059134906, "Dissolved_area": 0.0, "Dissolved_pc": 0.0, "free_space_number": 8.0 }, "geometry": { "type": "Polygon", "coordinates": [ [ [ 1262093.896874761208892, 5541969.404702704399824 ], [ 1262193.896874761208892, 5541969.404702704399824 ], [ 1262193.896874761208892, 5541869.404702704399824 ], [ 1262093.896874761208892, 5541869.404702704399824 ], [ 1262093.896874761208892, 5541969.404702704399824 ] ] ] } },
{ "type": "Feature", "properties": { "id": 444, "left": 1262093.8968747612, "top": 5541869.4047027044, "right": 1262193.8968747612, "bottom": 5541769.4047027044, "row_index": 23, "col_index": 12, "Union_area": 347.42846415843815, "Union_pc": 3.4742846415792044, "rifter_edif_pl_area": 7212.9816959653981, "rifter_edif_pl_pc": 72.129816959546503, "aree-stradali-modified_area": 776.29840373806655, "aree-stradali-modified_pc": 7.7629840373690975, "Single parts_area": 1664.5044478069717, "Single parts_pc": 16.645044478044912, "Dissolved_area": 0.0, "Dissolved_pc": 0.0, "free_space_number": 12.0 }, "geometry": { "type": "Polygon", "coordinates": [ [ [ 1262093.896874761208892, 5541869.404702704399824 ], [ 1262193.896874761208892, 5541869.404702704399824 ], [ 1262193.896874761208892, 5541769.404702704399824 ], [ 1262093.896874761208892, 5541769.404702704399824 ], [ 1262093.896874761208892, 5541869.404702704399824 ] ] ] } },
{ "type": "Feature", "properties": { "id": 445, "left": 1262093.8968747612, "top": 5541769.4047027044, "right": 1262193.8968747612, "bottom": 5541669.4047027044, "row_index": 24, "col_index": 12, "Union_area": 712.13743835128844, "Union_pc": 7.1213743835022729, "rifter_edif_pl_area": 6884.3003130881116, "rifter_edif_pl_pc": 68.843003130778527, "aree-stradali-modified_area": 807.83836896903813, "aree-stradali-modified_pc": 8.0783836896783434, "Single parts_area": 1596.4861619464723, "Single parts_pc": 15.964861619440935, "Dissolved_area": 0.0, "Dissolved_pc": 0.0, "free_space_number": 14.0 }, "geometry": { "type": "Polygon", "coordinates": [ [ [ 1262093.896874761208892, 5541769.404702704399824 ], [ 1262193.896874761208892, 5541769.404702704399824 ], [ 1262193.896874761208892, 5541669.404702704399824 ], [ 1262093.896874761208892, 5541669.404702704399824 ], [ 1262093.896874761208892, 5541769.404702704399824 ] ] ] } },
{ "type": "Feature", "properties": { "id": 446, "left": 1262093.8968747612, "top": 5541669.4047027044, "right": 1262193.8968747612, "bottom": 5541569.4047027044, "row_index": 25, "col_index": 12, "Union_area": 1454.7416967758909, "Union_pc": 14.547416967737231, "rifter_edif_pl_area": 4849.1009178431705, "rifter_edif_pl_pc": 48.491009178359448, "aree-stradali-modified_area": 2949.2098716273904, "aree-stradali-modified_pc": 29.492098716229957, "Single parts_area": 748.7624587344435, "Single parts_pc": 7.4876245873332774, "Dissolved_area": 0.0, "Dissolved_pc": 0.0, "free_space_number": 11.0 }, "geometry": { "type": "Polygon", "coordinates": [ [ [ 1262093.896874761208892, 5541669.404702704399824 ], [ 1262193.896874761208892, 5541669.404702704399824 ], [ 1262193.896874761208892, 5541569.404702704399824 ], [ 1262093.896874761208892, 5541569.404702704399824 ], [ 1262093.896874761208892, 5541669.404702704399824 ] ] ] } },
{ "type": "Feature", "properties": { "id": 447, "left": 1262093.8968747612, "top": 5541569.4047027044, "right": 1262193.8968747612, "bottom": 5541469.4047027044, "row_index": 26, "col_index": 12, "Union_area": 1583.7032040245831, "Union_pc": 15.837032040222232, "rifter_edif_pl_area": 5038.5074716017116, "rifter_edif_pl_pc": 50.385074715942039, "aree-stradali-modified_area": 878.08829101361334, "aree-stradali-modified_pc": 8.780882910123049, "Single parts_area": 2500.4394534929761, "Single parts_pc": 25.004394534892501, "Dissolved_area": 0.0, "Dissolved_pc": 0.0, "free_space_number": 16.0 }, "geometry": { "type": "Polygon", "coordinates": [ [ [ 1262093.896874761208892, 5541569.404702704399824 ], [ 1262193.896874761208892, 5541569.404702704399824 ], [ 1262193.896874761208892, 5541469.404702704399824 ], [ 1262093.896874761208892, 5541469.404702704399824 ], [ 1262093.896874761208892, 5541569.404702704399824 ] ] ] } },
{ "type": "Feature", "properties": { "id": 448, "left": 1262093.8968747612, "top": 5541469.4047027044, "right": 1262193.8968747612, "bottom": 5541369.4047027044, "row_index": 27, "col_index": 12, "Union_area": 2670.0095621082, "Union_pc": 26.700095621042212, "rifter_edif_pl_area": 3593.629743691301, "rifter_edif_pl_pc": 35.936297436859462, "aree-stradali-modified_area": 3138.4594219699502, "aree-stradali-modified_pc": 31.384594219652737, "Single parts_area": 598.22622369551334, "Single parts_pc": 5.9822622369462186, "Dissolved_area": 0.0, "Dissolved_pc": 0.0, "free_space_number": 13.0 }, "geometry": { "type": "Polygon", "coordinates": [ [ [ 1262093.896874761208892, 5541469.404702704399824 ], [ 1262193.896874761208892, 5541469.404702704399824 ], [ 1262193.896874761208892, 5541369.404702704399824 ], [ 1262093.896874761208892, 5541369.404702704399824 ], [ 1262093.896874761208892, 5541469.404702704399824 ] ] ] } },
{ "type": "Feature", "properties": { "id": 449, "left": 1262093.8968747612, "top": 5541369.4047027044, "right": 1262193.8968747612, "bottom": 5541269.4047027044, "row_index": 28, "col_index": 12, "Union_area": 2592.1427147137001, "Union_pc": 25.921427147098374, "rifter_edif_pl_area": 4245.4115982232615, "rifter_edif_pl_pc": 42.454115982169355, "aree-stradali-modified_area": 1571.9849811196327, "aree-stradali-modified_pc": 15.719849811172903, "Single parts_area": 1593.3439430533163, "Single parts_pc": 15.93343943050942, "Dissolved_area": 0.0, "Dissolved_pc": 0.0, "free_space_number": 6.0 }, "geometry": { "type": "Polygon", "coordinates": [ [ [ 1262093.896874761208892, 5541369.404702704399824 ], [ 1262193.896874761208892, 5541369.404702704399824 ], [ 1262193.896874761208892, 5541269.404702704399824 ], [ 1262093.896874761208892, 5541269.404702704399824 ], [ 1262093.896874761208892, 5541369.404702704399824 ] ] ] } },
{ "type": "Feature", "properties": { "id": 450, "left": 1262093.8968747612, "top": 5541269.4047027044, "right": 1262193.8968747612, "bottom": 5541169.4047027044, "row_index": 29, "col_index": 12, "Union_area": 2477.7313222159864, "Union_pc": 24.777313222122942, "rifter_edif_pl_area": 3594.7118744107429, "rifter_edif_pl_pc": 35.947118744053867, "aree-stradali-modified_area": 1609.8966732621193, "aree-stradali-modified_pc": 16.098966732597205, "Single parts_area": 2318.9395645984987, "Single parts_pc": 23.189395645950434, "Dissolved_area": 0.0, "Dissolved_pc": 0.0, "free_space_number": 7.0 }, "geometry": { "type": "Polygon", "coordinates": [ [ [ 1262093.896874761208892, 5541269.404702704399824 ], [ 1262193.896874761208892, 5541269.404702704399824 ], [ 1262193.896874761208892, 5541169.404702704399824 ], [ 1262093.896874761208892, 5541169.404702704399824 ], [ 1262093.896874761208892, 5541269.404702704399824 ] ] ] } },
{ "type": "Feature", "properties": { "id": 451, "left": 1262093.8968747612, "top": 5541169.4047027044, "right": 1262193.8968747612, "bottom": 5541069.4047027044, "row_index": 30, "col_index": 12, "Union_area": 1507.1691729915328, "Union_pc": 15.071691729892869, "rifter_edif_pl_area": 1809.2690828591585, "rifter_edif_pl_pc": 18.092690828564624, "aree-stradali-modified_area": 6764.0669041872025, "aree-stradali-modified_pc": 67.640669041771233, "Single parts_area": 1159.6376221536023, "Single parts_pc": 11.596376221518742, "Dissolved_area": 0.0, "Dissolved_pc": 0.0, "free_space_number": 9.0 }, "geometry": { "type": "Polygon", "coordinates": [ [ [ 1262093.896874761208892, 5541169.404702704399824 ], [ 1262193.896874761208892, 5541169.404702704399824 ], [ 1262193.896874761208892, 5541069.404702704399824 ], [ 1262093.896874761208892, 5541069.404702704399824 ], [ 1262093.896874761208892, 5541169.404702704399824 ] ] ] } },
{ "type": "Feature", "properties": { "id": 479, "left": 1262193.8968747612, "top": 5541869.4047027044, "right": 1262293.8968747612, "bottom": 5541769.4047027044, "row_index": 23, "col_index": 13, "Union_area": 198.22257099766284, "Union_pc": 1.9822257099736746, "rifter_edif_pl_area": 7162.4567512623034, "rifter_edif_pl_pc": 71.624567512516307, "aree-stradali-modified_area": 1274.4637202210724, "aree-stradali-modified_pc": 12.744637202191733, "Single parts_area": 1365.0090522037476, "Single parts_pc": 13.650090522017136, "Dissolved_area": 0.0, "Dissolved_pc": 0.0, "free_space_number": 17.0 }, "geometry": { "type": "Polygon", "coordinates": [ [ [ 1262193.896874761208892, 5541869.404702704399824 ], [ 1262293.896874761208892, 5541869.404702704399824 ], [ 1262293.896874761208892, 5541769.404702704399824 ], [ 1262193.896874761208892, 5541769.404702704399824 ], [ 1262193.896874761208892, 5541869.404702704399824 ] ] ] } },
{ "type": "Feature", "properties": { "id": 480, "left": 1262193.8968747612, "top": 5541769.4047027044, "right": 1262293.8968747612, "bottom": 5541669.4047027044, "row_index": 24, "col_index": 13, "Union_area": 409.06191275268793, "Union_pc": 4.0906191275207835, "rifter_edif_pl_area": 5914.8336512194946, "rifter_edif_pl_pc": 59.148336512106809, "aree-stradali-modified_area": 1580.016256198287, "aree-stradali-modified_pc": 15.800162561959326, "Single parts_area": 2096.5113879995911, "Single parts_pc": 20.965113879964669, "Dissolved_area": 0.0, "Dissolved_pc": 0.0, "free_space_number": 13.0 }, "geometry": { "type": "Polygon", "coordinates": [ [ [ 1262193.896874761208892, 5541769.404702704399824 ], [ 1262293.896874761208892, 5541769.404702704399824 ], [ 1262293.896874761208892, 5541669.404702704399824 ], [ 1262193.896874761208892, 5541669.404702704399824 ], [ 1262193.896874761208892, 5541769.404702704399824 ] ] ] } },
{ "type": "Feature", "properties": { "id": 481, "left": 1262193.8968747612, "top": 5541669.4047027044, "right": 1262293.8968747612, "bottom": 5541569.4047027044, "row_index": 25, "col_index": 13, "Union_area": 2100.7264218440978, "Union_pc": 21.007264218409674, "rifter_edif_pl_area": 3937.0381483556703, "rifter_edif_pl_pc": 39.370381483498036, "aree-stradali-modified_area": 1853.4808217361569, "aree-stradali-modified_pc": 18.53480821733395, "Single parts_area": 2109.8569544074771, "Single parts_pc": 21.098569544043333, "Dissolved_area": 0.0, "Dissolved_pc": 0.0, "free_space_number": 10.0 }, "geometry": { "type": "Polygon", "coordinates": [ [ [ 1262193.896874761208892, 5541669.404702704399824 ], [ 1262293.896874761208892, 5541669.404702704399824 ], [ 1262293.896874761208892, 5541569.404702704399824 ], [ 1262193.896874761208892, 5541569.404702704399824 ], [ 1262193.896874761208892, 5541669.404702704399824 ] ] ] } },
{ "type": "Feature", "properties": { "id": 482, "left": 1262193.8968747612, "top": 5541569.4047027044, "right": 1262293.8968747612, "bottom": 5541469.4047027044, "row_index": 26, "col_index": 13, "Union_area": 981.74288384616375, "Union_pc": 9.8174288384470092, "rifter_edif_pl_area": 4093.9526881533675, "rifter_edif_pl_pc": 40.939526881472673, "aree-stradali-modified_area": 0.0, "aree-stradali-modified_pc": 0.0, "Single parts_area": 4925.1313817240298, "Single parts_pc": 49.25131381716691, "Dissolved_area": 0.0, "Dissolved_pc": 0.0, "free_space_number": 4.0 }, "geometry": { "type": "Polygon", "coordinates": [ [ [ 1262193.896874761208892, 5541569.404702704399824 ], [ 1262293.896874761208892, 5541569.404702704399824 ], [ 1262293.896874761208892, 5541469.404702704399824 ], [ 1262193.896874761208892, 5541469.404702704399824 ], [ 1262193.896874761208892, 5541569.404702704399824 ] ] ] } },
{ "type": "Feature", "properties": { "id": 483, "left": 1262193.8968747612, "top": 5541469.4047027044, "right": 1262293.8968747612, "bottom": 5541369.4047027044, "row_index": 27, "col_index": 13, "Union_area": 2897.9189135581255, "Union_pc": 28.979189135538071, "rifter_edif_pl_area": 4070.6918563442305, "rifter_edif_pl_pc": 40.706918563381649, "aree-stradali-modified_area": 1943.4172553587705, "aree-stradali-modified_pc": 19.434172553558746, "Single parts_area": 1089.7578956520683, "Single parts_pc": 10.897578956504445, "Dissolved_area": 0.0, "Dissolved_pc": 0.0, "free_space_number": 9.0 }, "geometry": { "type": "Polygon", "coordinates": [ [ [ 1262193.896874761208892, 5541469.404702704399824 ], [ 1262293.896874761208892, 5541469.404702704399824 ], [ 1262293.896874761208892, 5541369.404702704399824 ], [ 1262193.896874761208892, 5541369.404702704399824 ], [ 1262193.896874761208892, 5541469.404702704399824 ] ] ] } },
{ "type": "Feature", "properties": { "id": 484, "left": 1262193.8968747612, "top": 5541369.4047027044, "right": 1262293.8968747612, "bottom": 5541269.4047027044, "row_index": 28, "col_index": 13, "Union_area": 241.2996063940227, "Union_pc": 2.4129960639366312, "rifter_edif_pl_area": 4528.3864817996509, "rifter_edif_pl_pc": 45.283864817929029, "aree-stradali-modified_area": 440.50945198535919, "aree-stradali-modified_pc": 4.4050945198470277, "Single parts_area": 4790.2562596272473, "Single parts_pc": 47.902562596201093, "Dissolved_area": 0.0, "Dissolved_pc": 0.0, "free_space_number": 7.0 }, "geometry": { "type": "Polygon", "coordinates": [ [ [ 1262193.896874761208892, 5541369.404702704399824 ], [ 1262293.896874761208892, 5541369.404702704399824 ], [ 1262293.896874761208892, 5541269.404702704399824 ], [ 1262193.896874761208892, 5541269.404702704399824 ], [ 1262193.896874761208892, 5541369.404702704399824 ] ] ] } },
{ "type": "Feature", "properties": { "id": 485, "left": 1262193.8968747612, "top": 5541269.4047027044, "right": 1262293.8968747612, "bottom": 5541169.4047027044, "row_index": 29, "col_index": 13, "Union_area": 2825.0155295262812, "Union_pc": 28.250155295220715, "rifter_edif_pl_area": 3599.450548878056, "rifter_edif_pl_pc": 35.994505488726922, "aree-stradali-modified_area": 0.0, "aree-stradali-modified_pc": 0.0, "Single parts_area": 3593.4419209845364, "Single parts_pc": 35.93441920979182, "Dissolved_area": 0.0, "Dissolved_pc": 0.0, "free_space_number": 12.0 }, "geometry": { "type": "Polygon", "coordinates": [ [ [ 1262193.896874761208892, 5541269.404702704399824 ], [ 1262293.896874761208892, 5541269.404702704399824 ], [ 1262293.896874761208892, 5541169.404702704399824 ], [ 1262193.896874761208892, 5541169.404702704399824 ], [ 1262193.896874761208892, 5541269.404702704399824 ] ] ] } },
{ "type": "Feature", "properties": { "id": 486, "left": 1262193.8968747612, "top": 5541169.4047027044, "right": 1262293.8968747612, "bottom": 5541069.4047027044, "row_index": 30, "col_index": 13, "Union_area": 445.37638592720032, "Union_pc": 4.4537638592653668, "rifter_edif_pl_area": 3016.3124533840455, "rifter_edif_pl_pc": 30.163124533795507, "aree-stradali-modified_area": 5330.0576333291829, "aree-stradali-modified_pc": 53.300576333212405, "Single parts_area": 1830.9071818253867, "Single parts_pc": 18.309071818226585, "Dissolved_area": 0.0, "Dissolved_pc": 0.0, "free_space_number": 5.0 }, "geometry": { "type": "Polygon", "coordinates": [ [ [ 1262193.896874761208892, 5541169.404702704399824 ], [ 1262293.896874761208892, 5541169.404702704399824 ], [ 1262293.896874761208892, 5541069.404702704399824 ], [ 1262193.896874761208892, 5541069.404702704399824 ], [ 1262193.896874761208892, 5541169.404702704399824 ] ] ] } },
{ "type": "Feature", "properties": { "id": 487, "left": 1262193.8968747612, "top": 5541069.4047027044, "right": 1262293.8968747612, "bottom": 5540969.4047027044, "row_index": 31, "col_index": 13, "Union_area": 1316.4008986488916, "Union_pc": 13.1640089864693, "rifter_edif_pl_area": 3824.9449290921912, "rifter_edif_pl_pc": 38.249449290864916, "aree-stradali-modified_area": 3516.3491269350052, "aree-stradali-modified_pc": 35.163491269297651, "Single parts_area": 2019.1537898783572, "Single parts_pc": 20.191537898753484, "Dissolved_area": 0.0, "Dissolved_pc": 0.0, "free_space_number": 5.0 }, "geometry": { "type": "Polygon", "coordinates": [ [ [ 1262193.896874761208892, 5541069.404702704399824 ], [ 1262293.896874761208892, 5541069.404702704399824 ], [ 1262293.896874761208892, 5540969.404702704399824 ], [ 1262193.896874761208892, 5540969.404702704399824 ], [ 1262193.896874761208892, 5541069.404702704399824 ] ] ] } },
{ "type": "Feature", "properties": { "id": 514, "left": 1262293.8968747612, "top": 5541869.4047027044, "right": 1262393.8968747612, "bottom": 5541769.4047027044, "row_index": 23, "col_index": 14, "Union_area": 391.84964044392109, "Union_pc": 3.9184964044333719, "rifter_edif_pl_area": 6194.0222436352633, "rifter_edif_pl_pc": 61.940222436260335, "aree-stradali-modified_area": 2656.3980509191751, "aree-stradali-modified_pc": 26.563980509152167, "Single parts_area": 757.91478473646725, "Single parts_pc": 7.5791478473533784, "Dissolved_area": 0.0, "Dissolved_pc": 0.0, "free_space_number": 15.0 }, "geometry": { "type": "Polygon", "coordinates": [ [ [ 1262293.896874761208892, 5541869.404702704399824 ], [ 1262393.896874761208892, 5541869.404702704399824 ], [ 1262393.896874761208892, 5541769.404702704399824 ], [ 1262293.896874761208892, 5541769.404702704399824 ], [ 1262293.896874761208892, 5541869.404702704399824 ] ] ] } },
{ "type": "Feature", "properties": { "id": 515, "left": 1262293.8968747612, "top": 5541769.4047027044, "right": 1262393.8968747612, "bottom": 5541669.4047027044, "row_index": 24, "col_index": 14, "Union_area": 489.14481502166018, "Union_pc": 4.891448150209313, "rifter_edif_pl_area": 7168.8912077061832, "rifter_edif_pl_pc": 71.688912076955006, "aree-stradali-modified_area": 2150.9485679678619, "aree-stradali-modified_pc": 21.509485679646566, "Single parts_area": 483.33921806167825, "Single parts_pc": 4.8333921806095805, "Dissolved_area": 0.0, "Dissolved_pc": 0.0, "free_space_number": 7.0 }, "geometry": { "type": "Polygon", "coordinates": [ [ [ 1262293.896874761208892, 5541769.404702704399824 ], [ 1262393.896874761208892, 5541769.404702704399824 ], [ 1262393.896874761208892, 5541669.404702704399824 ], [ 1262293.896874761208892, 5541669.404702704399824 ], [ 1262293.896874761208892, 5541769.404702704399824 ] ] ] } },
{ "type": "Feature", "properties": { "id": 516, "left": 1262293.8968747612, "top": 5541669.4047027044, "right": 1262393.8968747612, "bottom": 5541569.4047027044, "row_index": 25, "col_index": 14, "Union_area": 309.81319056043867, "Union_pc": 3.0981319055997703, "rifter_edif_pl_area": 6740.8645354323089, "rifter_edif_pl_pc": 67.408645354222642, "aree-stradali-modified_area": 1932.8156852833927, "aree-stradali-modified_pc": 19.328156852805126, "Single parts_area": 1016.624477912586, "Single parts_pc": 10.166244779110711, "Dissolved_area": 0.0, "Dissolved_pc": 0.0, "free_space_number": 16.0 }, "geometry": { "type": "Polygon", "coordinates": [ [ [ 1262293.896874761208892, 5541669.404702704399824 ], [ 1262393.896874761208892, 5541669.404702704399824 ], [ 1262393.896874761208892, 5541569.404702704399824 ], [ 1262293.896874761208892, 5541569.404702704399824 ], [ 1262293.896874761208892, 5541669.404702704399824 ] ] ] } },
{ "type": "Feature", "properties": { "id": 517, "left": 1262293.8968747612, "top": 5541569.4047027044, "right": 1262393.8968747612, "bottom": 5541469.4047027044, "row_index": 26, "col_index": 14, "Union_area": 416.48021192103624, "Union_pc": 4.1648021192041567, "rifter_edif_pl_area": 6400.5908324439079, "rifter_edif_pl_pc": 64.005908324343707, "aree-stradali-modified_area": 1390.9205755926669, "aree-stradali-modified_pc": 13.909205755905942, "Single parts_area": 1792.5415983656421, "Single parts_pc": 17.925415983629712, "Dissolved_area": 0.0, "Dissolved_pc": 0.0, "free_space_number": 7.0 }, "geometry": { "type": "Polygon", "coordinates": [ [ [ 1262293.896874761208892, 5541569.404702704399824 ], [ 1262393.896874761208892, 5541569.404702704399824 ], [ 1262393.896874761208892, 5541469.404702704399824 ], [ 1262293.896874761208892, 5541469.404702704399824 ], [ 1262293.896874761208892, 5541569.404702704399824 ] ] ] } },
{ "type": "Feature", "properties": { "id": 518, "left": 1262293.8968747612, "top": 5541469.4047027044, "right": 1262393.8968747612, "bottom": 5541369.4047027044, "row_index": 27, "col_index": 14, "Union_area": 0.0, "Union_pc": 0.0, "rifter_edif_pl_area": 4933.4272553207702, "rifter_edif_pl_pc": 49.334272553134191, "aree-stradali-modified_area": 4118.537456379272, "aree-stradali-modified_pc": 41.185374563731351, "Single parts_area": 948.03696603908065, "Single parts_pc": 9.4803696603766792, "Dissolved_area": 0.0, "Dissolved_pc": 0.0, "free_space_number": 11.0 }, "geometry": { "type": "Polygon", "coordinates": [ [ [ 1262293.896874761208892, 5541469.404702704399824 ], [ 1262393.896874761208892, 5541469.404702704399824 ], [ 1262393.896874761208892, 5541369.404702704399824 ], [ 1262293.896874761208892, 5541369.404702704399824 ], [ 1262293.896874761208892, 5541469.404702704399824 ] ] ] } },
{ "type": "Feature", "properties": { "id": 519, "left": 1262293.8968747612, "top": 5541369.4047027044, "right": 1262393.8968747612, "bottom": 5541269.4047027044, "row_index": 28, "col_index": 14, "Union_area": 116.22802890650928, "Union_pc": 1.1622802890633608, "rifter_edif_pl_area": 5998.9043828377035, "rifter_edif_pl_pc": 59.989043828287642, "aree-stradali-modified_area": 3241.309229804785, "aree-stradali-modified_pc": 32.413092297999547, "Single parts_area": 643.55843065779572, "Single parts_pc": 6.4355843065683676, "Dissolved_area": 0.0, "Dissolved_pc": 0.0, "free_space_number": 16.0 }, "geometry": { "type": "Polygon", "coordinates": [ [ [ 1262293.896874761208892, 5541369.404702704399824 ], [ 1262393.896874761208892, 5541369.404702704399824 ], [ 1262393.896874761208892, 5541269.404702704399824 ], [ 1262293.896874761208892, 5541269.404702704399824 ], [ 1262293.896874761208892, 5541369.404702704399824 ] ] ] } },
{ "type": "Feature", "properties": { "id": 520, "left": 1262293.8968747612, "top": 5541269.4047027044, "right": 1262393.8968747612, "bottom": 5541169.4047027044, "row_index": 29, "col_index": 14, "Union_area": 1256.0725587927736, "Union_pc": 12.560725587909019, "rifter_edif_pl_area": 5118.0188875744352, "rifter_edif_pl_pc": 51.180188875668087, "aree-stradali-modified_area": 1827.8670202344656, "aree-stradali-modified_pc": 18.278670202317418, "Single parts_area": 1887.4416284775148, "Single parts_pc": 18.874416284747024, "Dissolved_area": 0.0, "Dissolved_pc": 0.0, "free_space_number": 17.0 }, "geometry": { "type": "Polygon", "coordinates": [ [ [ 1262293.896874761208892, 5541269.404702704399824 ], [ 1262393.896874761208892, 5541269.404702704399824 ], [ 1262393.896874761208892, 5541169.404702704399824 ], [ 1262293.896874761208892, 5541169.404702704399824 ], [ 1262293.896874761208892, 5541269.404702704399824 ] ] ] } },
{ "type": "Feature", "properties": { "id": 521, "left": 1262293.8968747612, "top": 5541169.4047027044, "right": 1262393.8968747612, "bottom": 5541069.4047027044, "row_index": 30, "col_index": 14, "Union_area": 1556.2681755162776, "Union_pc": 15.562681755139586, "rifter_edif_pl_area": 5351.2110243063071, "rifter_edif_pl_pc": 53.512110242983333, "aree-stradali-modified_area": 2393.8360923230648, "aree-stradali-modified_pc": 23.938360923194978, "Single parts_area": 710.15199233659496, "Single parts_pc": 7.1015199233553679, "Dissolved_area": 0.0, "Dissolved_pc": 0.0, "free_space_number": 16.0 }, "geometry": { "type": "Polygon", "coordinates": [ [ [ 1262293.896874761208892, 5541169.404702704399824 ], [ 1262393.896874761208892, 5541169.404702704399824 ], [ 1262393.896874761208892, 5541069.404702704399824 ], [ 1262293.896874761208892, 5541069.404702704399824 ], [ 1262293.896874761208892, 5541169.404702704399824 ] ] ] } },
{ "type": "Feature", "properties": { "id": 522, "left": 1262293.8968747612, "top": 5541069.4047027044, "right": 1262393.8968747612, "bottom": 5540969.4047027044, "row_index": 31, "col_index": 14, "Union_area": 884.68970256391913, "Union_pc": 8.8468970256260082, "rifter_edif_pl_area": 628.07446732069366, "rifter_edif_pl_pc": 6.2807446731975771, "aree-stradali-modified_area": 7952.7092413604259, "aree-stradali-modified_pc": 79.527092413485761, "Single parts_area": 1042.8717806276691, "Single parts_pc": 10.428717806261151, "Dissolved_area": 0.0, "Dissolved_pc": 0.0, "free_space_number": 5.0 }, "geometry": { "type": "Polygon", "coordinates": [ [ [ 1262293.896874761208892, 5541069.404702704399824 ], [ 1262393.896874761208892, 5541069.404702704399824 ], [ 1262393.896874761208892, 5540969.404702704399824 ], [ 1262293.896874761208892, 5540969.404702704399824 ], [ 1262293.896874761208892, 5541069.404702704399824 ] ] ] } },
{ "type": "Feature", "properties": { "id": 549, "left": 1262393.8968747612, "top": 5541869.4047027044, "right": 1262493.8968747612, "bottom": 5541769.4047027044, "row_index": 23, "col_index": 15, "Union_area": 256.17659296537749, "Union_pc": 2.5617659296499578, "rifter_edif_pl_area": 7959.994190893136, "rifter_edif_pl_pc": 79.599941908812752, "aree-stradali-modified_area": 1453.7099973000586, "aree-stradali-modified_pc": 14.537099972978924, "Single parts_area": 445.90680115584451, "Single parts_pc": 4.4590680115518007, "Dissolved_area": 0.0, "Dissolved_pc": 0.0, "free_space_number": 14.0 }, "geometry": { "type": "Polygon", "coordinates": [ [ [ 1262393.896874761208892, 5541869.404702704399824 ], [ 1262493.896874761208892, 5541869.404702704399824 ], [ 1262493.896874761208892, 5541769.404702704399824 ], [ 1262393.896874761208892, 5541769.404702704399824 ], [ 1262393.896874761208892, 5541869.404702704399824 ] ] ] } },
{ "type": "Feature", "properties": { "id": 550, "left": 1262393.8968747612, "top": 5541769.4047027044, "right": 1262493.8968747612, "bottom": 5541669.4047027044, "row_index": 24, "col_index": 15, "Union_area": 3086.3824601303786, "Union_pc": 30.863824601257797, "rifter_edif_pl_area": 5182.5482955095358, "rifter_edif_pl_pc": 51.825482955018131, "aree-stradali-modified_area": 3094.2645962685347, "aree-stradali-modified_pc": 30.94264596263924, "Single parts_area": 1293.0877019606824, "Single parts_pc": 12.930877019587555, "Dissolved_area": 0.0, "Dissolved_pc": 0.0, "free_space_number": 14.0 }, "geometry": { "type": "Polygon", "coordinates": [ [ [ 1262393.896874761208892, 5541769.404702704399824 ], [ 1262493.896874761208892, 5541769.404702704399824 ], [ 1262493.896874761208892, 5541669.404702704399824 ], [ 1262393.896874761208892, 5541669.404702704399824 ], [ 1262393.896874761208892, 5541769.404702704399824 ] ] ] } },
{ "type": "Feature", "properties": { "id": 551, "left": 1262393.8968747612, "top": 5541669.4047027044, "right": 1262493.8968747612, "bottom": 5541569.4047027044, "row_index": 25, "col_index": 15, "Union_area": 0.0, "Union_pc": 0.0, "rifter_edif_pl_area": 6218.2206852903473, "rifter_edif_pl_pc": 62.182206852810815, "aree-stradali-modified_area": 1769.7384432330728, "aree-stradali-modified_pc": 17.697384432304357, "Single parts_area": 2012.0909808005235, "Single parts_pc": 20.120909807975252, "Dissolved_area": 0.0, "Dissolved_pc": 0.0, "free_space_number": 15.0 }, "geometry": { "type": "Polygon", "coordinates": [ [ [ 1262393.896874761208892, 5541669.404702704399824 ], [ 1262493.896874761208892, 5541669.404702704399824 ], [ 1262493.896874761208892, 5541569.404702704399824 ], [ 1262393.896874761208892, 5541569.404702704399824 ], [ 1262393.896874761208892, 5541669.404702704399824 ] ] ] } },
{ "type": "Feature", "properties": { "id": 552, "left": 1262393.8968747612, "top": 5541569.4047027044, "right": 1262493.8968747612, "bottom": 5541469.4047027044, "row_index": 26, "col_index": 15, "Union_area": 0.0, "Union_pc": 0.0, "rifter_edif_pl_area": 6043.9202926829457, "rifter_edif_pl_pc": 60.439202926739398, "aree-stradali-modified_area": 2568.3871678933501, "aree-stradali-modified_pc": 25.68387167889523, "Single parts_area": 1387.69253945474, "Single parts_pc": 13.876925394526721, "Dissolved_area": 0.0, "Dissolved_pc": 0.0, "free_space_number": 11.0 }, "geometry": { "type": "Polygon", "coordinates": [ [ [ 1262393.896874761208892, 5541569.404702704399824 ], [ 1262493.896874761208892, 5541569.404702704399824 ], [ 1262493.896874761208892, 5541469.404702704399824 ], [ 1262393.896874761208892, 5541469.404702704399824 ], [ 1262393.896874761208892, 5541569.404702704399824 ] ] ] } },
{ "type": "Feature", "properties": { "id": 553, "left": 1262393.8968747612, "top": 5541469.4047027044, "right": 1262493.8968747612, "bottom": 5541369.4047027044, "row_index": 27, "col_index": 15, "Union_area": 680.69208115618676, "Union_pc": 6.8069208115517243, "rifter_edif_pl_area": 6736.6634181626141, "rifter_edif_pl_pc": 67.366634181525754, "aree-stradali-modified_area": 1736.6050486396998, "aree-stradali-modified_pc": 17.366050486371122, "Single parts_area": 846.48531050010365, "Single parts_pc": 8.464853104988423, "Dissolved_area": 0.0, "Dissolved_pc": 0.0, "free_space_number": 11.0 }, "geometry": { "type": "Polygon", "coordinates": [ [ [ 1262393.896874761208892, 5541469.404702704399824 ], [ 1262493.896874761208892, 5541469.404702704399824 ], [ 1262493.896874761208892, 5541369.404702704399824 ], [ 1262393.896874761208892, 5541369.404702704399824 ], [ 1262393.896874761208892, 5541469.404702704399824 ] ] ] } },
{ "type": "Feature", "properties": { "id": 584, "left": 1262493.8968747612, "top": 5541869.4047027044, "right": 1262593.8968747612, "bottom": 5541769.4047027044, "row_index": 23, "col_index": 16, "Union_area": 0.0, "Union_pc": 0.0, "rifter_edif_pl_area": 6524.6758525311016, "rifter_edif_pl_pc": 65.246758525213792, "aree-stradali-modified_area": 2723.8187734782696, "aree-stradali-modified_pc": 27.238187734742109, "Single parts_area": 751.58745251353889, "Single parts_pc": 7.5158745251241896, "Dissolved_area": 0.0, "Dissolved_pc": 0.0, "free_space_number": 13.0 }, "geometry": { "type": "Polygon", "coordinates": [ [ [ 1262493.896874761208892, 5541869.404702704399824 ], [ 1262593.896874761208892, 5541869.404702704399824 ], [ 1262593.896874761208892, 5541769.404702704399824 ], [ 1262493.896874761208892, 5541769.404702704399824 ], [ 1262493.896874761208892, 5541869.404702704399824 ] ] ] } },
{ "type": "Feature", "properties": { "id": 585, "left": 1262493.8968747612, "top": 5541769.4047027044, "right": 1262593.8968747612, "bottom": 5541669.4047027044, "row_index": 24, "col_index": 16, "Union_area": 128.14163044653833, "Union_pc": 1.2814163044634739, "rifter_edif_pl_area": 6983.9445085176267, "rifter_edif_pl_pc": 69.8394450850722, "aree-stradali-modified_area": 1569.3609927543439, "aree-stradali-modified_pc": 15.693609927520054, "Single parts_area": 1319.0176972050506, "Single parts_pc": 13.19017697203085, "Dissolved_area": 0.0, "Dissolved_pc": 0.0, "free_space_number": 16.0 }, "geometry": { "type": "Polygon", "coordinates": [ [ [ 1262493.896874761208892, 5541769.404702704399824 ], [ 1262593.896874761208892, 5541769.404702704399824 ], [ 1262593.896874761208892, 5541669.404702704399824 ], [ 1262493.896874761208892, 5541669.404702704399824 ], [ 1262493.896874761208892, 5541769.404702704399824 ] ] ] } },
{ "type": "Feature", "properties": { "id": 586, "left": 1262493.8968747612, "top": 5541669.4047027044, "right": 1262593.8968747612, "bottom": 5541569.4047027044, "row_index": 25, "col_index": 16, "Union_area": 0.0, "Union_pc": 0.0, "rifter_edif_pl_area": 7171.7220636238344, "rifter_edif_pl_pc": 71.717220636131472, "aree-stradali-modified_area": 2139.9715801272541, "aree-stradali-modified_pc": 21.399715801240653, "Single parts_area": 688.30635620492444, "Single parts_pc": 6.8830635620389868, "Dissolved_area": 0.0, "Dissolved_pc": 0.0, "free_space_number": 10.0 }, "geometry": { "type": "Polygon", "coordinates": [ [ [ 1262493.896874761208892, 5541669.404702704399824 ], [ 1262593.896874761208892, 5541669.404702704399824 ], [ 1262593.896874761208892, 5541569.404702704399824 ], [ 1262493.896874761208892, 5541569.404702704399824 ], [ 1262493.896874761208892, 5541669.404702704399824 ] ] ] } },
{ "type": "Feature", "properties": { "id": 436, "left": 1262093.8968747612, "top": 5542669.4047027044, "right": 1262193.8968747612, "bottom": 5542569.4047027044, "row_index": 15, "col_index": 12, "Union_area": 0.0, "Union_pc": 0.0, "rifter_edif_pl_area": 6592.2029075967148, "rifter_edif_pl_pc": 65.92202907586892, "aree-stradali-modified_area": 3073.3692407608032, "aree-stradali-modified_pc": 30.733692407562234, "Single parts_area": 335.50798985175788, "Single parts_pc": 3.3550798985125794, "Dissolved_area": 0.0, "Dissolved_pc": 0.0, "free_space_number": 4.0 }, "geometry": { "type": "Polygon", "coordinates": [ [ [ 1262093.896874761208892, 5542669.404702704399824 ], [ 1262193.896874761208892, 5542669.404702704399824 ], [ 1262193.896874761208892, 5542569.404702704399824 ], [ 1262093.896874761208892, 5542569.404702704399824 ], [ 1262093.896874761208892, 5542669.404702704399824 ] ] ] } },
{ "type": "Feature", "properties": { "id": 437, "left": 1262093.8968747612, "top": 5542569.4047027044, "right": 1262193.8968747612, "bottom": 5542469.4047027044, "row_index": 16, "col_index": 12, "Union_area": 0.0, "Union_pc": 0.0, "rifter_edif_pl_area": 7994.3107943534851, "rifter_edif_pl_pc": 79.943107943415725, "aree-stradali-modified_area": 1839.4880046797916, "aree-stradali-modified_pc": 18.394880046770506, "Single parts_area": 166.29020915862918, "Single parts_pc": 1.662902091583814, "Dissolved_area": 0.0, "Dissolved_pc": 0.0, "free_space_number": 3.0 }, "geometry": { "type": "Polygon", "coordinates": [ [ [ 1262093.896874761208892, 5542569.404702704399824 ], [ 1262193.896874761208892, 5542569.404702704399824 ], [ 1262193.896874761208892, 5542469.404702704399824 ], [ 1262093.896874761208892, 5542469.404702704399824 ], [ 1262093.896874761208892, 5542569.404702704399824 ] ] ] } },
{ "type": "Feature", "properties": { "id": 438, "left": 1262093.8968747612, "top": 5542469.4047027044, "right": 1262193.8968747612, "bottom": 5542369.4047027044, "row_index": 17, "col_index": 12, "Union_area": 0.0, "Union_pc": 0.0, "rifter_edif_pl_area": 5594.1249605645426, "rifter_edif_pl_pc": 55.941249605562064, "aree-stradali-modified_area": 3259.8387616872787, "aree-stradali-modified_pc": 32.598387616824212, "Single parts_area": 1146.1529061928159, "Single parts_pc": 11.461529061911079, "Dissolved_area": 0.0, "Dissolved_pc": 0.0, "free_space_number": 7.0 }, "geometry": { "type": "Polygon", "coordinates": [ [ [ 1262093.896874761208892, 5542469.404702704399824 ], [ 1262193.896874761208892, 5542469.404702704399824 ], [ 1262193.896874761208892, 5542369.404702704399824 ], [ 1262093.896874761208892, 5542369.404702704399824 ], [ 1262093.896874761208892, 5542469.404702704399824 ] ] ] } },
{ "type": "Feature", "properties": { "id": 468, "left": 1262193.8968747612, "top": 5542969.4047027044, "right": 1262293.8968747612, "bottom": 5542869.4047027044, "row_index": 12, "col_index": 13, "Union_area": 0.0, "Union_pc": 0.0, "rifter_edif_pl_area": 7748.5060367342085, "rifter_edif_pl_pc": 77.485060367226623, "aree-stradali-modified_area": 1857.9181676916778, "aree-stradali-modified_pc": 18.579181676889093, "Single parts_area": 393.78520576748997, "Single parts_pc": 3.9378520576690317, "Dissolved_area": 0.0, "Dissolved_pc": 0.0, "free_space_number": 2.0 }, "geometry": { "type": "Polygon", "coordinates": [ [ [ 1262193.896874761208892, 5542969.404702704399824 ], [ 1262293.896874761208892, 5542969.404702704399824 ], [ 1262293.896874761208892, 5542869.404702704399824 ], [ 1262193.896874761208892, 5542869.404702704399824 ], [ 1262193.896874761208892, 5542969.404702704399824 ] ] ] } },
{ "type": "Feature", "properties": { "id": 469, "left": 1262193.8968747612, "top": 5542869.4047027044, "right": 1262293.8968747612, "bottom": 5542769.4047027044, "row_index": 13, "col_index": 13, "Union_area": 15.243814937770367, "Union_pc": 0.15243814937747652, "rifter_edif_pl_area": 7250.575710201636, "rifter_edif_pl_pc": 72.505757101908316, "aree-stradali-modified_area": 2441.9140501916409, "aree-stradali-modified_pc": 24.419140501880022, "Single parts_area": 305.66665383723637, "Single parts_pc": 3.0566665383678089, "Dissolved_area": 0.0, "Dissolved_pc": 0.0, "free_space_number": 10.0 }, "geometry": { "type": "Polygon", "coordinates": [ [ [ 1262193.896874761208892, 5542869.404702704399824 ], [ 1262293.896874761208892, 5542869.404702704399824 ], [ 1262293.896874761208892, 5542769.404702704399824 ], [ 1262193.896874761208892, 5542769.404702704399824 ], [ 1262193.896874761208892, 5542869.404702704399824 ] ] ] } },
{ "type": "Feature", "properties": { "id": 470, "left": 1262193.8968747612, "top": 5542769.4047027044, "right": 1262293.8968747612, "bottom": 5542669.4047027044, "row_index": 14, "col_index": 13, "Union_area": 573.79425832815468, "Union_pc": 5.7379425832729964, "rifter_edif_pl_area": 5831.6664757793769, "rifter_edif_pl_pc": 58.316664757706867, "aree-stradali-modified_area": 1895.8425041437149, "aree-stradali-modified_pc": 18.958425041408898, "Single parts_area": 1713.9936418202706, "Single parts_pc": 17.139936418177165, "Dissolved_area": 0.0, "Dissolved_pc": 0.0, "free_space_number": 8.0 }, "geometry": { "type": "Polygon", "coordinates": [ [ [ 1262193.896874761208892, 5542769.404702704399824 ], [ 1262293.896874761208892, 5542769.404702704399824 ], [ 1262293.896874761208892, 5542669.404702704399824 ], [ 1262193.896874761208892, 5542669.404702704399824 ], [ 1262193.896874761208892, 5542769.404702704399824 ] ] ] } },
{ "type": "Feature", "properties": { "id": 471, "left": 1262193.8968747612, "top": 5542669.4047027044, "right": 1262293.8968747612, "bottom": 5542569.4047027044, "row_index": 15, "col_index": 13, "Union_area": 470.66629867255688, "Union_pc": 4.7066629867185554, "rifter_edif_pl_area": 6798.9684257304762, "rifter_edif_pl_pc": 67.98968425720345, "aree-stradali-modified_area": 1397.2450395710766, "aree-stradali-modified_pc": 13.972450395689945, "Single parts_area": 1333.7751187856036, "Single parts_pc": 13.33775118783616, "Dissolved_area": 0.0, "Dissolved_pc": 0.0, "free_space_number": 13.0 }, "geometry": { "type": "Polygon", "coordinates": [ [ [ 1262193.896874761208892, 5542669.404702704399824 ], [ 1262293.896874761208892, 5542669.404702704399824 ], [ 1262293.896874761208892, 5542569.404702704399824 ], [ 1262193.896874761208892, 5542569.404702704399824 ], [ 1262193.896874761208892, 5542669.404702704399824 ] ] ] } },
{ "type": "Feature", "properties": { "id": 472, "left": 1262193.8968747612, "top": 5542569.4047027044, "right": 1262293.8968747612, "bottom": 5542469.4047027044, "row_index": 16, "col_index": 13, "Union_area": 0.0, "Union_pc": 0.0, "rifter_edif_pl_area": 7883.3505918870214, "rifter_edif_pl_pc": 78.833505918752749, "aree-stradali-modified_area": 1729.4284340143204, "aree-stradali-modified_pc": 17.294284340117432, "Single parts_area": 387.25428592599945, "Single parts_pc": 3.8725428592542239, "Dissolved_area": 0.0, "Dissolved_pc": 0.0, "free_space_number": 8.0 }, "geometry": { "type": "Polygon", "coordinates": [ [ [ 1262193.896874761208892, 5542569.404702704399824 ], [ 1262293.896874761208892, 5542569.404702704399824 ], [ 1262293.896874761208892, 5542469.404702704399824 ], [ 1262193.896874761208892, 5542469.404702704399824 ], [ 1262193.896874761208892, 5542569.404702704399824 ] ] ] } },
{ "type": "Feature", "properties": { "id": 473, "left": 1262193.8968747612, "top": 5542469.4047027044, "right": 1262293.8968747612, "bottom": 5542369.4047027044, "row_index": 17, "col_index": 13, "Union_area": 0.0, "Union_pc": 0.0, "rifter_edif_pl_area": 6306.9803652334958, "rifter_edif_pl_pc": 63.069803652240978, "aree-stradali-modified_area": 3409.8409350812435, "aree-stradali-modified_pc": 34.098409350761628, "Single parts_area": 283.28797221581334, "Single parts_pc": 2.8328797221539124, "Dissolved_area": 0.0, "Dissolved_pc": 0.0, "free_space_number": 10.0 }, "geometry": { "type": "Polygon", "coordinates": [ [ [ 1262193.896874761208892, 5542469.404702704399824 ], [ 1262293.896874761208892, 5542469.404702704399824 ], [ 1262293.896874761208892, 5542369.404702704399824 ], [ 1262193.896874761208892, 5542369.404702704399824 ], [ 1262193.896874761208892, 5542469.404702704399824 ] ] ] } },
{ "type": "Feature", "properties": { "id": 503, "left": 1262293.8968747612, "top": 5542969.4047027044, "right": 1262393.8968747612, "bottom": 5542869.4047027044, "row_index": 12, "col_index": 14, "Union_area": 0.0, "Union_pc": 0.0, "rifter_edif_pl_area": 6117.7173225653823, "rifter_edif_pl_pc": 61.177173225562662, "aree-stradali-modified_area": 2439.2085598111153, "aree-stradali-modified_pc": 24.392085598074807, "Single parts_area": 1443.0748055292661, "Single parts_pc": 14.430748055271156, "Dissolved_area": 0.0, "Dissolved_pc": 0.0, "free_space_number": 15.0 }, "geometry": { "type": "Polygon", "coordinates": [ [ [ 1262293.896874761208892, 5542969.404702704399824 ], [ 1262393.896874761208892, 5542969.404702704399824 ], [ 1262393.896874761208892, 5542869.404702704399824 ], [ 1262293.896874761208892, 5542869.404702704399824 ], [ 1262293.896874761208892, 5542969.404702704399824 ] ] ] } },
{ "type": "Feature", "properties": { "id": 504, "left": 1262293.8968747612, "top": 5542869.4047027044, "right": 1262393.8968747612, "bottom": 5542769.4047027044, "row_index": 13, "col_index": 14, "Union_area": 0.0, "Union_pc": 0.0, "rifter_edif_pl_area": 7071.339230905287, "rifter_edif_pl_pc": 70.713392308947505, "aree-stradali-modified_area": 1838.1817880943418, "aree-stradali-modified_pc": 18.381817880916028, "Single parts_area": 1090.4892904949859, "Single parts_pc": 10.904892904933609, "Dissolved_area": 0.0, "Dissolved_pc": 0.0, "free_space_number": 23.0 }, "geometry": { "type": "Polygon", "coordinates": [ [ [ 1262293.896874761208892, 5542869.404702704399824 ], [ 1262393.896874761208892, 5542869.404702704399824 ], [ 1262393.896874761208892, 5542769.404702704399824 ], [ 1262293.896874761208892, 5542769.404702704399824 ], [ 1262293.896874761208892, 5542869.404702704399824 ] ] ] } },
{ "type": "Feature", "properties": { "id": 505, "left": 1262293.8968747612, "top": 5542769.4047027044, "right": 1262393.8968747612, "bottom": 5542669.4047027044, "row_index": 14, "col_index": 14, "Union_area": 244.60524187237024, "Union_pc": 2.4460524187200576, "rifter_edif_pl_area": 6866.2584473723546, "rifter_edif_pl_pc": 68.662584473621237, "aree-stradali-modified_area": 1927.256230417639, "aree-stradali-modified_pc": 19.272562304147673, "Single parts_area": 962.48070109623609, "Single parts_pc": 9.6248070109480199, "Dissolved_area": 0.0, "Dissolved_pc": 0.0, "free_space_number": 13.0 }, "geometry": { "type": "Polygon", "coordinates": [ [ [ 1262293.896874761208892, 5542769.404702704399824 ], [ 1262393.896874761208892, 5542769.404702704399824 ], [ 1262393.896874761208892, 5542669.404702704399824 ], [ 1262293.896874761208892, 5542669.404702704399824 ], [ 1262293.896874761208892, 5542769.404702704399824 ] ] ] } },
{ "type": "Feature", "properties": { "id": 506, "left": 1262293.8968747612, "top": 5542669.4047027044, "right": 1262393.8968747612, "bottom": 5542569.4047027044, "row_index": 15, "col_index": 14, "Union_area": 40.443149492144585, "Union_pc": 0.40443149492084318, "rifter_edif_pl_area": 7597.0248655811884, "rifter_edif_pl_pc": 75.970248655698683, "aree-stradali-modified_area": 1249.1330462805927, "aree-stradali-modified_pc": 12.491330462787314, "Single parts_area": 1113.4467694929901, "Single parts_pc": 11.13446769491331, "Dissolved_area": 0.0, "Dissolved_pc": 0.0, "free_space_number": 13.0 }, "geometry": { "type": "Polygon", "coordinates": [ [ [ 1262293.896874761208892, 5542669.404702704399824 ], [ 1262393.896874761208892, 5542669.404702704399824 ], [ 1262393.896874761208892, 5542569.404702704399824 ], [ 1262293.896874761208892, 5542569.404702704399824 ], [ 1262293.896874761208892, 5542669.404702704399824 ] ] ] } },
{ "type": "Feature", "properties": { "id": 507, "left": 1262293.8968747612, "top": 5542569.4047027044, "right": 1262393.8968747612, "bottom": 5542469.4047027044, "row_index": 16, "col_index": 14, "Union_area": 0.0, "Union_pc": 0.0, "rifter_edif_pl_area": 6963.9224426108412, "rifter_edif_pl_pc": 69.639224426004645, "aree-stradali-modified_area": 2241.8250899072737, "aree-stradali-modified_pc": 22.418250899039332, "Single parts_area": 794.25246756763499, "Single parts_pc": 7.9425246756645151, "Dissolved_area": 0.0, "Dissolved_pc": 0.0, "free_space_number": 9.0 }, "geometry": { "type": "Polygon", "coordinates": [ [ [ 1262293.896874761208892, 5542569.404702704399824 ], [ 1262393.896874761208892, 5542569.404702704399824 ], [ 1262393.896874761208892, 5542469.404702704399824 ], [ 1262293.896874761208892, 5542469.404702704399824 ], [ 1262293.896874761208892, 5542569.404702704399824 ] ] ] } },
{ "type": "Feature", "properties": { "id": 508, "left": 1262293.8968747612, "top": 5542469.4047027044, "right": 1262393.8968747612, "bottom": 5542369.4047027044, "row_index": 17, "col_index": 14, "Union_area": 0.0, "Union_pc": 0.0, "rifter_edif_pl_area": 6405.1048915651627, "rifter_edif_pl_pc": 64.05104891555618, "aree-stradali-modified_area": 2880.6172001808882, "aree-stradali-modified_pc": 28.806172001765958, "Single parts_area": 714.56450184848359, "Single parts_pc": 7.1456450184741884, "Dissolved_area": 0.0, "Dissolved_pc": 0.0, "free_space_number": 12.0 }, "geometry": { "type": "Polygon", "coordinates": [ [ [ 1262293.896874761208892, 5542469.404702704399824 ], [ 1262393.896874761208892, 5542469.404702704399824 ], [ 1262393.896874761208892, 5542369.404702704399824 ], [ 1262293.896874761208892, 5542369.404702704399824 ], [ 1262293.896874761208892, 5542469.404702704399824 ] ] ] } },
{ "type": "Feature", "properties": { "id": 539, "left": 1262393.8968747612, "top": 5542869.4047027044, "right": 1262493.8968747612, "bottom": 5542769.4047027044, "row_index": 13, "col_index": 15, "Union_area": 0.0, "Union_pc": 0.0, "rifter_edif_pl_area": 6558.5052932382096, "rifter_edif_pl_pc": 65.58505293228437, "aree-stradali-modified_area": 1016.6086698025465, "aree-stradali-modified_pc": 10.166086698010316, "Single parts_area": 2424.9296679372274, "Single parts_pc": 24.24929667933614, "Dissolved_area": 0.0, "Dissolved_pc": 0.0, "free_space_number": 12.0 }, "geometry": { "type": "Polygon", "coordinates": [ [ [ 1262393.896874761208892, 5542869.404702704399824 ], [ 1262493.896874761208892, 5542869.404702704399824 ], [ 1262493.896874761208892, 5542769.404702704399824 ], [ 1262393.896874761208892, 5542769.404702704399824 ], [ 1262393.896874761208892, 5542869.404702704399824 ] ] ] } },
{ "type": "Feature", "properties": { "id": 540, "left": 1262393.8968747612, "top": 5542769.4047027044, "right": 1262493.8968747612, "bottom": 5542669.4047027044, "row_index": 14, "col_index": 15, "Union_area": 379.22229949641041, "Union_pc": 3.7922229949584532, "rifter_edif_pl_area": 6850.6434514550492, "rifter_edif_pl_pc": 68.506434514448415, "aree-stradali-modified_area": 924.25958032393828, "aree-stradali-modified_pc": 9.2425958032256101, "Single parts_area": 1846.4990359043131, "Single parts_pc": 18.464990359015616, "Dissolved_area": 0.0, "Dissolved_pc": 0.0, "free_space_number": 18.0 }, "geometry": { "type": "Polygon", "coordinates": [ [ [ 1262393.896874761208892, 5542769.404702704399824 ], [ 1262493.896874761208892, 5542769.404702704399824 ], [ 1262493.896874761208892, 5542669.404702704399824 ], [ 1262393.896874761208892, 5542669.404702704399824 ], [ 1262393.896874761208892, 5542769.404702704399824 ] ] ] } },
{ "type": "Feature", "properties": { "id": 541, "left": 1262393.8968747612, "top": 5542669.4047027044, "right": 1262493.8968747612, "bottom": 5542569.4047027044, "row_index": 15, "col_index": 15, "Union_area": 198.62983254995197, "Union_pc": 1.9862983254965598, "rifter_edif_pl_area": 6833.7786760772578, "rifter_edif_pl_pc": 68.337786760670753, "aree-stradali-modified_area": 2153.194664016366, "aree-stradali-modified_pc": 21.531946640131576, "Single parts_area": 814.58956678230265, "Single parts_pc": 8.1458956678108887, "Dissolved_area": 0.0, "Dissolved_pc": 0.0, "free_space_number": 16.0 }, "geometry": { "type": "Polygon", "coordinates": [ [ [ 1262393.896874761208892, 5542669.404702704399824 ], [ 1262493.896874761208892, 5542669.404702704399824 ], [ 1262493.896874761208892, 5542569.404702704399824 ], [ 1262393.896874761208892, 5542569.404702704399824 ], [ 1262393.896874761208892, 5542669.404702704399824 ] ] ] } },
{ "type": "Feature", "properties": { "id": 542, "left": 1262393.8968747612, "top": 5542569.4047027044, "right": 1262493.8968747612, "bottom": 5542469.4047027044, "row_index": 16, "col_index": 15, "Union_area": 0.0, "Union_pc": 0.0, "rifter_edif_pl_area": 7470.9195161527023, "rifter_edif_pl_pc": 74.709195161415693, "aree-stradali-modified_area": 2397.7653609458357, "aree-stradali-modified_pc": 23.977653609422628, "Single parts_area": 131.3197105294434, "Single parts_pc": 1.3131971052924771, "Dissolved_area": 0.0, "Dissolved_pc": 0.0, "free_space_number": 8.0 }, "geometry": { "type": "Polygon", "coordinates": [ [ [ 1262393.896874761208892, 5542569.404702704399824 ], [ 1262493.896874761208892, 5542569.404702704399824 ], [ 1262493.896874761208892, 5542469.404702704399824 ], [ 1262393.896874761208892, 5542469.404702704399824 ], [ 1262393.896874761208892, 5542569.404702704399824 ] ] ] } },
{ "type": "Feature", "properties": { "id": 543, "left": 1262393.8968747612, "top": 5542469.4047027044, "right": 1262493.8968747612, "bottom": 5542369.4047027044, "row_index": 17, "col_index": 15, "Union_area": 0.0, "Union_pc": 0.0, "rifter_edif_pl_area": 5829.3430734486319, "rifter_edif_pl_pc": 58.293430734399458, "aree-stradali-modified_area": 3609.2490840032697, "aree-stradali-modified_pc": 36.092490839978915, "Single parts_area": 561.41811394527269, "Single parts_pc": 5.6141811394443613, "Dissolved_area": 0.0, "Dissolved_pc": 0.0, "free_space_number": 15.0 }, "geometry": { "type": "Polygon", "coordinates": [ [ [ 1262393.896874761208892, 5542469.404702704399824 ], [ 1262493.896874761208892, 5542469.404702704399824 ], [ 1262493.896874761208892, 5542369.404702704399824 ], [ 1262393.896874761208892, 5542369.404702704399824 ], [ 1262393.896874761208892, 5542469.404702704399824 ] ] ] } },
{ "type": "Feature", "properties": { "id": 574, "left": 1262493.8968747612, "top": 5542869.4047027044, "right": 1262593.8968747612, "bottom": 5542769.4047027044, "row_index": 13, "col_index": 16, "Union_area": 0.0, "Union_pc": 0.0, "rifter_edif_pl_area": 6316.7411482613534, "rifter_edif_pl_pc": 63.167411482519405, "aree-stradali-modified_area": 2168.6719597354531, "aree-stradali-modified_pc": 21.686719597322217, "Single parts_area": 1514.6248791345715, "Single parts_pc": 15.146248791323146, "Dissolved_area": 0.0, "Dissolved_pc": 0.0, "free_space_number": 8.0 }, "geometry": { "type": "Polygon", "coordinates": [ [ [ 1262493.896874761208892, 5542869.404702704399824 ], [ 1262593.896874761208892, 5542869.404702704399824 ], [ 1262593.896874761208892, 5542769.404702704399824 ], [ 1262493.896874761208892, 5542769.404702704399824 ], [ 1262493.896874761208892, 5542869.404702704399824 ] ] ] } },
{ "type": "Feature", "properties": { "id": 575, "left": 1262493.8968747612, "top": 5542769.4047027044, "right": 1262593.8968747612, "bottom": 5542669.4047027044, "row_index": 14, "col_index": 16, "Union_area": 0.0, "Union_pc": 0.0, "rifter_edif_pl_area": 6935.8494563100394, "rifter_edif_pl_pc": 69.358494562997038, "aree-stradali-modified_area": 2119.3208949267864, "aree-stradali-modified_pc": 21.193208949236283, "Single parts_area": 944.86406036559492, "Single parts_pc": 9.44864060364187, "Dissolved_area": 0.0, "Dissolved_pc": 0.0, "free_space_number": 10.0 }, "geometry": { "type": "Polygon", "coordinates": [ [ [ 1262493.896874761208892, 5542769.404702704399824 ], [ 1262593.896874761208892, 5542769.404702704399824 ], [ 1262593.896874761208892, 5542669.404702704399824 ], [ 1262493.896874761208892, 5542669.404702704399824 ], [ 1262493.896874761208892, 5542769.404702704399824 ] ] ] } },
{ "type": "Feature", "properties": { "id": 576, "left": 1262493.8968747612, "top": 5542669.4047027044, "right": 1262593.8968747612, "bottom": 5542569.4047027044, "row_index": 15, "col_index": 16, "Union_area": 0.0, "Union_pc": 0.0, "rifter_edif_pl_area": 6338.475818363484, "rifter_edif_pl_pc": 63.384758183540391, "aree-stradali-modified_area": 2361.5513819903135, "aree-stradali-modified_pc": 23.615513819867946, "Single parts_area": 1299.9740812689167, "Single parts_pc": 12.999740812669797, "Dissolved_area": 0.0, "Dissolved_pc": 0.0, "free_space_number": 10.0 }, "geometry": { "type": "Polygon", "coordinates": [ [ [ 1262493.896874761208892, 5542669.404702704399824 ], [ 1262593.896874761208892, 5542669.404702704399824 ], [ 1262593.896874761208892, 5542569.404702704399824 ], [ 1262493.896874761208892, 5542569.404702704399824 ], [ 1262493.896874761208892, 5542669.404702704399824 ] ] ] } },
{ "type": "Feature", "properties": { "id": 577, "left": 1262493.8968747612, "top": 5542569.4047027044, "right": 1262593.8968747612, "bottom": 5542469.4047027044, "row_index": 16, "col_index": 16, "Union_area": 133.5311032384634, "Union_pc": 1.3353110323826443, "rifter_edif_pl_area": 6329.3297954541631, "rifter_edif_pl_pc": 63.293297954447318, "aree-stradali-modified_area": 1663.2780850380659, "aree-stradali-modified_pc": 16.632780850355875, "Single parts_area": 1873.8631701622389, "Single parts_pc": 18.738631701594464, "Dissolved_area": 0.0, "Dissolved_pc": 0.0, "free_space_number": 7.0 }, "geometry": { "type": "Polygon", "coordinates": [ [ [ 1262493.896874761208892, 5542569.404702704399824 ], [ 1262593.896874761208892, 5542569.404702704399824 ], [ 1262593.896874761208892, 5542469.404702704399824 ], [ 1262493.896874761208892, 5542469.404702704399824 ], [ 1262493.896874761208892, 5542569.404702704399824 ] ] ] } },
{ "type": "Feature", "properties": { "id": 578, "left": 1262493.8968747612, "top": 5542469.4047027044, "right": 1262593.8968747612, "bottom": 5542369.4047027044, "row_index": 17, "col_index": 16, "Union_area": 0.0, "Union_pc": 0.0, "rifter_edif_pl_area": 7146.7996344775893, "rifter_edif_pl_pc": 71.467996344669402, "aree-stradali-modified_area": 2318.9232975640334, "aree-stradali-modified_pc": 23.18923297560578, "Single parts_area": 534.29037750919281, "Single parts_pc": 5.3429037750839665, "Dissolved_area": 0.0, "Dissolved_pc": 0.0, "free_space_number": 8.0 }, "geometry": { "type": "Polygon", "coordinates": [ [ [ 1262493.896874761208892, 5542469.404702704399824 ], [ 1262593.896874761208892, 5542469.404702704399824 ], [ 1262593.896874761208892, 5542369.404702704399824 ], [ 1262493.896874761208892, 5542369.404702704399824 ], [ 1262493.896874761208892, 5542469.404702704399824 ] ] ] } },
{ "type": "Feature", "properties": { "id": 579, "left": 1262493.8968747612, "top": 5542369.4047027044, "right": 1262593.8968747612, "bottom": 5542269.4047027044, "row_index": 18, "col_index": 16, "Union_area": 339.42632609605789, "Union_pc": 3.3942632609555212, "rifter_edif_pl_area": 8316.051528185606, "rifter_edif_pl_pc": 83.160515281732145, "aree-stradali-modified_area": 731.00631093978882, "aree-stradali-modified_pc": 7.310063109386995, "Single parts_area": 659.14421651838347, "Single parts_pc": 6.5914421651740129, "Dissolved_area": 0.0, "Dissolved_pc": 0.0, "free_space_number": 3.0 }, "geometry": { "type": "Polygon", "coordinates": [ [ [ 1262493.896874761208892, 5542369.404702704399824 ], [ 1262593.896874761208892, 5542369.404702704399824 ], [ 1262593.896874761208892, 5542269.404702704399824 ], [ 1262493.896874761208892, 5542269.404702704399824 ], [ 1262493.896874761208892, 5542369.404702704399824 ] ] ] } },
{ "type": "Feature", "properties": { "id": 609, "left": 1262593.8968747612, "top": 5542869.4047027044, "right": 1262693.8968747612, "bottom": 5542769.4047027044, "row_index": 13, "col_index": 17, "Union_area": 49.060053845867515, "Union_pc": 0.4906005384579441, "rifter_edif_pl_area": 7289.3942823763937, "rifter_edif_pl_pc": 72.893942823655323, "aree-stradali-modified_area": 1653.3703813552856, "aree-stradali-modified_pc": 16.53370381352822, "Single parts_area": 1008.3491393705101, "Single parts_pc": 10.083491393690075, "Dissolved_area": 0.0, "Dissolved_pc": 0.0, "free_space_number": 17.0 }, "geometry": { "type": "Polygon", "coordinates": [ [ [ 1262593.896874761208892, 5542869.404702704399824 ], [ 1262693.896874761208892, 5542869.404702704399824 ], [ 1262693.896874761208892, 5542769.404702704399824 ], [ 1262593.896874761208892, 5542769.404702704399824 ], [ 1262593.896874761208892, 5542869.404702704399824 ] ] ] } },
{ "type": "Feature", "properties": { "id": 610, "left": 1262593.8968747612, "top": 5542769.4047027044, "right": 1262693.8968747612, "bottom": 5542669.4047027044, "row_index": 14, "col_index": 17, "Union_area": 0.0, "Union_pc": 0.0, "rifter_edif_pl_area": 7642.1010662229965, "rifter_edif_pl_pc": 76.421010662116089, "aree-stradali-modified_area": 1535.7353477701545, "aree-stradali-modified_pc": 15.357353477678661, "Single parts_area": 822.17249671793593, "Single parts_pc": 8.2217249671671073, "Dissolved_area": 0.0, "Dissolved_pc": 0.0, "free_space_number": 13.0 }, "geometry": { "type": "Polygon", "coordinates": [ [ [ 1262593.896874761208892, 5542769.404702704399824 ], [ 1262693.896874761208892, 5542769.404702704399824 ], [ 1262693.896874761208892, 5542669.404702704399824 ], [ 1262593.896874761208892, 5542669.404702704399824 ], [ 1262593.896874761208892, 5542769.404702704399824 ] ] ] } },
{ "type": "Feature", "properties": { "id": 611, "left": 1262593.8968747612, "top": 5542669.4047027044, "right": 1262693.8968747612, "bottom": 5542569.4047027044, "row_index": 15, "col_index": 17, "Union_area": 0.0, "Union_pc": 0.0, "rifter_edif_pl_area": 7059.4559457208961, "rifter_edif_pl_pc": 70.59455945710377, "aree-stradali-modified_area": 1727.5318990275264, "aree-stradali-modified_pc": 17.27531899024952, "Single parts_area": 1213.0266256116304, "Single parts_pc": 12.13026625609823, "Dissolved_area": 0.0, "Dissolved_pc": 0.0, "free_space_number": 12.0 }, "geometry": { "type": "Polygon", "coordinates": [ [ [ 1262593.896874761208892, 5542669.404702704399824 ], [ 1262693.896874761208892, 5542669.404702704399824 ], [ 1262693.896874761208892, 5542569.404702704399824 ], [ 1262593.896874761208892, 5542569.404702704399824 ], [ 1262593.896874761208892, 5542669.404702704399824 ] ] ] } },
{ "type": "Feature", "properties": { "id": 612, "left": 1262593.8968747612, "top": 5542569.4047027044, "right": 1262693.8968747612, "bottom": 5542469.4047027044, "row_index": 16, "col_index": 17, "Union_area": 0.0, "Union_pc": 0.0, "rifter_edif_pl_area": 7353.4247203888372, "rifter_edif_pl_pc": 73.53424720377879, "aree-stradali-modified_area": 1677.9885631613433, "aree-stradali-modified_pc": 16.779885631588428, "Single parts_area": 968.58671644775586, "Single parts_pc": 9.6858671644631258, "Dissolved_area": 0.0, "Dissolved_pc": 0.0, "free_space_number": 6.0 }, "geometry": { "type": "Polygon", "coordinates": [ [ [ 1262593.896874761208892, 5542569.404702704399824 ], [ 1262693.896874761208892, 5542569.404702704399824 ], [ 1262693.896874761208892, 5542469.404702704399824 ], [ 1262593.896874761208892, 5542469.404702704399824 ], [ 1262593.896874761208892, 5542569.404702704399824 ] ] ] } },
{ "type": "Feature", "properties": { "id": 613, "left": 1262593.8968747612, "top": 5542469.4047027044, "right": 1262693.8968747612, "bottom": 5542369.4047027044, "row_index": 17, "col_index": 17, "Union_area": 0.0, "Union_pc": 0.0, "rifter_edif_pl_area": 6490.3027365203016, "rifter_edif_pl_pc": 64.903027365106297, "aree-stradali-modified_area": 3038.580162897706, "aree-stradali-modified_pc": 30.38580162893178, "Single parts_area": 471.11876590580067, "Single parts_pc": 4.7111876590509869, "Dissolved_area": 0.0, "Dissolved_pc": 0.0, "free_space_number": 10.0 }, "geometry": { "type": "Polygon", "coordinates": [ [ [ 1262593.896874761208892, 5542469.404702704399824 ], [ 1262693.896874761208892, 5542469.404702704399824 ], [ 1262693.896874761208892, 5542369.404702704399824 ], [ 1262593.896874761208892, 5542369.404702704399824 ], [ 1262593.896874761208892, 5542469.404702704399824 ] ] ] } },
{ "type": "Feature", "properties": { "id": 614, "left": 1262593.8968747612, "top": 5542369.4047027044, "right": 1262693.8968747612, "bottom": 5542269.4047027044, "row_index": 18, "col_index": 17, "Union_area": 0.0, "Union_pc": 0.0, "rifter_edif_pl_area": 3405.717136465013, "rifter_edif_pl_pc": 34.057171364599384, "aree-stradali-modified_area": 1205.5007896572351, "aree-stradali-modified_pc": 12.055007896554388, "Single parts_area": 7.4149805087252857e-09, "Single parts_pc": 7.4149805087142361e-11, "Dissolved_area": 0.0, "Dissolved_pc": 0.0, "free_space_number": 1.0 }, "geometry": { "type": "Polygon", "coordinates": [ [ [ 1262593.896874761208892, 5542369.404702704399824 ], [ 1262693.896874761208892, 5542369.404702704399824 ], [ 1262693.896874761208892, 5542269.404702704399824 ], [ 1262593.896874761208892, 5542269.404702704399824 ], [ 1262593.896874761208892, 5542369.404702704399824 ] ] ] } },
{ "type": "Feature", "properties": { "id": 643, "left": 1262693.8968747612, "top": 5542969.4047027044, "right": 1262793.8968747612, "bottom": 5542869.4047027044, "row_index": 12, "col_index": 18, "Union_area": 0.0, "Union_pc": 0.0, "rifter_edif_pl_area": 6641.2976100696251, "rifter_edif_pl_pc": 66.412976100597291, "aree-stradali-modified_area": 2669.7447668798268, "aree-stradali-modified_pc": 26.697447668758485, "Single parts_area": 688.95762302955336, "Single parts_pc": 6.8895762302852672, "Dissolved_area": 0.0, "Dissolved_pc": 0.0, "free_space_number": 5.0 }, "geometry": { "type": "Polygon", "coordinates": [ [ [ 1262693.896874761208892, 5542969.404702704399824 ], [ 1262793.896874761208892, 5542969.404702704399824 ], [ 1262793.896874761208892, 5542869.404702704399824 ], [ 1262693.896874761208892, 5542869.404702704399824 ], [ 1262693.896874761208892, 5542969.404702704399824 ] ] ] } },
{ "type": "Feature", "properties": { "id": 644, "left": 1262693.8968747612, "top": 5542869.4047027044, "right": 1262793.8968747612, "bottom": 5542769.4047027044, "row_index": 13, "col_index": 18, "Union_area": 0.0, "Union_pc": 0.0, "rifter_edif_pl_area": 5839.6676983591169, "rifter_edif_pl_pc": 58.39667698350415, "aree-stradali-modified_area": 3646.5335489660501, "aree-stradali-modified_pc": 36.465335489606161, "Single parts_area": 514.8188661291897, "Single parts_pc": 5.1481886612842258, "Dissolved_area": 0.0, "Dissolved_pc": 0.0, "free_space_number": 9.0 }, "geometry": { "type": "Polygon", "coordinates": [ [ [ 1262693.896874761208892, 5542869.404702704399824 ], [ 1262793.896874761208892, 5542869.404702704399824 ], [ 1262793.896874761208892, 5542769.404702704399824 ], [ 1262693.896874761208892, 5542769.404702704399824 ], [ 1262693.896874761208892, 5542869.404702704399824 ] ] ] } },
{ "type": "Feature", "properties": { "id": 645, "left": 1262693.8968747612, "top": 5542769.4047027044, "right": 1262793.8968747612, "bottom": 5542669.4047027044, "row_index": 14, "col_index": 18, "Union_area": 0.0, "Union_pc": 0.0, "rifter_edif_pl_area": 5968.8386770966463, "rifter_edif_pl_pc": 59.688386770877521, "aree-stradali-modified_area": 2818.5767651498318, "aree-stradali-modified_pc": 28.185767651456317, "Single parts_area": 1212.729463449768, "Single parts_pc": 12.127294634479608, "Dissolved_area": 0.0, "Dissolved_pc": 0.0, "free_space_number": 12.0 }, "geometry": { "type": "Polygon", "coordinates": [ [ [ 1262693.896874761208892, 5542769.404702704399824 ], [ 1262793.896874761208892, 5542769.404702704399824 ], [ 1262793.896874761208892, 5542669.404702704399824 ], [ 1262693.896874761208892, 5542669.404702704399824 ], [ 1262693.896874761208892, 5542769.404702704399824 ] ] ] } },
{ "type": "Feature", "properties": { "id": 646, "left": 1262693.8968747612, "top": 5542669.4047027044, "right": 1262793.8968747612, "bottom": 5542569.4047027044, "row_index": 15, "col_index": 18, "Union_area": 416.97275189092034, "Union_pc": 4.1697275189029899, "rifter_edif_pl_area": 5028.1329805199057, "rifter_edif_pl_pc": 50.28132980512413, "aree-stradali-modified_area": 3033.946596456226, "aree-stradali-modified_pc": 30.33946596451705, "Single parts_area": 1520.9716166254366, "Single parts_pc": 15.209716166231702, "Dissolved_area": 0.0, "Dissolved_pc": 0.0, "free_space_number": 8.0 }, "geometry": { "type": "Polygon", "coordinates": [ [ [ 1262693.896874761208892, 5542669.404702704399824 ], [ 1262793.896874761208892, 5542669.404702704399824 ], [ 1262793.896874761208892, 5542569.404702704399824 ], [ 1262693.896874761208892, 5542569.404702704399824 ], [ 1262693.896874761208892, 5542669.404702704399824 ] ] ] } },
{ "type": "Feature", "properties": { "id": 708, "left": 1262893.8968747612, "top": 5543469.4047027044, "right": 1262993.8968747612, "bottom": 5543369.4047027044, "row_index": 7, "col_index": 20, "Union_area": 5609.0423139333725, "Union_pc": 56.090423139250142, "rifter_edif_pl_area": 3509.0341527618002, "rifter_edif_pl_pc": 35.090341527565712, "aree-stradali-modified_area": 0.0, "aree-stradali-modified_pc": 0.0, "Single parts_area": 1085.2467632403132, "Single parts_pc": 10.85246763238696, "Dissolved_area": 0.0, "Dissolved_pc": 0.0, "free_space_number": 4.0 }, "geometry": { "type": "Polygon", "coordinates": [ [ [ 1262893.896874761208892, 5543469.404702704399824 ], [ 1262993.896874761208892, 5543469.404702704399824 ], [ 1262993.896874761208892, 5543369.404702704399824 ], [ 1262893.896874761208892, 5543369.404702704399824 ], [ 1262893.896874761208892, 5543469.404702704399824 ] ] ] } },
{ "type": "Feature", "properties": { "id": 709, "left": 1262893.8968747612, "top": 5543369.4047027044, "right": 1262993.8968747612, "bottom": 5543269.4047027044, "row_index": 8, "col_index": 20, "Union_area": 2112.9657900333405, "Union_pc": 21.129657900301918, "rifter_edif_pl_area": 585.4386195205152, "rifter_edif_pl_pc": 5.8543861951964287, "aree-stradali-modified_area": 4580.6412145830691, "aree-stradali-modified_pc": 45.806412145762437, "Single parts_area": 1252.0024829655131, "Single parts_pc": 12.520024829636474, "Dissolved_area": 0.0, "Dissolved_pc": 0.0, "free_space_number": 3.0 }, "geometry": { "type": "Polygon", "coordinates": [ [ [ 1262893.896874761208892, 5543369.404702704399824 ], [ 1262993.896874761208892, 5543369.404702704399824 ], [ 1262993.896874761208892, 5543269.404702704399824 ], [ 1262893.896874761208892, 5543269.404702704399824 ], [ 1262893.896874761208892, 5543369.404702704399824 ] ] ] } },
{ "type": "Feature", "properties": { "id": 710, "left": 1262893.8968747612, "top": 5543269.4047027044, "right": 1262993.8968747612, "bottom": 5543169.4047027044, "row_index": 9, "col_index": 20, "Union_area": 0.0, "Union_pc": 0.0, "rifter_edif_pl_area": 349.6949001736939, "rifter_edif_pl_pc": 3.496949001731728, "aree-stradali-modified_area": 0.0, "aree-stradali-modified_pc": 0.0, "Single parts_area": 0.097890176420150965, "Single parts_pc": 0.00097890176420005102, "Dissolved_area": 0.0, "Dissolved_pc": 0.0, "free_space_number": 2.0 }, "geometry": { "type": "Polygon", "coordinates": [ [ [ 1262893.896874761208892, 5543269.404702704399824 ], [ 1262993.896874761208892, 5543269.404702704399824 ], [ 1262993.896874761208892, 5543169.404702704399824 ], [ 1262893.896874761208892, 5543169.404702704399824 ], [ 1262893.896874761208892, 5543269.404702704399824 ] ] ] } },
{ "type": "Feature", "properties": { "id": 711, "left": 1262893.8968747612, "top": 5543169.4047027044, "right": 1262993.8968747612, "bottom": 5543069.4047027044, "row_index": 10, "col_index": 20, "Union_area": 94.689347432926297, "Union_pc": 0.94689347432785198, "rifter_edif_pl_area": 3024.3111325502923, "rifter_edif_pl_pc": 30.243111325457861, "aree-stradali-modified_area": 160.64630814641714, "aree-stradali-modified_pc": 1.6064630814617775, "Single parts_area": 183.0058137984218, "Single parts_pc": 1.8300581379814911, "Dissolved_area": 0.0, "Dissolved_pc": 0.0, "free_space_number": 6.0 }, "geometry": { "type": "Polygon", "coordinates": [ [ [ 1262893.896874761208892, 5543169.404702704399824 ], [ 1262993.896874761208892, 5543169.404702704399824 ], [ 1262993.896874761208892, 5543069.404702704399824 ], [ 1262893.896874761208892, 5543069.404702704399824 ], [ 1262893.896874761208892, 5543169.404702704399824 ] ] ] } },
{ "type": "Feature", "properties": { "id": 712, "left": 1262893.8968747612, "top": 5543069.4047027044, "right": 1262993.8968747612, "bottom": 5542969.4047027044, "row_index": 11, "col_index": 20, "Union_area": 34.935383275151253, "Union_pc": 0.34935383275099197, "rifter_edif_pl_area": 5549.0543879307306, "rifter_edif_pl_pc": 55.490543879224617, "aree-stradali-modified_area": 3516.3627158240415, "aree-stradali-modified_pc": 35.163627158188014, "Single parts_area": 899.7975435024465, "Single parts_pc": 8.9979754350110568, "Dissolved_area": 0.0, "Dissolved_pc": 0.0, "free_space_number": 19.0 }, "geometry": { "type": "Polygon", "coordinates": [ [ [ 1262893.896874761208892, 5543069.404702704399824 ], [ 1262993.896874761208892, 5543069.404702704399824 ], [ 1262993.896874761208892, 5542969.404702704399824 ], [ 1262893.896874761208892, 5542969.404702704399824 ], [ 1262893.896874761208892, 5543069.404702704399824 ] ] ] } },
{ "type": "Feature", "properties": { "id": 713, "left": 1262893.8968747612, "top": 5542969.4047027044, "right": 1262993.8968747612, "bottom": 5542869.4047027044, "row_index": 12, "col_index": 20, "Union_area": 0.0, "Union_pc": 0.0, "rifter_edif_pl_area": 6738.1302687171847, "rifter_edif_pl_pc": 67.38130268707144, "aree-stradali-modified_area": 2884.9209593832493, "aree-stradali-modified_pc": 28.849209593789503, "Single parts_area": 376.99970040108144, "Single parts_pc": 3.7699970040051967, "Dissolved_area": 0.0, "Dissolved_pc": 0.0, "free_space_number": 14.0 }, "geometry": { "type": "Polygon", "coordinates": [ [ [ 1262893.896874761208892, 5542969.404702704399824 ], [ 1262993.896874761208892, 5542969.404702704399824 ], [ 1262993.896874761208892, 5542869.404702704399824 ], [ 1262893.896874761208892, 5542869.404702704399824 ], [ 1262893.896874761208892, 5542969.404702704399824 ] ] ] } },
{ "type": "Feature", "properties": { "id": 738, "left": 1262993.8968747612, "top": 5543969.4047027044, "right": 1263093.8968747612, "bottom": 5543869.4047027044, "row_index": 2, "col_index": 21, "Union_area": 336.94633316993713, "Union_pc": 3.3694633316943503, "rifter_edif_pl_area": 5079.7394337675069, "rifter_edif_pl_pc": 50.797394337599371, "aree-stradali-modified_area": 3226.8342862576246, "aree-stradali-modified_pc": 32.268342862528165, "Single parts_area": 1127.5424902387726, "Single parts_pc": 11.275424902370924, "Dissolved_area": 0.0, "Dissolved_pc": 0.0, "free_space_number": 15.0 }, "geometry": { "type": "Polygon", "coordinates": [ [ [ 1262993.896874761208892, 5543969.404702704399824 ], [ 1263093.896874761208892, 5543969.404702704399824 ], [ 1263093.896874761208892, 5543869.404702704399824 ], [ 1262993.896874761208892, 5543869.404702704399824 ], [ 1262993.896874761208892, 5543969.404702704399824 ] ] ] } },
{ "type": "Feature", "properties": { "id": 739, "left": 1262993.8968747612, "top": 5543869.4047027044, "right": 1263093.8968747612, "bottom": 5543769.4047027044, "row_index": 3, "col_index": 21, "Union_area": 1038.3118316209875, "Union_pc": 10.383118316194404, "rifter_edif_pl_area": 3575.1912479102612, "rifter_edif_pl_pc": 35.751912479049338, "aree-stradali-modified_area": 2232.1608371436596, "aree-stradali-modified_pc": 22.321608371403332, "Single parts_area": 3522.6948523968458, "Single parts_pc": 35.226948523915965, "Dissolved_area": 0.0, "Dissolved_pc": 0.0, "free_space_number": 1.0 }, "geometry": { "type": "Polygon", "coordinates": [ [ [ 1262993.896874761208892, 5543869.404702704399824 ], [ 1263093.896874761208892, 5543869.404702704399824 ], [ 1263093.896874761208892, 5543769.404702704399824 ], [ 1262993.896874761208892, 5543769.404702704399824 ], [ 1262993.896874761208892, 5543869.404702704399824 ] ] ] } },
{ "type": "Feature", "properties": { "id": 740, "left": 1262993.8968747612, "top": 5543769.4047027044, "right": 1263093.8968747612, "bottom": 5543669.4047027044, "row_index": 4, "col_index": 21, "Union_area": 6110.8545996900648, "Union_pc": 61.108545996809589, "rifter_edif_pl_area": 1810.9782439172268, "rifter_edif_pl_pc": 18.109782439145281, "aree-stradali-modified_area": 360.81263671023771, "aree-stradali-modified_pc": 3.6081263670970007, "Single parts_area": 1951.3155615748838, "Single parts_pc": 19.513155615719761, "Dissolved_area": 0.0, "Dissolved_pc": 0.0, "free_space_number": 4.0 }, "geometry": { "type": "Polygon", "coordinates": [ [ [ 1262993.896874761208892, 5543769.404702704399824 ], [ 1263093.896874761208892, 5543769.404702704399824 ], [ 1263093.896874761208892, 5543669.404702704399824 ], [ 1262993.896874761208892, 5543669.404702704399824 ], [ 1262993.896874761208892, 5543769.404702704399824 ] ] ] } },
{ "type": "Feature", "properties": { "id": 741, "left": 1262993.8968747612, "top": 5543669.4047027044, "right": 1263093.8968747612, "bottom": 5543569.4047027044, "row_index": 5, "col_index": 21, "Union_area": 7879.5460794160608, "Union_pc": 78.795460794043194, "rifter_edif_pl_area": 2687.9652518443763, "rifter_edif_pl_pc": 26.879652518403709, "aree-stradali-modified_area": 0.0, "aree-stradali-modified_pc": 0.0, "Single parts_area": 74.214068399058306, "Single parts_pc": 0.74214068398947719, "Dissolved_area": 0.0, "Dissolved_pc": 0.0, "free_space_number": 10.0 }, "geometry": { "type": "Polygon", "coordinates": [ [ [ 1262993.896874761208892, 5543669.404702704399824 ], [ 1263093.896874761208892, 5543669.404702704399824 ], [ 1263093.896874761208892, 5543569.404702704399824 ], [ 1262993.896874761208892, 5543569.404702704399824 ], [ 1262993.896874761208892, 5543669.404702704399824 ] ] ] } },
{ "type": "Feature", "properties": { "id": 742, "left": 1262993.8968747612, "top": 5543569.4047027044, "right": 1263093.8968747612, "bottom": 5543469.4047027044, "row_index": 6, "col_index": 21, "Union_area": 8051.7708976509748, "Union_pc": 80.51770897638977, "rifter_edif_pl_area": 547.83334534987807, "rifter_edif_pl_pc": 5.4783334534906176, "aree-stradali-modified_area": 0.0, "aree-stradali-modified_pc": 0.0, "Single parts_area": 1400.3957570253406, "Single parts_pc": 14.003957570232538, "Dissolved_area": 0.0, "Dissolved_pc": 0.0, "free_space_number": 7.0 }, "geometry": { "type": "Polygon", "coordinates": [ [ [ 1262993.896874761208892, 5543569.404702704399824 ], [ 1263093.896874761208892, 5543569.404702704399824 ], [ 1263093.896874761208892, 5543469.404702704399824 ], [ 1262993.896874761208892, 5543469.404702704399824 ], [ 1262993.896874761208892, 5543569.404702704399824 ] ] ] } },
{ "type": "Feature", "properties": { "id": 743, "left": 1262993.8968747612, "top": 5543469.4047027044, "right": 1263093.8968747612, "bottom": 5543369.4047027044, "row_index": 7, "col_index": 21, "Union_area": 8330.5791831314564, "Union_pc": 83.305791831190433, "rifter_edif_pl_area": 207.73236850090325, "rifter_edif_pl_pc": 2.0773236850059371, "aree-stradali-modified_area": 0.0, "aree-stradali-modified_pc": 0.0, "Single parts_area": 1583.5748268198222, "Single parts_pc": 15.835748268174624, "Dissolved_area": 0.0, "Dissolved_pc": 0.0, "free_space_number": 1.0 }, "geometry": { "type": "Polygon", "coordinates": [ [ [ 1262993.896874761208892, 5543469.404702704399824 ], [ 1263093.896874761208892, 5543469.404702704399824 ], [ 1263093.896874761208892, 5543369.404702704399824 ], [ 1262993.896874761208892, 5543369.404702704399824 ], [ 1262993.896874761208892, 5543469.404702704399824 ] ] ] } },
{ "type": "Feature", "properties": { "id": 744, "left": 1262993.8968747612, "top": 5543369.4047027044, "right": 1263093.8968747612, "bottom": 5543269.4047027044, "row_index": 8, "col_index": 21, "Union_area": 5698.8132808208466, "Union_pc": 56.988132808123545, "rifter_edif_pl_area": 0.0, "rifter_edif_pl_pc": 0.0, "aree-stradali-modified_area": 3057.2628078795969, "aree-stradali-modified_pc": 30.572628078750412, "Single parts_area": 1243.9038572311401, "Single parts_pc": 12.439038572292866, "Dissolved_area": 0.0, "Dissolved_pc": 0.0, "free_space_number": 1.0 }, "geometry": { "type": "Polygon", "coordinates": [ [ [ 1262993.896874761208892, 5543369.404702704399824 ], [ 1263093.896874761208892, 5543369.404702704399824 ], [ 1263093.896874761208892, 5543269.404702704399824 ], [ 1262993.896874761208892, 5543269.404702704399824 ], [ 1262993.896874761208892, 5543369.404702704399824 ] ] ] } },
{ "type": "Feature", "properties": { "id": 745, "left": 1262993.8968747612, "top": 5543269.4047027044, "right": 1263093.8968747612, "bottom": 5543169.4047027044, "row_index": 9, "col_index": 21, "Union_area": 0.0, "Union_pc": 0.0, "rifter_edif_pl_area": 3063.8507464155555, "rifter_edif_pl_pc": 30.6385074641099, "aree-stradali-modified_area": 2315.1174102853984, "aree-stradali-modified_pc": 23.151174102819486, "Single parts_area": 313.05237471607461, "Single parts_pc": 3.1305237471560816, "Dissolved_area": 0.0, "Dissolved_pc": 0.0, "free_space_number": 6.0 }, "geometry": { "type": "Polygon", "coordinates": [ [ [ 1262993.896874761208892, 5543269.404702704399824 ], [ 1263093.896874761208892, 5543269.404702704399824 ], [ 1263093.896874761208892, 5543169.404702704399824 ], [ 1262993.896874761208892, 5543169.404702704399824 ], [ 1262993.896874761208892, 5543269.404702704399824 ] ] ] } },
{ "type": "Feature", "properties": { "id": 746, "left": 1262993.8968747612, "top": 5543169.4047027044, "right": 1263093.8968747612, "bottom": 5543069.4047027044, "row_index": 10, "col_index": 21, "Union_area": 0.0, "Union_pc": 0.0, "rifter_edif_pl_area": 4327.1479638516903, "rifter_edif_pl_pc": 43.271479638452426, "aree-stradali-modified_area": 1394.3922570422292, "aree-stradali-modified_pc": 13.943922570401513, "Single parts_area": 1683.1543026253112, "Single parts_pc": 16.831543026228033, "Dissolved_area": 0.0, "Dissolved_pc": 0.0, "free_space_number": 7.0 }, "geometry": { "type": "Polygon", "coordinates": [ [ [ 1262993.896874761208892, 5543169.404702704399824 ], [ 1263093.896874761208892, 5543169.404702704399824 ], [ 1263093.896874761208892, 5543069.404702704399824 ], [ 1262993.896874761208892, 5543069.404702704399824 ], [ 1262993.896874761208892, 5543169.404702704399824 ] ] ] } },
{ "type": "Feature", "properties": { "id": 747, "left": 1262993.8968747612, "top": 5543069.4047027044, "right": 1263093.8968747612, "bottom": 5542969.4047027044, "row_index": 11, "col_index": 21, "Union_area": 254.44963884353638, "Union_pc": 2.5444963884315723, "rifter_edif_pl_area": 6194.6772965371492, "rifter_edif_pl_pc": 61.946772965279187, "aree-stradali-modified_area": 2161.6744322814047, "aree-stradali-modified_pc": 21.616744322781837, "Single parts_area": 1389.7297625563615, "Single parts_pc": 13.897297625542905, "Dissolved_area": 0.0, "Dissolved_pc": 0.0, "free_space_number": 16.0 }, "geometry": { "type": "Polygon", "coordinates": [ [ [ 1262993.896874761208892, 5543069.404702704399824 ], [ 1263093.896874761208892, 5543069.404702704399824 ], [ 1263093.896874761208892, 5542969.404702704399824 ], [ 1262993.896874761208892, 5542969.404702704399824 ], [ 1262993.896874761208892, 5543069.404702704399824 ] ] ] } },
{ "type": "Feature", "properties": { "id": 748, "left": 1262993.8968747612, "top": 5542969.4047027044, "right": 1263093.8968747612, "bottom": 5542869.4047027044, "row_index": 12, "col_index": 21, "Union_area": 0.0, "Union_pc": 0.0, "rifter_edif_pl_area": 5178.1581024727784, "rifter_edif_pl_pc": 51.78158102465062, "aree-stradali-modified_area": 4274.7716929987073, "aree-stradali-modified_pc": 42.747716929923371, "Single parts_area": 547.23596721849447, "Single parts_pc": 5.4723596721767906, "Dissolved_area": 0.0, "Dissolved_pc": 0.0, "free_space_number": 12.0 }, "geometry": { "type": "Polygon", "coordinates": [ [ [ 1262993.896874761208892, 5542969.404702704399824 ], [ 1263093.896874761208892, 5542969.404702704399824 ], [ 1263093.896874761208892, 5542869.404702704399824 ], [ 1262993.896874761208892, 5542869.404702704399824 ], [ 1262993.896874761208892, 5542969.404702704399824 ] ] ] } },
{ "type": "Feature", "properties": { "id": 772, "left": 1263093.8968747612, "top": 5544069.4047027044, "right": 1263193.8968747612, "bottom": 5543969.4047027044, "row_index": 1, "col_index": 22, "Union_area": 0.0, "Union_pc": 0.0, "rifter_edif_pl_area": 1742.4614946842194, "rifter_edif_pl_pc": 17.424614946816227, "aree-stradali-modified_area": 0.0, "aree-stradali-modified_pc": 0.0, "Single parts_area": 44.749133106321096, "Single parts_pc": 0.44749133106254413, "Dissolved_area": 9824.2199586629868, "Dissolved_pc": 98.24219958648348, "free_space_number": 1.0 }, "geometry": { "type": "Polygon", "coordinates": [ [ [ 1263093.896874761208892, 5544069.404702704399824 ], [ 1263193.896874761208892, 5544069.404702704399824 ], [ 1263193.896874761208892, 5543969.404702704399824 ], [ 1263093.896874761208892, 5543969.404702704399824 ], [ 1263093.896874761208892, 5544069.404702704399824 ] ] ] } },
{ "type": "Feature", "properties": { "id": 773, "left": 1263093.8968747612, "top": 5543969.4047027044, "right": 1263193.8968747612, "bottom": 5543869.4047027044, "row_index": 2, "col_index": 22, "Union_area": 443.2476550093852, "Union_pc": 4.4324765500872472, "rifter_edif_pl_area": 5255.2705419370905, "rifter_edif_pl_pc": 52.552705419292593, "aree-stradali-modified_area": 2674.6428418885916, "aree-stradali-modified_pc": 26.746428418846062, "Single parts_area": 1481.5205422314152, "Single parts_pc": 14.815205422292076, "Dissolved_area": 993.17417749762535, "Dissolved_pc": 9.9317417749614538, "free_space_number": 12.0 }, "geometry": { "type": "Polygon", "coordinates": [ [ [ 1263093.896874761208892, 5543969.404702704399824 ], [ 1263193.896874761208892, 5543969.404702704399824 ], [ 1263193.896874761208892, 5543869.404702704399824 ], [ 1263093.896874761208892, 5543869.404702704399824 ], [ 1263093.896874761208892, 5543969.404702704399824 ] ] ] } },
{ "type": "Feature", "properties": { "id": 774, "left": 1263093.8968747612, "top": 5543869.4047027044, "right": 1263193.8968747612, "bottom": 5543769.4047027044, "row_index": 3, "col_index": 22, "Union_area": 517.73681699112058, "Union_pc": 5.1773681699034908, "rifter_edif_pl_area": 3014.3441391773522, "rifter_edif_pl_pc": 30.143441391728604, "aree-stradali-modified_area": 4003.0538448765874, "aree-stradali-modified_pc": 40.030538448706224, "Single parts_area": 2982.6241861898452, "Single parts_pc": 29.826241861854008, "Dissolved_area": 0.0, "Dissolved_pc": 0.0, "free_space_number": 1.0 }, "geometry": { "type": "Polygon", "coordinates": [ [ [ 1263093.896874761208892, 5543869.404702704399824 ], [ 1263193.896874761208892, 5543869.404702704399824 ], [ 1263193.896874761208892, 5543769.404702704399824 ], [ 1263093.896874761208892, 5543769.404702704399824 ], [ 1263093.896874761208892, 5543869.404702704399824 ] ] ] } },
{ "type": "Feature", "properties": { "id": 775, "left": 1263093.8968747612, "top": 5543769.4047027044, "right": 1263193.8968747612, "bottom": 5543669.4047027044, "row_index": 4, "col_index": 22, "Union_area": 4608.5420524999499, "Union_pc": 46.085420524930825, "rifter_edif_pl_area": 2674.2931170389056, "rifter_edif_pl_pc": 26.742931170349205, "aree-stradali-modified_area": 344.11279205372557, "aree-stradali-modified_pc": 3.4411279205321281, "Single parts_area": 2717.1648304895498, "Single parts_pc": 27.171648304855008, "Dissolved_area": 0.0, "Dissolved_pc": 0.0, "free_space_number": 3.0 }, "geometry": { "type": "Polygon", "coordinates": [ [ [ 1263093.896874761208892, 5543769.404702704399824 ], [ 1263193.896874761208892, 5543769.404702704399824 ], [ 1263193.896874761208892, 5543669.404702704399824 ], [ 1263093.896874761208892, 5543669.404702704399824 ], [ 1263093.896874761208892, 5543769.404702704399824 ] ] ] } },
{ "type": "Feature", "properties": { "id": 776, "left": 1263093.8968747612, "top": 5543669.4047027044, "right": 1263193.8968747612, "bottom": 5543569.4047027044, "row_index": 5, "col_index": 22, "Union_area": 9976.3088620901108, "Union_pc": 99.763088620752455, "rifter_edif_pl_area": 0.0, "rifter_edif_pl_pc": 0.0, "aree-stradali-modified_area": 0.0, "aree-stradali-modified_pc": 0.0, "Single parts_area": 23.691137905232608, "Single parts_pc": 0.23691137905197307, "Dissolved_area": 0.0, "Dissolved_pc": 0.0, "free_space_number": 1.0 }, "geometry": { "type": "Polygon", "coordinates": [ [ [ 1263093.896874761208892, 5543669.404702704399824 ], [ 1263193.896874761208892, 5543669.404702704399824 ], [ 1263193.896874761208892, 5543569.404702704399824 ], [ 1263093.896874761208892, 5543569.404702704399824 ], [ 1263093.896874761208892, 5543669.404702704399824 ] ] ] } },
{ "type": "Feature", "properties": { "id": 777, "left": 1263093.8968747612, "top": 5543569.4047027044, "right": 1263193.8968747612, "bottom": 5543469.4047027044, "row_index": 6, "col_index": 22, "Union_area": 5551.8607619442046, "Union_pc": 55.518607619359315, "rifter_edif_pl_area": 823.61522440239787, "rifter_edif_pl_pc": 8.2361522440117056, "aree-stradali-modified_area": 0.0, "aree-stradali-modified_pc": 0.0, "Single parts_area": 3624.5240136957727, "Single parts_pc": 36.245240136903718, "Dissolved_area": 0.0, "Dissolved_pc": 0.0, "free_space_number": 3.0 }, "geometry": { "type": "Polygon", "coordinates": [ [ [ 1263093.896874761208892, 5543569.404702704399824 ], [ 1263193.896874761208892, 5543569.404702704399824 ], [ 1263193.896874761208892, 5543469.404702704399824 ], [ 1263093.896874761208892, 5543469.404702704399824 ], [ 1263093.896874761208892, 5543569.404702704399824 ] ] ] } },
{ "type": "Feature", "properties": { "id": 778, "left": 1263093.8968747612, "top": 5543469.4047027044, "right": 1263193.8968747612, "bottom": 5543369.4047027044, "row_index": 7, "col_index": 22, "Union_area": 4098.8701305207796, "Union_pc": 40.988701305146719, "rifter_edif_pl_area": 2022.3200130229816, "rifter_edif_pl_pc": 20.223200130199682, "aree-stradali-modified_area": 0.0, "aree-stradali-modified_pc": 0.0, "Single parts_area": 3900.2378116454929, "Single parts_pc": 39.002378116396812, "Dissolved_area": 0.0, "Dissolved_pc": 0.0, "free_space_number": 5.0 }, "geometry": { "type": "Polygon", "coordinates": [ [ [ 1263093.896874761208892, 5543469.404702704399824 ], [ 1263193.896874761208892, 5543469.404702704399824 ], [ 1263193.896874761208892, 5543369.404702704399824 ], [ 1263093.896874761208892, 5543369.404702704399824 ], [ 1263093.896874761208892, 5543469.404702704399824 ] ] ] } },
{ "type": "Feature", "properties": { "id": 779, "left": 1263093.8968747612, "top": 5543369.4047027044, "right": 1263193.8968747612, "bottom": 5543269.4047027044, "row_index": 8, "col_index": 22, "Union_area": 1092.8520702272654, "Union_pc": 10.928520702256369, "rifter_edif_pl_area": 4815.1622263807803, "rifter_edif_pl_pc": 48.151622263736051, "aree-stradali-modified_area": 569.57170122861862, "aree-stradali-modified_pc": 5.695717012277699, "Single parts_area": 3706.8336591369007, "Single parts_pc": 37.068336591313773, "Dissolved_area": 0.0, "Dissolved_pc": 0.0, "free_space_number": 6.0 }, "geometry": { "type": "Polygon", "coordinates": [ [ [ 1263093.896874761208892, 5543369.404702704399824 ], [ 1263193.896874761208892, 5543369.404702704399824 ], [ 1263193.896874761208892, 5543269.404702704399824 ], [ 1263093.896874761208892, 5543269.404702704399824 ], [ 1263093.896874761208892, 5543369.404702704399824 ] ] ] } },
{ "type": "Feature", "properties": { "id": 780, "left": 1263093.8968747612, "top": 5543269.4047027044, "right": 1263193.8968747612, "bottom": 5543169.4047027044, "row_index": 9, "col_index": 22, "Union_area": 0.0, "Union_pc": 0.0, "rifter_edif_pl_area": 3970.8679669983685, "rifter_edif_pl_pc": 39.708679669924514, "aree-stradali-modified_area": 4779.0503221154213, "aree-stradali-modified_pc": 47.790503221083, "Single parts_area": 1250.6149473556711, "Single parts_pc": 12.506149473538077, "Dissolved_area": 0.0, "Dissolved_pc": 0.0, "free_space_number": 13.0 }, "geometry": { "type": "Polygon", "coordinates": [ [ [ 1263093.896874761208892, 5543269.404702704399824 ], [ 1263193.896874761208892, 5543269.404702704399824 ], [ 1263193.896874761208892, 5543169.404702704399824 ], [ 1263093.896874761208892, 5543169.404702704399824 ], [ 1263093.896874761208892, 5543269.404702704399824 ] ] ] } },
{ "type": "Feature", "properties": { "id": 781, "left": 1263093.8968747612, "top": 5543169.4047027044, "right": 1263193.8968747612, "bottom": 5543069.4047027044, "row_index": 10, "col_index": 22, "Union_area": 0.0, "Union_pc": 0.0, "rifter_edif_pl_area": 5202.3031467911787, "rifter_edif_pl_pc": 52.023031467834265, "aree-stradali-modified_area": 2343.634351786226, "aree-stradali-modified_pc": 23.436343517827339, "Single parts_area": 2454.4011198105291, "Single parts_pc": 24.544011198068716, "Dissolved_area": 0.0, "Dissolved_pc": 0.0, "free_space_number": 7.0 }, "geometry": { "type": "Polygon", "coordinates": [ [ [ 1263093.896874761208892, 5543169.404702704399824 ], [ 1263193.896874761208892, 5543169.404702704399824 ], [ 1263193.896874761208892, 5543069.404702704399824 ], [ 1263093.896874761208892, 5543069.404702704399824 ], [ 1263093.896874761208892, 5543169.404702704399824 ] ] ] } },
{ "type": "Feature", "properties": { "id": 782, "left": 1263093.8968747612, "top": 5543069.4047027044, "right": 1263193.8968747612, "bottom": 5542969.4047027044, "row_index": 11, "col_index": 22, "Union_area": 34.23443868663162, "Union_pc": 0.34234438686580609, "rifter_edif_pl_area": 5037.3465448580682, "rifter_edif_pl_pc": 50.37346544850562, "aree-stradali-modified_area": 2844.6095602139831, "aree-stradali-modified_pc": 28.446095602097444, "Single parts_area": 2088.5445584571394, "Single parts_pc": 20.885445584540271, "Dissolved_area": 0.0, "Dissolved_pc": 0.0, "free_space_number": 13.0 }, "geometry": { "type": "Polygon", "coordinates": [ [ [ 1263093.896874761208892, 5543069.404702704399824 ], [ 1263193.896874761208892, 5543069.404702704399824 ], [ 1263193.896874761208892, 5542969.404702704399824 ], [ 1263093.896874761208892, 5542969.404702704399824 ], [ 1263093.896874761208892, 5543069.404702704399824 ] ] ] } },
{ "type": "Feature", "properties": { "id": 783, "left": 1263093.8968747612, "top": 5542969.4047027044, "right": 1263193.8968747612, "bottom": 5542869.4047027044, "row_index": 12, "col_index": 22, "Union_area": 309.50364491320215, "Union_pc": 3.0950364491274094, "rifter_edif_pl_area": 6548.4364917669445, "rifter_edif_pl_pc": 65.484364917571867, "aree-stradali-modified_area": 2051.4899908360094, "aree-stradali-modified_pc": 20.514899908329525, "Single parts_area": 1093.3686609987149, "Single parts_pc": 10.933686609970856, "Dissolved_area": 0.0, "Dissolved_pc": 0.0, "free_space_number": 15.0 }, "geometry": { "type": "Polygon", "coordinates": [ [ [ 1263093.896874761208892, 5542969.404702704399824 ], [ 1263193.896874761208892, 5542969.404702704399824 ], [ 1263193.896874761208892, 5542869.404702704399824 ], [ 1263093.896874761208892, 5542869.404702704399824 ], [ 1263093.896874761208892, 5542969.404702704399824 ] ] ] } },
{ "type": "Feature", "properties": { "id": 784, "left": 1263093.8968747612, "top": 5542869.4047027044, "right": 1263193.8968747612, "bottom": 5542769.4047027044, "row_index": 13, "col_index": 22, "Union_area": 1322.9476228384301, "Union_pc": 13.229476228364588, "rifter_edif_pl_area": 6667.4482593336143, "rifter_edif_pl_pc": 66.674482593236789, "aree-stradali-modified_area": 230.98548910021782, "aree-stradali-modified_pc": 2.3098548909987362, "Single parts_area": 1787.9211496585481, "Single parts_pc": 17.879211496558838, "Dissolved_area": 0.0, "Dissolved_pc": 0.0, "free_space_number": 11.0 }, "geometry": { "type": "Polygon", "coordinates": [ [ [ 1263093.896874761208892, 5542869.404702704399824 ], [ 1263193.896874761208892, 5542869.404702704399824 ], [ 1263193.896874761208892, 5542769.404702704399824 ], [ 1263093.896874761208892, 5542769.404702704399824 ], [ 1263093.896874761208892, 5542869.404702704399824 ] ] ] } },
{ "type": "Feature", "properties": { "id": 807, "left": 1263193.8968747612, "top": 5544069.4047027044, "right": 1263293.8968747612, "bottom": 5543969.4047027044, "row_index": 1, "col_index": 23, "Union_area": 0.0, "Union_pc": 0.0, "rifter_edif_pl_area": 1294.3849628766766, "rifter_edif_pl_pc": 12.943849628747477, "aree-stradali-modified_area": 0.0, "aree-stradali-modified_pc": 0.0, "Single parts_area": 0.0, "Single parts_pc": 0.0, "Dissolved_area": 9993.3593507907353, "Dissolved_pc": 99.933593507758445, "free_space_number": 0.0 }, "geometry": { "type": "Polygon", "coordinates": [ [ [ 1263193.896874761208892, 5544069.404702704399824 ], [ 1263293.896874761208892, 5544069.404702704399824 ], [ 1263293.896874761208892, 5543969.404702704399824 ], [ 1263193.896874761208892, 5543969.404702704399824 ], [ 1263193.896874761208892, 5544069.404702704399824 ] ] ] } },
{ "type": "Feature", "properties": { "id": 808, "left": 1263193.8968747612, "top": 5543969.4047027044, "right": 1263293.8968747612, "bottom": 5543869.4047027044, "row_index": 2, "col_index": 23, "Union_area": 15.360391667578369, "Union_pc": 0.15360391667555481, "rifter_edif_pl_area": 2103.4592109853402, "rifter_edif_pl_pc": 21.034592109822057, "aree-stradali-modified_area": 2348.2300579827279, "aree-stradali-modified_pc": 23.482300579792287, "Single parts_area": 2427.7209612956149, "Single parts_pc": 24.277209612919972, "Dissolved_area": 3830.2962101697922, "Dissolved_pc": 38.302962101640844, "free_space_number": 6.0 }, "geometry": { "type": "Polygon", "coordinates": [ [ [ 1263193.896874761208892, 5543969.404702704399824 ], [ 1263293.896874761208892, 5543969.404702704399824 ], [ 1263293.896874761208892, 5543869.404702704399824 ], [ 1263193.896874761208892, 5543869.404702704399824 ], [ 1263193.896874761208892, 5543969.404702704399824 ] ] ] } },
{ "type": "Feature", "properties": { "id": 809, "left": 1263193.8968747612, "top": 5543869.4047027044, "right": 1263293.8968747612, "bottom": 5543769.4047027044, "row_index": 3, "col_index": 23, "Union_area": 603.39980902196839, "Union_pc": 6.0339980902106927, "rifter_edif_pl_area": 3870.7294755745679, "rifter_edif_pl_pc": 38.707294755688004, "aree-stradali-modified_area": 4682.0134863480926, "aree-stradali-modified_pc": 46.820134863411155, "Single parts_area": 1447.2595660017096, "Single parts_pc": 14.47259565999553, "Dissolved_area": 0.0, "Dissolved_pc": 0.0, "free_space_number": 9.0 }, "geometry": { "type": "Polygon", "coordinates": [ [ [ 1263193.896874761208892, 5543869.404702704399824 ], [ 1263293.896874761208892, 5543869.404702704399824 ], [ 1263293.896874761208892, 5543769.404702704399824 ], [ 1263193.896874761208892, 5543769.404702704399824 ], [ 1263193.896874761208892, 5543869.404702704399824 ] ] ] } },
{ "type": "Feature", "properties": { "id": 810, "left": 1263193.8968747612, "top": 5543769.4047027044, "right": 1263293.8968747612, "bottom": 5543669.4047027044, "row_index": 4, "col_index": 23, "Union_area": 2325.3734241845086, "Union_pc": 23.253734241810434, "rifter_edif_pl_area": 3644.6047143740579, "rifter_edif_pl_pc": 36.446047143686272, "aree-stradali-modified_area": 296.53604265162721, "aree-stradali-modified_pc": 2.9653604265118534, "Single parts_area": 3948.6198337133974, "Single parts_pc": 39.486198337075137, "Dissolved_area": 0.0, "Dissolved_pc": 0.0, "free_space_number": 2.0 }, "geometry": { "type": "Polygon", "coordinates": [ [ [ 1263193.896874761208892, 5543769.404702704399824 ], [ 1263293.896874761208892, 5543769.404702704399824 ], [ 1263293.896874761208892, 5543669.404702704399824 ], [ 1263193.896874761208892, 5543669.404702704399824 ], [ 1263193.896874761208892, 5543769.404702704399824 ] ] ] } },
{ "type": "Feature", "properties": { "id": 811, "left": 1263193.8968747612, "top": 5543669.4047027044, "right": 1263293.8968747612, "bottom": 5543569.4047027044, "row_index": 5, "col_index": 23, "Union_area": 9789.2966173291206, "Union_pc": 97.892966173145339, "rifter_edif_pl_area": 0.0, "rifter_edif_pl_pc": 0.0, "aree-stradali-modified_area": 0.0, "aree-stradali-modified_pc": 0.0, "Single parts_area": 210.70338266342878, "Single parts_pc": 2.1070338266311479, "Dissolved_area": 0.0, "Dissolved_pc": 0.0, "free_space_number": 1.0 }, "geometry": { "type": "Polygon", "coordinates": [ [ [ 1263193.896874761208892, 5543669.404702704399824 ], [ 1263293.896874761208892, 5543669.404702704399824 ], [ 1263293.896874761208892, 5543569.404702704399824 ], [ 1263193.896874761208892, 5543569.404702704399824 ], [ 1263193.896874761208892, 5543669.404702704399824 ] ] ] } },
{ "type": "Feature", "properties": { "id": 812, "left": 1263193.8968747612, "top": 5543569.4047027044, "right": 1263293.8968747612, "bottom": 5543469.4047027044, "row_index": 6, "col_index": 23, "Union_area": 7297.3605558113195, "Union_pc": 72.973605558004451, "rifter_edif_pl_area": 242.99814849486575, "rifter_edif_pl_pc": 2.4299814849450363, "aree-stradali-modified_area": 854.45520904380828, "aree-stradali-modified_pc": 8.5445520904253502, "Single parts_area": 1605.1860866211355, "Single parts_pc": 16.051860866187436, "Dissolved_area": 0.0, "Dissolved_pc": 0.0, "free_space_number": 2.0 }, "geometry": { "type": "Polygon", "coordinates": [ [ [ 1263193.896874761208892, 5543569.404702704399824 ], [ 1263293.896874761208892, 5543569.404702704399824 ], [ 1263293.896874761208892, 5543469.404702704399824 ], [ 1263193.896874761208892, 5543469.404702704399824 ], [ 1263193.896874761208892, 5543569.404702704399824 ] ] ] } },
{ "type": "Feature", "properties": { "id": 813, "left": 1263193.8968747612, "top": 5543469.4047027044, "right": 1263293.8968747612, "bottom": 5543369.4047027044, "row_index": 7, "col_index": 23, "Union_area": 3342.2251187274233, "Union_pc": 33.422251187224433, "rifter_edif_pl_area": 4165.8174457401037, "rifter_edif_pl_pc": 41.658174457338959, "aree-stradali-modified_area": 1390.0920044668019, "aree-stradali-modified_pc": 13.900920044647306, "Single parts_area": 1222.3023752656773, "Single parts_pc": 12.223023752638559, "Dissolved_area": 0.0, "Dissolved_pc": 0.0, "free_space_number": 11.0 }, "geometry": { "type": "Polygon", "coordinates": [ [ [ 1263193.896874761208892, 5543469.404702704399824 ], [ 1263293.896874761208892, 5543469.404702704399824 ], [ 1263293.896874761208892, 5543369.404702704399824 ], [ 1263193.896874761208892, 5543369.404702704399824 ], [ 1263193.896874761208892, 5543469.404702704399824 ] ] ] } },
{ "type": "Feature", "properties": { "id": 814, "left": 1263193.8968747612, "top": 5543369.4047027044, "right": 1263293.8968747612, "bottom": 5543269.4047027044, "row_index": 8, "col_index": 23, "Union_area": 845.46422954555601, "Union_pc": 8.4546422954429623, "rifter_edif_pl_area": 5181.1651355773211, "rifter_edif_pl_pc": 51.811651355696007, "aree-stradali-modified_area": 2698.3438828848302, "aree-stradali-modified_pc": 26.983438828808094, "Single parts_area": 1398.9300357904685, "Single parts_pc": 13.989300357883842, "Dissolved_area": 0.0, "Dissolved_pc": 0.0, "free_space_number": 6.0 }, "geometry": { "type": "Polygon", "coordinates": [ [ [ 1263193.896874761208892, 5543369.404702704399824 ], [ 1263293.896874761208892, 5543369.404702704399824 ], [ 1263293.896874761208892, 5543269.404702704399824 ], [ 1263193.896874761208892, 5543269.404702704399824 ], [ 1263193.896874761208892, 5543369.404702704399824 ] ] ] } },
{ "type": "Feature", "properties": { "id": 815, "left": 1263193.8968747612, "top": 5543269.4047027044, "right": 1263293.8968747612, "bottom": 5543169.4047027044, "row_index": 9, "col_index": 23, "Union_area": 60.318841937929392, "Union_pc": 0.60318841937839507, "rifter_edif_pl_area": 4827.3949412629008, "rifter_edif_pl_pc": 48.273949412557073, "aree-stradali-modified_area": 4152.6267886627465, "aree-stradali-modified_pc": 41.526267886565584, "Single parts_area": 961.09999464295129, "Single parts_pc": 9.6109999464151912, "Dissolved_area": 0.0, "Dissolved_pc": 0.0, "free_space_number": 6.0 }, "geometry": { "type": "Polygon", "coordinates": [ [ [ 1263193.896874761208892, 5543269.404702704399824 ], [ 1263293.896874761208892, 5543269.404702704399824 ], [ 1263293.896874761208892, 5543169.404702704399824 ], [ 1263193.896874761208892, 5543169.404702704399824 ], [ 1263193.896874761208892, 5543269.404702704399824 ] ] ] } },
{ "type": "Feature", "properties": { "id": 816, "left": 1263193.8968747612, "top": 5543169.4047027044, "right": 1263293.8968747612, "bottom": 5543069.4047027044, "row_index": 10, "col_index": 23, "Union_area": 1709.7124641118571, "Union_pc": 17.097124641093096, "rifter_edif_pl_area": 5055.5519182584248, "rifter_edif_pl_pc": 50.555519182508917, "aree-stradali-modified_area": 1005.413473252207, "aree-stradali-modified_pc": 10.054134732507089, "Single parts_area": 2239.3488063936238, "Single parts_pc": 22.393488063902868, "Dissolved_area": 0.0, "Dissolved_pc": 0.0, "free_space_number": 13.0 }, "geometry": { "type": "Polygon", "coordinates": [ [ [ 1263193.896874761208892, 5543169.404702704399824 ], [ 1263293.896874761208892, 5543169.404702704399824 ], [ 1263293.896874761208892, 5543069.404702704399824 ], [ 1263193.896874761208892, 5543069.404702704399824 ], [ 1263193.896874761208892, 5543169.404702704399824 ] ] ] } },
{ "type": "Feature", "properties": { "id": 817, "left": 1263193.8968747612, "top": 5543069.4047027044, "right": 1263293.8968747612, "bottom": 5542969.4047027044, "row_index": 11, "col_index": 23, "Union_area": 1072.7699347138405, "Union_pc": 10.727699347122419, "rifter_edif_pl_area": 5321.590012120083, "rifter_edif_pl_pc": 53.215900121121528, "aree-stradali-modified_area": 411.65386190451682, "aree-stradali-modified_pc": 4.1165386190390336, "Single parts_area": 3197.9336965964176, "Single parts_pc": 31.979336965916524, "Dissolved_area": 0.0, "Dissolved_pc": 0.0, "free_space_number": 21.0 }, "geometry": { "type": "Polygon", "coordinates": [ [ [ 1263193.896874761208892, 5543069.404702704399824 ], [ 1263293.896874761208892, 5543069.404702704399824 ], [ 1263293.896874761208892, 5542969.404702704399824 ], [ 1263193.896874761208892, 5542969.404702704399824 ], [ 1263193.896874761208892, 5543069.404702704399824 ] ] ] } },
{ "type": "Feature", "properties": { "id": 818, "left": 1263193.8968747612, "top": 5542969.4047027044, "right": 1263293.8968747612, "bottom": 5542869.4047027044, "row_index": 12, "col_index": 23, "Union_area": 723.61922847270034, "Union_pc": 7.2361922847162203, "rifter_edif_pl_area": 6537.5323373092688, "rifter_edif_pl_pc": 65.375323372995268, "aree-stradali-modified_area": 1116.213586255908, "aree-stradali-modified_pc": 11.162135862542447, "Single parts_area": 1627.0138875562429, "Single parts_pc": 16.270138875538187, "Dissolved_area": 0.0, "Dissolved_pc": 0.0, "free_space_number": 20.0 }, "geometry": { "type": "Polygon", "coordinates": [ [ [ 1263193.896874761208892, 5542969.404702704399824 ], [ 1263293.896874761208892, 5542969.404702704399824 ], [ 1263293.896874761208892, 5542869.404702704399824 ], [ 1263193.896874761208892, 5542869.404702704399824 ], [ 1263193.896874761208892, 5542969.404702704399824 ] ] ] } },
{ "type": "Feature", "properties": { "id": 819, "left": 1263193.8968747612, "top": 5542869.4047027044, "right": 1263293.8968747612, "bottom": 5542769.4047027044, "row_index": 13, "col_index": 23, "Union_area": 388.24081900386955, "Union_pc": 3.8824081900329102, "rifter_edif_pl_area": 6170.6732768802904, "rifter_edif_pl_pc": 61.706732768710957, "aree-stradali-modified_area": 2415.4527166709304, "aree-stradali-modified_pc": 24.154527166673311, "Single parts_area": 1026.7285867890928, "Single parts_pc": 10.267285867875628, "Dissolved_area": 0.0, "Dissolved_pc": 0.0, "free_space_number": 15.0 }, "geometry": { "type": "Polygon", "coordinates": [ [ [ 1263193.896874761208892, 5542869.404702704399824 ], [ 1263293.896874761208892, 5542869.404702704399824 ], [ 1263293.896874761208892, 5542769.404702704399824 ], [ 1263193.896874761208892, 5542769.404702704399824 ], [ 1263193.896874761208892, 5542869.404702704399824 ] ] ] } },
{ "type": "Feature", "properties": { "id": 842, "left": 1263293.8968747612, "top": 5544069.4047027044, "right": 1263393.8968747612, "bottom": 5543969.4047027044, "row_index": 1, "col_index": 24, "Union_area": 0.0, "Union_pc": 0.0, "rifter_edif_pl_area": 0.0, "rifter_edif_pl_pc": 0.0, "aree-stradali-modified_area": 0.0, "aree-stradali-modified_pc": 0.0, "Single parts_area": 0.0, "Single parts_pc": 0.0, "Dissolved_area": 10000.0, "Dissolved_pc": 99.999999999850985, "free_space_number": 0.0 }, "geometry": { "type": "Polygon", "coordinates": [ [ [ 1263293.896874761208892, 5544069.404702704399824 ], [ 1263393.896874761208892, 5544069.404702704399824 ], [ 1263393.896874761208892, 5543969.404702704399824 ], [ 1263293.896874761208892, 5543969.404702704399824 ], [ 1263293.896874761208892, 5544069.404702704399824 ] ] ] } },
{ "type": "Feature", "properties": { "id": 843, "left": 1263293.8968747612, "top": 5543969.4047027044, "right": 1263393.8968747612, "bottom": 5543869.4047027044, "row_index": 2, "col_index": 24, "Union_area": 0.0, "Union_pc": 0.0, "rifter_edif_pl_area": 921.10700614284724, "rifter_edif_pl_pc": 9.2110700614147465, "aree-stradali-modified_area": 1620.1543583506718, "aree-stradali-modified_pc": 16.201543583482575, "Single parts_area": 1163.7920740234338, "Single parts_pc": 11.637920740216996, "Dissolved_area": 6852.6498132944107, "Dissolved_pc": 68.526498132841994, "free_space_number": 3.0 }, "geometry": { "type": "Polygon", "coordinates": [ [ [ 1263293.896874761208892, 5543969.404702704399824 ], [ 1263393.896874761208892, 5543969.404702704399824 ], [ 1263393.896874761208892, 5543869.404702704399824 ], [ 1263293.896874761208892, 5543869.404702704399824 ], [ 1263293.896874761208892, 5543969.404702704399824 ] ] ] } },
{ "type": "Feature", "properties": { "id": 844, "left": 1263293.8968747612, "top": 5543869.4047027044, "right": 1263393.8968747612, "bottom": 5543769.4047027044, "row_index": 3, "col_index": 24, "Union_area": 139.27948259562254, "Union_pc": 1.3927948259541501, "rifter_edif_pl_area": 7454.8851817268878, "rifter_edif_pl_pc": 74.548851817157797, "aree-stradali-modified_area": 1791.0005754604936, "aree-stradali-modified_pc": 17.910005754578247, "Single parts_area": 754.11440919248787, "Single parts_pc": 7.5411440919136412, "Dissolved_area": 0.0, "Dissolved_pc": 0.0, "free_space_number": 8.0 }, "geometry": { "type": "Polygon", "coordinates": [ [ [ 1263293.896874761208892, 5543869.404702704399824 ], [ 1263393.896874761208892, 5543869.404702704399824 ], [ 1263393.896874761208892, 5543769.404702704399824 ], [ 1263293.896874761208892, 5543769.404702704399824 ], [ 1263293.896874761208892, 5543869.404702704399824 ] ] ] } },
{ "type": "Feature", "properties": { "id": 845, "left": 1263293.8968747612, "top": 5543769.4047027044, "right": 1263393.8968747612, "bottom": 5543669.4047027044, "row_index": 4, "col_index": 24, "Union_area": 556.41368948295712, "Union_pc": 5.5641368948212797, "rifter_edif_pl_area": 1604.8892590766773, "rifter_edif_pl_pc": 16.048892590742859, "aree-stradali-modified_area": 4619.6013512909412, "aree-stradali-modified_pc": 46.196013512840572, "Single parts_area": 3686.7719272375107, "Single parts_pc": 36.867719272320173, "Dissolved_area": 0.0, "Dissolved_pc": 0.0, "free_space_number": 1.0 }, "geometry": { "type": "Polygon", "coordinates": [ [ [ 1263293.896874761208892, 5543769.404702704399824 ], [ 1263393.896874761208892, 5543769.404702704399824 ], [ 1263393.896874761208892, 5543669.404702704399824 ], [ 1263293.896874761208892, 5543669.404702704399824 ], [ 1263293.896874761208892, 5543769.404702704399824 ] ] ] } },
{ "type": "Feature", "properties": { "id": 846, "left": 1263293.8968747612, "top": 5543669.4047027044, "right": 1263393.8968747612, "bottom": 5543569.4047027044, "row_index": 5, "col_index": 24, "Union_area": 1856.6585239721462, "Union_pc": 18.566585239693797, "rifter_edif_pl_area": 859.95835533645004, "rifter_edif_pl_pc": 8.5995835533516853, "aree-stradali-modified_area": 1825.8796262741089, "aree-stradali-modified_pc": 18.258796262713883, "Single parts_area": 5657.0854170102393, "Single parts_pc": 56.570854170018094, "Dissolved_area": 0.0, "Dissolved_pc": 0.0, "free_space_number": 5.0 }, "geometry": { "type": "Polygon", "coordinates": [ [ [ 1263293.896874761208892, 5543669.404702704399824 ], [ 1263393.896874761208892, 5543669.404702704399824 ], [ 1263393.896874761208892, 5543569.404702704399824 ], [ 1263293.896874761208892, 5543569.404702704399824 ], [ 1263293.896874761208892, 5543669.404702704399824 ] ] ] } },
{ "type": "Feature", "properties": { "id": 847, "left": 1263293.8968747612, "top": 5543569.4047027044, "right": 1263393.8968747612, "bottom": 5543469.4047027044, "row_index": 6, "col_index": 24, "Union_area": 3044.5684149409644, "Union_pc": 30.445684149364276, "rifter_edif_pl_area": 2038.581341708079, "rifter_edif_pl_pc": 20.385813417050411, "aree-stradali-modified_area": 2132.3972268328071, "aree-stradali-modified_pc": 21.323972268296295, "Single parts_area": 3218.4813083533663, "Single parts_pc": 32.184813083485707, "Dissolved_area": 0.0, "Dissolved_pc": 0.0, "free_space_number": 7.0 }, "geometry": { "type": "Polygon", "coordinates": [ [ [ 1263293.896874761208892, 5543569.404702704399824 ], [ 1263393.896874761208892, 5543569.404702704399824 ], [ 1263393.896874761208892, 5543469.404702704399824 ], [ 1263293.896874761208892, 5543469.404702704399824 ], [ 1263293.896874761208892, 5543569.404702704399824 ] ] ] } },
{ "type": "Feature", "properties": { "id": 848, "left": 1263293.8968747612, "top": 5543469.4047027044, "right": 1263393.8968747612, "bottom": 5543369.4047027044, "row_index": 7, "col_index": 24, "Union_area": 769.42626868095249, "Union_pc": 7.6942626867980595, "rifter_edif_pl_area": 4050.4570991974324, "rifter_edif_pl_pc": 40.504570991913965, "aree-stradali-modified_area": 3297.7205598056316, "aree-stradali-modified_pc": 32.977205598007174, "Single parts_area": 1970.0456286810804, "Single parts_pc": 19.700456286781449, "Dissolved_area": 0.0, "Dissolved_pc": 0.0, "free_space_number": 6.0 }, "geometry": { "type": "Polygon", "coordinates": [ [ [ 1263293.896874761208892, 5543469.404702704399824 ], [ 1263393.896874761208892, 5543469.404702704399824 ], [ 1263393.896874761208892, 5543369.404702704399824 ], [ 1263293.896874761208892, 5543369.404702704399824 ], [ 1263293.896874761208892, 5543469.404702704399824 ] ] ] } },
{ "type": "Feature", "properties": { "id": 849, "left": 1263293.8968747612, "top": 5543369.4047027044, "right": 1263393.8968747612, "bottom": 5543269.4047027044, "row_index": 8, "col_index": 24, "Union_area": 82.542013771831989, "Union_pc": 0.82542013771708989, "rifter_edif_pl_area": 6558.4443422383629, "rifter_edif_pl_pc": 65.584443422285901, "aree-stradali-modified_area": 1853.8419258799404, "aree-stradali-modified_pc": 18.538419258771778, "Single parts_area": 1508.356225133015, "Single parts_pc": 15.083562251307674, "Dissolved_area": 0.0, "Dissolved_pc": 0.0, "free_space_number": 3.0 }, "geometry": { "type": "Polygon", "coordinates": [ [ [ 1263293.896874761208892, 5543369.404702704399824 ], [ 1263393.896874761208892, 5543369.404702704399824 ], [ 1263393.896874761208892, 5543269.404702704399824 ], [ 1263293.896874761208892, 5543269.404702704399824 ], [ 1263293.896874761208892, 5543369.404702704399824 ] ] ] } },
{ "type": "Feature", "properties": { "id": 850, "left": 1263293.8968747612, "top": 5543269.4047027044, "right": 1263393.8968747612, "bottom": 5543169.4047027044, "row_index": 9, "col_index": 24, "Union_area": 279.41786973550916, "Union_pc": 2.7941786973509277, "rifter_edif_pl_area": 6760.4900272469968, "rifter_edif_pl_pc": 67.604900272369235, "aree-stradali-modified_area": 1721.2714850008488, "aree-stradali-modified_pc": 17.212714849982838, "Single parts_area": 1238.8206180082634, "Single parts_pc": 12.388206180064174, "Dissolved_area": 0.0, "Dissolved_pc": 0.0, "free_space_number": 4.0 }, "geometry": { "type": "Polygon", "coordinates": [ [ [ 1263293.896874761208892, 5543269.404702704399824 ], [ 1263393.896874761208892, 5543269.404702704399824 ], [ 1263393.896874761208892, 5543169.404702704399824 ], [ 1263293.896874761208892, 5543169.404702704399824 ], [ 1263293.896874761208892, 5543269.404702704399824 ] ] ] } },
{ "type": "Feature", "properties": { "id": 851, "left": 1263293.8968747612, "top": 5543169.4047027044, "right": 1263393.8968747612, "bottom": 5543069.4047027044, "row_index": 10, "col_index": 24, "Union_area": 24.734113984741271, "Union_pc": 0.24734113984704414, "rifter_edif_pl_area": 5597.1810048387852, "rifter_edif_pl_pc": 55.971810048304448, "aree-stradali-modified_area": 3200.0739498436451, "aree-stradali-modified_pc": 32.000739498388768, "Single parts_area": 1179.1120530929779, "Single parts_pc": 11.791120530912208, "Dissolved_area": 0.0, "Dissolved_pc": 0.0, "free_space_number": 14.0 }, "geometry": { "type": "Polygon", "coordinates": [ [ [ 1263293.896874761208892, 5543169.404702704399824 ], [ 1263393.896874761208892, 5543169.404702704399824 ], [ 1263393.896874761208892, 5543069.404702704399824 ], [ 1263293.896874761208892, 5543069.404702704399824 ], [ 1263293.896874761208892, 5543169.404702704399824 ] ] ] } },
{ "type": "Feature", "properties": { "id": 852, "left": 1263293.8968747612, "top": 5543069.4047027044, "right": 1263393.8968747612, "bottom": 5542969.4047027044, "row_index": 11, "col_index": 24, "Union_area": 1151.7325826237211, "Union_pc": 11.517325826220048, "rifter_edif_pl_area": 6261.583377153147, "rifter_edif_pl_pc": 62.615833771438169, "aree-stradali-modified_area": 621.81447015330195, "aree-stradali-modified_pc": 6.2181447015237534, "Single parts_area": 1975.8588107789969, "Single parts_pc": 19.758588107760527, "Dissolved_area": 0.0, "Dissolved_pc": 0.0, "free_space_number": 21.0 }, "geometry": { "type": "Polygon", "coordinates": [ [ [ 1263293.896874761208892, 5543069.404702704399824 ], [ 1263393.896874761208892, 5543069.404702704399824 ], [ 1263393.896874761208892, 5542969.404702704399824 ], [ 1263293.896874761208892, 5542969.404702704399824 ], [ 1263293.896874761208892, 5543069.404702704399824 ] ] ] } },
{ "type": "Feature", "properties": { "id": 853, "left": 1263293.8968747612, "top": 5542969.4047027044, "right": 1263393.8968747612, "bottom": 5542869.4047027044, "row_index": 12, "col_index": 24, "Union_area": 956.20859866853425, "Union_pc": 9.5620859866710948, "rifter_edif_pl_area": 6939.6663561508176, "rifter_edif_pl_pc": 69.396663561404765, "aree-stradali-modified_area": 342.55211435630918, "aree-stradali-modified_pc": 3.4255211435579875, "Single parts_area": 1775.2312413659238, "Single parts_pc": 17.752312413632787, "Dissolved_area": 0.0, "Dissolved_pc": 0.0, "free_space_number": 22.0 }, "geometry": { "type": "Polygon", "coordinates": [ [ [ 1263293.896874761208892, 5542969.404702704399824 ], [ 1263393.896874761208892, 5542969.404702704399824 ], [ 1263393.896874761208892, 5542869.404702704399824 ], [ 1263293.896874761208892, 5542869.404702704399824 ], [ 1263293.896874761208892, 5542969.404702704399824 ] ] ] } },
{ "type": "Feature", "properties": { "id": 854, "left": 1263293.8968747612, "top": 5542869.4047027044, "right": 1263393.8968747612, "bottom": 5542769.4047027044, "row_index": 13, "col_index": 24, "Union_area": 236.90701201558113, "Union_pc": 2.3690701201522812, "rifter_edif_pl_area": 6809.6772163663991, "rifter_edif_pl_pc": 68.09677216356252, "aree-stradali-modified_area": 2192.4232623204589, "aree-stradali-modified_pc": 21.924232623171918, "Single parts_area": 762.42908152947757, "Single parts_pc": 7.6242908152834143, "Dissolved_area": 0.0, "Dissolved_pc": 0.0, "free_space_number": 8.0 }, "geometry": { "type": "Polygon", "coordinates": [ [ [ 1263293.896874761208892, 5542869.404702704399824 ], [ 1263393.896874761208892, 5542869.404702704399824 ], [ 1263393.896874761208892, 5542769.404702704399824 ], [ 1263293.896874761208892, 5542769.404702704399824 ], [ 1263293.896874761208892, 5542869.404702704399824 ] ] ] } },
{ "type": "Feature", "properties": { "id": 855, "left": 1263293.8968747612, "top": 5542769.4047027044, "right": 1263393.8968747612, "bottom": 5542669.4047027044, "row_index": 14, "col_index": 24, "Union_area": 505.40579969529063, "Union_pc": 5.0540579969453754, "rifter_edif_pl_area": 6329.2033418333158, "rifter_edif_pl_pc": 63.292033418238844, "aree-stradali-modified_area": 1901.3885494209826, "aree-stradali-modified_pc": 19.013885494181494, "Single parts_area": 1275.1484459530643, "Single parts_pc": 12.751484459511643, "Dissolved_area": 0.0, "Dissolved_pc": 0.0, "free_space_number": 20.0 }, "geometry": { "type": "Polygon", "coordinates": [ [ [ 1263293.896874761208892, 5542769.404702704399824 ], [ 1263393.896874761208892, 5542769.404702704399824 ], [ 1263393.896874761208892, 5542669.404702704399824 ], [ 1263293.896874761208892, 5542669.404702704399824 ], [ 1263293.896874761208892, 5542769.404702704399824 ] ] ] } },
{ "type": "Feature", "properties": { "id": 878, "left": 1263393.8968747612, "top": 5543969.4047027044, "right": 1263493.8968747612, "bottom": 5543869.4047027044, "row_index": 2, "col_index": 25, "Union_area": 23.46630378626287, "Union_pc": 0.23466303786227902, "rifter_edif_pl_area": 0.0, "rifter_edif_pl_pc": 0.0, "aree-stradali-modified_area": 350.45577174425125, "aree-stradali-modified_pc": 3.5045577174372902, "Single parts_area": 685.81100402772427, "Single parts_pc": 6.8581100402670234, "Dissolved_area": 8963.7332242131233, "Dissolved_pc": 89.637332241997669, "free_space_number": 1.0 }, "geometry": { "type": "Polygon", "coordinates": [ [ [ 1263393.896874761208892, 5543969.404702704399824 ], [ 1263493.896874761208892, 5543969.404702704399824 ], [ 1263493.896874761208892, 5543869.404702704399824 ], [ 1263393.896874761208892, 5543869.404702704399824 ], [ 1263393.896874761208892, 5543969.404702704399824 ] ] ] } },
{ "type": "Feature", "properties": { "id": 879, "left": 1263393.8968747612, "top": 5543869.4047027044, "right": 1263493.8968747612, "bottom": 5543769.4047027044, "row_index": 3, "col_index": 25, "Union_area": 45.308721367269754, "Union_pc": 0.45308721367202237, "rifter_edif_pl_area": 5724.5702219330706, "rifter_edif_pl_pc": 57.245702219245402, "aree-stradali-modified_area": 3820.657663077116, "aree-stradali-modified_pc": 38.206576630714231, "Single parts_area": 437.27518907501428, "Single parts_pc": 4.3727518907436265, "Dissolved_area": 12.928799264132977, "Dissolved_pc": 0.12928799264113711, "free_space_number": 5.0 }, "geometry": { "type": "Polygon", "coordinates": [ [ [ 1263393.896874761208892, 5543869.404702704399824 ], [ 1263493.896874761208892, 5543869.404702704399824 ], [ 1263493.896874761208892, 5543769.404702704399824 ], [ 1263393.896874761208892, 5543769.404702704399824 ], [ 1263393.896874761208892, 5543869.404702704399824 ] ] ] } },
{ "type": "Feature", "properties": { "id": 880, "left": 1263393.8968747612, "top": 5543769.4047027044, "right": 1263493.8968747612, "bottom": 5543669.4047027044, "row_index": 4, "col_index": 25, "Union_area": 643.20068160817027, "Union_pc": 6.4320068160721187, "rifter_edif_pl_area": 3403.0026952727931, "rifter_edif_pl_pc": 34.030026952677225, "aree-stradali-modified_area": 5568.4855995625257, "aree-stradali-modified_pc": 55.684855995542279, "Single parts_area": 777.27101860428229, "Single parts_pc": 7.7727101860312411, "Dissolved_area": 0.0, "Dissolved_pc": 0.0, "free_space_number": 6.0 }, "geometry": { "type": "Polygon", "coordinates": [ [ [ 1263393.896874761208892, 5543769.404702704399824 ], [ 1263493.896874761208892, 5543769.404702704399824 ], [ 1263493.896874761208892, 5543669.404702704399824 ], [ 1263393.896874761208892, 5543669.404702704399824 ], [ 1263393.896874761208892, 5543769.404702704399824 ] ] ] } },
{ "type": "Feature", "properties": { "id": 881, "left": 1263393.8968747612, "top": 5543669.4047027044, "right": 1263493.8968747612, "bottom": 5543569.4047027044, "row_index": 5, "col_index": 25, "Union_area": 1858.1723727695644, "Union_pc": 18.581723727667956, "rifter_edif_pl_area": 4053.7479629321024, "rifter_edif_pl_pc": 40.537479629260616, "aree-stradali-modified_area": 2640.2957628788427, "aree-stradali-modified_pc": 26.402957628749082, "Single parts_area": 1597.6598340283381, "Single parts_pc": 15.976598340259574, "Dissolved_area": 0.0, "Dissolved_pc": 0.0, "free_space_number": 7.0 }, "geometry": { "type": "Polygon", "coordinates": [ [ [ 1263393.896874761208892, 5543669.404702704399824 ], [ 1263493.896874761208892, 5543669.404702704399824 ], [ 1263493.896874761208892, 5543569.404702704399824 ], [ 1263393.896874761208892, 5543569.404702704399824 ], [ 1263393.896874761208892, 5543669.404702704399824 ] ] ] } },
{ "type": "Feature", "properties": { "id": 882, "left": 1263393.8968747612, "top": 5543569.4047027044, "right": 1263493.8968747612, "bottom": 5543469.4047027044, "row_index": 6, "col_index": 25, "Union_area": 3558.0173146892339, "Union_pc": 35.580173146839321, "rifter_edif_pl_area": 4540.1831985581666, "rifter_edif_pl_pc": 45.401831985514015, "aree-stradali-modified_area": 0.0, "aree-stradali-modified_pc": 0.0, "Single parts_area": 2022.0509198602522, "Single parts_pc": 20.22050919857239, "Dissolved_area": 0.0, "Dissolved_pc": 0.0, "free_space_number": 6.0 }, "geometry": { "type": "Polygon", "coordinates": [ [ [ 1263393.896874761208892, 5543569.404702704399824 ], [ 1263493.896874761208892, 5543569.404702704399824 ], [ 1263493.896874761208892, 5543469.404702704399824 ], [ 1263393.896874761208892, 5543469.404702704399824 ], [ 1263393.896874761208892, 5543569.404702704399824 ] ] ] } },
{ "type": "Feature", "properties": { "id": 883, "left": 1263393.8968747612, "top": 5543469.4047027044, "right": 1263493.8968747612, "bottom": 5543369.4047027044, "row_index": 7, "col_index": 25, "Union_area": 1265.4462106291903, "Union_pc": 12.654462106273046, "rifter_edif_pl_area": 3506.8869810961187, "rifter_edif_pl_pc": 35.068869810908929, "aree-stradali-modified_area": 3584.5942931249738, "aree-stradali-modified_pc": 35.845942931196326, "Single parts_area": 1674.107505060663, "Single parts_pc": 16.741075050581685, "Dissolved_area": 0.0, "Dissolved_pc": 0.0, "free_space_number": 8.0 }, "geometry": { "type": "Polygon", "coordinates": [ [ [ 1263393.896874761208892, 5543469.404702704399824 ], [ 1263493.896874761208892, 5543469.404702704399824 ], [ 1263493.896874761208892, 5543369.404702704399824 ], [ 1263393.896874761208892, 5543369.404702704399824 ], [ 1263393.896874761208892, 5543469.404702704399824 ] ] ] } },
{ "type": "Feature", "properties": { "id": 884, "left": 1263393.8968747612, "top": 5543369.4047027044, "right": 1263493.8968747612, "bottom": 5543269.4047027044, "row_index": 8, "col_index": 25, "Union_area": 120.07313987996895, "Union_pc": 1.2007313987979003, "rifter_edif_pl_area": 6601.5243369787931, "rifter_edif_pl_pc": 66.015243369689557, "aree-stradali-modified_area": 2639.5492408275604, "aree-stradali-modified_pc": 26.395492408236272, "Single parts_area": 643.1169086933877, "Single parts_pc": 6.4311690869242932, "Dissolved_area": 0.0, "Dissolved_pc": 0.0, "free_space_number": 9.0 }, "geometry": { "type": "Polygon", "coordinates": [ [ [ 1263393.896874761208892, 5543369.404702704399824 ], [ 1263493.896874761208892, 5543369.404702704399824 ], [ 1263493.896874761208892, 5543269.404702704399824 ], [ 1263393.896874761208892, 5543269.404702704399824 ], [ 1263393.896874761208892, 5543369.404702704399824 ] ] ] } },
{ "type": "Feature", "properties": { "id": 885, "left": 1263393.8968747612, "top": 5543269.4047027044, "right": 1263493.8968747612, "bottom": 5543169.4047027044, "row_index": 9, "col_index": 25, "Union_area": 513.7607730999589, "Union_pc": 5.1376077309919337, "rifter_edif_pl_area": 5938.6941948165186, "rifter_edif_pl_pc": 59.386941948076689, "aree-stradali-modified_area": 2421.1779891252518, "aree-stradali-modified_pc": 24.211779891216441, "Single parts_area": 1139.0597871990858, "Single parts_pc": 11.390597871973885, "Dissolved_area": 0.0, "Dissolved_pc": 0.0, "free_space_number": 15.0 }, "geometry": { "type": "Polygon", "coordinates": [ [ [ 1263393.896874761208892, 5543269.404702704399824 ], [ 1263493.896874761208892, 5543269.404702704399824 ], [ 1263493.896874761208892, 5543169.404702704399824 ], [ 1263393.896874761208892, 5543169.404702704399824 ], [ 1263393.896874761208892, 5543269.404702704399824 ] ] ] } },
{ "type": "Feature", "properties": { "id": 886, "left": 1263393.8968747612, "top": 5543169.4047027044, "right": 1263493.8968747612, "bottom": 5543069.4047027044, "row_index": 10, "col_index": 25, "Union_area": 272.50234853476286, "Union_pc": 2.7250234853435682, "rifter_edif_pl_area": 5006.2007272662595, "rifter_edif_pl_pc": 50.062007272587998, "aree-stradali-modified_area": 3044.2120530977845, "aree-stradali-modified_pc": 30.442120530932481, "Single parts_area": 1677.1219833822236, "Single parts_pc": 16.771219833797247, "Dissolved_area": 0.0, "Dissolved_pc": 0.0, "free_space_number": 8.0 }, "geometry": { "type": "Polygon", "coordinates": [ [ [ 1263393.896874761208892, 5543169.404702704399824 ], [ 1263493.896874761208892, 5543169.404702704399824 ], [ 1263493.896874761208892, 5543069.404702704399824 ], [ 1263393.896874761208892, 5543069.404702704399824 ], [ 1263393.896874761208892, 5543169.404702704399824 ] ] ] } },
{ "type": "Feature", "properties": { "id": 887, "left": 1263393.8968747612, "top": 5543069.4047027044, "right": 1263493.8968747612, "bottom": 5542969.4047027044, "row_index": 11, "col_index": 25, "Union_area": 1036.8274223334156, "Union_pc": 10.368274223318705, "rifter_edif_pl_area": 6607.2812757331412, "rifter_edif_pl_pc": 66.072812757232953, "aree-stradali-modified_area": 1151.2620367854834, "aree-stradali-modified_pc": 11.512620367837679, "Single parts_area": 1220.5637707235555, "Single parts_pc": 12.205637707217367, "Dissolved_area": 0.0, "Dissolved_pc": 0.0, "free_space_number": 23.0 }, "geometry": { "type": "Polygon", "coordinates": [ [ [ 1263393.896874761208892, 5543069.404702704399824 ], [ 1263493.896874761208892, 5543069.404702704399824 ], [ 1263493.896874761208892, 5542969.404702704399824 ], [ 1263393.896874761208892, 5542969.404702704399824 ], [ 1263393.896874761208892, 5543069.404702704399824 ] ] ] } },
{ "type": "Feature", "properties": { "id": 888, "left": 1263393.8968747612, "top": 5542969.4047027044, "right": 1263493.8968747612, "bottom": 5542869.4047027044, "row_index": 12, "col_index": 25, "Union_area": 646.13614443223923, "Union_pc": 6.4613614443127645, "rifter_edif_pl_area": 6592.8727287277579, "rifter_edif_pl_pc": 65.928727287179342, "aree-stradali-modified_area": 1079.9192246347666, "aree-stradali-modified_pc": 10.799192246331573, "Single parts_area": 1691.4639458707634, "Single parts_pc": 16.914639458682426, "Dissolved_area": 0.0, "Dissolved_pc": 0.0, "free_space_number": 29.0 }, "geometry": { "type": "Polygon", "coordinates": [ [ [ 1263393.896874761208892, 5542969.404702704399824 ], [ 1263493.896874761208892, 5542969.404702704399824 ], [ 1263493.896874761208892, 5542869.404702704399824 ], [ 1263393.896874761208892, 5542869.404702704399824 ], [ 1263393.896874761208892, 5542969.404702704399824 ] ] ] } },
{ "type": "Feature", "properties": { "id": 889, "left": 1263393.8968747612, "top": 5542869.4047027044, "right": 1263493.8968747612, "bottom": 5542769.4047027044, "row_index": 13, "col_index": 25, "Union_area": 464.0283241327852, "Union_pc": 4.6402832413209376, "rifter_edif_pl_area": 6154.3861707590986, "rifter_edif_pl_pc": 61.543861707499282, "aree-stradali-modified_area": 1318.371378920041, "aree-stradali-modified_pc": 13.183713789180764, "Single parts_area": 2114.0748723274528, "Single parts_pc": 21.140748723243025, "Dissolved_area": 0.0, "Dissolved_pc": 0.0, "free_space_number": 12.0 }, "geometry": { "type": "Polygon", "coordinates": [ [ [ 1263393.896874761208892, 5542869.404702704399824 ], [ 1263493.896874761208892, 5542869.404702704399824 ], [ 1263493.896874761208892, 5542769.404702704399824 ], [ 1263393.896874761208892, 5542769.404702704399824 ], [ 1263393.896874761208892, 5542869.404702704399824 ] ] ] } },
{ "type": "Feature", "properties": { "id": 890, "left": 1263393.8968747612, "top": 5542769.4047027044, "right": 1263493.8968747612, "bottom": 5542669.4047027044, "row_index": 14, "col_index": 25, "Union_area": 1893.4598894300871, "Union_pc": 18.934598894272657, "rifter_edif_pl_area": 5322.7072012573481, "rifter_edif_pl_pc": 53.227072012494169, "aree-stradali-modified_area": 28.021489745005965, "aree-stradali-modified_pc": 0.28021489744964212, "Single parts_area": 2759.1572824872565, "Single parts_pc": 27.591572824831449, "Dissolved_area": 0.0, "Dissolved_pc": 0.0, "free_space_number": 10.0 }, "geometry": { "type": "Polygon", "coordinates": [ [ [ 1263393.896874761208892, 5542769.404702704399824 ], [ 1263493.896874761208892, 5542769.404702704399824 ], [ 1263493.896874761208892, 5542669.404702704399824 ], [ 1263393.896874761208892, 5542669.404702704399824 ], [ 1263393.896874761208892, 5542769.404702704399824 ] ] ] } },
{ "type": "Feature", "properties": { "id": 891, "left": 1263393.8968747612, "top": 5542669.4047027044, "right": 1263493.8968747612, "bottom": 5542569.4047027044, "row_index": 15, "col_index": 25, "Union_area": 204.8545416736597, "Union_pc": 2.0485454167335444, "rifter_edif_pl_area": 4640.3964796613436, "rifter_edif_pl_pc": 46.403964796544287, "aree-stradali-modified_area": 1835.6208545938134, "aree-stradali-modified_pc": 18.356208545910782, "Single parts_area": 3319.1281240227886, "Single parts_pc": 33.191281240178427, "Dissolved_area": 0.0, "Dissolved_pc": 0.0, "free_space_number": 9.0 }, "geometry": { "type": "Polygon", "coordinates": [ [ [ 1263393.896874761208892, 5542669.404702704399824 ], [ 1263493.896874761208892, 5542669.404702704399824 ], [ 1263493.896874761208892, 5542569.404702704399824 ], [ 1263393.896874761208892, 5542569.404702704399824 ], [ 1263393.896874761208892, 5542669.404702704399824 ] ] ] } },
{ "type": "Feature", "properties": { "id": 913, "left": 1263493.8968747612, "top": 5543969.4047027044, "right": 1263593.8968747612, "bottom": 5543869.4047027044, "row_index": 2, "col_index": 26, "Union_area": 100.32654208689928, "Union_pc": 1.0032654208674978, "rifter_edif_pl_area": 0.0, "rifter_edif_pl_pc": 0.0, "aree-stradali-modified_area": 0.0, "aree-stradali-modified_pc": 0.0, "Single parts_area": 0.0, "Single parts_pc": 0.0, "Dissolved_area": 10000.0, "Dissolved_pc": 99.999999999850985, "free_space_number": 0.0 }, "geometry": { "type": "Polygon", "coordinates": [ [ [ 1263493.896874761208892, 5543969.404702704399824 ], [ 1263593.896874761208892, 5543969.404702704399824 ], [ 1263593.896874761208892, 5543869.404702704399824 ], [ 1263493.896874761208892, 5543869.404702704399824 ], [ 1263493.896874761208892, 5543969.404702704399824 ] ] ] } },
{ "type": "Feature", "properties": { "id": 914, "left": 1263493.8968747612, "top": 5543869.4047027044, "right": 1263593.8968747612, "bottom": 5543769.4047027044, "row_index": 3, "col_index": 26, "Union_area": 3977.87338055484, "Union_pc": 39.778733805489125, "rifter_edif_pl_area": 2146.3426421115873, "rifter_edif_pl_pc": 21.463426421083891, "aree-stradali-modified_area": 1846.1615802254528, "aree-stradali-modified_pc": 18.461615802227019, "Single parts_area": 1360.6580265676403, "Single parts_pc": 13.606580265656126, "Dissolved_area": 1298.8826132416725, "Dissolved_pc": 12.988826132397371, "free_space_number": 9.0 }, "geometry": { "type": "Polygon", "coordinates": [ [ [ 1263493.896874761208892, 5543869.404702704399824 ], [ 1263593.896874761208892, 5543869.404702704399824 ], [ 1263593.896874761208892, 5543769.404702704399824 ], [ 1263493.896874761208892, 5543769.404702704399824 ], [ 1263493.896874761208892, 5543869.404702704399824 ] ] ] } },
{ "type": "Feature", "properties": { "id": 915, "left": 1263493.8968747612, "top": 5543769.4047027044, "right": 1263593.8968747612, "bottom": 5543669.4047027044, "row_index": 4, "col_index": 26, "Union_area": 5007.3073135521263, "Union_pc": 50.073073135446649, "rifter_edif_pl_area": 1700.7873724071833, "rifter_edif_pl_pc": 17.00787372404649, "aree-stradali-modified_area": 590.72202814370394, "aree-stradali-modified_pc": 5.9072202814282369, "Single parts_area": 2785.4032634960604, "Single parts_pc": 27.854032634919097, "Dissolved_area": 0.0, "Dissolved_pc": 0.0, "free_space_number": 4.0 }, "geometry": { "type": "Polygon", "coordinates": [ [ [ 1263493.896874761208892, 5543769.404702704399824 ], [ 1263593.896874761208892, 5543769.404702704399824 ], [ 1263593.896874761208892, 5543669.404702704399824 ], [ 1263493.896874761208892, 5543669.404702704399824 ], [ 1263493.896874761208892, 5543769.404702704399824 ] ] ] } },
{ "type": "Feature", "properties": { "id": 916, "left": 1263493.8968747612, "top": 5543669.4047027044, "right": 1263593.8968747612, "bottom": 5543569.4047027044, "row_index": 5, "col_index": 26, "Union_area": 498.91953595215455, "Union_pc": 4.9891953595141114, "rifter_edif_pl_area": 1767.7893833993003, "rifter_edif_pl_pc": 17.67789383396666, "aree-stradali-modified_area": 6278.5181346535683, "aree-stradali-modified_pc": 62.785181346442123, "Single parts_area": 1953.7281048651785, "Single parts_pc": 19.53728104862267, "Dissolved_area": 0.0, "Dissolved_pc": 0.0, "free_space_number": 4.0 }, "geometry": { "type": "Polygon", "coordinates": [ [ [ 1263493.896874761208892, 5543669.404702704399824 ], [ 1263593.896874761208892, 5543669.404702704399824 ], [ 1263593.896874761208892, 5543569.404702704399824 ], [ 1263493.896874761208892, 5543569.404702704399824 ], [ 1263493.896874761208892, 5543669.404702704399824 ] ] ] } },
{ "type": "Feature", "properties": { "id": 917, "left": 1263493.8968747612, "top": 5543569.4047027044, "right": 1263593.8968747612, "bottom": 5543469.4047027044, "row_index": 6, "col_index": 26, "Union_area": 0.0, "Union_pc": 0.0, "rifter_edif_pl_area": 5242.2289886958897, "rifter_edif_pl_pc": 52.422289886880783, "aree-stradali-modified_area": 4381.0695118457079, "aree-stradali-modified_pc": 43.810695118391799, "Single parts_area": 376.71738609604336, "Single parts_pc": 3.76717386095482, "Dissolved_area": 0.0, "Dissolved_pc": 0.0, "free_space_number": 5.0 }, "geometry": { "type": "Polygon", "coordinates": [ [ [ 1263493.896874761208892, 5543569.404702704399824 ], [ 1263593.896874761208892, 5543569.404702704399824 ], [ 1263593.896874761208892, 5543469.404702704399824 ], [ 1263493.896874761208892, 5543469.404702704399824 ], [ 1263493.896874761208892, 5543569.404702704399824 ] ] ] } },
{ "type": "Feature", "properties": { "id": 918, "left": 1263493.8968747612, "top": 5543469.4047027044, "right": 1263593.8968747612, "bottom": 5543369.4047027044, "row_index": 7, "col_index": 26, "Union_area": 247.9988784044981, "Union_pc": 2.4799887840412853, "rifter_edif_pl_area": 5149.5398108966183, "rifter_edif_pl_pc": 51.495398108889447, "aree-stradali-modified_area": 2066.7462859153748, "aree-stradali-modified_pc": 20.667462859122949, "Single parts_area": 2543.2082479316196, "Single parts_pc": 25.432082479278296, "Dissolved_area": 0.0, "Dissolved_pc": 0.0, "free_space_number": 9.0 }, "geometry": { "type": "Polygon", "coordinates": [ [ [ 1263493.896874761208892, 5543469.404702704399824 ], [ 1263593.896874761208892, 5543469.404702704399824 ], [ 1263593.896874761208892, 5543369.404702704399824 ], [ 1263493.896874761208892, 5543369.404702704399824 ], [ 1263493.896874761208892, 5543469.404702704399824 ] ] ] } },
{ "type": "Feature", "properties": { "id": 919, "left": 1263493.8968747612, "top": 5543369.4047027044, "right": 1263593.8968747612, "bottom": 5543269.4047027044, "row_index": 8, "col_index": 26, "Union_area": 2012.8548116888851, "Union_pc": 20.128548116858855, "rifter_edif_pl_area": 4748.357467334019, "rifter_edif_pl_pc": 47.483574673269437, "aree-stradali-modified_area": 0.0, "aree-stradali-modified_pc": 0.0, "Single parts_area": 3253.851347087184, "Single parts_pc": 32.538513470823354, "Dissolved_area": 0.0, "Dissolved_pc": 0.0, "free_space_number": 7.0 }, "geometry": { "type": "Polygon", "coordinates": [ [ [ 1263493.896874761208892, 5543369.404702704399824 ], [ 1263593.896874761208892, 5543369.404702704399824 ], [ 1263593.896874761208892, 5543269.404702704399824 ], [ 1263493.896874761208892, 5543269.404702704399824 ], [ 1263493.896874761208892, 5543369.404702704399824 ] ] ] } },
{ "type": "Feature", "properties": { "id": 920, "left": 1263493.8968747612, "top": 5543269.4047027044, "right": 1263593.8968747612, "bottom": 5543169.4047027044, "row_index": 9, "col_index": 26, "Union_area": 637.78644127771258, "Union_pc": 6.3778644127676225, "rifter_edif_pl_area": 4404.6089533818886, "rifter_edif_pl_pc": 44.046089533753253, "aree-stradali-modified_area": 1603.9587222337723, "aree-stradali-modified_pc": 16.039587222313823, "Single parts_area": 3353.6458830243128, "Single parts_pc": 33.536458830193155, "Dissolved_area": 0.0, "Dissolved_pc": 0.0, "free_space_number": 6.0 }, "geometry": { "type": "Polygon", "coordinates": [ [ [ 1263493.896874761208892, 5543269.404702704399824 ], [ 1263593.896874761208892, 5543269.404702704399824 ], [ 1263593.896874761208892, 5543169.404702704399824 ], [ 1263493.896874761208892, 5543169.404702704399824 ], [ 1263493.896874761208892, 5543269.404702704399824 ] ] ] } },
{ "type": "Feature", "properties": { "id": 921, "left": 1263493.8968747612, "top": 5543169.4047027044, "right": 1263593.8968747612, "bottom": 5543069.4047027044, "row_index": 10, "col_index": 26, "Union_area": 0.0, "Union_pc": 0.0, "rifter_edif_pl_area": 5285.0834708586335, "rifter_edif_pl_pc": 52.850834708507584, "aree-stradali-modified_area": 4333.4290185570717, "aree-stradali-modified_pc": 43.334290185506141, "Single parts_area": 381.52747506391995, "Single parts_pc": 3.8152747506335141, "Dissolved_area": 0.0, "Dissolved_pc": 0.0, "free_space_number": 7.0 }, "geometry": { "type": "Polygon", "coordinates": [ [ [ 1263493.896874761208892, 5543169.404702704399824 ], [ 1263593.896874761208892, 5543169.404702704399824 ], [ 1263593.896874761208892, 5543069.404702704399824 ], [ 1263493.896874761208892, 5543069.404702704399824 ], [ 1263493.896874761208892, 5543169.404702704399824 ] ] ] } },
{ "type": "Feature", "properties": { "id": 922, "left": 1263493.8968747612, "top": 5543069.4047027044, "right": 1263593.8968747612, "bottom": 5542969.4047027044, "row_index": 11, "col_index": 26, "Union_area": 288.71803048253059, "Union_pc": 2.8871803048210039, "rifter_edif_pl_area": 6907.508573197294, "rifter_edif_pl_pc": 69.075085731870004, "aree-stradali-modified_area": 997.17232002317905, "aree-stradali-modified_pc": 9.9717232002169318, "Single parts_area": 1823.5395600538473, "Single parts_pc": 18.2353956005113, "Dissolved_area": 0.0, "Dissolved_pc": 0.0, "free_space_number": 17.0 }, "geometry": { "type": "Polygon", "coordinates": [ [ [ 1263493.896874761208892, 5543069.404702704399824 ], [ 1263593.896874761208892, 5543069.404702704399824 ], [ 1263593.896874761208892, 5542969.404702704399824 ], [ 1263493.896874761208892, 5542969.404702704399824 ], [ 1263493.896874761208892, 5543069.404702704399824 ] ] ] } },
{ "type": "Feature", "properties": { "id": 923, "left": 1263493.8968747612, "top": 5542969.4047027044, "right": 1263593.8968747612, "bottom": 5542869.4047027044, "row_index": 12, "col_index": 26, "Union_area": 107.69971088320017, "Union_pc": 1.0769971088303969, "rifter_edif_pl_area": 7465.8683726694435, "rifter_edif_pl_pc": 74.658683726583192, "aree-stradali-modified_area": 960.39822445064783, "aree-stradali-modified_pc": 9.6039822444921672, "Single parts_area": 1474.8033480850499, "Single parts_pc": 14.748033480828523, "Dissolved_area": 0.0, "Dissolved_pc": 0.0, "free_space_number": 21.0 }, "geometry": { "type": "Polygon", "coordinates": [ [ [ 1263493.896874761208892, 5542969.404702704399824 ], [ 1263593.896874761208892, 5542969.404702704399824 ], [ 1263593.896874761208892, 5542869.404702704399824 ], [ 1263493.896874761208892, 5542869.404702704399824 ], [ 1263493.896874761208892, 5542969.404702704399824 ] ] ] } },
{ "type": "Feature", "properties": { "id": 924, "left": 1263493.8968747612, "top": 5542869.4047027044, "right": 1263593.8968747612, "bottom": 5542769.4047027044, "row_index": 13, "col_index": 26, "Union_area": 458.14441869780421, "Union_pc": 4.5814441869712148, "rifter_edif_pl_area": 6247.5799766929122, "rifter_edif_pl_pc": 62.475799766836026, "aree-stradali-modified_area": 2135.052233312279, "aree-stradali-modified_pc": 21.350522333090975, "Single parts_area": 1244.4249202981955, "Single parts_pc": 12.444249202963412, "Dissolved_area": 0.0, "Dissolved_pc": 0.0, "free_space_number": 18.0 }, "geometry": { "type": "Polygon", "coordinates": [ [ [ 1263493.896874761208892, 5542869.404702704399824 ], [ 1263593.896874761208892, 5542869.404702704399824 ], [ 1263593.896874761208892, 5542769.404702704399824 ], [ 1263493.896874761208892, 5542769.404702704399824 ], [ 1263493.896874761208892, 5542869.404702704399824 ] ] ] } },
{ "type": "Feature", "properties": { "id": 925, "left": 1263493.8968747612, "top": 5542769.4047027044, "right": 1263593.8968747612, "bottom": 5542669.4047027044, "row_index": 14, "col_index": 26, "Union_area": 3079.3124629594386, "Union_pc": 30.793124629548501, "rifter_edif_pl_area": 4210.0719159478322, "rifter_edif_pl_pc": 42.10071915941559, "aree-stradali-modified_area": 1225.4390077702701, "aree-stradali-modified_pc": 12.254390077684441, "Single parts_area": 1581.8627767636626, "Single parts_pc": 15.818627767613055, "Dissolved_area": 0.0, "Dissolved_pc": 0.0, "free_space_number": 8.0 }, "geometry": { "type": "Polygon", "coordinates": [ [ [ 1263493.896874761208892, 5542769.404702704399824 ], [ 1263593.896874761208892, 5542769.404702704399824 ], [ 1263593.896874761208892, 5542669.404702704399824 ], [ 1263493.896874761208892, 5542669.404702704399824 ], [ 1263493.896874761208892, 5542769.404702704399824 ] ] ] } },
{ "type": "Feature", "properties": { "id": 926, "left": 1263493.8968747612, "top": 5542669.4047027044, "right": 1263593.8968747612, "bottom": 5542569.4047027044, "row_index": 15, "col_index": 26, "Union_area": 0.0, "Union_pc": 0.0, "rifter_edif_pl_area": 7789.1173860025592, "rifter_edif_pl_pc": 77.891173859909529, "aree-stradali-modified_area": 1086.3817850090563, "aree-stradali-modified_pc": 10.863817850074375, "Single parts_area": 496.29159807518289, "Single parts_pc": 4.9629159807444339, "Dissolved_area": 0.0, "Dissolved_pc": 0.0, "free_space_number": 10.0 }, "geometry": { "type": "Polygon", "coordinates": [ [ [ 1263493.896874761208892, 5542669.404702704399824 ], [ 1263593.896874761208892, 5542669.404702704399824 ], [ 1263593.896874761208892, 5542569.404702704399824 ], [ 1263493.896874761208892, 5542569.404702704399824 ], [ 1263493.896874761208892, 5542669.404702704399824 ] ] ] } },
{ "type": "Feature", "properties": { "id": 927, "left": 1263493.8968747612, "top": 5542569.4047027044, "right": 1263593.8968747612, "bottom": 5542469.4047027044, "row_index": 16, "col_index": 26, "Union_area": 769.34568709135056, "Union_pc": 7.6934568709020414, "rifter_edif_pl_area": 4864.4736383305863, "rifter_edif_pl_pc": 48.644736383233379, "aree-stradali-modified_area": 1043.8187220785767, "aree-stradali-modified_pc": 10.438187220770212, "Single parts_area": 303.9352376753331, "Single parts_pc": 3.039352376748802, "Dissolved_area": 0.0, "Dissolved_pc": 0.0, "free_space_number": 14.0 }, "geometry": { "type": "Polygon", "coordinates": [ [ [ 1263493.896874761208892, 5542569.404702704399824 ], [ 1263593.896874761208892, 5542569.404702704399824 ], [ 1263593.896874761208892, 5542469.404702704399824 ], [ 1263493.896874761208892, 5542469.404702704399824 ], [ 1263493.896874761208892, 5542569.404702704399824 ] ] ] } },
{ "type": "Feature", "properties": { "id": 928, "left": 1263493.8968747612, "top": 5542469.4047027044, "right": 1263593.8968747612, "bottom": 5542369.4047027044, "row_index": 17, "col_index": 26, "Union_area": 3049.7738328657579, "Union_pc": 30.497738328612133, "rifter_edif_pl_area": 5714.5741552338004, "rifter_edif_pl_pc": 57.145741552252851, "aree-stradali-modified_area": 241.02276584506035, "aree-stradali-modified_pc": 2.4102276584470119, "Single parts_area": 1121.9710163866403, "Single parts_pc": 11.219710163849683, "Dissolved_area": 0.0, "Dissolved_pc": 0.0, "free_space_number": 11.0 }, "geometry": { "type": "Polygon", "coordinates": [ [ [ 1263493.896874761208892, 5542469.404702704399824 ], [ 1263593.896874761208892, 5542469.404702704399824 ], [ 1263593.896874761208892, 5542369.404702704399824 ], [ 1263493.896874761208892, 5542369.404702704399824 ], [ 1263493.896874761208892, 5542469.404702704399824 ] ] ] } },
{ "type": "Feature", "properties": { "id": 948, "left": 1263593.8968747612, "top": 5543969.4047027044, "right": 1263693.8968747612, "bottom": 5543869.4047027044, "row_index": 2, "col_index": 27, "Union_area": 0.0, "Union_pc": 0.0, "rifter_edif_pl_area": 0.0, "rifter_edif_pl_pc": 0.0, "aree-stradali-modified_area": 0.0, "aree-stradali-modified_pc": 0.0, "Single parts_area": 691.04610330238938, "Single parts_pc": 6.910461033013596, "Dissolved_area": 9308.9538966976106, "Dissolved_pc": 93.089538966837395, "free_space_number": 3.0 }, "geometry": { "type": "Polygon", "coordinates": [ [ [ 1263593.896874761208892, 5543969.404702704399824 ], [ 1263693.896874761208892, 5543969.404702704399824 ], [ 1263693.896874761208892, 5543869.404702704399824 ], [ 1263593.896874761208892, 5543869.404702704399824 ], [ 1263593.896874761208892, 5543969.404702704399824 ] ] ] } },
{ "type": "Feature", "properties": { "id": 949, "left": 1263593.8968747612, "top": 5543869.4047027044, "right": 1263693.8968747612, "bottom": 5543769.4047027044, "row_index": 3, "col_index": 27, "Union_area": 1792.7340188967064, "Union_pc": 17.927340188940349, "rifter_edif_pl_area": 1304.1447993787006, "rifter_edif_pl_pc": 13.041447993767573, "aree-stradali-modified_area": 1401.5928245848045, "aree-stradali-modified_pc": 14.01592824582716, "Single parts_area": 2546.5673803317695, "Single parts_pc": 25.465673803279749, "Dissolved_area": 3190.2351192235947, "Dissolved_pc": 31.902351192188409, "free_space_number": 5.0 }, "geometry": { "type": "Polygon", "coordinates": [ [ [ 1263593.896874761208892, 5543869.404702704399824 ], [ 1263693.896874761208892, 5543869.404702704399824 ], [ 1263693.896874761208892, 5543769.404702704399824 ], [ 1263593.896874761208892, 5543769.404702704399824 ], [ 1263593.896874761208892, 5543869.404702704399824 ] ] ] } },
{ "type": "Feature", "properties": { "id": 950, "left": 1263593.8968747612, "top": 5543769.4047027044, "right": 1263693.8968747612, "bottom": 5543669.4047027044, "row_index": 4, "col_index": 27, "Union_area": 34.775759526062757, "Union_pc": 0.34775759526010935, "rifter_edif_pl_area": 2464.3313738340512, "rifter_edif_pl_pc": 24.643313738303789, "aree-stradali-modified_area": 0.0, "aree-stradali-modified_pc": 0.0, "Single parts_area": 7500.8928665593266, "Single parts_pc": 75.008928665481491, "Dissolved_area": 0.0, "Dissolved_pc": 0.0, "free_space_number": 4.0 }, "geometry": { "type": "Polygon", "coordinates": [ [ [ 1263593.896874761208892, 5543769.404702704399824 ], [ 1263693.896874761208892, 5543769.404702704399824 ], [ 1263693.896874761208892, 5543669.404702704399824 ], [ 1263593.896874761208892, 5543669.404702704399824 ], [ 1263593.896874761208892, 5543769.404702704399824 ] ] ] } },
{ "type": "Feature", "properties": { "id": 951, "left": 1263593.8968747612, "top": 5543669.4047027044, "right": 1263693.8968747612, "bottom": 5543569.4047027044, "row_index": 5, "col_index": 27, "Union_area": 1252.5443529970944, "Union_pc": 12.52544352995228, "rifter_edif_pl_area": 829.63403217773885, "rifter_edif_pl_pc": 8.296340321765026, "aree-stradali-modified_area": 3118.4676546705887, "aree-stradali-modified_pc": 31.184676546659418, "Single parts_area": 5242.7501135724597, "Single parts_pc": 52.427501135646473, "Dissolved_area": 0.0, "Dissolved_pc": 0.0, "free_space_number": 3.0 }, "geometry": { "type": "Polygon", "coordinates": [ [ [ 1263593.896874761208892, 5543669.404702704399824 ], [ 1263693.896874761208892, 5543669.404702704399824 ], [ 1263693.896874761208892, 5543569.404702704399824 ], [ 1263593.896874761208892, 5543569.404702704399824 ], [ 1263593.896874761208892, 5543669.404702704399824 ] ] ] } },
{ "type": "Feature", "properties": { "id": 952, "left": 1263593.8968747612, "top": 5543569.4047027044, "right": 1263693.8968747612, "bottom": 5543469.4047027044, "row_index": 6, "col_index": 27, "Union_area": 941.85453059780411, "Union_pc": 9.4185453059640061, "rifter_edif_pl_area": 3657.3058108305559, "rifter_edif_pl_pc": 36.573058108251061, "aree-stradali-modified_area": 4198.5033614635468, "aree-stradali-modified_pc": 41.985033614572906, "Single parts_area": 1512.4873629901417, "Single parts_pc": 15.124873629878881, "Dissolved_area": 0.0, "Dissolved_pc": 0.0, "free_space_number": 7.0 }, "geometry": { "type": "Polygon", "coordinates": [ [ [ 1263593.896874761208892, 5543569.404702704399824 ], [ 1263693.896874761208892, 5543569.404702704399824 ], [ 1263693.896874761208892, 5543469.404702704399824 ], [ 1263593.896874761208892, 5543469.404702704399824 ], [ 1263593.896874761208892, 5543569.404702704399824 ] ] ] } },
{ "type": "Feature", "properties": { "id": 953, "left": 1263593.8968747612, "top": 5543469.4047027044, "right": 1263693.8968747612, "bottom": 5543369.4047027044, "row_index": 7, "col_index": 27, "Union_area": 946.83589439000934, "Union_pc": 9.4683589438859848, "rifter_edif_pl_area": 5055.8587401909754, "rifter_edif_pl_pc": 50.558587401834416, "aree-stradali-modified_area": 1611.9427143922076, "aree-stradali-modified_pc": 16.119427143898054, "Single parts_area": 2432.5013817304566, "Single parts_pc": 24.325013817268317, "Dissolved_area": 0.0, "Dissolved_pc": 0.0, "free_space_number": 7.0 }, "geometry": { "type": "Polygon", "coordinates": [ [ [ 1263593.896874761208892, 5543469.404702704399824 ], [ 1263693.896874761208892, 5543469.404702704399824 ], [ 1263693.896874761208892, 5543369.404702704399824 ], [ 1263593.896874761208892, 5543369.404702704399824 ], [ 1263593.896874761208892, 5543469.404702704399824 ] ] ] } },
{ "type": "Feature", "properties": { "id": 954, "left": 1263593.8968747612, "top": 5543369.4047027044, "right": 1263693.8968747612, "bottom": 5543269.4047027044, "row_index": 8, "col_index": 27, "Union_area": 332.31896076351404, "Union_pc": 3.3231896076301886, "rifter_edif_pl_area": 5431.7235993165523, "rifter_edif_pl_pc": 54.317235993084587, "aree-stradali-modified_area": 2086.7875356897712, "aree-stradali-modified_pc": 20.867875356866616, "Single parts_area": 2152.5968327566002, "Single parts_pc": 21.525968327533924, "Dissolved_area": 0.0, "Dissolved_pc": 0.0, "free_space_number": 14.0 }, "geometry": { "type": "Polygon", "coordinates": [ [ [ 1263593.896874761208892, 5543369.404702704399824 ], [ 1263693.896874761208892, 5543369.404702704399824 ], [ 1263693.896874761208892, 5543269.404702704399824 ], [ 1263593.896874761208892, 5543269.404702704399824 ], [ 1263593.896874761208892, 5543369.404702704399824 ] ] ] } },
{ "type": "Feature", "properties": { "id": 955, "left": 1263593.8968747612, "top": 5543269.4047027044, "right": 1263693.8968747612, "bottom": 5543169.4047027044, "row_index": 9, "col_index": 27, "Union_area": 1155.8078955262899, "Union_pc": 11.558078955245676, "rifter_edif_pl_area": 5164.3408516896889, "rifter_edif_pl_pc": 51.643408516819932, "aree-stradali-modified_area": 1092.6168481856585, "aree-stradali-modified_pc": 10.926168481840303, "Single parts_area": 2617.0989594605053, "Single parts_pc": 26.170989594566056, "Dissolved_area": 0.0, "Dissolved_pc": 0.0, "free_space_number": 7.0 }, "geometry": { "type": "Polygon", "coordinates": [ [ [ 1263593.896874761208892, 5543269.404702704399824 ], [ 1263693.896874761208892, 5543269.404702704399824 ], [ 1263693.896874761208892, 5543169.404702704399824 ], [ 1263593.896874761208892, 5543169.404702704399824 ], [ 1263593.896874761208892, 5543269.404702704399824 ] ] ] } },
{ "type": "Feature", "properties": { "id": 956, "left": 1263593.8968747612, "top": 5543169.4047027044, "right": 1263693.8968747612, "bottom": 5543069.4047027044, "row_index": 10, "col_index": 27, "Union_area": 1517.0689688995481, "Union_pc": 15.170689688972875, "rifter_edif_pl_area": 5654.3972762580961, "rifter_edif_pl_pc": 56.543972762496701, "aree-stradali-modified_area": 688.81424251198769, "aree-stradali-modified_pc": 6.8881424251096126, "Single parts_area": 2166.9160178048173, "Single parts_pc": 21.669160178015883, "Dissolved_area": 0.0, "Dissolved_pc": 0.0, "free_space_number": 11.0 }, "geometry": { "type": "Polygon", "coordinates": [ [ [ 1263593.896874761208892, 5543169.404702704399824 ], [ 1263693.896874761208892, 5543169.404702704399824 ], [ 1263693.896874761208892, 5543069.404702704399824 ], [ 1263593.896874761208892, 5543069.404702704399824 ], [ 1263593.896874761208892, 5543169.404702704399824 ] ] ] } },
{ "type": "Feature", "properties": { "id": 957, "left": 1263593.8968747612, "top": 5543069.4047027044, "right": 1263693.8968747612, "bottom": 5542969.4047027044, "row_index": 11, "col_index": 27, "Union_area": 1946.3566312026232, "Union_pc": 19.46356631199723, "rifter_edif_pl_area": 3149.6371621731669, "rifter_edif_pl_pc": 31.496371621684734, "aree-stradali-modified_area": 3280.519694596529, "aree-stradali-modified_pc": 32.805196945916407, "Single parts_area": 1649.6450350490463, "Single parts_pc": 16.496450350465881, "Dissolved_area": 0.0, "Dissolved_pc": 0.0, "free_space_number": 8.0 }, "geometry": { "type": "Polygon", "coordinates": [ [ [ 1263593.896874761208892, 5543069.404702704399824 ], [ 1263693.896874761208892, 5543069.404702704399824 ], [ 1263693.896874761208892, 5542969.404702704399824 ], [ 1263593.896874761208892, 5542969.404702704399824 ], [ 1263593.896874761208892, 5543069.404702704399824 ] ] ] } },
{ "type": "Feature", "properties": { "id": 958, "left": 1263593.8968747612, "top": 5542969.4047027044, "right": 1263693.8968747612, "bottom": 5542869.4047027044, "row_index": 12, "col_index": 27, "Union_area": 1863.1583165097982, "Union_pc": 18.631583165070218, "rifter_edif_pl_area": 4703.2294847620651, "rifter_edif_pl_pc": 47.032294847550567, "aree-stradali-modified_area": 0.0, "aree-stradali-modified_pc": 0.0, "Single parts_area": 3473.2244044523104, "Single parts_pc": 34.732244044471351, "Dissolved_area": 0.0, "Dissolved_pc": 0.0, "free_space_number": 7.0 }, "geometry": { "type": "Polygon", "coordinates": [ [ [ 1263593.896874761208892, 5542969.404702704399824 ], [ 1263693.896874761208892, 5542969.404702704399824 ], [ 1263693.896874761208892, 5542869.404702704399824 ], [ 1263593.896874761208892, 5542869.404702704399824 ], [ 1263593.896874761208892, 5542969.404702704399824 ] ] ] } },
{ "type": "Feature", "properties": { "id": 959, "left": 1263593.8968747612, "top": 5542869.4047027044, "right": 1263693.8968747612, "bottom": 5542769.4047027044, "row_index": 13, "col_index": 27, "Union_area": 0.0, "Union_pc": 0.0, "rifter_edif_pl_area": 7127.6032360618701, "rifter_edif_pl_pc": 71.276032360512488, "aree-stradali-modified_area": 1533.7051445394754, "aree-stradali-modified_pc": 15.3370514453719, "Single parts_area": 1338.7274640097748, "Single parts_pc": 13.3872746400778, "Dissolved_area": 0.0, "Dissolved_pc": 0.0, "free_space_number": 17.0 }, "geometry": { "type": "Polygon", "coordinates": [ [ [ 1263593.896874761208892, 5542869.404702704399824 ], [ 1263693.896874761208892, 5542869.404702704399824 ], [ 1263693.896874761208892, 5542769.404702704399824 ], [ 1263593.896874761208892, 5542769.404702704399824 ], [ 1263593.896874761208892, 5542869.404702704399824 ] ] ] } },
{ "type": "Feature", "properties": { "id": 960, "left": 1263593.8968747612, "top": 5542769.4047027044, "right": 1263693.8968747612, "bottom": 5542669.4047027044, "row_index": 14, "col_index": 27, "Union_area": 972.14239272847772, "Union_pc": 9.7214239272702905, "rifter_edif_pl_area": 5021.712510199286, "rifter_edif_pl_pc": 50.217125101918029, "aree-stradali-modified_area": 0.0, "aree-stradali-modified_pc": 0.0, "Single parts_area": 4034.4649934526533, "Single parts_pc": 40.344649934466418, "Dissolved_area": 0.0, "Dissolved_pc": 0.0, "free_space_number": 8.0 }, "geometry": { "type": "Polygon", "coordinates": [ [ [ 1263593.896874761208892, 5542769.404702704399824 ], [ 1263693.896874761208892, 5542769.404702704399824 ], [ 1263693.896874761208892, 5542669.404702704399824 ], [ 1263593.896874761208892, 5542669.404702704399824 ], [ 1263593.896874761208892, 5542769.404702704399824 ] ] ] } },
{ "type": "Feature", "properties": { "id": 961, "left": 1263593.8968747612, "top": 5542669.4047027044, "right": 1263693.8968747612, "bottom": 5542569.4047027044, "row_index": 15, "col_index": 27, "Union_area": 0.0, "Union_pc": 0.0, "rifter_edif_pl_area": 6990.2723220400512, "rifter_edif_pl_pc": 69.902723220296352, "aree-stradali-modified_area": 2021.9922214383259, "aree-stradali-modified_pc": 20.219922214353129, "Single parts_area": 868.60674582710317, "Single parts_pc": 8.6860674582580888, "Dissolved_area": 0.0, "Dissolved_pc": 0.0, "free_space_number": 14.0 }, "geometry": { "type": "Polygon", "coordinates": [ [ [ 1263593.896874761208892, 5542669.404702704399824 ], [ 1263693.896874761208892, 5542669.404702704399824 ], [ 1263693.896874761208892, 5542569.404702704399824 ], [ 1263593.896874761208892, 5542569.404702704399824 ], [ 1263593.896874761208892, 5542669.404702704399824 ] ] ] } },
{ "type": "Feature", "properties": { "id": 962, "left": 1263593.8968747612, "top": 5542569.4047027044, "right": 1263693.8968747612, "bottom": 5542469.4047027044, "row_index": 16, "col_index": 27, "Union_area": 0.0, "Union_pc": 0.0, "rifter_edif_pl_area": 6559.8337397263385, "rifter_edif_pl_pc": 65.598337397165636, "aree-stradali-modified_area": 2063.6864411830902, "aree-stradali-modified_pc": 20.636864411800151, "Single parts_area": 1293.7110875921096, "Single parts_pc": 12.937110875901817, "Dissolved_area": 0.0, "Dissolved_pc": 0.0, "free_space_number": 15.0 }, "geometry": { "type": "Polygon", "coordinates": [ [ [ 1263593.896874761208892, 5542569.404702704399824 ], [ 1263693.896874761208892, 5542569.404702704399824 ], [ 1263693.896874761208892, 5542469.404702704399824 ], [ 1263593.896874761208892, 5542469.404702704399824 ], [ 1263593.896874761208892, 5542569.404702704399824 ] ] ] } },
{ "type": "Feature", "properties": { "id": 963, "left": 1263593.8968747612, "top": 5542469.4047027044, "right": 1263693.8968747612, "bottom": 5542369.4047027044, "row_index": 17, "col_index": 27, "Union_area": 0.0, "Union_pc": 0.0, "rifter_edif_pl_area": 7322.494427530095, "rifter_edif_pl_pc": 73.224944275191831, "aree-stradali-modified_area": 1463.1629640571773, "aree-stradali-modified_pc": 14.631629640549971, "Single parts_area": 1214.3618919309229, "Single parts_pc": 12.143618919291134, "Dissolved_area": 0.0, "Dissolved_pc": 0.0, "free_space_number": 20.0 }, "geometry": { "type": "Polygon", "coordinates": [ [ [ 1263593.896874761208892, 5542469.404702704399824 ], [ 1263693.896874761208892, 5542469.404702704399824 ], [ 1263693.896874761208892, 5542369.404702704399824 ], [ 1263593.896874761208892, 5542369.404702704399824 ], [ 1263593.896874761208892, 5542469.404702704399824 ] ] ] } },
{ "type": "Feature", "properties": { "id": 964, "left": 1263593.8968747612, "top": 5542369.4047027044, "right": 1263693.8968747612, "bottom": 5542269.4047027044, "row_index": 18, "col_index": 27, "Union_area": 523.90870355255902, "Union_pc": 5.239087035517783, "rifter_edif_pl_area": 6735.09184079431, "rifter_edif_pl_pc": 67.350918407842741, "aree-stradali-modified_area": 750.11001967638731, "aree-stradali-modified_pc": 7.501100196752696, "Single parts_area": 2023.1593894176185, "Single parts_pc": 20.231593894146037, "Dissolved_area": 0.0, "Dissolved_pc": 0.0, "free_space_number": 7.0 }, "geometry": { "type": "Polygon", "coordinates": [ [ [ 1263593.896874761208892, 5542369.404702704399824 ], [ 1263693.896874761208892, 5542369.404702704399824 ], [ 1263693.896874761208892, 5542269.404702704399824 ], [ 1263593.896874761208892, 5542269.404702704399824 ], [ 1263593.896874761208892, 5542369.404702704399824 ] ] ] } },
{ "type": "Feature", "properties": { "id": 965, "left": 1263593.8968747612, "top": 5542269.4047027044, "right": 1263693.8968747612, "bottom": 5542169.4047027044, "row_index": 19, "col_index": 27, "Union_area": 0.0, "Union_pc": 0.0, "rifter_edif_pl_area": 5460.9215893400833, "rifter_edif_pl_pc": 54.609215893319458, "aree-stradali-modified_area": 3840.5550271943212, "aree-stradali-modified_pc": 38.405550271885986, "Single parts_area": 807.51975431013852, "Single parts_pc": 8.0751975430893523, "Dissolved_area": 0.0, "Dissolved_pc": 0.0, "free_space_number": 12.0 }, "geometry": { "type": "Polygon", "coordinates": [ [ [ 1263593.896874761208892, 5542269.404702704399824 ], [ 1263693.896874761208892, 5542269.404702704399824 ], [ 1263693.896874761208892, 5542169.404702704399824 ], [ 1263593.896874761208892, 5542169.404702704399824 ], [ 1263593.896874761208892, 5542269.404702704399824 ] ] ] } },
{ "type": "Feature", "properties": { "id": 966, "left": 1263593.8968747612, "top": 5542169.4047027044, "right": 1263693.8968747612, "bottom": 5542069.4047027044, "row_index": 20, "col_index": 27, "Union_area": 99.303268940187991, "Union_pc": 0.99303268940040013, "rifter_edif_pl_area": 5410.1943774651736, "rifter_edif_pl_pc": 54.101943774571119, "aree-stradali-modified_area": 4301.1176604628563, "aree-stradali-modified_pc": 43.011176604564469, "Single parts_area": 497.45012447267072, "Single parts_pc": 4.9745012447192947, "Dissolved_area": 0.0, "Dissolved_pc": 0.0, "free_space_number": 11.0 }, "geometry": { "type": "Polygon", "coordinates": [ [ [ 1263593.896874761208892, 5542169.404702704399824 ], [ 1263693.896874761208892, 5542169.404702704399824 ], [ 1263693.896874761208892, 5542069.404702704399824 ], [ 1263593.896874761208892, 5542069.404702704399824 ], [ 1263593.896874761208892, 5542169.404702704399824 ] ] ] } },
{ "type": "Feature", "properties": { "id": 967, "left": 1263593.8968747612, "top": 5542069.4047027044, "right": 1263693.8968747612, "bottom": 5541969.4047027044, "row_index": 21, "col_index": 27, "Union_area": 571.39211819693446, "Union_pc": 5.7139211819608304, "rifter_edif_pl_area": 5089.5708916108124, "rifter_edif_pl_pc": 50.895708916032284, "aree-stradali-modified_area": 3957.2161834202707, "aree-stradali-modified_pc": 39.572161834143742, "Single parts_area": 589.7943145978993, "Single parts_pc": 5.8979431459702045, "Dissolved_area": 0.0, "Dissolved_pc": 0.0, "free_space_number": 11.0 }, "geometry": { "type": "Polygon", "coordinates": [ [ [ 1263593.896874761208892, 5542069.404702704399824 ], [ 1263693.896874761208892, 5542069.404702704399824 ], [ 1263693.896874761208892, 5541969.404702704399824 ], [ 1263593.896874761208892, 5541969.404702704399824 ], [ 1263593.896874761208892, 5542069.404702704399824 ] ] ] } },
{ "type": "Feature", "properties": { "id": 968, "left": 1263593.8968747612, "top": 5541969.4047027044, "right": 1263693.8968747612, "bottom": 5541869.4047027044, "row_index": 22, "col_index": 27, "Union_area": 395.83678040653467, "Union_pc": 3.9583678040594483, "rifter_edif_pl_area": 5235.77581017802, "rifter_edif_pl_pc": 52.357758101702181, "aree-stradali-modified_area": 3070.4452866986394, "aree-stradali-modified_pc": 30.704452866940642, "Single parts_area": 1317.9177493150817, "Single parts_pc": 13.17917749313118, "Dissolved_area": 0.0, "Dissolved_pc": 0.0, "free_space_number": 7.0 }, "geometry": { "type": "Polygon", "coordinates": [ [ [ 1263593.896874761208892, 5541969.404702704399824 ], [ 1263693.896874761208892, 5541969.404702704399824 ], [ 1263693.896874761208892, 5541869.404702704399824 ], [ 1263593.896874761208892, 5541869.404702704399824 ], [ 1263593.896874761208892, 5541969.404702704399824 ] ] ] } },
{ "type": "Feature", "properties": { "id": 983, "left": 1263693.8968747612, "top": 5543969.4047027044, "right": 1263793.8968747612, "bottom": 5543869.4047027044, "row_index": 2, "col_index": 28, "Union_area": 0.0, "Union_pc": 0.0, "rifter_edif_pl_area": 3262.0295912344009, "rifter_edif_pl_pc": 32.620295912295404, "aree-stradali-modified_area": 0.0, "aree-stradali-modified_pc": 0.0, "Single parts_area": 3866.5071902312338, "Single parts_pc": 38.665071902254724, "Dissolved_area": 3174.9520880542696, "Dissolved_pc": 31.749520880495385, "free_space_number": 3.0 }, "geometry": { "type": "Polygon", "coordinates": [ [ [ 1263693.896874761208892, 5543969.404702704399824 ], [ 1263793.896874761208892, 5543969.404702704399824 ], [ 1263793.896874761208892, 5543869.404702704399824 ], [ 1263693.896874761208892, 5543869.404702704399824 ], [ 1263693.896874761208892, 5543969.404702704399824 ] ] ] } },
{ "type": "Feature", "properties": { "id": 984, "left": 1263693.8968747612, "top": 5543869.4047027044, "right": 1263793.8968747612, "bottom": 5543769.4047027044, "row_index": 3, "col_index": 28, "Union_area": 343.16025802120566, "Union_pc": 3.4316025802069432, "rifter_edif_pl_area": 205.03088208287954, "rifter_edif_pl_pc": 2.0503088208257401, "aree-stradali-modified_area": 104.51467891037464, "aree-stradali-modified_pc": 1.0451467891021891, "Single parts_area": 3496.950428311713, "Single parts_pc": 34.969504283065021, "Dissolved_area": 6109.1360640525818, "Dissolved_pc": 61.091360640434786, "free_space_number": 4.0 }, "geometry": { "type": "Polygon", "coordinates": [ [ [ 1263693.896874761208892, 5543869.404702704399824 ], [ 1263793.896874761208892, 5543869.404702704399824 ], [ 1263793.896874761208892, 5543769.404702704399824 ], [ 1263693.896874761208892, 5543769.404702704399824 ], [ 1263693.896874761208892, 5543869.404702704399824 ] ] ] } },
{ "type": "Feature", "properties": { "id": 985, "left": 1263693.8968747612, "top": 5543769.4047027044, "right": 1263793.8968747612, "bottom": 5543669.4047027044, "row_index": 4, "col_index": 28, "Union_area": 896.00340647017583, "Union_pc": 8.960034064688406, "rifter_edif_pl_area": 4403.7077012346126, "rifter_edif_pl_pc": 44.037077012280506, "aree-stradali-modified_area": 1575.867875687778, "aree-stradali-modified_pc": 15.758678756854298, "Single parts_area": 3241.1707286787091, "Single parts_pc": 32.411707286738796, "Dissolved_area": 0.0, "Dissolved_pc": 0.0, "free_space_number": 5.0 }, "geometry": { "type": "Polygon", "coordinates": [ [ [ 1263693.896874761208892, 5543769.404702704399824 ], [ 1263793.896874761208892, 5543769.404702704399824 ], [ 1263793.896874761208892, 5543669.404702704399824 ], [ 1263693.896874761208892, 5543669.404702704399824 ], [ 1263693.896874761208892, 5543769.404702704399824 ] ] ] } },
{ "type": "Feature", "properties": { "id": 986, "left": 1263693.8968747612, "top": 5543669.4047027044, "right": 1263793.8968747612, "bottom": 5543569.4047027044, "row_index": 5, "col_index": 28, "Union_area": 2534.8695245869458, "Union_pc": 25.348695245831685, "rifter_edif_pl_area": 4217.5286295842379, "rifter_edif_pl_pc": 42.175286295779536, "aree-stradali-modified_area": 13.42263276129961, "aree-stradali-modified_pc": 0.1342263276127961, "Single parts_area": 3239.0682774991728, "Single parts_pc": 32.390682774943464, "Dissolved_area": 0.0, "Dissolved_pc": 0.0, "free_space_number": 3.0 }, "geometry": { "type": "Polygon", "coordinates": [ [ [ 1263693.896874761208892, 5543669.404702704399824 ], [ 1263793.896874761208892, 5543669.404702704399824 ], [ 1263793.896874761208892, 5543569.404702704399824 ], [ 1263693.896874761208892, 5543569.404702704399824 ], [ 1263693.896874761208892, 5543669.404702704399824 ] ] ] } },
{ "type": "Feature", "properties": { "id": 987, "left": 1263693.8968747612, "top": 5543569.4047027044, "right": 1263793.8968747612, "bottom": 5543469.4047027044, "row_index": 6, "col_index": 28, "Union_area": 1743.6840022478718, "Union_pc": 17.436840022452735, "rifter_edif_pl_area": 579.10873114084825, "rifter_edif_pl_pc": 5.7910873113998527, "aree-stradali-modified_area": 3441.7101919758134, "aree-stradali-modified_pc": 34.417101919706845, "Single parts_area": 846.94673548768469, "Single parts_pc": 8.4694673548642267, "Dissolved_area": 0.0, "Dissolved_pc": 0.0, "free_space_number": 9.0 }, "geometry": { "type": "Polygon", "coordinates": [ [ [ 1263693.896874761208892, 5543569.404702704399824 ], [ 1263793.896874761208892, 5543569.404702704399824 ], [ 1263793.896874761208892, 5543469.404702704399824 ], [ 1263693.896874761208892, 5543469.404702704399824 ], [ 1263693.896874761208892, 5543569.404702704399824 ] ] ] } },
{ "type": "Feature", "properties": { "id": 988, "left": 1263693.8968747612, "top": 5543469.4047027044, "right": 1263793.8968747612, "bottom": 5543369.4047027044, "row_index": 7, "col_index": 28, "Union_area": 0.0, "Union_pc": 0.0, "rifter_edif_pl_area": 4896.9555621002801, "rifter_edif_pl_pc": 48.969555620929832, "aree-stradali-modified_area": 1933.5238035293296, "aree-stradali-modified_pc": 19.335238035264485, "Single parts_area": 1329.0926884423056, "Single parts_pc": 13.290926884403252, "Dissolved_area": 0.0, "Dissolved_pc": 0.0, "free_space_number": 5.0 }, "geometry": { "type": "Polygon", "coordinates": [ [ [ 1263693.896874761208892, 5543469.404702704399824 ], [ 1263793.896874761208892, 5543469.404702704399824 ], [ 1263793.896874761208892, 5543369.404702704399824 ], [ 1263693.896874761208892, 5543369.404702704399824 ], [ 1263693.896874761208892, 5543469.404702704399824 ] ] ] } },
{ "type": "Feature", "properties": { "id": 989, "left": 1263693.8968747612, "top": 5543369.4047027044, "right": 1263793.8968747612, "bottom": 5543269.4047027044, "row_index": 8, "col_index": 28, "Union_area": 50.74617312848568, "Union_pc": 0.50746173128410066, "rifter_edif_pl_area": 5409.7445889310911, "rifter_edif_pl_pc": 54.097445889230301, "aree-stradali-modified_area": 182.71379895508289, "aree-stradali-modified_pc": 1.8271379895481064, "Single parts_area": 4359.5722935471458, "Single parts_pc": 43.595722935406492, "Dissolved_area": 0.0, "Dissolved_pc": 0.0, "free_space_number": 3.0 }, "geometry": { "type": "Polygon", "coordinates": [ [ [ 1263693.896874761208892, 5543369.404702704399824 ], [ 1263793.896874761208892, 5543369.404702704399824 ], [ 1263793.896874761208892, 5543269.404702704399824 ], [ 1263693.896874761208892, 5543269.404702704399824 ], [ 1263693.896874761208892, 5543369.404702704399824 ] ] ] } },
{ "type": "Feature", "properties": { "id": 990, "left": 1263693.8968747612, "top": 5543269.4047027044, "right": 1263793.8968747612, "bottom": 5543169.4047027044, "row_index": 9, "col_index": 28, "Union_area": 4402.6536361086182, "Union_pc": 44.026536361020575, "rifter_edif_pl_area": 2493.2515566814691, "rifter_edif_pl_pc": 24.932515566777539, "aree-stradali-modified_area": 0.0, "aree-stradali-modified_pc": 0.0, "Single parts_area": 3153.4680008908035, "Single parts_pc": 31.534680008861045, "Dissolved_area": 0.0, "Dissolved_pc": 0.0, "free_space_number": 8.0 }, "geometry": { "type": "Polygon", "coordinates": [ [ [ 1263693.896874761208892, 5543269.404702704399824 ], [ 1263793.896874761208892, 5543269.404702704399824 ], [ 1263793.896874761208892, 5543169.404702704399824 ], [ 1263693.896874761208892, 5543169.404702704399824 ], [ 1263693.896874761208892, 5543269.404702704399824 ] ] ] } },
{ "type": "Feature", "properties": { "id": 991, "left": 1263693.8968747612, "top": 5543169.4047027044, "right": 1263793.8968747612, "bottom": 5543069.4047027044, "row_index": 10, "col_index": 28, "Union_area": 3060.8840588657185, "Union_pc": 30.608840588611574, "rifter_edif_pl_area": 2624.6824771417305, "rifter_edif_pl_pc": 26.246824771378193, "aree-stradali-modified_area": 0.0, "aree-stradali-modified_pc": 0.0, "Single parts_area": 4314.433464035159, "Single parts_pc": 43.144334640287298, "Dissolved_area": 0.0, "Dissolved_pc": 0.0, "free_space_number": 5.0 }, "geometry": { "type": "Polygon", "coordinates": [ [ [ 1263693.896874761208892, 5543169.404702704399824 ], [ 1263793.896874761208892, 5543169.404702704399824 ], [ 1263793.896874761208892, 5543069.404702704399824 ], [ 1263693.896874761208892, 5543069.404702704399824 ], [ 1263693.896874761208892, 5543169.404702704399824 ] ] ] } },
{ "type": "Feature", "properties": { "id": 992, "left": 1263693.8968747612, "top": 5543069.4047027044, "right": 1263793.8968747612, "bottom": 5542969.4047027044, "row_index": 11, "col_index": 28, "Union_area": 2653.1324864160269, "Union_pc": 26.531324864120734, "rifter_edif_pl_area": 865.08684621285647, "rifter_edif_pl_pc": 8.6508684621156746, "aree-stradali-modified_area": 4392.3385715819895, "aree-stradali-modified_pc": 43.923385715754442, "Single parts_area": 2141.5066628874047, "Single parts_pc": 21.415066628842137, "Dissolved_area": 0.0, "Dissolved_pc": 0.0, "free_space_number": 7.0 }, "geometry": { "type": "Polygon", "coordinates": [ [ [ 1263693.896874761208892, 5543069.404702704399824 ], [ 1263793.896874761208892, 5543069.404702704399824 ], [ 1263793.896874761208892, 5542969.404702704399824 ], [ 1263693.896874761208892, 5542969.404702704399824 ], [ 1263693.896874761208892, 5543069.404702704399824 ] ] ] } },
{ "type": "Feature", "properties": { "id": 993, "left": 1263693.8968747612, "top": 5542969.4047027044, "right": 1263793.8968747612, "bottom": 5542869.4047027044, "row_index": 12, "col_index": 28, "Union_area": 2004.0934493374079, "Union_pc": 20.040934493344217, "rifter_edif_pl_area": 4707.176004932262, "rifter_edif_pl_pc": 47.071760049252475, "aree-stradali-modified_area": 974.54391287639737, "aree-stradali-modified_pc": 9.7454391287494513, "Single parts_area": 2354.8126873196179, "Single parts_pc": 23.548126873161088, "Dissolved_area": 0.0, "Dissolved_pc": 0.0, "free_space_number": 11.0 }, "geometry": { "type": "Polygon", "coordinates": [ [ [ 1263693.896874761208892, 5542969.404702704399824 ], [ 1263793.896874761208892, 5542969.404702704399824 ], [ 1263793.896874761208892, 5542869.404702704399824 ], [ 1263693.896874761208892, 5542869.404702704399824 ], [ 1263693.896874761208892, 5542969.404702704399824 ] ] ] } },
{ "type": "Feature", "properties": { "id": 994, "left": 1263693.8968747612, "top": 5542869.4047027044, "right": 1263793.8968747612, "bottom": 5542769.4047027044, "row_index": 13, "col_index": 28, "Union_area": 0.0, "Union_pc": 0.0, "rifter_edif_pl_area": 6964.8605358427158, "rifter_edif_pl_pc": 69.64860535832338, "aree-stradali-modified_area": 2032.745573207736, "aree-stradali-modified_pc": 20.327455732047071, "Single parts_area": 1002.4471458459099, "Single parts_pc": 10.024471458444161, "Dissolved_area": 0.0, "Dissolved_pc": 0.0, "free_space_number": 17.0 }, "geometry": { "type": "Polygon", "coordinates": [ [ [ 1263693.896874761208892, 5542869.404702704399824 ], [ 1263793.896874761208892, 5542869.404702704399824 ], [ 1263793.896874761208892, 5542769.404702704399824 ], [ 1263693.896874761208892, 5542769.404702704399824 ], [ 1263693.896874761208892, 5542869.404702704399824 ] ] ] } },
{ "type": "Feature", "properties": { "id": 995, "left": 1263693.8968747612, "top": 5542769.4047027044, "right": 1263793.8968747612, "bottom": 5542669.4047027044, "row_index": 14, "col_index": 28, "Union_area": 0.0, "Union_pc": 0.0, "rifter_edif_pl_area": 5483.3381229897495, "rifter_edif_pl_pc": 54.833381229815785, "aree-stradali-modified_area": 640.77665134519339, "aree-stradali-modified_pc": 6.4077665134423851, "Single parts_area": 3876.0622308444913, "Single parts_pc": 38.760622308387155, "Dissolved_area": 0.0, "Dissolved_pc": 0.0, "free_space_number": 8.0 }, "geometry": { "type": "Polygon", "coordinates": [ [ [ 1263693.896874761208892, 5542769.404702704399824 ], [ 1263793.896874761208892, 5542769.404702704399824 ], [ 1263793.896874761208892, 5542669.404702704399824 ], [ 1263693.896874761208892, 5542669.404702704399824 ], [ 1263693.896874761208892, 5542769.404702704399824 ] ] ] } },
{ "type": "Feature", "properties": { "id": 996, "left": 1263693.8968747612, "top": 5542669.4047027044, "right": 1263793.8968747612, "bottom": 5542569.4047027044, "row_index": 15, "col_index": 28, "Union_area": 473.65898919850588, "Union_pc": 4.7365898919780003, "rifter_edif_pl_area": 6351.3604861418717, "rifter_edif_pl_pc": 63.513604861324076, "aree-stradali-modified_area": 431.10979424417019, "aree-stradali-modified_pc": 4.3110979424352776, "Single parts_area": 2751.1806326974183, "Single parts_pc": 27.511806326933186, "Dissolved_area": 0.0, "Dissolved_pc": 0.0, "free_space_number": 7.0 }, "geometry": { "type": "Polygon", "coordinates": [ [ [ 1263693.896874761208892, 5542669.404702704399824 ], [ 1263793.896874761208892, 5542669.404702704399824 ], [ 1263793.896874761208892, 5542569.404702704399824 ], [ 1263693.896874761208892, 5542569.404702704399824 ], [ 1263693.896874761208892, 5542669.404702704399824 ] ] ] } },
{ "type": "Feature", "properties": { "id": 997, "left": 1263693.8968747612, "top": 5542569.4047027044, "right": 1263793.8968747612, "bottom": 5542469.4047027044, "row_index": 16, "col_index": 28, "Union_area": 412.95963161438704, "Union_pc": 4.1295963161377172, "rifter_edif_pl_area": 6108.8272865479812, "rifter_edif_pl_pc": 61.088272865388781, "aree-stradali-modified_area": 2168.7775546349585, "aree-stradali-modified_pc": 21.687775546317269, "Single parts_area": 1322.6175427129492, "Single parts_pc": 13.226175427109784, "Dissolved_area": 0.0, "Dissolved_pc": 0.0, "free_space_number": 10.0 }, "geometry": { "type": "Polygon", "coordinates": [ [ [ 1263693.896874761208892, 5542569.404702704399824 ], [ 1263793.896874761208892, 5542569.404702704399824 ], [ 1263793.896874761208892, 5542469.404702704399824 ], [ 1263693.896874761208892, 5542469.404702704399824 ], [ 1263693.896874761208892, 5542569.404702704399824 ] ] ] } },
{ "type": "Feature", "properties": { "id": 998, "left": 1263693.8968747612, "top": 5542469.4047027044, "right": 1263793.8968747612, "bottom": 5542369.4047027044, "row_index": 17, "col_index": 28, "Union_area": 274.89463897049427, "Union_pc": 2.7489463897008464, "rifter_edif_pl_area": 7126.5815877942368, "rifter_edif_pl_pc": 71.265815877836175, "aree-stradali-modified_area": 1342.1781940758228, "aree-stradali-modified_pc": 13.421781940738228, "Single parts_area": 1269.9838963068041, "Single parts_pc": 12.699838963049118, "Dissolved_area": 0.0, "Dissolved_pc": 0.0, "free_space_number": 18.0 }, "geometry": { "type": "Polygon", "coordinates": [ [ [ 1263693.896874761208892, 5542469.404702704399824 ], [ 1263793.896874761208892, 5542469.404702704399824 ], [ 1263793.896874761208892, 5542369.404702704399824 ], [ 1263693.896874761208892, 5542369.404702704399824 ], [ 1263693.896874761208892, 5542469.404702704399824 ] ] ] } },
{ "type": "Feature", "properties": { "id": 999, "left": 1263693.8968747612, "top": 5542369.4047027044, "right": 1263793.8968747612, "bottom": 5542269.4047027044, "row_index": 18, "col_index": 28, "Union_area": 151.77199562266469, "Union_pc": 1.5177199562243853, "rifter_edif_pl_area": 7052.0014353613369, "rifter_edif_pl_pc": 70.520014353508287, "aree-stradali-modified_area": 1234.7656612657011, "aree-stradali-modified_pc": 12.347656612638611, "Single parts_area": 1577.8515589863227, "Single parts_pc": 15.778515589839715, "Dissolved_area": 0.0, "Dissolved_pc": 0.0, "free_space_number": 18.0 }, "geometry": { "type": "Polygon", "coordinates": [ [ [ 1263693.896874761208892, 5542369.404702704399824 ], [ 1263793.896874761208892, 5542369.404702704399824 ], [ 1263793.896874761208892, 5542269.404702704399824 ], [ 1263693.896874761208892, 5542269.404702704399824 ], [ 1263693.896874761208892, 5542369.404702704399824 ] ] ] } },
{ "type": "Feature", "properties": { "id": 1000, "left": 1263693.8968747612, "top": 5542269.4047027044, "right": 1263793.8968747612, "bottom": 5542169.4047027044, "row_index": 19, "col_index": 28, "Union_area": 159.9073473289609, "Union_pc": 1.599073473287226, "rifter_edif_pl_area": 7083.8244453975931, "rifter_edif_pl_pc": 70.838244453870374, "aree-stradali-modified_area": 1985.5838023386896, "aree-stradali-modified_pc": 19.855838023357308, "Single parts_area": 856.01064526021946, "Single parts_pc": 8.560106452589439, "Dissolved_area": 0.0, "Dissolved_pc": 0.0, "free_space_number": 24.0 }, "geometry": { "type": "Polygon", "coordinates": [ [ [ 1263693.896874761208892, 5542269.404702704399824 ], [ 1263793.896874761208892, 5542269.404702704399824 ], [ 1263793.896874761208892, 5542169.404702704399824 ], [ 1263693.896874761208892, 5542169.404702704399824 ], [ 1263693.896874761208892, 5542269.404702704399824 ] ] ] } },
{ "type": "Feature", "properties": { "id": 1001, "left": 1263693.8968747612, "top": 5542169.4047027044, "right": 1263793.8968747612, "bottom": 5542069.4047027044, "row_index": 20, "col_index": 28, "Union_area": 520.19081913202535, "Union_pc": 5.2019081913125023, "rifter_edif_pl_area": 7300.949690464884, "rifter_edif_pl_pc": 73.009496904540043, "aree-stradali-modified_area": 810.12897695787251, "aree-stradali-modified_pc": 8.1012897695666535, "Single parts_area": 1385.1175049545127, "Single parts_pc": 13.851175049524487, "Dissolved_area": 0.0, "Dissolved_pc": 0.0, "free_space_number": 28.0 }, "geometry": { "type": "Polygon", "coordinates": [ [ [ 1263693.896874761208892, 5542169.404702704399824 ], [ 1263793.896874761208892, 5542169.404702704399824 ], [ 1263793.896874761208892, 5542069.404702704399824 ], [ 1263693.896874761208892, 5542069.404702704399824 ], [ 1263693.896874761208892, 5542169.404702704399824 ] ] ] } },
{ "type": "Feature", "properties": { "id": 1002, "left": 1263693.8968747612, "top": 5542069.4047027044, "right": 1263793.8968747612, "bottom": 5541969.4047027044, "row_index": 21, "col_index": 28, "Union_area": 1693.7109663970768, "Union_pc": 16.937109663945531, "rifter_edif_pl_area": 6160.387846856378, "rifter_edif_pl_pc": 61.603878468471983, "aree-stradali-modified_area": 988.35033497586846, "aree-stradali-modified_pc": 9.8835033497439575, "Single parts_area": 1212.3720714823576, "Single parts_pc": 12.12372071480551, "Dissolved_area": 0.0, "Dissolved_pc": 0.0, "free_space_number": 17.0 }, "geometry": { "type": "Polygon", "coordinates": [ [ [ 1263693.896874761208892, 5542069.404702704399824 ], [ 1263793.896874761208892, 5542069.404702704399824 ], [ 1263793.896874761208892, 5541969.404702704399824 ], [ 1263693.896874761208892, 5541969.404702704399824 ], [ 1263693.896874761208892, 5542069.404702704399824 ] ] ] } },
{ "type": "Feature", "properties": { "id": 1003, "left": 1263693.8968747612, "top": 5541969.4047027044, "right": 1263793.8968747612, "bottom": 5541869.4047027044, "row_index": 22, "col_index": 28, "Union_area": 2.8011881690472364, "Union_pc": 0.028011881690430625, "rifter_edif_pl_area": 6652.7651153635234, "rifter_edif_pl_pc": 66.527651153536098, "aree-stradali-modified_area": 1891.7025945223868, "aree-stradali-modified_pc": 18.917025945195679, "Single parts_area": 1452.7384134762688, "Single parts_pc": 14.527384134741039, "Dissolved_area": 0.0, "Dissolved_pc": 0.0, "free_space_number": 14.0 }, "geometry": { "type": "Polygon", "coordinates": [ [ [ 1263693.896874761208892, 5541969.404702704399824 ], [ 1263793.896874761208892, 5541969.404702704399824 ], [ 1263793.896874761208892, 5541869.404702704399824 ], [ 1263693.896874761208892, 5541869.404702704399824 ], [ 1263693.896874761208892, 5541969.404702704399824 ] ] ] } },
{ "type": "Feature", "properties": { "id": 1004, "left": 1263693.8968747612, "top": 5541869.4047027044, "right": 1263793.8968747612, "bottom": 5541769.4047027044, "row_index": 23, "col_index": 28, "Union_area": 109.01249287195969, "Union_pc": 1.0901249287179726, "rifter_edif_pl_area": 7252.7867304012179, "rifter_edif_pl_pc": 72.527867303904102, "aree-stradali-modified_area": 125.65695606917143, "aree-stradali-modified_pc": 1.2565695606898419, "Single parts_area": 2520.7704827284906, "Single parts_pc": 25.207704827247344, "Dissolved_area": 0.0, "Dissolved_pc": 0.0, "free_space_number": 7.0 }, "geometry": { "type": "Polygon", "coordinates": [ [ [ 1263693.896874761208892, 5541869.404702704399824 ], [ 1263793.896874761208892, 5541869.404702704399824 ], [ 1263793.896874761208892, 5541769.404702704399824 ], [ 1263693.896874761208892, 5541769.404702704399824 ], [ 1263693.896874761208892, 5541869.404702704399824 ] ] ] } },
{ "type": "Feature", "properties": { "id": 1019, "left": 1263793.8968747612, "top": 5543869.4047027044, "right": 1263893.8968747612, "bottom": 5543769.4047027044, "row_index": 3, "col_index": 29, "Union_area": 36.45380051061511, "Union_pc": 0.36453800510560791, "rifter_edif_pl_area": 944.18639696203172, "rifter_edif_pl_pc": 9.4418639696062474, "aree-stradali-modified_area": 1291.9704850614071, "aree-stradali-modified_pc": 12.919704850594819, "Single parts_area": 2866.9242526895832, "Single parts_pc": 28.669242526853111, "Dissolved_area": 5518.5781340673566, "Dissolved_pc": 55.185781340591333, "free_space_number": 3.0 }, "geometry": { "type": "Polygon", "coordinates": [ [ [ 1263793.896874761208892, 5543869.404702704399824 ], [ 1263893.896874761208892, 5543869.404702704399824 ], [ 1263893.896874761208892, 5543769.404702704399824 ], [ 1263793.896874761208892, 5543769.404702704399824 ], [ 1263793.896874761208892, 5543869.404702704399824 ] ] ] } },
{ "type": "Feature", "properties": { "id": 1020, "left": 1263793.8968747612, "top": 5543769.4047027044, "right": 1263893.8968747612, "bottom": 5543669.4047027044, "row_index": 4, "col_index": 29, "Union_area": 351.07746651896741, "Union_pc": 3.5107746651844427, "rifter_edif_pl_area": 195.96350217331201, "rifter_edif_pl_pc": 1.9596350217302001, "aree-stradali-modified_area": 3851.2118710875511, "aree-stradali-modified_pc": 38.512118710818122, "Single parts_area": 5546.7790026951116, "Single parts_pc": 55.467790026868464, "Dissolved_area": 381.3332242667675, "Dissolved_pc": 3.8133322426619927, "free_space_number": 5.0 }, "geometry": { "type": "Polygon", "coordinates": [ [ [ 1263793.896874761208892, 5543769.404702704399824 ], [ 1263893.896874761208892, 5543769.404702704399824 ], [ 1263893.896874761208892, 5543669.404702704399824 ], [ 1263793.896874761208892, 5543669.404702704399824 ], [ 1263793.896874761208892, 5543769.404702704399824 ] ] ] } },
{ "type": "Feature", "properties": { "id": 1021, "left": 1263793.8968747612, "top": 5543669.4047027044, "right": 1263893.8968747612, "bottom": 5543569.4047027044, "row_index": 5, "col_index": 29, "Union_area": 657.96494418941438, "Union_pc": 6.5796494418843396, "rifter_edif_pl_area": 2224.5406504573766, "rifter_edif_pl_pc": 22.245406504540618, "aree-stradali-modified_area": 2406.0957924053073, "aree-stradali-modified_pc": 24.06095792401722, "Single parts_area": 4711.3986129723489, "Single parts_pc": 47.113986129653284, "Dissolved_area": 0.0, "Dissolved_pc": 0.0, "free_space_number": 4.0 }, "geometry": { "type": "Polygon", "coordinates": [ [ [ 1263793.896874761208892, 5543669.404702704399824 ], [ 1263893.896874761208892, 5543669.404702704399824 ], [ 1263893.896874761208892, 5543569.404702704399824 ], [ 1263793.896874761208892, 5543569.404702704399824 ], [ 1263793.896874761208892, 5543669.404702704399824 ] ] ] } },
{ "type": "Feature", "properties": { "id": 1022, "left": 1263793.8968747612, "top": 5543569.4047027044, "right": 1263893.8968747612, "bottom": 5543469.4047027044, "row_index": 6, "col_index": 29, "Union_area": 302.61865612864494, "Union_pc": 3.0261865612819401, "rifter_edif_pl_area": 2500.8349070418626, "rifter_edif_pl_pc": 25.00834907038136, "aree-stradali-modified_area": 2401.4300488084555, "aree-stradali-modified_pc": 24.014300488048772, "Single parts_area": 3727.5811633663252, "Single parts_pc": 37.275811633607709, "Dissolved_area": 0.0, "Dissolved_pc": 0.0, "free_space_number": 2.0 }, "geometry": { "type": "Polygon", "coordinates": [ [ [ 1263793.896874761208892, 5543569.404702704399824 ], [ 1263893.896874761208892, 5543569.404702704399824 ], [ 1263893.896874761208892, 5543469.404702704399824 ], [ 1263793.896874761208892, 5543469.404702704399824 ], [ 1263793.896874761208892, 5543569.404702704399824 ] ] ] } },
{ "type": "Feature", "properties": { "id": 1023, "left": 1263793.8968747612, "top": 5543469.4047027044, "right": 1263893.8968747612, "bottom": 5543369.4047027044, "row_index": 7, "col_index": 29, "Union_area": 850.86924044787884, "Union_pc": 8.5086924044661103, "rifter_edif_pl_area": 4618.5261424970813, "rifter_edif_pl_pc": 46.185261424901995, "aree-stradali-modified_area": 2791.1434635818005, "aree-stradali-modified_pc": 27.911434635776413, "Single parts_area": 998.7895308798179, "Single parts_pc": 9.9878953087832958, "Dissolved_area": 0.0, "Dissolved_pc": 0.0, "free_space_number": 4.0 }, "geometry": { "type": "Polygon", "coordinates": [ [ [ 1263793.896874761208892, 5543469.404702704399824 ], [ 1263893.896874761208892, 5543469.404702704399824 ], [ 1263893.896874761208892, 5543369.404702704399824 ], [ 1263793.896874761208892, 5543369.404702704399824 ], [ 1263793.896874761208892, 5543469.404702704399824 ] ] ] } },
{ "type": "Feature", "properties": { "id": 1024, "left": 1263793.8968747612, "top": 5543369.4047027044, "right": 1263893.8968747612, "bottom": 5543269.4047027044, "row_index": 8, "col_index": 29, "Union_area": 4717.7307338044047, "Union_pc": 47.177307337973751, "rifter_edif_pl_area": 2665.6676144581288, "rifter_edif_pl_pc": 26.656676144541567, "aree-stradali-modified_area": 0.0, "aree-stradali-modified_pc": 0.0, "Single parts_area": 2636.8164780028164, "Single parts_pc": 26.368164779988874, "Dissolved_area": 0.0, "Dissolved_pc": 0.0, "free_space_number": 2.0 }, "geometry": { "type": "Polygon", "coordinates": [ [ [ 1263793.896874761208892, 5543369.404702704399824 ], [ 1263893.896874761208892, 5543369.404702704399824 ], [ 1263893.896874761208892, 5543269.404702704399824 ], [ 1263793.896874761208892, 5543269.404702704399824 ], [ 1263793.896874761208892, 5543369.404702704399824 ] ] ] } },
{ "type": "Feature", "properties": { "id": 1025, "left": 1263793.8968747612, "top": 5543269.4047027044, "right": 1263893.8968747612, "bottom": 5543169.4047027044, "row_index": 9, "col_index": 29, "Union_area": 7417.9906599391252, "Union_pc": 74.179906599280713, "rifter_edif_pl_area": 1077.643811378628, "rifter_edif_pl_pc": 10.776438113770222, "aree-stradali-modified_area": 0.0, "aree-stradali-modified_pc": 0.0, "Single parts_area": 1526.2042565628653, "Single parts_pc": 15.262042565605912, "Dissolved_area": 0.0, "Dissolved_pc": 0.0, "free_space_number": 3.0 }, "geometry": { "type": "Polygon", "coordinates": [ [ [ 1263793.896874761208892, 5543269.404702704399824 ], [ 1263893.896874761208892, 5543269.404702704399824 ], [ 1263893.896874761208892, 5543169.404702704399824 ], [ 1263793.896874761208892, 5543169.404702704399824 ], [ 1263793.896874761208892, 5543269.404702704399824 ] ] ] } },
{ "type": "Feature", "properties": { "id": 1026, "left": 1263793.8968747612, "top": 5543169.4047027044, "right": 1263893.8968747612, "bottom": 5543069.4047027044, "row_index": 10, "col_index": 29, "Union_area": 3472.1245748922229, "Union_pc": 34.721245748870487, "rifter_edif_pl_area": 3013.6144749140367, "rifter_edif_pl_pc": 30.136144749095461, "aree-stradali-modified_area": 0.0, "aree-stradali-modified_pc": 0.0, "Single parts_area": 3552.0427317459253, "Single parts_pc": 35.520427317406323, "Dissolved_area": 0.0, "Dissolved_pc": 0.0, "free_space_number": 5.0 }, "geometry": { "type": "Polygon", "coordinates": [ [ [ 1263793.896874761208892, 5543169.404702704399824 ], [ 1263893.896874761208892, 5543169.404702704399824 ], [ 1263893.896874761208892, 5543069.404702704399824 ], [ 1263793.896874761208892, 5543069.404702704399824 ], [ 1263793.896874761208892, 5543169.404702704399824 ] ] ] } },
{ "type": "Feature", "properties": { "id": 1027, "left": 1263793.8968747612, "top": 5543069.4047027044, "right": 1263893.8968747612, "bottom": 5542969.4047027044, "row_index": 11, "col_index": 29, "Union_area": 3120.7130401381291, "Union_pc": 31.207130401334791, "rifter_edif_pl_area": 1169.6025834637694, "rifter_edif_pl_pc": 11.696025834620265, "aree-stradali-modified_area": 3691.7243724409491, "aree-stradali-modified_pc": 36.917243724354478, "Single parts_area": 2050.292053424404, "Single parts_pc": 20.502920534213487, "Dissolved_area": 0.0, "Dissolved_pc": 0.0, "free_space_number": 4.0 }, "geometry": { "type": "Polygon", "coordinates": [ [ [ 1263793.896874761208892, 5543069.404702704399824 ], [ 1263893.896874761208892, 5543069.404702704399824 ], [ 1263893.896874761208892, 5542969.404702704399824 ], [ 1263793.896874761208892, 5542969.404702704399824 ], [ 1263793.896874761208892, 5543069.404702704399824 ] ] ] } },
{ "type": "Feature", "properties": { "id": 1028, "left": 1263793.8968747612, "top": 5542969.4047027044, "right": 1263893.8968747612, "bottom": 5542869.4047027044, "row_index": 12, "col_index": 29, "Union_area": 0.0, "Union_pc": 0.0, "rifter_edif_pl_area": 4555.4785585450009, "rifter_edif_pl_pc": 45.554785585382128, "aree-stradali-modified_area": 661.18777656555176, "aree-stradali-modified_pc": 6.6118777656456649, "Single parts_area": 4783.3336649015546, "Single parts_pc": 47.833336648944268, "Dissolved_area": 0.0, "Dissolved_pc": 0.0, "free_space_number": 2.0 }, "geometry": { "type": "Polygon", "coordinates": [ [ [ 1263793.896874761208892, 5542969.404702704399824 ], [ 1263893.896874761208892, 5542969.404702704399824 ], [ 1263893.896874761208892, 5542869.404702704399824 ], [ 1263793.896874761208892, 5542869.404702704399824 ], [ 1263793.896874761208892, 5542969.404702704399824 ] ] ] } },
{ "type": "Feature", "properties": { "id": 1029, "left": 1263793.8968747612, "top": 5542869.4047027044, "right": 1263893.8968747612, "bottom": 5542769.4047027044, "row_index": 13, "col_index": 29, "Union_area": 159.13757029175758, "Union_pc": 1.5913757029152045, "rifter_edif_pl_area": 6472.5833025127649, "rifter_edif_pl_pc": 64.725833025031207, "aree-stradali-modified_area": 912.10031551076099, "aree-stradali-modified_pc": 9.1210031550940194, "Single parts_area": 1963.2116581308655, "Single parts_pc": 19.632116581279401, "Dissolved_area": 0.0, "Dissolved_pc": 0.0, "free_space_number": 8.0 }, "geometry": { "type": "Polygon", "coordinates": [ [ [ 1263793.896874761208892, 5542869.404702704399824 ], [ 1263893.896874761208892, 5542869.404702704399824 ], [ 1263893.896874761208892, 5542769.404702704399824 ], [ 1263793.896874761208892, 5542769.404702704399824 ], [ 1263793.896874761208892, 5542869.404702704399824 ] ] ] } },
{ "type": "Feature", "properties": { "id": 1030, "left": 1263793.8968747612, "top": 5542769.4047027044, "right": 1263893.8968747612, "bottom": 5542669.4047027044, "row_index": 14, "col_index": 29, "Union_area": 780.72548777796328, "Union_pc": 7.8072548777679991, "rifter_edif_pl_area": 4755.5687624816783, "rifter_edif_pl_pc": 47.555687624745921, "aree-stradali-modified_area": 949.37716850079596, "aree-stradali-modified_pc": 9.4937716849938134, "Single parts_area": 535.80668995067163, "Single parts_pc": 5.3580668994987324, "Dissolved_area": 0.0, "Dissolved_pc": 0.0, "free_space_number": 17.0 }, "geometry": { "type": "Polygon", "coordinates": [ [ [ 1263793.896874761208892, 5542769.404702704399824 ], [ 1263893.896874761208892, 5542769.404702704399824 ], [ 1263893.896874761208892, 5542669.404702704399824 ], [ 1263793.896874761208892, 5542669.404702704399824 ], [ 1263793.896874761208892, 5542769.404702704399824 ] ] ] } },
{ "type": "Feature", "properties": { "id": 1031, "left": 1263793.8968747612, "top": 5542669.4047027044, "right": 1263893.8968747612, "bottom": 5542569.4047027044, "row_index": 15, "col_index": 29, "Union_area": 1009.2061778586358, "Union_pc": 10.092061778571319, "rifter_edif_pl_area": 5489.6502289567143, "rifter_edif_pl_pc": 54.89650228948534, "aree-stradali-modified_area": 5.6431930456310511, "aree-stradali-modified_pc": 0.056431930456226423, "Single parts_area": 3587.8057275917381, "Single parts_pc": 35.878057275863917, "Dissolved_area": 0.0, "Dissolved_pc": 0.0, "free_space_number": 5.0 }, "geometry": { "type": "Polygon", "coordinates": [ [ [ 1263793.896874761208892, 5542669.404702704399824 ], [ 1263893.896874761208892, 5542669.404702704399824 ], [ 1263893.896874761208892, 5542569.404702704399824 ], [ 1263793.896874761208892, 5542569.404702704399824 ], [ 1263793.896874761208892, 5542669.404702704399824 ] ] ] } },
{ "type": "Feature", "properties": { "id": 1032, "left": 1263793.8968747612, "top": 5542569.4047027044, "right": 1263893.8968747612, "bottom": 5542469.4047027044, "row_index": 16, "col_index": 29, "Union_area": 1354.7629373092204, "Union_pc": 13.547629373072017, "rifter_edif_pl_area": 5721.6383233321831, "rifter_edif_pl_pc": 57.21638323323657, "aree-stradali-modified_area": 1062.5948550254107, "aree-stradali-modified_pc": 10.625948550238272, "Single parts_area": 1949.4762864498189, "Single parts_pc": 19.494762864469138, "Dissolved_area": 0.0, "Dissolved_pc": 0.0, "free_space_number": 7.0 }, "geometry": { "type": "Polygon", "coordinates": [ [ [ 1263793.896874761208892, 5542569.404702704399824 ], [ 1263893.896874761208892, 5542569.404702704399824 ], [ 1263893.896874761208892, 5542469.404702704399824 ], [ 1263793.896874761208892, 5542469.404702704399824 ], [ 1263793.896874761208892, 5542569.404702704399824 ] ] ] } },
{ "type": "Feature", "properties": { "id": 1033, "left": 1263793.8968747612, "top": 5542469.4047027044, "right": 1263893.8968747612, "bottom": 5542369.4047027044, "row_index": 17, "col_index": 29, "Union_area": 488.92687312141061, "Union_pc": 4.8892687312068208, "rifter_edif_pl_area": 6347.2777668973431, "rifter_edif_pl_pc": 63.472777668878848, "aree-stradali-modified_area": 1386.8320146352053, "aree-stradali-modified_pc": 13.868320146331387, "Single parts_area": 1818.8392294358928, "Single parts_pc": 18.188392294331823, "Dissolved_area": 0.0, "Dissolved_pc": 0.0, "free_space_number": 18.0 }, "geometry": { "type": "Polygon", "coordinates": [ [ [ 1263793.896874761208892, 5542469.404702704399824 ], [ 1263893.896874761208892, 5542469.404702704399824 ], [ 1263893.896874761208892, 5542369.404702704399824 ], [ 1263793.896874761208892, 5542369.404702704399824 ], [ 1263793.896874761208892, 5542469.404702704399824 ] ] ] } },
{ "type": "Feature", "properties": { "id": 1034, "left": 1263793.8968747612, "top": 5542369.4047027044, "right": 1263893.8968747612, "bottom": 5542269.4047027044, "row_index": 18, "col_index": 29, "Union_area": 204.95697260648012, "Union_pc": 2.0495697260617471, "rifter_edif_pl_area": 7104.8813612964004, "rifter_edif_pl_pc": 71.04881361285814, "aree-stradali-modified_area": 1205.1138934977353, "aree-stradali-modified_pc": 12.051138934959395, "Single parts_area": 1504.3346628426243, "Single parts_pc": 15.043346628403826, "Dissolved_area": 0.0, "Dissolved_pc": 0.0, "free_space_number": 18.0 }, "geometry": { "type": "Polygon", "coordinates": [ [ [ 1263793.896874761208892, 5542369.404702704399824 ], [ 1263893.896874761208892, 5542369.404702704399824 ], [ 1263893.896874761208892, 5542269.404702704399824 ], [ 1263793.896874761208892, 5542269.404702704399824 ], [ 1263793.896874761208892, 5542369.404702704399824 ] ] ] } },
{ "type": "Feature", "properties": { "id": 1035, "left": 1263793.8968747612, "top": 5542269.4047027044, "right": 1263893.8968747612, "bottom": 5542169.4047027044, "row_index": 19, "col_index": 29, "Union_area": 157.38562726229429, "Union_pc": 1.5738562726205978, "rifter_edif_pl_area": 7246.9149507137481, "rifter_edif_pl_pc": 72.469149507029499, "aree-stradali-modified_area": 1750.9915797989815, "aree-stradali-modified_pc": 17.509915797963725, "Single parts_area": 866.65751179889776, "Single parts_pc": 8.6665751179760626, "Dissolved_area": 0.0, "Dissolved_pc": 0.0, "free_space_number": 18.0 }, "geometry": { "type": "Polygon", "coordinates": [ [ [ 1263793.896874761208892, 5542269.404702704399824 ], [ 1263893.896874761208892, 5542269.404702704399824 ], [ 1263893.896874761208892, 5542169.404702704399824 ], [ 1263793.896874761208892, 5542169.404702704399824 ], [ 1263793.896874761208892, 5542269.404702704399824 ] ] ] } },
{ "type": "Feature", "properties": { "id": 1036, "left": 1263793.8968747612, "top": 5542169.4047027044, "right": 1263893.8968747612, "bottom": 5542069.4047027044, "row_index": 20, "col_index": 29, "Union_area": 840.21878680144437, "Union_pc": 8.4021878680019242, "rifter_edif_pl_area": 6580.0878495557699, "rifter_edif_pl_pc": 65.800878495459642, "aree-stradali-modified_area": 1155.6664714254439, "aree-stradali-modified_pc": 11.556664714237218, "Single parts_area": 1482.1346118723741, "Single parts_pc": 14.821346118701655, "Dissolved_area": 0.0, "Dissolved_pc": 0.0, "free_space_number": 17.0 }, "geometry": { "type": "Polygon", "coordinates": [ [ [ 1263793.896874761208892, 5542169.404702704399824 ], [ 1263893.896874761208892, 5542169.404702704399824 ], [ 1263893.896874761208892, 5542069.404702704399824 ], [ 1263793.896874761208892, 5542069.404702704399824 ], [ 1263793.896874761208892, 5542169.404702704399824 ] ] ] } },
{ "type": "Feature", "properties": { "id": 1037, "left": 1263793.8968747612, "top": 5542069.4047027044, "right": 1263893.8968747612, "bottom": 5541969.4047027044, "row_index": 21, "col_index": 29, "Union_area": 1076.5056098774076, "Union_pc": 10.765056098758034, "rifter_edif_pl_area": 5992.0294086167123, "rifter_edif_pl_pc": 59.920294086077838, "aree-stradali-modified_area": 987.76323598064482, "aree-stradali-modified_pc": 9.877632359791729, "Single parts_area": 1975.8082203211961, "Single parts_pc": 19.758082203182518, "Dissolved_area": 0.0, "Dissolved_pc": 0.0, "free_space_number": 17.0 }, "geometry": { "type": "Polygon", "coordinates": [ [ [ 1263793.896874761208892, 5542069.404702704399824 ], [ 1263893.896874761208892, 5542069.404702704399824 ], [ 1263893.896874761208892, 5541969.404702704399824 ], [ 1263793.896874761208892, 5541969.404702704399824 ], [ 1263793.896874761208892, 5542069.404702704399824 ] ] ] } },
{ "type": "Feature", "properties": { "id": 1038, "left": 1263793.8968747612, "top": 5541969.4047027044, "right": 1263893.8968747612, "bottom": 5541869.4047027044, "row_index": 22, "col_index": 29, "Union_area": 1401.7999272635207, "Union_pc": 14.017999272614318, "rifter_edif_pl_area": 6918.0934305628762, "rifter_edif_pl_pc": 69.180934305525668, "aree-stradali-modified_area": 0.0, "aree-stradali-modified_pc": 0.0, "Single parts_area": 1707.9520961465314, "Single parts_pc": 17.079520961439865, "Dissolved_area": 0.0, "Dissolved_pc": 0.0, "free_space_number": 12.0 }, "geometry": { "type": "Polygon", "coordinates": [ [ [ 1263793.896874761208892, 5541969.404702704399824 ], [ 1263893.896874761208892, 5541969.404702704399824 ], [ 1263893.896874761208892, 5541869.404702704399824 ], [ 1263793.896874761208892, 5541869.404702704399824 ], [ 1263793.896874761208892, 5541969.404702704399824 ] ] ] } },
{ "type": "Feature", "properties": { "id": 1039, "left": 1263793.8968747612, "top": 5541869.4047027044, "right": 1263893.8968747612, "bottom": 5541769.4047027044, "row_index": 23, "col_index": 29, "Union_area": 1318.3148122563725, "Union_pc": 13.183148122544081, "rifter_edif_pl_area": 6778.3404779667035, "rifter_edif_pl_pc": 67.783404779566027, "aree-stradali-modified_area": 1391.2314564874396, "aree-stradali-modified_pc": 13.912314564853665, "Single parts_area": 587.35942119639367, "Single parts_pc": 5.8735942119551847, "Dissolved_area": 0.0, "Dissolved_pc": 0.0, "free_space_number": 13.0 }, "geometry": { "type": "Polygon", "coordinates": [ [ [ 1263793.896874761208892, 5541869.404702704399824 ], [ 1263893.896874761208892, 5541869.404702704399824 ], [ 1263893.896874761208892, 5541769.404702704399824 ], [ 1263793.896874761208892, 5541769.404702704399824 ], [ 1263793.896874761208892, 5541869.404702704399824 ] ] ] } },
{ "type": "Feature", "properties": { "id": 1054, "left": 1263893.8968747612, "top": 5543869.4047027044, "right": 1263993.8968747612, "bottom": 5543769.4047027044, "row_index": 3, "col_index": 30, "Union_area": 4056.5989289041609, "Union_pc": 40.565989288981157, "rifter_edif_pl_area": 1131.6602769363672, "rifter_edif_pl_pc": 11.316602769346808, "aree-stradali-modified_area": 3323.1429217904806, "aree-stradali-modified_pc": 33.231429217855286, "Single parts_area": 1174.0389035195112, "Single parts_pc": 11.740389035177618, "Dissolved_area": 601.60151647031307, "Dissolved_pc": 6.0160151646941662, "free_space_number": 3.0 }, "geometry": { "type": "Polygon", "coordinates": [ [ [ 1263893.896874761208892, 5543869.404702704399824 ], [ 1263993.896874761208892, 5543869.404702704399824 ], [ 1263993.896874761208892, 5543769.404702704399824 ], [ 1263893.896874761208892, 5543769.404702704399824 ], [ 1263893.896874761208892, 5543869.404702704399824 ] ] ] } },
{ "type": "Feature", "properties": { "id": 1055, "left": 1263893.8968747612, "top": 5543769.4047027044, "right": 1263993.8968747612, "bottom": 5543669.4047027044, "row_index": 4, "col_index": 30, "Union_area": 1121.5358140469762, "Union_pc": 11.21535814045305, "rifter_edif_pl_area": 996.89738745614886, "rifter_edif_pl_pc": 9.9689738745466343, "aree-stradali-modified_area": 0.0, "aree-stradali-modified_pc": 0.0, "Single parts_area": 3625.4080707805115, "Single parts_pc": 36.254080707751093, "Dissolved_area": 4281.7205611467361, "Dissolved_pc": 42.817205611403558, "free_space_number": 3.0 }, "geometry": { "type": "Polygon", "coordinates": [ [ [ 1263893.896874761208892, 5543769.404702704399824 ], [ 1263993.896874761208892, 5543769.404702704399824 ], [ 1263993.896874761208892, 5543669.404702704399824 ], [ 1263893.896874761208892, 5543669.404702704399824 ], [ 1263893.896874761208892, 5543769.404702704399824 ] ] ] } },
{ "type": "Feature", "properties": { "id": 1056, "left": 1263893.8968747612, "top": 5543669.4047027044, "right": 1263993.8968747612, "bottom": 5543569.4047027044, "row_index": 5, "col_index": 30, "Union_area": 126.99400787334889, "Union_pc": 1.2699400787315966, "rifter_edif_pl_area": 3949.8673017323017, "rifter_edif_pl_pc": 39.49867301726416, "aree-stradali-modified_area": 0.0, "aree-stradali-modified_pc": 0.0, "Single parts_area": 5923.1386903915554, "Single parts_pc": 59.231386903827293, "Dissolved_area": 0.0, "Dissolved_pc": 0.0, "free_space_number": 4.0 }, "geometry": { "type": "Polygon", "coordinates": [ [ [ 1263893.896874761208892, 5543669.404702704399824 ], [ 1263993.896874761208892, 5543669.404702704399824 ], [ 1263993.896874761208892, 5543569.404702704399824 ], [ 1263893.896874761208892, 5543569.404702704399824 ], [ 1263893.896874761208892, 5543669.404702704399824 ] ] ] } },
{ "type": "Feature", "properties": { "id": 1057, "left": 1263893.8968747612, "top": 5543569.4047027044, "right": 1263993.8968747612, "bottom": 5543469.4047027044, "row_index": 6, "col_index": 30, "Union_area": 4176.6511884932406, "Union_pc": 41.76651188487017, "rifter_edif_pl_area": 1764.70183368586, "rifter_edif_pl_pc": 17.647018336832303, "aree-stradali-modified_area": 0.0, "aree-stradali-modified_pc": 0.0, "Single parts_area": 4058.6469778500032, "Single parts_pc": 40.58646977843955, "Dissolved_area": 0.0, "Dissolved_pc": 0.0, "free_space_number": 3.0 }, "geometry": { "type": "Polygon", "coordinates": [ [ [ 1263893.896874761208892, 5543569.404702704399824 ], [ 1263993.896874761208892, 5543569.404702704399824 ], [ 1263993.896874761208892, 5543469.404702704399824 ], [ 1263893.896874761208892, 5543469.404702704399824 ], [ 1263893.896874761208892, 5543569.404702704399824 ] ] ] } },
{ "type": "Feature", "properties": { "id": 1058, "left": 1263893.8968747612, "top": 5543469.4047027044, "right": 1263993.8968747612, "bottom": 5543369.4047027044, "row_index": 7, "col_index": 30, "Union_area": 3469.4400750019122, "Union_pc": 34.694400749967421, "rifter_edif_pl_area": 1926.0817896835506, "rifter_edif_pl_pc": 19.260817896806806, "aree-stradali-modified_area": 5275.6521222963929, "aree-stradali-modified_pc": 52.756521222885318, "Single parts_area": 739.90289992233738, "Single parts_pc": 7.3990289992123488, "Dissolved_area": 0.0, "Dissolved_pc": 0.0, "free_space_number": 3.0 }, "geometry": { "type": "Polygon", "coordinates": [ [ [ 1263893.896874761208892, 5543469.404702704399824 ], [ 1263993.896874761208892, 5543469.404702704399824 ], [ 1263993.896874761208892, 5543369.404702704399824 ], [ 1263893.896874761208892, 5543369.404702704399824 ], [ 1263893.896874761208892, 5543469.404702704399824 ] ] ] } },
{ "type": "Feature", "properties": { "id": 1059, "left": 1263893.8968747612, "top": 5543369.4047027044, "right": 1263993.8968747612, "bottom": 5543269.4047027044, "row_index": 8, "col_index": 30, "Union_area": 6937.5972316744737, "Union_pc": 69.375972316641352, "rifter_edif_pl_area": 0.0, "rifter_edif_pl_pc": 0.0, "aree-stradali-modified_area": 0.96619778033345938, "aree-stradali-modified_pc": 0.0096619778033201955, "Single parts_area": 3062.4027682980523, "Single parts_pc": 30.624027682934891, "Dissolved_area": 0.0, "Dissolved_pc": 0.0, "free_space_number": 3.0 }, "geometry": { "type": "Polygon", "coordinates": [ [ [ 1263893.896874761208892, 5543369.404702704399824 ], [ 1263993.896874761208892, 5543369.404702704399824 ], [ 1263993.896874761208892, 5543269.404702704399824 ], [ 1263893.896874761208892, 5543269.404702704399824 ], [ 1263893.896874761208892, 5543369.404702704399824 ] ] ] } },
{ "type": "Feature", "properties": { "id": 1060, "left": 1263893.8968747612, "top": 5543269.4047027044, "right": 1263993.8968747612, "bottom": 5543169.4047027044, "row_index": 9, "col_index": 30, "Union_area": 3488.7299716547132, "Union_pc": 34.887299716495143, "rifter_edif_pl_area": 1029.8029722031206, "rifter_edif_pl_pc": 10.29802972201586, "aree-stradali-modified_area": 0.0, "aree-stradali-modified_pc": 0.0, "Single parts_area": 5541.4415164291859, "Single parts_pc": 55.414415164209288, "Dissolved_area": 0.0, "Dissolved_pc": 0.0, "free_space_number": 1.0 }, "geometry": { "type": "Polygon", "coordinates": [ [ [ 1263893.896874761208892, 5543269.404702704399824 ], [ 1263993.896874761208892, 5543269.404702704399824 ], [ 1263993.896874761208892, 5543169.404702704399824 ], [ 1263893.896874761208892, 5543169.404702704399824 ], [ 1263893.896874761208892, 5543269.404702704399824 ] ] ] } },
{ "type": "Feature", "properties": { "id": 1061, "left": 1263893.8968747612, "top": 5543169.4047027044, "right": 1263993.8968747612, "bottom": 5543069.4047027044, "row_index": 10, "col_index": 30, "Union_area": 4862.8909849137999, "Union_pc": 48.628909849065536, "rifter_edif_pl_area": 1585.8787282854319, "rifter_edif_pl_pc": 15.858787282830686, "aree-stradali-modified_area": 167.8108840174973, "aree-stradali-modified_pc": 1.6781088401724724, "Single parts_area": 3427.9558966616169, "Single parts_pc": 34.279558966565091, "Dissolved_area": 0.0, "Dissolved_pc": 0.0, "free_space_number": 3.0 }, "geometry": { "type": "Polygon", "coordinates": [ [ [ 1263893.896874761208892, 5543169.404702704399824 ], [ 1263993.896874761208892, 5543169.404702704399824 ], [ 1263993.896874761208892, 5543069.404702704399824 ], [ 1263893.896874761208892, 5543069.404702704399824 ], [ 1263893.896874761208892, 5543169.404702704399824 ] ] ] } },
{ "type": "Feature", "properties": { "id": 1062, "left": 1263893.8968747612, "top": 5543069.4047027044, "right": 1263993.8968747612, "bottom": 5542969.4047027044, "row_index": 11, "col_index": 30, "Union_area": 2082.6049604844302, "Union_pc": 20.826049604813267, "rifter_edif_pl_area": 3411.5789486132562, "rifter_edif_pl_pc": 34.115789486081724, "aree-stradali-modified_area": 1992.0923442058265, "aree-stradali-modified_pc": 19.920923442028581, "Single parts_area": 2563.8729683773126, "Single parts_pc": 25.638729683734923, "Dissolved_area": 0.0, "Dissolved_pc": 0.0, "free_space_number": 6.0 }, "geometry": { "type": "Polygon", "coordinates": [ [ [ 1263893.896874761208892, 5543069.404702704399824 ], [ 1263993.896874761208892, 5543069.404702704399824 ], [ 1263993.896874761208892, 5542969.404702704399824 ], [ 1263893.896874761208892, 5542969.404702704399824 ], [ 1263893.896874761208892, 5543069.404702704399824 ] ] ] } },
{ "type": "Feature", "properties": { "id": 1063, "left": 1263893.8968747612, "top": 5542969.4047027044, "right": 1263993.8968747612, "bottom": 5542869.4047027044, "row_index": 12, "col_index": 30, "Union_area": 1070.4926274092868, "Union_pc": 10.704926274076916, "rifter_edif_pl_area": 2805.8624344512355, "rifter_edif_pl_pc": 28.058624344470545, "aree-stradali-modified_area": 4484.7625199556351, "aree-stradali-modified_pc": 44.847625199489521, "Single parts_area": 1706.6573309083469, "Single parts_pc": 17.06657330905804, "Dissolved_area": 0.0, "Dissolved_pc": 0.0, "free_space_number": 6.0 }, "geometry": { "type": "Polygon", "coordinates": [ [ [ 1263893.896874761208892, 5542969.404702704399824 ], [ 1263993.896874761208892, 5542969.404702704399824 ], [ 1263993.896874761208892, 5542869.404702704399824 ], [ 1263893.896874761208892, 5542869.404702704399824 ], [ 1263893.896874761208892, 5542969.404702704399824 ] ] ] } },
{ "type": "Feature", "properties": { "id": 1064, "left": 1263893.8968747612, "top": 5542869.4047027044, "right": 1263993.8968747612, "bottom": 5542769.4047027044, "row_index": 13, "col_index": 30, "Union_area": 531.87924972549081, "Union_pc": 5.3187924972469824, "rifter_edif_pl_area": 6093.6261720061302, "rifter_edif_pl_pc": 60.936261719970503, "aree-stradali-modified_area": 2092.3371633961797, "aree-stradali-modified_pc": 20.923371633930618, "Single parts_area": 1322.8868531383487, "Single parts_pc": 13.228868531363775, "Dissolved_area": 0.0, "Dissolved_pc": 0.0, "free_space_number": 22.0 }, "geometry": { "type": "Polygon", "coordinates": [ [ [ 1263893.896874761208892, 5542869.404702704399824 ], [ 1263993.896874761208892, 5542869.404702704399824 ], [ 1263993.896874761208892, 5542769.404702704399824 ], [ 1263893.896874761208892, 5542769.404702704399824 ], [ 1263893.896874761208892, 5542869.404702704399824 ] ] ] } },
{ "type": "Feature", "properties": { "id": 1065, "left": 1263893.8968747612, "top": 5542769.4047027044, "right": 1263993.8968747612, "bottom": 5542669.4047027044, "row_index": 14, "col_index": 30, "Union_area": 187.41618251241744, "Union_pc": 1.8741618251213816, "rifter_edif_pl_area": 6906.2077956665307, "rifter_edif_pl_pc": 69.062077956562391, "aree-stradali-modified_area": 976.45042380690575, "aree-stradali-modified_pc": 9.7645042380545064, "Single parts_area": 1953.0053674992764, "Single parts_pc": 19.530053674963664, "Dissolved_area": 0.0, "Dissolved_pc": 0.0, "free_space_number": 9.0 }, "geometry": { "type": "Polygon", "coordinates": [ [ [ 1263893.896874761208892, 5542769.404702704399824 ], [ 1263993.896874761208892, 5542769.404702704399824 ], [ 1263993.896874761208892, 5542669.404702704399824 ], [ 1263893.896874761208892, 5542669.404702704399824 ], [ 1263893.896874761208892, 5542769.404702704399824 ] ] ] } },
{ "type": "Feature", "properties": { "id": 1066, "left": 1263893.8968747612, "top": 5542669.4047027044, "right": 1263993.8968747612, "bottom": 5542569.4047027044, "row_index": 15, "col_index": 30, "Union_area": 380.25047685054597, "Union_pc": 3.8025047684997935, "rifter_edif_pl_area": 4362.1815265328623, "rifter_edif_pl_pc": 43.621815265263621, "aree-stradali-modified_area": 3247.9928603023291, "aree-stradali-modified_pc": 32.479928602974894, "Single parts_area": 2065.7506280655507, "Single parts_pc": 20.657506280624723, "Dissolved_area": 0.0, "Dissolved_pc": 0.0, "free_space_number": 7.0 }, "geometry": { "type": "Polygon", "coordinates": [ [ [ 1263893.896874761208892, 5542669.404702704399824 ], [ 1263993.896874761208892, 5542669.404702704399824 ], [ 1263993.896874761208892, 5542569.404702704399824 ], [ 1263893.896874761208892, 5542569.404702704399824 ], [ 1263893.896874761208892, 5542669.404702704399824 ] ] ] } },
{ "type": "Feature", "properties": { "id": 1067, "left": 1263893.8968747612, "top": 5542569.4047027044, "right": 1263993.8968747612, "bottom": 5542469.4047027044, "row_index": 16, "col_index": 30, "Union_area": 964.38871269929223, "Union_pc": 9.6438871269785515, "rifter_edif_pl_area": 5887.4982669651508, "rifter_edif_pl_pc": 58.874982669563778, "aree-stradali-modified_area": 2350.2560746520758, "aree-stradali-modified_pc": 23.502560746485734, "Single parts_area": 832.33959205914289, "Single parts_pc": 8.323395920579026, "Dissolved_area": 0.0, "Dissolved_pc": 0.0, "free_space_number": 5.0 }, "geometry": { "type": "Polygon", "coordinates": [ [ [ 1263893.896874761208892, 5542569.404702704399824 ], [ 1263993.896874761208892, 5542569.404702704399824 ], [ 1263993.896874761208892, 5542469.404702704399824 ], [ 1263893.896874761208892, 5542469.404702704399824 ], [ 1263893.896874761208892, 5542569.404702704399824 ] ] ] } },
{ "type": "Feature", "properties": { "id": 1068, "left": 1263893.8968747612, "top": 5542469.4047027044, "right": 1263993.8968747612, "bottom": 5542369.4047027044, "row_index": 17, "col_index": 30, "Union_area": 1087.1804893151857, "Union_pc": 10.871804893135657, "rifter_edif_pl_area": 4733.3693953298498, "rifter_edif_pl_pc": 47.333693953227964, "aree-stradali-modified_area": 2861.6739316433668, "aree-stradali-modified_pc": 28.616739316391026, "Single parts_area": 1379.0573729540158, "Single parts_pc": 13.790573729519608, "Dissolved_area": 0.0, "Dissolved_pc": 0.0, "free_space_number": 16.0 }, "geometry": { "type": "Polygon", "coordinates": [ [ [ 1263893.896874761208892, 5542469.404702704399824 ], [ 1263993.896874761208892, 5542469.404702704399824 ], [ 1263993.896874761208892, 5542369.404702704399824 ], [ 1263893.896874761208892, 5542369.404702704399824 ], [ 1263893.896874761208892, 5542469.404702704399824 ] ] ] } },
{ "type": "Feature", "properties": { "id": 1069, "left": 1263893.8968747612, "top": 5542369.4047027044, "right": 1263993.8968747612, "bottom": 5542269.4047027044, "row_index": 18, "col_index": 30, "Union_area": 1138.094406905584, "Union_pc": 11.380944069038881, "rifter_edif_pl_area": 5666.5168381396215, "rifter_edif_pl_pc": 56.66516838131178, "aree-stradali-modified_area": 813.9582232888788, "aree-stradali-modified_pc": 8.1395822328766592, "Single parts_area": 2442.2502022871504, "Single parts_pc": 24.422502022835111, "Dissolved_area": 0.0, "Dissolved_pc": 0.0, "free_space_number": 17.0 }, "geometry": { "type": "Polygon", "coordinates": [ [ [ 1263893.896874761208892, 5542369.404702704399824 ], [ 1263993.896874761208892, 5542369.404702704399824 ], [ 1263993.896874761208892, 5542269.404702704399824 ], [ 1263893.896874761208892, 5542269.404702704399824 ], [ 1263893.896874761208892, 5542369.404702704399824 ] ] ] } },
{ "type": "Feature", "properties": { "id": 1070, "left": 1263893.8968747612, "top": 5542269.4047027044, "right": 1263993.8968747612, "bottom": 5542169.4047027044, "row_index": 19, "col_index": 30, "Union_area": 467.48526920517907, "Union_pc": 4.6748526920448246, "rifter_edif_pl_area": 7082.949767587008, "rifter_edif_pl_pc": 70.829497675764529, "aree-stradali-modified_area": 1672.7537195906043, "aree-stradali-modified_pc": 16.727537195881116, "Single parts_area": 843.86648864679921, "Single parts_pc": 8.4386648864554186, "Dissolved_area": 0.0, "Dissolved_pc": 0.0, "free_space_number": 19.0 }, "geometry": { "type": "Polygon", "coordinates": [ [ [ 1263893.896874761208892, 5542269.404702704399824 ], [ 1263993.896874761208892, 5542269.404702704399824 ], [ 1263993.896874761208892, 5542169.404702704399824 ], [ 1263893.896874761208892, 5542169.404702704399824 ], [ 1263893.896874761208892, 5542269.404702704399824 ] ] ] } },
{ "type": "Feature", "properties": { "id": 1071, "left": 1263893.8968747612, "top": 5542169.4047027044, "right": 1263993.8968747612, "bottom": 5542069.4047027044, "row_index": 20, "col_index": 30, "Union_area": 1562.250489727594, "Union_pc": 15.622504897252661, "rifter_edif_pl_area": 3871.3295035604388, "rifter_edif_pl_pc": 38.7132950355467, "aree-stradali-modified_area": 752.93339026719332, "aree-stradali-modified_pc": 7.5293339026607136, "Single parts_area": 3902.8731808606171, "Single parts_pc": 39.028731808548017, "Dissolved_area": 0.0, "Dissolved_pc": 0.0, "free_space_number": 8.0 }, "geometry": { "type": "Polygon", "coordinates": [ [ [ 1263893.896874761208892, 5542169.404702704399824 ], [ 1263993.896874761208892, 5542169.404702704399824 ], [ 1263993.896874761208892, 5542069.404702704399824 ], [ 1263893.896874761208892, 5542069.404702704399824 ], [ 1263893.896874761208892, 5542169.404702704399824 ] ] ] } },
{ "type": "Feature", "properties": { "id": 1072, "left": 1263893.8968747612, "top": 5542069.4047027044, "right": 1263993.8968747612, "bottom": 5541969.4047027044, "row_index": 21, "col_index": 30, "Union_area": 3499.9413917744532, "Union_pc": 34.99941391769238, "rifter_edif_pl_area": 4010.2645879490301, "rifter_edif_pl_pc": 40.102645879430547, "aree-stradali-modified_area": 1105.7343806363642, "aree-stradali-modified_pc": 11.057343806347166, "Single parts_area": 1602.03688813957, "Single parts_pc": 16.02036888137183, "Dissolved_area": 0.0, "Dissolved_pc": 0.0, "free_space_number": 11.0 }, "geometry": { "type": "Polygon", "coordinates": [ [ [ 1263893.896874761208892, 5542069.404702704399824 ], [ 1263993.896874761208892, 5542069.404702704399824 ], [ 1263993.896874761208892, 5541969.404702704399824 ], [ 1263893.896874761208892, 5541969.404702704399824 ], [ 1263893.896874761208892, 5542069.404702704399824 ] ] ] } },
{ "type": "Feature", "properties": { "id": 1073, "left": 1263893.8968747612, "top": 5541969.4047027044, "right": 1263993.8968747612, "bottom": 5541869.4047027044, "row_index": 22, "col_index": 30, "Union_area": 4069.4923965409398, "Union_pc": 40.694923965348757, "rifter_edif_pl_area": 4041.9893821366131, "rifter_edif_pl_pc": 40.419893821305898, "aree-stradali-modified_area": 277.22244361415505, "aree-stradali-modified_pc": 2.7722244361374195, "Single parts_area": 1648.8982502949184, "Single parts_pc": 16.488982502924614, "Dissolved_area": 0.0, "Dissolved_pc": 0.0, "free_space_number": 18.0 }, "geometry": { "type": "Polygon", "coordinates": [ [ [ 1263893.896874761208892, 5541969.404702704399824 ], [ 1263993.896874761208892, 5541969.404702704399824 ], [ 1263993.896874761208892, 5541869.404702704399824 ], [ 1263893.896874761208892, 5541869.404702704399824 ], [ 1263893.896874761208892, 5541969.404702704399824 ] ] ] } },
{ "type": "Feature", "properties": { "id": 1074, "left": 1263893.8968747612, "top": 5541869.4047027044, "right": 1263993.8968747612, "bottom": 5541769.4047027044, "row_index": 23, "col_index": 30, "Union_area": 424.35612240806222, "Union_pc": 4.2435612240742984, "rifter_edif_pl_area": 7138.4068910062779, "rifter_edif_pl_pc": 71.384068909956412, "aree-stradali-modified_area": 1616.0253737941384, "aree-stradali-modified_pc": 16.160253737917305, "Single parts_area": 835.37597352908813, "Single parts_pc": 8.3537597352784321, "Dissolved_area": 0.0, "Dissolved_pc": 0.0, "free_space_number": 15.0 }, "geometry": { "type": "Polygon", "coordinates": [ [ [ 1263893.896874761208892, 5541869.404702704399824 ], [ 1263993.896874761208892, 5541869.404702704399824 ], [ 1263993.896874761208892, 5541769.404702704399824 ], [ 1263893.896874761208892, 5541769.404702704399824 ], [ 1263893.896874761208892, 5541869.404702704399824 ] ] ] } },
{ "type": "Feature", "properties": { "id": 1075, "left": 1263893.8968747612, "top": 5541769.4047027044, "right": 1263993.8968747612, "bottom": 5541669.4047027044, "row_index": 24, "col_index": 30, "Union_area": 2073.5067156869918, "Union_pc": 20.735067156839019, "rifter_edif_pl_area": 6380.2263622875325, "rifter_edif_pl_pc": 63.802263622780252, "aree-stradali-modified_area": 403.61328628659248, "aree-stradali-modified_pc": 4.0361328628599109, "Single parts_area": 1206.963008973376, "Single parts_pc": 12.069630089715774, "Dissolved_area": 0.0, "Dissolved_pc": 0.0, "free_space_number": 12.0 }, "geometry": { "type": "Polygon", "coordinates": [ [ [ 1263893.896874761208892, 5541769.404702704399824 ], [ 1263993.896874761208892, 5541769.404702704399824 ], [ 1263993.896874761208892, 5541669.404702704399824 ], [ 1263893.896874761208892, 5541669.404702704399824 ], [ 1263893.896874761208892, 5541769.404702704399824 ] ] ] } },
{ "type": "Feature", "properties": { "id": 1090, "left": 1263993.8968747612, "top": 5543769.4047027044, "right": 1264093.8968747612, "bottom": 5543669.4047027044, "row_index": 4, "col_index": 31, "Union_area": 3312.6458818716928, "Union_pc": 33.126458818667565, "rifter_edif_pl_area": 281.7904766947031, "rifter_edif_pl_pc": 2.8179047669428319, "aree-stradali-modified_area": 0.0, "aree-stradali-modified_pc": 0.0, "Single parts_area": 2551.7286823951872, "Single parts_pc": 25.51728682391385, "Dissolved_area": 3856.2070307489485, "Dissolved_pc": 38.562070307432023, "free_space_number": 5.0 }, "geometry": { "type": "Polygon", "coordinates": [ [ [ 1263993.896874761208892, 5543769.404702704399824 ], [ 1264093.896874761208892, 5543769.404702704399824 ], [ 1264093.896874761208892, 5543669.404702704399824 ], [ 1263993.896874761208892, 5543669.404702704399824 ], [ 1263993.896874761208892, 5543769.404702704399824 ] ] ] } },
{ "type": "Feature", "properties": { "id": 1091, "left": 1263993.8968747612, "top": 5543669.4047027044, "right": 1264093.8968747612, "bottom": 5543569.4047027044, "row_index": 5, "col_index": 31, "Union_area": 1168.9125887569971, "Union_pc": 11.689125887552553, "rifter_edif_pl_area": 1674.5304360892624, "rifter_edif_pl_pc": 16.745304360867671, "aree-stradali-modified_area": 0.0, "aree-stradali-modified_pc": 0.0, "Single parts_area": 5890.4728674776852, "Single parts_pc": 58.904728674689075, "Dissolved_area": 1345.6701929569244, "Dissolved_pc": 13.456701929549192, "free_space_number": 2.0 }, "geometry": { "type": "Polygon", "coordinates": [ [ [ 1263993.896874761208892, 5543669.404702704399824 ], [ 1264093.896874761208892, 5543669.404702704399824 ], [ 1264093.896874761208892, 5543569.404702704399824 ], [ 1263993.896874761208892, 5543569.404702704399824 ], [ 1263993.896874761208892, 5543669.404702704399824 ] ] ] } },
{ "type": "Feature", "properties": { "id": 1092, "left": 1263993.8968747612, "top": 5543569.4047027044, "right": 1264093.8968747612, "bottom": 5543469.4047027044, "row_index": 6, "col_index": 31, "Union_area": 3568.5530124078505, "Union_pc": 35.685530124025327, "rifter_edif_pl_area": 2194.7273627109826, "rifter_edif_pl_pc": 21.94727362707712, "aree-stradali-modified_area": 0.0, "aree-stradali-modified_pc": 0.0, "Single parts_area": 4236.7196248732507, "Single parts_pc": 42.367196248669373, "Dissolved_area": 0.0, "Dissolved_pc": 0.0, "free_space_number": 2.0 }, "geometry": { "type": "Polygon", "coordinates": [ [ [ 1263993.896874761208892, 5543569.404702704399824 ], [ 1264093.896874761208892, 5543569.404702704399824 ], [ 1264093.896874761208892, 5543469.404702704399824 ], [ 1263993.896874761208892, 5543469.404702704399824 ], [ 1263993.896874761208892, 5543569.404702704399824 ] ] ] } },
{ "type": "Feature", "properties": { "id": 1093, "left": 1263993.8968747612, "top": 5543469.4047027044, "right": 1264093.8968747612, "bottom": 5543369.4047027044, "row_index": 7, "col_index": 31, "Union_area": 940.26814956497401, "Union_pc": 9.4026814956357292, "rifter_edif_pl_area": 1914.7133043389767, "rifter_edif_pl_pc": 19.147133043361237, "aree-stradali-modified_area": 2253.7561356127262, "aree-stradali-modified_pc": 22.537561356093679, "Single parts_area": 5063.387716235593, "Single parts_pc": 50.633877162280477, "Dissolved_area": 0.0, "Dissolved_pc": 0.0, "free_space_number": 1.0 }, "geometry": { "type": "Polygon", "coordinates": [ [ [ 1263993.896874761208892, 5543469.404702704399824 ], [ 1264093.896874761208892, 5543469.404702704399824 ], [ 1264093.896874761208892, 5543369.404702704399824 ], [ 1263993.896874761208892, 5543369.404702704399824 ], [ 1263993.896874761208892, 5543469.404702704399824 ] ] ] } },
{ "type": "Feature", "properties": { "id": 1094, "left": 1263993.8968747612, "top": 5543369.4047027044, "right": 1264093.8968747612, "bottom": 5543269.4047027044, "row_index": 8, "col_index": 31, "Union_area": 6229.6986548295245, "Union_pc": 62.296986548202412, "rifter_edif_pl_area": 116.77900122478604, "rifter_edif_pl_pc": 1.1677900122461202, "aree-stradali-modified_area": 2679.4719184041023, "aree-stradali-modified_pc": 26.794719184001096, "Single parts_area": 1604.6795879022864, "Single parts_pc": 16.046795878998953, "Dissolved_area": 0.0, "Dissolved_pc": 0.0, "free_space_number": 4.0 }, "geometry": { "type": "Polygon", "coordinates": [ [ [ 1263993.896874761208892, 5543369.404702704399824 ], [ 1264093.896874761208892, 5543369.404702704399824 ], [ 1264093.896874761208892, 5543269.404702704399824 ], [ 1263993.896874761208892, 5543269.404702704399824 ], [ 1263993.896874761208892, 5543369.404702704399824 ] ] ] } },
{ "type": "Feature", "properties": { "id": 1095, "left": 1263993.8968747612, "top": 5543269.4047027044, "right": 1264093.8968747612, "bottom": 5543169.4047027044, "row_index": 9, "col_index": 31, "Union_area": 2015.7337393015623, "Union_pc": 20.157337392985585, "rifter_edif_pl_area": 3643.861758293584, "rifter_edif_pl_pc": 36.438617582881541, "aree-stradali-modified_area": 665.8520111516118, "aree-stradali-modified_pc": 6.6585201115061965, "Single parts_area": 3755.2039120859699, "Single parts_pc": 37.552039120803741, "Dissolved_area": 0.0, "Dissolved_pc": 0.0, "free_space_number": 3.0 }, "geometry": { "type": "Polygon", "coordinates": [ [ [ 1263993.896874761208892, 5543269.404702704399824 ], [ 1264093.896874761208892, 5543269.404702704399824 ], [ 1264093.896874761208892, 5543169.404702704399824 ], [ 1263993.896874761208892, 5543169.404702704399824 ], [ 1263993.896874761208892, 5543269.404702704399824 ] ] ] } },
{ "type": "Feature", "properties": { "id": 1096, "left": 1263993.8968747612, "top": 5543169.4047027044, "right": 1264093.8968747612, "bottom": 5543069.4047027044, "row_index": 10, "col_index": 31, "Union_area": 2681.2245125223417, "Union_pc": 26.812245125183463, "rifter_edif_pl_area": 1776.6877300785854, "rifter_edif_pl_pc": 17.766877300759379, "aree-stradali-modified_area": 1974.7695063203573, "aree-stradali-modified_pc": 19.747695063174145, "Single parts_area": 3579.3299161716131, "Single parts_pc": 35.793299161662794, "Dissolved_area": 0.0, "Dissolved_pc": 0.0, "free_space_number": 5.0 }, "geometry": { "type": "Polygon", "coordinates": [ [ [ 1263993.896874761208892, 5543169.404702704399824 ], [ 1264093.896874761208892, 5543169.404702704399824 ], [ 1264093.896874761208892, 5543069.404702704399824 ], [ 1263993.896874761208892, 5543069.404702704399824 ], [ 1263993.896874761208892, 5543169.404702704399824 ] ] ] } },
{ "type": "Feature", "properties": { "id": 1097, "left": 1263993.8968747612, "top": 5543069.4047027044, "right": 1264093.8968747612, "bottom": 5542969.4047027044, "row_index": 11, "col_index": 31, "Union_area": 1292.0895894751884, "Union_pc": 12.920895894732631, "rifter_edif_pl_area": 4870.2956212162971, "rifter_edif_pl_pc": 48.702956212090399, "aree-stradali-modified_area": 504.16943815723062, "aree-stradali-modified_pc": 5.0416943815647937, "Single parts_area": 3415.085745928809, "Single parts_pc": 34.150857459237201, "Dissolved_area": 0.0, "Dissolved_pc": 0.0, "free_space_number": 5.0 }, "geometry": { "type": "Polygon", "coordinates": [ [ [ 1263993.896874761208892, 5543069.404702704399824 ], [ 1264093.896874761208892, 5543069.404702704399824 ], [ 1264093.896874761208892, 5542969.404702704399824 ], [ 1263993.896874761208892, 5542969.404702704399824 ], [ 1263993.896874761208892, 5543069.404702704399824 ] ] ] } },
{ "type": "Feature", "properties": { "id": 1098, "left": 1263993.8968747612, "top": 5542969.4047027044, "right": 1264093.8968747612, "bottom": 5542869.4047027044, "row_index": 12, "col_index": 31, "Union_area": 2786.4363680547103, "Union_pc": 27.864363680505583, "rifter_edif_pl_area": 1993.6049861568026, "rifter_edif_pl_pc": 19.936049861538319, "aree-stradali-modified_area": 3943.3560886196792, "aree-stradali-modified_pc": 39.433560886138032, "Single parts_area": 1259.3902768213302, "Single parts_pc": 12.593902768194535, "Dissolved_area": 0.0, "Dissolved_pc": 0.0, "free_space_number": 3.0 }, "geometry": { "type": "Polygon", "coordinates": [ [ [ 1263993.896874761208892, 5542969.404702704399824 ], [ 1264093.896874761208892, 5542969.404702704399824 ], [ 1264093.896874761208892, 5542869.404702704399824 ], [ 1263993.896874761208892, 5542869.404702704399824 ], [ 1263993.896874761208892, 5542969.404702704399824 ] ] ] } },
{ "type": "Feature", "properties": { "id": 1099, "left": 1263993.8968747612, "top": 5542869.4047027044, "right": 1264093.8968747612, "bottom": 5542769.4047027044, "row_index": 13, "col_index": 31, "Union_area": 186.96774006634951, "Union_pc": 1.8696774006607091, "rifter_edif_pl_area": 5918.8135848753154, "rifter_edif_pl_pc": 59.188135848664956, "aree-stradali-modified_area": 2256.9256085343659, "aree-stradali-modified_pc": 22.569256085310027, "Single parts_area": 1570.7196125763148, "Single parts_pc": 15.707196125739742, "Dissolved_area": 0.0, "Dissolved_pc": 0.0, "free_space_number": 13.0 }, "geometry": { "type": "Polygon", "coordinates": [ [ [ 1263993.896874761208892, 5542869.404702704399824 ], [ 1264093.896874761208892, 5542869.404702704399824 ], [ 1264093.896874761208892, 5542769.404702704399824 ], [ 1263993.896874761208892, 5542769.404702704399824 ], [ 1263993.896874761208892, 5542869.404702704399824 ] ] ] } },
{ "type": "Feature", "properties": { "id": 1100, "left": 1263993.8968747612, "top": 5542769.4047027044, "right": 1264093.8968747612, "bottom": 5542669.4047027044, "row_index": 14, "col_index": 31, "Union_area": 4123.7395732994191, "Union_pc": 41.23739573293274, "rifter_edif_pl_area": 4235.3901492245495, "rifter_edif_pl_pc": 42.353901492182381, "aree-stradali-modified_area": 0.0, "aree-stradali-modified_pc": 0.0, "Single parts_area": 1828.326485108817, "Single parts_pc": 18.283264851060927, "Dissolved_area": 0.0, "Dissolved_pc": 0.0, "free_space_number": 13.0 }, "geometry": { "type": "Polygon", "coordinates": [ [ [ 1263993.896874761208892, 5542769.404702704399824 ], [ 1264093.896874761208892, 5542769.404702704399824 ], [ 1264093.896874761208892, 5542669.404702704399824 ], [ 1263993.896874761208892, 5542669.404702704399824 ], [ 1263993.896874761208892, 5542769.404702704399824 ] ] ] } },
{ "type": "Feature", "properties": { "id": 1101, "left": 1263993.8968747612, "top": 5542669.4047027044, "right": 1264093.8968747612, "bottom": 5542569.4047027044, "row_index": 15, "col_index": 31, "Union_area": 1930.8698674626648, "Union_pc": 19.308698674597878, "rifter_edif_pl_area": 2856.0245956993895, "rifter_edif_pl_pc": 28.560245956951338, "aree-stradali-modified_area": 2155.7225006204098, "aree-stradali-modified_pc": 21.557225006171976, "Single parts_area": 3137.6161078405567, "Single parts_pc": 31.376161078358813, "Dissolved_area": 0.0, "Dissolved_pc": 0.0, "free_space_number": 7.0 }, "geometry": { "type": "Polygon", "coordinates": [ [ [ 1263993.896874761208892, 5542669.404702704399824 ], [ 1264093.896874761208892, 5542669.404702704399824 ], [ 1264093.896874761208892, 5542569.404702704399824 ], [ 1263993.896874761208892, 5542569.404702704399824 ], [ 1263993.896874761208892, 5542669.404702704399824 ] ] ] } },
{ "type": "Feature", "properties": { "id": 1102, "left": 1263993.8968747612, "top": 5542569.4047027044, "right": 1264093.8968747612, "bottom": 5542469.4047027044, "row_index": 16, "col_index": 31, "Union_area": 3164.9912465368398, "Union_pc": 31.649912465321236, "rifter_edif_pl_area": 1944.1299649542198, "rifter_edif_pl_pc": 19.441299649513226, "aree-stradali-modified_area": 0.0, "aree-stradali-modified_pc": 0.0, "Single parts_area": 4914.9417122993618, "Single parts_pc": 49.149417122920383, "Dissolved_area": 0.0, "Dissolved_pc": 0.0, "free_space_number": 2.0 }, "geometry": { "type": "Polygon", "coordinates": [ [ [ 1263993.896874761208892, 5542569.404702704399824 ], [ 1264093.896874761208892, 5542569.404702704399824 ], [ 1264093.896874761208892, 5542469.404702704399824 ], [ 1263993.896874761208892, 5542469.404702704399824 ], [ 1263993.896874761208892, 5542569.404702704399824 ] ] ] } },
{ "type": "Feature", "properties": { "id": 1103, "left": 1263993.8968747612, "top": 5542469.4047027044, "right": 1264093.8968747612, "bottom": 5542369.4047027044, "row_index": 17, "col_index": 31, "Union_area": 1536.6160142403096, "Union_pc": 15.366160142380199, "rifter_edif_pl_area": 3146.7326492024586, "rifter_edif_pl_pc": 31.467326491977694, "aree-stradali-modified_area": 1614.1009438056499, "aree-stradali-modified_pc": 16.141009438032448, "Single parts_area": 3765.7312497622916, "Single parts_pc": 37.657312497566799, "Dissolved_area": 0.0, "Dissolved_pc": 0.0, "free_space_number": 9.0 }, "geometry": { "type": "Polygon", "coordinates": [ [ [ 1263993.896874761208892, 5542469.404702704399824 ], [ 1264093.896874761208892, 5542469.404702704399824 ], [ 1264093.896874761208892, 5542369.404702704399824 ], [ 1263993.896874761208892, 5542369.404702704399824 ], [ 1263993.896874761208892, 5542469.404702704399824 ] ] ] } },
{ "type": "Feature", "properties": { "id": 1104, "left": 1263993.8968747612, "top": 5542369.4047027044, "right": 1264093.8968747612, "bottom": 5542269.4047027044, "row_index": 18, "col_index": 31, "Union_area": 2852.1970333252102, "Union_pc": 28.521970333209602, "rifter_edif_pl_area": 4604.1754899173975, "rifter_edif_pl_pc": 46.041754899105371, "aree-stradali-modified_area": 877.38575515151024, "aree-stradali-modified_pc": 8.7738575515020276, "Single parts_area": 1728.6155775998016, "Single parts_pc": 17.286155775972258, "Dissolved_area": 0.0, "Dissolved_pc": 0.0, "free_space_number": 13.0 }, "geometry": { "type": "Polygon", "coordinates": [ [ [ 1263993.896874761208892, 5542369.404702704399824 ], [ 1264093.896874761208892, 5542369.404702704399824 ], [ 1264093.896874761208892, 5542269.404702704399824 ], [ 1263993.896874761208892, 5542269.404702704399824 ], [ 1263993.896874761208892, 5542369.404702704399824 ] ] ] } },
{ "type": "Feature", "properties": { "id": 1105, "left": 1263993.8968747612, "top": 5542269.4047027044, "right": 1264093.8968747612, "bottom": 5542169.4047027044, "row_index": 19, "col_index": 31, "Union_area": 0.0, "Union_pc": 0.0, "rifter_edif_pl_area": 6955.63088302291, "rifter_edif_pl_pc": 69.55630883012546, "aree-stradali-modified_area": 1428.2036635577679, "aree-stradali-modified_pc": 14.282036635556397, "Single parts_area": 1616.300413224272, "Single parts_pc": 16.163004132218635, "Dissolved_area": 0.0, "Dissolved_pc": 0.0, "free_space_number": 16.0 }, "geometry": { "type": "Polygon", "coordinates": [ [ [ 1263993.896874761208892, 5542269.404702704399824 ], [ 1264093.896874761208892, 5542269.404702704399824 ], [ 1264093.896874761208892, 5542169.404702704399824 ], [ 1263993.896874761208892, 5542169.404702704399824 ], [ 1263993.896874761208892, 5542269.404702704399824 ] ] ] } },
{ "type": "Feature", "properties": { "id": 1106, "left": 1263993.8968747612, "top": 5542169.4047027044, "right": 1264093.8968747612, "bottom": 5542069.4047027044, "row_index": 20, "col_index": 31, "Union_area": 326.04369754716754, "Union_pc": 3.260436975466817, "rifter_edif_pl_area": 6058.1560550946742, "rifter_edif_pl_pc": 60.581560550856466, "aree-stradali-modified_area": 610.45819604210556, "aree-stradali-modified_pc": 6.1045819604119593, "Single parts_area": 3036.7618151958741, "Single parts_pc": 30.36761815191349, "Dissolved_area": 0.0, "Dissolved_pc": 0.0, "free_space_number": 9.0 }, "geometry": { "type": "Polygon", "coordinates": [ [ [ 1263993.896874761208892, 5542169.404702704399824 ], [ 1264093.896874761208892, 5542169.404702704399824 ], [ 1264093.896874761208892, 5542069.404702704399824 ], [ 1263993.896874761208892, 5542069.404702704399824 ], [ 1263993.896874761208892, 5542169.404702704399824 ] ] ] } },
{ "type": "Feature", "properties": { "id": 1107, "left": 1263993.8968747612, "top": 5542069.4047027044, "right": 1264093.8968747612, "bottom": 5541969.4047027044, "row_index": 21, "col_index": 31, "Union_area": 488.85364519339055, "Union_pc": 4.8885364519266208, "rifter_edif_pl_area": 7886.3222612498794, "rifter_edif_pl_pc": 78.863222612381279, "aree-stradali-modified_area": 600.04710050672293, "aree-stradali-modified_pc": 6.0004710050582881, "Single parts_area": 1081.2759393894521, "Single parts_pc": 10.812759393878409, "Dissolved_area": 0.0, "Dissolved_pc": 0.0, "free_space_number": 31.0 }, "geometry": { "type": "Polygon", "coordinates": [ [ [ 1263993.896874761208892, 5542069.404702704399824 ], [ 1264093.896874761208892, 5542069.404702704399824 ], [ 1264093.896874761208892, 5541969.404702704399824 ], [ 1263993.896874761208892, 5541969.404702704399824 ], [ 1263993.896874761208892, 5542069.404702704399824 ] ] ] } },
{ "type": "Feature", "properties": { "id": 1108, "left": 1263993.8968747612, "top": 5541969.4047027044, "right": 1264093.8968747612, "bottom": 5541869.4047027044, "row_index": 22, "col_index": 31, "Union_area": 1704.8285645209253, "Union_pc": 17.048285645183849, "rifter_edif_pl_area": 6421.5602780743502, "rifter_edif_pl_pc": 64.215602780647814, "aree-stradali-modified_area": 1165.1278877556324, "aree-stradali-modified_pc": 11.651278877538962, "Single parts_area": 782.55821201950312, "Single parts_pc": 7.8255821201833697, "Dissolved_area": 0.0, "Dissolved_pc": 0.0, "free_space_number": 17.0 }, "geometry": { "type": "Polygon", "coordinates": [ [ [ 1263993.896874761208892, 5541969.404702704399824 ], [ 1264093.896874761208892, 5541969.404702704399824 ], [ 1264093.896874761208892, 5541869.404702704399824 ], [ 1263993.896874761208892, 5541869.404702704399824 ], [ 1263993.896874761208892, 5541969.404702704399824 ] ] ] } },
{ "type": "Feature", "properties": { "id": 1109, "left": 1263993.8968747612, "top": 5541869.4047027044, "right": 1264093.8968747612, "bottom": 5541769.4047027044, "row_index": 23, "col_index": 31, "Union_area": 761.49380668625236, "Union_pc": 7.6149380668511766, "rifter_edif_pl_area": 6135.133950364776, "rifter_edif_pl_pc": 61.351339503556339, "aree-stradali-modified_area": 1472.1484564784914, "aree-stradali-modified_pc": 14.721484564762978, "Single parts_area": 1652.9697558861253, "Single parts_pc": 16.52969755883662, "Dissolved_area": 0.0, "Dissolved_pc": 0.0, "free_space_number": 10.0 }, "geometry": { "type": "Polygon", "coordinates": [ [ [ 1263993.896874761208892, 5541869.404702704399824 ], [ 1264093.896874761208892, 5541869.404702704399824 ], [ 1264093.896874761208892, 5541769.404702704399824 ], [ 1263993.896874761208892, 5541769.404702704399824 ], [ 1263993.896874761208892, 5541869.404702704399824 ] ] ] } },
{ "type": "Feature", "properties": { "id": 1110, "left": 1263993.8968747612, "top": 5541769.4047027044, "right": 1264093.8968747612, "bottom": 5541669.4047027044, "row_index": 24, "col_index": 31, "Union_area": 0.0, "Union_pc": 0.0, "rifter_edif_pl_area": 6246.2133501246572, "rifter_edif_pl_pc": 62.462133501153495, "aree-stradali-modified_area": 2778.5378685332835, "aree-stradali-modified_pc": 27.78537868529143, "Single parts_area": 975.25765137676785, "Single parts_pc": 9.7525765137531462, "Dissolved_area": 0.0, "Dissolved_pc": 0.0, "free_space_number": 16.0 }, "geometry": { "type": "Polygon", "coordinates": [ [ [ 1263993.896874761208892, 5541769.404702704399824 ], [ 1264093.896874761208892, 5541769.404702704399824 ], [ 1264093.896874761208892, 5541669.404702704399824 ], [ 1263993.896874761208892, 5541669.404702704399824 ], [ 1263993.896874761208892, 5541769.404702704399824 ] ] ] } },
{ "type": "Feature", "properties": { "id": 1126, "left": 1264093.8968747612, "top": 5543669.4047027044, "right": 1264193.8968747612, "bottom": 5543569.4047027044, "row_index": 5, "col_index": 32, "Union_area": 2537.9026581112994, "Union_pc": 25.379026581075177, "rifter_edif_pl_area": 0.0, "rifter_edif_pl_pc": 0.0, "aree-stradali-modified_area": 0.0, "aree-stradali-modified_pc": 0.0, "Single parts_area": 2552.3136971881613, "Single parts_pc": 25.523136971843581, "Dissolved_area": 5235.5784779191017, "Dissolved_pc": 52.355784779113002, "free_space_number": 3.0 }, "geometry": { "type": "Polygon", "coordinates": [ [ [ 1264093.896874761208892, 5543669.404702704399824 ], [ 1264193.896874761208892, 5543669.404702704399824 ], [ 1264193.896874761208892, 5543569.404702704399824 ], [ 1264093.896874761208892, 5543569.404702704399824 ], [ 1264093.896874761208892, 5543669.404702704399824 ] ] ] } },
{ "type": "Feature", "properties": { "id": 1127, "left": 1264093.8968747612, "top": 5543569.4047027044, "right": 1264193.8968747612, "bottom": 5543469.4047027044, "row_index": 6, "col_index": 32, "Union_area": 4024.0792168132029, "Union_pc": 40.240792168072069, "rifter_edif_pl_area": 0.0, "rifter_edif_pl_pc": 0.0, "aree-stradali-modified_area": 0.0, "aree-stradali-modified_pc": 0.0, "Single parts_area": 5975.9207832948305, "Single parts_pc": 59.759207832859254, "Dissolved_area": 0.0, "Dissolved_pc": 0.0, "free_space_number": 3.0 }, "geometry": { "type": "Polygon", "coordinates": [ [ [ 1264093.896874761208892, 5543569.404702704399824 ], [ 1264193.896874761208892, 5543569.404702704399824 ], [ 1264193.896874761208892, 5543469.404702704399824 ], [ 1264093.896874761208892, 5543469.404702704399824 ], [ 1264093.896874761208892, 5543569.404702704399824 ] ] ] } },
{ "type": "Feature", "properties": { "id": 1128, "left": 1264093.8968747612, "top": 5543469.4047027044, "right": 1264193.8968747612, "bottom": 5543369.4047027044, "row_index": 7, "col_index": 32, "Union_area": 3834.0108583108522, "Union_pc": 38.340108583051389, "rifter_edif_pl_area": 211.79499330744147, "rifter_edif_pl_pc": 2.1179499330712588, "aree-stradali-modified_area": 0.0, "aree-stradali-modified_pc": 0.0, "Single parts_area": 5954.1941483714618, "Single parts_pc": 59.541941483625891, "Dissolved_area": 0.0, "Dissolved_pc": 0.0, "free_space_number": 1.0 }, "geometry": { "type": "Polygon", "coordinates": [ [ [ 1264093.896874761208892, 5543469.404702704399824 ], [ 1264193.896874761208892, 5543469.404702704399824 ], [ 1264193.896874761208892, 5543369.404702704399824 ], [ 1264093.896874761208892, 5543369.404702704399824 ], [ 1264093.896874761208892, 5543469.404702704399824 ] ] ] } },
{ "type": "Feature", "properties": { "id": 1129, "left": 1264093.8968747612, "top": 5543369.4047027044, "right": 1264193.8968747612, "bottom": 5543269.4047027044, "row_index": 8, "col_index": 32, "Union_area": 2407.8501365063712, "Union_pc": 24.078501365027833, "rifter_edif_pl_area": 1854.5113325472921, "rifter_edif_pl_pc": 18.545113325445286, "aree-stradali-modified_area": 5336.0063532292843, "aree-stradali-modified_pc": 53.360063532213331, "Single parts_area": 1035.9910988384217, "Single parts_pc": 10.35991098836878, "Dissolved_area": 0.0, "Dissolved_pc": 0.0, "free_space_number": 5.0 }, "geometry": { "type": "Polygon", "coordinates": [ [ [ 1264093.896874761208892, 5543369.404702704399824 ], [ 1264193.896874761208892, 5543369.404702704399824 ], [ 1264193.896874761208892, 5543269.404702704399824 ], [ 1264093.896874761208892, 5543269.404702704399824 ], [ 1264093.896874761208892, 5543369.404702704399824 ] ] ] } },
{ "type": "Feature", "properties": { "id": 1130, "left": 1264093.8968747612, "top": 5543269.4047027044, "right": 1264193.8968747612, "bottom": 5543169.4047027044, "row_index": 9, "col_index": 32, "Union_area": 4999.6010409034789, "Union_pc": 49.996010408960288, "rifter_edif_pl_area": 21.150758167728782, "rifter_edif_pl_pc": 0.21150758167697264, "aree-stradali-modified_area": 3584.518074452877, "aree-stradali-modified_pc": 35.845180744475357, "Single parts_area": 2270.8916938619222, "Single parts_pc": 22.708916938585382, "Dissolved_area": 0.0, "Dissolved_pc": 0.0, "free_space_number": 2.0 }, "geometry": { "type": "Polygon", "coordinates": [ [ [ 1264093.896874761208892, 5543269.404702704399824 ], [ 1264193.896874761208892, 5543269.404702704399824 ], [ 1264193.896874761208892, 5543169.404702704399824 ], [ 1264093.896874761208892, 5543169.404702704399824 ], [ 1264093.896874761208892, 5543269.404702704399824 ] ] ] } },
{ "type": "Feature", "properties": { "id": 1131, "left": 1264093.8968747612, "top": 5543169.4047027044, "right": 1264193.8968747612, "bottom": 5543069.4047027044, "row_index": 10, "col_index": 32, "Union_area": 3507.5872866166319, "Union_pc": 35.075872866114054, "rifter_edif_pl_area": 1229.3445747494698, "rifter_edif_pl_pc": 12.29344574747638, "aree-stradali-modified_area": 2806.6494949012995, "aree-stradali-modified_pc": 28.066494948971172, "Single parts_area": 3202.8557739826156, "Single parts_pc": 32.028557739778435, "Dissolved_area": 0.0, "Dissolved_pc": 0.0, "free_space_number": 5.0 }, "geometry": { "type": "Polygon", "coordinates": [ [ [ 1264093.896874761208892, 5543169.404702704399824 ], [ 1264193.896874761208892, 5543169.404702704399824 ], [ 1264193.896874761208892, 5543069.404702704399824 ], [ 1264093.896874761208892, 5543069.404702704399824 ], [ 1264093.896874761208892, 5543169.404702704399824 ] ] ] } },
{ "type": "Feature", "properties": { "id": 1132, "left": 1264093.8968747612, "top": 5543069.4047027044, "right": 1264193.8968747612, "bottom": 5542969.4047027044, "row_index": 11, "col_index": 32, "Union_area": 3303.5844649882056, "Union_pc": 33.035844649832832, "rifter_edif_pl_area": 1989.4588825460523, "rifter_edif_pl_pc": 19.89458882543088, "aree-stradali-modified_area": 2534.1514768302441, "aree-stradali-modified_pc": 25.34151476826468, "Single parts_area": 2575.7278960045951, "Single parts_pc": 25.757278960007568, "Dissolved_area": 0.0, "Dissolved_pc": 0.0, "free_space_number": 3.0 }, "geometry": { "type": "Polygon", "coordinates": [ [ [ 1264093.896874761208892, 5543069.404702704399824 ], [ 1264193.896874761208892, 5543069.404702704399824 ], [ 1264193.896874761208892, 5542969.404702704399824 ], [ 1264093.896874761208892, 5542969.404702704399824 ], [ 1264093.896874761208892, 5543069.404702704399824 ] ] ] } },
{ "type": "Feature", "properties": { "id": 1133, "left": 1264093.8968747612, "top": 5542969.4047027044, "right": 1264193.8968747612, "bottom": 5542869.4047027044, "row_index": 12, "col_index": 32, "Union_area": 1129.8071584133431, "Union_pc": 11.298071584116595, "rifter_edif_pl_area": 2739.471290555317, "rifter_edif_pl_pc": 27.39471290551235, "aree-stradali-modified_area": 1056.8160955496132, "aree-stradali-modified_pc": 10.568160955480385, "Single parts_area": 1520.0113676417677, "Single parts_pc": 15.200113676395027, "Dissolved_area": 0.0, "Dissolved_pc": 0.0, "free_space_number": 10.0 }, "geometry": { "type": "Polygon", "coordinates": [ [ [ 1264093.896874761208892, 5542969.404702704399824 ], [ 1264193.896874761208892, 5542969.404702704399824 ], [ 1264193.896874761208892, 5542869.404702704399824 ], [ 1264093.896874761208892, 5542869.404702704399824 ], [ 1264093.896874761208892, 5542969.404702704399824 ] ] ] } },
{ "type": "Feature", "properties": { "id": 1134, "left": 1264093.8968747612, "top": 5542869.4047027044, "right": 1264193.8968747612, "bottom": 5542769.4047027044, "row_index": 13, "col_index": 32, "Union_area": 658.43933233991265, "Union_pc": 6.5843933233893148, "rifter_edif_pl_area": 3598.5043389433995, "rifter_edif_pl_pc": 35.985043389380373, "aree-stradali-modified_area": 822.17356836050749, "aree-stradali-modified_pc": 8.2217356835928239, "Single parts_area": 2159.0364587341755, "Single parts_pc": 21.590364587309583, "Dissolved_area": 0.0, "Dissolved_pc": 0.0, "free_space_number": 6.0 }, "geometry": { "type": "Polygon", "coordinates": [ [ [ 1264093.896874761208892, 5542869.404702704399824 ], [ 1264193.896874761208892, 5542869.404702704399824 ], [ 1264193.896874761208892, 5542769.404702704399824 ], [ 1264093.896874761208892, 5542769.404702704399824 ], [ 1264093.896874761208892, 5542869.404702704399824 ] ] ] } },
{ "type": "Feature", "properties": { "id": 1135, "left": 1264093.8968747612, "top": 5542769.4047027044, "right": 1264193.8968747612, "bottom": 5542669.4047027044, "row_index": 14, "col_index": 32, "Union_area": 2582.3900669468567, "Union_pc": 25.823900669430085, "rifter_edif_pl_area": 3265.4183606542647, "rifter_edif_pl_pc": 32.654183606493987, "aree-stradali-modified_area": 934.76810508221388, "aree-stradali-modified_pc": 9.3476810508082089, "Single parts_area": 3264.7613375971414, "Single parts_pc": 32.647613375922766, "Dissolved_area": 0.0, "Dissolved_pc": 0.0, "free_space_number": 7.0 }, "geometry": { "type": "Polygon", "coordinates": [ [ [ 1264093.896874761208892, 5542769.404702704399824 ], [ 1264193.896874761208892, 5542769.404702704399824 ], [ 1264193.896874761208892, 5542669.404702704399824 ], [ 1264093.896874761208892, 5542669.404702704399824 ], [ 1264093.896874761208892, 5542769.404702704399824 ] ] ] } },
{ "type": "Feature", "properties": { "id": 1136, "left": 1264093.8968747612, "top": 5542669.4047027044, "right": 1264193.8968747612, "bottom": 5542569.4047027044, "row_index": 15, "col_index": 32, "Union_area": 2027.4967406070791, "Union_pc": 20.274967406040581, "rifter_edif_pl_area": 2311.3084064265713, "rifter_edif_pl_pc": 23.113084064231273, "aree-stradali-modified_area": 2344.8833774402738, "aree-stradali-modified_pc": 23.448833774367795, "Single parts_area": 3384.3888295283541, "Single parts_pc": 33.843888295233107, "Dissolved_area": 0.0, "Dissolved_pc": 0.0, "free_space_number": 6.0 }, "geometry": { "type": "Polygon", "coordinates": [ [ [ 1264093.896874761208892, 5542669.404702704399824 ], [ 1264193.896874761208892, 5542669.404702704399824 ], [ 1264193.896874761208892, 5542569.404702704399824 ], [ 1264093.896874761208892, 5542569.404702704399824 ], [ 1264093.896874761208892, 5542669.404702704399824 ] ] ] } },
{ "type": "Feature", "properties": { "id": 1137, "left": 1264093.8968747612, "top": 5542569.4047027044, "right": 1264193.8968747612, "bottom": 5542469.4047027044, "row_index": 16, "col_index": 32, "Union_area": 2422.4378684647381, "Union_pc": 24.224378684611285, "rifter_edif_pl_area": 2511.4781861710362, "rifter_edif_pl_pc": 25.114781861672938, "aree-stradali-modified_area": 1033.9419378340244, "aree-stradali-modified_pc": 10.339419378324838, "Single parts_area": 4072.052477686666, "Single parts_pc": 40.720524776805981, "Dissolved_area": 0.0, "Dissolved_pc": 0.0, "free_space_number": 2.0 }, "geometry": { "type": "Polygon", "coordinates": [ [ [ 1264093.896874761208892, 5542569.404702704399824 ], [ 1264193.896874761208892, 5542569.404702704399824 ], [ 1264193.896874761208892, 5542469.404702704399824 ], [ 1264093.896874761208892, 5542469.404702704399824 ], [ 1264093.896874761208892, 5542569.404702704399824 ] ] ] } },
{ "type": "Feature", "properties": { "id": 1138, "left": 1264093.8968747612, "top": 5542469.4047027044, "right": 1264193.8968747612, "bottom": 5542369.4047027044, "row_index": 17, "col_index": 32, "Union_area": 1218.1540712043643, "Union_pc": 12.181540712025491, "rifter_edif_pl_area": 3474.254878568463, "rifter_edif_pl_pc": 34.742548785632863, "aree-stradali-modified_area": 957.90233358740807, "aree-stradali-modified_pc": 9.5790233358598069, "Single parts_area": 4427.164258078672, "Single parts_pc": 44.271642580720751, "Dissolved_area": 0.0, "Dissolved_pc": 0.0, "free_space_number": 3.0 }, "geometry": { "type": "Polygon", "coordinates": [ [ [ 1264093.896874761208892, 5542469.404702704399824 ], [ 1264193.896874761208892, 5542469.404702704399824 ], [ 1264193.896874761208892, 5542369.404702704399824 ], [ 1264093.896874761208892, 5542369.404702704399824 ], [ 1264093.896874761208892, 5542469.404702704399824 ] ] ] } },
{ "type": "Feature", "properties": { "id": 1139, "left": 1264093.8968747612, "top": 5542369.4047027044, "right": 1264193.8968747612, "bottom": 5542269.4047027044, "row_index": 18, "col_index": 32, "Union_area": 917.86311199795455, "Union_pc": 9.1786311199658677, "rifter_edif_pl_area": 5397.9415768696927, "rifter_edif_pl_pc": 53.979415768616491, "aree-stradali-modified_area": 885.96379208564758, "aree-stradali-modified_pc": 8.8596379208432747, "Single parts_area": 2870.3175304732285, "Single parts_pc": 28.703175304689513, "Dissolved_area": 0.0, "Dissolved_pc": 0.0, "free_space_number": 9.0 }, "geometry": { "type": "Polygon", "coordinates": [ [ [ 1264093.896874761208892, 5542369.404702704399824 ], [ 1264193.896874761208892, 5542369.404702704399824 ], [ 1264193.896874761208892, 5542269.404702704399824 ], [ 1264093.896874761208892, 5542269.404702704399824 ], [ 1264093.896874761208892, 5542369.404702704399824 ] ] ] } },
{ "type": "Feature", "properties": { "id": 1140, "left": 1264093.8968747612, "top": 5542269.4047027044, "right": 1264193.8968747612, "bottom": 5542169.4047027044, "row_index": 19, "col_index": 32, "Union_area": 129.03290075436234, "Union_pc": 1.2903290075417007, "rifter_edif_pl_area": 7096.6469555363292, "rifter_edif_pl_pc": 70.966469555257547, "aree-stradali-modified_area": 1512.9409874845296, "aree-stradali-modified_pc": 15.129409874822752, "Single parts_area": 1276.4549571906682, "Single parts_pc": 12.764549571887661, "Dissolved_area": 0.0, "Dissolved_pc": 0.0, "free_space_number": 19.0 }, "geometry": { "type": "Polygon", "coordinates": [ [ [ 1264093.896874761208892, 5542269.404702704399824 ], [ 1264193.896874761208892, 5542269.404702704399824 ], [ 1264193.896874761208892, 5542169.404702704399824 ], [ 1264093.896874761208892, 5542169.404702704399824 ], [ 1264093.896874761208892, 5542269.404702704399824 ] ] ] } },
{ "type": "Feature", "properties": { "id": 1141, "left": 1264093.8968747612, "top": 5542169.4047027044, "right": 1264193.8968747612, "bottom": 5542069.4047027044, "row_index": 20, "col_index": 32, "Union_area": 1484.9532873034477, "Union_pc": 14.84953287301235, "rifter_edif_pl_area": 6629.9140957717318, "rifter_edif_pl_pc": 66.299140957618519, "aree-stradali-modified_area": 683.59419527836144, "aree-stradali-modified_pc": 6.8359419527734282, "Single parts_area": 1276.0103306201636, "Single parts_pc": 12.760103306182621, "Dissolved_area": 0.0, "Dissolved_pc": 0.0, "free_space_number": 18.0 }, "geometry": { "type": "Polygon", "coordinates": [ [ [ 1264093.896874761208892, 5542169.404702704399824 ], [ 1264193.896874761208892, 5542169.404702704399824 ], [ 1264193.896874761208892, 5542069.404702704399824 ], [ 1264093.896874761208892, 5542069.404702704399824 ], [ 1264093.896874761208892, 5542169.404702704399824 ] ] ] } },
{ "type": "Feature", "properties": { "id": 1142, "left": 1264093.8968747612, "top": 5542069.4047027044, "right": 1264193.8968747612, "bottom": 5541969.4047027044, "row_index": 21, "col_index": 32, "Union_area": 1124.0125346900895, "Union_pc": 11.240125346884145, "rifter_edif_pl_area": 5913.6538238312351, "rifter_edif_pl_pc": 59.136538238224233, "aree-stradali-modified_area": 1320.3910364694893, "aree-stradali-modified_pc": 13.203910364675219, "Single parts_area": 1700.5589843191674, "Single parts_pc": 17.005589843166334, "Dissolved_area": 0.0, "Dissolved_pc": 0.0, "free_space_number": 23.0 }, "geometry": { "type": "Polygon", "coordinates": [ [ [ 1264093.896874761208892, 5542069.404702704399824 ], [ 1264193.896874761208892, 5542069.404702704399824 ], [ 1264193.896874761208892, 5541969.404702704399824 ], [ 1264093.896874761208892, 5541969.404702704399824 ], [ 1264093.896874761208892, 5542069.404702704399824 ] ] ] } },
{ "type": "Feature", "properties": { "id": 1143, "left": 1264093.8968747612, "top": 5541969.4047027044, "right": 1264193.8968747612, "bottom": 5541869.4047027044, "row_index": 22, "col_index": 32, "Union_area": 1052.790462821722, "Union_pc": 10.527904628201533, "rifter_edif_pl_area": 5150.9693635283038, "rifter_edif_pl_pc": 51.509693635206283, "aree-stradali-modified_area": 1146.7016959097236, "aree-stradali-modified_pc": 11.46701695908015, "Single parts_area": 2710.8814053490523, "Single parts_pc": 27.108814053450129, "Dissolved_area": 0.0, "Dissolved_pc": 0.0, "free_space_number": 11.0 }, "geometry": { "type": "Polygon", "coordinates": [ [ [ 1264093.896874761208892, 5541969.404702704399824 ], [ 1264193.896874761208892, 5541969.404702704399824 ], [ 1264193.896874761208892, 5541869.404702704399824 ], [ 1264093.896874761208892, 5541869.404702704399824 ], [ 1264093.896874761208892, 5541969.404702704399824 ] ] ] } },
{ "type": "Feature", "properties": { "id": 1144, "left": 1264093.8968747612, "top": 5541869.4047027044, "right": 1264193.8968747612, "bottom": 5541769.4047027044, "row_index": 23, "col_index": 32, "Union_area": 1243.368220302742, "Union_pc": 12.433682203008892, "rifter_edif_pl_area": 4288.7335085868835, "rifter_edif_pl_pc": 42.887335085804928, "aree-stradali-modified_area": 504.29800990968943, "aree-stradali-modified_pc": 5.0429800990893794, "Single parts_area": 3985.3815234905342, "Single parts_pc": 39.853815234845953, "Dissolved_area": 0.0, "Dissolved_pc": 0.0, "free_space_number": 13.0 }, "geometry": { "type": "Polygon", "coordinates": [ [ [ 1264093.896874761208892, 5541869.404702704399824 ], [ 1264193.896874761208892, 5541869.404702704399824 ], [ 1264193.896874761208892, 5541769.404702704399824 ], [ 1264093.896874761208892, 5541769.404702704399824 ], [ 1264093.896874761208892, 5541869.404702704399824 ] ] ] } },
{ "type": "Feature", "properties": { "id": 1145, "left": 1264093.8968747612, "top": 5541769.4047027044, "right": 1264193.8968747612, "bottom": 5541669.4047027044, "row_index": 24, "col_index": 32, "Union_area": 202.71988417394459, "Union_pc": 2.0271988417364253, "rifter_edif_pl_area": 5716.0142380204052, "rifter_edif_pl_pc": 57.160142380118877, "aree-stradali-modified_area": 2078.0805291682482, "aree-stradali-modified_pc": 20.780805291651514, "Single parts_area": 2004.6599691280862, "Single parts_pc": 20.046599691250989, "Dissolved_area": 0.0, "Dissolved_pc": 0.0, "free_space_number": 15.0 }, "geometry": { "type": "Polygon", "coordinates": [ [ [ 1264093.896874761208892, 5541769.404702704399824 ], [ 1264193.896874761208892, 5541769.404702704399824 ], [ 1264193.896874761208892, 5541669.404702704399824 ], [ 1264093.896874761208892, 5541669.404702704399824 ], [ 1264093.896874761208892, 5541769.404702704399824 ] ] ] } },
{ "type": "Feature", "properties": { "id": 1146, "left": 1264093.8968747612, "top": 5541669.4047027044, "right": 1264193.8968747612, "bottom": 5541569.4047027044, "row_index": 25, "col_index": 32, "Union_area": 939.41556710377336, "Union_pc": 9.3941556710237357, "rifter_edif_pl_area": 6325.0563459906261, "rifter_edif_pl_pc": 63.250563459812014, "aree-stradali-modified_area": 1144.1784335672855, "aree-stradali-modified_pc": 11.441784335655806, "Single parts_area": 1605.8898459307397, "Single parts_pc": 16.058898459283469, "Dissolved_area": 0.0, "Dissolved_pc": 0.0, "free_space_number": 13.0 }, "geometry": { "type": "Polygon", "coordinates": [ [ [ 1264093.896874761208892, 5541669.404702704399824 ], [ 1264193.896874761208892, 5541669.404702704399824 ], [ 1264193.896874761208892, 5541569.404702704399824 ], [ 1264093.896874761208892, 5541569.404702704399824 ], [ 1264093.896874761208892, 5541669.404702704399824 ] ] ] } },
{ "type": "Feature", "properties": { "id": 1161, "left": 1264193.8968747612, "top": 5543669.4047027044, "right": 1264293.8968747612, "bottom": 5543569.4047027044, "row_index": 5, "col_index": 33, "Union_area": 7319.874075813219, "Union_pc": 73.198740758023121, "rifter_edif_pl_area": 0.0, "rifter_edif_pl_pc": 0.0, "aree-stradali-modified_area": 0.0, "aree-stradali-modified_pc": 0.0, "Single parts_area": 66.721564000705257, "Single parts_pc": 0.66721564000605837, "Dissolved_area": 2978.2070520923007, "Dissolved_pc": 29.78207052087863, "free_space_number": 3.0 }, "geometry": { "type": "Polygon", "coordinates": [ [ [ 1264193.896874761208892, 5543669.404702704399824 ], [ 1264293.896874761208892, 5543669.404702704399824 ], [ 1264293.896874761208892, 5543569.404702704399824 ], [ 1264193.896874761208892, 5543569.404702704399824 ], [ 1264193.896874761208892, 5543669.404702704399824 ] ] ] } },
{ "type": "Feature", "properties": { "id": 1162, "left": 1264193.8968747612, "top": 5543569.4047027044, "right": 1264293.8968747612, "bottom": 5543469.4047027044, "row_index": 6, "col_index": 33, "Union_area": 1081.6453334144608, "Union_pc": 10.816453334128489, "rifter_edif_pl_area": 136.26831790618598, "rifter_edif_pl_pc": 1.3626831790598293, "aree-stradali-modified_area": 0.0, "aree-stradali-modified_pc": 0.0, "Single parts_area": 6304.3473578023049, "Single parts_pc": 63.043473577929106, "Dissolved_area": 2551.0681797862053, "Dissolved_pc": 25.510681797824038, "free_space_number": 1.0 }, "geometry": { "type": "Polygon", "coordinates": [ [ [ 1264193.896874761208892, 5543569.404702704399824 ], [ 1264293.896874761208892, 5543569.404702704399824 ], [ 1264293.896874761208892, 5543469.404702704399824 ], [ 1264193.896874761208892, 5543469.404702704399824 ], [ 1264193.896874761208892, 5543569.404702704399824 ] ] ] } },
{ "type": "Feature", "properties": { "id": 1163, "left": 1264193.8968747612, "top": 5543469.4047027044, "right": 1264293.8968747612, "bottom": 5543369.4047027044, "row_index": 7, "col_index": 33, "Union_area": 714.34465976059437, "Union_pc": 7.1434465975952994, "rifter_edif_pl_area": 3026.9853624422103, "rifter_edif_pl_pc": 30.269853624376999, "aree-stradali-modified_area": 830.82313089445233, "aree-stradali-modified_pc": 8.3082313089321431, "Single parts_area": 5427.846846871078, "Single parts_pc": 54.278468468629896, "Dissolved_area": 0.0, "Dissolved_pc": 0.0, "free_space_number": 1.0 }, "geometry": { "type": "Polygon", "coordinates": [ [ [ 1264193.896874761208892, 5543469.404702704399824 ], [ 1264293.896874761208892, 5543469.404702704399824 ], [ 1264293.896874761208892, 5543369.404702704399824 ], [ 1264193.896874761208892, 5543369.404702704399824 ], [ 1264193.896874761208892, 5543469.404702704399824 ] ] ] } },
{ "type": "Feature", "properties": { "id": 1164, "left": 1264193.8968747612, "top": 5543369.4047027044, "right": 1264293.8968747612, "bottom": 5543269.4047027044, "row_index": 8, "col_index": 33, "Union_area": 0.0, "Union_pc": 0.0, "rifter_edif_pl_area": 2881.1684248037636, "rifter_edif_pl_pc": 28.811684247994705, "aree-stradali-modified_area": 3048.848765745759, "aree-stradali-modified_pc": 30.488487657412158, "Single parts_area": 4069.9828095138073, "Single parts_pc": 40.699828095077429, "Dissolved_area": 0.0, "Dissolved_pc": 0.0, "free_space_number": 4.0 }, "geometry": { "type": "Polygon", "coordinates": [ [ [ 1264193.896874761208892, 5543369.404702704399824 ], [ 1264293.896874761208892, 5543369.404702704399824 ], [ 1264293.896874761208892, 5543269.404702704399824 ], [ 1264193.896874761208892, 5543269.404702704399824 ], [ 1264193.896874761208892, 5543369.404702704399824 ] ] ] } },
{ "type": "Feature", "properties": { "id": 1167, "left": 1264193.8968747612, "top": 5543069.4047027044, "right": 1264293.8968747612, "bottom": 5542969.4047027044, "row_index": 11, "col_index": 33, "Union_area": 561.71608806028962, "Union_pc": 5.6171608805945263, "rifter_edif_pl_area": 3885.7630509897135, "rifter_edif_pl_pc": 38.857630509839233, "aree-stradali-modified_area": 4112.7697583036497, "aree-stradali-modified_pc": 41.127697582975209, "Single parts_area": 2001.4671907452866, "Single parts_pc": 20.014671907423043, "Dissolved_area": 0.0, "Dissolved_pc": 0.0, "free_space_number": 5.0 }, "geometry": { "type": "Polygon", "coordinates": [ [ [ 1264193.896874761208892, 5543069.404702704399824 ], [ 1264293.896874761208892, 5543069.404702704399824 ], [ 1264293.896874761208892, 5542969.404702704399824 ], [ 1264193.896874761208892, 5542969.404702704399824 ], [ 1264193.896874761208892, 5543069.404702704399824 ] ] ] } },
{ "type": "Feature", "properties": { "id": 1168, "left": 1264193.8968747612, "top": 5542969.4047027044, "right": 1264293.8968747612, "bottom": 5542869.4047027044, "row_index": 12, "col_index": 33, "Union_area": 355.53945556189865, "Union_pc": 3.5553945556136886, "rifter_edif_pl_area": 3184.1795580196194, "rifter_edif_pl_pc": 31.841795580148748, "aree-stradali-modified_area": 3179.2819895744324, "aree-stradali-modified_pc": 31.792819895696947, "Single parts_area": 1262.0674918384757, "Single parts_pc": 12.620674918365951, "Dissolved_area": 0.0, "Dissolved_pc": 0.0, "free_space_number": 5.0 }, "geometry": { "type": "Polygon", "coordinates": [ [ [ 1264193.896874761208892, 5542969.404702704399824 ], [ 1264293.896874761208892, 5542969.404702704399824 ], [ 1264293.896874761208892, 5542869.404702704399824 ], [ 1264193.896874761208892, 5542869.404702704399824 ], [ 1264193.896874761208892, 5542969.404702704399824 ] ] ] } },
{ "type": "Feature", "properties": { "id": 1169, "left": 1264193.8968747612, "top": 5542869.4047027044, "right": 1264293.8968747612, "bottom": 5542769.4047027044, "row_index": 13, "col_index": 33, "Union_area": 1150.2017057823687, "Union_pc": 11.502017057806547, "rifter_edif_pl_area": 2830.4268544595689, "rifter_edif_pl_pc": 28.304268544553512, "aree-stradali-modified_area": 5366.3512626290321, "aree-stradali-modified_pc": 53.663512626210355, "Single parts_area": 116.28895680140704, "Single parts_pc": 1.1628895680123374, "Dissolved_area": 0.0, "Dissolved_pc": 0.0, "free_space_number": 7.0 }, "geometry": { "type": "Polygon", "coordinates": [ [ [ 1264193.896874761208892, 5542869.404702704399824 ], [ 1264293.896874761208892, 5542869.404702704399824 ], [ 1264293.896874761208892, 5542769.404702704399824 ], [ 1264193.896874761208892, 5542769.404702704399824 ], [ 1264193.896874761208892, 5542869.404702704399824 ] ] ] } },
{ "type": "Feature", "properties": { "id": 1170, "left": 1264193.8968747612, "top": 5542769.4047027044, "right": 1264293.8968747612, "bottom": 5542669.4047027044, "row_index": 14, "col_index": 33, "Union_area": 2248.543168105185, "Union_pc": 22.485431681018344, "rifter_edif_pl_area": 3064.0489767957479, "rifter_edif_pl_pc": 30.64048976791182, "aree-stradali-modified_area": 4331.1263789832592, "aree-stradali-modified_pc": 43.311263789768056, "Single parts_area": 1430.3367652659654, "Single parts_pc": 14.30336765263834, "Dissolved_area": 0.0, "Dissolved_pc": 0.0, "free_space_number": 2.0 }, "geometry": { "type": "Polygon", "coordinates": [ [ [ 1264193.896874761208892, 5542769.404702704399824 ], [ 1264293.896874761208892, 5542769.404702704399824 ], [ 1264293.896874761208892, 5542669.404702704399824 ], [ 1264193.896874761208892, 5542669.404702704399824 ], [ 1264193.896874761208892, 5542769.404702704399824 ] ] ] } },
{ "type": "Feature", "properties": { "id": 1171, "left": 1264193.8968747612, "top": 5542669.4047027044, "right": 1264293.8968747612, "bottom": 5542569.4047027044, "row_index": 15, "col_index": 33, "Union_area": 2850.3897112417035, "Union_pc": 28.50389711237456, "rifter_edif_pl_area": 2164.8024433217943, "rifter_edif_pl_pc": 21.648024433185686, "aree-stradali-modified_area": 4672.407128199935, "aree-stradali-modified_pc": 46.724071281929724, "Single parts_area": 1253.4859081430477, "Single parts_pc": 12.534859081411799, "Dissolved_area": 0.0, "Dissolved_pc": 0.0, "free_space_number": 9.0 }, "geometry": { "type": "Polygon", "coordinates": [ [ [ 1264193.896874761208892, 5542669.404702704399824 ], [ 1264293.896874761208892, 5542669.404702704399824 ], [ 1264293.896874761208892, 5542569.404702704399824 ], [ 1264193.896874761208892, 5542569.404702704399824 ], [ 1264193.896874761208892, 5542669.404702704399824 ] ] ] } },
{ "type": "Feature", "properties": { "id": 1172, "left": 1264193.8968747612, "top": 5542569.4047027044, "right": 1264293.8968747612, "bottom": 5542469.4047027044, "row_index": 16, "col_index": 33, "Union_area": 3875.122511732392, "Union_pc": 38.751225117266173, "rifter_edif_pl_area": 1364.9069026485085, "rifter_edif_pl_pc": 13.649069026464748, "aree-stradali-modified_area": 4253.2030966728926, "aree-stradali-modified_pc": 42.532030966665545, "Single parts_area": 1556.6109735065256, "Single parts_pc": 15.56610973504206, "Dissolved_area": 0.0, "Dissolved_pc": 0.0, "free_space_number": 6.0 }, "geometry": { "type": "Polygon", "coordinates": [ [ [ 1264193.896874761208892, 5542569.404702704399824 ], [ 1264293.896874761208892, 5542569.404702704399824 ], [ 1264293.896874761208892, 5542469.404702704399824 ], [ 1264193.896874761208892, 5542469.404702704399824 ], [ 1264193.896874761208892, 5542569.404702704399824 ] ] ] } },
{ "type": "Feature", "properties": { "id": 1173, "left": 1264193.8968747612, "top": 5542469.4047027044, "right": 1264293.8968747612, "bottom": 5542369.4047027044, "row_index": 17, "col_index": 33, "Union_area": 2819.2962051054928, "Union_pc": 28.192962051012916, "rifter_edif_pl_area": 1765.8395950072445, "rifter_edif_pl_pc": 17.658395950046131, "aree-stradali-modified_area": 4150.5689010471106, "aree-stradali-modified_pc": 41.505689010409256, "Single parts_area": 2230.1495250218431, "Single parts_pc": 22.301495250185198, "Dissolved_area": 0.0, "Dissolved_pc": 0.0, "free_space_number": 2.0 }, "geometry": { "type": "Polygon", "coordinates": [ [ [ 1264193.896874761208892, 5542469.404702704399824 ], [ 1264293.896874761208892, 5542469.404702704399824 ], [ 1264293.896874761208892, 5542369.404702704399824 ], [ 1264193.896874761208892, 5542369.404702704399824 ], [ 1264193.896874761208892, 5542469.404702704399824 ] ] ] } },
{ "type": "Feature", "properties": { "id": 1174, "left": 1264193.8968747612, "top": 5542369.4047027044, "right": 1264293.8968747612, "bottom": 5542269.4047027044, "row_index": 18, "col_index": 33, "Union_area": 1418.2614568555728, "Union_pc": 14.182614568534595, "rifter_edif_pl_area": 2043.8394602257758, "rifter_edif_pl_pc": 20.438394602227302, "aree-stradali-modified_area": 5604.8562918156385, "aree-stradali-modified_pc": 56.048562918072868, "Single parts_area": 1504.6443323132116, "Single parts_pc": 15.046443323109695, "Dissolved_area": 0.0, "Dissolved_pc": 0.0, "free_space_number": 7.0 }, "geometry": { "type": "Polygon", "coordinates": [ [ [ 1264193.896874761208892, 5542369.404702704399824 ], [ 1264293.896874761208892, 5542369.404702704399824 ], [ 1264293.896874761208892, 5542269.404702704399824 ], [ 1264193.896874761208892, 5542269.404702704399824 ], [ 1264193.896874761208892, 5542369.404702704399824 ] ] ] } },
{ "type": "Feature", "properties": { "id": 1175, "left": 1264193.8968747612, "top": 5542269.4047027044, "right": 1264293.8968747612, "bottom": 5542169.4047027044, "row_index": 19, "col_index": 33, "Union_area": 104.76800941303372, "Union_pc": 1.0476800941287761, "rifter_edif_pl_area": 1145.5913970320253, "rifter_edif_pl_pc": 11.455913970303182, "aree-stradali-modified_area": 1373.6221738290042, "aree-stradali-modified_pc": 13.736221738269574, "Single parts_area": 390.13591307867318, "Single parts_pc": 3.9013591307809183, "Dissolved_area": 0.0, "Dissolved_pc": 0.0, "free_space_number": 2.0 }, "geometry": { "type": "Polygon", "coordinates": [ [ [ 1264193.896874761208892, 5542269.404702704399824 ], [ 1264293.896874761208892, 5542269.404702704399824 ], [ 1264293.896874761208892, 5542169.404702704399824 ], [ 1264193.896874761208892, 5542169.404702704399824 ], [ 1264193.896874761208892, 5542269.404702704399824 ] ] ] } },
{ "type": "Feature", "properties": { "id": 1176, "left": 1264193.8968747612, "top": 5542169.4047027044, "right": 1264293.8968747612, "bottom": 5542069.4047027044, "row_index": 20, "col_index": 33, "Union_area": 1760.3109686821699, "Union_pc": 17.60310968679547, "rifter_edif_pl_area": 2450.7961212834343, "rifter_edif_pl_pc": 24.507961212797824, "aree-stradali-modified_area": 4898.7794932872057, "aree-stradali-modified_pc": 48.987794932799062, "Single parts_area": 1635.0485520664515, "Single parts_pc": 16.350485520640152, "Dissolved_area": 0.0, "Dissolved_pc": 0.0, "free_space_number": 5.0 }, "geometry": { "type": "Polygon", "coordinates": [ [ [ 1264193.896874761208892, 5542169.404702704399824 ], [ 1264293.896874761208892, 5542169.404702704399824 ], [ 1264293.896874761208892, 5542069.404702704399824 ], [ 1264193.896874761208892, 5542069.404702704399824 ], [ 1264193.896874761208892, 5542169.404702704399824 ] ] ] } },
{ "type": "Feature", "properties": { "id": 1177, "left": 1264193.8968747612, "top": 5542069.4047027044, "right": 1264293.8968747612, "bottom": 5541969.4047027044, "row_index": 21, "col_index": 33, "Union_area": 2602.3279309272766, "Union_pc": 26.023279309233988, "rifter_edif_pl_area": 2546.0635874246364, "rifter_edif_pl_pc": 25.460635874208425, "aree-stradali-modified_area": 3414.5442787408829, "aree-stradali-modified_pc": 34.14544278735795, "Single parts_area": 2544.9625498547539, "Single parts_pc": 25.449625498509615, "Dissolved_area": 0.0, "Dissolved_pc": 0.0, "free_space_number": 6.0 }, "geometry": { "type": "Polygon", "coordinates": [ [ [ 1264193.896874761208892, 5542069.404702704399824 ], [ 1264293.896874761208892, 5542069.404702704399824 ], [ 1264293.896874761208892, 5541969.404702704399824 ], [ 1264193.896874761208892, 5541969.404702704399824 ], [ 1264193.896874761208892, 5542069.404702704399824 ] ] ] } },
{ "type": "Feature", "properties": { "id": 1178, "left": 1264193.8968747612, "top": 5541969.4047027044, "right": 1264293.8968747612, "bottom": 5541869.4047027044, "row_index": 22, "col_index": 33, "Union_area": 2602.2635805057362, "Union_pc": 26.022635805018584, "rifter_edif_pl_area": 989.68879020214081, "rifter_edif_pl_pc": 9.8968879020066609, "aree-stradali-modified_area": 2588.5786788612604, "aree-stradali-modified_pc": 25.88578678857403, "Single parts_area": 4842.26588434726, "Single parts_pc": 48.422658843400441, "Dissolved_area": 0.0, "Dissolved_pc": 0.0, "free_space_number": 2.0 }, "geometry": { "type": "Polygon", "coordinates": [ [ [ 1264193.896874761208892, 5541969.404702704399824 ], [ 1264293.896874761208892, 5541969.404702704399824 ], [ 1264293.896874761208892, 5541869.404702704399824 ], [ 1264193.896874761208892, 5541869.404702704399824 ], [ 1264193.896874761208892, 5541969.404702704399824 ] ] ] } },
{ "type": "Feature", "properties": { "id": 1179, "left": 1264193.8968747612, "top": 5541869.4047027044, "right": 1264293.8968747612, "bottom": 5541769.4047027044, "row_index": 23, "col_index": 33, "Union_area": 2562.2641873974353, "Union_pc": 25.622641873936171, "rifter_edif_pl_area": 2238.4089743252844, "rifter_edif_pl_pc": 22.384089743219487, "aree-stradali-modified_area": 2400.4099133871496, "aree-stradali-modified_pc": 24.004099133835727, "Single parts_area": 3324.3961034631357, "Single parts_pc": 33.243961034581822, "Dissolved_area": 0.0, "Dissolved_pc": 0.0, "free_space_number": 3.0 }, "geometry": { "type": "Polygon", "coordinates": [ [ [ 1264193.896874761208892, 5541869.404702704399824 ], [ 1264293.896874761208892, 5541869.404702704399824 ], [ 1264293.896874761208892, 5541769.404702704399824 ], [ 1264193.896874761208892, 5541769.404702704399824 ], [ 1264193.896874761208892, 5541869.404702704399824 ] ] ] } },
{ "type": "Feature", "properties": { "id": 1180, "left": 1264193.8968747612, "top": 5541769.4047027044, "right": 1264293.8968747612, "bottom": 5541669.4047027044, "row_index": 24, "col_index": 33, "Union_area": 2480.0539377930108, "Union_pc": 24.800539377893152, "rifter_edif_pl_area": 3375.9076722990721, "rifter_edif_pl_pc": 33.759076722940414, "aree-stradali-modified_area": 2185.5197868943214, "aree-stradali-modified_pc": 21.855197868910647, "Single parts_area": 2091.5127312748809, "Single parts_pc": 20.915127312717644, "Dissolved_area": 0.0, "Dissolved_pc": 0.0, "free_space_number": 19.0 }, "geometry": { "type": "Polygon", "coordinates": [ [ [ 1264193.896874761208892, 5541769.404702704399824 ], [ 1264293.896874761208892, 5541769.404702704399824 ], [ 1264293.896874761208892, 5541669.404702704399824 ], [ 1264193.896874761208892, 5541669.404702704399824 ], [ 1264193.896874761208892, 5541769.404702704399824 ] ] ] } },
{ "type": "Feature", "properties": { "id": 1181, "left": 1264193.8968747612, "top": 5541669.4047027044, "right": 1264293.8968747612, "bottom": 5541569.4047027044, "row_index": 25, "col_index": 33, "Union_area": 678.95058907475322, "Union_pc": 6.7895058907374155, "rifter_edif_pl_area": 3557.6687305876985, "rifter_edif_pl_pc": 35.576687305823974, "aree-stradali-modified_area": 1217.6894816663116, "aree-stradali-modified_pc": 12.176894816644971, "Single parts_area": 1019.8824936425267, "Single parts_pc": 10.19882493641007, "Dissolved_area": 0.0, "Dissolved_pc": 0.0, "free_space_number": 12.0 }, "geometry": { "type": "Polygon", "coordinates": [ [ [ 1264193.896874761208892, 5541669.404702704399824 ], [ 1264293.896874761208892, 5541669.404702704399824 ], [ 1264293.896874761208892, 5541569.404702704399824 ], [ 1264193.896874761208892, 5541569.404702704399824 ], [ 1264193.896874761208892, 5541669.404702704399824 ] ] ] } },
{ "type": "Feature", "properties": { "id": 1197, "left": 1264293.8968747612, "top": 5543569.4047027044, "right": 1264393.8968747612, "bottom": 5543469.4047027044, "row_index": 6, "col_index": 34, "Union_area": 2872.5893955596257, "Union_pc": 28.725893955553452, "rifter_edif_pl_area": 0.0, "rifter_edif_pl_pc": 0.0, "aree-stradali-modified_area": 924.03534044325352, "aree-stradali-modified_pc": 9.2403534044187658, "Single parts_area": 1576.2163104205392, "Single parts_pc": 15.762163104181905, "Dissolved_area": 5640.5390685852617, "Dissolved_pc": 56.405390685768566, "free_space_number": 4.0 }, "geometry": { "type": "Polygon", "coordinates": [ [ [ 1264293.896874761208892, 5543569.404702704399824 ], [ 1264393.896874761208892, 5543569.404702704399824 ], [ 1264393.896874761208892, 5543469.404702704399824 ], [ 1264293.896874761208892, 5543469.404702704399824 ], [ 1264293.896874761208892, 5543569.404702704399824 ] ] ] } },
{ "type": "Feature", "properties": { "id": 1198, "left": 1264293.8968747612, "top": 5543469.4047027044, "right": 1264393.8968747612, "bottom": 5543369.4047027044, "row_index": 7, "col_index": 34, "Union_area": 79.250867923721671, "Union_pc": 0.79250867923603574, "rifter_edif_pl_area": 2508.3068530745804, "rifter_edif_pl_pc": 25.083068530708427, "aree-stradali-modified_area": 3558.2518030367792, "aree-stradali-modified_pc": 35.582518030314766, "Single parts_area": 3046.146915787504, "Single parts_pc": 30.461469157829647, "Dissolved_area": 1178.8615392893553, "Dissolved_pc": 11.788615392875986, "free_space_number": 5.0 }, "geometry": { "type": "Polygon", "coordinates": [ [ [ 1264293.896874761208892, 5543469.404702704399824 ], [ 1264393.896874761208892, 5543469.404702704399824 ], [ 1264393.896874761208892, 5543369.404702704399824 ], [ 1264293.896874761208892, 5543369.404702704399824 ], [ 1264293.896874761208892, 5543469.404702704399824 ] ] ] } },
{ "type": "Feature", "properties": { "id": 1214, "left": 1264293.8968747612, "top": 5541869.4047027044, "right": 1264393.8968747612, "bottom": 5541769.4047027044, "row_index": 23, "col_index": 34, "Union_area": 2193.0428284112713, "Union_pc": 21.930428284080033, "rifter_edif_pl_area": 2323.187788285315, "rifter_edif_pl_pc": 23.231877882818534, "aree-stradali-modified_area": 2450.7467392683029, "aree-stradali-modified_pc": 24.507467392646511, "Single parts_area": 3683.2046558877337, "Single parts_pc": 36.832046558822455, "Dissolved_area": 0.0, "Dissolved_pc": 0.0, "free_space_number": 3.0 }, "geometry": { "type": "Polygon", "coordinates": [ [ [ 1264293.896874761208892, 5541869.404702704399824 ], [ 1264393.896874761208892, 5541869.404702704399824 ], [ 1264393.896874761208892, 5541769.404702704399824 ], [ 1264293.896874761208892, 5541769.404702704399824 ], [ 1264293.896874761208892, 5541869.404702704399824 ] ] ] } },
{ "type": "Feature", "properties": { "id": 1215, "left": 1264293.8968747612, "top": 5541769.4047027044, "right": 1264393.8968747612, "bottom": 5541669.4047027044, "row_index": 24, "col_index": 34, "Union_area": 3025.1780045127962, "Union_pc": 30.251780045082882, "rifter_edif_pl_area": 1284.3620946910232, "rifter_edif_pl_pc": 12.843620946891093, "aree-stradali-modified_area": 3436.9929230958223, "aree-stradali-modified_pc": 34.369929230907012, "Single parts_area": 3320.9775058329105, "Single parts_pc": 33.209775058279618, "Dissolved_area": 0.0, "Dissolved_pc": 0.0, "free_space_number": 1.0 }, "geometry": { "type": "Polygon", "coordinates": [ [ [ 1264293.896874761208892, 5541769.404702704399824 ], [ 1264393.896874761208892, 5541769.404702704399824 ], [ 1264393.896874761208892, 5541669.404702704399824 ], [ 1264293.896874761208892, 5541669.404702704399824 ], [ 1264293.896874761208892, 5541769.404702704399824 ] ] ] } },
{ "type": "Feature", "properties": { "id": 1216, "left": 1264293.8968747612, "top": 5541669.4047027044, "right": 1264393.8968747612, "bottom": 5541569.4047027044, "row_index": 25, "col_index": 34, "Union_area": 437.6262374232756, "Union_pc": 4.3762623742262345, "rifter_edif_pl_area": 2916.3810247723013, "rifter_edif_pl_pc": 29.163810247679557, "aree-stradali-modified_area": 738.00622834265232, "aree-stradali-modified_pc": 7.3800622834155263, "Single parts_area": 1572.3305132947862, "Single parts_pc": 15.723305132924432, "Dissolved_area": 0.0, "Dissolved_pc": 0.0, "free_space_number": 3.0 }, "geometry": { "type": "Polygon", "coordinates": [ [ [ 1264293.896874761208892, 5541669.404702704399824 ], [ 1264393.896874761208892, 5541669.404702704399824 ], [ 1264393.896874761208892, 5541569.404702704399824 ], [ 1264293.896874761208892, 5541569.404702704399824 ], [ 1264293.896874761208892, 5541669.404702704399824 ] ] ] } },
{ "type": "Feature", "properties": { "id": 1232, "left": 1264393.8968747612, "top": 5543569.4047027044, "right": 1264493.8968747612, "bottom": 5543469.4047027044, "row_index": 6, "col_index": 35, "Union_area": 638.52482496271841, "Union_pc": 6.3852482496176695, "rifter_edif_pl_area": 2233.9417928252369, "rifter_edif_pl_pc": 22.339417928219081, "aree-stradali-modified_area": 3280.1098927743733, "aree-stradali-modified_pc": 32.801098927694852, "Single parts_area": 2361.2423474593088, "Single parts_pc": 23.612423474557904, "Dissolved_area": 1865.6050466001034, "Dissolved_pc": 18.656050465973234, "free_space_number": 9.0 }, "geometry": { "type": "Polygon", "coordinates": [ [ [ 1264393.896874761208892, 5543569.404702704399824 ], [ 1264493.896874761208892, 5543569.404702704399824 ], [ 1264493.896874761208892, 5543469.404702704399824 ], [ 1264393.896874761208892, 5543469.404702704399824 ], [ 1264393.896874761208892, 5543569.404702704399824 ] ] ] } },
{ "type": "Feature", "properties": { "id": 1233, "left": 1264393.8968747612, "top": 5543469.4047027044, "right": 1264493.8968747612, "bottom": 5543369.4047027044, "row_index": 7, "col_index": 35, "Union_area": 781.56468099728227, "Union_pc": 7.8156468099611764, "rifter_edif_pl_area": 3252.9915083465166, "rifter_edif_pl_pc": 32.529915083416697, "aree-stradali-modified_area": 1335.5067653656006, "aree-stradali-modified_pc": 13.355067653636105, "Single parts_area": 2216.7611011024565, "Single parts_pc": 22.167611010991532, "Dissolved_area": 3460.5330563038588, "Dissolved_pc": 34.605330562987021, "free_space_number": 1.0 }, "geometry": { "type": "Polygon", "coordinates": [ [ [ 1264393.896874761208892, 5543469.404702704399824 ], [ 1264493.896874761208892, 5543469.404702704399824 ], [ 1264493.896874761208892, 5543369.404702704399824 ], [ 1264393.896874761208892, 5543369.404702704399824 ], [ 1264393.896874761208892, 5543469.404702704399824 ] ] ] } },
{ "type": "Feature", "properties": { "id": 404, "left": 1261993.8968747612, "top": 5542369.4047027044, "right": 1262093.8968747612, "bottom": 5542269.4047027044, "row_index": 18, "col_index": 11, "Union_area": 1033.1037119161338, "Union_pc": 10.331037119145943, "rifter_edif_pl_area": 6780.0628787504975, "rifter_edif_pl_pc": 67.800628787403937, "aree-stradali-modified_area": 1239.9367559407838, "aree-stradali-modified_pc": 12.399367559389361, "Single parts_area": 947.96904709611238, "Single parts_pc": 9.4796904709469967, "Dissolved_area": 0.0, "Dissolved_pc": 0.0, "free_space_number": 14.0 }, "geometry": { "type": "Polygon", "coordinates": [ [ [ 1261993.896874761208892, 5542369.404702704399824 ], [ 1262093.896874761208892, 5542369.404702704399824 ], [ 1262093.896874761208892, 5542269.404702704399824 ], [ 1261993.896874761208892, 5542269.404702704399824 ], [ 1261993.896874761208892, 5542369.404702704399824 ] ] ] } },
{ "type": "Feature", "properties": { "id": 405, "left": 1261993.8968747612, "top": 5542269.4047027044, "right": 1262093.8968747612, "bottom": 5542169.4047027044, "row_index": 19, "col_index": 11, "Union_area": 392.56720586121082, "Union_pc": 3.9256720586062586, "rifter_edif_pl_area": 6908.7898161931662, "rifter_edif_pl_pc": 69.087898161828718, "aree-stradali-modified_area": 1974.923228379339, "aree-stradali-modified_pc": 19.749232283763963, "Single parts_area": 724.07221983188776, "Single parts_pc": 7.2407221983080881, "Dissolved_area": 0.0, "Dissolved_pc": 0.0, "free_space_number": 23.0 }, "geometry": { "type": "Polygon", "coordinates": [ [ [ 1261993.896874761208892, 5542269.404702704399824 ], [ 1262093.896874761208892, 5542269.404702704399824 ], [ 1262093.896874761208892, 5542169.404702704399824 ], [ 1261993.896874761208892, 5542169.404702704399824 ], [ 1261993.896874761208892, 5542269.404702704399824 ] ] ] } },
{ "type": "Feature", "properties": { "id": 406, "left": 1261993.8968747612, "top": 5542169.4047027044, "right": 1262093.8968747612, "bottom": 5542069.4047027044, "row_index": 20, "col_index": 11, "Union_area": 925.03592318901792, "Union_pc": 9.250359231876395, "rifter_edif_pl_area": 6485.1178405098617, "rifter_edif_pl_pc": 64.851178405001988, "aree-stradali-modified_area": 1101.7561862822622, "aree-stradali-modified_pc": 11.017561862806204, "Single parts_area": 1489.4803522389229, "Single parts_pc": 14.894803522367036, "Dissolved_area": 0.0, "Dissolved_pc": 0.0, "free_space_number": 13.0 }, "geometry": { "type": "Polygon", "coordinates": [ [ [ 1261993.896874761208892, 5542169.404702704399824 ], [ 1262093.896874761208892, 5542169.404702704399824 ], [ 1262093.896874761208892, 5542069.404702704399824 ], [ 1261993.896874761208892, 5542069.404702704399824 ], [ 1261993.896874761208892, 5542169.404702704399824 ] ] ] } },
{ "type": "Feature", "properties": { "id": 439, "left": 1262093.8968747612, "top": 5542369.4047027044, "right": 1262193.8968747612, "bottom": 5542269.4047027044, "row_index": 18, "col_index": 12, "Union_area": 562.40344224125147, "Union_pc": 5.6240344224041339, "rifter_edif_pl_area": 6643.4664955395274, "rifter_edif_pl_pc": 66.434664955296284, "aree-stradali-modified_area": 348.87732245400548, "aree-stradali-modified_pc": 3.4887732245348562, "Single parts_area": 2445.5034161760341, "Single parts_pc": 24.455034161723901, "Dissolved_area": 0.0, "Dissolved_pc": 0.0, "free_space_number": 8.0 }, "geometry": { "type": "Polygon", "coordinates": [ [ [ 1262093.896874761208892, 5542369.404702704399824 ], [ 1262193.896874761208892, 5542369.404702704399824 ], [ 1262193.896874761208892, 5542269.404702704399824 ], [ 1262093.896874761208892, 5542269.404702704399824 ], [ 1262093.896874761208892, 5542369.404702704399824 ] ] ] } },
{ "type": "Feature", "properties": { "id": 440, "left": 1262093.8968747612, "top": 5542269.4047027044, "right": 1262193.8968747612, "bottom": 5542169.4047027044, "row_index": 19, "col_index": 12, "Union_area": 0.0, "Union_pc": 0.0, "rifter_edif_pl_area": 7999.1231789108133, "rifter_edif_pl_pc": 79.991231788988941, "aree-stradali-modified_area": 1010.6514152828604, "aree-stradali-modified_pc": 10.106514152813544, "Single parts_area": 959.66446940612514, "Single parts_pc": 9.596644694046951, "Dissolved_area": 0.0, "Dissolved_pc": 0.0, "free_space_number": 21.0 }, "geometry": { "type": "Polygon", "coordinates": [ [ [ 1262093.896874761208892, 5542269.404702704399824 ], [ 1262193.896874761208892, 5542269.404702704399824 ], [ 1262193.896874761208892, 5542169.404702704399824 ], [ 1262093.896874761208892, 5542169.404702704399824 ], [ 1262093.896874761208892, 5542269.404702704399824 ] ] ] } },
{ "type": "Feature", "properties": { "id": 441, "left": 1262093.8968747612, "top": 5542169.4047027044, "right": 1262193.8968747612, "bottom": 5542069.4047027044, "row_index": 20, "col_index": 12, "Union_area": 892.46061765449122, "Union_pc": 8.9246061765316131, "rifter_edif_pl_area": 6279.7875705817714, "rifter_edif_pl_pc": 62.797875705724138, "aree-stradali-modified_area": 1292.7407863680273, "aree-stradali-modified_pc": 12.92740786366101, "Single parts_area": 1535.2328135743082, "Single parts_pc": 15.352328135720205, "Dissolved_area": 0.0, "Dissolved_pc": 0.0, "free_space_number": 8.0 }, "geometry": { "type": "Polygon", "coordinates": [ [ [ 1262093.896874761208892, 5542169.404702704399824 ], [ 1262193.896874761208892, 5542169.404702704399824 ], [ 1262193.896874761208892, 5542069.404702704399824 ], [ 1262093.896874761208892, 5542069.404702704399824 ], [ 1262093.896874761208892, 5542169.404702704399824 ] ] ] } },
{ "type": "Feature", "properties": { "id": 442, "left": 1262093.8968747612, "top": 5542069.4047027044, "right": 1262193.8968747612, "bottom": 5541969.4047027044, "row_index": 21, "col_index": 12, "Union_area": 874.78491264069453, "Union_pc": 8.7478491263939091, "rifter_edif_pl_area": 6652.522093947442, "rifter_edif_pl_pc": 66.525220939375288, "aree-stradali-modified_area": 1441.9473597146571, "aree-stradali-modified_pc": 14.419473597125084, "Single parts_area": 1135.1255253946342, "Single parts_pc": 11.351255253929427, "Dissolved_area": 0.0, "Dissolved_pc": 0.0, "free_space_number": 22.0 }, "geometry": { "type": "Polygon", "coordinates": [ [ [ 1262093.896874761208892, 5542069.404702704399824 ], [ 1262193.896874761208892, 5542069.404702704399824 ], [ 1262193.896874761208892, 5541969.404702704399824 ], [ 1262093.896874761208892, 5541969.404702704399824 ], [ 1262093.896874761208892, 5542069.404702704399824 ] ] ] } },
{ "type": "Feature", "properties": { "id": 474, "left": 1262193.8968747612, "top": 5542369.4047027044, "right": 1262293.8968747612, "bottom": 5542269.4047027044, "row_index": 18, "col_index": 13, "Union_area": 717.75711734034121, "Union_pc": 7.1775711733927166, "rifter_edif_pl_area": 7385.9674576597754, "rifter_edif_pl_pc": 73.859674576487691, "aree-stradali-modified_area": 1786.3311782814562, "aree-stradali-modified_pc": 17.863311782787942, "Single parts_area": 600.85735838999415, "Single parts_pc": 6.0085735838909873, "Dissolved_area": 0.0, "Dissolved_pc": 0.0, "free_space_number": 14.0 }, "geometry": { "type": "Polygon", "coordinates": [ [ [ 1262193.896874761208892, 5542369.404702704399824 ], [ 1262293.896874761208892, 5542369.404702704399824 ], [ 1262293.896874761208892, 5542269.404702704399824 ], [ 1262193.896874761208892, 5542269.404702704399824 ], [ 1262193.896874761208892, 5542369.404702704399824 ] ] ] } },
{ "type": "Feature", "properties": { "id": 475, "left": 1262193.8968747612, "top": 5542269.4047027044, "right": 1262293.8968747612, "bottom": 5542169.4047027044, "row_index": 19, "col_index": 13, "Union_area": 0.0, "Union_pc": 0.0, "rifter_edif_pl_area": 6077.9632506752387, "rifter_edif_pl_pc": 60.779632506661819, "aree-stradali-modified_area": 404.39406203664839, "aree-stradali-modified_pc": 4.0439406203604582, "Single parts_area": 2.0113403658117477, "Single parts_pc": 0.020113403658087507, "Dissolved_area": 0.0, "Dissolved_pc": 0.0, "free_space_number": 3.0 }, "geometry": { "type": "Polygon", "coordinates": [ [ [ 1262193.896874761208892, 5542269.404702704399824 ], [ 1262293.896874761208892, 5542269.404702704399824 ], [ 1262293.896874761208892, 5542169.404702704399824 ], [ 1262193.896874761208892, 5542169.404702704399824 ], [ 1262193.896874761208892, 5542269.404702704399824 ] ] ] } },
{ "type": "Feature", "properties": { "id": 476, "left": 1262193.8968747612, "top": 5542169.4047027044, "right": 1262293.8968747612, "bottom": 5542069.4047027044, "row_index": 20, "col_index": 13, "Union_area": 328.13447821605951, "Union_pc": 3.2813447821557054, "rifter_edif_pl_area": 6140.1232297569513, "rifter_edif_pl_pc": 61.401232297478018, "aree-stradali-modified_area": 296.90116967447102, "aree-stradali-modified_pc": 2.969011696740286, "Single parts_area": 3234.8449691748247, "Single parts_pc": 32.348449691700047, "Dissolved_area": 0.0, "Dissolved_pc": 0.0, "free_space_number": 4.0 }, "geometry": { "type": "Polygon", "coordinates": [ [ [ 1262193.896874761208892, 5542169.404702704399824 ], [ 1262293.896874761208892, 5542169.404702704399824 ], [ 1262293.896874761208892, 5542069.404702704399824 ], [ 1262193.896874761208892, 5542069.404702704399824 ], [ 1262193.896874761208892, 5542169.404702704399824 ] ] ] } },
{ "type": "Feature", "properties": { "id": 477, "left": 1262193.8968747612, "top": 5542069.4047027044, "right": 1262293.8968747612, "bottom": 5541969.4047027044, "row_index": 21, "col_index": 13, "Union_area": 73.01369173033163, "Union_pc": 0.73013691730222829, "rifter_edif_pl_area": 6261.5445305043831, "rifter_edif_pl_pc": 62.615445304950526, "aree-stradali-modified_area": 1794.7075441945344, "aree-stradali-modified_pc": 17.947075441918599, "Single parts_area": 1870.8068996585789, "Single parts_pc": 18.708068996557913, "Dissolved_area": 0.0, "Dissolved_pc": 0.0, "free_space_number": 6.0 }, "geometry": { "type": "Polygon", "coordinates": [ [ [ 1262193.896874761208892, 5542069.404702704399824 ], [ 1262293.896874761208892, 5542069.404702704399824 ], [ 1262293.896874761208892, 5541969.404702704399824 ], [ 1262193.896874761208892, 5541969.404702704399824 ], [ 1262193.896874761208892, 5542069.404702704399824 ] ] ] } },
{ "type": "Feature", "properties": { "id": 478, "left": 1262193.8968747612, "top": 5541969.4047027044, "right": 1262293.8968747612, "bottom": 5541869.4047027044, "row_index": 22, "col_index": 13, "Union_area": 0.0, "Union_pc": 0.0, "rifter_edif_pl_area": 7134.4611159646884, "rifter_edif_pl_pc": 71.344611159540577, "aree-stradali-modified_area": 1462.5366997644305, "aree-stradali-modified_pc": 14.625366997622512, "Single parts_area": 1403.1651120673275, "Single parts_pc": 14.031651120652365, "Dissolved_area": 0.0, "Dissolved_pc": 0.0, "free_space_number": 14.0 }, "geometry": { "type": "Polygon", "coordinates": [ [ [ 1262193.896874761208892, 5541969.404702704399824 ], [ 1262293.896874761208892, 5541969.404702704399824 ], [ 1262293.896874761208892, 5541869.404702704399824 ], [ 1262193.896874761208892, 5541869.404702704399824 ], [ 1262193.896874761208892, 5541969.404702704399824 ] ] ] } },
{ "type": "Feature", "properties": { "id": 509, "left": 1262293.8968747612, "top": 5542369.4047027044, "right": 1262393.8968747612, "bottom": 5542269.4047027044, "row_index": 18, "col_index": 14, "Union_area": 257.82028808258474, "Union_pc": 2.5782028808220057, "rifter_edif_pl_area": 5952.677136878483, "rifter_edif_pl_pc": 59.526771368696132, "aree-stradali-modified_area": 2607.4599775746465, "aree-stradali-modified_pc": 26.074599775707611, "Single parts_area": 774.49943784703225, "Single parts_pc": 7.7449943784587818, "Dissolved_area": 0.0, "Dissolved_pc": 0.0, "free_space_number": 15.0 }, "geometry": { "type": "Polygon", "coordinates": [ [ [ 1262293.896874761208892, 5542369.404702704399824 ], [ 1262393.896874761208892, 5542369.404702704399824 ], [ 1262393.896874761208892, 5542269.404702704399824 ], [ 1262293.896874761208892, 5542269.404702704399824 ], [ 1262293.896874761208892, 5542369.404702704399824 ] ] ] } },
{ "type": "Feature", "properties": { "id": 510, "left": 1262293.8968747612, "top": 5542269.4047027044, "right": 1262393.8968747612, "bottom": 5542169.4047027044, "row_index": 19, "col_index": 14, "Union_area": 0.0, "Union_pc": 0.0, "rifter_edif_pl_area": 4978.3440217771567, "rifter_edif_pl_pc": 49.783440217697382, "aree-stradali-modified_area": 115.402054451406, "aree-stradali-modified_pc": 1.1540205445123404, "Single parts_area": 1093.0127661867393, "Single parts_pc": 10.930127661851106, "Dissolved_area": 0.0, "Dissolved_pc": 0.0, "free_space_number": 7.0 }, "geometry": { "type": "Polygon", "coordinates": [ [ [ 1262293.896874761208892, 5542269.404702704399824 ], [ 1262393.896874761208892, 5542269.404702704399824 ], [ 1262393.896874761208892, 5542169.404702704399824 ], [ 1262293.896874761208892, 5542169.404702704399824 ], [ 1262293.896874761208892, 5542269.404702704399824 ] ] ] } },
{ "type": "Feature", "properties": { "id": 511, "left": 1262293.8968747612, "top": 5542169.4047027044, "right": 1262393.8968747612, "bottom": 5542069.4047027044, "row_index": 20, "col_index": 14, "Union_area": 0.0, "Union_pc": 0.0, "rifter_edif_pl_area": 7069.856600958854, "rifter_edif_pl_pc": 70.698566009483187, "aree-stradali-modified_area": 2137.6254548751749, "aree-stradali-modified_pc": 21.376254548719896, "Single parts_area": 793.28377000847831, "Single parts_pc": 7.9328377000729624, "Dissolved_area": 0.0, "Dissolved_pc": 0.0, "free_space_number": 8.0 }, "geometry": { "type": "Polygon", "coordinates": [ [ [ 1262293.896874761208892, 5542169.404702704399824 ], [ 1262393.896874761208892, 5542169.404702704399824 ], [ 1262393.896874761208892, 5542069.404702704399824 ], [ 1262293.896874761208892, 5542069.404702704399824 ], [ 1262293.896874761208892, 5542169.404702704399824 ] ] ] } },
{ "type": "Feature", "properties": { "id": 512, "left": 1262293.8968747612, "top": 5542069.4047027044, "right": 1262393.8968747612, "bottom": 5541969.4047027044, "row_index": 21, "col_index": 14, "Union_area": 430.04027064843103, "Union_pc": 4.300402706477902, "rifter_edif_pl_area": 7056.9469392606989, "rifter_edif_pl_pc": 70.56946939250183, "aree-stradali-modified_area": 1028.6871051180642, "aree-stradali-modified_pc": 10.286871051165313, "Single parts_area": 1485.1892243756447, "Single parts_pc": 14.851892243734316, "Dissolved_area": 0.0, "Dissolved_pc": 0.0, "free_space_number": 14.0 }, "geometry": { "type": "Polygon", "coordinates": [ [ [ 1262293.896874761208892, 5542069.404702704399824 ], [ 1262393.896874761208892, 5542069.404702704399824 ], [ 1262393.896874761208892, 5541969.404702704399824 ], [ 1262293.896874761208892, 5541969.404702704399824 ], [ 1262293.896874761208892, 5542069.404702704399824 ] ] ] } },
{ "type": "Feature", "properties": { "id": 513, "left": 1262293.8968747612, "top": 5541969.4047027044, "right": 1262393.8968747612, "bottom": 5541869.4047027044, "row_index": 22, "col_index": 14, "Union_area": 914.7192310243845, "Union_pc": 9.1471923102302153, "rifter_edif_pl_area": 6591.9913195273839, "rifter_edif_pl_pc": 65.91991319517561, "aree-stradali-modified_area": 1995.9609938748181, "aree-stradali-modified_pc": 19.95960993871844, "Single parts_area": 499.41790637740229, "Single parts_pc": 4.9941790637665813, "Dissolved_area": 0.0, "Dissolved_pc": 0.0, "free_space_number": 18.0 }, "geometry": { "type": "Polygon", "coordinates": [ [ [ 1262293.896874761208892, 5541969.404702704399824 ], [ 1262393.896874761208892, 5541969.404702704399824 ], [ 1262393.896874761208892, 5541869.404702704399824 ], [ 1262293.896874761208892, 5541869.404702704399824 ], [ 1262293.896874761208892, 5541969.404702704399824 ] ] ] } },
{ "type": "Feature", "properties": { "id": 544, "left": 1262393.8968747612, "top": 5542369.4047027044, "right": 1262493.8968747612, "bottom": 5542269.4047027044, "row_index": 18, "col_index": 15, "Union_area": 0.0, "Union_pc": 0.0, "rifter_edif_pl_area": 5573.1801298868377, "rifter_edif_pl_pc": 55.731801298785328, "aree-stradali-modified_area": 3202.4753307607025, "aree-stradali-modified_pc": 32.024753307559301, "Single parts_area": 472.22117679714921, "Single parts_pc": 4.7222117679644553, "Dissolved_area": 0.0, "Dissolved_pc": 0.0, "free_space_number": 11.0 }, "geometry": { "type": "Polygon", "coordinates": [ [ [ 1262393.896874761208892, 5542369.404702704399824 ], [ 1262493.896874761208892, 5542369.404702704399824 ], [ 1262493.896874761208892, 5542269.404702704399824 ], [ 1262393.896874761208892, 5542269.404702704399824 ], [ 1262393.896874761208892, 5542369.404702704399824 ] ] ] } },
{ "type": "Feature", "properties": { "id": 545, "left": 1262393.8968747612, "top": 5542269.4047027044, "right": 1262493.8968747612, "bottom": 5542169.4047027044, "row_index": 19, "col_index": 15, "Union_area": 186.29318495839834, "Union_pc": 1.8629318495812075, "rifter_edif_pl_area": 3265.7294433414936, "rifter_edif_pl_pc": 32.657294433366275, "aree-stradali-modified_area": 1088.0542163867503, "aree-stradali-modified_pc": 10.88054216385129, "Single parts_area": 683.25783713866349, "Single parts_pc": 6.832578371376453, "Dissolved_area": 0.0, "Dissolved_pc": 0.0, "free_space_number": 7.0 }, "geometry": { "type": "Polygon", "coordinates": [ [ [ 1262393.896874761208892, 5542269.404702704399824 ], [ 1262493.896874761208892, 5542269.404702704399824 ], [ 1262493.896874761208892, 5542169.404702704399824 ], [ 1262393.896874761208892, 5542169.404702704399824 ], [ 1262393.896874761208892, 5542269.404702704399824 ] ] ] } },
{ "type": "Feature", "properties": { "id": 546, "left": 1262393.8968747612, "top": 5542169.4047027044, "right": 1262493.8968747612, "bottom": 5542069.4047027044, "row_index": 20, "col_index": 15, "Union_area": 0.0, "Union_pc": 0.0, "rifter_edif_pl_area": 5464.2198456528131, "rifter_edif_pl_pc": 54.642198456446707, "aree-stradali-modified_area": 3871.635604262352, "aree-stradali-modified_pc": 38.716356042565828, "Single parts_area": 664.16068207705393, "Single parts_pc": 6.6416068207606429, "Dissolved_area": 0.0, "Dissolved_pc": 0.0, "free_space_number": 9.0 }, "geometry": { "type": "Polygon", "coordinates": [ [ [ 1262393.896874761208892, 5542169.404702704399824 ], [ 1262493.896874761208892, 5542169.404702704399824 ], [ 1262493.896874761208892, 5542069.404702704399824 ], [ 1262393.896874761208892, 5542069.404702704399824 ], [ 1262393.896874761208892, 5542169.404702704399824 ] ] ] } },
{ "type": "Feature", "properties": { "id": 547, "left": 1262393.8968747612, "top": 5542069.4047027044, "right": 1262493.8968747612, "bottom": 5541969.4047027044, "row_index": 21, "col_index": 15, "Union_area": 0.0, "Union_pc": 0.0, "rifter_edif_pl_area": 6436.4757684133947, "rifter_edif_pl_pc": 64.36475768403804, "aree-stradali-modified_area": 3168.0666796248406, "aree-stradali-modified_pc": 31.680666796201198, "Single parts_area": 395.70311965144697, "Single parts_pc": 3.9570311965085732, "Dissolved_area": 0.0, "Dissolved_pc": 0.0, "free_space_number": 18.0 }, "geometry": { "type": "Polygon", "coordinates": [ [ [ 1262393.896874761208892, 5542069.404702704399824 ], [ 1262493.896874761208892, 5542069.404702704399824 ], [ 1262493.896874761208892, 5541969.404702704399824 ], [ 1262393.896874761208892, 5541969.404702704399824 ], [ 1262393.896874761208892, 5542069.404702704399824 ] ] ] } },
{ "type": "Feature", "properties": { "id": 548, "left": 1262393.8968747612, "top": 5541969.4047027044, "right": 1262493.8968747612, "bottom": 5541869.4047027044, "row_index": 22, "col_index": 15, "Union_area": 686.99085278343409, "Union_pc": 6.8699085278241041, "rifter_edif_pl_area": 6795.4760062413989, "rifter_edif_pl_pc": 67.954760062312729, "aree-stradali-modified_area": 1817.6710611581802, "aree-stradali-modified_pc": 18.176710611554718, "Single parts_area": 795.78534814371073, "Single parts_pc": 7.9578534814252491, "Dissolved_area": 0.0, "Dissolved_pc": 0.0, "free_space_number": 15.0 }, "geometry": { "type": "Polygon", "coordinates": [ [ [ 1262393.896874761208892, 5541969.404702704399824 ], [ 1262493.896874761208892, 5541969.404702704399824 ], [ 1262493.896874761208892, 5541869.404702704399824 ], [ 1262393.896874761208892, 5541869.404702704399824 ], [ 1262393.896874761208892, 5541969.404702704399824 ] ] ] } },
{ "type": "Feature", "properties": { "id": 580, "left": 1262493.8968747612, "top": 5542269.4047027044, "right": 1262593.8968747612, "bottom": 5542169.4047027044, "row_index": 19, "col_index": 16, "Union_area": 1341.4312373331923, "Union_pc": 13.414312373311933, "rifter_edif_pl_area": 5585.1696462333202, "rifter_edif_pl_pc": 55.851696462249976, "aree-stradali-modified_area": 835.51955705881119, "aree-stradali-modified_pc": 8.3551955705756615, "Single parts_area": 2237.879559390668, "Single parts_pc": 22.378795593873335, "Dissolved_area": 0.0, "Dissolved_pc": 0.0, "free_space_number": 7.0 }, "geometry": { "type": "Polygon", "coordinates": [ [ [ 1262493.896874761208892, 5542269.404702704399824 ], [ 1262593.896874761208892, 5542269.404702704399824 ], [ 1262593.896874761208892, 5542169.404702704399824 ], [ 1262493.896874761208892, 5542169.404702704399824 ], [ 1262493.896874761208892, 5542269.404702704399824 ] ] ] } },
{ "type": "Feature", "properties": { "id": 581, "left": 1262493.8968747612, "top": 5542169.4047027044, "right": 1262593.8968747612, "bottom": 5542069.4047027044, "row_index": 20, "col_index": 16, "Union_area": 0.0, "Union_pc": 0.0, "rifter_edif_pl_area": 7093.7462512542552, "rifter_edif_pl_pc": 70.937462512436852, "aree-stradali-modified_area": 2083.4413045216352, "aree-stradali-modified_pc": 20.834413045185308, "Single parts_area": 822.87461847543898, "Single parts_pc": 8.2287461847421266, "Dissolved_area": 0.0, "Dissolved_pc": 0.0, "free_space_number": 21.0 }, "geometry": { "type": "Polygon", "coordinates": [ [ [ 1262493.896874761208892, 5542169.404702704399824 ], [ 1262593.896874761208892, 5542169.404702704399824 ], [ 1262593.896874761208892, 5542069.404702704399824 ], [ 1262493.896874761208892, 5542069.404702704399824 ], [ 1262493.896874761208892, 5542169.404702704399824 ] ] ] } },
{ "type": "Feature", "properties": { "id": 582, "left": 1262493.8968747612, "top": 5542069.4047027044, "right": 1262593.8968747612, "bottom": 5541969.4047027044, "row_index": 21, "col_index": 16, "Union_area": 401.32532574981451, "Union_pc": 4.0132532574921651, "rifter_edif_pl_area": 7085.4903671368957, "rifter_edif_pl_pc": 70.854903671263372, "aree-stradali-modified_area": 1776.4565152339637, "aree-stradali-modified_pc": 17.764565152313168, "Single parts_area": 737.36182756888775, "Single parts_pc": 7.373618275677889, "Dissolved_area": 0.0, "Dissolved_pc": 0.0, "free_space_number": 18.0 }, "geometry": { "type": "Polygon", "coordinates": [ [ [ 1262493.896874761208892, 5542069.404702704399824 ], [ 1262593.896874761208892, 5542069.404702704399824 ], [ 1262593.896874761208892, 5541969.404702704399824 ], [ 1262493.896874761208892, 5541969.404702704399824 ], [ 1262493.896874761208892, 5542069.404702704399824 ] ] ] } },
{ "type": "Feature", "properties": { "id": 583, "left": 1262493.8968747612, "top": 5541969.4047027044, "right": 1262593.8968747612, "bottom": 5541869.4047027044, "row_index": 22, "col_index": 16, "Union_area": 433.09162958338857, "Union_pc": 4.3309162958274321, "rifter_edif_pl_area": 6473.6120143800508, "rifter_edif_pl_pc": 64.736120143704042, "aree-stradali-modified_area": 2458.4922973960638, "aree-stradali-modified_pc": 24.584922973924005, "Single parts_area": 635.10146582855668, "Single parts_pc": 6.3510146582761031, "Dissolved_area": 0.0, "Dissolved_pc": 0.0, "free_space_number": 15.0 }, "geometry": { "type": "Polygon", "coordinates": [ [ [ 1262493.896874761208892, 5541969.404702704399824 ], [ 1262593.896874761208892, 5541969.404702704399824 ], [ 1262593.896874761208892, 5541869.404702704399824 ], [ 1262493.896874761208892, 5541869.404702704399824 ], [ 1262493.896874761208892, 5541969.404702704399824 ] ] ] } },
{ "type": "Feature", "properties": { "id": 615, "left": 1262593.8968747612, "top": 5542269.4047027044, "right": 1262693.8968747612, "bottom": 5542169.4047027044, "row_index": 19, "col_index": 17, "Union_area": 0.0, "Union_pc": 0.0, "rifter_edif_pl_area": 3480.4850478416774, "rifter_edif_pl_pc": 34.804850478364912, "aree-stradali-modified_area": 0.0, "aree-stradali-modified_pc": 0.0, "Single parts_area": 900.18081773491576, "Single parts_pc": 9.001808177335743, "Dissolved_area": 0.0, "Dissolved_pc": 0.0, "free_space_number": 3.0 }, "geometry": { "type": "Polygon", "coordinates": [ [ [ 1262593.896874761208892, 5542269.404702704399824 ], [ 1262693.896874761208892, 5542269.404702704399824 ], [ 1262693.896874761208892, 5542169.404702704399824 ], [ 1262593.896874761208892, 5542169.404702704399824 ], [ 1262593.896874761208892, 5542269.404702704399824 ] ] ] } },
{ "type": "Feature", "properties": { "id": 616, "left": 1262593.8968747612, "top": 5542169.4047027044, "right": 1262693.8968747612, "bottom": 5542069.4047027044, "row_index": 20, "col_index": 17, "Union_area": 0.0, "Union_pc": 0.0, "rifter_edif_pl_area": 4822.3932305518538, "rifter_edif_pl_pc": 48.223932305446681, "aree-stradali-modified_area": 1848.5011250767857, "aree-stradali-modified_pc": 18.48501125074031, "Single parts_area": 82.781908465842278, "Single parts_pc": 0.82781908465718923, "Dissolved_area": 0.0, "Dissolved_pc": 0.0, "free_space_number": 7.0 }, "geometry": { "type": "Polygon", "coordinates": [ [ [ 1262593.896874761208892, 5542169.404702704399824 ], [ 1262693.896874761208892, 5542169.404702704399824 ], [ 1262693.896874761208892, 5542069.404702704399824 ], [ 1262593.896874761208892, 5542069.404702704399824 ], [ 1262593.896874761208892, 5542169.404702704399824 ] ] ] } },
{ "type": "Feature", "properties": { "id": 617, "left": 1262593.8968747612, "top": 5542069.4047027044, "right": 1262693.8968747612, "bottom": 5541969.4047027044, "row_index": 21, "col_index": 17, "Union_area": 0.0, "Union_pc": 0.0, "rifter_edif_pl_area": 7678.2304487470537, "rifter_edif_pl_pc": 76.782304487356129, "aree-stradali-modified_area": 1920.0142728574574, "aree-stradali-modified_pc": 19.200142728545963, "Single parts_area": 401.78332561136557, "Single parts_pc": 4.0178332561076688, "Dissolved_area": 0.0, "Dissolved_pc": 0.0, "free_space_number": 9.0 }, "geometry": { "type": "Polygon", "coordinates": [ [ [ 1262593.896874761208892, 5542069.404702704399824 ], [ 1262693.896874761208892, 5542069.404702704399824 ], [ 1262693.896874761208892, 5541969.404702704399824 ], [ 1262593.896874761208892, 5541969.404702704399824 ], [ 1262593.896874761208892, 5542069.404702704399824 ] ] ] } },
{ "type": "Feature", "properties": { "id": 647, "left": 1262693.8968747612, "top": 5542569.4047027044, "right": 1262793.8968747612, "bottom": 5542469.4047027044, "row_index": 16, "col_index": 18, "Union_area": 0.0, "Union_pc": 0.0, "rifter_edif_pl_area": 8073.6234880536795, "rifter_edif_pl_pc": 80.73623488041649, "aree-stradali-modified_area": 418.59364544227719, "aree-stradali-modified_pc": 4.1859364544165345, "Single parts_area": 1507.7828665039269, "Single parts_pc": 15.077828665016801, "Dissolved_area": 0.0, "Dissolved_pc": 0.0, "free_space_number": 4.0 }, "geometry": { "type": "Polygon", "coordinates": [ [ [ 1262693.896874761208892, 5542569.404702704399824 ], [ 1262793.896874761208892, 5542569.404702704399824 ], [ 1262793.896874761208892, 5542469.404702704399824 ], [ 1262693.896874761208892, 5542469.404702704399824 ], [ 1262693.896874761208892, 5542569.404702704399824 ] ] ] } },
{ "type": "Feature", "properties": { "id": 648, "left": 1262693.8968747612, "top": 5542469.4047027044, "right": 1262793.8968747612, "bottom": 5542369.4047027044, "row_index": 17, "col_index": 18, "Union_area": 0.0, "Union_pc": 0.0, "rifter_edif_pl_area": 7282.4623694685288, "rifter_edif_pl_pc": 72.824623694576772, "aree-stradali-modified_area": 2104.1438106037676, "aree-stradali-modified_pc": 21.041438106006321, "Single parts_area": 613.39383722329512, "Single parts_pc": 6.1339383722238106, "Dissolved_area": 0.0, "Dissolved_pc": 0.0, "free_space_number": 7.0 }, "geometry": { "type": "Polygon", "coordinates": [ [ [ 1262693.896874761208892, 5542469.404702704399824 ], [ 1262793.896874761208892, 5542469.404702704399824 ], [ 1262793.896874761208892, 5542369.404702704399824 ], [ 1262693.896874761208892, 5542369.404702704399824 ], [ 1262693.896874761208892, 5542469.404702704399824 ] ] ] } },
{ "type": "Feature", "properties": { "id": 649, "left": 1262693.8968747612, "top": 5542369.4047027044, "right": 1262793.8968747612, "bottom": 5542269.4047027044, "row_index": 18, "col_index": 18, "Union_area": 0.0, "Union_pc": 0.0, "rifter_edif_pl_area": 3888.3910990811419, "rifter_edif_pl_pc": 38.883910990753478, "aree-stradali-modified_area": 270.68163447827101, "aree-stradali-modified_pc": 2.7068163447786766, "Single parts_area": 75.33870976285408, "Single parts_pc": 0.75338709762741818, "Dissolved_area": 0.0, "Dissolved_pc": 0.0, "free_space_number": 4.0 }, "geometry": { "type": "Polygon", "coordinates": [ [ [ 1262693.896874761208892, 5542369.404702704399824 ], [ 1262793.896874761208892, 5542369.404702704399824 ], [ 1262793.896874761208892, 5542269.404702704399824 ], [ 1262693.896874761208892, 5542269.404702704399824 ], [ 1262693.896874761208892, 5542369.404702704399824 ] ] ] } },
{ "type": "Feature", "properties": { "id": 678, "left": 1262793.8968747612, "top": 5542969.4047027044, "right": 1262893.8968747612, "bottom": 5542869.4047027044, "row_index": 12, "col_index": 19, "Union_area": 3.8257327156607062, "Union_pc": 0.038257327156550051, "rifter_edif_pl_area": 6760.4505260403967, "rifter_edif_pl_pc": 67.604505260303227, "aree-stradali-modified_area": 2463.8618271499872, "aree-stradali-modified_pc": 24.638618271463159, "Single parts_area": 775.88737241611807, "Single parts_pc": 7.7588737241496188, "Dissolved_area": 0.0, "Dissolved_pc": 0.0, "free_space_number": 20.0 }, "geometry": { "type": "Polygon", "coordinates": [ [ [ 1262793.896874761208892, 5542969.404702704399824 ], [ 1262893.896874761208892, 5542969.404702704399824 ], [ 1262893.896874761208892, 5542869.404702704399824 ], [ 1262793.896874761208892, 5542869.404702704399824 ], [ 1262793.896874761208892, 5542969.404702704399824 ] ] ] } },
{ "type": "Feature", "properties": { "id": 679, "left": 1262793.8968747612, "top": 5542869.4047027044, "right": 1262893.8968747612, "bottom": 5542769.4047027044, "row_index": 13, "col_index": 19, "Union_area": 113.37582691386342, "Union_pc": 1.1337582691369448, "rifter_edif_pl_area": 6835.1664914507419, "rifter_edif_pl_pc": 68.351664914405561, "aree-stradali-modified_area": 1838.078984497115, "aree-stradali-modified_pc": 18.380789844943759, "Single parts_area": 1213.7676040191132, "Single parts_pc": 12.137676040173046, "Dissolved_area": 0.0, "Dissolved_pc": 0.0, "free_space_number": 14.0 }, "geometry": { "type": "Polygon", "coordinates": [ [ [ 1262793.896874761208892, 5542869.404702704399824 ], [ 1262893.896874761208892, 5542869.404702704399824 ], [ 1262893.896874761208892, 5542769.404702704399824 ], [ 1262793.896874761208892, 5542769.404702704399824 ], [ 1262793.896874761208892, 5542869.404702704399824 ] ] ] } },
{ "type": "Feature", "properties": { "id": 680, "left": 1262793.8968747612, "top": 5542769.4047027044, "right": 1262893.8968747612, "bottom": 5542669.4047027044, "row_index": 14, "col_index": 19, "Union_area": 17.612965311855078, "Union_pc": 0.17612965311828832, "rifter_edif_pl_area": 6732.614655262325, "rifter_edif_pl_pc": 67.326146552522928, "aree-stradali-modified_area": 1512.490412896499, "aree-stradali-modified_pc": 15.124904128942452, "Single parts_area": 1737.3709343287867, "Single parts_pc": 17.373709343261979, "Dissolved_area": 0.0, "Dissolved_pc": 0.0, "free_space_number": 21.0 }, "geometry": { "type": "Polygon", "coordinates": [ [ [ 1262793.896874761208892, 5542769.404702704399824 ], [ 1262893.896874761208892, 5542769.404702704399824 ], [ 1262893.896874761208892, 5542669.404702704399824 ], [ 1262793.896874761208892, 5542669.404702704399824 ], [ 1262793.896874761208892, 5542769.404702704399824 ] ] ] } },
{ "type": "Feature", "properties": { "id": 681, "left": 1262793.8968747612, "top": 5542669.4047027044, "right": 1262893.8968747612, "bottom": 5542569.4047027044, "row_index": 15, "col_index": 19, "Union_area": 434.74587631970644, "Union_pc": 4.3474587631905859, "rifter_edif_pl_area": 7350.9514731834643, "rifter_edif_pl_pc": 73.509514731725105, "aree-stradali-modified_area": 1487.5959659144282, "aree-stradali-modified_pc": 14.875959659122115, "Single parts_area": 832.18810173636302, "Single parts_pc": 8.3218810173512292, "Dissolved_area": 0.0, "Dissolved_pc": 0.0, "free_space_number": 16.0 }, "geometry": { "type": "Polygon", "coordinates": [ [ [ 1262793.896874761208892, 5542669.404702704399824 ], [ 1262893.896874761208892, 5542669.404702704399824 ], [ 1262893.896874761208892, 5542569.404702704399824 ], [ 1262793.896874761208892, 5542569.404702704399824 ], [ 1262793.896874761208892, 5542669.404702704399824 ] ] ] } },
{ "type": "Feature", "properties": { "id": 682, "left": 1262793.8968747612, "top": 5542569.4047027044, "right": 1262893.8968747612, "bottom": 5542469.4047027044, "row_index": 16, "col_index": 19, "Union_area": 37.860489454120398, "Union_pc": 0.37860489454063984, "rifter_edif_pl_area": 6648.7586882151663, "rifter_edif_pl_pc": 66.487586882052582, "aree-stradali-modified_area": 2159.2892292439938, "aree-stradali-modified_pc": 21.592892292407761, "Single parts_area": 1191.9689932460647, "Single parts_pc": 11.919689932442884, "Dissolved_area": 0.0, "Dissolved_pc": 0.0, "free_space_number": 10.0 }, "geometry": { "type": "Polygon", "coordinates": [ [ [ 1262793.896874761208892, 5542569.404702704399824 ], [ 1262893.896874761208892, 5542569.404702704399824 ], [ 1262893.896874761208892, 5542469.404702704399824 ], [ 1262793.896874761208892, 5542469.404702704399824 ], [ 1262793.896874761208892, 5542569.404702704399824 ] ] ] } },
{ "type": "Feature", "properties": { "id": 683, "left": 1262793.8968747612, "top": 5542469.4047027044, "right": 1262893.8968747612, "bottom": 5542369.4047027044, "row_index": 17, "col_index": 19, "Union_area": 0.0, "Union_pc": 0.0, "rifter_edif_pl_area": 6766.4220522260293, "rifter_edif_pl_pc": 67.664220522159468, "aree-stradali-modified_area": 1459.5580550655723, "aree-stradali-modified_pc": 14.595580550633974, "Single parts_area": 1774.0198927263743, "Single parts_pc": 17.740198927237309, "Dissolved_area": 0.0, "Dissolved_pc": 0.0, "free_space_number": 10.0 }, "geometry": { "type": "Polygon", "coordinates": [ [ [ 1262793.896874761208892, 5542469.404702704399824 ], [ 1262893.896874761208892, 5542469.404702704399824 ], [ 1262893.896874761208892, 5542369.404702704399824 ], [ 1262793.896874761208892, 5542369.404702704399824 ], [ 1262793.896874761208892, 5542469.404702704399824 ] ] ] } },
{ "type": "Feature", "properties": { "id": 684, "left": 1262793.8968747612, "top": 5542369.4047027044, "right": 1262893.8968747612, "bottom": 5542269.4047027044, "row_index": 18, "col_index": 19, "Union_area": 0.0, "Union_pc": 0.0, "rifter_edif_pl_area": 5456.0091786561534, "rifter_edif_pl_pc": 54.560091786480235, "aree-stradali-modified_area": 2551.6198215261102, "aree-stradali-modified_pc": 25.516198215223081, "Single parts_area": 748.54908616887406, "Single parts_pc": 7.4854908616775866, "Dissolved_area": 0.0, "Dissolved_pc": 0.0, "free_space_number": 8.0 }, "geometry": { "type": "Polygon", "coordinates": [ [ [ 1262793.896874761208892, 5542369.404702704399824 ], [ 1262893.896874761208892, 5542369.404702704399824 ], [ 1262893.896874761208892, 5542269.404702704399824 ], [ 1262793.896874761208892, 5542269.404702704399824 ], [ 1262793.896874761208892, 5542369.404702704399824 ] ] ] } },
{ "type": "Feature", "properties": { "id": 714, "left": 1262893.8968747612, "top": 5542869.4047027044, "right": 1262993.8968747612, "bottom": 5542769.4047027044, "row_index": 13, "col_index": 20, "Union_area": 0.0, "Union_pc": 0.0, "rifter_edif_pl_area": 7284.5277698247228, "rifter_edif_pl_pc": 72.845277698138673, "aree-stradali-modified_area": 1781.6876946203411, "aree-stradali-modified_pc": 17.816876946176862, "Single parts_area": 933.93959368818855, "Single parts_pc": 9.3393959368679695, "Dissolved_area": 0.0, "Dissolved_pc": 0.0, "free_space_number": 13.0 }, "geometry": { "type": "Polygon", "coordinates": [ [ [ 1262893.896874761208892, 5542869.404702704399824 ], [ 1262993.896874761208892, 5542869.404702704399824 ], [ 1262993.896874761208892, 5542769.404702704399824 ], [ 1262893.896874761208892, 5542769.404702704399824 ], [ 1262893.896874761208892, 5542869.404702704399824 ] ] ] } },
{ "type": "Feature", "properties": { "id": 715, "left": 1262893.8968747612, "top": 5542769.4047027044, "right": 1262993.8968747612, "bottom": 5542669.4047027044, "row_index": 14, "col_index": 20, "Union_area": 0.0, "Union_pc": 0.0, "rifter_edif_pl_area": 7111.736175024882, "rifter_edif_pl_pc": 71.117361750142848, "aree-stradali-modified_area": 1606.307428445667, "aree-stradali-modified_pc": 16.063074284432734, "Single parts_area": 1281.9563965803536, "Single parts_pc": 12.819563965784434, "Dissolved_area": 0.0, "Dissolved_pc": 0.0, "free_space_number": 22.0 }, "geometry": { "type": "Polygon", "coordinates": [ [ [ 1262893.896874761208892, 5542769.404702704399824 ], [ 1262993.896874761208892, 5542769.404702704399824 ], [ 1262993.896874761208892, 5542669.404702704399824 ], [ 1262893.896874761208892, 5542669.404702704399824 ], [ 1262893.896874761208892, 5542769.404702704399824 ] ] ] } },
{ "type": "Feature", "properties": { "id": 716, "left": 1262893.8968747612, "top": 5542669.4047027044, "right": 1262993.8968747612, "bottom": 5542569.4047027044, "row_index": 15, "col_index": 20, "Union_area": 0.0, "Union_pc": 0.0, "rifter_edif_pl_area": 7014.0680196837056, "rifter_edif_pl_pc": 70.140680196732532, "aree-stradali-modified_area": 2067.5917858248577, "aree-stradali-modified_pc": 20.675917858217765, "Single parts_area": 918.34019446158072, "Single parts_pc": 9.1834019446021227, "Dissolved_area": 0.0, "Dissolved_pc": 0.0, "free_space_number": 13.0 }, "geometry": { "type": "Polygon", "coordinates": [ [ [ 1262893.896874761208892, 5542669.404702704399824 ], [ 1262993.896874761208892, 5542669.404702704399824 ], [ 1262993.896874761208892, 5542569.404702704399824 ], [ 1262893.896874761208892, 5542569.404702704399824 ], [ 1262893.896874761208892, 5542669.404702704399824 ] ] ] } },
{ "type": "Feature", "properties": { "id": 717, "left": 1262893.8968747612, "top": 5542569.4047027044, "right": 1262993.8968747612, "bottom": 5542469.4047027044, "row_index": 16, "col_index": 20, "Union_area": 0.0, "Union_pc": 0.0, "rifter_edif_pl_area": 7230.0908126533031, "rifter_edif_pl_pc": 72.300908126425298, "aree-stradali-modified_area": 2174.965572988207, "aree-stradali-modified_pc": 21.74965572984966, "Single parts_area": 595.00480793975521, "Single parts_pc": 5.9500480793886856, "Dissolved_area": 0.0, "Dissolved_pc": 0.0, "free_space_number": 13.0 }, "geometry": { "type": "Polygon", "coordinates": [ [ [ 1262893.896874761208892, 5542569.404702704399824 ], [ 1262993.896874761208892, 5542569.404702704399824 ], [ 1262993.896874761208892, 5542469.404702704399824 ], [ 1262893.896874761208892, 5542469.404702704399824 ], [ 1262893.896874761208892, 5542569.404702704399824 ] ] ] } },
{ "type": "Feature", "properties": { "id": 718, "left": 1262893.8968747612, "top": 5542469.4047027044, "right": 1262993.8968747612, "bottom": 5542369.4047027044, "row_index": 17, "col_index": 20, "Union_area": 0.0, "Union_pc": 0.0, "rifter_edif_pl_area": 7332.7400182790589, "rifter_edif_pl_pc": 73.327400182681316, "aree-stradali-modified_area": 1962.9259153939784, "aree-stradali-modified_pc": 19.629259153910535, "Single parts_area": 704.34785454005112, "Single parts_pc": 7.0434785453900153, "Dissolved_area": 0.0, "Dissolved_pc": 0.0, "free_space_number": 13.0 }, "geometry": { "type": "Polygon", "coordinates": [ [ [ 1262893.896874761208892, 5542469.404702704399824 ], [ 1262993.896874761208892, 5542469.404702704399824 ], [ 1262993.896874761208892, 5542369.404702704399824 ], [ 1262893.896874761208892, 5542369.404702704399824 ], [ 1262893.896874761208892, 5542469.404702704399824 ] ] ] } },
{ "type": "Feature", "properties": { "id": 719, "left": 1262893.8968747612, "top": 5542369.4047027044, "right": 1262993.8968747612, "bottom": 5542269.4047027044, "row_index": 18, "col_index": 20, "Union_area": 0.0, "Union_pc": 0.0, "rifter_edif_pl_area": 5604.6092517194338, "rifter_edif_pl_pc": 56.046092517110822, "aree-stradali-modified_area": 3314.8885416910052, "aree-stradali-modified_pc": 33.148885416860658, "Single parts_area": 1080.5141532371299, "Single parts_pc": 10.805141532355199, "Dissolved_area": 0.0, "Dissolved_pc": 0.0, "free_space_number": 11.0 }, "geometry": { "type": "Polygon", "coordinates": [ [ [ 1262893.896874761208892, 5542369.404702704399824 ], [ 1262993.896874761208892, 5542369.404702704399824 ], [ 1262993.896874761208892, 5542269.404702704399824 ], [ 1262893.896874761208892, 5542269.404702704399824 ], [ 1262893.896874761208892, 5542369.404702704399824 ] ] ] } },
{ "type": "Feature", "properties": { "id": 749, "left": 1262993.8968747612, "top": 5542869.4047027044, "right": 1263093.8968747612, "bottom": 5542769.4047027044, "row_index": 13, "col_index": 21, "Union_area": 183.34401424601674, "Union_pc": 1.8334401424574354, "rifter_edif_pl_area": 7293.2726465379819, "rifter_edif_pl_pc": 72.932726465271145, "aree-stradali-modified_area": 1789.4668191745877, "aree-stradali-modified_pc": 17.894668191719212, "Single parts_area": 734.95291538879519, "Single parts_pc": 7.3495291538770005, "Dissolved_area": 0.0, "Dissolved_pc": 0.0, "free_space_number": 15.0 }, "geometry": { "type": "Polygon", "coordinates": [ [ [ 1262993.896874761208892, 5542869.404702704399824 ], [ 1263093.896874761208892, 5542869.404702704399824 ], [ 1263093.896874761208892, 5542769.404702704399824 ], [ 1262993.896874761208892, 5542769.404702704399824 ], [ 1262993.896874761208892, 5542869.404702704399824 ] ] ] } },
{ "type": "Feature", "properties": { "id": 750, "left": 1262993.8968747612, "top": 5542769.4047027044, "right": 1263093.8968747612, "bottom": 5542669.4047027044, "row_index": 14, "col_index": 21, "Union_area": 0.0, "Union_pc": 0.0, "rifter_edif_pl_area": 5420.1212740370538, "rifter_edif_pl_pc": 54.201212740289769, "aree-stradali-modified_area": 2297.2490406297147, "aree-stradali-modified_pc": 22.972490406262917, "Single parts_area": 2282.6296852781825, "Single parts_pc": 22.826296852747809, "Dissolved_area": 0.0, "Dissolved_pc": 0.0, "free_space_number": 14.0 }, "geometry": { "type": "Polygon", "coordinates": [ [ [ 1262993.896874761208892, 5542769.404702704399824 ], [ 1263093.896874761208892, 5542769.404702704399824 ], [ 1263093.896874761208892, 5542669.404702704399824 ], [ 1262993.896874761208892, 5542669.404702704399824 ], [ 1262993.896874761208892, 5542769.404702704399824 ] ] ] } },
{ "type": "Feature", "properties": { "id": 751, "left": 1262993.8968747612, "top": 5542669.4047027044, "right": 1263093.8968747612, "bottom": 5542569.4047027044, "row_index": 15, "col_index": 21, "Union_area": 0.0, "Union_pc": 0.0, "rifter_edif_pl_area": 5544.8245570992585, "rifter_edif_pl_pc": 55.448245570909961, "aree-stradali-modified_area": 3864.8500950653106, "aree-stradali-modified_pc": 38.648500950595512, "Single parts_area": 590.32534783475455, "Single parts_pc": 5.9032534783387494, "Dissolved_area": 0.0, "Dissolved_pc": 0.0, "free_space_number": 11.0 }, "geometry": { "type": "Polygon", "coordinates": [ [ [ 1262993.896874761208892, 5542669.404702704399824 ], [ 1263093.896874761208892, 5542669.404702704399824 ], [ 1263093.896874761208892, 5542569.404702704399824 ], [ 1262993.896874761208892, 5542569.404702704399824 ], [ 1262993.896874761208892, 5542669.404702704399824 ] ] ] } },
{ "type": "Feature", "properties": { "id": 752, "left": 1262993.8968747612, "top": 5542569.4047027044, "right": 1263093.8968747612, "bottom": 5542469.4047027044, "row_index": 16, "col_index": 21, "Union_area": 0.0, "Union_pc": 0.0, "rifter_edif_pl_area": 6662.1420320387697, "rifter_edif_pl_pc": 66.621420320288422, "aree-stradali-modified_area": 2564.5737920403481, "aree-stradali-modified_pc": 25.645737920365267, "Single parts_area": 773.28747344844328, "Single parts_pc": 7.7328747344729107, "Dissolved_area": 0.0, "Dissolved_pc": 0.0, "free_space_number": 16.0 }, "geometry": { "type": "Polygon", "coordinates": [ [ [ 1262993.896874761208892, 5542569.404702704399824 ], [ 1263093.896874761208892, 5542569.404702704399824 ], [ 1263093.896874761208892, 5542469.404702704399824 ], [ 1262993.896874761208892, 5542469.404702704399824 ], [ 1262993.896874761208892, 5542569.404702704399824 ] ] ] } },
{ "type": "Feature", "properties": { "id": 753, "left": 1262993.8968747612, "top": 5542469.4047027044, "right": 1263093.8968747612, "bottom": 5542369.4047027044, "row_index": 17, "col_index": 21, "Union_area": 0.0, "Union_pc": 0.0, "rifter_edif_pl_area": 7754.1646920060739, "rifter_edif_pl_pc": 77.541646919945194, "aree-stradali-modified_area": 1218.9437516015023, "aree-stradali-modified_pc": 12.189437515996859, "Single parts_area": 1026.9899228108663, "Single parts_pc": 10.269899228093362, "Dissolved_area": 0.0, "Dissolved_pc": 0.0, "free_space_number": 16.0 }, "geometry": { "type": "Polygon", "coordinates": [ [ [ 1262993.896874761208892, 5542469.404702704399824 ], [ 1263093.896874761208892, 5542469.404702704399824 ], [ 1263093.896874761208892, 5542369.404702704399824 ], [ 1262993.896874761208892, 5542369.404702704399824 ], [ 1262993.896874761208892, 5542469.404702704399824 ] ] ] } },
{ "type": "Feature", "properties": { "id": 754, "left": 1262993.8968747612, "top": 5542369.4047027044, "right": 1263093.8968747612, "bottom": 5542269.4047027044, "row_index": 18, "col_index": 21, "Union_area": 0.0, "Union_pc": 0.0, "rifter_edif_pl_area": 8064.8243555072695, "rifter_edif_pl_pc": 80.648243554952515, "aree-stradali-modified_area": 1048.725695035886, "aree-stradali-modified_pc": 10.487256950343234, "Single parts_area": 537.17548846769012, "Single parts_pc": 5.3717548846688965, "Dissolved_area": 0.0, "Dissolved_pc": 0.0, "free_space_number": 11.0 }, "geometry": { "type": "Polygon", "coordinates": [ [ [ 1262993.896874761208892, 5542369.404702704399824 ], [ 1263093.896874761208892, 5542369.404702704399824 ], [ 1263093.896874761208892, 5542269.404702704399824 ], [ 1262993.896874761208892, 5542269.404702704399824 ], [ 1262993.896874761208892, 5542369.404702704399824 ] ] ] } },
{ "type": "Feature", "properties": { "id": 755, "left": 1262993.8968747612, "top": 5542269.4047027044, "right": 1263093.8968747612, "bottom": 5542169.4047027044, "row_index": 19, "col_index": 21, "Union_area": 0.0, "Union_pc": 0.0, "rifter_edif_pl_area": 5420.2368504405022, "rifter_edif_pl_pc": 54.202368504324255, "aree-stradali-modified_area": 4004.7437244984321, "aree-stradali-modified_pc": 40.047437244924645, "Single parts_area": 1.5743753093198685, "Single parts_pc": 0.015743753093175227, "Dissolved_area": 0.0, "Dissolved_pc": 0.0, "free_space_number": 4.0 }, "geometry": { "type": "Polygon", "coordinates": [ [ [ 1262993.896874761208892, 5542269.404702704399824 ], [ 1263093.896874761208892, 5542269.404702704399824 ], [ 1263093.896874761208892, 5542169.404702704399824 ], [ 1262993.896874761208892, 5542169.404702704399824 ], [ 1262993.896874761208892, 5542269.404702704399824 ] ] ] } },
{ "type": "Feature", "properties": { "id": 785, "left": 1263093.8968747612, "top": 5542769.4047027044, "right": 1263193.8968747612, "bottom": 5542669.4047027044, "row_index": 14, "col_index": 22, "Union_area": 0.0, "Union_pc": 0.0, "rifter_edif_pl_area": 7252.4786210358143, "rifter_edif_pl_pc": 72.52478621025007, "aree-stradali-modified_area": 1199.2511731795967, "aree-stradali-modified_pc": 11.992511731778096, "Single parts_area": 1548.3085049220169, "Single parts_pc": 15.483085049197097, "Dissolved_area": 0.0, "Dissolved_pc": 0.0, "free_space_number": 8.0 }, "geometry": { "type": "Polygon", "coordinates": [ [ [ 1263093.896874761208892, 5542769.404702704399824 ], [ 1263193.896874761208892, 5542769.404702704399824 ], [ 1263193.896874761208892, 5542669.404702704399824 ], [ 1263093.896874761208892, 5542669.404702704399824 ], [ 1263093.896874761208892, 5542769.404702704399824 ] ] ] } },
{ "type": "Feature", "properties": { "id": 786, "left": 1263093.8968747612, "top": 5542669.4047027044, "right": 1263193.8968747612, "bottom": 5542569.4047027044, "row_index": 15, "col_index": 22, "Union_area": 0.0, "Union_pc": 0.0, "rifter_edif_pl_area": 7094.4561417279765, "rifter_edif_pl_pc": 70.944561417174043, "aree-stradali-modified_area": 1807.3555334592238, "aree-stradali-modified_pc": 18.073555334565306, "Single parts_area": 1098.1885296436274, "Single parts_pc": 10.981885296419909, "Dissolved_area": 0.0, "Dissolved_pc": 0.0, "free_space_number": 19.0 }, "geometry": { "type": "Polygon", "coordinates": [ [ [ 1263093.896874761208892, 5542669.404702704399824 ], [ 1263193.896874761208892, 5542669.404702704399824 ], [ 1263193.896874761208892, 5542569.404702704399824 ], [ 1263093.896874761208892, 5542569.404702704399824 ], [ 1263093.896874761208892, 5542669.404702704399824 ] ] ] } },
{ "type": "Feature", "properties": { "id": 787, "left": 1263093.8968747612, "top": 5542569.4047027044, "right": 1263193.8968747612, "bottom": 5542469.4047027044, "row_index": 16, "col_index": 22, "Union_area": 0.0, "Union_pc": 0.0, "rifter_edif_pl_area": 7767.8296079228166, "rifter_edif_pl_pc": 77.678296079112414, "aree-stradali-modified_area": 1276.1910266689956, "aree-stradali-modified_pc": 12.76191026667094, "Single parts_area": 956.64552071768628, "Single parts_pc": 9.5664552071626083, "Dissolved_area": 0.0, "Dissolved_pc": 0.0, "free_space_number": 16.0 }, "geometry": { "type": "Polygon", "coordinates": [ [ [ 1263093.896874761208892, 5542569.404702704399824 ], [ 1263193.896874761208892, 5542569.404702704399824 ], [ 1263193.896874761208892, 5542469.404702704399824 ], [ 1263093.896874761208892, 5542469.404702704399824 ], [ 1263093.896874761208892, 5542569.404702704399824 ] ] ] } },
{ "type": "Feature", "properties": { "id": 788, "left": 1263093.8968747612, "top": 5542469.4047027044, "right": 1263193.8968747612, "bottom": 5542369.4047027044, "row_index": 17, "col_index": 22, "Union_area": 0.0, "Union_pc": 0.0, "rifter_edif_pl_area": 7086.4520694739185, "rifter_edif_pl_pc": 70.864520694633583, "aree-stradali-modified_area": 1940.2407704186626, "aree-stradali-modified_pc": 19.402407704157714, "Single parts_area": 973.50958278684573, "Single parts_pc": 9.7350958278539501, "Dissolved_area": 0.0, "Dissolved_pc": 0.0, "free_space_number": 17.0 }, "geometry": { "type": "Polygon", "coordinates": [ [ [ 1263093.896874761208892, 5542469.404702704399824 ], [ 1263193.896874761208892, 5542469.404702704399824 ], [ 1263193.896874761208892, 5542369.404702704399824 ], [ 1263093.896874761208892, 5542369.404702704399824 ], [ 1263093.896874761208892, 5542469.404702704399824 ] ] ] } },
{ "type": "Feature", "properties": { "id": 789, "left": 1263093.8968747612, "top": 5542369.4047027044, "right": 1263193.8968747612, "bottom": 5542269.4047027044, "row_index": 18, "col_index": 22, "Union_area": 0.0, "Union_pc": 0.0, "rifter_edif_pl_area": 6095.4311628798023, "rifter_edif_pl_pc": 60.954311628707195, "aree-stradali-modified_area": 2098.2066149124876, "aree-stradali-modified_pc": 20.982066149093608, "Single parts_area": 459.34863203848852, "Single parts_pc": 4.5934863203780401, "Dissolved_area": 0.0, "Dissolved_pc": 0.0, "free_space_number": 14.0 }, "geometry": { "type": "Polygon", "coordinates": [ [ [ 1263093.896874761208892, 5542369.404702704399824 ], [ 1263193.896874761208892, 5542369.404702704399824 ], [ 1263193.896874761208892, 5542269.404702704399824 ], [ 1263093.896874761208892, 5542269.404702704399824 ], [ 1263093.896874761208892, 5542369.404702704399824 ] ] ] } },
{ "type": "Feature", "properties": { "id": 790, "left": 1263093.8968747612, "top": 5542269.4047027044, "right": 1263193.8968747612, "bottom": 5542169.4047027044, "row_index": 19, "col_index": 22, "Union_area": 0.0, "Union_pc": 0.0, "rifter_edif_pl_area": 7088.444949329365, "rifter_edif_pl_pc": 70.884449493188029, "aree-stradali-modified_area": 859.90225685155019, "aree-stradali-modified_pc": 8.5990225685026882, "Single parts_area": 270.41035906535353, "Single parts_pc": 2.7041035906495061, "Dissolved_area": 0.0, "Dissolved_pc": 0.0, "free_space_number": 10.0 }, "geometry": { "type": "Polygon", "coordinates": [ [ [ 1263093.896874761208892, 5542269.404702704399824 ], [ 1263193.896874761208892, 5542269.404702704399824 ], [ 1263193.896874761208892, 5542169.404702704399824 ], [ 1263093.896874761208892, 5542169.404702704399824 ], [ 1263093.896874761208892, 5542269.404702704399824 ] ] ] } },
{ "type": "Feature", "properties": { "id": 820, "left": 1263193.8968747612, "top": 5542769.4047027044, "right": 1263293.8968747612, "bottom": 5542669.4047027044, "row_index": 14, "col_index": 23, "Union_area": 46.850580386817455, "Union_pc": 0.46850580386747642, "rifter_edif_pl_area": 6650.9567212038673, "rifter_edif_pl_pc": 66.509567211939569, "aree-stradali-modified_area": 2246.2771123796701, "aree-stradali-modified_pc": 22.462771123763229, "Single parts_area": 1057.9168916867611, "Single parts_pc": 10.579168916851847, "Dissolved_area": 0.0, "Dissolved_pc": 0.0, "free_space_number": 19.0 }, "geometry": { "type": "Polygon", "coordinates": [ [ [ 1263193.896874761208892, 5542769.404702704399824 ], [ 1263293.896874761208892, 5542769.404702704399824 ], [ 1263293.896874761208892, 5542669.404702704399824 ], [ 1263193.896874761208892, 5542669.404702704399824 ], [ 1263193.896874761208892, 5542769.404702704399824 ] ] ] } },
{ "type": "Feature", "properties": { "id": 821, "left": 1263193.8968747612, "top": 5542669.4047027044, "right": 1263293.8968747612, "bottom": 5542569.4047027044, "row_index": 15, "col_index": 23, "Union_area": 38.970340009778738, "Union_pc": 0.38970340009720666, "rifter_edif_pl_area": 7642.0798889000434, "rifter_edif_pl_pc": 76.420798888886551, "aree-stradali-modified_area": 1091.9475333523005, "aree-stradali-modified_pc": 10.919475333506734, "Single parts_area": 1227.2668927862339, "Single parts_pc": 12.272668927844052, "Dissolved_area": 0.0, "Dissolved_pc": 0.0, "free_space_number": 23.0 }, "geometry": { "type": "Polygon", "coordinates": [ [ [ 1263193.896874761208892, 5542669.404702704399824 ], [ 1263293.896874761208892, 5542669.404702704399824 ], [ 1263293.896874761208892, 5542569.404702704399824 ], [ 1263193.896874761208892, 5542569.404702704399824 ], [ 1263193.896874761208892, 5542669.404702704399824 ] ] ] } },
{ "type": "Feature", "properties": { "id": 822, "left": 1263193.8968747612, "top": 5542569.4047027044, "right": 1263293.8968747612, "bottom": 5542469.4047027044, "row_index": 16, "col_index": 23, "Union_area": 0.0, "Union_pc": 0.0, "rifter_edif_pl_area": 6668.0716277323663, "rifter_edif_pl_pc": 66.680716277224306, "aree-stradali-modified_area": 1409.380484983325, "aree-stradali-modified_pc": 14.093804849812249, "Single parts_area": 1922.5478874191176, "Single parts_pc": 19.225478874162526, "Dissolved_area": 0.0, "Dissolved_pc": 0.0, "free_space_number": 15.0 }, "geometry": { "type": "Polygon", "coordinates": [ [ [ 1263193.896874761208892, 5542569.404702704399824 ], [ 1263293.896874761208892, 5542569.404702704399824 ], [ 1263293.896874761208892, 5542469.404702704399824 ], [ 1263193.896874761208892, 5542469.404702704399824 ], [ 1263193.896874761208892, 5542569.404702704399824 ] ] ] } },
{ "type": "Feature", "properties": { "id": 823, "left": 1263193.8968747612, "top": 5542469.4047027044, "right": 1263293.8968747612, "bottom": 5542369.4047027044, "row_index": 17, "col_index": 23, "Union_area": 0.0, "Union_pc": 0.0, "rifter_edif_pl_area": 6781.4209846695885, "rifter_edif_pl_pc": 67.814209846594835, "aree-stradali-modified_area": 2092.4919183859602, "aree-stradali-modified_pc": 20.924919183828422, "Single parts_area": 1126.133791170083, "Single parts_pc": 11.261337911684048, "Dissolved_area": 0.0, "Dissolved_pc": 0.0, "free_space_number": 8.0 }, "geometry": { "type": "Polygon", "coordinates": [ [ [ 1263193.896874761208892, 5542469.404702704399824 ], [ 1263293.896874761208892, 5542469.404702704399824 ], [ 1263293.896874761208892, 5542369.404702704399824 ], [ 1263193.896874761208892, 5542369.404702704399824 ], [ 1263193.896874761208892, 5542469.404702704399824 ] ] ] } },
{ "type": "Feature", "properties": { "id": 824, "left": 1263193.8968747612, "top": 5542369.4047027044, "right": 1263293.8968747612, "bottom": 5542269.4047027044, "row_index": 18, "col_index": 23, "Union_area": 0.0, "Union_pc": 0.0, "rifter_edif_pl_area": 7752.4547228685115, "rifter_edif_pl_pc": 77.524547228569588, "aree-stradali-modified_area": 982.23966282606125, "aree-stradali-modified_pc": 9.8223966282459756, "Single parts_area": 1265.3074654258758, "Single parts_pc": 12.653074654239903, "Dissolved_area": 0.0, "Dissolved_pc": 0.0, "free_space_number": 19.0 }, "geometry": { "type": "Polygon", "coordinates": [ [ [ 1263193.896874761208892, 5542369.404702704399824 ], [ 1263293.896874761208892, 5542369.404702704399824 ], [ 1263293.896874761208892, 5542269.404702704399824 ], [ 1263193.896874761208892, 5542269.404702704399824 ], [ 1263193.896874761208892, 5542369.404702704399824 ] ] ] } },
{ "type": "Feature", "properties": { "id": 825, "left": 1263193.8968747612, "top": 5542269.4047027044, "right": 1263293.8968747612, "bottom": 5542169.4047027044, "row_index": 19, "col_index": 23, "Union_area": 0.0, "Union_pc": 0.0, "rifter_edif_pl_area": 7628.7790732067078, "rifter_edif_pl_pc": 76.287790731953407, "aree-stradali-modified_area": 1512.3209670255892, "aree-stradali-modified_pc": 15.123209670233356, "Single parts_area": 859.24791113701713, "Single parts_pc": 8.5924791113573669, "Dissolved_area": 0.0, "Dissolved_pc": 0.0, "free_space_number": 12.0 }, "geometry": { "type": "Polygon", "coordinates": [ [ [ 1263193.896874761208892, 5542269.404702704399824 ], [ 1263293.896874761208892, 5542269.404702704399824 ], [ 1263293.896874761208892, 5542169.404702704399824 ], [ 1263193.896874761208892, 5542169.404702704399824 ], [ 1263193.896874761208892, 5542269.404702704399824 ] ] ] } },
{ "type": "Feature", "properties": { "id": 826, "left": 1263193.8968747612, "top": 5542169.4047027044, "right": 1263293.8968747612, "bottom": 5542069.4047027044, "row_index": 20, "col_index": 23, "Union_area": 268.20838552108034, "Union_pc": 2.6820838552068067, "rifter_edif_pl_area": 7287.7180556803942, "rifter_edif_pl_pc": 72.87718055669535, "aree-stradali-modified_area": 1817.0763235017657, "aree-stradali-modified_pc": 18.170763234990581, "Single parts_area": 638.29827032028084, "Single parts_pc": 6.3829827031932975, "Dissolved_area": 0.0, "Dissolved_pc": 0.0, "free_space_number": 19.0 }, "geometry": { "type": "Polygon", "coordinates": [ [ [ 1263193.896874761208892, 5542169.404702704399824 ], [ 1263293.896874761208892, 5542169.404702704399824 ], [ 1263293.896874761208892, 5542069.404702704399824 ], [ 1263193.896874761208892, 5542069.404702704399824 ], [ 1263193.896874761208892, 5542169.404702704399824 ] ] ] } },
{ "type": "Feature", "properties": { "id": 856, "left": 1263293.8968747612, "top": 5542669.4047027044, "right": 1263393.8968747612, "bottom": 5542569.4047027044, "row_index": 15, "col_index": 24, "Union_area": 244.89621368050575, "Union_pc": 2.4489621368014083, "rifter_edif_pl_area": 6508.1935555795208, "rifter_edif_pl_pc": 65.081935555698223, "aree-stradali-modified_area": 1537.6372659020126, "aree-stradali-modified_pc": 15.376372658997214, "Single parts_area": 1709.8895468670685, "Single parts_pc": 17.098895468645207, "Dissolved_area": 0.0, "Dissolved_pc": 0.0, "free_space_number": 18.0 }, "geometry": { "type": "Polygon", "coordinates": [ [ [ 1263293.896874761208892, 5542669.404702704399824 ], [ 1263393.896874761208892, 5542669.404702704399824 ], [ 1263393.896874761208892, 5542569.404702704399824 ], [ 1263293.896874761208892, 5542569.404702704399824 ], [ 1263293.896874761208892, 5542669.404702704399824 ] ] ] } },
{ "type": "Feature", "properties": { "id": 857, "left": 1263293.8968747612, "top": 5542569.4047027044, "right": 1263393.8968747612, "bottom": 5542469.4047027044, "row_index": 16, "col_index": 24, "Union_area": 0.0, "Union_pc": 0.0, "rifter_edif_pl_area": 6881.8493041200563, "rifter_edif_pl_pc": 68.818493041098009, "aree-stradali-modified_area": 890.60162036307156, "aree-stradali-modified_pc": 8.9060162036174439, "Single parts_area": 2227.5490755065316, "Single parts_pc": 22.275490755032124, "Dissolved_area": 0.0, "Dissolved_pc": 0.0, "free_space_number": 11.0 }, "geometry": { "type": "Polygon", "coordinates": [ [ [ 1263293.896874761208892, 5542569.404702704399824 ], [ 1263393.896874761208892, 5542569.404702704399824 ], [ 1263393.896874761208892, 5542469.404702704399824 ], [ 1263293.896874761208892, 5542469.404702704399824 ], [ 1263293.896874761208892, 5542569.404702704399824 ] ] ] } },
{ "type": "Feature", "properties": { "id": 858, "left": 1263293.8968747612, "top": 5542469.4047027044, "right": 1263393.8968747612, "bottom": 5542369.4047027044, "row_index": 17, "col_index": 24, "Union_area": 633.42602650076151, "Union_pc": 6.3342602649981767, "rifter_edif_pl_area": 5905.2137037534267, "rifter_edif_pl_pc": 59.052137037446272, "aree-stradali-modified_area": 3738.7525642886758, "aree-stradali-modified_pc": 37.387525642831044, "Single parts_area": 356.03386132209562, "Single parts_pc": 3.5603386132156509, "Dissolved_area": 0.0, "Dissolved_pc": 0.0, "free_space_number": 5.0 }, "geometry": { "type": "Polygon", "coordinates": [ [ [ 1263293.896874761208892, 5542469.404702704399824 ], [ 1263393.896874761208892, 5542469.404702704399824 ], [ 1263393.896874761208892, 5542369.404702704399824 ], [ 1263293.896874761208892, 5542369.404702704399824 ], [ 1263293.896874761208892, 5542469.404702704399824 ] ] ] } },
{ "type": "Feature", "properties": { "id": 859, "left": 1263293.8968747612, "top": 5542369.4047027044, "right": 1263393.8968747612, "bottom": 5542269.4047027044, "row_index": 18, "col_index": 24, "Union_area": 0.0, "Union_pc": 0.0, "rifter_edif_pl_area": 6565.0597196370363, "rifter_edif_pl_pc": 65.650597196272543, "aree-stradali-modified_area": 1791.3246966563165, "aree-stradali-modified_pc": 17.913246966536473, "Single parts_area": 1643.7824449603127, "Single parts_pc": 16.437824449578631, "Dissolved_area": 0.0, "Dissolved_pc": 0.0, "free_space_number": 7.0 }, "geometry": { "type": "Polygon", "coordinates": [ [ [ 1263293.896874761208892, 5542369.404702704399824 ], [ 1263393.896874761208892, 5542369.404702704399824 ], [ 1263393.896874761208892, 5542269.404702704399824 ], [ 1263293.896874761208892, 5542269.404702704399824 ], [ 1263293.896874761208892, 5542369.404702704399824 ] ] ] } },
{ "type": "Feature", "properties": { "id": 860, "left": 1263293.8968747612, "top": 5542269.4047027044, "right": 1263393.8968747612, "bottom": 5542169.4047027044, "row_index": 19, "col_index": 24, "Union_area": 207.03636793140322, "Union_pc": 2.070363679310947, "rifter_edif_pl_area": 6936.4488794616191, "rifter_edif_pl_pc": 69.364488794512823, "aree-stradali-modified_area": 446.53329503163695, "aree-stradali-modified_pc": 4.4653329503097154, "Single parts_area": 2422.9520825115119, "Single parts_pc": 24.229520825079014, "Dissolved_area": 0.0, "Dissolved_pc": 0.0, "free_space_number": 17.0 }, "geometry": { "type": "Polygon", "coordinates": [ [ [ 1263293.896874761208892, 5542269.404702704399824 ], [ 1263393.896874761208892, 5542269.404702704399824 ], [ 1263393.896874761208892, 5542169.404702704399824 ], [ 1263293.896874761208892, 5542169.404702704399824 ], [ 1263293.896874761208892, 5542269.404702704399824 ] ] ] } },
{ "type": "Feature", "properties": { "id": 861, "left": 1263293.8968747612, "top": 5542169.4047027044, "right": 1263393.8968747612, "bottom": 5542069.4047027044, "row_index": 20, "col_index": 24, "Union_area": 0.64136133482679725, "Union_pc": 0.0064136133482584155, "rifter_edif_pl_area": 7224.633908656484, "rifter_edif_pl_pc": 72.246339086457183, "aree-stradali-modified_area": 1735.8174737654626, "aree-stradali-modified_pc": 17.358174737628762, "Single parts_area": 1042.1155542580527, "Single parts_pc": 10.421155542564998, "Dissolved_area": 0.0, "Dissolved_pc": 0.0, "free_space_number": 12.0 }, "geometry": { "type": "Polygon", "coordinates": [ [ [ 1263293.896874761208892, 5542169.404702704399824 ], [ 1263393.896874761208892, 5542169.404702704399824 ], [ 1263393.896874761208892, 5542069.404702704399824 ], [ 1263293.896874761208892, 5542069.404702704399824 ], [ 1263293.896874761208892, 5542169.404702704399824 ] ] ] } },
{ "type": "Feature", "properties": { "id": 892, "left": 1263393.8968747612, "top": 5542569.4047027044, "right": 1263493.8968747612, "bottom": 5542469.4047027044, "row_index": 16, "col_index": 25, "Union_area": 0.0, "Union_pc": 0.0, "rifter_edif_pl_area": 7952.4234349261969, "rifter_edif_pl_pc": 79.52423434914347, "aree-stradali-modified_area": 1399.4459635876119, "aree-stradali-modified_pc": 13.994459635855266, "Single parts_area": 648.13060157609448, "Single parts_pc": 6.4813060157512874, "Dissolved_area": 0.0, "Dissolved_pc": 0.0, "free_space_number": 9.0 }, "geometry": { "type": "Polygon", "coordinates": [ [ [ 1263393.896874761208892, 5542569.404702704399824 ], [ 1263493.896874761208892, 5542569.404702704399824 ], [ 1263493.896874761208892, 5542469.404702704399824 ], [ 1263393.896874761208892, 5542469.404702704399824 ], [ 1263393.896874761208892, 5542569.404702704399824 ] ] ] } },
{ "type": "Feature", "properties": { "id": 893, "left": 1263393.8968747612, "top": 5542469.4047027044, "right": 1263493.8968747612, "bottom": 5542369.4047027044, "row_index": 17, "col_index": 25, "Union_area": 1450.1235068030655, "Union_pc": 14.501235068009047, "rifter_edif_pl_area": 7112.1304147844203, "rifter_edif_pl_pc": 71.121304147738229, "aree-stradali-modified_area": 0.0, "aree-stradali-modified_pc": 0.0, "Single parts_area": 1534.1015856968297, "Single parts_pc": 15.341015856945438, "Dissolved_area": 0.0, "Dissolved_pc": 0.0, "free_space_number": 8.0 }, "geometry": { "type": "Polygon", "coordinates": [ [ [ 1263393.896874761208892, 5542469.404702704399824 ], [ 1263493.896874761208892, 5542469.404702704399824 ], [ 1263493.896874761208892, 5542369.404702704399824 ], [ 1263393.896874761208892, 5542369.404702704399824 ], [ 1263393.896874761208892, 5542469.404702704399824 ] ] ] } },
{ "type": "Feature", "properties": { "id": 894, "left": 1263393.8968747612, "top": 5542369.4047027044, "right": 1263493.8968747612, "bottom": 5542269.4047027044, "row_index": 18, "col_index": 25, "Union_area": 839.82088034041226, "Union_pc": 8.3982088033916078, "rifter_edif_pl_area": 5497.6816112984088, "rifter_edif_pl_pc": 54.976816112902164, "aree-stradali-modified_area": 950.13959404779598, "aree-stradali-modified_pc": 9.5013959404638015, "Single parts_area": 2726.3117371777771, "Single parts_pc": 27.263117371737145, "Dissolved_area": 0.0, "Dissolved_pc": 0.0, "free_space_number": 10.0 }, "geometry": { "type": "Polygon", "coordinates": [ [ [ 1263393.896874761208892, 5542369.404702704399824 ], [ 1263493.896874761208892, 5542369.404702704399824 ], [ 1263493.896874761208892, 5542269.404702704399824 ], [ 1263393.896874761208892, 5542269.404702704399824 ], [ 1263393.896874761208892, 5542369.404702704399824 ] ] ] } },
{ "type": "Feature", "properties": { "id": 895, "left": 1263393.8968747612, "top": 5542269.4047027044, "right": 1263493.8968747612, "bottom": 5542169.4047027044, "row_index": 19, "col_index": 25, "Union_area": 0.0, "Union_pc": 0.0, "rifter_edif_pl_area": 7032.9657464551274, "rifter_edif_pl_pc": 70.32965746444647, "aree-stradali-modified_area": 1717.8819100949913, "aree-stradali-modified_pc": 17.178819100924315, "Single parts_area": 1320.6113851277623, "Single parts_pc": 13.206113851257944, "Dissolved_area": 0.0, "Dissolved_pc": 0.0, "free_space_number": 13.0 }, "geometry": { "type": "Polygon", "coordinates": [ [ [ 1263393.896874761208892, 5542269.404702704399824 ], [ 1263493.896874761208892, 5542269.404702704399824 ], [ 1263493.896874761208892, 5542169.404702704399824 ], [ 1263393.896874761208892, 5542169.404702704399824 ], [ 1263393.896874761208892, 5542269.404702704399824 ] ] ] } },
{ "type": "Feature", "properties": { "id": 896, "left": 1263393.8968747612, "top": 5542169.4047027044, "right": 1263493.8968747612, "bottom": 5542069.4047027044, "row_index": 20, "col_index": 25, "Union_area": 0.0, "Union_pc": 0.0, "rifter_edif_pl_area": 7243.3221401711926, "rifter_edif_pl_pc": 72.433221401603987, "aree-stradali-modified_area": 2054.1774045489728, "aree-stradali-modified_pc": 20.541774045459118, "Single parts_area": 702.50320094730705, "Single parts_pc": 7.0250320094626026, "Dissolved_area": 0.0, "Dissolved_pc": 0.0, "free_space_number": 10.0 }, "geometry": { "type": "Polygon", "coordinates": [ [ [ 1263393.896874761208892, 5542169.404702704399824 ], [ 1263493.896874761208892, 5542169.404702704399824 ], [ 1263493.896874761208892, 5542069.404702704399824 ], [ 1263393.896874761208892, 5542069.404702704399824 ], [ 1263393.896874761208892, 5542169.404702704399824 ] ] ] } },
{ "type": "Feature", "properties": { "id": 897, "left": 1263393.8968747612, "top": 5542069.4047027044, "right": 1263493.8968747612, "bottom": 5541969.4047027044, "row_index": 21, "col_index": 25, "Union_area": 266.12873773719184, "Union_pc": 2.6612873773679526, "rifter_edif_pl_area": 6748.9626809949987, "rifter_edif_pl_pc": 67.489626809849426, "aree-stradali-modified_area": 1882.2939540594816, "aree-stradali-modified_pc": 18.822939540566768, "Single parts_area": 1119.1108327845577, "Single parts_pc": 11.191108327828902, "Dissolved_area": 0.0, "Dissolved_pc": 0.0, "free_space_number": 13.0 }, "geometry": { "type": "Polygon", "coordinates": [ [ [ 1263393.896874761208892, 5542069.404702704399824 ], [ 1263493.896874761208892, 5542069.404702704399824 ], [ 1263493.896874761208892, 5541969.404702704399824 ], [ 1263393.896874761208892, 5541969.404702704399824 ], [ 1263393.896874761208892, 5542069.404702704399824 ] ] ] } },
{ "type": "Feature", "properties": { "id": 929, "left": 1263493.8968747612, "top": 5542369.4047027044, "right": 1263593.8968747612, "bottom": 5542269.4047027044, "row_index": 18, "col_index": 26, "Union_area": 1152.8906945940107, "Union_pc": 11.528906945922929, "rifter_edif_pl_area": 5697.3954663928598, "rifter_edif_pl_pc": 56.973954663843699, "aree-stradali-modified_area": 58.434813484549522, "aree-stradali-modified_pc": 0.58434813484462444, "Single parts_area": 3118.7387041482143, "Single parts_pc": 31.18738704143567, "Dissolved_area": 0.0, "Dissolved_pc": 0.0, "free_space_number": 6.0 }, "geometry": { "type": "Polygon", "coordinates": [ [ [ 1263493.896874761208892, 5542369.404702704399824 ], [ 1263593.896874761208892, 5542369.404702704399824 ], [ 1263593.896874761208892, 5542269.404702704399824 ], [ 1263493.896874761208892, 5542269.404702704399824 ], [ 1263493.896874761208892, 5542369.404702704399824 ] ] ] } },
{ "type": "Feature", "properties": { "id": 930, "left": 1263493.8968747612, "top": 5542269.4047027044, "right": 1263593.8968747612, "bottom": 5542169.4047027044, "row_index": 19, "col_index": 26, "Union_area": 201.40350810438395, "Union_pc": 2.0140350810408383, "rifter_edif_pl_area": 6265.8443206071388, "rifter_edif_pl_pc": 62.658443205978017, "aree-stradali-modified_area": 2120.5384167432785, "aree-stradali-modified_pc": 21.205384167401185, "Single parts_area": 1421.6473501508658, "Single parts_pc": 14.216473501487473, "Dissolved_area": 0.0, "Dissolved_pc": 0.0, "free_space_number": 13.0 }, "geometry": { "type": "Polygon", "coordinates": [ [ [ 1263493.896874761208892, 5542269.404702704399824 ], [ 1263593.896874761208892, 5542269.404702704399824 ], [ 1263593.896874761208892, 5542169.404702704399824 ], [ 1263493.896874761208892, 5542169.404702704399824 ], [ 1263493.896874761208892, 5542269.404702704399824 ] ] ] } },
{ "type": "Feature", "properties": { "id": 931, "left": 1263493.8968747612, "top": 5542169.4047027044, "right": 1263593.8968747612, "bottom": 5542069.4047027044, "row_index": 20, "col_index": 26, "Union_area": 1276.3400469576009, "Union_pc": 12.76340046955699, "rifter_edif_pl_area": 6526.7953714043833, "rifter_edif_pl_pc": 65.267953713946582, "aree-stradali-modified_area": 1261.5479067526758, "aree-stradali-modified_pc": 12.615479067507959, "Single parts_area": 978.68528224595536, "Single parts_pc": 9.7868528224449705, "Dissolved_area": 0.0, "Dissolved_pc": 0.0, "free_space_number": 19.0 }, "geometry": { "type": "Polygon", "coordinates": [ [ [ 1263493.896874761208892, 5542169.404702704399824 ], [ 1263593.896874761208892, 5542169.404702704399824 ], [ 1263593.896874761208892, 5542069.404702704399824 ], [ 1263493.896874761208892, 5542069.404702704399824 ], [ 1263493.896874761208892, 5542169.404702704399824 ] ] ] } },
{ "type": "Feature", "properties": { "id": 932, "left": 1263493.8968747612, "top": 5542069.4047027044, "right": 1263593.8968747612, "bottom": 5541969.4047027044, "row_index": 21, "col_index": 26, "Union_area": 543.38265925832093, "Union_pc": 5.4338265925751124, "rifter_edif_pl_area": 6661.3669460145757, "rifter_edif_pl_pc": 66.613669460046495, "aree-stradali-modified_area": 1528.828277378343, "aree-stradali-modified_pc": 15.288282773760649, "Single parts_area": 1271.0944829884684, "Single parts_pc": 12.710944829865744, "Dissolved_area": 0.0, "Dissolved_pc": 0.0, "free_space_number": 11.0 }, "geometry": { "type": "Polygon", "coordinates": [ [ [ 1263493.896874761208892, 5542069.404702704399824 ], [ 1263593.896874761208892, 5542069.404702704399824 ], [ 1263593.896874761208892, 5541969.404702704399824 ], [ 1263493.896874761208892, 5541969.404702704399824 ], [ 1263493.896874761208892, 5542069.404702704399824 ] ] ] } },
{ "type": "Feature", "properties": { "id": 618, "left": 1262593.8968747612, "top": 5541969.4047027044, "right": 1262693.8968747612, "bottom": 5541869.4047027044, "row_index": 22, "col_index": 17, "Union_area": 0.0, "Union_pc": 0.0, "rifter_edif_pl_area": 7639.8619264378212, "rifter_edif_pl_pc": 76.398619264264369, "aree-stradali-modified_area": 439.12208689004183, "aree-stradali-modified_pc": 4.3912208688938748, "Single parts_area": 1921.0499568275918, "Single parts_pc": 19.210499568247293, "Dissolved_area": 0.0, "Dissolved_pc": 0.0, "free_space_number": 13.0 }, "geometry": { "type": "Polygon", "coordinates": [ [ [ 1262593.896874761208892, 5541969.404702704399824 ], [ 1262693.896874761208892, 5541969.404702704399824 ], [ 1262693.896874761208892, 5541869.404702704399824 ], [ 1262593.896874761208892, 5541869.404702704399824 ], [ 1262593.896874761208892, 5541969.404702704399824 ] ] ] } },
{ "type": "Feature", "properties": { "id": 619, "left": 1262593.8968747612, "top": 5541869.4047027044, "right": 1262693.8968747612, "bottom": 5541769.4047027044, "row_index": 23, "col_index": 17, "Union_area": 0.0, "Union_pc": 0.0, "rifter_edif_pl_area": 6147.373884934932, "rifter_edif_pl_pc": 61.473738849257714, "aree-stradali-modified_area": 2352.3067366890609, "aree-stradali-modified_pc": 23.523067366855557, "Single parts_area": 1500.3962473892607, "Single parts_pc": 15.003962473870249, "Dissolved_area": 0.0, "Dissolved_pc": 0.0, "free_space_number": 11.0 }, "geometry": { "type": "Polygon", "coordinates": [ [ [ 1262593.896874761208892, 5541869.404702704399824 ], [ 1262693.896874761208892, 5541869.404702704399824 ], [ 1262693.896874761208892, 5541769.404702704399824 ], [ 1262593.896874761208892, 5541769.404702704399824 ], [ 1262593.896874761208892, 5541869.404702704399824 ] ] ] } },
{ "type": "Feature", "properties": { "id": 650, "left": 1262693.8968747612, "top": 5542269.4047027044, "right": 1262793.8968747612, "bottom": 5542169.4047027044, "row_index": 19, "col_index": 18, "Union_area": 0.0, "Union_pc": 0.0, "rifter_edif_pl_area": 4004.1188941525761, "rifter_edif_pl_pc": 40.041188941466096, "aree-stradali-modified_area": 0.0, "aree-stradali-modified_pc": 0.0, "Single parts_area": 0.1360115404396538, "Single parts_pc": 0.0013601154043945112, "Dissolved_area": 0.0, "Dissolved_pc": 0.0, "free_space_number": 4.0 }, "geometry": { "type": "Polygon", "coordinates": [ [ [ 1262693.896874761208892, 5542269.404702704399824 ], [ 1262793.896874761208892, 5542269.404702704399824 ], [ 1262793.896874761208892, 5542169.404702704399824 ], [ 1262693.896874761208892, 5542169.404702704399824 ], [ 1262693.896874761208892, 5542269.404702704399824 ] ] ] } },
{ "type": "Feature", "properties": { "id": 651, "left": 1262693.8968747612, "top": 5542169.4047027044, "right": 1262793.8968747612, "bottom": 5542069.4047027044, "row_index": 20, "col_index": 18, "Union_area": 0.0, "Union_pc": 0.0, "rifter_edif_pl_area": 3743.5792630044743, "rifter_edif_pl_pc": 37.43579262998896, "aree-stradali-modified_area": 403.51960294088349, "aree-stradali-modified_pc": 4.0351960294028224, "Single parts_area": 15.909625600208528, "Single parts_pc": 0.15909625600184821, "Dissolved_area": 0.0, "Dissolved_pc": 0.0, "free_space_number": 4.0 }, "geometry": { "type": "Polygon", "coordinates": [ [ [ 1262693.896874761208892, 5542169.404702704399824 ], [ 1262793.896874761208892, 5542169.404702704399824 ], [ 1262793.896874761208892, 5542069.404702704399824 ], [ 1262693.896874761208892, 5542069.404702704399824 ], [ 1262693.896874761208892, 5542169.404702704399824 ] ] ] } },
{ "type": "Feature", "properties": { "id": 652, "left": 1262693.8968747612, "top": 5542069.4047027044, "right": 1262793.8968747612, "bottom": 5541969.4047027044, "row_index": 21, "col_index": 18, "Union_area": 0.0, "Union_pc": 0.0, "rifter_edif_pl_area": 8416.1521985903382, "rifter_edif_pl_pc": 84.161521985777966, "aree-stradali-modified_area": 1580.1871533505619, "aree-stradali-modified_pc": 15.801871533482071, "Single parts_area": 3.6957589684953236, "Single parts_pc": 0.036957589684898165, "Dissolved_area": 0.0, "Dissolved_pc": 0.0, "free_space_number": 6.0 }, "geometry": { "type": "Polygon", "coordinates": [ [ [ 1262693.896874761208892, 5542069.404702704399824 ], [ 1262793.896874761208892, 5542069.404702704399824 ], [ 1262793.896874761208892, 5541969.404702704399824 ], [ 1262693.896874761208892, 5541969.404702704399824 ], [ 1262693.896874761208892, 5542069.404702704399824 ] ] ] } },
{ "type": "Feature", "properties": { "id": 653, "left": 1262693.8968747612, "top": 5541969.4047027044, "right": 1262793.8968747612, "bottom": 5541869.4047027044, "row_index": 22, "col_index": 18, "Union_area": 0.0, "Union_pc": 0.0, "rifter_edif_pl_area": 5925.66997410357, "rifter_edif_pl_pc": 59.256699740947397, "aree-stradali-modified_area": 3265.6583289317787, "aree-stradali-modified_pc": 32.656583289269122, "Single parts_area": 808.79728835164133, "Single parts_pc": 8.0879728835043618, "Dissolved_area": 0.0, "Dissolved_pc": 0.0, "free_space_number": 4.0 }, "geometry": { "type": "Polygon", "coordinates": [ [ [ 1262693.896874761208892, 5541969.404702704399824 ], [ 1262793.896874761208892, 5541969.404702704399824 ], [ 1262793.896874761208892, 5541869.404702704399824 ], [ 1262693.896874761208892, 5541869.404702704399824 ], [ 1262693.896874761208892, 5541969.404702704399824 ] ] ] } },
{ "type": "Feature", "properties": { "id": 654, "left": 1262693.8968747612, "top": 5541869.4047027044, "right": 1262793.8968747612, "bottom": 5541769.4047027044, "row_index": 23, "col_index": 18, "Union_area": 306.540308393538, "Union_pc": 3.065403083930812, "rifter_edif_pl_area": 5540.4053578265011, "rifter_edif_pl_pc": 55.404053578182456, "aree-stradali-modified_area": 3052.3551737517118, "aree-stradali-modified_pc": 30.523551737471635, "Single parts_area": 580.34201296279934, "Single parts_pc": 5.8034201296193455, "Dissolved_area": 0.0, "Dissolved_pc": 0.0, "free_space_number": 10.0 }, "geometry": { "type": "Polygon", "coordinates": [ [ [ 1262693.896874761208892, 5541869.404702704399824 ], [ 1262793.896874761208892, 5541869.404702704399824 ], [ 1262793.896874761208892, 5541769.404702704399824 ], [ 1262693.896874761208892, 5541769.404702704399824 ], [ 1262693.896874761208892, 5541869.404702704399824 ] ] ] } },
{ "type": "Feature", "properties": { "id": 685, "left": 1262793.8968747612, "top": 5542269.4047027044, "right": 1262893.8968747612, "bottom": 5542169.4047027044, "row_index": 19, "col_index": 19, "Union_area": 0.0, "Union_pc": 0.0, "rifter_edif_pl_area": 6853.0672267004848, "rifter_edif_pl_pc": 68.530672266902727, "aree-stradali-modified_area": 2642.29330900684, "aree-stradali-modified_pc": 26.422933090029026, "Single parts_area": 280.23879644622082, "Single parts_pc": 2.8023879644580321, "Dissolved_area": 0.0, "Dissolved_pc": 0.0, "free_space_number": 7.0 }, "geometry": { "type": "Polygon", "coordinates": [ [ [ 1262793.896874761208892, 5542269.404702704399824 ], [ 1262893.896874761208892, 5542269.404702704399824 ], [ 1262893.896874761208892, 5542169.404702704399824 ], [ 1262793.896874761208892, 5542169.404702704399824 ], [ 1262793.896874761208892, 5542269.404702704399824 ] ] ] } },
{ "type": "Feature", "properties": { "id": 686, "left": 1262793.8968747612, "top": 5542169.4047027044, "right": 1262893.8968747612, "bottom": 5542069.4047027044, "row_index": 20, "col_index": 19, "Union_area": 0.0, "Union_pc": 0.0, "rifter_edif_pl_area": 7757.1996721494943, "rifter_edif_pl_pc": 77.57199672137935, "aree-stradali-modified_area": 2030.5955434488133, "aree-stradali-modified_pc": 20.305955434457875, "Single parts_area": 213.10011167972641, "Single parts_pc": 2.1310011167940885, "Dissolved_area": 0.0, "Dissolved_pc": 0.0, "free_space_number": 17.0 }, "geometry": { "type": "Polygon", "coordinates": [ [ [ 1262793.896874761208892, 5542169.404702704399824 ], [ 1262893.896874761208892, 5542169.404702704399824 ], [ 1262893.896874761208892, 5542069.404702704399824 ], [ 1262793.896874761208892, 5542069.404702704399824 ], [ 1262793.896874761208892, 5542169.404702704399824 ] ] ] } },
{ "type": "Feature", "properties": { "id": 687, "left": 1262793.8968747612, "top": 5542069.4047027044, "right": 1262893.8968747612, "bottom": 5541969.4047027044, "row_index": 21, "col_index": 19, "Union_area": 0.0, "Union_pc": 0.0, "rifter_edif_pl_area": 8139.4890661744867, "rifter_edif_pl_pc": 81.394890661623577, "aree-stradali-modified_area": 1151.5615881765261, "aree-stradali-modified_pc": 11.515615881748102, "Single parts_area": 708.9733189469473, "Single parts_pc": 7.089733189458908, "Dissolved_area": 0.0, "Dissolved_pc": 0.0, "free_space_number": 6.0 }, "geometry": { "type": "Polygon", "coordinates": [ [ [ 1262793.896874761208892, 5542069.404702704399824 ], [ 1262893.896874761208892, 5542069.404702704399824 ], [ 1262893.896874761208892, 5541969.404702704399824 ], [ 1262793.896874761208892, 5541969.404702704399824 ], [ 1262793.896874761208892, 5542069.404702704399824 ] ] ] } },
{ "type": "Feature", "properties": { "id": 688, "left": 1262793.8968747612, "top": 5541969.4047027044, "right": 1262893.8968747612, "bottom": 5541869.4047027044, "row_index": 22, "col_index": 19, "Union_area": 570.58388325222768, "Union_pc": 5.7058388325137743, "rifter_edif_pl_area": 8234.2981290658936, "rifter_edif_pl_pc": 82.34298129053623, "aree-stradali-modified_area": 641.33846577256918, "aree-stradali-modified_pc": 6.4133846577161355, "Single parts_area": 569.25504111572309, "Single parts_pc": 5.6925504111487477, "Dissolved_area": 0.0, "Dissolved_pc": 0.0, "free_space_number": 8.0 }, "geometry": { "type": "Polygon", "coordinates": [ [ [ 1262793.896874761208892, 5541969.404702704399824 ], [ 1262893.896874761208892, 5541969.404702704399824 ], [ 1262893.896874761208892, 5541869.404702704399824 ], [ 1262793.896874761208892, 5541869.404702704399824 ], [ 1262793.896874761208892, 5541969.404702704399824 ] ] ] } },
{ "type": "Feature", "properties": { "id": 689, "left": 1262793.8968747612, "top": 5541869.4047027044, "right": 1262893.8968747612, "bottom": 5541769.4047027044, "row_index": 23, "col_index": 19, "Union_area": 615.75118185579777, "Union_pc": 6.1575118185488025, "rifter_edif_pl_area": 6457.4770982181653, "rifter_edif_pl_pc": 64.574770982085425, "aree-stradali-modified_area": 1330.788257855922, "aree-stradali-modified_pc": 13.30788257853939, "Single parts_area": 942.83254593358106, "Single parts_pc": 9.428325459321762, "Dissolved_area": 0.0, "Dissolved_pc": 0.0, "free_space_number": 10.0 }, "geometry": { "type": "Polygon", "coordinates": [ [ [ 1262793.896874761208892, 5541869.404702704399824 ], [ 1262893.896874761208892, 5541869.404702704399824 ], [ 1262893.896874761208892, 5541769.404702704399824 ], [ 1262793.896874761208892, 5541769.404702704399824 ], [ 1262793.896874761208892, 5541869.404702704399824 ] ] ] } },
{ "type": "Feature", "properties": { "id": 720, "left": 1262893.8968747612, "top": 5542269.4047027044, "right": 1262993.8968747612, "bottom": 5542169.4047027044, "row_index": 19, "col_index": 20, "Union_area": 0.0, "Union_pc": 0.0, "rifter_edif_pl_area": 6810.5893213273957, "rifter_edif_pl_pc": 68.105893213172465, "aree-stradali-modified_area": 3115.5919726490974, "aree-stradali-modified_pc": 31.155919726444548, "Single parts_area": 73.818706015469161, "Single parts_pc": 0.73818706015359159, "Dissolved_area": 0.0, "Dissolved_pc": 0.0, "free_space_number": 7.0 }, "geometry": { "type": "Polygon", "coordinates": [ [ [ 1262893.896874761208892, 5542269.404702704399824 ], [ 1262993.896874761208892, 5542269.404702704399824 ], [ 1262993.896874761208892, 5542169.404702704399824 ], [ 1262893.896874761208892, 5542169.404702704399824 ], [ 1262893.896874761208892, 5542269.404702704399824 ] ] ] } },
{ "type": "Feature", "properties": { "id": 721, "left": 1262893.8968747612, "top": 5542169.4047027044, "right": 1262993.8968747612, "bottom": 5542069.4047027044, "row_index": 20, "col_index": 20, "Union_area": 0.0, "Union_pc": 0.0, "rifter_edif_pl_area": 7845.7327047800645, "rifter_edif_pl_pc": 78.457327047683734, "aree-stradali-modified_area": 1463.7337192855775, "aree-stradali-modified_pc": 14.637337192833964, "Single parts_area": 690.8435627149056, "Single parts_pc": 6.9084356271387612, "Dissolved_area": 0.0, "Dissolved_pc": 0.0, "free_space_number": 15.0 }, "geometry": { "type": "Polygon", "coordinates": [ [ [ 1262893.896874761208892, 5542169.404702704399824 ], [ 1262993.896874761208892, 5542169.404702704399824 ], [ 1262993.896874761208892, 5542069.404702704399824 ], [ 1262893.896874761208892, 5542069.404702704399824 ], [ 1262893.896874761208892, 5542169.404702704399824 ] ] ] } },
{ "type": "Feature", "properties": { "id": 722, "left": 1262893.8968747612, "top": 5542069.4047027044, "right": 1262993.8968747612, "bottom": 5541969.4047027044, "row_index": 21, "col_index": 20, "Union_area": 0.0, "Union_pc": 0.0, "rifter_edif_pl_area": 7096.1833931906149, "rifter_edif_pl_pc": 70.961833931800413, "aree-stradali-modified_area": 1633.0780180636793, "aree-stradali-modified_pc": 16.330780180612457, "Single parts_area": 1270.7887195142384, "Single parts_pc": 12.707887195123449, "Dissolved_area": 0.0, "Dissolved_pc": 0.0, "free_space_number": 9.0 }, "geometry": { "type": "Polygon", "coordinates": [ [ [ 1262893.896874761208892, 5542069.404702704399824 ], [ 1262993.896874761208892, 5542069.404702704399824 ], [ 1262993.896874761208892, 5541969.404702704399824 ], [ 1262893.896874761208892, 5541969.404702704399824 ], [ 1262893.896874761208892, 5542069.404702704399824 ] ] ] } },
{ "type": "Feature", "properties": { "id": 723, "left": 1262893.8968747612, "top": 5541969.4047027044, "right": 1262993.8968747612, "bottom": 5541869.4047027044, "row_index": 22, "col_index": 20, "Union_area": 539.40189094678499, "Union_pc": 5.3940189094598123, "rifter_edif_pl_area": 5123.3582115741447, "rifter_edif_pl_pc": 51.233582115665101, "aree-stradali-modified_area": 365.44108175113797, "aree-stradali-modified_pc": 3.6544108175059344, "Single parts_area": 698.65123641598711, "Single parts_pc": 6.9865123641494602, "Dissolved_area": 0.0, "Dissolved_pc": 0.0, "free_space_number": 9.0 }, "geometry": { "type": "Polygon", "coordinates": [ [ [ 1262893.896874761208892, 5541969.404702704399824 ], [ 1262993.896874761208892, 5541969.404702704399824 ], [ 1262993.896874761208892, 5541869.404702704399824 ], [ 1262893.896874761208892, 5541869.404702704399824 ], [ 1262893.896874761208892, 5541969.404702704399824 ] ] ] } },
{ "type": "Feature", "properties": { "id": 724, "left": 1262893.8968747612, "top": 5541869.4047027044, "right": 1262993.8968747612, "bottom": 5541769.4047027044, "row_index": 23, "col_index": 20, "Union_area": 383.46124095330015, "Union_pc": 3.8346124095272875, "rifter_edif_pl_area": 3642.3397001530975, "rifter_edif_pl_pc": 36.423397001476701, "aree-stradali-modified_area": 2371.3411172293127, "aree-stradali-modified_pc": 23.713411172257789, "Single parts_area": 469.667146308464, "Single parts_pc": 4.6966714630776414, "Dissolved_area": 0.0, "Dissolved_pc": 0.0, "free_space_number": 6.0 }, "geometry": { "type": "Polygon", "coordinates": [ [ [ 1262893.896874761208892, 5541869.404702704399824 ], [ 1262993.896874761208892, 5541869.404702704399824 ], [ 1262993.896874761208892, 5541769.404702704399824 ], [ 1262893.896874761208892, 5541769.404702704399824 ], [ 1262893.896874761208892, 5541869.404702704399824 ] ] ] } },
{ "type": "Feature", "properties": { "id": 756, "left": 1262993.8968747612, "top": 5542169.4047027044, "right": 1263093.8968747612, "bottom": 5542069.4047027044, "row_index": 20, "col_index": 21, "Union_area": 0.0, "Union_pc": 0.0, "rifter_edif_pl_area": 7205.583266725298, "rifter_edif_pl_pc": 72.055832667145609, "aree-stradali-modified_area": 1839.3136231601238, "aree-stradali-modified_pc": 18.39313623157383, "Single parts_area": 955.10311008150711, "Single parts_pc": 9.5510311008008397, "Dissolved_area": 0.0, "Dissolved_pc": 0.0, "free_space_number": 13.0 }, "geometry": { "type": "Polygon", "coordinates": [ [ [ 1262993.896874761208892, 5542169.404702704399824 ], [ 1263093.896874761208892, 5542169.404702704399824 ], [ 1263093.896874761208892, 5542069.404702704399824 ], [ 1262993.896874761208892, 5542069.404702704399824 ], [ 1262993.896874761208892, 5542169.404702704399824 ] ] ] } },
{ "type": "Feature", "properties": { "id": 757, "left": 1262993.8968747612, "top": 5542069.4047027044, "right": 1263093.8968747612, "bottom": 5541969.4047027044, "row_index": 21, "col_index": 21, "Union_area": 0.0, "Union_pc": 0.0, "rifter_edif_pl_area": 6089.1830970458686, "rifter_edif_pl_pc": 60.891830970367948, "aree-stradali-modified_area": 2267.8798915268853, "aree-stradali-modified_pc": 22.67879891523506, "Single parts_area": 1642.9370114078667, "Single parts_pc": 16.429370114054183, "Dissolved_area": 0.0, "Dissolved_pc": 0.0, "free_space_number": 8.0 }, "geometry": { "type": "Polygon", "coordinates": [ [ [ 1262993.896874761208892, 5542069.404702704399824 ], [ 1263093.896874761208892, 5542069.404702704399824 ], [ 1263093.896874761208892, 5541969.404702704399824 ], [ 1262993.896874761208892, 5541969.404702704399824 ], [ 1262993.896874761208892, 5542069.404702704399824 ] ] ] } },
{ "type": "Feature", "properties": { "id": 758, "left": 1262993.8968747612, "top": 5541969.4047027044, "right": 1263093.8968747612, "bottom": 5541869.4047027044, "row_index": 22, "col_index": 21, "Union_area": 0.0, "Union_pc": 0.0, "rifter_edif_pl_area": 5112.9771899757907, "rifter_edif_pl_pc": 51.129771899681721, "aree-stradali-modified_area": 2081.5934698954225, "aree-stradali-modified_pc": 20.815934698923208, "Single parts_area": 501.53595627560134, "Single parts_pc": 5.0153595627485403, "Dissolved_area": 0.0, "Dissolved_pc": 0.0, "free_space_number": 6.0 }, "geometry": { "type": "Polygon", "coordinates": [ [ [ 1262993.896874761208892, 5541969.404702704399824 ], [ 1263093.896874761208892, 5541969.404702704399824 ], [ 1263093.896874761208892, 5541869.404702704399824 ], [ 1262993.896874761208892, 5541869.404702704399824 ], [ 1262993.896874761208892, 5541969.404702704399824 ] ] ] } },
{ "type": "Feature", "properties": { "id": 759, "left": 1262993.8968747612, "top": 5541869.4047027044, "right": 1263093.8968747612, "bottom": 5541769.4047027044, "row_index": 23, "col_index": 21, "Union_area": 0.0, "Union_pc": 0.0, "rifter_edif_pl_area": 6603.1497258357704, "rifter_edif_pl_pc": 66.031497258259307, "aree-stradali-modified_area": 3048.27027887851, "aree-stradali-modified_pc": 30.482702788739676, "Single parts_area": 301.59411337303936, "Single parts_pc": 3.0159411337258994, "Dissolved_area": 0.0, "Dissolved_pc": 0.0, "free_space_number": 9.0 }, "geometry": { "type": "Polygon", "coordinates": [ [ [ 1262993.896874761208892, 5541869.404702704399824 ], [ 1263093.896874761208892, 5541869.404702704399824 ], [ 1263093.896874761208892, 5541769.404702704399824 ], [ 1262993.896874761208892, 5541769.404702704399824 ], [ 1262993.896874761208892, 5541869.404702704399824 ] ] ] } },
{ "type": "Feature", "properties": { "id": 791, "left": 1263093.8968747612, "top": 5542169.4047027044, "right": 1263193.8968747612, "bottom": 5542069.4047027044, "row_index": 20, "col_index": 22, "Union_area": 0.0, "Union_pc": 0.0, "rifter_edif_pl_area": 7490.4150881031528, "rifter_edif_pl_pc": 74.904150880919914, "aree-stradali-modified_area": 2030.8957378114574, "aree-stradali-modified_pc": 20.308957378084312, "Single parts_area": 478.84571883213295, "Single parts_pc": 4.7884571883141938, "Dissolved_area": 0.0, "Dissolved_pc": 0.0, "free_space_number": 12.0 }, "geometry": { "type": "Polygon", "coordinates": [ [ [ 1263093.896874761208892, 5542169.404702704399824 ], [ 1263193.896874761208892, 5542169.404702704399824 ], [ 1263193.896874761208892, 5542069.404702704399824 ], [ 1263093.896874761208892, 5542069.404702704399824 ], [ 1263093.896874761208892, 5542169.404702704399824 ] ] ] } },
{ "type": "Feature", "properties": { "id": 792, "left": 1263093.8968747612, "top": 5542069.4047027044, "right": 1263193.8968747612, "bottom": 5541969.4047027044, "row_index": 21, "col_index": 22, "Union_area": 455.21863867342472, "Union_pc": 4.5521863867274641, "rifter_edif_pl_area": 6903.0525527315331, "rifter_edif_pl_pc": 69.030525527212461, "aree-stradali-modified_area": 553.77056851610541, "aree-stradali-modified_pc": 5.5377056851528019, "Single parts_area": 2096.140050644055, "Single parts_pc": 20.961400506409316, "Dissolved_area": 0.0, "Dissolved_pc": 0.0, "free_space_number": 18.0 }, "geometry": { "type": "Polygon", "coordinates": [ [ [ 1263093.896874761208892, 5542069.404702704399824 ], [ 1263193.896874761208892, 5542069.404702704399824 ], [ 1263193.896874761208892, 5541969.404702704399824 ], [ 1263093.896874761208892, 5541969.404702704399824 ], [ 1263093.896874761208892, 5542069.404702704399824 ] ] ] } },
{ "type": "Feature", "properties": { "id": 793, "left": 1263093.8968747612, "top": 5541969.4047027044, "right": 1263193.8968747612, "bottom": 5541869.4047027044, "row_index": 22, "col_index": 22, "Union_area": 0.0, "Union_pc": 0.0, "rifter_edif_pl_area": 6653.9458607542329, "rifter_edif_pl_pc": 66.53945860744318, "aree-stradali-modified_area": 948.84592883102596, "aree-stradali-modified_pc": 9.4884592882961201, "Single parts_area": 2397.2082104702677, "Single parts_pc": 23.972082104666956, "Dissolved_area": 0.0, "Dissolved_pc": 0.0, "free_space_number": 11.0 }, "geometry": { "type": "Polygon", "coordinates": [ [ [ 1263093.896874761208892, 5541969.404702704399824 ], [ 1263193.896874761208892, 5541969.404702704399824 ], [ 1263193.896874761208892, 5541869.404702704399824 ], [ 1263093.896874761208892, 5541869.404702704399824 ], [ 1263093.896874761208892, 5541969.404702704399824 ] ] ] } },
{ "type": "Feature", "properties": { "id": 794, "left": 1263093.8968747612, "top": 5541869.4047027044, "right": 1263193.8968747612, "bottom": 5541769.4047027044, "row_index": 23, "col_index": 22, "Union_area": 24.873210228746757, "Union_pc": 0.24873210228709694, "rifter_edif_pl_area": 7095.6054719371605, "rifter_edif_pl_pc": 70.956054719265879, "aree-stradali-modified_area": 1752.2706166794524, "aree-stradali-modified_pc": 17.522706166768412, "Single parts_area": 1130.1011547710616, "Single parts_pc": 11.301011547693776, "Dissolved_area": 0.0, "Dissolved_pc": 0.0, "free_space_number": 15.0 }, "geometry": { "type": "Polygon", "coordinates": [ [ [ 1263093.896874761208892, 5541869.404702704399824 ], [ 1263193.896874761208892, 5541869.404702704399824 ], [ 1263193.896874761208892, 5541769.404702704399824 ], [ 1263093.896874761208892, 5541769.404702704399824 ], [ 1263093.896874761208892, 5541869.404702704399824 ] ] ] } },
{ "type": "Feature", "properties": { "id": 827, "left": 1263193.8968747612, "top": 5542069.4047027044, "right": 1263293.8968747612, "bottom": 5541969.4047027044, "row_index": 21, "col_index": 23, "Union_area": 159.87444441016669, "Union_pc": 1.5987444440992846, "rifter_edif_pl_area": 6882.300992568722, "rifter_edif_pl_pc": 68.823009925584671, "aree-stradali-modified_area": 1475.090103152208, "aree-stradali-modified_pc": 14.750901031500099, "Single parts_area": 1402.8706475580875, "Single parts_pc": 14.02870647555997, "Dissolved_area": 0.0, "Dissolved_pc": 0.0, "free_space_number": 15.0 }, "geometry": { "type": "Polygon", "coordinates": [ [ [ 1263193.896874761208892, 5542069.404702704399824 ], [ 1263293.896874761208892, 5542069.404702704399824 ], [ 1263293.896874761208892, 5541969.404702704399824 ], [ 1263193.896874761208892, 5541969.404702704399824 ], [ 1263193.896874761208892, 5542069.404702704399824 ] ] ] } },
{ "type": "Feature", "properties": { "id": 828, "left": 1263193.8968747612, "top": 5541969.4047027044, "right": 1263293.8968747612, "bottom": 5541869.4047027044, "row_index": 22, "col_index": 23, "Union_area": 0.0, "Union_pc": 0.0, "rifter_edif_pl_area": 5802.5541015798226, "rifter_edif_pl_pc": 58.025541015711759, "aree-stradali-modified_area": 601.0512084402144, "aree-stradali-modified_pc": 6.0105120843931878, "Single parts_area": 969.45093015423549, "Single parts_pc": 9.6945093015279102, "Dissolved_area": 0.0, "Dissolved_pc": 0.0, "free_space_number": 13.0 }, "geometry": { "type": "Polygon", "coordinates": [ [ [ 1263193.896874761208892, 5541969.404702704399824 ], [ 1263293.896874761208892, 5541969.404702704399824 ], [ 1263293.896874761208892, 5541869.404702704399824 ], [ 1263193.896874761208892, 5541869.404702704399824 ], [ 1263193.896874761208892, 5541969.404702704399824 ] ] ] } },
{ "type": "Feature", "properties": { "id": 829, "left": 1263193.8968747612, "top": 5541869.4047027044, "right": 1263293.8968747612, "bottom": 5541769.4047027044, "row_index": 23, "col_index": 23, "Union_area": 8.9477180242538452, "Union_pc": 0.089477180242405127, "rifter_edif_pl_area": 7023.9191070022061, "rifter_edif_pl_pc": 70.239191069917396, "aree-stradali-modified_area": 1692.4245945699513, "aree-stradali-modified_pc": 16.924245945674294, "Single parts_area": 1276.3542302940957, "Single parts_pc": 12.763542302921939, "Dissolved_area": 0.0, "Dissolved_pc": 0.0, "free_space_number": 16.0 }, "geometry": { "type": "Polygon", "coordinates": [ [ [ 1263193.896874761208892, 5541869.404702704399824 ], [ 1263293.896874761208892, 5541869.404702704399824 ], [ 1263293.896874761208892, 5541769.404702704399824 ], [ 1263193.896874761208892, 5541769.404702704399824 ], [ 1263193.896874761208892, 5541869.404702704399824 ] ] ] } },
{ "type": "Feature", "properties": { "id": 862, "left": 1263293.8968747612, "top": 5542069.4047027044, "right": 1263393.8968747612, "bottom": 5541969.4047027044, "row_index": 21, "col_index": 24, "Union_area": 3.8631782445008866e-05, "Union_pc": 3.86317824449513e-07, "rifter_edif_pl_area": 7827.980273747351, "rifter_edif_pl_pc": 78.27980273735686, "aree-stradali-modified_area": 341.67701331339777, "aree-stradali-modified_pc": 3.4167701331288862, "Single parts_area": 1830.3426742877964, "Single parts_pc": 18.303426742850689, "Dissolved_area": 0.0, "Dissolved_pc": 0.0, "free_space_number": 13.0 }, "geometry": { "type": "Polygon", "coordinates": [ [ [ 1263293.896874761208892, 5542069.404702704399824 ], [ 1263393.896874761208892, 5542069.404702704399824 ], [ 1263393.896874761208892, 5541969.404702704399824 ], [ 1263293.896874761208892, 5541969.404702704399824 ], [ 1263293.896874761208892, 5542069.404702704399824 ] ] ] } },
{ "type": "Feature", "properties": { "id": 863, "left": 1263293.8968747612, "top": 5541969.4047027044, "right": 1263393.8968747612, "bottom": 5541869.4047027044, "row_index": 22, "col_index": 24, "Union_area": 1720.2419714806601, "Union_pc": 17.202419714780969, "rifter_edif_pl_area": 5008.8216538904235, "rifter_edif_pl_pc": 50.088216538829599, "aree-stradali-modified_area": 1289.3313636425883, "aree-stradali-modified_pc": 12.89331363640667, "Single parts_area": 1311.1610618670338, "Single parts_pc": 13.111610618650799, "Dissolved_area": 0.0, "Dissolved_pc": 0.0, "free_space_number": 12.0 }, "geometry": { "type": "Polygon", "coordinates": [ [ [ 1263293.896874761208892, 5541969.404702704399824 ], [ 1263393.896874761208892, 5541969.404702704399824 ], [ 1263393.896874761208892, 5541869.404702704399824 ], [ 1263293.896874761208892, 5541869.404702704399824 ], [ 1263293.896874761208892, 5541969.404702704399824 ] ] ] } },
{ "type": "Feature", "properties": { "id": 864, "left": 1263293.8968747612, "top": 5541869.4047027044, "right": 1263393.8968747612, "bottom": 5541769.4047027044, "row_index": 23, "col_index": 24, "Union_area": 0.96460747066885233, "Union_pc": 0.009646074706674149, "rifter_edif_pl_area": 5659.1252391971648, "rifter_edif_pl_pc": 56.591252391887323, "aree-stradali-modified_area": 3339.1451856046915, "aree-stradali-modified_pc": 33.391451855997161, "Single parts_area": 1000.8004679756782, "Single parts_pc": 10.00800467974187, "Dissolved_area": 0.0, "Dissolved_pc": 0.0, "free_space_number": 11.0 }, "geometry": { "type": "Polygon", "coordinates": [ [ [ 1263293.896874761208892, 5541869.404702704399824 ], [ 1263393.896874761208892, 5541869.404702704399824 ], [ 1263393.896874761208892, 5541769.404702704399824 ], [ 1263293.896874761208892, 5541769.404702704399824 ], [ 1263293.896874761208892, 5541869.404702704399824 ] ] ] } },
{ "type": "Feature", "properties": { "id": 865, "left": 1263293.8968747612, "top": 5541769.4047027044, "right": 1263393.8968747612, "bottom": 5541669.4047027044, "row_index": 24, "col_index": 24, "Union_area": 313.72125472128391, "Union_pc": 3.1372125472081644, "rifter_edif_pl_area": 6155.7541544479318, "rifter_edif_pl_pc": 61.55754154438759, "aree-stradali-modified_area": 1291.8178904689848, "aree-stradali-modified_pc": 12.918178904670599, "Single parts_area": 2238.964196240056, "Single parts_pc": 22.389641962367197, "Dissolved_area": 0.0, "Dissolved_pc": 0.0, "free_space_number": 9.0 }, "geometry": { "type": "Polygon", "coordinates": [ [ [ 1263293.896874761208892, 5541769.404702704399824 ], [ 1263393.896874761208892, 5541769.404702704399824 ], [ 1263393.896874761208892, 5541669.404702704399824 ], [ 1263293.896874761208892, 5541669.404702704399824 ], [ 1263293.896874761208892, 5541769.404702704399824 ] ] ] } },
{ "type": "Feature", "properties": { "id": 898, "left": 1263393.8968747612, "top": 5541969.4047027044, "right": 1263493.8968747612, "bottom": 5541869.4047027044, "row_index": 22, "col_index": 25, "Union_area": 1754.0847099715611, "Union_pc": 17.540847099689472, "rifter_edif_pl_area": 5871.1507046013139, "rifter_edif_pl_pc": 58.71150704592565, "aree-stradali-modified_area": 764.58920368365943, "aree-stradali-modified_pc": 7.6458920368252015, "Single parts_area": 1677.4120686946053, "Single parts_pc": 16.774120686921059, "Dissolved_area": 0.0, "Dissolved_pc": 0.0, "free_space_number": 20.0 }, "geometry": { "type": "Polygon", "coordinates": [ [ [ 1263393.896874761208892, 5541969.404702704399824 ], [ 1263493.896874761208892, 5541969.404702704399824 ], [ 1263493.896874761208892, 5541869.404702704399824 ], [ 1263393.896874761208892, 5541869.404702704399824 ], [ 1263393.896874761208892, 5541969.404702704399824 ] ] ] } },
{ "type": "Feature", "properties": { "id": 899, "left": 1263393.8968747612, "top": 5541869.4047027044, "right": 1263493.8968747612, "bottom": 5541769.4047027044, "row_index": 23, "col_index": 25, "Union_area": 1770.8731841113186, "Union_pc": 17.708731841086799, "rifter_edif_pl_area": 4962.9182432235684, "rifter_edif_pl_pc": 49.629182432161734, "aree-stradali-modified_area": 343.90536508522928, "aree-stradali-modified_pc": 3.4390536508471681, "Single parts_area": 2956.3801843338879, "Single parts_pc": 29.563801843294826, "Dissolved_area": 0.0, "Dissolved_pc": 0.0, "free_space_number": 10.0 }, "geometry": { "type": "Polygon", "coordinates": [ [ [ 1263393.896874761208892, 5541869.404702704399824 ], [ 1263493.896874761208892, 5541869.404702704399824 ], [ 1263493.896874761208892, 5541769.404702704399824 ], [ 1263393.896874761208892, 5541769.404702704399824 ], [ 1263393.896874761208892, 5541869.404702704399824 ] ] ] } },
{ "type": "Feature", "properties": { "id": 900, "left": 1263393.8968747612, "top": 5541769.4047027044, "right": 1263493.8968747612, "bottom": 5541669.4047027044, "row_index": 24, "col_index": 25, "Union_area": 274.3993553519249, "Union_pc": 2.7439935535151601, "rifter_edif_pl_area": 6379.820025737863, "rifter_edif_pl_pc": 63.798200257283561, "aree-stradali-modified_area": 2262.7089690142311, "aree-stradali-modified_pc": 22.627089690108594, "Single parts_area": 1085.4545975211354, "Single parts_pc": 10.85454597519518, "Dissolved_area": 0.0, "Dissolved_pc": 0.0, "free_space_number": 16.0 }, "geometry": { "type": "Polygon", "coordinates": [ [ [ 1263393.896874761208892, 5541769.404702704399824 ], [ 1263493.896874761208892, 5541769.404702704399824 ], [ 1263493.896874761208892, 5541669.404702704399824 ], [ 1263393.896874761208892, 5541669.404702704399824 ], [ 1263393.896874761208892, 5541769.404702704399824 ] ] ] } },
{ "type": "Feature", "properties": { "id": 901, "left": 1263393.8968747612, "top": 5541669.4047027044, "right": 1263493.8968747612, "bottom": 5541569.4047027044, "row_index": 25, "col_index": 25, "Union_area": 0.0, "Union_pc": 0.0, "rifter_edif_pl_area": 6607.909589106217, "rifter_edif_pl_pc": 66.0790958909637, "aree-stradali-modified_area": 2145.1012378772721, "aree-stradali-modified_pc": 21.451012378740757, "Single parts_area": 1246.9945836037555, "Single parts_pc": 12.469945836018972, "Dissolved_area": 0.0, "Dissolved_pc": 0.0, "free_space_number": 10.0 }, "geometry": { "type": "Polygon", "coordinates": [ [ [ 1263393.896874761208892, 5541669.404702704399824 ], [ 1263493.896874761208892, 5541669.404702704399824 ], [ 1263493.896874761208892, 5541569.404702704399824 ], [ 1263393.896874761208892, 5541569.404702704399824 ], [ 1263393.896874761208892, 5541669.404702704399824 ] ] ] } },
{ "type": "Feature", "properties": { "id": 933, "left": 1263493.8968747612, "top": 5541969.4047027044, "right": 1263593.8968747612, "bottom": 5541869.4047027044, "row_index": 22, "col_index": 26, "Union_area": 1065.8288185987622, "Union_pc": 10.65828818597174, "rifter_edif_pl_area": 6416.5926683123689, "rifter_edif_pl_pc": 64.165926683028076, "aree-stradali-modified_area": 971.72496266663074, "aree-stradali-modified_pc": 9.717249626651828, "Single parts_area": 1573.6827287927376, "Single parts_pc": 15.736827287903928, "Dissolved_area": 0.0, "Dissolved_pc": 0.0, "free_space_number": 17.0 }, "geometry": { "type": "Polygon", "coordinates": [ [ [ 1263493.896874761208892, 5541969.404702704399824 ], [ 1263593.896874761208892, 5541969.404702704399824 ], [ 1263593.896874761208892, 5541869.404702704399824 ], [ 1263493.896874761208892, 5541869.404702704399824 ], [ 1263493.896874761208892, 5541969.404702704399824 ] ] ] } },
{ "type": "Feature", "properties": { "id": 934, "left": 1263493.8968747612, "top": 5541869.4047027044, "right": 1263593.8968747612, "bottom": 5541769.4047027044, "row_index": 23, "col_index": 26, "Union_area": 0.0, "Union_pc": 0.0, "rifter_edif_pl_area": 7582.5191000162158, "rifter_edif_pl_pc": 75.825191000049173, "aree-stradali-modified_area": 1283.9089051783085, "aree-stradali-modified_pc": 12.839089051763953, "Single parts_area": 1133.6729228727995, "Single parts_pc": 11.336729228711102, "Dissolved_area": 0.0, "Dissolved_pc": 0.0, "free_space_number": 19.0 }, "geometry": { "type": "Polygon", "coordinates": [ [ [ 1263493.896874761208892, 5541869.404702704399824 ], [ 1263593.896874761208892, 5541869.404702704399824 ], [ 1263593.896874761208892, 5541769.404702704399824 ], [ 1263493.896874761208892, 5541769.404702704399824 ], [ 1263493.896874761208892, 5541869.404702704399824 ] ] ] } },
{ "type": "Feature", "properties": { "id": 935, "left": 1263493.8968747612, "top": 5541769.4047027044, "right": 1263593.8968747612, "bottom": 5541669.4047027044, "row_index": 24, "col_index": 26, "Union_area": 291.25885516032577, "Union_pc": 2.9125885515989176, "rifter_edif_pl_area": 7334.1945384759456, "rifter_edif_pl_pc": 73.341945384650174, "aree-stradali-modified_area": 1577.0088484529406, "aree-stradali-modified_pc": 15.770088484505907, "Single parts_area": 809.11549068265595, "Single parts_pc": 8.0911549068145021, "Dissolved_area": 0.0, "Dissolved_pc": 0.0, "free_space_number": 15.0 }, "geometry": { "type": "Polygon", "coordinates": [ [ [ 1263493.896874761208892, 5541769.404702704399824 ], [ 1263593.896874761208892, 5541769.404702704399824 ], [ 1263593.896874761208892, 5541669.404702704399824 ], [ 1263493.896874761208892, 5541669.404702704399824 ], [ 1263493.896874761208892, 5541769.404702704399824 ] ] ] } },
{ "type": "Feature", "properties": { "id": 936, "left": 1263493.8968747612, "top": 5541669.4047027044, "right": 1263593.8968747612, "bottom": 5541569.4047027044, "row_index": 25, "col_index": 26, "Union_area": 190.33405092358589, "Union_pc": 1.9033405092330227, "rifter_edif_pl_area": 7015.6230813115835, "rifter_edif_pl_pc": 70.156230813011291, "aree-stradali-modified_area": 1921.8246112717316, "aree-stradali-modified_pc": 19.218246112688679, "Single parts_area": 880.40813027648255, "Single parts_pc": 8.8040813027517064, "Dissolved_area": 0.0, "Dissolved_pc": 0.0, "free_space_number": 15.0 }, "geometry": { "type": "Polygon", "coordinates": [ [ [ 1263493.896874761208892, 5541669.404702704399824 ], [ 1263593.896874761208892, 5541669.404702704399824 ], [ 1263593.896874761208892, 5541569.404702704399824 ], [ 1263493.896874761208892, 5541569.404702704399824 ], [ 1263493.896874761208892, 5541669.404702704399824 ] ] ] } },
{ "type": "Feature", "properties": { "id": 969, "left": 1263593.8968747612, "top": 5541869.4047027044, "right": 1263693.8968747612, "bottom": 5541769.4047027044, "row_index": 23, "col_index": 27, "Union_area": 833.62526419793721, "Union_pc": 8.3362526419669507, "rifter_edif_pl_area": 6860.6093126063643, "rifter_edif_pl_pc": 68.606093125961408, "aree-stradali-modified_area": 1225.8379433006048, "aree-stradali-modified_pc": 12.258379432987782, "Single parts_area": 1107.1862990547816, "Single parts_pc": 11.071862990531317, "Dissolved_area": 0.0, "Dissolved_pc": 0.0, "free_space_number": 19.0 }, "geometry": { "type": "Polygon", "coordinates": [ [ [ 1263593.896874761208892, 5541869.404702704399824 ], [ 1263693.896874761208892, 5541869.404702704399824 ], [ 1263693.896874761208892, 5541769.404702704399824 ], [ 1263593.896874761208892, 5541769.404702704399824 ], [ 1263593.896874761208892, 5541869.404702704399824 ] ] ] } },
{ "type": "Feature", "properties": { "id": 970, "left": 1263593.8968747612, "top": 5541769.4047027044, "right": 1263693.8968747612, "bottom": 5541669.4047027044, "row_index": 24, "col_index": 27, "Union_area": 574.85937684215605, "Union_pc": 5.7485937684129942, "rifter_edif_pl_area": 6883.0791269917972, "rifter_edif_pl_pc": 68.830791269815407, "aree-stradali-modified_area": 528.46832747012377, "aree-stradali-modified_pc": 5.2846832746933625, "Single parts_area": 2022.9121742959978, "Single parts_pc": 20.229121742929834, "Dissolved_area": 0.0, "Dissolved_pc": 0.0, "free_space_number": 19.0 }, "geometry": { "type": "Polygon", "coordinates": [ [ [ 1263593.896874761208892, 5541769.404702704399824 ], [ 1263693.896874761208892, 5541769.404702704399824 ], [ 1263693.896874761208892, 5541669.404702704399824 ], [ 1263593.896874761208892, 5541669.404702704399824 ], [ 1263593.896874761208892, 5541769.404702704399824 ] ] ] } },
{ "type": "Feature", "properties": { "id": 554, "left": 1262393.8968747612, "top": 5541369.4047027044, "right": 1262493.8968747612, "bottom": 5541269.4047027044, "row_index": 28, "col_index": 15, "Union_area": 351.992780091241, "Union_pc": 3.5199278009071651, "rifter_edif_pl_area": 6654.4756481046788, "rifter_edif_pl_pc": 66.544756480947626, "aree-stradali-modified_area": 1970.9056087192148, "aree-stradali-modified_pc": 19.709056087162779, "Single parts_area": 1023.1902323664769, "Single parts_pc": 10.231902323649523, "Dissolved_area": 0.0, "Dissolved_pc": 0.0, "free_space_number": 27.0 }, "geometry": { "type": "Polygon", "coordinates": [ [ [ 1262393.896874761208892, 5541369.404702704399824 ], [ 1262493.896874761208892, 5541369.404702704399824 ], [ 1262493.896874761208892, 5541269.404702704399824 ], [ 1262393.896874761208892, 5541269.404702704399824 ], [ 1262393.896874761208892, 5541369.404702704399824 ] ] ] } },
{ "type": "Feature", "properties": { "id": 555, "left": 1262393.8968747612, "top": 5541269.4047027044, "right": 1262493.8968747612, "bottom": 5541169.4047027044, "row_index": 29, "col_index": 15, "Union_area": 1269.5770145002753, "Union_pc": 12.695770144983834, "rifter_edif_pl_area": 5829.494778664317, "rifter_edif_pl_pc": 58.294947786556307, "aree-stradali-modified_area": 1692.3627183772624, "aree-stradali-modified_pc": 16.923627183747406, "Single parts_area": 1220.6048648953024, "Single parts_pc": 12.206048648934836, "Dissolved_area": 0.0, "Dissolved_pc": 0.0, "free_space_number": 19.0 }, "geometry": { "type": "Polygon", "coordinates": [ [ [ 1262393.896874761208892, 5541269.404702704399824 ], [ 1262493.896874761208892, 5541269.404702704399824 ], [ 1262493.896874761208892, 5541169.404702704399824 ], [ 1262393.896874761208892, 5541169.404702704399824 ], [ 1262393.896874761208892, 5541269.404702704399824 ] ] ] } },
{ "type": "Feature", "properties": { "id": 556, "left": 1262393.8968747612, "top": 5541169.4047027044, "right": 1262493.8968747612, "bottom": 5541069.4047027044, "row_index": 30, "col_index": 15, "Union_area": 247.11208081117366, "Union_pc": 2.4711208081080542, "rifter_edif_pl_area": 6292.52680477174, "rifter_edif_pl_pc": 62.925268047623632, "aree-stradali-modified_area": 1587.8593647554517, "aree-stradali-modified_pc": 15.878593647530856, "Single parts_area": 1873.0497313203359, "Single parts_pc": 18.730497313175448, "Dissolved_area": 0.0, "Dissolved_pc": 0.0, "free_space_number": 13.0 }, "geometry": { "type": "Polygon", "coordinates": [ [ [ 1262393.896874761208892, 5541169.404702704399824 ], [ 1262493.896874761208892, 5541169.404702704399824 ], [ 1262493.896874761208892, 5541069.404702704399824 ], [ 1262393.896874761208892, 5541069.404702704399824 ], [ 1262393.896874761208892, 5541169.404702704399824 ] ] ] } },
{ "type": "Feature", "properties": { "id": 557, "left": 1262393.8968747612, "top": 5541069.4047027044, "right": 1262493.8968747612, "bottom": 5540969.4047027044, "row_index": 31, "col_index": 15, "Union_area": 1082.371875169687, "Union_pc": 10.82371875168074, "rifter_edif_pl_area": 2305.3124339702772, "rifter_edif_pl_pc": 23.053124339668422, "aree-stradali-modified_area": 6821.3986451551318, "aree-stradali-modified_pc": 68.213986451449671, "Single parts_area": 605.24711782107204, "Single parts_pc": 6.0524711782017011, "Dissolved_area": 0.0, "Dissolved_pc": 0.0, "free_space_number": 7.0 }, "geometry": { "type": "Polygon", "coordinates": [ [ [ 1262393.896874761208892, 5541069.404702704399824 ], [ 1262493.896874761208892, 5541069.404702704399824 ], [ 1262493.896874761208892, 5540969.404702704399824 ], [ 1262393.896874761208892, 5540969.404702704399824 ], [ 1262393.896874761208892, 5541069.404702704399824 ] ] ] } },
{ "type": "Feature", "properties": { "id": 587, "left": 1262493.8968747612, "top": 5541569.4047027044, "right": 1262593.8968747612, "bottom": 5541469.4047027044, "row_index": 26, "col_index": 16, "Union_area": 1062.1211156640202, "Union_pc": 10.621211156624375, "rifter_edif_pl_area": 5793.491212235298, "rifter_edif_pl_pc": 57.934912122266653, "aree-stradali-modified_area": 0.0, "aree-stradali-modified_pc": 0.0, "Single parts_area": 3148.8741340255365, "Single parts_pc": 31.488741340208442, "Dissolved_area": 0.0, "Dissolved_pc": 0.0, "free_space_number": 12.0 }, "geometry": { "type": "Polygon", "coordinates": [ [ [ 1262493.896874761208892, 5541569.404702704399824 ], [ 1262593.896874761208892, 5541569.404702704399824 ], [ 1262593.896874761208892, 5541469.404702704399824 ], [ 1262493.896874761208892, 5541469.404702704399824 ], [ 1262493.896874761208892, 5541569.404702704399824 ] ] ] } },
{ "type": "Feature", "properties": { "id": 588, "left": 1262493.8968747612, "top": 5541469.4047027044, "right": 1262593.8968747612, "bottom": 5541369.4047027044, "row_index": 27, "col_index": 16, "Union_area": 2745.9276482174173, "Union_pc": 27.459276482133255, "rifter_edif_pl_area": 4275.5684433630668, "rifter_edif_pl_pc": 42.755684433566955, "aree-stradali-modified_area": 836.16190560534596, "aree-stradali-modified_pc": 8.3616190560410004, "Single parts_area": 2190.7517122074496, "Single parts_pc": 21.907517122041853, "Dissolved_area": 0.0, "Dissolved_pc": 0.0, "free_space_number": 12.0 }, "geometry": { "type": "Polygon", "coordinates": [ [ [ 1262493.896874761208892, 5541469.404702704399824 ], [ 1262593.896874761208892, 5541469.404702704399824 ], [ 1262593.896874761208892, 5541369.404702704399824 ], [ 1262493.896874761208892, 5541369.404702704399824 ], [ 1262493.896874761208892, 5541469.404702704399824 ] ] ] } },
{ "type": "Feature", "properties": { "id": 589, "left": 1262493.8968747612, "top": 5541369.4047027044, "right": 1262593.8968747612, "bottom": 5541269.4047027044, "row_index": 28, "col_index": 16, "Union_area": 33.287658508867025, "Union_pc": 0.33287658508817425, "rifter_edif_pl_area": 7722.8931096066954, "rifter_edif_pl_pc": 77.228931095951879, "aree-stradali-modified_area": 1216.4088924389798, "aree-stradali-modified_pc": 12.164088924371672, "Single parts_area": 1027.769638302736, "Single parts_pc": 10.277696383012044, "Dissolved_area": 0.0, "Dissolved_pc": 0.0, "free_space_number": 22.0 }, "geometry": { "type": "Polygon", "coordinates": [ [ [ 1262493.896874761208892, 5541369.404702704399824 ], [ 1262593.896874761208892, 5541369.404702704399824 ], [ 1262593.896874761208892, 5541269.404702704399824 ], [ 1262493.896874761208892, 5541269.404702704399824 ], [ 1262493.896874761208892, 5541369.404702704399824 ] ] ] } },
{ "type": "Feature", "properties": { "id": 590, "left": 1262493.8968747612, "top": 5541269.4047027044, "right": 1262593.8968747612, "bottom": 5541169.4047027044, "row_index": 29, "col_index": 16, "Union_area": 1554.0045893989154, "Union_pc": 15.540045893965997, "rifter_edif_pl_area": 6220.4054934552405, "rifter_edif_pl_pc": 62.204054934459712, "aree-stradali-modified_area": 399.17387171089649, "aree-stradali-modified_pc": 3.9917387171030168, "Single parts_area": 1828.2660319745619, "Single parts_pc": 18.282660319718374, "Dissolved_area": 0.0, "Dissolved_pc": 0.0, "free_space_number": 26.0 }, "geometry": { "type": "Polygon", "coordinates": [ [ [ 1262493.896874761208892, 5541269.404702704399824 ], [ 1262593.896874761208892, 5541269.404702704399824 ], [ 1262593.896874761208892, 5541169.404702704399824 ], [ 1262493.896874761208892, 5541169.404702704399824 ], [ 1262493.896874761208892, 5541269.404702704399824 ] ] ] } },
{ "type": "Feature", "properties": { "id": 591, "left": 1262493.8968747612, "top": 5541169.4047027044, "right": 1262593.8968747612, "bottom": 5541069.4047027044, "row_index": 30, "col_index": 16, "Union_area": 776.35671413189266, "Union_pc": 7.7635671413073579, "rifter_edif_pl_area": 6771.1934628272429, "rifter_edif_pl_pc": 67.711934628171534, "aree-stradali-modified_area": 1067.8770792689174, "aree-stradali-modified_pc": 10.678770792673262, "Single parts_area": 1385.7419668143871, "Single parts_pc": 13.857419668123223, "Dissolved_area": 0.0, "Dissolved_pc": 0.0, "free_space_number": 24.0 }, "geometry": { "type": "Polygon", "coordinates": [ [ [ 1262493.896874761208892, 5541169.404702704399824 ], [ 1262593.896874761208892, 5541169.404702704399824 ], [ 1262593.896874761208892, 5541069.404702704399824 ], [ 1262493.896874761208892, 5541069.404702704399824 ], [ 1262493.896874761208892, 5541169.404702704399824 ] ] ] } },
{ "type": "Feature", "properties": { "id": 592, "left": 1262493.8968747612, "top": 5541069.4047027044, "right": 1262593.8968747612, "bottom": 5540969.4047027044, "row_index": 31, "col_index": 16, "Union_area": 915.22470531333238, "Union_pc": 9.1522470531196856, "rifter_edif_pl_area": 3032.8555244727759, "rifter_edif_pl_pc": 30.328555244682565, "aree-stradali-modified_area": 6083.8757007867098, "aree-stradali-modified_pc": 60.838757007776444, "Single parts_area": 780.49507763171641, "Single parts_pc": 7.8049507763055335, "Dissolved_area": 0.0, "Dissolved_pc": 0.0, "free_space_number": 11.0 }, "geometry": { "type": "Polygon", "coordinates": [ [ [ 1262493.896874761208892, 5541069.404702704399824 ], [ 1262593.896874761208892, 5541069.404702704399824 ], [ 1262593.896874761208892, 5540969.404702704399824 ], [ 1262493.896874761208892, 5540969.404702704399824 ], [ 1262493.896874761208892, 5541069.404702704399824 ] ] ] } },
{ "type": "Feature", "properties": { "id": 620, "left": 1262593.8968747612, "top": 5541769.4047027044, "right": 1262693.8968747612, "bottom": 5541669.4047027044, "row_index": 24, "col_index": 17, "Union_area": 120.82680052658543, "Union_pc": 1.2082680052640538, "rifter_edif_pl_area": 5963.8966131047346, "rifter_edif_pl_pc": 59.63896613095848, "aree-stradali-modified_area": 730.45083363354206, "aree-stradali-modified_pc": 7.3045083363245364, "Single parts_area": 3184.8330096655409, "Single parts_pc": 31.848330096607953, "Dissolved_area": 0.0, "Dissolved_pc": 0.0, "free_space_number": 11.0 }, "geometry": { "type": "Polygon", "coordinates": [ [ [ 1262593.896874761208892, 5541769.404702704399824 ], [ 1262693.896874761208892, 5541769.404702704399824 ], [ 1262693.896874761208892, 5541669.404702704399824 ], [ 1262593.896874761208892, 5541669.404702704399824 ], [ 1262593.896874761208892, 5541769.404702704399824 ] ] ] } },
{ "type": "Feature", "properties": { "id": 621, "left": 1262593.8968747612, "top": 5541669.4047027044, "right": 1262693.8968747612, "bottom": 5541569.4047027044, "row_index": 25, "col_index": 17, "Union_area": 0.0, "Union_pc": 0.0, "rifter_edif_pl_area": 6738.1355805317871, "rifter_edif_pl_pc": 67.381355805217467, "aree-stradali-modified_area": 2575.0015456974506, "aree-stradali-modified_pc": 25.750015456936136, "Single parts_area": 686.90125559555599, "Single parts_pc": 6.8690125559453241, "Dissolved_area": 0.0, "Dissolved_pc": 0.0, "free_space_number": 17.0 }, "geometry": { "type": "Polygon", "coordinates": [ [ [ 1262593.896874761208892, 5541669.404702704399824 ], [ 1262693.896874761208892, 5541669.404702704399824 ], [ 1262693.896874761208892, 5541569.404702704399824 ], [ 1262593.896874761208892, 5541569.404702704399824 ], [ 1262593.896874761208892, 5541669.404702704399824 ] ] ] } },
{ "type": "Feature", "properties": { "id": 622, "left": 1262593.8968747612, "top": 5541569.4047027044, "right": 1262693.8968747612, "bottom": 5541469.4047027044, "row_index": 26, "col_index": 17, "Union_area": 2138.8348237592727, "Union_pc": 21.388348237560855, "rifter_edif_pl_area": 5597.7355412584729, "rifter_edif_pl_pc": 55.977355412501318, "aree-stradali-modified_area": 1216.700847774744, "aree-stradali-modified_pc": 12.167008477729309, "Single parts_area": 1047.5523316922645, "Single parts_pc": 10.475523316907035, "Dissolved_area": 0.0, "Dissolved_pc": 0.0, "free_space_number": 12.0 }, "geometry": { "type": "Polygon", "coordinates": [ [ [ 1262593.896874761208892, 5541569.404702704399824 ], [ 1262693.896874761208892, 5541569.404702704399824 ], [ 1262693.896874761208892, 5541469.404702704399824 ], [ 1262593.896874761208892, 5541469.404702704399824 ], [ 1262593.896874761208892, 5541569.404702704399824 ] ] ] } },
{ "type": "Feature", "properties": { "id": 623, "left": 1262593.8968747612, "top": 5541469.4047027044, "right": 1262693.8968747612, "bottom": 5541369.4047027044, "row_index": 27, "col_index": 17, "Union_area": 1165.2129478562856, "Union_pc": 11.652129478545493, "rifter_edif_pl_area": 5429.9083656650037, "rifter_edif_pl_pc": 54.299083656569124, "aree-stradali-modified_area": 1008.4365601688623, "aree-stradali-modified_pc": 10.084365601673596, "Single parts_area": 2275.4707679475346, "Single parts_pc": 22.754707679441438, "Dissolved_area": 0.0, "Dissolved_pc": 0.0, "free_space_number": 13.0 }, "geometry": { "type": "Polygon", "coordinates": [ [ [ 1262593.896874761208892, 5541469.404702704399824 ], [ 1262693.896874761208892, 5541469.404702704399824 ], [ 1262693.896874761208892, 5541369.404702704399824 ], [ 1262593.896874761208892, 5541369.404702704399824 ], [ 1262593.896874761208892, 5541469.404702704399824 ] ] ] } },
{ "type": "Feature", "properties": { "id": 624, "left": 1262593.8968747612, "top": 5541369.4047027044, "right": 1262693.8968747612, "bottom": 5541269.4047027044, "row_index": 28, "col_index": 17, "Union_area": 353.33523827744648, "Union_pc": 3.5333523827691997, "rifter_edif_pl_area": 7247.4397236553486, "rifter_edif_pl_pc": 72.474397236445498, "aree-stradali-modified_area": 924.56172622181475, "aree-stradali-modified_pc": 9.2456172622043713, "Single parts_area": 1062.6577582369578, "Single parts_pc": 10.626577582353743, "Dissolved_area": 0.0, "Dissolved_pc": 0.0, "free_space_number": 16.0 }, "geometry": { "type": "Polygon", "coordinates": [ [ [ 1262593.896874761208892, 5541369.404702704399824 ], [ 1262693.896874761208892, 5541369.404702704399824 ], [ 1262693.896874761208892, 5541269.404702704399824 ], [ 1262593.896874761208892, 5541269.404702704399824 ], [ 1262593.896874761208892, 5541369.404702704399824 ] ] ] } },
{ "type": "Feature", "properties": { "id": 625, "left": 1262593.8968747612, "top": 5541269.4047027044, "right": 1262693.8968747612, "bottom": 5541169.4047027044, "row_index": 29, "col_index": 17, "Union_area": 733.76226014108397, "Union_pc": 7.3376226013999055, "rifter_edif_pl_area": 6610.7706375638954, "rifter_edif_pl_pc": 66.107706375540445, "aree-stradali-modified_area": 1898.0719781406224, "aree-stradali-modified_pc": 18.980719781377939, "Single parts_area": 833.67002959484148, "Single parts_pc": 8.3367002959359926, "Dissolved_area": 0.0, "Dissolved_pc": 0.0, "free_space_number": 22.0 }, "geometry": { "type": "Polygon", "coordinates": [ [ [ 1262593.896874761208892, 5541269.404702704399824 ], [ 1262693.896874761208892, 5541269.404702704399824 ], [ 1262693.896874761208892, 5541169.404702704399824 ], [ 1262593.896874761208892, 5541169.404702704399824 ], [ 1262593.896874761208892, 5541269.404702704399824 ] ] ] } },
{ "type": "Feature", "properties": { "id": 626, "left": 1262593.8968747612, "top": 5541169.4047027044, "right": 1262693.8968747612, "bottom": 5541069.4047027044, "row_index": 30, "col_index": 17, "Union_area": 2643.8216780051589, "Union_pc": 26.438216780012194, "rifter_edif_pl_area": 4970.9333241363056, "rifter_edif_pl_pc": 49.709333241288981, "aree-stradali-modified_area": 898.89173223963007, "aree-stradali-modified_pc": 8.9889173223829069, "Single parts_area": 1488.1297910143844, "Single parts_pc": 14.88129791012167, "Dissolved_area": 0.0, "Dissolved_pc": 0.0, "free_space_number": 15.0 }, "geometry": { "type": "Polygon", "coordinates": [ [ [ 1262593.896874761208892, 5541169.404702704399824 ], [ 1262693.896874761208892, 5541169.404702704399824 ], [ 1262693.896874761208892, 5541069.404702704399824 ], [ 1262593.896874761208892, 5541069.404702704399824 ], [ 1262593.896874761208892, 5541169.404702704399824 ] ] ] } },
{ "type": "Feature", "properties": { "id": 627, "left": 1262593.8968747612, "top": 5541069.4047027044, "right": 1262693.8968747612, "bottom": 5540969.4047027044, "row_index": 31, "col_index": 17, "Union_area": 2056.8057410940528, "Union_pc": 20.56805741090988, "rifter_edif_pl_area": 2815.8821917055175, "rifter_edif_pl_pc": 28.158821917013213, "aree-stradali-modified_area": 3660.9490968817845, "aree-stradali-modified_pc": 36.609490968763289, "Single parts_area": 2025.5030830729793, "Single parts_pc": 20.25503083069961, "Dissolved_area": 0.0, "Dissolved_pc": 0.0, "free_space_number": 8.0 }, "geometry": { "type": "Polygon", "coordinates": [ [ [ 1262593.896874761208892, 5541069.404702704399824 ], [ 1262693.896874761208892, 5541069.404702704399824 ], [ 1262693.896874761208892, 5540969.404702704399824 ], [ 1262593.896874761208892, 5540969.404702704399824 ], [ 1262593.896874761208892, 5541069.404702704399824 ] ] ] } },
{ "type": "Feature", "properties": { "id": 628, "left": 1262593.8968747612, "top": 5540969.4047027044, "right": 1262693.8968747612, "bottom": 5540869.4047027044, "row_index": 32, "col_index": 17, "Union_area": 278.48194608837366, "Union_pc": 2.7848194608795871, "rifter_edif_pl_area": 3440.1541012208909, "rifter_edif_pl_pc": 34.401541012157644, "aree-stradali-modified_area": 1994.9150341153145, "aree-stradali-modified_pc": 19.949150341123417, "Single parts_area": 4446.1331471602534, "Single parts_pc": 44.461331471536283, "Dissolved_area": 0.0, "Dissolved_pc": 0.0, "free_space_number": 3.0 }, "geometry": { "type": "Polygon", "coordinates": [ [ [ 1262593.896874761208892, 5540969.404702704399824 ], [ 1262693.896874761208892, 5540969.404702704399824 ], [ 1262693.896874761208892, 5540869.404702704399824 ], [ 1262593.896874761208892, 5540869.404702704399824 ], [ 1262593.896874761208892, 5540969.404702704399824 ] ] ] } },
{ "type": "Feature", "properties": { "id": 655, "left": 1262693.8968747612, "top": 5541769.4047027044, "right": 1262793.8968747612, "bottom": 5541669.4047027044, "row_index": 24, "col_index": 18, "Union_area": 843.63437174260616, "Union_pc": 8.4363437174134912, "rifter_edif_pl_area": 5990.2820460724179, "rifter_edif_pl_pc": 59.902820460634914, "aree-stradali-modified_area": 699.02873130980879, "aree-stradali-modified_pc": 6.9902873130876717, "Single parts_area": 977.25751116820902, "Single parts_pc": 9.7725751116675283, "Dissolved_area": 0.0, "Dissolved_pc": 0.0, "free_space_number": 6.0 }, "geometry": { "type": "Polygon", "coordinates": [ [ [ 1262693.896874761208892, 5541769.404702704399824 ], [ 1262793.896874761208892, 5541769.404702704399824 ], [ 1262793.896874761208892, 5541669.404702704399824 ], [ 1262693.896874761208892, 5541669.404702704399824 ], [ 1262693.896874761208892, 5541769.404702704399824 ] ] ] } },
{ "type": "Feature", "properties": { "id": 656, "left": 1262693.8968747612, "top": 5541669.4047027044, "right": 1262793.8968747612, "bottom": 5541569.4047027044, "row_index": 25, "col_index": 18, "Union_area": 1173.998279008083, "Union_pc": 11.739982790063337, "rifter_edif_pl_area": 5197.4266818403266, "rifter_edif_pl_pc": 51.974266818325816, "aree-stradali-modified_area": 2557.649738881737, "aree-stradali-modified_pc": 25.576497388779259, "Single parts_area": 1072.9253600498014, "Single parts_pc": 10.729253600482027, "Dissolved_area": 0.0, "Dissolved_pc": 0.0, "free_space_number": 9.0 }, "geometry": { "type": "Polygon", "coordinates": [ [ [ 1262693.896874761208892, 5541669.404702704399824 ], [ 1262793.896874761208892, 5541669.404702704399824 ], [ 1262793.896874761208892, 5541569.404702704399824 ], [ 1262693.896874761208892, 5541569.404702704399824 ], [ 1262693.896874761208892, 5541669.404702704399824 ] ] ] } },
{ "type": "Feature", "properties": { "id": 657, "left": 1262693.8968747612, "top": 5541569.4047027044, "right": 1262793.8968747612, "bottom": 5541469.4047027044, "row_index": 26, "col_index": 18, "Union_area": 466.11440800875425, "Union_pc": 4.6611440800805966, "rifter_edif_pl_area": 4385.5066212099046, "rifter_edif_pl_pc": 43.855066212033698, "aree-stradali-modified_area": 2387.6522934138775, "aree-stradali-modified_pc": 23.876522934103196, "Single parts_area": 2822.4940746795246, "Single parts_pc": 28.224940746753187, "Dissolved_area": 0.0, "Dissolved_pc": 0.0, "free_space_number": 9.0 }, "geometry": { "type": "Polygon", "coordinates": [ [ [ 1262693.896874761208892, 5541569.404702704399824 ], [ 1262793.896874761208892, 5541569.404702704399824 ], [ 1262793.896874761208892, 5541469.404702704399824 ], [ 1262693.896874761208892, 5541469.404702704399824 ], [ 1262693.896874761208892, 5541569.404702704399824 ] ] ] } },
{ "type": "Feature", "properties": { "id": 658, "left": 1262693.8968747612, "top": 5541469.4047027044, "right": 1262793.8968747612, "bottom": 5541369.4047027044, "row_index": 27, "col_index": 18, "Union_area": 1781.0604130700231, "Union_pc": 17.810604130673692, "rifter_edif_pl_area": 5263.8775022448972, "rifter_edif_pl_pc": 52.638775022370531, "aree-stradali-modified_area": 924.74231930729002, "aree-stradali-modified_pc": 9.2474231930591202, "Single parts_area": 1024.2658360052553, "Single parts_pc": 10.242658360037289, "Dissolved_area": 0.0, "Dissolved_pc": 0.0, "free_space_number": 10.0 }, "geometry": { "type": "Polygon", "coordinates": [ [ [ 1262693.896874761208892, 5541469.404702704399824 ], [ 1262793.896874761208892, 5541469.404702704399824 ], [ 1262793.896874761208892, 5541369.404702704399824 ], [ 1262693.896874761208892, 5541369.404702704399824 ], [ 1262693.896874761208892, 5541469.404702704399824 ] ] ] } },
{ "type": "Feature", "properties": { "id": 659, "left": 1262693.8968747612, "top": 5541369.4047027044, "right": 1262793.8968747612, "bottom": 5541269.4047027044, "row_index": 28, "col_index": 18, "Union_area": 1290.5744012165815, "Union_pc": 12.905744012146583, "rifter_edif_pl_area": 3707.025074149984, "rifter_edif_pl_pc": 37.070250741444596, "aree-stradali-modified_area": 0.0, "aree-stradali-modified_pc": 0.0, "Single parts_area": 1592.327083325177, "Single parts_pc": 15.923270833228043, "Dissolved_area": 0.0, "Dissolved_pc": 0.0, "free_space_number": 7.0 }, "geometry": { "type": "Polygon", "coordinates": [ [ [ 1262693.896874761208892, 5541369.404702704399824 ], [ 1262793.896874761208892, 5541369.404702704399824 ], [ 1262793.896874761208892, 5541269.404702704399824 ], [ 1262693.896874761208892, 5541269.404702704399824 ], [ 1262693.896874761208892, 5541369.404702704399824 ] ] ] } },
{ "type": "Feature", "properties": { "id": 660, "left": 1262693.8968747612, "top": 5541269.4047027044, "right": 1262793.8968747612, "bottom": 5541169.4047027044, "row_index": 29, "col_index": 18, "Union_area": 441.981928594294, "Union_pc": 4.4198192859363541, "rifter_edif_pl_area": 5250.8614584412426, "rifter_edif_pl_pc": 52.508614584334182, "aree-stradali-modified_area": 2516.7923949044198, "aree-stradali-modified_pc": 25.167923949006695, "Single parts_area": 1790.9715021093912, "Single parts_pc": 17.909715021067225, "Dissolved_area": 0.0, "Dissolved_pc": 0.0, "free_space_number": 9.0 }, "geometry": { "type": "Polygon", "coordinates": [ [ [ 1262693.896874761208892, 5541269.404702704399824 ], [ 1262793.896874761208892, 5541269.404702704399824 ], [ 1262793.896874761208892, 5541169.404702704399824 ], [ 1262693.896874761208892, 5541169.404702704399824 ], [ 1262693.896874761208892, 5541269.404702704399824 ] ] ] } },
{ "type": "Feature", "properties": { "id": 661, "left": 1262693.8968747612, "top": 5541169.4047027044, "right": 1262793.8968747612, "bottom": 5541069.4047027044, "row_index": 30, "col_index": 18, "Union_area": 890.0425116145052, "Union_pc": 8.9004251161317889, "rifter_edif_pl_area": 4691.8098696840461, "rifter_edif_pl_pc": 46.918098696770549, "aree-stradali-modified_area": 2705.8117733690888, "aree-stradali-modified_pc": 27.058117733650569, "Single parts_area": 1713.4594074917127, "Single parts_pc": 17.134594074891595, "Dissolved_area": 0.0, "Dissolved_pc": 0.0, "free_space_number": 16.0 }, "geometry": { "type": "Polygon", "coordinates": [ [ [ 1262693.896874761208892, 5541169.404702704399824 ], [ 1262793.896874761208892, 5541169.404702704399824 ], [ 1262793.896874761208892, 5541069.404702704399824 ], [ 1262693.896874761208892, 5541069.404702704399824 ], [ 1262693.896874761208892, 5541169.404702704399824 ] ] ] } },
{ "type": "Feature", "properties": { "id": 662, "left": 1262693.8968747612, "top": 5541069.4047027044, "right": 1262793.8968747612, "bottom": 5540969.4047027044, "row_index": 31, "col_index": 18, "Union_area": 3239.7384859970771, "Union_pc": 32.397384859922497, "rifter_edif_pl_area": 2884.7900764737278, "rifter_edif_pl_pc": 28.847900764694291, "aree-stradali-modified_area": 1328.8290446847677, "aree-stradali-modified_pc": 13.288290446827876, "Single parts_area": 2551.7001228996596, "Single parts_pc": 25.517001228958573, "Dissolved_area": 0.0, "Dissolved_pc": 0.0, "free_space_number": 7.0 }, "geometry": { "type": "Polygon", "coordinates": [ [ [ 1262693.896874761208892, 5541069.404702704399824 ], [ 1262793.896874761208892, 5541069.404702704399824 ], [ 1262793.896874761208892, 5540969.404702704399824 ], [ 1262693.896874761208892, 5540969.404702704399824 ], [ 1262693.896874761208892, 5541069.404702704399824 ] ] ] } },
{ "type": "Feature", "properties": { "id": 663, "left": 1262693.8968747612, "top": 5540969.4047027044, "right": 1262793.8968747612, "bottom": 5540869.4047027044, "row_index": 32, "col_index": 18, "Union_area": 3764.8203734867275, "Union_pc": 37.648203734811176, "rifter_edif_pl_area": 2552.6865658313036, "rifter_edif_pl_pc": 25.526865658274996, "aree-stradali-modified_area": 3608.3866324424744, "aree-stradali-modified_pc": 36.083866324370973, "Single parts_area": 1564.7607430956778, "Single parts_pc": 15.64760743093346, "Dissolved_area": 0.0, "Dissolved_pc": 0.0, "free_space_number": 3.0 }, "geometry": { "type": "Polygon", "coordinates": [ [ [ 1262693.896874761208892, 5540969.404702704399824 ], [ 1262793.896874761208892, 5540969.404702704399824 ], [ 1262793.896874761208892, 5540869.404702704399824 ], [ 1262693.896874761208892, 5540869.404702704399824 ], [ 1262693.896874761208892, 5540969.404702704399824 ] ] ] } },
{ "type": "Feature", "properties": { "id": 690, "left": 1262793.8968747612, "top": 5541769.4047027044, "right": 1262893.8968747612, "bottom": 5541669.4047027044, "row_index": 24, "col_index": 19, "Union_area": 1350.3065386116505, "Union_pc": 13.503065386096383, "rifter_edif_pl_area": 5116.2992173724342, "rifter_edif_pl_pc": 51.162992173648107, "aree-stradali-modified_area": 1257.558922374621, "aree-stradali-modified_pc": 12.575589223727471, "Single parts_area": 646.17026938947242, "Single parts_pc": 6.4617026938850959, "Dissolved_area": 0.0, "Dissolved_pc": 0.0, "free_space_number": 10.0 }, "geometry": { "type": "Polygon", "coordinates": [ [ [ 1262793.896874761208892, 5541769.404702704399824 ], [ 1262893.896874761208892, 5541769.404702704399824 ], [ 1262893.896874761208892, 5541669.404702704399824 ], [ 1262793.896874761208892, 5541669.404702704399824 ], [ 1262793.896874761208892, 5541769.404702704399824 ] ] ] } },
{ "type": "Feature", "properties": { "id": 691, "left": 1262793.8968747612, "top": 5541669.4047027044, "right": 1262893.8968747612, "bottom": 5541569.4047027044, "row_index": 25, "col_index": 19, "Union_area": 192.88266188278794, "Union_pc": 1.9288266188250052, "rifter_edif_pl_area": 5565.219986345619, "rifter_edif_pl_pc": 55.652199863373262, "aree-stradali-modified_area": 1280.5063249021769, "aree-stradali-modified_pc": 12.805063249002687, "Single parts_area": 2962.1904949084892, "Single parts_pc": 29.621904949040751, "Dissolved_area": 0.0, "Dissolved_pc": 0.0, "free_space_number": 12.0 }, "geometry": { "type": "Polygon", "coordinates": [ [ [ 1262793.896874761208892, 5541669.404702704399824 ], [ 1262893.896874761208892, 5541669.404702704399824 ], [ 1262893.896874761208892, 5541569.404702704399824 ], [ 1262793.896874761208892, 5541569.404702704399824 ], [ 1262793.896874761208892, 5541669.404702704399824 ] ] ] } },
{ "type": "Feature", "properties": { "id": 692, "left": 1262793.8968747612, "top": 5541569.4047027044, "right": 1262893.8968747612, "bottom": 5541469.4047027044, "row_index": 26, "col_index": 19, "Union_area": 748.19838319529663, "Union_pc": 7.4819838319418173, "rifter_edif_pl_area": 6704.3646603282541, "rifter_edif_pl_pc": 67.043646603182637, "aree-stradali-modified_area": 0.0, "aree-stradali-modified_pc": 0.0, "Single parts_area": 2549.0346903823374, "Single parts_pc": 25.49034690378539, "Dissolved_area": 0.0, "Dissolved_pc": 0.0, "free_space_number": 5.0 }, "geometry": { "type": "Polygon", "coordinates": [ [ [ 1262793.896874761208892, 5541569.404702704399824 ], [ 1262893.896874761208892, 5541569.404702704399824 ], [ 1262893.896874761208892, 5541469.404702704399824 ], [ 1262793.896874761208892, 5541469.404702704399824 ], [ 1262793.896874761208892, 5541569.404702704399824 ] ] ] } },
{ "type": "Feature", "properties": { "id": 693, "left": 1262793.8968747612, "top": 5541469.4047027044, "right": 1262893.8968747612, "bottom": 5541369.4047027044, "row_index": 27, "col_index": 19, "Union_area": 1905.6253517083824, "Union_pc": 19.056253517055428, "rifter_edif_pl_area": 4601.3666218998842, "rifter_edif_pl_pc": 46.013666218930275, "aree-stradali-modified_area": 0.0, "aree-stradali-modified_pc": 0.0, "Single parts_area": 3494.071023012767, "Single parts_pc": 34.940710230075602, "Dissolved_area": 0.0, "Dissolved_pc": 0.0, "free_space_number": 3.0 }, "geometry": { "type": "Polygon", "coordinates": [ [ [ 1262793.896874761208892, 5541469.404702704399824 ], [ 1262893.896874761208892, 5541469.404702704399824 ], [ 1262893.896874761208892, 5541369.404702704399824 ], [ 1262793.896874761208892, 5541369.404702704399824 ], [ 1262793.896874761208892, 5541469.404702704399824 ] ] ] } },
{ "type": "Feature", "properties": { "id": 694, "left": 1262793.8968747612, "top": 5541369.4047027044, "right": 1262893.8968747612, "bottom": 5541269.4047027044, "row_index": 28, "col_index": 19, "Union_area": 72.323491066228598, "Union_pc": 0.72323491066120826, "rifter_edif_pl_area": 4791.2120909289224, "rifter_edif_pl_pc": 47.912120909217826, "aree-stradali-modified_area": 228.99803456664085, "aree-stradali-modified_pc": 2.2899803456629964, "Single parts_area": 3079.902290776372, "Single parts_pc": 30.799022907717827, "Dissolved_area": 0.0, "Dissolved_pc": 0.0, "free_space_number": 4.0 }, "geometry": { "type": "Polygon", "coordinates": [ [ [ 1262793.896874761208892, 5541369.404702704399824 ], [ 1262893.896874761208892, 5541369.404702704399824 ], [ 1262893.896874761208892, 5541269.404702704399824 ], [ 1262793.896874761208892, 5541269.404702704399824 ], [ 1262793.896874761208892, 5541369.404702704399824 ] ] ] } },
{ "type": "Feature", "properties": { "id": 695, "left": 1262793.8968747612, "top": 5541269.4047027044, "right": 1262893.8968747612, "bottom": 5541169.4047027044, "row_index": 29, "col_index": 19, "Union_area": 486.56823840877041, "Union_pc": 4.8656823840804533, "rifter_edif_pl_area": 3732.4573308590625, "rifter_edif_pl_pc": 37.324573308535008, "aree-stradali-modified_area": 4397.2798480922356, "aree-stradali-modified_pc": 43.972798480856831, "Single parts_area": 821.3619871817275, "Single parts_pc": 8.2136198718050348, "Dissolved_area": 0.0, "Dissolved_pc": 0.0, "free_space_number": 10.0 }, "geometry": { "type": "Polygon", "coordinates": [ [ [ 1262793.896874761208892, 5541269.404702704399824 ], [ 1262893.896874761208892, 5541269.404702704399824 ], [ 1262893.896874761208892, 5541169.404702704399824 ], [ 1262793.896874761208892, 5541169.404702704399824 ], [ 1262793.896874761208892, 5541269.404702704399824 ] ] ] } },
{ "type": "Feature", "properties": { "id": 696, "left": 1262793.8968747612, "top": 5541169.4047027044, "right": 1262893.8968747612, "bottom": 5541069.4047027044, "row_index": 30, "col_index": 19, "Union_area": 2306.9076288575307, "Union_pc": 23.069076288540931, "rifter_edif_pl_area": 2176.1078864871524, "rifter_edif_pl_pc": 21.761078864839099, "aree-stradali-modified_area": 712.29900574171916, "aree-stradali-modified_pc": 7.1229900574065779, "Single parts_area": 3065.0020287531206, "Single parts_pc": 30.650020287485535, "Dissolved_area": 0.0, "Dissolved_pc": 0.0, "free_space_number": 9.0 }, "geometry": { "type": "Polygon", "coordinates": [ [ [ 1262793.896874761208892, 5541169.404702704399824 ], [ 1262893.896874761208892, 5541169.404702704399824 ], [ 1262893.896874761208892, 5541069.404702704399824 ], [ 1262793.896874761208892, 5541069.404702704399824 ], [ 1262793.896874761208892, 5541169.404702704399824 ] ] ] } },
{ "type": "Feature", "properties": { "id": 697, "left": 1262793.8968747612, "top": 5541069.4047027044, "right": 1262893.8968747612, "bottom": 5540969.4047027044, "row_index": 31, "col_index": 19, "Union_area": 3031.2127845245413, "Union_pc": 30.312127845200244, "rifter_edif_pl_area": 2778.753047099337, "rifter_edif_pl_pc": 27.787530470951964, "aree-stradali-modified_area": 3021.3358570337296, "aree-stradali-modified_pc": 30.213358570292275, "Single parts_area": 1509.7815489595687, "Single parts_pc": 15.097815489573188, "Dissolved_area": 0.0, "Dissolved_pc": 0.0, "free_space_number": 11.0 }, "geometry": { "type": "Polygon", "coordinates": [ [ [ 1262793.896874761208892, 5541069.404702704399824 ], [ 1262893.896874761208892, 5541069.404702704399824 ], [ 1262893.896874761208892, 5540969.404702704399824 ], [ 1262793.896874761208892, 5540969.404702704399824 ], [ 1262793.896874761208892, 5541069.404702704399824 ] ] ] } },
{ "type": "Feature", "properties": { "id": 698, "left": 1262793.8968747612, "top": 5540969.4047027044, "right": 1262893.8968747612, "bottom": 5540869.4047027044, "row_index": 32, "col_index": 19, "Union_area": 2077.7066355659626, "Union_pc": 20.777066355628666, "rifter_edif_pl_area": 699.82247328013182, "rifter_edif_pl_pc": 6.9982247327908897, "aree-stradali-modified_area": 4616.170211404562, "aree-stradali-modified_pc": 46.161702113976837, "Single parts_area": 3503.999408915668, "Single parts_pc": 35.039994089104468, "Dissolved_area": 0.0, "Dissolved_pc": 0.0, "free_space_number": 3.0 }, "geometry": { "type": "Polygon", "coordinates": [ [ [ 1262793.896874761208892, 5540969.404702704399824 ], [ 1262893.896874761208892, 5540969.404702704399824 ], [ 1262893.896874761208892, 5540869.404702704399824 ], [ 1262793.896874761208892, 5540869.404702704399824 ], [ 1262793.896874761208892, 5540969.404702704399824 ] ] ] } },
{ "type": "Feature", "properties": { "id": 725, "left": 1262893.8968747612, "top": 5541769.4047027044, "right": 1262993.8968747612, "bottom": 5541669.4047027044, "row_index": 24, "col_index": 20, "Union_area": 0.0, "Union_pc": 0.0, "rifter_edif_pl_area": 6595.5655421952251, "rifter_edif_pl_pc": 65.955655421853976, "aree-stradali-modified_area": 1895.0986659005284, "aree-stradali-modified_pc": 18.950986658977044, "Single parts_area": 1509.4154460397738, "Single parts_pc": 15.094154460375247, "Dissolved_area": 0.0, "Dissolved_pc": 0.0, "free_space_number": 10.0 }, "geometry": { "type": "Polygon", "coordinates": [ [ [ 1262893.896874761208892, 5541769.404702704399824 ], [ 1262993.896874761208892, 5541769.404702704399824 ], [ 1262993.896874761208892, 5541669.404702704399824 ], [ 1262893.896874761208892, 5541669.404702704399824 ], [ 1262893.896874761208892, 5541769.404702704399824 ] ] ] } },
{ "type": "Feature", "properties": { "id": 726, "left": 1262893.8968747612, "top": 5541669.4047027044, "right": 1262993.8968747612, "bottom": 5541569.4047027044, "row_index": 25, "col_index": 20, "Union_area": 251.49885316193104, "Union_pc": 2.5149885316155629, "rifter_edif_pl_area": 6493.3327780500986, "rifter_edif_pl_pc": 64.933327780404227, "aree-stradali-modified_area": 1713.9335475414991, "aree-stradali-modified_pc": 17.139335475389451, "Single parts_area": 1541.4005181340035, "Single parts_pc": 15.414005181317066, "Dissolved_area": 0.0, "Dissolved_pc": 0.0, "free_space_number": 18.0 }, "geometry": { "type": "Polygon", "coordinates": [ [ [ 1262893.896874761208892, 5541669.404702704399824 ], [ 1262993.896874761208892, 5541669.404702704399824 ], [ 1262993.896874761208892, 5541569.404702704399824 ], [ 1262893.896874761208892, 5541569.404702704399824 ], [ 1262893.896874761208892, 5541669.404702704399824 ] ] ] } },
{ "type": "Feature", "properties": { "id": 727, "left": 1262893.8968747612, "top": 5541569.4047027044, "right": 1262993.8968747612, "bottom": 5541469.4047027044, "row_index": 26, "col_index": 20, "Union_area": 1059.102145888668, "Union_pc": 10.591021458870898, "rifter_edif_pl_area": 5947.3668861053884, "rifter_edif_pl_pc": 59.473668860965262, "aree-stradali-modified_area": 248.5715050958097, "aree-stradali-modified_pc": 2.485715050954393, "Single parts_area": 2752.9226631245692, "Single parts_pc": 27.529226631204672, "Dissolved_area": 0.0, "Dissolved_pc": 0.0, "free_space_number": 8.0 }, "geometry": { "type": "Polygon", "coordinates": [ [ [ 1262893.896874761208892, 5541569.404702704399824 ], [ 1262993.896874761208892, 5541569.404702704399824 ], [ 1262993.896874761208892, 5541469.404702704399824 ], [ 1262893.896874761208892, 5541469.404702704399824 ], [ 1262893.896874761208892, 5541569.404702704399824 ] ] ] } },
{ "type": "Feature", "properties": { "id": 728, "left": 1262893.8968747612, "top": 5541469.4047027044, "right": 1262993.8968747612, "bottom": 5541369.4047027044, "row_index": 27, "col_index": 20, "Union_area": 1241.017913011834, "Union_pc": 12.410179130099849, "rifter_edif_pl_area": 5573.2269239034504, "rifter_edif_pl_pc": 55.732269238951453, "aree-stradali-modified_area": 0.0, "aree-stradali-modified_pc": 0.0, "Single parts_area": 3186.6472496576607, "Single parts_pc": 31.866472496529124, "Dissolved_area": 0.0, "Dissolved_pc": 0.0, "free_space_number": 5.0 }, "geometry": { "type": "Polygon", "coordinates": [ [ [ 1262893.896874761208892, 5541469.404702704399824 ], [ 1262993.896874761208892, 5541469.404702704399824 ], [ 1262993.896874761208892, 5541369.404702704399824 ], [ 1262893.896874761208892, 5541369.404702704399824 ], [ 1262893.896874761208892, 5541469.404702704399824 ] ] ] } },
{ "type": "Feature", "properties": { "id": 729, "left": 1262893.8968747612, "top": 5541369.4047027044, "right": 1262993.8968747612, "bottom": 5541269.4047027044, "row_index": 28, "col_index": 20, "Union_area": 1369.0528456625761, "Union_pc": 13.69052845660536, "rifter_edif_pl_area": 4591.9350282133091, "rifter_edif_pl_pc": 45.919350282064663, "aree-stradali-modified_area": 1521.847375292331, "aree-stradali-modified_pc": 15.218473752900632, "Single parts_area": 2517.8968435612478, "Single parts_pc": 25.178968435574959, "Dissolved_area": 0.0, "Dissolved_pc": 0.0, "free_space_number": 11.0 }, "geometry": { "type": "Polygon", "coordinates": [ [ [ 1262893.896874761208892, 5541369.404702704399824 ], [ 1262993.896874761208892, 5541369.404702704399824 ], [ 1262993.896874761208892, 5541269.404702704399824 ], [ 1262893.896874761208892, 5541269.404702704399824 ], [ 1262893.896874761208892, 5541369.404702704399824 ] ] ] } },
{ "type": "Feature", "properties": { "id": 730, "left": 1262893.8968747612, "top": 5541269.4047027044, "right": 1262993.8968747612, "bottom": 5541169.4047027044, "row_index": 29, "col_index": 20, "Union_area": 0.0, "Union_pc": 0.0, "rifter_edif_pl_area": 3901.2649908355525, "rifter_edif_pl_pc": 39.012649908297391, "aree-stradali-modified_area": 5278.1205082833767, "aree-stradali-modified_pc": 52.781205082755115, "Single parts_area": 820.68457648340745, "Single parts_pc": 8.2068457648218445, "Dissolved_area": 0.0, "Dissolved_pc": 0.0, "free_space_number": 9.0 }, "geometry": { "type": "Polygon", "coordinates": [ [ [ 1262893.896874761208892, 5541269.404702704399824 ], [ 1262993.896874761208892, 5541269.404702704399824 ], [ 1262993.896874761208892, 5541169.404702704399824 ], [ 1262893.896874761208892, 5541169.404702704399824 ], [ 1262893.896874761208892, 5541269.404702704399824 ] ] ] } },
{ "type": "Feature", "properties": { "id": 731, "left": 1262893.8968747612, "top": 5541169.4047027044, "right": 1262993.8968747612, "bottom": 5541069.4047027044, "row_index": 30, "col_index": 20, "Union_area": 2343.3887895038351, "Union_pc": 23.433887895003433, "rifter_edif_pl_area": 2408.0223197489977, "rifter_edif_pl_pc": 24.080223197454096, "aree-stradali-modified_area": 1058.3160839378834, "aree-stradali-modified_pc": 10.583160839363064, "Single parts_area": 3106.7436898420565, "Single parts_pc": 31.067436898374272, "Dissolved_area": 0.0, "Dissolved_pc": 0.0, "free_space_number": 4.0 }, "geometry": { "type": "Polygon", "coordinates": [ [ [ 1262893.896874761208892, 5541169.404702704399824 ], [ 1262993.896874761208892, 5541169.404702704399824 ], [ 1262993.896874761208892, 5541069.404702704399824 ], [ 1262893.896874761208892, 5541069.404702704399824 ], [ 1262893.896874761208892, 5541169.404702704399824 ] ] ] } },
{ "type": "Feature", "properties": { "id": 732, "left": 1262893.8968747612, "top": 5541069.4047027044, "right": 1262993.8968747612, "bottom": 5540969.4047027044, "row_index": 31, "col_index": 20, "Union_area": 3824.8517230344005, "Union_pc": 38.248517230287007, "rifter_edif_pl_area": 2380.1227461379021, "rifter_edif_pl_pc": 23.801227461343554, "aree-stradali-modified_area": 2429.0695231556892, "aree-stradali-modified_pc": 24.290695231520697, "Single parts_area": 1367.8244213453033, "Single parts_pc": 13.678244213432652, "Dissolved_area": 0.0, "Dissolved_pc": 0.0, "free_space_number": 12.0 }, "geometry": { "type": "Polygon", "coordinates": [ [ [ 1262893.896874761208892, 5541069.404702704399824 ], [ 1262993.896874761208892, 5541069.404702704399824 ], [ 1262993.896874761208892, 5540969.404702704399824 ], [ 1262893.896874761208892, 5540969.404702704399824 ], [ 1262893.896874761208892, 5541069.404702704399824 ] ] ] } },
{ "type": "Feature", "properties": { "id": 733, "left": 1262893.8968747612, "top": 5540969.4047027044, "right": 1262993.8968747612, "bottom": 5540869.4047027044, "row_index": 32, "col_index": 20, "Union_area": 1287.1731630577706, "Union_pc": 12.871731630558525, "rifter_edif_pl_area": 2768.8820915650576, "rifter_edif_pl_pc": 27.688820915609316, "aree-stradali-modified_area": 4113.4101380109787, "aree-stradali-modified_pc": 41.134101380048492, "Single parts_area": 2597.9344857903197, "Single parts_pc": 25.979344857864486, "Dissolved_area": 0.0, "Dissolved_pc": 0.0, "free_space_number": 2.0 }, "geometry": { "type": "Polygon", "coordinates": [ [ [ 1262893.896874761208892, 5540969.404702704399824 ], [ 1262993.896874761208892, 5540969.404702704399824 ], [ 1262993.896874761208892, 5540869.404702704399824 ], [ 1262893.896874761208892, 5540869.404702704399824 ], [ 1262893.896874761208892, 5540969.404702704399824 ] ] ] } },
{ "type": "Feature", "properties": { "id": 760, "left": 1262993.8968747612, "top": 5541769.4047027044, "right": 1263093.8968747612, "bottom": 5541669.4047027044, "row_index": 24, "col_index": 21, "Union_area": 0.0, "Union_pc": 0.0, "rifter_edif_pl_area": 6692.3702111882158, "rifter_edif_pl_pc": 66.923702111782433, "aree-stradali-modified_area": 1246.6279175244272, "aree-stradali-modified_pc": 12.466279175225695, "Single parts_area": 2061.0049446988105, "Single parts_pc": 20.610049446957394, "Dissolved_area": 0.0, "Dissolved_pc": 0.0, "free_space_number": 17.0 }, "geometry": { "type": "Polygon", "coordinates": [ [ [ 1262993.896874761208892, 5541769.404702704399824 ], [ 1263093.896874761208892, 5541769.404702704399824 ], [ 1263093.896874761208892, 5541669.404702704399824 ], [ 1262993.896874761208892, 5541669.404702704399824 ], [ 1262993.896874761208892, 5541769.404702704399824 ] ] ] } },
{ "type": "Feature", "properties": { "id": 761, "left": 1262993.8968747612, "top": 5541669.4047027044, "right": 1263093.8968747612, "bottom": 5541569.4047027044, "row_index": 25, "col_index": 21, "Union_area": 0.0, "Union_pc": 0.0, "rifter_edif_pl_area": 6053.6384746469557, "rifter_edif_pl_pc": 60.536384746379348, "aree-stradali-modified_area": 759.29300027620047, "aree-stradali-modified_pc": 7.5929300027506903, "Single parts_area": 3187.0685250228271, "Single parts_pc": 31.870685250180781, "Dissolved_area": 0.0, "Dissolved_pc": 0.0, "free_space_number": 12.0 }, "geometry": { "type": "Polygon", "coordinates": [ [ [ 1262993.896874761208892, 5541669.404702704399824 ], [ 1263093.896874761208892, 5541669.404702704399824 ], [ 1263093.896874761208892, 5541569.404702704399824 ], [ 1262993.896874761208892, 5541569.404702704399824 ], [ 1262993.896874761208892, 5541669.404702704399824 ] ] ] } },
{ "type": "Feature", "properties": { "id": 762, "left": 1262993.8968747612, "top": 5541569.4047027044, "right": 1263093.8968747612, "bottom": 5541469.4047027044, "row_index": 26, "col_index": 21, "Union_area": 3710.9973472203128, "Union_pc": 37.109973472147828, "rifter_edif_pl_area": 2906.7683788170689, "rifter_edif_pl_pc": 29.067683788127376, "aree-stradali-modified_area": 0.0, "aree-stradali-modified_pc": 0.0, "Single parts_area": 3389.1455650282733, "Single parts_pc": 33.891455650232231, "Dissolved_area": 0.0, "Dissolved_pc": 0.0, "free_space_number": 11.0 }, "geometry": { "type": "Polygon", "coordinates": [ [ [ 1262993.896874761208892, 5541569.404702704399824 ], [ 1263093.896874761208892, 5541569.404702704399824 ], [ 1263093.896874761208892, 5541469.404702704399824 ], [ 1262993.896874761208892, 5541469.404702704399824 ], [ 1262993.896874761208892, 5541569.404702704399824 ] ] ] } },
{ "type": "Feature", "properties": { "id": 763, "left": 1262993.8968747612, "top": 5541469.4047027044, "right": 1263093.8968747612, "bottom": 5541369.4047027044, "row_index": 27, "col_index": 21, "Union_area": 1369.2307236436754, "Union_pc": 13.692307236416351, "rifter_edif_pl_area": 3134.4719369397499, "rifter_edif_pl_pc": 31.344719369350791, "aree-stradali-modified_area": 2185.5513331275433, "aree-stradali-modified_pc": 21.855513331242864, "Single parts_area": 3324.511350836714, "Single parts_pc": 33.245113508317601, "Dissolved_area": 0.0, "Dissolved_pc": 0.0, "free_space_number": 8.0 }, "geometry": { "type": "Polygon", "coordinates": [ [ [ 1262993.896874761208892, 5541469.404702704399824 ], [ 1263093.896874761208892, 5541469.404702704399824 ], [ 1263093.896874761208892, 5541369.404702704399824 ], [ 1262993.896874761208892, 5541369.404702704399824 ], [ 1262993.896874761208892, 5541469.404702704399824 ] ] ] } },
{ "type": "Feature", "properties": { "id": 764, "left": 1262993.8968747612, "top": 5541369.4047027044, "right": 1263093.8968747612, "bottom": 5541269.4047027044, "row_index": 28, "col_index": 21, "Union_area": 2078.7960062088678, "Union_pc": 20.787960062057699, "rifter_edif_pl_area": 4046.4928463270189, "rifter_edif_pl_pc": 40.464928463209894, "aree-stradali-modified_area": 760.50842644181103, "aree-stradali-modified_pc": 7.605084264406778, "Single parts_area": 3116.2598969853134, "Single parts_pc": 31.162598969806698, "Dissolved_area": 0.0, "Dissolved_pc": 0.0, "free_space_number": 10.0 }, "geometry": { "type": "Polygon", "coordinates": [ [ [ 1262993.896874761208892, 5541369.404702704399824 ], [ 1263093.896874761208892, 5541369.404702704399824 ], [ 1263093.896874761208892, 5541269.404702704399824 ], [ 1262993.896874761208892, 5541269.404702704399824 ], [ 1262993.896874761208892, 5541369.404702704399824 ] ] ] } },
{ "type": "Feature", "properties": { "id": 765, "left": 1262993.8968747612, "top": 5541269.4047027044, "right": 1263093.8968747612, "bottom": 5541169.4047027044, "row_index": 29, "col_index": 21, "Union_area": 659.09015144407749, "Union_pc": 6.5909015144309535, "rifter_edif_pl_area": 5483.3234535097145, "rifter_edif_pl_pc": 54.833234535015436, "aree-stradali-modified_area": 2103.1870762845501, "aree-stradali-modified_pc": 21.031870762814162, "Single parts_area": 1755.6262852255852, "Single parts_pc": 17.55626285222969, "Dissolved_area": 0.0, "Dissolved_pc": 0.0, "free_space_number": 9.0 }, "geometry": { "type": "Polygon", "coordinates": [ [ [ 1262993.896874761208892, 5541269.404702704399824 ], [ 1263093.896874761208892, 5541269.404702704399824 ], [ 1263093.896874761208892, 5541169.404702704399824 ], [ 1262993.896874761208892, 5541169.404702704399824 ], [ 1262993.896874761208892, 5541269.404702704399824 ] ] ] } },
{ "type": "Feature", "properties": { "id": 766, "left": 1262993.8968747612, "top": 5541169.4047027044, "right": 1263093.8968747612, "bottom": 5541069.4047027044, "row_index": 30, "col_index": 21, "Union_area": 2256.9898810670711, "Union_pc": 22.569898810637078, "rifter_edif_pl_area": 4501.1833280809224, "rifter_edif_pl_pc": 45.011833280742152, "aree-stradali-modified_area": 970.49092840403318, "aree-stradali-modified_pc": 9.7049092840258702, "Single parts_area": 2273.6251699669142, "Single parts_pc": 22.736251699635261, "Dissolved_area": 0.0, "Dissolved_pc": 0.0, "free_space_number": 8.0 }, "geometry": { "type": "Polygon", "coordinates": [ [ [ 1262993.896874761208892, 5541169.404702704399824 ], [ 1263093.896874761208892, 5541169.404702704399824 ], [ 1263093.896874761208892, 5541069.404702704399824 ], [ 1262993.896874761208892, 5541069.404702704399824 ], [ 1262993.896874761208892, 5541169.404702704399824 ] ] ] } },
{ "type": "Feature", "properties": { "id": 767, "left": 1262993.8968747612, "top": 5541069.4047027044, "right": 1263093.8968747612, "bottom": 5540969.4047027044, "row_index": 31, "col_index": 21, "Union_area": 1218.8809630777687, "Union_pc": 12.188809630759524, "rifter_edif_pl_area": 3690.0627387780696, "rifter_edif_pl_pc": 36.900627387725713, "aree-stradali-modified_area": 3790.8363037109375, "aree-stradali-modified_pc": 37.908363037052887, "Single parts_area": 1302.101073438492, "Single parts_pc": 13.021010734365518, "Dissolved_area": 0.0, "Dissolved_pc": 0.0, "free_space_number": 10.0 }, "geometry": { "type": "Polygon", "coordinates": [ [ [ 1262993.896874761208892, 5541069.404702704399824 ], [ 1263093.896874761208892, 5541069.404702704399824 ], [ 1263093.896874761208892, 5540969.404702704399824 ], [ 1262993.896874761208892, 5540969.404702704399824 ], [ 1262993.896874761208892, 5541069.404702704399824 ] ] ] } },
{ "type": "Feature", "properties": { "id": 768, "left": 1262993.8968747612, "top": 5540969.4047027044, "right": 1263093.8968747612, "bottom": 5540869.4047027044, "row_index": 32, "col_index": 21, "Union_area": 1430.0179832102731, "Union_pc": 14.300179832081422, "rifter_edif_pl_area": 2911.4654832249507, "rifter_edif_pl_pc": 29.114654832206124, "aree-stradali-modified_area": 4935.6093015782535, "aree-stradali-modified_pc": 49.356093015708986, "Single parts_area": 1398.2276076674461, "Single parts_pc": 13.982276076653626, "Dissolved_area": 0.0, "Dissolved_pc": 0.0, "free_space_number": 3.0 }, "geometry": { "type": "Polygon", "coordinates": [ [ [ 1262993.896874761208892, 5540969.404702704399824 ], [ 1263093.896874761208892, 5540969.404702704399824 ], [ 1263093.896874761208892, 5540869.404702704399824 ], [ 1262993.896874761208892, 5540869.404702704399824 ], [ 1262993.896874761208892, 5540969.404702704399824 ] ] ] } },
{ "type": "Feature", "properties": { "id": 795, "left": 1263093.8968747612, "top": 5541769.4047027044, "right": 1263193.8968747612, "bottom": 5541669.4047027044, "row_index": 24, "col_index": 22, "Union_area": 323.75689513236284, "Union_pc": 3.2375689513188042, "rifter_edif_pl_area": 7002.5808453958016, "rifter_edif_pl_pc": 70.025808453853671, "aree-stradali-modified_area": 1343.1120310109109, "aree-stradali-modified_pc": 13.431120310089094, "Single parts_area": 1331.0312606757507, "Single parts_pc": 13.310312606737673, "Dissolved_area": 0.0, "Dissolved_pc": 0.0, "free_space_number": 11.0 }, "geometry": { "type": "Polygon", "coordinates": [ [ [ 1263093.896874761208892, 5541769.404702704399824 ], [ 1263193.896874761208892, 5541769.404702704399824 ], [ 1263193.896874761208892, 5541669.404702704399824 ], [ 1263093.896874761208892, 5541669.404702704399824 ], [ 1263093.896874761208892, 5541769.404702704399824 ] ] ] } },
{ "type": "Feature", "properties": { "id": 796, "left": 1263093.8968747612, "top": 5541669.4047027044, "right": 1263193.8968747612, "bottom": 5541569.4047027044, "row_index": 25, "col_index": 22, "Union_area": 244.73492150154198, "Union_pc": 2.4473492150117728, "rifter_edif_pl_area": 7405.5219899786171, "rifter_edif_pl_pc": 74.055219899675819, "aree-stradali-modified_area": 1033.8393008969724, "aree-stradali-modified_pc": 10.338393008954318, "Single parts_area": 1323.7683105276665, "Single parts_pc": 13.23768310525694, "Dissolved_area": 0.0, "Dissolved_pc": 0.0, "free_space_number": 18.0 }, "geometry": { "type": "Polygon", "coordinates": [ [ [ 1263093.896874761208892, 5541669.404702704399824 ], [ 1263193.896874761208892, 5541669.404702704399824 ], [ 1263193.896874761208892, 5541569.404702704399824 ], [ 1263093.896874761208892, 5541569.404702704399824 ], [ 1263093.896874761208892, 5541669.404702704399824 ] ] ] } },
{ "type": "Feature", "properties": { "id": 797, "left": 1263093.8968747612, "top": 5541569.4047027044, "right": 1263193.8968747612, "bottom": 5541469.4047027044, "row_index": 26, "col_index": 22, "Union_area": 2.0663532461039722, "Union_pc": 0.020663532461008931, "rifter_edif_pl_area": 6645.442273998633, "rifter_edif_pl_pc": 66.454422739887306, "aree-stradali-modified_area": 946.86483545601368, "aree-stradali-modified_pc": 9.468648354546028, "Single parts_area": 2405.778125365061, "Single parts_pc": 24.05778125361476, "Dissolved_area": 0.0, "Dissolved_pc": 0.0, "free_space_number": 14.0 }, "geometry": { "type": "Polygon", "coordinates": [ [ [ 1263093.896874761208892, 5541569.404702704399824 ], [ 1263193.896874761208892, 5541569.404702704399824 ], [ 1263193.896874761208892, 5541469.404702704399824 ], [ 1263093.896874761208892, 5541469.404702704399824 ], [ 1263093.896874761208892, 5541569.404702704399824 ] ] ] } },
{ "type": "Feature", "properties": { "id": 798, "left": 1263093.8968747612, "top": 5541469.4047027044, "right": 1263193.8968747612, "bottom": 5541369.4047027044, "row_index": 27, "col_index": 22, "Union_area": 558.41849597264081, "Union_pc": 5.5841849597180868, "rifter_edif_pl_area": 6370.1207014489919, "rifter_edif_pl_pc": 63.701207014394996, "aree-stradali-modified_area": 1469.0301355868578, "aree-stradali-modified_pc": 14.690301355846687, "Single parts_area": 1606.2429915253379, "Single parts_pc": 16.062429915229444, "Dissolved_area": 0.0, "Dissolved_pc": 0.0, "free_space_number": 11.0 }, "geometry": { "type": "Polygon", "coordinates": [ [ [ 1263093.896874761208892, 5541469.404702704399824 ], [ 1263193.896874761208892, 5541469.404702704399824 ], [ 1263193.896874761208892, 5541369.404702704399824 ], [ 1263093.896874761208892, 5541369.404702704399824 ], [ 1263093.896874761208892, 5541469.404702704399824 ] ] ] } },
{ "type": "Feature", "properties": { "id": 799, "left": 1263093.8968747612, "top": 5541369.4047027044, "right": 1263193.8968747612, "bottom": 5541269.4047027044, "row_index": 28, "col_index": 22, "Union_area": 1148.7012031823397, "Union_pc": 11.48701203180628, "rifter_edif_pl_area": 5453.1722445234773, "rifter_edif_pl_pc": 54.531722445153513, "aree-stradali-modified_area": 834.40549527108669, "aree-stradali-modified_pc": 8.3440549526984338, "Single parts_area": 2568.3968267281989, "Single parts_pc": 25.683968267243717, "Dissolved_area": 0.0, "Dissolved_pc": 0.0, "free_space_number": 14.0 }, "geometry": { "type": "Polygon", "coordinates": [ [ [ 1263093.896874761208892, 5541369.404702704399824 ], [ 1263193.896874761208892, 5541369.404702704399824 ], [ 1263193.896874761208892, 5541269.404702704399824 ], [ 1263093.896874761208892, 5541269.404702704399824 ], [ 1263093.896874761208892, 5541369.404702704399824 ] ] ] } },
{ "type": "Feature", "properties": { "id": 800, "left": 1263093.8968747612, "top": 5541269.4047027044, "right": 1263193.8968747612, "bottom": 5541169.4047027044, "row_index": 29, "col_index": 22, "Union_area": 572.88278055051342, "Union_pc": 5.7288278054965973, "rifter_edif_pl_area": 5981.6581077910378, "rifter_edif_pl_pc": 59.816581077821247, "aree-stradali-modified_area": 422.14185866713524, "aree-stradali-modified_pc": 4.2214185866650622, "Single parts_area": 3025.0066510902252, "Single parts_pc": 30.250066510857177, "Dissolved_area": 0.0, "Dissolved_pc": 0.0, "free_space_number": 11.0 }, "geometry": { "type": "Polygon", "coordinates": [ [ [ 1263093.896874761208892, 5541269.404702704399824 ], [ 1263193.896874761208892, 5541269.404702704399824 ], [ 1263193.896874761208892, 5541169.404702704399824 ], [ 1263093.896874761208892, 5541169.404702704399824 ], [ 1263093.896874761208892, 5541269.404702704399824 ] ] ] } },
{ "type": "Feature", "properties": { "id": 801, "left": 1263093.8968747612, "top": 5541169.4047027044, "right": 1263193.8968747612, "bottom": 5541069.4047027044, "row_index": 30, "col_index": 22, "Union_area": 1875.3605166319758, "Union_pc": 18.753605166291813, "rifter_edif_pl_area": 5199.7999490017537, "rifter_edif_pl_pc": 51.997999489940057, "aree-stradali-modified_area": 1073.5764095187187, "aree-stradali-modified_pc": 10.73576409517119, "Single parts_area": 1853.7172999235736, "Single parts_pc": 18.537172999208114, "Dissolved_area": 0.0, "Dissolved_pc": 0.0, "free_space_number": 25.0 }, "geometry": { "type": "Polygon", "coordinates": [ [ [ 1263093.896874761208892, 5541169.404702704399824 ], [ 1263193.896874761208892, 5541169.404702704399824 ], [ 1263193.896874761208892, 5541069.404702704399824 ], [ 1263093.896874761208892, 5541069.404702704399824 ], [ 1263093.896874761208892, 5541169.404702704399824 ] ] ] } },
{ "type": "Feature", "properties": { "id": 802, "left": 1263093.8968747612, "top": 5541069.4047027044, "right": 1263193.8968747612, "bottom": 5540969.4047027044, "row_index": 31, "col_index": 22, "Union_area": 1387.1931479282212, "Union_pc": 13.871931479261541, "rifter_edif_pl_area": 5344.7361377819907, "rifter_edif_pl_pc": 53.447361377740265, "aree-stradali-modified_area": 913.25393203273416, "aree-stradali-modified_pc": 9.1325393203137324, "Single parts_area": 2355.5033970858067, "Single parts_pc": 23.555033970822965, "Dissolved_area": 0.0, "Dissolved_pc": 0.0, "free_space_number": 13.0 }, "geometry": { "type": "Polygon", "coordinates": [ [ [ 1263093.896874761208892, 5541069.404702704399824 ], [ 1263193.896874761208892, 5541069.404702704399824 ], [ 1263193.896874761208892, 5540969.404702704399824 ], [ 1263093.896874761208892, 5540969.404702704399824 ], [ 1263093.896874761208892, 5541069.404702704399824 ] ] ] } },
{ "type": "Feature", "properties": { "id": 803, "left": 1263093.8968747612, "top": 5540969.4047027044, "right": 1263193.8968747612, "bottom": 5540869.4047027044, "row_index": 32, "col_index": 22, "Union_area": 781.87193406862207, "Union_pc": 7.8187193406745701, "rifter_edif_pl_area": 1689.2176465857774, "rifter_edif_pl_pc": 16.892176465832602, "aree-stradali-modified_area": 3419.2613415978849, "aree-stradali-modified_pc": 34.192613415927894, "Single parts_area": 1412.6685175634921, "Single parts_pc": 14.12668517561387, "Dissolved_area": 0.0, "Dissolved_pc": 0.0, "free_space_number": 4.0 }, "geometry": { "type": "Polygon", "coordinates": [ [ [ 1263093.896874761208892, 5540969.404702704399824 ], [ 1263193.896874761208892, 5540969.404702704399824 ], [ 1263193.896874761208892, 5540869.404702704399824 ], [ 1263093.896874761208892, 5540869.404702704399824 ], [ 1263093.896874761208892, 5540969.404702704399824 ] ] ] } },
{ "type": "Feature", "properties": { "id": 830, "left": 1263193.8968747612, "top": 5541769.4047027044, "right": 1263293.8968747612, "bottom": 5541669.4047027044, "row_index": 24, "col_index": 23, "Union_area": 92.719117792323232, "Union_pc": 0.92719117792185068, "rifter_edif_pl_area": 5341.1204250808805, "rifter_edif_pl_pc": 53.411204250729213, "aree-stradali-modified_area": 2417.3406594619155, "aree-stradali-modified_pc": 24.173406594583135, "Single parts_area": 2149.7654950961296, "Single parts_pc": 21.497654950929263, "Dissolved_area": 0.0, "Dissolved_pc": 0.0, "free_space_number": 13.0 }, "geometry": { "type": "Polygon", "coordinates": [ [ [ 1263193.896874761208892, 5541769.404702704399824 ], [ 1263293.896874761208892, 5541769.404702704399824 ], [ 1263293.896874761208892, 5541669.404702704399824 ], [ 1263193.896874761208892, 5541669.404702704399824 ], [ 1263193.896874761208892, 5541769.404702704399824 ] ] ] } },
{ "type": "Feature", "properties": { "id": 831, "left": 1263193.8968747612, "top": 5541669.4047027044, "right": 1263293.8968747612, "bottom": 5541569.4047027044, "row_index": 25, "col_index": 23, "Union_area": 697.51349603384733, "Union_pc": 6.9751349603280799, "rifter_edif_pl_area": 6677.558136206062, "rifter_edif_pl_pc": 66.775581361961116, "aree-stradali-modified_area": 586.74631654843688, "aree-stradali-modified_pc": 5.867463165475626, "Single parts_area": 2042.433746353724, "Single parts_pc": 20.424337463506806, "Dissolved_area": 0.0, "Dissolved_pc": 0.0, "free_space_number": 19.0 }, "geometry": { "type": "Polygon", "coordinates": [ [ [ 1263193.896874761208892, 5541669.404702704399824 ], [ 1263293.896874761208892, 5541669.404702704399824 ], [ 1263293.896874761208892, 5541569.404702704399824 ], [ 1263193.896874761208892, 5541569.404702704399824 ], [ 1263193.896874761208892, 5541669.404702704399824 ] ] ] } },
{ "type": "Feature", "properties": { "id": 832, "left": 1263193.8968747612, "top": 5541569.4047027044, "right": 1263293.8968747612, "bottom": 5541469.4047027044, "row_index": 26, "col_index": 23, "Union_area": 291.1937013566494, "Union_pc": 2.911937013562155, "rifter_edif_pl_area": 7873.9464907497168, "rifter_edif_pl_pc": 78.73946490737984, "aree-stradali-modified_area": 0.0, "aree-stradali-modified_pc": 0.0, "Single parts_area": 1834.9799828620162, "Single parts_pc": 18.349799828592818, "Dissolved_area": 0.0, "Dissolved_pc": 0.0, "free_space_number": 10.0 }, "geometry": { "type": "Polygon", "coordinates": [ [ [ 1263193.896874761208892, 5541569.404702704399824 ], [ 1263293.896874761208892, 5541569.404702704399824 ], [ 1263293.896874761208892, 5541469.404702704399824 ], [ 1263193.896874761208892, 5541469.404702704399824 ], [ 1263193.896874761208892, 5541569.404702704399824 ] ] ] } },
{ "type": "Feature", "properties": { "id": 833, "left": 1263193.8968747612, "top": 5541469.4047027044, "right": 1263293.8968747612, "bottom": 5541369.4047027044, "row_index": 27, "col_index": 23, "Union_area": 0.0, "Union_pc": 0.0, "rifter_edif_pl_area": 7022.6951831281185, "rifter_edif_pl_pc": 70.226951831176535, "aree-stradali-modified_area": 1522.8710880158469, "aree-stradali-modified_pc": 15.228710880135777, "Single parts_area": 1454.5834394178573, "Single parts_pc": 14.5458343941569, "Dissolved_area": 0.0, "Dissolved_pc": 0.0, "free_space_number": 8.0 }, "geometry": { "type": "Polygon", "coordinates": [ [ [ 1263193.896874761208892, 5541469.404702704399824 ], [ 1263293.896874761208892, 5541469.404702704399824 ], [ 1263293.896874761208892, 5541369.404702704399824 ], [ 1263193.896874761208892, 5541369.404702704399824 ], [ 1263193.896874761208892, 5541469.404702704399824 ] ] ] } },
{ "type": "Feature", "properties": { "id": 834, "left": 1263193.8968747612, "top": 5541369.4047027044, "right": 1263293.8968747612, "bottom": 5541269.4047027044, "row_index": 28, "col_index": 23, "Union_area": 668.57972968742251, "Union_pc": 6.6857972968642629, "rifter_edif_pl_area": 6191.1842892356217, "rifter_edif_pl_pc": 61.911842892263962, "aree-stradali-modified_area": 2304.4272081144154, "aree-stradali-modified_pc": 23.044272081109817, "Single parts_area": 841.6082159606467, "Single parts_pc": 8.416082159593925, "Dissolved_area": 0.0, "Dissolved_pc": 0.0, "free_space_number": 22.0 }, "geometry": { "type": "Polygon", "coordinates": [ [ [ 1263193.896874761208892, 5541369.404702704399824 ], [ 1263293.896874761208892, 5541369.404702704399824 ], [ 1263293.896874761208892, 5541269.404702704399824 ], [ 1263193.896874761208892, 5541269.404702704399824 ], [ 1263193.896874761208892, 5541369.404702704399824 ] ] ] } },
{ "type": "Feature", "properties": { "id": 835, "left": 1263193.8968747612, "top": 5541269.4047027044, "right": 1263293.8968747612, "bottom": 5541169.4047027044, "row_index": 29, "col_index": 23, "Union_area": 585.19038697332144, "Union_pc": 5.8519038697244943, "rifter_edif_pl_area": 6285.8551994222798, "rifter_edif_pl_pc": 62.85855199412913, "aree-stradali-modified_area": 1472.7516482919455, "aree-stradali-modified_pc": 14.727516482897508, "Single parts_area": 1731.6944407789106, "Single parts_pc": 17.316944407763302, "Dissolved_area": 0.0, "Dissolved_pc": 0.0, "free_space_number": 18.0 }, "geometry": { "type": "Polygon", "coordinates": [ [ [ 1263193.896874761208892, 5541269.404702704399824 ], [ 1263293.896874761208892, 5541269.404702704399824 ], [ 1263293.896874761208892, 5541169.404702704399824 ], [ 1263193.896874761208892, 5541169.404702704399824 ], [ 1263193.896874761208892, 5541269.404702704399824 ] ] ] } },
{ "type": "Feature", "properties": { "id": 836, "left": 1263193.8968747612, "top": 5541169.4047027044, "right": 1263293.8968747612, "bottom": 5541069.4047027044, "row_index": 30, "col_index": 23, "Union_area": 578.99061272095423, "Union_pc": 5.7899061272009149, "rifter_edif_pl_area": 6051.5513760298491, "rifter_edif_pl_pc": 60.515513760208314, "aree-stradali-modified_area": 2191.2952656373382, "aree-stradali-modified_pc": 21.912952656340728, "Single parts_area": 1179.4043349998331, "Single parts_pc": 11.794043349980756, "Dissolved_area": 0.0, "Dissolved_pc": 0.0, "free_space_number": 18.0 }, "geometry": { "type": "Polygon", "coordinates": [ [ [ 1263193.896874761208892, 5541169.404702704399824 ], [ 1263293.896874761208892, 5541169.404702704399824 ], [ 1263293.896874761208892, 5541069.404702704399824 ], [ 1263193.896874761208892, 5541069.404702704399824 ], [ 1263193.896874761208892, 5541169.404702704399824 ] ] ] } },
{ "type": "Feature", "properties": { "id": 837, "left": 1263193.8968747612, "top": 5541069.4047027044, "right": 1263293.8968747612, "bottom": 5540969.4047027044, "row_index": 31, "col_index": 23, "Union_area": 11.690846901386976, "Union_pc": 0.11690846901369556, "rifter_edif_pl_area": 5392.3559760740027, "rifter_edif_pl_pc": 53.923559760659671, "aree-stradali-modified_area": 2791.6190503686666, "aree-stradali-modified_pc": 27.916190503645069, "Single parts_area": 1804.3469738082779, "Single parts_pc": 18.043469738055894, "Dissolved_area": 0.0, "Dissolved_pc": 0.0, "free_space_number": 12.0 }, "geometry": { "type": "Polygon", "coordinates": [ [ [ 1263193.896874761208892, 5541069.404702704399824 ], [ 1263293.896874761208892, 5541069.404702704399824 ], [ 1263293.896874761208892, 5540969.404702704399824 ], [ 1263193.896874761208892, 5540969.404702704399824 ], [ 1263193.896874761208892, 5541069.404702704399824 ] ] ] } },
{ "type": "Feature", "properties": { "id": 838, "left": 1263193.8968747612, "top": 5540969.4047027044, "right": 1263293.8968747612, "bottom": 5540869.4047027044, "row_index": 32, "col_index": 23, "Union_area": 1904.0793495669204, "Union_pc": 19.04079349564083, "rifter_edif_pl_area": 1811.4826351557858, "rifter_edif_pl_pc": 18.114826351530866, "aree-stradali-modified_area": 1616.9151032194495, "aree-stradali-modified_pc": 16.169151032170401, "Single parts_area": 828.96815598456783, "Single parts_pc": 8.2896815598333262, "Dissolved_area": 0.0, "Dissolved_pc": 0.0, "free_space_number": 12.0 }, "geometry": { "type": "Polygon", "coordinates": [ [ [ 1263193.896874761208892, 5540969.404702704399824 ], [ 1263293.896874761208892, 5540969.404702704399824 ], [ 1263293.896874761208892, 5540869.404702704399824 ], [ 1263193.896874761208892, 5540869.404702704399824 ], [ 1263193.896874761208892, 5540969.404702704399824 ] ] ] } },
{ "type": "Feature", "properties": { "id": 839, "left": 1263193.8968747612, "top": 5540869.4047027044, "right": 1263293.8968747612, "bottom": 5540769.4047027044, "row_index": 33, "col_index": 23, "Union_area": 965.36651255981997, "Union_pc": 9.6536651255838137, "rifter_edif_pl_area": 5102.049793459475, "rifter_edif_pl_pc": 51.020497934518723, "aree-stradali-modified_area": 2070.7253917716444, "aree-stradali-modified_pc": 20.707253917685588, "Single parts_area": 250.62664673133077, "Single parts_pc": 2.5062664673095729, "Dissolved_area": 0.0, "Dissolved_pc": 0.0, "free_space_number": 8.0 }, "geometry": { "type": "Polygon", "coordinates": [ [ [ 1263193.896874761208892, 5540869.404702704399824 ], [ 1263293.896874761208892, 5540869.404702704399824 ], [ 1263293.896874761208892, 5540769.404702704399824 ], [ 1263193.896874761208892, 5540769.404702704399824 ], [ 1263193.896874761208892, 5540869.404702704399824 ] ] ] } },
{ "type": "Feature", "properties": { "id": 866, "left": 1263293.8968747612, "top": 5541669.4047027044, "right": 1263393.8968747612, "bottom": 5541569.4047027044, "row_index": 25, "col_index": 24, "Union_area": 11.946780059486628, "Union_pc": 0.11946780059468826, "rifter_edif_pl_area": 6005.2065105526708, "rifter_edif_pl_pc": 60.052065105437222, "aree-stradali-modified_area": 607.96306837536395, "aree-stradali-modified_pc": 6.0796306837445799, "Single parts_area": 3376.8915504869647, "Single parts_pc": 33.768915504819326, "Dissolved_area": 0.0, "Dissolved_pc": 0.0, "free_space_number": 11.0 }, "geometry": { "type": "Polygon", "coordinates": [ [ [ 1263293.896874761208892, 5541669.404702704399824 ], [ 1263393.896874761208892, 5541669.404702704399824 ], [ 1263393.896874761208892, 5541569.404702704399824 ], [ 1263293.896874761208892, 5541569.404702704399824 ], [ 1263293.896874761208892, 5541669.404702704399824 ] ] ] } },
{ "type": "Feature", "properties": { "id": 867, "left": 1263293.8968747612, "top": 5541569.4047027044, "right": 1263393.8968747612, "bottom": 5541469.4047027044, "row_index": 26, "col_index": 24, "Union_area": 460.6668415851891, "Union_pc": 4.6066684158450268, "rifter_edif_pl_area": 7019.9739125837223, "rifter_edif_pl_pc": 70.19973912573262, "aree-stradali-modified_area": 856.8081670938991, "aree-stradali-modified_pc": 8.5680816709262242, "Single parts_area": 1666.7528474491824, "Single parts_pc": 16.667528474466987, "Dissolved_area": 0.0, "Dissolved_pc": 0.0, "free_space_number": 13.0 }, "geometry": { "type": "Polygon", "coordinates": [ [ [ 1263293.896874761208892, 5541569.404702704399824 ], [ 1263393.896874761208892, 5541569.404702704399824 ], [ 1263393.896874761208892, 5541469.404702704399824 ], [ 1263293.896874761208892, 5541469.404702704399824 ], [ 1263293.896874761208892, 5541569.404702704399824 ] ] ] } },
{ "type": "Feature", "properties": { "id": 868, "left": 1263293.8968747612, "top": 5541469.4047027044, "right": 1263393.8968747612, "bottom": 5541369.4047027044, "row_index": 27, "col_index": 24, "Union_area": 0.0, "Union_pc": 0.0, "rifter_edif_pl_area": 7515.1530686016195, "rifter_edif_pl_pc": 75.151530685904206, "aree-stradali-modified_area": 1291.4102499196306, "aree-stradali-modified_pc": 12.914102499177062, "Single parts_area": 1200.0958467028436, "Single parts_pc": 12.000958467010554, "Dissolved_area": 0.0, "Dissolved_pc": 0.0, "free_space_number": 20.0 }, "geometry": { "type": "Polygon", "coordinates": [ [ [ 1263293.896874761208892, 5541469.404702704399824 ], [ 1263393.896874761208892, 5541469.404702704399824 ], [ 1263393.896874761208892, 5541369.404702704399824 ], [ 1263293.896874761208892, 5541369.404702704399824 ], [ 1263293.896874761208892, 5541469.404702704399824 ] ] ] } },
{ "type": "Feature", "properties": { "id": 869, "left": 1263293.8968747612, "top": 5541369.4047027044, "right": 1263393.8968747612, "bottom": 5541269.4047027044, "row_index": 28, "col_index": 24, "Union_area": 46.69290915937745, "Union_pc": 0.46692909159307872, "rifter_edif_pl_area": 6844.460757474415, "rifter_edif_pl_pc": 68.444607574642163, "aree-stradali-modified_area": 2376.1871139146388, "aree-stradali-modified_pc": 23.76187113911098, "Single parts_area": 744.88081992787522, "Single parts_pc": 7.4488081992676527, "Dissolved_area": 0.0, "Dissolved_pc": 0.0, "free_space_number": 16.0 }, "geometry": { "type": "Polygon", "coordinates": [ [ [ 1263293.896874761208892, 5541369.404702704399824 ], [ 1263393.896874761208892, 5541369.404702704399824 ], [ 1263393.896874761208892, 5541269.404702704399824 ], [ 1263293.896874761208892, 5541269.404702704399824 ], [ 1263293.896874761208892, 5541369.404702704399824 ] ] ] } },
{ "type": "Feature", "properties": { "id": 870, "left": 1263293.8968747612, "top": 5541269.4047027044, "right": 1263393.8968747612, "bottom": 5541169.4047027044, "row_index": 29, "col_index": 24, "Union_area": 2000.8854864127934, "Union_pc": 20.008854864098119, "rifter_edif_pl_area": 5616.444387456635, "rifter_edif_pl_pc": 56.164443874482657, "aree-stradali-modified_area": 1165.0524051934481, "aree-stradali-modified_pc": 11.65052405191712, "Single parts_area": 1223.7360747303583, "Single parts_pc": 12.237360747285347, "Dissolved_area": 0.0, "Dissolved_pc": 0.0, "free_space_number": 20.0 }, "geometry": { "type": "Polygon", "coordinates": [ [ [ 1263293.896874761208892, 5541269.404702704399824 ], [ 1263393.896874761208892, 5541269.404702704399824 ], [ 1263393.896874761208892, 5541169.404702704399824 ], [ 1263293.896874761208892, 5541169.404702704399824 ], [ 1263293.896874761208892, 5541269.404702704399824 ] ] ] } },
{ "type": "Feature", "properties": { "id": 871, "left": 1263293.8968747612, "top": 5541169.4047027044, "right": 1263393.8968747612, "bottom": 5541069.4047027044, "row_index": 30, "col_index": 24, "Union_area": 649.81387399509549, "Union_pc": 6.4981387399412718, "rifter_edif_pl_area": 6812.1832225096878, "rifter_edif_pl_pc": 68.121832224995373, "aree-stradali-modified_area": 1157.8715363554657, "aree-stradali-modified_pc": 11.578715363537404, "Single parts_area": 1380.4112716478792, "Single parts_pc": 13.804112716458221, "Dissolved_area": 0.0, "Dissolved_pc": 0.0, "free_space_number": 31.0 }, "geometry": { "type": "Polygon", "coordinates": [ [ [ 1263293.896874761208892, 5541169.404702704399824 ], [ 1263393.896874761208892, 5541169.404702704399824 ], [ 1263393.896874761208892, 5541069.404702704399824 ], [ 1263293.896874761208892, 5541069.404702704399824 ], [ 1263293.896874761208892, 5541169.404702704399824 ] ] ] } },
{ "type": "Feature", "properties": { "id": 872, "left": 1263293.8968747612, "top": 5541069.4047027044, "right": 1263393.8968747612, "bottom": 5540969.4047027044, "row_index": 31, "col_index": 24, "Union_area": 2884.7603262891062, "Union_pc": 28.847603262848075, "rifter_edif_pl_area": 5129.5594129738165, "rifter_edif_pl_pc": 51.29559412966173, "aree-stradali-modified_area": 83.662134537473321, "aree-stradali-modified_pc": 0.83662134537348654, "Single parts_area": 2004.453864561719, "Single parts_pc": 20.04453864558732, "Dissolved_area": 0.0, "Dissolved_pc": 0.0, "free_space_number": 24.0 }, "geometry": { "type": "Polygon", "coordinates": [ [ [ 1263293.896874761208892, 5541069.404702704399824 ], [ 1263393.896874761208892, 5541069.404702704399824 ], [ 1263393.896874761208892, 5540969.404702704399824 ], [ 1263293.896874761208892, 5540969.404702704399824 ], [ 1263293.896874761208892, 5541069.404702704399824 ] ] ] } },
{ "type": "Feature", "properties": { "id": 873, "left": 1263293.8968747612, "top": 5540969.4047027044, "right": 1263393.8968747612, "bottom": 5540869.4047027044, "row_index": 32, "col_index": 24, "Union_area": 777.89958001347259, "Union_pc": 7.7789958001231341, "rifter_edif_pl_area": 4196.2058118800633, "rifter_edif_pl_pc": 41.962058118738106, "aree-stradali-modified_area": 3089.0778598869219, "aree-stradali-modified_pc": 30.890778598823189, "Single parts_area": 1941.4357543325566, "Single parts_pc": 19.414357543296639, "Dissolved_area": 0.0, "Dissolved_pc": 0.0, "free_space_number": 16.0 }, "geometry": { "type": "Polygon", "coordinates": [ [ [ 1263293.896874761208892, 5540969.404702704399824 ], [ 1263393.896874761208892, 5540969.404702704399824 ], [ 1263393.896874761208892, 5540869.404702704399824 ], [ 1263293.896874761208892, 5540869.404702704399824 ], [ 1263293.896874761208892, 5540969.404702704399824 ] ] ] } },
{ "type": "Feature", "properties": { "id": 874, "left": 1263293.8968747612, "top": 5540869.4047027044, "right": 1263393.8968747612, "bottom": 5540769.4047027044, "row_index": 33, "col_index": 24, "Union_area": 1784.8015906093642, "Union_pc": 17.848015906067047, "rifter_edif_pl_area": 1637.0198843227699, "rifter_edif_pl_pc": 16.370198843203305, "aree-stradali-modified_area": 7558.5317258182913, "aree-stradali-modified_pc": 75.585317258070276, "Single parts_area": 499.88265826879535, "Single parts_pc": 4.9988265826805049, "Dissolved_area": 0.0, "Dissolved_pc": 0.0, "free_space_number": 5.0 }, "geometry": { "type": "Polygon", "coordinates": [ [ [ 1263293.896874761208892, 5540869.404702704399824 ], [ 1263393.896874761208892, 5540869.404702704399824 ], [ 1263393.896874761208892, 5540769.404702704399824 ], [ 1263293.896874761208892, 5540769.404702704399824 ], [ 1263293.896874761208892, 5540869.404702704399824 ] ] ] } },
{ "type": "Feature", "properties": { "id": 902, "left": 1263393.8968747612, "top": 5541569.4047027044, "right": 1263493.8968747612, "bottom": 5541469.4047027044, "row_index": 26, "col_index": 25, "Union_area": 0.0, "Union_pc": 0.0, "rifter_edif_pl_area": 6754.6700743554975, "rifter_edif_pl_pc": 67.546700743454323, "aree-stradali-modified_area": 1566.360632929951, "aree-stradali-modified_pc": 15.663606329276169, "Single parts_area": 1679.0468220779751, "Single parts_pc": 16.790468220754732, "Dissolved_area": 0.0, "Dissolved_pc": 0.0, "free_space_number": 26.0 }, "geometry": { "type": "Polygon", "coordinates": [ [ [ 1263393.896874761208892, 5541569.404702704399824 ], [ 1263493.896874761208892, 5541569.404702704399824 ], [ 1263493.896874761208892, 5541469.404702704399824 ], [ 1263393.896874761208892, 5541469.404702704399824 ], [ 1263393.896874761208892, 5541569.404702704399824 ] ] ] } },
{ "type": "Feature", "properties": { "id": 903, "left": 1263393.8968747612, "top": 5541469.4047027044, "right": 1263493.8968747612, "bottom": 5541369.4047027044, "row_index": 27, "col_index": 25, "Union_area": 1436.1919521838427, "Union_pc": 14.361919521817025, "rifter_edif_pl_area": 5648.1821472491138, "rifter_edif_pl_pc": 56.48182147240697, "aree-stradali-modified_area": 1080.6814801804721, "aree-stradali-modified_pc": 10.806814801788619, "Single parts_area": 1840.9452146171188, "Single parts_pc": 18.409452146143757, "Dissolved_area": 0.0, "Dissolved_pc": 0.0, "free_space_number": 19.0 }, "geometry": { "type": "Polygon", "coordinates": [ [ [ 1263393.896874761208892, 5541469.404702704399824 ], [ 1263493.896874761208892, 5541469.404702704399824 ], [ 1263493.896874761208892, 5541369.404702704399824 ], [ 1263393.896874761208892, 5541369.404702704399824 ], [ 1263393.896874761208892, 5541469.404702704399824 ] ] ] } },
{ "type": "Feature", "properties": { "id": 904, "left": 1263393.8968747612, "top": 5541369.4047027044, "right": 1263493.8968747612, "bottom": 5541269.4047027044, "row_index": 28, "col_index": 25, "Union_area": 1188.6279909736477, "Union_pc": 11.886279909718764, "rifter_edif_pl_area": 5455.6178722959012, "rifter_edif_pl_pc": 54.556178722877718, "aree-stradali-modified_area": 876.84812186285853, "aree-stradali-modified_pc": 8.7684812186155199, "Single parts_area": 2484.7622991927069, "Single parts_pc": 24.847622991890045, "Dissolved_area": 0.0, "Dissolved_pc": 0.0, "free_space_number": 12.0 }, "geometry": { "type": "Polygon", "coordinates": [ [ [ 1263393.896874761208892, 5541369.404702704399824 ], [ 1263493.896874761208892, 5541369.404702704399824 ], [ 1263493.896874761208892, 5541269.404702704399824 ], [ 1263393.896874761208892, 5541269.404702704399824 ], [ 1263393.896874761208892, 5541369.404702704399824 ] ] ] } },
{ "type": "Feature", "properties": { "id": 905, "left": 1263393.8968747612, "top": 5541269.4047027044, "right": 1263493.8968747612, "bottom": 5541169.4047027044, "row_index": 29, "col_index": 25, "Union_area": 5634.8106452077627, "Union_pc": 56.348106451993665, "rifter_edif_pl_area": 3351.4599779653363, "rifter_edif_pl_pc": 33.514599779603422, "aree-stradali-modified_area": 453.280771009624, "aree-stradali-modified_pc": 4.5328077100894859, "Single parts_area": 610.74595695396556, "Single parts_pc": 6.1074595695305547, "Dissolved_area": 0.0, "Dissolved_pc": 0.0, "free_space_number": 21.0 }, "geometry": { "type": "Polygon", "coordinates": [ [ [ 1263393.896874761208892, 5541269.404702704399824 ], [ 1263493.896874761208892, 5541269.404702704399824 ], [ 1263493.896874761208892, 5541169.404702704399824 ], [ 1263393.896874761208892, 5541169.404702704399824 ], [ 1263393.896874761208892, 5541269.404702704399824 ] ] ] } },
{ "type": "Feature", "properties": { "id": 906, "left": 1263393.8968747612, "top": 5541169.4047027044, "right": 1263493.8968747612, "bottom": 5541069.4047027044, "row_index": 30, "col_index": 25, "Union_area": 2042.5139279891737, "Union_pc": 20.425139279861302, "rifter_edif_pl_area": 5398.8867319806013, "rifter_edif_pl_pc": 53.988867319725564, "aree-stradali-modified_area": 1421.8481390653178, "aree-stradali-modified_pc": 14.218481390631991, "Single parts_area": 1323.067123961011, "Single parts_pc": 13.230671239590395, "Dissolved_area": 0.0, "Dissolved_pc": 0.0, "free_space_number": 25.0 }, "geometry": { "type": "Polygon", "coordinates": [ [ [ 1263393.896874761208892, 5541169.404702704399824 ], [ 1263493.896874761208892, 5541169.404702704399824 ], [ 1263493.896874761208892, 5541069.404702704399824 ], [ 1263393.896874761208892, 5541069.404702704399824 ], [ 1263393.896874761208892, 5541169.404702704399824 ] ] ] } },
{ "type": "Feature", "properties": { "id": 907, "left": 1263393.8968747612, "top": 5541069.4047027044, "right": 1263493.8968747612, "bottom": 5540969.4047027044, "row_index": 31, "col_index": 25, "Union_area": 787.32842285046354, "Union_pc": 7.8732842284929037, "rifter_edif_pl_area": 6246.3960529910983, "rifter_edif_pl_pc": 62.463960529817903, "aree-stradali-modified_area": 1228.7336919419467, "aree-stradali-modified_pc": 12.287336919401158, "Single parts_area": 1793.763608367088, "Single parts_pc": 17.937636083644151, "Dissolved_area": 0.0, "Dissolved_pc": 0.0, "free_space_number": 14.0 }, "geometry": { "type": "Polygon", "coordinates": [ [ [ 1263393.896874761208892, 5541069.404702704399824 ], [ 1263493.896874761208892, 5541069.404702704399824 ], [ 1263493.896874761208892, 5540969.404702704399824 ], [ 1263393.896874761208892, 5540969.404702704399824 ], [ 1263393.896874761208892, 5541069.404702704399824 ] ] ] } },
{ "type": "Feature", "properties": { "id": 908, "left": 1263393.8968747612, "top": 5540969.4047027044, "right": 1263493.8968747612, "bottom": 5540869.4047027044, "row_index": 32, "col_index": 25, "Union_area": 4477.971080054529, "Union_pc": 44.779710800478561, "rifter_edif_pl_area": 3527.9108449961059, "rifter_edif_pl_pc": 35.279108449908492, "aree-stradali-modified_area": 417.3406883738935, "aree-stradali-modified_pc": 4.1734068837327163, "Single parts_area": 1651.0069850292057, "Single parts_pc": 16.510069850267456, "Dissolved_area": 0.0, "Dissolved_pc": 0.0, "free_space_number": 10.0 }, "geometry": { "type": "Polygon", "coordinates": [ [ [ 1263393.896874761208892, 5540969.404702704399824 ], [ 1263493.896874761208892, 5540969.404702704399824 ], [ 1263493.896874761208892, 5540869.404702704399824 ], [ 1263393.896874761208892, 5540869.404702704399824 ], [ 1263393.896874761208892, 5540969.404702704399824 ] ] ] } },
{ "type": "Feature", "properties": { "id": 909, "left": 1263393.8968747612, "top": 5540869.4047027044, "right": 1263493.8968747612, "bottom": 5540769.4047027044, "row_index": 33, "col_index": 25, "Union_area": 7805.9184468896128, "Union_pc": 78.059184468779804, "rifter_edif_pl_area": 272.0787884555757, "rifter_edif_pl_pc": 2.7207878845517026, "aree-stradali-modified_area": 4220.9276803918183, "aree-stradali-modified_pc": 42.209276803855289, "Single parts_area": 510.64142254553008, "Single parts_pc": 5.1064142254476916, "Dissolved_area": 0.0, "Dissolved_pc": 0.0, "free_space_number": 3.0 }, "geometry": { "type": "Polygon", "coordinates": [ [ [ 1263393.896874761208892, 5540869.404702704399824 ], [ 1263493.896874761208892, 5540869.404702704399824 ], [ 1263493.896874761208892, 5540769.404702704399824 ], [ 1263393.896874761208892, 5540769.404702704399824 ], [ 1263393.896874761208892, 5540869.404702704399824 ] ] ] } },
{ "type": "Feature", "properties": { "id": 937, "left": 1263493.8968747612, "top": 5541569.4047027044, "right": 1263593.8968747612, "bottom": 5541469.4047027044, "row_index": 26, "col_index": 26, "Union_area": 0.0, "Union_pc": 0.0, "rifter_edif_pl_area": 6563.9402476558462, "rifter_edif_pl_pc": 65.639402476460646, "aree-stradali-modified_area": 2161.543364174664, "aree-stradali-modified_pc": 21.615433641714432, "Single parts_area": 1274.5360052181793, "Single parts_pc": 12.745360052162802, "Dissolved_area": 0.0, "Dissolved_pc": 0.0, "free_space_number": 16.0 }, "geometry": { "type": "Polygon", "coordinates": [ [ [ 1263493.896874761208892, 5541569.404702704399824 ], [ 1263593.896874761208892, 5541569.404702704399824 ], [ 1263593.896874761208892, 5541469.404702704399824 ], [ 1263493.896874761208892, 5541469.404702704399824 ], [ 1263493.896874761208892, 5541569.404702704399824 ] ] ] } },
{ "type": "Feature", "properties": { "id": 938, "left": 1263493.8968747612, "top": 5541469.4047027044, "right": 1263593.8968747612, "bottom": 5541369.4047027044, "row_index": 27, "col_index": 26, "Union_area": 2647.6221597632393, "Union_pc": 26.476221597592939, "rifter_edif_pl_area": 5979.8652605265379, "rifter_edif_pl_pc": 59.798652605176272, "aree-stradali-modified_area": 53.908377934247255, "aree-stradali-modified_pc": 0.53908377934166929, "Single parts_area": 1343.2471620711765, "Single parts_pc": 13.43247162069175, "Dissolved_area": 0.0, "Dissolved_pc": 0.0, "free_space_number": 15.0 }, "geometry": { "type": "Polygon", "coordinates": [ [ [ 1263493.896874761208892, 5541469.404702704399824 ], [ 1263593.896874761208892, 5541469.404702704399824 ], [ 1263593.896874761208892, 5541369.404702704399824 ], [ 1263493.896874761208892, 5541369.404702704399824 ], [ 1263493.896874761208892, 5541469.404702704399824 ] ] ] } },
{ "type": "Feature", "properties": { "id": 939, "left": 1263493.8968747612, "top": 5541369.4047027044, "right": 1263593.8968747612, "bottom": 5541269.4047027044, "row_index": 28, "col_index": 26, "Union_area": 5009.8909770450555, "Union_pc": 50.098909770375904, "rifter_edif_pl_area": 2285.6238750112243, "rifter_edif_pl_pc": 22.856238750078184, "aree-stradali-modified_area": 85.310521067120135, "aree-stradali-modified_pc": 0.85310521066993017, "Single parts_area": 2631.7817214517418, "Single parts_pc": 26.3178172144782, "Dissolved_area": 0.0, "Dissolved_pc": 0.0, "free_space_number": 11.0 }, "geometry": { "type": "Polygon", "coordinates": [ [ [ 1263493.896874761208892, 5541369.404702704399824 ], [ 1263593.896874761208892, 5541369.404702704399824 ], [ 1263593.896874761208892, 5541269.404702704399824 ], [ 1263493.896874761208892, 5541269.404702704399824 ], [ 1263493.896874761208892, 5541369.404702704399824 ] ] ] } },
{ "type": "Feature", "properties": { "id": 940, "left": 1263493.8968747612, "top": 5541269.4047027044, "right": 1263593.8968747612, "bottom": 5541169.4047027044, "row_index": 29, "col_index": 26, "Union_area": 418.75053049996495, "Union_pc": 4.1875053049934099, "rifter_edif_pl_area": 6313.6447718096897, "rifter_edif_pl_pc": 63.136447718002813, "aree-stradali-modified_area": 1920.8170132897794, "aree-stradali-modified_pc": 19.208170132869171, "Single parts_area": 1350.9365133750689, "Single parts_pc": 13.509365133730558, "Dissolved_area": 0.0, "Dissolved_pc": 0.0, "free_space_number": 17.0 }, "geometry": { "type": "Polygon", "coordinates": [ [ [ 1263493.896874761208892, 5541269.404702704399824 ], [ 1263593.896874761208892, 5541269.404702704399824 ], [ 1263593.896874761208892, 5541169.404702704399824 ], [ 1263493.896874761208892, 5541169.404702704399824 ], [ 1263493.896874761208892, 5541269.404702704399824 ] ] ] } },
{ "type": "Feature", "properties": { "id": 941, "left": 1263493.8968747612, "top": 5541169.4047027044, "right": 1263593.8968747612, "bottom": 5541069.4047027044, "row_index": 30, "col_index": 26, "Union_area": 0.0, "Union_pc": 0.0, "rifter_edif_pl_area": 6047.4010608494282, "rifter_edif_pl_pc": 60.474010608404171, "aree-stradali-modified_area": 1052.6719735339284, "aree-stradali-modified_pc": 10.526719735323598, "Single parts_area": 2900.3655350772806, "Single parts_pc": 29.003655350729584, "Dissolved_area": 0.0, "Dissolved_pc": 0.0, "free_space_number": 11.0 }, "geometry": { "type": "Polygon", "coordinates": [ [ [ 1263493.896874761208892, 5541169.404702704399824 ], [ 1263593.896874761208892, 5541169.404702704399824 ], [ 1263593.896874761208892, 5541069.404702704399824 ], [ 1263493.896874761208892, 5541069.404702704399824 ], [ 1263493.896874761208892, 5541169.404702704399824 ] ] ] } },
{ "type": "Feature", "properties": { "id": 942, "left": 1263493.8968747612, "top": 5541069.4047027044, "right": 1263593.8968747612, "bottom": 5540969.4047027044, "row_index": 31, "col_index": 26, "Union_area": 896.74662514287047, "Union_pc": 8.9674662514153418, "rifter_edif_pl_area": 5979.1854077971075, "rifter_edif_pl_pc": 59.791854077881979, "aree-stradali-modified_area": 2044.3738349825144, "aree-stradali-modified_pc": 20.443738349794682, "Single parts_area": 1106.1396148858184, "Single parts_pc": 11.061396148841702, "Dissolved_area": 0.0, "Dissolved_pc": 0.0, "free_space_number": 11.0 }, "geometry": { "type": "Polygon", "coordinates": [ [ [ 1263493.896874761208892, 5541069.404702704399824 ], [ 1263593.896874761208892, 5541069.404702704399824 ], [ 1263593.896874761208892, 5540969.404702704399824 ], [ 1263493.896874761208892, 5540969.404702704399824 ], [ 1263493.896874761208892, 5541069.404702704399824 ] ] ] } },
{ "type": "Feature", "properties": { "id": 943, "left": 1263493.8968747612, "top": 5540969.4047027044, "right": 1263593.8968747612, "bottom": 5540869.4047027044, "row_index": 32, "col_index": 26, "Union_area": 1746.0946160554886, "Union_pc": 17.460946160528866, "rifter_edif_pl_area": 3797.052124574664, "rifter_edif_pl_pc": 37.970521245690058, "aree-stradali-modified_area": 1424.4147153496742, "aree-stradali-modified_pc": 14.244147153475517, "Single parts_area": 3083.8066585492343, "Single parts_pc": 30.838066585446391, "Dissolved_area": 0.0, "Dissolved_pc": 0.0, "free_space_number": 6.0 }, "geometry": { "type": "Polygon", "coordinates": [ [ [ 1263493.896874761208892, 5540969.404702704399824 ], [ 1263593.896874761208892, 5540969.404702704399824 ], [ 1263593.896874761208892, 5540869.404702704399824 ], [ 1263493.896874761208892, 5540869.404702704399824 ], [ 1263493.896874761208892, 5540969.404702704399824 ] ] ] } },
{ "type": "Feature", "properties": { "id": 944, "left": 1263493.8968747612, "top": 5540869.4047027044, "right": 1263593.8968747612, "bottom": 5540769.4047027044, "row_index": 33, "col_index": 26, "Union_area": 6732.6709579816088, "Union_pc": 67.326709579715768, "rifter_edif_pl_area": 1201.3887305110693, "rifter_edif_pl_pc": 12.013887305092791, "aree-stradali-modified_area": 4490.2675579637289, "aree-stradali-modified_pc": 44.902675579570378, "Single parts_area": 694.69253758579362, "Single parts_pc": 6.9469253758475844, "Dissolved_area": 0.0, "Dissolved_pc": 0.0, "free_space_number": 3.0 }, "geometry": { "type": "Polygon", "coordinates": [ [ [ 1263493.896874761208892, 5540869.404702704399824 ], [ 1263593.896874761208892, 5540869.404702704399824 ], [ 1263593.896874761208892, 5540769.404702704399824 ], [ 1263493.896874761208892, 5540769.404702704399824 ], [ 1263493.896874761208892, 5540869.404702704399824 ] ] ] } },
{ "type": "Feature", "properties": { "id": 971, "left": 1263593.8968747612, "top": 5541669.4047027044, "right": 1263693.8968747612, "bottom": 5541569.4047027044, "row_index": 25, "col_index": 27, "Union_area": 1296.0620540976524, "Union_pc": 12.960620540957212, "rifter_edif_pl_area": 5879.2116485950537, "rifter_edif_pl_pc": 58.792116485862927, "aree-stradali-modified_area": 1068.1524861007929, "aree-stradali-modified_pc": 10.681524860992011, "Single parts_area": 1787.5132717353511, "Single parts_pc": 17.875132717326874, "Dissolved_area": 0.0, "Dissolved_pc": 0.0, "free_space_number": 16.0 }, "geometry": { "type": "Polygon", "coordinates": [ [ [ 1263593.896874761208892, 5541669.404702704399824 ], [ 1263693.896874761208892, 5541669.404702704399824 ], [ 1263693.896874761208892, 5541569.404702704399824 ], [ 1263593.896874761208892, 5541569.404702704399824 ], [ 1263593.896874761208892, 5541669.404702704399824 ] ] ] } },
{ "type": "Feature", "properties": { "id": 972, "left": 1263593.8968747612, "top": 5541569.4047027044, "right": 1263693.8968747612, "bottom": 5541469.4047027044, "row_index": 26, "col_index": 27, "Union_area": 2269.697884824127, "Union_pc": 22.696978848207447, "rifter_edif_pl_area": 4743.071950532496, "rifter_edif_pl_pc": 47.430719505254281, "aree-stradali-modified_area": 49.383657637983561, "aree-stradali-modified_pc": 0.49383657637909972, "Single parts_area": 2952.5230899131357, "Single parts_pc": 29.525230899087362, "Dissolved_area": 0.0, "Dissolved_pc": 0.0, "free_space_number": 12.0 }, "geometry": { "type": "Polygon", "coordinates": [ [ [ 1263593.896874761208892, 5541569.404702704399824 ], [ 1263693.896874761208892, 5541569.404702704399824 ], [ 1263693.896874761208892, 5541469.404702704399824 ], [ 1263593.896874761208892, 5541469.404702704399824 ], [ 1263593.896874761208892, 5541569.404702704399824 ] ] ] } },
{ "type": "Feature", "properties": { "id": 973, "left": 1263593.8968747612, "top": 5541469.4047027044, "right": 1263693.8968747612, "bottom": 5541369.4047027044, "row_index": 27, "col_index": 27, "Union_area": 0.0, "Union_pc": 0.0, "rifter_edif_pl_area": 6955.0678531425074, "rifter_edif_pl_pc": 69.550678531321438, "aree-stradali-modified_area": 1804.2622465193272, "aree-stradali-modified_pc": 18.042622465166385, "Single parts_area": 1240.7201100488273, "Single parts_pc": 12.407201100469786, "Dissolved_area": 0.0, "Dissolved_pc": 0.0, "free_space_number": 14.0 }, "geometry": { "type": "Polygon", "coordinates": [ [ [ 1263593.896874761208892, 5541469.404702704399824 ], [ 1263693.896874761208892, 5541469.404702704399824 ], [ 1263693.896874761208892, 5541369.404702704399824 ], [ 1263593.896874761208892, 5541369.404702704399824 ], [ 1263593.896874761208892, 5541469.404702704399824 ] ] ] } },
{ "type": "Feature", "properties": { "id": 974, "left": 1263593.8968747612, "top": 5541369.4047027044, "right": 1263693.8968747612, "bottom": 5541269.4047027044, "row_index": 28, "col_index": 27, "Union_area": 715.22213986515999, "Union_pc": 7.1522213986409424, "rifter_edif_pl_area": 6217.4453967381269, "rifter_edif_pl_pc": 62.174453967288621, "aree-stradali-modified_area": 1414.7447559535503, "aree-stradali-modified_pc": 14.147447559514422, "Single parts_area": 1656.860308586638, "Single parts_pc": 16.568603085841691, "Dissolved_area": 0.0, "Dissolved_pc": 0.0, "free_space_number": 16.0 }, "geometry": { "type": "Polygon", "coordinates": [ [ [ 1263593.896874761208892, 5541369.404702704399824 ], [ 1263693.896874761208892, 5541369.404702704399824 ], [ 1263693.896874761208892, 5541269.404702704399824 ], [ 1263593.896874761208892, 5541269.404702704399824 ], [ 1263593.896874761208892, 5541369.404702704399824 ] ] ] } },
{ "type": "Feature", "properties": { "id": 975, "left": 1263593.8968747612, "top": 5541269.4047027044, "right": 1263693.8968747612, "bottom": 5541169.4047027044, "row_index": 29, "col_index": 27, "Union_area": 7192.3897501975298, "Union_pc": 71.923897501868126, "rifter_edif_pl_area": 2259.7405949858949, "rifter_edif_pl_pc": 22.597405949825276, "aree-stradali-modified_area": 0.0, "aree-stradali-modified_pc": 0.0, "Single parts_area": 558.73600217991043, "Single parts_pc": 5.5873600217907784, "Dissolved_area": 0.0, "Dissolved_pc": 0.0, "free_space_number": 14.0 }, "geometry": { "type": "Polygon", "coordinates": [ [ [ 1263593.896874761208892, 5541269.404702704399824 ], [ 1263693.896874761208892, 5541269.404702704399824 ], [ 1263693.896874761208892, 5541169.404702704399824 ], [ 1263593.896874761208892, 5541169.404702704399824 ], [ 1263593.896874761208892, 5541269.404702704399824 ] ] ] } },
{ "type": "Feature", "properties": { "id": 976, "left": 1263593.8968747612, "top": 5541169.4047027044, "right": 1263693.8968747612, "bottom": 5541069.4047027044, "row_index": 30, "col_index": 27, "Union_area": 1066.524600292556, "Union_pc": 10.665246002909667, "rifter_edif_pl_area": 4426.3013747159857, "rifter_edif_pl_pc": 44.2630137470939, "aree-stradali-modified_area": 563.87931910715997, "aree-stradali-modified_pc": 5.638793191063197, "Single parts_area": 3944.9722260678122, "Single parts_pc": 39.449722260619339, "Dissolved_area": 0.0, "Dissolved_pc": 0.0, "free_space_number": 7.0 }, "geometry": { "type": "Polygon", "coordinates": [ [ [ 1263593.896874761208892, 5541169.404702704399824 ], [ 1263693.896874761208892, 5541169.404702704399824 ], [ 1263693.896874761208892, 5541069.404702704399824 ], [ 1263593.896874761208892, 5541069.404702704399824 ], [ 1263593.896874761208892, 5541169.404702704399824 ] ] ] } },
{ "type": "Feature", "properties": { "id": 977, "left": 1263593.8968747612, "top": 5541069.4047027044, "right": 1263693.8968747612, "bottom": 5540969.4047027044, "row_index": 31, "col_index": 27, "Union_area": 741.36945894407108, "Union_pc": 7.4136945894296638, "rifter_edif_pl_area": 5644.6263923910446, "rifter_edif_pl_pc": 56.446263923826336, "aree-stradali-modified_area": 2060.9308908525854, "aree-stradali-modified_pc": 20.609308908495144, "Single parts_area": 1553.9403648437556, "Single parts_pc": 15.539403648414401, "Dissolved_area": 0.0, "Dissolved_pc": 0.0, "free_space_number": 12.0 }, "geometry": { "type": "Polygon", "coordinates": [ [ [ 1263593.896874761208892, 5541069.404702704399824 ], [ 1263693.896874761208892, 5541069.404702704399824 ], [ 1263693.896874761208892, 5540969.404702704399824 ], [ 1263593.896874761208892, 5540969.404702704399824 ], [ 1263593.896874761208892, 5541069.404702704399824 ] ] ] } },
{ "type": "Feature", "properties": { "id": 978, "left": 1263593.8968747612, "top": 5540969.4047027044, "right": 1263693.8968747612, "bottom": 5540869.4047027044, "row_index": 32, "col_index": 27, "Union_area": 2030.5814610207453, "Union_pc": 20.305814610177194, "rifter_edif_pl_area": 4737.9630505074747, "rifter_edif_pl_pc": 47.379630505004144, "aree-stradali-modified_area": 415.97499094903469, "aree-stradali-modified_pc": 4.1597499094841481, "Single parts_area": 2873.7343657855495, "Single parts_pc": 28.737343657812676, "Dissolved_area": 0.0, "Dissolved_pc": 0.0, "free_space_number": 13.0 }, "geometry": { "type": "Polygon", "coordinates": [ [ [ 1263593.896874761208892, 5540969.404702704399824 ], [ 1263693.896874761208892, 5540969.404702704399824 ], [ 1263693.896874761208892, 5540869.404702704399824 ], [ 1263593.896874761208892, 5540869.404702704399824 ], [ 1263593.896874761208892, 5540969.404702704399824 ] ] ] } },
{ "type": "Feature", "properties": { "id": 979, "left": 1263593.8968747612, "top": 5540869.4047027044, "right": 1263693.8968747612, "bottom": 5540769.4047027044, "row_index": 33, "col_index": 27, "Union_area": 4843.5802435684018, "Union_pc": 48.435802435611841, "rifter_edif_pl_area": 920.08582551591098, "rifter_edif_pl_pc": 9.2008582551454001, "aree-stradali-modified_area": 4158.09889677912, "aree-stradali-modified_pc": 41.58098896772924, "Single parts_area": 2792.5573202744126, "Single parts_pc": 27.925573202702513, "Dissolved_area": 0.0, "Dissolved_pc": 0.0, "free_space_number": 1.0 }, "geometry": { "type": "Polygon", "coordinates": [ [ [ 1263593.896874761208892, 5540869.404702704399824 ], [ 1263693.896874761208892, 5540869.404702704399824 ], [ 1263693.896874761208892, 5540769.404702704399824 ], [ 1263593.896874761208892, 5540769.404702704399824 ], [ 1263593.896874761208892, 5540869.404702704399824 ] ] ] } },
{ "type": "Feature", "properties": { "id": 1005, "left": 1263693.8968747612, "top": 5541769.4047027044, "right": 1263793.8968747612, "bottom": 5541669.4047027044, "row_index": 24, "col_index": 28, "Union_area": 1020.6083531938493, "Union_pc": 10.206083531923285, "rifter_edif_pl_area": 7118.5305364523083, "rifter_edif_pl_pc": 71.185305364417005, "aree-stradali-modified_area": 0.0, "aree-stradali-modified_pc": 0.0, "Single parts_area": 1886.9743862801988, "Single parts_pc": 18.86974386277387, "Dissolved_area": 0.0, "Dissolved_pc": 0.0, "free_space_number": 8.0 }, "geometry": { "type": "Polygon", "coordinates": [ [ [ 1263693.896874761208892, 5541769.404702704399824 ], [ 1263793.896874761208892, 5541769.404702704399824 ], [ 1263793.896874761208892, 5541669.404702704399824 ], [ 1263693.896874761208892, 5541669.404702704399824 ], [ 1263693.896874761208892, 5541769.404702704399824 ] ] ] } },
{ "type": "Feature", "properties": { "id": 1006, "left": 1263693.8968747612, "top": 5541669.4047027044, "right": 1263793.8968747612, "bottom": 5541569.4047027044, "row_index": 25, "col_index": 28, "Union_area": 47.07208458520472, "Union_pc": 0.47072084585134577, "rifter_edif_pl_area": 6758.0525861494243, "rifter_edif_pl_pc": 67.580525861393539, "aree-stradali-modified_area": 1532.8494683187455, "aree-stradali-modified_pc": 15.328494683164614, "Single parts_area": 1669.6722595009967, "Single parts_pc": 16.696722594985086, "Dissolved_area": 0.0, "Dissolved_pc": 0.0, "free_space_number": 13.0 }, "geometry": { "type": "Polygon", "coordinates": [ [ [ 1263693.896874761208892, 5541669.404702704399824 ], [ 1263793.896874761208892, 5541669.404702704399824 ], [ 1263793.896874761208892, 5541569.404702704399824 ], [ 1263693.896874761208892, 5541569.404702704399824 ], [ 1263693.896874761208892, 5541669.404702704399824 ] ] ] } },
{ "type": "Feature", "properties": { "id": 1007, "left": 1263693.8968747612, "top": 5541569.4047027044, "right": 1263793.8968747612, "bottom": 5541469.4047027044, "row_index": 26, "col_index": 28, "Union_area": 3889.7614001771435, "Union_pc": 38.897614001713471, "rifter_edif_pl_area": 4119.8812635149807, "rifter_edif_pl_pc": 41.198812635088416, "aree-stradali-modified_area": 292.38871119916439, "aree-stradali-modified_pc": 2.9238871119872871, "Single parts_area": 2003.9886887950706, "Single parts_pc": 20.039886887920844, "Dissolved_area": 0.0, "Dissolved_pc": 0.0, "free_space_number": 12.0 }, "geometry": { "type": "Polygon", "coordinates": [ [ [ 1263693.896874761208892, 5541569.404702704399824 ], [ 1263793.896874761208892, 5541569.404702704399824 ], [ 1263793.896874761208892, 5541469.404702704399824 ], [ 1263693.896874761208892, 5541469.404702704399824 ], [ 1263693.896874761208892, 5541569.404702704399824 ] ] ] } },
{ "type": "Feature", "properties": { "id": 1008, "left": 1263693.8968747612, "top": 5541469.4047027044, "right": 1263793.8968747612, "bottom": 5541369.4047027044, "row_index": 27, "col_index": 28, "Union_area": 2780.2994863549247, "Union_pc": 27.802994863507816, "rifter_edif_pl_area": 3862.462767072022, "rifter_edif_pl_pc": 38.624627670662662, "aree-stradali-modified_area": 0.0, "aree-stradali-modified_pc": 0.0, "Single parts_area": 3450.1963192600524, "Single parts_pc": 34.501963192549113, "Dissolved_area": 0.0, "Dissolved_pc": 0.0, "free_space_number": 8.0 }, "geometry": { "type": "Polygon", "coordinates": [ [ [ 1263693.896874761208892, 5541469.404702704399824 ], [ 1263793.896874761208892, 5541469.404702704399824 ], [ 1263793.896874761208892, 5541369.404702704399824 ], [ 1263693.896874761208892, 5541369.404702704399824 ], [ 1263693.896874761208892, 5541469.404702704399824 ] ] ] } },
{ "type": "Feature", "properties": { "id": 1009, "left": 1263693.8968747612, "top": 5541369.4047027044, "right": 1263793.8968747612, "bottom": 5541269.4047027044, "row_index": 28, "col_index": 28, "Union_area": 263.15084113832563, "Union_pc": 2.6315084113793352, "rifter_edif_pl_area": 6794.1962010199204, "rifter_edif_pl_pc": 67.941962010097967, "aree-stradali-modified_area": 1460.1574720116332, "aree-stradali-modified_pc": 14.601574720094574, "Single parts_area": 1483.3564844461102, "Single parts_pc": 14.833564844439, "Dissolved_area": 0.0, "Dissolved_pc": 0.0, "free_space_number": 23.0 }, "geometry": { "type": "Polygon", "coordinates": [ [ [ 1263693.896874761208892, 5541369.404702704399824 ], [ 1263793.896874761208892, 5541369.404702704399824 ], [ 1263793.896874761208892, 5541269.404702704399824 ], [ 1263693.896874761208892, 5541269.404702704399824 ], [ 1263693.896874761208892, 5541369.404702704399824 ] ] ] } },
{ "type": "Feature", "properties": { "id": 1010, "left": 1263693.8968747612, "top": 5541269.4047027044, "right": 1263793.8968747612, "bottom": 5541169.4047027044, "row_index": 29, "col_index": 28, "Union_area": 0.0, "Union_pc": 0.0, "rifter_edif_pl_area": 7017.3873127307743, "rifter_edif_pl_pc": 70.17387312720318, "aree-stradali-modified_area": 1495.0444461926818, "aree-stradali-modified_pc": 14.95044446190454, "Single parts_area": 1487.6758457490978, "Single parts_pc": 14.876758457468808, "Dissolved_area": 0.0, "Dissolved_pc": 0.0, "free_space_number": 14.0 }, "geometry": { "type": "Polygon", "coordinates": [ [ [ 1263693.896874761208892, 5541269.404702704399824 ], [ 1263793.896874761208892, 5541269.404702704399824 ], [ 1263793.896874761208892, 5541169.404702704399824 ], [ 1263693.896874761208892, 5541169.404702704399824 ], [ 1263693.896874761208892, 5541269.404702704399824 ] ] ] } },
{ "type": "Feature", "properties": { "id": 1011, "left": 1263693.8968747612, "top": 5541169.4047027044, "right": 1263793.8968747612, "bottom": 5541069.4047027044, "row_index": 30, "col_index": 28, "Union_area": 0.0, "Union_pc": 0.0, "rifter_edif_pl_area": 6457.2392403651029, "rifter_edif_pl_pc": 64.572392403554815, "aree-stradali-modified_area": 967.26710667461157, "aree-stradali-modified_pc": 9.6726710667317022, "Single parts_area": 2575.4936529411934, "Single parts_pc": 25.754936529373555, "Dissolved_area": 0.0, "Dissolved_pc": 0.0, "free_space_number": 15.0 }, "geometry": { "type": "Polygon", "coordinates": [ [ [ 1263693.896874761208892, 5541169.404702704399824 ], [ 1263793.896874761208892, 5541169.404702704399824 ], [ 1263793.896874761208892, 5541069.404702704399824 ], [ 1263693.896874761208892, 5541069.404702704399824 ], [ 1263693.896874761208892, 5541169.404702704399824 ] ] ] } },
{ "type": "Feature", "properties": { "id": 1012, "left": 1263693.8968747612, "top": 5541069.4047027044, "right": 1263793.8968747612, "bottom": 5540969.4047027044, "row_index": 31, "col_index": 28, "Union_area": 2662.8610876505263, "Union_pc": 26.628610876465583, "rifter_edif_pl_area": 3088.0527954399586, "rifter_edif_pl_pc": 30.880527954353571, "aree-stradali-modified_area": 316.78385870251805, "aree-stradali-modified_pc": 3.16783858702046, "Single parts_area": 3932.8248038506727, "Single parts_pc": 39.328248038448123, "Dissolved_area": 0.0, "Dissolved_pc": 0.0, "free_space_number": 7.0 }, "geometry": { "type": "Polygon", "coordinates": [ [ [ 1263693.896874761208892, 5541069.404702704399824 ], [ 1263793.896874761208892, 5541069.404702704399824 ], [ 1263793.896874761208892, 5540969.404702704399824 ], [ 1263693.896874761208892, 5540969.404702704399824 ], [ 1263693.896874761208892, 5541069.404702704399824 ] ] ] } },
{ "type": "Feature", "properties": { "id": 1013, "left": 1263693.8968747612, "top": 5540969.4047027044, "right": 1263793.8968747612, "bottom": 5540869.4047027044, "row_index": 32, "col_index": 28, "Union_area": 478.3748626280576, "Union_pc": 4.7837486262734474, "rifter_edif_pl_area": 6273.0365048516542, "rifter_edif_pl_pc": 62.730365048423067, "aree-stradali-modified_area": 1612.7676518447697, "aree-stradali-modified_pc": 16.127676518423666, "Single parts_area": 1636.9127163889636, "Single parts_pc": 16.369127163865244, "Dissolved_area": 0.0, "Dissolved_pc": 0.0, "free_space_number": 12.0 }, "geometry": { "type": "Polygon", "coordinates": [ [ [ 1263693.896874761208892, 5540969.404702704399824 ], [ 1263793.896874761208892, 5540969.404702704399824 ], [ 1263793.896874761208892, 5540869.404702704399824 ], [ 1263693.896874761208892, 5540869.404702704399824 ], [ 1263693.896874761208892, 5540969.404702704399824 ] ] ] } },
{ "type": "Feature", "properties": { "id": 1014, "left": 1263693.8968747612, "top": 5540869.4047027044, "right": 1263793.8968747612, "bottom": 5540769.4047027044, "row_index": 33, "col_index": 28, "Union_area": 3528.7401368720457, "Union_pc": 35.287401368667872, "rifter_edif_pl_area": 2229.9265230912715, "rifter_edif_pl_pc": 22.299265230879488, "aree-stradali-modified_area": 3803.1300466693938, "aree-stradali-modified_pc": 38.031300466637269, "Single parts_area": 2766.8601655811071, "Single parts_pc": 27.668601655769841, "Dissolved_area": 0.0, "Dissolved_pc": 0.0, "free_space_number": 4.0 }, "geometry": { "type": "Polygon", "coordinates": [ [ [ 1263693.896874761208892, 5540869.404702704399824 ], [ 1263793.896874761208892, 5540869.404702704399824 ], [ 1263793.896874761208892, 5540769.404702704399824 ], [ 1263693.896874761208892, 5540769.404702704399824 ], [ 1263693.896874761208892, 5540869.404702704399824 ] ] ] } },
{ "type": "Feature", "properties": { "id": 1040, "left": 1263793.8968747612, "top": 5541769.4047027044, "right": 1263893.8968747612, "bottom": 5541669.4047027044, "row_index": 24, "col_index": 29, "Union_area": 906.58088291611057, "Union_pc": 9.0658088291475973, "rifter_edif_pl_area": 6024.0857583852485, "rifter_edif_pl_pc": 60.240857583762718, "aree-stradali-modified_area": 989.28828084468842, "aree-stradali-modified_pc": 9.8928828084321427, "Single parts_area": 2311.8551722888369, "Single parts_pc": 23.118551722853919, "Dissolved_area": 0.0, "Dissolved_pc": 0.0, "free_space_number": 10.0 }, "geometry": { "type": "Polygon", "coordinates": [ [ [ 1263793.896874761208892, 5541769.404702704399824 ], [ 1263893.896874761208892, 5541769.404702704399824 ], [ 1263893.896874761208892, 5541669.404702704399824 ], [ 1263793.896874761208892, 5541669.404702704399824 ], [ 1263793.896874761208892, 5541769.404702704399824 ] ] ] } },
{ "type": "Feature", "properties": { "id": 1041, "left": 1263793.8968747612, "top": 5541669.4047027044, "right": 1263893.8968747612, "bottom": 5541569.4047027044, "row_index": 25, "col_index": 29, "Union_area": 7562.5814328724518, "Union_pc": 75.625814328611824, "rifter_edif_pl_area": 1362.743908376433, "rifter_edif_pl_pc": 13.627439083744022, "aree-stradali-modified_area": 103.765639398247, "aree-stradali-modified_pc": 1.0376563939809238, "Single parts_area": 1010.4210219556699, "Single parts_pc": 10.104210219541642, "Dissolved_area": 0.0, "Dissolved_pc": 0.0, "free_space_number": 2.0 }, "geometry": { "type": "Polygon", "coordinates": [ [ [ 1263793.896874761208892, 5541669.404702704399824 ], [ 1263893.896874761208892, 5541669.404702704399824 ], [ 1263893.896874761208892, 5541569.404702704399824 ], [ 1263793.896874761208892, 5541569.404702704399824 ], [ 1263793.896874761208892, 5541669.404702704399824 ] ] ] } },
{ "type": "Feature", "properties": { "id": 1042, "left": 1263793.8968747612, "top": 5541569.4047027044, "right": 1263893.8968747612, "bottom": 5541469.4047027044, "row_index": 26, "col_index": 29, "Union_area": 429.13884692173451, "Union_pc": 4.2913884692109505, "rifter_edif_pl_area": 6337.6266554383328, "rifter_edif_pl_pc": 63.37626655428889, "aree-stradali-modified_area": 1291.6589607493952, "aree-stradali-modified_pc": 12.916589607474705, "Single parts_area": 1950.6688745249894, "Single parts_pc": 19.506688745220828, "Dissolved_area": 0.0, "Dissolved_pc": 0.0, "free_space_number": 16.0 }, "geometry": { "type": "Polygon", "coordinates": [ [ [ 1263793.896874761208892, 5541569.404702704399824 ], [ 1263893.896874761208892, 5541569.404702704399824 ], [ 1263893.896874761208892, 5541469.404702704399824 ], [ 1263793.896874761208892, 5541469.404702704399824 ], [ 1263793.896874761208892, 5541569.404702704399824 ] ] ] } },
{ "type": "Feature", "properties": { "id": 1043, "left": 1263793.8968747612, "top": 5541469.4047027044, "right": 1263893.8968747612, "bottom": 5541369.4047027044, "row_index": 27, "col_index": 29, "Union_area": 1884.8097546389909, "Union_pc": 18.848097546361824, "rifter_edif_pl_area": 5948.0482549406588, "rifter_edif_pl_pc": 59.480482549317955, "aree-stradali-modified_area": 877.72829062305391, "aree-stradali-modified_pc": 8.7772829062174598, "Single parts_area": 1316.7461661387993, "Single parts_pc": 13.167461661368371, "Dissolved_area": 0.0, "Dissolved_pc": 0.0, "free_space_number": 22.0 }, "geometry": { "type": "Polygon", "coordinates": [ [ [ 1263793.896874761208892, 5541469.404702704399824 ], [ 1263893.896874761208892, 5541469.404702704399824 ], [ 1263893.896874761208892, 5541369.404702704399824 ], [ 1263793.896874761208892, 5541369.404702704399824 ], [ 1263793.896874761208892, 5541469.404702704399824 ] ] ] } },
{ "type": "Feature", "properties": { "id": 1044, "left": 1263793.8968747612, "top": 5541369.4047027044, "right": 1263893.8968747612, "bottom": 5541269.4047027044, "row_index": 28, "col_index": 29, "Union_area": 1658.6016883975826, "Union_pc": 16.58601688395111, "rifter_edif_pl_area": 5706.3189360438846, "rifter_edif_pl_pc": 57.063189360353817, "aree-stradali-modified_area": 370.32483446598053, "aree-stradali-modified_pc": 3.7032483446542872, "Single parts_area": 2271.2979607976845, "Single parts_pc": 22.712979607943002, "Dissolved_area": 0.0, "Dissolved_pc": 0.0, "free_space_number": 25.0 }, "geometry": { "type": "Polygon", "coordinates": [ [ [ 1263793.896874761208892, 5541369.404702704399824 ], [ 1263893.896874761208892, 5541369.404702704399824 ], [ 1263893.896874761208892, 5541269.404702704399824 ], [ 1263793.896874761208892, 5541269.404702704399824 ], [ 1263793.896874761208892, 5541369.404702704399824 ] ] ] } },
{ "type": "Feature", "properties": { "id": 1045, "left": 1263793.8968747612, "top": 5541269.4047027044, "right": 1263893.8968747612, "bottom": 5541169.4047027044, "row_index": 29, "col_index": 29, "Union_area": 686.60826243273914, "Union_pc": 6.8660826243171602, "rifter_edif_pl_area": 6739.5978356227279, "rifter_edif_pl_pc": 67.395978356126847, "aree-stradali-modified_area": 592.21649692580104, "aree-stradali-modified_pc": 5.9221649692491853, "Single parts_area": 2010.3850813743861, "Single parts_pc": 20.103850813713905, "Dissolved_area": 0.0, "Dissolved_pc": 0.0, "free_space_number": 28.0 }, "geometry": { "type": "Polygon", "coordinates": [ [ [ 1263793.896874761208892, 5541269.404702704399824 ], [ 1263893.896874761208892, 5541269.404702704399824 ], [ 1263893.896874761208892, 5541169.404702704399824 ], [ 1263793.896874761208892, 5541169.404702704399824 ], [ 1263793.896874761208892, 5541269.404702704399824 ] ] ] } },
{ "type": "Feature", "properties": { "id": 1046, "left": 1263793.8968747612, "top": 5541169.4047027044, "right": 1263893.8968747612, "bottom": 5541069.4047027044, "row_index": 30, "col_index": 29, "Union_area": 0.0, "Union_pc": 0.0, "rifter_edif_pl_area": 5463.0774553986266, "rifter_edif_pl_pc": 54.630774553904857, "aree-stradali-modified_area": 3771.1815040931106, "aree-stradali-modified_pc": 37.71181504087491, "Single parts_area": 776.72896534890288, "Single parts_pc": 7.7672896534774543, "Dissolved_area": 0.0, "Dissolved_pc": 0.0, "free_space_number": 14.0 }, "geometry": { "type": "Polygon", "coordinates": [ [ [ 1263793.896874761208892, 5541169.404702704399824 ], [ 1263893.896874761208892, 5541169.404702704399824 ], [ 1263893.896874761208892, 5541069.404702704399824 ], [ 1263793.896874761208892, 5541069.404702704399824 ], [ 1263793.896874761208892, 5541169.404702704399824 ] ] ] } },
{ "type": "Feature", "properties": { "id": 1047, "left": 1263793.8968747612, "top": 5541069.4047027044, "right": 1263893.8968747612, "bottom": 5540969.4047027044, "row_index": 31, "col_index": 29, "Union_area": 2205.5942714312114, "Union_pc": 22.055942714279247, "rifter_edif_pl_area": 5623.0967528000474, "rifter_edif_pl_pc": 56.230967527916683, "aree-stradali-modified_area": 1036.292650796473, "aree-stradali-modified_pc": 10.362926507949288, "Single parts_area": 1138.6389062832575, "Single parts_pc": 11.386389062815608, "Dissolved_area": 0.0, "Dissolved_pc": 0.0, "free_space_number": 13.0 }, "geometry": { "type": "Polygon", "coordinates": [ [ [ 1263793.896874761208892, 5541069.404702704399824 ], [ 1263893.896874761208892, 5541069.404702704399824 ], [ 1263893.896874761208892, 5540969.404702704399824 ], [ 1263793.896874761208892, 5540969.404702704399824 ], [ 1263793.896874761208892, 5541069.404702704399824 ] ] ] } },
{ "type": "Feature", "properties": { "id": 1048, "left": 1263793.8968747612, "top": 5540969.4047027044, "right": 1263893.8968747612, "bottom": 5540869.4047027044, "row_index": 32, "col_index": 29, "Union_area": 2719.6152957323939, "Union_pc": 27.196152957283413, "rifter_edif_pl_area": 2984.9144625505432, "rifter_edif_pl_pc": 29.849144625460955, "aree-stradali-modified_area": 917.01527585089207, "aree-stradali-modified_pc": 9.1701527584952558, "Single parts_area": 3380.3374733307792, "Single parts_pc": 33.803374733257421, "Dissolved_area": 0.0, "Dissolved_pc": 0.0, "free_space_number": 13.0 }, "geometry": { "type": "Polygon", "coordinates": [ [ [ 1263793.896874761208892, 5540969.404702704399824 ], [ 1263893.896874761208892, 5540969.404702704399824 ], [ 1263893.896874761208892, 5540869.404702704399824 ], [ 1263793.896874761208892, 5540869.404702704399824 ], [ 1263793.896874761208892, 5540969.404702704399824 ] ] ] } },
{ "type": "Feature", "properties": { "id": 1049, "left": 1263793.8968747612, "top": 5540869.4047027044, "right": 1263893.8968747612, "bottom": 5540769.4047027044, "row_index": 33, "col_index": 29, "Union_area": 2186.6692160111852, "Union_pc": 21.866692160079268, "rifter_edif_pl_area": 2348.2002046988346, "rifter_edif_pl_pc": 23.482002046953355, "aree-stradali-modified_area": 4995.4419854879379, "aree-stradali-modified_pc": 49.954419854804939, "Single parts_area": 1310.7765544769936, "Single parts_pc": 13.107765544750404, "Dissolved_area": 0.0, "Dissolved_pc": 0.0, "free_space_number": 9.0 }, "geometry": { "type": "Polygon", "coordinates": [ [ [ 1263793.896874761208892, 5540869.404702704399824 ], [ 1263893.896874761208892, 5540869.404702704399824 ], [ 1263893.896874761208892, 5540769.404702704399824 ], [ 1263793.896874761208892, 5540769.404702704399824 ], [ 1263793.896874761208892, 5540869.404702704399824 ] ] ] } },
{ "type": "Feature", "properties": { "id": 1050, "left": 1263793.8968747612, "top": 5540769.4047027044, "right": 1263893.8968747612, "bottom": 5540669.4047027044, "row_index": 34, "col_index": 29, "Union_area": 9918.4471764862537, "Union_pc": 99.184471764714743, "rifter_edif_pl_area": 0.0, "rifter_edif_pl_pc": 0.0, "aree-stradali-modified_area": 1995.4660654067993, "aree-stradali-modified_pc": 19.954660654038257, "Single parts_area": 0.0, "Single parts_pc": 0.0, "Dissolved_area": 0.0, "Dissolved_pc": 0.0, "free_space_number": 0.0 }, "geometry": { "type": "Polygon", "coordinates": [ [ [ 1263793.896874761208892, 5540769.404702704399824 ], [ 1263893.896874761208892, 5540769.404702704399824 ], [ 1263893.896874761208892, 5540669.404702704399824 ], [ 1263793.896874761208892, 5540669.404702704399824 ], [ 1263793.896874761208892, 5540769.404702704399824 ] ] ] } },
{ "type": "Feature", "properties": { "id": 1076, "left": 1263893.8968747612, "top": 5541669.4047027044, "right": 1263993.8968747612, "bottom": 5541569.4047027044, "row_index": 25, "col_index": 30, "Union_area": 7479.1549692638218, "Union_pc": 74.791549692526772, "rifter_edif_pl_area": 1712.0713169965893, "rifter_edif_pl_pc": 17.12071316994038, "aree-stradali-modified_area": 0.0, "aree-stradali-modified_pc": 0.0, "Single parts_area": 819.69005543913227, "Single parts_pc": 8.1969005543791091, "Dissolved_area": 0.0, "Dissolved_pc": 0.0, "free_space_number": 8.0 }, "geometry": { "type": "Polygon", "coordinates": [ [ [ 1263893.896874761208892, 5541669.404702704399824 ], [ 1263993.896874761208892, 5541669.404702704399824 ], [ 1263993.896874761208892, 5541569.404702704399824 ], [ 1263893.896874761208892, 5541569.404702704399824 ], [ 1263893.896874761208892, 5541669.404702704399824 ] ] ] } },
{ "type": "Feature", "properties": { "id": 1077, "left": 1263893.8968747612, "top": 5541569.4047027044, "right": 1263993.8968747612, "bottom": 5541469.4047027044, "row_index": 26, "col_index": 30, "Union_area": 1444.8665711232461, "Union_pc": 14.44866571121093, "rifter_edif_pl_area": 5329.824089058442, "rifter_edif_pl_pc": 53.298240890504999, "aree-stradali-modified_area": 353.46839660406113, "aree-stradali-modified_pc": 3.534683966035344, "Single parts_area": 2880.6066567617863, "Single parts_pc": 28.806066567574941, "Dissolved_area": 0.0, "Dissolved_pc": 0.0, "free_space_number": 10.0 }, "geometry": { "type": "Polygon", "coordinates": [ [ [ 1263893.896874761208892, 5541569.404702704399824 ], [ 1263993.896874761208892, 5541569.404702704399824 ], [ 1263993.896874761208892, 5541469.404702704399824 ], [ 1263893.896874761208892, 5541469.404702704399824 ], [ 1263893.896874761208892, 5541569.404702704399824 ] ] ] } },
{ "type": "Feature", "properties": { "id": 1078, "left": 1263893.8968747612, "top": 5541469.4047027044, "right": 1263993.8968747612, "bottom": 5541369.4047027044, "row_index": 27, "col_index": 30, "Union_area": 1433.6765205925331, "Union_pc": 14.336765205903967, "rifter_edif_pl_area": 6049.6962673249654, "rifter_edif_pl_pc": 60.496962673159508, "aree-stradali-modified_area": 1155.1465111132711, "aree-stradali-modified_pc": 11.551465111115498, "Single parts_area": 1371.8073401222118, "Single parts_pc": 13.718073401201677, "Dissolved_area": 0.0, "Dissolved_pc": 0.0, "free_space_number": 25.0 }, "geometry": { "type": "Polygon", "coordinates": [ [ [ 1263893.896874761208892, 5541469.404702704399824 ], [ 1263993.896874761208892, 5541469.404702704399824 ], [ 1263993.896874761208892, 5541369.404702704399824 ], [ 1263893.896874761208892, 5541369.404702704399824 ], [ 1263893.896874761208892, 5541469.404702704399824 ] ] ] } },
{ "type": "Feature", "properties": { "id": 1079, "left": 1263893.8968747612, "top": 5541369.4047027044, "right": 1263993.8968747612, "bottom": 5541269.4047027044, "row_index": 28, "col_index": 30, "Union_area": 2551.1172835689504, "Union_pc": 25.51117283565149, "rifter_edif_pl_area": 5634.7806868250482, "rifter_edif_pl_pc": 56.347806868166515, "aree-stradali-modified_area": 873.46697260811925, "aree-stradali-modified_pc": 8.7346697260681765, "Single parts_area": 1096.3997946975596, "Single parts_pc": 10.963997946959259, "Dissolved_area": 0.0, "Dissolved_pc": 0.0, "free_space_number": 19.0 }, "geometry": { "type": "Polygon", "coordinates": [ [ [ 1263893.896874761208892, 5541369.404702704399824 ], [ 1263993.896874761208892, 5541369.404702704399824 ], [ 1263993.896874761208892, 5541269.404702704399824 ], [ 1263893.896874761208892, 5541269.404702704399824 ], [ 1263893.896874761208892, 5541369.404702704399824 ] ] ] } },
{ "type": "Feature", "properties": { "id": 1080, "left": 1263893.8968747612, "top": 5541269.4047027044, "right": 1263993.8968747612, "bottom": 5541169.4047027044, "row_index": 29, "col_index": 30, "Union_area": 3306.3575007595355, "Union_pc": 33.063575007546085, "rifter_edif_pl_area": 4925.5288550821133, "rifter_edif_pl_pc": 49.255288550747736, "aree-stradali-modified_area": 483.67929432168603, "aree-stradali-modified_pc": 4.8367929432096526, "Single parts_area": 1289.2550268631214, "Single parts_pc": 12.892550268612004, "Dissolved_area": 0.0, "Dissolved_pc": 0.0, "free_space_number": 25.0 }, "geometry": { "type": "Polygon", "coordinates": [ [ [ 1263893.896874761208892, 5541269.404702704399824 ], [ 1263993.896874761208892, 5541269.404702704399824 ], [ 1263993.896874761208892, 5541169.404702704399824 ], [ 1263893.896874761208892, 5541169.404702704399824 ], [ 1263893.896874761208892, 5541269.404702704399824 ] ] ] } },
{ "type": "Feature", "properties": { "id": 1081, "left": 1263893.8968747612, "top": 5541169.4047027044, "right": 1263993.8968747612, "bottom": 5541069.4047027044, "row_index": 30, "col_index": 30, "Union_area": 894.97021412663162, "Union_pc": 8.9497021412529794, "rifter_edif_pl_area": 3810.9061569720507, "rifter_edif_pl_pc": 38.109061569663723, "aree-stradali-modified_area": 3577.018090557307, "aree-stradali-modified_pc": 35.770180905519766, "Single parts_area": 1790.9063221315969, "Single parts_pc": 17.909063221289284, "Dissolved_area": 0.0, "Dissolved_pc": 0.0, "free_space_number": 9.0 }, "geometry": { "type": "Polygon", "coordinates": [ [ [ 1263893.896874761208892, 5541169.404702704399824 ], [ 1263993.896874761208892, 5541169.404702704399824 ], [ 1263993.896874761208892, 5541069.404702704399824 ], [ 1263893.896874761208892, 5541069.404702704399824 ], [ 1263893.896874761208892, 5541169.404702704399824 ] ] ] } },
{ "type": "Feature", "properties": { "id": 1082, "left": 1263893.8968747612, "top": 5541069.4047027044, "right": 1263993.8968747612, "bottom": 5540969.4047027044, "row_index": 31, "col_index": 30, "Union_area": 808.80900496058166, "Union_pc": 8.0880900495937649, "rifter_edif_pl_area": 6785.4584798850119, "rifter_edif_pl_pc": 67.854584798749002, "aree-stradali-modified_area": 1233.2978785559535, "aree-stradali-modified_pc": 12.332978785541158, "Single parts_area": 1173.6183889987087, "Single parts_pc": 11.736183889969599, "Dissolved_area": 0.0, "Dissolved_pc": 0.0, "free_space_number": 27.0 }, "geometry": { "type": "Polygon", "coordinates": [ [ [ 1263893.896874761208892, 5541069.404702704399824 ], [ 1263993.896874761208892, 5541069.404702704399824 ], [ 1263993.896874761208892, 5540969.404702704399824 ], [ 1263893.896874761208892, 5540969.404702704399824 ], [ 1263893.896874761208892, 5541069.404702704399824 ] ] ] } },
{ "type": "Feature", "properties": { "id": 1083, "left": 1263893.8968747612, "top": 5540969.4047027044, "right": 1263993.8968747612, "bottom": 5540869.4047027044, "row_index": 32, "col_index": 30, "Union_area": 3340.6676601406652, "Union_pc": 33.406676601356871, "rifter_edif_pl_area": 4266.2618860099465, "rifter_edif_pl_pc": 42.662618860035892, "aree-stradali-modified_area": 1565.9724979996681, "aree-stradali-modified_pc": 15.659724979973346, "Single parts_area": 1028.674152579857, "Single parts_pc": 10.286741525783242, "Dissolved_area": 0.0, "Dissolved_pc": 0.0, "free_space_number": 12.0 }, "geometry": { "type": "Polygon", "coordinates": [ [ [ 1263893.896874761208892, 5540969.404702704399824 ], [ 1263993.896874761208892, 5540969.404702704399824 ], [ 1263993.896874761208892, 5540869.404702704399824 ], [ 1263893.896874761208892, 5540869.404702704399824 ], [ 1263893.896874761208892, 5540969.404702704399824 ] ] ] } },
{ "type": "Feature", "properties": { "id": 1084, "left": 1263893.8968747612, "top": 5540869.4047027044, "right": 1263993.8968747612, "bottom": 5540769.4047027044, "row_index": 33, "col_index": 30, "Union_area": 4335.9278025985695, "Union_pc": 43.359278025921085, "rifter_edif_pl_area": 1526.9328839285299, "rifter_edif_pl_pc": 15.269328839262545, "aree-stradali-modified_area": 3650.6936290115118, "aree-stradali-modified_pc": 36.506936290060722, "Single parts_area": 679.92404431221075, "Single parts_pc": 6.7992404431119757, "Dissolved_area": 0.0, "Dissolved_pc": 0.0, "free_space_number": 5.0 }, "geometry": { "type": "Polygon", "coordinates": [ [ [ 1263893.896874761208892, 5540869.404702704399824 ], [ 1263993.896874761208892, 5540869.404702704399824 ], [ 1263993.896874761208892, 5540769.404702704399824 ], [ 1263893.896874761208892, 5540769.404702704399824 ], [ 1263893.896874761208892, 5540869.404702704399824 ] ] ] } },
{ "type": "Feature", "properties": { "id": 1085, "left": 1263893.8968747612, "top": 5540769.4047027044, "right": 1263993.8968747612, "bottom": 5540669.4047027044, "row_index": 34, "col_index": 30, "Union_area": 8994.1311674937606, "Union_pc": 89.941311674803586, "rifter_edif_pl_area": 0.0, "rifter_edif_pl_pc": 0.0, "aree-stradali-modified_area": 3596.998990893364, "aree-stradali-modified_pc": 35.969989908880038, "Single parts_area": 30.028252501040697, "Single parts_pc": 0.3002825250099595, "Dissolved_area": 0.0, "Dissolved_pc": 0.0, "free_space_number": 1.0 }, "geometry": { "type": "Polygon", "coordinates": [ [ [ 1263893.896874761208892, 5540769.404702704399824 ], [ 1263993.896874761208892, 5540769.404702704399824 ], [ 1263993.896874761208892, 5540669.404702704399824 ], [ 1263893.896874761208892, 5540669.404702704399824 ], [ 1263893.896874761208892, 5540769.404702704399824 ] ] ] } },
{ "type": "Feature", "properties": { "id": 1111, "left": 1263993.8968747612, "top": 5541669.4047027044, "right": 1264093.8968747612, "bottom": 5541569.4047027044, "row_index": 25, "col_index": 31, "Union_area": 3034.575181171298, "Union_pc": 30.34575181166776, "rifter_edif_pl_area": 4983.6119473995641, "rifter_edif_pl_pc": 49.836119473921379, "aree-stradali-modified_area": 155.08995126746595, "aree-stradali-modified_pc": 1.5508995126723484, "Single parts_area": 1853.8223835477825, "Single parts_pc": 18.5382238354502, "Dissolved_area": 0.0, "Dissolved_pc": 0.0, "free_space_number": 16.0 }, "geometry": { "type": "Polygon", "coordinates": [ [ [ 1263993.896874761208892, 5541669.404702704399824 ], [ 1264093.896874761208892, 5541669.404702704399824 ], [ 1264093.896874761208892, 5541569.404702704399824 ], [ 1263993.896874761208892, 5541569.404702704399824 ], [ 1263993.896874761208892, 5541669.404702704399824 ] ] ] } },
{ "type": "Feature", "properties": { "id": 1112, "left": 1263993.8968747612, "top": 5541569.4047027044, "right": 1264093.8968747612, "bottom": 5541469.4047027044, "row_index": 26, "col_index": 31, "Union_area": 773.48573216423392, "Union_pc": 7.7348573216308134, "rifter_edif_pl_area": 7067.608940328937, "rifter_edif_pl_pc": 70.676089403184051, "aree-stradali-modified_area": 753.99928950890899, "aree-stradali-modified_pc": 7.5399928950778543, "Single parts_area": 1418.5601740122238, "Single parts_pc": 14.185601740101099, "Dissolved_area": 0.0, "Dissolved_pc": 0.0, "free_space_number": 26.0 }, "geometry": { "type": "Polygon", "coordinates": [ [ [ 1263993.896874761208892, 5541569.404702704399824 ], [ 1264093.896874761208892, 5541569.404702704399824 ], [ 1264093.896874761208892, 5541469.404702704399824 ], [ 1263993.896874761208892, 5541469.404702704399824 ], [ 1263993.896874761208892, 5541569.404702704399824 ] ] ] } },
{ "type": "Feature", "properties": { "id": 1113, "left": 1263993.8968747612, "top": 5541469.4047027044, "right": 1264093.8968747612, "bottom": 5541369.4047027044, "row_index": 27, "col_index": 31, "Union_area": 947.47613497823477, "Union_pc": 9.4747613497682295, "rifter_edif_pl_area": 5396.4943978188094, "rifter_edif_pl_pc": 53.964943978107677, "aree-stradali-modified_area": 2652.8142258413136, "aree-stradali-modified_pc": 26.528142258373606, "Single parts_area": 1066.3151212969515, "Single parts_pc": 10.663151212953625, "Dissolved_area": 0.0, "Dissolved_pc": 0.0, "free_space_number": 16.0 }, "geometry": { "type": "Polygon", "coordinates": [ [ [ 1263993.896874761208892, 5541469.404702704399824 ], [ 1264093.896874761208892, 5541469.404702704399824 ], [ 1264093.896874761208892, 5541369.404702704399824 ], [ 1263993.896874761208892, 5541369.404702704399824 ], [ 1263993.896874761208892, 5541469.404702704399824 ] ] ] } },
{ "type": "Feature", "properties": { "id": 1114, "left": 1263993.8968747612, "top": 5541369.4047027044, "right": 1264093.8968747612, "bottom": 5541269.4047027044, "row_index": 28, "col_index": 31, "Union_area": 3170.8921893388033, "Union_pc": 31.708921893340783, "rifter_edif_pl_area": 4655.6494225785136, "rifter_edif_pl_pc": 46.55649422571576, "aree-stradali-modified_area": 0.0, "aree-stradali-modified_pc": 0.0, "Single parts_area": 2209.7542660105973, "Single parts_pc": 22.097542660073046, "Dissolved_area": 0.0, "Dissolved_pc": 0.0, "free_space_number": 7.0 }, "geometry": { "type": "Polygon", "coordinates": [ [ [ 1263993.896874761208892, 5541369.404702704399824 ], [ 1264093.896874761208892, 5541369.404702704399824 ], [ 1264093.896874761208892, 5541269.404702704399824 ], [ 1263993.896874761208892, 5541269.404702704399824 ], [ 1263993.896874761208892, 5541369.404702704399824 ] ] ] } },
{ "type": "Feature", "properties": { "id": 1115, "left": 1263993.8968747612, "top": 5541269.4047027044, "right": 1264093.8968747612, "bottom": 5541169.4047027044, "row_index": 29, "col_index": 31, "Union_area": 4777.3847477510571, "Union_pc": 47.773847477439382, "rifter_edif_pl_area": 2313.1698125214316, "rifter_edif_pl_pc": 23.131698125179849, "aree-stradali-modified_area": 0.0, "aree-stradali-modified_pc": 0.0, "Single parts_area": 2969.6714575783117, "Single parts_pc": 29.696714575738866, "Dissolved_area": 0.0, "Dissolved_pc": 0.0, "free_space_number": 9.0 }, "geometry": { "type": "Polygon", "coordinates": [ [ [ 1263993.896874761208892, 5541269.404702704399824 ], [ 1264093.896874761208892, 5541269.404702704399824 ], [ 1264093.896874761208892, 5541169.404702704399824 ], [ 1263993.896874761208892, 5541169.404702704399824 ], [ 1263993.896874761208892, 5541269.404702704399824 ] ] ] } },
{ "type": "Feature", "properties": { "id": 1116, "left": 1263993.8968747612, "top": 5541169.4047027044, "right": 1264093.8968747612, "bottom": 5541069.4047027044, "row_index": 30, "col_index": 31, "Union_area": 2896.2298515550792, "Union_pc": 28.962298515507634, "rifter_edif_pl_area": 2342.9315222539008, "rifter_edif_pl_pc": 23.429315222504094, "aree-stradali-modified_area": 4172.796122469008, "aree-stradali-modified_pc": 41.727961224627897, "Single parts_area": 852.3862845142969, "Single parts_pc": 8.5238628451302674, "Dissolved_area": 0.0, "Dissolved_pc": 0.0, "free_space_number": 7.0 }, "geometry": { "type": "Polygon", "coordinates": [ [ [ 1263993.896874761208892, 5541169.404702704399824 ], [ 1264093.896874761208892, 5541169.404702704399824 ], [ 1264093.896874761208892, 5541069.404702704399824 ], [ 1263993.896874761208892, 5541069.404702704399824 ], [ 1263993.896874761208892, 5541169.404702704399824 ] ] ] } },
{ "type": "Feature", "properties": { "id": 1117, "left": 1263993.8968747612, "top": 5541069.4047027044, "right": 1264093.8968747612, "bottom": 5540969.4047027044, "row_index": 31, "col_index": 31, "Union_area": 4741.8564895913005, "Union_pc": 47.418564895842344, "rifter_edif_pl_area": 3931.5665305601433, "rifter_edif_pl_pc": 39.315665305542851, "aree-stradali-modified_area": 0.0, "aree-stradali-modified_pc": 0.0, "Single parts_area": 1558.831092951139, "Single parts_pc": 15.588310929488161, "Dissolved_area": 0.0, "Dissolved_pc": 0.0, "free_space_number": 25.0 }, "geometry": { "type": "Polygon", "coordinates": [ [ [ 1263993.896874761208892, 5541069.404702704399824 ], [ 1264093.896874761208892, 5541069.404702704399824 ], [ 1264093.896874761208892, 5540969.404702704399824 ], [ 1263993.896874761208892, 5540969.404702704399824 ], [ 1263993.896874761208892, 5541069.404702704399824 ] ] ] } },
{ "type": "Feature", "properties": { "id": 1118, "left": 1263993.8968747612, "top": 5540969.4047027044, "right": 1264093.8968747612, "bottom": 5540869.4047027044, "row_index": 32, "col_index": 31, "Union_area": 1548.5204536416568, "Union_pc": 15.485204536393493, "rifter_edif_pl_area": 5483.1116167786531, "rifter_edif_pl_pc": 54.831116167704828, "aree-stradali-modified_area": 1616.0704800635576, "aree-stradali-modified_pc": 16.160704800611494, "Single parts_area": 1463.5847566520097, "Single parts_pc": 14.635847566498288, "Dissolved_area": 0.0, "Dissolved_pc": 0.0, "free_space_number": 17.0 }, "geometry": { "type": "Polygon", "coordinates": [ [ [ 1263993.896874761208892, 5540969.404702704399824 ], [ 1264093.896874761208892, 5540969.404702704399824 ], [ 1264093.896874761208892, 5540869.404702704399824 ], [ 1263993.896874761208892, 5540869.404702704399824 ], [ 1263993.896874761208892, 5540969.404702704399824 ] ] ] } },
{ "type": "Feature", "properties": { "id": 1119, "left": 1263993.8968747612, "top": 5540869.4047027044, "right": 1264093.8968747612, "bottom": 5540769.4047027044, "row_index": 33, "col_index": 31, "Union_area": 4356.9976963847876, "Union_pc": 43.569976963782949, "rifter_edif_pl_area": 3251.2610093384283, "rifter_edif_pl_pc": 32.512610093335837, "aree-stradali-modified_area": 797.84663639962673, "aree-stradali-modified_pc": 7.9784663639843787, "Single parts_area": 1954.8261610826064, "Single parts_pc": 19.548261610796935, "Dissolved_area": 0.0, "Dissolved_pc": 0.0, "free_space_number": 6.0 }, "geometry": { "type": "Polygon", "coordinates": [ [ [ 1263993.896874761208892, 5540869.404702704399824 ], [ 1264093.896874761208892, 5540869.404702704399824 ], [ 1264093.896874761208892, 5540769.404702704399824 ], [ 1263993.896874761208892, 5540769.404702704399824 ], [ 1263993.896874761208892, 5540869.404702704399824 ] ] ] } },
{ "type": "Feature", "properties": { "id": 1120, "left": 1263993.8968747612, "top": 5540769.4047027044, "right": 1264093.8968747612, "bottom": 5540669.4047027044, "row_index": 34, "col_index": 31, "Union_area": 7580.0593627840281, "Union_pc": 75.800593627727324, "rifter_edif_pl_area": 650.92958570737392, "rifter_edif_pl_pc": 6.5092958570640391, "aree-stradali-modified_area": 4073.114008359611, "aree-stradali-modified_pc": 40.731140083535415, "Single parts_area": 332.00495677394065, "Single parts_pc": 3.320049567734459, "Dissolved_area": 0.0, "Dissolved_pc": 0.0, "free_space_number": 5.0 }, "geometry": { "type": "Polygon", "coordinates": [ [ [ 1263993.896874761208892, 5540769.404702704399824 ], [ 1264093.896874761208892, 5540769.404702704399824 ], [ 1264093.896874761208892, 5540669.404702704399824 ], [ 1263993.896874761208892, 5540669.404702704399824 ], [ 1263993.896874761208892, 5540769.404702704399824 ] ] ] } },
{ "type": "Feature", "properties": { "id": 1147, "left": 1264093.8968747612, "top": 5541569.4047027044, "right": 1264193.8968747612, "bottom": 5541469.4047027044, "row_index": 26, "col_index": 32, "Union_area": 2736.0170455646003, "Union_pc": 27.360170455605232, "rifter_edif_pl_area": 4302.6566968867555, "rifter_edif_pl_pc": 43.026566968803444, "aree-stradali-modified_area": 0.0, "aree-stradali-modified_pc": 0.0, "Single parts_area": 2997.5874167435104, "Single parts_pc": 29.975874167390437, "Dissolved_area": 0.0, "Dissolved_pc": 0.0, "free_space_number": 9.0 }, "geometry": { "type": "Polygon", "coordinates": [ [ [ 1264093.896874761208892, 5541569.404702704399824 ], [ 1264193.896874761208892, 5541569.404702704399824 ], [ 1264193.896874761208892, 5541469.404702704399824 ], [ 1264093.896874761208892, 5541469.404702704399824 ], [ 1264093.896874761208892, 5541569.404702704399824 ] ] ] } },
{ "type": "Feature", "properties": { "id": 1148, "left": 1264093.8968747612, "top": 5541469.4047027044, "right": 1264193.8968747612, "bottom": 5541369.4047027044, "row_index": 27, "col_index": 32, "Union_area": 1495.2882802644745, "Union_pc": 14.952882802622463, "rifter_edif_pl_area": 4620.2845117626712, "rifter_edif_pl_pc": 46.202845117557864, "aree-stradali-modified_area": 513.52156235277653, "aree-stradali-modified_pc": 5.1352156235201134, "Single parts_area": 3408.3895258314442, "Single parts_pc": 34.083895258263652, "Dissolved_area": 0.0, "Dissolved_pc": 0.0, "free_space_number": 5.0 }, "geometry": { "type": "Polygon", "coordinates": [ [ [ 1264093.896874761208892, 5541469.404702704399824 ], [ 1264193.896874761208892, 5541469.404702704399824 ], [ 1264193.896874761208892, 5541369.404702704399824 ], [ 1264093.896874761208892, 5541369.404702704399824 ], [ 1264093.896874761208892, 5541469.404702704399824 ] ] ] } },
{ "type": "Feature", "properties": { "id": 1149, "left": 1264093.8968747612, "top": 5541369.4047027044, "right": 1264193.8968747612, "bottom": 5541269.4047027044, "row_index": 28, "col_index": 32, "Union_area": 3319.11791415466, "Union_pc": 33.191179141497138, "rifter_edif_pl_area": 2680.9534506797791, "rifter_edif_pl_pc": 26.809534506757842, "aree-stradali-modified_area": 991.93827469646931, "aree-stradali-modified_pc": 9.9193827469499123, "Single parts_area": 3163.7437359180767, "Single parts_pc": 31.637437359133624, "Dissolved_area": 0.0, "Dissolved_pc": 0.0, "free_space_number": 7.0 }, "geometry": { "type": "Polygon", "coordinates": [ [ [ 1264093.896874761208892, 5541369.404702704399824 ], [ 1264193.896874761208892, 5541369.404702704399824 ], [ 1264193.896874761208892, 5541269.404702704399824 ], [ 1264093.896874761208892, 5541269.404702704399824 ], [ 1264093.896874761208892, 5541369.404702704399824 ] ] ] } },
{ "type": "Feature", "properties": { "id": 1150, "left": 1264093.8968747612, "top": 5541269.4047027044, "right": 1264193.8968747612, "bottom": 5541169.4047027044, "row_index": 29, "col_index": 32, "Union_area": 2611.437775076367, "Union_pc": 26.114377750724756, "rifter_edif_pl_area": 2350.1737755052745, "rifter_edif_pl_pc": 23.501737755017725, "aree-stradali-modified_area": 199.67898239661008, "aree-stradali-modified_pc": 1.9967898239631254, "Single parts_area": 4843.1259667102422, "Single parts_pc": 48.431259667030254, "Dissolved_area": 0.0, "Dissolved_pc": 0.0, "free_space_number": 5.0 }, "geometry": { "type": "Polygon", "coordinates": [ [ [ 1264093.896874761208892, 5541269.404702704399824 ], [ 1264193.896874761208892, 5541269.404702704399824 ], [ 1264193.896874761208892, 5541169.404702704399824 ], [ 1264093.896874761208892, 5541169.404702704399824 ], [ 1264093.896874761208892, 5541269.404702704399824 ] ] ] } },
{ "type": "Feature", "properties": { "id": 1151, "left": 1264093.8968747612, "top": 5541169.4047027044, "right": 1264193.8968747612, "bottom": 5541069.4047027044, "row_index": 30, "col_index": 32, "Union_area": 2886.3551080310717, "Union_pc": 28.863551080267708, "rifter_edif_pl_area": 2423.1272050719708, "rifter_edif_pl_pc": 24.2312720506836, "aree-stradali-modified_area": 4007.4049941897392, "aree-stradali-modified_pc": 40.074049941837679, "Single parts_area": 701.16428530675694, "Single parts_pc": 7.0116428530571211, "Dissolved_area": 0.0, "Dissolved_pc": 0.0, "free_space_number": 9.0 }, "geometry": { "type": "Polygon", "coordinates": [ [ [ 1264093.896874761208892, 5541169.404702704399824 ], [ 1264193.896874761208892, 5541169.404702704399824 ], [ 1264193.896874761208892, 5541069.404702704399824 ], [ 1264093.896874761208892, 5541069.404702704399824 ], [ 1264093.896874761208892, 5541169.404702704399824 ] ] ] } },
{ "type": "Feature", "properties": { "id": 1152, "left": 1264093.8968747612, "top": 5541069.4047027044, "right": 1264193.8968747612, "bottom": 5540969.4047027044, "row_index": 31, "col_index": 32, "Union_area": 5557.2861763127148, "Union_pc": 55.572861763044337, "rifter_edif_pl_area": 1275.1081097871065, "rifter_edif_pl_pc": 12.751081097852065, "aree-stradali-modified_area": 0.0, "aree-stradali-modified_pc": 0.0, "Single parts_area": 3168.8423575743473, "Single parts_pc": 31.688423575696255, "Dissolved_area": 0.0, "Dissolved_pc": 0.0, "free_space_number": 2.0 }, "geometry": { "type": "Polygon", "coordinates": [ [ [ 1264093.896874761208892, 5541069.404702704399824 ], [ 1264193.896874761208892, 5541069.404702704399824 ], [ 1264193.896874761208892, 5540969.404702704399824 ], [ 1264093.896874761208892, 5540969.404702704399824 ], [ 1264093.896874761208892, 5541069.404702704399824 ] ] ] } },
{ "type": "Feature", "properties": { "id": 1153, "left": 1264093.8968747612, "top": 5540969.4047027044, "right": 1264193.8968747612, "bottom": 5540869.4047027044, "row_index": 32, "col_index": 32, "Union_area": 4581.6978836152703, "Union_pc": 45.816978836084431, "rifter_edif_pl_area": 2170.7584144669818, "rifter_edif_pl_pc": 21.707584144637472, "aree-stradali-modified_area": 148.40173488482833, "aree-stradali-modified_pc": 1.4840173488460719, "Single parts_area": 3106.5863359797804, "Single parts_pc": 31.065863359751514, "Dissolved_area": 0.0, "Dissolved_pc": 0.0, "free_space_number": 10.0 }, "geometry": { "type": "Polygon", "coordinates": [ [ [ 1264093.896874761208892, 5540969.404702704399824 ], [ 1264193.896874761208892, 5540969.404702704399824 ], [ 1264193.896874761208892, 5540869.404702704399824 ], [ 1264093.896874761208892, 5540869.404702704399824 ], [ 1264093.896874761208892, 5540969.404702704399824 ] ] ] } },
{ "type": "Feature", "properties": { "id": 1154, "left": 1264093.8968747612, "top": 5540869.4047027044, "right": 1264193.8968747612, "bottom": 5540769.4047027044, "row_index": 33, "col_index": 32, "Union_area": 493.27139261830598, "Union_pc": 4.9327139261757091, "rifter_edif_pl_area": 5019.1931423228234, "rifter_edif_pl_pc": 50.191931423153441, "aree-stradali-modified_area": 1496.0724772922695, "aree-stradali-modified_pc": 14.960724772900402, "Single parts_area": 1245.4127818781947, "Single parts_pc": 12.454127818763389, "Dissolved_area": 0.0, "Dissolved_pc": 0.0, "free_space_number": 19.0 }, "geometry": { "type": "Polygon", "coordinates": [ [ [ 1264093.896874761208892, 5540869.404702704399824 ], [ 1264193.896874761208892, 5540869.404702704399824 ], [ 1264193.896874761208892, 5540769.404702704399824 ], [ 1264093.896874761208892, 5540769.404702704399824 ], [ 1264093.896874761208892, 5540869.404702704399824 ] ] ] } },
{ "type": "Feature", "properties": { "id": 1155, "left": 1264093.8968747612, "top": 5540769.4047027044, "right": 1264193.8968747612, "bottom": 5540669.4047027044, "row_index": 34, "col_index": 32, "Union_area": 3764.568370876601, "Union_pc": 37.64568370870991, "rifter_edif_pl_area": 1084.1524018724449, "rifter_edif_pl_pc": 10.841524018708293, "aree-stradali-modified_area": 1081.7583480831236, "aree-stradali-modified_pc": 10.817583480815117, "Single parts_area": 270.37620770118519, "Single parts_pc": 2.703762077007823, "Dissolved_area": 0.0, "Dissolved_pc": 0.0, "free_space_number": 4.0 }, "geometry": { "type": "Polygon", "coordinates": [ [ [ 1264093.896874761208892, 5540769.404702704399824 ], [ 1264193.896874761208892, 5540769.404702704399824 ], [ 1264193.896874761208892, 5540669.404702704399824 ], [ 1264093.896874761208892, 5540669.404702704399824 ], [ 1264093.896874761208892, 5540769.404702704399824 ] ] ] } },
{ "type": "Feature", "properties": { "id": 1182, "left": 1264193.8968747612, "top": 5541569.4047027044, "right": 1264293.8968747612, "bottom": 5541469.4047027044, "row_index": 26, "col_index": 33, "Union_area": 2937.601311921142, "Union_pc": 29.376013119167645, "rifter_edif_pl_area": 2367.4677500599064, "rifter_edif_pl_pc": 23.674677500563785, "aree-stradali-modified_area": 1308.3525202199817, "aree-stradali-modified_pc": 13.08352520218032, "Single parts_area": 2911.1457163972555, "Single parts_pc": 29.111457163929174, "Dissolved_area": 0.0, "Dissolved_pc": 0.0, "free_space_number": 15.0 }, "geometry": { "type": "Polygon", "coordinates": [ [ [ 1264193.896874761208892, 5541569.404702704399824 ], [ 1264293.896874761208892, 5541569.404702704399824 ], [ 1264293.896874761208892, 5541469.404702704399824 ], [ 1264193.896874761208892, 5541469.404702704399824 ], [ 1264193.896874761208892, 5541569.404702704399824 ] ] ] } },
{ "type": "Feature", "properties": { "id": 1183, "left": 1264193.8968747612, "top": 5541469.4047027044, "right": 1264293.8968747612, "bottom": 5541369.4047027044, "row_index": 27, "col_index": 33, "Union_area": 1353.2239577462387, "Union_pc": 13.532239577442223, "rifter_edif_pl_area": 3806.2910220529884, "rifter_edif_pl_pc": 38.062910220473164, "aree-stradali-modified_area": 1243.7339044213295, "aree-stradali-modified_pc": 12.437339044194761, "Single parts_area": 3667.5093360751489, "Single parts_pc": 36.675093360696842, "Dissolved_area": 0.0, "Dissolved_pc": 0.0, "free_space_number": 12.0 }, "geometry": { "type": "Polygon", "coordinates": [ [ [ 1264193.896874761208892, 5541469.404702704399824 ], [ 1264293.896874761208892, 5541469.404702704399824 ], [ 1264293.896874761208892, 5541369.404702704399824 ], [ 1264193.896874761208892, 5541369.404702704399824 ], [ 1264193.896874761208892, 5541469.404702704399824 ] ] ] } },
{ "type": "Feature", "properties": { "id": 1184, "left": 1264193.8968747612, "top": 5541369.4047027044, "right": 1264293.8968747612, "bottom": 5541269.4047027044, "row_index": 28, "col_index": 33, "Union_area": 1718.7012946021277, "Union_pc": 17.187012945995665, "rifter_edif_pl_area": 2257.277575715445, "rifter_edif_pl_pc": 22.572775757120812, "aree-stradali-modified_area": 2301.0898571237922, "aree-stradali-modified_pc": 23.010898571203633, "Single parts_area": 3825.242851201212, "Single parts_pc": 38.252428511955117, "Dissolved_area": 0.0, "Dissolved_pc": 0.0, "free_space_number": 9.0 }, "geometry": { "type": "Polygon", "coordinates": [ [ [ 1264193.896874761208892, 5541369.404702704399824 ], [ 1264293.896874761208892, 5541369.404702704399824 ], [ 1264293.896874761208892, 5541269.404702704399824 ], [ 1264193.896874761208892, 5541269.404702704399824 ], [ 1264193.896874761208892, 5541369.404702704399824 ] ] ] } },
{ "type": "Feature", "properties": { "id": 1185, "left": 1264193.8968747612, "top": 5541269.4047027044, "right": 1264293.8968747612, "bottom": 5541169.4047027044, "row_index": 29, "col_index": 33, "Union_area": 3731.6716840621084, "Union_pc": 37.316716840565476, "rifter_edif_pl_area": 949.58568249177188, "rifter_edif_pl_pc": 9.4958568249035693, "aree-stradali-modified_area": 697.25500352401286, "aree-stradali-modified_pc": 6.9725500352297392, "Single parts_area": 4638.2257766979383, "Single parts_pc": 46.382257766910271, "Dissolved_area": 0.0, "Dissolved_pc": 0.0, "free_space_number": 6.0 }, "geometry": { "type": "Polygon", "coordinates": [ [ [ 1264193.896874761208892, 5541269.404702704399824 ], [ 1264293.896874761208892, 5541269.404702704399824 ], [ 1264293.896874761208892, 5541169.404702704399824 ], [ 1264193.896874761208892, 5541169.404702704399824 ], [ 1264193.896874761208892, 5541269.404702704399824 ] ] ] } },
{ "type": "Feature", "properties": { "id": 1186, "left": 1264193.8968747612, "top": 5541169.4047027044, "right": 1264293.8968747612, "bottom": 5541069.4047027044, "row_index": 30, "col_index": 33, "Union_area": 2566.1109773162752, "Union_pc": 25.661109773124515, "rifter_edif_pl_area": 1538.0465394607745, "rifter_edif_pl_pc": 15.380465394584826, "aree-stradali-modified_area": 3421.3085036128759, "aree-stradali-modified_pc": 34.213085036077779, "Single parts_area": 2546.241217605304, "Single parts_pc": 25.462412176015096, "Dissolved_area": 0.0, "Dissolved_pc": 0.0, "free_space_number": 7.0 }, "geometry": { "type": "Polygon", "coordinates": [ [ [ 1264193.896874761208892, 5541169.404702704399824 ], [ 1264293.896874761208892, 5541169.404702704399824 ], [ 1264293.896874761208892, 5541069.404702704399824 ], [ 1264193.896874761208892, 5541069.404702704399824 ], [ 1264193.896874761208892, 5541169.404702704399824 ] ] ] } },
{ "type": "Feature", "properties": { "id": 1187, "left": 1264193.8968747612, "top": 5541069.4047027044, "right": 1264293.8968747612, "bottom": 5540969.4047027044, "row_index": 31, "col_index": 33, "Union_area": 2933.2156436843798, "Union_pc": 29.332156436800091, "rifter_edif_pl_area": 3113.4376908699051, "rifter_edif_pl_pc": 31.134376908652655, "aree-stradali-modified_area": 1247.3545788154006, "aree-stradali-modified_pc": 12.47354578813542, "Single parts_area": 2706.191589452792, "Single parts_pc": 27.061915894487594, "Dissolved_area": 0.0, "Dissolved_pc": 0.0, "free_space_number": 10.0 }, "geometry": { "type": "Polygon", "coordinates": [ [ [ 1264193.896874761208892, 5541069.404702704399824 ], [ 1264293.896874761208892, 5541069.404702704399824 ], [ 1264293.896874761208892, 5540969.404702704399824 ], [ 1264193.896874761208892, 5540969.404702704399824 ], [ 1264193.896874761208892, 5541069.404702704399824 ] ] ] } },
{ "type": "Feature", "properties": { "id": 1188, "left": 1264193.8968747612, "top": 5540969.4047027044, "right": 1264293.8968747612, "bottom": 5540869.4047027044, "row_index": 32, "col_index": 33, "Union_area": 2047.1162969181314, "Union_pc": 20.471162969150811, "rifter_edif_pl_area": 3863.8403195152059, "rifter_edif_pl_pc": 38.638403195094483, "aree-stradali-modified_area": 748.8000354153337, "aree-stradali-modified_pc": 7.4880003541421791, "Single parts_area": 3342.3195015788333, "Single parts_pc": 33.423195015738528, "Dissolved_area": 0.0, "Dissolved_pc": 0.0, "free_space_number": 13.0 }, "geometry": { "type": "Polygon", "coordinates": [ [ [ 1264193.896874761208892, 5540969.404702704399824 ], [ 1264293.896874761208892, 5540969.404702704399824 ], [ 1264293.896874761208892, 5540869.404702704399824 ], [ 1264193.896874761208892, 5540869.404702704399824 ], [ 1264193.896874761208892, 5540969.404702704399824 ] ] ] } },
{ "type": "Feature", "properties": { "id": 1189, "left": 1264193.8968747612, "top": 5540869.4047027044, "right": 1264293.8968747612, "bottom": 5540769.4047027044, "row_index": 33, "col_index": 33, "Union_area": 1787.5934354579076, "Union_pc": 17.875934354552438, "rifter_edif_pl_area": 1882.233555614017, "rifter_edif_pl_pc": 18.822335556112122, "aree-stradali-modified_area": 3432.4707578499801, "aree-stradali-modified_pc": 34.324707578448653, "Single parts_area": 1868.9725019252892, "Single parts_pc": 18.68972501922504, "Dissolved_area": 0.0, "Dissolved_pc": 0.0, "free_space_number": 8.0 }, "geometry": { "type": "Polygon", "coordinates": [ [ [ 1264193.896874761208892, 5540869.404702704399824 ], [ 1264293.896874761208892, 5540869.404702704399824 ], [ 1264293.896874761208892, 5540769.404702704399824 ], [ 1264193.896874761208892, 5540769.404702704399824 ], [ 1264193.896874761208892, 5540869.404702704399824 ] ] ] } },
{ "type": "Feature", "properties": { "id": 1190, "left": 1264193.8968747612, "top": 5540769.4047027044, "right": 1264293.8968747612, "bottom": 5540669.4047027044, "row_index": 34, "col_index": 33, "Union_area": 1747.0878547630273, "Union_pc": 17.47087854760424, "rifter_edif_pl_area": 629.76869652047753, "rifter_edif_pl_pc": 6.2976869651953908, "aree-stradali-modified_area": 3450.6310700550675, "aree-stradali-modified_pc": 34.506310700499256, "Single parts_area": 1708.3174587094691, "Single parts_pc": 17.083174587069234, "Dissolved_area": 0.0, "Dissolved_pc": 0.0, "free_space_number": 3.0 }, "geometry": { "type": "Polygon", "coordinates": [ [ [ 1264193.896874761208892, 5540769.404702704399824 ], [ 1264293.896874761208892, 5540769.404702704399824 ], [ 1264293.896874761208892, 5540669.404702704399824 ], [ 1264193.896874761208892, 5540669.404702704399824 ], [ 1264193.896874761208892, 5540769.404702704399824 ] ] ] } },
{ "type": "Feature", "properties": { "id": 1217, "left": 1264293.8968747612, "top": 5541569.4047027044, "right": 1264393.8968747612, "bottom": 5541469.4047027044, "row_index": 26, "col_index": 34, "Union_area": 1313.9270751019649, "Union_pc": 13.139270751000069, "rifter_edif_pl_area": 2551.6188792036846, "rifter_edif_pl_pc": 25.516188791998825, "aree-stradali-modified_area": 3348.8249322623014, "aree-stradali-modified_pc": 33.488249322573111, "Single parts_area": 1584.9012555768713, "Single parts_pc": 15.849012555745096, "Dissolved_area": 0.0, "Dissolved_pc": 0.0, "free_space_number": 7.0 }, "geometry": { "type": "Polygon", "coordinates": [ [ [ 1264293.896874761208892, 5541569.404702704399824 ], [ 1264393.896874761208892, 5541569.404702704399824 ], [ 1264393.896874761208892, 5541469.404702704399824 ], [ 1264293.896874761208892, 5541469.404702704399824 ], [ 1264293.896874761208892, 5541569.404702704399824 ] ] ] } },
{ "type": "Feature", "properties": { "id": 1218, "left": 1264293.8968747612, "top": 5541469.4047027044, "right": 1264393.8968747612, "bottom": 5541369.4047027044, "row_index": 27, "col_index": 34, "Union_area": 1865.9417983060703, "Union_pc": 18.659417983032899, "rifter_edif_pl_area": 2172.8137285525445, "rifter_edif_pl_pc": 21.728137285493066, "aree-stradali-modified_area": 4244.3510844856501, "aree-stradali-modified_pc": 42.443510844793252, "Single parts_area": 2800.4010245655663, "Single parts_pc": 28.004010245613934, "Dissolved_area": 0.0, "Dissolved_pc": 0.0, "free_space_number": 5.0 }, "geometry": { "type": "Polygon", "coordinates": [ [ [ 1264293.896874761208892, 5541469.404702704399824 ], [ 1264393.896874761208892, 5541469.404702704399824 ], [ 1264393.896874761208892, 5541369.404702704399824 ], [ 1264293.896874761208892, 5541369.404702704399824 ], [ 1264293.896874761208892, 5541469.404702704399824 ] ] ] } },
{ "type": "Feature", "properties": { "id": 1219, "left": 1264293.8968747612, "top": 5541369.4047027044, "right": 1264393.8968747612, "bottom": 5541269.4047027044, "row_index": 28, "col_index": 34, "Union_area": 3648.7193706717808, "Union_pc": 36.48719370666344, "rifter_edif_pl_area": 1292.5419713347219, "rifter_edif_pl_pc": 12.925419713327958, "aree-stradali-modified_area": 4269.3030718564987, "aree-stradali-modified_pc": 42.693030718501369, "Single parts_area": 1522.2605262434372, "Single parts_pc": 15.222605262411689, "Dissolved_area": 0.0, "Dissolved_pc": 0.0, "free_space_number": 8.0 }, "geometry": { "type": "Polygon", "coordinates": [ [ [ 1264293.896874761208892, 5541369.404702704399824 ], [ 1264393.896874761208892, 5541369.404702704399824 ], [ 1264393.896874761208892, 5541269.404702704399824 ], [ 1264293.896874761208892, 5541269.404702704399824 ], [ 1264293.896874761208892, 5541369.404702704399824 ] ] ] } },
{ "type": "Feature", "properties": { "id": 1220, "left": 1264293.8968747612, "top": 5541269.4047027044, "right": 1264393.8968747612, "bottom": 5541169.4047027044, "row_index": 29, "col_index": 34, "Union_area": 3713.6300407550152, "Union_pc": 37.136300407494815, "rifter_edif_pl_area": 669.44306856952608, "rifter_edif_pl_pc": 6.6944306856852851, "aree-stradali-modified_area": 5355.2772877514362, "aree-stradali-modified_pc": 53.552772877434563, "Single parts_area": 904.25297382792633, "Single parts_pc": 9.0425297382657881, "Dissolved_area": 0.0, "Dissolved_pc": 0.0, "free_space_number": 3.0 }, "geometry": { "type": "Polygon", "coordinates": [ [ [ 1264293.896874761208892, 5541269.404702704399824 ], [ 1264393.896874761208892, 5541269.404702704399824 ], [ 1264393.896874761208892, 5541169.404702704399824 ], [ 1264293.896874761208892, 5541169.404702704399824 ], [ 1264293.896874761208892, 5541269.404702704399824 ] ] ] } },
{ "type": "Feature", "properties": { "id": 1221, "left": 1264293.8968747612, "top": 5541169.4047027044, "right": 1264393.8968747612, "bottom": 5541069.4047027044, "row_index": 30, "col_index": 34, "Union_area": 1777.8314788883145, "Union_pc": 17.778314788856651, "rifter_edif_pl_area": 2067.8859704872593, "rifter_edif_pl_pc": 20.678859704841781, "aree-stradali-modified_area": 5541.9331758618355, "aree-stradali-modified_pc": 55.419331758535776, "Single parts_area": 1339.2165459091775, "Single parts_pc": 13.392165459071819, "Dissolved_area": 0.0, "Dissolved_pc": 0.0, "free_space_number": 8.0 }, "geometry": { "type": "Polygon", "coordinates": [ [ [ 1264293.896874761208892, 5541169.404702704399824 ], [ 1264393.896874761208892, 5541169.404702704399824 ], [ 1264393.896874761208892, 5541069.404702704399824 ], [ 1264293.896874761208892, 5541069.404702704399824 ], [ 1264293.896874761208892, 5541169.404702704399824 ] ] ] } },
{ "type": "Feature", "properties": { "id": 1222, "left": 1264293.8968747612, "top": 5541069.4047027044, "right": 1264393.8968747612, "bottom": 5540969.4047027044, "row_index": 31, "col_index": 34, "Union_area": 2904.0258789049258, "Union_pc": 29.040258789005986, "rifter_edif_pl_area": 1745.5378601867706, "rifter_edif_pl_pc": 17.455378601841694, "aree-stradali-modified_area": 4258.2312185019255, "aree-stradali-modified_pc": 42.582312184955804, "Single parts_area": 1740.2794191366993, "Single parts_pc": 17.402794191341062, "Dissolved_area": 0.0, "Dissolved_pc": 0.0, "free_space_number": 10.0 }, "geometry": { "type": "Polygon", "coordinates": [ [ [ 1264293.896874761208892, 5541069.404702704399824 ], [ 1264393.896874761208892, 5541069.404702704399824 ], [ 1264393.896874761208892, 5540969.404702704399824 ], [ 1264293.896874761208892, 5540969.404702704399824 ], [ 1264293.896874761208892, 5541069.404702704399824 ] ] ] } },
{ "type": "Feature", "properties": { "id": 1223, "left": 1264293.8968747612, "top": 5540969.4047027044, "right": 1264393.8968747612, "bottom": 5540869.4047027044, "row_index": 32, "col_index": 34, "Union_area": 1651.1887838486582, "Union_pc": 16.511887838461977, "rifter_edif_pl_area": 1620.7079569492489, "rifter_edif_pl_pc": 16.207079569468338, "aree-stradali-modified_area": 3556.1334273517132, "aree-stradali-modified_pc": 35.561334273464141, "Single parts_area": 1547.7713465788402, "Single parts_pc": 15.477713465765339, "Dissolved_area": 0.0, "Dissolved_pc": 0.0, "free_space_number": 6.0 }, "geometry": { "type": "Polygon", "coordinates": [ [ [ 1264293.896874761208892, 5540969.404702704399824 ], [ 1264393.896874761208892, 5540969.404702704399824 ], [ 1264393.896874761208892, 5540869.404702704399824 ], [ 1264293.896874761208892, 5540869.404702704399824 ], [ 1264293.896874761208892, 5540969.404702704399824 ] ] ] } },
{ "type": "Feature", "properties": { "id": 1224, "left": 1264293.8968747612, "top": 5540869.4047027044, "right": 1264393.8968747612, "bottom": 5540769.4047027044, "row_index": 33, "col_index": 34, "Union_area": 3719.9763362281956, "Union_pc": 37.199763362226527, "rifter_edif_pl_area": 2343.9017530153506, "rifter_edif_pl_pc": 23.43901753011858, "aree-stradali-modified_area": 1461.741588383913, "aree-stradali-modified_pc": 14.617415883817349, "Single parts_area": 2475.5060204542242, "Single parts_pc": 24.755060204505355, "Dissolved_area": 0.0, "Dissolved_pc": 0.0, "free_space_number": 8.0 }, "geometry": { "type": "Polygon", "coordinates": [ [ [ 1264293.896874761208892, 5540869.404702704399824 ], [ 1264393.896874761208892, 5540869.404702704399824 ], [ 1264393.896874761208892, 5540769.404702704399824 ], [ 1264293.896874761208892, 5540769.404702704399824 ], [ 1264293.896874761208892, 5540869.404702704399824 ] ] ] } }
]
}
