{
"type": "FeatureCollection",
"name": "zone_bologna",
"crs": { "type": "name", "properties": { "name": "urn:ogc:def:crs:EPSG::3857" } },
"features": [
{ "type": "Feature", "properties": { "id": 1, "left": 1260911.0839188329, "top": 5544029.3204807211, "right": 1261011.0839188329, "bottom": 5543929.3204807211, "row_index": 0, "col_index": 0, "area": 2668885.563, "perimeter": 7571.745, "codzona": "P", "numquart": 13, "nomezona": "Saffi", "intersect_area": 10000.0 }, "geometry": { "type": "MultiPolygon", "coordinates": [ [ [ [ 1261011.083918832940981, 5544029.320480721071362 ], [ 1261011.083918832940981, 5543929.320480721071362 ], [ 1260911.083918832940981, 5543929.320480721071362 ], [ 1260911.083918832940981, 5544029.320480721071362 ], [ 1261011.083918832940981, 5544029.320480721071362 ] ] ] ] } },
{ "type": "Feature", "properties": { "id": 2, "left": 1260911.0839188329, "top": 5543929.3204807211, "right": 1261011.0839188329, "bottom": 5543829.3204807211, "row_index": 1, "col_index": 0, "area": 2668885.563, "perimeter": 7571.745, "codzona": "P", "numquart": 13, "nomezona": "Saffi", "intersect_area": 10000.0 }, "geometry": { "type": "MultiPolygon", "coordinates": [ [ [ [ 1261011.083918832940981, 5543929.320480721071362 ], [ 1261011.083918832940981, 5543829.320480721071362 ], [ 1260911.083918832940981, 5543829.320480721071362 ], [ 1260911.083918832940981, 5543929.320480721071362 ], [ 1261011.083918832940981, 5543929.320480721071362 ] ] ] ] } },
{ "type": "Feature", "properties": { "id": 3, "left": 1260911.0839188329, "top": 5543829.3204807211, "right": 1261011.0839188329, "bottom": 5543729.3204807211, "row_index": 2, "col_index": 0, "area": 2668885.563, "perimeter": 7571.745, "codzona": "P", "numquart": 13, "nomezona": "Saffi", "intersect_area": 10000.0 }, "geometry": { "type": "MultiPolygon", "coordinates": [ [ [ [ 1261011.083918832940981, 5543829.320480721071362 ], [ 1261011.083918832940981, 5543729.320480721071362 ], [ 1260911.083918832940981, 5543729.320480721071362 ], [ 1260911.083918832940981, 5543829.320480721071362 ], [ 1261011.083918832940981, 5543829.320480721071362 ] ] ] ] } },
{ "type": "Feature", "properties": { "id": 4, "left": 1260911.0839188329, "top": 5543729.3204807211, "right": 1261011.0839188329, "bottom": 5543629.3204807211, "row_index": 3, "col_index": 0, "area": 2668885.563, "perimeter": 7571.745, "codzona": "P", "numquart": 13, "nomezona": "Saffi", "intersect_area": 10000.0 }, "geometry": { "type": "MultiPolygon", "coordinates": [ [ [ [ 1261011.083918832940981, 5543729.320480721071362 ], [ 1261011.083918832940981, 5543629.320480721071362 ], [ 1260911.083918832940981, 5543629.320480721071362 ], [ 1260911.083918832940981, 5543729.320480721071362 ], [ 1261011.083918832940981, 5543729.320480721071362 ] ] ] ] } },
{ "type": "Feature", "properties": { "id": 5, "left": 1260911.0839188329, "top": 5543629.3204807211, "right": 1261011.0839188329, "bottom": 5543529.3204807211, "row_index": 4, "col_index": 0, "area": 2668885.563, "perimeter": 7571.745, "codzona": "P", "numquart": 13, "nomezona": "Saffi", "intersect_area": 10000.0 }, "geometry": { "type": "MultiPolygon", "coordinates": [ [ [ [ 1261011.083918832940981, 5543629.320480721071362 ], [ 1261011.083918832940981, 5543529.320480721071362 ], [ 1260911.083918832940981, 5543529.320480721071362 ], [ 1260911.083918832940981, 5543629.320480721071362 ], [ 1261011.083918832940981, 5543629.320480721071362 ] ] ] ] } },
{ "type": "Feature", "properties": { "id": 6, "left": 1260911.0839188329, "top": 5543529.3204807211, "right": 1261011.0839188329, "bottom": 5543429.3204807211, "row_index": 5, "col_index": 0, "area": 2668885.563, "perimeter": 7571.745, "codzona": "P", "numquart": 13, "nomezona": "Saffi", "intersect_area": 10000.0 }, "geometry": { "type": "MultiPolygon", "coordinates": [ [ [ [ 1261011.083918832940981, 5543529.320480721071362 ], [ 1261011.083918832940981, 5543429.320480721071362 ], [ 1260911.083918832940981, 5543429.320480721071362 ], [ 1260911.083918832940981, 5543529.320480721071362 ], [ 1261011.083918832940981, 5543529.320480721071362 ] ] ] ] } },
{ "type": "Feature", "properties": { "id": 7, "left": 1260911.0839188329, "top": 5543429.3204807211, "right": 1261011.0839188329, "bottom": 5543329.3204807211, "row_index": 6, "col_index": 0, "area": 2668885.563, "perimeter": 7571.745, "codzona": "P", "numquart": 13, "nomezona": "Saffi", "intersect_area": 10000.0 }, "geometry": { "type": "MultiPolygon", "coordinates": [ [ [ [ 1261011.083918832940981, 5543429.320480721071362 ], [ 1261011.083918832940981, 5543329.320480721071362 ], [ 1260911.083918832940981, 5543329.320480721071362 ], [ 1260911.083918832940981, 5543429.320480721071362 ], [ 1261011.083918832940981, 5543429.320480721071362 ] ] ] ] } },
{ "type": "Feature", "properties": { "id": 8, "left": 1260911.0839188329, "top": 5543329.3204807211, "right": 1261011.0839188329, "bottom": 5543229.3204807211, "row_index": 7, "col_index": 0, "area": 2668885.563, "perimeter": 7571.745, "codzona": "P", "numquart": 13, "nomezona": "Saffi", "intersect_area": 10000.0 }, "geometry": { "type": "MultiPolygon", "coordinates": [ [ [ [ 1261011.083918832940981, 5543329.320480721071362 ], [ 1261011.083918832940981, 5543229.320480721071362 ], [ 1260911.083918832940981, 5543229.320480721071362 ], [ 1260911.083918832940981, 5543329.320480721071362 ], [ 1261011.083918832940981, 5543329.320480721071362 ] ] ] ] } },
{ "type": "Feature", "properties": { "id": 9, "left": 1260911.0839188329, "top": 5543229.3204807211, "right": 1261011.0839188329, "bottom": 5543129.3204807211, "row_index": 8, "col_index": 0, "area": 2668885.563, "perimeter": 7571.745, "codzona": "P", "numquart": 13, "nomezona": "Saffi", "intersect_area": 10000.0 }, "geometry": { "type": "MultiPolygon", "coordinates": [ [ [ [ 1261011.083918832940981, 5543229.320480721071362 ], [ 1261011.083918832940981, 5543129.320480721071362 ], [ 1260911.083918832940981, 5543129.320480721071362 ], [ 1260911.083918832940981, 5543229.320480721071362 ], [ 1261011.083918832940981, 5543229.320480721071362 ] ] ] ] } },
{ "type": "Feature", "properties": { "id": 10, "left": 1260911.0839188329, "top": 5543129.3204807211, "right": 1261011.0839188329, "bottom": 5543029.3204807211, "row_index": 9, "col_index": 0, "area": 2668885.563, "perimeter": 7571.745, "codzona": "P", "numquart": 13, "nomezona": "Saffi", "intersect_area": 4251.3937671780586 }, "geometry": { "type": "MultiPolygon", "coordinates": [ [ [ [ 1261011.083918832940981, 5543129.320480721071362 ], [ 1261011.083918832940981, 5543120.632693684659898 ], [ 1260935.214154126821086, 5543066.482708438299596 ], [ 1260911.083918832940981, 5543064.676687203347683 ], [ 1260911.083918832940981, 5543129.320480721071362 ], [ 1261011.083918832940981, 5543129.320480721071362 ] ] ] ] } },
{ "type": "Feature", "properties": { "id": 10, "left": 1260911.0839188329, "top": 5543129.3204807211, "right": 1261011.0839188329, "bottom": 5543029.3204807211, "row_index": 9, "col_index": 0, "area": 1058290.413, "perimeter": 4426.128, "codzona": "M", "numquart": 13, "nomezona": "Marconi", "intersect_area": 5748.6062328144908 }, "geometry": { "type": "MultiPolygon", "coordinates": [ [ [ [ 1261011.083918832940981, 5543029.320480721071362 ], [ 1260911.083918832940981, 5543029.320480721071362 ], [ 1260911.083918832940981, 5543064.676687203347683 ], [ 1260935.214154126821086, 5543066.482708438299596 ], [ 1261011.083918832940981, 5543120.632693684659898 ], [ 1261011.083918832940981, 5543029.320480721071362 ] ] ] ] } },
{ "type": "Feature", "properties": { "id": 11, "left": 1260911.0839188329, "top": 5543029.3204807211, "right": 1261011.0839188329, "bottom": 5542929.3204807211, "row_index": 10, "col_index": 0, "area": 2668885.563, "perimeter": 7571.745, "codzona": "P", "numquart": 13, "nomezona": "Saffi", "intersect_area": 422.44489048421383 }, "geometry": { "type": "MultiPolygon", "coordinates": [ [ [ [ 1260911.083918832940981, 5542929.320480721071362 ], [ 1260911.083918832940981, 5542993.427508992142975 ], [ 1260914.210868549300358, 5542976.170425998046994 ], [ 1260924.839117975439876, 5542929.320480721071362 ], [ 1260911.083918832940981, 5542929.320480721071362 ] ] ] ] } },
{ "type": "Feature", "properties": { "id": 11, "left": 1260911.0839188329, "top": 5543029.3204807211, "right": 1261011.0839188329, "bottom": 5542929.3204807211, "row_index": 10, "col_index": 0, "area": 959599.953, "perimeter": 4269.096, "codzona": "L", "numquart": 13, "nomezona": "Malpighi", "intersect_area": 6831.6606990471482 }, "geometry": { "type": "MultiPolygon", "coordinates": [ [ [ [ 1261011.083918832940981, 5542929.320480721071362 ], [ 1260924.839117975439876, 5542929.320480721071362 ], [ 1260914.210868549300358, 5542976.170425998046994 ], [ 1260911.083918832940981, 5542993.427508992142975 ], [ 1260911.083918832940981, 5543006.590836239047348 ], [ 1260922.103346303571016, 5542997.134169045835733 ], [ 1260967.006570615340024, 5543005.25772999227047 ], [ 1260979.70307117048651, 5543008.783595315180719 ], [ 1260995.496856307378039, 5543000.551525110378861 ], [ 1261011.083918832940981, 5542992.913782288320363 ], [ 1261011.083918832940981, 5542929.320480721071362 ] ] ] ] } },
{ "type": "Feature", "properties": { "id": 11, "left": 1260911.0839188329, "top": 5543029.3204807211, "right": 1261011.0839188329, "bottom": 5542929.3204807211, "row_index": 10, "col_index": 0, "area": 1058290.413, "perimeter": 4426.128, "codzona": "M", "numquart": 13, "nomezona": "Marconi", "intersect_area": 2745.8944104909897 }, "geometry": { "type": "MultiPolygon", "coordinates": [ [ [ [ 1261011.083918832940981, 5543029.320480721071362 ], [ 1261011.083918832940981, 5542992.913782288320363 ], [ 1260995.496856307378039, 5543000.551525110378861 ], [ 1260979.70307117048651, 5543008.783595315180719 ], [ 1260967.006570615340024, 5543005.25772999227047 ], [ 1260922.103346303571016, 5542997.134169045835733 ], [ 1260911.083918832940981, 5543006.590836239047348 ], [ 1260911.083918832940981, 5543029.320480721071362 ], [ 1261011.083918832940981, 5543029.320480721071362 ] ] ] ] } },
{ "type": "Feature", "properties": { "id": 12, "left": 1260911.0839188329, "top": 5542929.3204807211, "right": 1261011.0839188329, "bottom": 5542829.3204807211, "row_index": 11, "col_index": 0, "area": 2668885.563, "perimeter": 7571.745, "codzona": "P", "numquart": 13, "nomezona": "Saffi", "intersect_area": 2509.8061298727989 }, "geometry": { "type": "MultiPolygon", "coordinates": [ [ [ [ 1260924.839117975439876, 5542929.320480721071362 ], [ 1260947.524842287879437, 5542829.320480721071362 ], [ 1260911.083918832940981, 5542829.320480721071362 ], [ 1260911.083918832940981, 5542929.320480721071362 ], [ 1260924.839117975439876, 5542929.320480721071362 ] ] ] ] } },
{ "type": "Feature", "properties": { "id": 12, "left": 1260911.0839188329, "top": 5542929.3204807211, "right": 1261011.0839188329, "bottom": 5542829.3204807211, "row_index": 11, "col_index": 0, "area": 959599.953, "perimeter": 4269.096, "codzona": "L", "numquart": 13, "nomezona": "Malpighi", "intersect_area": 7490.1938701272011 }, "geometry": { "type": "MultiPolygon", "coordinates": [ [ [ [ 1261011.083918832940981, 5542929.320480721071362 ], [ 1261011.083918832940981, 5542829.320480721071362 ], [ 1260947.524842287879437, 5542829.320480721071362 ], [ 1260924.839117975439876, 5542929.320480721071362 ], [ 1261011.083918832940981, 5542929.320480721071362 ] ] ] ] } },
{ "type": "Feature", "properties": { "id": 13, "left": 1260911.0839188329, "top": 5542829.3204807211, "right": 1261011.0839188329, "bottom": 5542729.3204807211, "row_index": 12, "col_index": 0, "area": 2668885.563, "perimeter": 7571.745, "codzona": "P", "numquart": 13, "nomezona": "Saffi", "intersect_area": 4780.3355016857386 }, "geometry": { "type": "MultiPolygon", "coordinates": [ [ [ [ 1260947.524842287879437, 5542829.320480721071362 ], [ 1260965.606190661899745, 5542749.616839237511158 ], [ 1260970.403403220698237, 5542729.320480721071362 ], [ 1260911.083918832940981, 5542729.320480721071362 ], [ 1260911.083918832940981, 5542829.320480721071362 ], [ 1260947.524842287879437, 5542829.320480721071362 ] ] ] ] } },
{ "type": "Feature", "properties": { "id": 13, "left": 1260911.0839188329, "top": 5542829.3204807211, "right": 1261011.0839188329, "bottom": 5542729.3204807211, "row_index": 12, "col_index": 0, "area": 959599.953, "perimeter": 4269.096, "codzona": "L", "numquart": 13, "nomezona": "Malpighi", "intersect_area": 5219.6644982993603 }, "geometry": { "type": "MultiPolygon", "coordinates": [ [ [ [ 1261011.083918832940981, 5542829.320480721071362 ], [ 1261011.083918832940981, 5542729.320480721071362 ], [ 1260970.403403220698237, 5542729.320480721071362 ], [ 1260965.606190661899745, 5542749.616839237511158 ], [ 1260947.524842287879437, 5542829.320480721071362 ], [ 1261011.083918832940981, 5542829.320480721071362 ] ] ] ] } },
{ "type": "Feature", "properties": { "id": 14, "left": 1260911.0839188329, "top": 5542729.3204807211, "right": 1261011.0839188329, "bottom": 5542629.3204807211, "row_index": 13, "col_index": 0, "area": 11079668.308, "perimeter": 20386.147, "codzona": "F", "numquart": 13, "nomezona": "Costa Saragozza", "intersect_area": 4145.2619935870171 }, "geometry": { "type": "MultiPolygon", "coordinates": [ [ [ [ 1260911.083918832940981, 5542629.320480721071362 ], [ 1260911.083918832940981, 5542677.581811055541039 ], [ 1260947.333865528693423, 5542684.181419777683914 ], [ 1260979.884738364489749, 5542689.206232094205916 ], [ 1260983.790527544450015, 5542672.415096894837916 ], [ 1260993.421027165371925, 5542629.320480721071362 ], [ 1260911.083918832940981, 5542629.320480721071362 ] ] ] ] } },
{ "type": "Feature", "properties": { "id": 14, "left": 1260911.0839188329, "top": 5542729.3204807211, "right": 1261011.0839188329, "bottom": 5542629.3204807211, "row_index": 13, "col_index": 0, "area": 2668885.563, "perimeter": 7571.745, "codzona": "P", "numquart": 13, "nomezona": "Saffi", "intersect_area": 2953.2727869749069 }, "geometry": { "type": "MultiPolygon", "coordinates": [ [ [ [ 1260970.403403220698237, 5542729.320480721071362 ], [ 1260979.884738364489749, 5542689.206232094205916 ], [ 1260947.333865528693423, 5542684.181419777683914 ], [ 1260911.083918832940981, 5542677.581811055541039 ], [ 1260911.083918832940981, 5542729.320480721071362 ], [ 1260970.403403220698237, 5542729.320480721071362 ] ] ] ] } },
{ "type": "Feature", "properties": { "id": 14, "left": 1260911.0839188329, "top": 5542729.3204807211, "right": 1261011.0839188329, "bottom": 5542629.3204807211, "row_index": 13, "col_index": 0, "area": 959599.953, "perimeter": 4269.096, "codzona": "L", "numquart": 13, "nomezona": "Malpighi", "intersect_area": 2901.4652194529772 }, "geometry": { "type": "MultiPolygon", "coordinates": [ [ [ [ 1261011.083918832940981, 5542729.320480721071362 ], [ 1261011.083918832940981, 5542629.320480721071362 ], [ 1260993.421027165371925, 5542629.320480721071362 ], [ 1260983.790527544450015, 5542672.415096894837916 ], [ 1260979.884738364489749, 5542689.206232094205916 ], [ 1260970.403403220698237, 5542729.320480721071362 ], [ 1261011.083918832940981, 5542729.320480721071362 ] ] ] ] } },
{ "type": "Feature", "properties": { "id": 15, "left": 1260911.0839188329, "top": 5542629.3204807211, "right": 1261011.0839188329, "bottom": 5542529.3204807211, "row_index": 14, "col_index": 0, "area": 11079668.308, "perimeter": 20386.147, "codzona": "F", "numquart": 13, "nomezona": "Costa Saragozza", "intersect_area": 9301.9800852537155 }, "geometry": { "type": "MultiPolygon", "coordinates": [ [ [ [ 1260993.421027165371925, 5542629.320480721071362 ], [ 1261011.083918832940981, 5542550.282469518482685 ], [ 1261011.083918832940981, 5542529.320480721071362 ], [ 1260911.083918832940981, 5542529.320480721071362 ], [ 1260911.083918832940981, 5542629.320480721071362 ], [ 1260993.421027165371925, 5542629.320480721071362 ] ] ] ] } },
{ "type": "Feature", "properties": { "id": 15, "left": 1260911.0839188329, "top": 5542629.3204807211, "right": 1261011.0839188329, "bottom": 5542529.3204807211, "row_index": 14, "col_index": 0, "area": 959599.953, "perimeter": 4269.096, "codzona": "L", "numquart": 13, "nomezona": "Malpighi", "intersect_area": 698.01991474628448 }, "geometry": { "type": "MultiPolygon", "coordinates": [ [ [ [ 1261011.083918832940981, 5542629.320480721071362 ], [ 1261011.083918832940981, 5542550.282469518482685 ], [ 1260993.421027165371925, 5542629.320480721071362 ], [ 1261011.083918832940981, 5542629.320480721071362 ] ] ] ] } },
{ "type": "Feature", "properties": { "id": 16, "left": 1260911.0839188329, "top": 5542529.3204807211, "right": 1261011.0839188329, "bottom": 5542429.3204807211, "row_index": 15, "col_index": 0, "area": 11079668.308, "perimeter": 20386.147, "codzona": "F", "numquart": 13, "nomezona": "Costa Saragozza", "intersect_area": 10000.0 }, "geometry": { "type": "MultiPolygon", "coordinates": [ [ [ [ 1261011.083918832940981, 5542529.320480721071362 ], [ 1261011.083918832940981, 5542429.320480721071362 ], [ 1260911.083918832940981, 5542429.320480721071362 ], [ 1260911.083918832940981, 5542529.320480721071362 ], [ 1261011.083918832940981, 5542529.320480721071362 ] ] ] ] } },
{ "type": "Feature", "properties": { "id": 17, "left": 1260911.0839188329, "top": 5542429.3204807211, "right": 1261011.0839188329, "bottom": 5542329.3204807211, "row_index": 16, "col_index": 0, "area": 11079668.308, "perimeter": 20386.147, "codzona": "F", "numquart": 13, "nomezona": "Costa Saragozza", "intersect_area": 10000.0 }, "geometry": { "type": "MultiPolygon", "coordinates": [ [ [ [ 1261011.083918832940981, 5542429.320480721071362 ], [ 1261011.083918832940981, 5542329.320480721071362 ], [ 1260911.083918832940981, 5542329.320480721071362 ], [ 1260911.083918832940981, 5542429.320480721071362 ], [ 1261011.083918832940981, 5542429.320480721071362 ] ] ] ] } },
{ "type": "Feature", "properties": { "id": 18, "left": 1260911.0839188329, "top": 5542329.3204807211, "right": 1261011.0839188329, "bottom": 5542229.3204807211, "row_index": 17, "col_index": 0, "area": 11079668.308, "perimeter": 20386.147, "codzona": "F", "numquart": 13, "nomezona": "Costa Saragozza", "intersect_area": 10000.0 }, "geometry": { "type": "MultiPolygon", "coordinates": [ [ [ [ 1261011.083918832940981, 5542329.320480721071362 ], [ 1261011.083918832940981, 5542229.320480721071362 ], [ 1260911.083918832940981, 5542229.320480721071362 ], [ 1260911.083918832940981, 5542329.320480721071362 ], [ 1261011.083918832940981, 5542329.320480721071362 ] ] ] ] } },
{ "type": "Feature", "properties": { "id": 19, "left": 1260911.0839188329, "top": 5542229.3204807211, "right": 1261011.0839188329, "bottom": 5542129.3204807211, "row_index": 18, "col_index": 0, "area": 11079668.308, "perimeter": 20386.147, "codzona": "F", "numquart": 13, "nomezona": "Costa Saragozza", "intersect_area": 10000.0 }, "geometry": { "type": "MultiPolygon", "coordinates": [ [ [ [ 1261011.083918832940981, 5542229.320480721071362 ], [ 1261011.083918832940981, 5542129.320480721071362 ], [ 1260911.083918832940981, 5542129.320480721071362 ], [ 1260911.083918832940981, 5542229.320480721071362 ], [ 1261011.083918832940981, 5542229.320480721071362 ] ] ] ] } },
{ "type": "Feature", "properties": { "id": 20, "left": 1260911.0839188329, "top": 5542129.3204807211, "right": 1261011.0839188329, "bottom": 5542029.3204807211, "row_index": 19, "col_index": 0, "area": 11079668.308, "perimeter": 20386.147, "codzona": "F", "numquart": 13, "nomezona": "Costa Saragozza", "intersect_area": 10000.0 }, "geometry": { "type": "MultiPolygon", "coordinates": [ [ [ [ 1261011.083918832940981, 5542129.320480721071362 ], [ 1261011.083918832940981, 5542029.320480721071362 ], [ 1260911.083918832940981, 5542029.320480721071362 ], [ 1260911.083918832940981, 5542129.320480721071362 ], [ 1261011.083918832940981, 5542129.320480721071362 ] ] ] ] } },
{ "type": "Feature", "properties": { "id": 21, "left": 1260911.0839188329, "top": 5542029.3204807211, "right": 1261011.0839188329, "bottom": 5541929.3204807211, "row_index": 20, "col_index": 0, "area": 11079668.308, "perimeter": 20386.147, "codzona": "F", "numquart": 13, "nomezona": "Costa Saragozza", "intersect_area": 10000.0 }, "geometry": { "type": "MultiPolygon", "coordinates": [ [ [ [ 1261011.083918832940981, 5542029.320480721071362 ], [ 1261011.083918832940981, 5541929.320480721071362 ], [ 1260911.083918832940981, 5541929.320480721071362 ], [ 1260911.083918832940981, 5542029.320480721071362 ], [ 1261011.083918832940981, 5542029.320480721071362 ] ] ] ] } },
{ "type": "Feature", "properties": { "id": 22, "left": 1260911.0839188329, "top": 5541929.3204807211, "right": 1261011.0839188329, "bottom": 5541829.3204807211, "row_index": 21, "col_index": 0, "area": 11079668.308, "perimeter": 20386.147, "codzona": "F", "numquart": 13, "nomezona": "Costa Saragozza", "intersect_area": 10000.0 }, "geometry": { "type": "MultiPolygon", "coordinates": [ [ [ [ 1261011.083918832940981, 5541929.320480721071362 ], [ 1261011.083918832940981, 5541829.320480721071362 ], [ 1260911.083918832940981, 5541829.320480721071362 ], [ 1260911.083918832940981, 5541929.320480721071362 ], [ 1261011.083918832940981, 5541929.320480721071362 ] ] ] ] } },
{ "type": "Feature", "properties": { "id": 23, "left": 1260911.0839188329, "top": 5541829.3204807211, "right": 1261011.0839188329, "bottom": 5541729.3204807211, "row_index": 22, "col_index": 0, "area": 11079668.308, "perimeter": 20386.147, "codzona": "F", "numquart": 13, "nomezona": "Costa Saragozza", "intersect_area": 10000.0 }, "geometry": { "type": "MultiPolygon", "coordinates": [ [ [ [ 1261011.083918832940981, 5541829.320480721071362 ], [ 1261011.083918832940981, 5541729.320480721071362 ], [ 1260911.083918832940981, 5541729.320480721071362 ], [ 1260911.083918832940981, 5541829.320480721071362 ], [ 1261011.083918832940981, 5541829.320480721071362 ] ] ] ] } },
{ "type": "Feature", "properties": { "id": 24, "left": 1260911.0839188329, "top": 5541729.3204807211, "right": 1261011.0839188329, "bottom": 5541629.3204807211, "row_index": 23, "col_index": 0, "area": 11079668.308, "perimeter": 20386.147, "codzona": "F", "numquart": 13, "nomezona": "Costa Saragozza", "intersect_area": 10000.0 }, "geometry": { "type": "MultiPolygon", "coordinates": [ [ [ [ 1261011.083918832940981, 5541729.320480721071362 ], [ 1261011.083918832940981, 5541629.320480721071362 ], [ 1260911.083918832940981, 5541629.320480721071362 ], [ 1260911.083918832940981, 5541729.320480721071362 ], [ 1261011.083918832940981, 5541729.320480721071362 ] ] ] ] } },
{ "type": "Feature", "properties": { "id": 25, "left": 1260911.0839188329, "top": 5541629.3204807211, "right": 1261011.0839188329, "bottom": 5541529.3204807211, "row_index": 24, "col_index": 0, "area": 11079668.308, "perimeter": 20386.147, "codzona": "F", "numquart": 13, "nomezona": "Costa Saragozza", "intersect_area": 10000.0 }, "geometry": { "type": "MultiPolygon", "coordinates": [ [ [ [ 1261011.083918832940981, 5541629.320480721071362 ], [ 1261011.083918832940981, 5541529.320480721071362 ], [ 1260911.083918832940981, 5541529.320480721071362 ], [ 1260911.083918832940981, 5541629.320480721071362 ], [ 1261011.083918832940981, 5541629.320480721071362 ] ] ] ] } },
{ "type": "Feature", "properties": { "id": 26, "left": 1260911.0839188329, "top": 5541529.3204807211, "right": 1261011.0839188329, "bottom": 5541429.3204807211, "row_index": 25, "col_index": 0, "area": 11079668.308, "perimeter": 20386.147, "codzona": "F", "numquart": 13, "nomezona": "Costa Saragozza", "intersect_area": 10000.0 }, "geometry": { "type": "MultiPolygon", "coordinates": [ [ [ [ 1261011.083918832940981, 5541529.320480721071362 ], [ 1261011.083918832940981, 5541429.320480721071362 ], [ 1260911.083918832940981, 5541429.320480721071362 ], [ 1260911.083918832940981, 5541529.320480721071362 ], [ 1261011.083918832940981, 5541529.320480721071362 ] ] ] ] } },
{ "type": "Feature", "properties": { "id": 27, "left": 1260911.0839188329, "top": 5541429.3204807211, "right": 1261011.0839188329, "bottom": 5541329.3204807211, "row_index": 26, "col_index": 0, "area": 11079668.308, "perimeter": 20386.147, "codzona": "F", "numquart": 13, "nomezona": "Costa Saragozza", "intersect_area": 10000.0 }, "geometry": { "type": "MultiPolygon", "coordinates": [ [ [ [ 1261011.083918832940981, 5541429.320480721071362 ], [ 1261011.083918832940981, 5541329.320480721071362 ], [ 1260911.083918832940981, 5541329.320480721071362 ], [ 1260911.083918832940981, 5541429.320480721071362 ], [ 1261011.083918832940981, 5541429.320480721071362 ] ] ] ] } },
{ "type": "Feature", "properties": { "id": 28, "left": 1260911.0839188329, "top": 5541329.3204807211, "right": 1261011.0839188329, "bottom": 5541229.3204807211, "row_index": 27, "col_index": 0, "area": 11079668.308, "perimeter": 20386.147, "codzona": "F", "numquart": 13, "nomezona": "Costa Saragozza", "intersect_area": 5521.2256278395653 }, "geometry": { "type": "MultiPolygon", "coordinates": [ [ [ [ 1261011.083918832940981, 5541329.320480721071362 ], [ 1261011.083918832940981, 5541307.162528109736741 ], [ 1260983.482111386489123, 5541301.869678182527423 ], [ 1260971.207706938730553, 5541296.041957955807447 ], [ 1260964.658757703844458, 5541289.633970622904599 ], [ 1260937.544596516294405, 5541246.099560734815896 ], [ 1260927.128765888046473, 5541229.320480721071362 ], [ 1260911.083918832940981, 5541229.320480721071362 ], [ 1260911.083918832940981, 5541329.320480721071362 ], [ 1261011.083918832940981, 5541329.320480721071362 ] ] ] ] } },
{ "type": "Feature", "properties": { "id": 28, "left": 1260911.0839188329, "top": 5541329.3204807211, "right": 1261011.0839188329, "bottom": 5541229.3204807211, "row_index": 27, "col_index": 0, "area": 24725141.879000001, "perimeter": 30542.734, "codzona": "D", "numquart": 15, "nomezona": "Colli", "intersect_area": 4478.7743721529841 }, "geometry": { "type": "MultiPolygon", "coordinates": [ [ [ [ 1261011.083918832940981, 5541229.320480721071362 ], [ 1260927.128765888046473, 5541229.320480721071362 ], [ 1260937.544596516294405, 5541246.099560734815896 ], [ 1260964.658757703844458, 5541289.633970622904599 ], [ 1260971.207706938730553, 5541296.041957955807447 ], [ 1260983.482111386489123, 5541301.869678182527423 ], [ 1261011.083918832940981, 5541307.162528109736741 ], [ 1261011.083918832940981, 5541229.320480721071362 ] ] ] ] } },
{ "type": "Feature", "properties": { "id": 29, "left": 1260911.0839188329, "top": 5541229.3204807211, "right": 1261011.0839188329, "bottom": 5541129.3204807211, "row_index": 28, "col_index": 0, "area": 11079668.308, "perimeter": 20386.147, "codzona": "F", "numquart": 13, "nomezona": "Costa Saragozza", "intersect_area": 200.65859311819077 }, "geometry": { "type": "MultiPolygon", "coordinates": [ [ [ [ 1260927.128765888046473, 5541229.320480721071362 ], [ 1260921.832593796774745, 5541220.788766020908952 ], [ 1260911.083918832940981, 5541204.719575991854072 ], [ 1260911.083918832940981, 5541229.320480721071362 ], [ 1260927.128765888046473, 5541229.320480721071362 ] ] ] ] } },
{ "type": "Feature", "properties": { "id": 29, "left": 1260911.0839188329, "top": 5541229.3204807211, "right": 1261011.0839188329, "bottom": 5541129.3204807211, "row_index": 28, "col_index": 0, "area": 24725141.879000001, "perimeter": 30542.734, "codzona": "D", "numquart": 15, "nomezona": "Colli", "intersect_area": 9799.3414069116116 }, "geometry": { "type": "MultiPolygon", "coordinates": [ [ [ [ 1261011.083918832940981, 5541229.320480721071362 ], [ 1261011.083918832940981, 5541129.320480721071362 ], [ 1260911.083918832940981, 5541129.320480721071362 ], [ 1260911.083918832940981, 5541204.719575991854072 ], [ 1260921.832593796774745, 5541220.788766020908952 ], [ 1260927.128765888046473, 5541229.320480721071362 ], [ 1261011.083918832940981, 5541229.320480721071362 ] ] ] ] } },
{ "type": "Feature", "properties": { "id": 30, "left": 1260911.0839188329, "top": 5541129.3204807211, "right": 1261011.0839188329, "bottom": 5541029.3204807211, "row_index": 29, "col_index": 0, "area": 24725141.879000001, "perimeter": 30542.734, "codzona": "D", "numquart": 15, "nomezona": "Colli", "intersect_area": 10000.0 }, "geometry": { "type": "MultiPolygon", "coordinates": [ [ [ [ 1261011.083918832940981, 5541129.320480721071362 ], [ 1261011.083918832940981, 5541029.320480721071362 ], [ 1260911.083918832940981, 5541029.320480721071362 ], [ 1260911.083918832940981, 5541129.320480721071362 ], [ 1261011.083918832940981, 5541129.320480721071362 ] ] ] ] } },
{ "type": "Feature", "properties": { "id": 31, "left": 1260911.0839188329, "top": 5541029.3204807211, "right": 1261011.0839188329, "bottom": 5540929.3204807211, "row_index": 30, "col_index": 0, "area": 24725141.879000001, "perimeter": 30542.734, "codzona": "D", "numquart": 15, "nomezona": "Colli", "intersect_area": 10000.0 }, "geometry": { "type": "MultiPolygon", "coordinates": [ [ [ [ 1261011.083918832940981, 5541029.320480721071362 ], [ 1261011.083918832940981, 5540929.320480721071362 ], [ 1260911.083918832940981, 5540929.320480721071362 ], [ 1260911.083918832940981, 5541029.320480721071362 ], [ 1261011.083918832940981, 5541029.320480721071362 ] ] ] ] } },
{ "type": "Feature", "properties": { "id": 32, "left": 1260911.0839188329, "top": 5540929.3204807211, "right": 1261011.0839188329, "bottom": 5540829.3204807211, "row_index": 31, "col_index": 0, "area": 24725141.879000001, "perimeter": 30542.734, "codzona": "D", "numquart": 15, "nomezona": "Colli", "intersect_area": 10000.0 }, "geometry": { "type": "MultiPolygon", "coordinates": [ [ [ [ 1261011.083918832940981, 5540929.320480721071362 ], [ 1261011.083918832940981, 5540829.320480721071362 ], [ 1260911.083918832940981, 5540829.320480721071362 ], [ 1260911.083918832940981, 5540929.320480721071362 ], [ 1261011.083918832940981, 5540929.320480721071362 ] ] ] ] } },
{ "type": "Feature", "properties": { "id": 33, "left": 1260911.0839188329, "top": 5540829.3204807211, "right": 1261011.0839188329, "bottom": 5540729.3204807211, "row_index": 32, "col_index": 0, "area": 24725141.879000001, "perimeter": 30542.734, "codzona": "D", "numquart": 15, "nomezona": "Colli", "intersect_area": 10000.0 }, "geometry": { "type": "MultiPolygon", "coordinates": [ [ [ [ 1261011.083918832940981, 5540829.320480721071362 ], [ 1261011.083918832940981, 5540729.320480721071362 ], [ 1260911.083918832940981, 5540729.320480721071362 ], [ 1260911.083918832940981, 5540829.320480721071362 ], [ 1261011.083918832940981, 5540829.320480721071362 ] ] ] ] } },
{ "type": "Feature", "properties": { "id": 34, "left": 1260911.0839188329, "top": 5540729.3204807211, "right": 1261011.0839188329, "bottom": 5540629.3204807211, "row_index": 33, "col_index": 0, "area": 24725141.879000001, "perimeter": 30542.734, "codzona": "D", "numquart": 15, "nomezona": "Colli", "intersect_area": 10000.0 }, "geometry": { "type": "MultiPolygon", "coordinates": [ [ [ [ 1261011.083918832940981, 5540729.320480721071362 ], [ 1261011.083918832940981, 5540629.320480721071362 ], [ 1260911.083918832940981, 5540629.320480721071362 ], [ 1260911.083918832940981, 5540729.320480721071362 ], [ 1261011.083918832940981, 5540729.320480721071362 ] ] ] ] } },
{ "type": "Feature", "properties": { "id": 35, "left": 1261011.0839188329, "top": 5544029.3204807211, "right": 1261111.0839188329, "bottom": 5543929.3204807211, "row_index": 0, "col_index": 1, "area": 2668885.563, "perimeter": 7571.745, "codzona": "P", "numquart": 13, "nomezona": "Saffi", "intersect_area": 10000.0 }, "geometry": { "type": "MultiPolygon", "coordinates": [ [ [ [ 1261111.083918832940981, 5544029.320480721071362 ], [ 1261111.083918832940981, 5543929.320480721071362 ], [ 1261011.083918832940981, 5543929.320480721071362 ], [ 1261011.083918832940981, 5544029.320480721071362 ], [ 1261111.083918832940981, 5544029.320480721071362 ] ] ] ] } },
{ "type": "Feature", "properties": { "id": 36, "left": 1261011.0839188329, "top": 5543929.3204807211, "right": 1261111.0839188329, "bottom": 5543829.3204807211, "row_index": 1, "col_index": 1, "area": 2668885.563, "perimeter": 7571.745, "codzona": "P", "numquart": 13, "nomezona": "Saffi", "intersect_area": 10000.0 }, "geometry": { "type": "MultiPolygon", "coordinates": [ [ [ [ 1261111.083918832940981, 5543929.320480721071362 ], [ 1261111.083918832940981, 5543829.320480721071362 ], [ 1261011.083918832940981, 5543829.320480721071362 ], [ 1261011.083918832940981, 5543929.320480721071362 ], [ 1261111.083918832940981, 5543929.320480721071362 ] ] ] ] } },
{ "type": "Feature", "properties": { "id": 37, "left": 1261011.0839188329, "top": 5543829.3204807211, "right": 1261111.0839188329, "bottom": 5543729.3204807211, "row_index": 2, "col_index": 1, "area": 2668885.563, "perimeter": 7571.745, "codzona": "P", "numquart": 13, "nomezona": "Saffi", "intersect_area": 10000.0 }, "geometry": { "type": "MultiPolygon", "coordinates": [ [ [ [ 1261111.083918832940981, 5543829.320480721071362 ], [ 1261111.083918832940981, 5543729.320480721071362 ], [ 1261011.083918832940981, 5543729.320480721071362 ], [ 1261011.083918832940981, 5543829.320480721071362 ], [ 1261111.083918832940981, 5543829.320480721071362 ] ] ] ] } },
{ "type": "Feature", "properties": { "id": 38, "left": 1261011.0839188329, "top": 5543729.3204807211, "right": 1261111.0839188329, "bottom": 5543629.3204807211, "row_index": 3, "col_index": 1, "area": 2668885.563, "perimeter": 7571.745, "codzona": "P", "numquart": 13, "nomezona": "Saffi", "intersect_area": 10000.0 }, "geometry": { "type": "MultiPolygon", "coordinates": [ [ [ [ 1261111.083918832940981, 5543729.320480721071362 ], [ 1261111.083918832940981, 5543629.320480721071362 ], [ 1261011.083918832940981, 5543629.320480721071362 ], [ 1261011.083918832940981, 5543729.320480721071362 ], [ 1261111.083918832940981, 5543729.320480721071362 ] ] ] ] } },
{ "type": "Feature", "properties": { "id": 39, "left": 1261011.0839188329, "top": 5543629.3204807211, "right": 1261111.0839188329, "bottom": 5543529.3204807211, "row_index": 4, "col_index": 1, "area": 2668885.563, "perimeter": 7571.745, "codzona": "P", "numquart": 13, "nomezona": "Saffi", "intersect_area": 10000.0 }, "geometry": { "type": "MultiPolygon", "coordinates": [ [ [ [ 1261111.083918832940981, 5543629.320480721071362 ], [ 1261111.083918832940981, 5543529.320480721071362 ], [ 1261011.083918832940981, 5543529.320480721071362 ], [ 1261011.083918832940981, 5543629.320480721071362 ], [ 1261111.083918832940981, 5543629.320480721071362 ] ] ] ] } },
{ "type": "Feature", "properties": { "id": 40, "left": 1261011.0839188329, "top": 5543529.3204807211, "right": 1261111.0839188329, "bottom": 5543429.3204807211, "row_index": 5, "col_index": 1, "area": 2668885.563, "perimeter": 7571.745, "codzona": "P", "numquart": 13, "nomezona": "Saffi", "intersect_area": 10000.0 }, "geometry": { "type": "MultiPolygon", "coordinates": [ [ [ [ 1261111.083918832940981, 5543529.320480721071362 ], [ 1261111.083918832940981, 5543429.320480721071362 ], [ 1261011.083918832940981, 5543429.320480721071362 ], [ 1261011.083918832940981, 5543529.320480721071362 ], [ 1261111.083918832940981, 5543529.320480721071362 ] ] ] ] } },
{ "type": "Feature", "properties": { "id": 41, "left": 1261011.0839188329, "top": 5543429.3204807211, "right": 1261111.0839188329, "bottom": 5543329.3204807211, "row_index": 6, "col_index": 1, "area": 2668885.563, "perimeter": 7571.745, "codzona": "P", "numquart": 13, "nomezona": "Saffi", "intersect_area": 10000.0 }, "geometry": { "type": "MultiPolygon", "coordinates": [ [ [ [ 1261111.083918832940981, 5543429.320480721071362 ], [ 1261111.083918832940981, 5543329.320480721071362 ], [ 1261011.083918832940981, 5543329.320480721071362 ], [ 1261011.083918832940981, 5543429.320480721071362 ], [ 1261111.083918832940981, 5543429.320480721071362 ] ] ] ] } },
{ "type": "Feature", "properties": { "id": 42, "left": 1261011.0839188329, "top": 5543329.3204807211, "right": 1261111.0839188329, "bottom": 5543229.3204807211, "row_index": 7, "col_index": 1, "area": 2668885.563, "perimeter": 7571.745, "codzona": "P", "numquart": 13, "nomezona": "Saffi", "intersect_area": 10000.0 }, "geometry": { "type": "MultiPolygon", "coordinates": [ [ [ [ 1261111.083918832940981, 5543329.320480721071362 ], [ 1261111.083918832940981, 5543229.320480721071362 ], [ 1261011.083918832940981, 5543229.320480721071362 ], [ 1261011.083918832940981, 5543329.320480721071362 ], [ 1261111.083918832940981, 5543329.320480721071362 ] ] ] ] } },
{ "type": "Feature", "properties": { "id": 43, "left": 1261011.0839188329, "top": 5543229.3204807211, "right": 1261111.0839188329, "bottom": 5543129.3204807211, "row_index": 8, "col_index": 1, "area": 2668885.563, "perimeter": 7571.745, "codzona": "P", "numquart": 13, "nomezona": "Saffi", "intersect_area": 7247.2884005308151 }, "geometry": { "type": "MultiPolygon", "coordinates": [ [ [ [ 1261111.083918832940981, 5543229.320480721071362 ], [ 1261111.083918832940981, 5543192.004979410208762 ], [ 1261023.256412607617676, 5543129.320480721071362 ], [ 1261011.083918832940981, 5543129.320480721071362 ], [ 1261011.083918832940981, 5543229.320480721071362 ], [ 1261111.083918832940981, 5543229.320480721071362 ] ] ] ] } },
{ "type": "Feature", "properties": { "id": 43, "left": 1261011.0839188329, "top": 5543229.3204807211, "right": 1261111.0839188329, "bottom": 5543129.3204807211, "row_index": 8, "col_index": 1, "area": 1058290.413, "perimeter": 4426.128, "codzona": "M", "numquart": 13, "nomezona": "Marconi", "intersect_area": 2752.7115994468331 }, "geometry": { "type": "MultiPolygon", "coordinates": [ [ [ [ 1261111.083918832940981, 5543129.320480721071362 ], [ 1261023.256412607617676, 5543129.320480721071362 ], [ 1261111.083918832940981, 5543192.004979410208762 ], [ 1261111.083918832940981, 5543129.320480721071362 ] ] ] ] } },
{ "type": "Feature", "properties": { "id": 44, "left": 1261011.0839188329, "top": 5543129.3204807211, "right": 1261111.0839188329, "bottom": 5543029.3204807211, "row_index": 9, "col_index": 1, "area": 2668885.563, "perimeter": 7571.745, "codzona": "P", "numquart": 13, "nomezona": "Saffi", "intersect_area": 52.876016810536385 }, "geometry": { "type": "MultiPolygon", "coordinates": [ [ [ [ 1261023.256412607617676, 5543129.320480721071362 ], [ 1261011.083918832940981, 5543120.632693684659898 ], [ 1261011.083918832940981, 5543129.320480721071362 ], [ 1261023.256412607617676, 5543129.320480721071362 ] ] ] ] } },
{ "type": "Feature", "properties": { "id": 44, "left": 1261011.0839188329, "top": 5543129.3204807211, "right": 1261111.0839188329, "bottom": 5543029.3204807211, "row_index": 9, "col_index": 1, "area": 1058290.413, "perimeter": 4426.128, "codzona": "M", "numquart": 13, "nomezona": "Marconi", "intersect_area": 9947.1239832043648 }, "geometry": { "type": "MultiPolygon", "coordinates": [ [ [ [ 1261111.083918832940981, 5543129.320480721071362 ], [ 1261111.083918832940981, 5543029.320480721071362 ], [ 1261011.083918832940981, 5543029.320480721071362 ], [ 1261011.083918832940981, 5543120.632693684659898 ], [ 1261023.256412607617676, 5543129.320480721071362 ], [ 1261111.083918832940981, 5543129.320480721071362 ] ] ] ] } },
{ "type": "Feature", "properties": { "id": 45, "left": 1261011.0839188329, "top": 5543029.3204807211, "right": 1261111.0839188329, "bottom": 5542929.3204807211, "row_index": 10, "col_index": 1, "area": 959599.953, "perimeter": 4269.096, "codzona": "L", "numquart": 13, "nomezona": "Malpighi", "intersect_area": 3909.3037937637419 }, "geometry": { "type": "MultiPolygon", "coordinates": [ [ [ [ 1261111.083918832940981, 5542929.320480721071362 ], [ 1261011.083918832940981, 5542929.320480721071362 ], [ 1261011.083918832940981, 5542992.913782288320363 ], [ 1261111.083918832940981, 5542943.913255030289292 ], [ 1261111.083918832940981, 5542929.320480721071362 ] ] ] ] } },
{ "type": "Feature", "properties": { "id": 45, "left": 1261011.0839188329, "top": 5543029.3204807211, "right": 1261111.0839188329, "bottom": 5542929.3204807211, "row_index": 10, "col_index": 1, "area": 1058290.413, "perimeter": 4426.128, "codzona": "M", "numquart": 13, "nomezona": "Marconi", "intersect_area": 6090.6962062120438 }, "geometry": { "type": "MultiPolygon", "coordinates": [ [ [ [ 1261111.083918832940981, 5543029.320480721071362 ], [ 1261111.083918832940981, 5542943.913255030289292 ], [ 1261011.083918832940981, 5542992.913782288320363 ], [ 1261011.083918832940981, 5543029.320480721071362 ], [ 1261111.083918832940981, 5543029.320480721071362 ] ] ] ] } },
{ "type": "Feature", "properties": { "id": 46, "left": 1261011.0839188329, "top": 5542929.3204807211, "right": 1261111.0839188329, "bottom": 5542829.3204807211, "row_index": 11, "col_index": 1, "area": 959599.953, "perimeter": 4269.096, "codzona": "L", "numquart": 13, "nomezona": "Malpighi", "intersect_area": 10000.0 }, "geometry": { "type": "MultiPolygon", "coordinates": [ [ [ [ 1261111.083918832940981, 5542929.320480721071362 ], [ 1261111.083918832940981, 5542829.320480721071362 ], [ 1261011.083918832940981, 5542829.320480721071362 ], [ 1261011.083918832940981, 5542929.320480721071362 ], [ 1261111.083918832940981, 5542929.320480721071362 ] ] ] ] } },
{ "type": "Feature", "properties": { "id": 47, "left": 1261011.0839188329, "top": 5542829.3204807211, "right": 1261111.0839188329, "bottom": 5542729.3204807211, "row_index": 12, "col_index": 1, "area": 959599.953, "perimeter": 4269.096, "codzona": "L", "numquart": 13, "nomezona": "Malpighi", "intersect_area": 10000.0 }, "geometry": { "type": "MultiPolygon", "coordinates": [ [ [ [ 1261111.083918832940981, 5542829.320480721071362 ], [ 1261111.083918832940981, 5542729.320480721071362 ], [ 1261011.083918832940981, 5542729.320480721071362 ], [ 1261011.083918832940981, 5542829.320480721071362 ], [ 1261111.083918832940981, 5542829.320480721071362 ] ] ] ] } },
{ "type": "Feature", "properties": { "id": 48, "left": 1261011.0839188329, "top": 5542729.3204807211, "right": 1261111.0839188329, "bottom": 5542629.3204807211, "row_index": 13, "col_index": 1, "area": 959599.953, "perimeter": 4269.096, "codzona": "L", "numquart": 13, "nomezona": "Malpighi", "intersect_area": 10000.0 }, "geometry": { "type": "MultiPolygon", "coordinates": [ [ [ [ 1261111.083918832940981, 5542729.320480721071362 ], [ 1261111.083918832940981, 5542629.320480721071362 ], [ 1261011.083918832940981, 5542629.320480721071362 ], [ 1261011.083918832940981, 5542729.320480721071362 ], [ 1261111.083918832940981, 5542729.320480721071362 ] ] ] ] } },
{ "type": "Feature", "properties": { "id": 49, "left": 1261011.0839188329, "top": 5542629.3204807211, "right": 1261111.0839188329, "bottom": 5542529.3204807211, "row_index": 14, "col_index": 1, "area": 11079668.308, "perimeter": 20386.147, "codzona": "F", "numquart": 13, "nomezona": "Costa Saragozza", "intersect_area": 48.195028213784099 }, "geometry": { "type": "MultiPolygon", "coordinates": [ [ [ [ 1261011.083918832940981, 5542529.320480721071362 ], [ 1261011.083918832940981, 5542550.282469518482685 ], [ 1261011.530720303766429, 5542548.283119676634669 ], [ 1261015.673164517851546, 5542529.320480721071362 ], [ 1261011.083918832940981, 5542529.320480721071362 ] ] ] ] } },
{ "type": "Feature", "properties": { "id": 49, "left": 1261011.0839188329, "top": 5542629.3204807211, "right": 1261111.0839188329, "bottom": 5542529.3204807211, "row_index": 14, "col_index": 1, "area": 959599.953, "perimeter": 4269.096, "codzona": "L", "numquart": 13, "nomezona": "Malpighi", "intersect_area": 9951.8049717545509 }, "geometry": { "type": "MultiPolygon", "coordinates": [ [ [ [ 1261111.083918832940981, 5542629.320480721071362 ], [ 1261111.083918832940981, 5542529.320480721071362 ], [ 1261015.673164517851546, 5542529.320480721071362 ], [ 1261011.530720303766429, 5542548.283119676634669 ], [ 1261011.083918832940981, 5542550.282469518482685 ], [ 1261011.083918832940981, 5542629.320480721071362 ], [ 1261111.083918832940981, 5542629.320480721071362 ] ] ] ] } },
{ "type": "Feature", "properties": { "id": 50, "left": 1261011.0839188329, "top": 5542529.3204807211, "right": 1261111.0839188329, "bottom": 5542429.3204807211, "row_index": 15, "col_index": 1, "area": 11079668.308, "perimeter": 20386.147, "codzona": "F", "numquart": 13, "nomezona": "Costa Saragozza", "intersect_area": 1561.4951472152025 }, "geometry": { "type": "MultiPolygon", "coordinates": [ [ [ [ 1261015.673164517851546, 5542529.320480721071362 ], [ 1261029.358847107272595, 5542466.672284537926316 ], [ 1261038.070286291418597, 5542429.320480721071362 ], [ 1261011.083918832940981, 5542429.320480721071362 ], [ 1261011.083918832940981, 5542529.320480721071362 ], [ 1261015.673164517851546, 5542529.320480721071362 ] ] ] ] } },
{ "type": "Feature", "properties": { "id": 50, "left": 1261011.0839188329, "top": 5542529.3204807211, "right": 1261111.0839188329, "bottom": 5542429.3204807211, "row_index": 15, "col_index": 1, "area": 959599.953, "perimeter": 4269.096, "codzona": "L", "numquart": 13, "nomezona": "Malpighi", "intersect_area": 8438.504852771759 }, "geometry": { "type": "MultiPolygon", "coordinates": [ [ [ [ 1261111.083918832940981, 5542529.320480721071362 ], [ 1261111.083918832940981, 5542429.320480721071362 ], [ 1261038.070286291418597, 5542429.320480721071362 ], [ 1261029.358847107272595, 5542466.672284537926316 ], [ 1261015.673164517851546, 5542529.320480721071362 ], [ 1261111.083918832940981, 5542529.320480721071362 ] ] ] ] } },
{ "type": "Feature", "properties": { "id": 51, "left": 1261011.0839188329, "top": 5542429.3204807211, "right": 1261111.0839188329, "bottom": 5542329.3204807211, "row_index": 16, "col_index": 1, "area": 11079668.308, "perimeter": 20386.147, "codzona": "F", "numquart": 13, "nomezona": "Costa Saragozza", "intersect_area": 3864.7704119682312 }, "geometry": { "type": "MultiPolygon", "coordinates": [ [ [ [ 1261038.070286291418597, 5542429.320480721071362 ], [ 1261061.392959613818675, 5542329.320480721071362 ], [ 1261011.083918832940981, 5542329.320480721071362 ], [ 1261011.083918832940981, 5542429.320480721071362 ], [ 1261038.070286291418597, 5542429.320480721071362 ] ] ] ] } },
{ "type": "Feature", "properties": { "id": 51, "left": 1261011.0839188329, "top": 5542429.3204807211, "right": 1261111.0839188329, "bottom": 5542329.3204807211, "row_index": 16, "col_index": 1, "area": 959599.953, "perimeter": 4269.096, "codzona": "L", "numquart": 13, "nomezona": "Malpighi", "intersect_area": 6135.2295880317688 }, "geometry": { "type": "MultiPolygon", "coordinates": [ [ [ [ 1261111.083918832940981, 5542429.320480721071362 ], [ 1261111.083918832940981, 5542329.320480721071362 ], [ 1261061.392959613818675, 5542329.320480721071362 ], [ 1261038.070286291418597, 5542429.320480721071362 ], [ 1261111.083918832940981, 5542429.320480721071362 ] ] ] ] } },
{ "type": "Feature", "properties": { "id": 52, "left": 1261011.0839188329, "top": 5542329.3204807211, "right": 1261111.0839188329, "bottom": 5542229.3204807211, "row_index": 17, "col_index": 1, "area": 11079668.308, "perimeter": 20386.147, "codzona": "F", "numquart": 13, "nomezona": "Costa Saragozza", "intersect_area": 6192.1898998022079 }, "geometry": { "type": "MultiPolygon", "coordinates": [ [ [ [ 1261061.392959613818675, 5542329.320480721071362 ], [ 1261062.682929408969358, 5542323.789511877112091 ], [ 1261084.612999420147389, 5542229.320480721071362 ], [ 1261011.083918832940981, 5542229.320480721071362 ], [ 1261011.083918832940981, 5542329.320480721071362 ], [ 1261061.392959613818675, 5542329.320480721071362 ] ] ] ] } },
{ "type": "Feature", "properties": { "id": 52, "left": 1261011.0839188329, "top": 5542329.3204807211, "right": 1261111.0839188329, "bottom": 5542229.3204807211, "row_index": 17, "col_index": 1, "area": 959599.953, "perimeter": 4269.096, "codzona": "L", "numquart": 13, "nomezona": "Malpighi", "intersect_area": 3807.8101001977921 }, "geometry": { "type": "MultiPolygon", "coordinates": [ [ [ [ 1261111.083918832940981, 5542329.320480721071362 ], [ 1261111.083918832940981, 5542229.320480721071362 ], [ 1261084.612999420147389, 5542229.320480721071362 ], [ 1261062.682929408969358, 5542323.789511877112091 ], [ 1261061.392959613818675, 5542329.320480721071362 ], [ 1261111.083918832940981, 5542329.320480721071362 ] ] ] ] } },
{ "type": "Feature", "properties": { "id": 53, "left": 1261011.0839188329, "top": 5542229.3204807211, "right": 1261111.0839188329, "bottom": 5542129.3204807211, "row_index": 18, "col_index": 1, "area": 11079668.308, "perimeter": 20386.147, "codzona": "F", "numquart": 13, "nomezona": "Costa Saragozza", "intersect_area": 8504.4171984195709 }, "geometry": { "type": "MultiPolygon", "coordinates": [ [ [ [ 1261084.612999420147389, 5542229.320480721071362 ], [ 1261096.588294346118346, 5542177.734028471633792 ], [ 1261107.447285239119083, 5542129.320480721071362 ], [ 1261011.083918832940981, 5542129.320480721071362 ], [ 1261011.083918832940981, 5542229.320480721071362 ], [ 1261084.612999420147389, 5542229.320480721071362 ] ] ] ] } },
{ "type": "Feature", "properties": { "id": 53, "left": 1261011.0839188329, "top": 5542229.3204807211, "right": 1261111.0839188329, "bottom": 5542129.3204807211, "row_index": 18, "col_index": 1, "area": 959599.953, "perimeter": 4269.096, "codzona": "L", "numquart": 13, "nomezona": "Malpighi", "intersect_area": 1495.5828015804291 }, "geometry": { "type": "MultiPolygon", "coordinates": [ [ [ [ 1261111.083918832940981, 5542229.320480721071362 ], [ 1261111.083918832940981, 5542129.320480721071362 ], [ 1261107.447285239119083, 5542129.320480721071362 ], [ 1261096.588294346118346, 5542177.734028471633792 ], [ 1261084.612999420147389, 5542229.320480721071362 ], [ 1261111.083918832940981, 5542229.320480721071362 ] ] ] ] } },
{ "type": "Feature", "properties": { "id": 54, "left": 1261011.0839188329, "top": 5542129.3204807211, "right": 1261111.0839188329, "bottom": 5542029.3204807211, "row_index": 19, "col_index": 1, "area": 11079668.308, "perimeter": 20386.147, "codzona": "F", "numquart": 13, "nomezona": "Costa Saragozza", "intersect_area": 9970.5187063217163 }, "geometry": { "type": "MultiPolygon", "coordinates": [ [ [ [ 1261107.447285239119083, 5542129.320480721071362 ], [ 1261111.083918832940981, 5542113.106972865760326 ], [ 1261111.083918832940981, 5542029.320480721071362 ], [ 1261011.083918832940981, 5542029.320480721071362 ], [ 1261011.083918832940981, 5542129.320480721071362 ], [ 1261107.447285239119083, 5542129.320480721071362 ] ] ] ] } },
{ "type": "Feature", "properties": { "id": 54, "left": 1261011.0839188329, "top": 5542129.3204807211, "right": 1261111.0839188329, "bottom": 5542029.3204807211, "row_index": 19, "col_index": 1, "area": 959599.953, "perimeter": 4269.096, "codzona": "L", "numquart": 13, "nomezona": "Malpighi", "intersect_area": 29.481293668970466 }, "geometry": { "type": "MultiPolygon", "coordinates": [ [ [ [ 1261111.083918832940981, 5542129.320480721071362 ], [ 1261111.083918832940981, 5542113.106972865760326 ], [ 1261107.447285239119083, 5542129.320480721071362 ], [ 1261111.083918832940981, 5542129.320480721071362 ] ] ] ] } },
{ "type": "Feature", "properties": { "id": 55, "left": 1261011.0839188329, "top": 5542029.3204807211, "right": 1261111.0839188329, "bottom": 5541929.3204807211, "row_index": 20, "col_index": 1, "area": 11079668.308, "perimeter": 20386.147, "codzona": "F", "numquart": 13, "nomezona": "Costa Saragozza", "intersect_area": 10000.0 }, "geometry": { "type": "MultiPolygon", "coordinates": [ [ [ [ 1261111.083918832940981, 5542029.320480721071362 ], [ 1261111.083918832940981, 5541929.320480721071362 ], [ 1261011.083918832940981, 5541929.320480721071362 ], [ 1261011.083918832940981, 5542029.320480721071362 ], [ 1261111.083918832940981, 5542029.320480721071362 ] ] ] ] } },
{ "type": "Feature", "properties": { "id": 56, "left": 1261011.0839188329, "top": 5541929.3204807211, "right": 1261111.0839188329, "bottom": 5541829.3204807211, "row_index": 21, "col_index": 1, "area": 11079668.308, "perimeter": 20386.147, "codzona": "F", "numquart": 13, "nomezona": "Costa Saragozza", "intersect_area": 10000.0 }, "geometry": { "type": "MultiPolygon", "coordinates": [ [ [ [ 1261111.083918832940981, 5541929.320480721071362 ], [ 1261111.083918832940981, 5541829.320480721071362 ], [ 1261011.083918832940981, 5541829.320480721071362 ], [ 1261011.083918832940981, 5541929.320480721071362 ], [ 1261111.083918832940981, 5541929.320480721071362 ] ] ] ] } },
{ "type": "Feature", "properties": { "id": 57, "left": 1261011.0839188329, "top": 5541829.3204807211, "right": 1261111.0839188329, "bottom": 5541729.3204807211, "row_index": 22, "col_index": 1, "area": 11079668.308, "perimeter": 20386.147, "codzona": "F", "numquart": 13, "nomezona": "Costa Saragozza", "intersect_area": 10000.0 }, "geometry": { "type": "MultiPolygon", "coordinates": [ [ [ [ 1261111.083918832940981, 5541829.320480721071362 ], [ 1261111.083918832940981, 5541729.320480721071362 ], [ 1261011.083918832940981, 5541729.320480721071362 ], [ 1261011.083918832940981, 5541829.320480721071362 ], [ 1261111.083918832940981, 5541829.320480721071362 ] ] ] ] } },
{ "type": "Feature", "properties": { "id": 58, "left": 1261011.0839188329, "top": 5541729.3204807211, "right": 1261111.0839188329, "bottom": 5541629.3204807211, "row_index": 23, "col_index": 1, "area": 11079668.308, "perimeter": 20386.147, "codzona": "F", "numquart": 13, "nomezona": "Costa Saragozza", "intersect_area": 10000.0 }, "geometry": { "type": "MultiPolygon", "coordinates": [ [ [ [ 1261111.083918832940981, 5541729.320480721071362 ], [ 1261111.083918832940981, 5541629.320480721071362 ], [ 1261011.083918832940981, 5541629.320480721071362 ], [ 1261011.083918832940981, 5541729.320480721071362 ], [ 1261111.083918832940981, 5541729.320480721071362 ] ] ] ] } },
{ "type": "Feature", "properties": { "id": 59, "left": 1261011.0839188329, "top": 5541629.3204807211, "right": 1261111.0839188329, "bottom": 5541529.3204807211, "row_index": 24, "col_index": 1, "area": 11079668.308, "perimeter": 20386.147, "codzona": "F", "numquart": 13, "nomezona": "Costa Saragozza", "intersect_area": 10000.0 }, "geometry": { "type": "MultiPolygon", "coordinates": [ [ [ [ 1261111.083918832940981, 5541629.320480721071362 ], [ 1261111.083918832940981, 5541529.320480721071362 ], [ 1261011.083918832940981, 5541529.320480721071362 ], [ 1261011.083918832940981, 5541629.320480721071362 ], [ 1261111.083918832940981, 5541629.320480721071362 ] ] ] ] } },
{ "type": "Feature", "properties": { "id": 60, "left": 1261011.0839188329, "top": 5541529.3204807211, "right": 1261111.0839188329, "bottom": 5541429.3204807211, "row_index": 25, "col_index": 1, "area": 11079668.308, "perimeter": 20386.147, "codzona": "F", "numquart": 13, "nomezona": "Costa Saragozza", "intersect_area": 10000.0 }, "geometry": { "type": "MultiPolygon", "coordinates": [ [ [ [ 1261111.083918832940981, 5541529.320480721071362 ], [ 1261111.083918832940981, 5541429.320480721071362 ], [ 1261011.083918832940981, 5541429.320480721071362 ], [ 1261011.083918832940981, 5541529.320480721071362 ], [ 1261111.083918832940981, 5541529.320480721071362 ] ] ] ] } },
{ "type": "Feature", "properties": { "id": 61, "left": 1261011.0839188329, "top": 5541429.3204807211, "right": 1261111.0839188329, "bottom": 5541329.3204807211, "row_index": 26, "col_index": 1, "area": 11079668.308, "perimeter": 20386.147, "codzona": "F", "numquart": 13, "nomezona": "Costa Saragozza", "intersect_area": 5164.4577516317368 }, "geometry": { "type": "MultiPolygon", "coordinates": [ [ [ [ 1261111.083918832940981, 5541429.320480721071362 ], [ 1261111.083918832940981, 5541411.040776684880257 ], [ 1261087.781728309346363, 5541416.917125264182687 ], [ 1261068.971341820433736, 5541424.199634841643274 ], [ 1261059.496854368597269, 5541389.028491514734924 ], [ 1261053.749083789298311, 5541369.183524833992124 ], [ 1261050.878525290871039, 5541355.558020223863423 ], [ 1261048.982448488008231, 5541343.463933832943439 ], [ 1261049.626942584756762, 5541331.012013697065413 ], [ 1261049.545739337569103, 5541329.320480721071362 ], [ 1261011.083918832940981, 5541329.320480721071362 ], [ 1261011.083918832940981, 5541429.320480721071362 ], [ 1261111.083918832940981, 5541429.320480721071362 ] ] ] ] } },
{ "type": "Feature", "properties": { "id": 61, "left": 1261011.0839188329, "top": 5541429.3204807211, "right": 1261111.0839188329, "bottom": 5541329.3204807211, "row_index": 26, "col_index": 1, "area": 24725141.879000001, "perimeter": 30542.734, "codzona": "D", "numquart": 15, "nomezona": "Colli", "intersect_area": 4835.542248390615 }, "geometry": { "type": "MultiPolygon", "coordinates": [ [ [ [ 1261111.083918832940981, 5541329.320480721071362 ], [ 1261049.545739337569103, 5541329.320480721071362 ], [ 1261049.626942584756762, 5541331.012013697065413 ], [ 1261048.982448488008231, 5541343.463933832943439 ], [ 1261050.878525290871039, 5541355.558020223863423 ], [ 1261053.749083789298311, 5541369.183524833992124 ], [ 1261059.496854368597269, 5541389.028491514734924 ], [ 1261068.971341820433736, 5541424.199634841643274 ], [ 1261087.781728309346363, 5541416.917125264182687 ], [ 1261111.083918832940981, 5541411.040776684880257 ], [ 1261111.083918832940981, 5541329.320480721071362 ] ] ] ] } },
{ "type": "Feature", "properties": { "id": 62, "left": 1261011.0839188329, "top": 5541329.3204807211, "right": 1261111.0839188329, "bottom": 5541229.3204807211, "row_index": 27, "col_index": 1, "area": 11079668.308, "perimeter": 20386.147, "codzona": "F", "numquart": 13, "nomezona": "Costa Saragozza", "intersect_area": 666.69357532262802 }, "geometry": { "type": "MultiPolygon", "coordinates": [ [ [ [ 1261049.545739337569103, 5541329.320480721071362 ], [ 1261049.090381970396265, 5541319.83499794267118 ], [ 1261039.636307946406305, 5541313.520697502419353 ], [ 1261018.144819290144369, 5541308.516507791355252 ], [ 1261011.083918832940981, 5541307.162528109736741 ], [ 1261011.083918832940981, 5541329.320480721071362 ], [ 1261049.545739337569103, 5541329.320480721071362 ] ] ] ] } },
{ "type": "Feature", "properties": { "id": 62, "left": 1261011.0839188329, "top": 5541329.3204807211, "right": 1261111.0839188329, "bottom": 5541229.3204807211, "row_index": 27, "col_index": 1, "area": 24725141.879000001, "perimeter": 30542.734, "codzona": "D", "numquart": 15, "nomezona": "Colli", "intersect_area": 9333.3064247071743 }, "geometry": { "type": "MultiPolygon", "coordinates": [ [ [ [ 1261111.083918832940981, 5541329.320480721071362 ], [ 1261111.083918832940981, 5541229.320480721071362 ], [ 1261011.083918832940981, 5541229.320480721071362 ], [ 1261011.083918832940981, 5541307.162528109736741 ], [ 1261018.144819290144369, 5541308.516507791355252 ], [ 1261039.636307946406305, 5541313.520697502419353 ], [ 1261049.090381970396265, 5541319.83499794267118 ], [ 1261049.545739337569103, 5541329.320480721071362 ], [ 1261111.083918832940981, 5541329.320480721071362 ] ] ] ] } },
{ "type": "Feature", "properties": { "id": 63, "left": 1261011.0839188329, "top": 5541229.3204807211, "right": 1261111.0839188329, "bottom": 5541129.3204807211, "row_index": 28, "col_index": 1, "area": 24725141.879000001, "perimeter": 30542.734, "codzona": "D", "numquart": 15, "nomezona": "Colli", "intersect_area": 10000.0 }, "geometry": { "type": "MultiPolygon", "coordinates": [ [ [ [ 1261111.083918832940981, 5541229.320480721071362 ], [ 1261111.083918832940981, 5541129.320480721071362 ], [ 1261011.083918832940981, 5541129.320480721071362 ], [ 1261011.083918832940981, 5541229.320480721071362 ], [ 1261111.083918832940981, 5541229.320480721071362 ] ] ] ] } },
{ "type": "Feature", "properties": { "id": 64, "left": 1261011.0839188329, "top": 5541129.3204807211, "right": 1261111.0839188329, "bottom": 5541029.3204807211, "row_index": 29, "col_index": 1, "area": 24725141.879000001, "perimeter": 30542.734, "codzona": "D", "numquart": 15, "nomezona": "Colli", "intersect_area": 10000.0 }, "geometry": { "type": "MultiPolygon", "coordinates": [ [ [ [ 1261111.083918832940981, 5541129.320480721071362 ], [ 1261111.083918832940981, 5541029.320480721071362 ], [ 1261011.083918832940981, 5541029.320480721071362 ], [ 1261011.083918832940981, 5541129.320480721071362 ], [ 1261111.083918832940981, 5541129.320480721071362 ] ] ] ] } },
{ "type": "Feature", "properties": { "id": 65, "left": 1261011.0839188329, "top": 5541029.3204807211, "right": 1261111.0839188329, "bottom": 5540929.3204807211, "row_index": 30, "col_index": 1, "area": 24725141.879000001, "perimeter": 30542.734, "codzona": "D", "numquart": 15, "nomezona": "Colli", "intersect_area": 10000.0 }, "geometry": { "type": "MultiPolygon", "coordinates": [ [ [ [ 1261111.083918832940981, 5541029.320480721071362 ], [ 1261111.083918832940981, 5540929.320480721071362 ], [ 1261011.083918832940981, 5540929.320480721071362 ], [ 1261011.083918832940981, 5541029.320480721071362 ], [ 1261111.083918832940981, 5541029.320480721071362 ] ] ] ] } },
{ "type": "Feature", "properties": { "id": 66, "left": 1261011.0839188329, "top": 5540929.3204807211, "right": 1261111.0839188329, "bottom": 5540829.3204807211, "row_index": 31, "col_index": 1, "area": 24725141.879000001, "perimeter": 30542.734, "codzona": "D", "numquart": 15, "nomezona": "Colli", "intersect_area": 10000.0 }, "geometry": { "type": "MultiPolygon", "coordinates": [ [ [ [ 1261111.083918832940981, 5540929.320480721071362 ], [ 1261111.083918832940981, 5540829.320480721071362 ], [ 1261011.083918832940981, 5540829.320480721071362 ], [ 1261011.083918832940981, 5540929.320480721071362 ], [ 1261111.083918832940981, 5540929.320480721071362 ] ] ] ] } },
{ "type": "Feature", "properties": { "id": 67, "left": 1261011.0839188329, "top": 5540829.3204807211, "right": 1261111.0839188329, "bottom": 5540729.3204807211, "row_index": 32, "col_index": 1, "area": 24725141.879000001, "perimeter": 30542.734, "codzona": "D", "numquart": 15, "nomezona": "Colli", "intersect_area": 10000.0 }, "geometry": { "type": "MultiPolygon", "coordinates": [ [ [ [ 1261111.083918832940981, 5540829.320480721071362 ], [ 1261111.083918832940981, 5540729.320480721071362 ], [ 1261011.083918832940981, 5540729.320480721071362 ], [ 1261011.083918832940981, 5540829.320480721071362 ], [ 1261111.083918832940981, 5540829.320480721071362 ] ] ] ] } },
{ "type": "Feature", "properties": { "id": 68, "left": 1261011.0839188329, "top": 5540729.3204807211, "right": 1261111.0839188329, "bottom": 5540629.3204807211, "row_index": 33, "col_index": 1, "area": 24725141.879000001, "perimeter": 30542.734, "codzona": "D", "numquart": 15, "nomezona": "Colli", "intersect_area": 10000.0 }, "geometry": { "type": "MultiPolygon", "coordinates": [ [ [ [ 1261111.083918832940981, 5540729.320480721071362 ], [ 1261111.083918832940981, 5540629.320480721071362 ], [ 1261011.083918832940981, 5540629.320480721071362 ], [ 1261011.083918832940981, 5540729.320480721071362 ], [ 1261111.083918832940981, 5540729.320480721071362 ] ] ] ] } },
{ "type": "Feature", "properties": { "id": 69, "left": 1261111.0839188329, "top": 5544029.3204807211, "right": 1261211.0839188329, "bottom": 5543929.3204807211, "row_index": 0, "col_index": 2, "area": 2668885.563, "perimeter": 7571.745, "codzona": "P", "numquart": 13, "nomezona": "Saffi", "intersect_area": 10000.0 }, "geometry": { "type": "MultiPolygon", "coordinates": [ [ [ [ 1261211.083918832940981, 5544029.320480721071362 ], [ 1261211.083918832940981, 5543929.320480721071362 ], [ 1261111.083918832940981, 5543929.320480721071362 ], [ 1261111.083918832940981, 5544029.320480721071362 ], [ 1261211.083918832940981, 5544029.320480721071362 ] ] ] ] } },
{ "type": "Feature", "properties": { "id": 70, "left": 1261111.0839188329, "top": 5543929.3204807211, "right": 1261211.0839188329, "bottom": 5543829.3204807211, "row_index": 1, "col_index": 2, "area": 2668885.563, "perimeter": 7571.745, "codzona": "P", "numquart": 13, "nomezona": "Saffi", "intersect_area": 10000.0 }, "geometry": { "type": "MultiPolygon", "coordinates": [ [ [ [ 1261211.083918832940981, 5543929.320480721071362 ], [ 1261211.083918832940981, 5543829.320480721071362 ], [ 1261111.083918832940981, 5543829.320480721071362 ], [ 1261111.083918832940981, 5543929.320480721071362 ], [ 1261211.083918832940981, 5543929.320480721071362 ] ] ] ] } },
{ "type": "Feature", "properties": { "id": 71, "left": 1261111.0839188329, "top": 5543829.3204807211, "right": 1261211.0839188329, "bottom": 5543729.3204807211, "row_index": 2, "col_index": 2, "area": 2668885.563, "perimeter": 7571.745, "codzona": "P", "numquart": 13, "nomezona": "Saffi", "intersect_area": 10000.0 }, "geometry": { "type": "MultiPolygon", "coordinates": [ [ [ [ 1261211.083918832940981, 5543829.320480721071362 ], [ 1261211.083918832940981, 5543729.320480721071362 ], [ 1261111.083918832940981, 5543729.320480721071362 ], [ 1261111.083918832940981, 5543829.320480721071362 ], [ 1261211.083918832940981, 5543829.320480721071362 ] ] ] ] } },
{ "type": "Feature", "properties": { "id": 72, "left": 1261111.0839188329, "top": 5543729.3204807211, "right": 1261211.0839188329, "bottom": 5543629.3204807211, "row_index": 3, "col_index": 2, "area": 2668885.563, "perimeter": 7571.745, "codzona": "P", "numquart": 13, "nomezona": "Saffi", "intersect_area": 10000.0 }, "geometry": { "type": "MultiPolygon", "coordinates": [ [ [ [ 1261211.083918832940981, 5543729.320480721071362 ], [ 1261211.083918832940981, 5543629.320480721071362 ], [ 1261111.083918832940981, 5543629.320480721071362 ], [ 1261111.083918832940981, 5543729.320480721071362 ], [ 1261211.083918832940981, 5543729.320480721071362 ] ] ] ] } },
{ "type": "Feature", "properties": { "id": 73, "left": 1261111.0839188329, "top": 5543629.3204807211, "right": 1261211.0839188329, "bottom": 5543529.3204807211, "row_index": 4, "col_index": 2, "area": 2668885.563, "perimeter": 7571.745, "codzona": "P", "numquart": 13, "nomezona": "Saffi", "intersect_area": 10000.0 }, "geometry": { "type": "MultiPolygon", "coordinates": [ [ [ [ 1261211.083918832940981, 5543629.320480721071362 ], [ 1261211.083918832940981, 5543529.320480721071362 ], [ 1261111.083918832940981, 5543529.320480721071362 ], [ 1261111.083918832940981, 5543629.320480721071362 ], [ 1261211.083918832940981, 5543629.320480721071362 ] ] ] ] } },
{ "type": "Feature", "properties": { "id": 74, "left": 1261111.0839188329, "top": 5543529.3204807211, "right": 1261211.0839188329, "bottom": 5543429.3204807211, "row_index": 5, "col_index": 2, "area": 2668885.563, "perimeter": 7571.745, "codzona": "P", "numquart": 13, "nomezona": "Saffi", "intersect_area": 10000.0 }, "geometry": { "type": "MultiPolygon", "coordinates": [ [ [ [ 1261211.083918832940981, 5543529.320480721071362 ], [ 1261211.083918832940981, 5543429.320480721071362 ], [ 1261111.083918832940981, 5543429.320480721071362 ], [ 1261111.083918832940981, 5543529.320480721071362 ], [ 1261211.083918832940981, 5543529.320480721071362 ] ] ] ] } },
{ "type": "Feature", "properties": { "id": 75, "left": 1261111.0839188329, "top": 5543429.3204807211, "right": 1261211.0839188329, "bottom": 5543329.3204807211, "row_index": 6, "col_index": 2, "area": 2668885.563, "perimeter": 7571.745, "codzona": "P", "numquart": 13, "nomezona": "Saffi", "intersect_area": 10000.0 }, "geometry": { "type": "MultiPolygon", "coordinates": [ [ [ [ 1261211.083918832940981, 5543429.320480721071362 ], [ 1261211.083918832940981, 5543329.320480721071362 ], [ 1261111.083918832940981, 5543329.320480721071362 ], [ 1261111.083918832940981, 5543429.320480721071362 ], [ 1261211.083918832940981, 5543429.320480721071362 ] ] ] ] } },
{ "type": "Feature", "properties": { "id": 76, "left": 1261111.0839188329, "top": 5543329.3204807211, "right": 1261211.0839188329, "bottom": 5543229.3204807211, "row_index": 7, "col_index": 2, "area": 2668885.563, "perimeter": 7571.745, "codzona": "P", "numquart": 13, "nomezona": "Saffi", "intersect_area": 9187.454519033432 }, "geometry": { "type": "MultiPolygon", "coordinates": [ [ [ [ 1261211.083918832940981, 5543329.320480721071362 ], [ 1261211.083918832940981, 5543263.377265136688948 ], [ 1261163.366819584742188, 5543229.320480721071362 ], [ 1261111.083918832940981, 5543229.320480721071362 ], [ 1261111.083918832940981, 5543329.320480721071362 ], [ 1261211.083918832940981, 5543329.320480721071362 ] ] ] ] } },
{ "type": "Feature", "properties": { "id": 76, "left": 1261111.0839188329, "top": 5543329.3204807211, "right": 1261211.0839188329, "bottom": 5543229.3204807211, "row_index": 7, "col_index": 2, "area": 1058290.413, "perimeter": 4426.128, "codzona": "M", "numquart": 13, "nomezona": "Marconi", "intersect_area": 812.54548101872206 }, "geometry": { "type": "MultiPolygon", "coordinates": [ [ [ [ 1261211.083918832940981, 5543229.320480721071362 ], [ 1261163.366819584742188, 5543229.320480721071362 ], [ 1261211.083918832940981, 5543263.377265136688948 ], [ 1261211.083918832940981, 5543229.320480721071362 ] ] ] ] } },
{ "type": "Feature", "properties": { "id": 77, "left": 1261111.0839188329, "top": 5543229.3204807211, "right": 1261211.0839188329, "bottom": 5543129.3204807211, "row_index": 8, "col_index": 2, "area": 2668885.563, "perimeter": 7571.745, "codzona": "P", "numquart": 13, "nomezona": "Saffi", "intersect_area": 975.4813257753849 }, "geometry": { "type": "MultiPolygon", "coordinates": [ [ [ [ 1261163.366819584742188, 5543229.320480721071362 ], [ 1261111.083918832940981, 5543192.004979410208762 ], [ 1261111.083918832940981, 5543229.320480721071362 ], [ 1261163.366819584742188, 5543229.320480721071362 ] ] ] ] } },
{ "type": "Feature", "properties": { "id": 77, "left": 1261111.0839188329, "top": 5543229.3204807211, "right": 1261211.0839188329, "bottom": 5543129.3204807211, "row_index": 8, "col_index": 2, "area": 1058290.413, "perimeter": 4426.128, "codzona": "M", "numquart": 13, "nomezona": "Marconi", "intersect_area": 9024.5186742395163 }, "geometry": { "type": "MultiPolygon", "coordinates": [ [ [ [ 1261211.083918832940981, 5543229.320480721071362 ], [ 1261211.083918832940981, 5543129.320480721071362 ], [ 1261111.083918832940981, 5543129.320480721071362 ], [ 1261111.083918832940981, 5543192.004979410208762 ], [ 1261163.366819584742188, 5543229.320480721071362 ], [ 1261211.083918832940981, 5543229.320480721071362 ] ] ] ] } },
{ "type": "Feature", "properties": { "id": 78, "left": 1261111.0839188329, "top": 5543129.3204807211, "right": 1261211.0839188329, "bottom": 5543029.3204807211, "row_index": 9, "col_index": 2, "area": 1058290.413, "perimeter": 4426.128, "codzona": "M", "numquart": 13, "nomezona": "Marconi", "intersect_area": 10000.0 }, "geometry": { "type": "MultiPolygon", "coordinates": [ [ [ [ 1261211.083918832940981, 5543129.320480721071362 ], [ 1261211.083918832940981, 5543029.320480721071362 ], [ 1261111.083918832940981, 5543029.320480721071362 ], [ 1261111.083918832940981, 5543129.320480721071362 ], [ 1261211.083918832940981, 5543129.320480721071362 ] ] ] ] } },
{ "type": "Feature", "properties": { "id": 79, "left": 1261111.0839188329, "top": 5543029.3204807211, "right": 1261211.0839188329, "bottom": 5542929.3204807211, "row_index": 10, "col_index": 2, "area": 959599.953, "perimeter": 4269.096, "codzona": "L", "numquart": 13, "nomezona": "Malpighi", "intersect_area": 217.29262311756611 }, "geometry": { "type": "MultiPolygon", "coordinates": [ [ [ [ 1261111.083918832940981, 5542929.320480721071362 ], [ 1261111.083918832940981, 5542943.913255030289292 ], [ 1261140.864770439220592, 5542929.320480721071362 ], [ 1261111.083918832940981, 5542929.320480721071362 ] ] ] ] } },
{ "type": "Feature", "properties": { "id": 79, "left": 1261111.0839188329, "top": 5543029.3204807211, "right": 1261211.0839188329, "bottom": 5542929.3204807211, "row_index": 10, "col_index": 2, "area": 1058290.413, "perimeter": 4426.128, "codzona": "M", "numquart": 13, "nomezona": "Marconi", "intersect_area": 9782.7073768973351 }, "geometry": { "type": "MultiPolygon", "coordinates": [ [ [ [ 1261211.083918832940981, 5543029.320480721071362 ], [ 1261211.083918832940981, 5542929.320480721071362 ], [ 1261140.864770439220592, 5542929.320480721071362 ], [ 1261111.083918832940981, 5542943.913255030289292 ], [ 1261111.083918832940981, 5543029.320480721071362 ], [ 1261211.083918832940981, 5543029.320480721071362 ] ] ] ] } },
{ "type": "Feature", "properties": { "id": 80, "left": 1261111.0839188329, "top": 5542929.3204807211, "right": 1261211.0839188329, "bottom": 5542829.3204807211, "row_index": 11, "col_index": 2, "area": 959599.953, "perimeter": 4269.096, "codzona": "L", "numquart": 13, "nomezona": "Malpighi", "intersect_area": 8790.9434858858585 }, "geometry": { "type": "MultiPolygon", "coordinates": [ [ [ [ 1261140.864770439220592, 5542929.320480721071362 ], [ 1261177.374760792125016, 5542911.430392946116626 ], [ 1261199.537133036181331, 5542900.576798893511295 ], [ 1261211.083918832940981, 5542894.719163523055613 ], [ 1261211.083918832940981, 5542829.320480721071362 ], [ 1261111.083918832940981, 5542829.320480721071362 ], [ 1261111.083918832940981, 5542929.320480721071362 ], [ 1261140.864770439220592, 5542929.320480721071362 ] ] ] ] } },
{ "type": "Feature", "properties": { "id": 80, "left": 1261111.0839188329, "top": 5542929.3204807211, "right": 1261211.0839188329, "bottom": 5542829.3204807211, "row_index": 11, "col_index": 2, "area": 1058290.413, "perimeter": 4426.128, "codzona": "M", "numquart": 13, "nomezona": "Marconi", "intersect_area": 1209.0565140843391 }, "geometry": { "type": "MultiPolygon", "coordinates": [ [ [ [ 1261211.083918832940981, 5542929.320480721071362 ], [ 1261211.083918832940981, 5542894.719163523055613 ], [ 1261199.537133036181331, 5542900.576798893511295 ], [ 1261177.374760792125016, 5542911.430392946116626 ], [ 1261140.864770439220592, 5542929.320480721071362 ], [ 1261211.083918832940981, 5542929.320480721071362 ] ] ] ] } },
{ "type": "Feature", "properties": { "id": 81, "left": 1261111.0839188329, "top": 5542829.3204807211, "right": 1261211.0839188329, "bottom": 5542729.3204807211, "row_index": 12, "col_index": 2, "area": 959599.953, "perimeter": 4269.096, "codzona": "L", "numquart": 13, "nomezona": "Malpighi", "intersect_area": 10000.0 }, "geometry": { "type": "MultiPolygon", "coordinates": [ [ [ [ 1261211.083918832940981, 5542829.320480721071362 ], [ 1261211.083918832940981, 5542729.320480721071362 ], [ 1261111.083918832940981, 5542729.320480721071362 ], [ 1261111.083918832940981, 5542829.320480721071362 ], [ 1261211.083918832940981, 5542829.320480721071362 ] ] ] ] } },
{ "type": "Feature", "properties": { "id": 82, "left": 1261111.0839188329, "top": 5542729.3204807211, "right": 1261211.0839188329, "bottom": 5542629.3204807211, "row_index": 13, "col_index": 2, "area": 959599.953, "perimeter": 4269.096, "codzona": "L", "numquart": 13, "nomezona": "Malpighi", "intersect_area": 10000.0 }, "geometry": { "type": "MultiPolygon", "coordinates": [ [ [ [ 1261211.083918832940981, 5542729.320480721071362 ], [ 1261211.083918832940981, 5542629.320480721071362 ], [ 1261111.083918832940981, 5542629.320480721071362 ], [ 1261111.083918832940981, 5542729.320480721071362 ], [ 1261211.083918832940981, 5542729.320480721071362 ] ] ] ] } },
{ "type": "Feature", "properties": { "id": 83, "left": 1261111.0839188329, "top": 5542629.3204807211, "right": 1261211.0839188329, "bottom": 5542529.3204807211, "row_index": 14, "col_index": 2, "area": 959599.953, "perimeter": 4269.096, "codzona": "L", "numquart": 13, "nomezona": "Malpighi", "intersect_area": 10000.0 }, "geometry": { "type": "MultiPolygon", "coordinates": [ [ [ [ 1261211.083918832940981, 5542629.320480721071362 ], [ 1261211.083918832940981, 5542529.320480721071362 ], [ 1261111.083918832940981, 5542529.320480721071362 ], [ 1261111.083918832940981, 5542629.320480721071362 ], [ 1261211.083918832940981, 5542629.320480721071362 ] ] ] ] } },
{ "type": "Feature", "properties": { "id": 84, "left": 1261111.0839188329, "top": 5542529.3204807211, "right": 1261211.0839188329, "bottom": 5542429.3204807211, "row_index": 15, "col_index": 2, "area": 959599.953, "perimeter": 4269.096, "codzona": "L", "numquart": 13, "nomezona": "Malpighi", "intersect_area": 10000.0 }, "geometry": { "type": "MultiPolygon", "coordinates": [ [ [ [ 1261211.083918832940981, 5542529.320480721071362 ], [ 1261211.083918832940981, 5542429.320480721071362 ], [ 1261111.083918832940981, 5542429.320480721071362 ], [ 1261111.083918832940981, 5542529.320480721071362 ], [ 1261211.083918832940981, 5542529.320480721071362 ] ] ] ] } },
{ "type": "Feature", "properties": { "id": 85, "left": 1261111.0839188329, "top": 5542429.3204807211, "right": 1261211.0839188329, "bottom": 5542329.3204807211, "row_index": 16, "col_index": 2, "area": 959599.953, "perimeter": 4269.096, "codzona": "L", "numquart": 13, "nomezona": "Malpighi", "intersect_area": 10000.0 }, "geometry": { "type": "MultiPolygon", "coordinates": [ [ [ [ 1261211.083918832940981, 5542429.320480721071362 ], [ 1261211.083918832940981, 5542329.320480721071362 ], [ 1261111.083918832940981, 5542329.320480721071362 ], [ 1261111.083918832940981, 5542429.320480721071362 ], [ 1261211.083918832940981, 5542429.320480721071362 ] ] ] ] } },
{ "type": "Feature", "properties": { "id": 86, "left": 1261111.0839188329, "top": 5542329.3204807211, "right": 1261211.0839188329, "bottom": 5542229.3204807211, "row_index": 17, "col_index": 2, "area": 959599.953, "perimeter": 4269.096, "codzona": "L", "numquart": 13, "nomezona": "Malpighi", "intersect_area": 10000.0 }, "geometry": { "type": "MultiPolygon", "coordinates": [ [ [ [ 1261211.083918832940981, 5542329.320480721071362 ], [ 1261211.083918832940981, 5542229.320480721071362 ], [ 1261111.083918832940981, 5542229.320480721071362 ], [ 1261111.083918832940981, 5542329.320480721071362 ], [ 1261211.083918832940981, 5542329.320480721071362 ] ] ] ] } },
{ "type": "Feature", "properties": { "id": 87, "left": 1261111.0839188329, "top": 5542229.3204807211, "right": 1261211.0839188329, "bottom": 5542129.3204807211, "row_index": 18, "col_index": 2, "area": 959599.953, "perimeter": 4269.096, "codzona": "L", "numquart": 13, "nomezona": "Malpighi", "intersect_area": 10000.0 }, "geometry": { "type": "MultiPolygon", "coordinates": [ [ [ [ 1261211.083918832940981, 5542229.320480721071362 ], [ 1261211.083918832940981, 5542129.320480721071362 ], [ 1261111.083918832940981, 5542129.320480721071362 ], [ 1261111.083918832940981, 5542229.320480721071362 ], [ 1261211.083918832940981, 5542229.320480721071362 ] ] ] ] } },
{ "type": "Feature", "properties": { "id": 88, "left": 1261111.0839188329, "top": 5542129.3204807211, "right": 1261211.0839188329, "bottom": 5542029.3204807211, "row_index": 19, "col_index": 2, "area": 11079668.308, "perimeter": 20386.147, "codzona": "F", "numquart": 13, "nomezona": "Costa Saragozza", "intersect_area": 787.30059746652842 }, "geometry": { "type": "MultiPolygon", "coordinates": [ [ [ [ 1261111.083918832940981, 5542029.320480721071362 ], [ 1261111.083918832940981, 5542113.106972865760326 ], [ 1261129.876938502537087, 5542029.320480721071362 ], [ 1261111.083918832940981, 5542029.320480721071362 ] ] ] ] } },
{ "type": "Feature", "properties": { "id": 88, "left": 1261111.0839188329, "top": 5542129.3204807211, "right": 1261211.0839188329, "bottom": 5542029.3204807211, "row_index": 19, "col_index": 2, "area": 959599.953, "perimeter": 4269.096, "codzona": "L", "numquart": 13, "nomezona": "Malpighi", "intersect_area": 9212.6994025111198 }, "geometry": { "type": "MultiPolygon", "coordinates": [ [ [ [ 1261211.083918832940981, 5542129.320480721071362 ], [ 1261211.083918832940981, 5542029.320480721071362 ], [ 1261129.876938502537087, 5542029.320480721071362 ], [ 1261111.083918832940981, 5542113.106972865760326 ], [ 1261111.083918832940981, 5542129.320480721071362 ], [ 1261211.083918832940981, 5542129.320480721071362 ] ] ] ] } },
{ "type": "Feature", "properties": { "id": 89, "left": 1261111.0839188329, "top": 5542029.3204807211, "right": 1261211.0839188329, "bottom": 5541929.3204807211, "row_index": 20, "col_index": 2, "area": 11079668.308, "perimeter": 20386.147, "codzona": "F", "numquart": 13, "nomezona": "Costa Saragozza", "intersect_area": 2997.9460204020143 }, "geometry": { "type": "MultiPolygon", "coordinates": [ [ [ [ 1261129.876938502537087, 5542029.320480721071362 ], [ 1261147.834973420249298, 5541949.256670964881778 ], [ 1261152.02182224066928, 5541929.320480721071362 ], [ 1261111.083918832940981, 5541929.320480721071362 ], [ 1261111.083918832940981, 5542029.320480721071362 ], [ 1261129.876938502537087, 5542029.320480721071362 ] ] ] ] } },
{ "type": "Feature", "properties": { "id": 89, "left": 1261111.0839188329, "top": 5542029.3204807211, "right": 1261211.0839188329, "bottom": 5541929.3204807211, "row_index": 20, "col_index": 2, "area": 959599.953, "perimeter": 4269.096, "codzona": "L", "numquart": 13, "nomezona": "Malpighi", "intersect_area": 7002.0539796054363 }, "geometry": { "type": "MultiPolygon", "coordinates": [ [ [ [ 1261211.083918832940981, 5542029.320480721071362 ], [ 1261211.083918832940981, 5541929.320480721071362 ], [ 1261152.02182224066928, 5541929.320480721071362 ], [ 1261147.834973420249298, 5541949.256670964881778 ], [ 1261129.876938502537087, 5542029.320480721071362 ], [ 1261211.083918832940981, 5542029.320480721071362 ] ] ] ] } },
{ "type": "Feature", "properties": { "id": 90, "left": 1261111.0839188329, "top": 5541929.3204807211, "right": 1261211.0839188329, "bottom": 5541829.3204807211, "row_index": 21, "col_index": 2, "area": 11079668.308, "perimeter": 20386.147, "codzona": "F", "numquart": 13, "nomezona": "Costa Saragozza", "intersect_area": 5157.6607677489519 }, "geometry": { "type": "MultiPolygon", "coordinates": [ [ [ [ 1261152.02182224066928, 5541929.320480721071362 ], [ 1261160.766303406096995, 5541887.682569352909923 ], [ 1261173.496254818979651, 5541829.320480721071362 ], [ 1261111.083918832940981, 5541829.320480721071362 ], [ 1261111.083918832940981, 5541929.320480721071362 ], [ 1261152.02182224066928, 5541929.320480721071362 ] ] ] ] } },
{ "type": "Feature", "properties": { "id": 90, "left": 1261111.0839188329, "top": 5541929.3204807211, "right": 1261211.0839188329, "bottom": 5541829.3204807211, "row_index": 21, "col_index": 2, "area": 959599.953, "perimeter": 4269.096, "codzona": "L", "numquart": 13, "nomezona": "Malpighi", "intersect_area": 4842.3392322361469 }, "geometry": { "type": "MultiPolygon", "coordinates": [ [ [ [ 1261211.083918832940981, 5541929.320480721071362 ], [ 1261211.083918832940981, 5541829.320480721071362 ], [ 1261173.496254818979651, 5541829.320480721071362 ], [ 1261160.766303406096995, 5541887.682569352909923 ], [ 1261152.02182224066928, 5541929.320480721071362 ], [ 1261211.083918832940981, 5541929.320480721071362 ] ] ] ] } },
{ "type": "Feature", "properties": { "id": 91, "left": 1261111.0839188329, "top": 5541829.3204807211, "right": 1261211.0839188329, "bottom": 5541729.3204807211, "row_index": 22, "col_index": 2, "area": 11079668.308, "perimeter": 20386.147, "codzona": "F", "numquart": 13, "nomezona": "Costa Saragozza", "intersect_area": 7346.057719796896 }, "geometry": { "type": "MultiPolygon", "coordinates": [ [ [ [ 1261173.496254818979651, 5541829.320480721071362 ], [ 1261187.450118679087609, 5541765.347209108062088 ], [ 1261188.691032867180184, 5541759.748601194471121 ], [ 1261194.13427512650378, 5541738.357419063337147 ], [ 1261195.713034640997648, 5541729.320480721071362 ], [ 1261111.083918832940981, 5541729.320480721071362 ], [ 1261111.083918832940981, 5541829.320480721071362 ], [ 1261173.496254818979651, 5541829.320480721071362 ] ] ] ] } },
{ "type": "Feature", "properties": { "id": 91, "left": 1261111.0839188329, "top": 5541829.3204807211, "right": 1261211.0839188329, "bottom": 5541729.3204807211, "row_index": 22, "col_index": 2, "area": 959599.953, "perimeter": 4269.096, "codzona": "L", "numquart": 13, "nomezona": "Malpighi", "intersect_area": 2653.9422802180052 }, "geometry": { "type": "MultiPolygon", "coordinates": [ [ [ [ 1261211.083918832940981, 5541829.320480721071362 ], [ 1261211.083918832940981, 5541729.320480721071362 ], [ 1261195.713034640997648, 5541729.320480721071362 ], [ 1261194.13427512650378, 5541738.357419063337147 ], [ 1261188.691032867180184, 5541759.748601194471121 ], [ 1261187.450118679087609, 5541765.347209108062088 ], [ 1261173.496254818979651, 5541829.320480721071362 ], [ 1261211.083918832940981, 5541829.320480721071362 ] ] ] ] } },
{ "type": "Feature", "properties": { "id": 92, "left": 1261111.0839188329, "top": 5541729.3204807211, "right": 1261211.0839188329, "bottom": 5541629.3204807211, "row_index": 23, "col_index": 2, "area": 11079668.308, "perimeter": 20386.147, "codzona": "F", "numquart": 13, "nomezona": "Costa Saragozza", "intersect_area": 8860.9708855748177 }, "geometry": { "type": "MultiPolygon", "coordinates": [ [ [ [ 1261195.713034640997648, 5541729.320480721071362 ], [ 1261200.095073414267972, 5541704.237360813654959 ], [ 1261200.716152053559199, 5541672.406998246908188 ], [ 1261199.217925875913352, 5541661.38508334197104 ], [ 1261199.745707156602293, 5541640.838084331713617 ], [ 1261203.733357165940106, 5541629.320480721071362 ], [ 1261111.083918832940981, 5541629.320480721071362 ], [ 1261111.083918832940981, 5541729.320480721071362 ], [ 1261195.713034640997648, 5541729.320480721071362 ] ] ] ] } },
{ "type": "Feature", "properties": { "id": 92, "left": 1261111.0839188329, "top": 5541729.3204807211, "right": 1261211.0839188329, "bottom": 5541629.3204807211, "row_index": 23, "col_index": 2, "area": 959599.953, "perimeter": 4269.096, "codzona": "L", "numquart": 13, "nomezona": "Malpighi", "intersect_area": 1139.0291144177318 }, "geometry": { "type": "MultiPolygon", "coordinates": [ [ [ [ 1261211.083918832940981, 5541729.320480721071362 ], [ 1261211.083918832940981, 5541629.320480721071362 ], [ 1261203.733357165940106, 5541629.320480721071362 ], [ 1261199.745707156602293, 5541640.838084331713617 ], [ 1261199.217925875913352, 5541661.38508334197104 ], [ 1261200.716152053559199, 5541672.406998246908188 ], [ 1261200.095073414267972, 5541704.237360813654959 ], [ 1261195.713034640997648, 5541729.320480721071362 ], [ 1261211.083918832940981, 5541729.320480721071362 ] ] ] ] } },
{ "type": "Feature", "properties": { "id": 93, "left": 1261111.0839188329, "top": 5541629.3204807211, "right": 1261211.0839188329, "bottom": 5541529.3204807211, "row_index": 24, "col_index": 2, "area": 11079668.308, "perimeter": 20386.147, "codzona": "F", "numquart": 13, "nomezona": "Costa Saragozza", "intersect_area": 9947.7199345827103 }, "geometry": { "type": "MultiPolygon", "coordinates": [ [ [ [ 1261203.733357165940106, 5541629.320480721071362 ], [ 1261205.773390220245346, 5541623.428215347230434 ], [ 1261210.986817990429699, 5541617.889739434234798 ], [ 1261211.083918832940981, 5541617.81145500484854 ], [ 1261211.083918832940981, 5541529.320480721071362 ], [ 1261111.083918832940981, 5541529.320480721071362 ], [ 1261111.083918832940981, 5541629.320480721071362 ], [ 1261203.733357165940106, 5541629.320480721071362 ] ] ] ] } },
{ "type": "Feature", "properties": { "id": 93, "left": 1261111.0839188329, "top": 5541629.3204807211, "right": 1261211.0839188329, "bottom": 5541529.3204807211, "row_index": 24, "col_index": 2, "area": 959599.953, "perimeter": 4269.096, "codzona": "L", "numquart": 13, "nomezona": "Malpighi", "intersect_area": 52.280065409839153 }, "geometry": { "type": "MultiPolygon", "coordinates": [ [ [ [ 1261211.083918832940981, 5541629.320480721071362 ], [ 1261211.083918832940981, 5541617.81145500484854 ], [ 1261210.986817990429699, 5541617.889739434234798 ], [ 1261205.773390220245346, 5541623.428215347230434 ], [ 1261203.733357165940106, 5541629.320480721071362 ], [ 1261211.083918832940981, 5541629.320480721071362 ] ] ] ] } },
{ "type": "Feature", "properties": { "id": 94, "left": 1261111.0839188329, "top": 5541529.3204807211, "right": 1261211.0839188329, "bottom": 5541429.3204807211, "row_index": 25, "col_index": 2, "area": 11079668.308, "perimeter": 20386.147, "codzona": "F", "numquart": 13, "nomezona": "Costa Saragozza", "intersect_area": 10000.0 }, "geometry": { "type": "MultiPolygon", "coordinates": [ [ [ [ 1261211.083918832940981, 5541529.320480721071362 ], [ 1261211.083918832940981, 5541429.320480721071362 ], [ 1261111.083918832940981, 5541429.320480721071362 ], [ 1261111.083918832940981, 5541529.320480721071362 ], [ 1261211.083918832940981, 5541529.320480721071362 ] ] ] ] } },
{ "type": "Feature", "properties": { "id": 95, "left": 1261111.0839188329, "top": 5541429.3204807211, "right": 1261211.0839188329, "bottom": 5541329.3204807211, "row_index": 26, "col_index": 2, "area": 11079668.308, "perimeter": 20386.147, "codzona": "F", "numquart": 13, "nomezona": "Costa Saragozza", "intersect_area": 3087.1577818989754 }, "geometry": { "type": "MultiPolygon", "coordinates": [ [ [ [ 1261211.083918832940981, 5541429.320480721071362 ], [ 1261211.083918832940981, 5541385.917877446860075 ], [ 1261175.060653848806396, 5541394.907117683440447 ], [ 1261111.083918832940981, 5541411.040776684880257 ], [ 1261111.083918832940981, 5541429.320480721071362 ], [ 1261211.083918832940981, 5541429.320480721071362 ] ] ] ] } },
{ "type": "Feature", "properties": { "id": 95, "left": 1261111.0839188329, "top": 5541429.3204807211, "right": 1261211.0839188329, "bottom": 5541329.3204807211, "row_index": 26, "col_index": 2, "area": 24725141.879000001, "perimeter": 30542.734, "codzona": "D", "numquart": 15, "nomezona": "Colli", "intersect_area": 6912.8422181159258 }, "geometry": { "type": "MultiPolygon", "coordinates": [ [ [ [ 1261211.083918832940981, 5541329.320480721071362 ], [ 1261111.083918832940981, 5541329.320480721071362 ], [ 1261111.083918832940981, 5541411.040776684880257 ], [ 1261175.060653848806396, 5541394.907117683440447 ], [ 1261211.083918832940981, 5541385.917877446860075 ], [ 1261211.083918832940981, 5541329.320480721071362 ] ] ] ] } },
{ "type": "Feature", "properties": { "id": 96, "left": 1261111.0839188329, "top": 5541329.3204807211, "right": 1261211.0839188329, "bottom": 5541229.3204807211, "row_index": 27, "col_index": 2, "area": 24725141.879000001, "perimeter": 30542.734, "codzona": "D", "numquart": 15, "nomezona": "Colli", "intersect_area": 10000.0 }, "geometry": { "type": "MultiPolygon", "coordinates": [ [ [ [ 1261211.083918832940981, 5541329.320480721071362 ], [ 1261211.083918832940981, 5541229.320480721071362 ], [ 1261111.083918832940981, 5541229.320480721071362 ], [ 1261111.083918832940981, 5541329.320480721071362 ], [ 1261211.083918832940981, 5541329.320480721071362 ] ] ] ] } },
{ "type": "Feature", "properties": { "id": 97, "left": 1261111.0839188329, "top": 5541229.3204807211, "right": 1261211.0839188329, "bottom": 5541129.3204807211, "row_index": 28, "col_index": 2, "area": 24725141.879000001, "perimeter": 30542.734, "codzona": "D", "numquart": 15, "nomezona": "Colli", "intersect_area": 10000.0 }, "geometry": { "type": "MultiPolygon", "coordinates": [ [ [ [ 1261211.083918832940981, 5541229.320480721071362 ], [ 1261211.083918832940981, 5541129.320480721071362 ], [ 1261111.083918832940981, 5541129.320480721071362 ], [ 1261111.083918832940981, 5541229.320480721071362 ], [ 1261211.083918832940981, 5541229.320480721071362 ] ] ] ] } },
{ "type": "Feature", "properties": { "id": 98, "left": 1261111.0839188329, "top": 5541129.3204807211, "right": 1261211.0839188329, "bottom": 5541029.3204807211, "row_index": 29, "col_index": 2, "area": 24725141.879000001, "perimeter": 30542.734, "codzona": "D", "numquart": 15, "nomezona": "Colli", "intersect_area": 10000.0 }, "geometry": { "type": "MultiPolygon", "coordinates": [ [ [ [ 1261211.083918832940981, 5541129.320480721071362 ], [ 1261211.083918832940981, 5541029.320480721071362 ], [ 1261111.083918832940981, 5541029.320480721071362 ], [ 1261111.083918832940981, 5541129.320480721071362 ], [ 1261211.083918832940981, 5541129.320480721071362 ] ] ] ] } },
{ "type": "Feature", "properties": { "id": 99, "left": 1261111.0839188329, "top": 5541029.3204807211, "right": 1261211.0839188329, "bottom": 5540929.3204807211, "row_index": 30, "col_index": 2, "area": 24725141.879000001, "perimeter": 30542.734, "codzona": "D", "numquart": 15, "nomezona": "Colli", "intersect_area": 10000.0 }, "geometry": { "type": "MultiPolygon", "coordinates": [ [ [ [ 1261211.083918832940981, 5541029.320480721071362 ], [ 1261211.083918832940981, 5540929.320480721071362 ], [ 1261111.083918832940981, 5540929.320480721071362 ], [ 1261111.083918832940981, 5541029.320480721071362 ], [ 1261211.083918832940981, 5541029.320480721071362 ] ] ] ] } },
{ "type": "Feature", "properties": { "id": 100, "left": 1261111.0839188329, "top": 5540929.3204807211, "right": 1261211.0839188329, "bottom": 5540829.3204807211, "row_index": 31, "col_index": 2, "area": 24725141.879000001, "perimeter": 30542.734, "codzona": "D", "numquart": 15, "nomezona": "Colli", "intersect_area": 10000.0 }, "geometry": { "type": "MultiPolygon", "coordinates": [ [ [ [ 1261211.083918832940981, 5540929.320480721071362 ], [ 1261211.083918832940981, 5540829.320480721071362 ], [ 1261111.083918832940981, 5540829.320480721071362 ], [ 1261111.083918832940981, 5540929.320480721071362 ], [ 1261211.083918832940981, 5540929.320480721071362 ] ] ] ] } },
{ "type": "Feature", "properties": { "id": 101, "left": 1261111.0839188329, "top": 5540829.3204807211, "right": 1261211.0839188329, "bottom": 5540729.3204807211, "row_index": 32, "col_index": 2, "area": 24725141.879000001, "perimeter": 30542.734, "codzona": "D", "numquart": 15, "nomezona": "Colli", "intersect_area": 10000.0 }, "geometry": { "type": "MultiPolygon", "coordinates": [ [ [ [ 1261211.083918832940981, 5540829.320480721071362 ], [ 1261211.083918832940981, 5540729.320480721071362 ], [ 1261111.083918832940981, 5540729.320480721071362 ], [ 1261111.083918832940981, 5540829.320480721071362 ], [ 1261211.083918832940981, 5540829.320480721071362 ] ] ] ] } },
{ "type": "Feature", "properties": { "id": 102, "left": 1261111.0839188329, "top": 5540729.3204807211, "right": 1261211.0839188329, "bottom": 5540629.3204807211, "row_index": 33, "col_index": 2, "area": 24725141.879000001, "perimeter": 30542.734, "codzona": "D", "numquart": 15, "nomezona": "Colli", "intersect_area": 10000.0 }, "geometry": { "type": "MultiPolygon", "coordinates": [ [ [ [ 1261211.083918832940981, 5540729.320480721071362 ], [ 1261211.083918832940981, 5540629.320480721071362 ], [ 1261111.083918832940981, 5540629.320480721071362 ], [ 1261111.083918832940981, 5540729.320480721071362 ], [ 1261211.083918832940981, 5540729.320480721071362 ] ] ] ] } },
{ "type": "Feature", "properties": { "id": 103, "left": 1261211.0839188329, "top": 5544029.3204807211, "right": 1261311.0839188329, "bottom": 5543929.3204807211, "row_index": 0, "col_index": 3, "area": 2668885.563, "perimeter": 7571.745, "codzona": "P", "numquart": 13, "nomezona": "Saffi", "intersect_area": 10000.0 }, "geometry": { "type": "MultiPolygon", "coordinates": [ [ [ [ 1261311.083918832940981, 5544029.320480721071362 ], [ 1261311.083918832940981, 5543929.320480721071362 ], [ 1261211.083918832940981, 5543929.320480721071362 ], [ 1261211.083918832940981, 5544029.320480721071362 ], [ 1261311.083918832940981, 5544029.320480721071362 ] ] ] ] } },
{ "type": "Feature", "properties": { "id": 104, "left": 1261211.0839188329, "top": 5543929.3204807211, "right": 1261311.0839188329, "bottom": 5543829.3204807211, "row_index": 1, "col_index": 3, "area": 2668885.563, "perimeter": 7571.745, "codzona": "P", "numquart": 13, "nomezona": "Saffi", "intersect_area": 10000.0 }, "geometry": { "type": "MultiPolygon", "coordinates": [ [ [ [ 1261311.083918832940981, 5543929.320480721071362 ], [ 1261311.083918832940981, 5543829.320480721071362 ], [ 1261211.083918832940981, 5543829.320480721071362 ], [ 1261211.083918832940981, 5543929.320480721071362 ], [ 1261311.083918832940981, 5543929.320480721071362 ] ] ] ] } },
{ "type": "Feature", "properties": { "id": 105, "left": 1261211.0839188329, "top": 5543829.3204807211, "right": 1261311.0839188329, "bottom": 5543729.3204807211, "row_index": 2, "col_index": 3, "area": 2668885.563, "perimeter": 7571.745, "codzona": "P", "numquart": 13, "nomezona": "Saffi", "intersect_area": 10000.0 }, "geometry": { "type": "MultiPolygon", "coordinates": [ [ [ [ 1261311.083918832940981, 5543829.320480721071362 ], [ 1261311.083918832940981, 5543729.320480721071362 ], [ 1261211.083918832940981, 5543729.320480721071362 ], [ 1261211.083918832940981, 5543829.320480721071362 ], [ 1261311.083918832940981, 5543829.320480721071362 ] ] ] ] } },
{ "type": "Feature", "properties": { "id": 106, "left": 1261211.0839188329, "top": 5543729.3204807211, "right": 1261311.0839188329, "bottom": 5543629.3204807211, "row_index": 3, "col_index": 3, "area": 2668885.563, "perimeter": 7571.745, "codzona": "P", "numquart": 13, "nomezona": "Saffi", "intersect_area": 10000.0 }, "geometry": { "type": "MultiPolygon", "coordinates": [ [ [ [ 1261311.083918832940981, 5543729.320480721071362 ], [ 1261311.083918832940981, 5543629.320480721071362 ], [ 1261211.083918832940981, 5543629.320480721071362 ], [ 1261211.083918832940981, 5543729.320480721071362 ], [ 1261311.083918832940981, 5543729.320480721071362 ] ] ] ] } },
{ "type": "Feature", "properties": { "id": 107, "left": 1261211.0839188329, "top": 5543629.3204807211, "right": 1261311.0839188329, "bottom": 5543529.3204807211, "row_index": 4, "col_index": 3, "area": 2668885.563, "perimeter": 7571.745, "codzona": "P", "numquart": 13, "nomezona": "Saffi", "intersect_area": 10000.0 }, "geometry": { "type": "MultiPolygon", "coordinates": [ [ [ [ 1261311.083918832940981, 5543629.320480721071362 ], [ 1261311.083918832940981, 5543529.320480721071362 ], [ 1261211.083918832940981, 5543529.320480721071362 ], [ 1261211.083918832940981, 5543629.320480721071362 ], [ 1261311.083918832940981, 5543629.320480721071362 ] ] ] ] } },
{ "type": "Feature", "properties": { "id": 108, "left": 1261211.0839188329, "top": 5543529.3204807211, "right": 1261311.0839188329, "bottom": 5543429.3204807211, "row_index": 5, "col_index": 3, "area": 2668885.563, "perimeter": 7571.745, "codzona": "P", "numquart": 13, "nomezona": "Saffi", "intersect_area": 10000.0 }, "geometry": { "type": "MultiPolygon", "coordinates": [ [ [ [ 1261311.083918832940981, 5543529.320480721071362 ], [ 1261311.083918832940981, 5543429.320480721071362 ], [ 1261211.083918832940981, 5543429.320480721071362 ], [ 1261211.083918832940981, 5543529.320480721071362 ], [ 1261311.083918832940981, 5543529.320480721071362 ] ] ] ] } },
{ "type": "Feature", "properties": { "id": 109, "left": 1261211.0839188329, "top": 5543429.3204807211, "right": 1261311.0839188329, "bottom": 5543329.3204807211, "row_index": 6, "col_index": 3, "area": 2668885.563, "perimeter": 7571.745, "codzona": "P", "numquart": 13, "nomezona": "Saffi", "intersect_area": 9985.0699721574783 }, "geometry": { "type": "MultiPolygon", "coordinates": [ [ [ [ 1261311.083918832940981, 5543429.320480721071362 ], [ 1261311.083918832940981, 5543333.87721910700202 ], [ 1261304.530973900575191, 5543329.320480721071362 ], [ 1261211.083918832940981, 5543329.320480721071362 ], [ 1261211.083918832940981, 5543429.320480721071362 ], [ 1261311.083918832940981, 5543429.320480721071362 ] ] ] ] } },
{ "type": "Feature", "properties": { "id": 109, "left": 1261211.0839188329, "top": 5543429.3204807211, "right": 1261311.0839188329, "bottom": 5543329.3204807211, "row_index": 6, "col_index": 3, "area": 1058290.413, "perimeter": 4426.128, "codzona": "M", "numquart": 13, "nomezona": "Marconi", "intersect_area": 14.930027857422829 }, "geometry": { "type": "MultiPolygon", "coordinates": [ [ [ [ 1261311.083918832940981, 5543329.320480721071362 ], [ 1261304.530973900575191, 5543329.320480721071362 ], [ 1261311.083918832940981, 5543333.87721910700202 ], [ 1261311.083918832940981, 5543329.320480721071362 ] ] ] ] } },
{ "type": "Feature", "properties": { "id": 110, "left": 1261211.0839188329, "top": 5543329.3204807211, "right": 1261311.0839188329, "bottom": 5543229.3204807211, "row_index": 7, "col_index": 3, "area": 2668885.563, "perimeter": 7571.745, "codzona": "P", "numquart": 13, "nomezona": "Saffi", "intersect_area": 3061.3716928362846 }, "geometry": { "type": "MultiPolygon", "coordinates": [ [ [ [ 1261304.530973900575191, 5543329.320480721071362 ], [ 1261263.546057801460847, 5543300.820692859590054 ], [ 1261211.083918832940981, 5543263.377265136688948 ], [ 1261211.083918832940981, 5543329.320480721071362 ], [ 1261304.530973900575191, 5543329.320480721071362 ] ] ] ] } },
{ "type": "Feature", "properties": { "id": 110, "left": 1261211.0839188329, "top": 5543329.3204807211, "right": 1261311.0839188329, "bottom": 5543229.3204807211, "row_index": 7, "col_index": 3, "area": 1058290.413, "perimeter": 4426.128, "codzona": "M", "numquart": 13, "nomezona": "Marconi", "intersect_area": 6938.6283071488142 }, "geometry": { "type": "MultiPolygon", "coordinates": [ [ [ [ 1261311.083918832940981, 5543329.320480721071362 ], [ 1261311.083918832940981, 5543229.320480721071362 ], [ 1261211.083918832940981, 5543229.320480721071362 ], [ 1261211.083918832940981, 5543263.377265136688948 ], [ 1261263.546057801460847, 5543300.820692859590054 ], [ 1261304.530973900575191, 5543329.320480721071362 ], [ 1261311.083918832940981, 5543329.320480721071362 ] ] ] ] } },
{ "type": "Feature", "properties": { "id": 111, "left": 1261211.0839188329, "top": 5543229.3204807211, "right": 1261311.0839188329, "bottom": 5543129.3204807211, "row_index": 8, "col_index": 3, "area": 1058290.413, "perimeter": 4426.128, "codzona": "M", "numquart": 13, "nomezona": "Marconi", "intersect_area": 10000.0 }, "geometry": { "type": "MultiPolygon", "coordinates": [ [ [ [ 1261311.083918832940981, 5543229.320480721071362 ], [ 1261311.083918832940981, 5543129.320480721071362 ], [ 1261211.083918832940981, 5543129.320480721071362 ], [ 1261211.083918832940981, 5543229.320480721071362 ], [ 1261311.083918832940981, 5543229.320480721071362 ] ] ] ] } },
{ "type": "Feature", "properties": { "id": 112, "left": 1261211.0839188329, "top": 5543129.3204807211, "right": 1261311.0839188329, "bottom": 5543029.3204807211, "row_index": 9, "col_index": 3, "area": 1058290.413, "perimeter": 4426.128, "codzona": "M", "numquart": 13, "nomezona": "Marconi", "intersect_area": 10000.0 }, "geometry": { "type": "MultiPolygon", "coordinates": [ [ [ [ 1261311.083918832940981, 5543129.320480721071362 ], [ 1261311.083918832940981, 5543029.320480721071362 ], [ 1261211.083918832940981, 5543029.320480721071362 ], [ 1261211.083918832940981, 5543129.320480721071362 ], [ 1261311.083918832940981, 5543129.320480721071362 ] ] ] ] } },
{ "type": "Feature", "properties": { "id": 113, "left": 1261211.0839188329, "top": 5543029.3204807211, "right": 1261311.0839188329, "bottom": 5542929.3204807211, "row_index": 10, "col_index": 3, "area": 1058290.413, "perimeter": 4426.128, "codzona": "M", "numquart": 13, "nomezona": "Marconi", "intersect_area": 10000.0 }, "geometry": { "type": "MultiPolygon", "coordinates": [ [ [ [ 1261311.083918832940981, 5543029.320480721071362 ], [ 1261311.083918832940981, 5542929.320480721071362 ], [ 1261211.083918832940981, 5542929.320480721071362 ], [ 1261211.083918832940981, 5543029.320480721071362 ], [ 1261311.083918832940981, 5543029.320480721071362 ] ] ] ] } },
{ "type": "Feature", "properties": { "id": 114, "left": 1261211.0839188329, "top": 5542929.3204807211, "right": 1261311.0839188329, "bottom": 5542829.3204807211, "row_index": 11, "col_index": 3, "area": 959599.953, "perimeter": 4269.096, "codzona": "L", "numquart": 13, "nomezona": "Malpighi", "intersect_area": 4002.9441304244101 }, "geometry": { "type": "MultiPolygon", "coordinates": [ [ [ [ 1261311.083918832940981, 5542829.320480721071362 ], [ 1261211.083918832940981, 5542829.320480721071362 ], [ 1261211.083918832940981, 5542894.719163523055613 ], [ 1261237.360121440608054, 5542881.389357592910528 ], [ 1261311.083918832940981, 5542843.977505620568991 ], [ 1261311.083918832940981, 5542829.320480721071362 ] ] ] ] } },
{ "type": "Feature", "properties": { "id": 114, "left": 1261211.0839188329, "top": 5542929.3204807211, "right": 1261311.0839188329, "bottom": 5542829.3204807211, "row_index": 11, "col_index": 3, "area": 1058290.413, "perimeter": 4426.128, "codzona": "M", "numquart": 13, "nomezona": "Marconi", "intersect_area": 5997.0558695793152 }, "geometry": { "type": "MultiPolygon", "coordinates": [ [ [ [ 1261311.083918832940981, 5542929.320480721071362 ], [ 1261311.083918832940981, 5542843.977505620568991 ], [ 1261237.360121440608054, 5542881.389357592910528 ], [ 1261211.083918832940981, 5542894.719163523055613 ], [ 1261211.083918832940981, 5542929.320480721071362 ], [ 1261311.083918832940981, 5542929.320480721071362 ] ] ] ] } },
{ "type": "Feature", "properties": { "id": 115, "left": 1261211.0839188329, "top": 5542829.3204807211, "right": 1261311.0839188329, "bottom": 5542729.3204807211, "row_index": 12, "col_index": 3, "area": 959599.953, "perimeter": 4269.096, "codzona": "L", "numquart": 13, "nomezona": "Malpighi", "intersect_area": 10000.0 }, "geometry": { "type": "MultiPolygon", "coordinates": [ [ [ [ 1261311.083918832940981, 5542829.320480721071362 ], [ 1261311.083918832940981, 5542729.320480721071362 ], [ 1261211.083918832940981, 5542729.320480721071362 ], [ 1261211.083918832940981, 5542829.320480721071362 ], [ 1261311.083918832940981, 5542829.320480721071362 ] ] ] ] } },
{ "type": "Feature", "properties": { "id": 116, "left": 1261211.0839188329, "top": 5542729.3204807211, "right": 1261311.0839188329, "bottom": 5542629.3204807211, "row_index": 13, "col_index": 3, "area": 959599.953, "perimeter": 4269.096, "codzona": "L", "numquart": 13, "nomezona": "Malpighi", "intersect_area": 10000.0 }, "geometry": { "type": "MultiPolygon", "coordinates": [ [ [ [ 1261311.083918832940981, 5542729.320480721071362 ], [ 1261311.083918832940981, 5542629.320480721071362 ], [ 1261211.083918832940981, 5542629.320480721071362 ], [ 1261211.083918832940981, 5542729.320480721071362 ], [ 1261311.083918832940981, 5542729.320480721071362 ] ] ] ] } },
{ "type": "Feature", "properties": { "id": 117, "left": 1261211.0839188329, "top": 5542629.3204807211, "right": 1261311.0839188329, "bottom": 5542529.3204807211, "row_index": 14, "col_index": 3, "area": 959599.953, "perimeter": 4269.096, "codzona": "L", "numquart": 13, "nomezona": "Malpighi", "intersect_area": 10000.0 }, "geometry": { "type": "MultiPolygon", "coordinates": [ [ [ [ 1261311.083918832940981, 5542629.320480721071362 ], [ 1261311.083918832940981, 5542529.320480721071362 ], [ 1261211.083918832940981, 5542529.320480721071362 ], [ 1261211.083918832940981, 5542629.320480721071362 ], [ 1261311.083918832940981, 5542629.320480721071362 ] ] ] ] } },
{ "type": "Feature", "properties": { "id": 118, "left": 1261211.0839188329, "top": 5542529.3204807211, "right": 1261311.0839188329, "bottom": 5542429.3204807211, "row_index": 15, "col_index": 3, "area": 959599.953, "perimeter": 4269.096, "codzona": "L", "numquart": 13, "nomezona": "Malpighi", "intersect_area": 10000.0 }, "geometry": { "type": "MultiPolygon", "coordinates": [ [ [ [ 1261311.083918832940981, 5542529.320480721071362 ], [ 1261311.083918832940981, 5542429.320480721071362 ], [ 1261211.083918832940981, 5542429.320480721071362 ], [ 1261211.083918832940981, 5542529.320480721071362 ], [ 1261311.083918832940981, 5542529.320480721071362 ] ] ] ] } },
{ "type": "Feature", "properties": { "id": 119, "left": 1261211.0839188329, "top": 5542429.3204807211, "right": 1261311.0839188329, "bottom": 5542329.3204807211, "row_index": 16, "col_index": 3, "area": 959599.953, "perimeter": 4269.096, "codzona": "L", "numquart": 13, "nomezona": "Malpighi", "intersect_area": 10000.0 }, "geometry": { "type": "MultiPolygon", "coordinates": [ [ [ [ 1261311.083918832940981, 5542429.320480721071362 ], [ 1261311.083918832940981, 5542329.320480721071362 ], [ 1261211.083918832940981, 5542329.320480721071362 ], [ 1261211.083918832940981, 5542429.320480721071362 ], [ 1261311.083918832940981, 5542429.320480721071362 ] ] ] ] } },
{ "type": "Feature", "properties": { "id": 120, "left": 1261211.0839188329, "top": 5542329.3204807211, "right": 1261311.0839188329, "bottom": 5542229.3204807211, "row_index": 17, "col_index": 3, "area": 959599.953, "perimeter": 4269.096, "codzona": "L", "numquart": 13, "nomezona": "Malpighi", "intersect_area": 10000.0 }, "geometry": { "type": "MultiPolygon", "coordinates": [ [ [ [ 1261311.083918832940981, 5542329.320480721071362 ], [ 1261311.083918832940981, 5542229.320480721071362 ], [ 1261211.083918832940981, 5542229.320480721071362 ], [ 1261211.083918832940981, 5542329.320480721071362 ], [ 1261311.083918832940981, 5542329.320480721071362 ] ] ] ] } },
{ "type": "Feature", "properties": { "id": 121, "left": 1261211.0839188329, "top": 5542229.3204807211, "right": 1261311.0839188329, "bottom": 5542129.3204807211, "row_index": 18, "col_index": 3, "area": 959599.953, "perimeter": 4269.096, "codzona": "L", "numquart": 13, "nomezona": "Malpighi", "intersect_area": 10000.0 }, "geometry": { "type": "MultiPolygon", "coordinates": [ [ [ [ 1261311.083918832940981, 5542229.320480721071362 ], [ 1261311.083918832940981, 5542129.320480721071362 ], [ 1261211.083918832940981, 5542129.320480721071362 ], [ 1261211.083918832940981, 5542229.320480721071362 ], [ 1261311.083918832940981, 5542229.320480721071362 ] ] ] ] } },
{ "type": "Feature", "properties": { "id": 122, "left": 1261211.0839188329, "top": 5542129.3204807211, "right": 1261311.0839188329, "bottom": 5542029.3204807211, "row_index": 19, "col_index": 3, "area": 959599.953, "perimeter": 4269.096, "codzona": "L", "numquart": 13, "nomezona": "Malpighi", "intersect_area": 10000.0 }, "geometry": { "type": "MultiPolygon", "coordinates": [ [ [ [ 1261311.083918832940981, 5542129.320480721071362 ], [ 1261311.083918832940981, 5542029.320480721071362 ], [ 1261211.083918832940981, 5542029.320480721071362 ], [ 1261211.083918832940981, 5542129.320480721071362 ], [ 1261311.083918832940981, 5542129.320480721071362 ] ] ] ] } },
{ "type": "Feature", "properties": { "id": 123, "left": 1261211.0839188329, "top": 5542029.3204807211, "right": 1261311.0839188329, "bottom": 5541929.3204807211, "row_index": 20, "col_index": 3, "area": 959599.953, "perimeter": 4269.096, "codzona": "L", "numquart": 13, "nomezona": "Malpighi", "intersect_area": 10000.0 }, "geometry": { "type": "MultiPolygon", "coordinates": [ [ [ [ 1261311.083918832940981, 5542029.320480721071362 ], [ 1261311.083918832940981, 5541929.320480721071362 ], [ 1261211.083918832940981, 5541929.320480721071362 ], [ 1261211.083918832940981, 5542029.320480721071362 ], [ 1261311.083918832940981, 5542029.320480721071362 ] ] ] ] } },
{ "type": "Feature", "properties": { "id": 124, "left": 1261211.0839188329, "top": 5541929.3204807211, "right": 1261311.0839188329, "bottom": 5541829.3204807211, "row_index": 21, "col_index": 3, "area": 959599.953, "perimeter": 4269.096, "codzona": "L", "numquart": 13, "nomezona": "Malpighi", "intersect_area": 10000.0 }, "geometry": { "type": "MultiPolygon", "coordinates": [ [ [ [ 1261311.083918832940981, 5541929.320480721071362 ], [ 1261311.083918832940981, 5541829.320480721071362 ], [ 1261211.083918832940981, 5541829.320480721071362 ], [ 1261211.083918832940981, 5541929.320480721071362 ], [ 1261311.083918832940981, 5541929.320480721071362 ] ] ] ] } },
{ "type": "Feature", "properties": { "id": 125, "left": 1261211.0839188329, "top": 5541829.3204807211, "right": 1261311.0839188329, "bottom": 5541729.3204807211, "row_index": 22, "col_index": 3, "area": 959599.953, "perimeter": 4269.096, "codzona": "L", "numquart": 13, "nomezona": "Malpighi", "intersect_area": 10000.0 }, "geometry": { "type": "MultiPolygon", "coordinates": [ [ [ [ 1261311.083918832940981, 5541829.320480721071362 ], [ 1261311.083918832940981, 5541729.320480721071362 ], [ 1261211.083918832940981, 5541729.320480721071362 ], [ 1261211.083918832940981, 5541829.320480721071362 ], [ 1261311.083918832940981, 5541829.320480721071362 ] ] ] ] } },
{ "type": "Feature", "properties": { "id": 126, "left": 1261211.0839188329, "top": 5541729.3204807211, "right": 1261311.0839188329, "bottom": 5541629.3204807211, "row_index": 23, "col_index": 3, "area": 959599.953, "perimeter": 4269.096, "codzona": "L", "numquart": 13, "nomezona": "Malpighi", "intersect_area": 10000.0 }, "geometry": { "type": "MultiPolygon", "coordinates": [ [ [ [ 1261311.083918832940981, 5541729.320480721071362 ], [ 1261311.083918832940981, 5541629.320480721071362 ], [ 1261211.083918832940981, 5541629.320480721071362 ], [ 1261211.083918832940981, 5541729.320480721071362 ], [ 1261311.083918832940981, 5541729.320480721071362 ] ] ] ] } },
{ "type": "Feature", "properties": { "id": 127, "left": 1261211.0839188329, "top": 5541629.3204807211, "right": 1261311.0839188329, "bottom": 5541529.3204807211, "row_index": 24, "col_index": 3, "area": 11079668.308, "perimeter": 20386.147, "codzona": "F", "numquart": 13, "nomezona": "Costa Saragozza", "intersect_area": 3334.7000386863947 }, "geometry": { "type": "MultiPolygon", "coordinates": [ [ [ [ 1261211.083918832940981, 5541529.320480721071362 ], [ 1261211.083918832940981, 5541617.81145500484854 ], [ 1261218.862534913467243, 5541611.540196122601628 ], [ 1261234.389570500468835, 5541599.241993145085871 ], [ 1261270.288479485316202, 5541578.166309529915452 ], [ 1261256.381077778525651, 5541555.813964569941163 ], [ 1261247.449108453001827, 5541529.320480721071362 ], [ 1261211.083918832940981, 5541529.320480721071362 ] ] ] ] } },
{ "type": "Feature", "properties": { "id": 127, "left": 1261211.0839188329, "top": 5541629.3204807211, "right": 1261311.0839188329, "bottom": 5541529.3204807211, "row_index": 24, "col_index": 3, "area": 24725141.879000001, "perimeter": 30542.734, "codzona": "D", "numquart": 15, "nomezona": "Colli", "intersect_area": 2209.8857948444784 }, "geometry": { "type": "MultiPolygon", "coordinates": [ [ [ [ 1261311.083918832940981, 5541529.320480721071362 ], [ 1261247.449108453001827, 5541529.320480721071362 ], [ 1261256.381077778525651, 5541555.813964569941163 ], [ 1261270.288479485316202, 5541578.166309529915452 ], [ 1261310.362084029475227, 5541557.698938525281847 ], [ 1261311.083918832940981, 5541557.330265819095075 ], [ 1261311.083918832940981, 5541529.320480721071362 ] ] ] ] } },
{ "type": "Feature", "properties": { "id": 127, "left": 1261211.0839188329, "top": 5541629.3204807211, "right": 1261311.0839188329, "bottom": 5541529.3204807211, "row_index": 24, "col_index": 3, "area": 959599.953, "perimeter": 4269.096, "codzona": "L", "numquart": 13, "nomezona": "Malpighi", "intersect_area": 4455.4141664505005 }, "geometry": { "type": "MultiPolygon", "coordinates": [ [ [ [ 1261311.083918832940981, 5541629.320480721071362 ], [ 1261311.083918832940981, 5541557.330265819095075 ], [ 1261310.362084029475227, 5541557.698938525281847 ], [ 1261270.288479485316202, 5541578.166309529915452 ], [ 1261234.389570500468835, 5541599.241993145085871 ], [ 1261218.862534913467243, 5541611.540196122601628 ], [ 1261211.083918832940981, 5541617.81145500484854 ], [ 1261211.083918832940981, 5541629.320480721071362 ], [ 1261311.083918832940981, 5541629.320480721071362 ] ] ] ] } },
{ "type": "Feature", "properties": { "id": 128, "left": 1261211.0839188329, "top": 5541529.3204807211, "right": 1261311.0839188329, "bottom": 5541429.3204807211, "row_index": 25, "col_index": 3, "area": 11079668.308, "perimeter": 20386.147, "codzona": "F", "numquart": 13, "nomezona": "Costa Saragozza", "intersect_area": 3677.8806875646114 }, "geometry": { "type": "MultiPolygon", "coordinates": [ [ [ [ 1261247.449108453001827, 5541529.320480721071362 ], [ 1261229.854721637209877, 5541477.133041876368225 ], [ 1261265.559665475506335, 5541466.979704506695271 ], [ 1261257.982915576081723, 5541437.822868422605097 ], [ 1261255.793475596932694, 5541429.320480721071362 ], [ 1261211.083918832940981, 5541429.320480721071362 ], [ 1261211.083918832940981, 5541529.320480721071362 ], [ 1261247.449108453001827, 5541529.320480721071362 ] ] ] ] } },
{ "type": "Feature", "properties": { "id": 128, "left": 1261211.0839188329, "top": 5541529.3204807211, "right": 1261311.0839188329, "bottom": 5541429.3204807211, "row_index": 25, "col_index": 3, "area": 24725141.879000001, "perimeter": 30542.734, "codzona": "D", "numquart": 15, "nomezona": "Colli", "intersect_area": 6322.1193124651909 }, "geometry": { "type": "MultiPolygon", "coordinates": [ [ [ [ 1261311.083918832940981, 5541529.320480721071362 ], [ 1261311.083918832940981, 5541429.320480721071362 ], [ 1261255.793475596932694, 5541429.320480721071362 ], [ 1261257.982915576081723, 5541437.822868422605097 ], [ 1261265.559665475506335, 5541466.979704506695271 ], [ 1261229.854721637209877, 5541477.133041876368225 ], [ 1261247.449108453001827, 5541529.320480721071362 ], [ 1261311.083918832940981, 5541529.320480721071362 ] ] ] ] } },
{ "type": "Feature", "properties": { "id": 129, "left": 1261211.0839188329, "top": 5541429.3204807211, "right": 1261311.0839188329, "bottom": 5541329.3204807211, "row_index": 26, "col_index": 3, "area": 11079668.308, "perimeter": 20386.147, "codzona": "F", "numquart": 13, "nomezona": "Costa Saragozza", "intersect_area": 1829.7933651208878 }, "geometry": { "type": "MultiPolygon", "coordinates": [ [ [ [ 1261255.793475596932694, 5541429.320480721071362 ], [ 1261242.592237502336502, 5541378.055296248756349 ], [ 1261211.083918832940981, 5541385.917877446860075 ], [ 1261211.083918832940981, 5541429.320480721071362 ], [ 1261255.793475596932694, 5541429.320480721071362 ] ] ] ] } },
{ "type": "Feature", "properties": { "id": 129, "left": 1261211.0839188329, "top": 5541429.3204807211, "right": 1261311.0839188329, "bottom": 5541329.3204807211, "row_index": 26, "col_index": 3, "area": 24725141.879000001, "perimeter": 30542.734, "codzona": "D", "numquart": 15, "nomezona": "Colli", "intersect_area": 8170.2066348493099 }, "geometry": { "type": "MultiPolygon", "coordinates": [ [ [ [ 1261311.083918832940981, 5541429.320480721071362 ], [ 1261311.083918832940981, 5541329.320480721071362 ], [ 1261211.083918832940981, 5541329.320480721071362 ], [ 1261211.083918832940981, 5541385.917877446860075 ], [ 1261242.592237502336502, 5541378.055296248756349 ], [ 1261255.793475596932694, 5541429.320480721071362 ], [ 1261311.083918832940981, 5541429.320480721071362 ] ] ] ] } },
{ "type": "Feature", "properties": { "id": 130, "left": 1261211.0839188329, "top": 5541329.3204807211, "right": 1261311.0839188329, "bottom": 5541229.3204807211, "row_index": 27, "col_index": 3, "area": 24725141.879000001, "perimeter": 30542.734, "codzona": "D", "numquart": 15, "nomezona": "Colli", "intersect_area": 10000.0 }, "geometry": { "type": "MultiPolygon", "coordinates": [ [ [ [ 1261311.083918832940981, 5541329.320480721071362 ], [ 1261311.083918832940981, 5541229.320480721071362 ], [ 1261211.083918832940981, 5541229.320480721071362 ], [ 1261211.083918832940981, 5541329.320480721071362 ], [ 1261311.083918832940981, 5541329.320480721071362 ] ] ] ] } },
{ "type": "Feature", "properties": { "id": 131, "left": 1261211.0839188329, "top": 5541229.3204807211, "right": 1261311.0839188329, "bottom": 5541129.3204807211, "row_index": 28, "col_index": 3, "area": 24725141.879000001, "perimeter": 30542.734, "codzona": "D", "numquart": 15, "nomezona": "Colli", "intersect_area": 10000.0 }, "geometry": { "type": "MultiPolygon", "coordinates": [ [ [ [ 1261311.083918832940981, 5541229.320480721071362 ], [ 1261311.083918832940981, 5541129.320480721071362 ], [ 1261211.083918832940981, 5541129.320480721071362 ], [ 1261211.083918832940981, 5541229.320480721071362 ], [ 1261311.083918832940981, 5541229.320480721071362 ] ] ] ] } },
{ "type": "Feature", "properties": { "id": 132, "left": 1261211.0839188329, "top": 5541129.3204807211, "right": 1261311.0839188329, "bottom": 5541029.3204807211, "row_index": 29, "col_index": 3, "area": 24725141.879000001, "perimeter": 30542.734, "codzona": "D", "numquart": 15, "nomezona": "Colli", "intersect_area": 10000.0 }, "geometry": { "type": "MultiPolygon", "coordinates": [ [ [ [ 1261311.083918832940981, 5541129.320480721071362 ], [ 1261311.083918832940981, 5541029.320480721071362 ], [ 1261211.083918832940981, 5541029.320480721071362 ], [ 1261211.083918832940981, 5541129.320480721071362 ], [ 1261311.083918832940981, 5541129.320480721071362 ] ] ] ] } },
{ "type": "Feature", "properties": { "id": 133, "left": 1261211.0839188329, "top": 5541029.3204807211, "right": 1261311.0839188329, "bottom": 5540929.3204807211, "row_index": 30, "col_index": 3, "area": 24725141.879000001, "perimeter": 30542.734, "codzona": "D", "numquart": 15, "nomezona": "Colli", "intersect_area": 10000.0 }, "geometry": { "type": "MultiPolygon", "coordinates": [ [ [ [ 1261311.083918832940981, 5541029.320480721071362 ], [ 1261311.083918832940981, 5540929.320480721071362 ], [ 1261211.083918832940981, 5540929.320480721071362 ], [ 1261211.083918832940981, 5541029.320480721071362 ], [ 1261311.083918832940981, 5541029.320480721071362 ] ] ] ] } },
{ "type": "Feature", "properties": { "id": 134, "left": 1261211.0839188329, "top": 5540929.3204807211, "right": 1261311.0839188329, "bottom": 5540829.3204807211, "row_index": 31, "col_index": 3, "area": 24725141.879000001, "perimeter": 30542.734, "codzona": "D", "numquart": 15, "nomezona": "Colli", "intersect_area": 10000.0 }, "geometry": { "type": "MultiPolygon", "coordinates": [ [ [ [ 1261311.083918832940981, 5540929.320480721071362 ], [ 1261311.083918832940981, 5540829.320480721071362 ], [ 1261211.083918832940981, 5540829.320480721071362 ], [ 1261211.083918832940981, 5540929.320480721071362 ], [ 1261311.083918832940981, 5540929.320480721071362 ] ] ] ] } },
{ "type": "Feature", "properties": { "id": 135, "left": 1261211.0839188329, "top": 5540829.3204807211, "right": 1261311.0839188329, "bottom": 5540729.3204807211, "row_index": 32, "col_index": 3, "area": 24725141.879000001, "perimeter": 30542.734, "codzona": "D", "numquart": 15, "nomezona": "Colli", "intersect_area": 10000.0 }, "geometry": { "type": "MultiPolygon", "coordinates": [ [ [ [ 1261311.083918832940981, 5540829.320480721071362 ], [ 1261311.083918832940981, 5540729.320480721071362 ], [ 1261211.083918832940981, 5540729.320480721071362 ], [ 1261211.083918832940981, 5540829.320480721071362 ], [ 1261311.083918832940981, 5540829.320480721071362 ] ] ] ] } },
{ "type": "Feature", "properties": { "id": 136, "left": 1261211.0839188329, "top": 5540729.3204807211, "right": 1261311.0839188329, "bottom": 5540629.3204807211, "row_index": 33, "col_index": 3, "area": 24725141.879000001, "perimeter": 30542.734, "codzona": "D", "numquart": 15, "nomezona": "Colli", "intersect_area": 10000.0 }, "geometry": { "type": "MultiPolygon", "coordinates": [ [ [ [ 1261311.083918832940981, 5540729.320480721071362 ], [ 1261311.083918832940981, 5540629.320480721071362 ], [ 1261211.083918832940981, 5540629.320480721071362 ], [ 1261211.083918832940981, 5540729.320480721071362 ], [ 1261311.083918832940981, 5540729.320480721071362 ] ] ] ] } },
{ "type": "Feature", "properties": { "id": 137, "left": 1261311.0839188329, "top": 5544029.3204807211, "right": 1261411.0839188329, "bottom": 5543929.3204807211, "row_index": 0, "col_index": 4, "area": 2668885.563, "perimeter": 7571.745, "codzona": "P", "numquart": 13, "nomezona": "Saffi", "intersect_area": 10000.0 }, "geometry": { "type": "MultiPolygon", "coordinates": [ [ [ [ 1261411.083918832940981, 5544029.320480721071362 ], [ 1261411.083918832940981, 5543929.320480721071362 ], [ 1261311.083918832940981, 5543929.320480721071362 ], [ 1261311.083918832940981, 5544029.320480721071362 ], [ 1261411.083918832940981, 5544029.320480721071362 ] ] ] ] } },
{ "type": "Feature", "properties": { "id": 138, "left": 1261311.0839188329, "top": 5543929.3204807211, "right": 1261411.0839188329, "bottom": 5543829.3204807211, "row_index": 1, "col_index": 4, "area": 2668885.563, "perimeter": 7571.745, "codzona": "P", "numquart": 13, "nomezona": "Saffi", "intersect_area": 10000.0 }, "geometry": { "type": "MultiPolygon", "coordinates": [ [ [ [ 1261411.083918832940981, 5543929.320480721071362 ], [ 1261411.083918832940981, 5543829.320480721071362 ], [ 1261311.083918832940981, 5543829.320480721071362 ], [ 1261311.083918832940981, 5543929.320480721071362 ], [ 1261411.083918832940981, 5543929.320480721071362 ] ] ] ] } },
{ "type": "Feature", "properties": { "id": 139, "left": 1261311.0839188329, "top": 5543829.3204807211, "right": 1261411.0839188329, "bottom": 5543729.3204807211, "row_index": 2, "col_index": 4, "area": 2668885.563, "perimeter": 7571.745, "codzona": "P", "numquart": 13, "nomezona": "Saffi", "intersect_area": 10000.0 }, "geometry": { "type": "MultiPolygon", "coordinates": [ [ [ [ 1261411.083918832940981, 5543829.320480721071362 ], [ 1261411.083918832940981, 5543729.320480721071362 ], [ 1261311.083918832940981, 5543729.320480721071362 ], [ 1261311.083918832940981, 5543829.320480721071362 ], [ 1261411.083918832940981, 5543829.320480721071362 ] ] ] ] } },
{ "type": "Feature", "properties": { "id": 140, "left": 1261311.0839188329, "top": 5543729.3204807211, "right": 1261411.0839188329, "bottom": 5543629.3204807211, "row_index": 3, "col_index": 4, "area": 2668885.563, "perimeter": 7571.745, "codzona": "P", "numquart": 13, "nomezona": "Saffi", "intersect_area": 10000.0 }, "geometry": { "type": "MultiPolygon", "coordinates": [ [ [ [ 1261411.083918832940981, 5543729.320480721071362 ], [ 1261411.083918832940981, 5543629.320480721071362 ], [ 1261311.083918832940981, 5543629.320480721071362 ], [ 1261311.083918832940981, 5543729.320480721071362 ], [ 1261411.083918832940981, 5543729.320480721071362 ] ] ] ] } },
{ "type": "Feature", "properties": { "id": 141, "left": 1261311.0839188329, "top": 5543629.3204807211, "right": 1261411.0839188329, "bottom": 5543529.3204807211, "row_index": 4, "col_index": 4, "area": 2668885.563, "perimeter": 7571.745, "codzona": "P", "numquart": 13, "nomezona": "Saffi", "intersect_area": 10000.0 }, "geometry": { "type": "MultiPolygon", "coordinates": [ [ [ [ 1261411.083918832940981, 5543629.320480721071362 ], [ 1261411.083918832940981, 5543529.320480721071362 ], [ 1261311.083918832940981, 5543529.320480721071362 ], [ 1261311.083918832940981, 5543629.320480721071362 ], [ 1261411.083918832940981, 5543629.320480721071362 ] ] ] ] } },
{ "type": "Feature", "properties": { "id": 142, "left": 1261311.0839188329, "top": 5543529.3204807211, "right": 1261411.0839188329, "bottom": 5543429.3204807211, "row_index": 5, "col_index": 4, "area": 2668885.563, "perimeter": 7571.745, "codzona": "P", "numquart": 13, "nomezona": "Saffi", "intersect_area": 10000.0 }, "geometry": { "type": "MultiPolygon", "coordinates": [ [ [ [ 1261411.083918832940981, 5543529.320480721071362 ], [ 1261411.083918832940981, 5543429.320480721071362 ], [ 1261311.083918832940981, 5543429.320480721071362 ], [ 1261311.083918832940981, 5543529.320480721071362 ], [ 1261411.083918832940981, 5543529.320480721071362 ] ] ] ] } },
{ "type": "Feature", "properties": { "id": 143, "left": 1261311.0839188329, "top": 5543429.3204807211, "right": 1261411.0839188329, "bottom": 5543329.3204807211, "row_index": 6, "col_index": 4, "area": 2668885.563, "perimeter": 7571.745, "codzona": "P", "numquart": 13, "nomezona": "Saffi", "intersect_area": 6063.3500520586967 }, "geometry": { "type": "MultiPolygon", "coordinates": [ [ [ [ 1261411.083918832940981, 5543429.320480721071362 ], [ 1261411.083918832940981, 5543403.698616617359221 ], [ 1261382.132495714584365, 5543383.282453074119985 ], [ 1261311.083918832940981, 5543333.87721910700202 ], [ 1261311.083918832940981, 5543429.320480721071362 ], [ 1261411.083918832940981, 5543429.320480721071362 ] ] ] ] } },
{ "type": "Feature", "properties": { "id": 143, "left": 1261311.0839188329, "top": 5543429.3204807211, "right": 1261411.0839188329, "bottom": 5543329.3204807211, "row_index": 6, "col_index": 4, "area": 1058290.413, "perimeter": 4426.128, "codzona": "M", "numquart": 13, "nomezona": "Marconi", "intersect_area": 3936.6499479934573 }, "geometry": { "type": "MultiPolygon", "coordinates": [ [ [ [ 1261411.083918832940981, 5543329.320480721071362 ], [ 1261311.083918832940981, 5543329.320480721071362 ], [ 1261311.083918832940981, 5543333.87721910700202 ], [ 1261382.132495714584365, 5543383.282453074119985 ], [ 1261411.083918832940981, 5543403.698616617359221 ], [ 1261411.083918832940981, 5543329.320480721071362 ] ] ] ] } },
{ "type": "Feature", "properties": { "id": 144, "left": 1261311.0839188329, "top": 5543329.3204807211, "right": 1261411.0839188329, "bottom": 5543229.3204807211, "row_index": 7, "col_index": 4, "area": 1058290.413, "perimeter": 4426.128, "codzona": "M", "numquart": 13, "nomezona": "Marconi", "intersect_area": 10000.0 }, "geometry": { "type": "MultiPolygon", "coordinates": [ [ [ [ 1261411.083918832940981, 5543329.320480721071362 ], [ 1261411.083918832940981, 5543229.320480721071362 ], [ 1261311.083918832940981, 5543229.320480721071362 ], [ 1261311.083918832940981, 5543329.320480721071362 ], [ 1261411.083918832940981, 5543329.320480721071362 ] ] ] ] } },
{ "type": "Feature", "properties": { "id": 145, "left": 1261311.0839188329, "top": 5543229.3204807211, "right": 1261411.0839188329, "bottom": 5543129.3204807211, "row_index": 8, "col_index": 4, "area": 1058290.413, "perimeter": 4426.128, "codzona": "M", "numquart": 13, "nomezona": "Marconi", "intersect_area": 10000.0 }, "geometry": { "type": "MultiPolygon", "coordinates": [ [ [ [ 1261411.083918832940981, 5543229.320480721071362 ], [ 1261411.083918832940981, 5543129.320480721071362 ], [ 1261311.083918832940981, 5543129.320480721071362 ], [ 1261311.083918832940981, 5543229.320480721071362 ], [ 1261411.083918832940981, 5543229.320480721071362 ] ] ] ] } },
{ "type": "Feature", "properties": { "id": 146, "left": 1261311.0839188329, "top": 5543129.3204807211, "right": 1261411.0839188329, "bottom": 5543029.3204807211, "row_index": 9, "col_index": 4, "area": 1058290.413, "perimeter": 4426.128, "codzona": "M", "numquart": 13, "nomezona": "Marconi", "intersect_area": 10000.0 }, "geometry": { "type": "MultiPolygon", "coordinates": [ [ [ [ 1261411.083918832940981, 5543129.320480721071362 ], [ 1261411.083918832940981, 5543029.320480721071362 ], [ 1261311.083918832940981, 5543029.320480721071362 ], [ 1261311.083918832940981, 5543129.320480721071362 ], [ 1261411.083918832940981, 5543129.320480721071362 ] ] ] ] } },
{ "type": "Feature", "properties": { "id": 147, "left": 1261311.0839188329, "top": 5543029.3204807211, "right": 1261411.0839188329, "bottom": 5542929.3204807211, "row_index": 10, "col_index": 4, "area": 1058290.413, "perimeter": 4426.128, "codzona": "M", "numquart": 13, "nomezona": "Marconi", "intersect_area": 10000.0 }, "geometry": { "type": "MultiPolygon", "coordinates": [ [ [ [ 1261411.083918832940981, 5543029.320480721071362 ], [ 1261411.083918832940981, 5542929.320480721071362 ], [ 1261311.083918832940981, 5542929.320480721071362 ], [ 1261311.083918832940981, 5543029.320480721071362 ], [ 1261411.083918832940981, 5543029.320480721071362 ] ] ] ] } },
{ "type": "Feature", "properties": { "id": 148, "left": 1261311.0839188329, "top": 5542929.3204807211, "right": 1261411.0839188329, "bottom": 5542829.3204807211, "row_index": 11, "col_index": 4, "area": 959599.953, "perimeter": 4269.096, "codzona": "L", "numquart": 13, "nomezona": "Malpighi", "intersect_area": 211.6704071611166 }, "geometry": { "type": "MultiPolygon", "coordinates": [ [ [ [ 1261311.083918832940981, 5542829.320480721071362 ], [ 1261311.083918832940981, 5542843.977505620568991 ], [ 1261339.967052841326222, 5542829.320480721071362 ], [ 1261311.083918832940981, 5542829.320480721071362 ] ] ] ] } },
{ "type": "Feature", "properties": { "id": 148, "left": 1261311.0839188329, "top": 5542929.3204807211, "right": 1261411.0839188329, "bottom": 5542829.3204807211, "row_index": 11, "col_index": 4, "area": 1058290.413, "perimeter": 4426.128, "codzona": "M", "numquart": 13, "nomezona": "Marconi", "intersect_area": 9788.3295928239822 }, "geometry": { "type": "MultiPolygon", "coordinates": [ [ [ [ 1261411.083918832940981, 5542929.320480721071362 ], [ 1261411.083918832940981, 5542829.320480721071362 ], [ 1261339.967052841326222, 5542829.320480721071362 ], [ 1261311.083918832940981, 5542843.977505620568991 ], [ 1261311.083918832940981, 5542929.320480721071362 ], [ 1261411.083918832940981, 5542929.320480721071362 ] ] ] ] } },
{ "type": "Feature", "properties": { "id": 149, "left": 1261311.0839188329, "top": 5542829.3204807211, "right": 1261411.0839188329, "bottom": 5542729.3204807211, "row_index": 12, "col_index": 4, "area": 959599.953, "perimeter": 4269.096, "codzona": "L", "numquart": 13, "nomezona": "Malpighi", "intersect_area": 8740.3829223513603 }, "geometry": { "type": "MultiPolygon", "coordinates": [ [ [ [ 1261339.967052841326222, 5542829.320480721071362 ], [ 1261363.342638801550493, 5542817.458314193412662 ], [ 1261411.083918832940981, 5542794.222258660942316 ], [ 1261411.083918832940981, 5542729.320480721071362 ], [ 1261311.083918832940981, 5542729.320480721071362 ], [ 1261311.083918832940981, 5542829.320480721071362 ], [ 1261339.967052841326222, 5542829.320480721071362 ] ] ] ] } },
{ "type": "Feature", "properties": { "id": 149, "left": 1261311.0839188329, "top": 5542829.3204807211, "right": 1261411.0839188329, "bottom": 5542729.3204807211, "row_index": 12, "col_index": 4, "area": 1058290.413, "perimeter": 4426.128, "codzona": "M", "numquart": 13, "nomezona": "Marconi", "intersect_area": 1259.6170776486397 }, "geometry": { "type": "MultiPolygon", "coordinates": [ [ [ [ 1261411.083918832940981, 5542829.320480721071362 ], [ 1261411.083918832940981, 5542794.222258660942316 ], [ 1261363.342638801550493, 5542817.458314193412662 ], [ 1261339.967052841326222, 5542829.320480721071362 ], [ 1261411.083918832940981, 5542829.320480721071362 ] ] ] ] } },
{ "type": "Feature", "properties": { "id": 150, "left": 1261311.0839188329, "top": 5542729.3204807211, "right": 1261411.0839188329, "bottom": 5542629.3204807211, "row_index": 13, "col_index": 4, "area": 959599.953, "perimeter": 4269.096, "codzona": "L", "numquart": 13, "nomezona": "Malpighi", "intersect_area": 10000.0 }, "geometry": { "type": "MultiPolygon", "coordinates": [ [ [ [ 1261411.083918832940981, 5542729.320480721071362 ], [ 1261411.083918832940981, 5542629.320480721071362 ], [ 1261311.083918832940981, 5542629.320480721071362 ], [ 1261311.083918832940981, 5542729.320480721071362 ], [ 1261411.083918832940981, 5542729.320480721071362 ] ] ] ] } },
{ "type": "Feature", "properties": { "id": 151, "left": 1261311.0839188329, "top": 5542629.3204807211, "right": 1261411.0839188329, "bottom": 5542529.3204807211, "row_index": 14, "col_index": 4, "area": 959599.953, "perimeter": 4269.096, "codzona": "L", "numquart": 13, "nomezona": "Malpighi", "intersect_area": 10000.0 }, "geometry": { "type": "MultiPolygon", "coordinates": [ [ [ [ 1261411.083918832940981, 5542629.320480721071362 ], [ 1261411.083918832940981, 5542529.320480721071362 ], [ 1261311.083918832940981, 5542529.320480721071362 ], [ 1261311.083918832940981, 5542629.320480721071362 ], [ 1261411.083918832940981, 5542629.320480721071362 ] ] ] ] } },
{ "type": "Feature", "properties": { "id": 152, "left": 1261311.0839188329, "top": 5542529.3204807211, "right": 1261411.0839188329, "bottom": 5542429.3204807211, "row_index": 15, "col_index": 4, "area": 959599.953, "perimeter": 4269.096, "codzona": "L", "numquart": 13, "nomezona": "Malpighi", "intersect_area": 10000.0 }, "geometry": { "type": "MultiPolygon", "coordinates": [ [ [ [ 1261411.083918832940981, 5542529.320480721071362 ], [ 1261411.083918832940981, 5542429.320480721071362 ], [ 1261311.083918832940981, 5542429.320480721071362 ], [ 1261311.083918832940981, 5542529.320480721071362 ], [ 1261411.083918832940981, 5542529.320480721071362 ] ] ] ] } },
{ "type": "Feature", "properties": { "id": 153, "left": 1261311.0839188329, "top": 5542429.3204807211, "right": 1261411.0839188329, "bottom": 5542329.3204807211, "row_index": 16, "col_index": 4, "area": 959599.953, "perimeter": 4269.096, "codzona": "L", "numquart": 13, "nomezona": "Malpighi", "intersect_area": 10000.0 }, "geometry": { "type": "MultiPolygon", "coordinates": [ [ [ [ 1261411.083918832940981, 5542429.320480721071362 ], [ 1261411.083918832940981, 5542329.320480721071362 ], [ 1261311.083918832940981, 5542329.320480721071362 ], [ 1261311.083918832940981, 5542429.320480721071362 ], [ 1261411.083918832940981, 5542429.320480721071362 ] ] ] ] } },
{ "type": "Feature", "properties": { "id": 154, "left": 1261311.0839188329, "top": 5542329.3204807211, "right": 1261411.0839188329, "bottom": 5542229.3204807211, "row_index": 17, "col_index": 4, "area": 959599.953, "perimeter": 4269.096, "codzona": "L", "numquart": 13, "nomezona": "Malpighi", "intersect_area": 10000.0 }, "geometry": { "type": "MultiPolygon", "coordinates": [ [ [ [ 1261411.083918832940981, 5542329.320480721071362 ], [ 1261411.083918832940981, 5542229.320480721071362 ], [ 1261311.083918832940981, 5542229.320480721071362 ], [ 1261311.083918832940981, 5542329.320480721071362 ], [ 1261411.083918832940981, 5542329.320480721071362 ] ] ] ] } },
{ "type": "Feature", "properties": { "id": 155, "left": 1261311.0839188329, "top": 5542229.3204807211, "right": 1261411.0839188329, "bottom": 5542129.3204807211, "row_index": 18, "col_index": 4, "area": 959599.953, "perimeter": 4269.096, "codzona": "L", "numquart": 13, "nomezona": "Malpighi", "intersect_area": 10000.0 }, "geometry": { "type": "MultiPolygon", "coordinates": [ [ [ [ 1261411.083918832940981, 5542229.320480721071362 ], [ 1261411.083918832940981, 5542129.320480721071362 ], [ 1261311.083918832940981, 5542129.320480721071362 ], [ 1261311.083918832940981, 5542229.320480721071362 ], [ 1261411.083918832940981, 5542229.320480721071362 ] ] ] ] } },
{ "type": "Feature", "properties": { "id": 156, "left": 1261311.0839188329, "top": 5542129.3204807211, "right": 1261411.0839188329, "bottom": 5542029.3204807211, "row_index": 19, "col_index": 4, "area": 959599.953, "perimeter": 4269.096, "codzona": "L", "numquart": 13, "nomezona": "Malpighi", "intersect_area": 10000.0 }, "geometry": { "type": "MultiPolygon", "coordinates": [ [ [ [ 1261411.083918832940981, 5542129.320480721071362 ], [ 1261411.083918832940981, 5542029.320480721071362 ], [ 1261311.083918832940981, 5542029.320480721071362 ], [ 1261311.083918832940981, 5542129.320480721071362 ], [ 1261411.083918832940981, 5542129.320480721071362 ] ] ] ] } },
{ "type": "Feature", "properties": { "id": 157, "left": 1261311.0839188329, "top": 5542029.3204807211, "right": 1261411.0839188329, "bottom": 5541929.3204807211, "row_index": 20, "col_index": 4, "area": 959599.953, "perimeter": 4269.096, "codzona": "L", "numquart": 13, "nomezona": "Malpighi", "intersect_area": 10000.0 }, "geometry": { "type": "MultiPolygon", "coordinates": [ [ [ [ 1261411.083918832940981, 5542029.320480721071362 ], [ 1261411.083918832940981, 5541929.320480721071362 ], [ 1261311.083918832940981, 5541929.320480721071362 ], [ 1261311.083918832940981, 5542029.320480721071362 ], [ 1261411.083918832940981, 5542029.320480721071362 ] ] ] ] } },
{ "type": "Feature", "properties": { "id": 158, "left": 1261311.0839188329, "top": 5541929.3204807211, "right": 1261411.0839188329, "bottom": 5541829.3204807211, "row_index": 21, "col_index": 4, "area": 959599.953, "perimeter": 4269.096, "codzona": "L", "numquart": 13, "nomezona": "Malpighi", "intersect_area": 10000.0 }, "geometry": { "type": "MultiPolygon", "coordinates": [ [ [ [ 1261411.083918832940981, 5541929.320480721071362 ], [ 1261411.083918832940981, 5541829.320480721071362 ], [ 1261311.083918832940981, 5541829.320480721071362 ], [ 1261311.083918832940981, 5541929.320480721071362 ], [ 1261411.083918832940981, 5541929.320480721071362 ] ] ] ] } },
{ "type": "Feature", "properties": { "id": 159, "left": 1261311.0839188329, "top": 5541829.3204807211, "right": 1261411.0839188329, "bottom": 5541729.3204807211, "row_index": 22, "col_index": 4, "area": 959599.953, "perimeter": 4269.096, "codzona": "L", "numquart": 13, "nomezona": "Malpighi", "intersect_area": 10000.0 }, "geometry": { "type": "MultiPolygon", "coordinates": [ [ [ [ 1261411.083918832940981, 5541829.320480721071362 ], [ 1261411.083918832940981, 5541729.320480721071362 ], [ 1261311.083918832940981, 5541729.320480721071362 ], [ 1261311.083918832940981, 5541829.320480721071362 ], [ 1261411.083918832940981, 5541829.320480721071362 ] ] ] ] } },
{ "type": "Feature", "properties": { "id": 160, "left": 1261311.0839188329, "top": 5541729.3204807211, "right": 1261411.0839188329, "bottom": 5541629.3204807211, "row_index": 23, "col_index": 4, "area": 959599.953, "perimeter": 4269.096, "codzona": "L", "numquart": 13, "nomezona": "Malpighi", "intersect_area": 10000.0 }, "geometry": { "type": "MultiPolygon", "coordinates": [ [ [ [ 1261411.083918832940981, 5541729.320480721071362 ], [ 1261411.083918832940981, 5541629.320480721071362 ], [ 1261311.083918832940981, 5541629.320480721071362 ], [ 1261311.083918832940981, 5541729.320480721071362 ], [ 1261411.083918832940981, 5541729.320480721071362 ] ] ] ] } },
{ "type": "Feature", "properties": { "id": 161, "left": 1261311.0839188329, "top": 5541629.3204807211, "right": 1261411.0839188329, "bottom": 5541529.3204807211, "row_index": 24, "col_index": 4, "area": 24725141.879000001, "perimeter": 30542.734, "codzona": "D", "numquart": 15, "nomezona": "Colli", "intersect_area": 784.96758291125298 }, "geometry": { "type": "MultiPolygon", "coordinates": [ [ [ [ 1261311.083918832940981, 5541529.320480721071362 ], [ 1261311.083918832940981, 5541557.330265819095075 ], [ 1261331.514443328138441, 5541546.895500534214079 ], [ 1261367.850885579595342, 5541529.320480721071362 ], [ 1261311.083918832940981, 5541529.320480721071362 ] ] ] ] } },
{ "type": "Feature", "properties": { "id": 161, "left": 1261311.0839188329, "top": 5541629.3204807211, "right": 1261411.0839188329, "bottom": 5541529.3204807211, "row_index": 24, "col_index": 4, "area": 959599.953, "perimeter": 4269.096, "codzona": "L", "numquart": 13, "nomezona": "Malpighi", "intersect_area": 9215.0324170589447 }, "geometry": { "type": "MultiPolygon", "coordinates": [ [ [ [ 1261411.083918832940981, 5541629.320480721071362 ], [ 1261411.083918832940981, 5541529.320480721071362 ], [ 1261367.850885579595342, 5541529.320480721071362 ], [ 1261331.514443328138441, 5541546.895500534214079 ], [ 1261311.083918832940981, 5541557.330265819095075 ], [ 1261311.083918832940981, 5541629.320480721071362 ], [ 1261411.083918832940981, 5541629.320480721071362 ] ] ] ] } },
{ "type": "Feature", "properties": { "id": 162, "left": 1261311.0839188329, "top": 5541529.3204807211, "right": 1261411.0839188329, "bottom": 5541429.3204807211, "row_index": 25, "col_index": 4, "area": 24725141.879000001, "perimeter": 30542.734, "codzona": "D", "numquart": 15, "nomezona": "Colli", "intersect_area": 9548.7745863199234 }, "geometry": { "type": "MultiPolygon", "coordinates": [ [ [ [ 1261367.850885579595342, 5541529.320480721071362 ], [ 1261391.014678971841931, 5541518.116738621145487 ], [ 1261411.083918832940981, 5541508.488646755926311 ], [ 1261411.083918832940981, 5541429.320480721071362 ], [ 1261311.083918832940981, 5541429.320480721071362 ], [ 1261311.083918832940981, 5541529.320480721071362 ], [ 1261367.850885579595342, 5541529.320480721071362 ] ] ] ] } },
{ "type": "Feature", "properties": { "id": 162, "left": 1261311.0839188329, "top": 5541529.3204807211, "right": 1261411.0839188329, "bottom": 5541429.3204807211, "row_index": 25, "col_index": 4, "area": 959599.953, "perimeter": 4269.096, "codzona": "L", "numquart": 13, "nomezona": "Malpighi", "intersect_area": 451.2254136800766 }, "geometry": { "type": "MultiPolygon", "coordinates": [ [ [ [ 1261411.083918832940981, 5541529.320480721071362 ], [ 1261411.083918832940981, 5541508.488646755926311 ], [ 1261391.014678971841931, 5541518.116738621145487 ], [ 1261367.850885579595342, 5541529.320480721071362 ], [ 1261411.083918832940981, 5541529.320480721071362 ] ] ] ] } },
{ "type": "Feature", "properties": { "id": 163, "left": 1261311.0839188329, "top": 5541429.3204807211, "right": 1261411.0839188329, "bottom": 5541329.3204807211, "row_index": 26, "col_index": 4, "area": 24725141.879000001, "perimeter": 30542.734, "codzona": "D", "numquart": 15, "nomezona": "Colli", "intersect_area": 10000.0 }, "geometry": { "type": "MultiPolygon", "coordinates": [ [ [ [ 1261411.083918832940981, 5541429.320480721071362 ], [ 1261411.083918832940981, 5541329.320480721071362 ], [ 1261311.083918832940981, 5541329.320480721071362 ], [ 1261311.083918832940981, 5541429.320480721071362 ], [ 1261411.083918832940981, 5541429.320480721071362 ] ] ] ] } },
{ "type": "Feature", "properties": { "id": 164, "left": 1261311.0839188329, "top": 5541329.3204807211, "right": 1261411.0839188329, "bottom": 5541229.3204807211, "row_index": 27, "col_index": 4, "area": 24725141.879000001, "perimeter": 30542.734, "codzona": "D", "numquart": 15, "nomezona": "Colli", "intersect_area": 10000.0 }, "geometry": { "type": "MultiPolygon", "coordinates": [ [ [ [ 1261411.083918832940981, 5541329.320480721071362 ], [ 1261411.083918832940981, 5541229.320480721071362 ], [ 1261311.083918832940981, 5541229.320480721071362 ], [ 1261311.083918832940981, 5541329.320480721071362 ], [ 1261411.083918832940981, 5541329.320480721071362 ] ] ] ] } },
{ "type": "Feature", "properties": { "id": 165, "left": 1261311.0839188329, "top": 5541229.3204807211, "right": 1261411.0839188329, "bottom": 5541129.3204807211, "row_index": 28, "col_index": 4, "area": 24725141.879000001, "perimeter": 30542.734, "codzona": "D", "numquart": 15, "nomezona": "Colli", "intersect_area": 10000.0 }, "geometry": { "type": "MultiPolygon", "coordinates": [ [ [ [ 1261411.083918832940981, 5541229.320480721071362 ], [ 1261411.083918832940981, 5541129.320480721071362 ], [ 1261311.083918832940981, 5541129.320480721071362 ], [ 1261311.083918832940981, 5541229.320480721071362 ], [ 1261411.083918832940981, 5541229.320480721071362 ] ] ] ] } },
{ "type": "Feature", "properties": { "id": 166, "left": 1261311.0839188329, "top": 5541129.3204807211, "right": 1261411.0839188329, "bottom": 5541029.3204807211, "row_index": 29, "col_index": 4, "area": 24725141.879000001, "perimeter": 30542.734, "codzona": "D", "numquart": 15, "nomezona": "Colli", "intersect_area": 10000.0 }, "geometry": { "type": "MultiPolygon", "coordinates": [ [ [ [ 1261411.083918832940981, 5541129.320480721071362 ], [ 1261411.083918832940981, 5541029.320480721071362 ], [ 1261311.083918832940981, 5541029.320480721071362 ], [ 1261311.083918832940981, 5541129.320480721071362 ], [ 1261411.083918832940981, 5541129.320480721071362 ] ] ] ] } },
{ "type": "Feature", "properties": { "id": 167, "left": 1261311.0839188329, "top": 5541029.3204807211, "right": 1261411.0839188329, "bottom": 5540929.3204807211, "row_index": 30, "col_index": 4, "area": 24725141.879000001, "perimeter": 30542.734, "codzona": "D", "numquart": 15, "nomezona": "Colli", "intersect_area": 10000.0 }, "geometry": { "type": "MultiPolygon", "coordinates": [ [ [ [ 1261411.083918832940981, 5541029.320480721071362 ], [ 1261411.083918832940981, 5540929.320480721071362 ], [ 1261311.083918832940981, 5540929.320480721071362 ], [ 1261311.083918832940981, 5541029.320480721071362 ], [ 1261411.083918832940981, 5541029.320480721071362 ] ] ] ] } },
{ "type": "Feature", "properties": { "id": 168, "left": 1261311.0839188329, "top": 5540929.3204807211, "right": 1261411.0839188329, "bottom": 5540829.3204807211, "row_index": 31, "col_index": 4, "area": 24725141.879000001, "perimeter": 30542.734, "codzona": "D", "numquart": 15, "nomezona": "Colli", "intersect_area": 10000.0 }, "geometry": { "type": "MultiPolygon", "coordinates": [ [ [ [ 1261411.083918832940981, 5540929.320480721071362 ], [ 1261411.083918832940981, 5540829.320480721071362 ], [ 1261311.083918832940981, 5540829.320480721071362 ], [ 1261311.083918832940981, 5540929.320480721071362 ], [ 1261411.083918832940981, 5540929.320480721071362 ] ] ] ] } },
{ "type": "Feature", "properties": { "id": 169, "left": 1261311.0839188329, "top": 5540829.3204807211, "right": 1261411.0839188329, "bottom": 5540729.3204807211, "row_index": 32, "col_index": 4, "area": 24725141.879000001, "perimeter": 30542.734, "codzona": "D", "numquart": 15, "nomezona": "Colli", "intersect_area": 10000.0 }, "geometry": { "type": "MultiPolygon", "coordinates": [ [ [ [ 1261411.083918832940981, 5540829.320480721071362 ], [ 1261411.083918832940981, 5540729.320480721071362 ], [ 1261311.083918832940981, 5540729.320480721071362 ], [ 1261311.083918832940981, 5540829.320480721071362 ], [ 1261411.083918832940981, 5540829.320480721071362 ] ] ] ] } },
{ "type": "Feature", "properties": { "id": 170, "left": 1261311.0839188329, "top": 5540729.3204807211, "right": 1261411.0839188329, "bottom": 5540629.3204807211, "row_index": 33, "col_index": 4, "area": 24725141.879000001, "perimeter": 30542.734, "codzona": "D", "numquart": 15, "nomezona": "Colli", "intersect_area": 10000.0 }, "geometry": { "type": "MultiPolygon", "coordinates": [ [ [ [ 1261411.083918832940981, 5540729.320480721071362 ], [ 1261411.083918832940981, 5540629.320480721071362 ], [ 1261311.083918832940981, 5540629.320480721071362 ], [ 1261311.083918832940981, 5540729.320480721071362 ], [ 1261411.083918832940981, 5540729.320480721071362 ] ] ] ] } },
{ "type": "Feature", "properties": { "id": 171, "left": 1261411.0839188329, "top": 5544029.3204807211, "right": 1261511.0839188329, "bottom": 5543929.3204807211, "row_index": 0, "col_index": 5, "area": 2668885.563, "perimeter": 7571.745, "codzona": "P", "numquart": 13, "nomezona": "Saffi", "intersect_area": 10000.0 }, "geometry": { "type": "MultiPolygon", "coordinates": [ [ [ [ 1261511.083918832940981, 5544029.320480721071362 ], [ 1261511.083918832940981, 5543929.320480721071362 ], [ 1261411.083918832940981, 5543929.320480721071362 ], [ 1261411.083918832940981, 5544029.320480721071362 ], [ 1261511.083918832940981, 5544029.320480721071362 ] ] ] ] } },
{ "type": "Feature", "properties": { "id": 172, "left": 1261411.0839188329, "top": 5543929.3204807211, "right": 1261511.0839188329, "bottom": 5543829.3204807211, "row_index": 1, "col_index": 5, "area": 2668885.563, "perimeter": 7571.745, "codzona": "P", "numquart": 13, "nomezona": "Saffi", "intersect_area": 10000.0 }, "geometry": { "type": "MultiPolygon", "coordinates": [ [ [ [ 1261511.083918832940981, 5543929.320480721071362 ], [ 1261511.083918832940981, 5543829.320480721071362 ], [ 1261411.083918832940981, 5543829.320480721071362 ], [ 1261411.083918832940981, 5543929.320480721071362 ], [ 1261511.083918832940981, 5543929.320480721071362 ] ] ] ] } },
{ "type": "Feature", "properties": { "id": 173, "left": 1261411.0839188329, "top": 5543829.3204807211, "right": 1261511.0839188329, "bottom": 5543729.3204807211, "row_index": 2, "col_index": 5, "area": 2668885.563, "perimeter": 7571.745, "codzona": "P", "numquart": 13, "nomezona": "Saffi", "intersect_area": 10000.0 }, "geometry": { "type": "MultiPolygon", "coordinates": [ [ [ [ 1261511.083918832940981, 5543829.320480721071362 ], [ 1261511.083918832940981, 5543729.320480721071362 ], [ 1261411.083918832940981, 5543729.320480721071362 ], [ 1261411.083918832940981, 5543829.320480721071362 ], [ 1261511.083918832940981, 5543829.320480721071362 ] ] ] ] } },
{ "type": "Feature", "properties": { "id": 174, "left": 1261411.0839188329, "top": 5543729.3204807211, "right": 1261511.0839188329, "bottom": 5543629.3204807211, "row_index": 3, "col_index": 5, "area": 2668885.563, "perimeter": 7571.745, "codzona": "P", "numquart": 13, "nomezona": "Saffi", "intersect_area": 10000.0 }, "geometry": { "type": "MultiPolygon", "coordinates": [ [ [ [ 1261511.083918832940981, 5543729.320480721071362 ], [ 1261511.083918832940981, 5543629.320480721071362 ], [ 1261411.083918832940981, 5543629.320480721071362 ], [ 1261411.083918832940981, 5543729.320480721071362 ], [ 1261511.083918832940981, 5543729.320480721071362 ] ] ] ] } },
{ "type": "Feature", "properties": { "id": 175, "left": 1261411.0839188329, "top": 5543629.3204807211, "right": 1261511.0839188329, "bottom": 5543529.3204807211, "row_index": 4, "col_index": 5, "area": 2668885.563, "perimeter": 7571.745, "codzona": "P", "numquart": 13, "nomezona": "Saffi", "intersect_area": 10000.0 }, "geometry": { "type": "MultiPolygon", "coordinates": [ [ [ [ 1261511.083918832940981, 5543629.320480721071362 ], [ 1261511.083918832940981, 5543529.320480721071362 ], [ 1261411.083918832940981, 5543529.320480721071362 ], [ 1261411.083918832940981, 5543629.320480721071362 ], [ 1261511.083918832940981, 5543629.320480721071362 ] ] ] ] } },
{ "type": "Feature", "properties": { "id": 176, "left": 1261411.0839188329, "top": 5543529.3204807211, "right": 1261511.0839188329, "bottom": 5543429.3204807211, "row_index": 5, "col_index": 5, "area": 2668885.563, "perimeter": 7571.745, "codzona": "P", "numquart": 13, "nomezona": "Saffi", "intersect_area": 8568.9422525167465 }, "geometry": { "type": "MultiPolygon", "coordinates": [ [ [ [ 1261511.083918832940981, 5543529.320480721071362 ], [ 1261511.083918832940981, 5543474.388076747767627 ], [ 1261489.481227499665692, 5543458.983369582332671 ], [ 1261447.41735763894394, 5543429.320480721071362 ], [ 1261411.083918832940981, 5543429.320480721071362 ], [ 1261411.083918832940981, 5543529.320480721071362 ], [ 1261511.083918832940981, 5543529.320480721071362 ] ] ] ] } },
{ "type": "Feature", "properties": { "id": 176, "left": 1261411.0839188329, "top": 5543529.3204807211, "right": 1261511.0839188329, "bottom": 5543429.3204807211, "row_index": 5, "col_index": 5, "area": 1058290.413, "perimeter": 4426.128, "codzona": "M", "numquart": 13, "nomezona": "Marconi", "intersect_area": 1431.0577474981546 }, "geometry": { "type": "MultiPolygon", "coordinates": [ [ [ [ 1261511.083918832940981, 5543429.320480721071362 ], [ 1261447.41735763894394, 5543429.320480721071362 ], [ 1261489.481227499665692, 5543458.983369582332671 ], [ 1261511.083918832940981, 5543474.388076747767627 ], [ 1261511.083918832940981, 5543429.320480721071362 ] ] ] ] } },
{ "type": "Feature", "properties": { "id": 177, "left": 1261411.0839188329, "top": 5543429.3204807211, "right": 1261511.0839188329, "bottom": 5543329.3204807211, "row_index": 6, "col_index": 5, "area": 2668885.563, "perimeter": 7571.745, "codzona": "P", "numquart": 13, "nomezona": "Saffi", "intersect_area": 465.4652157574892 }, "geometry": { "type": "MultiPolygon", "coordinates": [ [ [ [ 1261447.41735763894394, 5543429.320480721071362 ], [ 1261411.083918832940981, 5543403.698616617359221 ], [ 1261411.083918832940981, 5543429.320480721071362 ], [ 1261447.41735763894394, 5543429.320480721071362 ] ] ] ] } },
{ "type": "Feature", "properties": { "id": 177, "left": 1261411.0839188329, "top": 5543429.3204807211, "right": 1261511.0839188329, "bottom": 5543329.3204807211, "row_index": 6, "col_index": 5, "area": 1058290.413, "perimeter": 4426.128, "codzona": "M", "numquart": 13, "nomezona": "Marconi", "intersect_area": 9534.534784257412 }, "geometry": { "type": "MultiPolygon", "coordinates": [ [ [ [ 1261511.083918832940981, 5543429.320480721071362 ], [ 1261511.083918832940981, 5543329.320480721071362 ], [ 1261411.083918832940981, 5543329.320480721071362 ], [ 1261411.083918832940981, 5543403.698616617359221 ], [ 1261447.41735763894394, 5543429.320480721071362 ], [ 1261511.083918832940981, 5543429.320480721071362 ] ] ] ] } },
{ "type": "Feature", "properties": { "id": 178, "left": 1261411.0839188329, "top": 5543329.3204807211, "right": 1261511.0839188329, "bottom": 5543229.3204807211, "row_index": 7, "col_index": 5, "area": 1058290.413, "perimeter": 4426.128, "codzona": "M", "numquart": 13, "nomezona": "Marconi", "intersect_area": 10000.0 }, "geometry": { "type": "MultiPolygon", "coordinates": [ [ [ [ 1261511.083918832940981, 5543329.320480721071362 ], [ 1261511.083918832940981, 5543229.320480721071362 ], [ 1261411.083918832940981, 5543229.320480721071362 ], [ 1261411.083918832940981, 5543329.320480721071362 ], [ 1261511.083918832940981, 5543329.320480721071362 ] ] ] ] } },
{ "type": "Feature", "properties": { "id": 179, "left": 1261411.0839188329, "top": 5543229.3204807211, "right": 1261511.0839188329, "bottom": 5543129.3204807211, "row_index": 8, "col_index": 5, "area": 1058290.413, "perimeter": 4426.128, "codzona": "M", "numquart": 13, "nomezona": "Marconi", "intersect_area": 10000.0 }, "geometry": { "type": "MultiPolygon", "coordinates": [ [ [ [ 1261511.083918832940981, 5543229.320480721071362 ], [ 1261511.083918832940981, 5543129.320480721071362 ], [ 1261411.083918832940981, 5543129.320480721071362 ], [ 1261411.083918832940981, 5543229.320480721071362 ], [ 1261511.083918832940981, 5543229.320480721071362 ] ] ] ] } },
{ "type": "Feature", "properties": { "id": 180, "left": 1261411.0839188329, "top": 5543129.3204807211, "right": 1261511.0839188329, "bottom": 5543029.3204807211, "row_index": 9, "col_index": 5, "area": 1058290.413, "perimeter": 4426.128, "codzona": "M", "numquart": 13, "nomezona": "Marconi", "intersect_area": 10000.0 }, "geometry": { "type": "MultiPolygon", "coordinates": [ [ [ [ 1261511.083918832940981, 5543129.320480721071362 ], [ 1261511.083918832940981, 5543029.320480721071362 ], [ 1261411.083918832940981, 5543029.320480721071362 ], [ 1261411.083918832940981, 5543129.320480721071362 ], [ 1261511.083918832940981, 5543129.320480721071362 ] ] ] ] } },
{ "type": "Feature", "properties": { "id": 181, "left": 1261411.0839188329, "top": 5543029.3204807211, "right": 1261511.0839188329, "bottom": 5542929.3204807211, "row_index": 10, "col_index": 5, "area": 1058290.413, "perimeter": 4426.128, "codzona": "M", "numquart": 13, "nomezona": "Marconi", "intersect_area": 10000.0 }, "geometry": { "type": "MultiPolygon", "coordinates": [ [ [ [ 1261511.083918832940981, 5543029.320480721071362 ], [ 1261511.083918832940981, 5542929.320480721071362 ], [ 1261411.083918832940981, 5542929.320480721071362 ], [ 1261411.083918832940981, 5543029.320480721071362 ], [ 1261511.083918832940981, 5543029.320480721071362 ] ] ] ] } },
{ "type": "Feature", "properties": { "id": 182, "left": 1261411.0839188329, "top": 5542929.3204807211, "right": 1261511.0839188329, "bottom": 5542829.3204807211, "row_index": 11, "col_index": 5, "area": 1058290.413, "perimeter": 4426.128, "codzona": "M", "numquart": 13, "nomezona": "Marconi", "intersect_area": 10000.0 }, "geometry": { "type": "MultiPolygon", "coordinates": [ [ [ [ 1261511.083918832940981, 5542929.320480721071362 ], [ 1261511.083918832940981, 5542829.320480721071362 ], [ 1261411.083918832940981, 5542829.320480721071362 ], [ 1261411.083918832940981, 5542929.320480721071362 ], [ 1261511.083918832940981, 5542929.320480721071362 ] ] ] ] } },
{ "type": "Feature", "properties": { "id": 183, "left": 1261411.0839188329, "top": 5542829.3204807211, "right": 1261511.0839188329, "bottom": 5542729.3204807211, "row_index": 12, "col_index": 5, "area": 959599.953, "perimeter": 4269.096, "codzona": "L", "numquart": 13, "nomezona": "Malpighi", "intersect_area": 4056.5736118908972 }, "geometry": { "type": "MultiPolygon", "coordinates": [ [ [ [ 1261511.083918832940981, 5542729.320480721071362 ], [ 1261411.083918832940981, 5542729.320480721071362 ], [ 1261411.083918832940981, 5542794.222258660942316 ], [ 1261493.869465943425894, 5542753.929883412085474 ], [ 1261511.083918832940981, 5542745.543927453458309 ], [ 1261511.083918832940981, 5542729.320480721071362 ] ] ] ] } },
{ "type": "Feature", "properties": { "id": 183, "left": 1261411.0839188329, "top": 5542829.3204807211, "right": 1261511.0839188329, "bottom": 5542729.3204807211, "row_index": 12, "col_index": 5, "area": 1058290.413, "perimeter": 4426.128, "codzona": "M", "numquart": 13, "nomezona": "Marconi", "intersect_area": 5943.4263881444931 }, "geometry": { "type": "MultiPolygon", "coordinates": [ [ [ [ 1261511.083918832940981, 5542829.320480721071362 ], [ 1261511.083918832940981, 5542745.543927453458309 ], [ 1261493.869465943425894, 5542753.929883412085474 ], [ 1261411.083918832940981, 5542794.222258660942316 ], [ 1261411.083918832940981, 5542829.320480721071362 ], [ 1261511.083918832940981, 5542829.320480721071362 ] ] ] ] } },
{ "type": "Feature", "properties": { "id": 184, "left": 1261411.0839188329, "top": 5542729.3204807211, "right": 1261511.0839188329, "bottom": 5542629.3204807211, "row_index": 13, "col_index": 5, "area": 959599.953, "perimeter": 4269.096, "codzona": "L", "numquart": 13, "nomezona": "Malpighi", "intersect_area": 10000.0 }, "geometry": { "type": "MultiPolygon", "coordinates": [ [ [ [ 1261511.083918832940981, 5542729.320480721071362 ], [ 1261511.083918832940981, 5542629.320480721071362 ], [ 1261411.083918832940981, 5542629.320480721071362 ], [ 1261411.083918832940981, 5542729.320480721071362 ], [ 1261511.083918832940981, 5542729.320480721071362 ] ] ] ] } },
{ "type": "Feature", "properties": { "id": 185, "left": 1261411.0839188329, "top": 5542629.3204807211, "right": 1261511.0839188329, "bottom": 5542529.3204807211, "row_index": 14, "col_index": 5, "area": 959599.953, "perimeter": 4269.096, "codzona": "L", "numquart": 13, "nomezona": "Malpighi", "intersect_area": 10000.0 }, "geometry": { "type": "MultiPolygon", "coordinates": [ [ [ [ 1261511.083918832940981, 5542629.320480721071362 ], [ 1261511.083918832940981, 5542529.320480721071362 ], [ 1261411.083918832940981, 5542529.320480721071362 ], [ 1261411.083918832940981, 5542629.320480721071362 ], [ 1261511.083918832940981, 5542629.320480721071362 ] ] ] ] } },
{ "type": "Feature", "properties": { "id": 186, "left": 1261411.0839188329, "top": 5542529.3204807211, "right": 1261511.0839188329, "bottom": 5542429.3204807211, "row_index": 15, "col_index": 5, "area": 959599.953, "perimeter": 4269.096, "codzona": "L", "numquart": 13, "nomezona": "Malpighi", "intersect_area": 10000.0 }, "geometry": { "type": "MultiPolygon", "coordinates": [ [ [ [ 1261511.083918832940981, 5542529.320480721071362 ], [ 1261511.083918832940981, 5542429.320480721071362 ], [ 1261411.083918832940981, 5542429.320480721071362 ], [ 1261411.083918832940981, 5542529.320480721071362 ], [ 1261511.083918832940981, 5542529.320480721071362 ] ] ] ] } },
{ "type": "Feature", "properties": { "id": 187, "left": 1261411.0839188329, "top": 5542429.3204807211, "right": 1261511.0839188329, "bottom": 5542329.3204807211, "row_index": 16, "col_index": 5, "area": 959599.953, "perimeter": 4269.096, "codzona": "L", "numquart": 13, "nomezona": "Malpighi", "intersect_area": 10000.0 }, "geometry": { "type": "MultiPolygon", "coordinates": [ [ [ [ 1261511.083918832940981, 5542429.320480721071362 ], [ 1261511.083918832940981, 5542329.320480721071362 ], [ 1261411.083918832940981, 5542329.320480721071362 ], [ 1261411.083918832940981, 5542429.320480721071362 ], [ 1261511.083918832940981, 5542429.320480721071362 ] ] ] ] } },
{ "type": "Feature", "properties": { "id": 188, "left": 1261411.0839188329, "top": 5542329.3204807211, "right": 1261511.0839188329, "bottom": 5542229.3204807211, "row_index": 17, "col_index": 5, "area": 959599.953, "perimeter": 4269.096, "codzona": "L", "numquart": 13, "nomezona": "Malpighi", "intersect_area": 10000.0 }, "geometry": { "type": "MultiPolygon", "coordinates": [ [ [ [ 1261511.083918832940981, 5542329.320480721071362 ], [ 1261511.083918832940981, 5542229.320480721071362 ], [ 1261411.083918832940981, 5542229.320480721071362 ], [ 1261411.083918832940981, 5542329.320480721071362 ], [ 1261511.083918832940981, 5542329.320480721071362 ] ] ] ] } },
{ "type": "Feature", "properties": { "id": 189, "left": 1261411.0839188329, "top": 5542229.3204807211, "right": 1261511.0839188329, "bottom": 5542129.3204807211, "row_index": 18, "col_index": 5, "area": 959599.953, "perimeter": 4269.096, "codzona": "L", "numquart": 13, "nomezona": "Malpighi", "intersect_area": 10000.0 }, "geometry": { "type": "MultiPolygon", "coordinates": [ [ [ [ 1261511.083918832940981, 5542229.320480721071362 ], [ 1261511.083918832940981, 5542129.320480721071362 ], [ 1261411.083918832940981, 5542129.320480721071362 ], [ 1261411.083918832940981, 5542229.320480721071362 ], [ 1261511.083918832940981, 5542229.320480721071362 ] ] ] ] } },
{ "type": "Feature", "properties": { "id": 190, "left": 1261411.0839188329, "top": 5542129.3204807211, "right": 1261511.0839188329, "bottom": 5542029.3204807211, "row_index": 19, "col_index": 5, "area": 959599.953, "perimeter": 4269.096, "codzona": "L", "numquart": 13, "nomezona": "Malpighi", "intersect_area": 10000.0 }, "geometry": { "type": "MultiPolygon", "coordinates": [ [ [ [ 1261511.083918832940981, 5542129.320480721071362 ], [ 1261511.083918832940981, 5542029.320480721071362 ], [ 1261411.083918832940981, 5542029.320480721071362 ], [ 1261411.083918832940981, 5542129.320480721071362 ], [ 1261511.083918832940981, 5542129.320480721071362 ] ] ] ] } },
{ "type": "Feature", "properties": { "id": 191, "left": 1261411.0839188329, "top": 5542029.3204807211, "right": 1261511.0839188329, "bottom": 5541929.3204807211, "row_index": 20, "col_index": 5, "area": 959599.953, "perimeter": 4269.096, "codzona": "L", "numquart": 13, "nomezona": "Malpighi", "intersect_area": 10000.0 }, "geometry": { "type": "MultiPolygon", "coordinates": [ [ [ [ 1261511.083918832940981, 5542029.320480721071362 ], [ 1261511.083918832940981, 5541929.320480721071362 ], [ 1261411.083918832940981, 5541929.320480721071362 ], [ 1261411.083918832940981, 5542029.320480721071362 ], [ 1261511.083918832940981, 5542029.320480721071362 ] ] ] ] } },
{ "type": "Feature", "properties": { "id": 192, "left": 1261411.0839188329, "top": 5541929.3204807211, "right": 1261511.0839188329, "bottom": 5541829.3204807211, "row_index": 21, "col_index": 5, "area": 959599.953, "perimeter": 4269.096, "codzona": "L", "numquart": 13, "nomezona": "Malpighi", "intersect_area": 10000.0 }, "geometry": { "type": "MultiPolygon", "coordinates": [ [ [ [ 1261511.083918832940981, 5541929.320480721071362 ], [ 1261511.083918832940981, 5541829.320480721071362 ], [ 1261411.083918832940981, 5541829.320480721071362 ], [ 1261411.083918832940981, 5541929.320480721071362 ], [ 1261511.083918832940981, 5541929.320480721071362 ] ] ] ] } },
{ "type": "Feature", "properties": { "id": 193, "left": 1261411.0839188329, "top": 5541829.3204807211, "right": 1261511.0839188329, "bottom": 5541729.3204807211, "row_index": 22, "col_index": 5, "area": 959599.953, "perimeter": 4269.096, "codzona": "L", "numquart": 13, "nomezona": "Malpighi", "intersect_area": 10000.0 }, "geometry": { "type": "MultiPolygon", "coordinates": [ [ [ [ 1261511.083918832940981, 5541829.320480721071362 ], [ 1261511.083918832940981, 5541729.320480721071362 ], [ 1261411.083918832940981, 5541729.320480721071362 ], [ 1261411.083918832940981, 5541829.320480721071362 ], [ 1261511.083918832940981, 5541829.320480721071362 ] ] ] ] } },
{ "type": "Feature", "properties": { "id": 194, "left": 1261411.0839188329, "top": 5541729.3204807211, "right": 1261511.0839188329, "bottom": 5541629.3204807211, "row_index": 23, "col_index": 5, "area": 959599.953, "perimeter": 4269.096, "codzona": "L", "numquart": 13, "nomezona": "Malpighi", "intersect_area": 10000.0 }, "geometry": { "type": "MultiPolygon", "coordinates": [ [ [ [ 1261511.083918832940981, 5541729.320480721071362 ], [ 1261511.083918832940981, 5541629.320480721071362 ], [ 1261411.083918832940981, 5541629.320480721071362 ], [ 1261411.083918832940981, 5541729.320480721071362 ], [ 1261511.083918832940981, 5541729.320480721071362 ] ] ] ] } },
{ "type": "Feature", "properties": { "id": 195, "left": 1261411.0839188329, "top": 5541629.3204807211, "right": 1261511.0839188329, "bottom": 5541529.3204807211, "row_index": 24, "col_index": 5, "area": 959599.953, "perimeter": 4269.096, "codzona": "L", "numquart": 13, "nomezona": "Malpighi", "intersect_area": 10000.0 }, "geometry": { "type": "MultiPolygon", "coordinates": [ [ [ [ 1261511.083918832940981, 5541629.320480721071362 ], [ 1261511.083918832940981, 5541529.320480721071362 ], [ 1261411.083918832940981, 5541529.320480721071362 ], [ 1261411.083918832940981, 5541629.320480721071362 ], [ 1261511.083918832940981, 5541629.320480721071362 ] ] ] ] } },
{ "type": "Feature", "properties": { "id": 196, "left": 1261411.0839188329, "top": 5541529.3204807211, "right": 1261511.0839188329, "bottom": 5541429.3204807211, "row_index": 25, "col_index": 5, "area": 24725141.879000001, "perimeter": 30542.734, "codzona": "D", "numquart": 15, "nomezona": "Colli", "intersect_area": 5389.7325406856835 }, "geometry": { "type": "MultiPolygon", "coordinates": [ [ [ [ 1261511.083918832940981, 5541429.320480721071362 ], [ 1261411.083918832940981, 5541429.320480721071362 ], [ 1261411.083918832940981, 5541508.488646755926311 ], [ 1261432.903321401914582, 5541498.020925315096974 ], [ 1261482.255123352399096, 5541472.365918022580445 ], [ 1261511.083918832940981, 5541456.975177526473999 ], [ 1261511.083918832940981, 5541429.320480721071362 ] ] ] ] } },
{ "type": "Feature", "properties": { "id": 196, "left": 1261411.0839188329, "top": 5541529.3204807211, "right": 1261511.0839188329, "bottom": 5541429.3204807211, "row_index": 25, "col_index": 5, "area": 959599.953, "perimeter": 4269.096, "codzona": "L", "numquart": 13, "nomezona": "Malpighi", "intersect_area": 4610.267459332943 }, "geometry": { "type": "MultiPolygon", "coordinates": [ [ [ [ 1261511.083918832940981, 5541529.320480721071362 ], [ 1261511.083918832940981, 5541456.975177526473999 ], [ 1261482.255123352399096, 5541472.365918022580445 ], [ 1261432.903321401914582, 5541498.020925315096974 ], [ 1261411.083918832940981, 5541508.488646755926311 ], [ 1261411.083918832940981, 5541529.320480721071362 ], [ 1261511.083918832940981, 5541529.320480721071362 ] ] ] ] } },
{ "type": "Feature", "properties": { "id": 197, "left": 1261411.0839188329, "top": 5541429.3204807211, "right": 1261511.0839188329, "bottom": 5541329.3204807211, "row_index": 26, "col_index": 5, "area": 24725141.879000001, "perimeter": 30542.734, "codzona": "D", "numquart": 15, "nomezona": "Colli", "intersect_area": 10000.0 }, "geometry": { "type": "MultiPolygon", "coordinates": [ [ [ [ 1261511.083918832940981, 5541429.320480721071362 ], [ 1261511.083918832940981, 5541329.320480721071362 ], [ 1261411.083918832940981, 5541329.320480721071362 ], [ 1261411.083918832940981, 5541429.320480721071362 ], [ 1261511.083918832940981, 5541429.320480721071362 ] ] ] ] } },
{ "type": "Feature", "properties": { "id": 198, "left": 1261411.0839188329, "top": 5541329.3204807211, "right": 1261511.0839188329, "bottom": 5541229.3204807211, "row_index": 27, "col_index": 5, "area": 24725141.879000001, "perimeter": 30542.734, "codzona": "D", "numquart": 15, "nomezona": "Colli", "intersect_area": 10000.0 }, "geometry": { "type": "MultiPolygon", "coordinates": [ [ [ [ 1261511.083918832940981, 5541329.320480721071362 ], [ 1261511.083918832940981, 5541229.320480721071362 ], [ 1261411.083918832940981, 5541229.320480721071362 ], [ 1261411.083918832940981, 5541329.320480721071362 ], [ 1261511.083918832940981, 5541329.320480721071362 ] ] ] ] } },
{ "type": "Feature", "properties": { "id": 199, "left": 1261411.0839188329, "top": 5541229.3204807211, "right": 1261511.0839188329, "bottom": 5541129.3204807211, "row_index": 28, "col_index": 5, "area": 24725141.879000001, "perimeter": 30542.734, "codzona": "D", "numquart": 15, "nomezona": "Colli", "intersect_area": 10000.0 }, "geometry": { "type": "MultiPolygon", "coordinates": [ [ [ [ 1261511.083918832940981, 5541229.320480721071362 ], [ 1261511.083918832940981, 5541129.320480721071362 ], [ 1261411.083918832940981, 5541129.320480721071362 ], [ 1261411.083918832940981, 5541229.320480721071362 ], [ 1261511.083918832940981, 5541229.320480721071362 ] ] ] ] } },
{ "type": "Feature", "properties": { "id": 200, "left": 1261411.0839188329, "top": 5541129.3204807211, "right": 1261511.0839188329, "bottom": 5541029.3204807211, "row_index": 29, "col_index": 5, "area": 24725141.879000001, "perimeter": 30542.734, "codzona": "D", "numquart": 15, "nomezona": "Colli", "intersect_area": 10000.0 }, "geometry": { "type": "MultiPolygon", "coordinates": [ [ [ [ 1261511.083918832940981, 5541129.320480721071362 ], [ 1261511.083918832940981, 5541029.320480721071362 ], [ 1261411.083918832940981, 5541029.320480721071362 ], [ 1261411.083918832940981, 5541129.320480721071362 ], [ 1261511.083918832940981, 5541129.320480721071362 ] ] ] ] } },
{ "type": "Feature", "properties": { "id": 201, "left": 1261411.0839188329, "top": 5541029.3204807211, "right": 1261511.0839188329, "bottom": 5540929.3204807211, "row_index": 30, "col_index": 5, "area": 24725141.879000001, "perimeter": 30542.734, "codzona": "D", "numquart": 15, "nomezona": "Colli", "intersect_area": 10000.0 }, "geometry": { "type": "MultiPolygon", "coordinates": [ [ [ [ 1261511.083918832940981, 5541029.320480721071362 ], [ 1261511.083918832940981, 5540929.320480721071362 ], [ 1261411.083918832940981, 5540929.320480721071362 ], [ 1261411.083918832940981, 5541029.320480721071362 ], [ 1261511.083918832940981, 5541029.320480721071362 ] ] ] ] } },
{ "type": "Feature", "properties": { "id": 202, "left": 1261411.0839188329, "top": 5540929.3204807211, "right": 1261511.0839188329, "bottom": 5540829.3204807211, "row_index": 31, "col_index": 5, "area": 24725141.879000001, "perimeter": 30542.734, "codzona": "D", "numquart": 15, "nomezona": "Colli", "intersect_area": 10000.0 }, "geometry": { "type": "MultiPolygon", "coordinates": [ [ [ [ 1261511.083918832940981, 5540929.320480721071362 ], [ 1261511.083918832940981, 5540829.320480721071362 ], [ 1261411.083918832940981, 5540829.320480721071362 ], [ 1261411.083918832940981, 5540929.320480721071362 ], [ 1261511.083918832940981, 5540929.320480721071362 ] ] ] ] } },
{ "type": "Feature", "properties": { "id": 203, "left": 1261411.0839188329, "top": 5540829.3204807211, "right": 1261511.0839188329, "bottom": 5540729.3204807211, "row_index": 32, "col_index": 5, "area": 24725141.879000001, "perimeter": 30542.734, "codzona": "D", "numquart": 15, "nomezona": "Colli", "intersect_area": 10000.0 }, "geometry": { "type": "MultiPolygon", "coordinates": [ [ [ [ 1261511.083918832940981, 5540829.320480721071362 ], [ 1261511.083918832940981, 5540729.320480721071362 ], [ 1261411.083918832940981, 5540729.320480721071362 ], [ 1261411.083918832940981, 5540829.320480721071362 ], [ 1261511.083918832940981, 5540829.320480721071362 ] ] ] ] } },
{ "type": "Feature", "properties": { "id": 204, "left": 1261411.0839188329, "top": 5540729.3204807211, "right": 1261511.0839188329, "bottom": 5540629.3204807211, "row_index": 33, "col_index": 5, "area": 24725141.879000001, "perimeter": 30542.734, "codzona": "D", "numquart": 15, "nomezona": "Colli", "intersect_area": 10000.0 }, "geometry": { "type": "MultiPolygon", "coordinates": [ [ [ [ 1261511.083918832940981, 5540729.320480721071362 ], [ 1261511.083918832940981, 5540629.320480721071362 ], [ 1261411.083918832940981, 5540629.320480721071362 ], [ 1261411.083918832940981, 5540729.320480721071362 ], [ 1261511.083918832940981, 5540729.320480721071362 ] ] ] ] } },
{ "type": "Feature", "properties": { "id": 205, "left": 1261511.0839188329, "top": 5544029.3204807211, "right": 1261611.0839188329, "bottom": 5543929.3204807211, "row_index": 0, "col_index": 6, "area": 2668885.563, "perimeter": 7571.745, "codzona": "P", "numquart": 13, "nomezona": "Saffi", "intersect_area": 10000.0 }, "geometry": { "type": "MultiPolygon", "coordinates": [ [ [ [ 1261611.083918832940981, 5544029.320480721071362 ], [ 1261611.083918832940981, 5543929.320480721071362 ], [ 1261511.083918832940981, 5543929.320480721071362 ], [ 1261511.083918832940981, 5544029.320480721071362 ], [ 1261611.083918832940981, 5544029.320480721071362 ] ] ] ] } },
{ "type": "Feature", "properties": { "id": 206, "left": 1261511.0839188329, "top": 5543929.3204807211, "right": 1261611.0839188329, "bottom": 5543829.3204807211, "row_index": 1, "col_index": 6, "area": 2668885.563, "perimeter": 7571.745, "codzona": "P", "numquart": 13, "nomezona": "Saffi", "intersect_area": 10000.0 }, "geometry": { "type": "MultiPolygon", "coordinates": [ [ [ [ 1261611.083918832940981, 5543929.320480721071362 ], [ 1261611.083918832940981, 5543829.320480721071362 ], [ 1261511.083918832940981, 5543829.320480721071362 ], [ 1261511.083918832940981, 5543929.320480721071362 ], [ 1261611.083918832940981, 5543929.320480721071362 ] ] ] ] } },
{ "type": "Feature", "properties": { "id": 207, "left": 1261511.0839188329, "top": 5543829.3204807211, "right": 1261611.0839188329, "bottom": 5543729.3204807211, "row_index": 2, "col_index": 6, "area": 2668885.563, "perimeter": 7571.745, "codzona": "P", "numquart": 13, "nomezona": "Saffi", "intersect_area": 10000.0 }, "geometry": { "type": "MultiPolygon", "coordinates": [ [ [ [ 1261611.083918832940981, 5543829.320480721071362 ], [ 1261611.083918832940981, 5543729.320480721071362 ], [ 1261511.083918832940981, 5543729.320480721071362 ], [ 1261511.083918832940981, 5543829.320480721071362 ], [ 1261611.083918832940981, 5543829.320480721071362 ] ] ] ] } },
{ "type": "Feature", "properties": { "id": 208, "left": 1261511.0839188329, "top": 5543729.3204807211, "right": 1261611.0839188329, "bottom": 5543629.3204807211, "row_index": 3, "col_index": 6, "area": 2668885.563, "perimeter": 7571.745, "codzona": "P", "numquart": 13, "nomezona": "Saffi", "intersect_area": 10000.0 }, "geometry": { "type": "MultiPolygon", "coordinates": [ [ [ [ 1261611.083918832940981, 5543729.320480721071362 ], [ 1261611.083918832940981, 5543629.320480721071362 ], [ 1261511.083918832940981, 5543629.320480721071362 ], [ 1261511.083918832940981, 5543729.320480721071362 ], [ 1261611.083918832940981, 5543729.320480721071362 ] ] ] ] } },
{ "type": "Feature", "properties": { "id": 209, "left": 1261511.0839188329, "top": 5543629.3204807211, "right": 1261611.0839188329, "bottom": 5543529.3204807211, "row_index": 4, "col_index": 6, "area": 2668885.563, "perimeter": 7571.745, "codzona": "P", "numquart": 13, "nomezona": "Saffi", "intersect_area": 9690.1518257260323 }, "geometry": { "type": "MultiPolygon", "coordinates": [ [ [ [ 1261611.083918832940981, 5543629.320480721071362 ], [ 1261611.083918832940981, 5543551.370886008255184 ], [ 1261608.755065920064226, 5543549.946883300319314 ], [ 1261583.529710297472775, 5543529.320480721071362 ], [ 1261511.083918832940981, 5543529.320480721071362 ], [ 1261511.083918832940981, 5543629.320480721071362 ], [ 1261611.083918832940981, 5543629.320480721071362 ] ] ] ] } },
{ "type": "Feature", "properties": { "id": 209, "left": 1261511.0839188329, "top": 5543629.3204807211, "right": 1261611.0839188329, "bottom": 5543529.3204807211, "row_index": 4, "col_index": 6, "area": 1058290.413, "perimeter": 4426.128, "codzona": "M", "numquart": 13, "nomezona": "Marconi", "intersect_area": 309.84817430563271 }, "geometry": { "type": "MultiPolygon", "coordinates": [ [ [ [ 1261611.083918832940981, 5543529.320480721071362 ], [ 1261583.529710297472775, 5543529.320480721071362 ], [ 1261608.755065920064226, 5543549.946883300319314 ], [ 1261611.083918832940981, 5543551.370886008255184 ], [ 1261611.083918832940981, 5543529.320480721071362 ] ] ] ] } },
{ "type": "Feature", "properties": { "id": 210, "left": 1261511.0839188329, "top": 5543529.3204807211, "right": 1261611.0839188329, "bottom": 5543429.3204807211, "row_index": 5, "col_index": 6, "area": 2668885.563, "perimeter": 7571.745, "codzona": "P", "numquart": 13, "nomezona": "Saffi", "intersect_area": 2057.1523717939854 }, "geometry": { "type": "MultiPolygon", "coordinates": [ [ [ [ 1261583.529710297472775, 5543529.320480721071362 ], [ 1261552.247706541558728, 5543503.741645972244442 ], [ 1261511.083918832940981, 5543474.388076747767627 ], [ 1261511.083918832940981, 5543529.320480721071362 ], [ 1261583.529710297472775, 5543529.320480721071362 ] ] ] ] } },
{ "type": "Feature", "properties": { "id": 210, "left": 1261511.0839188329, "top": 5543529.3204807211, "right": 1261611.0839188329, "bottom": 5543429.3204807211, "row_index": 5, "col_index": 6, "area": 1058290.413, "perimeter": 4426.128, "codzona": "M", "numquart": 13, "nomezona": "Marconi", "intersect_area": 7942.8476282060146 }, "geometry": { "type": "MultiPolygon", "coordinates": [ [ [ [ 1261611.083918832940981, 5543529.320480721071362 ], [ 1261611.083918832940981, 5543429.320480721071362 ], [ 1261511.083918832940981, 5543429.320480721071362 ], [ 1261511.083918832940981, 5543474.388076747767627 ], [ 1261552.247706541558728, 5543503.741645972244442 ], [ 1261583.529710297472775, 5543529.320480721071362 ], [ 1261611.083918832940981, 5543529.320480721071362 ] ] ] ] } },
{ "type": "Feature", "properties": { "id": 211, "left": 1261511.0839188329, "top": 5543429.3204807211, "right": 1261611.0839188329, "bottom": 5543329.3204807211, "row_index": 6, "col_index": 6, "area": 1058290.413, "perimeter": 4426.128, "codzona": "M", "numquart": 13, "nomezona": "Marconi", "intersect_area": 10000.0 }, "geometry": { "type": "MultiPolygon", "coordinates": [ [ [ [ 1261611.083918832940981, 5543429.320480721071362 ], [ 1261611.083918832940981, 5543329.320480721071362 ], [ 1261511.083918832940981, 5543329.320480721071362 ], [ 1261511.083918832940981, 5543429.320480721071362 ], [ 1261611.083918832940981, 5543429.320480721071362 ] ] ] ] } },
{ "type": "Feature", "properties": { "id": 212, "left": 1261511.0839188329, "top": 5543329.3204807211, "right": 1261611.0839188329, "bottom": 5543229.3204807211, "row_index": 7, "col_index": 6, "area": 1058290.413, "perimeter": 4426.128, "codzona": "M", "numquart": 13, "nomezona": "Marconi", "intersect_area": 10000.0 }, "geometry": { "type": "MultiPolygon", "coordinates": [ [ [ [ 1261611.083918832940981, 5543329.320480721071362 ], [ 1261611.083918832940981, 5543229.320480721071362 ], [ 1261511.083918832940981, 5543229.320480721071362 ], [ 1261511.083918832940981, 5543329.320480721071362 ], [ 1261611.083918832940981, 5543329.320480721071362 ] ] ] ] } },
{ "type": "Feature", "properties": { "id": 213, "left": 1261511.0839188329, "top": 5543229.3204807211, "right": 1261611.0839188329, "bottom": 5543129.3204807211, "row_index": 8, "col_index": 6, "area": 1058290.413, "perimeter": 4426.128, "codzona": "M", "numquart": 13, "nomezona": "Marconi", "intersect_area": 10000.0 }, "geometry": { "type": "MultiPolygon", "coordinates": [ [ [ [ 1261611.083918832940981, 5543229.320480721071362 ], [ 1261611.083918832940981, 5543129.320480721071362 ], [ 1261511.083918832940981, 5543129.320480721071362 ], [ 1261511.083918832940981, 5543229.320480721071362 ], [ 1261611.083918832940981, 5543229.320480721071362 ] ] ] ] } },
{ "type": "Feature", "properties": { "id": 214, "left": 1261511.0839188329, "top": 5543129.3204807211, "right": 1261611.0839188329, "bottom": 5543029.3204807211, "row_index": 9, "col_index": 6, "area": 1058290.413, "perimeter": 4426.128, "codzona": "M", "numquart": 13, "nomezona": "Marconi", "intersect_area": 10000.0 }, "geometry": { "type": "MultiPolygon", "coordinates": [ [ [ [ 1261611.083918832940981, 5543129.320480721071362 ], [ 1261611.083918832940981, 5543029.320480721071362 ], [ 1261511.083918832940981, 5543029.320480721071362 ], [ 1261511.083918832940981, 5543129.320480721071362 ], [ 1261611.083918832940981, 5543129.320480721071362 ] ] ] ] } },
{ "type": "Feature", "properties": { "id": 215, "left": 1261511.0839188329, "top": 5543029.3204807211, "right": 1261611.0839188329, "bottom": 5542929.3204807211, "row_index": 10, "col_index": 6, "area": 1058290.413, "perimeter": 4426.128, "codzona": "M", "numquart": 13, "nomezona": "Marconi", "intersect_area": 10000.0 }, "geometry": { "type": "MultiPolygon", "coordinates": [ [ [ [ 1261611.083918832940981, 5543029.320480721071362 ], [ 1261611.083918832940981, 5542929.320480721071362 ], [ 1261511.083918832940981, 5542929.320480721071362 ], [ 1261511.083918832940981, 5543029.320480721071362 ], [ 1261611.083918832940981, 5543029.320480721071362 ] ] ] ] } },
{ "type": "Feature", "properties": { "id": 216, "left": 1261511.0839188329, "top": 5542929.3204807211, "right": 1261611.0839188329, "bottom": 5542829.3204807211, "row_index": 11, "col_index": 6, "area": 1058290.413, "perimeter": 4426.128, "codzona": "M", "numquart": 13, "nomezona": "Marconi", "intersect_area": 10000.0 }, "geometry": { "type": "MultiPolygon", "coordinates": [ [ [ [ 1261611.083918832940981, 5542929.320480721071362 ], [ 1261611.083918832940981, 5542829.320480721071362 ], [ 1261511.083918832940981, 5542829.320480721071362 ], [ 1261511.083918832940981, 5542929.320480721071362 ], [ 1261611.083918832940981, 5542929.320480721071362 ] ] ] ] } },
{ "type": "Feature", "properties": { "id": 217, "left": 1261511.0839188329, "top": 5542829.3204807211, "right": 1261611.0839188329, "bottom": 5542729.3204807211, "row_index": 12, "col_index": 6, "area": 959599.953, "perimeter": 4269.096, "codzona": "L", "numquart": 13, "nomezona": "Malpighi", "intersect_area": 270.14498268067837 }, "geometry": { "type": "MultiPolygon", "coordinates": [ [ [ [ 1261511.083918832940981, 5542729.320480721071362 ], [ 1261511.083918832940981, 5542745.543927453458309 ], [ 1261544.386950815096498, 5542729.320480721071362 ], [ 1261511.083918832940981, 5542729.320480721071362 ] ] ] ] } },
{ "type": "Feature", "properties": { "id": 217, "left": 1261511.0839188329, "top": 5542829.3204807211, "right": 1261611.0839188329, "bottom": 5542729.3204807211, "row_index": 12, "col_index": 6, "area": 1058290.413, "perimeter": 4426.128, "codzona": "M", "numquart": 13, "nomezona": "Marconi", "intersect_area": 9729.8550173044205 }, "geometry": { "type": "MultiPolygon", "coordinates": [ [ [ [ 1261611.083918832940981, 5542829.320480721071362 ], [ 1261611.083918832940981, 5542729.320480721071362 ], [ 1261544.386950815096498, 5542729.320480721071362 ], [ 1261511.083918832940981, 5542745.543927453458309 ], [ 1261511.083918832940981, 5542829.320480721071362 ], [ 1261611.083918832940981, 5542829.320480721071362 ] ] ] ] } },
{ "type": "Feature", "properties": { "id": 218, "left": 1261511.0839188329, "top": 5542729.3204807211, "right": 1261611.0839188329, "bottom": 5542629.3204807211, "row_index": 13, "col_index": 6, "area": 959599.953, "perimeter": 4269.096, "codzona": "L", "numquart": 13, "nomezona": "Malpighi", "intersect_area": 8916.4859682172537 }, "geometry": { "type": "MultiPolygon", "coordinates": [ [ [ [ 1261544.386950815096498, 5542729.320480721071362 ], [ 1261577.45717307087034, 5542713.210446370765567 ], [ 1261611.083918832940981, 5542696.830342499539256 ], [ 1261611.083918832940981, 5542629.320480721071362 ], [ 1261511.083918832940981, 5542629.320480721071362 ], [ 1261511.083918832940981, 5542729.320480721071362 ], [ 1261544.386950815096498, 5542729.320480721071362 ] ] ] ] } },
{ "type": "Feature", "properties": { "id": 218, "left": 1261511.0839188329, "top": 5542729.3204807211, "right": 1261611.0839188329, "bottom": 5542629.3204807211, "row_index": 13, "col_index": 6, "area": 1058290.413, "perimeter": 4426.128, "codzona": "M", "numquart": 13, "nomezona": "Marconi", "intersect_area": 1083.5140317976475 }, "geometry": { "type": "MultiPolygon", "coordinates": [ [ [ [ 1261611.083918832940981, 5542729.320480721071362 ], [ 1261611.083918832940981, 5542696.830342499539256 ], [ 1261577.45717307087034, 5542713.210446370765567 ], [ 1261544.386950815096498, 5542729.320480721071362 ], [ 1261611.083918832940981, 5542729.320480721071362 ] ] ] ] } },
{ "type": "Feature", "properties": { "id": 219, "left": 1261511.0839188329, "top": 5542629.3204807211, "right": 1261611.0839188329, "bottom": 5542529.3204807211, "row_index": 14, "col_index": 6, "area": 959599.953, "perimeter": 4269.096, "codzona": "L", "numquart": 13, "nomezona": "Malpighi", "intersect_area": 10000.0 }, "geometry": { "type": "MultiPolygon", "coordinates": [ [ [ [ 1261611.083918832940981, 5542629.320480721071362 ], [ 1261611.083918832940981, 5542529.320480721071362 ], [ 1261511.083918832940981, 5542529.320480721071362 ], [ 1261511.083918832940981, 5542629.320480721071362 ], [ 1261611.083918832940981, 5542629.320480721071362 ] ] ] ] } },
{ "type": "Feature", "properties": { "id": 220, "left": 1261511.0839188329, "top": 5542529.3204807211, "right": 1261611.0839188329, "bottom": 5542429.3204807211, "row_index": 15, "col_index": 6, "area": 959599.953, "perimeter": 4269.096, "codzona": "L", "numquart": 13, "nomezona": "Malpighi", "intersect_area": 10000.0 }, "geometry": { "type": "MultiPolygon", "coordinates": [ [ [ [ 1261611.083918832940981, 5542529.320480721071362 ], [ 1261611.083918832940981, 5542429.320480721071362 ], [ 1261511.083918832940981, 5542429.320480721071362 ], [ 1261511.083918832940981, 5542529.320480721071362 ], [ 1261611.083918832940981, 5542529.320480721071362 ] ] ] ] } },
{ "type": "Feature", "properties": { "id": 221, "left": 1261511.0839188329, "top": 5542429.3204807211, "right": 1261611.0839188329, "bottom": 5542329.3204807211, "row_index": 16, "col_index": 6, "area": 959599.953, "perimeter": 4269.096, "codzona": "L", "numquart": 13, "nomezona": "Malpighi", "intersect_area": 10000.0 }, "geometry": { "type": "MultiPolygon", "coordinates": [ [ [ [ 1261611.083918832940981, 5542429.320480721071362 ], [ 1261611.083918832940981, 5542329.320480721071362 ], [ 1261511.083918832940981, 5542329.320480721071362 ], [ 1261511.083918832940981, 5542429.320480721071362 ], [ 1261611.083918832940981, 5542429.320480721071362 ] ] ] ] } },
{ "type": "Feature", "properties": { "id": 222, "left": 1261511.0839188329, "top": 5542329.3204807211, "right": 1261611.0839188329, "bottom": 5542229.3204807211, "row_index": 17, "col_index": 6, "area": 959599.953, "perimeter": 4269.096, "codzona": "L", "numquart": 13, "nomezona": "Malpighi", "intersect_area": 10000.0 }, "geometry": { "type": "MultiPolygon", "coordinates": [ [ [ [ 1261611.083918832940981, 5542329.320480721071362 ], [ 1261611.083918832940981, 5542229.320480721071362 ], [ 1261511.083918832940981, 5542229.320480721071362 ], [ 1261511.083918832940981, 5542329.320480721071362 ], [ 1261611.083918832940981, 5542329.320480721071362 ] ] ] ] } },
{ "type": "Feature", "properties": { "id": 223, "left": 1261511.0839188329, "top": 5542229.3204807211, "right": 1261611.0839188329, "bottom": 5542129.3204807211, "row_index": 18, "col_index": 6, "area": 959599.953, "perimeter": 4269.096, "codzona": "L", "numquart": 13, "nomezona": "Malpighi", "intersect_area": 10000.0 }, "geometry": { "type": "MultiPolygon", "coordinates": [ [ [ [ 1261611.083918832940981, 5542229.320480721071362 ], [ 1261611.083918832940981, 5542129.320480721071362 ], [ 1261511.083918832940981, 5542129.320480721071362 ], [ 1261511.083918832940981, 5542229.320480721071362 ], [ 1261611.083918832940981, 5542229.320480721071362 ] ] ] ] } },
{ "type": "Feature", "properties": { "id": 224, "left": 1261511.0839188329, "top": 5542129.3204807211, "right": 1261611.0839188329, "bottom": 5542029.3204807211, "row_index": 19, "col_index": 6, "area": 959599.953, "perimeter": 4269.096, "codzona": "L", "numquart": 13, "nomezona": "Malpighi", "intersect_area": 10000.0 }, "geometry": { "type": "MultiPolygon", "coordinates": [ [ [ [ 1261611.083918832940981, 5542129.320480721071362 ], [ 1261611.083918832940981, 5542029.320480721071362 ], [ 1261511.083918832940981, 5542029.320480721071362 ], [ 1261511.083918832940981, 5542129.320480721071362 ], [ 1261611.083918832940981, 5542129.320480721071362 ] ] ] ] } },
{ "type": "Feature", "properties": { "id": 225, "left": 1261511.0839188329, "top": 5542029.3204807211, "right": 1261611.0839188329, "bottom": 5541929.3204807211, "row_index": 20, "col_index": 6, "area": 959599.953, "perimeter": 4269.096, "codzona": "L", "numquart": 13, "nomezona": "Malpighi", "intersect_area": 10000.0 }, "geometry": { "type": "MultiPolygon", "coordinates": [ [ [ [ 1261611.083918832940981, 5542029.320480721071362 ], [ 1261611.083918832940981, 5541929.320480721071362 ], [ 1261511.083918832940981, 5541929.320480721071362 ], [ 1261511.083918832940981, 5542029.320480721071362 ], [ 1261611.083918832940981, 5542029.320480721071362 ] ] ] ] } },
{ "type": "Feature", "properties": { "id": 226, "left": 1261511.0839188329, "top": 5541929.3204807211, "right": 1261611.0839188329, "bottom": 5541829.3204807211, "row_index": 21, "col_index": 6, "area": 959599.953, "perimeter": 4269.096, "codzona": "L", "numquart": 13, "nomezona": "Malpighi", "intersect_area": 10000.0 }, "geometry": { "type": "MultiPolygon", "coordinates": [ [ [ [ 1261611.083918832940981, 5541929.320480721071362 ], [ 1261611.083918832940981, 5541829.320480721071362 ], [ 1261511.083918832940981, 5541829.320480721071362 ], [ 1261511.083918832940981, 5541929.320480721071362 ], [ 1261611.083918832940981, 5541929.320480721071362 ] ] ] ] } },
{ "type": "Feature", "properties": { "id": 227, "left": 1261511.0839188329, "top": 5541829.3204807211, "right": 1261611.0839188329, "bottom": 5541729.3204807211, "row_index": 22, "col_index": 6, "area": 959599.953, "perimeter": 4269.096, "codzona": "L", "numquart": 13, "nomezona": "Malpighi", "intersect_area": 10000.0 }, "geometry": { "type": "MultiPolygon", "coordinates": [ [ [ [ 1261611.083918832940981, 5541829.320480721071362 ], [ 1261611.083918832940981, 5541729.320480721071362 ], [ 1261511.083918832940981, 5541729.320480721071362 ], [ 1261511.083918832940981, 5541829.320480721071362 ], [ 1261611.083918832940981, 5541829.320480721071362 ] ] ] ] } },
{ "type": "Feature", "properties": { "id": 228, "left": 1261511.0839188329, "top": 5541729.3204807211, "right": 1261611.0839188329, "bottom": 5541629.3204807211, "row_index": 23, "col_index": 6, "area": 959599.953, "perimeter": 4269.096, "codzona": "L", "numquart": 13, "nomezona": "Malpighi", "intersect_area": 10000.0 }, "geometry": { "type": "MultiPolygon", "coordinates": [ [ [ [ 1261611.083918832940981, 5541729.320480721071362 ], [ 1261611.083918832940981, 5541629.320480721071362 ], [ 1261511.083918832940981, 5541629.320480721071362 ], [ 1261511.083918832940981, 5541729.320480721071362 ], [ 1261611.083918832940981, 5541729.320480721071362 ] ] ] ] } },
{ "type": "Feature", "properties": { "id": 229, "left": 1261511.0839188329, "top": 5541629.3204807211, "right": 1261611.0839188329, "bottom": 5541529.3204807211, "row_index": 24, "col_index": 6, "area": 959599.953, "perimeter": 4269.096, "codzona": "L", "numquart": 13, "nomezona": "Malpighi", "intersect_area": 10000.0 }, "geometry": { "type": "MultiPolygon", "coordinates": [ [ [ [ 1261611.083918832940981, 5541629.320480721071362 ], [ 1261611.083918832940981, 5541529.320480721071362 ], [ 1261511.083918832940981, 5541529.320480721071362 ], [ 1261511.083918832940981, 5541629.320480721071362 ], [ 1261611.083918832940981, 5541629.320480721071362 ] ] ] ] } },
{ "type": "Feature", "properties": { "id": 230, "left": 1261511.0839188329, "top": 5541529.3204807211, "right": 1261611.0839188329, "bottom": 5541429.3204807211, "row_index": 25, "col_index": 6, "area": 24725141.879000001, "perimeter": 30542.734, "codzona": "D", "numquart": 15, "nomezona": "Colli", "intersect_area": 704.47182023525238 }, "geometry": { "type": "MultiPolygon", "coordinates": [ [ [ [ 1261511.083918832940981, 5541429.320480721071362 ], [ 1261511.083918832940981, 5541456.975177526473999 ], [ 1261511.543045645812526, 5541456.730064905248582 ], [ 1261562.024006733438, 5541429.320480721071362 ], [ 1261511.083918832940981, 5541429.320480721071362 ] ] ] ] } },
{ "type": "Feature", "properties": { "id": 230, "left": 1261511.0839188329, "top": 5541529.3204807211, "right": 1261611.0839188329, "bottom": 5541429.3204807211, "row_index": 25, "col_index": 6, "area": 959599.953, "perimeter": 4269.096, "codzona": "L", "numquart": 13, "nomezona": "Malpighi", "intersect_area": 9295.5281797647476 }, "geometry": { "type": "MultiPolygon", "coordinates": [ [ [ [ 1261611.083918832940981, 5541529.320480721071362 ], [ 1261611.083918832940981, 5541429.320480721071362 ], [ 1261562.024006733438, 5541429.320480721071362 ], [ 1261511.543045645812526, 5541456.730064905248582 ], [ 1261511.083918832940981, 5541456.975177526473999 ], [ 1261511.083918832940981, 5541529.320480721071362 ], [ 1261611.083918832940981, 5541529.320480721071362 ] ] ] ] } },
{ "type": "Feature", "properties": { "id": 231, "left": 1261511.0839188329, "top": 5541429.3204807211, "right": 1261611.0839188329, "bottom": 5541329.3204807211, "row_index": 26, "col_index": 6, "area": 24725141.879000001, "perimeter": 30542.734, "codzona": "D", "numquart": 15, "nomezona": "Colli", "intersect_area": 9346.5710553228855 }, "geometry": { "type": "MultiPolygon", "coordinates": [ [ [ [ 1261562.024006733438, 5541429.320480721071362 ], [ 1261611.083918832940981, 5541402.682481724768877 ], [ 1261611.083918832940981, 5541329.320480721071362 ], [ 1261511.083918832940981, 5541329.320480721071362 ], [ 1261511.083918832940981, 5541429.320480721071362 ], [ 1261562.024006733438, 5541429.320480721071362 ] ] ] ] } },
{ "type": "Feature", "properties": { "id": 231, "left": 1261511.0839188329, "top": 5541429.3204807211, "right": 1261611.0839188329, "bottom": 5541329.3204807211, "row_index": 26, "col_index": 6, "area": 959599.953, "perimeter": 4269.096, "codzona": "L", "numquart": 13, "nomezona": "Malpighi", "intersect_area": 653.42894461750984 }, "geometry": { "type": "MultiPolygon", "coordinates": [ [ [ [ 1261611.083918832940981, 5541429.320480721071362 ], [ 1261611.083918832940981, 5541402.682481724768877 ], [ 1261562.024006733438, 5541429.320480721071362 ], [ 1261611.083918832940981, 5541429.320480721071362 ] ] ] ] } },
{ "type": "Feature", "properties": { "id": 232, "left": 1261511.0839188329, "top": 5541329.3204807211, "right": 1261611.0839188329, "bottom": 5541229.3204807211, "row_index": 27, "col_index": 6, "area": 24725141.879000001, "perimeter": 30542.734, "codzona": "D", "numquart": 15, "nomezona": "Colli", "intersect_area": 10000.0 }, "geometry": { "type": "MultiPolygon", "coordinates": [ [ [ [ 1261611.083918832940981, 5541329.320480721071362 ], [ 1261611.083918832940981, 5541229.320480721071362 ], [ 1261511.083918832940981, 5541229.320480721071362 ], [ 1261511.083918832940981, 5541329.320480721071362 ], [ 1261611.083918832940981, 5541329.320480721071362 ] ] ] ] } },
{ "type": "Feature", "properties": { "id": 233, "left": 1261511.0839188329, "top": 5541229.3204807211, "right": 1261611.0839188329, "bottom": 5541129.3204807211, "row_index": 28, "col_index": 6, "area": 24725141.879000001, "perimeter": 30542.734, "codzona": "D", "numquart": 15, "nomezona": "Colli", "intersect_area": 10000.0 }, "geometry": { "type": "MultiPolygon", "coordinates": [ [ [ [ 1261611.083918832940981, 5541229.320480721071362 ], [ 1261611.083918832940981, 5541129.320480721071362 ], [ 1261511.083918832940981, 5541129.320480721071362 ], [ 1261511.083918832940981, 5541229.320480721071362 ], [ 1261611.083918832940981, 5541229.320480721071362 ] ] ] ] } },
{ "type": "Feature", "properties": { "id": 234, "left": 1261511.0839188329, "top": 5541129.3204807211, "right": 1261611.0839188329, "bottom": 5541029.3204807211, "row_index": 29, "col_index": 6, "area": 24725141.879000001, "perimeter": 30542.734, "codzona": "D", "numquart": 15, "nomezona": "Colli", "intersect_area": 10000.0 }, "geometry": { "type": "MultiPolygon", "coordinates": [ [ [ [ 1261611.083918832940981, 5541129.320480721071362 ], [ 1261611.083918832940981, 5541029.320480721071362 ], [ 1261511.083918832940981, 5541029.320480721071362 ], [ 1261511.083918832940981, 5541129.320480721071362 ], [ 1261611.083918832940981, 5541129.320480721071362 ] ] ] ] } },
{ "type": "Feature", "properties": { "id": 235, "left": 1261511.0839188329, "top": 5541029.3204807211, "right": 1261611.0839188329, "bottom": 5540929.3204807211, "row_index": 30, "col_index": 6, "area": 24725141.879000001, "perimeter": 30542.734, "codzona": "D", "numquart": 15, "nomezona": "Colli", "intersect_area": 10000.0 }, "geometry": { "type": "MultiPolygon", "coordinates": [ [ [ [ 1261611.083918832940981, 5541029.320480721071362 ], [ 1261611.083918832940981, 5540929.320480721071362 ], [ 1261511.083918832940981, 5540929.320480721071362 ], [ 1261511.083918832940981, 5541029.320480721071362 ], [ 1261611.083918832940981, 5541029.320480721071362 ] ] ] ] } },
{ "type": "Feature", "properties": { "id": 236, "left": 1261511.0839188329, "top": 5540929.3204807211, "right": 1261611.0839188329, "bottom": 5540829.3204807211, "row_index": 31, "col_index": 6, "area": 24725141.879000001, "perimeter": 30542.734, "codzona": "D", "numquart": 15, "nomezona": "Colli", "intersect_area": 10000.0 }, "geometry": { "type": "MultiPolygon", "coordinates": [ [ [ [ 1261611.083918832940981, 5540929.320480721071362 ], [ 1261611.083918832940981, 5540829.320480721071362 ], [ 1261511.083918832940981, 5540829.320480721071362 ], [ 1261511.083918832940981, 5540929.320480721071362 ], [ 1261611.083918832940981, 5540929.320480721071362 ] ] ] ] } },
{ "type": "Feature", "properties": { "id": 237, "left": 1261511.0839188329, "top": 5540829.3204807211, "right": 1261611.0839188329, "bottom": 5540729.3204807211, "row_index": 32, "col_index": 6, "area": 24725141.879000001, "perimeter": 30542.734, "codzona": "D", "numquart": 15, "nomezona": "Colli", "intersect_area": 10000.0 }, "geometry": { "type": "MultiPolygon", "coordinates": [ [ [ [ 1261611.083918832940981, 5540829.320480721071362 ], [ 1261611.083918832940981, 5540729.320480721071362 ], [ 1261511.083918832940981, 5540729.320480721071362 ], [ 1261511.083918832940981, 5540829.320480721071362 ], [ 1261611.083918832940981, 5540829.320480721071362 ] ] ] ] } },
{ "type": "Feature", "properties": { "id": 238, "left": 1261511.0839188329, "top": 5540729.3204807211, "right": 1261611.0839188329, "bottom": 5540629.3204807211, "row_index": 33, "col_index": 6, "area": 24725141.879000001, "perimeter": 30542.734, "codzona": "D", "numquart": 15, "nomezona": "Colli", "intersect_area": 10000.0 }, "geometry": { "type": "MultiPolygon", "coordinates": [ [ [ [ 1261611.083918832940981, 5540729.320480721071362 ], [ 1261611.083918832940981, 5540629.320480721071362 ], [ 1261511.083918832940981, 5540629.320480721071362 ], [ 1261511.083918832940981, 5540729.320480721071362 ], [ 1261611.083918832940981, 5540729.320480721071362 ] ] ] ] } },
{ "type": "Feature", "properties": { "id": 239, "left": 1261611.0839188329, "top": 5544029.3204807211, "right": 1261711.0839188329, "bottom": 5543929.3204807211, "row_index": 0, "col_index": 7, "area": 2668885.563, "perimeter": 7571.745, "codzona": "P", "numquart": 13, "nomezona": "Saffi", "intersect_area": 10000.0 }, "geometry": { "type": "MultiPolygon", "coordinates": [ [ [ [ 1261711.083918832940981, 5544029.320480721071362 ], [ 1261711.083918832940981, 5543929.320480721071362 ], [ 1261611.083918832940981, 5543929.320480721071362 ], [ 1261611.083918832940981, 5544029.320480721071362 ], [ 1261711.083918832940981, 5544029.320480721071362 ] ] ] ] } },
{ "type": "Feature", "properties": { "id": 240, "left": 1261611.0839188329, "top": 5543929.3204807211, "right": 1261711.0839188329, "bottom": 5543829.3204807211, "row_index": 1, "col_index": 7, "area": 2668885.563, "perimeter": 7571.745, "codzona": "P", "numquart": 13, "nomezona": "Saffi", "intersect_area": 10000.0 }, "geometry": { "type": "MultiPolygon", "coordinates": [ [ [ [ 1261711.083918832940981, 5543929.320480721071362 ], [ 1261711.083918832940981, 5543829.320480721071362 ], [ 1261611.083918832940981, 5543829.320480721071362 ], [ 1261611.083918832940981, 5543929.320480721071362 ], [ 1261711.083918832940981, 5543929.320480721071362 ] ] ] ] } },
{ "type": "Feature", "properties": { "id": 241, "left": 1261611.0839188329, "top": 5543829.3204807211, "right": 1261711.0839188329, "bottom": 5543729.3204807211, "row_index": 2, "col_index": 7, "area": 2668885.563, "perimeter": 7571.745, "codzona": "P", "numquart": 13, "nomezona": "Saffi", "intersect_area": 10000.0 }, "geometry": { "type": "MultiPolygon", "coordinates": [ [ [ [ 1261711.083918832940981, 5543829.320480721071362 ], [ 1261711.083918832940981, 5543729.320480721071362 ], [ 1261611.083918832940981, 5543729.320480721071362 ], [ 1261611.083918832940981, 5543829.320480721071362 ], [ 1261711.083918832940981, 5543829.320480721071362 ] ] ] ] } },
{ "type": "Feature", "properties": { "id": 242, "left": 1261611.0839188329, "top": 5543729.3204807211, "right": 1261711.0839188329, "bottom": 5543629.3204807211, "row_index": 3, "col_index": 7, "area": 2668885.563, "perimeter": 7571.745, "codzona": "P", "numquart": 13, "nomezona": "Saffi", "intersect_area": 10000.0 }, "geometry": { "type": "MultiPolygon", "coordinates": [ [ [ [ 1261711.083918832940981, 5543729.320480721071362 ], [ 1261711.083918832940981, 5543629.320480721071362 ], [ 1261611.083918832940981, 5543629.320480721071362 ], [ 1261611.083918832940981, 5543729.320480721071362 ], [ 1261711.083918832940981, 5543729.320480721071362 ] ] ] ] } },
{ "type": "Feature", "properties": { "id": 243, "left": 1261611.0839188329, "top": 5543629.3204807211, "right": 1261711.0839188329, "bottom": 5543529.3204807211, "row_index": 4, "col_index": 7, "area": 2668885.563, "perimeter": 7571.745, "codzona": "P", "numquart": 13, "nomezona": "Saffi", "intersect_area": 4615.5709161162376 }, "geometry": { "type": "MultiPolygon", "coordinates": [ [ [ [ 1261711.083918832940981, 5543629.320480721071362 ], [ 1261711.083918832940981, 5543616.936270280741155 ], [ 1261655.833534527337179, 5543578.733530329540372 ], [ 1261611.083918832940981, 5543551.370886008255184 ], [ 1261611.083918832940981, 5543629.320480721071362 ], [ 1261711.083918832940981, 5543629.320480721071362 ] ] ] ] } },
{ "type": "Feature", "properties": { "id": 243, "left": 1261611.0839188329, "top": 5543629.3204807211, "right": 1261711.0839188329, "bottom": 5543529.3204807211, "row_index": 4, "col_index": 7, "area": 1058290.413, "perimeter": 4426.128, "codzona": "M", "numquart": 13, "nomezona": "Marconi", "intersect_area": 5384.4290838986635 }, "geometry": { "type": "MultiPolygon", "coordinates": [ [ [ [ 1261711.083918832940981, 5543529.320480721071362 ], [ 1261611.083918832940981, 5543529.320480721071362 ], [ 1261611.083918832940981, 5543551.370886008255184 ], [ 1261655.833534527337179, 5543578.733530329540372 ], [ 1261711.083918832940981, 5543616.936270280741155 ], [ 1261711.083918832940981, 5543529.320480721071362 ] ] ] ] } },
{ "type": "Feature", "properties": { "id": 244, "left": 1261611.0839188329, "top": 5543529.3204807211, "right": 1261711.0839188329, "bottom": 5543429.3204807211, "row_index": 5, "col_index": 7, "area": 1058290.413, "perimeter": 4426.128, "codzona": "M", "numquart": 13, "nomezona": "Marconi", "intersect_area": 10000.0 }, "geometry": { "type": "MultiPolygon", "coordinates": [ [ [ [ 1261711.083918832940981, 5543529.320480721071362 ], [ 1261711.083918832940981, 5543429.320480721071362 ], [ 1261611.083918832940981, 5543429.320480721071362 ], [ 1261611.083918832940981, 5543529.320480721071362 ], [ 1261711.083918832940981, 5543529.320480721071362 ] ] ] ] } },
{ "type": "Feature", "properties": { "id": 245, "left": 1261611.0839188329, "top": 5543429.3204807211, "right": 1261711.0839188329, "bottom": 5543329.3204807211, "row_index": 6, "col_index": 7, "area": 1058290.413, "perimeter": 4426.128, "codzona": "M", "numquart": 13, "nomezona": "Marconi", "intersect_area": 10000.0 }, "geometry": { "type": "MultiPolygon", "coordinates": [ [ [ [ 1261711.083918832940981, 5543429.320480721071362 ], [ 1261711.083918832940981, 5543329.320480721071362 ], [ 1261611.083918832940981, 5543329.320480721071362 ], [ 1261611.083918832940981, 5543429.320480721071362 ], [ 1261711.083918832940981, 5543429.320480721071362 ] ] ] ] } },
{ "type": "Feature", "properties": { "id": 246, "left": 1261611.0839188329, "top": 5543329.3204807211, "right": 1261711.0839188329, "bottom": 5543229.3204807211, "row_index": 7, "col_index": 7, "area": 1058290.413, "perimeter": 4426.128, "codzona": "M", "numquart": 13, "nomezona": "Marconi", "intersect_area": 10000.0 }, "geometry": { "type": "MultiPolygon", "coordinates": [ [ [ [ 1261711.083918832940981, 5543329.320480721071362 ], [ 1261711.083918832940981, 5543229.320480721071362 ], [ 1261611.083918832940981, 5543229.320480721071362 ], [ 1261611.083918832940981, 5543329.320480721071362 ], [ 1261711.083918832940981, 5543329.320480721071362 ] ] ] ] } },
{ "type": "Feature", "properties": { "id": 247, "left": 1261611.0839188329, "top": 5543229.3204807211, "right": 1261711.0839188329, "bottom": 5543129.3204807211, "row_index": 8, "col_index": 7, "area": 1058290.413, "perimeter": 4426.128, "codzona": "M", "numquart": 13, "nomezona": "Marconi", "intersect_area": 10000.0 }, "geometry": { "type": "MultiPolygon", "coordinates": [ [ [ [ 1261711.083918832940981, 5543229.320480721071362 ], [ 1261711.083918832940981, 5543129.320480721071362 ], [ 1261611.083918832940981, 5543129.320480721071362 ], [ 1261611.083918832940981, 5543229.320480721071362 ], [ 1261711.083918832940981, 5543229.320480721071362 ] ] ] ] } },
{ "type": "Feature", "properties": { "id": 248, "left": 1261611.0839188329, "top": 5543129.3204807211, "right": 1261711.0839188329, "bottom": 5543029.3204807211, "row_index": 9, "col_index": 7, "area": 1058290.413, "perimeter": 4426.128, "codzona": "M", "numquart": 13, "nomezona": "Marconi", "intersect_area": 10000.0 }, "geometry": { "type": "MultiPolygon", "coordinates": [ [ [ [ 1261711.083918832940981, 5543129.320480721071362 ], [ 1261711.083918832940981, 5543029.320480721071362 ], [ 1261611.083918832940981, 5543029.320480721071362 ], [ 1261611.083918832940981, 5543129.320480721071362 ], [ 1261711.083918832940981, 5543129.320480721071362 ] ] ] ] } },
{ "type": "Feature", "properties": { "id": 249, "left": 1261611.0839188329, "top": 5543029.3204807211, "right": 1261711.0839188329, "bottom": 5542929.3204807211, "row_index": 10, "col_index": 7, "area": 1058290.413, "perimeter": 4426.128, "codzona": "M", "numquart": 13, "nomezona": "Marconi", "intersect_area": 10000.0 }, "geometry": { "type": "MultiPolygon", "coordinates": [ [ [ [ 1261711.083918832940981, 5543029.320480721071362 ], [ 1261711.083918832940981, 5542929.320480721071362 ], [ 1261611.083918832940981, 5542929.320480721071362 ], [ 1261611.083918832940981, 5543029.320480721071362 ], [ 1261711.083918832940981, 5543029.320480721071362 ] ] ] ] } },
{ "type": "Feature", "properties": { "id": 250, "left": 1261611.0839188329, "top": 5542929.3204807211, "right": 1261711.0839188329, "bottom": 5542829.3204807211, "row_index": 11, "col_index": 7, "area": 1058290.413, "perimeter": 4426.128, "codzona": "M", "numquart": 13, "nomezona": "Marconi", "intersect_area": 10000.0 }, "geometry": { "type": "MultiPolygon", "coordinates": [ [ [ [ 1261711.083918832940981, 5542929.320480721071362 ], [ 1261711.083918832940981, 5542829.320480721071362 ], [ 1261611.083918832940981, 5542829.320480721071362 ], [ 1261611.083918832940981, 5542929.320480721071362 ], [ 1261711.083918832940981, 5542929.320480721071362 ] ] ] ] } },
{ "type": "Feature", "properties": { "id": 251, "left": 1261611.0839188329, "top": 5542829.3204807211, "right": 1261711.0839188329, "bottom": 5542729.3204807211, "row_index": 12, "col_index": 7, "area": 1058290.413, "perimeter": 4426.128, "codzona": "M", "numquart": 13, "nomezona": "Marconi", "intersect_area": 10000.0 }, "geometry": { "type": "MultiPolygon", "coordinates": [ [ [ [ 1261711.083918832940981, 5542829.320480721071362 ], [ 1261711.083918832940981, 5542729.320480721071362 ], [ 1261611.083918832940981, 5542729.320480721071362 ], [ 1261611.083918832940981, 5542829.320480721071362 ], [ 1261711.083918832940981, 5542829.320480721071362 ] ] ] ] } },
{ "type": "Feature", "properties": { "id": 252, "left": 1261611.0839188329, "top": 5542729.3204807211, "right": 1261711.0839188329, "bottom": 5542629.3204807211, "row_index": 13, "col_index": 7, "area": 959599.953, "perimeter": 4269.096, "codzona": "L", "numquart": 13, "nomezona": "Malpighi", "intersect_area": 4298.8552856873721 }, "geometry": { "type": "MultiPolygon", "coordinates": [ [ [ [ 1261711.083918832940981, 5542629.320480721071362 ], [ 1261611.083918832940981, 5542629.320480721071362 ], [ 1261611.083918832940981, 5542696.830342499539256 ], [ 1261660.886919946176931, 5542672.570536418817937 ], [ 1261696.434538667090237, 5542654.779237921349704 ], [ 1261711.083918832940981, 5542647.488115024752915 ], [ 1261711.083918832940981, 5542629.320480721071362 ] ] ] ] } },
{ "type": "Feature", "properties": { "id": 252, "left": 1261611.0839188329, "top": 5542729.3204807211, "right": 1261711.0839188329, "bottom": 5542629.3204807211, "row_index": 13, "col_index": 7, "area": 1058290.413, "perimeter": 4426.128, "codzona": "M", "numquart": 13, "nomezona": "Marconi", "intersect_area": 5701.1447142958641 }, "geometry": { "type": "MultiPolygon", "coordinates": [ [ [ [ 1261711.083918832940981, 5542729.320480721071362 ], [ 1261711.083918832940981, 5542647.488115024752915 ], [ 1261696.434538667090237, 5542654.779237921349704 ], [ 1261660.886919946176931, 5542672.570536418817937 ], [ 1261611.083918832940981, 5542696.830342499539256 ], [ 1261611.083918832940981, 5542729.320480721071362 ], [ 1261711.083918832940981, 5542729.320480721071362 ] ] ] ] } },
{ "type": "Feature", "properties": { "id": 253, "left": 1261611.0839188329, "top": 5542629.3204807211, "right": 1261711.0839188329, "bottom": 5542529.3204807211, "row_index": 14, "col_index": 7, "area": 959599.953, "perimeter": 4269.096, "codzona": "L", "numquart": 13, "nomezona": "Malpighi", "intersect_area": 10000.0 }, "geometry": { "type": "MultiPolygon", "coordinates": [ [ [ [ 1261711.083918832940981, 5542629.320480721071362 ], [ 1261711.083918832940981, 5542529.320480721071362 ], [ 1261611.083918832940981, 5542529.320480721071362 ], [ 1261611.083918832940981, 5542629.320480721071362 ], [ 1261711.083918832940981, 5542629.320480721071362 ] ] ] ] } },
{ "type": "Feature", "properties": { "id": 254, "left": 1261611.0839188329, "top": 5542529.3204807211, "right": 1261711.0839188329, "bottom": 5542429.3204807211, "row_index": 15, "col_index": 7, "area": 959599.953, "perimeter": 4269.096, "codzona": "L", "numquart": 13, "nomezona": "Malpighi", "intersect_area": 10000.0 }, "geometry": { "type": "MultiPolygon", "coordinates": [ [ [ [ 1261711.083918832940981, 5542529.320480721071362 ], [ 1261711.083918832940981, 5542429.320480721071362 ], [ 1261611.083918832940981, 5542429.320480721071362 ], [ 1261611.083918832940981, 5542529.320480721071362 ], [ 1261711.083918832940981, 5542529.320480721071362 ] ] ] ] } },
{ "type": "Feature", "properties": { "id": 255, "left": 1261611.0839188329, "top": 5542429.3204807211, "right": 1261711.0839188329, "bottom": 5542329.3204807211, "row_index": 16, "col_index": 7, "area": 959599.953, "perimeter": 4269.096, "codzona": "L", "numquart": 13, "nomezona": "Malpighi", "intersect_area": 10000.0 }, "geometry": { "type": "MultiPolygon", "coordinates": [ [ [ [ 1261711.083918832940981, 5542429.320480721071362 ], [ 1261711.083918832940981, 5542329.320480721071362 ], [ 1261611.083918832940981, 5542329.320480721071362 ], [ 1261611.083918832940981, 5542429.320480721071362 ], [ 1261711.083918832940981, 5542429.320480721071362 ] ] ] ] } },
{ "type": "Feature", "properties": { "id": 256, "left": 1261611.0839188329, "top": 5542329.3204807211, "right": 1261711.0839188329, "bottom": 5542229.3204807211, "row_index": 17, "col_index": 7, "area": 959599.953, "perimeter": 4269.096, "codzona": "L", "numquart": 13, "nomezona": "Malpighi", "intersect_area": 10000.0 }, "geometry": { "type": "MultiPolygon", "coordinates": [ [ [ [ 1261711.083918832940981, 5542329.320480721071362 ], [ 1261711.083918832940981, 5542229.320480721071362 ], [ 1261611.083918832940981, 5542229.320480721071362 ], [ 1261611.083918832940981, 5542329.320480721071362 ], [ 1261711.083918832940981, 5542329.320480721071362 ] ] ] ] } },
{ "type": "Feature", "properties": { "id": 257, "left": 1261611.0839188329, "top": 5542229.3204807211, "right": 1261711.0839188329, "bottom": 5542129.3204807211, "row_index": 18, "col_index": 7, "area": 959599.953, "perimeter": 4269.096, "codzona": "L", "numquart": 13, "nomezona": "Malpighi", "intersect_area": 10000.0 }, "geometry": { "type": "MultiPolygon", "coordinates": [ [ [ [ 1261711.083918832940981, 5542229.320480721071362 ], [ 1261711.083918832940981, 5542129.320480721071362 ], [ 1261611.083918832940981, 5542129.320480721071362 ], [ 1261611.083918832940981, 5542229.320480721071362 ], [ 1261711.083918832940981, 5542229.320480721071362 ] ] ] ] } },
{ "type": "Feature", "properties": { "id": 258, "left": 1261611.0839188329, "top": 5542129.3204807211, "right": 1261711.0839188329, "bottom": 5542029.3204807211, "row_index": 19, "col_index": 7, "area": 959599.953, "perimeter": 4269.096, "codzona": "L", "numquart": 13, "nomezona": "Malpighi", "intersect_area": 10000.0 }, "geometry": { "type": "MultiPolygon", "coordinates": [ [ [ [ 1261711.083918832940981, 5542129.320480721071362 ], [ 1261711.083918832940981, 5542029.320480721071362 ], [ 1261611.083918832940981, 5542029.320480721071362 ], [ 1261611.083918832940981, 5542129.320480721071362 ], [ 1261711.083918832940981, 5542129.320480721071362 ] ] ] ] } },
{ "type": "Feature", "properties": { "id": 259, "left": 1261611.0839188329, "top": 5542029.3204807211, "right": 1261711.0839188329, "bottom": 5541929.3204807211, "row_index": 20, "col_index": 7, "area": 959599.953, "perimeter": 4269.096, "codzona": "L", "numquart": 13, "nomezona": "Malpighi", "intersect_area": 10000.0 }, "geometry": { "type": "MultiPolygon", "coordinates": [ [ [ [ 1261711.083918832940981, 5542029.320480721071362 ], [ 1261711.083918832940981, 5541929.320480721071362 ], [ 1261611.083918832940981, 5541929.320480721071362 ], [ 1261611.083918832940981, 5542029.320480721071362 ], [ 1261711.083918832940981, 5542029.320480721071362 ] ] ] ] } },
{ "type": "Feature", "properties": { "id": 260, "left": 1261611.0839188329, "top": 5541929.3204807211, "right": 1261711.0839188329, "bottom": 5541829.3204807211, "row_index": 21, "col_index": 7, "area": 959599.953, "perimeter": 4269.096, "codzona": "L", "numquart": 13, "nomezona": "Malpighi", "intersect_area": 10000.0 }, "geometry": { "type": "MultiPolygon", "coordinates": [ [ [ [ 1261711.083918832940981, 5541929.320480721071362 ], [ 1261711.083918832940981, 5541829.320480721071362 ], [ 1261611.083918832940981, 5541829.320480721071362 ], [ 1261611.083918832940981, 5541929.320480721071362 ], [ 1261711.083918832940981, 5541929.320480721071362 ] ] ] ] } },
{ "type": "Feature", "properties": { "id": 261, "left": 1261611.0839188329, "top": 5541829.3204807211, "right": 1261711.0839188329, "bottom": 5541729.3204807211, "row_index": 22, "col_index": 7, "area": 959599.953, "perimeter": 4269.096, "codzona": "L", "numquart": 13, "nomezona": "Malpighi", "intersect_area": 10000.0 }, "geometry": { "type": "MultiPolygon", "coordinates": [ [ [ [ 1261711.083918832940981, 5541829.320480721071362 ], [ 1261711.083918832940981, 5541729.320480721071362 ], [ 1261611.083918832940981, 5541729.320480721071362 ], [ 1261611.083918832940981, 5541829.320480721071362 ], [ 1261711.083918832940981, 5541829.320480721071362 ] ] ] ] } },
{ "type": "Feature", "properties": { "id": 262, "left": 1261611.0839188329, "top": 5541729.3204807211, "right": 1261711.0839188329, "bottom": 5541629.3204807211, "row_index": 23, "col_index": 7, "area": 959599.953, "perimeter": 4269.096, "codzona": "L", "numquart": 13, "nomezona": "Malpighi", "intersect_area": 10000.0 }, "geometry": { "type": "MultiPolygon", "coordinates": [ [ [ [ 1261711.083918832940981, 5541729.320480721071362 ], [ 1261711.083918832940981, 5541629.320480721071362 ], [ 1261611.083918832940981, 5541629.320480721071362 ], [ 1261611.083918832940981, 5541729.320480721071362 ], [ 1261711.083918832940981, 5541729.320480721071362 ] ] ] ] } },
{ "type": "Feature", "properties": { "id": 263, "left": 1261611.0839188329, "top": 5541629.3204807211, "right": 1261711.0839188329, "bottom": 5541529.3204807211, "row_index": 24, "col_index": 7, "area": 959599.953, "perimeter": 4269.096, "codzona": "L", "numquart": 13, "nomezona": "Malpighi", "intersect_area": 10000.0 }, "geometry": { "type": "MultiPolygon", "coordinates": [ [ [ [ 1261711.083918832940981, 5541629.320480721071362 ], [ 1261711.083918832940981, 5541529.320480721071362 ], [ 1261611.083918832940981, 5541529.320480721071362 ], [ 1261611.083918832940981, 5541629.320480721071362 ], [ 1261711.083918832940981, 5541629.320480721071362 ] ] ] ] } },
{ "type": "Feature", "properties": { "id": 264, "left": 1261611.0839188329, "top": 5541529.3204807211, "right": 1261711.0839188329, "bottom": 5541429.3204807211, "row_index": 25, "col_index": 7, "area": 959599.953, "perimeter": 4269.096, "codzona": "L", "numquart": 13, "nomezona": "Malpighi", "intersect_area": 10000.0 }, "geometry": { "type": "MultiPolygon", "coordinates": [ [ [ [ 1261711.083918832940981, 5541529.320480721071362 ], [ 1261711.083918832940981, 5541429.320480721071362 ], [ 1261611.083918832940981, 5541429.320480721071362 ], [ 1261611.083918832940981, 5541529.320480721071362 ], [ 1261711.083918832940981, 5541529.320480721071362 ] ] ] ] } },
{ "type": "Feature", "properties": { "id": 265, "left": 1261611.0839188329, "top": 5541429.3204807211, "right": 1261711.0839188329, "bottom": 5541329.3204807211, "row_index": 26, "col_index": 7, "area": 24725141.879000001, "perimeter": 30542.734, "codzona": "D", "numquart": 15, "nomezona": "Colli", "intersect_area": 4685.8110240735114 }, "geometry": { "type": "MultiPolygon", "coordinates": [ [ [ [ 1261711.083918832940981, 5541329.320480721071362 ], [ 1261611.083918832940981, 5541329.320480721071362 ], [ 1261611.083918832940981, 5541402.682481724768877 ], [ 1261637.59136889828369, 5541388.289764779619873 ], [ 1261649.446266999468207, 5541382.805164381861687 ], [ 1261711.083918832940981, 5541349.341627571731806 ], [ 1261711.083918832940981, 5541329.320480721071362 ] ] ] ] } },
{ "type": "Feature", "properties": { "id": 265, "left": 1261611.0839188329, "top": 5541429.3204807211, "right": 1261711.0839188329, "bottom": 5541329.3204807211, "row_index": 26, "col_index": 7, "area": 959599.953, "perimeter": 4269.096, "codzona": "L", "numquart": 13, "nomezona": "Malpighi", "intersect_area": 5314.1889759898186 }, "geometry": { "type": "MultiPolygon", "coordinates": [ [ [ [ 1261711.083918832940981, 5541429.320480721071362 ], [ 1261711.083918832940981, 5541349.341627571731806 ], [ 1261649.446266999468207, 5541382.805164381861687 ], [ 1261637.59136889828369, 5541388.289764779619873 ], [ 1261611.083918832940981, 5541402.682481724768877 ], [ 1261611.083918832940981, 5541429.320480721071362 ], [ 1261711.083918832940981, 5541429.320480721071362 ] ] ] ] } },
{ "type": "Feature", "properties": { "id": 266, "left": 1261611.0839188329, "top": 5541329.3204807211, "right": 1261711.0839188329, "bottom": 5541229.3204807211, "row_index": 27, "col_index": 7, "area": 24725141.879000001, "perimeter": 30542.734, "codzona": "D", "numquart": 15, "nomezona": "Colli", "intersect_area": 10000.0 }, "geometry": { "type": "MultiPolygon", "coordinates": [ [ [ [ 1261711.083918832940981, 5541329.320480721071362 ], [ 1261711.083918832940981, 5541229.320480721071362 ], [ 1261611.083918832940981, 5541229.320480721071362 ], [ 1261611.083918832940981, 5541329.320480721071362 ], [ 1261711.083918832940981, 5541329.320480721071362 ] ] ] ] } },
{ "type": "Feature", "properties": { "id": 267, "left": 1261611.0839188329, "top": 5541229.3204807211, "right": 1261711.0839188329, "bottom": 5541129.3204807211, "row_index": 28, "col_index": 7, "area": 24725141.879000001, "perimeter": 30542.734, "codzona": "D", "numquart": 15, "nomezona": "Colli", "intersect_area": 10000.0 }, "geometry": { "type": "MultiPolygon", "coordinates": [ [ [ [ 1261711.083918832940981, 5541229.320480721071362 ], [ 1261711.083918832940981, 5541129.320480721071362 ], [ 1261611.083918832940981, 5541129.320480721071362 ], [ 1261611.083918832940981, 5541229.320480721071362 ], [ 1261711.083918832940981, 5541229.320480721071362 ] ] ] ] } },
{ "type": "Feature", "properties": { "id": 268, "left": 1261611.0839188329, "top": 5541129.3204807211, "right": 1261711.0839188329, "bottom": 5541029.3204807211, "row_index": 29, "col_index": 7, "area": 24725141.879000001, "perimeter": 30542.734, "codzona": "D", "numquart": 15, "nomezona": "Colli", "intersect_area": 10000.0 }, "geometry": { "type": "MultiPolygon", "coordinates": [ [ [ [ 1261711.083918832940981, 5541129.320480721071362 ], [ 1261711.083918832940981, 5541029.320480721071362 ], [ 1261611.083918832940981, 5541029.320480721071362 ], [ 1261611.083918832940981, 5541129.320480721071362 ], [ 1261711.083918832940981, 5541129.320480721071362 ] ] ] ] } },
{ "type": "Feature", "properties": { "id": 269, "left": 1261611.0839188329, "top": 5541029.3204807211, "right": 1261711.0839188329, "bottom": 5540929.3204807211, "row_index": 30, "col_index": 7, "area": 24725141.879000001, "perimeter": 30542.734, "codzona": "D", "numquart": 15, "nomezona": "Colli", "intersect_area": 10000.0 }, "geometry": { "type": "MultiPolygon", "coordinates": [ [ [ [ 1261711.083918832940981, 5541029.320480721071362 ], [ 1261711.083918832940981, 5540929.320480721071362 ], [ 1261611.083918832940981, 5540929.320480721071362 ], [ 1261611.083918832940981, 5541029.320480721071362 ], [ 1261711.083918832940981, 5541029.320480721071362 ] ] ] ] } },
{ "type": "Feature", "properties": { "id": 270, "left": 1261611.0839188329, "top": 5540929.3204807211, "right": 1261711.0839188329, "bottom": 5540829.3204807211, "row_index": 31, "col_index": 7, "area": 24725141.879000001, "perimeter": 30542.734, "codzona": "D", "numquart": 15, "nomezona": "Colli", "intersect_area": 10000.0 }, "geometry": { "type": "MultiPolygon", "coordinates": [ [ [ [ 1261711.083918832940981, 5540929.320480721071362 ], [ 1261711.083918832940981, 5540829.320480721071362 ], [ 1261611.083918832940981, 5540829.320480721071362 ], [ 1261611.083918832940981, 5540929.320480721071362 ], [ 1261711.083918832940981, 5540929.320480721071362 ] ] ] ] } },
{ "type": "Feature", "properties": { "id": 271, "left": 1261611.0839188329, "top": 5540829.3204807211, "right": 1261711.0839188329, "bottom": 5540729.3204807211, "row_index": 32, "col_index": 7, "area": 24725141.879000001, "perimeter": 30542.734, "codzona": "D", "numquart": 15, "nomezona": "Colli", "intersect_area": 10000.0 }, "geometry": { "type": "MultiPolygon", "coordinates": [ [ [ [ 1261711.083918832940981, 5540829.320480721071362 ], [ 1261711.083918832940981, 5540729.320480721071362 ], [ 1261611.083918832940981, 5540729.320480721071362 ], [ 1261611.083918832940981, 5540829.320480721071362 ], [ 1261711.083918832940981, 5540829.320480721071362 ] ] ] ] } },
{ "type": "Feature", "properties": { "id": 272, "left": 1261611.0839188329, "top": 5540729.3204807211, "right": 1261711.0839188329, "bottom": 5540629.3204807211, "row_index": 33, "col_index": 7, "area": 24725141.879000001, "perimeter": 30542.734, "codzona": "D", "numquart": 15, "nomezona": "Colli", "intersect_area": 10000.0 }, "geometry": { "type": "MultiPolygon", "coordinates": [ [ [ [ 1261711.083918832940981, 5540729.320480721071362 ], [ 1261711.083918832940981, 5540629.320480721071362 ], [ 1261611.083918832940981, 5540629.320480721071362 ], [ 1261611.083918832940981, 5540729.320480721071362 ], [ 1261711.083918832940981, 5540729.320480721071362 ] ] ] ] } },
{ "type": "Feature", "properties": { "id": 273, "left": 1261711.0839188329, "top": 5544029.3204807211, "right": 1261811.0839188329, "bottom": 5543929.3204807211, "row_index": 0, "col_index": 8, "area": 2668885.563, "perimeter": 7571.745, "codzona": "P", "numquart": 13, "nomezona": "Saffi", "intersect_area": 10000.0 }, "geometry": { "type": "MultiPolygon", "coordinates": [ [ [ [ 1261811.083918832940981, 5544029.320480721071362 ], [ 1261811.083918832940981, 5543929.320480721071362 ], [ 1261711.083918832940981, 5543929.320480721071362 ], [ 1261711.083918832940981, 5544029.320480721071362 ], [ 1261811.083918832940981, 5544029.320480721071362 ] ] ] ] } },
{ "type": "Feature", "properties": { "id": 274, "left": 1261711.0839188329, "top": 5543929.3204807211, "right": 1261811.0839188329, "bottom": 5543829.3204807211, "row_index": 1, "col_index": 8, "area": 2668885.563, "perimeter": 7571.745, "codzona": "P", "numquart": 13, "nomezona": "Saffi", "intersect_area": 10000.0 }, "geometry": { "type": "MultiPolygon", "coordinates": [ [ [ [ 1261811.083918832940981, 5543929.320480721071362 ], [ 1261811.083918832940981, 5543829.320480721071362 ], [ 1261711.083918832940981, 5543829.320480721071362 ], [ 1261711.083918832940981, 5543929.320480721071362 ], [ 1261811.083918832940981, 5543929.320480721071362 ] ] ] ] } },
{ "type": "Feature", "properties": { "id": 275, "left": 1261711.0839188329, "top": 5543829.3204807211, "right": 1261811.0839188329, "bottom": 5543729.3204807211, "row_index": 2, "col_index": 8, "area": 2668885.563, "perimeter": 7571.745, "codzona": "P", "numquart": 13, "nomezona": "Saffi", "intersect_area": 10000.0 }, "geometry": { "type": "MultiPolygon", "coordinates": [ [ [ [ 1261811.083918832940981, 5543829.320480721071362 ], [ 1261811.083918832940981, 5543729.320480721071362 ], [ 1261711.083918832940981, 5543729.320480721071362 ], [ 1261711.083918832940981, 5543829.320480721071362 ], [ 1261811.083918832940981, 5543829.320480721071362 ] ] ] ] } },
{ "type": "Feature", "properties": { "id": 276, "left": 1261711.0839188329, "top": 5543729.3204807211, "right": 1261811.0839188329, "bottom": 5543629.3204807211, "row_index": 3, "col_index": 8, "area": 2668885.563, "perimeter": 7571.745, "codzona": "P", "numquart": 13, "nomezona": "Saffi", "intersect_area": 7643.2500476241112 }, "geometry": { "type": "MultiPolygon", "coordinates": [ [ [ [ 1261811.083918832940981, 5543729.320480721071362 ], [ 1261811.083918832940981, 5543687.326741678640246 ], [ 1261767.688268666388467, 5543656.075206307694316 ], [ 1261728.994476740946993, 5543629.320480721071362 ], [ 1261711.083918832940981, 5543629.320480721071362 ], [ 1261711.083918832940981, 5543729.320480721071362 ], [ 1261811.083918832940981, 5543729.320480721071362 ] ] ] ] } },
{ "type": "Feature", "properties": { "id": 276, "left": 1261711.0839188329, "top": 5543729.3204807211, "right": 1261811.0839188329, "bottom": 5543629.3204807211, "row_index": 3, "col_index": 8, "area": 1058290.413, "perimeter": 4426.128, "codzona": "M", "numquart": 13, "nomezona": "Marconi", "intersect_area": 2356.7499523684382 }, "geometry": { "type": "MultiPolygon", "coordinates": [ [ [ [ 1261811.083918832940981, 5543629.320480721071362 ], [ 1261728.994476740946993, 5543629.320480721071362 ], [ 1261767.688268666388467, 5543656.075206307694316 ], [ 1261811.083918832940981, 5543687.326741678640246 ], [ 1261811.083918832940981, 5543629.320480721071362 ] ] ] ] } },
{ "type": "Feature", "properties": { "id": 277, "left": 1261711.0839188329, "top": 5543629.3204807211, "right": 1261811.0839188329, "bottom": 5543529.3204807211, "row_index": 4, "col_index": 8, "area": 2668885.563, "perimeter": 7571.745, "codzona": "P", "numquart": 13, "nomezona": "Saffi", "intersect_area": 110.90405911952257 }, "geometry": { "type": "MultiPolygon", "coordinates": [ [ [ [ 1261728.994476740946993, 5543629.320480721071362 ], [ 1261711.083918832940981, 5543616.936270280741155 ], [ 1261711.083918832940981, 5543629.320480721071362 ], [ 1261728.994476740946993, 5543629.320480721071362 ] ] ] ] } },
{ "type": "Feature", "properties": { "id": 277, "left": 1261711.0839188329, "top": 5543629.3204807211, "right": 1261811.0839188329, "bottom": 5543529.3204807211, "row_index": 4, "col_index": 8, "area": 1058290.413, "perimeter": 4426.128, "codzona": "M", "numquart": 13, "nomezona": "Marconi", "intersect_area": 9889.0959409177303 }, "geometry": { "type": "MultiPolygon", "coordinates": [ [ [ [ 1261811.083918832940981, 5543629.320480721071362 ], [ 1261811.083918832940981, 5543529.320480721071362 ], [ 1261711.083918832940981, 5543529.320480721071362 ], [ 1261711.083918832940981, 5543616.936270280741155 ], [ 1261728.994476740946993, 5543629.320480721071362 ], [ 1261811.083918832940981, 5543629.320480721071362 ] ] ] ] } },
{ "type": "Feature", "properties": { "id": 278, "left": 1261711.0839188329, "top": 5543529.3204807211, "right": 1261811.0839188329, "bottom": 5543429.3204807211, "row_index": 5, "col_index": 8, "area": 1058290.413, "perimeter": 4426.128, "codzona": "M", "numquart": 13, "nomezona": "Marconi", "intersect_area": 10000.0 }, "geometry": { "type": "MultiPolygon", "coordinates": [ [ [ [ 1261811.083918832940981, 5543529.320480721071362 ], [ 1261811.083918832940981, 5543429.320480721071362 ], [ 1261711.083918832940981, 5543429.320480721071362 ], [ 1261711.083918832940981, 5543529.320480721071362 ], [ 1261811.083918832940981, 5543529.320480721071362 ] ] ] ] } },
{ "type": "Feature", "properties": { "id": 279, "left": 1261711.0839188329, "top": 5543429.3204807211, "right": 1261811.0839188329, "bottom": 5543329.3204807211, "row_index": 6, "col_index": 8, "area": 1058290.413, "perimeter": 4426.128, "codzona": "M", "numquart": 13, "nomezona": "Marconi", "intersect_area": 10000.0 }, "geometry": { "type": "MultiPolygon", "coordinates": [ [ [ [ 1261811.083918832940981, 5543429.320480721071362 ], [ 1261811.083918832940981, 5543329.320480721071362 ], [ 1261711.083918832940981, 5543329.320480721071362 ], [ 1261711.083918832940981, 5543429.320480721071362 ], [ 1261811.083918832940981, 5543429.320480721071362 ] ] ] ] } },
{ "type": "Feature", "properties": { "id": 280, "left": 1261711.0839188329, "top": 5543329.3204807211, "right": 1261811.0839188329, "bottom": 5543229.3204807211, "row_index": 7, "col_index": 8, "area": 1058290.413, "perimeter": 4426.128, "codzona": "M", "numquart": 13, "nomezona": "Marconi", "intersect_area": 10000.0 }, "geometry": { "type": "MultiPolygon", "coordinates": [ [ [ [ 1261811.083918832940981, 5543329.320480721071362 ], [ 1261811.083918832940981, 5543229.320480721071362 ], [ 1261711.083918832940981, 5543229.320480721071362 ], [ 1261711.083918832940981, 5543329.320480721071362 ], [ 1261811.083918832940981, 5543329.320480721071362 ] ] ] ] } },
{ "type": "Feature", "properties": { "id": 281, "left": 1261711.0839188329, "top": 5543229.3204807211, "right": 1261811.0839188329, "bottom": 5543129.3204807211, "row_index": 8, "col_index": 8, "area": 1058290.413, "perimeter": 4426.128, "codzona": "M", "numquart": 13, "nomezona": "Marconi", "intersect_area": 10000.0 }, "geometry": { "type": "MultiPolygon", "coordinates": [ [ [ [ 1261811.083918832940981, 5543229.320480721071362 ], [ 1261811.083918832940981, 5543129.320480721071362 ], [ 1261711.083918832940981, 5543129.320480721071362 ], [ 1261711.083918832940981, 5543229.320480721071362 ], [ 1261811.083918832940981, 5543229.320480721071362 ] ] ] ] } },
{ "type": "Feature", "properties": { "id": 282, "left": 1261711.0839188329, "top": 5543129.3204807211, "right": 1261811.0839188329, "bottom": 5543029.3204807211, "row_index": 9, "col_index": 8, "area": 1058290.413, "perimeter": 4426.128, "codzona": "M", "numquart": 13, "nomezona": "Marconi", "intersect_area": 10000.0 }, "geometry": { "type": "MultiPolygon", "coordinates": [ [ [ [ 1261811.083918832940981, 5543129.320480721071362 ], [ 1261811.083918832940981, 5543029.320480721071362 ], [ 1261711.083918832940981, 5543029.320480721071362 ], [ 1261711.083918832940981, 5543129.320480721071362 ], [ 1261811.083918832940981, 5543129.320480721071362 ] ] ] ] } },
{ "type": "Feature", "properties": { "id": 283, "left": 1261711.0839188329, "top": 5543029.3204807211, "right": 1261811.0839188329, "bottom": 5542929.3204807211, "row_index": 10, "col_index": 8, "area": 1058290.413, "perimeter": 4426.128, "codzona": "M", "numquart": 13, "nomezona": "Marconi", "intersect_area": 10000.0 }, "geometry": { "type": "MultiPolygon", "coordinates": [ [ [ [ 1261811.083918832940981, 5543029.320480721071362 ], [ 1261811.083918832940981, 5542929.320480721071362 ], [ 1261711.083918832940981, 5542929.320480721071362 ], [ 1261711.083918832940981, 5543029.320480721071362 ], [ 1261811.083918832940981, 5543029.320480721071362 ] ] ] ] } },
{ "type": "Feature", "properties": { "id": 284, "left": 1261711.0839188329, "top": 5542929.3204807211, "right": 1261811.0839188329, "bottom": 5542829.3204807211, "row_index": 11, "col_index": 8, "area": 1058290.413, "perimeter": 4426.128, "codzona": "M", "numquart": 13, "nomezona": "Marconi", "intersect_area": 10000.0 }, "geometry": { "type": "MultiPolygon", "coordinates": [ [ [ [ 1261811.083918832940981, 5542929.320480721071362 ], [ 1261811.083918832940981, 5542829.320480721071362 ], [ 1261711.083918832940981, 5542829.320480721071362 ], [ 1261711.083918832940981, 5542929.320480721071362 ], [ 1261811.083918832940981, 5542929.320480721071362 ] ] ] ] } },
{ "type": "Feature", "properties": { "id": 285, "left": 1261711.0839188329, "top": 5542829.3204807211, "right": 1261811.0839188329, "bottom": 5542729.3204807211, "row_index": 12, "col_index": 8, "area": 1058290.413, "perimeter": 4426.128, "codzona": "M", "numquart": 13, "nomezona": "Marconi", "intersect_area": 10000.0 }, "geometry": { "type": "MultiPolygon", "coordinates": [ [ [ [ 1261811.083918832940981, 5542829.320480721071362 ], [ 1261811.083918832940981, 5542729.320480721071362 ], [ 1261711.083918832940981, 5542729.320480721071362 ], [ 1261711.083918832940981, 5542829.320480721071362 ], [ 1261811.083918832940981, 5542829.320480721071362 ] ] ] ] } },
{ "type": "Feature", "properties": { "id": 286, "left": 1261711.0839188329, "top": 5542729.3204807211, "right": 1261811.0839188329, "bottom": 5542629.3204807211, "row_index": 13, "col_index": 8, "area": 959599.953, "perimeter": 4269.096, "codzona": "L", "numquart": 13, "nomezona": "Malpighi", "intersect_area": 331.58249418437481 }, "geometry": { "type": "MultiPolygon", "coordinates": [ [ [ [ 1261711.083918832940981, 5542629.320480721071362 ], [ 1261711.083918832940981, 5542647.488115024752915 ], [ 1261747.586469318019226, 5542629.320480721071362 ], [ 1261711.083918832940981, 5542629.320480721071362 ] ] ] ] } },
{ "type": "Feature", "properties": { "id": 286, "left": 1261711.0839188329, "top": 5542729.3204807211, "right": 1261811.0839188329, "bottom": 5542629.3204807211, "row_index": 13, "col_index": 8, "area": 1058290.413, "perimeter": 4426.128, "codzona": "M", "numquart": 13, "nomezona": "Marconi", "intersect_area": 9668.417505800724 }, "geometry": { "type": "MultiPolygon", "coordinates": [ [ [ [ 1261811.083918832940981, 5542729.320480721071362 ], [ 1261811.083918832940981, 5542629.320480721071362 ], [ 1261747.586469318019226, 5542629.320480721071362 ], [ 1261711.083918832940981, 5542647.488115024752915 ], [ 1261711.083918832940981, 5542729.320480721071362 ], [ 1261811.083918832940981, 5542729.320480721071362 ] ] ] ] } },
{ "type": "Feature", "properties": { "id": 287, "left": 1261711.0839188329, "top": 5542629.3204807211, "right": 1261811.0839188329, "bottom": 5542529.3204807211, "row_index": 14, "col_index": 8, "area": 959599.953, "perimeter": 4269.096, "codzona": "L", "numquart": 13, "nomezona": "Malpighi", "intersect_area": 8999.0501780062914 }, "geometry": { "type": "MultiPolygon", "coordinates": [ [ [ [ 1261747.586469318019226, 5542629.320480721071362 ], [ 1261797.907739124260843, 5542604.275150589644909 ], [ 1261811.083918832940981, 5542598.083425104618073 ], [ 1261811.083918832940981, 5542529.320480721071362 ], [ 1261711.083918832940981, 5542529.320480721071362 ], [ 1261711.083918832940981, 5542629.320480721071362 ], [ 1261747.586469318019226, 5542629.320480721071362 ] ] ] ] } },
{ "type": "Feature", "properties": { "id": 287, "left": 1261711.0839188329, "top": 5542629.3204807211, "right": 1261811.0839188329, "bottom": 5542529.3204807211, "row_index": 14, "col_index": 8, "area": 1058290.413, "perimeter": 4426.128, "codzona": "M", "numquart": 13, "nomezona": "Marconi", "intersect_area": 1000.9498220086098 }, "geometry": { "type": "MultiPolygon", "coordinates": [ [ [ [ 1261811.083918832940981, 5542629.320480721071362 ], [ 1261811.083918832940981, 5542598.083425104618073 ], [ 1261797.907739124260843, 5542604.275150589644909 ], [ 1261747.586469318019226, 5542629.320480721071362 ], [ 1261811.083918832940981, 5542629.320480721071362 ] ] ] ] } },
{ "type": "Feature", "properties": { "id": 288, "left": 1261711.0839188329, "top": 5542529.3204807211, "right": 1261811.0839188329, "bottom": 5542429.3204807211, "row_index": 15, "col_index": 8, "area": 959599.953, "perimeter": 4269.096, "codzona": "L", "numquart": 13, "nomezona": "Malpighi", "intersect_area": 10000.0 }, "geometry": { "type": "MultiPolygon", "coordinates": [ [ [ [ 1261811.083918832940981, 5542529.320480721071362 ], [ 1261811.083918832940981, 5542429.320480721071362 ], [ 1261711.083918832940981, 5542429.320480721071362 ], [ 1261711.083918832940981, 5542529.320480721071362 ], [ 1261811.083918832940981, 5542529.320480721071362 ] ] ] ] } },
{ "type": "Feature", "properties": { "id": 289, "left": 1261711.0839188329, "top": 5542429.3204807211, "right": 1261811.0839188329, "bottom": 5542329.3204807211, "row_index": 16, "col_index": 8, "area": 959599.953, "perimeter": 4269.096, "codzona": "L", "numquart": 13, "nomezona": "Malpighi", "intersect_area": 10000.0 }, "geometry": { "type": "MultiPolygon", "coordinates": [ [ [ [ 1261811.083918832940981, 5542429.320480721071362 ], [ 1261811.083918832940981, 5542329.320480721071362 ], [ 1261711.083918832940981, 5542329.320480721071362 ], [ 1261711.083918832940981, 5542429.320480721071362 ], [ 1261811.083918832940981, 5542429.320480721071362 ] ] ] ] } },
{ "type": "Feature", "properties": { "id": 290, "left": 1261711.0839188329, "top": 5542329.3204807211, "right": 1261811.0839188329, "bottom": 5542229.3204807211, "row_index": 17, "col_index": 8, "area": 959599.953, "perimeter": 4269.096, "codzona": "L", "numquart": 13, "nomezona": "Malpighi", "intersect_area": 10000.0 }, "geometry": { "type": "MultiPolygon", "coordinates": [ [ [ [ 1261811.083918832940981, 5542329.320480721071362 ], [ 1261811.083918832940981, 5542229.320480721071362 ], [ 1261711.083918832940981, 5542229.320480721071362 ], [ 1261711.083918832940981, 5542329.320480721071362 ], [ 1261811.083918832940981, 5542329.320480721071362 ] ] ] ] } },
{ "type": "Feature", "properties": { "id": 291, "left": 1261711.0839188329, "top": 5542229.3204807211, "right": 1261811.0839188329, "bottom": 5542129.3204807211, "row_index": 18, "col_index": 8, "area": 959599.953, "perimeter": 4269.096, "codzona": "L", "numquart": 13, "nomezona": "Malpighi", "intersect_area": 10000.0 }, "geometry": { "type": "MultiPolygon", "coordinates": [ [ [ [ 1261811.083918832940981, 5542229.320480721071362 ], [ 1261811.083918832940981, 5542129.320480721071362 ], [ 1261711.083918832940981, 5542129.320480721071362 ], [ 1261711.083918832940981, 5542229.320480721071362 ], [ 1261811.083918832940981, 5542229.320480721071362 ] ] ] ] } },
{ "type": "Feature", "properties": { "id": 292, "left": 1261711.0839188329, "top": 5542129.3204807211, "right": 1261811.0839188329, "bottom": 5542029.3204807211, "row_index": 19, "col_index": 8, "area": 959599.953, "perimeter": 4269.096, "codzona": "L", "numquart": 13, "nomezona": "Malpighi", "intersect_area": 10000.0 }, "geometry": { "type": "MultiPolygon", "coordinates": [ [ [ [ 1261811.083918832940981, 5542129.320480721071362 ], [ 1261811.083918832940981, 5542029.320480721071362 ], [ 1261711.083918832940981, 5542029.320480721071362 ], [ 1261711.083918832940981, 5542129.320480721071362 ], [ 1261811.083918832940981, 5542129.320480721071362 ] ] ] ] } },
{ "type": "Feature", "properties": { "id": 293, "left": 1261711.0839188329, "top": 5542029.3204807211, "right": 1261811.0839188329, "bottom": 5541929.3204807211, "row_index": 20, "col_index": 8, "area": 959599.953, "perimeter": 4269.096, "codzona": "L", "numquart": 13, "nomezona": "Malpighi", "intersect_area": 10000.0 }, "geometry": { "type": "MultiPolygon", "coordinates": [ [ [ [ 1261811.083918832940981, 5542029.320480721071362 ], [ 1261811.083918832940981, 5541929.320480721071362 ], [ 1261711.083918832940981, 5541929.320480721071362 ], [ 1261711.083918832940981, 5542029.320480721071362 ], [ 1261811.083918832940981, 5542029.320480721071362 ] ] ] ] } },
{ "type": "Feature", "properties": { "id": 294, "left": 1261711.0839188329, "top": 5541929.3204807211, "right": 1261811.0839188329, "bottom": 5541829.3204807211, "row_index": 21, "col_index": 8, "area": 959599.953, "perimeter": 4269.096, "codzona": "L", "numquart": 13, "nomezona": "Malpighi", "intersect_area": 10000.0 }, "geometry": { "type": "MultiPolygon", "coordinates": [ [ [ [ 1261811.083918832940981, 5541929.320480721071362 ], [ 1261811.083918832940981, 5541829.320480721071362 ], [ 1261711.083918832940981, 5541829.320480721071362 ], [ 1261711.083918832940981, 5541929.320480721071362 ], [ 1261811.083918832940981, 5541929.320480721071362 ] ] ] ] } },
{ "type": "Feature", "properties": { "id": 295, "left": 1261711.0839188329, "top": 5541829.3204807211, "right": 1261811.0839188329, "bottom": 5541729.3204807211, "row_index": 22, "col_index": 8, "area": 959599.953, "perimeter": 4269.096, "codzona": "L", "numquart": 13, "nomezona": "Malpighi", "intersect_area": 10000.0 }, "geometry": { "type": "MultiPolygon", "coordinates": [ [ [ [ 1261811.083918832940981, 5541829.320480721071362 ], [ 1261811.083918832940981, 5541729.320480721071362 ], [ 1261711.083918832940981, 5541729.320480721071362 ], [ 1261711.083918832940981, 5541829.320480721071362 ], [ 1261811.083918832940981, 5541829.320480721071362 ] ] ] ] } },
{ "type": "Feature", "properties": { "id": 296, "left": 1261711.0839188329, "top": 5541729.3204807211, "right": 1261811.0839188329, "bottom": 5541629.3204807211, "row_index": 23, "col_index": 8, "area": 959599.953, "perimeter": 4269.096, "codzona": "L", "numquart": 13, "nomezona": "Malpighi", "intersect_area": 10000.0 }, "geometry": { "type": "MultiPolygon", "coordinates": [ [ [ [ 1261811.083918832940981, 5541729.320480721071362 ], [ 1261811.083918832940981, 5541629.320480721071362 ], [ 1261711.083918832940981, 5541629.320480721071362 ], [ 1261711.083918832940981, 5541729.320480721071362 ], [ 1261811.083918832940981, 5541729.320480721071362 ] ] ] ] } },
{ "type": "Feature", "properties": { "id": 297, "left": 1261711.0839188329, "top": 5541629.3204807211, "right": 1261811.0839188329, "bottom": 5541529.3204807211, "row_index": 24, "col_index": 8, "area": 959599.953, "perimeter": 4269.096, "codzona": "L", "numquart": 13, "nomezona": "Malpighi", "intersect_area": 10000.0 }, "geometry": { "type": "MultiPolygon", "coordinates": [ [ [ [ 1261811.083918832940981, 5541629.320480721071362 ], [ 1261811.083918832940981, 5541529.320480721071362 ], [ 1261711.083918832940981, 5541529.320480721071362 ], [ 1261711.083918832940981, 5541629.320480721071362 ], [ 1261811.083918832940981, 5541629.320480721071362 ] ] ] ] } },
{ "type": "Feature", "properties": { "id": 298, "left": 1261711.0839188329, "top": 5541529.3204807211, "right": 1261811.0839188329, "bottom": 5541429.3204807211, "row_index": 25, "col_index": 8, "area": 959599.953, "perimeter": 4269.096, "codzona": "L", "numquart": 13, "nomezona": "Malpighi", "intersect_area": 10000.0 }, "geometry": { "type": "MultiPolygon", "coordinates": [ [ [ [ 1261811.083918832940981, 5541529.320480721071362 ], [ 1261811.083918832940981, 5541429.320480721071362 ], [ 1261711.083918832940981, 5541429.320480721071362 ], [ 1261711.083918832940981, 5541529.320480721071362 ], [ 1261811.083918832940981, 5541529.320480721071362 ] ] ] ] } },
{ "type": "Feature", "properties": { "id": 299, "left": 1261711.0839188329, "top": 5541429.3204807211, "right": 1261811.0839188329, "bottom": 5541329.3204807211, "row_index": 26, "col_index": 8, "area": 24725141.879000001, "perimeter": 30542.734, "codzona": "D", "numquart": 15, "nomezona": "Colli", "intersect_area": 369.15604293346405 }, "geometry": { "type": "MultiPolygon", "coordinates": [ [ [ [ 1261711.083918832940981, 5541329.320480721071362 ], [ 1261711.083918832940981, 5541349.341627571731806 ], [ 1261746.861834790557623, 5541329.917532525956631 ], [ 1261747.926913510076702, 5541329.320480721071362 ], [ 1261711.083918832940981, 5541329.320480721071362 ] ] ] ] } },
{ "type": "Feature", "properties": { "id": 299, "left": 1261711.0839188329, "top": 5541429.3204807211, "right": 1261811.0839188329, "bottom": 5541329.3204807211, "row_index": 26, "col_index": 8, "area": 959599.953, "perimeter": 4269.096, "codzona": "L", "numquart": 13, "nomezona": "Malpighi", "intersect_area": 9630.8439570665359 }, "geometry": { "type": "MultiPolygon", "coordinates": [ [ [ [ 1261811.083918832940981, 5541429.320480721071362 ], [ 1261811.083918832940981, 5541329.320480721071362 ], [ 1261747.926913510076702, 5541329.320480721071362 ], [ 1261746.861834790557623, 5541329.917532525956631 ], [ 1261711.083918832940981, 5541349.341627571731806 ], [ 1261711.083918832940981, 5541429.320480721071362 ], [ 1261811.083918832940981, 5541429.320480721071362 ] ] ] ] } },
{ "type": "Feature", "properties": { "id": 300, "left": 1261711.0839188329, "top": 5541329.3204807211, "right": 1261811.0839188329, "bottom": 5541229.3204807211, "row_index": 27, "col_index": 8, "area": 24725141.879000001, "perimeter": 30542.734, "codzona": "D", "numquart": 15, "nomezona": "Colli", "intersect_area": 8907.5482498258352 }, "geometry": { "type": "MultiPolygon", "coordinates": [ [ [ [ 1261747.926913510076702, 5541329.320480721071362 ], [ 1261760.806796033633873, 5541322.100397392176092 ], [ 1261811.083918832940981, 5541294.93297875393182 ], [ 1261811.083918832940981, 5541229.320480721071362 ], [ 1261711.083918832940981, 5541229.320480721071362 ], [ 1261711.083918832940981, 5541329.320480721071362 ], [ 1261747.926913510076702, 5541329.320480721071362 ] ] ] ] } },
{ "type": "Feature", "properties": { "id": 300, "left": 1261711.0839188329, "top": 5541329.3204807211, "right": 1261811.0839188329, "bottom": 5541229.3204807211, "row_index": 27, "col_index": 8, "area": 959599.953, "perimeter": 4269.096, "codzona": "L", "numquart": 13, "nomezona": "Malpighi", "intersect_area": 1092.4517501890659 }, "geometry": { "type": "MultiPolygon", "coordinates": [ [ [ [ 1261811.083918832940981, 5541329.320480721071362 ], [ 1261811.083918832940981, 5541294.93297875393182 ], [ 1261760.806796033633873, 5541322.100397392176092 ], [ 1261747.926913510076702, 5541329.320480721071362 ], [ 1261811.083918832940981, 5541329.320480721071362 ] ] ] ] } },
{ "type": "Feature", "properties": { "id": 301, "left": 1261711.0839188329, "top": 5541229.3204807211, "right": 1261811.0839188329, "bottom": 5541129.3204807211, "row_index": 28, "col_index": 8, "area": 24725141.879000001, "perimeter": 30542.734, "codzona": "D", "numquart": 15, "nomezona": "Colli", "intersect_area": 10000.0 }, "geometry": { "type": "MultiPolygon", "coordinates": [ [ [ [ 1261811.083918832940981, 5541229.320480721071362 ], [ 1261811.083918832940981, 5541129.320480721071362 ], [ 1261711.083918832940981, 5541129.320480721071362 ], [ 1261711.083918832940981, 5541229.320480721071362 ], [ 1261811.083918832940981, 5541229.320480721071362 ] ] ] ] } },
{ "type": "Feature", "properties": { "id": 302, "left": 1261711.0839188329, "top": 5541129.3204807211, "right": 1261811.0839188329, "bottom": 5541029.3204807211, "row_index": 29, "col_index": 8, "area": 24725141.879000001, "perimeter": 30542.734, "codzona": "D", "numquart": 15, "nomezona": "Colli", "intersect_area": 10000.0 }, "geometry": { "type": "MultiPolygon", "coordinates": [ [ [ [ 1261811.083918832940981, 5541129.320480721071362 ], [ 1261811.083918832940981, 5541029.320480721071362 ], [ 1261711.083918832940981, 5541029.320480721071362 ], [ 1261711.083918832940981, 5541129.320480721071362 ], [ 1261811.083918832940981, 5541129.320480721071362 ] ] ] ] } },
{ "type": "Feature", "properties": { "id": 303, "left": 1261711.0839188329, "top": 5541029.3204807211, "right": 1261811.0839188329, "bottom": 5540929.3204807211, "row_index": 30, "col_index": 8, "area": 24725141.879000001, "perimeter": 30542.734, "codzona": "D", "numquart": 15, "nomezona": "Colli", "intersect_area": 10000.0 }, "geometry": { "type": "MultiPolygon", "coordinates": [ [ [ [ 1261811.083918832940981, 5541029.320480721071362 ], [ 1261811.083918832940981, 5540929.320480721071362 ], [ 1261711.083918832940981, 5540929.320480721071362 ], [ 1261711.083918832940981, 5541029.320480721071362 ], [ 1261811.083918832940981, 5541029.320480721071362 ] ] ] ] } },
{ "type": "Feature", "properties": { "id": 304, "left": 1261711.0839188329, "top": 5540929.3204807211, "right": 1261811.0839188329, "bottom": 5540829.3204807211, "row_index": 31, "col_index": 8, "area": 24725141.879000001, "perimeter": 30542.734, "codzona": "D", "numquart": 15, "nomezona": "Colli", "intersect_area": 10000.0 }, "geometry": { "type": "MultiPolygon", "coordinates": [ [ [ [ 1261811.083918832940981, 5540929.320480721071362 ], [ 1261811.083918832940981, 5540829.320480721071362 ], [ 1261711.083918832940981, 5540829.320480721071362 ], [ 1261711.083918832940981, 5540929.320480721071362 ], [ 1261811.083918832940981, 5540929.320480721071362 ] ] ] ] } },
{ "type": "Feature", "properties": { "id": 305, "left": 1261711.0839188329, "top": 5540829.3204807211, "right": 1261811.0839188329, "bottom": 5540729.3204807211, "row_index": 32, "col_index": 8, "area": 24725141.879000001, "perimeter": 30542.734, "codzona": "D", "numquart": 15, "nomezona": "Colli", "intersect_area": 10000.0 }, "geometry": { "type": "MultiPolygon", "coordinates": [ [ [ [ 1261811.083918832940981, 5540829.320480721071362 ], [ 1261811.083918832940981, 5540729.320480721071362 ], [ 1261711.083918832940981, 5540729.320480721071362 ], [ 1261711.083918832940981, 5540829.320480721071362 ], [ 1261811.083918832940981, 5540829.320480721071362 ] ] ] ] } },
{ "type": "Feature", "properties": { "id": 306, "left": 1261711.0839188329, "top": 5540729.3204807211, "right": 1261811.0839188329, "bottom": 5540629.3204807211, "row_index": 33, "col_index": 8, "area": 24725141.879000001, "perimeter": 30542.734, "codzona": "D", "numquart": 15, "nomezona": "Colli", "intersect_area": 10000.0 }, "geometry": { "type": "MultiPolygon", "coordinates": [ [ [ [ 1261811.083918832940981, 5540729.320480721071362 ], [ 1261811.083918832940981, 5540629.320480721071362 ], [ 1261711.083918832940981, 5540629.320480721071362 ], [ 1261711.083918832940981, 5540729.320480721071362 ], [ 1261811.083918832940981, 5540729.320480721071362 ] ] ] ] } },
{ "type": "Feature", "properties": { "id": 307, "left": 1261811.0839188329, "top": 5544029.3204807211, "right": 1261911.0839188329, "bottom": 5543929.3204807211, "row_index": 0, "col_index": 9, "area": 2668885.563, "perimeter": 7571.745, "codzona": "P", "numquart": 13, "nomezona": "Saffi", "intersect_area": 10000.0 }, "geometry": { "type": "MultiPolygon", "coordinates": [ [ [ [ 1261911.083918832940981, 5544029.320480721071362 ], [ 1261911.083918832940981, 5543929.320480721071362 ], [ 1261811.083918832940981, 5543929.320480721071362 ], [ 1261811.083918832940981, 5544029.320480721071362 ], [ 1261911.083918832940981, 5544029.320480721071362 ] ] ] ] } },
{ "type": "Feature", "properties": { "id": 308, "left": 1261811.0839188329, "top": 5543929.3204807211, "right": 1261911.0839188329, "bottom": 5543829.3204807211, "row_index": 1, "col_index": 9, "area": 2668885.563, "perimeter": 7571.745, "codzona": "P", "numquart": 13, "nomezona": "Saffi", "intersect_area": 10000.0 }, "geometry": { "type": "MultiPolygon", "coordinates": [ [ [ [ 1261911.083918832940981, 5543929.320480721071362 ], [ 1261911.083918832940981, 5543829.320480721071362 ], [ 1261811.083918832940981, 5543829.320480721071362 ], [ 1261811.083918832940981, 5543929.320480721071362 ], [ 1261911.083918832940981, 5543929.320480721071362 ] ] ] ] } },
{ "type": "Feature", "properties": { "id": 309, "left": 1261811.0839188329, "top": 5543829.3204807211, "right": 1261911.0839188329, "bottom": 5543729.3204807211, "row_index": 2, "col_index": 9, "area": 2668885.563, "perimeter": 7571.745, "codzona": "P", "numquart": 13, "nomezona": "Saffi", "intersect_area": 9374.2321715354919 }, "geometry": { "type": "MultiPolygon", "coordinates": [ [ [ [ 1261911.083918832940981, 5543829.320480721071362 ], [ 1261911.083918832940981, 5543759.34210554882884 ], [ 1261869.396113322116435, 5543729.320480721071362 ], [ 1261811.083918832940981, 5543729.320480721071362 ], [ 1261811.083918832940981, 5543829.320480721071362 ], [ 1261911.083918832940981, 5543829.320480721071362 ] ] ] ] } },
{ "type": "Feature", "properties": { "id": 309, "left": 1261811.0839188329, "top": 5543829.3204807211, "right": 1261911.0839188329, "bottom": 5543729.3204807211, "row_index": 2, "col_index": 9, "area": 1058290.413, "perimeter": 4426.128, "codzona": "M", "numquart": 13, "nomezona": "Marconi", "intersect_area": 625.76782846823335 }, "geometry": { "type": "MultiPolygon", "coordinates": [ [ [ [ 1261911.083918832940981, 5543729.320480721071362 ], [ 1261869.396113322116435, 5543729.320480721071362 ], [ 1261911.083918832940981, 5543759.34210554882884 ], [ 1261911.083918832940981, 5543729.320480721071362 ] ] ] ] } },
{ "type": "Feature", "properties": { "id": 310, "left": 1261811.0839188329, "top": 5543729.3204807211, "right": 1261911.0839188329, "bottom": 5543629.3204807211, "row_index": 3, "col_index": 9, "area": 2668885.563, "perimeter": 7571.745, "codzona": "P", "numquart": 13, "nomezona": "Saffi", "intersect_area": 1224.3735391795635 }, "geometry": { "type": "MultiPolygon", "coordinates": [ [ [ [ 1261869.396113322116435, 5543729.320480721071362 ], [ 1261811.083918832940981, 5543687.326741678640246 ], [ 1261811.083918832940981, 5543729.320480721071362 ], [ 1261869.396113322116435, 5543729.320480721071362 ] ] ] ] } },
{ "type": "Feature", "properties": { "id": 310, "left": 1261811.0839188329, "top": 5543729.3204807211, "right": 1261911.0839188329, "bottom": 5543629.3204807211, "row_index": 3, "col_index": 9, "area": 1058290.413, "perimeter": 4426.128, "codzona": "M", "numquart": 13, "nomezona": "Marconi", "intersect_area": 8775.6264608204365 }, "geometry": { "type": "MultiPolygon", "coordinates": [ [ [ [ 1261911.083918832940981, 5543729.320480721071362 ], [ 1261911.083918832940981, 5543629.320480721071362 ], [ 1261811.083918832940981, 5543629.320480721071362 ], [ 1261811.083918832940981, 5543687.326741678640246 ], [ 1261869.396113322116435, 5543729.320480721071362 ], [ 1261911.083918832940981, 5543729.320480721071362 ] ] ] ] } },
{ "type": "Feature", "properties": { "id": 311, "left": 1261811.0839188329, "top": 5543629.3204807211, "right": 1261911.0839188329, "bottom": 5543529.3204807211, "row_index": 4, "col_index": 9, "area": 1058290.413, "perimeter": 4426.128, "codzona": "M", "numquart": 13, "nomezona": "Marconi", "intersect_area": 10000.0 }, "geometry": { "type": "MultiPolygon", "coordinates": [ [ [ [ 1261911.083918832940981, 5543629.320480721071362 ], [ 1261911.083918832940981, 5543529.320480721071362 ], [ 1261811.083918832940981, 5543529.320480721071362 ], [ 1261811.083918832940981, 5543629.320480721071362 ], [ 1261911.083918832940981, 5543629.320480721071362 ] ] ] ] } },
{ "type": "Feature", "properties": { "id": 312, "left": 1261811.0839188329, "top": 5543529.3204807211, "right": 1261911.0839188329, "bottom": 5543429.3204807211, "row_index": 5, "col_index": 9, "area": 1058290.413, "perimeter": 4426.128, "codzona": "M", "numquart": 13, "nomezona": "Marconi", "intersect_area": 10000.0 }, "geometry": { "type": "MultiPolygon", "coordinates": [ [ [ [ 1261911.083918832940981, 5543529.320480721071362 ], [ 1261911.083918832940981, 5543429.320480721071362 ], [ 1261811.083918832940981, 5543429.320480721071362 ], [ 1261811.083918832940981, 5543529.320480721071362 ], [ 1261911.083918832940981, 5543529.320480721071362 ] ] ] ] } },
{ "type": "Feature", "properties": { "id": 313, "left": 1261811.0839188329, "top": 5543429.3204807211, "right": 1261911.0839188329, "bottom": 5543329.3204807211, "row_index": 6, "col_index": 9, "area": 1058290.413, "perimeter": 4426.128, "codzona": "M", "numquart": 13, "nomezona": "Marconi", "intersect_area": 10000.0 }, "geometry": { "type": "MultiPolygon", "coordinates": [ [ [ [ 1261911.083918832940981, 5543429.320480721071362 ], [ 1261911.083918832940981, 5543329.320480721071362 ], [ 1261811.083918832940981, 5543329.320480721071362 ], [ 1261811.083918832940981, 5543429.320480721071362 ], [ 1261911.083918832940981, 5543429.320480721071362 ] ] ] ] } },
{ "type": "Feature", "properties": { "id": 314, "left": 1261811.0839188329, "top": 5543329.3204807211, "right": 1261911.0839188329, "bottom": 5543229.3204807211, "row_index": 7, "col_index": 9, "area": 1058290.413, "perimeter": 4426.128, "codzona": "M", "numquart": 13, "nomezona": "Marconi", "intersect_area": 10000.0 }, "geometry": { "type": "MultiPolygon", "coordinates": [ [ [ [ 1261911.083918832940981, 5543329.320480721071362 ], [ 1261911.083918832940981, 5543229.320480721071362 ], [ 1261811.083918832940981, 5543229.320480721071362 ], [ 1261811.083918832940981, 5543329.320480721071362 ], [ 1261911.083918832940981, 5543329.320480721071362 ] ] ] ] } },
{ "type": "Feature", "properties": { "id": 315, "left": 1261811.0839188329, "top": 5543229.3204807211, "right": 1261911.0839188329, "bottom": 5543129.3204807211, "row_index": 8, "col_index": 9, "area": 1058290.413, "perimeter": 4426.128, "codzona": "M", "numquart": 13, "nomezona": "Marconi", "intersect_area": 10000.0 }, "geometry": { "type": "MultiPolygon", "coordinates": [ [ [ [ 1261911.083918832940981, 5543229.320480721071362 ], [ 1261911.083918832940981, 5543129.320480721071362 ], [ 1261811.083918832940981, 5543129.320480721071362 ], [ 1261811.083918832940981, 5543229.320480721071362 ], [ 1261911.083918832940981, 5543229.320480721071362 ] ] ] ] } },
{ "type": "Feature", "properties": { "id": 316, "left": 1261811.0839188329, "top": 5543129.3204807211, "right": 1261911.0839188329, "bottom": 5543029.3204807211, "row_index": 9, "col_index": 9, "area": 1058290.413, "perimeter": 4426.128, "codzona": "M", "numquart": 13, "nomezona": "Marconi", "intersect_area": 10000.0 }, "geometry": { "type": "MultiPolygon", "coordinates": [ [ [ [ 1261911.083918832940981, 5543129.320480721071362 ], [ 1261911.083918832940981, 5543029.320480721071362 ], [ 1261811.083918832940981, 5543029.320480721071362 ], [ 1261811.083918832940981, 5543129.320480721071362 ], [ 1261911.083918832940981, 5543129.320480721071362 ] ] ] ] } },
{ "type": "Feature", "properties": { "id": 317, "left": 1261811.0839188329, "top": 5543029.3204807211, "right": 1261911.0839188329, "bottom": 5542929.3204807211, "row_index": 10, "col_index": 9, "area": 1058290.413, "perimeter": 4426.128, "codzona": "M", "numquart": 13, "nomezona": "Marconi", "intersect_area": 10000.0 }, "geometry": { "type": "MultiPolygon", "coordinates": [ [ [ [ 1261911.083918832940981, 5543029.320480721071362 ], [ 1261911.083918832940981, 5542929.320480721071362 ], [ 1261811.083918832940981, 5542929.320480721071362 ], [ 1261811.083918832940981, 5543029.320480721071362 ], [ 1261911.083918832940981, 5543029.320480721071362 ] ] ] ] } },
{ "type": "Feature", "properties": { "id": 318, "left": 1261811.0839188329, "top": 5542929.3204807211, "right": 1261911.0839188329, "bottom": 5542829.3204807211, "row_index": 11, "col_index": 9, "area": 1058290.413, "perimeter": 4426.128, "codzona": "M", "numquart": 13, "nomezona": "Marconi", "intersect_area": 10000.0 }, "geometry": { "type": "MultiPolygon", "coordinates": [ [ [ [ 1261911.083918832940981, 5542929.320480721071362 ], [ 1261911.083918832940981, 5542829.320480721071362 ], [ 1261811.083918832940981, 5542829.320480721071362 ], [ 1261811.083918832940981, 5542929.320480721071362 ], [ 1261911.083918832940981, 5542929.320480721071362 ] ] ] ] } },
{ "type": "Feature", "properties": { "id": 319, "left": 1261811.0839188329, "top": 5542829.3204807211, "right": 1261911.0839188329, "bottom": 5542729.3204807211, "row_index": 12, "col_index": 9, "area": 1058290.413, "perimeter": 4426.128, "codzona": "M", "numquart": 13, "nomezona": "Marconi", "intersect_area": 10000.0 }, "geometry": { "type": "MultiPolygon", "coordinates": [ [ [ [ 1261911.083918832940981, 5542829.320480721071362 ], [ 1261911.083918832940981, 5542729.320480721071362 ], [ 1261811.083918832940981, 5542729.320480721071362 ], [ 1261811.083918832940981, 5542829.320480721071362 ], [ 1261911.083918832940981, 5542829.320480721071362 ] ] ] ] } },
{ "type": "Feature", "properties": { "id": 320, "left": 1261811.0839188329, "top": 5542729.3204807211, "right": 1261911.0839188329, "bottom": 5542629.3204807211, "row_index": 13, "col_index": 9, "area": 1058290.413, "perimeter": 4426.128, "codzona": "M", "numquart": 13, "nomezona": "Marconi", "intersect_area": 10000.0 }, "geometry": { "type": "MultiPolygon", "coordinates": [ [ [ [ 1261911.083918832940981, 5542729.320480721071362 ], [ 1261911.083918832940981, 5542629.320480721071362 ], [ 1261811.083918832940981, 5542629.320480721071362 ], [ 1261811.083918832940981, 5542729.320480721071362 ], [ 1261911.083918832940981, 5542729.320480721071362 ] ] ] ] } },
{ "type": "Feature", "properties": { "id": 321, "left": 1261811.0839188329, "top": 5542629.3204807211, "right": 1261911.0839188329, "bottom": 5542529.3204807211, "row_index": 14, "col_index": 9, "area": 959599.953, "perimeter": 4269.096, "codzona": "L", "numquart": 13, "nomezona": "Malpighi", "intersect_area": 4526.3396707698703 }, "geometry": { "type": "MultiPolygon", "coordinates": [ [ [ [ 1261911.083918832940981, 5542529.320480721071362 ], [ 1261811.083918832940981, 5542529.320480721071362 ], [ 1261811.083918832940981, 5542598.083425104618073 ], [ 1261904.381248405668885, 5542554.24132018443197 ], [ 1261911.083918832940981, 5542550.982937845401466 ], [ 1261911.083918832940981, 5542529.320480721071362 ] ] ] ] } },
{ "type": "Feature", "properties": { "id": 321, "left": 1261811.0839188329, "top": 5542629.3204807211, "right": 1261911.0839188329, "bottom": 5542529.3204807211, "row_index": 14, "col_index": 9, "area": 1058290.413, "perimeter": 4426.128, "codzona": "M", "numquart": 13, "nomezona": "Marconi", "intersect_area": 5473.6603292226791 }, "geometry": { "type": "MultiPolygon", "coordinates": [ [ [ [ 1261911.083918832940981, 5542629.320480721071362 ], [ 1261911.083918832940981, 5542550.982937845401466 ], [ 1261904.381248405668885, 5542554.24132018443197 ], [ 1261811.083918832940981, 5542598.083425104618073 ], [ 1261811.083918832940981, 5542629.320480721071362 ], [ 1261911.083918832940981, 5542629.320480721071362 ] ] ] ] } },
{ "type": "Feature", "properties": { "id": 322, "left": 1261811.0839188329, "top": 5542529.3204807211, "right": 1261911.0839188329, "bottom": 5542429.3204807211, "row_index": 15, "col_index": 9, "area": 959599.953, "perimeter": 4269.096, "codzona": "L", "numquart": 13, "nomezona": "Malpighi", "intersect_area": 10000.0 }, "geometry": { "type": "MultiPolygon", "coordinates": [ [ [ [ 1261911.083918832940981, 5542529.320480721071362 ], [ 1261911.083918832940981, 5542429.320480721071362 ], [ 1261811.083918832940981, 5542429.320480721071362 ], [ 1261811.083918832940981, 5542529.320480721071362 ], [ 1261911.083918832940981, 5542529.320480721071362 ] ] ] ] } },
{ "type": "Feature", "properties": { "id": 323, "left": 1261811.0839188329, "top": 5542429.3204807211, "right": 1261911.0839188329, "bottom": 5542329.3204807211, "row_index": 16, "col_index": 9, "area": 959599.953, "perimeter": 4269.096, "codzona": "L", "numquart": 13, "nomezona": "Malpighi", "intersect_area": 10000.0 }, "geometry": { "type": "MultiPolygon", "coordinates": [ [ [ [ 1261911.083918832940981, 5542429.320480721071362 ], [ 1261911.083918832940981, 5542329.320480721071362 ], [ 1261811.083918832940981, 5542329.320480721071362 ], [ 1261811.083918832940981, 5542429.320480721071362 ], [ 1261911.083918832940981, 5542429.320480721071362 ] ] ] ] } },
{ "type": "Feature", "properties": { "id": 324, "left": 1261811.0839188329, "top": 5542329.3204807211, "right": 1261911.0839188329, "bottom": 5542229.3204807211, "row_index": 17, "col_index": 9, "area": 959599.953, "perimeter": 4269.096, "codzona": "L", "numquart": 13, "nomezona": "Malpighi", "intersect_area": 10000.0 }, "geometry": { "type": "MultiPolygon", "coordinates": [ [ [ [ 1261911.083918832940981, 5542329.320480721071362 ], [ 1261911.083918832940981, 5542229.320480721071362 ], [ 1261811.083918832940981, 5542229.320480721071362 ], [ 1261811.083918832940981, 5542329.320480721071362 ], [ 1261911.083918832940981, 5542329.320480721071362 ] ] ] ] } },
{ "type": "Feature", "properties": { "id": 325, "left": 1261811.0839188329, "top": 5542229.3204807211, "right": 1261911.0839188329, "bottom": 5542129.3204807211, "row_index": 18, "col_index": 9, "area": 959599.953, "perimeter": 4269.096, "codzona": "L", "numquart": 13, "nomezona": "Malpighi", "intersect_area": 10000.0 }, "geometry": { "type": "MultiPolygon", "coordinates": [ [ [ [ 1261911.083918832940981, 5542229.320480721071362 ], [ 1261911.083918832940981, 5542129.320480721071362 ], [ 1261811.083918832940981, 5542129.320480721071362 ], [ 1261811.083918832940981, 5542229.320480721071362 ], [ 1261911.083918832940981, 5542229.320480721071362 ] ] ] ] } },
{ "type": "Feature", "properties": { "id": 326, "left": 1261811.0839188329, "top": 5542129.3204807211, "right": 1261911.0839188329, "bottom": 5542029.3204807211, "row_index": 19, "col_index": 9, "area": 959599.953, "perimeter": 4269.096, "codzona": "L", "numquart": 13, "nomezona": "Malpighi", "intersect_area": 10000.0 }, "geometry": { "type": "MultiPolygon", "coordinates": [ [ [ [ 1261911.083918832940981, 5542129.320480721071362 ], [ 1261911.083918832940981, 5542029.320480721071362 ], [ 1261811.083918832940981, 5542029.320480721071362 ], [ 1261811.083918832940981, 5542129.320480721071362 ], [ 1261911.083918832940981, 5542129.320480721071362 ] ] ] ] } },
{ "type": "Feature", "properties": { "id": 327, "left": 1261811.0839188329, "top": 5542029.3204807211, "right": 1261911.0839188329, "bottom": 5541929.3204807211, "row_index": 20, "col_index": 9, "area": 959599.953, "perimeter": 4269.096, "codzona": "L", "numquart": 13, "nomezona": "Malpighi", "intersect_area": 10000.0 }, "geometry": { "type": "MultiPolygon", "coordinates": [ [ [ [ 1261911.083918832940981, 5542029.320480721071362 ], [ 1261911.083918832940981, 5541929.320480721071362 ], [ 1261811.083918832940981, 5541929.320480721071362 ], [ 1261811.083918832940981, 5542029.320480721071362 ], [ 1261911.083918832940981, 5542029.320480721071362 ] ] ] ] } },
{ "type": "Feature", "properties": { "id": 328, "left": 1261811.0839188329, "top": 5541929.3204807211, "right": 1261911.0839188329, "bottom": 5541829.3204807211, "row_index": 21, "col_index": 9, "area": 959599.953, "perimeter": 4269.096, "codzona": "L", "numquart": 13, "nomezona": "Malpighi", "intersect_area": 10000.0 }, "geometry": { "type": "MultiPolygon", "coordinates": [ [ [ [ 1261911.083918832940981, 5541929.320480721071362 ], [ 1261911.083918832940981, 5541829.320480721071362 ], [ 1261811.083918832940981, 5541829.320480721071362 ], [ 1261811.083918832940981, 5541929.320480721071362 ], [ 1261911.083918832940981, 5541929.320480721071362 ] ] ] ] } },
{ "type": "Feature", "properties": { "id": 329, "left": 1261811.0839188329, "top": 5541829.3204807211, "right": 1261911.0839188329, "bottom": 5541729.3204807211, "row_index": 22, "col_index": 9, "area": 959599.953, "perimeter": 4269.096, "codzona": "L", "numquart": 13, "nomezona": "Malpighi", "intersect_area": 10000.0 }, "geometry": { "type": "MultiPolygon", "coordinates": [ [ [ [ 1261911.083918832940981, 5541829.320480721071362 ], [ 1261911.083918832940981, 5541729.320480721071362 ], [ 1261811.083918832940981, 5541729.320480721071362 ], [ 1261811.083918832940981, 5541829.320480721071362 ], [ 1261911.083918832940981, 5541829.320480721071362 ] ] ] ] } },
{ "type": "Feature", "properties": { "id": 330, "left": 1261811.0839188329, "top": 5541729.3204807211, "right": 1261911.0839188329, "bottom": 5541629.3204807211, "row_index": 23, "col_index": 9, "area": 959599.953, "perimeter": 4269.096, "codzona": "L", "numquart": 13, "nomezona": "Malpighi", "intersect_area": 10000.0 }, "geometry": { "type": "MultiPolygon", "coordinates": [ [ [ [ 1261911.083918832940981, 5541729.320480721071362 ], [ 1261911.083918832940981, 5541629.320480721071362 ], [ 1261811.083918832940981, 5541629.320480721071362 ], [ 1261811.083918832940981, 5541729.320480721071362 ], [ 1261911.083918832940981, 5541729.320480721071362 ] ] ] ] } },
{ "type": "Feature", "properties": { "id": 331, "left": 1261811.0839188329, "top": 5541629.3204807211, "right": 1261911.0839188329, "bottom": 5541529.3204807211, "row_index": 24, "col_index": 9, "area": 959599.953, "perimeter": 4269.096, "codzona": "L", "numquart": 13, "nomezona": "Malpighi", "intersect_area": 10000.0 }, "geometry": { "type": "MultiPolygon", "coordinates": [ [ [ [ 1261911.083918832940981, 5541629.320480721071362 ], [ 1261911.083918832940981, 5541529.320480721071362 ], [ 1261811.083918832940981, 5541529.320480721071362 ], [ 1261811.083918832940981, 5541629.320480721071362 ], [ 1261911.083918832940981, 5541629.320480721071362 ] ] ] ] } },
{ "type": "Feature", "properties": { "id": 332, "left": 1261811.0839188329, "top": 5541529.3204807211, "right": 1261911.0839188329, "bottom": 5541429.3204807211, "row_index": 25, "col_index": 9, "area": 959599.953, "perimeter": 4269.096, "codzona": "L", "numquart": 13, "nomezona": "Malpighi", "intersect_area": 10000.0 }, "geometry": { "type": "MultiPolygon", "coordinates": [ [ [ [ 1261911.083918832940981, 5541529.320480721071362 ], [ 1261911.083918832940981, 5541429.320480721071362 ], [ 1261811.083918832940981, 5541429.320480721071362 ], [ 1261811.083918832940981, 5541529.320480721071362 ], [ 1261911.083918832940981, 5541529.320480721071362 ] ] ] ] } },
{ "type": "Feature", "properties": { "id": 333, "left": 1261811.0839188329, "top": 5541429.3204807211, "right": 1261911.0839188329, "bottom": 5541329.3204807211, "row_index": 26, "col_index": 9, "area": 959599.953, "perimeter": 4269.096, "codzona": "L", "numquart": 13, "nomezona": "Malpighi", "intersect_area": 10000.0 }, "geometry": { "type": "MultiPolygon", "coordinates": [ [ [ [ 1261911.083918832940981, 5541429.320480721071362 ], [ 1261911.083918832940981, 5541329.320480721071362 ], [ 1261811.083918832940981, 5541329.320480721071362 ], [ 1261811.083918832940981, 5541429.320480721071362 ], [ 1261911.083918832940981, 5541429.320480721071362 ] ] ] ] } },
{ "type": "Feature", "properties": { "id": 334, "left": 1261811.0839188329, "top": 5541329.3204807211, "right": 1261911.0839188329, "bottom": 5541229.3204807211, "row_index": 27, "col_index": 9, "area": 24725141.879000001, "perimeter": 30542.734, "codzona": "D", "numquart": 15, "nomezona": "Colli", "intersect_area": 3853.8928913399577 }, "geometry": { "type": "MultiPolygon", "coordinates": [ [ [ [ 1261911.083918832940981, 5541229.320480721071362 ], [ 1261811.083918832940981, 5541229.320480721071362 ], [ 1261811.083918832940981, 5541294.93297875393182 ], [ 1261868.916632011299953, 5541263.682870504446328 ], [ 1261903.981301432009786, 5541244.502615360543132 ], [ 1261911.083918832940981, 5541240.706636246293783 ], [ 1261911.083918832940981, 5541229.320480721071362 ] ] ] ] } },
{ "type": "Feature", "properties": { "id": 334, "left": 1261811.0839188329, "top": 5541329.3204807211, "right": 1261911.0839188329, "bottom": 5541229.3204807211, "row_index": 27, "col_index": 9, "area": 959599.953, "perimeter": 4269.096, "codzona": "L", "numquart": 13, "nomezona": "Malpighi", "intersect_area": 6146.1071087121964 }, "geometry": { "type": "MultiPolygon", "coordinates": [ [ [ [ 1261911.083918832940981, 5541329.320480721071362 ], [ 1261911.083918832940981, 5541240.706636246293783 ], [ 1261903.981301432009786, 5541244.502615360543132 ], [ 1261868.916632011299953, 5541263.682870504446328 ], [ 1261811.083918832940981, 5541294.93297875393182 ], [ 1261811.083918832940981, 5541329.320480721071362 ], [ 1261911.083918832940981, 5541329.320480721071362 ] ] ] ] } },
{ "type": "Feature", "properties": { "id": 335, "left": 1261811.0839188329, "top": 5541229.3204807211, "right": 1261911.0839188329, "bottom": 5541129.3204807211, "row_index": 28, "col_index": 9, "area": 24725141.879000001, "perimeter": 30542.734, "codzona": "D", "numquart": 15, "nomezona": "Colli", "intersect_area": 10000.0 }, "geometry": { "type": "MultiPolygon", "coordinates": [ [ [ [ 1261911.083918832940981, 5541229.320480721071362 ], [ 1261911.083918832940981, 5541129.320480721071362 ], [ 1261811.083918832940981, 5541129.320480721071362 ], [ 1261811.083918832940981, 5541229.320480721071362 ], [ 1261911.083918832940981, 5541229.320480721071362 ] ] ] ] } },
{ "type": "Feature", "properties": { "id": 336, "left": 1261811.0839188329, "top": 5541129.3204807211, "right": 1261911.0839188329, "bottom": 5541029.3204807211, "row_index": 29, "col_index": 9, "area": 24725141.879000001, "perimeter": 30542.734, "codzona": "D", "numquart": 15, "nomezona": "Colli", "intersect_area": 10000.0 }, "geometry": { "type": "MultiPolygon", "coordinates": [ [ [ [ 1261911.083918832940981, 5541129.320480721071362 ], [ 1261911.083918832940981, 5541029.320480721071362 ], [ 1261811.083918832940981, 5541029.320480721071362 ], [ 1261811.083918832940981, 5541129.320480721071362 ], [ 1261911.083918832940981, 5541129.320480721071362 ] ] ] ] } },
{ "type": "Feature", "properties": { "id": 337, "left": 1261811.0839188329, "top": 5541029.3204807211, "right": 1261911.0839188329, "bottom": 5540929.3204807211, "row_index": 30, "col_index": 9, "area": 24725141.879000001, "perimeter": 30542.734, "codzona": "D", "numquart": 15, "nomezona": "Colli", "intersect_area": 10000.0 }, "geometry": { "type": "MultiPolygon", "coordinates": [ [ [ [ 1261911.083918832940981, 5541029.320480721071362 ], [ 1261911.083918832940981, 5540929.320480721071362 ], [ 1261811.083918832940981, 5540929.320480721071362 ], [ 1261811.083918832940981, 5541029.320480721071362 ], [ 1261911.083918832940981, 5541029.320480721071362 ] ] ] ] } },
{ "type": "Feature", "properties": { "id": 338, "left": 1261811.0839188329, "top": 5540929.3204807211, "right": 1261911.0839188329, "bottom": 5540829.3204807211, "row_index": 31, "col_index": 9, "area": 24725141.879000001, "perimeter": 30542.734, "codzona": "D", "numquart": 15, "nomezona": "Colli", "intersect_area": 10000.0 }, "geometry": { "type": "MultiPolygon", "coordinates": [ [ [ [ 1261911.083918832940981, 5540929.320480721071362 ], [ 1261911.083918832940981, 5540829.320480721071362 ], [ 1261811.083918832940981, 5540829.320480721071362 ], [ 1261811.083918832940981, 5540929.320480721071362 ], [ 1261911.083918832940981, 5540929.320480721071362 ] ] ] ] } },
{ "type": "Feature", "properties": { "id": 339, "left": 1261811.0839188329, "top": 5540829.3204807211, "right": 1261911.0839188329, "bottom": 5540729.3204807211, "row_index": 32, "col_index": 9, "area": 24725141.879000001, "perimeter": 30542.734, "codzona": "D", "numquart": 15, "nomezona": "Colli", "intersect_area": 10000.0 }, "geometry": { "type": "MultiPolygon", "coordinates": [ [ [ [ 1261911.083918832940981, 5540829.320480721071362 ], [ 1261911.083918832940981, 5540729.320480721071362 ], [ 1261811.083918832940981, 5540729.320480721071362 ], [ 1261811.083918832940981, 5540829.320480721071362 ], [ 1261911.083918832940981, 5540829.320480721071362 ] ] ] ] } },
{ "type": "Feature", "properties": { "id": 340, "left": 1261811.0839188329, "top": 5540729.3204807211, "right": 1261911.0839188329, "bottom": 5540629.3204807211, "row_index": 33, "col_index": 9, "area": 24725141.879000001, "perimeter": 30542.734, "codzona": "D", "numquart": 15, "nomezona": "Colli", "intersect_area": 10000.0 }, "geometry": { "type": "MultiPolygon", "coordinates": [ [ [ [ 1261911.083918832940981, 5540729.320480721071362 ], [ 1261911.083918832940981, 5540629.320480721071362 ], [ 1261811.083918832940981, 5540629.320480721071362 ], [ 1261811.083918832940981, 5540729.320480721071362 ], [ 1261911.083918832940981, 5540729.320480721071362 ] ] ] ] } },
{ "type": "Feature", "properties": { "id": 341, "left": 1261911.0839188329, "top": 5544029.3204807211, "right": 1262011.0839188329, "bottom": 5543929.3204807211, "row_index": 0, "col_index": 10, "area": 2668885.563, "perimeter": 7571.745, "codzona": "P", "numquart": 13, "nomezona": "Saffi", "intersect_area": 10000.0 }, "geometry": { "type": "MultiPolygon", "coordinates": [ [ [ [ 1262011.083918832940981, 5544029.320480721071362 ], [ 1262011.083918832940981, 5543929.320480721071362 ], [ 1261911.083918832940981, 5543929.320480721071362 ], [ 1261911.083918832940981, 5544029.320480721071362 ], [ 1262011.083918832940981, 5544029.320480721071362 ] ] ] ] } },
{ "type": "Feature", "properties": { "id": 342, "left": 1261911.0839188329, "top": 5543929.3204807211, "right": 1262011.0839188329, "bottom": 5543829.3204807211, "row_index": 1, "col_index": 10, "area": 2668885.563, "perimeter": 7571.745, "codzona": "P", "numquart": 13, "nomezona": "Saffi", "intersect_area": 10000.0 }, "geometry": { "type": "MultiPolygon", "coordinates": [ [ [ [ 1262011.083918832940981, 5543929.320480721071362 ], [ 1262011.083918832940981, 5543829.320480721071362 ], [ 1261911.083918832940981, 5543829.320480721071362 ], [ 1261911.083918832940981, 5543929.320480721071362 ], [ 1262011.083918832940981, 5543929.320480721071362 ] ] ] ] } },
{ "type": "Feature", "properties": { "id": 343, "left": 1261911.0839188329, "top": 5543829.3204807211, "right": 1262011.0839188329, "bottom": 5543729.3204807211, "row_index": 2, "col_index": 10, "area": 2668885.563, "perimeter": 7571.745, "codzona": "P", "numquart": 13, "nomezona": "Saffi", "intersect_area": 3491.3246991634369 }, "geometry": { "type": "MultiPolygon", "coordinates": [ [ [ [ 1262011.083918832940981, 5543829.320480721071362 ], [ 1262011.083918832940981, 5543828.732270228676498 ], [ 1261988.777516194619238, 5543813.029677170328796 ], [ 1261953.678418679395691, 5543790.016689602285624 ], [ 1261911.083918832940981, 5543759.34210554882884 ], [ 1261911.083918832940981, 5543829.320480721071362 ], [ 1262011.083918832940981, 5543829.320480721071362 ] ] ] ] } },
{ "type": "Feature", "properties": { "id": 343, "left": 1261911.0839188329, "top": 5543829.3204807211, "right": 1262011.0839188329, "bottom": 5543729.3204807211, "row_index": 2, "col_index": 10, "area": 1058290.413, "perimeter": 4426.128, "codzona": "M", "numquart": 13, "nomezona": "Marconi", "intersect_area": 6508.6753008142114 }, "geometry": { "type": "MultiPolygon", "coordinates": [ [ [ [ 1262011.083918832940981, 5543729.320480721071362 ], [ 1261911.083918832940981, 5543729.320480721071362 ], [ 1261911.083918832940981, 5543759.34210554882884 ], [ 1261953.678418679395691, 5543790.016689602285624 ], [ 1261988.777516194619238, 5543813.029677170328796 ], [ 1262011.083918832940981, 5543828.732270228676498 ], [ 1262011.083918832940981, 5543729.320480721071362 ] ] ] ] } },
{ "type": "Feature", "properties": { "id": 344, "left": 1261911.0839188329, "top": 5543729.3204807211, "right": 1262011.0839188329, "bottom": 5543629.3204807211, "row_index": 3, "col_index": 10, "area": 1058290.413, "perimeter": 4426.128, "codzona": "M", "numquart": 13, "nomezona": "Marconi", "intersect_area": 10000.0 }, "geometry": { "type": "MultiPolygon", "coordinates": [ [ [ [ 1262011.083918832940981, 5543729.320480721071362 ], [ 1262011.083918832940981, 5543629.320480721071362 ], [ 1261911.083918832940981, 5543629.320480721071362 ], [ 1261911.083918832940981, 5543729.320480721071362 ], [ 1262011.083918832940981, 5543729.320480721071362 ] ] ] ] } },
{ "type": "Feature", "properties": { "id": 345, "left": 1261911.0839188329, "top": 5543629.3204807211, "right": 1262011.0839188329, "bottom": 5543529.3204807211, "row_index": 4, "col_index": 10, "area": 1058290.413, "perimeter": 4426.128, "codzona": "M", "numquart": 13, "nomezona": "Marconi", "intersect_area": 10000.0 }, "geometry": { "type": "MultiPolygon", "coordinates": [ [ [ [ 1262011.083918832940981, 5543629.320480721071362 ], [ 1262011.083918832940981, 5543529.320480721071362 ], [ 1261911.083918832940981, 5543529.320480721071362 ], [ 1261911.083918832940981, 5543629.320480721071362 ], [ 1262011.083918832940981, 5543629.320480721071362 ] ] ] ] } },
{ "type": "Feature", "properties": { "id": 346, "left": 1261911.0839188329, "top": 5543529.3204807211, "right": 1262011.0839188329, "bottom": 5543429.3204807211, "row_index": 5, "col_index": 10, "area": 1058290.413, "perimeter": 4426.128, "codzona": "M", "numquart": 13, "nomezona": "Marconi", "intersect_area": 10000.0 }, "geometry": { "type": "MultiPolygon", "coordinates": [ [ [ [ 1262011.083918832940981, 5543529.320480721071362 ], [ 1262011.083918832940981, 5543429.320480721071362 ], [ 1261911.083918832940981, 5543429.320480721071362 ], [ 1261911.083918832940981, 5543529.320480721071362 ], [ 1262011.083918832940981, 5543529.320480721071362 ] ] ] ] } },
{ "type": "Feature", "properties": { "id": 347, "left": 1261911.0839188329, "top": 5543429.3204807211, "right": 1262011.0839188329, "bottom": 5543329.3204807211, "row_index": 6, "col_index": 10, "area": 1058290.413, "perimeter": 4426.128, "codzona": "M", "numquart": 13, "nomezona": "Marconi", "intersect_area": 10000.0 }, "geometry": { "type": "MultiPolygon", "coordinates": [ [ [ [ 1262011.083918832940981, 5543429.320480721071362 ], [ 1262011.083918832940981, 5543329.320480721071362 ], [ 1261911.083918832940981, 5543329.320480721071362 ], [ 1261911.083918832940981, 5543429.320480721071362 ], [ 1262011.083918832940981, 5543429.320480721071362 ] ] ] ] } },
{ "type": "Feature", "properties": { "id": 348, "left": 1261911.0839188329, "top": 5543329.3204807211, "right": 1262011.0839188329, "bottom": 5543229.3204807211, "row_index": 7, "col_index": 10, "area": 1058290.413, "perimeter": 4426.128, "codzona": "M", "numquart": 13, "nomezona": "Marconi", "intersect_area": 10000.0 }, "geometry": { "type": "MultiPolygon", "coordinates": [ [ [ [ 1262011.083918832940981, 5543329.320480721071362 ], [ 1262011.083918832940981, 5543229.320480721071362 ], [ 1261911.083918832940981, 5543229.320480721071362 ], [ 1261911.083918832940981, 5543329.320480721071362 ], [ 1262011.083918832940981, 5543329.320480721071362 ] ] ] ] } },
{ "type": "Feature", "properties": { "id": 349, "left": 1261911.0839188329, "top": 5543229.3204807211, "right": 1262011.0839188329, "bottom": 5543129.3204807211, "row_index": 8, "col_index": 10, "area": 1058290.413, "perimeter": 4426.128, "codzona": "M", "numquart": 13, "nomezona": "Marconi", "intersect_area": 10000.0 }, "geometry": { "type": "MultiPolygon", "coordinates": [ [ [ [ 1262011.083918832940981, 5543229.320480721071362 ], [ 1262011.083918832940981, 5543129.320480721071362 ], [ 1261911.083918832940981, 5543129.320480721071362 ], [ 1261911.083918832940981, 5543229.320480721071362 ], [ 1262011.083918832940981, 5543229.320480721071362 ] ] ] ] } },
{ "type": "Feature", "properties": { "id": 350, "left": 1261911.0839188329, "top": 5543129.3204807211, "right": 1262011.0839188329, "bottom": 5543029.3204807211, "row_index": 9, "col_index": 10, "area": 1058290.413, "perimeter": 4426.128, "codzona": "M", "numquart": 13, "nomezona": "Marconi", "intersect_area": 10000.0 }, "geometry": { "type": "MultiPolygon", "coordinates": [ [ [ [ 1262011.083918832940981, 5543129.320480721071362 ], [ 1262011.083918832940981, 5543029.320480721071362 ], [ 1261911.083918832940981, 5543029.320480721071362 ], [ 1261911.083918832940981, 5543129.320480721071362 ], [ 1262011.083918832940981, 5543129.320480721071362 ] ] ] ] } },
{ "type": "Feature", "properties": { "id": 351, "left": 1261911.0839188329, "top": 5543029.3204807211, "right": 1262011.0839188329, "bottom": 5542929.3204807211, "row_index": 10, "col_index": 10, "area": 1058290.413, "perimeter": 4426.128, "codzona": "M", "numquart": 13, "nomezona": "Marconi", "intersect_area": 10000.0 }, "geometry": { "type": "MultiPolygon", "coordinates": [ [ [ [ 1262011.083918832940981, 5543029.320480721071362 ], [ 1262011.083918832940981, 5542929.320480721071362 ], [ 1261911.083918832940981, 5542929.320480721071362 ], [ 1261911.083918832940981, 5543029.320480721071362 ], [ 1262011.083918832940981, 5543029.320480721071362 ] ] ] ] } },
{ "type": "Feature", "properties": { "id": 352, "left": 1261911.0839188329, "top": 5542929.3204807211, "right": 1262011.0839188329, "bottom": 5542829.3204807211, "row_index": 11, "col_index": 10, "area": 1058290.413, "perimeter": 4426.128, "codzona": "M", "numquart": 13, "nomezona": "Marconi", "intersect_area": 10000.0 }, "geometry": { "type": "MultiPolygon", "coordinates": [ [ [ [ 1262011.083918832940981, 5542929.320480721071362 ], [ 1262011.083918832940981, 5542829.320480721071362 ], [ 1261911.083918832940981, 5542829.320480721071362 ], [ 1261911.083918832940981, 5542929.320480721071362 ], [ 1262011.083918832940981, 5542929.320480721071362 ] ] ] ] } },
{ "type": "Feature", "properties": { "id": 353, "left": 1261911.0839188329, "top": 5542829.3204807211, "right": 1262011.0839188329, "bottom": 5542729.3204807211, "row_index": 12, "col_index": 10, "area": 1058290.413, "perimeter": 4426.128, "codzona": "M", "numquart": 13, "nomezona": "Marconi", "intersect_area": 10000.0 }, "geometry": { "type": "MultiPolygon", "coordinates": [ [ [ [ 1262011.083918832940981, 5542829.320480721071362 ], [ 1262011.083918832940981, 5542729.320480721071362 ], [ 1261911.083918832940981, 5542729.320480721071362 ], [ 1261911.083918832940981, 5542829.320480721071362 ], [ 1262011.083918832940981, 5542829.320480721071362 ] ] ] ] } },
{ "type": "Feature", "properties": { "id": 354, "left": 1261911.0839188329, "top": 5542729.3204807211, "right": 1262011.0839188329, "bottom": 5542629.3204807211, "row_index": 13, "col_index": 10, "area": 1058290.413, "perimeter": 4426.128, "codzona": "M", "numquart": 13, "nomezona": "Marconi", "intersect_area": 10000.0 }, "geometry": { "type": "MultiPolygon", "coordinates": [ [ [ [ 1262011.083918832940981, 5542729.320480721071362 ], [ 1262011.083918832940981, 5542629.320480721071362 ], [ 1261911.083918832940981, 5542629.320480721071362 ], [ 1261911.083918832940981, 5542729.320480721071362 ], [ 1262011.083918832940981, 5542729.320480721071362 ] ] ] ] } },
{ "type": "Feature", "properties": { "id": 355, "left": 1261911.0839188329, "top": 5542629.3204807211, "right": 1262011.0839188329, "bottom": 5542529.3204807211, "row_index": 14, "col_index": 10, "area": 959599.953, "perimeter": 4269.096, "codzona": "L", "numquart": 13, "nomezona": "Malpighi", "intersect_area": 482.64883132278919 }, "geometry": { "type": "MultiPolygon", "coordinates": [ [ [ [ 1261911.083918832940981, 5542529.320480721071362 ], [ 1261911.083918832940981, 5542550.982937845401466 ], [ 1261955.644776223460212, 5542529.320480721071362 ], [ 1261911.083918832940981, 5542529.320480721071362 ] ] ] ] } },
{ "type": "Feature", "properties": { "id": 355, "left": 1261911.0839188329, "top": 5542629.3204807211, "right": 1262011.0839188329, "bottom": 5542529.3204807211, "row_index": 14, "col_index": 10, "area": 1058290.413, "perimeter": 4426.128, "codzona": "M", "numquart": 13, "nomezona": "Marconi", "intersect_area": 9517.3511686325073 }, "geometry": { "type": "MultiPolygon", "coordinates": [ [ [ [ 1262011.083918832940981, 5542629.320480721071362 ], [ 1262011.083918832940981, 5542529.320480721071362 ], [ 1261955.644776223460212, 5542529.320480721071362 ], [ 1261911.083918832940981, 5542550.982937845401466 ], [ 1261911.083918832940981, 5542629.320480721071362 ], [ 1262011.083918832940981, 5542629.320480721071362 ] ] ] ] } },
{ "type": "Feature", "properties": { "id": 356, "left": 1261911.0839188329, "top": 5542529.3204807211, "right": 1262011.0839188329, "bottom": 5542429.3204807211, "row_index": 15, "col_index": 10, "area": 959599.953, "perimeter": 4269.096, "codzona": "L", "numquart": 13, "nomezona": "Malpighi", "intersect_area": 9270.0664573460817 }, "geometry": { "type": "MultiPolygon", "coordinates": [ [ [ [ 1261955.644776223460212, 5542529.320480721071362 ], [ 1261985.774421999230981, 5542514.673496843315661 ], [ 1262004.183436811203137, 5542506.593313521705568 ], [ 1262011.083918832940981, 5542504.147030612453818 ], [ 1262011.083918832940981, 5542429.320480721071362 ], [ 1261911.083918832940981, 5542429.320480721071362 ], [ 1261911.083918832940981, 5542529.320480721071362 ], [ 1261955.644776223460212, 5542529.320480721071362 ] ] ] ] } },
{ "type": "Feature", "properties": { "id": 356, "left": 1261911.0839188329, "top": 5542529.3204807211, "right": 1262011.0839188329, "bottom": 5542429.3204807211, "row_index": 15, "col_index": 10, "area": 1058290.413, "perimeter": 4426.128, "codzona": "M", "numquart": 13, "nomezona": "Marconi", "intersect_area": 729.93354263901711 }, "geometry": { "type": "MultiPolygon", "coordinates": [ [ [ [ 1262011.083918832940981, 5542529.320480721071362 ], [ 1262011.083918832940981, 5542504.147030612453818 ], [ 1262004.183436811203137, 5542506.593313521705568 ], [ 1261985.774421999230981, 5542514.673496843315661 ], [ 1261955.644776223460212, 5542529.320480721071362 ], [ 1262011.083918832940981, 5542529.320480721071362 ] ] ] ] } },
{ "type": "Feature", "properties": { "id": 357, "left": 1261911.0839188329, "top": 5542429.3204807211, "right": 1262011.0839188329, "bottom": 5542329.3204807211, "row_index": 16, "col_index": 10, "area": 959599.953, "perimeter": 4269.096, "codzona": "L", "numquart": 13, "nomezona": "Malpighi", "intersect_area": 10000.0 }, "geometry": { "type": "MultiPolygon", "coordinates": [ [ [ [ 1262011.083918832940981, 5542429.320480721071362 ], [ 1262011.083918832940981, 5542329.320480721071362 ], [ 1261911.083918832940981, 5542329.320480721071362 ], [ 1261911.083918832940981, 5542429.320480721071362 ], [ 1262011.083918832940981, 5542429.320480721071362 ] ] ] ] } },
{ "type": "Feature", "properties": { "id": 358, "left": 1261911.0839188329, "top": 5542329.3204807211, "right": 1262011.0839188329, "bottom": 5542229.3204807211, "row_index": 17, "col_index": 10, "area": 959599.953, "perimeter": 4269.096, "codzona": "L", "numquart": 13, "nomezona": "Malpighi", "intersect_area": 10000.0 }, "geometry": { "type": "MultiPolygon", "coordinates": [ [ [ [ 1262011.083918832940981, 5542329.320480721071362 ], [ 1262011.083918832940981, 5542229.320480721071362 ], [ 1261911.083918832940981, 5542229.320480721071362 ], [ 1261911.083918832940981, 5542329.320480721071362 ], [ 1262011.083918832940981, 5542329.320480721071362 ] ] ] ] } },
{ "type": "Feature", "properties": { "id": 359, "left": 1261911.0839188329, "top": 5542229.3204807211, "right": 1262011.0839188329, "bottom": 5542129.3204807211, "row_index": 18, "col_index": 10, "area": 959599.953, "perimeter": 4269.096, "codzona": "L", "numquart": 13, "nomezona": "Malpighi", "intersect_area": 10000.0 }, "geometry": { "type": "MultiPolygon", "coordinates": [ [ [ [ 1262011.083918832940981, 5542229.320480721071362 ], [ 1262011.083918832940981, 5542129.320480721071362 ], [ 1261911.083918832940981, 5542129.320480721071362 ], [ 1261911.083918832940981, 5542229.320480721071362 ], [ 1262011.083918832940981, 5542229.320480721071362 ] ] ] ] } },
{ "type": "Feature", "properties": { "id": 360, "left": 1261911.0839188329, "top": 5542129.3204807211, "right": 1262011.0839188329, "bottom": 5542029.3204807211, "row_index": 19, "col_index": 10, "area": 959599.953, "perimeter": 4269.096, "codzona": "L", "numquart": 13, "nomezona": "Malpighi", "intersect_area": 10000.0 }, "geometry": { "type": "MultiPolygon", "coordinates": [ [ [ [ 1262011.083918832940981, 5542129.320480721071362 ], [ 1262011.083918832940981, 5542029.320480721071362 ], [ 1261911.083918832940981, 5542029.320480721071362 ], [ 1261911.083918832940981, 5542129.320480721071362 ], [ 1262011.083918832940981, 5542129.320480721071362 ] ] ] ] } },
{ "type": "Feature", "properties": { "id": 361, "left": 1261911.0839188329, "top": 5542029.3204807211, "right": 1262011.0839188329, "bottom": 5541929.3204807211, "row_index": 20, "col_index": 10, "area": 959599.953, "perimeter": 4269.096, "codzona": "L", "numquart": 13, "nomezona": "Malpighi", "intersect_area": 10000.0 }, "geometry": { "type": "MultiPolygon", "coordinates": [ [ [ [ 1262011.083918832940981, 5542029.320480721071362 ], [ 1262011.083918832940981, 5541929.320480721071362 ], [ 1261911.083918832940981, 5541929.320480721071362 ], [ 1261911.083918832940981, 5542029.320480721071362 ], [ 1262011.083918832940981, 5542029.320480721071362 ] ] ] ] } },
{ "type": "Feature", "properties": { "id": 362, "left": 1261911.0839188329, "top": 5541929.3204807211, "right": 1262011.0839188329, "bottom": 5541829.3204807211, "row_index": 21, "col_index": 10, "area": 959599.953, "perimeter": 4269.096, "codzona": "L", "numquart": 13, "nomezona": "Malpighi", "intersect_area": 10000.0 }, "geometry": { "type": "MultiPolygon", "coordinates": [ [ [ [ 1262011.083918832940981, 5541929.320480721071362 ], [ 1262011.083918832940981, 5541829.320480721071362 ], [ 1261911.083918832940981, 5541829.320480721071362 ], [ 1261911.083918832940981, 5541929.320480721071362 ], [ 1262011.083918832940981, 5541929.320480721071362 ] ] ] ] } },
{ "type": "Feature", "properties": { "id": 363, "left": 1261911.0839188329, "top": 5541829.3204807211, "right": 1262011.0839188329, "bottom": 5541729.3204807211, "row_index": 22, "col_index": 10, "area": 959599.953, "perimeter": 4269.096, "codzona": "L", "numquart": 13, "nomezona": "Malpighi", "intersect_area": 10000.0 }, "geometry": { "type": "MultiPolygon", "coordinates": [ [ [ [ 1262011.083918832940981, 5541829.320480721071362 ], [ 1262011.083918832940981, 5541729.320480721071362 ], [ 1261911.083918832940981, 5541729.320480721071362 ], [ 1261911.083918832940981, 5541829.320480721071362 ], [ 1262011.083918832940981, 5541829.320480721071362 ] ] ] ] } },
{ "type": "Feature", "properties": { "id": 364, "left": 1261911.0839188329, "top": 5541729.3204807211, "right": 1262011.0839188329, "bottom": 5541629.3204807211, "row_index": 23, "col_index": 10, "area": 959599.953, "perimeter": 4269.096, "codzona": "L", "numquart": 13, "nomezona": "Malpighi", "intersect_area": 10000.0 }, "geometry": { "type": "MultiPolygon", "coordinates": [ [ [ [ 1262011.083918832940981, 5541729.320480721071362 ], [ 1262011.083918832940981, 5541629.320480721071362 ], [ 1261911.083918832940981, 5541629.320480721071362 ], [ 1261911.083918832940981, 5541729.320480721071362 ], [ 1262011.083918832940981, 5541729.320480721071362 ] ] ] ] } },
{ "type": "Feature", "properties": { "id": 365, "left": 1261911.0839188329, "top": 5541629.3204807211, "right": 1262011.0839188329, "bottom": 5541529.3204807211, "row_index": 24, "col_index": 10, "area": 959599.953, "perimeter": 4269.096, "codzona": "L", "numquart": 13, "nomezona": "Malpighi", "intersect_area": 10000.0 }, "geometry": { "type": "MultiPolygon", "coordinates": [ [ [ [ 1262011.083918832940981, 5541629.320480721071362 ], [ 1262011.083918832940981, 5541529.320480721071362 ], [ 1261911.083918832940981, 5541529.320480721071362 ], [ 1261911.083918832940981, 5541629.320480721071362 ], [ 1262011.083918832940981, 5541629.320480721071362 ] ] ] ] } },
{ "type": "Feature", "properties": { "id": 366, "left": 1261911.0839188329, "top": 5541529.3204807211, "right": 1262011.0839188329, "bottom": 5541429.3204807211, "row_index": 25, "col_index": 10, "area": 959599.953, "perimeter": 4269.096, "codzona": "L", "numquart": 13, "nomezona": "Malpighi", "intersect_area": 10000.0 }, "geometry": { "type": "MultiPolygon", "coordinates": [ [ [ [ 1262011.083918832940981, 5541529.320480721071362 ], [ 1262011.083918832940981, 5541429.320480721071362 ], [ 1261911.083918832940981, 5541429.320480721071362 ], [ 1261911.083918832940981, 5541529.320480721071362 ], [ 1262011.083918832940981, 5541529.320480721071362 ] ] ] ] } },
{ "type": "Feature", "properties": { "id": 367, "left": 1261911.0839188329, "top": 5541429.3204807211, "right": 1262011.0839188329, "bottom": 5541329.3204807211, "row_index": 26, "col_index": 10, "area": 959599.953, "perimeter": 4269.096, "codzona": "L", "numquart": 13, "nomezona": "Malpighi", "intersect_area": 10000.0 }, "geometry": { "type": "MultiPolygon", "coordinates": [ [ [ [ 1262011.083918832940981, 5541429.320480721071362 ], [ 1262011.083918832940981, 5541329.320480721071362 ], [ 1261911.083918832940981, 5541329.320480721071362 ], [ 1261911.083918832940981, 5541429.320480721071362 ], [ 1262011.083918832940981, 5541429.320480721071362 ] ] ] ] } },
{ "type": "Feature", "properties": { "id": 368, "left": 1261911.0839188329, "top": 5541329.3204807211, "right": 1262011.0839188329, "bottom": 5541229.3204807211, "row_index": 27, "col_index": 10, "area": 24725141.879000001, "perimeter": 30542.734, "codzona": "D", "numquart": 15, "nomezona": "Colli", "intersect_area": 121.28827916830778 }, "geometry": { "type": "MultiPolygon", "coordinates": [ [ [ [ 1261911.083918832940981, 5541229.320480721071362 ], [ 1261911.083918832940981, 5541240.706636246293783 ], [ 1261932.388437095098197, 5541229.320480721071362 ], [ 1261911.083918832940981, 5541229.320480721071362 ] ] ] ] } },
{ "type": "Feature", "properties": { "id": 368, "left": 1261911.0839188329, "top": 5541329.3204807211, "right": 1262011.0839188329, "bottom": 5541229.3204807211, "row_index": 27, "col_index": 10, "area": 959599.953, "perimeter": 4269.096, "codzona": "L", "numquart": 13, "nomezona": "Malpighi", "intersect_area": 9878.7117208242416 }, "geometry": { "type": "MultiPolygon", "coordinates": [ [ [ [ 1262011.083918832940981, 5541329.320480721071362 ], [ 1262011.083918832940981, 5541229.320480721071362 ], [ 1261932.388437095098197, 5541229.320480721071362 ], [ 1261911.083918832940981, 5541240.706636246293783 ], [ 1261911.083918832940981, 5541329.320480721071362 ], [ 1262011.083918832940981, 5541329.320480721071362 ] ] ] ] } },
{ "type": "Feature", "properties": { "id": 369, "left": 1261911.0839188329, "top": 5541229.3204807211, "right": 1262011.0839188329, "bottom": 5541129.3204807211, "row_index": 28, "col_index": 10, "area": 24725141.879000001, "perimeter": 30542.734, "codzona": "D", "numquart": 15, "nomezona": "Colli", "intersect_area": 8341.9213698506355 }, "geometry": { "type": "MultiPolygon", "coordinates": [ [ [ [ 1261932.388437095098197, 5541229.320480721071362 ], [ 1261964.740912136156112, 5541212.029767647385597 ], [ 1262011.083918832940981, 5541187.125198093242943 ], [ 1262011.083918832940981, 5541129.320480721071362 ], [ 1261911.083918832940981, 5541129.320480721071362 ], [ 1261911.083918832940981, 5541229.320480721071362 ], [ 1261932.388437095098197, 5541229.320480721071362 ] ] ] ] } },
{ "type": "Feature", "properties": { "id": 369, "left": 1261911.0839188329, "top": 5541229.3204807211, "right": 1262011.0839188329, "bottom": 5541129.3204807211, "row_index": 28, "col_index": 10, "area": 959599.953, "perimeter": 4269.096, "codzona": "L", "numquart": 13, "nomezona": "Malpighi", "intersect_area": 1658.0786301493645 }, "geometry": { "type": "MultiPolygon", "coordinates": [ [ [ [ 1262011.083918832940981, 5541229.320480721071362 ], [ 1262011.083918832940981, 5541187.125198093242943 ], [ 1261964.740912136156112, 5541212.029767647385597 ], [ 1261932.388437095098197, 5541229.320480721071362 ], [ 1262011.083918832940981, 5541229.320480721071362 ] ] ] ] } },
{ "type": "Feature", "properties": { "id": 370, "left": 1261911.0839188329, "top": 5541129.3204807211, "right": 1262011.0839188329, "bottom": 5541029.3204807211, "row_index": 29, "col_index": 10, "area": 24725141.879000001, "perimeter": 30542.734, "codzona": "D", "numquart": 15, "nomezona": "Colli", "intersect_area": 10000.0 }, "geometry": { "type": "MultiPolygon", "coordinates": [ [ [ [ 1262011.083918832940981, 5541129.320480721071362 ], [ 1262011.083918832940981, 5541029.320480721071362 ], [ 1261911.083918832940981, 5541029.320480721071362 ], [ 1261911.083918832940981, 5541129.320480721071362 ], [ 1262011.083918832940981, 5541129.320480721071362 ] ] ] ] } },
{ "type": "Feature", "properties": { "id": 371, "left": 1261911.0839188329, "top": 5541029.3204807211, "right": 1262011.0839188329, "bottom": 5540929.3204807211, "row_index": 30, "col_index": 10, "area": 24725141.879000001, "perimeter": 30542.734, "codzona": "D", "numquart": 15, "nomezona": "Colli", "intersect_area": 10000.0 }, "geometry": { "type": "MultiPolygon", "coordinates": [ [ [ [ 1262011.083918832940981, 5541029.320480721071362 ], [ 1262011.083918832940981, 5540929.320480721071362 ], [ 1261911.083918832940981, 5540929.320480721071362 ], [ 1261911.083918832940981, 5541029.320480721071362 ], [ 1262011.083918832940981, 5541029.320480721071362 ] ] ] ] } },
{ "type": "Feature", "properties": { "id": 372, "left": 1261911.0839188329, "top": 5540929.3204807211, "right": 1262011.0839188329, "bottom": 5540829.3204807211, "row_index": 31, "col_index": 10, "area": 24725141.879000001, "perimeter": 30542.734, "codzona": "D", "numquart": 15, "nomezona": "Colli", "intersect_area": 10000.0 }, "geometry": { "type": "MultiPolygon", "coordinates": [ [ [ [ 1262011.083918832940981, 5540929.320480721071362 ], [ 1262011.083918832940981, 5540829.320480721071362 ], [ 1261911.083918832940981, 5540829.320480721071362 ], [ 1261911.083918832940981, 5540929.320480721071362 ], [ 1262011.083918832940981, 5540929.320480721071362 ] ] ] ] } },
{ "type": "Feature", "properties": { "id": 373, "left": 1261911.0839188329, "top": 5540829.3204807211, "right": 1262011.0839188329, "bottom": 5540729.3204807211, "row_index": 32, "col_index": 10, "area": 24725141.879000001, "perimeter": 30542.734, "codzona": "D", "numquart": 15, "nomezona": "Colli", "intersect_area": 10000.0 }, "geometry": { "type": "MultiPolygon", "coordinates": [ [ [ [ 1262011.083918832940981, 5540829.320480721071362 ], [ 1262011.083918832940981, 5540729.320480721071362 ], [ 1261911.083918832940981, 5540729.320480721071362 ], [ 1261911.083918832940981, 5540829.320480721071362 ], [ 1262011.083918832940981, 5540829.320480721071362 ] ] ] ] } },
{ "type": "Feature", "properties": { "id": 374, "left": 1261911.0839188329, "top": 5540729.3204807211, "right": 1262011.0839188329, "bottom": 5540629.3204807211, "row_index": 33, "col_index": 10, "area": 24725141.879000001, "perimeter": 30542.734, "codzona": "D", "numquart": 15, "nomezona": "Colli", "intersect_area": 10000.0 }, "geometry": { "type": "MultiPolygon", "coordinates": [ [ [ [ 1262011.083918832940981, 5540729.320480721071362 ], [ 1262011.083918832940981, 5540629.320480721071362 ], [ 1261911.083918832940981, 5540629.320480721071362 ], [ 1261911.083918832940981, 5540729.320480721071362 ], [ 1262011.083918832940981, 5540729.320480721071362 ] ] ] ] } },
{ "type": "Feature", "properties": { "id": 375, "left": 1262011.0839188329, "top": 5544029.3204807211, "right": 1262111.0839188329, "bottom": 5543929.3204807211, "row_index": 0, "col_index": 11, "area": 2668885.563, "perimeter": 7571.745, "codzona": "P", "numquart": 13, "nomezona": "Saffi", "intersect_area": 10000.0 }, "geometry": { "type": "MultiPolygon", "coordinates": [ [ [ [ 1262111.083918832940981, 5544029.320480721071362 ], [ 1262111.083918832940981, 5543929.320480721071362 ], [ 1262011.083918832940981, 5543929.320480721071362 ], [ 1262011.083918832940981, 5544029.320480721071362 ], [ 1262111.083918832940981, 5544029.320480721071362 ] ] ] ] } },
{ "type": "Feature", "properties": { "id": 376, "left": 1262011.0839188329, "top": 5543929.3204807211, "right": 1262111.0839188329, "bottom": 5543829.3204807211, "row_index": 1, "col_index": 11, "area": 2668885.563, "perimeter": 7571.745, "codzona": "P", "numquart": 13, "nomezona": "Saffi", "intersect_area": 6540.885403573513 }, "geometry": { "type": "MultiPolygon", "coordinates": [ [ [ [ 1262111.083918832940981, 5543929.320480721071362 ], [ 1262111.083918832940981, 5543898.474037260748446 ], [ 1262104.775915493490174, 5543894.686755146831274 ], [ 1262011.919504397083074, 5543829.320480721071362 ], [ 1262011.083918832940981, 5543829.320480721071362 ], [ 1262011.083918832940981, 5543929.320480721071362 ], [ 1262111.083918832940981, 5543929.320480721071362 ] ] ] ] } },
{ "type": "Feature", "properties": { "id": 376, "left": 1262011.0839188329, "top": 5543929.3204807211, "right": 1262111.0839188329, "bottom": 5543829.3204807211, "row_index": 1, "col_index": 11, "area": 1058290.413, "perimeter": 4426.128, "codzona": "M", "numquart": 13, "nomezona": "Marconi", "intersect_area": 3459.1145964041352 }, "geometry": { "type": "MultiPolygon", "coordinates": [ [ [ [ 1262111.083918832940981, 5543829.320480721071362 ], [ 1262011.919504397083074, 5543829.320480721071362 ], [ 1262104.775915493490174, 5543894.686755146831274 ], [ 1262111.083918832940981, 5543898.474037260748446 ], [ 1262111.083918832940981, 5543829.320480721071362 ] ] ] ] } },
{ "type": "Feature", "properties": { "id": 377, "left": 1262011.0839188329, "top": 5543829.3204807211, "right": 1262111.0839188329, "bottom": 5543729.3204807211, "row_index": 2, "col_index": 11, "area": 2668885.563, "perimeter": 7571.745, "codzona": "P", "numquart": 13, "nomezona": "Saffi", "intersect_area": 0.24575009802356362 }, "geometry": { "type": "MultiPolygon", "coordinates": [ [ [ [ 1262011.919504397083074, 5543829.320480721071362 ], [ 1262011.083918832940981, 5543828.732270228676498 ], [ 1262011.083918832940981, 5543829.320480721071362 ], [ 1262011.919504397083074, 5543829.320480721071362 ] ] ] ] } },
{ "type": "Feature", "properties": { "id": 377, "left": 1262011.0839188329, "top": 5543829.3204807211, "right": 1262111.0839188329, "bottom": 5543729.3204807211, "row_index": 2, "col_index": 11, "area": 1058290.413, "perimeter": 4426.128, "codzona": "M", "numquart": 13, "nomezona": "Marconi", "intersect_area": 9999.7542499303818 }, "geometry": { "type": "MultiPolygon", "coordinates": [ [ [ [ 1262111.083918832940981, 5543829.320480721071362 ], [ 1262111.083918832940981, 5543729.320480721071362 ], [ 1262011.083918832940981, 5543729.320480721071362 ], [ 1262011.083918832940981, 5543828.732270228676498 ], [ 1262011.919504397083074, 5543829.320480721071362 ], [ 1262111.083918832940981, 5543829.320480721071362 ] ] ] ] } },
{ "type": "Feature", "properties": { "id": 378, "left": 1262011.0839188329, "top": 5543729.3204807211, "right": 1262111.0839188329, "bottom": 5543629.3204807211, "row_index": 3, "col_index": 11, "area": 1058290.413, "perimeter": 4426.128, "codzona": "M", "numquart": 13, "nomezona": "Marconi", "intersect_area": 10000.0 }, "geometry": { "type": "MultiPolygon", "coordinates": [ [ [ [ 1262111.083918832940981, 5543729.320480721071362 ], [ 1262111.083918832940981, 5543629.320480721071362 ], [ 1262011.083918832940981, 5543629.320480721071362 ], [ 1262011.083918832940981, 5543729.320480721071362 ], [ 1262111.083918832940981, 5543729.320480721071362 ] ] ] ] } },
{ "type": "Feature", "properties": { "id": 379, "left": 1262011.0839188329, "top": 5543629.3204807211, "right": 1262111.0839188329, "bottom": 5543529.3204807211, "row_index": 4, "col_index": 11, "area": 1058290.413, "perimeter": 4426.128, "codzona": "M", "numquart": 13, "nomezona": "Marconi", "intersect_area": 10000.0 }, "geometry": { "type": "MultiPolygon", "coordinates": [ [ [ [ 1262111.083918832940981, 5543629.320480721071362 ], [ 1262111.083918832940981, 5543529.320480721071362 ], [ 1262011.083918832940981, 5543529.320480721071362 ], [ 1262011.083918832940981, 5543629.320480721071362 ], [ 1262111.083918832940981, 5543629.320480721071362 ] ] ] ] } },
{ "type": "Feature", "properties": { "id": 380, "left": 1262011.0839188329, "top": 5543529.3204807211, "right": 1262111.0839188329, "bottom": 5543429.3204807211, "row_index": 5, "col_index": 11, "area": 1058290.413, "perimeter": 4426.128, "codzona": "M", "numquart": 13, "nomezona": "Marconi", "intersect_area": 10000.0 }, "geometry": { "type": "MultiPolygon", "coordinates": [ [ [ [ 1262111.083918832940981, 5543529.320480721071362 ], [ 1262111.083918832940981, 5543429.320480721071362 ], [ 1262011.083918832940981, 5543429.320480721071362 ], [ 1262011.083918832940981, 5543529.320480721071362 ], [ 1262111.083918832940981, 5543529.320480721071362 ] ] ] ] } },
{ "type": "Feature", "properties": { "id": 381, "left": 1262011.0839188329, "top": 5543429.3204807211, "right": 1262111.0839188329, "bottom": 5543329.3204807211, "row_index": 6, "col_index": 11, "area": 1058290.413, "perimeter": 4426.128, "codzona": "M", "numquart": 13, "nomezona": "Marconi", "intersect_area": 10000.0 }, "geometry": { "type": "MultiPolygon", "coordinates": [ [ [ [ 1262111.083918832940981, 5543429.320480721071362 ], [ 1262111.083918832940981, 5543329.320480721071362 ], [ 1262011.083918832940981, 5543329.320480721071362 ], [ 1262011.083918832940981, 5543429.320480721071362 ], [ 1262111.083918832940981, 5543429.320480721071362 ] ] ] ] } },
{ "type": "Feature", "properties": { "id": 382, "left": 1262011.0839188329, "top": 5543329.3204807211, "right": 1262111.0839188329, "bottom": 5543229.3204807211, "row_index": 7, "col_index": 11, "area": 1058290.413, "perimeter": 4426.128, "codzona": "M", "numquart": 13, "nomezona": "Marconi", "intersect_area": 10000.0 }, "geometry": { "type": "MultiPolygon", "coordinates": [ [ [ [ 1262111.083918832940981, 5543329.320480721071362 ], [ 1262111.083918832940981, 5543229.320480721071362 ], [ 1262011.083918832940981, 5543229.320480721071362 ], [ 1262011.083918832940981, 5543329.320480721071362 ], [ 1262111.083918832940981, 5543329.320480721071362 ] ] ] ] } },
{ "type": "Feature", "properties": { "id": 383, "left": 1262011.0839188329, "top": 5543229.3204807211, "right": 1262111.0839188329, "bottom": 5543129.3204807211, "row_index": 8, "col_index": 11, "area": 1058290.413, "perimeter": 4426.128, "codzona": "M", "numquart": 13, "nomezona": "Marconi", "intersect_area": 10000.0 }, "geometry": { "type": "MultiPolygon", "coordinates": [ [ [ [ 1262111.083918832940981, 5543229.320480721071362 ], [ 1262111.083918832940981, 5543129.320480721071362 ], [ 1262011.083918832940981, 5543129.320480721071362 ], [ 1262011.083918832940981, 5543229.320480721071362 ], [ 1262111.083918832940981, 5543229.320480721071362 ] ] ] ] } },
{ "type": "Feature", "properties": { "id": 384, "left": 1262011.0839188329, "top": 5543129.3204807211, "right": 1262111.0839188329, "bottom": 5543029.3204807211, "row_index": 9, "col_index": 11, "area": 1058290.413, "perimeter": 4426.128, "codzona": "M", "numquart": 13, "nomezona": "Marconi", "intersect_area": 10000.0 }, "geometry": { "type": "MultiPolygon", "coordinates": [ [ [ [ 1262111.083918832940981, 5543129.320480721071362 ], [ 1262111.083918832940981, 5543029.320480721071362 ], [ 1262011.083918832940981, 5543029.320480721071362 ], [ 1262011.083918832940981, 5543129.320480721071362 ], [ 1262111.083918832940981, 5543129.320480721071362 ] ] ] ] } },
{ "type": "Feature", "properties": { "id": 385, "left": 1262011.0839188329, "top": 5543029.3204807211, "right": 1262111.0839188329, "bottom": 5542929.3204807211, "row_index": 10, "col_index": 11, "area": 1058290.413, "perimeter": 4426.128, "codzona": "M", "numquart": 13, "nomezona": "Marconi", "intersect_area": 10000.0 }, "geometry": { "type": "MultiPolygon", "coordinates": [ [ [ [ 1262111.083918832940981, 5543029.320480721071362 ], [ 1262111.083918832940981, 5542929.320480721071362 ], [ 1262011.083918832940981, 5542929.320480721071362 ], [ 1262011.083918832940981, 5543029.320480721071362 ], [ 1262111.083918832940981, 5543029.320480721071362 ] ] ] ] } },
{ "type": "Feature", "properties": { "id": 386, "left": 1262011.0839188329, "top": 5542929.3204807211, "right": 1262111.0839188329, "bottom": 5542829.3204807211, "row_index": 11, "col_index": 11, "area": 1058290.413, "perimeter": 4426.128, "codzona": "M", "numquart": 13, "nomezona": "Marconi", "intersect_area": 10000.0 }, "geometry": { "type": "MultiPolygon", "coordinates": [ [ [ [ 1262111.083918832940981, 5542929.320480721071362 ], [ 1262111.083918832940981, 5542829.320480721071362 ], [ 1262011.083918832940981, 5542829.320480721071362 ], [ 1262011.083918832940981, 5542929.320480721071362 ], [ 1262111.083918832940981, 5542929.320480721071362 ] ] ] ] } },
{ "type": "Feature", "properties": { "id": 387, "left": 1262011.0839188329, "top": 5542829.3204807211, "right": 1262111.0839188329, "bottom": 5542729.3204807211, "row_index": 12, "col_index": 11, "area": 1058290.413, "perimeter": 4426.128, "codzona": "M", "numquart": 13, "nomezona": "Marconi", "intersect_area": 10000.0 }, "geometry": { "type": "MultiPolygon", "coordinates": [ [ [ [ 1262111.083918832940981, 5542829.320480721071362 ], [ 1262111.083918832940981, 5542729.320480721071362 ], [ 1262011.083918832940981, 5542729.320480721071362 ], [ 1262011.083918832940981, 5542829.320480721071362 ], [ 1262111.083918832940981, 5542829.320480721071362 ] ] ] ] } },
{ "type": "Feature", "properties": { "id": 388, "left": 1262011.0839188329, "top": 5542729.3204807211, "right": 1262111.0839188329, "bottom": 5542629.3204807211, "row_index": 13, "col_index": 11, "area": 1058290.413, "perimeter": 4426.128, "codzona": "M", "numquart": 13, "nomezona": "Marconi", "intersect_area": 10000.0 }, "geometry": { "type": "MultiPolygon", "coordinates": [ [ [ [ 1262111.083918832940981, 5542729.320480721071362 ], [ 1262111.083918832940981, 5542629.320480721071362 ], [ 1262011.083918832940981, 5542629.320480721071362 ], [ 1262011.083918832940981, 5542729.320480721071362 ], [ 1262111.083918832940981, 5542729.320480721071362 ] ] ] ] } },
{ "type": "Feature", "properties": { "id": 389, "left": 1262011.0839188329, "top": 5542629.3204807211, "right": 1262111.0839188329, "bottom": 5542529.3204807211, "row_index": 14, "col_index": 11, "area": 1058290.413, "perimeter": 4426.128, "codzona": "M", "numquart": 13, "nomezona": "Marconi", "intersect_area": 10000.0 }, "geometry": { "type": "MultiPolygon", "coordinates": [ [ [ [ 1262111.083918832940981, 5542629.320480721071362 ], [ 1262111.083918832940981, 5542529.320480721071362 ], [ 1262011.083918832940981, 5542529.320480721071362 ], [ 1262011.083918832940981, 5542629.320480721071362 ], [ 1262111.083918832940981, 5542629.320480721071362 ] ] ] ] } },
{ "type": "Feature", "properties": { "id": 390, "left": 1262011.0839188329, "top": 5542529.3204807211, "right": 1262111.0839188329, "bottom": 5542429.3204807211, "row_index": 15, "col_index": 11, "area": 959599.953, "perimeter": 4269.096, "codzona": "L", "numquart": 13, "nomezona": "Malpighi", "intersect_area": 5613.8502228632569 }, "geometry": { "type": "MultiPolygon", "coordinates": [ [ [ [ 1262111.083918832940981, 5542429.320480721071362 ], [ 1262011.083918832940981, 5542429.320480721071362 ], [ 1262011.083918832940981, 5542504.147030612453818 ], [ 1262030.866423211991787, 5542497.1339549748227 ], [ 1262043.911807977594435, 5542491.227344523184001 ], [ 1262065.888122385367751, 5542482.429935644380748 ], [ 1262106.058617339236662, 5542470.299929109402001 ], [ 1262111.083918832940981, 5542469.219607290811837 ], [ 1262111.083918832940981, 5542429.320480721071362 ] ] ] ] } },
{ "type": "Feature", "properties": { "id": 390, "left": 1262011.0839188329, "top": 5542529.3204807211, "right": 1262111.0839188329, "bottom": 5542429.3204807211, "row_index": 15, "col_index": 11, "area": 1058290.413, "perimeter": 4426.128, "codzona": "M", "numquart": 13, "nomezona": "Marconi", "intersect_area": 4386.149777173996 }, "geometry": { "type": "MultiPolygon", "coordinates": [ [ [ [ 1262111.083918832940981, 5542529.320480721071362 ], [ 1262111.083918832940981, 5542469.219607290811837 ], [ 1262106.058617339236662, 5542470.299929109402001 ], [ 1262065.888122385367751, 5542482.429935644380748 ], [ 1262043.911807977594435, 5542491.227344523184001 ], [ 1262030.866423211991787, 5542497.1339549748227 ], [ 1262011.083918832940981, 5542504.147030612453818 ], [ 1262011.083918832940981, 5542529.320480721071362 ], [ 1262111.083918832940981, 5542529.320480721071362 ] ] ] ] } },
{ "type": "Feature", "properties": { "id": 391, "left": 1262011.0839188329, "top": 5542429.3204807211, "right": 1262111.0839188329, "bottom": 5542329.3204807211, "row_index": 16, "col_index": 11, "area": 959599.953, "perimeter": 4269.096, "codzona": "L", "numquart": 13, "nomezona": "Malpighi", "intersect_area": 10000.0 }, "geometry": { "type": "MultiPolygon", "coordinates": [ [ [ [ 1262111.083918832940981, 5542429.320480721071362 ], [ 1262111.083918832940981, 5542329.320480721071362 ], [ 1262011.083918832940981, 5542329.320480721071362 ], [ 1262011.083918832940981, 5542429.320480721071362 ], [ 1262111.083918832940981, 5542429.320480721071362 ] ] ] ] } },
{ "type": "Feature", "properties": { "id": 392, "left": 1262011.0839188329, "top": 5542329.3204807211, "right": 1262111.0839188329, "bottom": 5542229.3204807211, "row_index": 17, "col_index": 11, "area": 959599.953, "perimeter": 4269.096, "codzona": "L", "numquart": 13, "nomezona": "Malpighi", "intersect_area": 10000.0 }, "geometry": { "type": "MultiPolygon", "coordinates": [ [ [ [ 1262111.083918832940981, 5542329.320480721071362 ], [ 1262111.083918832940981, 5542229.320480721071362 ], [ 1262011.083918832940981, 5542229.320480721071362 ], [ 1262011.083918832940981, 5542329.320480721071362 ], [ 1262111.083918832940981, 5542329.320480721071362 ] ] ] ] } },
{ "type": "Feature", "properties": { "id": 393, "left": 1262011.0839188329, "top": 5542229.3204807211, "right": 1262111.0839188329, "bottom": 5542129.3204807211, "row_index": 18, "col_index": 11, "area": 959599.953, "perimeter": 4269.096, "codzona": "L", "numquart": 13, "nomezona": "Malpighi", "intersect_area": 10000.0 }, "geometry": { "type": "MultiPolygon", "coordinates": [ [ [ [ 1262111.083918832940981, 5542229.320480721071362 ], [ 1262111.083918832940981, 5542129.320480721071362 ], [ 1262011.083918832940981, 5542129.320480721071362 ], [ 1262011.083918832940981, 5542229.320480721071362 ], [ 1262111.083918832940981, 5542229.320480721071362 ] ] ] ] } },
{ "type": "Feature", "properties": { "id": 394, "left": 1262011.0839188329, "top": 5542129.3204807211, "right": 1262111.0839188329, "bottom": 5542029.3204807211, "row_index": 19, "col_index": 11, "area": 959599.953, "perimeter": 4269.096, "codzona": "L", "numquart": 13, "nomezona": "Malpighi", "intersect_area": 10000.0 }, "geometry": { "type": "MultiPolygon", "coordinates": [ [ [ [ 1262111.083918832940981, 5542129.320480721071362 ], [ 1262111.083918832940981, 5542029.320480721071362 ], [ 1262011.083918832940981, 5542029.320480721071362 ], [ 1262011.083918832940981, 5542129.320480721071362 ], [ 1262111.083918832940981, 5542129.320480721071362 ] ] ] ] } },
{ "type": "Feature", "properties": { "id": 395, "left": 1262011.0839188329, "top": 5542029.3204807211, "right": 1262111.0839188329, "bottom": 5541929.3204807211, "row_index": 20, "col_index": 11, "area": 959599.953, "perimeter": 4269.096, "codzona": "L", "numquart": 13, "nomezona": "Malpighi", "intersect_area": 10000.0 }, "geometry": { "type": "MultiPolygon", "coordinates": [ [ [ [ 1262111.083918832940981, 5542029.320480721071362 ], [ 1262111.083918832940981, 5541929.320480721071362 ], [ 1262011.083918832940981, 5541929.320480721071362 ], [ 1262011.083918832940981, 5542029.320480721071362 ], [ 1262111.083918832940981, 5542029.320480721071362 ] ] ] ] } },
{ "type": "Feature", "properties": { "id": 396, "left": 1262011.0839188329, "top": 5541929.3204807211, "right": 1262111.0839188329, "bottom": 5541829.3204807211, "row_index": 21, "col_index": 11, "area": 959599.953, "perimeter": 4269.096, "codzona": "L", "numquart": 13, "nomezona": "Malpighi", "intersect_area": 10000.0 }, "geometry": { "type": "MultiPolygon", "coordinates": [ [ [ [ 1262111.083918832940981, 5541929.320480721071362 ], [ 1262111.083918832940981, 5541829.320480721071362 ], [ 1262011.083918832940981, 5541829.320480721071362 ], [ 1262011.083918832940981, 5541929.320480721071362 ], [ 1262111.083918832940981, 5541929.320480721071362 ] ] ] ] } },
{ "type": "Feature", "properties": { "id": 397, "left": 1262011.0839188329, "top": 5541829.3204807211, "right": 1262111.0839188329, "bottom": 5541729.3204807211, "row_index": 22, "col_index": 11, "area": 959599.953, "perimeter": 4269.096, "codzona": "L", "numquart": 13, "nomezona": "Malpighi", "intersect_area": 10000.0 }, "geometry": { "type": "MultiPolygon", "coordinates": [ [ [ [ 1262111.083918832940981, 5541829.320480721071362 ], [ 1262111.083918832940981, 5541729.320480721071362 ], [ 1262011.083918832940981, 5541729.320480721071362 ], [ 1262011.083918832940981, 5541829.320480721071362 ], [ 1262111.083918832940981, 5541829.320480721071362 ] ] ] ] } },
{ "type": "Feature", "properties": { "id": 398, "left": 1262011.0839188329, "top": 5541729.3204807211, "right": 1262111.0839188329, "bottom": 5541629.3204807211, "row_index": 23, "col_index": 11, "area": 959599.953, "perimeter": 4269.096, "codzona": "L", "numquart": 13, "nomezona": "Malpighi", "intersect_area": 10000.0 }, "geometry": { "type": "MultiPolygon", "coordinates": [ [ [ [ 1262111.083918832940981, 5541729.320480721071362 ], [ 1262111.083918832940981, 5541629.320480721071362 ], [ 1262011.083918832940981, 5541629.320480721071362 ], [ 1262011.083918832940981, 5541729.320480721071362 ], [ 1262111.083918832940981, 5541729.320480721071362 ] ] ] ] } },
{ "type": "Feature", "properties": { "id": 399, "left": 1262011.0839188329, "top": 5541629.3204807211, "right": 1262111.0839188329, "bottom": 5541529.3204807211, "row_index": 24, "col_index": 11, "area": 959599.953, "perimeter": 4269.096, "codzona": "L", "numquart": 13, "nomezona": "Malpighi", "intersect_area": 10000.0 }, "geometry": { "type": "MultiPolygon", "coordinates": [ [ [ [ 1262111.083918832940981, 5541629.320480721071362 ], [ 1262111.083918832940981, 5541529.320480721071362 ], [ 1262011.083918832940981, 5541529.320480721071362 ], [ 1262011.083918832940981, 5541629.320480721071362 ], [ 1262111.083918832940981, 5541629.320480721071362 ] ] ] ] } },
{ "type": "Feature", "properties": { "id": 400, "left": 1262011.0839188329, "top": 5541529.3204807211, "right": 1262111.0839188329, "bottom": 5541429.3204807211, "row_index": 25, "col_index": 11, "area": 959599.953, "perimeter": 4269.096, "codzona": "L", "numquart": 13, "nomezona": "Malpighi", "intersect_area": 10000.0 }, "geometry": { "type": "MultiPolygon", "coordinates": [ [ [ [ 1262111.083918832940981, 5541529.320480721071362 ], [ 1262111.083918832940981, 5541429.320480721071362 ], [ 1262011.083918832940981, 5541429.320480721071362 ], [ 1262011.083918832940981, 5541529.320480721071362 ], [ 1262111.083918832940981, 5541529.320480721071362 ] ] ] ] } },
{ "type": "Feature", "properties": { "id": 401, "left": 1262011.0839188329, "top": 5541429.3204807211, "right": 1262111.0839188329, "bottom": 5541329.3204807211, "row_index": 26, "col_index": 11, "area": 959599.953, "perimeter": 4269.096, "codzona": "L", "numquart": 13, "nomezona": "Malpighi", "intersect_area": 10000.0 }, "geometry": { "type": "MultiPolygon", "coordinates": [ [ [ [ 1262111.083918832940981, 5541429.320480721071362 ], [ 1262111.083918832940981, 5541329.320480721071362 ], [ 1262011.083918832940981, 5541329.320480721071362 ], [ 1262011.083918832940981, 5541429.320480721071362 ], [ 1262111.083918832940981, 5541429.320480721071362 ] ] ] ] } },
{ "type": "Feature", "properties": { "id": 402, "left": 1262011.0839188329, "top": 5541329.3204807211, "right": 1262111.0839188329, "bottom": 5541229.3204807211, "row_index": 27, "col_index": 11, "area": 959599.953, "perimeter": 4269.096, "codzona": "L", "numquart": 13, "nomezona": "Malpighi", "intersect_area": 10000.0 }, "geometry": { "type": "MultiPolygon", "coordinates": [ [ [ [ 1262111.083918832940981, 5541329.320480721071362 ], [ 1262111.083918832940981, 5541229.320480721071362 ], [ 1262011.083918832940981, 5541229.320480721071362 ], [ 1262011.083918832940981, 5541329.320480721071362 ], [ 1262111.083918832940981, 5541329.320480721071362 ] ] ] ] } },
{ "type": "Feature", "properties": { "id": 403, "left": 1262011.0839188329, "top": 5541229.3204807211, "right": 1262111.0839188329, "bottom": 5541129.3204807211, "row_index": 28, "col_index": 11, "area": 24725141.879000001, "perimeter": 30542.734, "codzona": "D", "numquart": 15, "nomezona": "Colli", "intersect_area": 3092.3535492350347 }, "geometry": { "type": "MultiPolygon", "coordinates": [ [ [ [ 1262111.083918832940981, 5541129.320480721071362 ], [ 1262011.083918832940981, 5541129.320480721071362 ], [ 1262011.083918832940981, 5541187.125198093242943 ], [ 1262026.184472917113453, 5541179.010213195346296 ], [ 1262045.060316068353131, 5541168.98621825594455 ], [ 1262066.516323120798916, 5541157.39556769747287 ], [ 1262075.515548326307908, 5541152.531278474256396 ], [ 1262078.148502212017775, 5541151.091384310275316 ], [ 1262111.083918832940981, 5541133.096724069677293 ], [ 1262111.083918832940981, 5541129.320480721071362 ] ] ] ] } },
{ "type": "Feature", "properties": { "id": 403, "left": 1262011.0839188329, "top": 5541229.3204807211, "right": 1262111.0839188329, "bottom": 5541129.3204807211, "row_index": 28, "col_index": 11, "area": 959599.953, "perimeter": 4269.096, "codzona": "L", "numquart": 13, "nomezona": "Malpighi", "intersect_area": 6907.6464507579803 }, "geometry": { "type": "MultiPolygon", "coordinates": [ [ [ [ 1262111.083918832940981, 5541229.320480721071362 ], [ 1262111.083918832940981, 5541133.096724069677293 ], [ 1262078.148502212017775, 5541151.091384310275316 ], [ 1262075.515548326307908, 5541152.531278474256396 ], [ 1262066.516323120798916, 5541157.39556769747287 ], [ 1262045.060316068353131, 5541168.98621825594455 ], [ 1262026.184472917113453, 5541179.010213195346296 ], [ 1262011.083918832940981, 5541187.125198093242943 ], [ 1262011.083918832940981, 5541229.320480721071362 ], [ 1262111.083918832940981, 5541229.320480721071362 ] ] ] ] } },
{ "type": "Feature", "properties": { "id": 404, "left": 1262011.0839188329, "top": 5541129.3204807211, "right": 1262111.0839188329, "bottom": 5541029.3204807211, "row_index": 29, "col_index": 11, "area": 24725141.879000001, "perimeter": 30542.734, "codzona": "D", "numquart": 15, "nomezona": "Colli", "intersect_area": 10000.0 }, "geometry": { "type": "MultiPolygon", "coordinates": [ [ [ [ 1262111.083918832940981, 5541129.320480721071362 ], [ 1262111.083918832940981, 5541029.320480721071362 ], [ 1262011.083918832940981, 5541029.320480721071362 ], [ 1262011.083918832940981, 5541129.320480721071362 ], [ 1262111.083918832940981, 5541129.320480721071362 ] ] ] ] } },
{ "type": "Feature", "properties": { "id": 405, "left": 1262011.0839188329, "top": 5541029.3204807211, "right": 1262111.0839188329, "bottom": 5540929.3204807211, "row_index": 30, "col_index": 11, "area": 24725141.879000001, "perimeter": 30542.734, "codzona": "D", "numquart": 15, "nomezona": "Colli", "intersect_area": 10000.0 }, "geometry": { "type": "MultiPolygon", "coordinates": [ [ [ [ 1262111.083918832940981, 5541029.320480721071362 ], [ 1262111.083918832940981, 5540929.320480721071362 ], [ 1262011.083918832940981, 5540929.320480721071362 ], [ 1262011.083918832940981, 5541029.320480721071362 ], [ 1262111.083918832940981, 5541029.320480721071362 ] ] ] ] } },
{ "type": "Feature", "properties": { "id": 406, "left": 1262011.0839188329, "top": 5540929.3204807211, "right": 1262111.0839188329, "bottom": 5540829.3204807211, "row_index": 31, "col_index": 11, "area": 24725141.879000001, "perimeter": 30542.734, "codzona": "D", "numquart": 15, "nomezona": "Colli", "intersect_area": 10000.0 }, "geometry": { "type": "MultiPolygon", "coordinates": [ [ [ [ 1262111.083918832940981, 5540929.320480721071362 ], [ 1262111.083918832940981, 5540829.320480721071362 ], [ 1262011.083918832940981, 5540829.320480721071362 ], [ 1262011.083918832940981, 5540929.320480721071362 ], [ 1262111.083918832940981, 5540929.320480721071362 ] ] ] ] } },
{ "type": "Feature", "properties": { "id": 407, "left": 1262011.0839188329, "top": 5540829.3204807211, "right": 1262111.0839188329, "bottom": 5540729.3204807211, "row_index": 32, "col_index": 11, "area": 24725141.879000001, "perimeter": 30542.734, "codzona": "D", "numquart": 15, "nomezona": "Colli", "intersect_area": 10000.0 }, "geometry": { "type": "MultiPolygon", "coordinates": [ [ [ [ 1262111.083918832940981, 5540829.320480721071362 ], [ 1262111.083918832940981, 5540729.320480721071362 ], [ 1262011.083918832940981, 5540729.320480721071362 ], [ 1262011.083918832940981, 5540829.320480721071362 ], [ 1262111.083918832940981, 5540829.320480721071362 ] ] ] ] } },
{ "type": "Feature", "properties": { "id": 408, "left": 1262011.0839188329, "top": 5540729.3204807211, "right": 1262111.0839188329, "bottom": 5540629.3204807211, "row_index": 33, "col_index": 11, "area": 24725141.879000001, "perimeter": 30542.734, "codzona": "D", "numquart": 15, "nomezona": "Colli", "intersect_area": 10000.0 }, "geometry": { "type": "MultiPolygon", "coordinates": [ [ [ [ 1262111.083918832940981, 5540729.320480721071362 ], [ 1262111.083918832940981, 5540629.320480721071362 ], [ 1262011.083918832940981, 5540629.320480721071362 ], [ 1262011.083918832940981, 5540729.320480721071362 ], [ 1262111.083918832940981, 5540729.320480721071362 ] ] ] ] } },
{ "type": "Feature", "properties": { "id": 409, "left": 1262111.0839188329, "top": 5544029.3204807211, "right": 1262211.0839188329, "bottom": 5543929.3204807211, "row_index": 0, "col_index": 12, "area": 2668885.563, "perimeter": 7571.745, "codzona": "P", "numquart": 13, "nomezona": "Saffi", "intersect_area": 8776.3720129132271 }, "geometry": { "type": "MultiPolygon", "coordinates": [ [ [ [ 1262211.083918832940981, 5544029.320480721071362 ], [ 1262211.083918832940981, 5543971.279540415853262 ], [ 1262189.905912738293409, 5543956.384198544546962 ], [ 1262184.458924480946735, 5543952.345955147407949 ], [ 1262153.508164640748873, 5543929.320480721071362 ], [ 1262111.083918832940981, 5543929.320480721071362 ], [ 1262111.083918832940981, 5544029.320480721071362 ], [ 1262211.083918832940981, 5544029.320480721071362 ] ] ] ] } },
{ "type": "Feature", "properties": { "id": 409, "left": 1262111.0839188329, "top": 5544029.3204807211, "right": 1262211.0839188329, "bottom": 5543929.3204807211, "row_index": 0, "col_index": 12, "area": 1058290.413, "perimeter": 4426.128, "codzona": "M", "numquart": 13, "nomezona": "Marconi", "intersect_area": 1223.627987075597 }, "geometry": { "type": "MultiPolygon", "coordinates": [ [ [ [ 1262211.083918832940981, 5543929.320480721071362 ], [ 1262153.508164640748873, 5543929.320480721071362 ], [ 1262184.458924480946735, 5543952.345955147407949 ], [ 1262189.905912738293409, 5543956.384198544546962 ], [ 1262211.083918832940981, 5543971.279540415853262 ], [ 1262211.083918832940981, 5543929.320480721071362 ] ] ] ] } },
{ "type": "Feature", "properties": { "id": 410, "left": 1262111.0839188329, "top": 5543929.3204807211, "right": 1262211.0839188329, "bottom": 5543829.3204807211, "row_index": 1, "col_index": 12, "area": 2668885.563, "perimeter": 7571.745, "codzona": "P", "numquart": 13, "nomezona": "Saffi", "intersect_area": 667.69807842373848 }, "geometry": { "type": "MultiPolygon", "coordinates": [ [ [ [ 1262153.508164640748873, 5543929.320480721071362 ], [ 1262116.062147942138836, 5543901.462932011112571 ], [ 1262111.083918832940981, 5543898.474037260748446 ], [ 1262111.083918832940981, 5543929.320480721071362 ], [ 1262153.508164640748873, 5543929.320480721071362 ] ] ] ] } },
{ "type": "Feature", "properties": { "id": 410, "left": 1262111.0839188329, "top": 5543929.3204807211, "right": 1262211.0839188329, "bottom": 5543829.3204807211, "row_index": 1, "col_index": 12, "area": 1058290.413, "perimeter": 4426.128, "codzona": "M", "numquart": 13, "nomezona": "Marconi", "intersect_area": 9332.3019215762615 }, "geometry": { "type": "MultiPolygon", "coordinates": [ [ [ [ 1262211.083918832940981, 5543929.320480721071362 ], [ 1262211.083918832940981, 5543829.320480721071362 ], [ 1262111.083918832940981, 5543829.320480721071362 ], [ 1262111.083918832940981, 5543898.474037260748446 ], [ 1262116.062147942138836, 5543901.462932011112571 ], [ 1262153.508164640748873, 5543929.320480721071362 ], [ 1262211.083918832940981, 5543929.320480721071362 ] ] ] ] } },
{ "type": "Feature", "properties": { "id": 411, "left": 1262111.0839188329, "top": 5543829.3204807211, "right": 1262211.0839188329, "bottom": 5543729.3204807211, "row_index": 2, "col_index": 12, "area": 1058290.413, "perimeter": 4426.128, "codzona": "M", "numquart": 13, "nomezona": "Marconi", "intersect_area": 10000.0 }, "geometry": { "type": "MultiPolygon", "coordinates": [ [ [ [ 1262211.083918832940981, 5543829.320480721071362 ], [ 1262211.083918832940981, 5543729.320480721071362 ], [ 1262111.083918832940981, 5543729.320480721071362 ], [ 1262111.083918832940981, 5543829.320480721071362 ], [ 1262211.083918832940981, 5543829.320480721071362 ] ] ] ] } },
{ "type": "Feature", "properties": { "id": 412, "left": 1262111.0839188329, "top": 5543729.3204807211, "right": 1262211.0839188329, "bottom": 5543629.3204807211, "row_index": 3, "col_index": 12, "area": 1058290.413, "perimeter": 4426.128, "codzona": "M", "numquart": 13, "nomezona": "Marconi", "intersect_area": 10000.0 }, "geometry": { "type": "MultiPolygon", "coordinates": [ [ [ [ 1262211.083918832940981, 5543729.320480721071362 ], [ 1262211.083918832940981, 5543629.320480721071362 ], [ 1262111.083918832940981, 5543629.320480721071362 ], [ 1262111.083918832940981, 5543729.320480721071362 ], [ 1262211.083918832940981, 5543729.320480721071362 ] ] ] ] } },
{ "type": "Feature", "properties": { "id": 413, "left": 1262111.0839188329, "top": 5543629.3204807211, "right": 1262211.0839188329, "bottom": 5543529.3204807211, "row_index": 4, "col_index": 12, "area": 1058290.413, "perimeter": 4426.128, "codzona": "M", "numquart": 13, "nomezona": "Marconi", "intersect_area": 10000.0 }, "geometry": { "type": "MultiPolygon", "coordinates": [ [ [ [ 1262211.083918832940981, 5543629.320480721071362 ], [ 1262211.083918832940981, 5543529.320480721071362 ], [ 1262111.083918832940981, 5543529.320480721071362 ], [ 1262111.083918832940981, 5543629.320480721071362 ], [ 1262211.083918832940981, 5543629.320480721071362 ] ] ] ] } },
{ "type": "Feature", "properties": { "id": 414, "left": 1262111.0839188329, "top": 5543529.3204807211, "right": 1262211.0839188329, "bottom": 5543429.3204807211, "row_index": 5, "col_index": 12, "area": 1058290.413, "perimeter": 4426.128, "codzona": "M", "numquart": 13, "nomezona": "Marconi", "intersect_area": 10000.0 }, "geometry": { "type": "MultiPolygon", "coordinates": [ [ [ [ 1262211.083918832940981, 5543529.320480721071362 ], [ 1262211.083918832940981, 5543429.320480721071362 ], [ 1262111.083918832940981, 5543429.320480721071362 ], [ 1262111.083918832940981, 5543529.320480721071362 ], [ 1262211.083918832940981, 5543529.320480721071362 ] ] ] ] } },
{ "type": "Feature", "properties": { "id": 415, "left": 1262111.0839188329, "top": 5543429.3204807211, "right": 1262211.0839188329, "bottom": 5543329.3204807211, "row_index": 6, "col_index": 12, "area": 1058290.413, "perimeter": 4426.128, "codzona": "M", "numquart": 13, "nomezona": "Marconi", "intersect_area": 10000.0 }, "geometry": { "type": "MultiPolygon", "coordinates": [ [ [ [ 1262211.083918832940981, 5543429.320480721071362 ], [ 1262211.083918832940981, 5543329.320480721071362 ], [ 1262111.083918832940981, 5543329.320480721071362 ], [ 1262111.083918832940981, 5543429.320480721071362 ], [ 1262211.083918832940981, 5543429.320480721071362 ] ] ] ] } },
{ "type": "Feature", "properties": { "id": 416, "left": 1262111.0839188329, "top": 5543329.3204807211, "right": 1262211.0839188329, "bottom": 5543229.3204807211, "row_index": 7, "col_index": 12, "area": 1058290.413, "perimeter": 4426.128, "codzona": "M", "numquart": 13, "nomezona": "Marconi", "intersect_area": 10000.0 }, "geometry": { "type": "MultiPolygon", "coordinates": [ [ [ [ 1262211.083918832940981, 5543329.320480721071362 ], [ 1262211.083918832940981, 5543229.320480721071362 ], [ 1262111.083918832940981, 5543229.320480721071362 ], [ 1262111.083918832940981, 5543329.320480721071362 ], [ 1262211.083918832940981, 5543329.320480721071362 ] ] ] ] } },
{ "type": "Feature", "properties": { "id": 417, "left": 1262111.0839188329, "top": 5543229.3204807211, "right": 1262211.0839188329, "bottom": 5543129.3204807211, "row_index": 8, "col_index": 12, "area": 1058290.413, "perimeter": 4426.128, "codzona": "M", "numquart": 13, "nomezona": "Marconi", "intersect_area": 10000.0 }, "geometry": { "type": "MultiPolygon", "coordinates": [ [ [ [ 1262211.083918832940981, 5543229.320480721071362 ], [ 1262211.083918832940981, 5543129.320480721071362 ], [ 1262111.083918832940981, 5543129.320480721071362 ], [ 1262111.083918832940981, 5543229.320480721071362 ], [ 1262211.083918832940981, 5543229.320480721071362 ] ] ] ] } },
{ "type": "Feature", "properties": { "id": 418, "left": 1262111.0839188329, "top": 5543129.3204807211, "right": 1262211.0839188329, "bottom": 5543029.3204807211, "row_index": 9, "col_index": 12, "area": 1058290.413, "perimeter": 4426.128, "codzona": "M", "numquart": 13, "nomezona": "Marconi", "intersect_area": 10000.0 }, "geometry": { "type": "MultiPolygon", "coordinates": [ [ [ [ 1262211.083918832940981, 5543129.320480721071362 ], [ 1262211.083918832940981, 5543029.320480721071362 ], [ 1262111.083918832940981, 5543029.320480721071362 ], [ 1262111.083918832940981, 5543129.320480721071362 ], [ 1262211.083918832940981, 5543129.320480721071362 ] ] ] ] } },
{ "type": "Feature", "properties": { "id": 419, "left": 1262111.0839188329, "top": 5543029.3204807211, "right": 1262211.0839188329, "bottom": 5542929.3204807211, "row_index": 10, "col_index": 12, "area": 1058290.413, "perimeter": 4426.128, "codzona": "M", "numquart": 13, "nomezona": "Marconi", "intersect_area": 10000.0 }, "geometry": { "type": "MultiPolygon", "coordinates": [ [ [ [ 1262211.083918832940981, 5543029.320480721071362 ], [ 1262211.083918832940981, 5542929.320480721071362 ], [ 1262111.083918832940981, 5542929.320480721071362 ], [ 1262111.083918832940981, 5543029.320480721071362 ], [ 1262211.083918832940981, 5543029.320480721071362 ] ] ] ] } },
{ "type": "Feature", "properties": { "id": 420, "left": 1262111.0839188329, "top": 5542929.3204807211, "right": 1262211.0839188329, "bottom": 5542829.3204807211, "row_index": 11, "col_index": 12, "area": 1058290.413, "perimeter": 4426.128, "codzona": "M", "numquart": 13, "nomezona": "Marconi", "intersect_area": 10000.0 }, "geometry": { "type": "MultiPolygon", "coordinates": [ [ [ [ 1262211.083918832940981, 5542929.320480721071362 ], [ 1262211.083918832940981, 5542829.320480721071362 ], [ 1262111.083918832940981, 5542829.320480721071362 ], [ 1262111.083918832940981, 5542929.320480721071362 ], [ 1262211.083918832940981, 5542929.320480721071362 ] ] ] ] } },
{ "type": "Feature", "properties": { "id": 421, "left": 1262111.0839188329, "top": 5542829.3204807211, "right": 1262211.0839188329, "bottom": 5542729.3204807211, "row_index": 12, "col_index": 12, "area": 1058290.413, "perimeter": 4426.128, "codzona": "M", "numquart": 13, "nomezona": "Marconi", "intersect_area": 10000.0 }, "geometry": { "type": "MultiPolygon", "coordinates": [ [ [ [ 1262211.083918832940981, 5542829.320480721071362 ], [ 1262211.083918832940981, 5542729.320480721071362 ], [ 1262111.083918832940981, 5542729.320480721071362 ], [ 1262111.083918832940981, 5542829.320480721071362 ], [ 1262211.083918832940981, 5542829.320480721071362 ] ] ] ] } },
{ "type": "Feature", "properties": { "id": 422, "left": 1262111.0839188329, "top": 5542729.3204807211, "right": 1262211.0839188329, "bottom": 5542629.3204807211, "row_index": 13, "col_index": 12, "area": 1058290.413, "perimeter": 4426.128, "codzona": "M", "numquart": 13, "nomezona": "Marconi", "intersect_area": 10000.0 }, "geometry": { "type": "MultiPolygon", "coordinates": [ [ [ [ 1262211.083918832940981, 5542729.320480721071362 ], [ 1262211.083918832940981, 5542629.320480721071362 ], [ 1262111.083918832940981, 5542629.320480721071362 ], [ 1262111.083918832940981, 5542729.320480721071362 ], [ 1262211.083918832940981, 5542729.320480721071362 ] ] ] ] } },
{ "type": "Feature", "properties": { "id": 423, "left": 1262111.0839188329, "top": 5542629.3204807211, "right": 1262211.0839188329, "bottom": 5542529.3204807211, "row_index": 14, "col_index": 12, "area": 1058290.413, "perimeter": 4426.128, "codzona": "M", "numquart": 13, "nomezona": "Marconi", "intersect_area": 10000.0 }, "geometry": { "type": "MultiPolygon", "coordinates": [ [ [ [ 1262211.083918832940981, 5542629.320480721071362 ], [ 1262211.083918832940981, 5542529.320480721071362 ], [ 1262111.083918832940981, 5542529.320480721071362 ], [ 1262111.083918832940981, 5542629.320480721071362 ], [ 1262211.083918832940981, 5542629.320480721071362 ] ] ] ] } },
{ "type": "Feature", "properties": { "id": 424, "left": 1262111.0839188329, "top": 5542529.3204807211, "right": 1262211.0839188329, "bottom": 5542429.3204807211, "row_index": 15, "col_index": 12, "area": 959599.953, "perimeter": 4269.096, "codzona": "L", "numquart": 13, "nomezona": "Malpighi", "intersect_area": 2915.4023010525852 }, "geometry": { "type": "MultiPolygon", "coordinates": [ [ [ [ 1262211.083918832940981, 5542429.320480721071362 ], [ 1262111.083918832940981, 5542429.320480721071362 ], [ 1262111.083918832940981, 5542469.219607290811837 ], [ 1262201.296211695531383, 5542449.826082659885287 ], [ 1262207.211857401533052, 5542448.602370288223028 ], [ 1262211.083918832940981, 5542447.792857944965363 ], [ 1262211.083918832940981, 5542429.320480721071362 ] ] ] ] } },
{ "type": "Feature", "properties": { "id": 424, "left": 1262111.0839188329, "top": 5542529.3204807211, "right": 1262211.0839188329, "bottom": 5542429.3204807211, "row_index": 15, "col_index": 12, "area": 1058290.413, "perimeter": 4426.128, "codzona": "M", "numquart": 13, "nomezona": "Marconi", "intersect_area": 7084.5976989269257 }, "geometry": { "type": "MultiPolygon", "coordinates": [ [ [ [ 1262211.083918832940981, 5542529.320480721071362 ], [ 1262211.083918832940981, 5542447.792857944965363 ], [ 1262207.211857401533052, 5542448.602370288223028 ], [ 1262201.296211695531383, 5542449.826082659885287 ], [ 1262111.083918832940981, 5542469.219607290811837 ], [ 1262111.083918832940981, 5542529.320480721071362 ], [ 1262211.083918832940981, 5542529.320480721071362 ] ] ] ] } },
{ "type": "Feature", "properties": { "id": 425, "left": 1262111.0839188329, "top": 5542429.3204807211, "right": 1262211.0839188329, "bottom": 5542329.3204807211, "row_index": 16, "col_index": 12, "area": 959599.953, "perimeter": 4269.096, "codzona": "L", "numquart": 13, "nomezona": "Malpighi", "intersect_area": 10000.0 }, "geometry": { "type": "MultiPolygon", "coordinates": [ [ [ [ 1262211.083918832940981, 5542429.320480721071362 ], [ 1262211.083918832940981, 5542329.320480721071362 ], [ 1262111.083918832940981, 5542329.320480721071362 ], [ 1262111.083918832940981, 5542429.320480721071362 ], [ 1262211.083918832940981, 5542429.320480721071362 ] ] ] ] } },
{ "type": "Feature", "properties": { "id": 426, "left": 1262111.0839188329, "top": 5542329.3204807211, "right": 1262211.0839188329, "bottom": 5542229.3204807211, "row_index": 17, "col_index": 12, "area": 959599.953, "perimeter": 4269.096, "codzona": "L", "numquart": 13, "nomezona": "Malpighi", "intersect_area": 10000.0 }, "geometry": { "type": "MultiPolygon", "coordinates": [ [ [ [ 1262211.083918832940981, 5542329.320480721071362 ], [ 1262211.083918832940981, 5542229.320480721071362 ], [ 1262111.083918832940981, 5542229.320480721071362 ], [ 1262111.083918832940981, 5542329.320480721071362 ], [ 1262211.083918832940981, 5542329.320480721071362 ] ] ] ] } },
{ "type": "Feature", "properties": { "id": 427, "left": 1262111.0839188329, "top": 5542229.3204807211, "right": 1262211.0839188329, "bottom": 5542129.3204807211, "row_index": 18, "col_index": 12, "area": 959599.953, "perimeter": 4269.096, "codzona": "L", "numquart": 13, "nomezona": "Malpighi", "intersect_area": 10000.0 }, "geometry": { "type": "MultiPolygon", "coordinates": [ [ [ [ 1262211.083918832940981, 5542229.320480721071362 ], [ 1262211.083918832940981, 5542129.320480721071362 ], [ 1262111.083918832940981, 5542129.320480721071362 ], [ 1262111.083918832940981, 5542229.320480721071362 ], [ 1262211.083918832940981, 5542229.320480721071362 ] ] ] ] } },
{ "type": "Feature", "properties": { "id": 428, "left": 1262111.0839188329, "top": 5542129.3204807211, "right": 1262211.0839188329, "bottom": 5542029.3204807211, "row_index": 19, "col_index": 12, "area": 959599.953, "perimeter": 4269.096, "codzona": "L", "numquart": 13, "nomezona": "Malpighi", "intersect_area": 10000.0 }, "geometry": { "type": "MultiPolygon", "coordinates": [ [ [ [ 1262211.083918832940981, 5542129.320480721071362 ], [ 1262211.083918832940981, 5542029.320480721071362 ], [ 1262111.083918832940981, 5542029.320480721071362 ], [ 1262111.083918832940981, 5542129.320480721071362 ], [ 1262211.083918832940981, 5542129.320480721071362 ] ] ] ] } },
{ "type": "Feature", "properties": { "id": 429, "left": 1262111.0839188329, "top": 5542029.3204807211, "right": 1262211.0839188329, "bottom": 5541929.3204807211, "row_index": 20, "col_index": 12, "area": 959599.953, "perimeter": 4269.096, "codzona": "L", "numquart": 13, "nomezona": "Malpighi", "intersect_area": 10000.0 }, "geometry": { "type": "MultiPolygon", "coordinates": [ [ [ [ 1262211.083918832940981, 5542029.320480721071362 ], [ 1262211.083918832940981, 5541929.320480721071362 ], [ 1262111.083918832940981, 5541929.320480721071362 ], [ 1262111.083918832940981, 5542029.320480721071362 ], [ 1262211.083918832940981, 5542029.320480721071362 ] ] ] ] } },
{ "type": "Feature", "properties": { "id": 430, "left": 1262111.0839188329, "top": 5541929.3204807211, "right": 1262211.0839188329, "bottom": 5541829.3204807211, "row_index": 21, "col_index": 12, "area": 959599.953, "perimeter": 4269.096, "codzona": "L", "numquart": 13, "nomezona": "Malpighi", "intersect_area": 10000.0 }, "geometry": { "type": "MultiPolygon", "coordinates": [ [ [ [ 1262211.083918832940981, 5541929.320480721071362 ], [ 1262211.083918832940981, 5541829.320480721071362 ], [ 1262111.083918832940981, 5541829.320480721071362 ], [ 1262111.083918832940981, 5541929.320480721071362 ], [ 1262211.083918832940981, 5541929.320480721071362 ] ] ] ] } },
{ "type": "Feature", "properties": { "id": 431, "left": 1262111.0839188329, "top": 5541829.3204807211, "right": 1262211.0839188329, "bottom": 5541729.3204807211, "row_index": 22, "col_index": 12, "area": 959599.953, "perimeter": 4269.096, "codzona": "L", "numquart": 13, "nomezona": "Malpighi", "intersect_area": 10000.0 }, "geometry": { "type": "MultiPolygon", "coordinates": [ [ [ [ 1262211.083918832940981, 5541829.320480721071362 ], [ 1262211.083918832940981, 5541729.320480721071362 ], [ 1262111.083918832940981, 5541729.320480721071362 ], [ 1262111.083918832940981, 5541829.320480721071362 ], [ 1262211.083918832940981, 5541829.320480721071362 ] ] ] ] } },
{ "type": "Feature", "properties": { "id": 432, "left": 1262111.0839188329, "top": 5541729.3204807211, "right": 1262211.0839188329, "bottom": 5541629.3204807211, "row_index": 23, "col_index": 12, "area": 959599.953, "perimeter": 4269.096, "codzona": "L", "numquart": 13, "nomezona": "Malpighi", "intersect_area": 10000.0 }, "geometry": { "type": "MultiPolygon", "coordinates": [ [ [ [ 1262211.083918832940981, 5541729.320480721071362 ], [ 1262211.083918832940981, 5541629.320480721071362 ], [ 1262111.083918832940981, 5541629.320480721071362 ], [ 1262111.083918832940981, 5541729.320480721071362 ], [ 1262211.083918832940981, 5541729.320480721071362 ] ] ] ] } },
{ "type": "Feature", "properties": { "id": 433, "left": 1262111.0839188329, "top": 5541629.3204807211, "right": 1262211.0839188329, "bottom": 5541529.3204807211, "row_index": 24, "col_index": 12, "area": 959599.953, "perimeter": 4269.096, "codzona": "L", "numquart": 13, "nomezona": "Malpighi", "intersect_area": 10000.0 }, "geometry": { "type": "MultiPolygon", "coordinates": [ [ [ [ 1262211.083918832940981, 5541629.320480721071362 ], [ 1262211.083918832940981, 5541529.320480721071362 ], [ 1262111.083918832940981, 5541529.320480721071362 ], [ 1262111.083918832940981, 5541629.320480721071362 ], [ 1262211.083918832940981, 5541629.320480721071362 ] ] ] ] } },
{ "type": "Feature", "properties": { "id": 434, "left": 1262111.0839188329, "top": 5541529.3204807211, "right": 1262211.0839188329, "bottom": 5541429.3204807211, "row_index": 25, "col_index": 12, "area": 959599.953, "perimeter": 4269.096, "codzona": "L", "numquart": 13, "nomezona": "Malpighi", "intersect_area": 10000.0 }, "geometry": { "type": "MultiPolygon", "coordinates": [ [ [ [ 1262211.083918832940981, 5541529.320480721071362 ], [ 1262211.083918832940981, 5541429.320480721071362 ], [ 1262111.083918832940981, 5541429.320480721071362 ], [ 1262111.083918832940981, 5541529.320480721071362 ], [ 1262211.083918832940981, 5541529.320480721071362 ] ] ] ] } },
{ "type": "Feature", "properties": { "id": 435, "left": 1262111.0839188329, "top": 5541429.3204807211, "right": 1262211.0839188329, "bottom": 5541329.3204807211, "row_index": 26, "col_index": 12, "area": 959599.953, "perimeter": 4269.096, "codzona": "L", "numquart": 13, "nomezona": "Malpighi", "intersect_area": 10000.0 }, "geometry": { "type": "MultiPolygon", "coordinates": [ [ [ [ 1262211.083918832940981, 5541429.320480721071362 ], [ 1262211.083918832940981, 5541329.320480721071362 ], [ 1262111.083918832940981, 5541329.320480721071362 ], [ 1262111.083918832940981, 5541429.320480721071362 ], [ 1262211.083918832940981, 5541429.320480721071362 ] ] ] ] } },
{ "type": "Feature", "properties": { "id": 436, "left": 1262111.0839188329, "top": 5541329.3204807211, "right": 1262211.0839188329, "bottom": 5541229.3204807211, "row_index": 27, "col_index": 12, "area": 959599.953, "perimeter": 4269.096, "codzona": "L", "numquart": 13, "nomezona": "Malpighi", "intersect_area": 10000.0 }, "geometry": { "type": "MultiPolygon", "coordinates": [ [ [ [ 1262211.083918832940981, 5541329.320480721071362 ], [ 1262211.083918832940981, 5541229.320480721071362 ], [ 1262111.083918832940981, 5541229.320480721071362 ], [ 1262111.083918832940981, 5541329.320480721071362 ], [ 1262211.083918832940981, 5541329.320480721071362 ] ] ] ] } },
{ "type": "Feature", "properties": { "id": 437, "left": 1262111.0839188329, "top": 5541229.3204807211, "right": 1262211.0839188329, "bottom": 5541129.3204807211, "row_index": 28, "col_index": 12, "area": 24725141.879000001, "perimeter": 30542.734, "codzona": "D", "numquart": 15, "nomezona": "Colli", "intersect_area": 13.049968440085649 }, "geometry": { "type": "MultiPolygon", "coordinates": [ [ [ [ 1262111.083918832940981, 5541129.320480721071362 ], [ 1262111.083918832940981, 5541133.096724069677293 ], [ 1262117.995532960863784, 5541129.320480721071362 ], [ 1262111.083918832940981, 5541129.320480721071362 ] ] ] ] } },
{ "type": "Feature", "properties": { "id": 437, "left": 1262111.0839188329, "top": 5541229.3204807211, "right": 1262211.0839188329, "bottom": 5541129.3204807211, "row_index": 28, "col_index": 12, "area": 959599.953, "perimeter": 4269.096, "codzona": "L", "numquart": 13, "nomezona": "Malpighi", "intersect_area": 9986.9500315785408 }, "geometry": { "type": "MultiPolygon", "coordinates": [ [ [ [ 1262211.083918832940981, 5541229.320480721071362 ], [ 1262211.083918832940981, 5541129.320480721071362 ], [ 1262117.995532960863784, 5541129.320480721071362 ], [ 1262111.083918832940981, 5541133.096724069677293 ], [ 1262111.083918832940981, 5541229.320480721071362 ], [ 1262211.083918832940981, 5541229.320480721071362 ] ] ] ] } },
{ "type": "Feature", "properties": { "id": 438, "left": 1262111.0839188329, "top": 5541129.3204807211, "right": 1262211.0839188329, "bottom": 5541029.3204807211, "row_index": 29, "col_index": 12, "area": 24725141.879000001, "perimeter": 30542.734, "codzona": "D", "numquart": 15, "nomezona": "Colli", "intersect_area": 7633.8388552218676 }, "geometry": { "type": "MultiPolygon", "coordinates": [ [ [ [ 1262117.995532960863784, 5541129.320480721071362 ], [ 1262153.963316236855462, 5541109.669050556607544 ], [ 1262211.083918832940981, 5541078.498146160505712 ], [ 1262211.083918832940981, 5541029.320480721071362 ], [ 1262111.083918832940981, 5541029.320480721071362 ], [ 1262111.083918832940981, 5541129.320480721071362 ], [ 1262117.995532960863784, 5541129.320480721071362 ] ] ] ] } },
{ "type": "Feature", "properties": { "id": 438, "left": 1262111.0839188329, "top": 5541129.3204807211, "right": 1262211.0839188329, "bottom": 5541029.3204807211, "row_index": 29, "col_index": 12, "area": 959599.953, "perimeter": 4269.096, "codzona": "L", "numquart": 13, "nomezona": "Malpighi", "intersect_area": 2366.1611447930336 }, "geometry": { "type": "MultiPolygon", "coordinates": [ [ [ [ 1262211.083918832940981, 5541129.320480721071362 ], [ 1262211.083918832940981, 5541078.498146160505712 ], [ 1262153.963316236855462, 5541109.669050556607544 ], [ 1262117.995532960863784, 5541129.320480721071362 ], [ 1262211.083918832940981, 5541129.320480721071362 ] ] ] ] } },
{ "type": "Feature", "properties": { "id": 439, "left": 1262111.0839188329, "top": 5541029.3204807211, "right": 1262211.0839188329, "bottom": 5540929.3204807211, "row_index": 30, "col_index": 12, "area": 24725141.879000001, "perimeter": 30542.734, "codzona": "D", "numquart": 15, "nomezona": "Colli", "intersect_area": 10000.0 }, "geometry": { "type": "MultiPolygon", "coordinates": [ [ [ [ 1262211.083918832940981, 5541029.320480721071362 ], [ 1262211.083918832940981, 5540929.320480721071362 ], [ 1262111.083918832940981, 5540929.320480721071362 ], [ 1262111.083918832940981, 5541029.320480721071362 ], [ 1262211.083918832940981, 5541029.320480721071362 ] ] ] ] } },
{ "type": "Feature", "properties": { "id": 440, "left": 1262111.0839188329, "top": 5540929.3204807211, "right": 1262211.0839188329, "bottom": 5540829.3204807211, "row_index": 31, "col_index": 12, "area": 24725141.879000001, "perimeter": 30542.734, "codzona": "D", "numquart": 15, "nomezona": "Colli", "intersect_area": 10000.0 }, "geometry": { "type": "MultiPolygon", "coordinates": [ [ [ [ 1262211.083918832940981, 5540929.320480721071362 ], [ 1262211.083918832940981, 5540829.320480721071362 ], [ 1262111.083918832940981, 5540829.320480721071362 ], [ 1262111.083918832940981, 5540929.320480721071362 ], [ 1262211.083918832940981, 5540929.320480721071362 ] ] ] ] } },
{ "type": "Feature", "properties": { "id": 441, "left": 1262111.0839188329, "top": 5540829.3204807211, "right": 1262211.0839188329, "bottom": 5540729.3204807211, "row_index": 32, "col_index": 12, "area": 24725141.879000001, "perimeter": 30542.734, "codzona": "D", "numquart": 15, "nomezona": "Colli", "intersect_area": 10000.0 }, "geometry": { "type": "MultiPolygon", "coordinates": [ [ [ [ 1262211.083918832940981, 5540829.320480721071362 ], [ 1262211.083918832940981, 5540729.320480721071362 ], [ 1262111.083918832940981, 5540729.320480721071362 ], [ 1262111.083918832940981, 5540829.320480721071362 ], [ 1262211.083918832940981, 5540829.320480721071362 ] ] ] ] } },
{ "type": "Feature", "properties": { "id": 442, "left": 1262111.0839188329, "top": 5540729.3204807211, "right": 1262211.0839188329, "bottom": 5540629.3204807211, "row_index": 33, "col_index": 12, "area": 24725141.879000001, "perimeter": 30542.734, "codzona": "D", "numquart": 15, "nomezona": "Colli", "intersect_area": 10000.0 }, "geometry": { "type": "MultiPolygon", "coordinates": [ [ [ [ 1262211.083918832940981, 5540729.320480721071362 ], [ 1262211.083918832940981, 5540629.320480721071362 ], [ 1262111.083918832940981, 5540629.320480721071362 ], [ 1262111.083918832940981, 5540729.320480721071362 ], [ 1262211.083918832940981, 5540729.320480721071362 ] ] ] ] } },
{ "type": "Feature", "properties": { "id": 443, "left": 1262211.0839188329, "top": 5544029.3204807211, "right": 1262311.0839188329, "bottom": 5543929.3204807211, "row_index": 0, "col_index": 13, "area": 2668885.563, "perimeter": 7571.745, "codzona": "P", "numquart": 13, "nomezona": "Saffi", "intersect_area": 2518.4655963778496 }, "geometry": { "type": "MultiPolygon", "coordinates": [ [ [ [ 1262302.865985102253035, 5544029.320480721071362 ], [ 1262298.52067556604743, 5544027.221458383835852 ], [ 1262252.595558994915336, 5544000.476343414746225 ], [ 1262211.083918832940981, 5543971.279540415853262 ], [ 1262211.083918832940981, 5544029.320480721071362 ], [ 1262302.865985102253035, 5544029.320480721071362 ] ] ] ] } },
{ "type": "Feature", "properties": { "id": 443, "left": 1262211.0839188329, "top": 5544029.3204807211, "right": 1262311.0839188329, "bottom": 5543929.3204807211, "row_index": 0, "col_index": 13, "area": 1058290.413, "perimeter": 4426.128, "codzona": "M", "numquart": 13, "nomezona": "Marconi", "intersect_area": 7481.5344036333263 }, "geometry": { "type": "MultiPolygon", "coordinates": [ [ [ [ 1262311.083918832940981, 5544029.320480721071362 ], [ 1262311.083918832940981, 5543929.320480721071362 ], [ 1262211.083918832940981, 5543929.320480721071362 ], [ 1262211.083918832940981, 5543971.279540415853262 ], [ 1262252.595558994915336, 5544000.476343414746225 ], [ 1262298.52067556604743, 5544027.221458383835852 ], [ 1262302.865985102253035, 5544029.320480721071362 ], [ 1262311.083918832940981, 5544029.320480721071362 ] ] ] ] } },
{ "type": "Feature", "properties": { "id": 444, "left": 1262211.0839188329, "top": 5543929.3204807211, "right": 1262311.0839188329, "bottom": 5543829.3204807211, "row_index": 1, "col_index": 13, "area": 1058290.413, "perimeter": 4426.128, "codzona": "M", "numquart": 13, "nomezona": "Marconi", "intersect_area": 10000.0 }, "geometry": { "type": "MultiPolygon", "coordinates": [ [ [ [ 1262311.083918832940981, 5543929.320480721071362 ], [ 1262311.083918832940981, 5543829.320480721071362 ], [ 1262211.083918832940981, 5543829.320480721071362 ], [ 1262211.083918832940981, 5543929.320480721071362 ], [ 1262311.083918832940981, 5543929.320480721071362 ] ] ] ] } },
{ "type": "Feature", "properties": { "id": 445, "left": 1262211.0839188329, "top": 5543829.3204807211, "right": 1262311.0839188329, "bottom": 5543729.3204807211, "row_index": 2, "col_index": 13, "area": 1058290.413, "perimeter": 4426.128, "codzona": "M", "numquart": 13, "nomezona": "Marconi", "intersect_area": 10000.0 }, "geometry": { "type": "MultiPolygon", "coordinates": [ [ [ [ 1262311.083918832940981, 5543829.320480721071362 ], [ 1262311.083918832940981, 5543729.320480721071362 ], [ 1262211.083918832940981, 5543729.320480721071362 ], [ 1262211.083918832940981, 5543829.320480721071362 ], [ 1262311.083918832940981, 5543829.320480721071362 ] ] ] ] } },
{ "type": "Feature", "properties": { "id": 446, "left": 1262211.0839188329, "top": 5543729.3204807211, "right": 1262311.0839188329, "bottom": 5543629.3204807211, "row_index": 3, "col_index": 13, "area": 1058290.413, "perimeter": 4426.128, "codzona": "M", "numquart": 13, "nomezona": "Marconi", "intersect_area": 10000.0 }, "geometry": { "type": "MultiPolygon", "coordinates": [ [ [ [ 1262311.083918832940981, 5543729.320480721071362 ], [ 1262311.083918832940981, 5543629.320480721071362 ], [ 1262211.083918832940981, 5543629.320480721071362 ], [ 1262211.083918832940981, 5543729.320480721071362 ], [ 1262311.083918832940981, 5543729.320480721071362 ] ] ] ] } },
{ "type": "Feature", "properties": { "id": 447, "left": 1262211.0839188329, "top": 5543629.3204807211, "right": 1262311.0839188329, "bottom": 5543529.3204807211, "row_index": 4, "col_index": 13, "area": 1058290.413, "perimeter": 4426.128, "codzona": "M", "numquart": 13, "nomezona": "Marconi", "intersect_area": 10000.0 }, "geometry": { "type": "MultiPolygon", "coordinates": [ [ [ [ 1262311.083918832940981, 5543629.320480721071362 ], [ 1262311.083918832940981, 5543529.320480721071362 ], [ 1262211.083918832940981, 5543529.320480721071362 ], [ 1262211.083918832940981, 5543629.320480721071362 ], [ 1262311.083918832940981, 5543629.320480721071362 ] ] ] ] } },
{ "type": "Feature", "properties": { "id": 448, "left": 1262211.0839188329, "top": 5543529.3204807211, "right": 1262311.0839188329, "bottom": 5543429.3204807211, "row_index": 5, "col_index": 13, "area": 1058290.413, "perimeter": 4426.128, "codzona": "M", "numquart": 13, "nomezona": "Marconi", "intersect_area": 10000.0 }, "geometry": { "type": "MultiPolygon", "coordinates": [ [ [ [ 1262311.083918832940981, 5543529.320480721071362 ], [ 1262311.083918832940981, 5543429.320480721071362 ], [ 1262211.083918832940981, 5543429.320480721071362 ], [ 1262211.083918832940981, 5543529.320480721071362 ], [ 1262311.083918832940981, 5543529.320480721071362 ] ] ] ] } },
{ "type": "Feature", "properties": { "id": 449, "left": 1262211.0839188329, "top": 5543429.3204807211, "right": 1262311.0839188329, "bottom": 5543329.3204807211, "row_index": 6, "col_index": 13, "area": 1058290.413, "perimeter": 4426.128, "codzona": "M", "numquart": 13, "nomezona": "Marconi", "intersect_area": 10000.0 }, "geometry": { "type": "MultiPolygon", "coordinates": [ [ [ [ 1262311.083918832940981, 5543429.320480721071362 ], [ 1262311.083918832940981, 5543329.320480721071362 ], [ 1262211.083918832940981, 5543329.320480721071362 ], [ 1262211.083918832940981, 5543429.320480721071362 ], [ 1262311.083918832940981, 5543429.320480721071362 ] ] ] ] } },
{ "type": "Feature", "properties": { "id": 450, "left": 1262211.0839188329, "top": 5543329.3204807211, "right": 1262311.0839188329, "bottom": 5543229.3204807211, "row_index": 7, "col_index": 13, "area": 1058290.413, "perimeter": 4426.128, "codzona": "M", "numquart": 13, "nomezona": "Marconi", "intersect_area": 10000.0 }, "geometry": { "type": "MultiPolygon", "coordinates": [ [ [ [ 1262311.083918832940981, 5543329.320480721071362 ], [ 1262311.083918832940981, 5543229.320480721071362 ], [ 1262211.083918832940981, 5543229.320480721071362 ], [ 1262211.083918832940981, 5543329.320480721071362 ], [ 1262311.083918832940981, 5543329.320480721071362 ] ] ] ] } },
{ "type": "Feature", "properties": { "id": 451, "left": 1262211.0839188329, "top": 5543229.3204807211, "right": 1262311.0839188329, "bottom": 5543129.3204807211, "row_index": 8, "col_index": 13, "area": 1058290.413, "perimeter": 4426.128, "codzona": "M", "numquart": 13, "nomezona": "Marconi", "intersect_area": 10000.0 }, "geometry": { "type": "MultiPolygon", "coordinates": [ [ [ [ 1262311.083918832940981, 5543229.320480721071362 ], [ 1262311.083918832940981, 5543129.320480721071362 ], [ 1262211.083918832940981, 5543129.320480721071362 ], [ 1262211.083918832940981, 5543229.320480721071362 ], [ 1262311.083918832940981, 5543229.320480721071362 ] ] ] ] } },
{ "type": "Feature", "properties": { "id": 452, "left": 1262211.0839188329, "top": 5543129.3204807211, "right": 1262311.0839188329, "bottom": 5543029.3204807211, "row_index": 9, "col_index": 13, "area": 1058290.413, "perimeter": 4426.128, "codzona": "M", "numquart": 13, "nomezona": "Marconi", "intersect_area": 10000.0 }, "geometry": { "type": "MultiPolygon", "coordinates": [ [ [ [ 1262311.083918832940981, 5543129.320480721071362 ], [ 1262311.083918832940981, 5543029.320480721071362 ], [ 1262211.083918832940981, 5543029.320480721071362 ], [ 1262211.083918832940981, 5543129.320480721071362 ], [ 1262311.083918832940981, 5543129.320480721071362 ] ] ] ] } },
{ "type": "Feature", "properties": { "id": 453, "left": 1262211.0839188329, "top": 5543029.3204807211, "right": 1262311.0839188329, "bottom": 5542929.3204807211, "row_index": 10, "col_index": 13, "area": 1058290.413, "perimeter": 4426.128, "codzona": "M", "numquart": 13, "nomezona": "Marconi", "intersect_area": 10000.0 }, "geometry": { "type": "MultiPolygon", "coordinates": [ [ [ [ 1262311.083918832940981, 5543029.320480721071362 ], [ 1262311.083918832940981, 5542929.320480721071362 ], [ 1262211.083918832940981, 5542929.320480721071362 ], [ 1262211.083918832940981, 5543029.320480721071362 ], [ 1262311.083918832940981, 5543029.320480721071362 ] ] ] ] } },
{ "type": "Feature", "properties": { "id": 454, "left": 1262211.0839188329, "top": 5542929.3204807211, "right": 1262311.0839188329, "bottom": 5542829.3204807211, "row_index": 11, "col_index": 13, "area": 1058290.413, "perimeter": 4426.128, "codzona": "M", "numquart": 13, "nomezona": "Marconi", "intersect_area": 10000.0 }, "geometry": { "type": "MultiPolygon", "coordinates": [ [ [ [ 1262311.083918832940981, 5542929.320480721071362 ], [ 1262311.083918832940981, 5542829.320480721071362 ], [ 1262211.083918832940981, 5542829.320480721071362 ], [ 1262211.083918832940981, 5542929.320480721071362 ], [ 1262311.083918832940981, 5542929.320480721071362 ] ] ] ] } },
{ "type": "Feature", "properties": { "id": 455, "left": 1262211.0839188329, "top": 5542829.3204807211, "right": 1262311.0839188329, "bottom": 5542729.3204807211, "row_index": 12, "col_index": 13, "area": 1058290.413, "perimeter": 4426.128, "codzona": "M", "numquart": 13, "nomezona": "Marconi", "intersect_area": 10000.0 }, "geometry": { "type": "MultiPolygon", "coordinates": [ [ [ [ 1262311.083918832940981, 5542829.320480721071362 ], [ 1262311.083918832940981, 5542729.320480721071362 ], [ 1262211.083918832940981, 5542729.320480721071362 ], [ 1262211.083918832940981, 5542829.320480721071362 ], [ 1262311.083918832940981, 5542829.320480721071362 ] ] ] ] } },
{ "type": "Feature", "properties": { "id": 456, "left": 1262211.0839188329, "top": 5542729.3204807211, "right": 1262311.0839188329, "bottom": 5542629.3204807211, "row_index": 13, "col_index": 13, "area": 1058290.413, "perimeter": 4426.128, "codzona": "M", "numquart": 13, "nomezona": "Marconi", "intersect_area": 10000.0 }, "geometry": { "type": "MultiPolygon", "coordinates": [ [ [ [ 1262311.083918832940981, 5542729.320480721071362 ], [ 1262311.083918832940981, 5542629.320480721071362 ], [ 1262211.083918832940981, 5542629.320480721071362 ], [ 1262211.083918832940981, 5542729.320480721071362 ], [ 1262311.083918832940981, 5542729.320480721071362 ] ] ] ] } },
{ "type": "Feature", "properties": { "id": 457, "left": 1262211.0839188329, "top": 5542629.3204807211, "right": 1262311.0839188329, "bottom": 5542529.3204807211, "row_index": 14, "col_index": 13, "area": 1058290.413, "perimeter": 4426.128, "codzona": "M", "numquart": 13, "nomezona": "Marconi", "intersect_area": 10000.0 }, "geometry": { "type": "MultiPolygon", "coordinates": [ [ [ [ 1262311.083918832940981, 5542629.320480721071362 ], [ 1262311.083918832940981, 5542529.320480721071362 ], [ 1262211.083918832940981, 5542529.320480721071362 ], [ 1262211.083918832940981, 5542629.320480721071362 ], [ 1262311.083918832940981, 5542629.320480721071362 ] ] ] ] } },
{ "type": "Feature", "properties": { "id": 458, "left": 1262211.0839188329, "top": 5542529.3204807211, "right": 1262311.0839188329, "bottom": 5542429.3204807211, "row_index": 15, "col_index": 13, "area": 959599.953, "perimeter": 4269.096, "codzona": "L", "numquart": 13, "nomezona": "Malpighi", "intersect_area": 811.8343109190464 }, "geometry": { "type": "MultiPolygon", "coordinates": [ [ [ [ 1262211.083918832940981, 5542429.320480721071362 ], [ 1262211.083918832940981, 5542447.792857944965363 ], [ 1262252.011320729507133, 5542439.236372571438551 ], [ 1262298.584088085452095, 5542429.320480721071362 ], [ 1262211.083918832940981, 5542429.320480721071362 ] ] ] ] } },
{ "type": "Feature", "properties": { "id": 458, "left": 1262211.0839188329, "top": 5542529.3204807211, "right": 1262311.0839188329, "bottom": 5542429.3204807211, "row_index": 15, "col_index": 13, "area": 1058290.413, "perimeter": 4426.128, "codzona": "M", "numquart": 13, "nomezona": "Marconi", "intersect_area": 9188.1656890511513 }, "geometry": { "type": "MultiPolygon", "coordinates": [ [ [ [ 1262311.083918832940981, 5542529.320480721071362 ], [ 1262311.083918832940981, 5542429.320480721071362 ], [ 1262298.584088085452095, 5542429.320480721071362 ], [ 1262252.011320729507133, 5542439.236372571438551 ], [ 1262211.083918832940981, 5542447.792857944965363 ], [ 1262211.083918832940981, 5542529.320480721071362 ], [ 1262311.083918832940981, 5542529.320480721071362 ] ] ] ] } },
{ "type": "Feature", "properties": { "id": 459, "left": 1262211.0839188329, "top": 5542429.3204807211, "right": 1262311.0839188329, "bottom": 5542329.3204807211, "row_index": 16, "col_index": 13, "area": 959599.953, "perimeter": 4269.096, "codzona": "L", "numquart": 13, "nomezona": "Malpighi", "intersect_area": 9983.3667158782482 }, "geometry": { "type": "MultiPolygon", "coordinates": [ [ [ [ 1262298.584088085452095, 5542429.320480721071362 ], [ 1262311.083918832940981, 5542426.659119224175811 ], [ 1262311.083918832940981, 5542329.320480721071362 ], [ 1262211.083918832940981, 5542329.320480721071362 ], [ 1262211.083918832940981, 5542429.320480721071362 ], [ 1262298.584088085452095, 5542429.320480721071362 ] ] ] ] } },
{ "type": "Feature", "properties": { "id": 459, "left": 1262211.0839188329, "top": 5542429.3204807211, "right": 1262311.0839188329, "bottom": 5542329.3204807211, "row_index": 16, "col_index": 13, "area": 1058290.413, "perimeter": 4426.128, "codzona": "M", "numquart": 13, "nomezona": "Marconi", "intersect_area": 16.633284136652946 }, "geometry": { "type": "MultiPolygon", "coordinates": [ [ [ [ 1262311.083918832940981, 5542429.320480721071362 ], [ 1262311.083918832940981, 5542426.659119224175811 ], [ 1262298.584088085452095, 5542429.320480721071362 ], [ 1262311.083918832940981, 5542429.320480721071362 ] ] ] ] } },
{ "type": "Feature", "properties": { "id": 460, "left": 1262211.0839188329, "top": 5542329.3204807211, "right": 1262311.0839188329, "bottom": 5542229.3204807211, "row_index": 17, "col_index": 13, "area": 959599.953, "perimeter": 4269.096, "codzona": "L", "numquart": 13, "nomezona": "Malpighi", "intersect_area": 10000.0 }, "geometry": { "type": "MultiPolygon", "coordinates": [ [ [ [ 1262311.083918832940981, 5542329.320480721071362 ], [ 1262311.083918832940981, 5542229.320480721071362 ], [ 1262211.083918832940981, 5542229.320480721071362 ], [ 1262211.083918832940981, 5542329.320480721071362 ], [ 1262311.083918832940981, 5542329.320480721071362 ] ] ] ] } },
{ "type": "Feature", "properties": { "id": 461, "left": 1262211.0839188329, "top": 5542229.3204807211, "right": 1262311.0839188329, "bottom": 5542129.3204807211, "row_index": 18, "col_index": 13, "area": 959599.953, "perimeter": 4269.096, "codzona": "L", "numquart": 13, "nomezona": "Malpighi", "intersect_area": 10000.0 }, "geometry": { "type": "MultiPolygon", "coordinates": [ [ [ [ 1262311.083918832940981, 5542229.320480721071362 ], [ 1262311.083918832940981, 5542129.320480721071362 ], [ 1262211.083918832940981, 5542129.320480721071362 ], [ 1262211.083918832940981, 5542229.320480721071362 ], [ 1262311.083918832940981, 5542229.320480721071362 ] ] ] ] } },
{ "type": "Feature", "properties": { "id": 462, "left": 1262211.0839188329, "top": 5542129.3204807211, "right": 1262311.0839188329, "bottom": 5542029.3204807211, "row_index": 19, "col_index": 13, "area": 959599.953, "perimeter": 4269.096, "codzona": "L", "numquart": 13, "nomezona": "Malpighi", "intersect_area": 10000.0 }, "geometry": { "type": "MultiPolygon", "coordinates": [ [ [ [ 1262311.083918832940981, 5542129.320480721071362 ], [ 1262311.083918832940981, 5542029.320480721071362 ], [ 1262211.083918832940981, 5542029.320480721071362 ], [ 1262211.083918832940981, 5542129.320480721071362 ], [ 1262311.083918832940981, 5542129.320480721071362 ] ] ] ] } },
{ "type": "Feature", "properties": { "id": 463, "left": 1262211.0839188329, "top": 5542029.3204807211, "right": 1262311.0839188329, "bottom": 5541929.3204807211, "row_index": 20, "col_index": 13, "area": 959599.953, "perimeter": 4269.096, "codzona": "L", "numquart": 13, "nomezona": "Malpighi", "intersect_area": 10000.0 }, "geometry": { "type": "MultiPolygon", "coordinates": [ [ [ [ 1262311.083918832940981, 5542029.320480721071362 ], [ 1262311.083918832940981, 5541929.320480721071362 ], [ 1262211.083918832940981, 5541929.320480721071362 ], [ 1262211.083918832940981, 5542029.320480721071362 ], [ 1262311.083918832940981, 5542029.320480721071362 ] ] ] ] } },
{ "type": "Feature", "properties": { "id": 464, "left": 1262211.0839188329, "top": 5541929.3204807211, "right": 1262311.0839188329, "bottom": 5541829.3204807211, "row_index": 21, "col_index": 13, "area": 959599.953, "perimeter": 4269.096, "codzona": "L", "numquart": 13, "nomezona": "Malpighi", "intersect_area": 10000.0 }, "geometry": { "type": "MultiPolygon", "coordinates": [ [ [ [ 1262311.083918832940981, 5541929.320480721071362 ], [ 1262311.083918832940981, 5541829.320480721071362 ], [ 1262211.083918832940981, 5541829.320480721071362 ], [ 1262211.083918832940981, 5541929.320480721071362 ], [ 1262311.083918832940981, 5541929.320480721071362 ] ] ] ] } },
{ "type": "Feature", "properties": { "id": 465, "left": 1262211.0839188329, "top": 5541829.3204807211, "right": 1262311.0839188329, "bottom": 5541729.3204807211, "row_index": 22, "col_index": 13, "area": 959599.953, "perimeter": 4269.096, "codzona": "L", "numquart": 13, "nomezona": "Malpighi", "intersect_area": 10000.0 }, "geometry": { "type": "MultiPolygon", "coordinates": [ [ [ [ 1262311.083918832940981, 5541829.320480721071362 ], [ 1262311.083918832940981, 5541729.320480721071362 ], [ 1262211.083918832940981, 5541729.320480721071362 ], [ 1262211.083918832940981, 5541829.320480721071362 ], [ 1262311.083918832940981, 5541829.320480721071362 ] ] ] ] } },
{ "type": "Feature", "properties": { "id": 466, "left": 1262211.0839188329, "top": 5541729.3204807211, "right": 1262311.0839188329, "bottom": 5541629.3204807211, "row_index": 23, "col_index": 13, "area": 959599.953, "perimeter": 4269.096, "codzona": "L", "numquart": 13, "nomezona": "Malpighi", "intersect_area": 10000.0 }, "geometry": { "type": "MultiPolygon", "coordinates": [ [ [ [ 1262311.083918832940981, 5541729.320480721071362 ], [ 1262311.083918832940981, 5541629.320480721071362 ], [ 1262211.083918832940981, 5541629.320480721071362 ], [ 1262211.083918832940981, 5541729.320480721071362 ], [ 1262311.083918832940981, 5541729.320480721071362 ] ] ] ] } },
{ "type": "Feature", "properties": { "id": 467, "left": 1262211.0839188329, "top": 5541629.3204807211, "right": 1262311.0839188329, "bottom": 5541529.3204807211, "row_index": 24, "col_index": 13, "area": 959599.953, "perimeter": 4269.096, "codzona": "L", "numquart": 13, "nomezona": "Malpighi", "intersect_area": 10000.0 }, "geometry": { "type": "MultiPolygon", "coordinates": [ [ [ [ 1262311.083918832940981, 5541629.320480721071362 ], [ 1262311.083918832940981, 5541529.320480721071362 ], [ 1262211.083918832940981, 5541529.320480721071362 ], [ 1262211.083918832940981, 5541629.320480721071362 ], [ 1262311.083918832940981, 5541629.320480721071362 ] ] ] ] } },
{ "type": "Feature", "properties": { "id": 468, "left": 1262211.0839188329, "top": 5541529.3204807211, "right": 1262311.0839188329, "bottom": 5541429.3204807211, "row_index": 25, "col_index": 13, "area": 959599.953, "perimeter": 4269.096, "codzona": "L", "numquart": 13, "nomezona": "Malpighi", "intersect_area": 10000.0 }, "geometry": { "type": "MultiPolygon", "coordinates": [ [ [ [ 1262311.083918832940981, 5541529.320480721071362 ], [ 1262311.083918832940981, 5541429.320480721071362 ], [ 1262211.083918832940981, 5541429.320480721071362 ], [ 1262211.083918832940981, 5541529.320480721071362 ], [ 1262311.083918832940981, 5541529.320480721071362 ] ] ] ] } },
{ "type": "Feature", "properties": { "id": 469, "left": 1262211.0839188329, "top": 5541429.3204807211, "right": 1262311.0839188329, "bottom": 5541329.3204807211, "row_index": 26, "col_index": 13, "area": 959599.953, "perimeter": 4269.096, "codzona": "L", "numquart": 13, "nomezona": "Malpighi", "intersect_area": 10000.0 }, "geometry": { "type": "MultiPolygon", "coordinates": [ [ [ [ 1262311.083918832940981, 5541429.320480721071362 ], [ 1262311.083918832940981, 5541329.320480721071362 ], [ 1262211.083918832940981, 5541329.320480721071362 ], [ 1262211.083918832940981, 5541429.320480721071362 ], [ 1262311.083918832940981, 5541429.320480721071362 ] ] ] ] } },
{ "type": "Feature", "properties": { "id": 470, "left": 1262211.0839188329, "top": 5541329.3204807211, "right": 1262311.0839188329, "bottom": 5541229.3204807211, "row_index": 27, "col_index": 13, "area": 959599.953, "perimeter": 4269.096, "codzona": "L", "numquart": 13, "nomezona": "Malpighi", "intersect_area": 10000.0 }, "geometry": { "type": "MultiPolygon", "coordinates": [ [ [ [ 1262311.083918832940981, 5541329.320480721071362 ], [ 1262311.083918832940981, 5541229.320480721071362 ], [ 1262211.083918832940981, 5541229.320480721071362 ], [ 1262211.083918832940981, 5541329.320480721071362 ], [ 1262311.083918832940981, 5541329.320480721071362 ] ] ] ] } },
{ "type": "Feature", "properties": { "id": 471, "left": 1262211.0839188329, "top": 5541229.3204807211, "right": 1262311.0839188329, "bottom": 5541129.3204807211, "row_index": 28, "col_index": 13, "area": 959599.953, "perimeter": 4269.096, "codzona": "L", "numquart": 13, "nomezona": "Malpighi", "intersect_area": 10000.0 }, "geometry": { "type": "MultiPolygon", "coordinates": [ [ [ [ 1262311.083918832940981, 5541229.320480721071362 ], [ 1262311.083918832940981, 5541129.320480721071362 ], [ 1262211.083918832940981, 5541129.320480721071362 ], [ 1262211.083918832940981, 5541229.320480721071362 ], [ 1262311.083918832940981, 5541229.320480721071362 ] ] ] ] } },
{ "type": "Feature", "properties": { "id": 472, "left": 1262211.0839188329, "top": 5541129.3204807211, "right": 1262311.0839188329, "bottom": 5541029.3204807211, "row_index": 29, "col_index": 13, "area": 24725141.879000001, "perimeter": 30542.734, "codzona": "D", "numquart": 15, "nomezona": "Colli", "intersect_area": 2226.9308565855026 }, "geometry": { "type": "MultiPolygon", "coordinates": [ [ [ [ 1262211.083918832940981, 5541029.320480721071362 ], [ 1262211.083918832940981, 5541078.498146160505712 ], [ 1262260.104881797218695, 5541051.747242273762822 ], [ 1262296.121840158011764, 5541032.14592619240284 ], [ 1262308.238888937514275, 5541029.320480721071362 ], [ 1262211.083918832940981, 5541029.320480721071362 ] ] ] ] } },
{ "type": "Feature", "properties": { "id": 472, "left": 1262211.0839188329, "top": 5541129.3204807211, "right": 1262311.0839188329, "bottom": 5541029.3204807211, "row_index": 29, "col_index": 13, "area": 959599.953, "perimeter": 4269.096, "codzona": "L", "numquart": 13, "nomezona": "Malpighi", "intersect_area": 7773.0691434144974 }, "geometry": { "type": "MultiPolygon", "coordinates": [ [ [ [ 1262311.083918832940981, 5541129.320480721071362 ], [ 1262311.083918832940981, 5541029.320480721071362 ], [ 1262308.238888937514275, 5541029.320480721071362 ], [ 1262296.121840158011764, 5541032.14592619240284 ], [ 1262260.104881797218695, 5541051.747242273762822 ], [ 1262211.083918832940981, 5541078.498146160505712 ], [ 1262211.083918832940981, 5541129.320480721071362 ], [ 1262311.083918832940981, 5541129.320480721071362 ] ] ] ] } },
{ "type": "Feature", "properties": { "id": 473, "left": 1262211.0839188329, "top": 5541029.3204807211, "right": 1262311.0839188329, "bottom": 5540929.3204807211, "row_index": 30, "col_index": 13, "area": 24725141.879000001, "perimeter": 30542.734, "codzona": "D", "numquart": 15, "nomezona": "Colli", "intersect_area": 9999.0563004612923 }, "geometry": { "type": "MultiPolygon", "coordinates": [ [ [ [ 1262308.238888937514275, 5541029.320480721071362 ], [ 1262311.083918832940981, 5541028.657078519463539 ], [ 1262311.083918832940981, 5540929.320480721071362 ], [ 1262211.083918832940981, 5540929.320480721071362 ], [ 1262211.083918832940981, 5541029.320480721071362 ], [ 1262308.238888937514275, 5541029.320480721071362 ] ] ] ] } },
{ "type": "Feature", "properties": { "id": 473, "left": 1262211.0839188329, "top": 5541029.3204807211, "right": 1262311.0839188329, "bottom": 5540929.3204807211, "row_index": 30, "col_index": 13, "area": 959599.953, "perimeter": 4269.096, "codzona": "L", "numquart": 13, "nomezona": "Malpighi", "intersect_area": 0.9436995480209589 }, "geometry": { "type": "MultiPolygon", "coordinates": [ [ [ [ 1262311.083918832940981, 5541029.320480721071362 ], [ 1262311.083918832940981, 5541028.657078519463539 ], [ 1262308.238888937514275, 5541029.320480721071362 ], [ 1262311.083918832940981, 5541029.320480721071362 ] ] ] ] } },
{ "type": "Feature", "properties": { "id": 474, "left": 1262211.0839188329, "top": 5540929.3204807211, "right": 1262311.0839188329, "bottom": 5540829.3204807211, "row_index": 31, "col_index": 13, "area": 24725141.879000001, "perimeter": 30542.734, "codzona": "D", "numquart": 15, "nomezona": "Colli", "intersect_area": 10000.0 }, "geometry": { "type": "MultiPolygon", "coordinates": [ [ [ [ 1262311.083918832940981, 5540929.320480721071362 ], [ 1262311.083918832940981, 5540829.320480721071362 ], [ 1262211.083918832940981, 5540829.320480721071362 ], [ 1262211.083918832940981, 5540929.320480721071362 ], [ 1262311.083918832940981, 5540929.320480721071362 ] ] ] ] } },
{ "type": "Feature", "properties": { "id": 475, "left": 1262211.0839188329, "top": 5540829.3204807211, "right": 1262311.0839188329, "bottom": 5540729.3204807211, "row_index": 32, "col_index": 13, "area": 24725141.879000001, "perimeter": 30542.734, "codzona": "D", "numquart": 15, "nomezona": "Colli", "intersect_area": 10000.0 }, "geometry": { "type": "MultiPolygon", "coordinates": [ [ [ [ 1262311.083918832940981, 5540829.320480721071362 ], [ 1262311.083918832940981, 5540729.320480721071362 ], [ 1262211.083918832940981, 5540729.320480721071362 ], [ 1262211.083918832940981, 5540829.320480721071362 ], [ 1262311.083918832940981, 5540829.320480721071362 ] ] ] ] } },
{ "type": "Feature", "properties": { "id": 476, "left": 1262211.0839188329, "top": 5540729.3204807211, "right": 1262311.0839188329, "bottom": 5540629.3204807211, "row_index": 33, "col_index": 13, "area": 24725141.879000001, "perimeter": 30542.734, "codzona": "D", "numquart": 15, "nomezona": "Colli", "intersect_area": 10000.0 }, "geometry": { "type": "MultiPolygon", "coordinates": [ [ [ [ 1262311.083918832940981, 5540729.320480721071362 ], [ 1262311.083918832940981, 5540629.320480721071362 ], [ 1262211.083918832940981, 5540629.320480721071362 ], [ 1262211.083918832940981, 5540729.320480721071362 ], [ 1262311.083918832940981, 5540729.320480721071362 ] ] ] ] } },
{ "type": "Feature", "properties": { "id": 477, "left": 1262311.0839188329, "top": 5544029.3204807211, "right": 1262411.0839188329, "bottom": 5543929.3204807211, "row_index": 0, "col_index": 14, "area": 1058290.413, "perimeter": 4426.128, "codzona": "M", "numquart": 13, "nomezona": "Marconi", "intersect_area": 10000.0 }, "geometry": { "type": "MultiPolygon", "coordinates": [ [ [ [ 1262411.083918832940981, 5544029.320480721071362 ], [ 1262411.083918832940981, 5543929.320480721071362 ], [ 1262311.083918832940981, 5543929.320480721071362 ], [ 1262311.083918832940981, 5544029.320480721071362 ], [ 1262411.083918832940981, 5544029.320480721071362 ] ] ] ] } },
{ "type": "Feature", "properties": { "id": 478, "left": 1262311.0839188329, "top": 5543929.3204807211, "right": 1262411.0839188329, "bottom": 5543829.3204807211, "row_index": 1, "col_index": 14, "area": 1058290.413, "perimeter": 4426.128, "codzona": "M", "numquart": 13, "nomezona": "Marconi", "intersect_area": 10000.0 }, "geometry": { "type": "MultiPolygon", "coordinates": [ [ [ [ 1262411.083918832940981, 5543929.320480721071362 ], [ 1262411.083918832940981, 5543829.320480721071362 ], [ 1262311.083918832940981, 5543829.320480721071362 ], [ 1262311.083918832940981, 5543929.320480721071362 ], [ 1262411.083918832940981, 5543929.320480721071362 ] ] ] ] } },
{ "type": "Feature", "properties": { "id": 479, "left": 1262311.0839188329, "top": 5543829.3204807211, "right": 1262411.0839188329, "bottom": 5543729.3204807211, "row_index": 2, "col_index": 14, "area": 1058290.413, "perimeter": 4426.128, "codzona": "M", "numquart": 13, "nomezona": "Marconi", "intersect_area": 10000.0 }, "geometry": { "type": "MultiPolygon", "coordinates": [ [ [ [ 1262411.083918832940981, 5543829.320480721071362 ], [ 1262411.083918832940981, 5543729.320480721071362 ], [ 1262311.083918832940981, 5543729.320480721071362 ], [ 1262311.083918832940981, 5543829.320480721071362 ], [ 1262411.083918832940981, 5543829.320480721071362 ] ] ] ] } },
{ "type": "Feature", "properties": { "id": 480, "left": 1262311.0839188329, "top": 5543729.3204807211, "right": 1262411.0839188329, "bottom": 5543629.3204807211, "row_index": 3, "col_index": 14, "area": 1058290.413, "perimeter": 4426.128, "codzona": "M", "numquart": 13, "nomezona": "Marconi", "intersect_area": 10000.0 }, "geometry": { "type": "MultiPolygon", "coordinates": [ [ [ [ 1262411.083918832940981, 5543729.320480721071362 ], [ 1262411.083918832940981, 5543629.320480721071362 ], [ 1262311.083918832940981, 5543629.320480721071362 ], [ 1262311.083918832940981, 5543729.320480721071362 ], [ 1262411.083918832940981, 5543729.320480721071362 ] ] ] ] } },
{ "type": "Feature", "properties": { "id": 481, "left": 1262311.0839188329, "top": 5543629.3204807211, "right": 1262411.0839188329, "bottom": 5543529.3204807211, "row_index": 4, "col_index": 14, "area": 1058290.413, "perimeter": 4426.128, "codzona": "M", "numquart": 13, "nomezona": "Marconi", "intersect_area": 10000.0 }, "geometry": { "type": "MultiPolygon", "coordinates": [ [ [ [ 1262411.083918832940981, 5543629.320480721071362 ], [ 1262411.083918832940981, 5543529.320480721071362 ], [ 1262311.083918832940981, 5543529.320480721071362 ], [ 1262311.083918832940981, 5543629.320480721071362 ], [ 1262411.083918832940981, 5543629.320480721071362 ] ] ] ] } },
{ "type": "Feature", "properties": { "id": 482, "left": 1262311.0839188329, "top": 5543529.3204807211, "right": 1262411.0839188329, "bottom": 5543429.3204807211, "row_index": 5, "col_index": 14, "area": 1058290.413, "perimeter": 4426.128, "codzona": "M", "numquart": 13, "nomezona": "Marconi", "intersect_area": 10000.0 }, "geometry": { "type": "MultiPolygon", "coordinates": [ [ [ [ 1262411.083918832940981, 5543529.320480721071362 ], [ 1262411.083918832940981, 5543429.320480721071362 ], [ 1262311.083918832940981, 5543429.320480721071362 ], [ 1262311.083918832940981, 5543529.320480721071362 ], [ 1262411.083918832940981, 5543529.320480721071362 ] ] ] ] } },
{ "type": "Feature", "properties": { "id": 483, "left": 1262311.0839188329, "top": 5543429.3204807211, "right": 1262411.0839188329, "bottom": 5543329.3204807211, "row_index": 6, "col_index": 14, "area": 1058290.413, "perimeter": 4426.128, "codzona": "M", "numquart": 13, "nomezona": "Marconi", "intersect_area": 10000.0 }, "geometry": { "type": "MultiPolygon", "coordinates": [ [ [ [ 1262411.083918832940981, 5543429.320480721071362 ], [ 1262411.083918832940981, 5543329.320480721071362 ], [ 1262311.083918832940981, 5543329.320480721071362 ], [ 1262311.083918832940981, 5543429.320480721071362 ], [ 1262411.083918832940981, 5543429.320480721071362 ] ] ] ] } },
{ "type": "Feature", "properties": { "id": 484, "left": 1262311.0839188329, "top": 5543329.3204807211, "right": 1262411.0839188329, "bottom": 5543229.3204807211, "row_index": 7, "col_index": 14, "area": 1058290.413, "perimeter": 4426.128, "codzona": "M", "numquart": 13, "nomezona": "Marconi", "intersect_area": 10000.0 }, "geometry": { "type": "MultiPolygon", "coordinates": [ [ [ [ 1262411.083918832940981, 5543329.320480721071362 ], [ 1262411.083918832940981, 5543229.320480721071362 ], [ 1262311.083918832940981, 5543229.320480721071362 ], [ 1262311.083918832940981, 5543329.320480721071362 ], [ 1262411.083918832940981, 5543329.320480721071362 ] ] ] ] } },
{ "type": "Feature", "properties": { "id": 485, "left": 1262311.0839188329, "top": 5543229.3204807211, "right": 1262411.0839188329, "bottom": 5543129.3204807211, "row_index": 8, "col_index": 14, "area": 1058290.413, "perimeter": 4426.128, "codzona": "M", "numquart": 13, "nomezona": "Marconi", "intersect_area": 10000.0 }, "geometry": { "type": "MultiPolygon", "coordinates": [ [ [ [ 1262411.083918832940981, 5543229.320480721071362 ], [ 1262411.083918832940981, 5543129.320480721071362 ], [ 1262311.083918832940981, 5543129.320480721071362 ], [ 1262311.083918832940981, 5543229.320480721071362 ], [ 1262411.083918832940981, 5543229.320480721071362 ] ] ] ] } },
{ "type": "Feature", "properties": { "id": 486, "left": 1262311.0839188329, "top": 5543129.3204807211, "right": 1262411.0839188329, "bottom": 5543029.3204807211, "row_index": 9, "col_index": 14, "area": 1058290.413, "perimeter": 4426.128, "codzona": "M", "numquart": 13, "nomezona": "Marconi", "intersect_area": 10000.0 }, "geometry": { "type": "MultiPolygon", "coordinates": [ [ [ [ 1262411.083918832940981, 5543129.320480721071362 ], [ 1262411.083918832940981, 5543029.320480721071362 ], [ 1262311.083918832940981, 5543029.320480721071362 ], [ 1262311.083918832940981, 5543129.320480721071362 ], [ 1262411.083918832940981, 5543129.320480721071362 ] ] ] ] } },
{ "type": "Feature", "properties": { "id": 487, "left": 1262311.0839188329, "top": 5543029.3204807211, "right": 1262411.0839188329, "bottom": 5542929.3204807211, "row_index": 10, "col_index": 14, "area": 1058290.413, "perimeter": 4426.128, "codzona": "M", "numquart": 13, "nomezona": "Marconi", "intersect_area": 10000.0 }, "geometry": { "type": "MultiPolygon", "coordinates": [ [ [ [ 1262411.083918832940981, 5543029.320480721071362 ], [ 1262411.083918832940981, 5542929.320480721071362 ], [ 1262311.083918832940981, 5542929.320480721071362 ], [ 1262311.083918832940981, 5543029.320480721071362 ], [ 1262411.083918832940981, 5543029.320480721071362 ] ] ] ] } },
{ "type": "Feature", "properties": { "id": 488, "left": 1262311.0839188329, "top": 5542929.3204807211, "right": 1262411.0839188329, "bottom": 5542829.3204807211, "row_index": 11, "col_index": 14, "area": 1058290.413, "perimeter": 4426.128, "codzona": "M", "numquart": 13, "nomezona": "Marconi", "intersect_area": 10000.0 }, "geometry": { "type": "MultiPolygon", "coordinates": [ [ [ [ 1262411.083918832940981, 5542929.320480721071362 ], [ 1262411.083918832940981, 5542829.320480721071362 ], [ 1262311.083918832940981, 5542829.320480721071362 ], [ 1262311.083918832940981, 5542929.320480721071362 ], [ 1262411.083918832940981, 5542929.320480721071362 ] ] ] ] } },
{ "type": "Feature", "properties": { "id": 489, "left": 1262311.0839188329, "top": 5542829.3204807211, "right": 1262411.0839188329, "bottom": 5542729.3204807211, "row_index": 12, "col_index": 14, "area": 1058290.413, "perimeter": 4426.128, "codzona": "M", "numquart": 13, "nomezona": "Marconi", "intersect_area": 10000.0 }, "geometry": { "type": "MultiPolygon", "coordinates": [ [ [ [ 1262411.083918832940981, 5542829.320480721071362 ], [ 1262411.083918832940981, 5542729.320480721071362 ], [ 1262311.083918832940981, 5542729.320480721071362 ], [ 1262311.083918832940981, 5542829.320480721071362 ], [ 1262411.083918832940981, 5542829.320480721071362 ] ] ] ] } },
{ "type": "Feature", "properties": { "id": 490, "left": 1262311.0839188329, "top": 5542729.3204807211, "right": 1262411.0839188329, "bottom": 5542629.3204807211, "row_index": 13, "col_index": 14, "area": 1058290.413, "perimeter": 4426.128, "codzona": "M", "numquart": 13, "nomezona": "Marconi", "intersect_area": 10000.0 }, "geometry": { "type": "MultiPolygon", "coordinates": [ [ [ [ 1262411.083918832940981, 5542729.320480721071362 ], [ 1262411.083918832940981, 5542629.320480721071362 ], [ 1262311.083918832940981, 5542629.320480721071362 ], [ 1262311.083918832940981, 5542729.320480721071362 ], [ 1262411.083918832940981, 5542729.320480721071362 ] ] ] ] } },
{ "type": "Feature", "properties": { "id": 491, "left": 1262311.0839188329, "top": 5542629.3204807211, "right": 1262411.0839188329, "bottom": 5542529.3204807211, "row_index": 14, "col_index": 14, "area": 1058290.413, "perimeter": 4426.128, "codzona": "M", "numquart": 13, "nomezona": "Marconi", "intersect_area": 10000.0 }, "geometry": { "type": "MultiPolygon", "coordinates": [ [ [ [ 1262411.083918832940981, 5542629.320480721071362 ], [ 1262411.083918832940981, 5542529.320480721071362 ], [ 1262311.083918832940981, 5542529.320480721071362 ], [ 1262311.083918832940981, 5542629.320480721071362 ], [ 1262411.083918832940981, 5542629.320480721071362 ] ] ] ] } },
{ "type": "Feature", "properties": { "id": 492, "left": 1262311.0839188329, "top": 5542529.3204807211, "right": 1262411.0839188329, "bottom": 5542429.3204807211, "row_index": 15, "col_index": 14, "area": 1058290.413, "perimeter": 4426.128, "codzona": "M", "numquart": 13, "nomezona": "Marconi", "intersect_area": 10000.0 }, "geometry": { "type": "MultiPolygon", "coordinates": [ [ [ [ 1262411.083918832940981, 5542529.320480721071362 ], [ 1262411.083918832940981, 5542429.320480721071362 ], [ 1262311.083918832940981, 5542429.320480721071362 ], [ 1262311.083918832940981, 5542529.320480721071362 ], [ 1262411.083918832940981, 5542529.320480721071362 ] ] ] ] } },
{ "type": "Feature", "properties": { "id": 493, "left": 1262311.0839188329, "top": 5542429.3204807211, "right": 1262411.0839188329, "bottom": 5542329.3204807211, "row_index": 16, "col_index": 14, "area": 959599.953, "perimeter": 4269.096, "codzona": "L", "numquart": 13, "nomezona": "Malpighi", "intersect_area": 8704.1224640607834 }, "geometry": { "type": "MultiPolygon", "coordinates": [ [ [ [ 1262411.083918832940981, 5542329.320480721071362 ], [ 1262311.083918832940981, 5542329.320480721071362 ], [ 1262311.083918832940981, 5542426.659119224175811 ], [ 1262330.20590019505471, 5542422.587823702953756 ], [ 1262402.594572091475129, 5542407.949578169733286 ], [ 1262411.083918832940981, 5542406.195206631906331 ], [ 1262411.083918832940981, 5542329.320480721071362 ] ] ] ] } },
{ "type": "Feature", "properties": { "id": 493, "left": 1262311.0839188329, "top": 5542429.3204807211, "right": 1262411.0839188329, "bottom": 5542329.3204807211, "row_index": 16, "col_index": 14, "area": 1058290.413, "perimeter": 4426.128, "codzona": "M", "numquart": 13, "nomezona": "Marconi", "intersect_area": 1295.8775359988213 }, "geometry": { "type": "MultiPolygon", "coordinates": [ [ [ [ 1262411.083918832940981, 5542429.320480721071362 ], [ 1262411.083918832940981, 5542406.195206631906331 ], [ 1262402.594572091475129, 5542407.949578169733286 ], [ 1262330.20590019505471, 5542422.587823702953756 ], [ 1262311.083918832940981, 5542426.659119224175811 ], [ 1262311.083918832940981, 5542429.320480721071362 ], [ 1262411.083918832940981, 5542429.320480721071362 ] ] ] ] } },
{ "type": "Feature", "properties": { "id": 494, "left": 1262311.0839188329, "top": 5542329.3204807211, "right": 1262411.0839188329, "bottom": 5542229.3204807211, "row_index": 17, "col_index": 14, "area": 959599.953, "perimeter": 4269.096, "codzona": "L", "numquart": 13, "nomezona": "Malpighi", "intersect_area": 10000.0 }, "geometry": { "type": "MultiPolygon", "coordinates": [ [ [ [ 1262411.083918832940981, 5542329.320480721071362 ], [ 1262411.083918832940981, 5542229.320480721071362 ], [ 1262311.083918832940981, 5542229.320480721071362 ], [ 1262311.083918832940981, 5542329.320480721071362 ], [ 1262411.083918832940981, 5542329.320480721071362 ] ] ] ] } },
{ "type": "Feature", "properties": { "id": 495, "left": 1262311.0839188329, "top": 5542229.3204807211, "right": 1262411.0839188329, "bottom": 5542129.3204807211, "row_index": 18, "col_index": 14, "area": 959599.953, "perimeter": 4269.096, "codzona": "L", "numquart": 13, "nomezona": "Malpighi", "intersect_area": 10000.0 }, "geometry": { "type": "MultiPolygon", "coordinates": [ [ [ [ 1262411.083918832940981, 5542229.320480721071362 ], [ 1262411.083918832940981, 5542129.320480721071362 ], [ 1262311.083918832940981, 5542129.320480721071362 ], [ 1262311.083918832940981, 5542229.320480721071362 ], [ 1262411.083918832940981, 5542229.320480721071362 ] ] ] ] } },
{ "type": "Feature", "properties": { "id": 496, "left": 1262311.0839188329, "top": 5542129.3204807211, "right": 1262411.0839188329, "bottom": 5542029.3204807211, "row_index": 19, "col_index": 14, "area": 959599.953, "perimeter": 4269.096, "codzona": "L", "numquart": 13, "nomezona": "Malpighi", "intersect_area": 10000.0 }, "geometry": { "type": "MultiPolygon", "coordinates": [ [ [ [ 1262411.083918832940981, 5542129.320480721071362 ], [ 1262411.083918832940981, 5542029.320480721071362 ], [ 1262311.083918832940981, 5542029.320480721071362 ], [ 1262311.083918832940981, 5542129.320480721071362 ], [ 1262411.083918832940981, 5542129.320480721071362 ] ] ] ] } },
{ "type": "Feature", "properties": { "id": 497, "left": 1262311.0839188329, "top": 5542029.3204807211, "right": 1262411.0839188329, "bottom": 5541929.3204807211, "row_index": 20, "col_index": 14, "area": 959599.953, "perimeter": 4269.096, "codzona": "L", "numquart": 13, "nomezona": "Malpighi", "intersect_area": 10000.0 }, "geometry": { "type": "MultiPolygon", "coordinates": [ [ [ [ 1262411.083918832940981, 5542029.320480721071362 ], [ 1262411.083918832940981, 5541929.320480721071362 ], [ 1262311.083918832940981, 5541929.320480721071362 ], [ 1262311.083918832940981, 5542029.320480721071362 ], [ 1262411.083918832940981, 5542029.320480721071362 ] ] ] ] } },
{ "type": "Feature", "properties": { "id": 498, "left": 1262311.0839188329, "top": 5541929.3204807211, "right": 1262411.0839188329, "bottom": 5541829.3204807211, "row_index": 21, "col_index": 14, "area": 959599.953, "perimeter": 4269.096, "codzona": "L", "numquart": 13, "nomezona": "Malpighi", "intersect_area": 10000.0 }, "geometry": { "type": "MultiPolygon", "coordinates": [ [ [ [ 1262411.083918832940981, 5541929.320480721071362 ], [ 1262411.083918832940981, 5541829.320480721071362 ], [ 1262311.083918832940981, 5541829.320480721071362 ], [ 1262311.083918832940981, 5541929.320480721071362 ], [ 1262411.083918832940981, 5541929.320480721071362 ] ] ] ] } },
{ "type": "Feature", "properties": { "id": 499, "left": 1262311.0839188329, "top": 5541829.3204807211, "right": 1262411.0839188329, "bottom": 5541729.3204807211, "row_index": 22, "col_index": 14, "area": 959599.953, "perimeter": 4269.096, "codzona": "L", "numquart": 13, "nomezona": "Malpighi", "intersect_area": 10000.0 }, "geometry": { "type": "MultiPolygon", "coordinates": [ [ [ [ 1262411.083918832940981, 5541829.320480721071362 ], [ 1262411.083918832940981, 5541729.320480721071362 ], [ 1262311.083918832940981, 5541729.320480721071362 ], [ 1262311.083918832940981, 5541829.320480721071362 ], [ 1262411.083918832940981, 5541829.320480721071362 ] ] ] ] } },
{ "type": "Feature", "properties": { "id": 500, "left": 1262311.0839188329, "top": 5541729.3204807211, "right": 1262411.0839188329, "bottom": 5541629.3204807211, "row_index": 23, "col_index": 14, "area": 959599.953, "perimeter": 4269.096, "codzona": "L", "numquart": 13, "nomezona": "Malpighi", "intersect_area": 10000.0 }, "geometry": { "type": "MultiPolygon", "coordinates": [ [ [ [ 1262411.083918832940981, 5541729.320480721071362 ], [ 1262411.083918832940981, 5541629.320480721071362 ], [ 1262311.083918832940981, 5541629.320480721071362 ], [ 1262311.083918832940981, 5541729.320480721071362 ], [ 1262411.083918832940981, 5541729.320480721071362 ] ] ] ] } },
{ "type": "Feature", "properties": { "id": 501, "left": 1262311.0839188329, "top": 5541629.3204807211, "right": 1262411.0839188329, "bottom": 5541529.3204807211, "row_index": 24, "col_index": 14, "area": 959599.953, "perimeter": 4269.096, "codzona": "L", "numquart": 13, "nomezona": "Malpighi", "intersect_area": 10000.0 }, "geometry": { "type": "MultiPolygon", "coordinates": [ [ [ [ 1262411.083918832940981, 5541629.320480721071362 ], [ 1262411.083918832940981, 5541529.320480721071362 ], [ 1262311.083918832940981, 5541529.320480721071362 ], [ 1262311.083918832940981, 5541629.320480721071362 ], [ 1262411.083918832940981, 5541629.320480721071362 ] ] ] ] } },
{ "type": "Feature", "properties": { "id": 502, "left": 1262311.0839188329, "top": 5541529.3204807211, "right": 1262411.0839188329, "bottom": 5541429.3204807211, "row_index": 25, "col_index": 14, "area": 1116791.26, "perimeter": 4375.401, "codzona": "G", "numquart": 15, "nomezona": "Galvani", "intersect_area": 94.106602011248469 }, "geometry": { "type": "MultiPolygon", "coordinates": [ [ [ [ 1262411.083918832940981, 5541429.320480721071362 ], [ 1262401.346983627183363, 5541429.320480721071362 ], [ 1262411.083918832940981, 5541448.65030063316226 ], [ 1262411.083918832940981, 5541429.320480721071362 ] ] ] ] } },
{ "type": "Feature", "properties": { "id": 502, "left": 1262311.0839188329, "top": 5541529.3204807211, "right": 1262411.0839188329, "bottom": 5541429.3204807211, "row_index": 25, "col_index": 14, "area": 959599.953, "perimeter": 4269.096, "codzona": "L", "numquart": 13, "nomezona": "Malpighi", "intersect_area": 9905.8933979868889 }, "geometry": { "type": "MultiPolygon", "coordinates": [ [ [ [ 1262411.083918832940981, 5541529.320480721071362 ], [ 1262411.083918832940981, 5541448.65030063316226 ], [ 1262401.346983627183363, 5541429.320480721071362 ], [ 1262311.083918832940981, 5541429.320480721071362 ], [ 1262311.083918832940981, 5541529.320480721071362 ], [ 1262411.083918832940981, 5541529.320480721071362 ] ] ] ] } },
{ "type": "Feature", "properties": { "id": 503, "left": 1262311.0839188329, "top": 5541429.3204807211, "right": 1262411.0839188329, "bottom": 5541329.3204807211, "row_index": 26, "col_index": 14, "area": 1116791.26, "perimeter": 4375.401, "codzona": "G", "numquart": 15, "nomezona": "Galvani", "intersect_area": 4747.0453028380871 }, "geometry": { "type": "MultiPolygon", "coordinates": [ [ [ [ 1262411.083918832940981, 5541429.320480721071362 ], [ 1262411.083918832940981, 5541329.320480721071362 ], [ 1262335.67360331886448, 5541329.320480721071362 ], [ 1262342.049371024826542, 5541353.867584236897528 ], [ 1262350.198858975665644, 5541376.707124945707619 ], [ 1262369.261403223033994, 5541387.58953623007983 ], [ 1262379.972959919832647, 5541395.007708882912993 ], [ 1262386.115816397825256, 5541401.767079414799809 ], [ 1262390.165454713627696, 5541408.762242801487446 ], [ 1262396.515979655086994, 5541419.729943781159818 ], [ 1262401.346983627183363, 5541429.320480721071362 ], [ 1262411.083918832940981, 5541429.320480721071362 ] ] ] ] } },
{ "type": "Feature", "properties": { "id": 503, "left": 1262311.0839188329, "top": 5541429.3204807211, "right": 1262411.0839188329, "bottom": 5541329.3204807211, "row_index": 26, "col_index": 14, "area": 959599.953, "perimeter": 4269.096, "codzona": "L", "numquart": 13, "nomezona": "Malpighi", "intersect_area": 5252.9546971321106 }, "geometry": { "type": "MultiPolygon", "coordinates": [ [ [ [ 1262401.346983627183363, 5541429.320480721071362 ], [ 1262396.515979655086994, 5541419.729943781159818 ], [ 1262390.165454713627696, 5541408.762242801487446 ], [ 1262386.115816397825256, 5541401.767079414799809 ], [ 1262379.972959919832647, 5541395.007708882912993 ], [ 1262369.261403223033994, 5541387.58953623007983 ], [ 1262350.198858975665644, 5541376.707124945707619 ], [ 1262342.049371024826542, 5541353.867584236897528 ], [ 1262335.67360331886448, 5541329.320480721071362 ], [ 1262311.083918832940981, 5541329.320480721071362 ], [ 1262311.083918832940981, 5541429.320480721071362 ], [ 1262401.346983627183363, 5541429.320480721071362 ] ] ] ] } },
{ "type": "Feature", "properties": { "id": 504, "left": 1262311.0839188329, "top": 5541329.3204807211, "right": 1262411.0839188329, "bottom": 5541229.3204807211, "row_index": 27, "col_index": 14, "area": 1116791.26, "perimeter": 4375.401, "codzona": "G", "numquart": 15, "nomezona": "Galvani", "intersect_area": 8073.2063749730587 }, "geometry": { "type": "MultiPolygon", "coordinates": [ [ [ [ 1262411.083918832940981, 5541329.320480721071362 ], [ 1262411.083918832940981, 5541229.320480721071362 ], [ 1262326.298735565505922, 5541229.320480721071362 ], [ 1262331.394340641563758, 5541296.315695735625923 ], [ 1262335.168314536334947, 5541327.375087378546596 ], [ 1262335.67360331886448, 5541329.320480721071362 ], [ 1262411.083918832940981, 5541329.320480721071362 ] ] ] ] } },
{ "type": "Feature", "properties": { "id": 504, "left": 1262311.0839188329, "top": 5541329.3204807211, "right": 1262411.0839188329, "bottom": 5541229.3204807211, "row_index": 27, "col_index": 14, "area": 959599.953, "perimeter": 4269.096, "codzona": "L", "numquart": 13, "nomezona": "Malpighi", "intersect_area": 1926.7936250418425 }, "geometry": { "type": "MultiPolygon", "coordinates": [ [ [ [ 1262335.67360331886448, 5541329.320480721071362 ], [ 1262335.168314536334947, 5541327.375087378546596 ], [ 1262331.394340641563758, 5541296.315695735625923 ], [ 1262326.298735565505922, 5541229.320480721071362 ], [ 1262311.083918832940981, 5541229.320480721071362 ], [ 1262311.083918832940981, 5541329.320480721071362 ], [ 1262335.67360331886448, 5541329.320480721071362 ] ] ] ] } },
{ "type": "Feature", "properties": { "id": 505, "left": 1262311.0839188329, "top": 5541229.3204807211, "right": 1262411.0839188329, "bottom": 5541129.3204807211, "row_index": 28, "col_index": 14, "area": 1116791.26, "perimeter": 4375.401, "codzona": "G", "numquart": 15, "nomezona": "Galvani", "intersect_area": 8793.0399790406227 }, "geometry": { "type": "MultiPolygon", "coordinates": [ [ [ [ 1262411.083918832940981, 5541229.320480721071362 ], [ 1262411.083918832940981, 5541129.320480721071362 ], [ 1262320.940541282296181, 5541129.320480721071362 ], [ 1262321.702967057935894, 5541156.032806693576276 ], [ 1262324.251444837776944, 5541202.403425642289221 ], [ 1262326.298735565505922, 5541229.320480721071362 ], [ 1262411.083918832940981, 5541229.320480721071362 ] ] ] ] } },
{ "type": "Feature", "properties": { "id": 505, "left": 1262311.0839188329, "top": 5541229.3204807211, "right": 1262411.0839188329, "bottom": 5541129.3204807211, "row_index": 28, "col_index": 14, "area": 959599.953, "perimeter": 4269.096, "codzona": "L", "numquart": 13, "nomezona": "Malpighi", "intersect_area": 1206.9600209891796 }, "geometry": { "type": "MultiPolygon", "coordinates": [ [ [ [ 1262326.298735565505922, 5541229.320480721071362 ], [ 1262324.251444837776944, 5541202.403425642289221 ], [ 1262321.702967057935894, 5541156.032806693576276 ], [ 1262320.940541282296181, 5541129.320480721071362 ], [ 1262311.083918832940981, 5541129.320480721071362 ], [ 1262311.083918832940981, 5541229.320480721071362 ], [ 1262326.298735565505922, 5541229.320480721071362 ] ] ] ] } },
{ "type": "Feature", "properties": { "id": 506, "left": 1262311.0839188329, "top": 5541129.3204807211, "right": 1262411.0839188329, "bottom": 5541029.3204807211, "row_index": 29, "col_index": 14, "area": 1116791.26, "perimeter": 4375.401, "codzona": "G", "numquart": 15, "nomezona": "Galvani", "intersect_area": 9278.9358394742012 }, "geometry": { "type": "MultiPolygon", "coordinates": [ [ [ [ 1262411.083918832940981, 5541129.320480721071362 ], [ 1262411.083918832940981, 5541029.320480721071362 ], [ 1262313.163955964380875, 5541029.320480721071362 ], [ 1262314.041010030545294, 5541039.659411219879985 ], [ 1262317.842346888734028, 5541060.622890480794013 ], [ 1262318.889753512572497, 5541072.796221588738263 ], [ 1262320.240745877381414, 5541104.802470479160547 ], [ 1262320.940541282296181, 5541129.320480721071362 ], [ 1262411.083918832940981, 5541129.320480721071362 ] ] ] ] } },
{ "type": "Feature", "properties": { "id": 506, "left": 1262311.0839188329, "top": 5541129.3204807211, "right": 1262411.0839188329, "bottom": 5541029.3204807211, "row_index": 29, "col_index": 14, "area": 959599.953, "perimeter": 4269.096, "codzona": "L", "numquart": 13, "nomezona": "Malpighi", "intersect_area": 721.06416055932641 }, "geometry": { "type": "MultiPolygon", "coordinates": [ [ [ [ 1262320.940541282296181, 5541129.320480721071362 ], [ 1262320.240745877381414, 5541104.802470479160547 ], [ 1262318.889753512572497, 5541072.796221588738263 ], [ 1262317.842346888734028, 5541060.622890480794013 ], [ 1262314.041010030545294, 5541039.659411219879985 ], [ 1262313.163955964380875, 5541029.320480721071362 ], [ 1262311.083918832940981, 5541029.320480721071362 ], [ 1262311.083918832940981, 5541129.320480721071362 ], [ 1262320.940541282296181, 5541129.320480721071362 ] ] ] ] } },
{ "type": "Feature", "properties": { "id": 507, "left": 1262311.0839188329, "top": 5541029.3204807211, "right": 1262411.0839188329, "bottom": 5540929.3204807211, "row_index": 30, "col_index": 14, "area": 24725141.879000001, "perimeter": 30542.734, "codzona": "D", "numquart": 15, "nomezona": "Colli", "intersect_area": 9060.5831662788987 }, "geometry": { "type": "MultiPolygon", "coordinates": [ [ [ [ 1262411.083918832940981, 5540929.320480721071362 ], [ 1262311.083918832940981, 5540929.320480721071362 ], [ 1262311.083918832940981, 5541028.657078519463539 ], [ 1262313.068424552213401, 5541028.194332780316472 ], [ 1262330.876632302301005, 5541025.247868554666638 ], [ 1262393.179171214113012, 5541014.315340763889253 ], [ 1262411.083918832940981, 5541011.143957724794745 ], [ 1262411.083918832940981, 5540929.320480721071362 ] ] ] ] } },
{ "type": "Feature", "properties": { "id": 507, "left": 1262311.0839188329, "top": 5541029.3204807211, "right": 1262411.0839188329, "bottom": 5540929.3204807211, "row_index": 30, "col_index": 14, "area": 1116791.26, "perimeter": 4375.401, "codzona": "G", "numquart": 15, "nomezona": "Galvani", "intersect_area": 937.5873561501503 }, "geometry": { "type": "MultiPolygon", "coordinates": [ [ [ [ 1262411.083918832940981, 5541029.320480721071362 ], [ 1262411.083918832940981, 5541011.143957724794745 ], [ 1262393.179171214113012, 5541014.315340763889253 ], [ 1262330.876632302301005, 5541025.247868554666638 ], [ 1262313.068424552213401, 5541028.194332780316472 ], [ 1262313.163955964380875, 5541029.320480721071362 ], [ 1262411.083918832940981, 5541029.320480721071362 ] ] ] ] } },
{ "type": "Feature", "properties": { "id": 507, "left": 1262311.0839188329, "top": 5541029.3204807211, "right": 1262411.0839188329, "bottom": 5540929.3204807211, "row_index": 30, "col_index": 14, "area": 959599.953, "perimeter": 4269.096, "codzona": "L", "numquart": 13, "nomezona": "Malpighi", "intersect_area": 1.8294774983078241 }, "geometry": { "type": "MultiPolygon", "coordinates": [ [ [ [ 1262313.163955964380875, 5541029.320480721071362 ], [ 1262313.068424552213401, 5541028.194332780316472 ], [ 1262311.083918832940981, 5541028.657078519463539 ], [ 1262311.083918832940981, 5541029.320480721071362 ], [ 1262313.163955964380875, 5541029.320480721071362 ] ] ] ] } },
{ "type": "Feature", "properties": { "id": 508, "left": 1262311.0839188329, "top": 5540929.3204807211, "right": 1262411.0839188329, "bottom": 5540829.3204807211, "row_index": 31, "col_index": 14, "area": 24725141.879000001, "perimeter": 30542.734, "codzona": "D", "numquart": 15, "nomezona": "Colli", "intersect_area": 10000.0 }, "geometry": { "type": "MultiPolygon", "coordinates": [ [ [ [ 1262411.083918832940981, 5540929.320480721071362 ], [ 1262411.083918832940981, 5540829.320480721071362 ], [ 1262311.083918832940981, 5540829.320480721071362 ], [ 1262311.083918832940981, 5540929.320480721071362 ], [ 1262411.083918832940981, 5540929.320480721071362 ] ] ] ] } },
{ "type": "Feature", "properties": { "id": 509, "left": 1262311.0839188329, "top": 5540829.3204807211, "right": 1262411.0839188329, "bottom": 5540729.3204807211, "row_index": 32, "col_index": 14, "area": 24725141.879000001, "perimeter": 30542.734, "codzona": "D", "numquart": 15, "nomezona": "Colli", "intersect_area": 10000.0 }, "geometry": { "type": "MultiPolygon", "coordinates": [ [ [ [ 1262411.083918832940981, 5540829.320480721071362 ], [ 1262411.083918832940981, 5540729.320480721071362 ], [ 1262311.083918832940981, 5540729.320480721071362 ], [ 1262311.083918832940981, 5540829.320480721071362 ], [ 1262411.083918832940981, 5540829.320480721071362 ] ] ] ] } },
{ "type": "Feature", "properties": { "id": 510, "left": 1262311.0839188329, "top": 5540729.3204807211, "right": 1262411.0839188329, "bottom": 5540629.3204807211, "row_index": 33, "col_index": 14, "area": 24725141.879000001, "perimeter": 30542.734, "codzona": "D", "numquart": 15, "nomezona": "Colli", "intersect_area": 10000.0 }, "geometry": { "type": "MultiPolygon", "coordinates": [ [ [ [ 1262411.083918832940981, 5540729.320480721071362 ], [ 1262411.083918832940981, 5540629.320480721071362 ], [ 1262311.083918832940981, 5540629.320480721071362 ], [ 1262311.083918832940981, 5540729.320480721071362 ], [ 1262411.083918832940981, 5540729.320480721071362 ] ] ] ] } },
{ "type": "Feature", "properties": { "id": 511, "left": 1262411.0839188329, "top": 5544029.3204807211, "right": 1262511.0839188329, "bottom": 5543929.3204807211, "row_index": 0, "col_index": 15, "area": 1058290.413, "perimeter": 4426.128, "codzona": "M", "numquart": 13, "nomezona": "Marconi", "intersect_area": 10000.0 }, "geometry": { "type": "MultiPolygon", "coordinates": [ [ [ [ 1262511.083918832940981, 5544029.320480721071362 ], [ 1262511.083918832940981, 5543929.320480721071362 ], [ 1262411.083918832940981, 5543929.320480721071362 ], [ 1262411.083918832940981, 5544029.320480721071362 ], [ 1262511.083918832940981, 5544029.320480721071362 ] ] ] ] } },
{ "type": "Feature", "properties": { "id": 512, "left": 1262411.0839188329, "top": 5543929.3204807211, "right": 1262511.0839188329, "bottom": 5543829.3204807211, "row_index": 1, "col_index": 15, "area": 1058290.413, "perimeter": 4426.128, "codzona": "M", "numquart": 13, "nomezona": "Marconi", "intersect_area": 10000.0 }, "geometry": { "type": "MultiPolygon", "coordinates": [ [ [ [ 1262511.083918832940981, 5543929.320480721071362 ], [ 1262511.083918832940981, 5543829.320480721071362 ], [ 1262411.083918832940981, 5543829.320480721071362 ], [ 1262411.083918832940981, 5543929.320480721071362 ], [ 1262511.083918832940981, 5543929.320480721071362 ] ] ] ] } },
{ "type": "Feature", "properties": { "id": 513, "left": 1262411.0839188329, "top": 5543829.3204807211, "right": 1262511.0839188329, "bottom": 5543729.3204807211, "row_index": 2, "col_index": 15, "area": 1058290.413, "perimeter": 4426.128, "codzona": "M", "numquart": 13, "nomezona": "Marconi", "intersect_area": 10000.0 }, "geometry": { "type": "MultiPolygon", "coordinates": [ [ [ [ 1262511.083918832940981, 5543829.320480721071362 ], [ 1262511.083918832940981, 5543729.320480721071362 ], [ 1262411.083918832940981, 5543729.320480721071362 ], [ 1262411.083918832940981, 5543829.320480721071362 ], [ 1262511.083918832940981, 5543829.320480721071362 ] ] ] ] } },
{ "type": "Feature", "properties": { "id": 514, "left": 1262411.0839188329, "top": 5543729.3204807211, "right": 1262511.0839188329, "bottom": 5543629.3204807211, "row_index": 3, "col_index": 15, "area": 1058290.413, "perimeter": 4426.128, "codzona": "M", "numquart": 13, "nomezona": "Marconi", "intersect_area": 10000.0 }, "geometry": { "type": "MultiPolygon", "coordinates": [ [ [ [ 1262511.083918832940981, 5543729.320480721071362 ], [ 1262511.083918832940981, 5543629.320480721071362 ], [ 1262411.083918832940981, 5543629.320480721071362 ], [ 1262411.083918832940981, 5543729.320480721071362 ], [ 1262511.083918832940981, 5543729.320480721071362 ] ] ] ] } },
{ "type": "Feature", "properties": { "id": 515, "left": 1262411.0839188329, "top": 5543629.3204807211, "right": 1262511.0839188329, "bottom": 5543529.3204807211, "row_index": 4, "col_index": 15, "area": 1058290.413, "perimeter": 4426.128, "codzona": "M", "numquart": 13, "nomezona": "Marconi", "intersect_area": 10000.0 }, "geometry": { "type": "MultiPolygon", "coordinates": [ [ [ [ 1262511.083918832940981, 5543629.320480721071362 ], [ 1262511.083918832940981, 5543529.320480721071362 ], [ 1262411.083918832940981, 5543529.320480721071362 ], [ 1262411.083918832940981, 5543629.320480721071362 ], [ 1262511.083918832940981, 5543629.320480721071362 ] ] ] ] } },
{ "type": "Feature", "properties": { "id": 516, "left": 1262411.0839188329, "top": 5543529.3204807211, "right": 1262511.0839188329, "bottom": 5543429.3204807211, "row_index": 5, "col_index": 15, "area": 1058290.413, "perimeter": 4426.128, "codzona": "M", "numquart": 13, "nomezona": "Marconi", "intersect_area": 10000.0 }, "geometry": { "type": "MultiPolygon", "coordinates": [ [ [ [ 1262511.083918832940981, 5543529.320480721071362 ], [ 1262511.083918832940981, 5543429.320480721071362 ], [ 1262411.083918832940981, 5543429.320480721071362 ], [ 1262411.083918832940981, 5543529.320480721071362 ], [ 1262511.083918832940981, 5543529.320480721071362 ] ] ] ] } },
{ "type": "Feature", "properties": { "id": 517, "left": 1262411.0839188329, "top": 5543429.3204807211, "right": 1262511.0839188329, "bottom": 5543329.3204807211, "row_index": 6, "col_index": 15, "area": 1058290.413, "perimeter": 4426.128, "codzona": "M", "numquart": 13, "nomezona": "Marconi", "intersect_area": 10000.0 }, "geometry": { "type": "MultiPolygon", "coordinates": [ [ [ [ 1262511.083918832940981, 5543429.320480721071362 ], [ 1262511.083918832940981, 5543329.320480721071362 ], [ 1262411.083918832940981, 5543329.320480721071362 ], [ 1262411.083918832940981, 5543429.320480721071362 ], [ 1262511.083918832940981, 5543429.320480721071362 ] ] ] ] } },
{ "type": "Feature", "properties": { "id": 518, "left": 1262411.0839188329, "top": 5543329.3204807211, "right": 1262511.0839188329, "bottom": 5543229.3204807211, "row_index": 7, "col_index": 15, "area": 1058290.413, "perimeter": 4426.128, "codzona": "M", "numquart": 13, "nomezona": "Marconi", "intersect_area": 10000.0 }, "geometry": { "type": "MultiPolygon", "coordinates": [ [ [ [ 1262511.083918832940981, 5543329.320480721071362 ], [ 1262511.083918832940981, 5543229.320480721071362 ], [ 1262411.083918832940981, 5543229.320480721071362 ], [ 1262411.083918832940981, 5543329.320480721071362 ], [ 1262511.083918832940981, 5543329.320480721071362 ] ] ] ] } },
{ "type": "Feature", "properties": { "id": 519, "left": 1262411.0839188329, "top": 5543229.3204807211, "right": 1262511.0839188329, "bottom": 5543129.3204807211, "row_index": 8, "col_index": 15, "area": 1058290.413, "perimeter": 4426.128, "codzona": "M", "numquart": 13, "nomezona": "Marconi", "intersect_area": 10000.0 }, "geometry": { "type": "MultiPolygon", "coordinates": [ [ [ [ 1262511.083918832940981, 5543229.320480721071362 ], [ 1262511.083918832940981, 5543129.320480721071362 ], [ 1262411.083918832940981, 5543129.320480721071362 ], [ 1262411.083918832940981, 5543229.320480721071362 ], [ 1262511.083918832940981, 5543229.320480721071362 ] ] ] ] } },
{ "type": "Feature", "properties": { "id": 520, "left": 1262411.0839188329, "top": 5543129.3204807211, "right": 1262511.0839188329, "bottom": 5543029.3204807211, "row_index": 9, "col_index": 15, "area": 1058290.413, "perimeter": 4426.128, "codzona": "M", "numquart": 13, "nomezona": "Marconi", "intersect_area": 10000.0 }, "geometry": { "type": "MultiPolygon", "coordinates": [ [ [ [ 1262511.083918832940981, 5543129.320480721071362 ], [ 1262511.083918832940981, 5543029.320480721071362 ], [ 1262411.083918832940981, 5543029.320480721071362 ], [ 1262411.083918832940981, 5543129.320480721071362 ], [ 1262511.083918832940981, 5543129.320480721071362 ] ] ] ] } },
{ "type": "Feature", "properties": { "id": 521, "left": 1262411.0839188329, "top": 5543029.3204807211, "right": 1262511.0839188329, "bottom": 5542929.3204807211, "row_index": 10, "col_index": 15, "area": 1058290.413, "perimeter": 4426.128, "codzona": "M", "numquart": 13, "nomezona": "Marconi", "intersect_area": 10000.0 }, "geometry": { "type": "MultiPolygon", "coordinates": [ [ [ [ 1262511.083918832940981, 5543029.320480721071362 ], [ 1262511.083918832940981, 5542929.320480721071362 ], [ 1262411.083918832940981, 5542929.320480721071362 ], [ 1262411.083918832940981, 5543029.320480721071362 ], [ 1262511.083918832940981, 5543029.320480721071362 ] ] ] ] } },
{ "type": "Feature", "properties": { "id": 522, "left": 1262411.0839188329, "top": 5542929.3204807211, "right": 1262511.0839188329, "bottom": 5542829.3204807211, "row_index": 11, "col_index": 15, "area": 1058290.413, "perimeter": 4426.128, "codzona": "M", "numquart": 13, "nomezona": "Marconi", "intersect_area": 10000.0 }, "geometry": { "type": "MultiPolygon", "coordinates": [ [ [ [ 1262511.083918832940981, 5542929.320480721071362 ], [ 1262511.083918832940981, 5542829.320480721071362 ], [ 1262411.083918832940981, 5542829.320480721071362 ], [ 1262411.083918832940981, 5542929.320480721071362 ], [ 1262511.083918832940981, 5542929.320480721071362 ] ] ] ] } },
{ "type": "Feature", "properties": { "id": 523, "left": 1262411.0839188329, "top": 5542829.3204807211, "right": 1262511.0839188329, "bottom": 5542729.3204807211, "row_index": 12, "col_index": 15, "area": 1058290.413, "perimeter": 4426.128, "codzona": "M", "numquart": 13, "nomezona": "Marconi", "intersect_area": 10000.0 }, "geometry": { "type": "MultiPolygon", "coordinates": [ [ [ [ 1262511.083918832940981, 5542829.320480721071362 ], [ 1262511.083918832940981, 5542729.320480721071362 ], [ 1262411.083918832940981, 5542729.320480721071362 ], [ 1262411.083918832940981, 5542829.320480721071362 ], [ 1262511.083918832940981, 5542829.320480721071362 ] ] ] ] } },
{ "type": "Feature", "properties": { "id": 524, "left": 1262411.0839188329, "top": 5542729.3204807211, "right": 1262511.0839188329, "bottom": 5542629.3204807211, "row_index": 13, "col_index": 15, "area": 1058290.413, "perimeter": 4426.128, "codzona": "M", "numquart": 13, "nomezona": "Marconi", "intersect_area": 10000.0 }, "geometry": { "type": "MultiPolygon", "coordinates": [ [ [ [ 1262511.083918832940981, 5542729.320480721071362 ], [ 1262511.083918832940981, 5542629.320480721071362 ], [ 1262411.083918832940981, 5542629.320480721071362 ], [ 1262411.083918832940981, 5542729.320480721071362 ], [ 1262511.083918832940981, 5542729.320480721071362 ] ] ] ] } },
{ "type": "Feature", "properties": { "id": 525, "left": 1262411.0839188329, "top": 5542629.3204807211, "right": 1262511.0839188329, "bottom": 5542529.3204807211, "row_index": 14, "col_index": 15, "area": 1058290.413, "perimeter": 4426.128, "codzona": "M", "numquart": 13, "nomezona": "Marconi", "intersect_area": 10000.0 }, "geometry": { "type": "MultiPolygon", "coordinates": [ [ [ [ 1262511.083918832940981, 5542629.320480721071362 ], [ 1262511.083918832940981, 5542529.320480721071362 ], [ 1262411.083918832940981, 5542529.320480721071362 ], [ 1262411.083918832940981, 5542629.320480721071362 ], [ 1262511.083918832940981, 5542629.320480721071362 ] ] ] ] } },
{ "type": "Feature", "properties": { "id": 526, "left": 1262411.0839188329, "top": 5542529.3204807211, "right": 1262511.0839188329, "bottom": 5542429.3204807211, "row_index": 15, "col_index": 15, "area": 1058290.413, "perimeter": 4426.128, "codzona": "M", "numquart": 13, "nomezona": "Marconi", "intersect_area": 10000.0 }, "geometry": { "type": "MultiPolygon", "coordinates": [ [ [ [ 1262511.083918832940981, 5542529.320480721071362 ], [ 1262511.083918832940981, 5542429.320480721071362 ], [ 1262411.083918832940981, 5542429.320480721071362 ], [ 1262411.083918832940981, 5542529.320480721071362 ], [ 1262511.083918832940981, 5542529.320480721071362 ] ] ] ] } },
{ "type": "Feature", "properties": { "id": 527, "left": 1262411.0839188329, "top": 5542429.3204807211, "right": 1262511.0839188329, "bottom": 5542329.3204807211, "row_index": 16, "col_index": 15, "area": 959599.953, "perimeter": 4269.096, "codzona": "L", "numquart": 13, "nomezona": "Malpighi", "intersect_area": 6627.2141037806869 }, "geometry": { "type": "MultiPolygon", "coordinates": [ [ [ [ 1262511.083918832940981, 5542329.320480721071362 ], [ 1262411.083918832940981, 5542329.320480721071362 ], [ 1262411.083918832940981, 5542406.195206631906331 ], [ 1262425.300128671107814, 5542403.25734643265605 ], [ 1262472.354907275177538, 5542393.21078063827008 ], [ 1262481.752873473335057, 5542391.359866176731884 ], [ 1262511.083918832940981, 5542384.615791046991944 ], [ 1262511.083918832940981, 5542329.320480721071362 ] ] ] ] } },
{ "type": "Feature", "properties": { "id": 527, "left": 1262411.0839188329, "top": 5542429.3204807211, "right": 1262511.0839188329, "bottom": 5542329.3204807211, "row_index": 16, "col_index": 15, "area": 1058290.413, "perimeter": 4426.128, "codzona": "M", "numquart": 13, "nomezona": "Marconi", "intersect_area": 3372.7858961820602 }, "geometry": { "type": "MultiPolygon", "coordinates": [ [ [ [ 1262511.083918832940981, 5542429.320480721071362 ], [ 1262511.083918832940981, 5542384.615791046991944 ], [ 1262481.752873473335057, 5542391.359866176731884 ], [ 1262472.354907275177538, 5542393.21078063827008 ], [ 1262425.300128671107814, 5542403.25734643265605 ], [ 1262411.083918832940981, 5542406.195206631906331 ], [ 1262411.083918832940981, 5542429.320480721071362 ], [ 1262511.083918832940981, 5542429.320480721071362 ] ] ] ] } },
{ "type": "Feature", "properties": { "id": 528, "left": 1262411.0839188329, "top": 5542329.3204807211, "right": 1262511.0839188329, "bottom": 5542229.3204807211, "row_index": 17, "col_index": 15, "area": 959599.953, "perimeter": 4269.096, "codzona": "L", "numquart": 13, "nomezona": "Malpighi", "intersect_area": 10000.0 }, "geometry": { "type": "MultiPolygon", "coordinates": [ [ [ [ 1262511.083918832940981, 5542329.320480721071362 ], [ 1262511.083918832940981, 5542229.320480721071362 ], [ 1262411.083918832940981, 5542229.320480721071362 ], [ 1262411.083918832940981, 5542329.320480721071362 ], [ 1262511.083918832940981, 5542329.320480721071362 ] ] ] ] } },
{ "type": "Feature", "properties": { "id": 529, "left": 1262411.0839188329, "top": 5542229.3204807211, "right": 1262511.0839188329, "bottom": 5542129.3204807211, "row_index": 18, "col_index": 15, "area": 959599.953, "perimeter": 4269.096, "codzona": "L", "numquart": 13, "nomezona": "Malpighi", "intersect_area": 10000.0 }, "geometry": { "type": "MultiPolygon", "coordinates": [ [ [ [ 1262511.083918832940981, 5542229.320480721071362 ], [ 1262511.083918832940981, 5542129.320480721071362 ], [ 1262411.083918832940981, 5542129.320480721071362 ], [ 1262411.083918832940981, 5542229.320480721071362 ], [ 1262511.083918832940981, 5542229.320480721071362 ] ] ] ] } },
{ "type": "Feature", "properties": { "id": 530, "left": 1262411.0839188329, "top": 5542129.3204807211, "right": 1262511.0839188329, "bottom": 5542029.3204807211, "row_index": 19, "col_index": 15, "area": 959599.953, "perimeter": 4269.096, "codzona": "L", "numquart": 13, "nomezona": "Malpighi", "intersect_area": 10000.0 }, "geometry": { "type": "MultiPolygon", "coordinates": [ [ [ [ 1262511.083918832940981, 5542129.320480721071362 ], [ 1262511.083918832940981, 5542029.320480721071362 ], [ 1262411.083918832940981, 5542029.320480721071362 ], [ 1262411.083918832940981, 5542129.320480721071362 ], [ 1262511.083918832940981, 5542129.320480721071362 ] ] ] ] } },
{ "type": "Feature", "properties": { "id": 531, "left": 1262411.0839188329, "top": 5542029.3204807211, "right": 1262511.0839188329, "bottom": 5541929.3204807211, "row_index": 20, "col_index": 15, "area": 959599.953, "perimeter": 4269.096, "codzona": "L", "numquart": 13, "nomezona": "Malpighi", "intersect_area": 10000.0 }, "geometry": { "type": "MultiPolygon", "coordinates": [ [ [ [ 1262511.083918832940981, 5542029.320480721071362 ], [ 1262511.083918832940981, 5541929.320480721071362 ], [ 1262411.083918832940981, 5541929.320480721071362 ], [ 1262411.083918832940981, 5542029.320480721071362 ], [ 1262511.083918832940981, 5542029.320480721071362 ] ] ] ] } },
{ "type": "Feature", "properties": { "id": 532, "left": 1262411.0839188329, "top": 5541929.3204807211, "right": 1262511.0839188329, "bottom": 5541829.3204807211, "row_index": 21, "col_index": 15, "area": 959599.953, "perimeter": 4269.096, "codzona": "L", "numquart": 13, "nomezona": "Malpighi", "intersect_area": 10000.0 }, "geometry": { "type": "MultiPolygon", "coordinates": [ [ [ [ 1262511.083918832940981, 5541929.320480721071362 ], [ 1262511.083918832940981, 5541829.320480721071362 ], [ 1262411.083918832940981, 5541829.320480721071362 ], [ 1262411.083918832940981, 5541929.320480721071362 ], [ 1262511.083918832940981, 5541929.320480721071362 ] ] ] ] } },
{ "type": "Feature", "properties": { "id": 533, "left": 1262411.0839188329, "top": 5541829.3204807211, "right": 1262511.0839188329, "bottom": 5541729.3204807211, "row_index": 22, "col_index": 15, "area": 959599.953, "perimeter": 4269.096, "codzona": "L", "numquart": 13, "nomezona": "Malpighi", "intersect_area": 10000.0 }, "geometry": { "type": "MultiPolygon", "coordinates": [ [ [ [ 1262511.083918832940981, 5541829.320480721071362 ], [ 1262511.083918832940981, 5541729.320480721071362 ], [ 1262411.083918832940981, 5541729.320480721071362 ], [ 1262411.083918832940981, 5541829.320480721071362 ], [ 1262511.083918832940981, 5541829.320480721071362 ] ] ] ] } },
{ "type": "Feature", "properties": { "id": 534, "left": 1262411.0839188329, "top": 5541729.3204807211, "right": 1262511.0839188329, "bottom": 5541629.3204807211, "row_index": 23, "col_index": 15, "area": 1116791.26, "perimeter": 4375.401, "codzona": "G", "numquart": 15, "nomezona": "Galvani", "intersect_area": 215.78775097057223 }, "geometry": { "type": "MultiPolygon", "coordinates": [ [ [ [ 1262511.083918832940981, 5541629.320480721071362 ], [ 1262497.984361933311448, 5541629.320480721071362 ], [ 1262511.083918832940981, 5541662.266289900057018 ], [ 1262511.083918832940981, 5541629.320480721071362 ] ] ] ] } },
{ "type": "Feature", "properties": { "id": 534, "left": 1262411.0839188329, "top": 5541729.3204807211, "right": 1262511.0839188329, "bottom": 5541629.3204807211, "row_index": 23, "col_index": 15, "area": 959599.953, "perimeter": 4269.096, "codzona": "L", "numquart": 13, "nomezona": "Malpighi", "intersect_area": 9784.2122490406036 }, "geometry": { "type": "MultiPolygon", "coordinates": [ [ [ [ 1262511.083918832940981, 5541729.320480721071362 ], [ 1262511.083918832940981, 5541662.266289900057018 ], [ 1262497.984361933311448, 5541629.320480721071362 ], [ 1262411.083918832940981, 5541629.320480721071362 ], [ 1262411.083918832940981, 5541729.320480721071362 ], [ 1262511.083918832940981, 5541729.320480721071362 ] ] ] ] } },
{ "type": "Feature", "properties": { "id": 535, "left": 1262411.0839188329, "top": 5541629.3204807211, "right": 1262511.0839188329, "bottom": 5541529.3204807211, "row_index": 24, "col_index": 15, "area": 1116791.26, "perimeter": 4375.401, "codzona": "G", "numquart": 15, "nomezona": "Galvani", "intersect_area": 3464.1246622726321 }, "geometry": { "type": "MultiPolygon", "coordinates": [ [ [ [ 1262511.083918832940981, 5541629.320480721071362 ], [ 1262511.083918832940981, 5541529.320480721071362 ], [ 1262452.30517974216491, 5541529.320480721071362 ], [ 1262456.128440089989454, 5541537.070121726021171 ], [ 1262480.984734715893865, 5541586.312875713221729 ], [ 1262495.416158519685268, 5541622.861366092227399 ], [ 1262497.984361933311448, 5541629.320480721071362 ], [ 1262511.083918832940981, 5541629.320480721071362 ] ] ] ] } },
{ "type": "Feature", "properties": { "id": 535, "left": 1262411.0839188329, "top": 5541629.3204807211, "right": 1262511.0839188329, "bottom": 5541529.3204807211, "row_index": 24, "col_index": 15, "area": 959599.953, "perimeter": 4269.096, "codzona": "L", "numquart": 13, "nomezona": "Malpighi", "intersect_area": 6535.8753377199173 }, "geometry": { "type": "MultiPolygon", "coordinates": [ [ [ [ 1262497.984361933311448, 5541629.320480721071362 ], [ 1262495.416158519685268, 5541622.861366092227399 ], [ 1262480.984734715893865, 5541586.312875713221729 ], [ 1262456.128440089989454, 5541537.070121726021171 ], [ 1262452.30517974216491, 5541529.320480721071362 ], [ 1262411.083918832940981, 5541529.320480721071362 ], [ 1262411.083918832940981, 5541629.320480721071362 ], [ 1262497.984361933311448, 5541629.320480721071362 ] ] ] ] } },
{ "type": "Feature", "properties": { "id": 536, "left": 1262411.0839188329, "top": 5541529.3204807211, "right": 1262511.0839188329, "bottom": 5541429.3204807211, "row_index": 25, "col_index": 15, "area": 1116791.26, "perimeter": 4375.401, "codzona": "G", "numquart": 15, "nomezona": "Galvani", "intersect_area": 8352.0513142645359 }, "geometry": { "type": "MultiPolygon", "coordinates": [ [ [ [ 1262511.083918832940981, 5541529.320480721071362 ], [ 1262511.083918832940981, 5541429.320480721071362 ], [ 1262411.083918832940981, 5541429.320480721071362 ], [ 1262411.083918832940981, 5541448.65030063316226 ], [ 1262439.369597660610452, 5541504.803193330764771 ], [ 1262450.27727221371606, 5541525.20996929705143 ], [ 1262452.30517974216491, 5541529.320480721071362 ], [ 1262511.083918832940981, 5541529.320480721071362 ] ] ] ] } },
{ "type": "Feature", "properties": { "id": 536, "left": 1262411.0839188329, "top": 5541529.3204807211, "right": 1262511.0839188329, "bottom": 5541429.3204807211, "row_index": 25, "col_index": 15, "area": 959599.953, "perimeter": 4269.096, "codzona": "L", "numquart": 13, "nomezona": "Malpighi", "intersect_area": 1647.9486857503653 }, "geometry": { "type": "MultiPolygon", "coordinates": [ [ [ [ 1262452.30517974216491, 5541529.320480721071362 ], [ 1262450.27727221371606, 5541525.20996929705143 ], [ 1262439.369597660610452, 5541504.803193330764771 ], [ 1262411.083918832940981, 5541448.65030063316226 ], [ 1262411.083918832940981, 5541529.320480721071362 ], [ 1262452.30517974216491, 5541529.320480721071362 ] ] ] ] } },
{ "type": "Feature", "properties": { "id": 537, "left": 1262411.0839188329, "top": 5541429.3204807211, "right": 1262511.0839188329, "bottom": 5541329.3204807211, "row_index": 26, "col_index": 15, "area": 1116791.26, "perimeter": 4375.401, "codzona": "G", "numquart": 15, "nomezona": "Galvani", "intersect_area": 10000.0 }, "geometry": { "type": "MultiPolygon", "coordinates": [ [ [ [ 1262511.083918832940981, 5541429.320480721071362 ], [ 1262511.083918832940981, 5541329.320480721071362 ], [ 1262411.083918832940981, 5541329.320480721071362 ], [ 1262411.083918832940981, 5541429.320480721071362 ], [ 1262511.083918832940981, 5541429.320480721071362 ] ] ] ] } },
{ "type": "Feature", "properties": { "id": 538, "left": 1262411.0839188329, "top": 5541329.3204807211, "right": 1262511.0839188329, "bottom": 5541229.3204807211, "row_index": 27, "col_index": 15, "area": 1116791.26, "perimeter": 4375.401, "codzona": "G", "numquart": 15, "nomezona": "Galvani", "intersect_area": 10000.0 }, "geometry": { "type": "MultiPolygon", "coordinates": [ [ [ [ 1262511.083918832940981, 5541329.320480721071362 ], [ 1262511.083918832940981, 5541229.320480721071362 ], [ 1262411.083918832940981, 5541229.320480721071362 ], [ 1262411.083918832940981, 5541329.320480721071362 ], [ 1262511.083918832940981, 5541329.320480721071362 ] ] ] ] } },
{ "type": "Feature", "properties": { "id": 539, "left": 1262411.0839188329, "top": 5541229.3204807211, "right": 1262511.0839188329, "bottom": 5541129.3204807211, "row_index": 28, "col_index": 15, "area": 1116791.26, "perimeter": 4375.401, "codzona": "G", "numquart": 15, "nomezona": "Galvani", "intersect_area": 10000.0 }, "geometry": { "type": "MultiPolygon", "coordinates": [ [ [ [ 1262511.083918832940981, 5541229.320480721071362 ], [ 1262511.083918832940981, 5541129.320480721071362 ], [ 1262411.083918832940981, 5541129.320480721071362 ], [ 1262411.083918832940981, 5541229.320480721071362 ], [ 1262511.083918832940981, 5541229.320480721071362 ] ] ] ] } },
{ "type": "Feature", "properties": { "id": 540, "left": 1262411.0839188329, "top": 5541129.3204807211, "right": 1262511.0839188329, "bottom": 5541029.3204807211, "row_index": 29, "col_index": 15, "area": 1116791.26, "perimeter": 4375.401, "codzona": "G", "numquart": 15, "nomezona": "Galvani", "intersect_area": 10000.0 }, "geometry": { "type": "MultiPolygon", "coordinates": [ [ [ [ 1262511.083918832940981, 5541129.320480721071362 ], [ 1262511.083918832940981, 5541029.320480721071362 ], [ 1262411.083918832940981, 5541029.320480721071362 ], [ 1262411.083918832940981, 5541129.320480721071362 ], [ 1262511.083918832940981, 5541129.320480721071362 ] ] ] ] } },
{ "type": "Feature", "properties": { "id": 541, "left": 1262411.0839188329, "top": 5541029.3204807211, "right": 1262511.0839188329, "bottom": 5540929.3204807211, "row_index": 30, "col_index": 15, "area": 24725141.879000001, "perimeter": 30542.734, "codzona": "D", "numquart": 15, "nomezona": "Colli", "intersect_area": 7296.7214110121131 }, "geometry": { "type": "MultiPolygon", "coordinates": [ [ [ [ 1262511.083918832940981, 5540929.320480721071362 ], [ 1262411.083918832940981, 5540929.320480721071362 ], [ 1262411.083918832940981, 5541011.143957724794745 ], [ 1262511.083918832940981, 5540993.43143193796277 ], [ 1262511.083918832940981, 5540929.320480721071362 ] ] ] ] } },
{ "type": "Feature", "properties": { "id": 541, "left": 1262411.0839188329, "top": 5541029.3204807211, "right": 1262511.0839188329, "bottom": 5540929.3204807211, "row_index": 30, "col_index": 15, "area": 1116791.26, "perimeter": 4375.401, "codzona": "G", "numquart": 15, "nomezona": "Galvani", "intersect_area": 2703.278588950634 }, "geometry": { "type": "MultiPolygon", "coordinates": [ [ [ [ 1262511.083918832940981, 5541029.320480721071362 ], [ 1262511.083918832940981, 5540993.43143193796277 ], [ 1262411.083918832940981, 5541011.143957724794745 ], [ 1262411.083918832940981, 5541029.320480721071362 ], [ 1262511.083918832940981, 5541029.320480721071362 ] ] ] ] } },
{ "type": "Feature", "properties": { "id": 542, "left": 1262411.0839188329, "top": 5540929.3204807211, "right": 1262511.0839188329, "bottom": 5540829.3204807211, "row_index": 31, "col_index": 15, "area": 24725141.879000001, "perimeter": 30542.734, "codzona": "D", "numquart": 15, "nomezona": "Colli", "intersect_area": 10000.0 }, "geometry": { "type": "MultiPolygon", "coordinates": [ [ [ [ 1262511.083918832940981, 5540929.320480721071362 ], [ 1262511.083918832940981, 5540829.320480721071362 ], [ 1262411.083918832940981, 5540829.320480721071362 ], [ 1262411.083918832940981, 5540929.320480721071362 ], [ 1262511.083918832940981, 5540929.320480721071362 ] ] ] ] } },
{ "type": "Feature", "properties": { "id": 543, "left": 1262411.0839188329, "top": 5540829.3204807211, "right": 1262511.0839188329, "bottom": 5540729.3204807211, "row_index": 32, "col_index": 15, "area": 24725141.879000001, "perimeter": 30542.734, "codzona": "D", "numquart": 15, "nomezona": "Colli", "intersect_area": 10000.0 }, "geometry": { "type": "MultiPolygon", "coordinates": [ [ [ [ 1262511.083918832940981, 5540829.320480721071362 ], [ 1262511.083918832940981, 5540729.320480721071362 ], [ 1262411.083918832940981, 5540729.320480721071362 ], [ 1262411.083918832940981, 5540829.320480721071362 ], [ 1262511.083918832940981, 5540829.320480721071362 ] ] ] ] } },
{ "type": "Feature", "properties": { "id": 544, "left": 1262411.0839188329, "top": 5540729.3204807211, "right": 1262511.0839188329, "bottom": 5540629.3204807211, "row_index": 33, "col_index": 15, "area": 24725141.879000001, "perimeter": 30542.734, "codzona": "D", "numquart": 15, "nomezona": "Colli", "intersect_area": 10000.0 }, "geometry": { "type": "MultiPolygon", "coordinates": [ [ [ [ 1262511.083918832940981, 5540729.320480721071362 ], [ 1262511.083918832940981, 5540629.320480721071362 ], [ 1262411.083918832940981, 5540629.320480721071362 ], [ 1262411.083918832940981, 5540729.320480721071362 ], [ 1262511.083918832940981, 5540729.320480721071362 ] ] ] ] } },
{ "type": "Feature", "properties": { "id": 545, "left": 1262511.0839188329, "top": 5544029.3204807211, "right": 1262611.0839188329, "bottom": 5543929.3204807211, "row_index": 0, "col_index": 16, "area": 1058290.413, "perimeter": 4426.128, "codzona": "M", "numquart": 13, "nomezona": "Marconi", "intersect_area": 10000.0 }, "geometry": { "type": "MultiPolygon", "coordinates": [ [ [ [ 1262611.083918832940981, 5544029.320480721071362 ], [ 1262611.083918832940981, 5543929.320480721071362 ], [ 1262511.083918832940981, 5543929.320480721071362 ], [ 1262511.083918832940981, 5544029.320480721071362 ], [ 1262611.083918832940981, 5544029.320480721071362 ] ] ] ] } },
{ "type": "Feature", "properties": { "id": 546, "left": 1262511.0839188329, "top": 5543929.3204807211, "right": 1262611.0839188329, "bottom": 5543829.3204807211, "row_index": 1, "col_index": 16, "area": 1058290.413, "perimeter": 4426.128, "codzona": "M", "numquart": 13, "nomezona": "Marconi", "intersect_area": 10000.0 }, "geometry": { "type": "MultiPolygon", "coordinates": [ [ [ [ 1262611.083918832940981, 5543929.320480721071362 ], [ 1262611.083918832940981, 5543829.320480721071362 ], [ 1262511.083918832940981, 5543829.320480721071362 ], [ 1262511.083918832940981, 5543929.320480721071362 ], [ 1262611.083918832940981, 5543929.320480721071362 ] ] ] ] } },
{ "type": "Feature", "properties": { "id": 547, "left": 1262511.0839188329, "top": 5543829.3204807211, "right": 1262611.0839188329, "bottom": 5543729.3204807211, "row_index": 2, "col_index": 16, "area": 1058290.413, "perimeter": 4426.128, "codzona": "M", "numquart": 13, "nomezona": "Marconi", "intersect_area": 10000.0 }, "geometry": { "type": "MultiPolygon", "coordinates": [ [ [ [ 1262611.083918832940981, 5543829.320480721071362 ], [ 1262611.083918832940981, 5543729.320480721071362 ], [ 1262511.083918832940981, 5543729.320480721071362 ], [ 1262511.083918832940981, 5543829.320480721071362 ], [ 1262611.083918832940981, 5543829.320480721071362 ] ] ] ] } },
{ "type": "Feature", "properties": { "id": 548, "left": 1262511.0839188329, "top": 5543729.3204807211, "right": 1262611.0839188329, "bottom": 5543629.3204807211, "row_index": 3, "col_index": 16, "area": 1058290.413, "perimeter": 4426.128, "codzona": "M", "numquart": 13, "nomezona": "Marconi", "intersect_area": 10000.0 }, "geometry": { "type": "MultiPolygon", "coordinates": [ [ [ [ 1262611.083918832940981, 5543729.320480721071362 ], [ 1262611.083918832940981, 5543629.320480721071362 ], [ 1262511.083918832940981, 5543629.320480721071362 ], [ 1262511.083918832940981, 5543729.320480721071362 ], [ 1262611.083918832940981, 5543729.320480721071362 ] ] ] ] } },
{ "type": "Feature", "properties": { "id": 549, "left": 1262511.0839188329, "top": 5543629.3204807211, "right": 1262611.0839188329, "bottom": 5543529.3204807211, "row_index": 4, "col_index": 16, "area": 1058290.413, "perimeter": 4426.128, "codzona": "M", "numquart": 13, "nomezona": "Marconi", "intersect_area": 10000.0 }, "geometry": { "type": "MultiPolygon", "coordinates": [ [ [ [ 1262611.083918832940981, 5543629.320480721071362 ], [ 1262611.083918832940981, 5543529.320480721071362 ], [ 1262511.083918832940981, 5543529.320480721071362 ], [ 1262511.083918832940981, 5543629.320480721071362 ], [ 1262611.083918832940981, 5543629.320480721071362 ] ] ] ] } },
{ "type": "Feature", "properties": { "id": 550, "left": 1262511.0839188329, "top": 5543529.3204807211, "right": 1262611.0839188329, "bottom": 5543429.3204807211, "row_index": 5, "col_index": 16, "area": 1058290.413, "perimeter": 4426.128, "codzona": "M", "numquart": 13, "nomezona": "Marconi", "intersect_area": 10000.0 }, "geometry": { "type": "MultiPolygon", "coordinates": [ [ [ [ 1262611.083918832940981, 5543529.320480721071362 ], [ 1262611.083918832940981, 5543429.320480721071362 ], [ 1262511.083918832940981, 5543429.320480721071362 ], [ 1262511.083918832940981, 5543529.320480721071362 ], [ 1262611.083918832940981, 5543529.320480721071362 ] ] ] ] } },
{ "type": "Feature", "properties": { "id": 551, "left": 1262511.0839188329, "top": 5543429.3204807211, "right": 1262611.0839188329, "bottom": 5543329.3204807211, "row_index": 6, "col_index": 16, "area": 1058290.413, "perimeter": 4426.128, "codzona": "M", "numquart": 13, "nomezona": "Marconi", "intersect_area": 10000.0 }, "geometry": { "type": "MultiPolygon", "coordinates": [ [ [ [ 1262611.083918832940981, 5543429.320480721071362 ], [ 1262611.083918832940981, 5543329.320480721071362 ], [ 1262511.083918832940981, 5543329.320480721071362 ], [ 1262511.083918832940981, 5543429.320480721071362 ], [ 1262611.083918832940981, 5543429.320480721071362 ] ] ] ] } },
{ "type": "Feature", "properties": { "id": 552, "left": 1262511.0839188329, "top": 5543329.3204807211, "right": 1262611.0839188329, "bottom": 5543229.3204807211, "row_index": 7, "col_index": 16, "area": 1058290.413, "perimeter": 4426.128, "codzona": "M", "numquart": 13, "nomezona": "Marconi", "intersect_area": 10000.0 }, "geometry": { "type": "MultiPolygon", "coordinates": [ [ [ [ 1262611.083918832940981, 5543329.320480721071362 ], [ 1262611.083918832940981, 5543229.320480721071362 ], [ 1262511.083918832940981, 5543229.320480721071362 ], [ 1262511.083918832940981, 5543329.320480721071362 ], [ 1262611.083918832940981, 5543329.320480721071362 ] ] ] ] } },
{ "type": "Feature", "properties": { "id": 553, "left": 1262511.0839188329, "top": 5543229.3204807211, "right": 1262611.0839188329, "bottom": 5543129.3204807211, "row_index": 8, "col_index": 16, "area": 1058290.413, "perimeter": 4426.128, "codzona": "M", "numquart": 13, "nomezona": "Marconi", "intersect_area": 10000.0 }, "geometry": { "type": "MultiPolygon", "coordinates": [ [ [ [ 1262611.083918832940981, 5543229.320480721071362 ], [ 1262611.083918832940981, 5543129.320480721071362 ], [ 1262511.083918832940981, 5543129.320480721071362 ], [ 1262511.083918832940981, 5543229.320480721071362 ], [ 1262611.083918832940981, 5543229.320480721071362 ] ] ] ] } },
{ "type": "Feature", "properties": { "id": 554, "left": 1262511.0839188329, "top": 5543129.3204807211, "right": 1262611.0839188329, "bottom": 5543029.3204807211, "row_index": 9, "col_index": 16, "area": 1058290.413, "perimeter": 4426.128, "codzona": "M", "numquart": 13, "nomezona": "Marconi", "intersect_area": 10000.0 }, "geometry": { "type": "MultiPolygon", "coordinates": [ [ [ [ 1262611.083918832940981, 5543129.320480721071362 ], [ 1262611.083918832940981, 5543029.320480721071362 ], [ 1262511.083918832940981, 5543029.320480721071362 ], [ 1262511.083918832940981, 5543129.320480721071362 ], [ 1262611.083918832940981, 5543129.320480721071362 ] ] ] ] } },
{ "type": "Feature", "properties": { "id": 555, "left": 1262511.0839188329, "top": 5543029.3204807211, "right": 1262611.0839188329, "bottom": 5542929.3204807211, "row_index": 10, "col_index": 16, "area": 1058290.413, "perimeter": 4426.128, "codzona": "M", "numquart": 13, "nomezona": "Marconi", "intersect_area": 10000.0 }, "geometry": { "type": "MultiPolygon", "coordinates": [ [ [ [ 1262611.083918832940981, 5543029.320480721071362 ], [ 1262611.083918832940981, 5542929.320480721071362 ], [ 1262511.083918832940981, 5542929.320480721071362 ], [ 1262511.083918832940981, 5543029.320480721071362 ], [ 1262611.083918832940981, 5543029.320480721071362 ] ] ] ] } },
{ "type": "Feature", "properties": { "id": 556, "left": 1262511.0839188329, "top": 5542929.3204807211, "right": 1262611.0839188329, "bottom": 5542829.3204807211, "row_index": 11, "col_index": 16, "area": 1058290.413, "perimeter": 4426.128, "codzona": "M", "numquart": 13, "nomezona": "Marconi", "intersect_area": 10000.0 }, "geometry": { "type": "MultiPolygon", "coordinates": [ [ [ [ 1262611.083918832940981, 5542929.320480721071362 ], [ 1262611.083918832940981, 5542829.320480721071362 ], [ 1262511.083918832940981, 5542829.320480721071362 ], [ 1262511.083918832940981, 5542929.320480721071362 ], [ 1262611.083918832940981, 5542929.320480721071362 ] ] ] ] } },
{ "type": "Feature", "properties": { "id": 557, "left": 1262511.0839188329, "top": 5542829.3204807211, "right": 1262611.0839188329, "bottom": 5542729.3204807211, "row_index": 12, "col_index": 16, "area": 1058290.413, "perimeter": 4426.128, "codzona": "M", "numquart": 13, "nomezona": "Marconi", "intersect_area": 10000.0 }, "geometry": { "type": "MultiPolygon", "coordinates": [ [ [ [ 1262611.083918832940981, 5542829.320480721071362 ], [ 1262611.083918832940981, 5542729.320480721071362 ], [ 1262511.083918832940981, 5542729.320480721071362 ], [ 1262511.083918832940981, 5542829.320480721071362 ], [ 1262611.083918832940981, 5542829.320480721071362 ] ] ] ] } },
{ "type": "Feature", "properties": { "id": 558, "left": 1262511.0839188329, "top": 5542729.3204807211, "right": 1262611.0839188329, "bottom": 5542629.3204807211, "row_index": 13, "col_index": 16, "area": 1058290.413, "perimeter": 4426.128, "codzona": "M", "numquart": 13, "nomezona": "Marconi", "intersect_area": 10000.0 }, "geometry": { "type": "MultiPolygon", "coordinates": [ [ [ [ 1262611.083918832940981, 5542729.320480721071362 ], [ 1262611.083918832940981, 5542629.320480721071362 ], [ 1262511.083918832940981, 5542629.320480721071362 ], [ 1262511.083918832940981, 5542729.320480721071362 ], [ 1262611.083918832940981, 5542729.320480721071362 ] ] ] ] } },
{ "type": "Feature", "properties": { "id": 559, "left": 1262511.0839188329, "top": 5542629.3204807211, "right": 1262611.0839188329, "bottom": 5542529.3204807211, "row_index": 14, "col_index": 16, "area": 1058290.413, "perimeter": 4426.128, "codzona": "M", "numquart": 13, "nomezona": "Marconi", "intersect_area": 10000.0 }, "geometry": { "type": "MultiPolygon", "coordinates": [ [ [ [ 1262611.083918832940981, 5542629.320480721071362 ], [ 1262611.083918832940981, 5542529.320480721071362 ], [ 1262511.083918832940981, 5542529.320480721071362 ], [ 1262511.083918832940981, 5542629.320480721071362 ], [ 1262611.083918832940981, 5542629.320480721071362 ] ] ] ] } },
{ "type": "Feature", "properties": { "id": 560, "left": 1262511.0839188329, "top": 5542529.3204807211, "right": 1262611.0839188329, "bottom": 5542429.3204807211, "row_index": 15, "col_index": 16, "area": 1058290.413, "perimeter": 4426.128, "codzona": "M", "numquart": 13, "nomezona": "Marconi", "intersect_area": 10000.0 }, "geometry": { "type": "MultiPolygon", "coordinates": [ [ [ [ 1262611.083918832940981, 5542529.320480721071362 ], [ 1262611.083918832940981, 5542429.320480721071362 ], [ 1262511.083918832940981, 5542429.320480721071362 ], [ 1262511.083918832940981, 5542529.320480721071362 ], [ 1262611.083918832940981, 5542529.320480721071362 ] ] ] ] } },
{ "type": "Feature", "properties": { "id": 561, "left": 1262511.0839188329, "top": 5542429.3204807211, "right": 1262611.0839188329, "bottom": 5542329.3204807211, "row_index": 16, "col_index": 16, "area": 959599.953, "perimeter": 4269.096, "codzona": "L", "numquart": 13, "nomezona": "Malpighi", "intersect_area": 4379.8831003382802 }, "geometry": { "type": "MultiPolygon", "coordinates": [ [ [ [ 1262611.083918832940981, 5542329.320480721071362 ], [ 1262511.083918832940981, 5542329.320480721071362 ], [ 1262511.083918832940981, 5542384.615791046991944 ], [ 1262611.083918832940981, 5542361.622832401655614 ], [ 1262611.083918832940981, 5542329.320480721071362 ] ] ] ] } },
{ "type": "Feature", "properties": { "id": 561, "left": 1262511.0839188329, "top": 5542429.3204807211, "right": 1262611.0839188329, "bottom": 5542329.3204807211, "row_index": 16, "col_index": 16, "area": 1058290.413, "perimeter": 4426.128, "codzona": "M", "numquart": 13, "nomezona": "Marconi", "intersect_area": 5620.1168996691704 }, "geometry": { "type": "MultiPolygon", "coordinates": [ [ [ [ 1262611.083918832940981, 5542429.320480721071362 ], [ 1262611.083918832940981, 5542361.622832401655614 ], [ 1262511.083918832940981, 5542384.615791046991944 ], [ 1262511.083918832940981, 5542429.320480721071362 ], [ 1262611.083918832940981, 5542429.320480721071362 ] ] ] ] } },
{ "type": "Feature", "properties": { "id": 562, "left": 1262511.0839188329, "top": 5542329.3204807211, "right": 1262611.0839188329, "bottom": 5542229.3204807211, "row_index": 17, "col_index": 16, "area": 959599.953, "perimeter": 4269.096, "codzona": "L", "numquart": 13, "nomezona": "Malpighi", "intersect_area": 10000.0 }, "geometry": { "type": "MultiPolygon", "coordinates": [ [ [ [ 1262611.083918832940981, 5542329.320480721071362 ], [ 1262611.083918832940981, 5542229.320480721071362 ], [ 1262511.083918832940981, 5542229.320480721071362 ], [ 1262511.083918832940981, 5542329.320480721071362 ], [ 1262611.083918832940981, 5542329.320480721071362 ] ] ] ] } },
{ "type": "Feature", "properties": { "id": 563, "left": 1262511.0839188329, "top": 5542229.3204807211, "right": 1262611.0839188329, "bottom": 5542129.3204807211, "row_index": 18, "col_index": 16, "area": 959599.953, "perimeter": 4269.096, "codzona": "L", "numquart": 13, "nomezona": "Malpighi", "intersect_area": 10000.0 }, "geometry": { "type": "MultiPolygon", "coordinates": [ [ [ [ 1262611.083918832940981, 5542229.320480721071362 ], [ 1262611.083918832940981, 5542129.320480721071362 ], [ 1262511.083918832940981, 5542129.320480721071362 ], [ 1262511.083918832940981, 5542229.320480721071362 ], [ 1262611.083918832940981, 5542229.320480721071362 ] ] ] ] } },
{ "type": "Feature", "properties": { "id": 564, "left": 1262511.0839188329, "top": 5542129.3204807211, "right": 1262611.0839188329, "bottom": 5542029.3204807211, "row_index": 19, "col_index": 16, "area": 1116791.26, "perimeter": 4375.401, "codzona": "G", "numquart": 15, "nomezona": "Galvani", "intersect_area": 813.88471423089504 }, "geometry": { "type": "MultiPolygon", "coordinates": [ [ [ [ 1262611.083918832940981, 5542029.320480721071362 ], [ 1262592.222172867972404, 5542029.320480721071362 ], [ 1262593.847651615273207, 5542039.107155879028141 ], [ 1262594.505113723687828, 5542043.74183776602149 ], [ 1262601.290344829438254, 5542072.962462531402707 ], [ 1262606.825547798536718, 5542092.121385864913464 ], [ 1262611.083918832940981, 5542110.4218730321154 ], [ 1262611.083918832940981, 5542029.320480721071362 ] ] ] ] } },
{ "type": "Feature", "properties": { "id": 564, "left": 1262511.0839188329, "top": 5542129.3204807211, "right": 1262611.0839188329, "bottom": 5542029.3204807211, "row_index": 19, "col_index": 16, "area": 959599.953, "perimeter": 4269.096, "codzona": "L", "numquart": 13, "nomezona": "Malpighi", "intersect_area": 9186.1152857542038 }, "geometry": { "type": "MultiPolygon", "coordinates": [ [ [ [ 1262611.083918832940981, 5542129.320480721071362 ], [ 1262611.083918832940981, 5542110.4218730321154 ], [ 1262606.825547798536718, 5542092.121385864913464 ], [ 1262601.290344829438254, 5542072.962462531402707 ], [ 1262594.505113723687828, 5542043.74183776602149 ], [ 1262593.847651615273207, 5542039.107155879028141 ], [ 1262592.222172867972404, 5542029.320480721071362 ], [ 1262511.083918832940981, 5542029.320480721071362 ], [ 1262511.083918832940981, 5542129.320480721071362 ], [ 1262611.083918832940981, 5542129.320480721071362 ] ] ] ] } },
{ "type": "Feature", "properties": { "id": 565, "left": 1262511.0839188329, "top": 5542029.3204807211, "right": 1262611.0839188329, "bottom": 5541929.3204807211, "row_index": 20, "col_index": 16, "area": 1116791.26, "perimeter": 4375.401, "codzona": "G", "numquart": 15, "nomezona": "Galvani", "intersect_area": 2824.07982853055 }, "geometry": { "type": "MultiPolygon", "coordinates": [ [ [ [ 1262611.083918832940981, 5542029.320480721071362 ], [ 1262611.083918832940981, 5541929.320480721071362 ], [ 1262572.542408691486344, 5541929.320480721071362 ], [ 1262572.933191905729473, 5541931.886596685275435 ], [ 1262574.720025673275813, 5541939.298415130935609 ], [ 1262580.43088169535622, 5541967.670040404424071 ], [ 1262586.343907803529873, 5541993.928648759610951 ], [ 1262592.222172867972404, 5542029.320480721071362 ], [ 1262611.083918832940981, 5542029.320480721071362 ] ] ] ] } },
{ "type": "Feature", "properties": { "id": 565, "left": 1262511.0839188329, "top": 5542029.3204807211, "right": 1262611.0839188329, "bottom": 5541929.3204807211, "row_index": 20, "col_index": 16, "area": 959599.953, "perimeter": 4269.096, "codzona": "L", "numquart": 13, "nomezona": "Malpighi", "intersect_area": 7175.92017146945 }, "geometry": { "type": "MultiPolygon", "coordinates": [ [ [ [ 1262592.222172867972404, 5542029.320480721071362 ], [ 1262586.343907803529873, 5541993.928648759610951 ], [ 1262580.43088169535622, 5541967.670040404424071 ], [ 1262574.720025673275813, 5541939.298415130935609 ], [ 1262572.933191905729473, 5541931.886596685275435 ], [ 1262572.542408691486344, 5541929.320480721071362 ], [ 1262511.083918832940981, 5541929.320480721071362 ], [ 1262511.083918832940981, 5542029.320480721071362 ], [ 1262592.222172867972404, 5542029.320480721071362 ] ] ] ] } },
{ "type": "Feature", "properties": { "id": 566, "left": 1262511.0839188329, "top": 5541929.3204807211, "right": 1262611.0839188329, "bottom": 5541829.3204807211, "row_index": 21, "col_index": 16, "area": 1116791.26, "perimeter": 4375.401, "codzona": "G", "numquart": 15, "nomezona": "Galvani", "intersect_area": 4479.7278790324926 }, "geometry": { "type": "MultiPolygon", "coordinates": [ [ [ [ 1262611.083918832940981, 5541929.320480721071362 ], [ 1262611.083918832940981, 5541829.320480721071362 ], [ 1262561.357143112225458, 5541829.320480721071362 ], [ 1262566.468800249975175, 5541886.327478946186602 ], [ 1262570.563518396578729, 5541916.32590523082763 ], [ 1262572.542408691486344, 5541929.320480721071362 ], [ 1262611.083918832940981, 5541929.320480721071362 ] ] ] ] } },
{ "type": "Feature", "properties": { "id": 566, "left": 1262511.0839188329, "top": 5541929.3204807211, "right": 1262611.0839188329, "bottom": 5541829.3204807211, "row_index": 21, "col_index": 16, "area": 959599.953, "perimeter": 4269.096, "codzona": "L", "numquart": 13, "nomezona": "Malpighi", "intersect_area": 5520.2721209824085 }, "geometry": { "type": "MultiPolygon", "coordinates": [ [ [ [ 1262572.542408691486344, 5541929.320480721071362 ], [ 1262570.563518396578729, 5541916.32590523082763 ], [ 1262566.468800249975175, 5541886.327478946186602 ], [ 1262561.357143112225458, 5541829.320480721071362 ], [ 1262511.083918832940981, 5541829.320480721071362 ], [ 1262511.083918832940981, 5541929.320480721071362 ], [ 1262572.542408691486344, 5541929.320480721071362 ] ] ] ] } },
{ "type": "Feature", "properties": { "id": 567, "left": 1262511.0839188329, "top": 5541829.3204807211, "right": 1262611.0839188329, "bottom": 5541729.3204807211, "row_index": 22, "col_index": 16, "area": 1116791.26, "perimeter": 4375.401, "codzona": "G", "numquart": 15, "nomezona": "Galvani", "intersect_area": 5775.0384875237942 }, "geometry": { "type": "MultiPolygon", "coordinates": [ [ [ [ 1262611.083918832940981, 5541829.320480721071362 ], [ 1262611.083918832940981, 5541729.320480721071362 ], [ 1262539.425253369146958, 5541729.320480721071362 ], [ 1262544.117608342785388, 5541741.044271971099079 ], [ 1262555.092448532581329, 5541779.097570082172751 ], [ 1262558.121391136432067, 5541793.234236638993025 ], [ 1262561.357143112225458, 5541829.320480721071362 ], [ 1262611.083918832940981, 5541829.320480721071362 ] ] ] ] } },
{ "type": "Feature", "properties": { "id": 567, "left": 1262511.0839188329, "top": 5541829.3204807211, "right": 1262611.0839188329, "bottom": 5541729.3204807211, "row_index": 22, "col_index": 16, "area": 959599.953, "perimeter": 4269.096, "codzona": "L", "numquart": 13, "nomezona": "Malpighi", "intersect_area": 4224.9615124762058 }, "geometry": { "type": "MultiPolygon", "coordinates": [ [ [ [ 1262561.357143112225458, 5541829.320480721071362 ], [ 1262558.121391136432067, 5541793.234236638993025 ], [ 1262555.092448532581329, 5541779.097570082172751 ], [ 1262544.117608342785388, 5541741.044271971099079 ], [ 1262539.425253369146958, 5541729.320480721071362 ], [ 1262511.083918832940981, 5541729.320480721071362 ], [ 1262511.083918832940981, 5541829.320480721071362 ], [ 1262561.357143112225458, 5541829.320480721071362 ] ] ] ] } },
{ "type": "Feature", "properties": { "id": 568, "left": 1262511.0839188329, "top": 5541729.3204807211, "right": 1262611.0839188329, "bottom": 5541629.3204807211, "row_index": 23, "col_index": 16, "area": 1116791.26, "perimeter": 4375.401, "codzona": "G", "numquart": 15, "nomezona": "Galvani", "intersect_area": 9037.4217823147774 }, "geometry": { "type": "MultiPolygon", "coordinates": [ [ [ [ 1262611.083918832940981, 5541729.320480721071362 ], [ 1262611.083918832940981, 5541629.320480721071362 ], [ 1262511.083918832940981, 5541629.320480721071362 ], [ 1262511.083918832940981, 5541662.266289900057018 ], [ 1262514.365048368694261, 5541670.518436778336763 ], [ 1262527.63954841857776, 5541700.252048227936029 ], [ 1262531.020071446429938, 5541708.320236954838037 ], [ 1262539.425253369146958, 5541729.320480721071362 ], [ 1262611.083918832940981, 5541729.320480721071362 ] ] ] ] } },
{ "type": "Feature", "properties": { "id": 568, "left": 1262511.0839188329, "top": 5541729.3204807211, "right": 1262611.0839188329, "bottom": 5541629.3204807211, "row_index": 23, "col_index": 16, "area": 959599.953, "perimeter": 4269.096, "codzona": "L", "numquart": 13, "nomezona": "Malpighi", "intersect_area": 962.5782176554203 }, "geometry": { "type": "MultiPolygon", "coordinates": [ [ [ [ 1262539.425253369146958, 5541729.320480721071362 ], [ 1262531.020071446429938, 5541708.320236954838037 ], [ 1262527.63954841857776, 5541700.252048227936029 ], [ 1262514.365048368694261, 5541670.518436778336763 ], [ 1262511.083918832940981, 5541662.266289900057018 ], [ 1262511.083918832940981, 5541729.320480721071362 ], [ 1262539.425253369146958, 5541729.320480721071362 ] ] ] ] } },
{ "type": "Feature", "properties": { "id": 569, "left": 1262511.0839188329, "top": 5541629.3204807211, "right": 1262611.0839188329, "bottom": 5541529.3204807211, "row_index": 24, "col_index": 16, "area": 1116791.26, "perimeter": 4375.401, "codzona": "G", "numquart": 15, "nomezona": "Galvani", "intersect_area": 10000.0 }, "geometry": { "type": "MultiPolygon", "coordinates": [ [ [ [ 1262611.083918832940981, 5541629.320480721071362 ], [ 1262611.083918832940981, 5541529.320480721071362 ], [ 1262511.083918832940981, 5541529.320480721071362 ], [ 1262511.083918832940981, 5541629.320480721071362 ], [ 1262611.083918832940981, 5541629.320480721071362 ] ] ] ] } },
{ "type": "Feature", "properties": { "id": 570, "left": 1262511.0839188329, "top": 5541529.3204807211, "right": 1262611.0839188329, "bottom": 5541429.3204807211, "row_index": 25, "col_index": 16, "area": 1116791.26, "perimeter": 4375.401, "codzona": "G", "numquart": 15, "nomezona": "Galvani", "intersect_area": 10000.0 }, "geometry": { "type": "MultiPolygon", "coordinates": [ [ [ [ 1262611.083918832940981, 5541529.320480721071362 ], [ 1262611.083918832940981, 5541429.320480721071362 ], [ 1262511.083918832940981, 5541429.320480721071362 ], [ 1262511.083918832940981, 5541529.320480721071362 ], [ 1262611.083918832940981, 5541529.320480721071362 ] ] ] ] } },
{ "type": "Feature", "properties": { "id": 571, "left": 1262511.0839188329, "top": 5541429.3204807211, "right": 1262611.0839188329, "bottom": 5541329.3204807211, "row_index": 26, "col_index": 16, "area": 1116791.26, "perimeter": 4375.401, "codzona": "G", "numquart": 15, "nomezona": "Galvani", "intersect_area": 10000.0 }, "geometry": { "type": "MultiPolygon", "coordinates": [ [ [ [ 1262611.083918832940981, 5541429.320480721071362 ], [ 1262611.083918832940981, 5541329.320480721071362 ], [ 1262511.083918832940981, 5541329.320480721071362 ], [ 1262511.083918832940981, 5541429.320480721071362 ], [ 1262611.083918832940981, 5541429.320480721071362 ] ] ] ] } },
{ "type": "Feature", "properties": { "id": 572, "left": 1262511.0839188329, "top": 5541329.3204807211, "right": 1262611.0839188329, "bottom": 5541229.3204807211, "row_index": 27, "col_index": 16, "area": 1116791.26, "perimeter": 4375.401, "codzona": "G", "numquart": 15, "nomezona": "Galvani", "intersect_area": 10000.0 }, "geometry": { "type": "MultiPolygon", "coordinates": [ [ [ [ 1262611.083918832940981, 5541329.320480721071362 ], [ 1262611.083918832940981, 5541229.320480721071362 ], [ 1262511.083918832940981, 5541229.320480721071362 ], [ 1262511.083918832940981, 5541329.320480721071362 ], [ 1262611.083918832940981, 5541329.320480721071362 ] ] ] ] } },
{ "type": "Feature", "properties": { "id": 573, "left": 1262511.0839188329, "top": 5541229.3204807211, "right": 1262611.0839188329, "bottom": 5541129.3204807211, "row_index": 28, "col_index": 16, "area": 1116791.26, "perimeter": 4375.401, "codzona": "G", "numquart": 15, "nomezona": "Galvani", "intersect_area": 10000.0 }, "geometry": { "type": "MultiPolygon", "coordinates": [ [ [ [ 1262611.083918832940981, 5541229.320480721071362 ], [ 1262611.083918832940981, 5541129.320480721071362 ], [ 1262511.083918832940981, 5541129.320480721071362 ], [ 1262511.083918832940981, 5541229.320480721071362 ], [ 1262611.083918832940981, 5541229.320480721071362 ] ] ] ] } },
{ "type": "Feature", "properties": { "id": 574, "left": 1262511.0839188329, "top": 5541129.3204807211, "right": 1262611.0839188329, "bottom": 5541029.3204807211, "row_index": 29, "col_index": 16, "area": 1116791.26, "perimeter": 4375.401, "codzona": "G", "numquart": 15, "nomezona": "Galvani", "intersect_area": 10000.0 }, "geometry": { "type": "MultiPolygon", "coordinates": [ [ [ [ 1262611.083918832940981, 5541129.320480721071362 ], [ 1262611.083918832940981, 5541029.320480721071362 ], [ 1262511.083918832940981, 5541029.320480721071362 ], [ 1262511.083918832940981, 5541129.320480721071362 ], [ 1262611.083918832940981, 5541129.320480721071362 ] ] ] ] } },
{ "type": "Feature", "properties": { "id": 575, "left": 1262511.0839188329, "top": 5541029.3204807211, "right": 1262611.0839188329, "bottom": 5540929.3204807211, "row_index": 30, "col_index": 16, "area": 24725141.879000001, "perimeter": 30542.734, "codzona": "D", "numquart": 15, "nomezona": "Colli", "intersect_area": 5563.5788679979742 }, "geometry": { "type": "MultiPolygon", "coordinates": [ [ [ [ 1262611.083918832940981, 5540929.320480721071362 ], [ 1262511.083918832940981, 5540929.320480721071362 ], [ 1262511.083918832940981, 5540993.43143193796277 ], [ 1262542.397760530235246, 5540987.884959652088583 ], [ 1262611.083918832940981, 5540976.828592195175588 ], [ 1262611.083918832940981, 5540929.320480721071362 ] ] ] ] } },
{ "type": "Feature", "properties": { "id": 575, "left": 1262511.0839188329, "top": 5541029.3204807211, "right": 1262611.0839188329, "bottom": 5540929.3204807211, "row_index": 30, "col_index": 16, "area": 1116791.26, "perimeter": 4375.401, "codzona": "G", "numquart": 15, "nomezona": "Galvani", "intersect_area": 4436.4211320877075 }, "geometry": { "type": "MultiPolygon", "coordinates": [ [ [ [ 1262611.083918832940981, 5541029.320480721071362 ], [ 1262611.083918832940981, 5540976.828592195175588 ], [ 1262542.397760530235246, 5540987.884959652088583 ], [ 1262511.083918832940981, 5540993.43143193796277 ], [ 1262511.083918832940981, 5541029.320480721071362 ], [ 1262611.083918832940981, 5541029.320480721071362 ] ] ] ] } },
{ "type": "Feature", "properties": { "id": 576, "left": 1262511.0839188329, "top": 5540929.3204807211, "right": 1262611.0839188329, "bottom": 5540829.3204807211, "row_index": 31, "col_index": 16, "area": 24725141.879000001, "perimeter": 30542.734, "codzona": "D", "numquart": 15, "nomezona": "Colli", "intersect_area": 10000.0 }, "geometry": { "type": "MultiPolygon", "coordinates": [ [ [ [ 1262611.083918832940981, 5540929.320480721071362 ], [ 1262611.083918832940981, 5540829.320480721071362 ], [ 1262511.083918832940981, 5540829.320480721071362 ], [ 1262511.083918832940981, 5540929.320480721071362 ], [ 1262611.083918832940981, 5540929.320480721071362 ] ] ] ] } },
{ "type": "Feature", "properties": { "id": 577, "left": 1262511.0839188329, "top": 5540829.3204807211, "right": 1262611.0839188329, "bottom": 5540729.3204807211, "row_index": 32, "col_index": 16, "area": 24725141.879000001, "perimeter": 30542.734, "codzona": "D", "numquart": 15, "nomezona": "Colli", "intersect_area": 10000.0 }, "geometry": { "type": "MultiPolygon", "coordinates": [ [ [ [ 1262611.083918832940981, 5540829.320480721071362 ], [ 1262611.083918832940981, 5540729.320480721071362 ], [ 1262511.083918832940981, 5540729.320480721071362 ], [ 1262511.083918832940981, 5540829.320480721071362 ], [ 1262611.083918832940981, 5540829.320480721071362 ] ] ] ] } },
{ "type": "Feature", "properties": { "id": 578, "left": 1262511.0839188329, "top": 5540729.3204807211, "right": 1262611.0839188329, "bottom": 5540629.3204807211, "row_index": 33, "col_index": 16, "area": 24725141.879000001, "perimeter": 30542.734, "codzona": "D", "numquart": 15, "nomezona": "Colli", "intersect_area": 10000.0 }, "geometry": { "type": "MultiPolygon", "coordinates": [ [ [ [ 1262611.083918832940981, 5540729.320480721071362 ], [ 1262611.083918832940981, 5540629.320480721071362 ], [ 1262511.083918832940981, 5540629.320480721071362 ], [ 1262511.083918832940981, 5540729.320480721071362 ], [ 1262611.083918832940981, 5540729.320480721071362 ] ] ] ] } },
{ "type": "Feature", "properties": { "id": 579, "left": 1262611.0839188329, "top": 5544029.3204807211, "right": 1262711.0839188329, "bottom": 5543929.3204807211, "row_index": 0, "col_index": 17, "area": 1058290.413, "perimeter": 4426.128, "codzona": "M", "numquart": 13, "nomezona": "Marconi", "intersect_area": 10000.0 }, "geometry": { "type": "MultiPolygon", "coordinates": [ [ [ [ 1262711.083918832940981, 5544029.320480721071362 ], [ 1262711.083918832940981, 5543929.320480721071362 ], [ 1262611.083918832940981, 5543929.320480721071362 ], [ 1262611.083918832940981, 5544029.320480721071362 ], [ 1262711.083918832940981, 5544029.320480721071362 ] ] ] ] } },
{ "type": "Feature", "properties": { "id": 580, "left": 1262611.0839188329, "top": 5543929.3204807211, "right": 1262711.0839188329, "bottom": 5543829.3204807211, "row_index": 1, "col_index": 17, "area": 1058290.413, "perimeter": 4426.128, "codzona": "M", "numquart": 13, "nomezona": "Marconi", "intersect_area": 10000.0 }, "geometry": { "type": "MultiPolygon", "coordinates": [ [ [ [ 1262711.083918832940981, 5543929.320480721071362 ], [ 1262711.083918832940981, 5543829.320480721071362 ], [ 1262611.083918832940981, 5543829.320480721071362 ], [ 1262611.083918832940981, 5543929.320480721071362 ], [ 1262711.083918832940981, 5543929.320480721071362 ] ] ] ] } },
{ "type": "Feature", "properties": { "id": 581, "left": 1262611.0839188329, "top": 5543829.3204807211, "right": 1262711.0839188329, "bottom": 5543729.3204807211, "row_index": 2, "col_index": 17, "area": 1058290.413, "perimeter": 4426.128, "codzona": "M", "numquart": 13, "nomezona": "Marconi", "intersect_area": 10000.0 }, "geometry": { "type": "MultiPolygon", "coordinates": [ [ [ [ 1262711.083918832940981, 5543829.320480721071362 ], [ 1262711.083918832940981, 5543729.320480721071362 ], [ 1262611.083918832940981, 5543729.320480721071362 ], [ 1262611.083918832940981, 5543829.320480721071362 ], [ 1262711.083918832940981, 5543829.320480721071362 ] ] ] ] } },
{ "type": "Feature", "properties": { "id": 582, "left": 1262611.0839188329, "top": 5543729.3204807211, "right": 1262711.0839188329, "bottom": 5543629.3204807211, "row_index": 3, "col_index": 17, "area": 1058290.413, "perimeter": 4426.128, "codzona": "M", "numquart": 13, "nomezona": "Marconi", "intersect_area": 10000.0 }, "geometry": { "type": "MultiPolygon", "coordinates": [ [ [ [ 1262711.083918832940981, 5543729.320480721071362 ], [ 1262711.083918832940981, 5543629.320480721071362 ], [ 1262611.083918832940981, 5543629.320480721071362 ], [ 1262611.083918832940981, 5543729.320480721071362 ], [ 1262711.083918832940981, 5543729.320480721071362 ] ] ] ] } },
{ "type": "Feature", "properties": { "id": 583, "left": 1262611.0839188329, "top": 5543629.3204807211, "right": 1262711.0839188329, "bottom": 5543529.3204807211, "row_index": 4, "col_index": 17, "area": 1058290.413, "perimeter": 4426.128, "codzona": "M", "numquart": 13, "nomezona": "Marconi", "intersect_area": 10000.0 }, "geometry": { "type": "MultiPolygon", "coordinates": [ [ [ [ 1262711.083918832940981, 5543629.320480721071362 ], [ 1262711.083918832940981, 5543529.320480721071362 ], [ 1262611.083918832940981, 5543529.320480721071362 ], [ 1262611.083918832940981, 5543629.320480721071362 ], [ 1262711.083918832940981, 5543629.320480721071362 ] ] ] ] } },
{ "type": "Feature", "properties": { "id": 584, "left": 1262611.0839188329, "top": 5543529.3204807211, "right": 1262711.0839188329, "bottom": 5543429.3204807211, "row_index": 5, "col_index": 17, "area": 1058290.413, "perimeter": 4426.128, "codzona": "M", "numquart": 13, "nomezona": "Marconi", "intersect_area": 10000.0 }, "geometry": { "type": "MultiPolygon", "coordinates": [ [ [ [ 1262711.083918832940981, 5543529.320480721071362 ], [ 1262711.083918832940981, 5543429.320480721071362 ], [ 1262611.083918832940981, 5543429.320480721071362 ], [ 1262611.083918832940981, 5543529.320480721071362 ], [ 1262711.083918832940981, 5543529.320480721071362 ] ] ] ] } },
{ "type": "Feature", "properties": { "id": 585, "left": 1262611.0839188329, "top": 5543429.3204807211, "right": 1262711.0839188329, "bottom": 5543329.3204807211, "row_index": 6, "col_index": 17, "area": 1058290.413, "perimeter": 4426.128, "codzona": "M", "numquart": 13, "nomezona": "Marconi", "intersect_area": 10000.0 }, "geometry": { "type": "MultiPolygon", "coordinates": [ [ [ [ 1262711.083918832940981, 5543429.320480721071362 ], [ 1262711.083918832940981, 5543329.320480721071362 ], [ 1262611.083918832940981, 5543329.320480721071362 ], [ 1262611.083918832940981, 5543429.320480721071362 ], [ 1262711.083918832940981, 5543429.320480721071362 ] ] ] ] } },
{ "type": "Feature", "properties": { "id": 586, "left": 1262611.0839188329, "top": 5543329.3204807211, "right": 1262711.0839188329, "bottom": 5543229.3204807211, "row_index": 7, "col_index": 17, "area": 1058290.413, "perimeter": 4426.128, "codzona": "M", "numquart": 13, "nomezona": "Marconi", "intersect_area": 10000.0 }, "geometry": { "type": "MultiPolygon", "coordinates": [ [ [ [ 1262711.083918832940981, 5543329.320480721071362 ], [ 1262711.083918832940981, 5543229.320480721071362 ], [ 1262611.083918832940981, 5543229.320480721071362 ], [ 1262611.083918832940981, 5543329.320480721071362 ], [ 1262711.083918832940981, 5543329.320480721071362 ] ] ] ] } },
{ "type": "Feature", "properties": { "id": 587, "left": 1262611.0839188329, "top": 5543229.3204807211, "right": 1262711.0839188329, "bottom": 5543129.3204807211, "row_index": 8, "col_index": 17, "area": 1058290.413, "perimeter": 4426.128, "codzona": "M", "numquart": 13, "nomezona": "Marconi", "intersect_area": 10000.0 }, "geometry": { "type": "MultiPolygon", "coordinates": [ [ [ [ 1262711.083918832940981, 5543229.320480721071362 ], [ 1262711.083918832940981, 5543129.320480721071362 ], [ 1262611.083918832940981, 5543129.320480721071362 ], [ 1262611.083918832940981, 5543229.320480721071362 ], [ 1262711.083918832940981, 5543229.320480721071362 ] ] ] ] } },
{ "type": "Feature", "properties": { "id": 588, "left": 1262611.0839188329, "top": 5543129.3204807211, "right": 1262711.0839188329, "bottom": 5543029.3204807211, "row_index": 9, "col_index": 17, "area": 1058290.413, "perimeter": 4426.128, "codzona": "M", "numquart": 13, "nomezona": "Marconi", "intersect_area": 10000.0 }, "geometry": { "type": "MultiPolygon", "coordinates": [ [ [ [ 1262711.083918832940981, 5543129.320480721071362 ], [ 1262711.083918832940981, 5543029.320480721071362 ], [ 1262611.083918832940981, 5543029.320480721071362 ], [ 1262611.083918832940981, 5543129.320480721071362 ], [ 1262711.083918832940981, 5543129.320480721071362 ] ] ] ] } },
{ "type": "Feature", "properties": { "id": 589, "left": 1262611.0839188329, "top": 5543029.3204807211, "right": 1262711.0839188329, "bottom": 5542929.3204807211, "row_index": 10, "col_index": 17, "area": 1058290.413, "perimeter": 4426.128, "codzona": "M", "numquart": 13, "nomezona": "Marconi", "intersect_area": 10000.0 }, "geometry": { "type": "MultiPolygon", "coordinates": [ [ [ [ 1262711.083918832940981, 5543029.320480721071362 ], [ 1262711.083918832940981, 5542929.320480721071362 ], [ 1262611.083918832940981, 5542929.320480721071362 ], [ 1262611.083918832940981, 5543029.320480721071362 ], [ 1262711.083918832940981, 5543029.320480721071362 ] ] ] ] } },
{ "type": "Feature", "properties": { "id": 590, "left": 1262611.0839188329, "top": 5542929.3204807211, "right": 1262711.0839188329, "bottom": 5542829.3204807211, "row_index": 11, "col_index": 17, "area": 1058290.413, "perimeter": 4426.128, "codzona": "M", "numquart": 13, "nomezona": "Marconi", "intersect_area": 10000.0 }, "geometry": { "type": "MultiPolygon", "coordinates": [ [ [ [ 1262711.083918832940981, 5542929.320480721071362 ], [ 1262711.083918832940981, 5542829.320480721071362 ], [ 1262611.083918832940981, 5542829.320480721071362 ], [ 1262611.083918832940981, 5542929.320480721071362 ], [ 1262711.083918832940981, 5542929.320480721071362 ] ] ] ] } },
{ "type": "Feature", "properties": { "id": 591, "left": 1262611.0839188329, "top": 5542829.3204807211, "right": 1262711.0839188329, "bottom": 5542729.3204807211, "row_index": 12, "col_index": 17, "area": 1058290.413, "perimeter": 4426.128, "codzona": "M", "numquart": 13, "nomezona": "Marconi", "intersect_area": 10000.0 }, "geometry": { "type": "MultiPolygon", "coordinates": [ [ [ [ 1262711.083918832940981, 5542829.320480721071362 ], [ 1262711.083918832940981, 5542729.320480721071362 ], [ 1262611.083918832940981, 5542729.320480721071362 ], [ 1262611.083918832940981, 5542829.320480721071362 ], [ 1262711.083918832940981, 5542829.320480721071362 ] ] ] ] } },
{ "type": "Feature", "properties": { "id": 592, "left": 1262611.0839188329, "top": 5542729.3204807211, "right": 1262711.0839188329, "bottom": 5542629.3204807211, "row_index": 13, "col_index": 17, "area": 1375567.409, "perimeter": 5075.87, "codzona": "H", "numquart": 15, "nomezona": "Irnerio", "intersect_area": 77.294191841036081 }, "geometry": { "type": "MultiPolygon", "coordinates": [ [ [ [ 1262711.083918832940981, 5542629.320480721071362 ], [ 1262705.291004927130416, 5542629.320480721071362 ], [ 1262711.083918832940981, 5542656.006253407336771 ], [ 1262711.083918832940981, 5542629.320480721071362 ] ] ] ] } },
{ "type": "Feature", "properties": { "id": 592, "left": 1262611.0839188329, "top": 5542729.3204807211, "right": 1262711.0839188329, "bottom": 5542629.3204807211, "row_index": 13, "col_index": 17, "area": 1058290.413, "perimeter": 4426.128, "codzona": "M", "numquart": 13, "nomezona": "Marconi", "intersect_area": 9922.7058081626892 }, "geometry": { "type": "MultiPolygon", "coordinates": [ [ [ [ 1262711.083918832940981, 5542729.320480721071362 ], [ 1262711.083918832940981, 5542656.006253407336771 ], [ 1262705.291004927130416, 5542629.320480721071362 ], [ 1262611.083918832940981, 5542629.320480721071362 ], [ 1262611.083918832940981, 5542729.320480721071362 ], [ 1262711.083918832940981, 5542729.320480721071362 ] ] ] ] } },
{ "type": "Feature", "properties": { "id": 593, "left": 1262611.0839188329, "top": 5542629.3204807211, "right": 1262711.0839188329, "bottom": 5542529.3204807211, "row_index": 14, "col_index": 17, "area": 1375567.409, "perimeter": 5075.87, "codzona": "H", "numquart": 15, "nomezona": "Irnerio", "intersect_area": 1622.0222395919263 }, "geometry": { "type": "MultiPolygon", "coordinates": [ [ [ [ 1262711.083918832940981, 5542629.320480721071362 ], [ 1262711.083918832940981, 5542529.320480721071362 ], [ 1262685.135587243130431, 5542529.320480721071362 ], [ 1262694.515868774149567, 5542579.218132676556706 ], [ 1262700.477321252692491, 5542607.145652920939028 ], [ 1262705.291004927130416, 5542629.320480721071362 ], [ 1262711.083918832940981, 5542629.320480721071362 ] ] ] ] } },
{ "type": "Feature", "properties": { "id": 593, "left": 1262611.0839188329, "top": 5542629.3204807211, "right": 1262711.0839188329, "bottom": 5542529.3204807211, "row_index": 14, "col_index": 17, "area": 1058290.413, "perimeter": 4426.128, "codzona": "M", "numquart": 13, "nomezona": "Marconi", "intersect_area": 8377.9777604043484 }, "geometry": { "type": "MultiPolygon", "coordinates": [ [ [ [ 1262705.291004927130416, 5542629.320480721071362 ], [ 1262700.477321252692491, 5542607.145652920939028 ], [ 1262694.515868774149567, 5542579.218132676556706 ], [ 1262685.135587243130431, 5542529.320480721071362 ], [ 1262611.083918832940981, 5542529.320480721071362 ], [ 1262611.083918832940981, 5542629.320480721071362 ], [ 1262705.291004927130416, 5542629.320480721071362 ] ] ] ] } },
{ "type": "Feature", "properties": { "id": 594, "left": 1262611.0839188329, "top": 5542529.3204807211, "right": 1262711.0839188329, "bottom": 5542429.3204807211, "row_index": 15, "col_index": 17, "area": 1375567.409, "perimeter": 5075.87, "codzona": "H", "numquart": 15, "nomezona": "Irnerio", "intersect_area": 3542.5179547965527 }, "geometry": { "type": "MultiPolygon", "coordinates": [ [ [ [ 1262711.083918832940981, 5542529.320480721071362 ], [ 1262711.083918832940981, 5542429.320480721071362 ], [ 1262666.083026536740363, 5542429.320480721071362 ], [ 1262666.58948410442099, 5542431.887761640362442 ], [ 1262669.719155415892601, 5542449.535077761858702 ], [ 1262671.398678386816755, 5542456.248100666329265 ], [ 1262685.135587243130431, 5542529.320480721071362 ], [ 1262711.083918832940981, 5542529.320480721071362 ] ] ] ] } },
{ "type": "Feature", "properties": { "id": 594, "left": 1262611.0839188329, "top": 5542529.3204807211, "right": 1262711.0839188329, "bottom": 5542429.3204807211, "row_index": 15, "col_index": 17, "area": 1058290.413, "perimeter": 4426.128, "codzona": "M", "numquart": 13, "nomezona": "Marconi", "intersect_area": 6457.4820452034473 }, "geometry": { "type": "MultiPolygon", "coordinates": [ [ [ [ 1262685.135587243130431, 5542529.320480721071362 ], [ 1262671.398678386816755, 5542456.248100666329265 ], [ 1262669.719155415892601, 5542449.535077761858702 ], [ 1262666.58948410442099, 5542431.887761640362442 ], [ 1262666.083026536740363, 5542429.320480721071362 ], [ 1262611.083918832940981, 5542429.320480721071362 ], [ 1262611.083918832940981, 5542529.320480721071362 ], [ 1262685.135587243130431, 5542529.320480721071362 ] ] ] ] } },
{ "type": "Feature", "properties": { "id": 595, "left": 1262611.0839188329, "top": 5542429.3204807211, "right": 1262711.0839188329, "bottom": 5542329.3204807211, "row_index": 16, "col_index": 17, "area": 1116791.26, "perimeter": 4375.401, "codzona": "G", "numquart": 15, "nomezona": "Galvani", "intersect_area": 652.08172020921484 }, "geometry": { "type": "MultiPolygon", "coordinates": [ [ [ [ 1262711.083918832940981, 5542329.320480721071362 ], [ 1262649.760622937465087, 5542329.320480721071362 ], [ 1262650.932295977603644, 5542352.520006292499602 ], [ 1262655.51369684189558, 5542350.545047547668219 ], [ 1262661.089146201731637, 5542346.609935463406146 ], [ 1262667.643930731108412, 5542343.261458173394203 ], [ 1262675.954934066860005, 5542340.126171037554741 ], [ 1262688.805025831097737, 5542336.597644064575434 ], [ 1262711.083918832940981, 5542331.737645926885307 ], [ 1262711.083918832940981, 5542329.320480721071362 ] ] ] ] } },
{ "type": "Feature", "properties": { "id": 595, "left": 1262611.0839188329, "top": 5542429.3204807211, "right": 1262711.0839188329, "bottom": 5542329.3204807211, "row_index": 16, "col_index": 17, "area": 1375567.409, "perimeter": 5075.87, "codzona": "H", "numquart": 15, "nomezona": "Irnerio", "intersect_area": 4794.8800472319126 }, "geometry": { "type": "MultiPolygon", "coordinates": [ [ [ [ 1262711.083918832940981, 5542429.320480721071362 ], [ 1262711.083918832940981, 5542331.737645926885307 ], [ 1262688.805025831097737, 5542336.597644064575434 ], [ 1262675.954934066860005, 5542340.126171037554741 ], [ 1262667.643930731108412, 5542343.261458173394203 ], [ 1262661.089146201731637, 5542346.609935463406146 ], [ 1262655.51369684189558, 5542350.545047547668219 ], [ 1262650.932295977603644, 5542352.520006292499602 ], [ 1262666.083026536740363, 5542429.320480721071362 ], [ 1262711.083918832940981, 5542429.320480721071362 ] ] ] ] } },
{ "type": "Feature", "properties": { "id": 595, "left": 1262611.0839188329, "top": 5542429.3204807211, "right": 1262711.0839188329, "bottom": 5542329.3204807211, "row_index": 16, "col_index": 17, "area": 959599.953, "perimeter": 4269.096, "codzona": "L", "numquart": 13, "nomezona": "Malpighi", "intersect_area": 1091.5421770662069 }, "geometry": { "type": "MultiPolygon", "coordinates": [ [ [ [ 1262611.083918832940981, 5542329.320480721071362 ], [ 1262611.083918832940981, 5542361.622832401655614 ], [ 1262634.499829456908628, 5542356.238821755163372 ], [ 1262650.932295977603644, 5542352.520006292499602 ], [ 1262649.760622937465087, 5542329.320480721071362 ], [ 1262611.083918832940981, 5542329.320480721071362 ] ] ] ] } },
{ "type": "Feature", "properties": { "id": 595, "left": 1262611.0839188329, "top": 5542429.3204807211, "right": 1262711.0839188329, "bottom": 5542329.3204807211, "row_index": 16, "col_index": 17, "area": 1058290.413, "perimeter": 4426.128, "codzona": "M", "numquart": 13, "nomezona": "Marconi", "intersect_area": 3461.4960555136204 }, "geometry": { "type": "MultiPolygon", "coordinates": [ [ [ [ 1262666.083026536740363, 5542429.320480721071362 ], [ 1262650.932295977603644, 5542352.520006292499602 ], [ 1262634.499829456908628, 5542356.238821755163372 ], [ 1262611.083918832940981, 5542361.622832401655614 ], [ 1262611.083918832940981, 5542429.320480721071362 ], [ 1262666.083026536740363, 5542429.320480721071362 ] ] ] ] } },
{ "type": "Feature", "properties": { "id": 596, "left": 1262611.0839188329, "top": 5542329.3204807211, "right": 1262711.0839188329, "bottom": 5542229.3204807211, "row_index": 17, "col_index": 17, "area": 1116791.26, "perimeter": 4375.401, "codzona": "G", "numquart": 15, "nomezona": "Galvani", "intersect_area": 6404.2154524624348 }, "geometry": { "type": "MultiPolygon", "coordinates": [ [ [ [ 1262711.083918832940981, 5542329.320480721071362 ], [ 1262711.083918832940981, 5542229.320480721071362 ], [ 1262645.884833801770583, 5542229.320480721071362 ], [ 1262644.508873591665179, 5542253.307928931899369 ], [ 1262647.101945908041671, 5542276.677769301459193 ], [ 1262649.760622937465087, 5542329.320480721071362 ], [ 1262711.083918832940981, 5542329.320480721071362 ] ] ] ] } },
{ "type": "Feature", "properties": { "id": 596, "left": 1262611.0839188329, "top": 5542329.3204807211, "right": 1262711.0839188329, "bottom": 5542229.3204807211, "row_index": 17, "col_index": 17, "area": 959599.953, "perimeter": 4269.096, "codzona": "L", "numquart": 13, "nomezona": "Malpighi", "intersect_area": 3595.7845475077629 }, "geometry": { "type": "MultiPolygon", "coordinates": [ [ [ [ 1262649.760622937465087, 5542329.320480721071362 ], [ 1262647.101945908041671, 5542276.677769301459193 ], [ 1262644.508873591665179, 5542253.307928931899369 ], [ 1262645.884833801770583, 5542229.320480721071362 ], [ 1262611.083918832940981, 5542229.320480721071362 ], [ 1262611.083918832940981, 5542329.320480721071362 ], [ 1262649.760622937465087, 5542329.320480721071362 ] ] ] ] } },
{ "type": "Feature", "properties": { "id": 597, "left": 1262611.0839188329, "top": 5542229.3204807211, "right": 1262711.0839188329, "bottom": 5542129.3204807211, "row_index": 18, "col_index": 17, "area": 1116791.26, "perimeter": 4375.401, "codzona": "G", "numquart": 15, "nomezona": "Galvani", "intersect_area": 6303.1972838044167 }, "geometry": { "type": "MultiPolygon", "coordinates": [ [ [ [ 1262711.083918832940981, 5542229.320480721071362 ], [ 1262711.083918832940981, 5542129.320480721071362 ], [ 1262615.481467534089461, 5542129.320480721071362 ], [ 1262616.202527131419629, 5542132.419257648289204 ], [ 1262621.705263137584552, 5542147.132680761627853 ], [ 1262621.697365874890238, 5542147.101296693086624 ], [ 1262649.534029913833365, 5542150.520942750386894 ], [ 1262662.370837193448097, 5542210.826870864257216 ], [ 1262646.027389637660235, 5542226.835270242765546 ], [ 1262645.884833801770583, 5542229.320480721071362 ], [ 1262711.083918832940981, 5542229.320480721071362 ] ] ] ] } },
{ "type": "Feature", "properties": { "id": 597, "left": 1262611.0839188329, "top": 5542229.3204807211, "right": 1262711.0839188329, "bottom": 5542129.3204807211, "row_index": 18, "col_index": 17, "area": 959599.953, "perimeter": 4269.096, "codzona": "L", "numquart": 13, "nomezona": "Malpighi", "intersect_area": 3696.8027162104845 }, "geometry": { "type": "MultiPolygon", "coordinates": [ [ [ [ 1262645.884833801770583, 5542229.320480721071362 ], [ 1262646.027389637660235, 5542226.835270242765546 ], [ 1262662.370837193448097, 5542210.826870864257216 ], [ 1262649.534029913833365, 5542150.520942750386894 ], [ 1262621.697365874890238, 5542147.101296693086624 ], [ 1262621.705263137584552, 5542147.132680761627853 ], [ 1262616.202527131419629, 5542132.419257648289204 ], [ 1262615.481467534089461, 5542129.320480721071362 ], [ 1262611.083918832940981, 5542129.320480721071362 ], [ 1262611.083918832940981, 5542229.320480721071362 ], [ 1262645.884833801770583, 5542229.320480721071362 ] ] ] ] } },
{ "type": "Feature", "properties": { "id": 598, "left": 1262611.0839188329, "top": 5542129.3204807211, "right": 1262711.0839188329, "bottom": 5542029.3204807211, "row_index": 19, "col_index": 17, "area": 1116791.26, "perimeter": 4375.401, "codzona": "G", "numquart": 15, "nomezona": "Galvani", "intersect_area": 9958.4462261795998 }, "geometry": { "type": "MultiPolygon", "coordinates": [ [ [ [ 1262711.083918832940981, 5542129.320480721071362 ], [ 1262711.083918832940981, 5542029.320480721071362 ], [ 1262611.083918832940981, 5542029.320480721071362 ], [ 1262611.083918832940981, 5542110.4218730321154 ], [ 1262615.481467534089461, 5542129.320480721071362 ], [ 1262711.083918832940981, 5542129.320480721071362 ] ] ] ] } },
{ "type": "Feature", "properties": { "id": 598, "left": 1262611.0839188329, "top": 5542129.3204807211, "right": 1262711.0839188329, "bottom": 5542029.3204807211, "row_index": 19, "col_index": 17, "area": 959599.953, "perimeter": 4269.096, "codzona": "L", "numquart": 13, "nomezona": "Malpighi", "intersect_area": 41.553773848339915 }, "geometry": { "type": "MultiPolygon", "coordinates": [ [ [ [ 1262615.481467534089461, 5542129.320480721071362 ], [ 1262611.083918832940981, 5542110.4218730321154 ], [ 1262611.083918832940981, 5542129.320480721071362 ], [ 1262615.481467534089461, 5542129.320480721071362 ] ] ] ] } },
{ "type": "Feature", "properties": { "id": 599, "left": 1262611.0839188329, "top": 5542029.3204807211, "right": 1262711.0839188329, "bottom": 5541929.3204807211, "row_index": 20, "col_index": 17, "area": 1116791.26, "perimeter": 4375.401, "codzona": "G", "numquart": 15, "nomezona": "Galvani", "intersect_area": 10000.0 }, "geometry": { "type": "MultiPolygon", "coordinates": [ [ [ [ 1262711.083918832940981, 5542029.320480721071362 ], [ 1262711.083918832940981, 5541929.320480721071362 ], [ 1262611.083918832940981, 5541929.320480721071362 ], [ 1262611.083918832940981, 5542029.320480721071362 ], [ 1262711.083918832940981, 5542029.320480721071362 ] ] ] ] } },
{ "type": "Feature", "properties": { "id": 600, "left": 1262611.0839188329, "top": 5541929.3204807211, "right": 1262711.0839188329, "bottom": 5541829.3204807211, "row_index": 21, "col_index": 17, "area": 1116791.26, "perimeter": 4375.401, "codzona": "G", "numquart": 15, "nomezona": "Galvani", "intersect_area": 10000.0 }, "geometry": { "type": "MultiPolygon", "coordinates": [ [ [ [ 1262711.083918832940981, 5541929.320480721071362 ], [ 1262711.083918832940981, 5541829.320480721071362 ], [ 1262611.083918832940981, 5541829.320480721071362 ], [ 1262611.083918832940981, 5541929.320480721071362 ], [ 1262711.083918832940981, 5541929.320480721071362 ] ] ] ] } },
{ "type": "Feature", "properties": { "id": 601, "left": 1262611.0839188329, "top": 5541829.3204807211, "right": 1262711.0839188329, "bottom": 5541729.3204807211, "row_index": 22, "col_index": 17, "area": 1116791.26, "perimeter": 4375.401, "codzona": "G", "numquart": 15, "nomezona": "Galvani", "intersect_area": 10000.0 }, "geometry": { "type": "MultiPolygon", "coordinates": [ [ [ [ 1262711.083918832940981, 5541829.320480721071362 ], [ 1262711.083918832940981, 5541729.320480721071362 ], [ 1262611.083918832940981, 5541729.320480721071362 ], [ 1262611.083918832940981, 5541829.320480721071362 ], [ 1262711.083918832940981, 5541829.320480721071362 ] ] ] ] } },
{ "type": "Feature", "properties": { "id": 602, "left": 1262611.0839188329, "top": 5541729.3204807211, "right": 1262711.0839188329, "bottom": 5541629.3204807211, "row_index": 23, "col_index": 17, "area": 1116791.26, "perimeter": 4375.401, "codzona": "G", "numquart": 15, "nomezona": "Galvani", "intersect_area": 10000.0 }, "geometry": { "type": "MultiPolygon", "coordinates": [ [ [ [ 1262711.083918832940981, 5541729.320480721071362 ], [ 1262711.083918832940981, 5541629.320480721071362 ], [ 1262611.083918832940981, 5541629.320480721071362 ], [ 1262611.083918832940981, 5541729.320480721071362 ], [ 1262711.083918832940981, 5541729.320480721071362 ] ] ] ] } },
{ "type": "Feature", "properties": { "id": 603, "left": 1262611.0839188329, "top": 5541629.3204807211, "right": 1262711.0839188329, "bottom": 5541529.3204807211, "row_index": 24, "col_index": 17, "area": 1116791.26, "perimeter": 4375.401, "codzona": "G", "numquart": 15, "nomezona": "Galvani", "intersect_area": 10000.0 }, "geometry": { "type": "MultiPolygon", "coordinates": [ [ [ [ 1262711.083918832940981, 5541629.320480721071362 ], [ 1262711.083918832940981, 5541529.320480721071362 ], [ 1262611.083918832940981, 5541529.320480721071362 ], [ 1262611.083918832940981, 5541629.320480721071362 ], [ 1262711.083918832940981, 5541629.320480721071362 ] ] ] ] } },
{ "type": "Feature", "properties": { "id": 604, "left": 1262611.0839188329, "top": 5541529.3204807211, "right": 1262711.0839188329, "bottom": 5541429.3204807211, "row_index": 25, "col_index": 17, "area": 1116791.26, "perimeter": 4375.401, "codzona": "G", "numquart": 15, "nomezona": "Galvani", "intersect_area": 10000.0 }, "geometry": { "type": "MultiPolygon", "coordinates": [ [ [ [ 1262711.083918832940981, 5541529.320480721071362 ], [ 1262711.083918832940981, 5541429.320480721071362 ], [ 1262611.083918832940981, 5541429.320480721071362 ], [ 1262611.083918832940981, 5541529.320480721071362 ], [ 1262711.083918832940981, 5541529.320480721071362 ] ] ] ] } },
{ "type": "Feature", "properties": { "id": 605, "left": 1262611.0839188329, "top": 5541429.3204807211, "right": 1262711.0839188329, "bottom": 5541329.3204807211, "row_index": 26, "col_index": 17, "area": 1116791.26, "perimeter": 4375.401, "codzona": "G", "numquart": 15, "nomezona": "Galvani", "intersect_area": 10000.0 }, "geometry": { "type": "MultiPolygon", "coordinates": [ [ [ [ 1262711.083918832940981, 5541429.320480721071362 ], [ 1262711.083918832940981, 5541329.320480721071362 ], [ 1262611.083918832940981, 5541329.320480721071362 ], [ 1262611.083918832940981, 5541429.320480721071362 ], [ 1262711.083918832940981, 5541429.320480721071362 ] ] ] ] } },
{ "type": "Feature", "properties": { "id": 606, "left": 1262611.0839188329, "top": 5541329.3204807211, "right": 1262711.0839188329, "bottom": 5541229.3204807211, "row_index": 27, "col_index": 17, "area": 1116791.26, "perimeter": 4375.401, "codzona": "G", "numquart": 15, "nomezona": "Galvani", "intersect_area": 10000.0 }, "geometry": { "type": "MultiPolygon", "coordinates": [ [ [ [ 1262711.083918832940981, 5541329.320480721071362 ], [ 1262711.083918832940981, 5541229.320480721071362 ], [ 1262611.083918832940981, 5541229.320480721071362 ], [ 1262611.083918832940981, 5541329.320480721071362 ], [ 1262711.083918832940981, 5541329.320480721071362 ] ] ] ] } },
{ "type": "Feature", "properties": { "id": 607, "left": 1262611.0839188329, "top": 5541229.3204807211, "right": 1262711.0839188329, "bottom": 5541129.3204807211, "row_index": 28, "col_index": 17, "area": 1116791.26, "perimeter": 4375.401, "codzona": "G", "numquart": 15, "nomezona": "Galvani", "intersect_area": 10000.0 }, "geometry": { "type": "MultiPolygon", "coordinates": [ [ [ [ 1262711.083918832940981, 5541229.320480721071362 ], [ 1262711.083918832940981, 5541129.320480721071362 ], [ 1262611.083918832940981, 5541129.320480721071362 ], [ 1262611.083918832940981, 5541229.320480721071362 ], [ 1262711.083918832940981, 5541229.320480721071362 ] ] ] ] } },
{ "type": "Feature", "properties": { "id": 608, "left": 1262611.0839188329, "top": 5541129.3204807211, "right": 1262711.0839188329, "bottom": 5541029.3204807211, "row_index": 29, "col_index": 17, "area": 1116791.26, "perimeter": 4375.401, "codzona": "G", "numquart": 15, "nomezona": "Galvani", "intersect_area": 10000.0 }, "geometry": { "type": "MultiPolygon", "coordinates": [ [ [ [ 1262711.083918832940981, 5541129.320480721071362 ], [ 1262711.083918832940981, 5541029.320480721071362 ], [ 1262611.083918832940981, 5541029.320480721071362 ], [ 1262611.083918832940981, 5541129.320480721071362 ], [ 1262711.083918832940981, 5541129.320480721071362 ] ] ] ] } },
{ "type": "Feature", "properties": { "id": 609, "left": 1262611.0839188329, "top": 5541029.3204807211, "right": 1262711.0839188329, "bottom": 5540929.3204807211, "row_index": 30, "col_index": 17, "area": 24725141.879000001, "perimeter": 30542.734, "codzona": "D", "numquart": 15, "nomezona": "Colli", "intersect_area": 3936.6182513013482 }, "geometry": { "type": "MultiPolygon", "coordinates": [ [ [ [ 1262711.083918832940981, 5540929.320480721071362 ], [ 1262611.083918832940981, 5540929.320480721071362 ], [ 1262611.083918832940981, 5540976.828592195175588 ], [ 1262662.510687453206629, 5540968.550457779318094 ], [ 1262711.083918832940981, 5540960.346832016482949 ], [ 1262711.083918832940981, 5540929.320480721071362 ] ] ] ] } },
{ "type": "Feature", "properties": { "id": 609, "left": 1262611.0839188329, "top": 5541029.3204807211, "right": 1262711.0839188329, "bottom": 5540929.3204807211, "row_index": 30, "col_index": 17, "area": 1116791.26, "perimeter": 4375.401, "codzona": "G", "numquart": 15, "nomezona": "Galvani", "intersect_area": 6063.3817487955093 }, "geometry": { "type": "MultiPolygon", "coordinates": [ [ [ [ 1262711.083918832940981, 5541029.320480721071362 ], [ 1262711.083918832940981, 5540960.346832016482949 ], [ 1262662.510687453206629, 5540968.550457779318094 ], [ 1262611.083918832940981, 5540976.828592195175588 ], [ 1262611.083918832940981, 5541029.320480721071362 ], [ 1262711.083918832940981, 5541029.320480721071362 ] ] ] ] } },
{ "type": "Feature", "properties": { "id": 610, "left": 1262611.0839188329, "top": 5540929.3204807211, "right": 1262711.0839188329, "bottom": 5540829.3204807211, "row_index": 31, "col_index": 17, "area": 24725141.879000001, "perimeter": 30542.734, "codzona": "D", "numquart": 15, "nomezona": "Colli", "intersect_area": 10000.0 }, "geometry": { "type": "MultiPolygon", "coordinates": [ [ [ [ 1262711.083918832940981, 5540929.320480721071362 ], [ 1262711.083918832940981, 5540829.320480721071362 ], [ 1262611.083918832940981, 5540829.320480721071362 ], [ 1262611.083918832940981, 5540929.320480721071362 ], [ 1262711.083918832940981, 5540929.320480721071362 ] ] ] ] } },
{ "type": "Feature", "properties": { "id": 611, "left": 1262611.0839188329, "top": 5540829.3204807211, "right": 1262711.0839188329, "bottom": 5540729.3204807211, "row_index": 32, "col_index": 17, "area": 24725141.879000001, "perimeter": 30542.734, "codzona": "D", "numquart": 15, "nomezona": "Colli", "intersect_area": 10000.0 }, "geometry": { "type": "MultiPolygon", "coordinates": [ [ [ [ 1262711.083918832940981, 5540829.320480721071362 ], [ 1262711.083918832940981, 5540729.320480721071362 ], [ 1262611.083918832940981, 5540729.320480721071362 ], [ 1262611.083918832940981, 5540829.320480721071362 ], [ 1262711.083918832940981, 5540829.320480721071362 ] ] ] ] } },
{ "type": "Feature", "properties": { "id": 612, "left": 1262611.0839188329, "top": 5540729.3204807211, "right": 1262711.0839188329, "bottom": 5540629.3204807211, "row_index": 33, "col_index": 17, "area": 24725141.879000001, "perimeter": 30542.734, "codzona": "D", "numquart": 15, "nomezona": "Colli", "intersect_area": 10000.0 }, "geometry": { "type": "MultiPolygon", "coordinates": [ [ [ [ 1262711.083918832940981, 5540729.320480721071362 ], [ 1262711.083918832940981, 5540629.320480721071362 ], [ 1262611.083918832940981, 5540629.320480721071362 ], [ 1262611.083918832940981, 5540729.320480721071362 ], [ 1262711.083918832940981, 5540729.320480721071362 ] ] ] ] } },
{ "type": "Feature", "properties": { "id": 613, "left": 1262711.0839188329, "top": 5544029.3204807211, "right": 1262811.0839188329, "bottom": 5543929.3204807211, "row_index": 0, "col_index": 18, "area": 1058290.413, "perimeter": 4426.128, "codzona": "M", "numquart": 13, "nomezona": "Marconi", "intersect_area": 10000.0 }, "geometry": { "type": "MultiPolygon", "coordinates": [ [ [ [ 1262811.083918832940981, 5544029.320480721071362 ], [ 1262811.083918832940981, 5543929.320480721071362 ], [ 1262711.083918832940981, 5543929.320480721071362 ], [ 1262711.083918832940981, 5544029.320480721071362 ], [ 1262811.083918832940981, 5544029.320480721071362 ] ] ] ] } },
{ "type": "Feature", "properties": { "id": 614, "left": 1262711.0839188329, "top": 5543929.3204807211, "right": 1262811.0839188329, "bottom": 5543829.3204807211, "row_index": 1, "col_index": 18, "area": 1058290.413, "perimeter": 4426.128, "codzona": "M", "numquart": 13, "nomezona": "Marconi", "intersect_area": 10000.0 }, "geometry": { "type": "MultiPolygon", "coordinates": [ [ [ [ 1262811.083918832940981, 5543929.320480721071362 ], [ 1262811.083918832940981, 5543829.320480721071362 ], [ 1262711.083918832940981, 5543829.320480721071362 ], [ 1262711.083918832940981, 5543929.320480721071362 ], [ 1262811.083918832940981, 5543929.320480721071362 ] ] ] ] } },
{ "type": "Feature", "properties": { "id": 615, "left": 1262711.0839188329, "top": 5543829.3204807211, "right": 1262811.0839188329, "bottom": 5543729.3204807211, "row_index": 2, "col_index": 18, "area": 1058290.413, "perimeter": 4426.128, "codzona": "M", "numquart": 13, "nomezona": "Marconi", "intersect_area": 10000.0 }, "geometry": { "type": "MultiPolygon", "coordinates": [ [ [ [ 1262811.083918832940981, 5543829.320480721071362 ], [ 1262811.083918832940981, 5543729.320480721071362 ], [ 1262711.083918832940981, 5543729.320480721071362 ], [ 1262711.083918832940981, 5543829.320480721071362 ], [ 1262811.083918832940981, 5543829.320480721071362 ] ] ] ] } },
{ "type": "Feature", "properties": { "id": 616, "left": 1262711.0839188329, "top": 5543729.3204807211, "right": 1262811.0839188329, "bottom": 5543629.3204807211, "row_index": 3, "col_index": 18, "area": 1058290.413, "perimeter": 4426.128, "codzona": "M", "numquart": 13, "nomezona": "Marconi", "intersect_area": 10000.0 }, "geometry": { "type": "MultiPolygon", "coordinates": [ [ [ [ 1262811.083918832940981, 5543729.320480721071362 ], [ 1262811.083918832940981, 5543629.320480721071362 ], [ 1262711.083918832940981, 5543629.320480721071362 ], [ 1262711.083918832940981, 5543729.320480721071362 ], [ 1262811.083918832940981, 5543729.320480721071362 ] ] ] ] } },
{ "type": "Feature", "properties": { "id": 617, "left": 1262711.0839188329, "top": 5543629.3204807211, "right": 1262811.0839188329, "bottom": 5543529.3204807211, "row_index": 4, "col_index": 18, "area": 1058290.413, "perimeter": 4426.128, "codzona": "M", "numquart": 13, "nomezona": "Marconi", "intersect_area": 10000.0 }, "geometry": { "type": "MultiPolygon", "coordinates": [ [ [ [ 1262811.083918832940981, 5543629.320480721071362 ], [ 1262811.083918832940981, 5543529.320480721071362 ], [ 1262711.083918832940981, 5543529.320480721071362 ], [ 1262711.083918832940981, 5543629.320480721071362 ], [ 1262811.083918832940981, 5543629.320480721071362 ] ] ] ] } },
{ "type": "Feature", "properties": { "id": 618, "left": 1262711.0839188329, "top": 5543529.3204807211, "right": 1262811.0839188329, "bottom": 5543429.3204807211, "row_index": 5, "col_index": 18, "area": 1058290.413, "perimeter": 4426.128, "codzona": "M", "numquart": 13, "nomezona": "Marconi", "intersect_area": 10000.0 }, "geometry": { "type": "MultiPolygon", "coordinates": [ [ [ [ 1262811.083918832940981, 5543529.320480721071362 ], [ 1262811.083918832940981, 5543429.320480721071362 ], [ 1262711.083918832940981, 5543429.320480721071362 ], [ 1262711.083918832940981, 5543529.320480721071362 ], [ 1262811.083918832940981, 5543529.320480721071362 ] ] ] ] } },
{ "type": "Feature", "properties": { "id": 619, "left": 1262711.0839188329, "top": 5543429.3204807211, "right": 1262811.0839188329, "bottom": 5543329.3204807211, "row_index": 6, "col_index": 18, "area": 1058290.413, "perimeter": 4426.128, "codzona": "M", "numquart": 13, "nomezona": "Marconi", "intersect_area": 10000.0 }, "geometry": { "type": "MultiPolygon", "coordinates": [ [ [ [ 1262811.083918832940981, 5543429.320480721071362 ], [ 1262811.083918832940981, 5543329.320480721071362 ], [ 1262711.083918832940981, 5543329.320480721071362 ], [ 1262711.083918832940981, 5543429.320480721071362 ], [ 1262811.083918832940981, 5543429.320480721071362 ] ] ] ] } },
{ "type": "Feature", "properties": { "id": 620, "left": 1262711.0839188329, "top": 5543329.3204807211, "right": 1262811.0839188329, "bottom": 5543229.3204807211, "row_index": 7, "col_index": 18, "area": 1058290.413, "perimeter": 4426.128, "codzona": "M", "numquart": 13, "nomezona": "Marconi", "intersect_area": 10000.0 }, "geometry": { "type": "MultiPolygon", "coordinates": [ [ [ [ 1262811.083918832940981, 5543329.320480721071362 ], [ 1262811.083918832940981, 5543229.320480721071362 ], [ 1262711.083918832940981, 5543229.320480721071362 ], [ 1262711.083918832940981, 5543329.320480721071362 ], [ 1262811.083918832940981, 5543329.320480721071362 ] ] ] ] } },
{ "type": "Feature", "properties": { "id": 621, "left": 1262711.0839188329, "top": 5543229.3204807211, "right": 1262811.0839188329, "bottom": 5543129.3204807211, "row_index": 8, "col_index": 18, "area": 1375567.409, "perimeter": 5075.87, "codzona": "H", "numquart": 15, "nomezona": "Irnerio", "intersect_area": 1.133149202214554 }, "geometry": { "type": "MultiPolygon", "coordinates": [ [ [ [ 1262811.083918832940981, 5543129.320480721071362 ], [ 1262810.401250171242282, 5543129.320480721071362 ], [ 1262811.083918832940981, 5543132.640244072303176 ], [ 1262811.083918832940981, 5543129.320480721071362 ] ] ] ] } },
{ "type": "Feature", "properties": { "id": 621, "left": 1262711.0839188329, "top": 5543229.3204807211, "right": 1262811.0839188329, "bottom": 5543129.3204807211, "row_index": 8, "col_index": 18, "area": 1058290.413, "perimeter": 4426.128, "codzona": "M", "numquart": 13, "nomezona": "Marconi", "intersect_area": 9998.8668508529663 }, "geometry": { "type": "MultiPolygon", "coordinates": [ [ [ [ 1262811.083918832940981, 5543229.320480721071362 ], [ 1262811.083918832940981, 5543132.640244072303176 ], [ 1262810.401250171242282, 5543129.320480721071362 ], [ 1262711.083918832940981, 5543129.320480721071362 ], [ 1262711.083918832940981, 5543229.320480721071362 ], [ 1262811.083918832940981, 5543229.320480721071362 ] ] ] ] } },
{ "type": "Feature", "properties": { "id": 622, "left": 1262711.0839188329, "top": 5543129.3204807211, "right": 1262811.0839188329, "bottom": 5543029.3204807211, "row_index": 9, "col_index": 18, "area": 1375567.409, "perimeter": 5075.87, "codzona": "H", "numquart": 15, "nomezona": "Irnerio", "intersect_area": 1096.4556096612941 }, "geometry": { "type": "MultiPolygon", "coordinates": [ [ [ [ 1262811.083918832940981, 5543129.320480721071362 ], [ 1262811.083918832940981, 5543029.320480721071362 ], [ 1262789.83747530146502, 5543029.320480721071362 ], [ 1262810.401250171242282, 5543129.320480721071362 ], [ 1262811.083918832940981, 5543129.320480721071362 ] ] ] ] } },
{ "type": "Feature", "properties": { "id": 622, "left": 1262711.0839188329, "top": 5543129.3204807211, "right": 1262811.0839188329, "bottom": 5543029.3204807211, "row_index": 9, "col_index": 18, "area": 1058290.413, "perimeter": 4426.128, "codzona": "M", "numquart": 13, "nomezona": "Marconi", "intersect_area": 8903.5443903207779 }, "geometry": { "type": "MultiPolygon", "coordinates": [ [ [ [ 1262810.401250171242282, 5543129.320480721071362 ], [ 1262789.83747530146502, 5543029.320480721071362 ], [ 1262711.083918832940981, 5543029.320480721071362 ], [ 1262711.083918832940981, 5543129.320480721071362 ], [ 1262810.401250171242282, 5543129.320480721071362 ] ] ] ] } },
{ "type": "Feature", "properties": { "id": 623, "left": 1262711.0839188329, "top": 5543029.3204807211, "right": 1262811.0839188329, "bottom": 5542929.3204807211, "row_index": 10, "col_index": 18, "area": 1375567.409, "perimeter": 5075.87, "codzona": "H", "numquart": 15, "nomezona": "Irnerio", "intersect_area": 3173.7671623677015 }, "geometry": { "type": "MultiPolygon", "coordinates": [ [ [ [ 1262811.083918832940981, 5543029.320480721071362 ], [ 1262811.083918832940981, 5542929.320480721071362 ], [ 1262768.694059279514477, 5542929.320480721071362 ], [ 1262784.127145983744413, 5543001.551603878848255 ], [ 1262789.83747530146502, 5543029.320480721071362 ], [ 1262811.083918832940981, 5543029.320480721071362 ] ] ] ] } },
{ "type": "Feature", "properties": { "id": 623, "left": 1262711.0839188329, "top": 5543029.3204807211, "right": 1262811.0839188329, "bottom": 5542929.3204807211, "row_index": 10, "col_index": 18, "area": 1058290.413, "perimeter": 4426.128, "codzona": "M", "numquart": 13, "nomezona": "Marconi", "intersect_area": 6826.2328376173973 }, "geometry": { "type": "MultiPolygon", "coordinates": [ [ [ [ 1262789.83747530146502, 5543029.320480721071362 ], [ 1262784.127145983744413, 5543001.551603878848255 ], [ 1262768.694059279514477, 5542929.320480721071362 ], [ 1262711.083918832940981, 5542929.320480721071362 ], [ 1262711.083918832940981, 5543029.320480721071362 ], [ 1262789.83747530146502, 5543029.320480721071362 ] ] ] ] } },
{ "type": "Feature", "properties": { "id": 624, "left": 1262711.0839188329, "top": 5542929.3204807211, "right": 1262811.0839188329, "bottom": 5542829.3204807211, "row_index": 11, "col_index": 18, "area": 1375567.409, "perimeter": 5075.87, "codzona": "H", "numquart": 15, "nomezona": "Irnerio", "intersect_area": 5282.1009580790997 }, "geometry": { "type": "MultiPolygon", "coordinates": [ [ [ [ 1262811.083918832940981, 5542929.320480721071362 ], [ 1262811.083918832940981, 5542829.320480721071362 ], [ 1262747.961339093046263, 5542829.320480721071362 ], [ 1262764.323925078846514, 5542908.867041450925171 ], [ 1262768.694059279514477, 5542929.320480721071362 ], [ 1262811.083918832940981, 5542929.320480721071362 ] ] ] ] } },
{ "type": "Feature", "properties": { "id": 624, "left": 1262711.0839188329, "top": 5542929.3204807211, "right": 1262811.0839188329, "bottom": 5542829.3204807211, "row_index": 11, "col_index": 18, "area": 1058290.413, "perimeter": 4426.128, "codzona": "M", "numquart": 13, "nomezona": "Marconi", "intersect_area": 4717.8990419209003 }, "geometry": { "type": "MultiPolygon", "coordinates": [ [ [ [ 1262768.694059279514477, 5542929.320480721071362 ], [ 1262764.323925078846514, 5542908.867041450925171 ], [ 1262747.961339093046263, 5542829.320480721071362 ], [ 1262711.083918832940981, 5542829.320480721071362 ], [ 1262711.083918832940981, 5542929.320480721071362 ], [ 1262768.694059279514477, 5542929.320480721071362 ] ] ] ] } },
{ "type": "Feature", "properties": { "id": 625, "left": 1262711.0839188329, "top": 5542829.3204807211, "right": 1262811.0839188329, "bottom": 5542729.3204807211, "row_index": 12, "col_index": 18, "area": 1375567.409, "perimeter": 5075.87, "codzona": "H", "numquart": 15, "nomezona": "Irnerio", "intersect_area": 7348.9761617481709 }, "geometry": { "type": "MultiPolygon", "coordinates": [ [ [ [ 1262811.083918832940981, 5542829.320480721071362 ], [ 1262811.083918832940981, 5542729.320480721071362 ], [ 1262727.018869147635996, 5542729.320480721071362 ], [ 1262736.474068364826962, 5542773.475220113061368 ], [ 1262747.961339093046263, 5542829.320480721071362 ], [ 1262811.083918832940981, 5542829.320480721071362 ] ] ] ] } },
{ "type": "Feature", "properties": { "id": 625, "left": 1262711.0839188329, "top": 5542829.3204807211, "right": 1262811.0839188329, "bottom": 5542729.3204807211, "row_index": 12, "col_index": 18, "area": 1058290.413, "perimeter": 4426.128, "codzona": "M", "numquart": 13, "nomezona": "Marconi", "intersect_area": 2651.0238382518291 }, "geometry": { "type": "MultiPolygon", "coordinates": [ [ [ [ 1262747.961339093046263, 5542829.320480721071362 ], [ 1262736.474068364826962, 5542773.475220113061368 ], [ 1262727.018869147635996, 5542729.320480721071362 ], [ 1262711.083918832940981, 5542729.320480721071362 ], [ 1262711.083918832940981, 5542829.320480721071362 ], [ 1262747.961339093046263, 5542829.320480721071362 ] ] ] ] } },
{ "type": "Feature", "properties": { "id": 626, "left": 1262711.0839188329, "top": 5542729.3204807211, "right": 1262811.0839188329, "bottom": 5542629.3204807211, "row_index": 13, "col_index": 18, "area": 1375567.409, "perimeter": 5075.87, "codzona": "H", "numquart": 15, "nomezona": "Irnerio", "intersect_area": 9412.2999137341976 }, "geometry": { "type": "MultiPolygon", "coordinates": [ [ [ [ 1262811.083918832940981, 5542729.320480721071362 ], [ 1262811.083918832940981, 5542629.320480721071362 ], [ 1262711.083918832940981, 5542629.320480721071362 ], [ 1262711.083918832940981, 5542656.006253407336771 ], [ 1262715.897156168939546, 5542678.179025094024837 ], [ 1262717.486815016483888, 5542684.806837342679501 ], [ 1262727.018869147635996, 5542729.320480721071362 ], [ 1262811.083918832940981, 5542729.320480721071362 ] ] ] ] } },
{ "type": "Feature", "properties": { "id": 626, "left": 1262711.0839188329, "top": 5542729.3204807211, "right": 1262811.0839188329, "bottom": 5542629.3204807211, "row_index": 13, "col_index": 18, "area": 1058290.413, "perimeter": 4426.128, "codzona": "M", "numquart": 13, "nomezona": "Marconi", "intersect_area": 587.7000862583518 }, "geometry": { "type": "MultiPolygon", "coordinates": [ [ [ [ 1262727.018869147635996, 5542729.320480721071362 ], [ 1262717.486815016483888, 5542684.806837342679501 ], [ 1262715.897156168939546, 5542678.179025094024837 ], [ 1262711.083918832940981, 5542656.006253407336771 ], [ 1262711.083918832940981, 5542729.320480721071362 ], [ 1262727.018869147635996, 5542729.320480721071362 ] ] ] ] } },
{ "type": "Feature", "properties": { "id": 627, "left": 1262711.0839188329, "top": 5542629.3204807211, "right": 1262811.0839188329, "bottom": 5542529.3204807211, "row_index": 14, "col_index": 18, "area": 1375567.409, "perimeter": 5075.87, "codzona": "H", "numquart": 15, "nomezona": "Irnerio", "intersect_area": 10000.0 }, "geometry": { "type": "MultiPolygon", "coordinates": [ [ [ [ 1262811.083918832940981, 5542629.320480721071362 ], [ 1262811.083918832940981, 5542529.320480721071362 ], [ 1262711.083918832940981, 5542529.320480721071362 ], [ 1262711.083918832940981, 5542629.320480721071362 ], [ 1262811.083918832940981, 5542629.320480721071362 ] ] ] ] } },
{ "type": "Feature", "properties": { "id": 628, "left": 1262711.0839188329, "top": 5542529.3204807211, "right": 1262811.0839188329, "bottom": 5542429.3204807211, "row_index": 15, "col_index": 18, "area": 1375567.409, "perimeter": 5075.87, "codzona": "H", "numquart": 15, "nomezona": "Irnerio", "intersect_area": 10000.0 }, "geometry": { "type": "MultiPolygon", "coordinates": [ [ [ [ 1262811.083918832940981, 5542529.320480721071362 ], [ 1262811.083918832940981, 5542429.320480721071362 ], [ 1262711.083918832940981, 5542429.320480721071362 ], [ 1262711.083918832940981, 5542529.320480721071362 ], [ 1262811.083918832940981, 5542529.320480721071362 ] ] ] ] } },
{ "type": "Feature", "properties": { "id": 629, "left": 1262711.0839188329, "top": 5542429.3204807211, "right": 1262811.0839188329, "bottom": 5542329.3204807211, "row_index": 16, "col_index": 18, "area": 1116791.26, "perimeter": 4375.401, "codzona": "G", "numquart": 15, "nomezona": "Galvani", "intersect_area": 13.391837704926729 }, "geometry": { "type": "MultiPolygon", "coordinates": [ [ [ [ 1262711.083918832940981, 5542329.320480721071362 ], [ 1262711.083918832940981, 5542331.737645926885307 ], [ 1262722.164533159695566, 5542329.320480721071362 ], [ 1262711.083918832940981, 5542329.320480721071362 ] ] ] ] } },
{ "type": "Feature", "properties": { "id": 629, "left": 1262711.0839188329, "top": 5542429.3204807211, "right": 1262811.0839188329, "bottom": 5542329.3204807211, "row_index": 16, "col_index": 18, "area": 1375567.409, "perimeter": 5075.87, "codzona": "H", "numquart": 15, "nomezona": "Irnerio", "intersect_area": 9986.6081622838974 }, "geometry": { "type": "MultiPolygon", "coordinates": [ [ [ [ 1262811.083918832940981, 5542429.320480721071362 ], [ 1262811.083918832940981, 5542329.320480721071362 ], [ 1262722.164533159695566, 5542329.320480721071362 ], [ 1262711.083918832940981, 5542331.737645926885307 ], [ 1262711.083918832940981, 5542429.320480721071362 ], [ 1262811.083918832940981, 5542429.320480721071362 ] ] ] ] } },
{ "type": "Feature", "properties": { "id": 630, "left": 1262711.0839188329, "top": 5542329.3204807211, "right": 1262811.0839188329, "bottom": 5542229.3204807211, "row_index": 17, "col_index": 18, "area": 1116791.26, "perimeter": 4375.401, "codzona": "G", "numquart": 15, "nomezona": "Galvani", "intersect_area": 9140.2794267348945 }, "geometry": { "type": "MultiPolygon", "coordinates": [ [ [ [ 1262722.164533159695566, 5542329.320480721071362 ], [ 1262765.160092343576252, 5542319.941274243406951 ], [ 1262802.382800460094586, 5542311.924502296373248 ], [ 1262811.083918832940981, 5542309.993360666558146 ], [ 1262811.083918832940981, 5542229.320480721071362 ], [ 1262711.083918832940981, 5542229.320480721071362 ], [ 1262711.083918832940981, 5542329.320480721071362 ], [ 1262722.164533159695566, 5542329.320480721071362 ] ] ] ] } },
{ "type": "Feature", "properties": { "id": 630, "left": 1262711.0839188329, "top": 5542329.3204807211, "right": 1262811.0839188329, "bottom": 5542229.3204807211, "row_index": 17, "col_index": 18, "area": 1375567.409, "perimeter": 5075.87, "codzona": "H", "numquart": 15, "nomezona": "Irnerio", "intersect_area": 859.72057324647903 }, "geometry": { "type": "MultiPolygon", "coordinates": [ [ [ [ 1262811.083918832940981, 5542329.320480721071362 ], [ 1262811.083918832940981, 5542309.993360666558146 ], [ 1262802.382800460094586, 5542311.924502296373248 ], [ 1262765.160092343576252, 5542319.941274243406951 ], [ 1262722.164533159695566, 5542329.320480721071362 ], [ 1262811.083918832940981, 5542329.320480721071362 ] ] ] ] } },
{ "type": "Feature", "properties": { "id": 631, "left": 1262711.0839188329, "top": 5542229.3204807211, "right": 1262811.0839188329, "bottom": 5542129.3204807211, "row_index": 18, "col_index": 18, "area": 1116791.26, "perimeter": 4375.401, "codzona": "G", "numquart": 15, "nomezona": "Galvani", "intersect_area": 10000.0 }, "geometry": { "type": "MultiPolygon", "coordinates": [ [ [ [ 1262811.083918832940981, 5542229.320480721071362 ], [ 1262811.083918832940981, 5542129.320480721071362 ], [ 1262711.083918832940981, 5542129.320480721071362 ], [ 1262711.083918832940981, 5542229.320480721071362 ], [ 1262811.083918832940981, 5542229.320480721071362 ] ] ] ] } },
{ "type": "Feature", "properties": { "id": 632, "left": 1262711.0839188329, "top": 5542129.3204807211, "right": 1262811.0839188329, "bottom": 5542029.3204807211, "row_index": 19, "col_index": 18, "area": 1116791.26, "perimeter": 4375.401, "codzona": "G", "numquart": 15, "nomezona": "Galvani", "intersect_area": 10000.0 }, "geometry": { "type": "MultiPolygon", "coordinates": [ [ [ [ 1262811.083918832940981, 5542129.320480721071362 ], [ 1262811.083918832940981, 5542029.320480721071362 ], [ 1262711.083918832940981, 5542029.320480721071362 ], [ 1262711.083918832940981, 5542129.320480721071362 ], [ 1262811.083918832940981, 5542129.320480721071362 ] ] ] ] } },
{ "type": "Feature", "properties": { "id": 633, "left": 1262711.0839188329, "top": 5542029.3204807211, "right": 1262811.0839188329, "bottom": 5541929.3204807211, "row_index": 20, "col_index": 18, "area": 1116791.26, "perimeter": 4375.401, "codzona": "G", "numquart": 15, "nomezona": "Galvani", "intersect_area": 10000.0 }, "geometry": { "type": "MultiPolygon", "coordinates": [ [ [ [ 1262811.083918832940981, 5542029.320480721071362 ], [ 1262811.083918832940981, 5541929.320480721071362 ], [ 1262711.083918832940981, 5541929.320480721071362 ], [ 1262711.083918832940981, 5542029.320480721071362 ], [ 1262811.083918832940981, 5542029.320480721071362 ] ] ] ] } },
{ "type": "Feature", "properties": { "id": 634, "left": 1262711.0839188329, "top": 5541929.3204807211, "right": 1262811.0839188329, "bottom": 5541829.3204807211, "row_index": 21, "col_index": 18, "area": 1116791.26, "perimeter": 4375.401, "codzona": "G", "numquart": 15, "nomezona": "Galvani", "intersect_area": 10000.0 }, "geometry": { "type": "MultiPolygon", "coordinates": [ [ [ [ 1262811.083918832940981, 5541929.320480721071362 ], [ 1262811.083918832940981, 5541829.320480721071362 ], [ 1262711.083918832940981, 5541829.320480721071362 ], [ 1262711.083918832940981, 5541929.320480721071362 ], [ 1262811.083918832940981, 5541929.320480721071362 ] ] ] ] } },
{ "type": "Feature", "properties": { "id": 635, "left": 1262711.0839188329, "top": 5541829.3204807211, "right": 1262811.0839188329, "bottom": 5541729.3204807211, "row_index": 22, "col_index": 18, "area": 1116791.26, "perimeter": 4375.401, "codzona": "G", "numquart": 15, "nomezona": "Galvani", "intersect_area": 10000.0 }, "geometry": { "type": "MultiPolygon", "coordinates": [ [ [ [ 1262811.083918832940981, 5541829.320480721071362 ], [ 1262811.083918832940981, 5541729.320480721071362 ], [ 1262711.083918832940981, 5541729.320480721071362 ], [ 1262711.083918832940981, 5541829.320480721071362 ], [ 1262811.083918832940981, 5541829.320480721071362 ] ] ] ] } },
{ "type": "Feature", "properties": { "id": 636, "left": 1262711.0839188329, "top": 5541729.3204807211, "right": 1262811.0839188329, "bottom": 5541629.3204807211, "row_index": 23, "col_index": 18, "area": 1116791.26, "perimeter": 4375.401, "codzona": "G", "numquart": 15, "nomezona": "Galvani", "intersect_area": 10000.0 }, "geometry": { "type": "MultiPolygon", "coordinates": [ [ [ [ 1262811.083918832940981, 5541729.320480721071362 ], [ 1262811.083918832940981, 5541629.320480721071362 ], [ 1262711.083918832940981, 5541629.320480721071362 ], [ 1262711.083918832940981, 5541729.320480721071362 ], [ 1262811.083918832940981, 5541729.320480721071362 ] ] ] ] } },
{ "type": "Feature", "properties": { "id": 637, "left": 1262711.0839188329, "top": 5541629.3204807211, "right": 1262811.0839188329, "bottom": 5541529.3204807211, "row_index": 24, "col_index": 18, "area": 1116791.26, "perimeter": 4375.401, "codzona": "G", "numquart": 15, "nomezona": "Galvani", "intersect_area": 10000.0 }, "geometry": { "type": "MultiPolygon", "coordinates": [ [ [ [ 1262811.083918832940981, 5541629.320480721071362 ], [ 1262811.083918832940981, 5541529.320480721071362 ], [ 1262711.083918832940981, 5541529.320480721071362 ], [ 1262711.083918832940981, 5541629.320480721071362 ], [ 1262811.083918832940981, 5541629.320480721071362 ] ] ] ] } },
{ "type": "Feature", "properties": { "id": 638, "left": 1262711.0839188329, "top": 5541529.3204807211, "right": 1262811.0839188329, "bottom": 5541429.3204807211, "row_index": 25, "col_index": 18, "area": 1116791.26, "perimeter": 4375.401, "codzona": "G", "numquart": 15, "nomezona": "Galvani", "intersect_area": 10000.0 }, "geometry": { "type": "MultiPolygon", "coordinates": [ [ [ [ 1262811.083918832940981, 5541529.320480721071362 ], [ 1262811.083918832940981, 5541429.320480721071362 ], [ 1262711.083918832940981, 5541429.320480721071362 ], [ 1262711.083918832940981, 5541529.320480721071362 ], [ 1262811.083918832940981, 5541529.320480721071362 ] ] ] ] } },
{ "type": "Feature", "properties": { "id": 639, "left": 1262711.0839188329, "top": 5541429.3204807211, "right": 1262811.0839188329, "bottom": 5541329.3204807211, "row_index": 26, "col_index": 18, "area": 1116791.26, "perimeter": 4375.401, "codzona": "G", "numquart": 15, "nomezona": "Galvani", "intersect_area": 10000.0 }, "geometry": { "type": "MultiPolygon", "coordinates": [ [ [ [ 1262811.083918832940981, 5541429.320480721071362 ], [ 1262811.083918832940981, 5541329.320480721071362 ], [ 1262711.083918832940981, 5541329.320480721071362 ], [ 1262711.083918832940981, 5541429.320480721071362 ], [ 1262811.083918832940981, 5541429.320480721071362 ] ] ] ] } },
{ "type": "Feature", "properties": { "id": 640, "left": 1262711.0839188329, "top": 5541329.3204807211, "right": 1262811.0839188329, "bottom": 5541229.3204807211, "row_index": 27, "col_index": 18, "area": 1116791.26, "perimeter": 4375.401, "codzona": "G", "numquart": 15, "nomezona": "Galvani", "intersect_area": 10000.0 }, "geometry": { "type": "MultiPolygon", "coordinates": [ [ [ [ 1262811.083918832940981, 5541329.320480721071362 ], [ 1262811.083918832940981, 5541229.320480721071362 ], [ 1262711.083918832940981, 5541229.320480721071362 ], [ 1262711.083918832940981, 5541329.320480721071362 ], [ 1262811.083918832940981, 5541329.320480721071362 ] ] ] ] } },
{ "type": "Feature", "properties": { "id": 641, "left": 1262711.0839188329, "top": 5541229.3204807211, "right": 1262811.0839188329, "bottom": 5541129.3204807211, "row_index": 28, "col_index": 18, "area": 1116791.26, "perimeter": 4375.401, "codzona": "G", "numquart": 15, "nomezona": "Galvani", "intersect_area": 10000.0 }, "geometry": { "type": "MultiPolygon", "coordinates": [ [ [ [ 1262811.083918832940981, 5541229.320480721071362 ], [ 1262811.083918832940981, 5541129.320480721071362 ], [ 1262711.083918832940981, 5541129.320480721071362 ], [ 1262711.083918832940981, 5541229.320480721071362 ], [ 1262811.083918832940981, 5541229.320480721071362 ] ] ] ] } },
{ "type": "Feature", "properties": { "id": 642, "left": 1262711.0839188329, "top": 5541129.3204807211, "right": 1262811.0839188329, "bottom": 5541029.3204807211, "row_index": 29, "col_index": 18, "area": 1116791.26, "perimeter": 4375.401, "codzona": "G", "numquart": 15, "nomezona": "Galvani", "intersect_area": 10000.0 }, "geometry": { "type": "MultiPolygon", "coordinates": [ [ [ [ 1262811.083918832940981, 5541129.320480721071362 ], [ 1262811.083918832940981, 5541029.320480721071362 ], [ 1262711.083918832940981, 5541029.320480721071362 ], [ 1262711.083918832940981, 5541129.320480721071362 ], [ 1262811.083918832940981, 5541129.320480721071362 ] ] ] ] } },
{ "type": "Feature", "properties": { "id": 643, "left": 1262711.0839188329, "top": 5541029.3204807211, "right": 1262811.0839188329, "bottom": 5540929.3204807211, "row_index": 30, "col_index": 18, "area": 24725141.879000001, "perimeter": 30542.734, "codzona": "D", "numquart": 15, "nomezona": "Colli", "intersect_area": 2258.1755857914686 }, "geometry": { "type": "MultiPolygon", "coordinates": [ [ [ [ 1262811.083918832940981, 5540929.320480721071362 ], [ 1262711.083918832940981, 5540929.320480721071362 ], [ 1262711.083918832940981, 5540960.346832016482949 ], [ 1262811.083918832940981, 5540943.457641140557826 ], [ 1262811.083918832940981, 5540929.320480721071362 ] ] ] ] } },
{ "type": "Feature", "properties": { "id": 643, "left": 1262711.0839188329, "top": 5541029.3204807211, "right": 1262811.0839188329, "bottom": 5540929.3204807211, "row_index": 30, "col_index": 18, "area": 1116791.26, "perimeter": 4375.401, "codzona": "G", "numquart": 15, "nomezona": "Galvani", "intersect_area": 7741.8244142532349 }, "geometry": { "type": "MultiPolygon", "coordinates": [ [ [ [ 1262811.083918832940981, 5541029.320480721071362 ], [ 1262811.083918832940981, 5540943.457641140557826 ], [ 1262711.083918832940981, 5540960.346832016482949 ], [ 1262711.083918832940981, 5541029.320480721071362 ], [ 1262811.083918832940981, 5541029.320480721071362 ] ] ] ] } },
{ "type": "Feature", "properties": { "id": 644, "left": 1262711.0839188329, "top": 5540929.3204807211, "right": 1262811.0839188329, "bottom": 5540829.3204807211, "row_index": 31, "col_index": 18, "area": 24725141.879000001, "perimeter": 30542.734, "codzona": "D", "numquart": 15, "nomezona": "Colli", "intersect_area": 10000.0 }, "geometry": { "type": "MultiPolygon", "coordinates": [ [ [ [ 1262811.083918832940981, 5540929.320480721071362 ], [ 1262811.083918832940981, 5540829.320480721071362 ], [ 1262711.083918832940981, 5540829.320480721071362 ], [ 1262711.083918832940981, 5540929.320480721071362 ], [ 1262811.083918832940981, 5540929.320480721071362 ] ] ] ] } },
{ "type": "Feature", "properties": { "id": 645, "left": 1262711.0839188329, "top": 5540829.3204807211, "right": 1262811.0839188329, "bottom": 5540729.3204807211, "row_index": 32, "col_index": 18, "area": 24725141.879000001, "perimeter": 30542.734, "codzona": "D", "numquart": 15, "nomezona": "Colli", "intersect_area": 10000.0 }, "geometry": { "type": "MultiPolygon", "coordinates": [ [ [ [ 1262811.083918832940981, 5540829.320480721071362 ], [ 1262811.083918832940981, 5540729.320480721071362 ], [ 1262711.083918832940981, 5540729.320480721071362 ], [ 1262711.083918832940981, 5540829.320480721071362 ], [ 1262811.083918832940981, 5540829.320480721071362 ] ] ] ] } },
{ "type": "Feature", "properties": { "id": 646, "left": 1262711.0839188329, "top": 5540729.3204807211, "right": 1262811.0839188329, "bottom": 5540629.3204807211, "row_index": 33, "col_index": 18, "area": 24725141.879000001, "perimeter": 30542.734, "codzona": "D", "numquart": 15, "nomezona": "Colli", "intersect_area": 10000.0 }, "geometry": { "type": "MultiPolygon", "coordinates": [ [ [ [ 1262811.083918832940981, 5540729.320480721071362 ], [ 1262811.083918832940981, 5540629.320480721071362 ], [ 1262711.083918832940981, 5540629.320480721071362 ], [ 1262711.083918832940981, 5540729.320480721071362 ], [ 1262811.083918832940981, 5540729.320480721071362 ] ] ] ] } },
{ "type": "Feature", "properties": { "id": 647, "left": 1262811.0839188329, "top": 5544029.3204807211, "right": 1262911.0839188329, "bottom": 5543929.3204807211, "row_index": 0, "col_index": 19, "area": 1058290.413, "perimeter": 4426.128, "codzona": "M", "numquart": 13, "nomezona": "Marconi", "intersect_area": 10000.0 }, "geometry": { "type": "MultiPolygon", "coordinates": [ [ [ [ 1262911.083918832940981, 5544029.320480721071362 ], [ 1262911.083918832940981, 5543929.320480721071362 ], [ 1262811.083918832940981, 5543929.320480721071362 ], [ 1262811.083918832940981, 5544029.320480721071362 ], [ 1262911.083918832940981, 5544029.320480721071362 ] ] ] ] } },
{ "type": "Feature", "properties": { "id": 648, "left": 1262811.0839188329, "top": 5543929.3204807211, "right": 1262911.0839188329, "bottom": 5543829.3204807211, "row_index": 1, "col_index": 19, "area": 1058290.413, "perimeter": 4426.128, "codzona": "M", "numquart": 13, "nomezona": "Marconi", "intersect_area": 10000.0 }, "geometry": { "type": "MultiPolygon", "coordinates": [ [ [ [ 1262911.083918832940981, 5543929.320480721071362 ], [ 1262911.083918832940981, 5543829.320480721071362 ], [ 1262811.083918832940981, 5543829.320480721071362 ], [ 1262811.083918832940981, 5543929.320480721071362 ], [ 1262911.083918832940981, 5543929.320480721071362 ] ] ] ] } },
{ "type": "Feature", "properties": { "id": 649, "left": 1262811.0839188329, "top": 5543829.3204807211, "right": 1262911.0839188329, "bottom": 5543729.3204807211, "row_index": 2, "col_index": 19, "area": 1058290.413, "perimeter": 4426.128, "codzona": "M", "numquart": 13, "nomezona": "Marconi", "intersect_area": 10000.0 }, "geometry": { "type": "MultiPolygon", "coordinates": [ [ [ [ 1262911.083918832940981, 5543829.320480721071362 ], [ 1262911.083918832940981, 5543729.320480721071362 ], [ 1262811.083918832940981, 5543729.320480721071362 ], [ 1262811.083918832940981, 5543829.320480721071362 ], [ 1262911.083918832940981, 5543829.320480721071362 ] ] ] ] } },
{ "type": "Feature", "properties": { "id": 650, "left": 1262811.0839188329, "top": 5543729.3204807211, "right": 1262911.0839188329, "bottom": 5543629.3204807211, "row_index": 3, "col_index": 19, "area": 1058290.413, "perimeter": 4426.128, "codzona": "M", "numquart": 13, "nomezona": "Marconi", "intersect_area": 10000.0 }, "geometry": { "type": "MultiPolygon", "coordinates": [ [ [ [ 1262911.083918832940981, 5543729.320480721071362 ], [ 1262911.083918832940981, 5543629.320480721071362 ], [ 1262811.083918832940981, 5543629.320480721071362 ], [ 1262811.083918832940981, 5543729.320480721071362 ], [ 1262911.083918832940981, 5543729.320480721071362 ] ] ] ] } },
{ "type": "Feature", "properties": { "id": 651, "left": 1262811.0839188329, "top": 5543629.3204807211, "right": 1262911.0839188329, "bottom": 5543529.3204807211, "row_index": 4, "col_index": 19, "area": 1375567.409, "perimeter": 5075.87, "codzona": "H", "numquart": 15, "nomezona": "Irnerio", "intersect_area": 601.32371411472559 }, "geometry": { "type": "MultiPolygon", "coordinates": [ [ [ [ 1262911.083918832940981, 5543529.320480721071362 ], [ 1262895.372698526829481, 5543529.320480721071362 ], [ 1262905.872464431449771, 5543580.078176284208894 ], [ 1262911.083918832940981, 5543607.068851869553328 ], [ 1262911.083918832940981, 5543529.320480721071362 ] ] ] ] } },
{ "type": "Feature", "properties": { "id": 651, "left": 1262811.0839188329, "top": 5543629.3204807211, "right": 1262911.0839188329, "bottom": 5543529.3204807211, "row_index": 4, "col_index": 19, "area": 1058290.413, "perimeter": 4426.128, "codzona": "M", "numquart": 13, "nomezona": "Marconi", "intersect_area": 9398.6762858629227 }, "geometry": { "type": "MultiPolygon", "coordinates": [ [ [ [ 1262911.083918832940981, 5543629.320480721071362 ], [ 1262911.083918832940981, 5543607.068851869553328 ], [ 1262905.872464431449771, 5543580.078176284208894 ], [ 1262895.372698526829481, 5543529.320480721071362 ], [ 1262811.083918832940981, 5543529.320480721071362 ], [ 1262811.083918832940981, 5543629.320480721071362 ], [ 1262911.083918832940981, 5543629.320480721071362 ] ] ] ] } },
{ "type": "Feature", "properties": { "id": 652, "left": 1262811.0839188329, "top": 5543529.3204807211, "right": 1262911.0839188329, "bottom": 5543429.3204807211, "row_index": 5, "col_index": 19, "area": 1375567.409, "perimeter": 5075.87, "codzona": "H", "numquart": 15, "nomezona": "Irnerio", "intersect_area": 2605.6305331289768 }, "geometry": { "type": "MultiPolygon", "coordinates": [ [ [ [ 1262911.083918832940981, 5543529.320480721071362 ], [ 1262911.083918832940981, 5543429.320480721071362 ], [ 1262874.666563427308574, 5543429.320480721071362 ], [ 1262875.019284294219688, 5543430.877053589560091 ], [ 1262880.065795564791188, 5543455.39166144374758 ], [ 1262884.764561676187441, 5543478.03890114556998 ], [ 1262895.372698526829481, 5543529.320480721071362 ], [ 1262911.083918832940981, 5543529.320480721071362 ] ] ] ] } },
{ "type": "Feature", "properties": { "id": 652, "left": 1262811.0839188329, "top": 5543529.3204807211, "right": 1262911.0839188329, "bottom": 5543429.3204807211, "row_index": 5, "col_index": 19, "area": 1058290.413, "perimeter": 4426.128, "codzona": "M", "numquart": 13, "nomezona": "Marconi", "intersect_area": 7394.3694668412209 }, "geometry": { "type": "MultiPolygon", "coordinates": [ [ [ [ 1262895.372698526829481, 5543529.320480721071362 ], [ 1262884.764561676187441, 5543478.03890114556998 ], [ 1262880.065795564791188, 5543455.39166144374758 ], [ 1262875.019284294219688, 5543430.877053589560091 ], [ 1262874.666563427308574, 5543429.320480721071362 ], [ 1262811.083918832940981, 5543429.320480721071362 ], [ 1262811.083918832940981, 5543529.320480721071362 ], [ 1262895.372698526829481, 5543529.320480721071362 ] ] ] ] } },
{ "type": "Feature", "properties": { "id": 653, "left": 1262811.0839188329, "top": 5543429.3204807211, "right": 1262911.0839188329, "bottom": 5543329.3204807211, "row_index": 6, "col_index": 19, "area": 1375567.409, "perimeter": 5075.87, "codzona": "H", "numquart": 15, "nomezona": "Irnerio", "intersect_area": 4779.0589883923531 }, "geometry": { "type": "MultiPolygon", "coordinates": [ [ [ [ 1262911.083918832940981, 5543429.320480721071362 ], [ 1262911.083918832940981, 5543329.320480721071362 ], [ 1262851.99365530279465, 5543329.320480721071362 ], [ 1262853.13671902846545, 5543334.885516927577555 ], [ 1262861.356836992315948, 5543370.828471851535141 ], [ 1262866.103818587958813, 5543391.532707031816244 ], [ 1262874.666563427308574, 5543429.320480721071362 ], [ 1262911.083918832940981, 5543429.320480721071362 ] ] ] ] } },
{ "type": "Feature", "properties": { "id": 653, "left": 1262811.0839188329, "top": 5543429.3204807211, "right": 1262911.0839188329, "bottom": 5543329.3204807211, "row_index": 6, "col_index": 19, "area": 1058290.413, "perimeter": 4426.128, "codzona": "M", "numquart": 13, "nomezona": "Marconi", "intersect_area": 5220.9410116076469 }, "geometry": { "type": "MultiPolygon", "coordinates": [ [ [ [ 1262874.666563427308574, 5543429.320480721071362 ], [ 1262866.103818587958813, 5543391.532707031816244 ], [ 1262861.356836992315948, 5543370.828471851535141 ], [ 1262853.13671902846545, 5543334.885516927577555 ], [ 1262851.99365530279465, 5543329.320480721071362 ], [ 1262811.083918832940981, 5543329.320480721071362 ], [ 1262811.083918832940981, 5543429.320480721071362 ], [ 1262874.666563427308574, 5543429.320480721071362 ] ] ] ] } },
{ "type": "Feature", "properties": { "id": 654, "left": 1262811.0839188329, "top": 5543329.3204807211, "right": 1262911.0839188329, "bottom": 5543229.3204807211, "row_index": 7, "col_index": 19, "area": 1375567.409, "perimeter": 5075.87, "codzona": "H", "numquart": 15, "nomezona": "Irnerio", "intersect_area": 6938.5615957081318 }, "geometry": { "type": "MultiPolygon", "coordinates": [ [ [ [ 1262911.083918832940981, 5543329.320480721071362 ], [ 1262911.083918832940981, 5543229.320480721071362 ], [ 1262831.308872511144727, 5543229.320480721071362 ], [ 1262838.638207204639912, 5543264.299125785939395 ], [ 1262851.99365530279465, 5543329.320480721071362 ], [ 1262911.083918832940981, 5543329.320480721071362 ] ] ] ] } },
{ "type": "Feature", "properties": { "id": 654, "left": 1262811.0839188329, "top": 5543329.3204807211, "right": 1262911.0839188329, "bottom": 5543229.3204807211, "row_index": 7, "col_index": 19, "area": 1058290.413, "perimeter": 4426.128, "codzona": "M", "numquart": 13, "nomezona": "Marconi", "intersect_area": 3061.4384043216705 }, "geometry": { "type": "MultiPolygon", "coordinates": [ [ [ [ 1262851.99365530279465, 5543329.320480721071362 ], [ 1262838.638207204639912, 5543264.299125785939395 ], [ 1262831.308872511144727, 5543229.320480721071362 ], [ 1262811.083918832940981, 5543229.320480721071362 ], [ 1262811.083918832940981, 5543329.320480721071362 ], [ 1262851.99365530279465, 5543329.320480721071362 ] ] ] ] } },
{ "type": "Feature", "properties": { "id": 655, "left": 1262811.0839188329, "top": 5543229.3204807211, "right": 1262911.0839188329, "bottom": 5543129.3204807211, "row_index": 8, "col_index": 19, "area": 1375567.409, "perimeter": 5075.87, "codzona": "H", "numquart": 15, "nomezona": "Irnerio", "intersect_area": 9023.785825997591 }, "geometry": { "type": "MultiPolygon", "coordinates": [ [ [ [ 1262911.083918832940981, 5543229.320480721071362 ], [ 1262911.083918832940981, 5543129.320480721071362 ], [ 1262811.083918832940981, 5543129.320480721071362 ], [ 1262811.083918832940981, 5543132.640244072303176 ], [ 1262812.833189103752375, 5543141.146806130185723 ], [ 1262831.308872511144727, 5543229.320480721071362 ], [ 1262911.083918832940981, 5543229.320480721071362 ] ] ] ] } },
{ "type": "Feature", "properties": { "id": 655, "left": 1262811.0839188329, "top": 5543229.3204807211, "right": 1262911.0839188329, "bottom": 5543129.3204807211, "row_index": 8, "col_index": 19, "area": 1058290.413, "perimeter": 4426.128, "codzona": "M", "numquart": 13, "nomezona": "Marconi", "intersect_area": 976.2141739949584 }, "geometry": { "type": "MultiPolygon", "coordinates": [ [ [ [ 1262831.308872511144727, 5543229.320480721071362 ], [ 1262812.833189103752375, 5543141.146806130185723 ], [ 1262811.083918832940981, 5543132.640244072303176 ], [ 1262811.083918832940981, 5543229.320480721071362 ], [ 1262831.308872511144727, 5543229.320480721071362 ] ] ] ] } },
{ "type": "Feature", "properties": { "id": 656, "left": 1262811.0839188329, "top": 5543129.3204807211, "right": 1262911.0839188329, "bottom": 5543029.3204807211, "row_index": 9, "col_index": 19, "area": 1375567.409, "perimeter": 5075.87, "codzona": "H", "numquart": 15, "nomezona": "Irnerio", "intersect_area": 10000.0 }, "geometry": { "type": "MultiPolygon", "coordinates": [ [ [ [ 1262911.083918832940981, 5543129.320480721071362 ], [ 1262911.083918832940981, 5543029.320480721071362 ], [ 1262811.083918832940981, 5543029.320480721071362 ], [ 1262811.083918832940981, 5543129.320480721071362 ], [ 1262911.083918832940981, 5543129.320480721071362 ] ] ] ] } },
{ "type": "Feature", "properties": { "id": 657, "left": 1262811.0839188329, "top": 5543029.3204807211, "right": 1262911.0839188329, "bottom": 5542929.3204807211, "row_index": 10, "col_index": 19, "area": 1375567.409, "perimeter": 5075.87, "codzona": "H", "numquart": 15, "nomezona": "Irnerio", "intersect_area": 10000.0 }, "geometry": { "type": "MultiPolygon", "coordinates": [ [ [ [ 1262911.083918832940981, 5543029.320480721071362 ], [ 1262911.083918832940981, 5542929.320480721071362 ], [ 1262811.083918832940981, 5542929.320480721071362 ], [ 1262811.083918832940981, 5543029.320480721071362 ], [ 1262911.083918832940981, 5543029.320480721071362 ] ] ] ] } },
{ "type": "Feature", "properties": { "id": 658, "left": 1262811.0839188329, "top": 5542929.3204807211, "right": 1262911.0839188329, "bottom": 5542829.3204807211, "row_index": 11, "col_index": 19, "area": 1375567.409, "perimeter": 5075.87, "codzona": "H", "numquart": 15, "nomezona": "Irnerio", "intersect_area": 10000.0 }, "geometry": { "type": "MultiPolygon", "coordinates": [ [ [ [ 1262911.083918832940981, 5542929.320480721071362 ], [ 1262911.083918832940981, 5542829.320480721071362 ], [ 1262811.083918832940981, 5542829.320480721071362 ], [ 1262811.083918832940981, 5542929.320480721071362 ], [ 1262911.083918832940981, 5542929.320480721071362 ] ] ] ] } },
{ "type": "Feature", "properties": { "id": 659, "left": 1262811.0839188329, "top": 5542829.3204807211, "right": 1262911.0839188329, "bottom": 5542729.3204807211, "row_index": 12, "col_index": 19, "area": 1375567.409, "perimeter": 5075.87, "codzona": "H", "numquart": 15, "nomezona": "Irnerio", "intersect_area": 10000.0 }, "geometry": { "type": "MultiPolygon", "coordinates": [ [ [ [ 1262911.083918832940981, 5542829.320480721071362 ], [ 1262911.083918832940981, 5542729.320480721071362 ], [ 1262811.083918832940981, 5542729.320480721071362 ], [ 1262811.083918832940981, 5542829.320480721071362 ], [ 1262911.083918832940981, 5542829.320480721071362 ] ] ] ] } },
{ "type": "Feature", "properties": { "id": 660, "left": 1262811.0839188329, "top": 5542729.3204807211, "right": 1262911.0839188329, "bottom": 5542629.3204807211, "row_index": 13, "col_index": 19, "area": 1375567.409, "perimeter": 5075.87, "codzona": "H", "numquart": 15, "nomezona": "Irnerio", "intersect_area": 10000.0 }, "geometry": { "type": "MultiPolygon", "coordinates": [ [ [ [ 1262911.083918832940981, 5542729.320480721071362 ], [ 1262911.083918832940981, 5542629.320480721071362 ], [ 1262811.083918832940981, 5542629.320480721071362 ], [ 1262811.083918832940981, 5542729.320480721071362 ], [ 1262911.083918832940981, 5542729.320480721071362 ] ] ] ] } },
{ "type": "Feature", "properties": { "id": 661, "left": 1262811.0839188329, "top": 5542629.3204807211, "right": 1262911.0839188329, "bottom": 5542529.3204807211, "row_index": 14, "col_index": 19, "area": 1375567.409, "perimeter": 5075.87, "codzona": "H", "numquart": 15, "nomezona": "Irnerio", "intersect_area": 10000.0 }, "geometry": { "type": "MultiPolygon", "coordinates": [ [ [ [ 1262911.083918832940981, 5542629.320480721071362 ], [ 1262911.083918832940981, 5542529.320480721071362 ], [ 1262811.083918832940981, 5542529.320480721071362 ], [ 1262811.083918832940981, 5542629.320480721071362 ], [ 1262911.083918832940981, 5542629.320480721071362 ] ] ] ] } },
{ "type": "Feature", "properties": { "id": 662, "left": 1262811.0839188329, "top": 5542529.3204807211, "right": 1262911.0839188329, "bottom": 5542429.3204807211, "row_index": 15, "col_index": 19, "area": 1375567.409, "perimeter": 5075.87, "codzona": "H", "numquart": 15, "nomezona": "Irnerio", "intersect_area": 10000.0 }, "geometry": { "type": "MultiPolygon", "coordinates": [ [ [ [ 1262911.083918832940981, 5542529.320480721071362 ], [ 1262911.083918832940981, 5542429.320480721071362 ], [ 1262811.083918832940981, 5542429.320480721071362 ], [ 1262811.083918832940981, 5542529.320480721071362 ], [ 1262911.083918832940981, 5542529.320480721071362 ] ] ] ] } },
{ "type": "Feature", "properties": { "id": 663, "left": 1262811.0839188329, "top": 5542429.3204807211, "right": 1262911.0839188329, "bottom": 5542329.3204807211, "row_index": 16, "col_index": 19, "area": 1375567.409, "perimeter": 5075.87, "codzona": "H", "numquart": 15, "nomezona": "Irnerio", "intersect_area": 10000.0 }, "geometry": { "type": "MultiPolygon", "coordinates": [ [ [ [ 1262911.083918832940981, 5542429.320480721071362 ], [ 1262911.083918832940981, 5542329.320480721071362 ], [ 1262811.083918832940981, 5542329.320480721071362 ], [ 1262811.083918832940981, 5542429.320480721071362 ], [ 1262911.083918832940981, 5542429.320480721071362 ] ] ] ] } },
{ "type": "Feature", "properties": { "id": 664, "left": 1262811.0839188329, "top": 5542329.3204807211, "right": 1262911.0839188329, "bottom": 5542229.3204807211, "row_index": 17, "col_index": 19, "area": 1116791.26, "perimeter": 4375.401, "codzona": "G", "numquart": 15, "nomezona": "Galvani", "intersect_area": 6994.7217179536819 }, "geometry": { "type": "MultiPolygon", "coordinates": [ [ [ [ 1262911.083918832940981, 5542229.320480721071362 ], [ 1262811.083918832940981, 5542229.320480721071362 ], [ 1262811.083918832940981, 5542309.993360666558146 ], [ 1262816.432515481719747, 5542308.80628364905715 ], [ 1262883.962261135922745, 5542294.400645188987255 ], [ 1262911.083918832940981, 5542288.506917895749211 ], [ 1262911.083918832940981, 5542229.320480721071362 ] ] ] ] } },
{ "type": "Feature", "properties": { "id": 664, "left": 1262811.0839188329, "top": 5542329.3204807211, "right": 1262911.0839188329, "bottom": 5542229.3204807211, "row_index": 17, "col_index": 19, "area": 1375567.409, "perimeter": 5075.87, "codzona": "H", "numquart": 15, "nomezona": "Irnerio", "intersect_area": 3005.2782820463181 }, "geometry": { "type": "MultiPolygon", "coordinates": [ [ [ [ 1262911.083918832940981, 5542329.320480721071362 ], [ 1262911.083918832940981, 5542288.506917895749211 ], [ 1262883.962261135922745, 5542294.400645188987255 ], [ 1262816.432515481719747, 5542308.80628364905715 ], [ 1262811.083918832940981, 5542309.993360666558146 ], [ 1262811.083918832940981, 5542329.320480721071362 ], [ 1262911.083918832940981, 5542329.320480721071362 ] ] ] ] } },
{ "type": "Feature", "properties": { "id": 665, "left": 1262811.0839188329, "top": 5542229.3204807211, "right": 1262911.0839188329, "bottom": 5542129.3204807211, "row_index": 18, "col_index": 19, "area": 1116791.26, "perimeter": 4375.401, "codzona": "G", "numquart": 15, "nomezona": "Galvani", "intersect_area": 10000.0 }, "geometry": { "type": "MultiPolygon", "coordinates": [ [ [ [ 1262911.083918832940981, 5542229.320480721071362 ], [ 1262911.083918832940981, 5542129.320480721071362 ], [ 1262811.083918832940981, 5542129.320480721071362 ], [ 1262811.083918832940981, 5542229.320480721071362 ], [ 1262911.083918832940981, 5542229.320480721071362 ] ] ] ] } },
{ "type": "Feature", "properties": { "id": 666, "left": 1262811.0839188329, "top": 5542129.3204807211, "right": 1262911.0839188329, "bottom": 5542029.3204807211, "row_index": 19, "col_index": 19, "area": 1116791.26, "perimeter": 4375.401, "codzona": "G", "numquart": 15, "nomezona": "Galvani", "intersect_area": 10000.0 }, "geometry": { "type": "MultiPolygon", "coordinates": [ [ [ [ 1262911.083918832940981, 5542129.320480721071362 ], [ 1262911.083918832940981, 5542029.320480721071362 ], [ 1262811.083918832940981, 5542029.320480721071362 ], [ 1262811.083918832940981, 5542129.320480721071362 ], [ 1262911.083918832940981, 5542129.320480721071362 ] ] ] ] } },
{ "type": "Feature", "properties": { "id": 667, "left": 1262811.0839188329, "top": 5542029.3204807211, "right": 1262911.0839188329, "bottom": 5541929.3204807211, "row_index": 20, "col_index": 19, "area": 1116791.26, "perimeter": 4375.401, "codzona": "G", "numquart": 15, "nomezona": "Galvani", "intersect_area": 10000.0 }, "geometry": { "type": "MultiPolygon", "coordinates": [ [ [ [ 1262911.083918832940981, 5542029.320480721071362 ], [ 1262911.083918832940981, 5541929.320480721071362 ], [ 1262811.083918832940981, 5541929.320480721071362 ], [ 1262811.083918832940981, 5542029.320480721071362 ], [ 1262911.083918832940981, 5542029.320480721071362 ] ] ] ] } },
{ "type": "Feature", "properties": { "id": 668, "left": 1262811.0839188329, "top": 5541929.3204807211, "right": 1262911.0839188329, "bottom": 5541829.3204807211, "row_index": 21, "col_index": 19, "area": 1116791.26, "perimeter": 4375.401, "codzona": "G", "numquart": 15, "nomezona": "Galvani", "intersect_area": 10000.0 }, "geometry": { "type": "MultiPolygon", "coordinates": [ [ [ [ 1262911.083918832940981, 5541929.320480721071362 ], [ 1262911.083918832940981, 5541829.320480721071362 ], [ 1262811.083918832940981, 5541829.320480721071362 ], [ 1262811.083918832940981, 5541929.320480721071362 ], [ 1262911.083918832940981, 5541929.320480721071362 ] ] ] ] } },
{ "type": "Feature", "properties": { "id": 669, "left": 1262811.0839188329, "top": 5541829.3204807211, "right": 1262911.0839188329, "bottom": 5541729.3204807211, "row_index": 22, "col_index": 19, "area": 1116791.26, "perimeter": 4375.401, "codzona": "G", "numquart": 15, "nomezona": "Galvani", "intersect_area": 10000.0 }, "geometry": { "type": "MultiPolygon", "coordinates": [ [ [ [ 1262911.083918832940981, 5541829.320480721071362 ], [ 1262911.083918832940981, 5541729.320480721071362 ], [ 1262811.083918832940981, 5541729.320480721071362 ], [ 1262811.083918832940981, 5541829.320480721071362 ], [ 1262911.083918832940981, 5541829.320480721071362 ] ] ] ] } },
{ "type": "Feature", "properties": { "id": 670, "left": 1262811.0839188329, "top": 5541729.3204807211, "right": 1262911.0839188329, "bottom": 5541629.3204807211, "row_index": 23, "col_index": 19, "area": 1116791.26, "perimeter": 4375.401, "codzona": "G", "numquart": 15, "nomezona": "Galvani", "intersect_area": 10000.0 }, "geometry": { "type": "MultiPolygon", "coordinates": [ [ [ [ 1262911.083918832940981, 5541729.320480721071362 ], [ 1262911.083918832940981, 5541629.320480721071362 ], [ 1262811.083918832940981, 5541629.320480721071362 ], [ 1262811.083918832940981, 5541729.320480721071362 ], [ 1262911.083918832940981, 5541729.320480721071362 ] ] ] ] } },
{ "type": "Feature", "properties": { "id": 671, "left": 1262811.0839188329, "top": 5541629.3204807211, "right": 1262911.0839188329, "bottom": 5541529.3204807211, "row_index": 24, "col_index": 19, "area": 1116791.26, "perimeter": 4375.401, "codzona": "G", "numquart": 15, "nomezona": "Galvani", "intersect_area": 10000.0 }, "geometry": { "type": "MultiPolygon", "coordinates": [ [ [ [ 1262911.083918832940981, 5541629.320480721071362 ], [ 1262911.083918832940981, 5541529.320480721071362 ], [ 1262811.083918832940981, 5541529.320480721071362 ], [ 1262811.083918832940981, 5541629.320480721071362 ], [ 1262911.083918832940981, 5541629.320480721071362 ] ] ] ] } },
{ "type": "Feature", "properties": { "id": 672, "left": 1262811.0839188329, "top": 5541529.3204807211, "right": 1262911.0839188329, "bottom": 5541429.3204807211, "row_index": 25, "col_index": 19, "area": 1116791.26, "perimeter": 4375.401, "codzona": "G", "numquart": 15, "nomezona": "Galvani", "intersect_area": 10000.0 }, "geometry": { "type": "MultiPolygon", "coordinates": [ [ [ [ 1262911.083918832940981, 5541529.320480721071362 ], [ 1262911.083918832940981, 5541429.320480721071362 ], [ 1262811.083918832940981, 5541429.320480721071362 ], [ 1262811.083918832940981, 5541529.320480721071362 ], [ 1262911.083918832940981, 5541529.320480721071362 ] ] ] ] } },
{ "type": "Feature", "properties": { "id": 673, "left": 1262811.0839188329, "top": 5541429.3204807211, "right": 1262911.0839188329, "bottom": 5541329.3204807211, "row_index": 26, "col_index": 19, "area": 1116791.26, "perimeter": 4375.401, "codzona": "G", "numquart": 15, "nomezona": "Galvani", "intersect_area": 10000.0 }, "geometry": { "type": "MultiPolygon", "coordinates": [ [ [ [ 1262911.083918832940981, 5541429.320480721071362 ], [ 1262911.083918832940981, 5541329.320480721071362 ], [ 1262811.083918832940981, 5541329.320480721071362 ], [ 1262811.083918832940981, 5541429.320480721071362 ], [ 1262911.083918832940981, 5541429.320480721071362 ] ] ] ] } },
{ "type": "Feature", "properties": { "id": 674, "left": 1262811.0839188329, "top": 5541329.3204807211, "right": 1262911.0839188329, "bottom": 5541229.3204807211, "row_index": 27, "col_index": 19, "area": 1116791.26, "perimeter": 4375.401, "codzona": "G", "numquart": 15, "nomezona": "Galvani", "intersect_area": 10000.0 }, "geometry": { "type": "MultiPolygon", "coordinates": [ [ [ [ 1262911.083918832940981, 5541329.320480721071362 ], [ 1262911.083918832940981, 5541229.320480721071362 ], [ 1262811.083918832940981, 5541229.320480721071362 ], [ 1262811.083918832940981, 5541329.320480721071362 ], [ 1262911.083918832940981, 5541329.320480721071362 ] ] ] ] } },
{ "type": "Feature", "properties": { "id": 675, "left": 1262811.0839188329, "top": 5541229.3204807211, "right": 1262911.0839188329, "bottom": 5541129.3204807211, "row_index": 28, "col_index": 19, "area": 1116791.26, "perimeter": 4375.401, "codzona": "G", "numquart": 15, "nomezona": "Galvani", "intersect_area": 10000.0 }, "geometry": { "type": "MultiPolygon", "coordinates": [ [ [ [ 1262911.083918832940981, 5541229.320480721071362 ], [ 1262911.083918832940981, 5541129.320480721071362 ], [ 1262811.083918832940981, 5541129.320480721071362 ], [ 1262811.083918832940981, 5541229.320480721071362 ], [ 1262911.083918832940981, 5541229.320480721071362 ] ] ] ] } },
{ "type": "Feature", "properties": { "id": 676, "left": 1262811.0839188329, "top": 5541129.3204807211, "right": 1262911.0839188329, "bottom": 5541029.3204807211, "row_index": 29, "col_index": 19, "area": 1116791.26, "perimeter": 4375.401, "codzona": "G", "numquart": 15, "nomezona": "Galvani", "intersect_area": 10000.0 }, "geometry": { "type": "MultiPolygon", "coordinates": [ [ [ [ 1262911.083918832940981, 5541129.320480721071362 ], [ 1262911.083918832940981, 5541029.320480721071362 ], [ 1262811.083918832940981, 5541029.320480721071362 ], [ 1262811.083918832940981, 5541129.320480721071362 ], [ 1262911.083918832940981, 5541129.320480721071362 ] ] ] ] } },
{ "type": "Feature", "properties": { "id": 677, "left": 1262811.0839188329, "top": 5541029.3204807211, "right": 1262911.0839188329, "bottom": 5540929.3204807211, "row_index": 30, "col_index": 19, "area": 24725141.879000001, "perimeter": 30542.734, "codzona": "D", "numquart": 15, "nomezona": "Colli", "intersect_area": 588.46247088909149 }, "geometry": { "type": "MultiPolygon", "coordinates": [ [ [ [ 1262811.083918832940981, 5540929.320480721071362 ], [ 1262811.083918832940981, 5540943.457641140557826 ], [ 1262855.583743861643597, 5540935.941980752162635 ], [ 1262893.818008409114555, 5540929.320480721071362 ], [ 1262811.083918832940981, 5540929.320480721071362 ] ] ] ] } },
{ "type": "Feature", "properties": { "id": 677, "left": 1262811.0839188329, "top": 5541029.3204807211, "right": 1262911.0839188329, "bottom": 5540929.3204807211, "row_index": 30, "col_index": 19, "area": 1116791.26, "perimeter": 4375.401, "codzona": "G", "numquart": 15, "nomezona": "Galvani", "intersect_area": 9411.5375291109085 }, "geometry": { "type": "MultiPolygon", "coordinates": [ [ [ [ 1262911.083918832940981, 5541029.320480721071362 ], [ 1262911.083918832940981, 5540929.320480721071362 ], [ 1262893.818008409114555, 5540929.320480721071362 ], [ 1262855.583743861643597, 5540935.941980752162635 ], [ 1262811.083918832940981, 5540943.457641140557826 ], [ 1262811.083918832940981, 5541029.320480721071362 ], [ 1262911.083918832940981, 5541029.320480721071362 ] ] ] ] } },
{ "type": "Feature", "properties": { "id": 678, "left": 1262811.0839188329, "top": 5540929.3204807211, "right": 1262911.0839188329, "bottom": 5540829.3204807211, "row_index": 31, "col_index": 19, "area": 24725141.879000001, "perimeter": 30542.734, "codzona": "D", "numquart": 15, "nomezona": "Colli", "intersect_area": 9974.1861598789692 }, "geometry": { "type": "MultiPolygon", "coordinates": [ [ [ [ 1262893.818008409114555, 5540929.320480721071362 ], [ 1262911.083918832940981, 5540926.330329667776823 ], [ 1262911.083918832940981, 5540829.320480721071362 ], [ 1262811.083918832940981, 5540829.320480721071362 ], [ 1262811.083918832940981, 5540929.320480721071362 ], [ 1262893.818008409114555, 5540929.320480721071362 ] ] ] ] } },
{ "type": "Feature", "properties": { "id": 678, "left": 1262811.0839188329, "top": 5540929.3204807211, "right": 1262911.0839188329, "bottom": 5540829.3204807211, "row_index": 31, "col_index": 19, "area": 1116791.26, "perimeter": 4375.401, "codzona": "G", "numquart": 15, "nomezona": "Galvani", "intersect_area": 25.813840121030807 }, "geometry": { "type": "MultiPolygon", "coordinates": [ [ [ [ 1262911.083918832940981, 5540929.320480721071362 ], [ 1262911.083918832940981, 5540926.330329667776823 ], [ 1262893.818008409114555, 5540929.320480721071362 ], [ 1262911.083918832940981, 5540929.320480721071362 ] ] ] ] } },
{ "type": "Feature", "properties": { "id": 679, "left": 1262811.0839188329, "top": 5540829.3204807211, "right": 1262911.0839188329, "bottom": 5540729.3204807211, "row_index": 32, "col_index": 19, "area": 24725141.879000001, "perimeter": 30542.734, "codzona": "D", "numquart": 15, "nomezona": "Colli", "intersect_area": 10000.0 }, "geometry": { "type": "MultiPolygon", "coordinates": [ [ [ [ 1262911.083918832940981, 5540829.320480721071362 ], [ 1262911.083918832940981, 5540729.320480721071362 ], [ 1262811.083918832940981, 5540729.320480721071362 ], [ 1262811.083918832940981, 5540829.320480721071362 ], [ 1262911.083918832940981, 5540829.320480721071362 ] ] ] ] } },
{ "type": "Feature", "properties": { "id": 680, "left": 1262811.0839188329, "top": 5540729.3204807211, "right": 1262911.0839188329, "bottom": 5540629.3204807211, "row_index": 33, "col_index": 19, "area": 24725141.879000001, "perimeter": 30542.734, "codzona": "D", "numquart": 15, "nomezona": "Colli", "intersect_area": 10000.0 }, "geometry": { "type": "MultiPolygon", "coordinates": [ [ [ [ 1262911.083918832940981, 5540729.320480721071362 ], [ 1262911.083918832940981, 5540629.320480721071362 ], [ 1262811.083918832940981, 5540629.320480721071362 ], [ 1262811.083918832940981, 5540729.320480721071362 ], [ 1262911.083918832940981, 5540729.320480721071362 ] ] ] ] } },
{ "type": "Feature", "properties": { "id": 681, "left": 1262911.0839188329, "top": 5544029.3204807211, "right": 1263011.0839188329, "bottom": 5543929.3204807211, "row_index": 0, "col_index": 20, "area": 1375567.409, "perimeter": 5075.87, "codzona": "H", "numquart": 15, "nomezona": "Irnerio", "intersect_area": 2384.4243747144938 }, "geometry": { "type": "MultiPolygon", "coordinates": [ [ [ [ 1263011.083918832940981, 5544029.320480721071362 ], [ 1263011.083918832940981, 5543929.320480721071362 ], [ 1262976.449348271358758, 5543929.320480721071362 ], [ 1262998.030001900391653, 5544029.320480721071362 ], [ 1263011.083918832940981, 5544029.320480721071362 ] ] ] ] } },
{ "type": "Feature", "properties": { "id": 681, "left": 1262911.0839188329, "top": 5544029.3204807211, "right": 1263011.0839188329, "bottom": 5543929.3204807211, "row_index": 0, "col_index": 20, "area": 1058290.413, "perimeter": 4426.128, "codzona": "M", "numquart": 13, "nomezona": "Marconi", "intersect_area": 7615.5756252706051 }, "geometry": { "type": "MultiPolygon", "coordinates": [ [ [ [ 1262998.030001900391653, 5544029.320480721071362 ], [ 1262976.449348271358758, 5543929.320480721071362 ], [ 1262911.083918832940981, 5543929.320480721071362 ], [ 1262911.083918832940981, 5544029.320480721071362 ], [ 1262998.030001900391653, 5544029.320480721071362 ] ] ] ] } },
{ "type": "Feature", "properties": { "id": 682, "left": 1262911.0839188329, "top": 5543929.3204807211, "right": 1263011.0839188329, "bottom": 5543829.3204807211, "row_index": 1, "col_index": 20, "area": 1375567.409, "perimeter": 5075.87, "codzona": "H", "numquart": 15, "nomezona": "Irnerio", "intersect_area": 4568.9579175263643 }, "geometry": { "type": "MultiPolygon", "coordinates": [ [ [ [ 1263011.083918832940981, 5543929.320480721071362 ], [ 1263011.083918832940981, 5543829.320480721071362 ], [ 1262954.683449515840039, 5543829.320480721071362 ], [ 1262965.623939417302608, 5543881.94758374709636 ], [ 1262968.157090658554807, 5543892.184100383892655 ], [ 1262970.372939195251092, 5543901.163738203234971 ], [ 1262976.449348271358758, 5543929.320480721071362 ], [ 1263011.083918832940981, 5543929.320480721071362 ] ] ] ] } },
{ "type": "Feature", "properties": { "id": 682, "left": 1262911.0839188329, "top": 5543929.3204807211, "right": 1263011.0839188329, "bottom": 5543829.3204807211, "row_index": 1, "col_index": 20, "area": 1058290.413, "perimeter": 4426.128, "codzona": "M", "numquart": 13, "nomezona": "Marconi", "intersect_area": 5431.0420824587345 }, "geometry": { "type": "MultiPolygon", "coordinates": [ [ [ [ 1262976.449348271358758, 5543929.320480721071362 ], [ 1262970.372939195251092, 5543901.163738203234971 ], [ 1262968.157090658554807, 5543892.184100383892655 ], [ 1262965.623939417302608, 5543881.94758374709636 ], [ 1262954.683449515840039, 5543829.320480721071362 ], [ 1262911.083918832940981, 5543829.320480721071362 ], [ 1262911.083918832940981, 5543929.320480721071362 ], [ 1262976.449348271358758, 5543929.320480721071362 ] ] ] ] } },
{ "type": "Feature", "properties": { "id": 683, "left": 1262911.0839188329, "top": 5543829.3204807211, "right": 1263011.0839188329, "bottom": 5543729.3204807211, "row_index": 2, "col_index": 20, "area": 1375567.409, "perimeter": 5075.87, "codzona": "H", "numquart": 15, "nomezona": "Irnerio", "intersect_area": 6628.180226624012 }, "geometry": { "type": "MultiPolygon", "coordinates": [ [ [ [ 1263011.083918832940981, 5543829.320480721071362 ], [ 1263011.083918832940981, 5543729.320480721071362 ], [ 1262935.246228549163789, 5543729.320480721071362 ], [ 1262935.671514375600964, 5543731.408028032630682 ], [ 1262938.446993592428043, 5543745.81834246404469 ], [ 1262941.7476243712008, 5543763.287252397276461 ], [ 1262944.928171210223809, 5543779.617989279329777 ], [ 1262946.389285261044279, 5543789.423013543710113 ], [ 1262954.683449515840039, 5543829.320480721071362 ], [ 1263011.083918832940981, 5543829.320480721071362 ] ] ] ] } },
{ "type": "Feature", "properties": { "id": 683, "left": 1262911.0839188329, "top": 5543829.3204807211, "right": 1263011.0839188329, "bottom": 5543729.3204807211, "row_index": 2, "col_index": 20, "area": 1058290.413, "perimeter": 4426.128, "codzona": "M", "numquart": 13, "nomezona": "Marconi", "intersect_area": 3371.8197733908892 }, "geometry": { "type": "MultiPolygon", "coordinates": [ [ [ [ 1262954.683449515840039, 5543829.320480721071362 ], [ 1262946.389285261044279, 5543789.423013543710113 ], [ 1262944.928171210223809, 5543779.617989279329777 ], [ 1262941.7476243712008, 5543763.287252397276461 ], [ 1262938.446993592428043, 5543745.81834246404469 ], [ 1262935.671514375600964, 5543731.408028032630682 ], [ 1262935.246228549163789, 5543729.320480721071362 ], [ 1262911.083918832940981, 5543729.320480721071362 ], [ 1262911.083918832940981, 5543829.320480721071362 ], [ 1262954.683449515840039, 5543829.320480721071362 ] ] ] ] } },
{ "type": "Feature", "properties": { "id": 684, "left": 1262911.0839188329, "top": 5543729.3204807211, "right": 1263011.0839188329, "bottom": 5543629.3204807211, "row_index": 3, "col_index": 20, "area": 1375567.409, "perimeter": 5075.87, "codzona": "H", "numquart": 15, "nomezona": "Irnerio", "intersect_area": 8590.3349486887455 }, "geometry": { "type": "MultiPolygon", "coordinates": [ [ [ [ 1263011.083918832940981, 5543729.320480721071362 ], [ 1263011.083918832940981, 5543629.320480721071362 ], [ 1262915.380341453012079, 5543629.320480721071362 ], [ 1262924.572646148269996, 5543676.92840257845819 ], [ 1262935.246228549163789, 5543729.320480721071362 ], [ 1263011.083918832940981, 5543729.320480721071362 ] ] ] ] } },
{ "type": "Feature", "properties": { "id": 684, "left": 1262911.0839188329, "top": 5543729.3204807211, "right": 1263011.0839188329, "bottom": 5543629.3204807211, "row_index": 3, "col_index": 20, "area": 1058290.413, "perimeter": 4426.128, "codzona": "M", "numquart": 13, "nomezona": "Marconi", "intersect_area": 1409.6650513261557 }, "geometry": { "type": "MultiPolygon", "coordinates": [ [ [ [ 1262935.246228549163789, 5543729.320480721071362 ], [ 1262924.572646148269996, 5543676.92840257845819 ], [ 1262915.380341453012079, 5543629.320480721071362 ], [ 1262911.083918832940981, 5543629.320480721071362 ], [ 1262911.083918832940981, 5543729.320480721071362 ], [ 1262935.246228549163789, 5543729.320480721071362 ] ] ] ] } },
{ "type": "Feature", "properties": { "id": 685, "left": 1262911.0839188329, "top": 5543629.3204807211, "right": 1263011.0839188329, "bottom": 5543529.3204807211, "row_index": 4, "col_index": 20, "area": 1375567.409, "perimeter": 5075.87, "codzona": "H", "numquart": 15, "nomezona": "Irnerio", "intersect_area": 9952.1987992525101 }, "geometry": { "type": "MultiPolygon", "coordinates": [ [ [ [ 1263011.083918832940981, 5543629.320480721071362 ], [ 1263011.083918832940981, 5543529.320480721071362 ], [ 1262911.083918832940981, 5543529.320480721071362 ], [ 1262911.083918832940981, 5543607.068851869553328 ], [ 1262915.380341453012079, 5543629.320480721071362 ], [ 1263011.083918832940981, 5543629.320480721071362 ] ] ] ] } },
{ "type": "Feature", "properties": { "id": 685, "left": 1262911.0839188329, "top": 5543629.3204807211, "right": 1263011.0839188329, "bottom": 5543529.3204807211, "row_index": 4, "col_index": 20, "area": 1058290.413, "perimeter": 4426.128, "codzona": "M", "numquart": 13, "nomezona": "Marconi", "intersect_area": 47.801200766116381 }, "geometry": { "type": "MultiPolygon", "coordinates": [ [ [ [ 1262915.380341453012079, 5543629.320480721071362 ], [ 1262911.083918832940981, 5543607.068851869553328 ], [ 1262911.083918832940981, 5543629.320480721071362 ], [ 1262915.380341453012079, 5543629.320480721071362 ] ] ] ] } },
{ "type": "Feature", "properties": { "id": 686, "left": 1262911.0839188329, "top": 5543529.3204807211, "right": 1263011.0839188329, "bottom": 5543429.3204807211, "row_index": 5, "col_index": 20, "area": 1375567.409, "perimeter": 5075.87, "codzona": "H", "numquart": 15, "nomezona": "Irnerio", "intersect_area": 10000.0 }, "geometry": { "type": "MultiPolygon", "coordinates": [ [ [ [ 1263011.083918832940981, 5543529.320480721071362 ], [ 1263011.083918832940981, 5543429.320480721071362 ], [ 1262911.083918832940981, 5543429.320480721071362 ], [ 1262911.083918832940981, 5543529.320480721071362 ], [ 1263011.083918832940981, 5543529.320480721071362 ] ] ] ] } },
{ "type": "Feature", "properties": { "id": 687, "left": 1262911.0839188329, "top": 5543429.3204807211, "right": 1263011.0839188329, "bottom": 5543329.3204807211, "row_index": 6, "col_index": 20, "area": 1375567.409, "perimeter": 5075.87, "codzona": "H", "numquart": 15, "nomezona": "Irnerio", "intersect_area": 10000.0 }, "geometry": { "type": "MultiPolygon", "coordinates": [ [ [ [ 1263011.083918832940981, 5543429.320480721071362 ], [ 1263011.083918832940981, 5543329.320480721071362 ], [ 1262911.083918832940981, 5543329.320480721071362 ], [ 1262911.083918832940981, 5543429.320480721071362 ], [ 1263011.083918832940981, 5543429.320480721071362 ] ] ] ] } },
{ "type": "Feature", "properties": { "id": 688, "left": 1262911.0839188329, "top": 5543329.3204807211, "right": 1263011.0839188329, "bottom": 5543229.3204807211, "row_index": 7, "col_index": 20, "area": 1375567.409, "perimeter": 5075.87, "codzona": "H", "numquart": 15, "nomezona": "Irnerio", "intersect_area": 10000.0 }, "geometry": { "type": "MultiPolygon", "coordinates": [ [ [ [ 1263011.083918832940981, 5543329.320480721071362 ], [ 1263011.083918832940981, 5543229.320480721071362 ], [ 1262911.083918832940981, 5543229.320480721071362 ], [ 1262911.083918832940981, 5543329.320480721071362 ], [ 1263011.083918832940981, 5543329.320480721071362 ] ] ] ] } },
{ "type": "Feature", "properties": { "id": 689, "left": 1262911.0839188329, "top": 5543229.3204807211, "right": 1263011.0839188329, "bottom": 5543129.3204807211, "row_index": 8, "col_index": 20, "area": 1375567.409, "perimeter": 5075.87, "codzona": "H", "numquart": 15, "nomezona": "Irnerio", "intersect_area": 10000.0 }, "geometry": { "type": "MultiPolygon", "coordinates": [ [ [ [ 1263011.083918832940981, 5543229.320480721071362 ], [ 1263011.083918832940981, 5543129.320480721071362 ], [ 1262911.083918832940981, 5543129.320480721071362 ], [ 1262911.083918832940981, 5543229.320480721071362 ], [ 1263011.083918832940981, 5543229.320480721071362 ] ] ] ] } },
{ "type": "Feature", "properties": { "id": 690, "left": 1262911.0839188329, "top": 5543129.3204807211, "right": 1263011.0839188329, "bottom": 5543029.3204807211, "row_index": 9, "col_index": 20, "area": 1375567.409, "perimeter": 5075.87, "codzona": "H", "numquart": 15, "nomezona": "Irnerio", "intersect_area": 10000.0 }, "geometry": { "type": "MultiPolygon", "coordinates": [ [ [ [ 1263011.083918832940981, 5543129.320480721071362 ], [ 1263011.083918832940981, 5543029.320480721071362 ], [ 1262911.083918832940981, 5543029.320480721071362 ], [ 1262911.083918832940981, 5543129.320480721071362 ], [ 1263011.083918832940981, 5543129.320480721071362 ] ] ] ] } },
{ "type": "Feature", "properties": { "id": 691, "left": 1262911.0839188329, "top": 5543029.3204807211, "right": 1263011.0839188329, "bottom": 5542929.3204807211, "row_index": 10, "col_index": 20, "area": 1375567.409, "perimeter": 5075.87, "codzona": "H", "numquart": 15, "nomezona": "Irnerio", "intersect_area": 10000.0 }, "geometry": { "type": "MultiPolygon", "coordinates": [ [ [ [ 1263011.083918832940981, 5543029.320480721071362 ], [ 1263011.083918832940981, 5542929.320480721071362 ], [ 1262911.083918832940981, 5542929.320480721071362 ], [ 1262911.083918832940981, 5543029.320480721071362 ], [ 1263011.083918832940981, 5543029.320480721071362 ] ] ] ] } },
{ "type": "Feature", "properties": { "id": 692, "left": 1262911.0839188329, "top": 5542929.3204807211, "right": 1263011.0839188329, "bottom": 5542829.3204807211, "row_index": 11, "col_index": 20, "area": 1375567.409, "perimeter": 5075.87, "codzona": "H", "numquart": 15, "nomezona": "Irnerio", "intersect_area": 10000.0 }, "geometry": { "type": "MultiPolygon", "coordinates": [ [ [ [ 1263011.083918832940981, 5542929.320480721071362 ], [ 1263011.083918832940981, 5542829.320480721071362 ], [ 1262911.083918832940981, 5542829.320480721071362 ], [ 1262911.083918832940981, 5542929.320480721071362 ], [ 1263011.083918832940981, 5542929.320480721071362 ] ] ] ] } },
{ "type": "Feature", "properties": { "id": 693, "left": 1262911.0839188329, "top": 5542829.3204807211, "right": 1263011.0839188329, "bottom": 5542729.3204807211, "row_index": 12, "col_index": 20, "area": 1375567.409, "perimeter": 5075.87, "codzona": "H", "numquart": 15, "nomezona": "Irnerio", "intersect_area": 10000.0 }, "geometry": { "type": "MultiPolygon", "coordinates": [ [ [ [ 1263011.083918832940981, 5542829.320480721071362 ], [ 1263011.083918832940981, 5542729.320480721071362 ], [ 1262911.083918832940981, 5542729.320480721071362 ], [ 1262911.083918832940981, 5542829.320480721071362 ], [ 1263011.083918832940981, 5542829.320480721071362 ] ] ] ] } },
{ "type": "Feature", "properties": { "id": 694, "left": 1262911.0839188329, "top": 5542729.3204807211, "right": 1263011.0839188329, "bottom": 5542629.3204807211, "row_index": 13, "col_index": 20, "area": 1375567.409, "perimeter": 5075.87, "codzona": "H", "numquart": 15, "nomezona": "Irnerio", "intersect_area": 10000.0 }, "geometry": { "type": "MultiPolygon", "coordinates": [ [ [ [ 1263011.083918832940981, 5542729.320480721071362 ], [ 1263011.083918832940981, 5542629.320480721071362 ], [ 1262911.083918832940981, 5542629.320480721071362 ], [ 1262911.083918832940981, 5542729.320480721071362 ], [ 1263011.083918832940981, 5542729.320480721071362 ] ] ] ] } },
{ "type": "Feature", "properties": { "id": 695, "left": 1262911.0839188329, "top": 5542629.3204807211, "right": 1263011.0839188329, "bottom": 5542529.3204807211, "row_index": 14, "col_index": 20, "area": 1375567.409, "perimeter": 5075.87, "codzona": "H", "numquart": 15, "nomezona": "Irnerio", "intersect_area": 10000.0 }, "geometry": { "type": "MultiPolygon", "coordinates": [ [ [ [ 1263011.083918832940981, 5542629.320480721071362 ], [ 1263011.083918832940981, 5542529.320480721071362 ], [ 1262911.083918832940981, 5542529.320480721071362 ], [ 1262911.083918832940981, 5542629.320480721071362 ], [ 1263011.083918832940981, 5542629.320480721071362 ] ] ] ] } },
{ "type": "Feature", "properties": { "id": 696, "left": 1262911.0839188329, "top": 5542529.3204807211, "right": 1263011.0839188329, "bottom": 5542429.3204807211, "row_index": 15, "col_index": 20, "area": 1375567.409, "perimeter": 5075.87, "codzona": "H", "numquart": 15, "nomezona": "Irnerio", "intersect_area": 10000.0 }, "geometry": { "type": "MultiPolygon", "coordinates": [ [ [ [ 1263011.083918832940981, 5542529.320480721071362 ], [ 1263011.083918832940981, 5542429.320480721071362 ], [ 1262911.083918832940981, 5542429.320480721071362 ], [ 1262911.083918832940981, 5542529.320480721071362 ], [ 1263011.083918832940981, 5542529.320480721071362 ] ] ] ] } },
{ "type": "Feature", "properties": { "id": 697, "left": 1262911.0839188329, "top": 5542429.3204807211, "right": 1263011.0839188329, "bottom": 5542329.3204807211, "row_index": 16, "col_index": 20, "area": 1375567.409, "perimeter": 5075.87, "codzona": "H", "numquart": 15, "nomezona": "Irnerio", "intersect_area": 10000.0 }, "geometry": { "type": "MultiPolygon", "coordinates": [ [ [ [ 1263011.083918832940981, 5542429.320480721071362 ], [ 1263011.083918832940981, 5542329.320480721071362 ], [ 1262911.083918832940981, 5542329.320480721071362 ], [ 1262911.083918832940981, 5542429.320480721071362 ], [ 1263011.083918832940981, 5542429.320480721071362 ] ] ] ] } },
{ "type": "Feature", "properties": { "id": 698, "left": 1262911.0839188329, "top": 5542329.3204807211, "right": 1263011.0839188329, "bottom": 5542229.3204807211, "row_index": 17, "col_index": 20, "area": 1116791.26, "perimeter": 4375.401, "codzona": "G", "numquart": 15, "nomezona": "Galvani", "intersect_area": 4811.8636786043644 }, "geometry": { "type": "MultiPolygon", "coordinates": [ [ [ [ 1263011.083918832940981, 5542229.320480721071362 ], [ 1262911.083918832940981, 5542229.320480721071362 ], [ 1262911.083918832940981, 5542288.506917895749211 ], [ 1262964.926828732714057, 5542276.806474245153368 ], [ 1263011.083918832940981, 5542265.898999796248972 ], [ 1263011.083918832940981, 5542229.320480721071362 ] ] ] ] } },
{ "type": "Feature", "properties": { "id": 698, "left": 1262911.0839188329, "top": 5542329.3204807211, "right": 1263011.0839188329, "bottom": 5542229.3204807211, "row_index": 17, "col_index": 20, "area": 1375567.409, "perimeter": 5075.87, "codzona": "H", "numquart": 15, "nomezona": "Irnerio", "intersect_area": 5188.1363213658333 }, "geometry": { "type": "MultiPolygon", "coordinates": [ [ [ [ 1263011.083918832940981, 5542329.320480721071362 ], [ 1263011.083918832940981, 5542265.898999796248972 ], [ 1262964.926828732714057, 5542276.806474245153368 ], [ 1262911.083918832940981, 5542288.506917895749211 ], [ 1262911.083918832940981, 5542329.320480721071362 ], [ 1263011.083918832940981, 5542329.320480721071362 ] ] ] ] } },
{ "type": "Feature", "properties": { "id": 699, "left": 1262911.0839188329, "top": 5542229.3204807211, "right": 1263011.0839188329, "bottom": 5542129.3204807211, "row_index": 18, "col_index": 20, "area": 1116791.26, "perimeter": 4375.401, "codzona": "G", "numquart": 15, "nomezona": "Galvani", "intersect_area": 10000.0 }, "geometry": { "type": "MultiPolygon", "coordinates": [ [ [ [ 1263011.083918832940981, 5542229.320480721071362 ], [ 1263011.083918832940981, 5542129.320480721071362 ], [ 1262911.083918832940981, 5542129.320480721071362 ], [ 1262911.083918832940981, 5542229.320480721071362 ], [ 1263011.083918832940981, 5542229.320480721071362 ] ] ] ] } },
{ "type": "Feature", "properties": { "id": 700, "left": 1262911.0839188329, "top": 5542129.3204807211, "right": 1263011.0839188329, "bottom": 5542029.3204807211, "row_index": 19, "col_index": 20, "area": 1116791.26, "perimeter": 4375.401, "codzona": "G", "numquart": 15, "nomezona": "Galvani", "intersect_area": 10000.0 }, "geometry": { "type": "MultiPolygon", "coordinates": [ [ [ [ 1263011.083918832940981, 5542129.320480721071362 ], [ 1263011.083918832940981, 5542029.320480721071362 ], [ 1262911.083918832940981, 5542029.320480721071362 ], [ 1262911.083918832940981, 5542129.320480721071362 ], [ 1263011.083918832940981, 5542129.320480721071362 ] ] ] ] } },
{ "type": "Feature", "properties": { "id": 701, "left": 1262911.0839188329, "top": 5542029.3204807211, "right": 1263011.0839188329, "bottom": 5541929.3204807211, "row_index": 20, "col_index": 20, "area": 1116791.26, "perimeter": 4375.401, "codzona": "G", "numquart": 15, "nomezona": "Galvani", "intersect_area": 10000.0 }, "geometry": { "type": "MultiPolygon", "coordinates": [ [ [ [ 1263011.083918832940981, 5542029.320480721071362 ], [ 1263011.083918832940981, 5541929.320480721071362 ], [ 1262911.083918832940981, 5541929.320480721071362 ], [ 1262911.083918832940981, 5542029.320480721071362 ], [ 1263011.083918832940981, 5542029.320480721071362 ] ] ] ] } },
{ "type": "Feature", "properties": { "id": 702, "left": 1262911.0839188329, "top": 5541929.3204807211, "right": 1263011.0839188329, "bottom": 5541829.3204807211, "row_index": 21, "col_index": 20, "area": 1116791.26, "perimeter": 4375.401, "codzona": "G", "numquart": 15, "nomezona": "Galvani", "intersect_area": 10000.0 }, "geometry": { "type": "MultiPolygon", "coordinates": [ [ [ [ 1263011.083918832940981, 5541929.320480721071362 ], [ 1263011.083918832940981, 5541829.320480721071362 ], [ 1262911.083918832940981, 5541829.320480721071362 ], [ 1262911.083918832940981, 5541929.320480721071362 ], [ 1263011.083918832940981, 5541929.320480721071362 ] ] ] ] } },
{ "type": "Feature", "properties": { "id": 703, "left": 1262911.0839188329, "top": 5541829.3204807211, "right": 1263011.0839188329, "bottom": 5541729.3204807211, "row_index": 22, "col_index": 20, "area": 1116791.26, "perimeter": 4375.401, "codzona": "G", "numquart": 15, "nomezona": "Galvani", "intersect_area": 10000.0 }, "geometry": { "type": "MultiPolygon", "coordinates": [ [ [ [ 1263011.083918832940981, 5541829.320480721071362 ], [ 1263011.083918832940981, 5541729.320480721071362 ], [ 1262911.083918832940981, 5541729.320480721071362 ], [ 1262911.083918832940981, 5541829.320480721071362 ], [ 1263011.083918832940981, 5541829.320480721071362 ] ] ] ] } },
{ "type": "Feature", "properties": { "id": 704, "left": 1262911.0839188329, "top": 5541729.3204807211, "right": 1263011.0839188329, "bottom": 5541629.3204807211, "row_index": 23, "col_index": 20, "area": 1116791.26, "perimeter": 4375.401, "codzona": "G", "numquart": 15, "nomezona": "Galvani", "intersect_area": 10000.0 }, "geometry": { "type": "MultiPolygon", "coordinates": [ [ [ [ 1263011.083918832940981, 5541729.320480721071362 ], [ 1263011.083918832940981, 5541629.320480721071362 ], [ 1262911.083918832940981, 5541629.320480721071362 ], [ 1262911.083918832940981, 5541729.320480721071362 ], [ 1263011.083918832940981, 5541729.320480721071362 ] ] ] ] } },
{ "type": "Feature", "properties": { "id": 705, "left": 1262911.0839188329, "top": 5541629.3204807211, "right": 1263011.0839188329, "bottom": 5541529.3204807211, "row_index": 24, "col_index": 20, "area": 1116791.26, "perimeter": 4375.401, "codzona": "G", "numquart": 15, "nomezona": "Galvani", "intersect_area": 10000.0 }, "geometry": { "type": "MultiPolygon", "coordinates": [ [ [ [ 1263011.083918832940981, 5541629.320480721071362 ], [ 1263011.083918832940981, 5541529.320480721071362 ], [ 1262911.083918832940981, 5541529.320480721071362 ], [ 1262911.083918832940981, 5541629.320480721071362 ], [ 1263011.083918832940981, 5541629.320480721071362 ] ] ] ] } },
{ "type": "Feature", "properties": { "id": 706, "left": 1262911.0839188329, "top": 5541529.3204807211, "right": 1263011.0839188329, "bottom": 5541429.3204807211, "row_index": 25, "col_index": 20, "area": 1116791.26, "perimeter": 4375.401, "codzona": "G", "numquart": 15, "nomezona": "Galvani", "intersect_area": 10000.0 }, "geometry": { "type": "MultiPolygon", "coordinates": [ [ [ [ 1263011.083918832940981, 5541529.320480721071362 ], [ 1263011.083918832940981, 5541429.320480721071362 ], [ 1262911.083918832940981, 5541429.320480721071362 ], [ 1262911.083918832940981, 5541529.320480721071362 ], [ 1263011.083918832940981, 5541529.320480721071362 ] ] ] ] } },
{ "type": "Feature", "properties": { "id": 707, "left": 1262911.0839188329, "top": 5541429.3204807211, "right": 1263011.0839188329, "bottom": 5541329.3204807211, "row_index": 26, "col_index": 20, "area": 1116791.26, "perimeter": 4375.401, "codzona": "G", "numquart": 15, "nomezona": "Galvani", "intersect_area": 10000.0 }, "geometry": { "type": "MultiPolygon", "coordinates": [ [ [ [ 1263011.083918832940981, 5541429.320480721071362 ], [ 1263011.083918832940981, 5541329.320480721071362 ], [ 1262911.083918832940981, 5541329.320480721071362 ], [ 1262911.083918832940981, 5541429.320480721071362 ], [ 1263011.083918832940981, 5541429.320480721071362 ] ] ] ] } },
{ "type": "Feature", "properties": { "id": 708, "left": 1262911.0839188329, "top": 5541329.3204807211, "right": 1263011.0839188329, "bottom": 5541229.3204807211, "row_index": 27, "col_index": 20, "area": 1116791.26, "perimeter": 4375.401, "codzona": "G", "numquart": 15, "nomezona": "Galvani", "intersect_area": 10000.0 }, "geometry": { "type": "MultiPolygon", "coordinates": [ [ [ [ 1263011.083918832940981, 5541329.320480721071362 ], [ 1263011.083918832940981, 5541229.320480721071362 ], [ 1262911.083918832940981, 5541229.320480721071362 ], [ 1262911.083918832940981, 5541329.320480721071362 ], [ 1263011.083918832940981, 5541329.320480721071362 ] ] ] ] } },
{ "type": "Feature", "properties": { "id": 709, "left": 1262911.0839188329, "top": 5541229.3204807211, "right": 1263011.0839188329, "bottom": 5541129.3204807211, "row_index": 28, "col_index": 20, "area": 1116791.26, "perimeter": 4375.401, "codzona": "G", "numquart": 15, "nomezona": "Galvani", "intersect_area": 10000.0 }, "geometry": { "type": "MultiPolygon", "coordinates": [ [ [ [ 1263011.083918832940981, 5541229.320480721071362 ], [ 1263011.083918832940981, 5541129.320480721071362 ], [ 1262911.083918832940981, 5541129.320480721071362 ], [ 1262911.083918832940981, 5541229.320480721071362 ], [ 1263011.083918832940981, 5541229.320480721071362 ] ] ] ] } },
{ "type": "Feature", "properties": { "id": 710, "left": 1262911.0839188329, "top": 5541129.3204807211, "right": 1263011.0839188329, "bottom": 5541029.3204807211, "row_index": 29, "col_index": 20, "area": 1116791.26, "perimeter": 4375.401, "codzona": "G", "numquart": 15, "nomezona": "Galvani", "intersect_area": 10000.0 }, "geometry": { "type": "MultiPolygon", "coordinates": [ [ [ [ 1263011.083918832940981, 5541129.320480721071362 ], [ 1263011.083918832940981, 5541029.320480721071362 ], [ 1262911.083918832940981, 5541029.320480721071362 ], [ 1262911.083918832940981, 5541129.320480721071362 ], [ 1263011.083918832940981, 5541129.320480721071362 ] ] ] ] } },
{ "type": "Feature", "properties": { "id": 711, "left": 1262911.0839188329, "top": 5541029.3204807211, "right": 1263011.0839188329, "bottom": 5540929.3204807211, "row_index": 30, "col_index": 20, "area": 1116791.26, "perimeter": 4375.401, "codzona": "G", "numquart": 15, "nomezona": "Galvani", "intersect_area": 10000.0 }, "geometry": { "type": "MultiPolygon", "coordinates": [ [ [ [ 1263011.083918832940981, 5541029.320480721071362 ], [ 1263011.083918832940981, 5540929.320480721071362 ], [ 1262911.083918832940981, 5540929.320480721071362 ], [ 1262911.083918832940981, 5541029.320480721071362 ], [ 1263011.083918832940981, 5541029.320480721071362 ] ] ] ] } },
{ "type": "Feature", "properties": { "id": 712, "left": 1262911.0839188329, "top": 5540929.3204807211, "right": 1263011.0839188329, "bottom": 5540829.3204807211, "row_index": 31, "col_index": 20, "area": 24725141.879000001, "perimeter": 30542.734, "codzona": "D", "numquart": 15, "nomezona": "Colli", "intersect_area": 8835.0731124728918 }, "geometry": { "type": "MultiPolygon", "coordinates": [ [ [ [ 1263011.083918832940981, 5540829.320480721071362 ], [ 1262911.083918832940981, 5540829.320480721071362 ], [ 1262911.083918832940981, 5540926.330329667776823 ], [ 1263011.083918832940981, 5540909.012094023637474 ], [ 1263011.083918832940981, 5540829.320480721071362 ] ] ] ] } },
{ "type": "Feature", "properties": { "id": 712, "left": 1262911.0839188329, "top": 5540929.3204807211, "right": 1263011.0839188329, "bottom": 5540829.3204807211, "row_index": 31, "col_index": 20, "area": 1116791.26, "perimeter": 4375.401, "codzona": "G", "numquart": 15, "nomezona": "Galvani", "intersect_area": 1164.9268875718117 }, "geometry": { "type": "MultiPolygon", "coordinates": [ [ [ [ 1263011.083918832940981, 5540929.320480721071362 ], [ 1263011.083918832940981, 5540909.012094023637474 ], [ 1262911.083918832940981, 5540926.330329667776823 ], [ 1262911.083918832940981, 5540929.320480721071362 ], [ 1263011.083918832940981, 5540929.320480721071362 ] ] ] ] } },
{ "type": "Feature", "properties": { "id": 713, "left": 1262911.0839188329, "top": 5540829.3204807211, "right": 1263011.0839188329, "bottom": 5540729.3204807211, "row_index": 32, "col_index": 20, "area": 24725141.879000001, "perimeter": 30542.734, "codzona": "D", "numquart": 15, "nomezona": "Colli", "intersect_area": 10000.0 }, "geometry": { "type": "MultiPolygon", "coordinates": [ [ [ [ 1263011.083918832940981, 5540829.320480721071362 ], [ 1263011.083918832940981, 5540729.320480721071362 ], [ 1262911.083918832940981, 5540729.320480721071362 ], [ 1262911.083918832940981, 5540829.320480721071362 ], [ 1263011.083918832940981, 5540829.320480721071362 ] ] ] ] } },
{ "type": "Feature", "properties": { "id": 714, "left": 1262911.0839188329, "top": 5540729.3204807211, "right": 1263011.0839188329, "bottom": 5540629.3204807211, "row_index": 33, "col_index": 20, "area": 24725141.879000001, "perimeter": 30542.734, "codzona": "D", "numquart": 15, "nomezona": "Colli", "intersect_area": 10000.0 }, "geometry": { "type": "MultiPolygon", "coordinates": [ [ [ [ 1263011.083918832940981, 5540729.320480721071362 ], [ 1263011.083918832940981, 5540629.320480721071362 ], [ 1262911.083918832940981, 5540629.320480721071362 ], [ 1262911.083918832940981, 5540729.320480721071362 ], [ 1263011.083918832940981, 5540729.320480721071362 ] ] ] ] } },
{ "type": "Feature", "properties": { "id": 715, "left": 1263011.0839188329, "top": 5544029.3204807211, "right": 1263111.0839188329, "bottom": 5543929.3204807211, "row_index": 0, "col_index": 21, "area": 1375567.409, "perimeter": 5075.87, "codzona": "H", "numquart": 15, "nomezona": "Irnerio", "intersect_area": 9943.7429298460484 }, "geometry": { "type": "MultiPolygon", "coordinates": [ [ [ [ 1263088.928067835047841, 5544029.320480721071362 ], [ 1263099.744539087405428, 5544026.888231614604592 ], [ 1263111.083918832940981, 5544024.150392687879503 ], [ 1263111.083918832940981, 5543929.320480721071362 ], [ 1263011.083918832940981, 5543929.320480721071362 ], [ 1263011.083918832940981, 5544029.320480721071362 ], [ 1263088.928067835047841, 5544029.320480721071362 ] ] ] ] } },
{ "type": "Feature", "properties": { "id": 715, "left": 1263011.0839188329, "top": 5544029.3204807211, "right": 1263111.0839188329, "bottom": 5543929.3204807211, "row_index": 0, "col_index": 21, "area": 4943556.714, "perimeter": 8849.296, "codzona": "B", "numquart": 12, "nomezona": "Bolognina", "intersect_area": 56.257070161402225 }, "geometry": { "type": "MultiPolygon", "coordinates": [ [ [ [ 1263111.083918832940981, 5544029.320480721071362 ], [ 1263111.083918832940981, 5544024.150392687879503 ], [ 1263099.744539087405428, 5544026.888231614604592 ], [ 1263088.928067835047841, 5544029.320480721071362 ], [ 1263111.083918832940981, 5544029.320480721071362 ] ] ] ] } },
{ "type": "Feature", "properties": { "id": 716, "left": 1263011.0839188329, "top": 5543929.3204807211, "right": 1263111.0839188329, "bottom": 5543829.3204807211, "row_index": 1, "col_index": 21, "area": 1375567.409, "perimeter": 5075.87, "codzona": "H", "numquart": 15, "nomezona": "Irnerio", "intersect_area": 10000.0 }, "geometry": { "type": "MultiPolygon", "coordinates": [ [ [ [ 1263111.083918832940981, 5543929.320480721071362 ], [ 1263111.083918832940981, 5543829.320480721071362 ], [ 1263011.083918832940981, 5543829.320480721071362 ], [ 1263011.083918832940981, 5543929.320480721071362 ], [ 1263111.083918832940981, 5543929.320480721071362 ] ] ] ] } },
{ "type": "Feature", "properties": { "id": 717, "left": 1263011.0839188329, "top": 5543829.3204807211, "right": 1263111.0839188329, "bottom": 5543729.3204807211, "row_index": 2, "col_index": 21, "area": 1375567.409, "perimeter": 5075.87, "codzona": "H", "numquart": 15, "nomezona": "Irnerio", "intersect_area": 10000.0 }, "geometry": { "type": "MultiPolygon", "coordinates": [ [ [ [ 1263111.083918832940981, 5543829.320480721071362 ], [ 1263111.083918832940981, 5543729.320480721071362 ], [ 1263011.083918832940981, 5543729.320480721071362 ], [ 1263011.083918832940981, 5543829.320480721071362 ], [ 1263111.083918832940981, 5543829.320480721071362 ] ] ] ] } },
{ "type": "Feature", "properties": { "id": 718, "left": 1263011.0839188329, "top": 5543729.3204807211, "right": 1263111.0839188329, "bottom": 5543629.3204807211, "row_index": 3, "col_index": 21, "area": 1375567.409, "perimeter": 5075.87, "codzona": "H", "numquart": 15, "nomezona": "Irnerio", "intersect_area": 10000.0 }, "geometry": { "type": "MultiPolygon", "coordinates": [ [ [ [ 1263111.083918832940981, 5543729.320480721071362 ], [ 1263111.083918832940981, 5543629.320480721071362 ], [ 1263011.083918832940981, 5543629.320480721071362 ], [ 1263011.083918832940981, 5543729.320480721071362 ], [ 1263111.083918832940981, 5543729.320480721071362 ] ] ] ] } },
{ "type": "Feature", "properties": { "id": 719, "left": 1263011.0839188329, "top": 5543629.3204807211, "right": 1263111.0839188329, "bottom": 5543529.3204807211, "row_index": 4, "col_index": 21, "area": 1375567.409, "perimeter": 5075.87, "codzona": "H", "numquart": 15, "nomezona": "Irnerio", "intersect_area": 10000.0 }, "geometry": { "type": "MultiPolygon", "coordinates": [ [ [ [ 1263111.083918832940981, 5543629.320480721071362 ], [ 1263111.083918832940981, 5543529.320480721071362 ], [ 1263011.083918832940981, 5543529.320480721071362 ], [ 1263011.083918832940981, 5543629.320480721071362 ], [ 1263111.083918832940981, 5543629.320480721071362 ] ] ] ] } },
{ "type": "Feature", "properties": { "id": 720, "left": 1263011.0839188329, "top": 5543529.3204807211, "right": 1263111.0839188329, "bottom": 5543429.3204807211, "row_index": 5, "col_index": 21, "area": 1375567.409, "perimeter": 5075.87, "codzona": "H", "numquart": 15, "nomezona": "Irnerio", "intersect_area": 10000.0 }, "geometry": { "type": "MultiPolygon", "coordinates": [ [ [ [ 1263111.083918832940981, 5543529.320480721071362 ], [ 1263111.083918832940981, 5543429.320480721071362 ], [ 1263011.083918832940981, 5543429.320480721071362 ], [ 1263011.083918832940981, 5543529.320480721071362 ], [ 1263111.083918832940981, 5543529.320480721071362 ] ] ] ] } },
{ "type": "Feature", "properties": { "id": 721, "left": 1263011.0839188329, "top": 5543429.3204807211, "right": 1263111.0839188329, "bottom": 5543329.3204807211, "row_index": 6, "col_index": 21, "area": 1375567.409, "perimeter": 5075.87, "codzona": "H", "numquart": 15, "nomezona": "Irnerio", "intersect_area": 10000.0 }, "geometry": { "type": "MultiPolygon", "coordinates": [ [ [ [ 1263111.083918832940981, 5543429.320480721071362 ], [ 1263111.083918832940981, 5543329.320480721071362 ], [ 1263011.083918832940981, 5543329.320480721071362 ], [ 1263011.083918832940981, 5543429.320480721071362 ], [ 1263111.083918832940981, 5543429.320480721071362 ] ] ] ] } },
{ "type": "Feature", "properties": { "id": 722, "left": 1263011.0839188329, "top": 5543329.3204807211, "right": 1263111.0839188329, "bottom": 5543229.3204807211, "row_index": 7, "col_index": 21, "area": 1375567.409, "perimeter": 5075.87, "codzona": "H", "numquart": 15, "nomezona": "Irnerio", "intersect_area": 10000.0 }, "geometry": { "type": "MultiPolygon", "coordinates": [ [ [ [ 1263111.083918832940981, 5543329.320480721071362 ], [ 1263111.083918832940981, 5543229.320480721071362 ], [ 1263011.083918832940981, 5543229.320480721071362 ], [ 1263011.083918832940981, 5543329.320480721071362 ], [ 1263111.083918832940981, 5543329.320480721071362 ] ] ] ] } },
{ "type": "Feature", "properties": { "id": 723, "left": 1263011.0839188329, "top": 5543229.3204807211, "right": 1263111.0839188329, "bottom": 5543129.3204807211, "row_index": 8, "col_index": 21, "area": 1375567.409, "perimeter": 5075.87, "codzona": "H", "numquart": 15, "nomezona": "Irnerio", "intersect_area": 10000.0 }, "geometry": { "type": "MultiPolygon", "coordinates": [ [ [ [ 1263111.083918832940981, 5543229.320480721071362 ], [ 1263111.083918832940981, 5543129.320480721071362 ], [ 1263011.083918832940981, 5543129.320480721071362 ], [ 1263011.083918832940981, 5543229.320480721071362 ], [ 1263111.083918832940981, 5543229.320480721071362 ] ] ] ] } },
{ "type": "Feature", "properties": { "id": 724, "left": 1263011.0839188329, "top": 5543129.3204807211, "right": 1263111.0839188329, "bottom": 5543029.3204807211, "row_index": 9, "col_index": 21, "area": 1375567.409, "perimeter": 5075.87, "codzona": "H", "numquart": 15, "nomezona": "Irnerio", "intersect_area": 10000.0 }, "geometry": { "type": "MultiPolygon", "coordinates": [ [ [ [ 1263111.083918832940981, 5543129.320480721071362 ], [ 1263111.083918832940981, 5543029.320480721071362 ], [ 1263011.083918832940981, 5543029.320480721071362 ], [ 1263011.083918832940981, 5543129.320480721071362 ], [ 1263111.083918832940981, 5543129.320480721071362 ] ] ] ] } },
{ "type": "Feature", "properties": { "id": 725, "left": 1263011.0839188329, "top": 5543029.3204807211, "right": 1263111.0839188329, "bottom": 5542929.3204807211, "row_index": 10, "col_index": 21, "area": 1375567.409, "perimeter": 5075.87, "codzona": "H", "numquart": 15, "nomezona": "Irnerio", "intersect_area": 10000.0 }, "geometry": { "type": "MultiPolygon", "coordinates": [ [ [ [ 1263111.083918832940981, 5543029.320480721071362 ], [ 1263111.083918832940981, 5542929.320480721071362 ], [ 1263011.083918832940981, 5542929.320480721071362 ], [ 1263011.083918832940981, 5543029.320480721071362 ], [ 1263111.083918832940981, 5543029.320480721071362 ] ] ] ] } },
{ "type": "Feature", "properties": { "id": 726, "left": 1263011.0839188329, "top": 5542929.3204807211, "right": 1263111.0839188329, "bottom": 5542829.3204807211, "row_index": 11, "col_index": 21, "area": 1375567.409, "perimeter": 5075.87, "codzona": "H", "numquart": 15, "nomezona": "Irnerio", "intersect_area": 10000.0 }, "geometry": { "type": "MultiPolygon", "coordinates": [ [ [ [ 1263111.083918832940981, 5542929.320480721071362 ], [ 1263111.083918832940981, 5542829.320480721071362 ], [ 1263011.083918832940981, 5542829.320480721071362 ], [ 1263011.083918832940981, 5542929.320480721071362 ], [ 1263111.083918832940981, 5542929.320480721071362 ] ] ] ] } },
{ "type": "Feature", "properties": { "id": 727, "left": 1263011.0839188329, "top": 5542829.3204807211, "right": 1263111.0839188329, "bottom": 5542729.3204807211, "row_index": 12, "col_index": 21, "area": 1375567.409, "perimeter": 5075.87, "codzona": "H", "numquart": 15, "nomezona": "Irnerio", "intersect_area": 10000.0 }, "geometry": { "type": "MultiPolygon", "coordinates": [ [ [ [ 1263111.083918832940981, 5542829.320480721071362 ], [ 1263111.083918832940981, 5542729.320480721071362 ], [ 1263011.083918832940981, 5542729.320480721071362 ], [ 1263011.083918832940981, 5542829.320480721071362 ], [ 1263111.083918832940981, 5542829.320480721071362 ] ] ] ] } },
{ "type": "Feature", "properties": { "id": 728, "left": 1263011.0839188329, "top": 5542729.3204807211, "right": 1263111.0839188329, "bottom": 5542629.3204807211, "row_index": 13, "col_index": 21, "area": 1375567.409, "perimeter": 5075.87, "codzona": "H", "numquart": 15, "nomezona": "Irnerio", "intersect_area": 10000.0 }, "geometry": { "type": "MultiPolygon", "coordinates": [ [ [ [ 1263111.083918832940981, 5542729.320480721071362 ], [ 1263111.083918832940981, 5542629.320480721071362 ], [ 1263011.083918832940981, 5542629.320480721071362 ], [ 1263011.083918832940981, 5542729.320480721071362 ], [ 1263111.083918832940981, 5542729.320480721071362 ] ] ] ] } },
{ "type": "Feature", "properties": { "id": 729, "left": 1263011.0839188329, "top": 5542629.3204807211, "right": 1263111.0839188329, "bottom": 5542529.3204807211, "row_index": 14, "col_index": 21, "area": 1375567.409, "perimeter": 5075.87, "codzona": "H", "numquart": 15, "nomezona": "Irnerio", "intersect_area": 10000.0 }, "geometry": { "type": "MultiPolygon", "coordinates": [ [ [ [ 1263111.083918832940981, 5542629.320480721071362 ], [ 1263111.083918832940981, 5542529.320480721071362 ], [ 1263011.083918832940981, 5542529.320480721071362 ], [ 1263011.083918832940981, 5542629.320480721071362 ], [ 1263111.083918832940981, 5542629.320480721071362 ] ] ] ] } },
{ "type": "Feature", "properties": { "id": 730, "left": 1263011.0839188329, "top": 5542529.3204807211, "right": 1263111.0839188329, "bottom": 5542429.3204807211, "row_index": 15, "col_index": 21, "area": 1375567.409, "perimeter": 5075.87, "codzona": "H", "numquart": 15, "nomezona": "Irnerio", "intersect_area": 10000.0 }, "geometry": { "type": "MultiPolygon", "coordinates": [ [ [ [ 1263111.083918832940981, 5542529.320480721071362 ], [ 1263111.083918832940981, 5542429.320480721071362 ], [ 1263011.083918832940981, 5542429.320480721071362 ], [ 1263011.083918832940981, 5542529.320480721071362 ], [ 1263111.083918832940981, 5542529.320480721071362 ] ] ] ] } },
{ "type": "Feature", "properties": { "id": 731, "left": 1263011.0839188329, "top": 5542429.3204807211, "right": 1263111.0839188329, "bottom": 5542329.3204807211, "row_index": 16, "col_index": 21, "area": 1375567.409, "perimeter": 5075.87, "codzona": "H", "numquart": 15, "nomezona": "Irnerio", "intersect_area": 10000.0 }, "geometry": { "type": "MultiPolygon", "coordinates": [ [ [ [ 1263111.083918832940981, 5542429.320480721071362 ], [ 1263111.083918832940981, 5542329.320480721071362 ], [ 1263011.083918832940981, 5542329.320480721071362 ], [ 1263011.083918832940981, 5542429.320480721071362 ], [ 1263111.083918832940981, 5542429.320480721071362 ] ] ] ] } },
{ "type": "Feature", "properties": { "id": 732, "left": 1263011.0839188329, "top": 5542329.3204807211, "right": 1263111.0839188329, "bottom": 5542229.3204807211, "row_index": 17, "col_index": 21, "area": 1116791.26, "perimeter": 4375.401, "codzona": "G", "numquart": 15, "nomezona": "Galvani", "intersect_area": 2209.3146022856236 }, "geometry": { "type": "MultiPolygon", "coordinates": [ [ [ [ 1263011.083918832940981, 5542229.320480721071362 ], [ 1263011.083918832940981, 5542265.898999796248972 ], [ 1263020.728097677230835, 5542263.61996456887573 ], [ 1263051.708786359289661, 5542257.65154823102057 ], [ 1263070.918398403562605, 5542253.168410294689238 ], [ 1263078.612717325566337, 5542251.42330355476588 ], [ 1263087.184897214407101, 5542240.853577901609242 ], [ 1263093.568101750221103, 5542234.366373783908784 ], [ 1263100.627042671665549, 5542230.307555118575692 ], [ 1263102.741185616701841, 5542229.320480721071362 ], [ 1263011.083918832940981, 5542229.320480721071362 ] ] ] ] } },
{ "type": "Feature", "properties": { "id": 732, "left": 1263011.0839188329, "top": 5542329.3204807211, "right": 1263111.0839188329, "bottom": 5542229.3204807211, "row_index": 17, "col_index": 21, "area": 1375567.409, "perimeter": 5075.87, "codzona": "H", "numquart": 15, "nomezona": "Irnerio", "intersect_area": 7790.6853977441788 }, "geometry": { "type": "MultiPolygon", "coordinates": [ [ [ [ 1263111.083918832940981, 5542329.320480721071362 ], [ 1263111.083918832940981, 5542229.320480721071362 ], [ 1263102.741185616701841, 5542229.320480721071362 ], [ 1263100.627042671665549, 5542230.307555118575692 ], [ 1263093.568101750221103, 5542234.366373783908784 ], [ 1263087.184897214407101, 5542240.853577901609242 ], [ 1263078.612717325566337, 5542251.42330355476588 ], [ 1263070.918398403562605, 5542253.168410294689238 ], [ 1263051.708786359289661, 5542257.65154823102057 ], [ 1263020.728097677230835, 5542263.61996456887573 ], [ 1263011.083918832940981, 5542265.898999796248972 ], [ 1263011.083918832940981, 5542329.320480721071362 ], [ 1263111.083918832940981, 5542329.320480721071362 ] ] ] ] } },
{ "type": "Feature", "properties": { "id": 733, "left": 1263011.0839188329, "top": 5542229.3204807211, "right": 1263111.0839188329, "bottom": 5542129.3204807211, "row_index": 18, "col_index": 21, "area": 1116791.26, "perimeter": 4375.401, "codzona": "G", "numquart": 15, "nomezona": "Galvani", "intersect_area": 9983.751912266016 }, "geometry": { "type": "MultiPolygon", "coordinates": [ [ [ [ 1263102.741185616701841, 5542229.320480721071362 ], [ 1263111.083918832940981, 5542225.425333336926997 ], [ 1263111.083918832940981, 5542129.320480721071362 ], [ 1263011.083918832940981, 5542129.320480721071362 ], [ 1263011.083918832940981, 5542229.320480721071362 ], [ 1263102.741185616701841, 5542229.320480721071362 ] ] ] ] } },
{ "type": "Feature", "properties": { "id": 733, "left": 1263011.0839188329, "top": 5542229.3204807211, "right": 1263111.0839188329, "bottom": 5542129.3204807211, "row_index": 18, "col_index": 21, "area": 1375567.409, "perimeter": 5075.87, "codzona": "H", "numquart": 15, "nomezona": "Irnerio", "intersect_area": 16.248087733983994 }, "geometry": { "type": "MultiPolygon", "coordinates": [ [ [ [ 1263111.083918832940981, 5542229.320480721071362 ], [ 1263111.083918832940981, 5542225.425333336926997 ], [ 1263102.741185616701841, 5542229.320480721071362 ], [ 1263111.083918832940981, 5542229.320480721071362 ] ] ] ] } },
{ "type": "Feature", "properties": { "id": 734, "left": 1263011.0839188329, "top": 5542129.3204807211, "right": 1263111.0839188329, "bottom": 5542029.3204807211, "row_index": 19, "col_index": 21, "area": 1116791.26, "perimeter": 4375.401, "codzona": "G", "numquart": 15, "nomezona": "Galvani", "intersect_area": 10000.0 }, "geometry": { "type": "MultiPolygon", "coordinates": [ [ [ [ 1263111.083918832940981, 5542129.320480721071362 ], [ 1263111.083918832940981, 5542029.320480721071362 ], [ 1263011.083918832940981, 5542029.320480721071362 ], [ 1263011.083918832940981, 5542129.320480721071362 ], [ 1263111.083918832940981, 5542129.320480721071362 ] ] ] ] } },
{ "type": "Feature", "properties": { "id": 735, "left": 1263011.0839188329, "top": 5542029.3204807211, "right": 1263111.0839188329, "bottom": 5541929.3204807211, "row_index": 20, "col_index": 21, "area": 1116791.26, "perimeter": 4375.401, "codzona": "G", "numquart": 15, "nomezona": "Galvani", "intersect_area": 10000.0 }, "geometry": { "type": "MultiPolygon", "coordinates": [ [ [ [ 1263111.083918832940981, 5542029.320480721071362 ], [ 1263111.083918832940981, 5541929.320480721071362 ], [ 1263011.083918832940981, 5541929.320480721071362 ], [ 1263011.083918832940981, 5542029.320480721071362 ], [ 1263111.083918832940981, 5542029.320480721071362 ] ] ] ] } },
{ "type": "Feature", "properties": { "id": 736, "left": 1263011.0839188329, "top": 5541929.3204807211, "right": 1263111.0839188329, "bottom": 5541829.3204807211, "row_index": 21, "col_index": 21, "area": 1116791.26, "perimeter": 4375.401, "codzona": "G", "numquart": 15, "nomezona": "Galvani", "intersect_area": 10000.0 }, "geometry": { "type": "MultiPolygon", "coordinates": [ [ [ [ 1263111.083918832940981, 5541929.320480721071362 ], [ 1263111.083918832940981, 5541829.320480721071362 ], [ 1263011.083918832940981, 5541829.320480721071362 ], [ 1263011.083918832940981, 5541929.320480721071362 ], [ 1263111.083918832940981, 5541929.320480721071362 ] ] ] ] } },
{ "type": "Feature", "properties": { "id": 737, "left": 1263011.0839188329, "top": 5541829.3204807211, "right": 1263111.0839188329, "bottom": 5541729.3204807211, "row_index": 22, "col_index": 21, "area": 1116791.26, "perimeter": 4375.401, "codzona": "G", "numquart": 15, "nomezona": "Galvani", "intersect_area": 10000.0 }, "geometry": { "type": "MultiPolygon", "coordinates": [ [ [ [ 1263111.083918832940981, 5541829.320480721071362 ], [ 1263111.083918832940981, 5541729.320480721071362 ], [ 1263011.083918832940981, 5541729.320480721071362 ], [ 1263011.083918832940981, 5541829.320480721071362 ], [ 1263111.083918832940981, 5541829.320480721071362 ] ] ] ] } },
{ "type": "Feature", "properties": { "id": 738, "left": 1263011.0839188329, "top": 5541729.3204807211, "right": 1263111.0839188329, "bottom": 5541629.3204807211, "row_index": 23, "col_index": 21, "area": 1116791.26, "perimeter": 4375.401, "codzona": "G", "numquart": 15, "nomezona": "Galvani", "intersect_area": 10000.0 }, "geometry": { "type": "MultiPolygon", "coordinates": [ [ [ [ 1263111.083918832940981, 5541729.320480721071362 ], [ 1263111.083918832940981, 5541629.320480721071362 ], [ 1263011.083918832940981, 5541629.320480721071362 ], [ 1263011.083918832940981, 5541729.320480721071362 ], [ 1263111.083918832940981, 5541729.320480721071362 ] ] ] ] } },
{ "type": "Feature", "properties": { "id": 739, "left": 1263011.0839188329, "top": 5541629.3204807211, "right": 1263111.0839188329, "bottom": 5541529.3204807211, "row_index": 24, "col_index": 21, "area": 1116791.26, "perimeter": 4375.401, "codzona": "G", "numquart": 15, "nomezona": "Galvani", "intersect_area": 10000.0 }, "geometry": { "type": "MultiPolygon", "coordinates": [ [ [ [ 1263111.083918832940981, 5541629.320480721071362 ], [ 1263111.083918832940981, 5541529.320480721071362 ], [ 1263011.083918832940981, 5541529.320480721071362 ], [ 1263011.083918832940981, 5541629.320480721071362 ], [ 1263111.083918832940981, 5541629.320480721071362 ] ] ] ] } },
{ "type": "Feature", "properties": { "id": 740, "left": 1263011.0839188329, "top": 5541529.3204807211, "right": 1263111.0839188329, "bottom": 5541429.3204807211, "row_index": 25, "col_index": 21, "area": 1116791.26, "perimeter": 4375.401, "codzona": "G", "numquart": 15, "nomezona": "Galvani", "intersect_area": 10000.0 }, "geometry": { "type": "MultiPolygon", "coordinates": [ [ [ [ 1263111.083918832940981, 5541529.320480721071362 ], [ 1263111.083918832940981, 5541429.320480721071362 ], [ 1263011.083918832940981, 5541429.320480721071362 ], [ 1263011.083918832940981, 5541529.320480721071362 ], [ 1263111.083918832940981, 5541529.320480721071362 ] ] ] ] } },
{ "type": "Feature", "properties": { "id": 741, "left": 1263011.0839188329, "top": 5541429.3204807211, "right": 1263111.0839188329, "bottom": 5541329.3204807211, "row_index": 26, "col_index": 21, "area": 1116791.26, "perimeter": 4375.401, "codzona": "G", "numquart": 15, "nomezona": "Galvani", "intersect_area": 10000.0 }, "geometry": { "type": "MultiPolygon", "coordinates": [ [ [ [ 1263111.083918832940981, 5541429.320480721071362 ], [ 1263111.083918832940981, 5541329.320480721071362 ], [ 1263011.083918832940981, 5541329.320480721071362 ], [ 1263011.083918832940981, 5541429.320480721071362 ], [ 1263111.083918832940981, 5541429.320480721071362 ] ] ] ] } },
{ "type": "Feature", "properties": { "id": 742, "left": 1263011.0839188329, "top": 5541329.3204807211, "right": 1263111.0839188329, "bottom": 5541229.3204807211, "row_index": 27, "col_index": 21, "area": 1116791.26, "perimeter": 4375.401, "codzona": "G", "numquart": 15, "nomezona": "Galvani", "intersect_area": 10000.0 }, "geometry": { "type": "MultiPolygon", "coordinates": [ [ [ [ 1263111.083918832940981, 5541329.320480721071362 ], [ 1263111.083918832940981, 5541229.320480721071362 ], [ 1263011.083918832940981, 5541229.320480721071362 ], [ 1263011.083918832940981, 5541329.320480721071362 ], [ 1263111.083918832940981, 5541329.320480721071362 ] ] ] ] } },
{ "type": "Feature", "properties": { "id": 743, "left": 1263011.0839188329, "top": 5541229.3204807211, "right": 1263111.0839188329, "bottom": 5541129.3204807211, "row_index": 28, "col_index": 21, "area": 1116791.26, "perimeter": 4375.401, "codzona": "G", "numquart": 15, "nomezona": "Galvani", "intersect_area": 10000.0 }, "geometry": { "type": "MultiPolygon", "coordinates": [ [ [ [ 1263111.083918832940981, 5541229.320480721071362 ], [ 1263111.083918832940981, 5541129.320480721071362 ], [ 1263011.083918832940981, 5541129.320480721071362 ], [ 1263011.083918832940981, 5541229.320480721071362 ], [ 1263111.083918832940981, 5541229.320480721071362 ] ] ] ] } },
{ "type": "Feature", "properties": { "id": 744, "left": 1263011.0839188329, "top": 5541129.3204807211, "right": 1263111.0839188329, "bottom": 5541029.3204807211, "row_index": 29, "col_index": 21, "area": 1116791.26, "perimeter": 4375.401, "codzona": "G", "numquart": 15, "nomezona": "Galvani", "intersect_area": 10000.0 }, "geometry": { "type": "MultiPolygon", "coordinates": [ [ [ [ 1263111.083918832940981, 5541129.320480721071362 ], [ 1263111.083918832940981, 5541029.320480721071362 ], [ 1263011.083918832940981, 5541029.320480721071362 ], [ 1263011.083918832940981, 5541129.320480721071362 ], [ 1263111.083918832940981, 5541129.320480721071362 ] ] ] ] } },
{ "type": "Feature", "properties": { "id": 745, "left": 1263011.0839188329, "top": 5541029.3204807211, "right": 1263111.0839188329, "bottom": 5540929.3204807211, "row_index": 30, "col_index": 21, "area": 1116791.26, "perimeter": 4375.401, "codzona": "G", "numquart": 15, "nomezona": "Galvani", "intersect_area": 10000.0 }, "geometry": { "type": "MultiPolygon", "coordinates": [ [ [ [ 1263111.083918832940981, 5541029.320480721071362 ], [ 1263111.083918832940981, 5540929.320480721071362 ], [ 1263011.083918832940981, 5540929.320480721071362 ], [ 1263011.083918832940981, 5541029.320480721071362 ], [ 1263111.083918832940981, 5541029.320480721071362 ] ] ] ] } },
{ "type": "Feature", "properties": { "id": 746, "left": 1263011.0839188329, "top": 5540929.3204807211, "right": 1263111.0839188329, "bottom": 5540829.3204807211, "row_index": 31, "col_index": 21, "area": 24725141.879000001, "perimeter": 30542.734, "codzona": "D", "numquart": 15, "nomezona": "Colli", "intersect_area": 7105.3966086506844 }, "geometry": { "type": "MultiPolygon", "coordinates": [ [ [ [ 1263111.083918832940981, 5540829.320480721071362 ], [ 1263011.083918832940981, 5540829.320480721071362 ], [ 1263011.083918832940981, 5540909.012094023637474 ], [ 1263057.202342710923404, 5540901.025196701288223 ], [ 1263111.083918832940981, 5540891.773553919047117 ], [ 1263111.083918832940981, 5540829.320480721071362 ] ] ] ] } },
{ "type": "Feature", "properties": { "id": 746, "left": 1263011.0839188329, "top": 5540929.3204807211, "right": 1263111.0839188329, "bottom": 5540829.3204807211, "row_index": 31, "col_index": 21, "area": 1116791.26, "perimeter": 4375.401, "codzona": "G", "numquart": 15, "nomezona": "Galvani", "intersect_area": 2894.603391289711 }, "geometry": { "type": "MultiPolygon", "coordinates": [ [ [ [ 1263111.083918832940981, 5540929.320480721071362 ], [ 1263111.083918832940981, 5540891.773553919047117 ], [ 1263057.202342710923404, 5540901.025196701288223 ], [ 1263011.083918832940981, 5540909.012094023637474 ], [ 1263011.083918832940981, 5540929.320480721071362 ], [ 1263111.083918832940981, 5540929.320480721071362 ] ] ] ] } },
{ "type": "Feature", "properties": { "id": 747, "left": 1263011.0839188329, "top": 5540829.3204807211, "right": 1263111.0839188329, "bottom": 5540729.3204807211, "row_index": 32, "col_index": 21, "area": 24725141.879000001, "perimeter": 30542.734, "codzona": "D", "numquart": 15, "nomezona": "Colli", "intersect_area": 10000.0 }, "geometry": { "type": "MultiPolygon", "coordinates": [ [ [ [ 1263111.083918832940981, 5540829.320480721071362 ], [ 1263111.083918832940981, 5540729.320480721071362 ], [ 1263011.083918832940981, 5540729.320480721071362 ], [ 1263011.083918832940981, 5540829.320480721071362 ], [ 1263111.083918832940981, 5540829.320480721071362 ] ] ] ] } },
{ "type": "Feature", "properties": { "id": 748, "left": 1263011.0839188329, "top": 5540729.3204807211, "right": 1263111.0839188329, "bottom": 5540629.3204807211, "row_index": 33, "col_index": 21, "area": 24725141.879000001, "perimeter": 30542.734, "codzona": "D", "numquart": 15, "nomezona": "Colli", "intersect_area": 10000.0 }, "geometry": { "type": "MultiPolygon", "coordinates": [ [ [ [ 1263111.083918832940981, 5540729.320480721071362 ], [ 1263111.083918832940981, 5540629.320480721071362 ], [ 1263011.083918832940981, 5540629.320480721071362 ], [ 1263011.083918832940981, 5540729.320480721071362 ], [ 1263111.083918832940981, 5540729.320480721071362 ] ] ] ] } },
{ "type": "Feature", "properties": { "id": 749, "left": 1263111.0839188329, "top": 5544029.3204807211, "right": 1263211.0839188329, "bottom": 5543929.3204807211, "row_index": 0, "col_index": 22, "area": 1375567.409, "perimeter": 5075.87, "codzona": "H", "numquart": 15, "nomezona": "Irnerio", "intersect_area": 8300.1028151735663 }, "geometry": { "type": "MultiPolygon", "coordinates": [ [ [ [ 1263211.083918832940981, 5543929.320480721071362 ], [ 1263111.083918832940981, 5543929.320480721071362 ], [ 1263111.083918832940981, 5544024.150392687879503 ], [ 1263136.001282490091398, 5544018.134214580990374 ], [ 1263176.121695285197347, 5544008.848108313977718 ], [ 1263185.88784446939826, 5544006.600935252383351 ], [ 1263211.083918832940981, 5544000.434336938895285 ], [ 1263211.083918832940981, 5543929.320480721071362 ] ] ] ] } },
{ "type": "Feature", "properties": { "id": 749, "left": 1263111.0839188329, "top": 5544029.3204807211, "right": 1263211.0839188329, "bottom": 5543929.3204807211, "row_index": 0, "col_index": 22, "area": 4943556.714, "perimeter": 8849.296, "codzona": "B", "numquart": 12, "nomezona": "Bolognina", "intersect_area": 1699.8971847891808 }, "geometry": { "type": "MultiPolygon", "coordinates": [ [ [ [ 1263211.083918832940981, 5544029.320480721071362 ], [ 1263211.083918832940981, 5544000.434336938895285 ], [ 1263185.88784446939826, 5544006.600935252383351 ], [ 1263176.121695285197347, 5544008.848108313977718 ], [ 1263136.001282490091398, 5544018.134214580990374 ], [ 1263111.083918832940981, 5544024.150392687879503 ], [ 1263111.083918832940981, 5544029.320480721071362 ], [ 1263211.083918832940981, 5544029.320480721071362 ] ] ] ] } },
{ "type": "Feature", "properties": { "id": 750, "left": 1263111.0839188329, "top": 5543929.3204807211, "right": 1263211.0839188329, "bottom": 5543829.3204807211, "row_index": 1, "col_index": 22, "area": 1375567.409, "perimeter": 5075.87, "codzona": "H", "numquart": 15, "nomezona": "Irnerio", "intersect_area": 10000.0 }, "geometry": { "type": "MultiPolygon", "coordinates": [ [ [ [ 1263211.083918832940981, 5543929.320480721071362 ], [ 1263211.083918832940981, 5543829.320480721071362 ], [ 1263111.083918832940981, 5543829.320480721071362 ], [ 1263111.083918832940981, 5543929.320480721071362 ], [ 1263211.083918832940981, 5543929.320480721071362 ] ] ] ] } },
{ "type": "Feature", "properties": { "id": 751, "left": 1263111.0839188329, "top": 5543829.3204807211, "right": 1263211.0839188329, "bottom": 5543729.3204807211, "row_index": 2, "col_index": 22, "area": 1375567.409, "perimeter": 5075.87, "codzona": "H", "numquart": 15, "nomezona": "Irnerio", "intersect_area": 10000.0 }, "geometry": { "type": "MultiPolygon", "coordinates": [ [ [ [ 1263211.083918832940981, 5543829.320480721071362 ], [ 1263211.083918832940981, 5543729.320480721071362 ], [ 1263111.083918832940981, 5543729.320480721071362 ], [ 1263111.083918832940981, 5543829.320480721071362 ], [ 1263211.083918832940981, 5543829.320480721071362 ] ] ] ] } },
{ "type": "Feature", "properties": { "id": 752, "left": 1263111.0839188329, "top": 5543729.3204807211, "right": 1263211.0839188329, "bottom": 5543629.3204807211, "row_index": 3, "col_index": 22, "area": 1375567.409, "perimeter": 5075.87, "codzona": "H", "numquart": 15, "nomezona": "Irnerio", "intersect_area": 10000.0 }, "geometry": { "type": "MultiPolygon", "coordinates": [ [ [ [ 1263211.083918832940981, 5543729.320480721071362 ], [ 1263211.083918832940981, 5543629.320480721071362 ], [ 1263111.083918832940981, 5543629.320480721071362 ], [ 1263111.083918832940981, 5543729.320480721071362 ], [ 1263211.083918832940981, 5543729.320480721071362 ] ] ] ] } },
{ "type": "Feature", "properties": { "id": 753, "left": 1263111.0839188329, "top": 5543629.3204807211, "right": 1263211.0839188329, "bottom": 5543529.3204807211, "row_index": 4, "col_index": 22, "area": 1375567.409, "perimeter": 5075.87, "codzona": "H", "numquart": 15, "nomezona": "Irnerio", "intersect_area": 10000.0 }, "geometry": { "type": "MultiPolygon", "coordinates": [ [ [ [ 1263211.083918832940981, 5543629.320480721071362 ], [ 1263211.083918832940981, 5543529.320480721071362 ], [ 1263111.083918832940981, 5543529.320480721071362 ], [ 1263111.083918832940981, 5543629.320480721071362 ], [ 1263211.083918832940981, 5543629.320480721071362 ] ] ] ] } },
{ "type": "Feature", "properties": { "id": 754, "left": 1263111.0839188329, "top": 5543529.3204807211, "right": 1263211.0839188329, "bottom": 5543429.3204807211, "row_index": 5, "col_index": 22, "area": 1375567.409, "perimeter": 5075.87, "codzona": "H", "numquart": 15, "nomezona": "Irnerio", "intersect_area": 10000.0 }, "geometry": { "type": "MultiPolygon", "coordinates": [ [ [ [ 1263211.083918832940981, 5543529.320480721071362 ], [ 1263211.083918832940981, 5543429.320480721071362 ], [ 1263111.083918832940981, 5543429.320480721071362 ], [ 1263111.083918832940981, 5543529.320480721071362 ], [ 1263211.083918832940981, 5543529.320480721071362 ] ] ] ] } },
{ "type": "Feature", "properties": { "id": 755, "left": 1263111.0839188329, "top": 5543429.3204807211, "right": 1263211.0839188329, "bottom": 5543329.3204807211, "row_index": 6, "col_index": 22, "area": 1375567.409, "perimeter": 5075.87, "codzona": "H", "numquart": 15, "nomezona": "Irnerio", "intersect_area": 10000.0 }, "geometry": { "type": "MultiPolygon", "coordinates": [ [ [ [ 1263211.083918832940981, 5543429.320480721071362 ], [ 1263211.083918832940981, 5543329.320480721071362 ], [ 1263111.083918832940981, 5543329.320480721071362 ], [ 1263111.083918832940981, 5543429.320480721071362 ], [ 1263211.083918832940981, 5543429.320480721071362 ] ] ] ] } },
{ "type": "Feature", "properties": { "id": 756, "left": 1263111.0839188329, "top": 5543329.3204807211, "right": 1263211.0839188329, "bottom": 5543229.3204807211, "row_index": 7, "col_index": 22, "area": 1375567.409, "perimeter": 5075.87, "codzona": "H", "numquart": 15, "nomezona": "Irnerio", "intersect_area": 10000.0 }, "geometry": { "type": "MultiPolygon", "coordinates": [ [ [ [ 1263211.083918832940981, 5543329.320480721071362 ], [ 1263211.083918832940981, 5543229.320480721071362 ], [ 1263111.083918832940981, 5543229.320480721071362 ], [ 1263111.083918832940981, 5543329.320480721071362 ], [ 1263211.083918832940981, 5543329.320480721071362 ] ] ] ] } },
{ "type": "Feature", "properties": { "id": 757, "left": 1263111.0839188329, "top": 5543229.3204807211, "right": 1263211.0839188329, "bottom": 5543129.3204807211, "row_index": 8, "col_index": 22, "area": 1375567.409, "perimeter": 5075.87, "codzona": "H", "numquart": 15, "nomezona": "Irnerio", "intersect_area": 10000.0 }, "geometry": { "type": "MultiPolygon", "coordinates": [ [ [ [ 1263211.083918832940981, 5543229.320480721071362 ], [ 1263211.083918832940981, 5543129.320480721071362 ], [ 1263111.083918832940981, 5543129.320480721071362 ], [ 1263111.083918832940981, 5543229.320480721071362 ], [ 1263211.083918832940981, 5543229.320480721071362 ] ] ] ] } },
{ "type": "Feature", "properties": { "id": 758, "left": 1263111.0839188329, "top": 5543129.3204807211, "right": 1263211.0839188329, "bottom": 5543029.3204807211, "row_index": 9, "col_index": 22, "area": 1375567.409, "perimeter": 5075.87, "codzona": "H", "numquart": 15, "nomezona": "Irnerio", "intersect_area": 10000.0 }, "geometry": { "type": "MultiPolygon", "coordinates": [ [ [ [ 1263211.083918832940981, 5543129.320480721071362 ], [ 1263211.083918832940981, 5543029.320480721071362 ], [ 1263111.083918832940981, 5543029.320480721071362 ], [ 1263111.083918832940981, 5543129.320480721071362 ], [ 1263211.083918832940981, 5543129.320480721071362 ] ] ] ] } },
{ "type": "Feature", "properties": { "id": 759, "left": 1263111.0839188329, "top": 5543029.3204807211, "right": 1263211.0839188329, "bottom": 5542929.3204807211, "row_index": 10, "col_index": 22, "area": 1375567.409, "perimeter": 5075.87, "codzona": "H", "numquart": 15, "nomezona": "Irnerio", "intersect_area": 10000.0 }, "geometry": { "type": "MultiPolygon", "coordinates": [ [ [ [ 1263211.083918832940981, 5543029.320480721071362 ], [ 1263211.083918832940981, 5542929.320480721071362 ], [ 1263111.083918832940981, 5542929.320480721071362 ], [ 1263111.083918832940981, 5543029.320480721071362 ], [ 1263211.083918832940981, 5543029.320480721071362 ] ] ] ] } },
{ "type": "Feature", "properties": { "id": 760, "left": 1263111.0839188329, "top": 5542929.3204807211, "right": 1263211.0839188329, "bottom": 5542829.3204807211, "row_index": 11, "col_index": 22, "area": 1375567.409, "perimeter": 5075.87, "codzona": "H", "numquart": 15, "nomezona": "Irnerio", "intersect_area": 10000.0 }, "geometry": { "type": "MultiPolygon", "coordinates": [ [ [ [ 1263211.083918832940981, 5542929.320480721071362 ], [ 1263211.083918832940981, 5542829.320480721071362 ], [ 1263111.083918832940981, 5542829.320480721071362 ], [ 1263111.083918832940981, 5542929.320480721071362 ], [ 1263211.083918832940981, 5542929.320480721071362 ] ] ] ] } },
{ "type": "Feature", "properties": { "id": 761, "left": 1263111.0839188329, "top": 5542829.3204807211, "right": 1263211.0839188329, "bottom": 5542729.3204807211, "row_index": 12, "col_index": 22, "area": 1375567.409, "perimeter": 5075.87, "codzona": "H", "numquart": 15, "nomezona": "Irnerio", "intersect_area": 10000.0 }, "geometry": { "type": "MultiPolygon", "coordinates": [ [ [ [ 1263211.083918832940981, 5542829.320480721071362 ], [ 1263211.083918832940981, 5542729.320480721071362 ], [ 1263111.083918832940981, 5542729.320480721071362 ], [ 1263111.083918832940981, 5542829.320480721071362 ], [ 1263211.083918832940981, 5542829.320480721071362 ] ] ] ] } },
{ "type": "Feature", "properties": { "id": 762, "left": 1263111.0839188329, "top": 5542729.3204807211, "right": 1263211.0839188329, "bottom": 5542629.3204807211, "row_index": 13, "col_index": 22, "area": 1375567.409, "perimeter": 5075.87, "codzona": "H", "numquart": 15, "nomezona": "Irnerio", "intersect_area": 10000.0 }, "geometry": { "type": "MultiPolygon", "coordinates": [ [ [ [ 1263211.083918832940981, 5542729.320480721071362 ], [ 1263211.083918832940981, 5542629.320480721071362 ], [ 1263111.083918832940981, 5542629.320480721071362 ], [ 1263111.083918832940981, 5542729.320480721071362 ], [ 1263211.083918832940981, 5542729.320480721071362 ] ] ] ] } },
{ "type": "Feature", "properties": { "id": 763, "left": 1263111.0839188329, "top": 5542629.3204807211, "right": 1263211.0839188329, "bottom": 5542529.3204807211, "row_index": 14, "col_index": 22, "area": 1375567.409, "perimeter": 5075.87, "codzona": "H", "numquart": 15, "nomezona": "Irnerio", "intersect_area": 10000.0 }, "geometry": { "type": "MultiPolygon", "coordinates": [ [ [ [ 1263211.083918832940981, 5542629.320480721071362 ], [ 1263211.083918832940981, 5542529.320480721071362 ], [ 1263111.083918832940981, 5542529.320480721071362 ], [ 1263111.083918832940981, 5542629.320480721071362 ], [ 1263211.083918832940981, 5542629.320480721071362 ] ] ] ] } },
{ "type": "Feature", "properties": { "id": 764, "left": 1263111.0839188329, "top": 5542529.3204807211, "right": 1263211.0839188329, "bottom": 5542429.3204807211, "row_index": 15, "col_index": 22, "area": 1375567.409, "perimeter": 5075.87, "codzona": "H", "numquart": 15, "nomezona": "Irnerio", "intersect_area": 10000.0 }, "geometry": { "type": "MultiPolygon", "coordinates": [ [ [ [ 1263211.083918832940981, 5542529.320480721071362 ], [ 1263211.083918832940981, 5542429.320480721071362 ], [ 1263111.083918832940981, 5542429.320480721071362 ], [ 1263111.083918832940981, 5542529.320480721071362 ], [ 1263211.083918832940981, 5542529.320480721071362 ] ] ] ] } },
{ "type": "Feature", "properties": { "id": 765, "left": 1263111.0839188329, "top": 5542429.3204807211, "right": 1263211.0839188329, "bottom": 5542329.3204807211, "row_index": 16, "col_index": 22, "area": 1375567.409, "perimeter": 5075.87, "codzona": "H", "numquart": 15, "nomezona": "Irnerio", "intersect_area": 10000.0 }, "geometry": { "type": "MultiPolygon", "coordinates": [ [ [ [ 1263211.083918832940981, 5542429.320480721071362 ], [ 1263211.083918832940981, 5542329.320480721071362 ], [ 1263111.083918832940981, 5542329.320480721071362 ], [ 1263111.083918832940981, 5542429.320480721071362 ], [ 1263211.083918832940981, 5542429.320480721071362 ] ] ] ] } },
{ "type": "Feature", "properties": { "id": 766, "left": 1263111.0839188329, "top": 5542329.3204807211, "right": 1263211.0839188329, "bottom": 5542229.3204807211, "row_index": 17, "col_index": 22, "area": 1375567.409, "perimeter": 5075.87, "codzona": "H", "numquart": 15, "nomezona": "Irnerio", "intersect_area": 10000.0 }, "geometry": { "type": "MultiPolygon", "coordinates": [ [ [ [ 1263211.083918832940981, 5542329.320480721071362 ], [ 1263211.083918832940981, 5542229.320480721071362 ], [ 1263111.083918832940981, 5542229.320480721071362 ], [ 1263111.083918832940981, 5542329.320480721071362 ], [ 1263211.083918832940981, 5542329.320480721071362 ] ] ] ] } },
{ "type": "Feature", "properties": { "id": 767, "left": 1263111.0839188329, "top": 5542229.3204807211, "right": 1263211.0839188329, "bottom": 5542129.3204807211, "row_index": 18, "col_index": 22, "area": 1116791.26, "perimeter": 4375.401, "codzona": "G", "numquart": 15, "nomezona": "Galvani", "intersect_area": 7069.8841109015048 }, "geometry": { "type": "MultiPolygon", "coordinates": [ [ [ [ 1263211.083918832940981, 5542129.320480721071362 ], [ 1263111.083918832940981, 5542129.320480721071362 ], [ 1263111.083918832940981, 5542225.425333336926997 ], [ 1263122.818339748075232, 5542219.94663735665381 ], [ 1263184.727883060229942, 5542187.938521315343678 ], [ 1263211.083918832940981, 5542173.485267263837159 ], [ 1263211.083918832940981, 5542129.320480721071362 ] ] ] ] } },
{ "type": "Feature", "properties": { "id": 767, "left": 1263111.0839188329, "top": 5542229.3204807211, "right": 1263211.0839188329, "bottom": 5542129.3204807211, "row_index": 18, "col_index": 22, "area": 1375567.409, "perimeter": 5075.87, "codzona": "H", "numquart": 15, "nomezona": "Irnerio", "intersect_area": 2930.1158890724182 }, "geometry": { "type": "MultiPolygon", "coordinates": [ [ [ [ 1263211.083918832940981, 5542229.320480721071362 ], [ 1263211.083918832940981, 5542173.485267263837159 ], [ 1263184.727883060229942, 5542187.938521315343678 ], [ 1263122.818339748075232, 5542219.94663735665381 ], [ 1263111.083918832940981, 5542225.425333336926997 ], [ 1263111.083918832940981, 5542229.320480721071362 ], [ 1263211.083918832940981, 5542229.320480721071362 ] ] ] ] } },
{ "type": "Feature", "properties": { "id": 768, "left": 1263111.0839188329, "top": 5542129.3204807211, "right": 1263211.0839188329, "bottom": 5542029.3204807211, "row_index": 19, "col_index": 22, "area": 1116791.26, "perimeter": 4375.401, "codzona": "G", "numquart": 15, "nomezona": "Galvani", "intersect_area": 10000.0 }, "geometry": { "type": "MultiPolygon", "coordinates": [ [ [ [ 1263211.083918832940981, 5542129.320480721071362 ], [ 1263211.083918832940981, 5542029.320480721071362 ], [ 1263111.083918832940981, 5542029.320480721071362 ], [ 1263111.083918832940981, 5542129.320480721071362 ], [ 1263211.083918832940981, 5542129.320480721071362 ] ] ] ] } },
{ "type": "Feature", "properties": { "id": 769, "left": 1263111.0839188329, "top": 5542029.3204807211, "right": 1263211.0839188329, "bottom": 5541929.3204807211, "row_index": 20, "col_index": 22, "area": 1116791.26, "perimeter": 4375.401, "codzona": "G", "numquart": 15, "nomezona": "Galvani", "intersect_area": 10000.0 }, "geometry": { "type": "MultiPolygon", "coordinates": [ [ [ [ 1263211.083918832940981, 5542029.320480721071362 ], [ 1263211.083918832940981, 5541929.320480721071362 ], [ 1263111.083918832940981, 5541929.320480721071362 ], [ 1263111.083918832940981, 5542029.320480721071362 ], [ 1263211.083918832940981, 5542029.320480721071362 ] ] ] ] } },
{ "type": "Feature", "properties": { "id": 770, "left": 1263111.0839188329, "top": 5541929.3204807211, "right": 1263211.0839188329, "bottom": 5541829.3204807211, "row_index": 21, "col_index": 22, "area": 1116791.26, "perimeter": 4375.401, "codzona": "G", "numquart": 15, "nomezona": "Galvani", "intersect_area": 10000.0 }, "geometry": { "type": "MultiPolygon", "coordinates": [ [ [ [ 1263211.083918832940981, 5541929.320480721071362 ], [ 1263211.083918832940981, 5541829.320480721071362 ], [ 1263111.083918832940981, 5541829.320480721071362 ], [ 1263111.083918832940981, 5541929.320480721071362 ], [ 1263211.083918832940981, 5541929.320480721071362 ] ] ] ] } },
{ "type": "Feature", "properties": { "id": 771, "left": 1263111.0839188329, "top": 5541829.3204807211, "right": 1263211.0839188329, "bottom": 5541729.3204807211, "row_index": 22, "col_index": 22, "area": 1116791.26, "perimeter": 4375.401, "codzona": "G", "numquart": 15, "nomezona": "Galvani", "intersect_area": 10000.0 }, "geometry": { "type": "MultiPolygon", "coordinates": [ [ [ [ 1263211.083918832940981, 5541829.320480721071362 ], [ 1263211.083918832940981, 5541729.320480721071362 ], [ 1263111.083918832940981, 5541729.320480721071362 ], [ 1263111.083918832940981, 5541829.320480721071362 ], [ 1263211.083918832940981, 5541829.320480721071362 ] ] ] ] } },
{ "type": "Feature", "properties": { "id": 772, "left": 1263111.0839188329, "top": 5541729.3204807211, "right": 1263211.0839188329, "bottom": 5541629.3204807211, "row_index": 23, "col_index": 22, "area": 1116791.26, "perimeter": 4375.401, "codzona": "G", "numquart": 15, "nomezona": "Galvani", "intersect_area": 10000.0 }, "geometry": { "type": "MultiPolygon", "coordinates": [ [ [ [ 1263211.083918832940981, 5541729.320480721071362 ], [ 1263211.083918832940981, 5541629.320480721071362 ], [ 1263111.083918832940981, 5541629.320480721071362 ], [ 1263111.083918832940981, 5541729.320480721071362 ], [ 1263211.083918832940981, 5541729.320480721071362 ] ] ] ] } },
{ "type": "Feature", "properties": { "id": 773, "left": 1263111.0839188329, "top": 5541629.3204807211, "right": 1263211.0839188329, "bottom": 5541529.3204807211, "row_index": 24, "col_index": 22, "area": 1116791.26, "perimeter": 4375.401, "codzona": "G", "numquart": 15, "nomezona": "Galvani", "intersect_area": 10000.0 }, "geometry": { "type": "MultiPolygon", "coordinates": [ [ [ [ 1263211.083918832940981, 5541629.320480721071362 ], [ 1263211.083918832940981, 5541529.320480721071362 ], [ 1263111.083918832940981, 5541529.320480721071362 ], [ 1263111.083918832940981, 5541629.320480721071362 ], [ 1263211.083918832940981, 5541629.320480721071362 ] ] ] ] } },
{ "type": "Feature", "properties": { "id": 774, "left": 1263111.0839188329, "top": 5541529.3204807211, "right": 1263211.0839188329, "bottom": 5541429.3204807211, "row_index": 25, "col_index": 22, "area": 1116791.26, "perimeter": 4375.401, "codzona": "G", "numquart": 15, "nomezona": "Galvani", "intersect_area": 10000.0 }, "geometry": { "type": "MultiPolygon", "coordinates": [ [ [ [ 1263211.083918832940981, 5541529.320480721071362 ], [ 1263211.083918832940981, 5541429.320480721071362 ], [ 1263111.083918832940981, 5541429.320480721071362 ], [ 1263111.083918832940981, 5541529.320480721071362 ], [ 1263211.083918832940981, 5541529.320480721071362 ] ] ] ] } },
{ "type": "Feature", "properties": { "id": 775, "left": 1263111.0839188329, "top": 5541429.3204807211, "right": 1263211.0839188329, "bottom": 5541329.3204807211, "row_index": 26, "col_index": 22, "area": 1116791.26, "perimeter": 4375.401, "codzona": "G", "numquart": 15, "nomezona": "Galvani", "intersect_area": 10000.0 }, "geometry": { "type": "MultiPolygon", "coordinates": [ [ [ [ 1263211.083918832940981, 5541429.320480721071362 ], [ 1263211.083918832940981, 5541329.320480721071362 ], [ 1263111.083918832940981, 5541329.320480721071362 ], [ 1263111.083918832940981, 5541429.320480721071362 ], [ 1263211.083918832940981, 5541429.320480721071362 ] ] ] ] } },
{ "type": "Feature", "properties": { "id": 776, "left": 1263111.0839188329, "top": 5541329.3204807211, "right": 1263211.0839188329, "bottom": 5541229.3204807211, "row_index": 27, "col_index": 22, "area": 1116791.26, "perimeter": 4375.401, "codzona": "G", "numquart": 15, "nomezona": "Galvani", "intersect_area": 10000.0 }, "geometry": { "type": "MultiPolygon", "coordinates": [ [ [ [ 1263211.083918832940981, 5541329.320480721071362 ], [ 1263211.083918832940981, 5541229.320480721071362 ], [ 1263111.083918832940981, 5541229.320480721071362 ], [ 1263111.083918832940981, 5541329.320480721071362 ], [ 1263211.083918832940981, 5541329.320480721071362 ] ] ] ] } },
{ "type": "Feature", "properties": { "id": 777, "left": 1263111.0839188329, "top": 5541229.3204807211, "right": 1263211.0839188329, "bottom": 5541129.3204807211, "row_index": 28, "col_index": 22, "area": 1116791.26, "perimeter": 4375.401, "codzona": "G", "numquart": 15, "nomezona": "Galvani", "intersect_area": 10000.0 }, "geometry": { "type": "MultiPolygon", "coordinates": [ [ [ [ 1263211.083918832940981, 5541229.320480721071362 ], [ 1263211.083918832940981, 5541129.320480721071362 ], [ 1263111.083918832940981, 5541129.320480721071362 ], [ 1263111.083918832940981, 5541229.320480721071362 ], [ 1263211.083918832940981, 5541229.320480721071362 ] ] ] ] } },
{ "type": "Feature", "properties": { "id": 778, "left": 1263111.0839188329, "top": 5541129.3204807211, "right": 1263211.0839188329, "bottom": 5541029.3204807211, "row_index": 29, "col_index": 22, "area": 1116791.26, "perimeter": 4375.401, "codzona": "G", "numquart": 15, "nomezona": "Galvani", "intersect_area": 10000.0 }, "geometry": { "type": "MultiPolygon", "coordinates": [ [ [ [ 1263211.083918832940981, 5541129.320480721071362 ], [ 1263211.083918832940981, 5541029.320480721071362 ], [ 1263111.083918832940981, 5541029.320480721071362 ], [ 1263111.083918832940981, 5541129.320480721071362 ], [ 1263211.083918832940981, 5541129.320480721071362 ] ] ] ] } },
{ "type": "Feature", "properties": { "id": 779, "left": 1263111.0839188329, "top": 5541029.3204807211, "right": 1263211.0839188329, "bottom": 5540929.3204807211, "row_index": 30, "col_index": 22, "area": 1116791.26, "perimeter": 4375.401, "codzona": "G", "numquart": 15, "nomezona": "Galvani", "intersect_area": 10000.0 }, "geometry": { "type": "MultiPolygon", "coordinates": [ [ [ [ 1263211.083918832940981, 5541029.320480721071362 ], [ 1263211.083918832940981, 5540929.320480721071362 ], [ 1263111.083918832940981, 5540929.320480721071362 ], [ 1263111.083918832940981, 5541029.320480721071362 ], [ 1263211.083918832940981, 5541029.320480721071362 ] ] ] ] } },
{ "type": "Feature", "properties": { "id": 780, "left": 1263111.0839188329, "top": 5540929.3204807211, "right": 1263211.0839188329, "bottom": 5540829.3204807211, "row_index": 31, "col_index": 22, "area": 24725141.879000001, "perimeter": 30542.734, "codzona": "D", "numquart": 15, "nomezona": "Colli", "intersect_area": 5518.0173662491143 }, "geometry": { "type": "MultiPolygon", "coordinates": [ [ [ [ 1263211.083918832940981, 5540829.320480721071362 ], [ 1263111.083918832940981, 5540829.320480721071362 ], [ 1263111.083918832940981, 5540891.773553919047117 ], [ 1263172.004099603742361, 5540881.313359706662595 ], [ 1263192.76519698323682, 5540882.477740878239274 ], [ 1263211.083918832940981, 5540878.841473673470318 ], [ 1263211.083918832940981, 5540829.320480721071362 ] ] ] ] } },
{ "type": "Feature", "properties": { "id": 780, "left": 1263111.0839188329, "top": 5540929.3204807211, "right": 1263211.0839188329, "bottom": 5540829.3204807211, "row_index": 31, "col_index": 22, "area": 1116791.26, "perimeter": 4375.401, "codzona": "G", "numquart": 15, "nomezona": "Galvani", "intersect_area": 4481.9826337695122 }, "geometry": { "type": "MultiPolygon", "coordinates": [ [ [ [ 1263211.083918832940981, 5540929.320480721071362 ], [ 1263211.083918832940981, 5540878.841473673470318 ], [ 1263192.76519698323682, 5540882.477740878239274 ], [ 1263172.004099603742361, 5540881.313359706662595 ], [ 1263111.083918832940981, 5540891.773553919047117 ], [ 1263111.083918832940981, 5540929.320480721071362 ], [ 1263211.083918832940981, 5540929.320480721071362 ] ] ] ] } },
{ "type": "Feature", "properties": { "id": 781, "left": 1263111.0839188329, "top": 5540829.3204807211, "right": 1263211.0839188329, "bottom": 5540729.3204807211, "row_index": 32, "col_index": 22, "area": 24725141.879000001, "perimeter": 30542.734, "codzona": "D", "numquart": 15, "nomezona": "Colli", "intersect_area": 10000.0 }, "geometry": { "type": "MultiPolygon", "coordinates": [ [ [ [ 1263211.083918832940981, 5540829.320480721071362 ], [ 1263211.083918832940981, 5540729.320480721071362 ], [ 1263111.083918832940981, 5540729.320480721071362 ], [ 1263111.083918832940981, 5540829.320480721071362 ], [ 1263211.083918832940981, 5540829.320480721071362 ] ] ] ] } },
{ "type": "Feature", "properties": { "id": 782, "left": 1263111.0839188329, "top": 5540729.3204807211, "right": 1263211.0839188329, "bottom": 5540629.3204807211, "row_index": 33, "col_index": 22, "area": 24725141.879000001, "perimeter": 30542.734, "codzona": "D", "numquart": 15, "nomezona": "Colli", "intersect_area": 10000.0 }, "geometry": { "type": "MultiPolygon", "coordinates": [ [ [ [ 1263211.083918832940981, 5540729.320480721071362 ], [ 1263211.083918832940981, 5540629.320480721071362 ], [ 1263111.083918832940981, 5540629.320480721071362 ], [ 1263111.083918832940981, 5540729.320480721071362 ], [ 1263211.083918832940981, 5540729.320480721071362 ] ] ] ] } },
{ "type": "Feature", "properties": { "id": 783, "left": 1263211.0839188329, "top": 5544029.3204807211, "right": 1263311.0839188329, "bottom": 5543929.3204807211, "row_index": 0, "col_index": 23, "area": 1375567.409, "perimeter": 5075.87, "codzona": "H", "numquart": 15, "nomezona": "Irnerio", "intersect_area": 5833.336181666702 }, "geometry": { "type": "MultiPolygon", "coordinates": [ [ [ [ 1263311.083918832940981, 5543929.320480721071362 ], [ 1263211.083918832940981, 5543929.320480721071362 ], [ 1263211.083918832940981, 5544000.434336938895285 ], [ 1263226.660450824536383, 5543996.622067832387984 ], [ 1263257.496291595511138, 5543988.64141789264977 ], [ 1263286.613145153503865, 5543981.105891979299486 ], [ 1263311.083918832940981, 5543974.428634813986719 ], [ 1263311.083918832940981, 5543929.320480721071362 ] ] ] ] } },
{ "type": "Feature", "properties": { "id": 783, "left": 1263211.0839188329, "top": 5544029.3204807211, "right": 1263311.0839188329, "bottom": 5543929.3204807211, "row_index": 0, "col_index": 23, "area": 4943556.714, "perimeter": 8849.296, "codzona": "B", "numquart": 12, "nomezona": "Bolognina", "intersect_area": 4166.663818359375 }, "geometry": { "type": "MultiPolygon", "coordinates": [ [ [ [ 1263311.083918832940981, 5544029.320480721071362 ], [ 1263311.083918832940981, 5543974.428634813986719 ], [ 1263286.613145153503865, 5543981.105891979299486 ], [ 1263257.496291595511138, 5543988.64141789264977 ], [ 1263226.660450824536383, 5543996.622067832387984 ], [ 1263211.083918832940981, 5544000.434336938895285 ], [ 1263211.083918832940981, 5544029.320480721071362 ], [ 1263311.083918832940981, 5544029.320480721071362 ] ] ] ] } },
{ "type": "Feature", "properties": { "id": 784, "left": 1263211.0839188329, "top": 5543929.3204807211, "right": 1263311.0839188329, "bottom": 5543829.3204807211, "row_index": 1, "col_index": 23, "area": 1375567.409, "perimeter": 5075.87, "codzona": "H", "numquart": 15, "nomezona": "Irnerio", "intersect_area": 10000.0 }, "geometry": { "type": "MultiPolygon", "coordinates": [ [ [ [ 1263311.083918832940981, 5543929.320480721071362 ], [ 1263311.083918832940981, 5543829.320480721071362 ], [ 1263211.083918832940981, 5543829.320480721071362 ], [ 1263211.083918832940981, 5543929.320480721071362 ], [ 1263311.083918832940981, 5543929.320480721071362 ] ] ] ] } },
{ "type": "Feature", "properties": { "id": 785, "left": 1263211.0839188329, "top": 5543829.3204807211, "right": 1263311.0839188329, "bottom": 5543729.3204807211, "row_index": 2, "col_index": 23, "area": 1375567.409, "perimeter": 5075.87, "codzona": "H", "numquart": 15, "nomezona": "Irnerio", "intersect_area": 10000.0 }, "geometry": { "type": "MultiPolygon", "coordinates": [ [ [ [ 1263311.083918832940981, 5543829.320480721071362 ], [ 1263311.083918832940981, 5543729.320480721071362 ], [ 1263211.083918832940981, 5543729.320480721071362 ], [ 1263211.083918832940981, 5543829.320480721071362 ], [ 1263311.083918832940981, 5543829.320480721071362 ] ] ] ] } },
{ "type": "Feature", "properties": { "id": 786, "left": 1263211.0839188329, "top": 5543729.3204807211, "right": 1263311.0839188329, "bottom": 5543629.3204807211, "row_index": 3, "col_index": 23, "area": 1375567.409, "perimeter": 5075.87, "codzona": "H", "numquart": 15, "nomezona": "Irnerio", "intersect_area": 10000.0 }, "geometry": { "type": "MultiPolygon", "coordinates": [ [ [ [ 1263311.083918832940981, 5543729.320480721071362 ], [ 1263311.083918832940981, 5543629.320480721071362 ], [ 1263211.083918832940981, 5543629.320480721071362 ], [ 1263211.083918832940981, 5543729.320480721071362 ], [ 1263311.083918832940981, 5543729.320480721071362 ] ] ] ] } },
{ "type": "Feature", "properties": { "id": 787, "left": 1263211.0839188329, "top": 5543629.3204807211, "right": 1263311.0839188329, "bottom": 5543529.3204807211, "row_index": 4, "col_index": 23, "area": 1375567.409, "perimeter": 5075.87, "codzona": "H", "numquart": 15, "nomezona": "Irnerio", "intersect_area": 10000.0 }, "geometry": { "type": "MultiPolygon", "coordinates": [ [ [ [ 1263311.083918832940981, 5543629.320480721071362 ], [ 1263311.083918832940981, 5543529.320480721071362 ], [ 1263211.083918832940981, 5543529.320480721071362 ], [ 1263211.083918832940981, 5543629.320480721071362 ], [ 1263311.083918832940981, 5543629.320480721071362 ] ] ] ] } },
{ "type": "Feature", "properties": { "id": 788, "left": 1263211.0839188329, "top": 5543529.3204807211, "right": 1263311.0839188329, "bottom": 5543429.3204807211, "row_index": 5, "col_index": 23, "area": 1375567.409, "perimeter": 5075.87, "codzona": "H", "numquart": 15, "nomezona": "Irnerio", "intersect_area": 10000.0 }, "geometry": { "type": "MultiPolygon", "coordinates": [ [ [ [ 1263311.083918832940981, 5543529.320480721071362 ], [ 1263311.083918832940981, 5543429.320480721071362 ], [ 1263211.083918832940981, 5543429.320480721071362 ], [ 1263211.083918832940981, 5543529.320480721071362 ], [ 1263311.083918832940981, 5543529.320480721071362 ] ] ] ] } },
{ "type": "Feature", "properties": { "id": 789, "left": 1263211.0839188329, "top": 5543429.3204807211, "right": 1263311.0839188329, "bottom": 5543329.3204807211, "row_index": 6, "col_index": 23, "area": 1375567.409, "perimeter": 5075.87, "codzona": "H", "numquart": 15, "nomezona": "Irnerio", "intersect_area": 10000.0 }, "geometry": { "type": "MultiPolygon", "coordinates": [ [ [ [ 1263311.083918832940981, 5543429.320480721071362 ], [ 1263311.083918832940981, 5543329.320480721071362 ], [ 1263211.083918832940981, 5543329.320480721071362 ], [ 1263211.083918832940981, 5543429.320480721071362 ], [ 1263311.083918832940981, 5543429.320480721071362 ] ] ] ] } },
{ "type": "Feature", "properties": { "id": 790, "left": 1263211.0839188329, "top": 5543329.3204807211, "right": 1263311.0839188329, "bottom": 5543229.3204807211, "row_index": 7, "col_index": 23, "area": 1375567.409, "perimeter": 5075.87, "codzona": "H", "numquart": 15, "nomezona": "Irnerio", "intersect_area": 10000.0 }, "geometry": { "type": "MultiPolygon", "coordinates": [ [ [ [ 1263311.083918832940981, 5543329.320480721071362 ], [ 1263311.083918832940981, 5543229.320480721071362 ], [ 1263211.083918832940981, 5543229.320480721071362 ], [ 1263211.083918832940981, 5543329.320480721071362 ], [ 1263311.083918832940981, 5543329.320480721071362 ] ] ] ] } },
{ "type": "Feature", "properties": { "id": 791, "left": 1263211.0839188329, "top": 5543229.3204807211, "right": 1263311.0839188329, "bottom": 5543129.3204807211, "row_index": 8, "col_index": 23, "area": 1375567.409, "perimeter": 5075.87, "codzona": "H", "numquart": 15, "nomezona": "Irnerio", "intersect_area": 10000.0 }, "geometry": { "type": "MultiPolygon", "coordinates": [ [ [ [ 1263311.083918832940981, 5543229.320480721071362 ], [ 1263311.083918832940981, 5543129.320480721071362 ], [ 1263211.083918832940981, 5543129.320480721071362 ], [ 1263211.083918832940981, 5543229.320480721071362 ], [ 1263311.083918832940981, 5543229.320480721071362 ] ] ] ] } },
{ "type": "Feature", "properties": { "id": 792, "left": 1263211.0839188329, "top": 5543129.3204807211, "right": 1263311.0839188329, "bottom": 5543029.3204807211, "row_index": 9, "col_index": 23, "area": 1375567.409, "perimeter": 5075.87, "codzona": "H", "numquart": 15, "nomezona": "Irnerio", "intersect_area": 10000.0 }, "geometry": { "type": "MultiPolygon", "coordinates": [ [ [ [ 1263311.083918832940981, 5543129.320480721071362 ], [ 1263311.083918832940981, 5543029.320480721071362 ], [ 1263211.083918832940981, 5543029.320480721071362 ], [ 1263211.083918832940981, 5543129.320480721071362 ], [ 1263311.083918832940981, 5543129.320480721071362 ] ] ] ] } },
{ "type": "Feature", "properties": { "id": 793, "left": 1263211.0839188329, "top": 5543029.3204807211, "right": 1263311.0839188329, "bottom": 5542929.3204807211, "row_index": 10, "col_index": 23, "area": 1375567.409, "perimeter": 5075.87, "codzona": "H", "numquart": 15, "nomezona": "Irnerio", "intersect_area": 10000.0 }, "geometry": { "type": "MultiPolygon", "coordinates": [ [ [ [ 1263311.083918832940981, 5543029.320480721071362 ], [ 1263311.083918832940981, 5542929.320480721071362 ], [ 1263211.083918832940981, 5542929.320480721071362 ], [ 1263211.083918832940981, 5543029.320480721071362 ], [ 1263311.083918832940981, 5543029.320480721071362 ] ] ] ] } },
{ "type": "Feature", "properties": { "id": 794, "left": 1263211.0839188329, "top": 5542929.3204807211, "right": 1263311.0839188329, "bottom": 5542829.3204807211, "row_index": 11, "col_index": 23, "area": 1375567.409, "perimeter": 5075.87, "codzona": "H", "numquart": 15, "nomezona": "Irnerio", "intersect_area": 10000.0 }, "geometry": { "type": "MultiPolygon", "coordinates": [ [ [ [ 1263311.083918832940981, 5542929.320480721071362 ], [ 1263311.083918832940981, 5542829.320480721071362 ], [ 1263211.083918832940981, 5542829.320480721071362 ], [ 1263211.083918832940981, 5542929.320480721071362 ], [ 1263311.083918832940981, 5542929.320480721071362 ] ] ] ] } },
{ "type": "Feature", "properties": { "id": 795, "left": 1263211.0839188329, "top": 5542829.3204807211, "right": 1263311.0839188329, "bottom": 5542729.3204807211, "row_index": 12, "col_index": 23, "area": 1375567.409, "perimeter": 5075.87, "codzona": "H", "numquart": 15, "nomezona": "Irnerio", "intersect_area": 10000.0 }, "geometry": { "type": "MultiPolygon", "coordinates": [ [ [ [ 1263311.083918832940981, 5542829.320480721071362 ], [ 1263311.083918832940981, 5542729.320480721071362 ], [ 1263211.083918832940981, 5542729.320480721071362 ], [ 1263211.083918832940981, 5542829.320480721071362 ], [ 1263311.083918832940981, 5542829.320480721071362 ] ] ] ] } },
{ "type": "Feature", "properties": { "id": 796, "left": 1263211.0839188329, "top": 5542729.3204807211, "right": 1263311.0839188329, "bottom": 5542629.3204807211, "row_index": 13, "col_index": 23, "area": 1375567.409, "perimeter": 5075.87, "codzona": "H", "numquart": 15, "nomezona": "Irnerio", "intersect_area": 10000.0 }, "geometry": { "type": "MultiPolygon", "coordinates": [ [ [ [ 1263311.083918832940981, 5542729.320480721071362 ], [ 1263311.083918832940981, 5542629.320480721071362 ], [ 1263211.083918832940981, 5542629.320480721071362 ], [ 1263211.083918832940981, 5542729.320480721071362 ], [ 1263311.083918832940981, 5542729.320480721071362 ] ] ] ] } },
{ "type": "Feature", "properties": { "id": 797, "left": 1263211.0839188329, "top": 5542629.3204807211, "right": 1263311.0839188329, "bottom": 5542529.3204807211, "row_index": 14, "col_index": 23, "area": 1375567.409, "perimeter": 5075.87, "codzona": "H", "numquart": 15, "nomezona": "Irnerio", "intersect_area": 10000.0 }, "geometry": { "type": "MultiPolygon", "coordinates": [ [ [ [ 1263311.083918832940981, 5542629.320480721071362 ], [ 1263311.083918832940981, 5542529.320480721071362 ], [ 1263211.083918832940981, 5542529.320480721071362 ], [ 1263211.083918832940981, 5542629.320480721071362 ], [ 1263311.083918832940981, 5542629.320480721071362 ] ] ] ] } },
{ "type": "Feature", "properties": { "id": 798, "left": 1263211.0839188329, "top": 5542529.3204807211, "right": 1263311.0839188329, "bottom": 5542429.3204807211, "row_index": 15, "col_index": 23, "area": 1375567.409, "perimeter": 5075.87, "codzona": "H", "numquart": 15, "nomezona": "Irnerio", "intersect_area": 10000.0 }, "geometry": { "type": "MultiPolygon", "coordinates": [ [ [ [ 1263311.083918832940981, 5542529.320480721071362 ], [ 1263311.083918832940981, 5542429.320480721071362 ], [ 1263211.083918832940981, 5542429.320480721071362 ], [ 1263211.083918832940981, 5542529.320480721071362 ], [ 1263311.083918832940981, 5542529.320480721071362 ] ] ] ] } },
{ "type": "Feature", "properties": { "id": 799, "left": 1263211.0839188329, "top": 5542429.3204807211, "right": 1263311.0839188329, "bottom": 5542329.3204807211, "row_index": 16, "col_index": 23, "area": 1375567.409, "perimeter": 5075.87, "codzona": "H", "numquart": 15, "nomezona": "Irnerio", "intersect_area": 10000.0 }, "geometry": { "type": "MultiPolygon", "coordinates": [ [ [ [ 1263311.083918832940981, 5542429.320480721071362 ], [ 1263311.083918832940981, 5542329.320480721071362 ], [ 1263211.083918832940981, 5542329.320480721071362 ], [ 1263211.083918832940981, 5542429.320480721071362 ], [ 1263311.083918832940981, 5542429.320480721071362 ] ] ] ] } },
{ "type": "Feature", "properties": { "id": 800, "left": 1263211.0839188329, "top": 5542329.3204807211, "right": 1263311.0839188329, "bottom": 5542229.3204807211, "row_index": 17, "col_index": 23, "area": 1375567.409, "perimeter": 5075.87, "codzona": "H", "numquart": 15, "nomezona": "Irnerio", "intersect_area": 10000.0 }, "geometry": { "type": "MultiPolygon", "coordinates": [ [ [ [ 1263311.083918832940981, 5542329.320480721071362 ], [ 1263311.083918832940981, 5542229.320480721071362 ], [ 1263211.083918832940981, 5542229.320480721071362 ], [ 1263211.083918832940981, 5542329.320480721071362 ], [ 1263311.083918832940981, 5542329.320480721071362 ] ] ] ] } },
{ "type": "Feature", "properties": { "id": 801, "left": 1263211.0839188329, "top": 5542229.3204807211, "right": 1263311.0839188329, "bottom": 5542129.3204807211, "row_index": 18, "col_index": 23, "area": 1116791.26, "perimeter": 4375.401, "codzona": "G", "numquart": 15, "nomezona": "Galvani", "intersect_area": 1927.8306092023849 }, "geometry": { "type": "MultiPolygon", "coordinates": [ [ [ [ 1263211.083918832940981, 5542129.320480721071362 ], [ 1263211.083918832940981, 5542173.485267263837159 ], [ 1263212.553794762352481, 5542172.67920938692987 ], [ 1263221.011547204339877, 5542168.581210389733315 ], [ 1263243.277429164387286, 5542157.778142460621893 ], [ 1263252.181865024846047, 5542153.111883330158889 ], [ 1263254.829915987327695, 5542151.750267216004431 ], [ 1263288.178328224923462, 5542133.790465821512043 ], [ 1263296.169114650925621, 5542129.320480721071362 ], [ 1263211.083918832940981, 5542129.320480721071362 ] ] ] ] } },
{ "type": "Feature", "properties": { "id": 801, "left": 1263211.0839188329, "top": 5542229.3204807211, "right": 1263311.0839188329, "bottom": 5542129.3204807211, "row_index": 18, "col_index": 23, "area": 1375567.409, "perimeter": 5075.87, "codzona": "H", "numquart": 15, "nomezona": "Irnerio", "intersect_area": 8072.1693907380104 }, "geometry": { "type": "MultiPolygon", "coordinates": [ [ [ [ 1263311.083918832940981, 5542229.320480721071362 ], [ 1263311.083918832940981, 5542129.320480721071362 ], [ 1263296.169114650925621, 5542129.320480721071362 ], [ 1263288.178328224923462, 5542133.790465821512043 ], [ 1263254.829915987327695, 5542151.750267216004431 ], [ 1263252.181865024846047, 5542153.111883330158889 ], [ 1263243.277429164387286, 5542157.778142460621893 ], [ 1263221.011547204339877, 5542168.581210389733315 ], [ 1263212.553794762352481, 5542172.67920938692987 ], [ 1263211.083918832940981, 5542173.485267263837159 ], [ 1263211.083918832940981, 5542229.320480721071362 ], [ 1263311.083918832940981, 5542229.320480721071362 ] ] ] ] } },
{ "type": "Feature", "properties": { "id": 802, "left": 1263211.0839188329, "top": 5542129.3204807211, "right": 1263311.0839188329, "bottom": 5542029.3204807211, "row_index": 19, "col_index": 23, "area": 1116791.26, "perimeter": 4375.401, "codzona": "G", "numquart": 15, "nomezona": "Galvani", "intersect_area": 9937.7811945974827 }, "geometry": { "type": "MultiPolygon", "coordinates": [ [ [ [ 1263296.169114650925621, 5542129.320480721071362 ], [ 1263311.083918832940981, 5542120.977252793498337 ], [ 1263311.083918832940981, 5542029.320480721071362 ], [ 1263211.083918832940981, 5542029.320480721071362 ], [ 1263211.083918832940981, 5542129.320480721071362 ], [ 1263296.169114650925621, 5542129.320480721071362 ] ] ] ] } },
{ "type": "Feature", "properties": { "id": 802, "left": 1263211.0839188329, "top": 5542129.3204807211, "right": 1263311.0839188329, "bottom": 5542029.3204807211, "row_index": 19, "col_index": 23, "area": 1375567.409, "perimeter": 5075.87, "codzona": "H", "numquart": 15, "nomezona": "Irnerio", "intersect_area": 62.218805395066738 }, "geometry": { "type": "MultiPolygon", "coordinates": [ [ [ [ 1263311.083918832940981, 5542129.320480721071362 ], [ 1263311.083918832940981, 5542120.977252793498337 ], [ 1263296.169114650925621, 5542129.320480721071362 ], [ 1263311.083918832940981, 5542129.320480721071362 ] ] ] ] } },
{ "type": "Feature", "properties": { "id": 803, "left": 1263211.0839188329, "top": 5542029.3204807211, "right": 1263311.0839188329, "bottom": 5541929.3204807211, "row_index": 20, "col_index": 23, "area": 1116791.26, "perimeter": 4375.401, "codzona": "G", "numquart": 15, "nomezona": "Galvani", "intersect_area": 10000.0 }, "geometry": { "type": "MultiPolygon", "coordinates": [ [ [ [ 1263311.083918832940981, 5542029.320480721071362 ], [ 1263311.083918832940981, 5541929.320480721071362 ], [ 1263211.083918832940981, 5541929.320480721071362 ], [ 1263211.083918832940981, 5542029.320480721071362 ], [ 1263311.083918832940981, 5542029.320480721071362 ] ] ] ] } },
{ "type": "Feature", "properties": { "id": 804, "left": 1263211.0839188329, "top": 5541929.3204807211, "right": 1263311.0839188329, "bottom": 5541829.3204807211, "row_index": 21, "col_index": 23, "area": 1116791.26, "perimeter": 4375.401, "codzona": "G", "numquart": 15, "nomezona": "Galvani", "intersect_area": 10000.0 }, "geometry": { "type": "MultiPolygon", "coordinates": [ [ [ [ 1263311.083918832940981, 5541929.320480721071362 ], [ 1263311.083918832940981, 5541829.320480721071362 ], [ 1263211.083918832940981, 5541829.320480721071362 ], [ 1263211.083918832940981, 5541929.320480721071362 ], [ 1263311.083918832940981, 5541929.320480721071362 ] ] ] ] } },
{ "type": "Feature", "properties": { "id": 805, "left": 1263211.0839188329, "top": 5541829.3204807211, "right": 1263311.0839188329, "bottom": 5541729.3204807211, "row_index": 22, "col_index": 23, "area": 1116791.26, "perimeter": 4375.401, "codzona": "G", "numquart": 15, "nomezona": "Galvani", "intersect_area": 10000.0 }, "geometry": { "type": "MultiPolygon", "coordinates": [ [ [ [ 1263311.083918832940981, 5541829.320480721071362 ], [ 1263311.083918832940981, 5541729.320480721071362 ], [ 1263211.083918832940981, 5541729.320480721071362 ], [ 1263211.083918832940981, 5541829.320480721071362 ], [ 1263311.083918832940981, 5541829.320480721071362 ] ] ] ] } },
{ "type": "Feature", "properties": { "id": 806, "left": 1263211.0839188329, "top": 5541729.3204807211, "right": 1263311.0839188329, "bottom": 5541629.3204807211, "row_index": 23, "col_index": 23, "area": 1116791.26, "perimeter": 4375.401, "codzona": "G", "numquart": 15, "nomezona": "Galvani", "intersect_area": 10000.0 }, "geometry": { "type": "MultiPolygon", "coordinates": [ [ [ [ 1263311.083918832940981, 5541729.320480721071362 ], [ 1263311.083918832940981, 5541629.320480721071362 ], [ 1263211.083918832940981, 5541629.320480721071362 ], [ 1263211.083918832940981, 5541729.320480721071362 ], [ 1263311.083918832940981, 5541729.320480721071362 ] ] ] ] } },
{ "type": "Feature", "properties": { "id": 807, "left": 1263211.0839188329, "top": 5541629.3204807211, "right": 1263311.0839188329, "bottom": 5541529.3204807211, "row_index": 24, "col_index": 23, "area": 1116791.26, "perimeter": 4375.401, "codzona": "G", "numquart": 15, "nomezona": "Galvani", "intersect_area": 10000.0 }, "geometry": { "type": "MultiPolygon", "coordinates": [ [ [ [ 1263311.083918832940981, 5541629.320480721071362 ], [ 1263311.083918832940981, 5541529.320480721071362 ], [ 1263211.083918832940981, 5541529.320480721071362 ], [ 1263211.083918832940981, 5541629.320480721071362 ], [ 1263311.083918832940981, 5541629.320480721071362 ] ] ] ] } },
{ "type": "Feature", "properties": { "id": 808, "left": 1263211.0839188329, "top": 5541529.3204807211, "right": 1263311.0839188329, "bottom": 5541429.3204807211, "row_index": 25, "col_index": 23, "area": 1116791.26, "perimeter": 4375.401, "codzona": "G", "numquart": 15, "nomezona": "Galvani", "intersect_area": 10000.0 }, "geometry": { "type": "MultiPolygon", "coordinates": [ [ [ [ 1263311.083918832940981, 5541529.320480721071362 ], [ 1263311.083918832940981, 5541429.320480721071362 ], [ 1263211.083918832940981, 5541429.320480721071362 ], [ 1263211.083918832940981, 5541529.320480721071362 ], [ 1263311.083918832940981, 5541529.320480721071362 ] ] ] ] } },
{ "type": "Feature", "properties": { "id": 809, "left": 1263211.0839188329, "top": 5541429.3204807211, "right": 1263311.0839188329, "bottom": 5541329.3204807211, "row_index": 26, "col_index": 23, "area": 1116791.26, "perimeter": 4375.401, "codzona": "G", "numquart": 15, "nomezona": "Galvani", "intersect_area": 10000.0 }, "geometry": { "type": "MultiPolygon", "coordinates": [ [ [ [ 1263311.083918832940981, 5541429.320480721071362 ], [ 1263311.083918832940981, 5541329.320480721071362 ], [ 1263211.083918832940981, 5541329.320480721071362 ], [ 1263211.083918832940981, 5541429.320480721071362 ], [ 1263311.083918832940981, 5541429.320480721071362 ] ] ] ] } },
{ "type": "Feature", "properties": { "id": 810, "left": 1263211.0839188329, "top": 5541329.3204807211, "right": 1263311.0839188329, "bottom": 5541229.3204807211, "row_index": 27, "col_index": 23, "area": 1116791.26, "perimeter": 4375.401, "codzona": "G", "numquart": 15, "nomezona": "Galvani", "intersect_area": 10000.0 }, "geometry": { "type": "MultiPolygon", "coordinates": [ [ [ [ 1263311.083918832940981, 5541329.320480721071362 ], [ 1263311.083918832940981, 5541229.320480721071362 ], [ 1263211.083918832940981, 5541229.320480721071362 ], [ 1263211.083918832940981, 5541329.320480721071362 ], [ 1263311.083918832940981, 5541329.320480721071362 ] ] ] ] } },
{ "type": "Feature", "properties": { "id": 811, "left": 1263211.0839188329, "top": 5541229.3204807211, "right": 1263311.0839188329, "bottom": 5541129.3204807211, "row_index": 28, "col_index": 23, "area": 1116791.26, "perimeter": 4375.401, "codzona": "G", "numquart": 15, "nomezona": "Galvani", "intersect_area": 10000.0 }, "geometry": { "type": "MultiPolygon", "coordinates": [ [ [ [ 1263311.083918832940981, 5541229.320480721071362 ], [ 1263311.083918832940981, 5541129.320480721071362 ], [ 1263211.083918832940981, 5541129.320480721071362 ], [ 1263211.083918832940981, 5541229.320480721071362 ], [ 1263311.083918832940981, 5541229.320480721071362 ] ] ] ] } },
{ "type": "Feature", "properties": { "id": 812, "left": 1263211.0839188329, "top": 5541129.3204807211, "right": 1263311.0839188329, "bottom": 5541029.3204807211, "row_index": 29, "col_index": 23, "area": 1116791.26, "perimeter": 4375.401, "codzona": "G", "numquart": 15, "nomezona": "Galvani", "intersect_area": 10000.0 }, "geometry": { "type": "MultiPolygon", "coordinates": [ [ [ [ 1263311.083918832940981, 5541129.320480721071362 ], [ 1263311.083918832940981, 5541029.320480721071362 ], [ 1263211.083918832940981, 5541029.320480721071362 ], [ 1263211.083918832940981, 5541129.320480721071362 ], [ 1263311.083918832940981, 5541129.320480721071362 ] ] ] ] } },
{ "type": "Feature", "properties": { "id": 813, "left": 1263211.0839188329, "top": 5541029.3204807211, "right": 1263311.0839188329, "bottom": 5540929.3204807211, "row_index": 30, "col_index": 23, "area": 1116791.26, "perimeter": 4375.401, "codzona": "G", "numquart": 15, "nomezona": "Galvani", "intersect_area": 10000.0 }, "geometry": { "type": "MultiPolygon", "coordinates": [ [ [ [ 1263311.083918832940981, 5541029.320480721071362 ], [ 1263311.083918832940981, 5540929.320480721071362 ], [ 1263211.083918832940981, 5540929.320480721071362 ], [ 1263211.083918832940981, 5541029.320480721071362 ], [ 1263311.083918832940981, 5541029.320480721071362 ] ] ] ] } },
{ "type": "Feature", "properties": { "id": 814, "left": 1263211.0839188329, "top": 5540929.3204807211, "right": 1263311.0839188329, "bottom": 5540829.3204807211, "row_index": 31, "col_index": 23, "area": 24725141.879000001, "perimeter": 30542.734, "codzona": "D", "numquart": 15, "nomezona": "Colli", "intersect_area": 4044.9223789535463 }, "geometry": { "type": "MultiPolygon", "coordinates": [ [ [ [ 1263311.083918832940981, 5540829.320480721071362 ], [ 1263211.083918832940981, 5540829.320480721071362 ], [ 1263211.083918832940981, 5540878.841473673470318 ], [ 1263224.134517733938992, 5540876.250929138623178 ], [ 1263263.764955456601456, 5540869.183359492570162 ], [ 1263311.083918832940981, 5540861.129462302662432 ], [ 1263311.083918832940981, 5540829.320480721071362 ] ] ] ] } },
{ "type": "Feature", "properties": { "id": 814, "left": 1263211.0839188329, "top": 5540929.3204807211, "right": 1263311.0839188329, "bottom": 5540829.3204807211, "row_index": 31, "col_index": 23, "area": 1116791.26, "perimeter": 4375.401, "codzona": "G", "numquart": 15, "nomezona": "Galvani", "intersect_area": 5955.0776211023331 }, "geometry": { "type": "MultiPolygon", "coordinates": [ [ [ [ 1263311.083918832940981, 5540929.320480721071362 ], [ 1263311.083918832940981, 5540861.129462302662432 ], [ 1263263.764955456601456, 5540869.183359492570162 ], [ 1263224.134517733938992, 5540876.250929138623178 ], [ 1263211.083918832940981, 5540878.841473673470318 ], [ 1263211.083918832940981, 5540929.320480721071362 ], [ 1263311.083918832940981, 5540929.320480721071362 ] ] ] ] } },
{ "type": "Feature", "properties": { "id": 815, "left": 1263211.0839188329, "top": 5540829.3204807211, "right": 1263311.0839188329, "bottom": 5540729.3204807211, "row_index": 32, "col_index": 23, "area": 24725141.879000001, "perimeter": 30542.734, "codzona": "D", "numquart": 15, "nomezona": "Colli", "intersect_area": 10000.0 }, "geometry": { "type": "MultiPolygon", "coordinates": [ [ [ [ 1263311.083918832940981, 5540829.320480721071362 ], [ 1263311.083918832940981, 5540729.320480721071362 ], [ 1263211.083918832940981, 5540729.320480721071362 ], [ 1263211.083918832940981, 5540829.320480721071362 ], [ 1263311.083918832940981, 5540829.320480721071362 ] ] ] ] } },
{ "type": "Feature", "properties": { "id": 816, "left": 1263211.0839188329, "top": 5540729.3204807211, "right": 1263311.0839188329, "bottom": 5540629.3204807211, "row_index": 33, "col_index": 23, "area": 24725141.879000001, "perimeter": 30542.734, "codzona": "D", "numquart": 15, "nomezona": "Colli", "intersect_area": 10000.0 }, "geometry": { "type": "MultiPolygon", "coordinates": [ [ [ [ 1263311.083918832940981, 5540729.320480721071362 ], [ 1263311.083918832940981, 5540629.320480721071362 ], [ 1263211.083918832940981, 5540629.320480721071362 ], [ 1263211.083918832940981, 5540729.320480721071362 ], [ 1263311.083918832940981, 5540729.320480721071362 ] ] ] ] } },
{ "type": "Feature", "properties": { "id": 817, "left": 1263311.0839188329, "top": 5544029.3204807211, "right": 1263411.0839188329, "bottom": 5543929.3204807211, "row_index": 0, "col_index": 24, "area": 1375567.409, "perimeter": 5075.87, "codzona": "H", "numquart": 15, "nomezona": "Irnerio", "intersect_area": 3135.2847029529512 }, "geometry": { "type": "MultiPolygon", "coordinates": [ [ [ [ 1263411.083918832940981, 5543929.320480721071362 ], [ 1263311.083918832940981, 5543929.320480721071362 ], [ 1263311.083918832940981, 5543974.428634813986719 ], [ 1263366.411174859153107, 5543959.331673777662218 ], [ 1263411.083918832940981, 5543946.640654971823096 ], [ 1263411.083918832940981, 5543929.320480721071362 ] ] ] ] } },
{ "type": "Feature", "properties": { "id": 817, "left": 1263311.0839188329, "top": 5544029.3204807211, "right": 1263411.0839188329, "bottom": 5543929.3204807211, "row_index": 0, "col_index": 24, "area": 4943556.714, "perimeter": 8849.296, "codzona": "B", "numquart": 12, "nomezona": "Bolognina", "intersect_area": 6864.7152970433235 }, "geometry": { "type": "MultiPolygon", "coordinates": [ [ [ [ 1263411.083918832940981, 5544029.320480721071362 ], [ 1263411.083918832940981, 5543946.640654971823096 ], [ 1263366.411174859153107, 5543959.331673777662218 ], [ 1263311.083918832940981, 5543974.428634813986719 ], [ 1263311.083918832940981, 5544029.320480721071362 ], [ 1263411.083918832940981, 5544029.320480721071362 ] ] ] ] } },
{ "type": "Feature", "properties": { "id": 818, "left": 1263311.0839188329, "top": 5543929.3204807211, "right": 1263411.0839188329, "bottom": 5543829.3204807211, "row_index": 1, "col_index": 24, "area": 1375567.409, "perimeter": 5075.87, "codzona": "H", "numquart": 15, "nomezona": "Irnerio", "intersect_area": 10000.0 }, "geometry": { "type": "MultiPolygon", "coordinates": [ [ [ [ 1263411.083918832940981, 5543929.320480721071362 ], [ 1263411.083918832940981, 5543829.320480721071362 ], [ 1263311.083918832940981, 5543829.320480721071362 ], [ 1263311.083918832940981, 5543929.320480721071362 ], [ 1263411.083918832940981, 5543929.320480721071362 ] ] ] ] } },
{ "type": "Feature", "properties": { "id": 819, "left": 1263311.0839188329, "top": 5543829.3204807211, "right": 1263411.0839188329, "bottom": 5543729.3204807211, "row_index": 2, "col_index": 24, "area": 1375567.409, "perimeter": 5075.87, "codzona": "H", "numquart": 15, "nomezona": "Irnerio", "intersect_area": 10000.0 }, "geometry": { "type": "MultiPolygon", "coordinates": [ [ [ [ 1263411.083918832940981, 5543829.320480721071362 ], [ 1263411.083918832940981, 5543729.320480721071362 ], [ 1263311.083918832940981, 5543729.320480721071362 ], [ 1263311.083918832940981, 5543829.320480721071362 ], [ 1263411.083918832940981, 5543829.320480721071362 ] ] ] ] } },
{ "type": "Feature", "properties": { "id": 820, "left": 1263311.0839188329, "top": 5543729.3204807211, "right": 1263411.0839188329, "bottom": 5543629.3204807211, "row_index": 3, "col_index": 24, "area": 1375567.409, "perimeter": 5075.87, "codzona": "H", "numquart": 15, "nomezona": "Irnerio", "intersect_area": 10000.0 }, "geometry": { "type": "MultiPolygon", "coordinates": [ [ [ [ 1263411.083918832940981, 5543729.320480721071362 ], [ 1263411.083918832940981, 5543629.320480721071362 ], [ 1263311.083918832940981, 5543629.320480721071362 ], [ 1263311.083918832940981, 5543729.320480721071362 ], [ 1263411.083918832940981, 5543729.320480721071362 ] ] ] ] } },
{ "type": "Feature", "properties": { "id": 821, "left": 1263311.0839188329, "top": 5543629.3204807211, "right": 1263411.0839188329, "bottom": 5543529.3204807211, "row_index": 4, "col_index": 24, "area": 1375567.409, "perimeter": 5075.87, "codzona": "H", "numquart": 15, "nomezona": "Irnerio", "intersect_area": 10000.0 }, "geometry": { "type": "MultiPolygon", "coordinates": [ [ [ [ 1263411.083918832940981, 5543629.320480721071362 ], [ 1263411.083918832940981, 5543529.320480721071362 ], [ 1263311.083918832940981, 5543529.320480721071362 ], [ 1263311.083918832940981, 5543629.320480721071362 ], [ 1263411.083918832940981, 5543629.320480721071362 ] ] ] ] } },
{ "type": "Feature", "properties": { "id": 822, "left": 1263311.0839188329, "top": 5543529.3204807211, "right": 1263411.0839188329, "bottom": 5543429.3204807211, "row_index": 5, "col_index": 24, "area": 1375567.409, "perimeter": 5075.87, "codzona": "H", "numquart": 15, "nomezona": "Irnerio", "intersect_area": 10000.0 }, "geometry": { "type": "MultiPolygon", "coordinates": [ [ [ [ 1263411.083918832940981, 5543529.320480721071362 ], [ 1263411.083918832940981, 5543429.320480721071362 ], [ 1263311.083918832940981, 5543429.320480721071362 ], [ 1263311.083918832940981, 5543529.320480721071362 ], [ 1263411.083918832940981, 5543529.320480721071362 ] ] ] ] } },
{ "type": "Feature", "properties": { "id": 823, "left": 1263311.0839188329, "top": 5543429.3204807211, "right": 1263411.0839188329, "bottom": 5543329.3204807211, "row_index": 6, "col_index": 24, "area": 1375567.409, "perimeter": 5075.87, "codzona": "H", "numquart": 15, "nomezona": "Irnerio", "intersect_area": 10000.0 }, "geometry": { "type": "MultiPolygon", "coordinates": [ [ [ [ 1263411.083918832940981, 5543429.320480721071362 ], [ 1263411.083918832940981, 5543329.320480721071362 ], [ 1263311.083918832940981, 5543329.320480721071362 ], [ 1263311.083918832940981, 5543429.320480721071362 ], [ 1263411.083918832940981, 5543429.320480721071362 ] ] ] ] } },
{ "type": "Feature", "properties": { "id": 824, "left": 1263311.0839188329, "top": 5543329.3204807211, "right": 1263411.0839188329, "bottom": 5543229.3204807211, "row_index": 7, "col_index": 24, "area": 1375567.409, "perimeter": 5075.87, "codzona": "H", "numquart": 15, "nomezona": "Irnerio", "intersect_area": 10000.0 }, "geometry": { "type": "MultiPolygon", "coordinates": [ [ [ [ 1263411.083918832940981, 5543329.320480721071362 ], [ 1263411.083918832940981, 5543229.320480721071362 ], [ 1263311.083918832940981, 5543229.320480721071362 ], [ 1263311.083918832940981, 5543329.320480721071362 ], [ 1263411.083918832940981, 5543329.320480721071362 ] ] ] ] } },
{ "type": "Feature", "properties": { "id": 825, "left": 1263311.0839188329, "top": 5543229.3204807211, "right": 1263411.0839188329, "bottom": 5543129.3204807211, "row_index": 8, "col_index": 24, "area": 1375567.409, "perimeter": 5075.87, "codzona": "H", "numquart": 15, "nomezona": "Irnerio", "intersect_area": 10000.0 }, "geometry": { "type": "MultiPolygon", "coordinates": [ [ [ [ 1263411.083918832940981, 5543229.320480721071362 ], [ 1263411.083918832940981, 5543129.320480721071362 ], [ 1263311.083918832940981, 5543129.320480721071362 ], [ 1263311.083918832940981, 5543229.320480721071362 ], [ 1263411.083918832940981, 5543229.320480721071362 ] ] ] ] } },
{ "type": "Feature", "properties": { "id": 826, "left": 1263311.0839188329, "top": 5543129.3204807211, "right": 1263411.0839188329, "bottom": 5543029.3204807211, "row_index": 9, "col_index": 24, "area": 1375567.409, "perimeter": 5075.87, "codzona": "H", "numquart": 15, "nomezona": "Irnerio", "intersect_area": 10000.0 }, "geometry": { "type": "MultiPolygon", "coordinates": [ [ [ [ 1263411.083918832940981, 5543129.320480721071362 ], [ 1263411.083918832940981, 5543029.320480721071362 ], [ 1263311.083918832940981, 5543029.320480721071362 ], [ 1263311.083918832940981, 5543129.320480721071362 ], [ 1263411.083918832940981, 5543129.320480721071362 ] ] ] ] } },
{ "type": "Feature", "properties": { "id": 827, "left": 1263311.0839188329, "top": 5543029.3204807211, "right": 1263411.0839188329, "bottom": 5542929.3204807211, "row_index": 10, "col_index": 24, "area": 1375567.409, "perimeter": 5075.87, "codzona": "H", "numquart": 15, "nomezona": "Irnerio", "intersect_area": 10000.0 }, "geometry": { "type": "MultiPolygon", "coordinates": [ [ [ [ 1263411.083918832940981, 5543029.320480721071362 ], [ 1263411.083918832940981, 5542929.320480721071362 ], [ 1263311.083918832940981, 5542929.320480721071362 ], [ 1263311.083918832940981, 5543029.320480721071362 ], [ 1263411.083918832940981, 5543029.320480721071362 ] ] ] ] } },
{ "type": "Feature", "properties": { "id": 828, "left": 1263311.0839188329, "top": 5542929.3204807211, "right": 1263411.0839188329, "bottom": 5542829.3204807211, "row_index": 11, "col_index": 24, "area": 1375567.409, "perimeter": 5075.87, "codzona": "H", "numquart": 15, "nomezona": "Irnerio", "intersect_area": 10000.0 }, "geometry": { "type": "MultiPolygon", "coordinates": [ [ [ [ 1263411.083918832940981, 5542929.320480721071362 ], [ 1263411.083918832940981, 5542829.320480721071362 ], [ 1263311.083918832940981, 5542829.320480721071362 ], [ 1263311.083918832940981, 5542929.320480721071362 ], [ 1263411.083918832940981, 5542929.320480721071362 ] ] ] ] } },
{ "type": "Feature", "properties": { "id": 829, "left": 1263311.0839188329, "top": 5542829.3204807211, "right": 1263411.0839188329, "bottom": 5542729.3204807211, "row_index": 12, "col_index": 24, "area": 1375567.409, "perimeter": 5075.87, "codzona": "H", "numquart": 15, "nomezona": "Irnerio", "intersect_area": 10000.0 }, "geometry": { "type": "MultiPolygon", "coordinates": [ [ [ [ 1263411.083918832940981, 5542829.320480721071362 ], [ 1263411.083918832940981, 5542729.320480721071362 ], [ 1263311.083918832940981, 5542729.320480721071362 ], [ 1263311.083918832940981, 5542829.320480721071362 ], [ 1263411.083918832940981, 5542829.320480721071362 ] ] ] ] } },
{ "type": "Feature", "properties": { "id": 830, "left": 1263311.0839188329, "top": 5542729.3204807211, "right": 1263411.0839188329, "bottom": 5542629.3204807211, "row_index": 13, "col_index": 24, "area": 1375567.409, "perimeter": 5075.87, "codzona": "H", "numquart": 15, "nomezona": "Irnerio", "intersect_area": 10000.0 }, "geometry": { "type": "MultiPolygon", "coordinates": [ [ [ [ 1263411.083918832940981, 5542729.320480721071362 ], [ 1263411.083918832940981, 5542629.320480721071362 ], [ 1263311.083918832940981, 5542629.320480721071362 ], [ 1263311.083918832940981, 5542729.320480721071362 ], [ 1263411.083918832940981, 5542729.320480721071362 ] ] ] ] } },
{ "type": "Feature", "properties": { "id": 831, "left": 1263311.0839188329, "top": 5542629.3204807211, "right": 1263411.0839188329, "bottom": 5542529.3204807211, "row_index": 14, "col_index": 24, "area": 1375567.409, "perimeter": 5075.87, "codzona": "H", "numquart": 15, "nomezona": "Irnerio", "intersect_area": 10000.0 }, "geometry": { "type": "MultiPolygon", "coordinates": [ [ [ [ 1263411.083918832940981, 5542629.320480721071362 ], [ 1263411.083918832940981, 5542529.320480721071362 ], [ 1263311.083918832940981, 5542529.320480721071362 ], [ 1263311.083918832940981, 5542629.320480721071362 ], [ 1263411.083918832940981, 5542629.320480721071362 ] ] ] ] } },
{ "type": "Feature", "properties": { "id": 832, "left": 1263311.0839188329, "top": 5542529.3204807211, "right": 1263411.0839188329, "bottom": 5542429.3204807211, "row_index": 15, "col_index": 24, "area": 1375567.409, "perimeter": 5075.87, "codzona": "H", "numquart": 15, "nomezona": "Irnerio", "intersect_area": 10000.0 }, "geometry": { "type": "MultiPolygon", "coordinates": [ [ [ [ 1263411.083918832940981, 5542529.320480721071362 ], [ 1263411.083918832940981, 5542429.320480721071362 ], [ 1263311.083918832940981, 5542429.320480721071362 ], [ 1263311.083918832940981, 5542529.320480721071362 ], [ 1263411.083918832940981, 5542529.320480721071362 ] ] ] ] } },
{ "type": "Feature", "properties": { "id": 833, "left": 1263311.0839188329, "top": 5542429.3204807211, "right": 1263411.0839188329, "bottom": 5542329.3204807211, "row_index": 16, "col_index": 24, "area": 1375567.409, "perimeter": 5075.87, "codzona": "H", "numquart": 15, "nomezona": "Irnerio", "intersect_area": 10000.0 }, "geometry": { "type": "MultiPolygon", "coordinates": [ [ [ [ 1263411.083918832940981, 5542429.320480721071362 ], [ 1263411.083918832940981, 5542329.320480721071362 ], [ 1263311.083918832940981, 5542329.320480721071362 ], [ 1263311.083918832940981, 5542429.320480721071362 ], [ 1263411.083918832940981, 5542429.320480721071362 ] ] ] ] } },
{ "type": "Feature", "properties": { "id": 834, "left": 1263311.0839188329, "top": 5542329.3204807211, "right": 1263411.0839188329, "bottom": 5542229.3204807211, "row_index": 17, "col_index": 24, "area": 1375567.409, "perimeter": 5075.87, "codzona": "H", "numquart": 15, "nomezona": "Irnerio", "intersect_area": 10000.0 }, "geometry": { "type": "MultiPolygon", "coordinates": [ [ [ [ 1263411.083918832940981, 5542329.320480721071362 ], [ 1263411.083918832940981, 5542229.320480721071362 ], [ 1263311.083918832940981, 5542229.320480721071362 ], [ 1263311.083918832940981, 5542329.320480721071362 ], [ 1263411.083918832940981, 5542329.320480721071362 ] ] ] ] } },
{ "type": "Feature", "properties": { "id": 835, "left": 1263311.0839188329, "top": 5542229.3204807211, "right": 1263411.0839188329, "bottom": 5542129.3204807211, "row_index": 18, "col_index": 24, "area": 1375567.409, "perimeter": 5075.87, "codzona": "H", "numquart": 15, "nomezona": "Irnerio", "intersect_area": 10000.0 }, "geometry": { "type": "MultiPolygon", "coordinates": [ [ [ [ 1263411.083918832940981, 5542229.320480721071362 ], [ 1263411.083918832940981, 5542129.320480721071362 ], [ 1263311.083918832940981, 5542129.320480721071362 ], [ 1263311.083918832940981, 5542229.320480721071362 ], [ 1263411.083918832940981, 5542229.320480721071362 ] ] ] ] } },
{ "type": "Feature", "properties": { "id": 836, "left": 1263311.0839188329, "top": 5542129.3204807211, "right": 1263411.0839188329, "bottom": 5542029.3204807211, "row_index": 19, "col_index": 24, "area": 1116791.26, "perimeter": 4375.401, "codzona": "G", "numquart": 15, "nomezona": "Galvani", "intersect_area": 6356.3162299878895 }, "geometry": { "type": "MultiPolygon", "coordinates": [ [ [ [ 1263411.083918832940981, 5542029.320480721071362 ], [ 1263311.083918832940981, 5542029.320480721071362 ], [ 1263311.083918832940981, 5542120.977252793498337 ], [ 1263346.481943050166592, 5542101.17586749792099 ], [ 1263395.990420105867088, 5542073.106838738545775 ], [ 1263411.083918832940981, 5542064.997370691038668 ], [ 1263411.083918832940981, 5542029.320480721071362 ] ] ] ] } },
{ "type": "Feature", "properties": { "id": 836, "left": 1263311.0839188329, "top": 5542129.3204807211, "right": 1263411.0839188329, "bottom": 5542029.3204807211, "row_index": 19, "col_index": 24, "area": 1375567.409, "perimeter": 5075.87, "codzona": "H", "numquart": 15, "nomezona": "Irnerio", "intersect_area": 3643.6837700009346 }, "geometry": { "type": "MultiPolygon", "coordinates": [ [ [ [ 1263411.083918832940981, 5542129.320480721071362 ], [ 1263411.083918832940981, 5542064.997370691038668 ], [ 1263395.990420105867088, 5542073.106838738545775 ], [ 1263346.481943050166592, 5542101.17586749792099 ], [ 1263311.083918832940981, 5542120.977252793498337 ], [ 1263311.083918832940981, 5542129.320480721071362 ], [ 1263411.083918832940981, 5542129.320480721071362 ] ] ] ] } },
{ "type": "Feature", "properties": { "id": 837, "left": 1263311.0839188329, "top": 5542029.3204807211, "right": 1263411.0839188329, "bottom": 5541929.3204807211, "row_index": 20, "col_index": 24, "area": 1116791.26, "perimeter": 4375.401, "codzona": "G", "numquart": 15, "nomezona": "Galvani", "intersect_area": 10000.0 }, "geometry": { "type": "MultiPolygon", "coordinates": [ [ [ [ 1263411.083918832940981, 5542029.320480721071362 ], [ 1263411.083918832940981, 5541929.320480721071362 ], [ 1263311.083918832940981, 5541929.320480721071362 ], [ 1263311.083918832940981, 5542029.320480721071362 ], [ 1263411.083918832940981, 5542029.320480721071362 ] ] ] ] } },
{ "type": "Feature", "properties": { "id": 838, "left": 1263311.0839188329, "top": 5541929.3204807211, "right": 1263411.0839188329, "bottom": 5541829.3204807211, "row_index": 21, "col_index": 24, "area": 1116791.26, "perimeter": 4375.401, "codzona": "G", "numquart": 15, "nomezona": "Galvani", "intersect_area": 10000.0 }, "geometry": { "type": "MultiPolygon", "coordinates": [ [ [ [ 1263411.083918832940981, 5541929.320480721071362 ], [ 1263411.083918832940981, 5541829.320480721071362 ], [ 1263311.083918832940981, 5541829.320480721071362 ], [ 1263311.083918832940981, 5541929.320480721071362 ], [ 1263411.083918832940981, 5541929.320480721071362 ] ] ] ] } },
{ "type": "Feature", "properties": { "id": 839, "left": 1263311.0839188329, "top": 5541829.3204807211, "right": 1263411.0839188329, "bottom": 5541729.3204807211, "row_index": 22, "col_index": 24, "area": 1116791.26, "perimeter": 4375.401, "codzona": "G", "numquart": 15, "nomezona": "Galvani", "intersect_area": 10000.0 }, "geometry": { "type": "MultiPolygon", "coordinates": [ [ [ [ 1263411.083918832940981, 5541829.320480721071362 ], [ 1263411.083918832940981, 5541729.320480721071362 ], [ 1263311.083918832940981, 5541729.320480721071362 ], [ 1263311.083918832940981, 5541829.320480721071362 ], [ 1263411.083918832940981, 5541829.320480721071362 ] ] ] ] } },
{ "type": "Feature", "properties": { "id": 840, "left": 1263311.0839188329, "top": 5541729.3204807211, "right": 1263411.0839188329, "bottom": 5541629.3204807211, "row_index": 23, "col_index": 24, "area": 1116791.26, "perimeter": 4375.401, "codzona": "G", "numquart": 15, "nomezona": "Galvani", "intersect_area": 10000.0 }, "geometry": { "type": "MultiPolygon", "coordinates": [ [ [ [ 1263411.083918832940981, 5541729.320480721071362 ], [ 1263411.083918832940981, 5541629.320480721071362 ], [ 1263311.083918832940981, 5541629.320480721071362 ], [ 1263311.083918832940981, 5541729.320480721071362 ], [ 1263411.083918832940981, 5541729.320480721071362 ] ] ] ] } },
{ "type": "Feature", "properties": { "id": 841, "left": 1263311.0839188329, "top": 5541629.3204807211, "right": 1263411.0839188329, "bottom": 5541529.3204807211, "row_index": 24, "col_index": 24, "area": 1116791.26, "perimeter": 4375.401, "codzona": "G", "numquart": 15, "nomezona": "Galvani", "intersect_area": 10000.0 }, "geometry": { "type": "MultiPolygon", "coordinates": [ [ [ [ 1263411.083918832940981, 5541629.320480721071362 ], [ 1263411.083918832940981, 5541529.320480721071362 ], [ 1263311.083918832940981, 5541529.320480721071362 ], [ 1263311.083918832940981, 5541629.320480721071362 ], [ 1263411.083918832940981, 5541629.320480721071362 ] ] ] ] } },
{ "type": "Feature", "properties": { "id": 842, "left": 1263311.0839188329, "top": 5541529.3204807211, "right": 1263411.0839188329, "bottom": 5541429.3204807211, "row_index": 25, "col_index": 24, "area": 1116791.26, "perimeter": 4375.401, "codzona": "G", "numquart": 15, "nomezona": "Galvani", "intersect_area": 10000.0 }, "geometry": { "type": "MultiPolygon", "coordinates": [ [ [ [ 1263411.083918832940981, 5541529.320480721071362 ], [ 1263411.083918832940981, 5541429.320480721071362 ], [ 1263311.083918832940981, 5541429.320480721071362 ], [ 1263311.083918832940981, 5541529.320480721071362 ], [ 1263411.083918832940981, 5541529.320480721071362 ] ] ] ] } },
{ "type": "Feature", "properties": { "id": 843, "left": 1263311.0839188329, "top": 5541429.3204807211, "right": 1263411.0839188329, "bottom": 5541329.3204807211, "row_index": 26, "col_index": 24, "area": 1116791.26, "perimeter": 4375.401, "codzona": "G", "numquart": 15, "nomezona": "Galvani", "intersect_area": 10000.0 }, "geometry": { "type": "MultiPolygon", "coordinates": [ [ [ [ 1263411.083918832940981, 5541429.320480721071362 ], [ 1263411.083918832940981, 5541329.320480721071362 ], [ 1263311.083918832940981, 5541329.320480721071362 ], [ 1263311.083918832940981, 5541429.320480721071362 ], [ 1263411.083918832940981, 5541429.320480721071362 ] ] ] ] } },
{ "type": "Feature", "properties": { "id": 844, "left": 1263311.0839188329, "top": 5541329.3204807211, "right": 1263411.0839188329, "bottom": 5541229.3204807211, "row_index": 27, "col_index": 24, "area": 1116791.26, "perimeter": 4375.401, "codzona": "G", "numquart": 15, "nomezona": "Galvani", "intersect_area": 10000.0 }, "geometry": { "type": "MultiPolygon", "coordinates": [ [ [ [ 1263411.083918832940981, 5541329.320480721071362 ], [ 1263411.083918832940981, 5541229.320480721071362 ], [ 1263311.083918832940981, 5541229.320480721071362 ], [ 1263311.083918832940981, 5541329.320480721071362 ], [ 1263411.083918832940981, 5541329.320480721071362 ] ] ] ] } },
{ "type": "Feature", "properties": { "id": 845, "left": 1263311.0839188329, "top": 5541229.3204807211, "right": 1263411.0839188329, "bottom": 5541129.3204807211, "row_index": 28, "col_index": 24, "area": 1116791.26, "perimeter": 4375.401, "codzona": "G", "numquart": 15, "nomezona": "Galvani", "intersect_area": 10000.0 }, "geometry": { "type": "MultiPolygon", "coordinates": [ [ [ [ 1263411.083918832940981, 5541229.320480721071362 ], [ 1263411.083918832940981, 5541129.320480721071362 ], [ 1263311.083918832940981, 5541129.320480721071362 ], [ 1263311.083918832940981, 5541229.320480721071362 ], [ 1263411.083918832940981, 5541229.320480721071362 ] ] ] ] } },
{ "type": "Feature", "properties": { "id": 846, "left": 1263311.0839188329, "top": 5541129.3204807211, "right": 1263411.0839188329, "bottom": 5541029.3204807211, "row_index": 29, "col_index": 24, "area": 1116791.26, "perimeter": 4375.401, "codzona": "G", "numquart": 15, "nomezona": "Galvani", "intersect_area": 10000.0 }, "geometry": { "type": "MultiPolygon", "coordinates": [ [ [ [ 1263411.083918832940981, 5541129.320480721071362 ], [ 1263411.083918832940981, 5541029.320480721071362 ], [ 1263311.083918832940981, 5541029.320480721071362 ], [ 1263311.083918832940981, 5541129.320480721071362 ], [ 1263411.083918832940981, 5541129.320480721071362 ] ] ] ] } },
{ "type": "Feature", "properties": { "id": 847, "left": 1263311.0839188329, "top": 5541029.3204807211, "right": 1263411.0839188329, "bottom": 5540929.3204807211, "row_index": 30, "col_index": 24, "area": 1116791.26, "perimeter": 4375.401, "codzona": "G", "numquart": 15, "nomezona": "Galvani", "intersect_area": 10000.0 }, "geometry": { "type": "MultiPolygon", "coordinates": [ [ [ [ 1263411.083918832940981, 5541029.320480721071362 ], [ 1263411.083918832940981, 5540929.320480721071362 ], [ 1263311.083918832940981, 5540929.320480721071362 ], [ 1263311.083918832940981, 5541029.320480721071362 ], [ 1263411.083918832940981, 5541029.320480721071362 ] ] ] ] } },
{ "type": "Feature", "properties": { "id": 848, "left": 1263311.0839188329, "top": 5540929.3204807211, "right": 1263411.0839188329, "bottom": 5540829.3204807211, "row_index": 31, "col_index": 24, "area": 2822503.649, "perimeter": 8534.222, "codzona": "O", "numquart": 15, "nomezona": "Murri", "intersect_area": 350.99210224673152 }, "geometry": { "type": "MultiPolygon", "coordinates": [ [ [ [ 1263411.083918832940981, 5540829.320480721071362 ], [ 1263387.308566523017362, 5540829.320480721071362 ], [ 1263388.981115955393761, 5540835.019193007610738 ], [ 1263392.440824774093926, 5540847.281917804852128 ], [ 1263411.083918832940981, 5540844.110881778411567 ], [ 1263411.083918832940981, 5540829.320480721071362 ] ] ] ] } },
{ "type": "Feature", "properties": { "id": 848, "left": 1263311.0839188329, "top": 5540929.3204807211, "right": 1263411.0839188329, "bottom": 5540829.3204807211, "row_index": 31, "col_index": 24, "area": 24725141.879000001, "perimeter": 30542.734, "codzona": "D", "numquart": 15, "nomezona": "Colli", "intersect_area": 1978.8956809341908 }, "geometry": { "type": "MultiPolygon", "coordinates": [ [ [ [ 1263311.083918832940981, 5540829.320480721071362 ], [ 1263311.083918832940981, 5540861.129462302662432 ], [ 1263364.278938221279532, 5540852.075434347614646 ], [ 1263392.440824774093926, 5540847.281917804852128 ], [ 1263388.981115955393761, 5540835.019193007610738 ], [ 1263387.308566523017362, 5540829.320480721071362 ], [ 1263311.083918832940981, 5540829.320480721071362 ] ] ] ] } },
{ "type": "Feature", "properties": { "id": 848, "left": 1263311.0839188329, "top": 5540929.3204807211, "right": 1263411.0839188329, "bottom": 5540829.3204807211, "row_index": 31, "col_index": 24, "area": 1116791.26, "perimeter": 4375.401, "codzona": "G", "numquart": 15, "nomezona": "Galvani", "intersect_area": 7670.112216770649 }, "geometry": { "type": "MultiPolygon", "coordinates": [ [ [ [ 1263411.083918832940981, 5540929.320480721071362 ], [ 1263411.083918832940981, 5540844.110881778411567 ], [ 1263392.440824774093926, 5540847.281917804852128 ], [ 1263364.278938221279532, 5540852.075434347614646 ], [ 1263311.083918832940981, 5540861.129462302662432 ], [ 1263311.083918832940981, 5540929.320480721071362 ], [ 1263411.083918832940981, 5540929.320480721071362 ] ] ] ] } },
{ "type": "Feature", "properties": { "id": 849, "left": 1263311.0839188329, "top": 5540829.3204807211, "right": 1263411.0839188329, "bottom": 5540729.3204807211, "row_index": 32, "col_index": 24, "area": 2822503.649, "perimeter": 8534.222, "codzona": "O", "numquart": 15, "nomezona": "Murri", "intersect_area": 1672.810598269105 }, "geometry": { "type": "MultiPolygon", "coordinates": [ [ [ [ 1263411.083918832940981, 5540829.320480721071362 ], [ 1263411.083918832940981, 5540774.805619998835027 ], [ 1263379.829473359975964, 5540779.306112413294613 ], [ 1263379.093737683724612, 5540777.079777049832046 ], [ 1263373.329765115398914, 5540779.156471502967179 ], [ 1263370.531478050397709, 5540780.770867638289928 ], [ 1263373.842913389205933, 5540789.150332038290799 ], [ 1263380.14077811408788, 5540806.437856294214725 ], [ 1263381.984530626563355, 5540811.180419692769647 ], [ 1263387.308566523017362, 5540829.320480721071362 ], [ 1263411.083918832940981, 5540829.320480721071362 ] ] ] ] } },
{ "type": "Feature", "properties": { "id": 849, "left": 1263311.0839188329, "top": 5540829.3204807211, "right": 1263411.0839188329, "bottom": 5540729.3204807211, "row_index": 32, "col_index": 24, "area": 24725141.879000001, "perimeter": 30542.734, "codzona": "D", "numquart": 15, "nomezona": "Colli", "intersect_area": 8327.1894017159939 }, "geometry": { "type": "MultiPolygon", "coordinates": [ [ [ [ 1263387.308566523017362, 5540829.320480721071362 ], [ 1263381.984530626563355, 5540811.180419692769647 ], [ 1263380.14077811408788, 5540806.437856294214725 ], [ 1263373.842913389205933, 5540789.150332038290799 ], [ 1263370.531478050397709, 5540780.770867638289928 ], [ 1263373.329765115398914, 5540779.156471502967179 ], [ 1263379.093737683724612, 5540777.079777049832046 ], [ 1263379.829473359975964, 5540779.306112413294613 ], [ 1263411.083918832940981, 5540774.805619998835027 ], [ 1263411.083918832940981, 5540729.320480721071362 ], [ 1263311.083918832940981, 5540729.320480721071362 ], [ 1263311.083918832940981, 5540829.320480721071362 ], [ 1263387.308566523017362, 5540829.320480721071362 ] ] ] ] } },
{ "type": "Feature", "properties": { "id": 850, "left": 1263311.0839188329, "top": 5540729.3204807211, "right": 1263411.0839188329, "bottom": 5540629.3204807211, "row_index": 33, "col_index": 24, "area": 24725141.879000001, "perimeter": 30542.734, "codzona": "D", "numquart": 15, "nomezona": "Colli", "intersect_area": 10000.0 }, "geometry": { "type": "MultiPolygon", "coordinates": [ [ [ [ 1263411.083918832940981, 5540729.320480721071362 ], [ 1263411.083918832940981, 5540629.320480721071362 ], [ 1263311.083918832940981, 5540629.320480721071362 ], [ 1263311.083918832940981, 5540729.320480721071362 ], [ 1263411.083918832940981, 5540729.320480721071362 ] ] ] ] } },
{ "type": "Feature", "properties": { "id": 851, "left": 1263411.0839188329, "top": 5544029.3204807211, "right": 1263511.0839188329, "bottom": 5543929.3204807211, "row_index": 0, "col_index": 25, "area": 1375567.409, "perimeter": 5075.87, "codzona": "H", "numquart": 15, "nomezona": "Irnerio", "intersect_area": 513.28907459974289 }, "geometry": { "type": "MultiPolygon", "coordinates": [ [ [ [ 1263411.083918832940981, 5543929.320480721071362 ], [ 1263411.083918832940981, 5543946.640654971823096 ], [ 1263419.65280652185902, 5543944.206331375055015 ], [ 1263470.077089041238651, 5543929.320480721071362 ], [ 1263411.083918832940981, 5543929.320480721071362 ] ] ] ] } },
{ "type": "Feature", "properties": { "id": 851, "left": 1263411.0839188329, "top": 5544029.3204807211, "right": 1263511.0839188329, "bottom": 5543929.3204807211, "row_index": 0, "col_index": 25, "area": 4943556.714, "perimeter": 8849.296, "codzona": "B", "numquart": 12, "nomezona": "Bolognina", "intersect_area": 9486.7109253406525 }, "geometry": { "type": "MultiPolygon", "coordinates": [ [ [ [ 1263511.083918832940981, 5544029.320480721071362 ], [ 1263511.083918832940981, 5543929.320480721071362 ], [ 1263470.077089041238651, 5543929.320480721071362 ], [ 1263419.65280652185902, 5543944.206331375055015 ], [ 1263411.083918832940981, 5543946.640654971823096 ], [ 1263411.083918832940981, 5544029.320480721071362 ], [ 1263511.083918832940981, 5544029.320480721071362 ] ] ] ] } },
{ "type": "Feature", "properties": { "id": 852, "left": 1263411.0839188329, "top": 5543929.3204807211, "right": 1263511.0839188329, "bottom": 5543829.3204807211, "row_index": 1, "col_index": 25, "area": 1375567.409, "perimeter": 5075.87, "codzona": "H", "numquart": 15, "nomezona": "Irnerio", "intersect_area": 9770.0170592665672 }, "geometry": { "type": "MultiPolygon", "coordinates": [ [ [ [ 1263470.077089041238651, 5543929.320480721071362 ], [ 1263493.543150341603905, 5543922.393019059672952 ], [ 1263497.468161083525047, 5543921.698632794432342 ], [ 1263511.083918832940981, 5543919.293700526468456 ], [ 1263511.083918832940981, 5543829.320480721071362 ], [ 1263411.083918832940981, 5543829.320480721071362 ], [ 1263411.083918832940981, 5543929.320480721071362 ], [ 1263470.077089041238651, 5543929.320480721071362 ] ] ] ] } },
{ "type": "Feature", "properties": { "id": 852, "left": 1263411.0839188329, "top": 5543929.3204807211, "right": 1263511.0839188329, "bottom": 5543829.3204807211, "row_index": 1, "col_index": 25, "area": 4943556.714, "perimeter": 8849.296, "codzona": "B", "numquart": 12, "nomezona": "Bolognina", "intersect_area": 229.98294076323509 }, "geometry": { "type": "MultiPolygon", "coordinates": [ [ [ [ 1263511.083918832940981, 5543929.320480721071362 ], [ 1263511.083918832940981, 5543919.293700526468456 ], [ 1263497.468161083525047, 5543921.698632794432342 ], [ 1263493.543150341603905, 5543922.393019059672952 ], [ 1263470.077089041238651, 5543929.320480721071362 ], [ 1263511.083918832940981, 5543929.320480721071362 ] ] ] ] } },
{ "type": "Feature", "properties": { "id": 853, "left": 1263411.0839188329, "top": 5543829.3204807211, "right": 1263511.0839188329, "bottom": 5543729.3204807211, "row_index": 2, "col_index": 25, "area": 1375567.409, "perimeter": 5075.87, "codzona": "H", "numquart": 15, "nomezona": "Irnerio", "intersect_area": 10000.0 }, "geometry": { "type": "MultiPolygon", "coordinates": [ [ [ [ 1263511.083918832940981, 5543829.320480721071362 ], [ 1263511.083918832940981, 5543729.320480721071362 ], [ 1263411.083918832940981, 5543729.320480721071362 ], [ 1263411.083918832940981, 5543829.320480721071362 ], [ 1263511.083918832940981, 5543829.320480721071362 ] ] ] ] } },
{ "type": "Feature", "properties": { "id": 854, "left": 1263411.0839188329, "top": 5543729.3204807211, "right": 1263511.0839188329, "bottom": 5543629.3204807211, "row_index": 3, "col_index": 25, "area": 1375567.409, "perimeter": 5075.87, "codzona": "H", "numquart": 15, "nomezona": "Irnerio", "intersect_area": 10000.0 }, "geometry": { "type": "MultiPolygon", "coordinates": [ [ [ [ 1263511.083918832940981, 5543729.320480721071362 ], [ 1263511.083918832940981, 5543629.320480721071362 ], [ 1263411.083918832940981, 5543629.320480721071362 ], [ 1263411.083918832940981, 5543729.320480721071362 ], [ 1263511.083918832940981, 5543729.320480721071362 ] ] ] ] } },
{ "type": "Feature", "properties": { "id": 855, "left": 1263411.0839188329, "top": 5543629.3204807211, "right": 1263511.0839188329, "bottom": 5543529.3204807211, "row_index": 4, "col_index": 25, "area": 1375567.409, "perimeter": 5075.87, "codzona": "H", "numquart": 15, "nomezona": "Irnerio", "intersect_area": 10000.0 }, "geometry": { "type": "MultiPolygon", "coordinates": [ [ [ [ 1263511.083918832940981, 5543629.320480721071362 ], [ 1263511.083918832940981, 5543529.320480721071362 ], [ 1263411.083918832940981, 5543529.320480721071362 ], [ 1263411.083918832940981, 5543629.320480721071362 ], [ 1263511.083918832940981, 5543629.320480721071362 ] ] ] ] } },
{ "type": "Feature", "properties": { "id": 856, "left": 1263411.0839188329, "top": 5543529.3204807211, "right": 1263511.0839188329, "bottom": 5543429.3204807211, "row_index": 5, "col_index": 25, "area": 1375567.409, "perimeter": 5075.87, "codzona": "H", "numquart": 15, "nomezona": "Irnerio", "intersect_area": 10000.0 }, "geometry": { "type": "MultiPolygon", "coordinates": [ [ [ [ 1263511.083918832940981, 5543529.320480721071362 ], [ 1263511.083918832940981, 5543429.320480721071362 ], [ 1263411.083918832940981, 5543429.320480721071362 ], [ 1263411.083918832940981, 5543529.320480721071362 ], [ 1263511.083918832940981, 5543529.320480721071362 ] ] ] ] } },
{ "type": "Feature", "properties": { "id": 857, "left": 1263411.0839188329, "top": 5543429.3204807211, "right": 1263511.0839188329, "bottom": 5543329.3204807211, "row_index": 6, "col_index": 25, "area": 1375567.409, "perimeter": 5075.87, "codzona": "H", "numquart": 15, "nomezona": "Irnerio", "intersect_area": 10000.0 }, "geometry": { "type": "MultiPolygon", "coordinates": [ [ [ [ 1263511.083918832940981, 5543429.320480721071362 ], [ 1263511.083918832940981, 5543329.320480721071362 ], [ 1263411.083918832940981, 5543329.320480721071362 ], [ 1263411.083918832940981, 5543429.320480721071362 ], [ 1263511.083918832940981, 5543429.320480721071362 ] ] ] ] } },
{ "type": "Feature", "properties": { "id": 858, "left": 1263411.0839188329, "top": 5543329.3204807211, "right": 1263511.0839188329, "bottom": 5543229.3204807211, "row_index": 7, "col_index": 25, "area": 1375567.409, "perimeter": 5075.87, "codzona": "H", "numquart": 15, "nomezona": "Irnerio", "intersect_area": 10000.0 }, "geometry": { "type": "MultiPolygon", "coordinates": [ [ [ [ 1263511.083918832940981, 5543329.320480721071362 ], [ 1263511.083918832940981, 5543229.320480721071362 ], [ 1263411.083918832940981, 5543229.320480721071362 ], [ 1263411.083918832940981, 5543329.320480721071362 ], [ 1263511.083918832940981, 5543329.320480721071362 ] ] ] ] } },
{ "type": "Feature", "properties": { "id": 859, "left": 1263411.0839188329, "top": 5543229.3204807211, "right": 1263511.0839188329, "bottom": 5543129.3204807211, "row_index": 8, "col_index": 25, "area": 1375567.409, "perimeter": 5075.87, "codzona": "H", "numquart": 15, "nomezona": "Irnerio", "intersect_area": 10000.0 }, "geometry": { "type": "MultiPolygon", "coordinates": [ [ [ [ 1263511.083918832940981, 5543229.320480721071362 ], [ 1263511.083918832940981, 5543129.320480721071362 ], [ 1263411.083918832940981, 5543129.320480721071362 ], [ 1263411.083918832940981, 5543229.320480721071362 ], [ 1263511.083918832940981, 5543229.320480721071362 ] ] ] ] } },
{ "type": "Feature", "properties": { "id": 860, "left": 1263411.0839188329, "top": 5543129.3204807211, "right": 1263511.0839188329, "bottom": 5543029.3204807211, "row_index": 9, "col_index": 25, "area": 1375567.409, "perimeter": 5075.87, "codzona": "H", "numquart": 15, "nomezona": "Irnerio", "intersect_area": 10000.0 }, "geometry": { "type": "MultiPolygon", "coordinates": [ [ [ [ 1263511.083918832940981, 5543129.320480721071362 ], [ 1263511.083918832940981, 5543029.320480721071362 ], [ 1263411.083918832940981, 5543029.320480721071362 ], [ 1263411.083918832940981, 5543129.320480721071362 ], [ 1263511.083918832940981, 5543129.320480721071362 ] ] ] ] } },
{ "type": "Feature", "properties": { "id": 861, "left": 1263411.0839188329, "top": 5543029.3204807211, "right": 1263511.0839188329, "bottom": 5542929.3204807211, "row_index": 10, "col_index": 25, "area": 1375567.409, "perimeter": 5075.87, "codzona": "H", "numquart": 15, "nomezona": "Irnerio", "intersect_area": 10000.0 }, "geometry": { "type": "MultiPolygon", "coordinates": [ [ [ [ 1263511.083918832940981, 5543029.320480721071362 ], [ 1263511.083918832940981, 5542929.320480721071362 ], [ 1263411.083918832940981, 5542929.320480721071362 ], [ 1263411.083918832940981, 5543029.320480721071362 ], [ 1263511.083918832940981, 5543029.320480721071362 ] ] ] ] } },
{ "type": "Feature", "properties": { "id": 862, "left": 1263411.0839188329, "top": 5542929.3204807211, "right": 1263511.0839188329, "bottom": 5542829.3204807211, "row_index": 11, "col_index": 25, "area": 1375567.409, "perimeter": 5075.87, "codzona": "H", "numquart": 15, "nomezona": "Irnerio", "intersect_area": 10000.0 }, "geometry": { "type": "MultiPolygon", "coordinates": [ [ [ [ 1263511.083918832940981, 5542929.320480721071362 ], [ 1263511.083918832940981, 5542829.320480721071362 ], [ 1263411.083918832940981, 5542829.320480721071362 ], [ 1263411.083918832940981, 5542929.320480721071362 ], [ 1263511.083918832940981, 5542929.320480721071362 ] ] ] ] } },
{ "type": "Feature", "properties": { "id": 863, "left": 1263411.0839188329, "top": 5542829.3204807211, "right": 1263511.0839188329, "bottom": 5542729.3204807211, "row_index": 12, "col_index": 25, "area": 1375567.409, "perimeter": 5075.87, "codzona": "H", "numquart": 15, "nomezona": "Irnerio", "intersect_area": 10000.0 }, "geometry": { "type": "MultiPolygon", "coordinates": [ [ [ [ 1263511.083918832940981, 5542829.320480721071362 ], [ 1263511.083918832940981, 5542729.320480721071362 ], [ 1263411.083918832940981, 5542729.320480721071362 ], [ 1263411.083918832940981, 5542829.320480721071362 ], [ 1263511.083918832940981, 5542829.320480721071362 ] ] ] ] } },
{ "type": "Feature", "properties": { "id": 864, "left": 1263411.0839188329, "top": 5542729.3204807211, "right": 1263511.0839188329, "bottom": 5542629.3204807211, "row_index": 13, "col_index": 25, "area": 1375567.409, "perimeter": 5075.87, "codzona": "H", "numquart": 15, "nomezona": "Irnerio", "intersect_area": 10000.0 }, "geometry": { "type": "MultiPolygon", "coordinates": [ [ [ [ 1263511.083918832940981, 5542729.320480721071362 ], [ 1263511.083918832940981, 5542629.320480721071362 ], [ 1263411.083918832940981, 5542629.320480721071362 ], [ 1263411.083918832940981, 5542729.320480721071362 ], [ 1263511.083918832940981, 5542729.320480721071362 ] ] ] ] } },
{ "type": "Feature", "properties": { "id": 865, "left": 1263411.0839188329, "top": 5542629.3204807211, "right": 1263511.0839188329, "bottom": 5542529.3204807211, "row_index": 14, "col_index": 25, "area": 1375567.409, "perimeter": 5075.87, "codzona": "H", "numquart": 15, "nomezona": "Irnerio", "intersect_area": 10000.0 }, "geometry": { "type": "MultiPolygon", "coordinates": [ [ [ [ 1263511.083918832940981, 5542629.320480721071362 ], [ 1263511.083918832940981, 5542529.320480721071362 ], [ 1263411.083918832940981, 5542529.320480721071362 ], [ 1263411.083918832940981, 5542629.320480721071362 ], [ 1263511.083918832940981, 5542629.320480721071362 ] ] ] ] } },
{ "type": "Feature", "properties": { "id": 866, "left": 1263411.0839188329, "top": 5542529.3204807211, "right": 1263511.0839188329, "bottom": 5542429.3204807211, "row_index": 15, "col_index": 25, "area": 1375567.409, "perimeter": 5075.87, "codzona": "H", "numquart": 15, "nomezona": "Irnerio", "intersect_area": 10000.0 }, "geometry": { "type": "MultiPolygon", "coordinates": [ [ [ [ 1263511.083918832940981, 5542529.320480721071362 ], [ 1263511.083918832940981, 5542429.320480721071362 ], [ 1263411.083918832940981, 5542429.320480721071362 ], [ 1263411.083918832940981, 5542529.320480721071362 ], [ 1263511.083918832940981, 5542529.320480721071362 ] ] ] ] } },
{ "type": "Feature", "properties": { "id": 867, "left": 1263411.0839188329, "top": 5542429.3204807211, "right": 1263511.0839188329, "bottom": 5542329.3204807211, "row_index": 16, "col_index": 25, "area": 1375567.409, "perimeter": 5075.87, "codzona": "H", "numquart": 15, "nomezona": "Irnerio", "intersect_area": 10000.0 }, "geometry": { "type": "MultiPolygon", "coordinates": [ [ [ [ 1263511.083918832940981, 5542429.320480721071362 ], [ 1263511.083918832940981, 5542329.320480721071362 ], [ 1263411.083918832940981, 5542329.320480721071362 ], [ 1263411.083918832940981, 5542429.320480721071362 ], [ 1263511.083918832940981, 5542429.320480721071362 ] ] ] ] } },
{ "type": "Feature", "properties": { "id": 868, "left": 1263411.0839188329, "top": 5542329.3204807211, "right": 1263511.0839188329, "bottom": 5542229.3204807211, "row_index": 17, "col_index": 25, "area": 1375567.409, "perimeter": 5075.87, "codzona": "H", "numquart": 15, "nomezona": "Irnerio", "intersect_area": 10000.0 }, "geometry": { "type": "MultiPolygon", "coordinates": [ [ [ [ 1263511.083918832940981, 5542329.320480721071362 ], [ 1263511.083918832940981, 5542229.320480721071362 ], [ 1263411.083918832940981, 5542229.320480721071362 ], [ 1263411.083918832940981, 5542329.320480721071362 ], [ 1263511.083918832940981, 5542329.320480721071362 ] ] ] ] } },
{ "type": "Feature", "properties": { "id": 869, "left": 1263411.0839188329, "top": 5542229.3204807211, "right": 1263511.0839188329, "bottom": 5542129.3204807211, "row_index": 18, "col_index": 25, "area": 1375567.409, "perimeter": 5075.87, "codzona": "H", "numquart": 15, "nomezona": "Irnerio", "intersect_area": 10000.0 }, "geometry": { "type": "MultiPolygon", "coordinates": [ [ [ [ 1263511.083918832940981, 5542229.320480721071362 ], [ 1263511.083918832940981, 5542129.320480721071362 ], [ 1263411.083918832940981, 5542129.320480721071362 ], [ 1263411.083918832940981, 5542229.320480721071362 ], [ 1263511.083918832940981, 5542229.320480721071362 ] ] ] ] } },
{ "type": "Feature", "properties": { "id": 870, "left": 1263411.0839188329, "top": 5542129.3204807211, "right": 1263511.0839188329, "bottom": 5542029.3204807211, "row_index": 19, "col_index": 25, "area": 1116791.26, "perimeter": 4375.401, "codzona": "G", "numquart": 15, "nomezona": "Galvani", "intersect_area": 1199.888358771801 }, "geometry": { "type": "MultiPolygon", "coordinates": [ [ [ [ 1263411.083918832940981, 5542029.320480721071362 ], [ 1263411.083918832940981, 5542064.997370691038668 ], [ 1263422.704194682883099, 5542058.754003437235951 ], [ 1263478.530871541239321, 5542029.320480721071362 ], [ 1263411.083918832940981, 5542029.320480721071362 ] ] ] ] } },
{ "type": "Feature", "properties": { "id": 870, "left": 1263411.0839188329, "top": 5542129.3204807211, "right": 1263511.0839188329, "bottom": 5542029.3204807211, "row_index": 19, "col_index": 25, "area": 1375567.409, "perimeter": 5075.87, "codzona": "H", "numquart": 15, "nomezona": "Irnerio", "intersect_area": 8800.1116411685944 }, "geometry": { "type": "MultiPolygon", "coordinates": [ [ [ [ 1263511.083918832940981, 5542129.320480721071362 ], [ 1263511.083918832940981, 5542029.320480721071362 ], [ 1263478.530871541239321, 5542029.320480721071362 ], [ 1263422.704194682883099, 5542058.754003437235951 ], [ 1263411.083918832940981, 5542064.997370691038668 ], [ 1263411.083918832940981, 5542129.320480721071362 ], [ 1263511.083918832940981, 5542129.320480721071362 ] ] ] ] } },
{ "type": "Feature", "properties": { "id": 871, "left": 1263411.0839188329, "top": 5542029.3204807211, "right": 1263511.0839188329, "bottom": 5541929.3204807211, "row_index": 20, "col_index": 25, "area": 1116791.26, "perimeter": 4375.401, "codzona": "G", "numquart": 15, "nomezona": "Galvani", "intersect_area": 9730.707445025444 }, "geometry": { "type": "MultiPolygon", "coordinates": [ [ [ [ 1263478.530871541239321, 5542029.320480721071362 ], [ 1263480.197968409629539, 5542028.441536526195705 ], [ 1263511.083918832940981, 5542012.808999254368246 ], [ 1263511.083918832940981, 5541929.320480721071362 ], [ 1263411.083918832940981, 5541929.320480721071362 ], [ 1263411.083918832940981, 5542029.320480721071362 ], [ 1263478.530871541239321, 5542029.320480721071362 ] ] ] ] } },
{ "type": "Feature", "properties": { "id": 871, "left": 1263411.0839188329, "top": 5542029.3204807211, "right": 1263511.0839188329, "bottom": 5541929.3204807211, "row_index": 20, "col_index": 25, "area": 1375567.409, "perimeter": 5075.87, "codzona": "H", "numquart": 15, "nomezona": "Irnerio", "intersect_area": 269.29255497455597 }, "geometry": { "type": "MultiPolygon", "coordinates": [ [ [ [ 1263511.083918832940981, 5542029.320480721071362 ], [ 1263511.083918832940981, 5542012.808999254368246 ], [ 1263480.197968409629539, 5542028.441536526195705 ], [ 1263478.530871541239321, 5542029.320480721071362 ], [ 1263511.083918832940981, 5542029.320480721071362 ] ] ] ] } },
{ "type": "Feature", "properties": { "id": 872, "left": 1263411.0839188329, "top": 5541929.3204807211, "right": 1263511.0839188329, "bottom": 5541829.3204807211, "row_index": 21, "col_index": 25, "area": 1116791.26, "perimeter": 4375.401, "codzona": "G", "numquart": 15, "nomezona": "Galvani", "intersect_area": 10000.0 }, "geometry": { "type": "MultiPolygon", "coordinates": [ [ [ [ 1263511.083918832940981, 5541929.320480721071362 ], [ 1263511.083918832940981, 5541829.320480721071362 ], [ 1263411.083918832940981, 5541829.320480721071362 ], [ 1263411.083918832940981, 5541929.320480721071362 ], [ 1263511.083918832940981, 5541929.320480721071362 ] ] ] ] } },
{ "type": "Feature", "properties": { "id": 873, "left": 1263411.0839188329, "top": 5541829.3204807211, "right": 1263511.0839188329, "bottom": 5541729.3204807211, "row_index": 22, "col_index": 25, "area": 1116791.26, "perimeter": 4375.401, "codzona": "G", "numquart": 15, "nomezona": "Galvani", "intersect_area": 10000.0 }, "geometry": { "type": "MultiPolygon", "coordinates": [ [ [ [ 1263511.083918832940981, 5541829.320480721071362 ], [ 1263511.083918832940981, 5541729.320480721071362 ], [ 1263411.083918832940981, 5541729.320480721071362 ], [ 1263411.083918832940981, 5541829.320480721071362 ], [ 1263511.083918832940981, 5541829.320480721071362 ] ] ] ] } },
{ "type": "Feature", "properties": { "id": 874, "left": 1263411.0839188329, "top": 5541729.3204807211, "right": 1263511.0839188329, "bottom": 5541629.3204807211, "row_index": 23, "col_index": 25, "area": 1116791.26, "perimeter": 4375.401, "codzona": "G", "numquart": 15, "nomezona": "Galvani", "intersect_area": 10000.0 }, "geometry": { "type": "MultiPolygon", "coordinates": [ [ [ [ 1263511.083918832940981, 5541729.320480721071362 ], [ 1263511.083918832940981, 5541629.320480721071362 ], [ 1263411.083918832940981, 5541629.320480721071362 ], [ 1263411.083918832940981, 5541729.320480721071362 ], [ 1263511.083918832940981, 5541729.320480721071362 ] ] ] ] } },
{ "type": "Feature", "properties": { "id": 875, "left": 1263411.0839188329, "top": 5541629.3204807211, "right": 1263511.0839188329, "bottom": 5541529.3204807211, "row_index": 24, "col_index": 25, "area": 1116791.26, "perimeter": 4375.401, "codzona": "G", "numquart": 15, "nomezona": "Galvani", "intersect_area": 10000.0 }, "geometry": { "type": "MultiPolygon", "coordinates": [ [ [ [ 1263511.083918832940981, 5541629.320480721071362 ], [ 1263511.083918832940981, 5541529.320480721071362 ], [ 1263411.083918832940981, 5541529.320480721071362 ], [ 1263411.083918832940981, 5541629.320480721071362 ], [ 1263511.083918832940981, 5541629.320480721071362 ] ] ] ] } },
{ "type": "Feature", "properties": { "id": 876, "left": 1263411.0839188329, "top": 5541529.3204807211, "right": 1263511.0839188329, "bottom": 5541429.3204807211, "row_index": 25, "col_index": 25, "area": 1116791.26, "perimeter": 4375.401, "codzona": "G", "numquart": 15, "nomezona": "Galvani", "intersect_area": 10000.0 }, "geometry": { "type": "MultiPolygon", "coordinates": [ [ [ [ 1263511.083918832940981, 5541529.320480721071362 ], [ 1263511.083918832940981, 5541429.320480721071362 ], [ 1263411.083918832940981, 5541429.320480721071362 ], [ 1263411.083918832940981, 5541529.320480721071362 ], [ 1263511.083918832940981, 5541529.320480721071362 ] ] ] ] } },
{ "type": "Feature", "properties": { "id": 877, "left": 1263411.0839188329, "top": 5541429.3204807211, "right": 1263511.0839188329, "bottom": 5541329.3204807211, "row_index": 26, "col_index": 25, "area": 1116791.26, "perimeter": 4375.401, "codzona": "G", "numquart": 15, "nomezona": "Galvani", "intersect_area": 10000.0 }, "geometry": { "type": "MultiPolygon", "coordinates": [ [ [ [ 1263511.083918832940981, 5541429.320480721071362 ], [ 1263511.083918832940981, 5541329.320480721071362 ], [ 1263411.083918832940981, 5541329.320480721071362 ], [ 1263411.083918832940981, 5541429.320480721071362 ], [ 1263511.083918832940981, 5541429.320480721071362 ] ] ] ] } },
{ "type": "Feature", "properties": { "id": 878, "left": 1263411.0839188329, "top": 5541329.3204807211, "right": 1263511.0839188329, "bottom": 5541229.3204807211, "row_index": 27, "col_index": 25, "area": 1116791.26, "perimeter": 4375.401, "codzona": "G", "numquart": 15, "nomezona": "Galvani", "intersect_area": 10000.0 }, "geometry": { "type": "MultiPolygon", "coordinates": [ [ [ [ 1263511.083918832940981, 5541329.320480721071362 ], [ 1263511.083918832940981, 5541229.320480721071362 ], [ 1263411.083918832940981, 5541229.320480721071362 ], [ 1263411.083918832940981, 5541329.320480721071362 ], [ 1263511.083918832940981, 5541329.320480721071362 ] ] ] ] } },
{ "type": "Feature", "properties": { "id": 879, "left": 1263411.0839188329, "top": 5541229.3204807211, "right": 1263511.0839188329, "bottom": 5541129.3204807211, "row_index": 28, "col_index": 25, "area": 1116791.26, "perimeter": 4375.401, "codzona": "G", "numquart": 15, "nomezona": "Galvani", "intersect_area": 10000.0 }, "geometry": { "type": "MultiPolygon", "coordinates": [ [ [ [ 1263511.083918832940981, 5541229.320480721071362 ], [ 1263511.083918832940981, 5541129.320480721071362 ], [ 1263411.083918832940981, 5541129.320480721071362 ], [ 1263411.083918832940981, 5541229.320480721071362 ], [ 1263511.083918832940981, 5541229.320480721071362 ] ] ] ] } },
{ "type": "Feature", "properties": { "id": 880, "left": 1263411.0839188329, "top": 5541129.3204807211, "right": 1263511.0839188329, "bottom": 5541029.3204807211, "row_index": 29, "col_index": 25, "area": 1116791.26, "perimeter": 4375.401, "codzona": "G", "numquart": 15, "nomezona": "Galvani", "intersect_area": 10000.0 }, "geometry": { "type": "MultiPolygon", "coordinates": [ [ [ [ 1263511.083918832940981, 5541129.320480721071362 ], [ 1263511.083918832940981, 5541029.320480721071362 ], [ 1263411.083918832940981, 5541029.320480721071362 ], [ 1263411.083918832940981, 5541129.320480721071362 ], [ 1263511.083918832940981, 5541129.320480721071362 ] ] ] ] } },
{ "type": "Feature", "properties": { "id": 881, "left": 1263411.0839188329, "top": 5541029.3204807211, "right": 1263511.0839188329, "bottom": 5540929.3204807211, "row_index": 30, "col_index": 25, "area": 1116791.26, "perimeter": 4375.401, "codzona": "G", "numquart": 15, "nomezona": "Galvani", "intersect_area": 10000.0 }, "geometry": { "type": "MultiPolygon", "coordinates": [ [ [ [ 1263511.083918832940981, 5541029.320480721071362 ], [ 1263511.083918832940981, 5540929.320480721071362 ], [ 1263411.083918832940981, 5540929.320480721071362 ], [ 1263411.083918832940981, 5541029.320480721071362 ], [ 1263511.083918832940981, 5541029.320480721071362 ] ] ] ] } },
{ "type": "Feature", "properties": { "id": 882, "left": 1263411.0839188329, "top": 5540929.3204807211, "right": 1263511.0839188329, "bottom": 5540829.3204807211, "row_index": 31, "col_index": 25, "area": 2822503.649, "perimeter": 8534.222, "codzona": "O", "numquart": 15, "nomezona": "Murri", "intersect_area": 643.05292785167694 }, "geometry": { "type": "MultiPolygon", "coordinates": [ [ [ [ 1263411.083918832940981, 5540829.320480721071362 ], [ 1263411.083918832940981, 5540844.110881778411567 ], [ 1263498.039360454538837, 5540829.320480721071362 ], [ 1263411.083918832940981, 5540829.320480721071362 ] ] ] ] } },
{ "type": "Feature", "properties": { "id": 882, "left": 1263411.0839188329, "top": 5540929.3204807211, "right": 1263511.0839188329, "bottom": 5540829.3204807211, "row_index": 31, "col_index": 25, "area": 1116791.26, "perimeter": 4375.401, "codzona": "G", "numquart": 15, "nomezona": "Galvani", "intersect_area": 9356.9470721483231 }, "geometry": { "type": "MultiPolygon", "coordinates": [ [ [ [ 1263511.083918832940981, 5540929.320480721071362 ], [ 1263511.083918832940981, 5540829.320480721071362 ], [ 1263498.039360454538837, 5540829.320480721071362 ], [ 1263411.083918832940981, 5540844.110881778411567 ], [ 1263411.083918832940981, 5540929.320480721071362 ], [ 1263511.083918832940981, 5540929.320480721071362 ] ] ] ] } },
{ "type": "Feature", "properties": { "id": 883, "left": 1263411.0839188329, "top": 5540829.3204807211, "right": 1263511.0839188329, "bottom": 5540729.3204807211, "row_index": 32, "col_index": 25, "area": 2822503.649, "perimeter": 8534.222, "codzona": "O", "numquart": 15, "nomezona": "Murri", "intersect_area": 7994.3937276303768 }, "geometry": { "type": "MultiPolygon", "coordinates": [ [ [ [ 1263498.039360454538837, 5540829.320480721071362 ], [ 1263509.31122446921654, 5540827.403229927644134 ], [ 1263511.083918832940981, 5540827.104899752885103 ], [ 1263511.083918832940981, 5540729.320480721071362 ], [ 1263462.90203192201443, 5540729.320480721071362 ], [ 1263464.254371274728328, 5540734.321028161793947 ], [ 1263469.366989421425387, 5540751.521884932182729 ], [ 1263423.381836286978796, 5540773.034778015688062 ], [ 1263411.083918832940981, 5540774.805619998835027 ], [ 1263411.083918832940981, 5540829.320480721071362 ], [ 1263498.039360454538837, 5540829.320480721071362 ] ] ] ] } },
{ "type": "Feature", "properties": { "id": 883, "left": 1263411.0839188329, "top": 5540829.3204807211, "right": 1263511.0839188329, "bottom": 5540729.3204807211, "row_index": 32, "col_index": 25, "area": 24725141.879000001, "perimeter": 30542.734, "codzona": "D", "numquart": 15, "nomezona": "Colli", "intersect_area": 1991.137653440237 }, "geometry": { "type": "MultiPolygon", "coordinates": [ [ [ [ 1263411.083918832940981, 5540729.320480721071362 ], [ 1263411.083918832940981, 5540774.805619998835027 ], [ 1263423.381836286978796, 5540773.034778015688062 ], [ 1263469.366989421425387, 5540751.521884932182729 ], [ 1263464.254371274728328, 5540734.321028161793947 ], [ 1263462.90203192201443, 5540729.320480721071362 ], [ 1263411.083918832940981, 5540729.320480721071362 ] ] ] ] } },
{ "type": "Feature", "properties": { "id": 883, "left": 1263411.0839188329, "top": 5540829.3204807211, "right": 1263511.0839188329, "bottom": 5540729.3204807211, "row_index": 32, "col_index": 25, "area": 1116791.26, "perimeter": 4375.401, "codzona": "G", "numquart": 15, "nomezona": "Galvani", "intersect_area": 14.468618907034397 }, "geometry": { "type": "MultiPolygon", "coordinates": [ [ [ [ 1263511.083918832940981, 5540829.320480721071362 ], [ 1263511.083918832940981, 5540827.104899752885103 ], [ 1263509.31122446921654, 5540827.403229927644134 ], [ 1263498.039360454538837, 5540829.320480721071362 ], [ 1263511.083918832940981, 5540829.320480721071362 ] ] ] ] } },
{ "type": "Feature", "properties": { "id": 884, "left": 1263411.0839188329, "top": 5540729.3204807211, "right": 1263511.0839188329, "bottom": 5540629.3204807211, "row_index": 33, "col_index": 25, "area": 2822503.649, "perimeter": 8534.222, "codzona": "O", "numquart": 15, "nomezona": "Murri", "intersect_area": 6045.3195634037256 }, "geometry": { "type": "MultiPolygon", "coordinates": [ [ [ [ 1263511.083918832940981, 5540729.320480721071362 ], [ 1263511.083918832940981, 5540629.320480721071362 ], [ 1263439.638196168700233, 5540629.320480721071362 ], [ 1263441.783295788569376, 5540636.526913330890238 ], [ 1263441.00070557417348, 5540638.038495286367834 ], [ 1263443.375363236758858, 5540644.698515674099326 ], [ 1263451.539889863925055, 5540687.306669415906072 ], [ 1263462.90203192201443, 5540729.320480721071362 ], [ 1263511.083918832940981, 5540729.320480721071362 ] ] ] ] } },
{ "type": "Feature", "properties": { "id": 884, "left": 1263411.0839188329, "top": 5540729.3204807211, "right": 1263511.0839188329, "bottom": 5540629.3204807211, "row_index": 33, "col_index": 25, "area": 24725141.879000001, "perimeter": 30542.734, "codzona": "D", "numquart": 15, "nomezona": "Colli", "intersect_area": 3954.6804366111755 }, "geometry": { "type": "MultiPolygon", "coordinates": [ [ [ [ 1263462.90203192201443, 5540729.320480721071362 ], [ 1263451.539889863925055, 5540687.306669415906072 ], [ 1263443.375363236758858, 5540644.698515674099326 ], [ 1263441.00070557417348, 5540638.038495286367834 ], [ 1263441.783295788569376, 5540636.526913330890238 ], [ 1263439.638196168700233, 5540629.320480721071362 ], [ 1263411.083918832940981, 5540629.320480721071362 ], [ 1263411.083918832940981, 5540729.320480721071362 ], [ 1263462.90203192201443, 5540729.320480721071362 ] ] ] ] } },
{ "type": "Feature", "properties": { "id": 885, "left": 1263511.0839188329, "top": 5544029.3204807211, "right": 1263611.0839188329, "bottom": 5543929.3204807211, "row_index": 0, "col_index": 26, "area": 4943556.714, "perimeter": 8849.296, "codzona": "B", "numquart": 12, "nomezona": "Bolognina", "intersect_area": 10000.0 }, "geometry": { "type": "MultiPolygon", "coordinates": [ [ [ [ 1263611.083918832940981, 5544029.320480721071362 ], [ 1263611.083918832940981, 5543929.320480721071362 ], [ 1263511.083918832940981, 5543929.320480721071362 ], [ 1263511.083918832940981, 5544029.320480721071362 ], [ 1263611.083918832940981, 5544029.320480721071362 ] ] ] ] } },
{ "type": "Feature", "properties": { "id": 886, "left": 1263511.0839188329, "top": 5543929.3204807211, "right": 1263611.0839188329, "bottom": 5543829.3204807211, "row_index": 1, "col_index": 26, "area": 1375567.409, "perimeter": 5075.87, "codzona": "H", "numquart": 15, "nomezona": "Irnerio", "intersect_area": 8010.6762474328279 }, "geometry": { "type": "MultiPolygon", "coordinates": [ [ [ [ 1263611.083918832940981, 5543829.320480721071362 ], [ 1263511.083918832940981, 5543829.320480721071362 ], [ 1263511.083918832940981, 5543919.293700526468456 ], [ 1263524.023332230979577, 5543917.008230016566813 ], [ 1263545.122305650264025, 5543912.634441612288356 ], [ 1263569.703129552071914, 5543907.808600127696991 ], [ 1263590.016371637117118, 5543903.729472802020609 ], [ 1263607.709506443236023, 5543899.597509671002626 ], [ 1263611.083918832940981, 5543898.786145131103694 ], [ 1263611.083918832940981, 5543829.320480721071362 ] ] ] ] } },
{ "type": "Feature", "properties": { "id": 886, "left": 1263511.0839188329, "top": 5543929.3204807211, "right": 1263611.0839188329, "bottom": 5543829.3204807211, "row_index": 1, "col_index": 26, "area": 4943556.714, "perimeter": 8849.296, "codzona": "B", "numquart": 12, "nomezona": "Bolognina", "intersect_area": 1989.3237525820732 }, "geometry": { "type": "MultiPolygon", "coordinates": [ [ [ [ 1263611.083918832940981, 5543929.320480721071362 ], [ 1263611.083918832940981, 5543898.786145131103694 ], [ 1263607.709506443236023, 5543899.597509671002626 ], [ 1263590.016371637117118, 5543903.729472802020609 ], [ 1263569.703129552071914, 5543907.808600127696991 ], [ 1263545.122305650264025, 5543912.634441612288356 ], [ 1263524.023332230979577, 5543917.008230016566813 ], [ 1263511.083918832940981, 5543919.293700526468456 ], [ 1263511.083918832940981, 5543929.320480721071362 ], [ 1263611.083918832940981, 5543929.320480721071362 ] ] ] ] } },
{ "type": "Feature", "properties": { "id": 887, "left": 1263511.0839188329, "top": 5543829.3204807211, "right": 1263611.0839188329, "bottom": 5543729.3204807211, "row_index": 2, "col_index": 26, "area": 1375567.409, "perimeter": 5075.87, "codzona": "H", "numquart": 15, "nomezona": "Irnerio", "intersect_area": 10000.0 }, "geometry": { "type": "MultiPolygon", "coordinates": [ [ [ [ 1263611.083918832940981, 5543829.320480721071362 ], [ 1263611.083918832940981, 5543729.320480721071362 ], [ 1263511.083918832940981, 5543729.320480721071362 ], [ 1263511.083918832940981, 5543829.320480721071362 ], [ 1263611.083918832940981, 5543829.320480721071362 ] ] ] ] } },
{ "type": "Feature", "properties": { "id": 888, "left": 1263511.0839188329, "top": 5543729.3204807211, "right": 1263611.0839188329, "bottom": 5543629.3204807211, "row_index": 3, "col_index": 26, "area": 1375567.409, "perimeter": 5075.87, "codzona": "H", "numquart": 15, "nomezona": "Irnerio", "intersect_area": 10000.0 }, "geometry": { "type": "MultiPolygon", "coordinates": [ [ [ [ 1263611.083918832940981, 5543729.320480721071362 ], [ 1263611.083918832940981, 5543629.320480721071362 ], [ 1263511.083918832940981, 5543629.320480721071362 ], [ 1263511.083918832940981, 5543729.320480721071362 ], [ 1263611.083918832940981, 5543729.320480721071362 ] ] ] ] } },
{ "type": "Feature", "properties": { "id": 889, "left": 1263511.0839188329, "top": 5543629.3204807211, "right": 1263611.0839188329, "bottom": 5543529.3204807211, "row_index": 4, "col_index": 26, "area": 1375567.409, "perimeter": 5075.87, "codzona": "H", "numquart": 15, "nomezona": "Irnerio", "intersect_area": 10000.0 }, "geometry": { "type": "MultiPolygon", "coordinates": [ [ [ [ 1263611.083918832940981, 5543629.320480721071362 ], [ 1263611.083918832940981, 5543529.320480721071362 ], [ 1263511.083918832940981, 5543529.320480721071362 ], [ 1263511.083918832940981, 5543629.320480721071362 ], [ 1263611.083918832940981, 5543629.320480721071362 ] ] ] ] } },
{ "type": "Feature", "properties": { "id": 890, "left": 1263511.0839188329, "top": 5543529.3204807211, "right": 1263611.0839188329, "bottom": 5543429.3204807211, "row_index": 5, "col_index": 26, "area": 1375567.409, "perimeter": 5075.87, "codzona": "H", "numquart": 15, "nomezona": "Irnerio", "intersect_area": 10000.0 }, "geometry": { "type": "MultiPolygon", "coordinates": [ [ [ [ 1263611.083918832940981, 5543529.320480721071362 ], [ 1263611.083918832940981, 5543429.320480721071362 ], [ 1263511.083918832940981, 5543429.320480721071362 ], [ 1263511.083918832940981, 5543529.320480721071362 ], [ 1263611.083918832940981, 5543529.320480721071362 ] ] ] ] } },
{ "type": "Feature", "properties": { "id": 891, "left": 1263511.0839188329, "top": 5543429.3204807211, "right": 1263611.0839188329, "bottom": 5543329.3204807211, "row_index": 6, "col_index": 26, "area": 1375567.409, "perimeter": 5075.87, "codzona": "H", "numquart": 15, "nomezona": "Irnerio", "intersect_area": 10000.0 }, "geometry": { "type": "MultiPolygon", "coordinates": [ [ [ [ 1263611.083918832940981, 5543429.320480721071362 ], [ 1263611.083918832940981, 5543329.320480721071362 ], [ 1263511.083918832940981, 5543329.320480721071362 ], [ 1263511.083918832940981, 5543429.320480721071362 ], [ 1263611.083918832940981, 5543429.320480721071362 ] ] ] ] } },
{ "type": "Feature", "properties": { "id": 892, "left": 1263511.0839188329, "top": 5543329.3204807211, "right": 1263611.0839188329, "bottom": 5543229.3204807211, "row_index": 7, "col_index": 26, "area": 1375567.409, "perimeter": 5075.87, "codzona": "H", "numquart": 15, "nomezona": "Irnerio", "intersect_area": 10000.0 }, "geometry": { "type": "MultiPolygon", "coordinates": [ [ [ [ 1263611.083918832940981, 5543329.320480721071362 ], [ 1263611.083918832940981, 5543229.320480721071362 ], [ 1263511.083918832940981, 5543229.320480721071362 ], [ 1263511.083918832940981, 5543329.320480721071362 ], [ 1263611.083918832940981, 5543329.320480721071362 ] ] ] ] } },
{ "type": "Feature", "properties": { "id": 893, "left": 1263511.0839188329, "top": 5543229.3204807211, "right": 1263611.0839188329, "bottom": 5543129.3204807211, "row_index": 8, "col_index": 26, "area": 1375567.409, "perimeter": 5075.87, "codzona": "H", "numquart": 15, "nomezona": "Irnerio", "intersect_area": 10000.0 }, "geometry": { "type": "MultiPolygon", "coordinates": [ [ [ [ 1263611.083918832940981, 5543229.320480721071362 ], [ 1263611.083918832940981, 5543129.320480721071362 ], [ 1263511.083918832940981, 5543129.320480721071362 ], [ 1263511.083918832940981, 5543229.320480721071362 ], [ 1263611.083918832940981, 5543229.320480721071362 ] ] ] ] } },
{ "type": "Feature", "properties": { "id": 894, "left": 1263511.0839188329, "top": 5543129.3204807211, "right": 1263611.0839188329, "bottom": 5543029.3204807211, "row_index": 9, "col_index": 26, "area": 1375567.409, "perimeter": 5075.87, "codzona": "H", "numquart": 15, "nomezona": "Irnerio", "intersect_area": 10000.0 }, "geometry": { "type": "MultiPolygon", "coordinates": [ [ [ [ 1263611.083918832940981, 5543129.320480721071362 ], [ 1263611.083918832940981, 5543029.320480721071362 ], [ 1263511.083918832940981, 5543029.320480721071362 ], [ 1263511.083918832940981, 5543129.320480721071362 ], [ 1263611.083918832940981, 5543129.320480721071362 ] ] ] ] } },
{ "type": "Feature", "properties": { "id": 895, "left": 1263511.0839188329, "top": 5543029.3204807211, "right": 1263611.0839188329, "bottom": 5542929.3204807211, "row_index": 10, "col_index": 26, "area": 1375567.409, "perimeter": 5075.87, "codzona": "H", "numquart": 15, "nomezona": "Irnerio", "intersect_area": 10000.0 }, "geometry": { "type": "MultiPolygon", "coordinates": [ [ [ [ 1263611.083918832940981, 5543029.320480721071362 ], [ 1263611.083918832940981, 5542929.320480721071362 ], [ 1263511.083918832940981, 5542929.320480721071362 ], [ 1263511.083918832940981, 5543029.320480721071362 ], [ 1263611.083918832940981, 5543029.320480721071362 ] ] ] ] } },
{ "type": "Feature", "properties": { "id": 896, "left": 1263511.0839188329, "top": 5542929.3204807211, "right": 1263611.0839188329, "bottom": 5542829.3204807211, "row_index": 11, "col_index": 26, "area": 1375567.409, "perimeter": 5075.87, "codzona": "H", "numquart": 15, "nomezona": "Irnerio", "intersect_area": 10000.0 }, "geometry": { "type": "MultiPolygon", "coordinates": [ [ [ [ 1263611.083918832940981, 5542929.320480721071362 ], [ 1263611.083918832940981, 5542829.320480721071362 ], [ 1263511.083918832940981, 5542829.320480721071362 ], [ 1263511.083918832940981, 5542929.320480721071362 ], [ 1263611.083918832940981, 5542929.320480721071362 ] ] ] ] } },
{ "type": "Feature", "properties": { "id": 897, "left": 1263511.0839188329, "top": 5542829.3204807211, "right": 1263611.0839188329, "bottom": 5542729.3204807211, "row_index": 12, "col_index": 26, "area": 1375567.409, "perimeter": 5075.87, "codzona": "H", "numquart": 15, "nomezona": "Irnerio", "intersect_area": 10000.0 }, "geometry": { "type": "MultiPolygon", "coordinates": [ [ [ [ 1263611.083918832940981, 5542829.320480721071362 ], [ 1263611.083918832940981, 5542729.320480721071362 ], [ 1263511.083918832940981, 5542729.320480721071362 ], [ 1263511.083918832940981, 5542829.320480721071362 ], [ 1263611.083918832940981, 5542829.320480721071362 ] ] ] ] } },
{ "type": "Feature", "properties": { "id": 898, "left": 1263511.0839188329, "top": 5542729.3204807211, "right": 1263611.0839188329, "bottom": 5542629.3204807211, "row_index": 13, "col_index": 26, "area": 1375567.409, "perimeter": 5075.87, "codzona": "H", "numquart": 15, "nomezona": "Irnerio", "intersect_area": 10000.0 }, "geometry": { "type": "MultiPolygon", "coordinates": [ [ [ [ 1263611.083918832940981, 5542729.320480721071362 ], [ 1263611.083918832940981, 5542629.320480721071362 ], [ 1263511.083918832940981, 5542629.320480721071362 ], [ 1263511.083918832940981, 5542729.320480721071362 ], [ 1263611.083918832940981, 5542729.320480721071362 ] ] ] ] } },
{ "type": "Feature", "properties": { "id": 899, "left": 1263511.0839188329, "top": 5542629.3204807211, "right": 1263611.0839188329, "bottom": 5542529.3204807211, "row_index": 14, "col_index": 26, "area": 1375567.409, "perimeter": 5075.87, "codzona": "H", "numquart": 15, "nomezona": "Irnerio", "intersect_area": 10000.0 }, "geometry": { "type": "MultiPolygon", "coordinates": [ [ [ [ 1263611.083918832940981, 5542629.320480721071362 ], [ 1263611.083918832940981, 5542529.320480721071362 ], [ 1263511.083918832940981, 5542529.320480721071362 ], [ 1263511.083918832940981, 5542629.320480721071362 ], [ 1263611.083918832940981, 5542629.320480721071362 ] ] ] ] } },
{ "type": "Feature", "properties": { "id": 900, "left": 1263511.0839188329, "top": 5542529.3204807211, "right": 1263611.0839188329, "bottom": 5542429.3204807211, "row_index": 15, "col_index": 26, "area": 1375567.409, "perimeter": 5075.87, "codzona": "H", "numquart": 15, "nomezona": "Irnerio", "intersect_area": 10000.0 }, "geometry": { "type": "MultiPolygon", "coordinates": [ [ [ [ 1263611.083918832940981, 5542529.320480721071362 ], [ 1263611.083918832940981, 5542429.320480721071362 ], [ 1263511.083918832940981, 5542429.320480721071362 ], [ 1263511.083918832940981, 5542529.320480721071362 ], [ 1263611.083918832940981, 5542529.320480721071362 ] ] ] ] } },
{ "type": "Feature", "properties": { "id": 901, "left": 1263511.0839188329, "top": 5542429.3204807211, "right": 1263611.0839188329, "bottom": 5542329.3204807211, "row_index": 16, "col_index": 26, "area": 1375567.409, "perimeter": 5075.87, "codzona": "H", "numquart": 15, "nomezona": "Irnerio", "intersect_area": 10000.0 }, "geometry": { "type": "MultiPolygon", "coordinates": [ [ [ [ 1263611.083918832940981, 5542429.320480721071362 ], [ 1263611.083918832940981, 5542329.320480721071362 ], [ 1263511.083918832940981, 5542329.320480721071362 ], [ 1263511.083918832940981, 5542429.320480721071362 ], [ 1263611.083918832940981, 5542429.320480721071362 ] ] ] ] } },
{ "type": "Feature", "properties": { "id": 902, "left": 1263511.0839188329, "top": 5542329.3204807211, "right": 1263611.0839188329, "bottom": 5542229.3204807211, "row_index": 17, "col_index": 26, "area": 1375567.409, "perimeter": 5075.87, "codzona": "H", "numquart": 15, "nomezona": "Irnerio", "intersect_area": 10000.0 }, "geometry": { "type": "MultiPolygon", "coordinates": [ [ [ [ 1263611.083918832940981, 5542329.320480721071362 ], [ 1263611.083918832940981, 5542229.320480721071362 ], [ 1263511.083918832940981, 5542229.320480721071362 ], [ 1263511.083918832940981, 5542329.320480721071362 ], [ 1263611.083918832940981, 5542329.320480721071362 ] ] ] ] } },
{ "type": "Feature", "properties": { "id": 903, "left": 1263511.0839188329, "top": 5542229.3204807211, "right": 1263611.0839188329, "bottom": 5542129.3204807211, "row_index": 18, "col_index": 26, "area": 1375567.409, "perimeter": 5075.87, "codzona": "H", "numquart": 15, "nomezona": "Irnerio", "intersect_area": 10000.0 }, "geometry": { "type": "MultiPolygon", "coordinates": [ [ [ [ 1263611.083918832940981, 5542229.320480721071362 ], [ 1263611.083918832940981, 5542129.320480721071362 ], [ 1263511.083918832940981, 5542129.320480721071362 ], [ 1263511.083918832940981, 5542229.320480721071362 ], [ 1263611.083918832940981, 5542229.320480721071362 ] ] ] ] } },
{ "type": "Feature", "properties": { "id": 904, "left": 1263511.0839188329, "top": 5542129.3204807211, "right": 1263611.0839188329, "bottom": 5542029.3204807211, "row_index": 19, "col_index": 26, "area": 1375567.409, "perimeter": 5075.87, "codzona": "H", "numquart": 15, "nomezona": "Irnerio", "intersect_area": 10000.0 }, "geometry": { "type": "MultiPolygon", "coordinates": [ [ [ [ 1263611.083918832940981, 5542129.320480721071362 ], [ 1263611.083918832940981, 5542029.320480721071362 ], [ 1263511.083918832940981, 5542029.320480721071362 ], [ 1263511.083918832940981, 5542129.320480721071362 ], [ 1263611.083918832940981, 5542129.320480721071362 ] ] ] ] } },
{ "type": "Feature", "properties": { "id": 905, "left": 1263511.0839188329, "top": 5542029.3204807211, "right": 1263611.0839188329, "bottom": 5541929.3204807211, "row_index": 20, "col_index": 26, "area": 1116791.26, "perimeter": 4375.401, "codzona": "G", "numquart": 15, "nomezona": "Galvani", "intersect_area": 5815.5556527860463 }, "geometry": { "type": "MultiPolygon", "coordinates": [ [ [ [ 1263611.083918832940981, 5541929.320480721071362 ], [ 1263511.083918832940981, 5541929.320480721071362 ], [ 1263511.083918832940981, 5542012.808999254368246 ], [ 1263584.127516195178032, 5541975.838896583765745 ], [ 1263597.528947445098311, 5541968.998599308542907 ], [ 1263611.083918832940981, 5541961.924344654195011 ], [ 1263611.083918832940981, 5541929.320480721071362 ] ] ] ] } },
{ "type": "Feature", "properties": { "id": 905, "left": 1263511.0839188329, "top": 5542029.3204807211, "right": 1263611.0839188329, "bottom": 5541929.3204807211, "row_index": 20, "col_index": 26, "area": 1375567.409, "perimeter": 5075.87, "codzona": "H", "numquart": 15, "nomezona": "Irnerio", "intersect_area": 4184.4443471431732 }, "geometry": { "type": "MultiPolygon", "coordinates": [ [ [ [ 1263611.083918832940981, 5542029.320480721071362 ], [ 1263611.083918832940981, 5541961.924344654195011 ], [ 1263597.528947445098311, 5541968.998599308542907 ], [ 1263584.127516195178032, 5541975.838896583765745 ], [ 1263511.083918832940981, 5542012.808999254368246 ], [ 1263511.083918832940981, 5542029.320480721071362 ], [ 1263611.083918832940981, 5542029.320480721071362 ] ] ] ] } },
{ "type": "Feature", "properties": { "id": 906, "left": 1263511.0839188329, "top": 5541929.3204807211, "right": 1263611.0839188329, "bottom": 5541829.3204807211, "row_index": 21, "col_index": 26, "area": 1116791.26, "perimeter": 4375.401, "codzona": "G", "numquart": 15, "nomezona": "Galvani", "intersect_area": 10000.0 }, "geometry": { "type": "MultiPolygon", "coordinates": [ [ [ [ 1263611.083918832940981, 5541929.320480721071362 ], [ 1263611.083918832940981, 5541829.320480721071362 ], [ 1263511.083918832940981, 5541829.320480721071362 ], [ 1263511.083918832940981, 5541929.320480721071362 ], [ 1263611.083918832940981, 5541929.320480721071362 ] ] ] ] } },
{ "type": "Feature", "properties": { "id": 907, "left": 1263511.0839188329, "top": 5541829.3204807211, "right": 1263611.0839188329, "bottom": 5541729.3204807211, "row_index": 22, "col_index": 26, "area": 1116791.26, "perimeter": 4375.401, "codzona": "G", "numquart": 15, "nomezona": "Galvani", "intersect_area": 10000.0 }, "geometry": { "type": "MultiPolygon", "coordinates": [ [ [ [ 1263611.083918832940981, 5541829.320480721071362 ], [ 1263611.083918832940981, 5541729.320480721071362 ], [ 1263511.083918832940981, 5541729.320480721071362 ], [ 1263511.083918832940981, 5541829.320480721071362 ], [ 1263611.083918832940981, 5541829.320480721071362 ] ] ] ] } },
{ "type": "Feature", "properties": { "id": 908, "left": 1263511.0839188329, "top": 5541729.3204807211, "right": 1263611.0839188329, "bottom": 5541629.3204807211, "row_index": 23, "col_index": 26, "area": 1116791.26, "perimeter": 4375.401, "codzona": "G", "numquart": 15, "nomezona": "Galvani", "intersect_area": 10000.0 }, "geometry": { "type": "MultiPolygon", "coordinates": [ [ [ [ 1263611.083918832940981, 5541729.320480721071362 ], [ 1263611.083918832940981, 5541629.320480721071362 ], [ 1263511.083918832940981, 5541629.320480721071362 ], [ 1263511.083918832940981, 5541729.320480721071362 ], [ 1263611.083918832940981, 5541729.320480721071362 ] ] ] ] } },
{ "type": "Feature", "properties": { "id": 909, "left": 1263511.0839188329, "top": 5541629.3204807211, "right": 1263611.0839188329, "bottom": 5541529.3204807211, "row_index": 24, "col_index": 26, "area": 1116791.26, "perimeter": 4375.401, "codzona": "G", "numquart": 15, "nomezona": "Galvani", "intersect_area": 10000.0 }, "geometry": { "type": "MultiPolygon", "coordinates": [ [ [ [ 1263611.083918832940981, 5541629.320480721071362 ], [ 1263611.083918832940981, 5541529.320480721071362 ], [ 1263511.083918832940981, 5541529.320480721071362 ], [ 1263511.083918832940981, 5541629.320480721071362 ], [ 1263611.083918832940981, 5541629.320480721071362 ] ] ] ] } },
{ "type": "Feature", "properties": { "id": 910, "left": 1263511.0839188329, "top": 5541529.3204807211, "right": 1263611.0839188329, "bottom": 5541429.3204807211, "row_index": 25, "col_index": 26, "area": 1116791.26, "perimeter": 4375.401, "codzona": "G", "numquart": 15, "nomezona": "Galvani", "intersect_area": 10000.0 }, "geometry": { "type": "MultiPolygon", "coordinates": [ [ [ [ 1263611.083918832940981, 5541529.320480721071362 ], [ 1263611.083918832940981, 5541429.320480721071362 ], [ 1263511.083918832940981, 5541429.320480721071362 ], [ 1263511.083918832940981, 5541529.320480721071362 ], [ 1263611.083918832940981, 5541529.320480721071362 ] ] ] ] } },
{ "type": "Feature", "properties": { "id": 911, "left": 1263511.0839188329, "top": 5541429.3204807211, "right": 1263611.0839188329, "bottom": 5541329.3204807211, "row_index": 26, "col_index": 26, "area": 1116791.26, "perimeter": 4375.401, "codzona": "G", "numquart": 15, "nomezona": "Galvani", "intersect_area": 10000.0 }, "geometry": { "type": "MultiPolygon", "coordinates": [ [ [ [ 1263611.083918832940981, 5541429.320480721071362 ], [ 1263611.083918832940981, 5541329.320480721071362 ], [ 1263511.083918832940981, 5541329.320480721071362 ], [ 1263511.083918832940981, 5541429.320480721071362 ], [ 1263611.083918832940981, 5541429.320480721071362 ] ] ] ] } },
{ "type": "Feature", "properties": { "id": 912, "left": 1263511.0839188329, "top": 5541329.3204807211, "right": 1263611.0839188329, "bottom": 5541229.3204807211, "row_index": 27, "col_index": 26, "area": 1116791.26, "perimeter": 4375.401, "codzona": "G", "numquart": 15, "nomezona": "Galvani", "intersect_area": 10000.0 }, "geometry": { "type": "MultiPolygon", "coordinates": [ [ [ [ 1263611.083918832940981, 5541329.320480721071362 ], [ 1263611.083918832940981, 5541229.320480721071362 ], [ 1263511.083918832940981, 5541229.320480721071362 ], [ 1263511.083918832940981, 5541329.320480721071362 ], [ 1263611.083918832940981, 5541329.320480721071362 ] ] ] ] } },
{ "type": "Feature", "properties": { "id": 913, "left": 1263511.0839188329, "top": 5541229.3204807211, "right": 1263611.0839188329, "bottom": 5541129.3204807211, "row_index": 28, "col_index": 26, "area": 1116791.26, "perimeter": 4375.401, "codzona": "G", "numquart": 15, "nomezona": "Galvani", "intersect_area": 10000.0 }, "geometry": { "type": "MultiPolygon", "coordinates": [ [ [ [ 1263611.083918832940981, 5541229.320480721071362 ], [ 1263611.083918832940981, 5541129.320480721071362 ], [ 1263511.083918832940981, 5541129.320480721071362 ], [ 1263511.083918832940981, 5541229.320480721071362 ], [ 1263611.083918832940981, 5541229.320480721071362 ] ] ] ] } },
{ "type": "Feature", "properties": { "id": 914, "left": 1263511.0839188329, "top": 5541129.3204807211, "right": 1263611.0839188329, "bottom": 5541029.3204807211, "row_index": 29, "col_index": 26, "area": 1116791.26, "perimeter": 4375.401, "codzona": "G", "numquart": 15, "nomezona": "Galvani", "intersect_area": 10000.0 }, "geometry": { "type": "MultiPolygon", "coordinates": [ [ [ [ 1263611.083918832940981, 5541129.320480721071362 ], [ 1263611.083918832940981, 5541029.320480721071362 ], [ 1263511.083918832940981, 5541029.320480721071362 ], [ 1263511.083918832940981, 5541129.320480721071362 ], [ 1263611.083918832940981, 5541129.320480721071362 ] ] ] ] } },
{ "type": "Feature", "properties": { "id": 915, "left": 1263511.0839188329, "top": 5541029.3204807211, "right": 1263611.0839188329, "bottom": 5540929.3204807211, "row_index": 30, "col_index": 26, "area": 1116791.26, "perimeter": 4375.401, "codzona": "G", "numquart": 15, "nomezona": "Galvani", "intersect_area": 10000.0 }, "geometry": { "type": "MultiPolygon", "coordinates": [ [ [ [ 1263611.083918832940981, 5541029.320480721071362 ], [ 1263611.083918832940981, 5540929.320480721071362 ], [ 1263511.083918832940981, 5540929.320480721071362 ], [ 1263511.083918832940981, 5541029.320480721071362 ], [ 1263611.083918832940981, 5541029.320480721071362 ] ] ] ] } },
{ "type": "Feature", "properties": { "id": 916, "left": 1263511.0839188329, "top": 5540929.3204807211, "right": 1263611.0839188329, "bottom": 5540829.3204807211, "row_index": 31, "col_index": 26, "area": 1116791.26, "perimeter": 4375.401, "codzona": "G", "numquart": 15, "nomezona": "Galvani", "intersect_area": 10000.0 }, "geometry": { "type": "MultiPolygon", "coordinates": [ [ [ [ 1263611.083918832940981, 5540929.320480721071362 ], [ 1263611.083918832940981, 5540829.320480721071362 ], [ 1263511.083918832940981, 5540829.320480721071362 ], [ 1263511.083918832940981, 5540929.320480721071362 ], [ 1263611.083918832940981, 5540929.320480721071362 ] ] ] ] } },
{ "type": "Feature", "properties": { "id": 917, "left": 1263511.0839188329, "top": 5540829.3204807211, "right": 1263611.0839188329, "bottom": 5540729.3204807211, "row_index": 32, "col_index": 26, "area": 2822503.649, "perimeter": 8534.222, "codzona": "O", "numquart": 15, "nomezona": "Murri", "intersect_area": 8936.9821989238262 }, "geometry": { "type": "MultiPolygon", "coordinates": [ [ [ [ 1263611.083918832940981, 5540729.320480721071362 ], [ 1263511.083918832940981, 5540729.320480721071362 ], [ 1263511.083918832940981, 5540827.104899752885103 ], [ 1263611.083918832940981, 5540810.275705668143928 ], [ 1263611.083918832940981, 5540729.320480721071362 ] ] ] ] } },
{ "type": "Feature", "properties": { "id": 917, "left": 1263511.0839188329, "top": 5540829.3204807211, "right": 1263611.0839188329, "bottom": 5540729.3204807211, "row_index": 32, "col_index": 26, "area": 1116791.26, "perimeter": 4375.401, "codzona": "G", "numquart": 15, "nomezona": "Galvani", "intersect_area": 1063.0178010463715 }, "geometry": { "type": "MultiPolygon", "coordinates": [ [ [ [ 1263611.083918832940981, 5540829.320480721071362 ], [ 1263611.083918832940981, 5540810.275705668143928 ], [ 1263511.083918832940981, 5540827.104899752885103 ], [ 1263511.083918832940981, 5540829.320480721071362 ], [ 1263611.083918832940981, 5540829.320480721071362 ] ] ] ] } },
{ "type": "Feature", "properties": { "id": 918, "left": 1263511.0839188329, "top": 5540729.3204807211, "right": 1263611.0839188329, "bottom": 5540629.3204807211, "row_index": 33, "col_index": 26, "area": 2822503.649, "perimeter": 8534.222, "codzona": "O", "numquart": 15, "nomezona": "Murri", "intersect_area": 10000.0 }, "geometry": { "type": "MultiPolygon", "coordinates": [ [ [ [ 1263611.083918832940981, 5540729.320480721071362 ], [ 1263611.083918832940981, 5540629.320480721071362 ], [ 1263511.083918832940981, 5540629.320480721071362 ], [ 1263511.083918832940981, 5540729.320480721071362 ], [ 1263611.083918832940981, 5540729.320480721071362 ] ] ] ] } },
{ "type": "Feature", "properties": { "id": 919, "left": 1263611.0839188329, "top": 5544029.3204807211, "right": 1263711.0839188329, "bottom": 5543929.3204807211, "row_index": 0, "col_index": 27, "area": 4943556.714, "perimeter": 8849.296, "codzona": "B", "numquart": 12, "nomezona": "Bolognina", "intersect_area": 10000.0 }, "geometry": { "type": "MultiPolygon", "coordinates": [ [ [ [ 1263711.083918832940981, 5544029.320480721071362 ], [ 1263711.083918832940981, 5543929.320480721071362 ], [ 1263611.083918832940981, 5543929.320480721071362 ], [ 1263611.083918832940981, 5544029.320480721071362 ], [ 1263711.083918832940981, 5544029.320480721071362 ] ] ] ] } },
{ "type": "Feature", "properties": { "id": 920, "left": 1263611.0839188329, "top": 5543929.3204807211, "right": 1263711.0839188329, "bottom": 5543829.3204807211, "row_index": 1, "col_index": 27, "area": 1375567.409, "perimeter": 5075.87, "codzona": "H", "numquart": 15, "nomezona": "Irnerio", "intersect_area": 5525.9613628871739 }, "geometry": { "type": "MultiPolygon", "coordinates": [ [ [ [ 1263711.083918832940981, 5543829.320480721071362 ], [ 1263611.083918832940981, 5543829.320480721071362 ], [ 1263611.083918832940981, 5543898.786145131103694 ], [ 1263623.966710013337433, 5543895.688527315855026 ], [ 1263641.857989818789065, 5543891.144373256713152 ], [ 1263663.375167605001479, 5543885.109164757654071 ], [ 1263695.92198104201816, 5543873.06610838137567 ], [ 1263711.083918832940981, 5543867.244634564034641 ], [ 1263711.083918832940981, 5543829.320480721071362 ] ] ] ] } },
{ "type": "Feature", "properties": { "id": 920, "left": 1263611.0839188329, "top": 5543929.3204807211, "right": 1263711.0839188329, "bottom": 5543829.3204807211, "row_index": 1, "col_index": 27, "area": 4943556.714, "perimeter": 8849.296, "codzona": "B", "numquart": 12, "nomezona": "Bolognina", "intersect_area": 4474.0386371016502 }, "geometry": { "type": "MultiPolygon", "coordinates": [ [ [ [ 1263711.083918832940981, 5543929.320480721071362 ], [ 1263711.083918832940981, 5543867.244634564034641 ], [ 1263695.92198104201816, 5543873.06610838137567 ], [ 1263663.375167605001479, 5543885.109164757654071 ], [ 1263641.857989818789065, 5543891.144373256713152 ], [ 1263623.966710013337433, 5543895.688527315855026 ], [ 1263611.083918832940981, 5543898.786145131103694 ], [ 1263611.083918832940981, 5543929.320480721071362 ], [ 1263711.083918832940981, 5543929.320480721071362 ] ] ] ] } },
{ "type": "Feature", "properties": { "id": 921, "left": 1263611.0839188329, "top": 5543829.3204807211, "right": 1263711.0839188329, "bottom": 5543729.3204807211, "row_index": 2, "col_index": 27, "area": 1375567.409, "perimeter": 5075.87, "codzona": "H", "numquart": 15, "nomezona": "Irnerio", "intersect_area": 10000.0 }, "geometry": { "type": "MultiPolygon", "coordinates": [ [ [ [ 1263711.083918832940981, 5543829.320480721071362 ], [ 1263711.083918832940981, 5543729.320480721071362 ], [ 1263611.083918832940981, 5543729.320480721071362 ], [ 1263611.083918832940981, 5543829.320480721071362 ], [ 1263711.083918832940981, 5543829.320480721071362 ] ] ] ] } },
{ "type": "Feature", "properties": { "id": 922, "left": 1263611.0839188329, "top": 5543729.3204807211, "right": 1263711.0839188329, "bottom": 5543629.3204807211, "row_index": 3, "col_index": 27, "area": 1375567.409, "perimeter": 5075.87, "codzona": "H", "numquart": 15, "nomezona": "Irnerio", "intersect_area": 10000.0 }, "geometry": { "type": "MultiPolygon", "coordinates": [ [ [ [ 1263711.083918832940981, 5543729.320480721071362 ], [ 1263711.083918832940981, 5543629.320480721071362 ], [ 1263611.083918832940981, 5543629.320480721071362 ], [ 1263611.083918832940981, 5543729.320480721071362 ], [ 1263711.083918832940981, 5543729.320480721071362 ] ] ] ] } },
{ "type": "Feature", "properties": { "id": 923, "left": 1263611.0839188329, "top": 5543629.3204807211, "right": 1263711.0839188329, "bottom": 5543529.3204807211, "row_index": 4, "col_index": 27, "area": 1375567.409, "perimeter": 5075.87, "codzona": "H", "numquart": 15, "nomezona": "Irnerio", "intersect_area": 10000.0 }, "geometry": { "type": "MultiPolygon", "coordinates": [ [ [ [ 1263711.083918832940981, 5543629.320480721071362 ], [ 1263711.083918832940981, 5543529.320480721071362 ], [ 1263611.083918832940981, 5543529.320480721071362 ], [ 1263611.083918832940981, 5543629.320480721071362 ], [ 1263711.083918832940981, 5543629.320480721071362 ] ] ] ] } },
{ "type": "Feature", "properties": { "id": 924, "left": 1263611.0839188329, "top": 5543529.3204807211, "right": 1263711.0839188329, "bottom": 5543429.3204807211, "row_index": 5, "col_index": 27, "area": 1375567.409, "perimeter": 5075.87, "codzona": "H", "numquart": 15, "nomezona": "Irnerio", "intersect_area": 10000.0 }, "geometry": { "type": "MultiPolygon", "coordinates": [ [ [ [ 1263711.083918832940981, 5543529.320480721071362 ], [ 1263711.083918832940981, 5543429.320480721071362 ], [ 1263611.083918832940981, 5543429.320480721071362 ], [ 1263611.083918832940981, 5543529.320480721071362 ], [ 1263711.083918832940981, 5543529.320480721071362 ] ] ] ] } },
{ "type": "Feature", "properties": { "id": 925, "left": 1263611.0839188329, "top": 5543429.3204807211, "right": 1263711.0839188329, "bottom": 5543329.3204807211, "row_index": 6, "col_index": 27, "area": 1375567.409, "perimeter": 5075.87, "codzona": "H", "numquart": 15, "nomezona": "Irnerio", "intersect_area": 10000.0 }, "geometry": { "type": "MultiPolygon", "coordinates": [ [ [ [ 1263711.083918832940981, 5543429.320480721071362 ], [ 1263711.083918832940981, 5543329.320480721071362 ], [ 1263611.083918832940981, 5543329.320480721071362 ], [ 1263611.083918832940981, 5543429.320480721071362 ], [ 1263711.083918832940981, 5543429.320480721071362 ] ] ] ] } },
{ "type": "Feature", "properties": { "id": 926, "left": 1263611.0839188329, "top": 5543329.3204807211, "right": 1263711.0839188329, "bottom": 5543229.3204807211, "row_index": 7, "col_index": 27, "area": 1375567.409, "perimeter": 5075.87, "codzona": "H", "numquart": 15, "nomezona": "Irnerio", "intersect_area": 10000.0 }, "geometry": { "type": "MultiPolygon", "coordinates": [ [ [ [ 1263711.083918832940981, 5543329.320480721071362 ], [ 1263711.083918832940981, 5543229.320480721071362 ], [ 1263611.083918832940981, 5543229.320480721071362 ], [ 1263611.083918832940981, 5543329.320480721071362 ], [ 1263711.083918832940981, 5543329.320480721071362 ] ] ] ] } },
{ "type": "Feature", "properties": { "id": 927, "left": 1263611.0839188329, "top": 5543229.3204807211, "right": 1263711.0839188329, "bottom": 5543129.3204807211, "row_index": 8, "col_index": 27, "area": 1375567.409, "perimeter": 5075.87, "codzona": "H", "numquart": 15, "nomezona": "Irnerio", "intersect_area": 10000.0 }, "geometry": { "type": "MultiPolygon", "coordinates": [ [ [ [ 1263711.083918832940981, 5543229.320480721071362 ], [ 1263711.083918832940981, 5543129.320480721071362 ], [ 1263611.083918832940981, 5543129.320480721071362 ], [ 1263611.083918832940981, 5543229.320480721071362 ], [ 1263711.083918832940981, 5543229.320480721071362 ] ] ] ] } },
{ "type": "Feature", "properties": { "id": 928, "left": 1263611.0839188329, "top": 5543129.3204807211, "right": 1263711.0839188329, "bottom": 5543029.3204807211, "row_index": 9, "col_index": 27, "area": 1375567.409, "perimeter": 5075.87, "codzona": "H", "numquart": 15, "nomezona": "Irnerio", "intersect_area": 10000.0 }, "geometry": { "type": "MultiPolygon", "coordinates": [ [ [ [ 1263711.083918832940981, 5543129.320480721071362 ], [ 1263711.083918832940981, 5543029.320480721071362 ], [ 1263611.083918832940981, 5543029.320480721071362 ], [ 1263611.083918832940981, 5543129.320480721071362 ], [ 1263711.083918832940981, 5543129.320480721071362 ] ] ] ] } },
{ "type": "Feature", "properties": { "id": 929, "left": 1263611.0839188329, "top": 5543029.3204807211, "right": 1263711.0839188329, "bottom": 5542929.3204807211, "row_index": 10, "col_index": 27, "area": 1375567.409, "perimeter": 5075.87, "codzona": "H", "numquart": 15, "nomezona": "Irnerio", "intersect_area": 10000.0 }, "geometry": { "type": "MultiPolygon", "coordinates": [ [ [ [ 1263711.083918832940981, 5543029.320480721071362 ], [ 1263711.083918832940981, 5542929.320480721071362 ], [ 1263611.083918832940981, 5542929.320480721071362 ], [ 1263611.083918832940981, 5543029.320480721071362 ], [ 1263711.083918832940981, 5543029.320480721071362 ] ] ] ] } },
{ "type": "Feature", "properties": { "id": 930, "left": 1263611.0839188329, "top": 5542929.3204807211, "right": 1263711.0839188329, "bottom": 5542829.3204807211, "row_index": 11, "col_index": 27, "area": 1375567.409, "perimeter": 5075.87, "codzona": "H", "numquart": 15, "nomezona": "Irnerio", "intersect_area": 10000.0 }, "geometry": { "type": "MultiPolygon", "coordinates": [ [ [ [ 1263711.083918832940981, 5542929.320480721071362 ], [ 1263711.083918832940981, 5542829.320480721071362 ], [ 1263611.083918832940981, 5542829.320480721071362 ], [ 1263611.083918832940981, 5542929.320480721071362 ], [ 1263711.083918832940981, 5542929.320480721071362 ] ] ] ] } },
{ "type": "Feature", "properties": { "id": 931, "left": 1263611.0839188329, "top": 5542829.3204807211, "right": 1263711.0839188329, "bottom": 5542729.3204807211, "row_index": 12, "col_index": 27, "area": 1375567.409, "perimeter": 5075.87, "codzona": "H", "numquart": 15, "nomezona": "Irnerio", "intersect_area": 10000.0 }, "geometry": { "type": "MultiPolygon", "coordinates": [ [ [ [ 1263711.083918832940981, 5542829.320480721071362 ], [ 1263711.083918832940981, 5542729.320480721071362 ], [ 1263611.083918832940981, 5542729.320480721071362 ], [ 1263611.083918832940981, 5542829.320480721071362 ], [ 1263711.083918832940981, 5542829.320480721071362 ] ] ] ] } },
{ "type": "Feature", "properties": { "id": 932, "left": 1263611.0839188329, "top": 5542729.3204807211, "right": 1263711.0839188329, "bottom": 5542629.3204807211, "row_index": 13, "col_index": 27, "area": 1375567.409, "perimeter": 5075.87, "codzona": "H", "numquart": 15, "nomezona": "Irnerio", "intersect_area": 10000.0 }, "geometry": { "type": "MultiPolygon", "coordinates": [ [ [ [ 1263711.083918832940981, 5542729.320480721071362 ], [ 1263711.083918832940981, 5542629.320480721071362 ], [ 1263611.083918832940981, 5542629.320480721071362 ], [ 1263611.083918832940981, 5542729.320480721071362 ], [ 1263711.083918832940981, 5542729.320480721071362 ] ] ] ] } },
{ "type": "Feature", "properties": { "id": 933, "left": 1263611.0839188329, "top": 5542629.3204807211, "right": 1263711.0839188329, "bottom": 5542529.3204807211, "row_index": 14, "col_index": 27, "area": 1375567.409, "perimeter": 5075.87, "codzona": "H", "numquart": 15, "nomezona": "Irnerio", "intersect_area": 10000.0 }, "geometry": { "type": "MultiPolygon", "coordinates": [ [ [ [ 1263711.083918832940981, 5542629.320480721071362 ], [ 1263711.083918832940981, 5542529.320480721071362 ], [ 1263611.083918832940981, 5542529.320480721071362 ], [ 1263611.083918832940981, 5542629.320480721071362 ], [ 1263711.083918832940981, 5542629.320480721071362 ] ] ] ] } },
{ "type": "Feature", "properties": { "id": 934, "left": 1263611.0839188329, "top": 5542529.3204807211, "right": 1263711.0839188329, "bottom": 5542429.3204807211, "row_index": 15, "col_index": 27, "area": 1375567.409, "perimeter": 5075.87, "codzona": "H", "numquart": 15, "nomezona": "Irnerio", "intersect_area": 10000.0 }, "geometry": { "type": "MultiPolygon", "coordinates": [ [ [ [ 1263711.083918832940981, 5542529.320480721071362 ], [ 1263711.083918832940981, 5542429.320480721071362 ], [ 1263611.083918832940981, 5542429.320480721071362 ], [ 1263611.083918832940981, 5542529.320480721071362 ], [ 1263711.083918832940981, 5542529.320480721071362 ] ] ] ] } },
{ "type": "Feature", "properties": { "id": 935, "left": 1263611.0839188329, "top": 5542429.3204807211, "right": 1263711.0839188329, "bottom": 5542329.3204807211, "row_index": 16, "col_index": 27, "area": 1375567.409, "perimeter": 5075.87, "codzona": "H", "numquart": 15, "nomezona": "Irnerio", "intersect_area": 10000.0 }, "geometry": { "type": "MultiPolygon", "coordinates": [ [ [ [ 1263711.083918832940981, 5542429.320480721071362 ], [ 1263711.083918832940981, 5542329.320480721071362 ], [ 1263611.083918832940981, 5542329.320480721071362 ], [ 1263611.083918832940981, 5542429.320480721071362 ], [ 1263711.083918832940981, 5542429.320480721071362 ] ] ] ] } },
{ "type": "Feature", "properties": { "id": 936, "left": 1263611.0839188329, "top": 5542329.3204807211, "right": 1263711.0839188329, "bottom": 5542229.3204807211, "row_index": 17, "col_index": 27, "area": 1375567.409, "perimeter": 5075.87, "codzona": "H", "numquart": 15, "nomezona": "Irnerio", "intersect_area": 10000.0 }, "geometry": { "type": "MultiPolygon", "coordinates": [ [ [ [ 1263711.083918832940981, 5542329.320480721071362 ], [ 1263711.083918832940981, 5542229.320480721071362 ], [ 1263611.083918832940981, 5542229.320480721071362 ], [ 1263611.083918832940981, 5542329.320480721071362 ], [ 1263711.083918832940981, 5542329.320480721071362 ] ] ] ] } },
{ "type": "Feature", "properties": { "id": 937, "left": 1263611.0839188329, "top": 5542229.3204807211, "right": 1263711.0839188329, "bottom": 5542129.3204807211, "row_index": 18, "col_index": 27, "area": 1375567.409, "perimeter": 5075.87, "codzona": "H", "numquart": 15, "nomezona": "Irnerio", "intersect_area": 10000.0 }, "geometry": { "type": "MultiPolygon", "coordinates": [ [ [ [ 1263711.083918832940981, 5542229.320480721071362 ], [ 1263711.083918832940981, 5542129.320480721071362 ], [ 1263611.083918832940981, 5542129.320480721071362 ], [ 1263611.083918832940981, 5542229.320480721071362 ], [ 1263711.083918832940981, 5542229.320480721071362 ] ] ] ] } },
{ "type": "Feature", "properties": { "id": 938, "left": 1263611.0839188329, "top": 5542129.3204807211, "right": 1263711.0839188329, "bottom": 5542029.3204807211, "row_index": 19, "col_index": 27, "area": 1375567.409, "perimeter": 5075.87, "codzona": "H", "numquart": 15, "nomezona": "Irnerio", "intersect_area": 10000.0 }, "geometry": { "type": "MultiPolygon", "coordinates": [ [ [ [ 1263711.083918832940981, 5542129.320480721071362 ], [ 1263711.083918832940981, 5542029.320480721071362 ], [ 1263611.083918832940981, 5542029.320480721071362 ], [ 1263611.083918832940981, 5542129.320480721071362 ], [ 1263711.083918832940981, 5542129.320480721071362 ] ] ] ] } },
{ "type": "Feature", "properties": { "id": 939, "left": 1263611.0839188329, "top": 5542029.3204807211, "right": 1263711.0839188329, "bottom": 5541929.3204807211, "row_index": 20, "col_index": 27, "area": 1116791.26, "perimeter": 4375.401, "codzona": "G", "numquart": 15, "nomezona": "Galvani", "intersect_area": 1065.0887816548347 }, "geometry": { "type": "MultiPolygon", "coordinates": [ [ [ [ 1263611.083918832940981, 5541929.320480721071362 ], [ 1263611.083918832940981, 5541961.924344654195011 ], [ 1263624.779706988949329, 5541954.776598610915244 ], [ 1263659.090128771727905, 5541938.336694922298193 ], [ 1263675.975275317206979, 5541929.320480721071362 ], [ 1263611.083918832940981, 5541929.320480721071362 ] ] ] ] } },
{ "type": "Feature", "properties": { "id": 939, "left": 1263611.0839188329, "top": 5542029.3204807211, "right": 1263711.0839188329, "bottom": 5541929.3204807211, "row_index": 20, "col_index": 27, "area": 1375567.409, "perimeter": 5075.87, "codzona": "H", "numquart": 15, "nomezona": "Irnerio", "intersect_area": 8934.9112183451653 }, "geometry": { "type": "MultiPolygon", "coordinates": [ [ [ [ 1263711.083918832940981, 5542029.320480721071362 ], [ 1263711.083918832940981, 5541929.320480721071362 ], [ 1263675.975275317206979, 5541929.320480721071362 ], [ 1263659.090128771727905, 5541938.336694922298193 ], [ 1263624.779706988949329, 5541954.776598610915244 ], [ 1263611.083918832940981, 5541961.924344654195011 ], [ 1263611.083918832940981, 5542029.320480721071362 ], [ 1263711.083918832940981, 5542029.320480721071362 ] ] ] ] } },
{ "type": "Feature", "properties": { "id": 940, "left": 1263611.0839188329, "top": 5541929.3204807211, "right": 1263711.0839188329, "bottom": 5541829.3204807211, "row_index": 21, "col_index": 27, "area": 1116791.26, "perimeter": 4375.401, "codzona": "G", "numquart": 15, "nomezona": "Galvani", "intersect_area": 9670.564088344574 }, "geometry": { "type": "MultiPolygon", "coordinates": [ [ [ [ 1263675.975275317206979, 5541929.320480721071362 ], [ 1263704.076697618234903, 5541914.315076880156994 ], [ 1263711.083918832940981, 5541910.475285883061588 ], [ 1263711.083918832940981, 5541829.320480721071362 ], [ 1263611.083918832940981, 5541829.320480721071362 ], [ 1263611.083918832940981, 5541929.320480721071362 ], [ 1263675.975275317206979, 5541929.320480721071362 ] ] ] ] } },
{ "type": "Feature", "properties": { "id": 940, "left": 1263611.0839188329, "top": 5541929.3204807211, "right": 1263711.0839188329, "bottom": 5541829.3204807211, "row_index": 21, "col_index": 27, "area": 1375567.409, "perimeter": 5075.87, "codzona": "H", "numquart": 15, "nomezona": "Irnerio", "intersect_area": 329.43591165542603 }, "geometry": { "type": "MultiPolygon", "coordinates": [ [ [ [ 1263711.083918832940981, 5541929.320480721071362 ], [ 1263711.083918832940981, 5541910.475285883061588 ], [ 1263704.076697618234903, 5541914.315076880156994 ], [ 1263675.975275317206979, 5541929.320480721071362 ], [ 1263711.083918832940981, 5541929.320480721071362 ] ] ] ] } },
{ "type": "Feature", "properties": { "id": 941, "left": 1263611.0839188329, "top": 5541829.3204807211, "right": 1263711.0839188329, "bottom": 5541729.3204807211, "row_index": 22, "col_index": 27, "area": 1116791.26, "perimeter": 4375.401, "codzona": "G", "numquart": 15, "nomezona": "Galvani", "intersect_area": 10000.0 }, "geometry": { "type": "MultiPolygon", "coordinates": [ [ [ [ 1263711.083918832940981, 5541829.320480721071362 ], [ 1263711.083918832940981, 5541729.320480721071362 ], [ 1263611.083918832940981, 5541729.320480721071362 ], [ 1263611.083918832940981, 5541829.320480721071362 ], [ 1263711.083918832940981, 5541829.320480721071362 ] ] ] ] } },
{ "type": "Feature", "properties": { "id": 942, "left": 1263611.0839188329, "top": 5541729.3204807211, "right": 1263711.0839188329, "bottom": 5541629.3204807211, "row_index": 23, "col_index": 27, "area": 1116791.26, "perimeter": 4375.401, "codzona": "G", "numquart": 15, "nomezona": "Galvani", "intersect_area": 10000.0 }, "geometry": { "type": "MultiPolygon", "coordinates": [ [ [ [ 1263711.083918832940981, 5541729.320480721071362 ], [ 1263711.083918832940981, 5541629.320480721071362 ], [ 1263611.083918832940981, 5541629.320480721071362 ], [ 1263611.083918832940981, 5541729.320480721071362 ], [ 1263711.083918832940981, 5541729.320480721071362 ] ] ] ] } },
{ "type": "Feature", "properties": { "id": 943, "left": 1263611.0839188329, "top": 5541629.3204807211, "right": 1263711.0839188329, "bottom": 5541529.3204807211, "row_index": 24, "col_index": 27, "area": 1116791.26, "perimeter": 4375.401, "codzona": "G", "numquart": 15, "nomezona": "Galvani", "intersect_area": 10000.0 }, "geometry": { "type": "MultiPolygon", "coordinates": [ [ [ [ 1263711.083918832940981, 5541629.320480721071362 ], [ 1263711.083918832940981, 5541529.320480721071362 ], [ 1263611.083918832940981, 5541529.320480721071362 ], [ 1263611.083918832940981, 5541629.320480721071362 ], [ 1263711.083918832940981, 5541629.320480721071362 ] ] ] ] } },
{ "type": "Feature", "properties": { "id": 944, "left": 1263611.0839188329, "top": 5541529.3204807211, "right": 1263711.0839188329, "bottom": 5541429.3204807211, "row_index": 25, "col_index": 27, "area": 1116791.26, "perimeter": 4375.401, "codzona": "G", "numquart": 15, "nomezona": "Galvani", "intersect_area": 10000.0 }, "geometry": { "type": "MultiPolygon", "coordinates": [ [ [ [ 1263711.083918832940981, 5541529.320480721071362 ], [ 1263711.083918832940981, 5541429.320480721071362 ], [ 1263611.083918832940981, 5541429.320480721071362 ], [ 1263611.083918832940981, 5541529.320480721071362 ], [ 1263711.083918832940981, 5541529.320480721071362 ] ] ] ] } },
{ "type": "Feature", "properties": { "id": 945, "left": 1263611.0839188329, "top": 5541429.3204807211, "right": 1263711.0839188329, "bottom": 5541329.3204807211, "row_index": 26, "col_index": 27, "area": 1116791.26, "perimeter": 4375.401, "codzona": "G", "numquart": 15, "nomezona": "Galvani", "intersect_area": 10000.0 }, "geometry": { "type": "MultiPolygon", "coordinates": [ [ [ [ 1263711.083918832940981, 5541429.320480721071362 ], [ 1263711.083918832940981, 5541329.320480721071362 ], [ 1263611.083918832940981, 5541329.320480721071362 ], [ 1263611.083918832940981, 5541429.320480721071362 ], [ 1263711.083918832940981, 5541429.320480721071362 ] ] ] ] } },
{ "type": "Feature", "properties": { "id": 946, "left": 1263611.0839188329, "top": 5541329.3204807211, "right": 1263711.0839188329, "bottom": 5541229.3204807211, "row_index": 27, "col_index": 27, "area": 1116791.26, "perimeter": 4375.401, "codzona": "G", "numquart": 15, "nomezona": "Galvani", "intersect_area": 10000.0 }, "geometry": { "type": "MultiPolygon", "coordinates": [ [ [ [ 1263711.083918832940981, 5541329.320480721071362 ], [ 1263711.083918832940981, 5541229.320480721071362 ], [ 1263611.083918832940981, 5541229.320480721071362 ], [ 1263611.083918832940981, 5541329.320480721071362 ], [ 1263711.083918832940981, 5541329.320480721071362 ] ] ] ] } },
{ "type": "Feature", "properties": { "id": 947, "left": 1263611.0839188329, "top": 5541229.3204807211, "right": 1263711.0839188329, "bottom": 5541129.3204807211, "row_index": 28, "col_index": 27, "area": 1116791.26, "perimeter": 4375.401, "codzona": "G", "numquart": 15, "nomezona": "Galvani", "intersect_area": 10000.0 }, "geometry": { "type": "MultiPolygon", "coordinates": [ [ [ [ 1263711.083918832940981, 5541229.320480721071362 ], [ 1263711.083918832940981, 5541129.320480721071362 ], [ 1263611.083918832940981, 5541129.320480721071362 ], [ 1263611.083918832940981, 5541229.320480721071362 ], [ 1263711.083918832940981, 5541229.320480721071362 ] ] ] ] } },
{ "type": "Feature", "properties": { "id": 948, "left": 1263611.0839188329, "top": 5541129.3204807211, "right": 1263711.0839188329, "bottom": 5541029.3204807211, "row_index": 29, "col_index": 27, "area": 1116791.26, "perimeter": 4375.401, "codzona": "G", "numquart": 15, "nomezona": "Galvani", "intersect_area": 10000.0 }, "geometry": { "type": "MultiPolygon", "coordinates": [ [ [ [ 1263711.083918832940981, 5541129.320480721071362 ], [ 1263711.083918832940981, 5541029.320480721071362 ], [ 1263611.083918832940981, 5541029.320480721071362 ], [ 1263611.083918832940981, 5541129.320480721071362 ], [ 1263711.083918832940981, 5541129.320480721071362 ] ] ] ] } },
{ "type": "Feature", "properties": { "id": 949, "left": 1263611.0839188329, "top": 5541029.3204807211, "right": 1263711.0839188329, "bottom": 5540929.3204807211, "row_index": 30, "col_index": 27, "area": 1116791.26, "perimeter": 4375.401, "codzona": "G", "numquart": 15, "nomezona": "Galvani", "intersect_area": 10000.0 }, "geometry": { "type": "MultiPolygon", "coordinates": [ [ [ [ 1263711.083918832940981, 5541029.320480721071362 ], [ 1263711.083918832940981, 5540929.320480721071362 ], [ 1263611.083918832940981, 5540929.320480721071362 ], [ 1263611.083918832940981, 5541029.320480721071362 ], [ 1263711.083918832940981, 5541029.320480721071362 ] ] ] ] } },
{ "type": "Feature", "properties": { "id": 950, "left": 1263611.0839188329, "top": 5540929.3204807211, "right": 1263711.0839188329, "bottom": 5540829.3204807211, "row_index": 31, "col_index": 27, "area": 1116791.26, "perimeter": 4375.401, "codzona": "G", "numquart": 15, "nomezona": "Galvani", "intersect_area": 10000.0 }, "geometry": { "type": "MultiPolygon", "coordinates": [ [ [ [ 1263711.083918832940981, 5540929.320480721071362 ], [ 1263711.083918832940981, 5540829.320480721071362 ], [ 1263611.083918832940981, 5540829.320480721071362 ], [ 1263611.083918832940981, 5540929.320480721071362 ], [ 1263711.083918832940981, 5540929.320480721071362 ] ] ] ] } },
{ "type": "Feature", "properties": { "id": 951, "left": 1263611.0839188329, "top": 5540829.3204807211, "right": 1263711.0839188329, "bottom": 5540729.3204807211, "row_index": 32, "col_index": 27, "area": 2822503.649, "perimeter": 8534.222, "codzona": "O", "numquart": 15, "nomezona": "Murri", "intersect_area": 7254.0627904459834 }, "geometry": { "type": "MultiPolygon", "coordinates": [ [ [ [ 1263711.083918832940981, 5540729.320480721071362 ], [ 1263611.083918832940981, 5540729.320480721071362 ], [ 1263611.083918832940981, 5540810.275705668143928 ], [ 1263711.083918832940981, 5540793.446511583402753 ], [ 1263711.083918832940981, 5540729.320480721071362 ] ] ] ] } },
{ "type": "Feature", "properties": { "id": 951, "left": 1263611.0839188329, "top": 5540829.3204807211, "right": 1263711.0839188329, "bottom": 5540729.3204807211, "row_index": 32, "col_index": 27, "area": 1116791.26, "perimeter": 4375.401, "codzona": "G", "numquart": 15, "nomezona": "Galvani", "intersect_area": 2745.937209546566 }, "geometry": { "type": "MultiPolygon", "coordinates": [ [ [ [ 1263711.083918832940981, 5540829.320480721071362 ], [ 1263711.083918832940981, 5540793.446511583402753 ], [ 1263611.083918832940981, 5540810.275705668143928 ], [ 1263611.083918832940981, 5540829.320480721071362 ], [ 1263711.083918832940981, 5540829.320480721071362 ] ] ] ] } },
{ "type": "Feature", "properties": { "id": 952, "left": 1263611.0839188329, "top": 5540729.3204807211, "right": 1263711.0839188329, "bottom": 5540629.3204807211, "row_index": 33, "col_index": 27, "area": 2822503.649, "perimeter": 8534.222, "codzona": "O", "numquart": 15, "nomezona": "Murri", "intersect_area": 10000.0 }, "geometry": { "type": "MultiPolygon", "coordinates": [ [ [ [ 1263711.083918832940981, 5540729.320480721071362 ], [ 1263711.083918832940981, 5540629.320480721071362 ], [ 1263611.083918832940981, 5540629.320480721071362 ], [ 1263611.083918832940981, 5540729.320480721071362 ], [ 1263711.083918832940981, 5540729.320480721071362 ] ] ] ] } },
{ "type": "Feature", "properties": { "id": 953, "left": 1263711.0839188329, "top": 5544029.3204807211, "right": 1263811.0839188329, "bottom": 5543929.3204807211, "row_index": 0, "col_index": 28, "area": 4943556.714, "perimeter": 8849.296, "codzona": "B", "numquart": 12, "nomezona": "Bolognina", "intersect_area": 10000.0 }, "geometry": { "type": "MultiPolygon", "coordinates": [ [ [ [ 1263811.083918832940981, 5544029.320480721071362 ], [ 1263811.083918832940981, 5543929.320480721071362 ], [ 1263711.083918832940981, 5543929.320480721071362 ], [ 1263711.083918832940981, 5544029.320480721071362 ], [ 1263811.083918832940981, 5544029.320480721071362 ] ] ] ] } },
{ "type": "Feature", "properties": { "id": 954, "left": 1263711.0839188329, "top": 5543929.3204807211, "right": 1263811.0839188329, "bottom": 5543829.3204807211, "row_index": 1, "col_index": 28, "area": 1375567.409, "perimeter": 5075.87, "codzona": "H", "numquart": 15, "nomezona": "Irnerio", "intersect_area": 1763.9194738566875 }, "geometry": { "type": "MultiPolygon", "coordinates": [ [ [ [ 1263711.083918832940981, 5543829.320480721071362 ], [ 1263711.083918832940981, 5543867.244634564034641 ], [ 1263717.434863065136597, 5543864.806169502437115 ], [ 1263734.605164598207921, 5543858.214289277791977 ], [ 1263754.331944671692327, 5543850.308275919407606 ], [ 1263773.299781680805609, 5543841.820400798693299 ], [ 1263798.753670062869787, 5543830.022503740154207 ], [ 1263800.132558086654171, 5543829.320480721071362 ], [ 1263711.083918832940981, 5543829.320480721071362 ] ] ] ] } },
{ "type": "Feature", "properties": { "id": 954, "left": 1263711.0839188329, "top": 5543929.3204807211, "right": 1263811.0839188329, "bottom": 5543829.3204807211, "row_index": 1, "col_index": 28, "area": 4943556.714, "perimeter": 8849.296, "codzona": "B", "numquart": 12, "nomezona": "Bolognina", "intersect_area": 8236.0805261731148 }, "geometry": { "type": "MultiPolygon", "coordinates": [ [ [ [ 1263811.083918832940981, 5543929.320480721071362 ], [ 1263811.083918832940981, 5543829.320480721071362 ], [ 1263800.132558086654171, 5543829.320480721071362 ], [ 1263798.753670062869787, 5543830.022503740154207 ], [ 1263773.299781680805609, 5543841.820400798693299 ], [ 1263754.331944671692327, 5543850.308275919407606 ], [ 1263734.605164598207921, 5543858.214289277791977 ], [ 1263717.434863065136597, 5543864.806169502437115 ], [ 1263711.083918832940981, 5543867.244634564034641 ], [ 1263711.083918832940981, 5543929.320480721071362 ], [ 1263811.083918832940981, 5543929.320480721071362 ] ] ] ] } },
{ "type": "Feature", "properties": { "id": 955, "left": 1263711.0839188329, "top": 5543829.3204807211, "right": 1263811.0839188329, "bottom": 5543729.3204807211, "row_index": 2, "col_index": 28, "area": 1375567.409, "perimeter": 5075.87, "codzona": "H", "numquart": 15, "nomezona": "Irnerio", "intersect_area": 9969.4698788225651 }, "geometry": { "type": "MultiPolygon", "coordinates": [ [ [ [ 1263800.132558086654171, 5543829.320480721071362 ], [ 1263811.083918832940981, 5543823.744895755313337 ], [ 1263811.083918832940981, 5543729.320480721071362 ], [ 1263711.083918832940981, 5543729.320480721071362 ], [ 1263711.083918832940981, 5543829.320480721071362 ], [ 1263800.132558086654171, 5543829.320480721071362 ] ] ] ] } },
{ "type": "Feature", "properties": { "id": 955, "left": 1263711.0839188329, "top": 5543829.3204807211, "right": 1263811.0839188329, "bottom": 5543729.3204807211, "row_index": 2, "col_index": 28, "area": 4943556.714, "perimeter": 8849.296, "codzona": "B", "numquart": 12, "nomezona": "Bolognina", "intersect_area": 30.530121169984341 }, "geometry": { "type": "MultiPolygon", "coordinates": [ [ [ [ 1263811.083918832940981, 5543829.320480721071362 ], [ 1263811.083918832940981, 5543823.744895755313337 ], [ 1263800.132558086654171, 5543829.320480721071362 ], [ 1263811.083918832940981, 5543829.320480721071362 ] ] ] ] } },
{ "type": "Feature", "properties": { "id": 956, "left": 1263711.0839188329, "top": 5543729.3204807211, "right": 1263811.0839188329, "bottom": 5543629.3204807211, "row_index": 3, "col_index": 28, "area": 1375567.409, "perimeter": 5075.87, "codzona": "H", "numquart": 15, "nomezona": "Irnerio", "intersect_area": 10000.0 }, "geometry": { "type": "MultiPolygon", "coordinates": [ [ [ [ 1263811.083918832940981, 5543729.320480721071362 ], [ 1263811.083918832940981, 5543629.320480721071362 ], [ 1263711.083918832940981, 5543629.320480721071362 ], [ 1263711.083918832940981, 5543729.320480721071362 ], [ 1263811.083918832940981, 5543729.320480721071362 ] ] ] ] } },
{ "type": "Feature", "properties": { "id": 957, "left": 1263711.0839188329, "top": 5543629.3204807211, "right": 1263811.0839188329, "bottom": 5543529.3204807211, "row_index": 4, "col_index": 28, "area": 1375567.409, "perimeter": 5075.87, "codzona": "H", "numquart": 15, "nomezona": "Irnerio", "intersect_area": 10000.0 }, "geometry": { "type": "MultiPolygon", "coordinates": [ [ [ [ 1263811.083918832940981, 5543629.320480721071362 ], [ 1263811.083918832940981, 5543529.320480721071362 ], [ 1263711.083918832940981, 5543529.320480721071362 ], [ 1263711.083918832940981, 5543629.320480721071362 ], [ 1263811.083918832940981, 5543629.320480721071362 ] ] ] ] } },
{ "type": "Feature", "properties": { "id": 958, "left": 1263711.0839188329, "top": 5543529.3204807211, "right": 1263811.0839188329, "bottom": 5543429.3204807211, "row_index": 5, "col_index": 28, "area": 1375567.409, "perimeter": 5075.87, "codzona": "H", "numquart": 15, "nomezona": "Irnerio", "intersect_area": 10000.0 }, "geometry": { "type": "MultiPolygon", "coordinates": [ [ [ [ 1263811.083918832940981, 5543529.320480721071362 ], [ 1263811.083918832940981, 5543429.320480721071362 ], [ 1263711.083918832940981, 5543429.320480721071362 ], [ 1263711.083918832940981, 5543529.320480721071362 ], [ 1263811.083918832940981, 5543529.320480721071362 ] ] ] ] } },
{ "type": "Feature", "properties": { "id": 959, "left": 1263711.0839188329, "top": 5543429.3204807211, "right": 1263811.0839188329, "bottom": 5543329.3204807211, "row_index": 6, "col_index": 28, "area": 1375567.409, "perimeter": 5075.87, "codzona": "H", "numquart": 15, "nomezona": "Irnerio", "intersect_area": 10000.0 }, "geometry": { "type": "MultiPolygon", "coordinates": [ [ [ [ 1263811.083918832940981, 5543429.320480721071362 ], [ 1263811.083918832940981, 5543329.320480721071362 ], [ 1263711.083918832940981, 5543329.320480721071362 ], [ 1263711.083918832940981, 5543429.320480721071362 ], [ 1263811.083918832940981, 5543429.320480721071362 ] ] ] ] } },
{ "type": "Feature", "properties": { "id": 960, "left": 1263711.0839188329, "top": 5543329.3204807211, "right": 1263811.0839188329, "bottom": 5543229.3204807211, "row_index": 7, "col_index": 28, "area": 1375567.409, "perimeter": 5075.87, "codzona": "H", "numquart": 15, "nomezona": "Irnerio", "intersect_area": 10000.0 }, "geometry": { "type": "MultiPolygon", "coordinates": [ [ [ [ 1263811.083918832940981, 5543329.320480721071362 ], [ 1263811.083918832940981, 5543229.320480721071362 ], [ 1263711.083918832940981, 5543229.320480721071362 ], [ 1263711.083918832940981, 5543329.320480721071362 ], [ 1263811.083918832940981, 5543329.320480721071362 ] ] ] ] } },
{ "type": "Feature", "properties": { "id": 961, "left": 1263711.0839188329, "top": 5543229.3204807211, "right": 1263811.0839188329, "bottom": 5543129.3204807211, "row_index": 8, "col_index": 28, "area": 1375567.409, "perimeter": 5075.87, "codzona": "H", "numquart": 15, "nomezona": "Irnerio", "intersect_area": 10000.0 }, "geometry": { "type": "MultiPolygon", "coordinates": [ [ [ [ 1263811.083918832940981, 5543229.320480721071362 ], [ 1263811.083918832940981, 5543129.320480721071362 ], [ 1263711.083918832940981, 5543129.320480721071362 ], [ 1263711.083918832940981, 5543229.320480721071362 ], [ 1263811.083918832940981, 5543229.320480721071362 ] ] ] ] } },
{ "type": "Feature", "properties": { "id": 962, "left": 1263711.0839188329, "top": 5543129.3204807211, "right": 1263811.0839188329, "bottom": 5543029.3204807211, "row_index": 9, "col_index": 28, "area": 1375567.409, "perimeter": 5075.87, "codzona": "H", "numquart": 15, "nomezona": "Irnerio", "intersect_area": 10000.0 }, "geometry": { "type": "MultiPolygon", "coordinates": [ [ [ [ 1263811.083918832940981, 5543129.320480721071362 ], [ 1263811.083918832940981, 5543029.320480721071362 ], [ 1263711.083918832940981, 5543029.320480721071362 ], [ 1263711.083918832940981, 5543129.320480721071362 ], [ 1263811.083918832940981, 5543129.320480721071362 ] ] ] ] } },
{ "type": "Feature", "properties": { "id": 963, "left": 1263711.0839188329, "top": 5543029.3204807211, "right": 1263811.0839188329, "bottom": 5542929.3204807211, "row_index": 10, "col_index": 28, "area": 1375567.409, "perimeter": 5075.87, "codzona": "H", "numquart": 15, "nomezona": "Irnerio", "intersect_area": 10000.0 }, "geometry": { "type": "MultiPolygon", "coordinates": [ [ [ [ 1263811.083918832940981, 5543029.320480721071362 ], [ 1263811.083918832940981, 5542929.320480721071362 ], [ 1263711.083918832940981, 5542929.320480721071362 ], [ 1263711.083918832940981, 5543029.320480721071362 ], [ 1263811.083918832940981, 5543029.320480721071362 ] ] ] ] } },
{ "type": "Feature", "properties": { "id": 964, "left": 1263711.0839188329, "top": 5542929.3204807211, "right": 1263811.0839188329, "bottom": 5542829.3204807211, "row_index": 11, "col_index": 28, "area": 1375567.409, "perimeter": 5075.87, "codzona": "H", "numquart": 15, "nomezona": "Irnerio", "intersect_area": 10000.0 }, "geometry": { "type": "MultiPolygon", "coordinates": [ [ [ [ 1263811.083918832940981, 5542929.320480721071362 ], [ 1263811.083918832940981, 5542829.320480721071362 ], [ 1263711.083918832940981, 5542829.320480721071362 ], [ 1263711.083918832940981, 5542929.320480721071362 ], [ 1263811.083918832940981, 5542929.320480721071362 ] ] ] ] } },
{ "type": "Feature", "properties": { "id": 965, "left": 1263711.0839188329, "top": 5542829.3204807211, "right": 1263811.0839188329, "bottom": 5542729.3204807211, "row_index": 12, "col_index": 28, "area": 1375567.409, "perimeter": 5075.87, "codzona": "H", "numquart": 15, "nomezona": "Irnerio", "intersect_area": 10000.0 }, "geometry": { "type": "MultiPolygon", "coordinates": [ [ [ [ 1263811.083918832940981, 5542829.320480721071362 ], [ 1263811.083918832940981, 5542729.320480721071362 ], [ 1263711.083918832940981, 5542729.320480721071362 ], [ 1263711.083918832940981, 5542829.320480721071362 ], [ 1263811.083918832940981, 5542829.320480721071362 ] ] ] ] } },
{ "type": "Feature", "properties": { "id": 966, "left": 1263711.0839188329, "top": 5542729.3204807211, "right": 1263811.0839188329, "bottom": 5542629.3204807211, "row_index": 13, "col_index": 28, "area": 1375567.409, "perimeter": 5075.87, "codzona": "H", "numquart": 15, "nomezona": "Irnerio", "intersect_area": 10000.0 }, "geometry": { "type": "MultiPolygon", "coordinates": [ [ [ [ 1263811.083918832940981, 5542729.320480721071362 ], [ 1263811.083918832940981, 5542629.320480721071362 ], [ 1263711.083918832940981, 5542629.320480721071362 ], [ 1263711.083918832940981, 5542729.320480721071362 ], [ 1263811.083918832940981, 5542729.320480721071362 ] ] ] ] } },
{ "type": "Feature", "properties": { "id": 967, "left": 1263711.0839188329, "top": 5542629.3204807211, "right": 1263811.0839188329, "bottom": 5542529.3204807211, "row_index": 14, "col_index": 28, "area": 1375567.409, "perimeter": 5075.87, "codzona": "H", "numquart": 15, "nomezona": "Irnerio", "intersect_area": 10000.0 }, "geometry": { "type": "MultiPolygon", "coordinates": [ [ [ [ 1263811.083918832940981, 5542629.320480721071362 ], [ 1263811.083918832940981, 5542529.320480721071362 ], [ 1263711.083918832940981, 5542529.320480721071362 ], [ 1263711.083918832940981, 5542629.320480721071362 ], [ 1263811.083918832940981, 5542629.320480721071362 ] ] ] ] } },
{ "type": "Feature", "properties": { "id": 968, "left": 1263711.0839188329, "top": 5542529.3204807211, "right": 1263811.0839188329, "bottom": 5542429.3204807211, "row_index": 15, "col_index": 28, "area": 1375567.409, "perimeter": 5075.87, "codzona": "H", "numquart": 15, "nomezona": "Irnerio", "intersect_area": 10000.0 }, "geometry": { "type": "MultiPolygon", "coordinates": [ [ [ [ 1263811.083918832940981, 5542529.320480721071362 ], [ 1263811.083918832940981, 5542429.320480721071362 ], [ 1263711.083918832940981, 5542429.320480721071362 ], [ 1263711.083918832940981, 5542529.320480721071362 ], [ 1263811.083918832940981, 5542529.320480721071362 ] ] ] ] } },
{ "type": "Feature", "properties": { "id": 969, "left": 1263711.0839188329, "top": 5542429.3204807211, "right": 1263811.0839188329, "bottom": 5542329.3204807211, "row_index": 16, "col_index": 28, "area": 1375567.409, "perimeter": 5075.87, "codzona": "H", "numquart": 15, "nomezona": "Irnerio", "intersect_area": 10000.0 }, "geometry": { "type": "MultiPolygon", "coordinates": [ [ [ [ 1263811.083918832940981, 5542429.320480721071362 ], [ 1263811.083918832940981, 5542329.320480721071362 ], [ 1263711.083918832940981, 5542329.320480721071362 ], [ 1263711.083918832940981, 5542429.320480721071362 ], [ 1263811.083918832940981, 5542429.320480721071362 ] ] ] ] } },
{ "type": "Feature", "properties": { "id": 970, "left": 1263711.0839188329, "top": 5542329.3204807211, "right": 1263811.0839188329, "bottom": 5542229.3204807211, "row_index": 17, "col_index": 28, "area": 1375567.409, "perimeter": 5075.87, "codzona": "H", "numquart": 15, "nomezona": "Irnerio", "intersect_area": 10000.0 }, "geometry": { "type": "MultiPolygon", "coordinates": [ [ [ [ 1263811.083918832940981, 5542329.320480721071362 ], [ 1263811.083918832940981, 5542229.320480721071362 ], [ 1263711.083918832940981, 5542229.320480721071362 ], [ 1263711.083918832940981, 5542329.320480721071362 ], [ 1263811.083918832940981, 5542329.320480721071362 ] ] ] ] } },
{ "type": "Feature", "properties": { "id": 971, "left": 1263711.0839188329, "top": 5542229.3204807211, "right": 1263811.0839188329, "bottom": 5542129.3204807211, "row_index": 18, "col_index": 28, "area": 1375567.409, "perimeter": 5075.87, "codzona": "H", "numquart": 15, "nomezona": "Irnerio", "intersect_area": 10000.0 }, "geometry": { "type": "MultiPolygon", "coordinates": [ [ [ [ 1263811.083918832940981, 5542229.320480721071362 ], [ 1263811.083918832940981, 5542129.320480721071362 ], [ 1263711.083918832940981, 5542129.320480721071362 ], [ 1263711.083918832940981, 5542229.320480721071362 ], [ 1263811.083918832940981, 5542229.320480721071362 ] ] ] ] } },
{ "type": "Feature", "properties": { "id": 972, "left": 1263711.0839188329, "top": 5542129.3204807211, "right": 1263811.0839188329, "bottom": 5542029.3204807211, "row_index": 19, "col_index": 28, "area": 1375567.409, "perimeter": 5075.87, "codzona": "H", "numquart": 15, "nomezona": "Irnerio", "intersect_area": 10000.0 }, "geometry": { "type": "MultiPolygon", "coordinates": [ [ [ [ 1263811.083918832940981, 5542129.320480721071362 ], [ 1263811.083918832940981, 5542029.320480721071362 ], [ 1263711.083918832940981, 5542029.320480721071362 ], [ 1263711.083918832940981, 5542129.320480721071362 ], [ 1263811.083918832940981, 5542129.320480721071362 ] ] ] ] } },
{ "type": "Feature", "properties": { "id": 973, "left": 1263711.0839188329, "top": 5542029.3204807211, "right": 1263811.0839188329, "bottom": 5541929.3204807211, "row_index": 20, "col_index": 28, "area": 1375567.409, "perimeter": 5075.87, "codzona": "H", "numquart": 15, "nomezona": "Irnerio", "intersect_area": 10000.0 }, "geometry": { "type": "MultiPolygon", "coordinates": [ [ [ [ 1263811.083918832940981, 5542029.320480721071362 ], [ 1263811.083918832940981, 5541929.320480721071362 ], [ 1263711.083918832940981, 5541929.320480721071362 ], [ 1263711.083918832940981, 5542029.320480721071362 ], [ 1263811.083918832940981, 5542029.320480721071362 ] ] ] ] } },
{ "type": "Feature", "properties": { "id": 974, "left": 1263711.0839188329, "top": 5541929.3204807211, "right": 1263811.0839188329, "bottom": 5541829.3204807211, "row_index": 21, "col_index": 28, "area": 1116791.26, "perimeter": 4375.401, "codzona": "G", "numquart": 15, "nomezona": "Galvani", "intersect_area": 5361.2093121092767 }, "geometry": { "type": "MultiPolygon", "coordinates": [ [ [ [ 1263811.083918832940981, 5541829.320480721071362 ], [ 1263711.083918832940981, 5541829.320480721071362 ], [ 1263711.083918832940981, 5541910.475285883061588 ], [ 1263776.612694808049127, 5541874.567071150057018 ], [ 1263811.083918832940981, 5541854.842769512906671 ], [ 1263811.083918832940981, 5541829.320480721071362 ] ] ] ] } },
{ "type": "Feature", "properties": { "id": 974, "left": 1263711.0839188329, "top": 5541929.3204807211, "right": 1263811.0839188329, "bottom": 5541829.3204807211, "row_index": 21, "col_index": 28, "area": 1375567.409, "perimeter": 5075.87, "codzona": "H", "numquart": 15, "nomezona": "Irnerio", "intersect_area": 4638.790687918663 }, "geometry": { "type": "MultiPolygon", "coordinates": [ [ [ [ 1263811.083918832940981, 5541929.320480721071362 ], [ 1263811.083918832940981, 5541854.842769512906671 ], [ 1263776.612694808049127, 5541874.567071150057018 ], [ 1263711.083918832940981, 5541910.475285883061588 ], [ 1263711.083918832940981, 5541929.320480721071362 ], [ 1263811.083918832940981, 5541929.320480721071362 ] ] ] ] } },
{ "type": "Feature", "properties": { "id": 975, "left": 1263711.0839188329, "top": 5541829.3204807211, "right": 1263811.0839188329, "bottom": 5541729.3204807211, "row_index": 22, "col_index": 28, "area": 1116791.26, "perimeter": 4375.401, "codzona": "G", "numquart": 15, "nomezona": "Galvani", "intersect_area": 10000.0 }, "geometry": { "type": "MultiPolygon", "coordinates": [ [ [ [ 1263811.083918832940981, 5541829.320480721071362 ], [ 1263811.083918832940981, 5541729.320480721071362 ], [ 1263711.083918832940981, 5541729.320480721071362 ], [ 1263711.083918832940981, 5541829.320480721071362 ], [ 1263811.083918832940981, 5541829.320480721071362 ] ] ] ] } },
{ "type": "Feature", "properties": { "id": 976, "left": 1263711.0839188329, "top": 5541729.3204807211, "right": 1263811.0839188329, "bottom": 5541629.3204807211, "row_index": 23, "col_index": 28, "area": 1116791.26, "perimeter": 4375.401, "codzona": "G", "numquart": 15, "nomezona": "Galvani", "intersect_area": 10000.0 }, "geometry": { "type": "MultiPolygon", "coordinates": [ [ [ [ 1263811.083918832940981, 5541729.320480721071362 ], [ 1263811.083918832940981, 5541629.320480721071362 ], [ 1263711.083918832940981, 5541629.320480721071362 ], [ 1263711.083918832940981, 5541729.320480721071362 ], [ 1263811.083918832940981, 5541729.320480721071362 ] ] ] ] } },
{ "type": "Feature", "properties": { "id": 977, "left": 1263711.0839188329, "top": 5541629.3204807211, "right": 1263811.0839188329, "bottom": 5541529.3204807211, "row_index": 24, "col_index": 28, "area": 1116791.26, "perimeter": 4375.401, "codzona": "G", "numquart": 15, "nomezona": "Galvani", "intersect_area": 10000.0 }, "geometry": { "type": "MultiPolygon", "coordinates": [ [ [ [ 1263811.083918832940981, 5541629.320480721071362 ], [ 1263811.083918832940981, 5541529.320480721071362 ], [ 1263711.083918832940981, 5541529.320480721071362 ], [ 1263711.083918832940981, 5541629.320480721071362 ], [ 1263811.083918832940981, 5541629.320480721071362 ] ] ] ] } },
{ "type": "Feature", "properties": { "id": 978, "left": 1263711.0839188329, "top": 5541529.3204807211, "right": 1263811.0839188329, "bottom": 5541429.3204807211, "row_index": 25, "col_index": 28, "area": 1116791.26, "perimeter": 4375.401, "codzona": "G", "numquart": 15, "nomezona": "Galvani", "intersect_area": 10000.0 }, "geometry": { "type": "MultiPolygon", "coordinates": [ [ [ [ 1263811.083918832940981, 5541529.320480721071362 ], [ 1263811.083918832940981, 5541429.320480721071362 ], [ 1263711.083918832940981, 5541429.320480721071362 ], [ 1263711.083918832940981, 5541529.320480721071362 ], [ 1263811.083918832940981, 5541529.320480721071362 ] ] ] ] } },
{ "type": "Feature", "properties": { "id": 979, "left": 1263711.0839188329, "top": 5541429.3204807211, "right": 1263811.0839188329, "bottom": 5541329.3204807211, "row_index": 26, "col_index": 28, "area": 1116791.26, "perimeter": 4375.401, "codzona": "G", "numquart": 15, "nomezona": "Galvani", "intersect_area": 10000.0 }, "geometry": { "type": "MultiPolygon", "coordinates": [ [ [ [ 1263811.083918832940981, 5541429.320480721071362 ], [ 1263811.083918832940981, 5541329.320480721071362 ], [ 1263711.083918832940981, 5541329.320480721071362 ], [ 1263711.083918832940981, 5541429.320480721071362 ], [ 1263811.083918832940981, 5541429.320480721071362 ] ] ] ] } },
{ "type": "Feature", "properties": { "id": 980, "left": 1263711.0839188329, "top": 5541329.3204807211, "right": 1263811.0839188329, "bottom": 5541229.3204807211, "row_index": 27, "col_index": 28, "area": 1116791.26, "perimeter": 4375.401, "codzona": "G", "numquart": 15, "nomezona": "Galvani", "intersect_area": 10000.0 }, "geometry": { "type": "MultiPolygon", "coordinates": [ [ [ [ 1263811.083918832940981, 5541329.320480721071362 ], [ 1263811.083918832940981, 5541229.320480721071362 ], [ 1263711.083918832940981, 5541229.320480721071362 ], [ 1263711.083918832940981, 5541329.320480721071362 ], [ 1263811.083918832940981, 5541329.320480721071362 ] ] ] ] } },
{ "type": "Feature", "properties": { "id": 981, "left": 1263711.0839188329, "top": 5541229.3204807211, "right": 1263811.0839188329, "bottom": 5541129.3204807211, "row_index": 28, "col_index": 28, "area": 1116791.26, "perimeter": 4375.401, "codzona": "G", "numquart": 15, "nomezona": "Galvani", "intersect_area": 10000.0 }, "geometry": { "type": "MultiPolygon", "coordinates": [ [ [ [ 1263811.083918832940981, 5541229.320480721071362 ], [ 1263811.083918832940981, 5541129.320480721071362 ], [ 1263711.083918832940981, 5541129.320480721071362 ], [ 1263711.083918832940981, 5541229.320480721071362 ], [ 1263811.083918832940981, 5541229.320480721071362 ] ] ] ] } },
{ "type": "Feature", "properties": { "id": 982, "left": 1263711.0839188329, "top": 5541129.3204807211, "right": 1263811.0839188329, "bottom": 5541029.3204807211, "row_index": 29, "col_index": 28, "area": 1116791.26, "perimeter": 4375.401, "codzona": "G", "numquart": 15, "nomezona": "Galvani", "intersect_area": 10000.0 }, "geometry": { "type": "MultiPolygon", "coordinates": [ [ [ [ 1263811.083918832940981, 5541129.320480721071362 ], [ 1263811.083918832940981, 5541029.320480721071362 ], [ 1263711.083918832940981, 5541029.320480721071362 ], [ 1263711.083918832940981, 5541129.320480721071362 ], [ 1263811.083918832940981, 5541129.320480721071362 ] ] ] ] } },
{ "type": "Feature", "properties": { "id": 983, "left": 1263711.0839188329, "top": 5541029.3204807211, "right": 1263811.0839188329, "bottom": 5540929.3204807211, "row_index": 30, "col_index": 28, "area": 1116791.26, "perimeter": 4375.401, "codzona": "G", "numquart": 15, "nomezona": "Galvani", "intersect_area": 10000.0 }, "geometry": { "type": "MultiPolygon", "coordinates": [ [ [ [ 1263811.083918832940981, 5541029.320480721071362 ], [ 1263811.083918832940981, 5540929.320480721071362 ], [ 1263711.083918832940981, 5540929.320480721071362 ], [ 1263711.083918832940981, 5541029.320480721071362 ], [ 1263811.083918832940981, 5541029.320480721071362 ] ] ] ] } },
{ "type": "Feature", "properties": { "id": 984, "left": 1263711.0839188329, "top": 5540929.3204807211, "right": 1263811.0839188329, "bottom": 5540829.3204807211, "row_index": 31, "col_index": 28, "area": 1116791.26, "perimeter": 4375.401, "codzona": "G", "numquart": 15, "nomezona": "Galvani", "intersect_area": 10000.0 }, "geometry": { "type": "MultiPolygon", "coordinates": [ [ [ [ 1263811.083918832940981, 5540929.320480721071362 ], [ 1263811.083918832940981, 5540829.320480721071362 ], [ 1263711.083918832940981, 5540829.320480721071362 ], [ 1263711.083918832940981, 5540929.320480721071362 ], [ 1263811.083918832940981, 5540929.320480721071362 ] ] ] ] } },
{ "type": "Feature", "properties": { "id": 985, "left": 1263711.0839188329, "top": 5540829.3204807211, "right": 1263811.0839188329, "bottom": 5540729.3204807211, "row_index": 32, "col_index": 28, "area": 2822503.649, "perimeter": 8534.222, "codzona": "O", "numquart": 15, "nomezona": "Murri", "intersect_area": 5571.1433819867671 }, "geometry": { "type": "MultiPolygon", "coordinates": [ [ [ [ 1263811.083918832940981, 5540729.320480721071362 ], [ 1263711.083918832940981, 5540729.320480721071362 ], [ 1263711.083918832940981, 5540793.446511583402753 ], [ 1263811.083918832940981, 5540776.617317498661578 ], [ 1263811.083918832940981, 5540729.320480721071362 ] ] ] ] } },
{ "type": "Feature", "properties": { "id": 985, "left": 1263711.0839188329, "top": 5540829.3204807211, "right": 1263811.0839188329, "bottom": 5540729.3204807211, "row_index": 32, "col_index": 28, "area": 1116791.26, "perimeter": 4375.401, "codzona": "G", "numquart": 15, "nomezona": "Galvani", "intersect_area": 4428.8566180467606 }, "geometry": { "type": "MultiPolygon", "coordinates": [ [ [ [ 1263811.083918832940981, 5540829.320480721071362 ], [ 1263811.083918832940981, 5540776.617317498661578 ], [ 1263711.083918832940981, 5540793.446511583402753 ], [ 1263711.083918832940981, 5540829.320480721071362 ], [ 1263811.083918832940981, 5540829.320480721071362 ] ] ] ] } },
{ "type": "Feature", "properties": { "id": 986, "left": 1263711.0839188329, "top": 5540729.3204807211, "right": 1263811.0839188329, "bottom": 5540629.3204807211, "row_index": 33, "col_index": 28, "area": 2822503.649, "perimeter": 8534.222, "codzona": "O", "numquart": 15, "nomezona": "Murri", "intersect_area": 10000.0 }, "geometry": { "type": "MultiPolygon", "coordinates": [ [ [ [ 1263811.083918832940981, 5540729.320480721071362 ], [ 1263811.083918832940981, 5540629.320480721071362 ], [ 1263711.083918832940981, 5540629.320480721071362 ], [ 1263711.083918832940981, 5540729.320480721071362 ], [ 1263811.083918832940981, 5540729.320480721071362 ] ] ] ] } },
{ "type": "Feature", "properties": { "id": 987, "left": 1263811.0839188329, "top": 5544029.3204807211, "right": 1263911.0839188329, "bottom": 5543929.3204807211, "row_index": 0, "col_index": 29, "area": 4943556.714, "perimeter": 8849.296, "codzona": "B", "numquart": 12, "nomezona": "Bolognina", "intersect_area": 10000.0 }, "geometry": { "type": "MultiPolygon", "coordinates": [ [ [ [ 1263911.083918832940981, 5544029.320480721071362 ], [ 1263911.083918832940981, 5543929.320480721071362 ], [ 1263811.083918832940981, 5543929.320480721071362 ], [ 1263811.083918832940981, 5544029.320480721071362 ], [ 1263911.083918832940981, 5544029.320480721071362 ] ] ] ] } },
{ "type": "Feature", "properties": { "id": 988, "left": 1263811.0839188329, "top": 5543929.3204807211, "right": 1263911.0839188329, "bottom": 5543829.3204807211, "row_index": 1, "col_index": 29, "area": 15464545.521, "perimeter": 22257.889, "codzona": "Q", "numquart": 14, "nomezona": "San Donato", "intersect_area": 173.96042316034436 }, "geometry": { "type": "MultiPolygon", "coordinates": [ [ [ [ 1263911.083918832940981, 5543829.320480721071362 ], [ 1263900.085408683633432, 5543829.320480721071362 ], [ 1263901.559160629054531, 5543833.769544404000044 ], [ 1263911.083918832940981, 5543860.711070156656206 ], [ 1263911.083918832940981, 5543829.320480721071362 ] ] ] ] } },
{ "type": "Feature", "properties": { "id": 988, "left": 1263811.0839188329, "top": 5543929.3204807211, "right": 1263911.0839188329, "bottom": 5543829.3204807211, "row_index": 1, "col_index": 29, "area": 4943556.714, "perimeter": 8849.296, "codzona": "B", "numquart": 12, "nomezona": "Bolognina", "intersect_area": 9826.0395768284798 }, "geometry": { "type": "MultiPolygon", "coordinates": [ [ [ [ 1263911.083918832940981, 5543929.320480721071362 ], [ 1263911.083918832940981, 5543860.711070156656206 ], [ 1263901.559160629054531, 5543833.769544404000044 ], [ 1263900.085408683633432, 5543829.320480721071362 ], [ 1263811.083918832940981, 5543829.320480721071362 ], [ 1263811.083918832940981, 5543929.320480721071362 ], [ 1263911.083918832940981, 5543929.320480721071362 ] ] ] ] } },
{ "type": "Feature", "properties": { "id": 989, "left": 1263811.0839188329, "top": 5543829.3204807211, "right": 1263911.0839188329, "bottom": 5543729.3204807211, "row_index": 2, "col_index": 29, "area": 1375567.409, "perimeter": 5075.87, "codzona": "H", "numquart": 15, "nomezona": "Irnerio", "intersect_area": 6752.6437265723944 }, "geometry": { "type": "MultiPolygon", "coordinates": [ [ [ [ 1263911.083918832940981, 5543729.320480721071362 ], [ 1263811.083918832940981, 5543729.320480721071362 ], [ 1263811.083918832940981, 5543823.744895755313337 ], [ 1263816.018331517232582, 5543821.232674871571362 ], [ 1263842.310239216079935, 5543807.420631835237145 ], [ 1263874.604425384895876, 5543789.064865422435105 ], [ 1263877.598205441376194, 5543788.238061984069645 ], [ 1263885.158841905649751, 5543784.259134832769632 ], [ 1263887.083685364574194, 5543783.326268599368632 ], [ 1263894.365697692614049, 5543778.482696305029094 ], [ 1263911.083918832940981, 5543769.118365600705147 ], [ 1263911.083918832940981, 5543729.320480721071362 ] ] ] ] } },
{ "type": "Feature", "properties": { "id": 989, "left": 1263811.0839188329, "top": 5543829.3204807211, "right": 1263911.0839188329, "bottom": 5543729.3204807211, "row_index": 2, "col_index": 29, "area": 15464545.521, "perimeter": 22257.889, "codzona": "Q", "numquart": 14, "nomezona": "San Donato", "intersect_area": 1032.0889475569129 }, "geometry": { "type": "MultiPolygon", "coordinates": [ [ [ [ 1263911.083918832940981, 5543829.320480721071362 ], [ 1263911.083918832940981, 5543769.118365600705147 ], [ 1263894.365697692614049, 5543778.482696305029094 ], [ 1263887.083685364574194, 5543783.326268599368632 ], [ 1263885.158841905649751, 5543784.259134832769632 ], [ 1263900.085408683633432, 5543829.320480721071362 ], [ 1263911.083918832940981, 5543829.320480721071362 ] ] ] ] } },
{ "type": "Feature", "properties": { "id": 989, "left": 1263811.0839188329, "top": 5543829.3204807211, "right": 1263911.0839188329, "bottom": 5543729.3204807211, "row_index": 2, "col_index": 29, "area": 4943556.714, "perimeter": 8849.296, "codzona": "B", "numquart": 12, "nomezona": "Bolognina", "intersect_area": 2215.2673258781433 }, "geometry": { "type": "MultiPolygon", "coordinates": [ [ [ [ 1263900.085408683633432, 5543829.320480721071362 ], [ 1263885.158841905649751, 5543784.259134832769632 ], [ 1263877.598205441376194, 5543788.238061984069645 ], [ 1263874.604425384895876, 5543789.064865422435105 ], [ 1263842.310239216079935, 5543807.420631835237145 ], [ 1263816.018331517232582, 5543821.232674871571362 ], [ 1263811.083918832940981, 5543823.744895755313337 ], [ 1263811.083918832940981, 5543829.320480721071362 ], [ 1263900.085408683633432, 5543829.320480721071362 ] ] ] ] } },
{ "type": "Feature", "properties": { "id": 990, "left": 1263811.0839188329, "top": 5543729.3204807211, "right": 1263911.0839188329, "bottom": 5543629.3204807211, "row_index": 3, "col_index": 29, "area": 1375567.409, "perimeter": 5075.87, "codzona": "H", "numquart": 15, "nomezona": "Irnerio", "intersect_area": 10000.0 }, "geometry": { "type": "MultiPolygon", "coordinates": [ [ [ [ 1263911.083918832940981, 5543729.320480721071362 ], [ 1263911.083918832940981, 5543629.320480721071362 ], [ 1263811.083918832940981, 5543629.320480721071362 ], [ 1263811.083918832940981, 5543729.320480721071362 ], [ 1263911.083918832940981, 5543729.320480721071362 ] ] ] ] } },
{ "type": "Feature", "properties": { "id": 991, "left": 1263811.0839188329, "top": 5543629.3204807211, "right": 1263911.0839188329, "bottom": 5543529.3204807211, "row_index": 4, "col_index": 29, "area": 1375567.409, "perimeter": 5075.87, "codzona": "H", "numquart": 15, "nomezona": "Irnerio", "intersect_area": 10000.0 }, "geometry": { "type": "MultiPolygon", "coordinates": [ [ [ [ 1263911.083918832940981, 5543629.320480721071362 ], [ 1263911.083918832940981, 5543529.320480721071362 ], [ 1263811.083918832940981, 5543529.320480721071362 ], [ 1263811.083918832940981, 5543629.320480721071362 ], [ 1263911.083918832940981, 5543629.320480721071362 ] ] ] ] } },
{ "type": "Feature", "properties": { "id": 992, "left": 1263811.0839188329, "top": 5543529.3204807211, "right": 1263911.0839188329, "bottom": 5543429.3204807211, "row_index": 5, "col_index": 29, "area": 1375567.409, "perimeter": 5075.87, "codzona": "H", "numquart": 15, "nomezona": "Irnerio", "intersect_area": 10000.0 }, "geometry": { "type": "MultiPolygon", "coordinates": [ [ [ [ 1263911.083918832940981, 5543529.320480721071362 ], [ 1263911.083918832940981, 5543429.320480721071362 ], [ 1263811.083918832940981, 5543429.320480721071362 ], [ 1263811.083918832940981, 5543529.320480721071362 ], [ 1263911.083918832940981, 5543529.320480721071362 ] ] ] ] } },
{ "type": "Feature", "properties": { "id": 993, "left": 1263811.0839188329, "top": 5543429.3204807211, "right": 1263911.0839188329, "bottom": 5543329.3204807211, "row_index": 6, "col_index": 29, "area": 1375567.409, "perimeter": 5075.87, "codzona": "H", "numquart": 15, "nomezona": "Irnerio", "intersect_area": 10000.0 }, "geometry": { "type": "MultiPolygon", "coordinates": [ [ [ [ 1263911.083918832940981, 5543429.320480721071362 ], [ 1263911.083918832940981, 5543329.320480721071362 ], [ 1263811.083918832940981, 5543329.320480721071362 ], [ 1263811.083918832940981, 5543429.320480721071362 ], [ 1263911.083918832940981, 5543429.320480721071362 ] ] ] ] } },
{ "type": "Feature", "properties": { "id": 994, "left": 1263811.0839188329, "top": 5543329.3204807211, "right": 1263911.0839188329, "bottom": 5543229.3204807211, "row_index": 7, "col_index": 29, "area": 1375567.409, "perimeter": 5075.87, "codzona": "H", "numquart": 15, "nomezona": "Irnerio", "intersect_area": 10000.0 }, "geometry": { "type": "MultiPolygon", "coordinates": [ [ [ [ 1263911.083918832940981, 5543329.320480721071362 ], [ 1263911.083918832940981, 5543229.320480721071362 ], [ 1263811.083918832940981, 5543229.320480721071362 ], [ 1263811.083918832940981, 5543329.320480721071362 ], [ 1263911.083918832940981, 5543329.320480721071362 ] ] ] ] } },
{ "type": "Feature", "properties": { "id": 995, "left": 1263811.0839188329, "top": 5543229.3204807211, "right": 1263911.0839188329, "bottom": 5543129.3204807211, "row_index": 8, "col_index": 29, "area": 1375567.409, "perimeter": 5075.87, "codzona": "H", "numquart": 15, "nomezona": "Irnerio", "intersect_area": 10000.0 }, "geometry": { "type": "MultiPolygon", "coordinates": [ [ [ [ 1263911.083918832940981, 5543229.320480721071362 ], [ 1263911.083918832940981, 5543129.320480721071362 ], [ 1263811.083918832940981, 5543129.320480721071362 ], [ 1263811.083918832940981, 5543229.320480721071362 ], [ 1263911.083918832940981, 5543229.320480721071362 ] ] ] ] } },
{ "type": "Feature", "properties": { "id": 996, "left": 1263811.0839188329, "top": 5543129.3204807211, "right": 1263911.0839188329, "bottom": 5543029.3204807211, "row_index": 9, "col_index": 29, "area": 1375567.409, "perimeter": 5075.87, "codzona": "H", "numquart": 15, "nomezona": "Irnerio", "intersect_area": 10000.0 }, "geometry": { "type": "MultiPolygon", "coordinates": [ [ [ [ 1263911.083918832940981, 5543129.320480721071362 ], [ 1263911.083918832940981, 5543029.320480721071362 ], [ 1263811.083918832940981, 5543029.320480721071362 ], [ 1263811.083918832940981, 5543129.320480721071362 ], [ 1263911.083918832940981, 5543129.320480721071362 ] ] ] ] } },
{ "type": "Feature", "properties": { "id": 997, "left": 1263811.0839188329, "top": 5543029.3204807211, "right": 1263911.0839188329, "bottom": 5542929.3204807211, "row_index": 10, "col_index": 29, "area": 1375567.409, "perimeter": 5075.87, "codzona": "H", "numquart": 15, "nomezona": "Irnerio", "intersect_area": 10000.0 }, "geometry": { "type": "MultiPolygon", "coordinates": [ [ [ [ 1263911.083918832940981, 5543029.320480721071362 ], [ 1263911.083918832940981, 5542929.320480721071362 ], [ 1263811.083918832940981, 5542929.320480721071362 ], [ 1263811.083918832940981, 5543029.320480721071362 ], [ 1263911.083918832940981, 5543029.320480721071362 ] ] ] ] } },
{ "type": "Feature", "properties": { "id": 998, "left": 1263811.0839188329, "top": 5542929.3204807211, "right": 1263911.0839188329, "bottom": 5542829.3204807211, "row_index": 11, "col_index": 29, "area": 1375567.409, "perimeter": 5075.87, "codzona": "H", "numquart": 15, "nomezona": "Irnerio", "intersect_area": 10000.0 }, "geometry": { "type": "MultiPolygon", "coordinates": [ [ [ [ 1263911.083918832940981, 5542929.320480721071362 ], [ 1263911.083918832940981, 5542829.320480721071362 ], [ 1263811.083918832940981, 5542829.320480721071362 ], [ 1263811.083918832940981, 5542929.320480721071362 ], [ 1263911.083918832940981, 5542929.320480721071362 ] ] ] ] } },
{ "type": "Feature", "properties": { "id": 999, "left": 1263811.0839188329, "top": 5542829.3204807211, "right": 1263911.0839188329, "bottom": 5542729.3204807211, "row_index": 12, "col_index": 29, "area": 1375567.409, "perimeter": 5075.87, "codzona": "H", "numquart": 15, "nomezona": "Irnerio", "intersect_area": 10000.0 }, "geometry": { "type": "MultiPolygon", "coordinates": [ [ [ [ 1263911.083918832940981, 5542829.320480721071362 ], [ 1263911.083918832940981, 5542729.320480721071362 ], [ 1263811.083918832940981, 5542729.320480721071362 ], [ 1263811.083918832940981, 5542829.320480721071362 ], [ 1263911.083918832940981, 5542829.320480721071362 ] ] ] ] } },
{ "type": "Feature", "properties": { "id": 1000, "left": 1263811.0839188329, "top": 5542729.3204807211, "right": 1263911.0839188329, "bottom": 5542629.3204807211, "row_index": 13, "col_index": 29, "area": 1375567.409, "perimeter": 5075.87, "codzona": "H", "numquart": 15, "nomezona": "Irnerio", "intersect_area": 10000.0 }, "geometry": { "type": "MultiPolygon", "coordinates": [ [ [ [ 1263911.083918832940981, 5542729.320480721071362 ], [ 1263911.083918832940981, 5542629.320480721071362 ], [ 1263811.083918832940981, 5542629.320480721071362 ], [ 1263811.083918832940981, 5542729.320480721071362 ], [ 1263911.083918832940981, 5542729.320480721071362 ] ] ] ] } },
{ "type": "Feature", "properties": { "id": 1001, "left": 1263811.0839188329, "top": 5542629.3204807211, "right": 1263911.0839188329, "bottom": 5542529.3204807211, "row_index": 14, "col_index": 29, "area": 1375567.409, "perimeter": 5075.87, "codzona": "H", "numquart": 15, "nomezona": "Irnerio", "intersect_area": 10000.0 }, "geometry": { "type": "MultiPolygon", "coordinates": [ [ [ [ 1263911.083918832940981, 5542629.320480721071362 ], [ 1263911.083918832940981, 5542529.320480721071362 ], [ 1263811.083918832940981, 5542529.320480721071362 ], [ 1263811.083918832940981, 5542629.320480721071362 ], [ 1263911.083918832940981, 5542629.320480721071362 ] ] ] ] } },
{ "type": "Feature", "properties": { "id": 1002, "left": 1263811.0839188329, "top": 5542529.3204807211, "right": 1263911.0839188329, "bottom": 5542429.3204807211, "row_index": 15, "col_index": 29, "area": 1375567.409, "perimeter": 5075.87, "codzona": "H", "numquart": 15, "nomezona": "Irnerio", "intersect_area": 10000.0 }, "geometry": { "type": "MultiPolygon", "coordinates": [ [ [ [ 1263911.083918832940981, 5542529.320480721071362 ], [ 1263911.083918832940981, 5542429.320480721071362 ], [ 1263811.083918832940981, 5542429.320480721071362 ], [ 1263811.083918832940981, 5542529.320480721071362 ], [ 1263911.083918832940981, 5542529.320480721071362 ] ] ] ] } },
{ "type": "Feature", "properties": { "id": 1003, "left": 1263811.0839188329, "top": 5542429.3204807211, "right": 1263911.0839188329, "bottom": 5542329.3204807211, "row_index": 16, "col_index": 29, "area": 1375567.409, "perimeter": 5075.87, "codzona": "H", "numquart": 15, "nomezona": "Irnerio", "intersect_area": 10000.0 }, "geometry": { "type": "MultiPolygon", "coordinates": [ [ [ [ 1263911.083918832940981, 5542429.320480721071362 ], [ 1263911.083918832940981, 5542329.320480721071362 ], [ 1263811.083918832940981, 5542329.320480721071362 ], [ 1263811.083918832940981, 5542429.320480721071362 ], [ 1263911.083918832940981, 5542429.320480721071362 ] ] ] ] } },
{ "type": "Feature", "properties": { "id": 1004, "left": 1263811.0839188329, "top": 5542329.3204807211, "right": 1263911.0839188329, "bottom": 5542229.3204807211, "row_index": 17, "col_index": 29, "area": 1375567.409, "perimeter": 5075.87, "codzona": "H", "numquart": 15, "nomezona": "Irnerio", "intersect_area": 10000.0 }, "geometry": { "type": "MultiPolygon", "coordinates": [ [ [ [ 1263911.083918832940981, 5542329.320480721071362 ], [ 1263911.083918832940981, 5542229.320480721071362 ], [ 1263811.083918832940981, 5542229.320480721071362 ], [ 1263811.083918832940981, 5542329.320480721071362 ], [ 1263911.083918832940981, 5542329.320480721071362 ] ] ] ] } },
{ "type": "Feature", "properties": { "id": 1005, "left": 1263811.0839188329, "top": 5542229.3204807211, "right": 1263911.0839188329, "bottom": 5542129.3204807211, "row_index": 18, "col_index": 29, "area": 1375567.409, "perimeter": 5075.87, "codzona": "H", "numquart": 15, "nomezona": "Irnerio", "intersect_area": 10000.0 }, "geometry": { "type": "MultiPolygon", "coordinates": [ [ [ [ 1263911.083918832940981, 5542229.320480721071362 ], [ 1263911.083918832940981, 5542129.320480721071362 ], [ 1263811.083918832940981, 5542129.320480721071362 ], [ 1263811.083918832940981, 5542229.320480721071362 ], [ 1263911.083918832940981, 5542229.320480721071362 ] ] ] ] } },
{ "type": "Feature", "properties": { "id": 1006, "left": 1263811.0839188329, "top": 5542129.3204807211, "right": 1263911.0839188329, "bottom": 5542029.3204807211, "row_index": 19, "col_index": 29, "area": 1375567.409, "perimeter": 5075.87, "codzona": "H", "numquart": 15, "nomezona": "Irnerio", "intersect_area": 10000.0 }, "geometry": { "type": "MultiPolygon", "coordinates": [ [ [ [ 1263911.083918832940981, 5542129.320480721071362 ], [ 1263911.083918832940981, 5542029.320480721071362 ], [ 1263811.083918832940981, 5542029.320480721071362 ], [ 1263811.083918832940981, 5542129.320480721071362 ], [ 1263911.083918832940981, 5542129.320480721071362 ] ] ] ] } },
{ "type": "Feature", "properties": { "id": 1007, "left": 1263811.0839188329, "top": 5542029.3204807211, "right": 1263911.0839188329, "bottom": 5541929.3204807211, "row_index": 20, "col_index": 29, "area": 1375567.409, "perimeter": 5075.87, "codzona": "H", "numquart": 15, "nomezona": "Irnerio", "intersect_area": 10000.0 }, "geometry": { "type": "MultiPolygon", "coordinates": [ [ [ [ 1263911.083918832940981, 5542029.320480721071362 ], [ 1263911.083918832940981, 5541929.320480721071362 ], [ 1263811.083918832940981, 5541929.320480721071362 ], [ 1263811.083918832940981, 5542029.320480721071362 ], [ 1263911.083918832940981, 5542029.320480721071362 ] ] ] ] } },
{ "type": "Feature", "properties": { "id": 1008, "left": 1263811.0839188329, "top": 5541929.3204807211, "right": 1263911.0839188329, "bottom": 5541829.3204807211, "row_index": 21, "col_index": 29, "area": 1116791.26, "perimeter": 4375.401, "codzona": "G", "numquart": 15, "nomezona": "Galvani", "intersect_area": 569.19923907518387 }, "geometry": { "type": "MultiPolygon", "coordinates": [ [ [ [ 1263811.083918832940981, 5541829.320480721071362 ], [ 1263811.083918832940981, 5541854.842769512906671 ], [ 1263855.688009298406541, 5541829.320480721071362 ], [ 1263811.083918832940981, 5541829.320480721071362 ] ] ] ] } },
{ "type": "Feature", "properties": { "id": 1008, "left": 1263811.0839188329, "top": 5541929.3204807211, "right": 1263911.0839188329, "bottom": 5541829.3204807211, "row_index": 21, "col_index": 29, "area": 1375567.409, "perimeter": 5075.87, "codzona": "H", "numquart": 15, "nomezona": "Irnerio", "intersect_area": 9430.8007609248161 }, "geometry": { "type": "MultiPolygon", "coordinates": [ [ [ [ 1263911.083918832940981, 5541929.320480721071362 ], [ 1263911.083918832940981, 5541829.320480721071362 ], [ 1263855.688009298406541, 5541829.320480721071362 ], [ 1263811.083918832940981, 5541854.842769512906671 ], [ 1263811.083918832940981, 5541929.320480721071362 ], [ 1263911.083918832940981, 5541929.320480721071362 ] ] ] ] } },
{ "type": "Feature", "properties": { "id": 1009, "left": 1263811.0839188329, "top": 5541829.3204807211, "right": 1263911.0839188329, "bottom": 5541729.3204807211, "row_index": 22, "col_index": 29, "area": 1116791.26, "perimeter": 4375.401, "codzona": "G", "numquart": 15, "nomezona": "Galvani", "intersect_area": 9128.1929678469896 }, "geometry": { "type": "MultiPolygon", "coordinates": [ [ [ [ 1263855.688009298406541, 5541829.320480721071362 ], [ 1263893.004599470412359, 5541807.968071532435715 ], [ 1263911.083918832940981, 5541798.302834243513644 ], [ 1263911.083918832940981, 5541729.320480721071362 ], [ 1263811.083918832940981, 5541729.320480721071362 ], [ 1263811.083918832940981, 5541829.320480721071362 ], [ 1263855.688009298406541, 5541829.320480721071362 ] ] ] ] } },
{ "type": "Feature", "properties": { "id": 1009, "left": 1263811.0839188329, "top": 5541829.3204807211, "right": 1263911.0839188329, "bottom": 5541729.3204807211, "row_index": 22, "col_index": 29, "area": 1375567.409, "perimeter": 5075.87, "codzona": "H", "numquart": 15, "nomezona": "Irnerio", "intersect_area": 871.80703213810921 }, "geometry": { "type": "MultiPolygon", "coordinates": [ [ [ [ 1263911.083918832940981, 5541829.320480721071362 ], [ 1263911.083918832940981, 5541798.302834243513644 ], [ 1263893.004599470412359, 5541807.968071532435715 ], [ 1263855.688009298406541, 5541829.320480721071362 ], [ 1263911.083918832940981, 5541829.320480721071362 ] ] ] ] } },
{ "type": "Feature", "properties": { "id": 1010, "left": 1263811.0839188329, "top": 5541729.3204807211, "right": 1263911.0839188329, "bottom": 5541629.3204807211, "row_index": 23, "col_index": 29, "area": 1116791.26, "perimeter": 4375.401, "codzona": "G", "numquart": 15, "nomezona": "Galvani", "intersect_area": 10000.0 }, "geometry": { "type": "MultiPolygon", "coordinates": [ [ [ [ 1263911.083918832940981, 5541729.320480721071362 ], [ 1263911.083918832940981, 5541629.320480721071362 ], [ 1263811.083918832940981, 5541629.320480721071362 ], [ 1263811.083918832940981, 5541729.320480721071362 ], [ 1263911.083918832940981, 5541729.320480721071362 ] ] ] ] } },
{ "type": "Feature", "properties": { "id": 1011, "left": 1263811.0839188329, "top": 5541629.3204807211, "right": 1263911.0839188329, "bottom": 5541529.3204807211, "row_index": 24, "col_index": 29, "area": 1116791.26, "perimeter": 4375.401, "codzona": "G", "numquart": 15, "nomezona": "Galvani", "intersect_area": 10000.0 }, "geometry": { "type": "MultiPolygon", "coordinates": [ [ [ [ 1263911.083918832940981, 5541629.320480721071362 ], [ 1263911.083918832940981, 5541529.320480721071362 ], [ 1263811.083918832940981, 5541529.320480721071362 ], [ 1263811.083918832940981, 5541629.320480721071362 ], [ 1263911.083918832940981, 5541629.320480721071362 ] ] ] ] } },
{ "type": "Feature", "properties": { "id": 1012, "left": 1263811.0839188329, "top": 5541529.3204807211, "right": 1263911.0839188329, "bottom": 5541429.3204807211, "row_index": 25, "col_index": 29, "area": 1116791.26, "perimeter": 4375.401, "codzona": "G", "numquart": 15, "nomezona": "Galvani", "intersect_area": 10000.0 }, "geometry": { "type": "MultiPolygon", "coordinates": [ [ [ [ 1263911.083918832940981, 5541529.320480721071362 ], [ 1263911.083918832940981, 5541429.320480721071362 ], [ 1263811.083918832940981, 5541429.320480721071362 ], [ 1263811.083918832940981, 5541529.320480721071362 ], [ 1263911.083918832940981, 5541529.320480721071362 ] ] ] ] } },
{ "type": "Feature", "properties": { "id": 1013, "left": 1263811.0839188329, "top": 5541429.3204807211, "right": 1263911.0839188329, "bottom": 5541329.3204807211, "row_index": 26, "col_index": 29, "area": 1116791.26, "perimeter": 4375.401, "codzona": "G", "numquart": 15, "nomezona": "Galvani", "intersect_area": 10000.0 }, "geometry": { "type": "MultiPolygon", "coordinates": [ [ [ [ 1263911.083918832940981, 5541429.320480721071362 ], [ 1263911.083918832940981, 5541329.320480721071362 ], [ 1263811.083918832940981, 5541329.320480721071362 ], [ 1263811.083918832940981, 5541429.320480721071362 ], [ 1263911.083918832940981, 5541429.320480721071362 ] ] ] ] } },
{ "type": "Feature", "properties": { "id": 1014, "left": 1263811.0839188329, "top": 5541329.3204807211, "right": 1263911.0839188329, "bottom": 5541229.3204807211, "row_index": 27, "col_index": 29, "area": 1116791.26, "perimeter": 4375.401, "codzona": "G", "numquart": 15, "nomezona": "Galvani", "intersect_area": 10000.0 }, "geometry": { "type": "MultiPolygon", "coordinates": [ [ [ [ 1263911.083918832940981, 5541329.320480721071362 ], [ 1263911.083918832940981, 5541229.320480721071362 ], [ 1263811.083918832940981, 5541229.320480721071362 ], [ 1263811.083918832940981, 5541329.320480721071362 ], [ 1263911.083918832940981, 5541329.320480721071362 ] ] ] ] } },
{ "type": "Feature", "properties": { "id": 1015, "left": 1263811.0839188329, "top": 5541229.3204807211, "right": 1263911.0839188329, "bottom": 5541129.3204807211, "row_index": 28, "col_index": 29, "area": 1116791.26, "perimeter": 4375.401, "codzona": "G", "numquart": 15, "nomezona": "Galvani", "intersect_area": 10000.0 }, "geometry": { "type": "MultiPolygon", "coordinates": [ [ [ [ 1263911.083918832940981, 5541229.320480721071362 ], [ 1263911.083918832940981, 5541129.320480721071362 ], [ 1263811.083918832940981, 5541129.320480721071362 ], [ 1263811.083918832940981, 5541229.320480721071362 ], [ 1263911.083918832940981, 5541229.320480721071362 ] ] ] ] } },
{ "type": "Feature", "properties": { "id": 1016, "left": 1263811.0839188329, "top": 5541129.3204807211, "right": 1263911.0839188329, "bottom": 5541029.3204807211, "row_index": 29, "col_index": 29, "area": 1116791.26, "perimeter": 4375.401, "codzona": "G", "numquart": 15, "nomezona": "Galvani", "intersect_area": 10000.0 }, "geometry": { "type": "MultiPolygon", "coordinates": [ [ [ [ 1263911.083918832940981, 5541129.320480721071362 ], [ 1263911.083918832940981, 5541029.320480721071362 ], [ 1263811.083918832940981, 5541029.320480721071362 ], [ 1263811.083918832940981, 5541129.320480721071362 ], [ 1263911.083918832940981, 5541129.320480721071362 ] ] ] ] } },
{ "type": "Feature", "properties": { "id": 1017, "left": 1263811.0839188329, "top": 5541029.3204807211, "right": 1263911.0839188329, "bottom": 5540929.3204807211, "row_index": 30, "col_index": 29, "area": 1116791.26, "perimeter": 4375.401, "codzona": "G", "numquart": 15, "nomezona": "Galvani", "intersect_area": 10000.0 }, "geometry": { "type": "MultiPolygon", "coordinates": [ [ [ [ 1263911.083918832940981, 5541029.320480721071362 ], [ 1263911.083918832940981, 5540929.320480721071362 ], [ 1263811.083918832940981, 5540929.320480721071362 ], [ 1263811.083918832940981, 5541029.320480721071362 ], [ 1263911.083918832940981, 5541029.320480721071362 ] ] ] ] } },
{ "type": "Feature", "properties": { "id": 1018, "left": 1263811.0839188329, "top": 5540929.3204807211, "right": 1263911.0839188329, "bottom": 5540829.3204807211, "row_index": 31, "col_index": 29, "area": 1116791.26, "perimeter": 4375.401, "codzona": "G", "numquart": 15, "nomezona": "Galvani", "intersect_area": 10000.0 }, "geometry": { "type": "MultiPolygon", "coordinates": [ [ [ [ 1263911.083918832940981, 5540929.320480721071362 ], [ 1263911.083918832940981, 5540829.320480721071362 ], [ 1263811.083918832940981, 5540829.320480721071362 ], [ 1263811.083918832940981, 5540929.320480721071362 ], [ 1263911.083918832940981, 5540929.320480721071362 ] ] ] ] } },
{ "type": "Feature", "properties": { "id": 1019, "left": 1263811.0839188329, "top": 5540829.3204807211, "right": 1263911.0839188329, "bottom": 5540729.3204807211, "row_index": 32, "col_index": 29, "area": 2822503.649, "perimeter": 8534.222, "codzona": "O", "numquart": 15, "nomezona": "Murri", "intersect_area": 3833.5190604515374 }, "geometry": { "type": "MultiPolygon", "coordinates": [ [ [ [ 1263911.083918832940981, 5540729.320480721071362 ], [ 1263811.083918832940981, 5540729.320480721071362 ], [ 1263811.083918832940981, 5540776.617317498661578 ], [ 1263841.490751950303093, 5540771.500092538073659 ], [ 1263911.083918832940981, 5540758.215988807380199 ], [ 1263911.083918832940981, 5540729.320480721071362 ] ] ] ] } },
{ "type": "Feature", "properties": { "id": 1019, "left": 1263811.0839188329, "top": 5540829.3204807211, "right": 1263911.0839188329, "bottom": 5540729.3204807211, "row_index": 32, "col_index": 29, "area": 1116791.26, "perimeter": 4375.401, "codzona": "G", "numquart": 15, "nomezona": "Galvani", "intersect_area": 6166.4809395074844 }, "geometry": { "type": "MultiPolygon", "coordinates": [ [ [ [ 1263911.083918832940981, 5540829.320480721071362 ], [ 1263911.083918832940981, 5540758.215988807380199 ], [ 1263841.490751950303093, 5540771.500092538073659 ], [ 1263811.083918832940981, 5540776.617317498661578 ], [ 1263811.083918832940981, 5540829.320480721071362 ], [ 1263911.083918832940981, 5540829.320480721071362 ] ] ] ] } },
{ "type": "Feature", "properties": { "id": 1020, "left": 1263811.0839188329, "top": 5540729.3204807211, "right": 1263911.0839188329, "bottom": 5540629.3204807211, "row_index": 33, "col_index": 29, "area": 2822503.649, "perimeter": 8534.222, "codzona": "O", "numquart": 15, "nomezona": "Murri", "intersect_area": 10000.0 }, "geometry": { "type": "MultiPolygon", "coordinates": [ [ [ [ 1263911.083918832940981, 5540729.320480721071362 ], [ 1263911.083918832940981, 5540629.320480721071362 ], [ 1263811.083918832940981, 5540629.320480721071362 ], [ 1263811.083918832940981, 5540729.320480721071362 ], [ 1263911.083918832940981, 5540729.320480721071362 ] ] ] ] } },
{ "type": "Feature", "properties": { "id": 1021, "left": 1263911.0839188329, "top": 5544029.3204807211, "right": 1264011.0839188329, "bottom": 5543929.3204807211, "row_index": 0, "col_index": 30, "area": 15464545.521, "perimeter": 22257.889, "codzona": "Q", "numquart": 14, "nomezona": "San Donato", "intersect_area": 5806.5857440382242 }, "geometry": { "type": "MultiPolygon", "coordinates": [ [ [ [ 1264011.083918832940981, 5544029.320480721071362 ], [ 1264011.083918832940981, 5543929.320480721071362 ], [ 1263935.339962882688269, 5543929.320480721071362 ], [ 1263936.190784610807896, 5543931.726956957019866 ], [ 1263968.933659677859396, 5544024.328361249528825 ], [ 1263969.999214445706457, 5544027.432802543975413 ], [ 1263970.647173037752509, 5544029.320480721071362 ], [ 1264011.083918832940981, 5544029.320480721071362 ] ] ] ] } },
{ "type": "Feature", "properties": { "id": 1021, "left": 1263911.0839188329, "top": 5544029.3204807211, "right": 1264011.0839188329, "bottom": 5543929.3204807211, "row_index": 0, "col_index": 30, "area": 4943556.714, "perimeter": 8849.296, "codzona": "B", "numquart": 12, "nomezona": "Bolognina", "intersect_area": 4193.4142559766769 }, "geometry": { "type": "MultiPolygon", "coordinates": [ [ [ [ 1263970.647173037752509, 5544029.320480721071362 ], [ 1263969.999214445706457, 5544027.432802543975413 ], [ 1263968.933659677859396, 5544024.328361249528825 ], [ 1263936.190784610807896, 5543931.726956957019866 ], [ 1263935.339962882688269, 5543929.320480721071362 ], [ 1263911.083918832940981, 5543929.320480721071362 ], [ 1263911.083918832940981, 5544029.320480721071362 ], [ 1263970.647173037752509, 5544029.320480721071362 ] ] ] ] } },
{ "type": "Feature", "properties": { "id": 1022, "left": 1263911.0839188329, "top": 5543929.3204807211, "right": 1264011.0839188329, "bottom": 5543829.3204807211, "row_index": 1, "col_index": 30, "area": 15464545.521, "perimeter": 22257.889, "codzona": "Q", "numquart": 14, "nomezona": "San Donato", "intersect_area": 9167.9106560051441 }, "geometry": { "type": "MultiPolygon", "coordinates": [ [ [ [ 1264011.083918832940981, 5543929.320480721071362 ], [ 1264011.083918832940981, 5543829.320480721071362 ], [ 1263911.083918832940981, 5543829.320480721071362 ], [ 1263911.083918832940981, 5543860.711070156656206 ], [ 1263931.000769763020799, 5543917.047445395961404 ], [ 1263935.339962882688269, 5543929.320480721071362 ], [ 1264011.083918832940981, 5543929.320480721071362 ] ] ] ] } },
{ "type": "Feature", "properties": { "id": 1022, "left": 1263911.0839188329, "top": 5543929.3204807211, "right": 1264011.0839188329, "bottom": 5543829.3204807211, "row_index": 1, "col_index": 30, "area": 4943556.714, "perimeter": 8849.296, "codzona": "B", "numquart": 12, "nomezona": "Bolognina", "intersect_area": 832.08934403955936 }, "geometry": { "type": "MultiPolygon", "coordinates": [ [ [ [ 1263935.339962882688269, 5543929.320480721071362 ], [ 1263931.000769763020799, 5543917.047445395961404 ], [ 1263911.083918832940981, 5543860.711070156656206 ], [ 1263911.083918832940981, 5543929.320480721071362 ], [ 1263935.339962882688269, 5543929.320480721071362 ] ] ] ] } },
{ "type": "Feature", "properties": { "id": 1023, "left": 1263911.0839188329, "top": 5543829.3204807211, "right": 1264011.0839188329, "bottom": 5543729.3204807211, "row_index": 2, "col_index": 30, "area": 1375567.409, "perimeter": 5075.87, "codzona": "H", "numquart": 15, "nomezona": "Irnerio", "intersect_area": 1413.8499155938625 }, "geometry": { "type": "MultiPolygon", "coordinates": [ [ [ [ 1263911.083918832940981, 5543729.320480721071362 ], [ 1263911.083918832940981, 5543769.118365600705147 ], [ 1263982.135429226560518, 5543729.320480721071362 ], [ 1263911.083918832940981, 5543729.320480721071362 ] ] ] ] } },
{ "type": "Feature", "properties": { "id": 1023, "left": 1263911.0839188329, "top": 5543829.3204807211, "right": 1264011.0839188329, "bottom": 5543729.3204807211, "row_index": 2, "col_index": 30, "area": 15464545.521, "perimeter": 22257.889, "codzona": "Q", "numquart": 14, "nomezona": "San Donato", "intersect_area": 8586.1500843763351 }, "geometry": { "type": "MultiPolygon", "coordinates": [ [ [ [ 1264011.083918832940981, 5543829.320480721071362 ], [ 1264011.083918832940981, 5543729.320480721071362 ], [ 1263982.135429226560518, 5543729.320480721071362 ], [ 1263911.083918832940981, 5543769.118365600705147 ], [ 1263911.083918832940981, 5543829.320480721071362 ], [ 1264011.083918832940981, 5543829.320480721071362 ] ] ] ] } },
{ "type": "Feature", "properties": { "id": 1024, "left": 1263911.0839188329, "top": 5543729.3204807211, "right": 1264011.0839188329, "bottom": 5543629.3204807211, "row_index": 3, "col_index": 30, "area": 1375567.409, "perimeter": 5075.87, "codzona": "H", "numquart": 15, "nomezona": "Irnerio", "intersect_area": 9765.4594056904316 }, "geometry": { "type": "MultiPolygon", "coordinates": [ [ [ [ 1263982.135429226560518, 5543729.320480721071362 ], [ 1264000.74981321208179, 5543718.894057597033679 ], [ 1264011.083918832940981, 5543713.136014129035175 ], [ 1264011.083918832940981, 5543629.320480721071362 ], [ 1263911.083918832940981, 5543629.320480721071362 ], [ 1263911.083918832940981, 5543729.320480721071362 ], [ 1263982.135429226560518, 5543729.320480721071362 ] ] ] ] } },
{ "type": "Feature", "properties": { "id": 1024, "left": 1263911.0839188329, "top": 5543729.3204807211, "right": 1264011.0839188329, "bottom": 5543629.3204807211, "row_index": 3, "col_index": 30, "area": 15464545.521, "perimeter": 22257.889, "codzona": "Q", "numquart": 14, "nomezona": "San Donato", "intersect_area": 234.54059430956841 }, "geometry": { "type": "MultiPolygon", "coordinates": [ [ [ [ 1264011.083918832940981, 5543729.320480721071362 ], [ 1264011.083918832940981, 5543713.136014129035175 ], [ 1264000.74981321208179, 5543718.894057597033679 ], [ 1263982.135429226560518, 5543729.320480721071362 ], [ 1264011.083918832940981, 5543729.320480721071362 ] ] ] ] } },
{ "type": "Feature", "properties": { "id": 1025, "left": 1263911.0839188329, "top": 5543629.3204807211, "right": 1264011.0839188329, "bottom": 5543529.3204807211, "row_index": 4, "col_index": 30, "area": 1375567.409, "perimeter": 5075.87, "codzona": "H", "numquart": 15, "nomezona": "Irnerio", "intersect_area": 10000.0 }, "geometry": { "type": "MultiPolygon", "coordinates": [ [ [ [ 1264011.083918832940981, 5543629.320480721071362 ], [ 1264011.083918832940981, 5543529.320480721071362 ], [ 1263911.083918832940981, 5543529.320480721071362 ], [ 1263911.083918832940981, 5543629.320480721071362 ], [ 1264011.083918832940981, 5543629.320480721071362 ] ] ] ] } },
{ "type": "Feature", "properties": { "id": 1026, "left": 1263911.0839188329, "top": 5543529.3204807211, "right": 1264011.0839188329, "bottom": 5543429.3204807211, "row_index": 5, "col_index": 30, "area": 1375567.409, "perimeter": 5075.87, "codzona": "H", "numquart": 15, "nomezona": "Irnerio", "intersect_area": 10000.0 }, "geometry": { "type": "MultiPolygon", "coordinates": [ [ [ [ 1264011.083918832940981, 5543529.320480721071362 ], [ 1264011.083918832940981, 5543429.320480721071362 ], [ 1263911.083918832940981, 5543429.320480721071362 ], [ 1263911.083918832940981, 5543529.320480721071362 ], [ 1264011.083918832940981, 5543529.320480721071362 ] ] ] ] } },
{ "type": "Feature", "properties": { "id": 1027, "left": 1263911.0839188329, "top": 5543429.3204807211, "right": 1264011.0839188329, "bottom": 5543329.3204807211, "row_index": 6, "col_index": 30, "area": 1375567.409, "perimeter": 5075.87, "codzona": "H", "numquart": 15, "nomezona": "Irnerio", "intersect_area": 10000.0 }, "geometry": { "type": "MultiPolygon", "coordinates": [ [ [ [ 1264011.083918832940981, 5543429.320480721071362 ], [ 1264011.083918832940981, 5543329.320480721071362 ], [ 1263911.083918832940981, 5543329.320480721071362 ], [ 1263911.083918832940981, 5543429.320480721071362 ], [ 1264011.083918832940981, 5543429.320480721071362 ] ] ] ] } },
{ "type": "Feature", "properties": { "id": 1028, "left": 1263911.0839188329, "top": 5543329.3204807211, "right": 1264011.0839188329, "bottom": 5543229.3204807211, "row_index": 7, "col_index": 30, "area": 1375567.409, "perimeter": 5075.87, "codzona": "H", "numquart": 15, "nomezona": "Irnerio", "intersect_area": 10000.0 }, "geometry": { "type": "MultiPolygon", "coordinates": [ [ [ [ 1264011.083918832940981, 5543329.320480721071362 ], [ 1264011.083918832940981, 5543229.320480721071362 ], [ 1263911.083918832940981, 5543229.320480721071362 ], [ 1263911.083918832940981, 5543329.320480721071362 ], [ 1264011.083918832940981, 5543329.320480721071362 ] ] ] ] } },
{ "type": "Feature", "properties": { "id": 1029, "left": 1263911.0839188329, "top": 5543229.3204807211, "right": 1264011.0839188329, "bottom": 5543129.3204807211, "row_index": 8, "col_index": 30, "area": 1375567.409, "perimeter": 5075.87, "codzona": "H", "numquart": 15, "nomezona": "Irnerio", "intersect_area": 10000.0 }, "geometry": { "type": "MultiPolygon", "coordinates": [ [ [ [ 1264011.083918832940981, 5543229.320480721071362 ], [ 1264011.083918832940981, 5543129.320480721071362 ], [ 1263911.083918832940981, 5543129.320480721071362 ], [ 1263911.083918832940981, 5543229.320480721071362 ], [ 1264011.083918832940981, 5543229.320480721071362 ] ] ] ] } },
{ "type": "Feature", "properties": { "id": 1030, "left": 1263911.0839188329, "top": 5543129.3204807211, "right": 1264011.0839188329, "bottom": 5543029.3204807211, "row_index": 9, "col_index": 30, "area": 1375567.409, "perimeter": 5075.87, "codzona": "H", "numquart": 15, "nomezona": "Irnerio", "intersect_area": 10000.0 }, "geometry": { "type": "MultiPolygon", "coordinates": [ [ [ [ 1264011.083918832940981, 5543129.320480721071362 ], [ 1264011.083918832940981, 5543029.320480721071362 ], [ 1263911.083918832940981, 5543029.320480721071362 ], [ 1263911.083918832940981, 5543129.320480721071362 ], [ 1264011.083918832940981, 5543129.320480721071362 ] ] ] ] } },
{ "type": "Feature", "properties": { "id": 1031, "left": 1263911.0839188329, "top": 5543029.3204807211, "right": 1264011.0839188329, "bottom": 5542929.3204807211, "row_index": 10, "col_index": 30, "area": 1375567.409, "perimeter": 5075.87, "codzona": "H", "numquart": 15, "nomezona": "Irnerio", "intersect_area": 10000.0 }, "geometry": { "type": "MultiPolygon", "coordinates": [ [ [ [ 1264011.083918832940981, 5543029.320480721071362 ], [ 1264011.083918832940981, 5542929.320480721071362 ], [ 1263911.083918832940981, 5542929.320480721071362 ], [ 1263911.083918832940981, 5543029.320480721071362 ], [ 1264011.083918832940981, 5543029.320480721071362 ] ] ] ] } },
{ "type": "Feature", "properties": { "id": 1032, "left": 1263911.0839188329, "top": 5542929.3204807211, "right": 1264011.0839188329, "bottom": 5542829.3204807211, "row_index": 11, "col_index": 30, "area": 1375567.409, "perimeter": 5075.87, "codzona": "H", "numquart": 15, "nomezona": "Irnerio", "intersect_area": 10000.0 }, "geometry": { "type": "MultiPolygon", "coordinates": [ [ [ [ 1264011.083918832940981, 5542929.320480721071362 ], [ 1264011.083918832940981, 5542829.320480721071362 ], [ 1263911.083918832940981, 5542829.320480721071362 ], [ 1263911.083918832940981, 5542929.320480721071362 ], [ 1264011.083918832940981, 5542929.320480721071362 ] ] ] ] } },
{ "type": "Feature", "properties": { "id": 1033, "left": 1263911.0839188329, "top": 5542829.3204807211, "right": 1264011.0839188329, "bottom": 5542729.3204807211, "row_index": 12, "col_index": 30, "area": 1375567.409, "perimeter": 5075.87, "codzona": "H", "numquart": 15, "nomezona": "Irnerio", "intersect_area": 10000.0 }, "geometry": { "type": "MultiPolygon", "coordinates": [ [ [ [ 1264011.083918832940981, 5542829.320480721071362 ], [ 1264011.083918832940981, 5542729.320480721071362 ], [ 1263911.083918832940981, 5542729.320480721071362 ], [ 1263911.083918832940981, 5542829.320480721071362 ], [ 1264011.083918832940981, 5542829.320480721071362 ] ] ] ] } },
{ "type": "Feature", "properties": { "id": 1034, "left": 1263911.0839188329, "top": 5542729.3204807211, "right": 1264011.0839188329, "bottom": 5542629.3204807211, "row_index": 13, "col_index": 30, "area": 1375567.409, "perimeter": 5075.87, "codzona": "H", "numquart": 15, "nomezona": "Irnerio", "intersect_area": 10000.0 }, "geometry": { "type": "MultiPolygon", "coordinates": [ [ [ [ 1264011.083918832940981, 5542729.320480721071362 ], [ 1264011.083918832940981, 5542629.320480721071362 ], [ 1263911.083918832940981, 5542629.320480721071362 ], [ 1263911.083918832940981, 5542729.320480721071362 ], [ 1264011.083918832940981, 5542729.320480721071362 ] ] ] ] } },
{ "type": "Feature", "properties": { "id": 1035, "left": 1263911.0839188329, "top": 5542629.3204807211, "right": 1264011.0839188329, "bottom": 5542529.3204807211, "row_index": 14, "col_index": 30, "area": 1375567.409, "perimeter": 5075.87, "codzona": "H", "numquart": 15, "nomezona": "Irnerio", "intersect_area": 10000.0 }, "geometry": { "type": "MultiPolygon", "coordinates": [ [ [ [ 1264011.083918832940981, 5542629.320480721071362 ], [ 1264011.083918832940981, 5542529.320480721071362 ], [ 1263911.083918832940981, 5542529.320480721071362 ], [ 1263911.083918832940981, 5542629.320480721071362 ], [ 1264011.083918832940981, 5542629.320480721071362 ] ] ] ] } },
{ "type": "Feature", "properties": { "id": 1036, "left": 1263911.0839188329, "top": 5542529.3204807211, "right": 1264011.0839188329, "bottom": 5542429.3204807211, "row_index": 15, "col_index": 30, "area": 1375567.409, "perimeter": 5075.87, "codzona": "H", "numquart": 15, "nomezona": "Irnerio", "intersect_area": 10000.0 }, "geometry": { "type": "MultiPolygon", "coordinates": [ [ [ [ 1264011.083918832940981, 5542529.320480721071362 ], [ 1264011.083918832940981, 5542429.320480721071362 ], [ 1263911.083918832940981, 5542429.320480721071362 ], [ 1263911.083918832940981, 5542529.320480721071362 ], [ 1264011.083918832940981, 5542529.320480721071362 ] ] ] ] } },
{ "type": "Feature", "properties": { "id": 1037, "left": 1263911.0839188329, "top": 5542429.3204807211, "right": 1264011.0839188329, "bottom": 5542329.3204807211, "row_index": 16, "col_index": 30, "area": 1375567.409, "perimeter": 5075.87, "codzona": "H", "numquart": 15, "nomezona": "Irnerio", "intersect_area": 10000.0 }, "geometry": { "type": "MultiPolygon", "coordinates": [ [ [ [ 1264011.083918832940981, 5542429.320480721071362 ], [ 1264011.083918832940981, 5542329.320480721071362 ], [ 1263911.083918832940981, 5542329.320480721071362 ], [ 1263911.083918832940981, 5542429.320480721071362 ], [ 1264011.083918832940981, 5542429.320480721071362 ] ] ] ] } },
{ "type": "Feature", "properties": { "id": 1038, "left": 1263911.0839188329, "top": 5542329.3204807211, "right": 1264011.0839188329, "bottom": 5542229.3204807211, "row_index": 17, "col_index": 30, "area": 1375567.409, "perimeter": 5075.87, "codzona": "H", "numquart": 15, "nomezona": "Irnerio", "intersect_area": 10000.0 }, "geometry": { "type": "MultiPolygon", "coordinates": [ [ [ [ 1264011.083918832940981, 5542329.320480721071362 ], [ 1264011.083918832940981, 5542229.320480721071362 ], [ 1263911.083918832940981, 5542229.320480721071362 ], [ 1263911.083918832940981, 5542329.320480721071362 ], [ 1264011.083918832940981, 5542329.320480721071362 ] ] ] ] } },
{ "type": "Feature", "properties": { "id": 1039, "left": 1263911.0839188329, "top": 5542229.3204807211, "right": 1264011.0839188329, "bottom": 5542129.3204807211, "row_index": 18, "col_index": 30, "area": 1375567.409, "perimeter": 5075.87, "codzona": "H", "numquart": 15, "nomezona": "Irnerio", "intersect_area": 10000.0 }, "geometry": { "type": "MultiPolygon", "coordinates": [ [ [ [ 1264011.083918832940981, 5542229.320480721071362 ], [ 1264011.083918832940981, 5542129.320480721071362 ], [ 1263911.083918832940981, 5542129.320480721071362 ], [ 1263911.083918832940981, 5542229.320480721071362 ], [ 1264011.083918832940981, 5542229.320480721071362 ] ] ] ] } },
{ "type": "Feature", "properties": { "id": 1040, "left": 1263911.0839188329, "top": 5542129.3204807211, "right": 1264011.0839188329, "bottom": 5542029.3204807211, "row_index": 19, "col_index": 30, "area": 1375567.409, "perimeter": 5075.87, "codzona": "H", "numquart": 15, "nomezona": "Irnerio", "intersect_area": 10000.0 }, "geometry": { "type": "MultiPolygon", "coordinates": [ [ [ [ 1264011.083918832940981, 5542129.320480721071362 ], [ 1264011.083918832940981, 5542029.320480721071362 ], [ 1263911.083918832940981, 5542029.320480721071362 ], [ 1263911.083918832940981, 5542129.320480721071362 ], [ 1264011.083918832940981, 5542129.320480721071362 ] ] ] ] } },
{ "type": "Feature", "properties": { "id": 1041, "left": 1263911.0839188329, "top": 5542029.3204807211, "right": 1264011.0839188329, "bottom": 5541929.3204807211, "row_index": 20, "col_index": 30, "area": 1375567.409, "perimeter": 5075.87, "codzona": "H", "numquart": 15, "nomezona": "Irnerio", "intersect_area": 10000.0 }, "geometry": { "type": "MultiPolygon", "coordinates": [ [ [ [ 1264011.083918832940981, 5542029.320480721071362 ], [ 1264011.083918832940981, 5541929.320480721071362 ], [ 1263911.083918832940981, 5541929.320480721071362 ], [ 1263911.083918832940981, 5542029.320480721071362 ], [ 1264011.083918832940981, 5542029.320480721071362 ] ] ] ] } },
{ "type": "Feature", "properties": { "id": 1042, "left": 1263911.0839188329, "top": 5541929.3204807211, "right": 1264011.0839188329, "bottom": 5541829.3204807211, "row_index": 21, "col_index": 30, "area": 1375567.409, "perimeter": 5075.87, "codzona": "H", "numquart": 15, "nomezona": "Irnerio", "intersect_area": 10000.0 }, "geometry": { "type": "MultiPolygon", "coordinates": [ [ [ [ 1264011.083918832940981, 5541929.320480721071362 ], [ 1264011.083918832940981, 5541829.320480721071362 ], [ 1263911.083918832940981, 5541829.320480721071362 ], [ 1263911.083918832940981, 5541929.320480721071362 ], [ 1264011.083918832940981, 5541929.320480721071362 ] ] ] ] } },
{ "type": "Feature", "properties": { "id": 1043, "left": 1263911.0839188329, "top": 5541829.3204807211, "right": 1264011.0839188329, "bottom": 5541729.3204807211, "row_index": 22, "col_index": 30, "area": 1116791.26, "perimeter": 4375.401, "codzona": "G", "numquart": 15, "nomezona": "Galvani", "intersect_area": 4292.5189205035567 }, "geometry": { "type": "MultiPolygon", "coordinates": [ [ [ [ 1264011.083918832940981, 5541729.320480721071362 ], [ 1263911.083918832940981, 5541729.320480721071362 ], [ 1263911.083918832940981, 5541798.302834243513644 ], [ 1263915.90854571131058, 5541795.723579865880311 ], [ 1263921.954547922126949, 5541792.497224844060838 ], [ 1263923.943451941246167, 5541791.434514096006751 ], [ 1263937.408660620683804, 5541784.980489483103156 ], [ 1263994.033090240089223, 5541754.774966477416456 ], [ 1264011.083918832940981, 5541746.110754687339067 ], [ 1264011.083918832940981, 5541729.320480721071362 ] ] ] ] } },
{ "type": "Feature", "properties": { "id": 1043, "left": 1263911.0839188329, "top": 5541829.3204807211, "right": 1264011.0839188329, "bottom": 5541729.3204807211, "row_index": 22, "col_index": 30, "area": 1375567.409, "perimeter": 5075.87, "codzona": "H", "numquart": 15, "nomezona": "Irnerio", "intersect_area": 5707.481079518795 }, "geometry": { "type": "MultiPolygon", "coordinates": [ [ [ [ 1264011.083918832940981, 5541829.320480721071362 ], [ 1264011.083918832940981, 5541746.110754687339067 ], [ 1263994.033090240089223, 5541754.774966477416456 ], [ 1263937.408660620683804, 5541784.980489483103156 ], [ 1263923.943451941246167, 5541791.434514096006751 ], [ 1263921.954547922126949, 5541792.497224844060838 ], [ 1263915.90854571131058, 5541795.723579865880311 ], [ 1263911.083918832940981, 5541798.302834243513644 ], [ 1263911.083918832940981, 5541829.320480721071362 ], [ 1264011.083918832940981, 5541829.320480721071362 ] ] ] ] } },
{ "type": "Feature", "properties": { "id": 1044, "left": 1263911.0839188329, "top": 5541729.3204807211, "right": 1264011.0839188329, "bottom": 5541629.3204807211, "row_index": 23, "col_index": 30, "area": 1116791.26, "perimeter": 4375.401, "codzona": "G", "numquart": 15, "nomezona": "Galvani", "intersect_area": 10000.0 }, "geometry": { "type": "MultiPolygon", "coordinates": [ [ [ [ 1264011.083918832940981, 5541729.320480721071362 ], [ 1264011.083918832940981, 5541629.320480721071362 ], [ 1263911.083918832940981, 5541629.320480721071362 ], [ 1263911.083918832940981, 5541729.320480721071362 ], [ 1264011.083918832940981, 5541729.320480721071362 ] ] ] ] } },
{ "type": "Feature", "properties": { "id": 1045, "left": 1263911.0839188329, "top": 5541629.3204807211, "right": 1264011.0839188329, "bottom": 5541529.3204807211, "row_index": 24, "col_index": 30, "area": 1116791.26, "perimeter": 4375.401, "codzona": "G", "numquart": 15, "nomezona": "Galvani", "intersect_area": 10000.0 }, "geometry": { "type": "MultiPolygon", "coordinates": [ [ [ [ 1264011.083918832940981, 5541629.320480721071362 ], [ 1264011.083918832940981, 5541529.320480721071362 ], [ 1263911.083918832940981, 5541529.320480721071362 ], [ 1263911.083918832940981, 5541629.320480721071362 ], [ 1264011.083918832940981, 5541629.320480721071362 ] ] ] ] } },
{ "type": "Feature", "properties": { "id": 1046, "left": 1263911.0839188329, "top": 5541529.3204807211, "right": 1264011.0839188329, "bottom": 5541429.3204807211, "row_index": 25, "col_index": 30, "area": 1116791.26, "perimeter": 4375.401, "codzona": "G", "numquart": 15, "nomezona": "Galvani", "intersect_area": 10000.0 }, "geometry": { "type": "MultiPolygon", "coordinates": [ [ [ [ 1264011.083918832940981, 5541529.320480721071362 ], [ 1264011.083918832940981, 5541429.320480721071362 ], [ 1263911.083918832940981, 5541429.320480721071362 ], [ 1263911.083918832940981, 5541529.320480721071362 ], [ 1264011.083918832940981, 5541529.320480721071362 ] ] ] ] } },
{ "type": "Feature", "properties": { "id": 1047, "left": 1263911.0839188329, "top": 5541429.3204807211, "right": 1264011.0839188329, "bottom": 5541329.3204807211, "row_index": 26, "col_index": 30, "area": 1116791.26, "perimeter": 4375.401, "codzona": "G", "numquart": 15, "nomezona": "Galvani", "intersect_area": 10000.0 }, "geometry": { "type": "MultiPolygon", "coordinates": [ [ [ [ 1264011.083918832940981, 5541429.320480721071362 ], [ 1264011.083918832940981, 5541329.320480721071362 ], [ 1263911.083918832940981, 5541329.320480721071362 ], [ 1263911.083918832940981, 5541429.320480721071362 ], [ 1264011.083918832940981, 5541429.320480721071362 ] ] ] ] } },
{ "type": "Feature", "properties": { "id": 1048, "left": 1263911.0839188329, "top": 5541329.3204807211, "right": 1264011.0839188329, "bottom": 5541229.3204807211, "row_index": 27, "col_index": 30, "area": 1116791.26, "perimeter": 4375.401, "codzona": "G", "numquart": 15, "nomezona": "Galvani", "intersect_area": 10000.0 }, "geometry": { "type": "MultiPolygon", "coordinates": [ [ [ [ 1264011.083918832940981, 5541329.320480721071362 ], [ 1264011.083918832940981, 5541229.320480721071362 ], [ 1263911.083918832940981, 5541229.320480721071362 ], [ 1263911.083918832940981, 5541329.320480721071362 ], [ 1264011.083918832940981, 5541329.320480721071362 ] ] ] ] } },
{ "type": "Feature", "properties": { "id": 1049, "left": 1263911.0839188329, "top": 5541229.3204807211, "right": 1264011.0839188329, "bottom": 5541129.3204807211, "row_index": 28, "col_index": 30, "area": 1116791.26, "perimeter": 4375.401, "codzona": "G", "numquart": 15, "nomezona": "Galvani", "intersect_area": 10000.0 }, "geometry": { "type": "MultiPolygon", "coordinates": [ [ [ [ 1264011.083918832940981, 5541229.320480721071362 ], [ 1264011.083918832940981, 5541129.320480721071362 ], [ 1263911.083918832940981, 5541129.320480721071362 ], [ 1263911.083918832940981, 5541229.320480721071362 ], [ 1264011.083918832940981, 5541229.320480721071362 ] ] ] ] } },
{ "type": "Feature", "properties": { "id": 1050, "left": 1263911.0839188329, "top": 5541129.3204807211, "right": 1264011.0839188329, "bottom": 5541029.3204807211, "row_index": 29, "col_index": 30, "area": 1116791.26, "perimeter": 4375.401, "codzona": "G", "numquart": 15, "nomezona": "Galvani", "intersect_area": 10000.0 }, "geometry": { "type": "MultiPolygon", "coordinates": [ [ [ [ 1264011.083918832940981, 5541129.320480721071362 ], [ 1264011.083918832940981, 5541029.320480721071362 ], [ 1263911.083918832940981, 5541029.320480721071362 ], [ 1263911.083918832940981, 5541129.320480721071362 ], [ 1264011.083918832940981, 5541129.320480721071362 ] ] ] ] } },
{ "type": "Feature", "properties": { "id": 1051, "left": 1263911.0839188329, "top": 5541029.3204807211, "right": 1264011.0839188329, "bottom": 5540929.3204807211, "row_index": 30, "col_index": 30, "area": 1116791.26, "perimeter": 4375.401, "codzona": "G", "numquart": 15, "nomezona": "Galvani", "intersect_area": 10000.0 }, "geometry": { "type": "MultiPolygon", "coordinates": [ [ [ [ 1264011.083918832940981, 5541029.320480721071362 ], [ 1264011.083918832940981, 5540929.320480721071362 ], [ 1263911.083918832940981, 5540929.320480721071362 ], [ 1263911.083918832940981, 5541029.320480721071362 ], [ 1264011.083918832940981, 5541029.320480721071362 ] ] ] ] } },
{ "type": "Feature", "properties": { "id": 1052, "left": 1263911.0839188329, "top": 5540929.3204807211, "right": 1264011.0839188329, "bottom": 5540829.3204807211, "row_index": 31, "col_index": 30, "area": 1116791.26, "perimeter": 4375.401, "codzona": "G", "numquart": 15, "nomezona": "Galvani", "intersect_area": 10000.0 }, "geometry": { "type": "MultiPolygon", "coordinates": [ [ [ [ 1264011.083918832940981, 5540929.320480721071362 ], [ 1264011.083918832940981, 5540829.320480721071362 ], [ 1263911.083918832940981, 5540829.320480721071362 ], [ 1263911.083918832940981, 5540929.320480721071362 ], [ 1264011.083918832940981, 5540929.320480721071362 ] ] ] ] } },
{ "type": "Feature", "properties": { "id": 1053, "left": 1263911.0839188329, "top": 5540829.3204807211, "right": 1264011.0839188329, "bottom": 5540729.3204807211, "row_index": 32, "col_index": 30, "area": 2822503.649, "perimeter": 8534.222, "codzona": "O", "numquart": 15, "nomezona": "Murri", "intersect_area": 1999.5254757860675 }, "geometry": { "type": "MultiPolygon", "coordinates": [ [ [ [ 1264011.083918832940981, 5540729.320480721071362 ], [ 1263911.083918832940981, 5540729.320480721071362 ], [ 1263911.083918832940981, 5540758.215988807380199 ], [ 1263934.539401380578056, 5540753.738752360455692 ], [ 1264011.083918832940981, 5540740.810078295879066 ], [ 1264011.083918832940981, 5540729.320480721071362 ] ] ] ] } },
{ "type": "Feature", "properties": { "id": 1053, "left": 1263911.0839188329, "top": 5540829.3204807211, "right": 1264011.0839188329, "bottom": 5540729.3204807211, "row_index": 32, "col_index": 30, "area": 1116791.26, "perimeter": 4375.401, "codzona": "G", "numquart": 15, "nomezona": "Galvani", "intersect_area": 8000.474524140358 }, "geometry": { "type": "MultiPolygon", "coordinates": [ [ [ [ 1264011.083918832940981, 5540829.320480721071362 ], [ 1264011.083918832940981, 5540740.810078295879066 ], [ 1263934.539401380578056, 5540753.738752360455692 ], [ 1263911.083918832940981, 5540758.215988807380199 ], [ 1263911.083918832940981, 5540829.320480721071362 ], [ 1264011.083918832940981, 5540829.320480721071362 ] ] ] ] } },
{ "type": "Feature", "properties": { "id": 1054, "left": 1263911.0839188329, "top": 5540729.3204807211, "right": 1264011.0839188329, "bottom": 5540629.3204807211, "row_index": 33, "col_index": 30, "area": 2822503.649, "perimeter": 8534.222, "codzona": "O", "numquart": 15, "nomezona": "Murri", "intersect_area": 10000.0 }, "geometry": { "type": "MultiPolygon", "coordinates": [ [ [ [ 1264011.083918832940981, 5540729.320480721071362 ], [ 1264011.083918832940981, 5540629.320480721071362 ], [ 1263911.083918832940981, 5540629.320480721071362 ], [ 1263911.083918832940981, 5540729.320480721071362 ], [ 1264011.083918832940981, 5540729.320480721071362 ] ] ] ] } },
{ "type": "Feature", "properties": { "id": 1055, "left": 1264011.0839188329, "top": 5544029.3204807211, "right": 1264111.0839188329, "bottom": 5543929.3204807211, "row_index": 0, "col_index": 31, "area": 15464545.521, "perimeter": 22257.889, "codzona": "Q", "numquart": 14, "nomezona": "San Donato", "intersect_area": 10000.0 }, "geometry": { "type": "MultiPolygon", "coordinates": [ [ [ [ 1264111.083918832940981, 5544029.320480721071362 ], [ 1264111.083918832940981, 5543929.320480721071362 ], [ 1264011.083918832940981, 5543929.320480721071362 ], [ 1264011.083918832940981, 5544029.320480721071362 ], [ 1264111.083918832940981, 5544029.320480721071362 ] ] ] ] } },
{ "type": "Feature", "properties": { "id": 1056, "left": 1264011.0839188329, "top": 5543929.3204807211, "right": 1264111.0839188329, "bottom": 5543829.3204807211, "row_index": 1, "col_index": 31, "area": 15464545.521, "perimeter": 22257.889, "codzona": "Q", "numquart": 14, "nomezona": "San Donato", "intersect_area": 10000.0 }, "geometry": { "type": "MultiPolygon", "coordinates": [ [ [ [ 1264111.083918832940981, 5543929.320480721071362 ], [ 1264111.083918832940981, 5543829.320480721071362 ], [ 1264011.083918832940981, 5543829.320480721071362 ], [ 1264011.083918832940981, 5543929.320480721071362 ], [ 1264111.083918832940981, 5543929.320480721071362 ] ] ] ] } },
{ "type": "Feature", "properties": { "id": 1057, "left": 1264011.0839188329, "top": 5543829.3204807211, "right": 1264111.0839188329, "bottom": 5543729.3204807211, "row_index": 2, "col_index": 31, "area": 15464545.521, "perimeter": 22257.889, "codzona": "Q", "numquart": 14, "nomezona": "San Donato", "intersect_area": 10000.0 }, "geometry": { "type": "MultiPolygon", "coordinates": [ [ [ [ 1264111.083918832940981, 5543829.320480721071362 ], [ 1264111.083918832940981, 5543729.320480721071362 ], [ 1264011.083918832940981, 5543729.320480721071362 ], [ 1264011.083918832940981, 5543829.320480721071362 ], [ 1264111.083918832940981, 5543829.320480721071362 ] ] ] ] } },
{ "type": "Feature", "properties": { "id": 1058, "left": 1264011.0839188329, "top": 5543729.3204807211, "right": 1264111.0839188329, "bottom": 5543629.3204807211, "row_index": 3, "col_index": 31, "area": 1375567.409, "perimeter": 5075.87, "codzona": "H", "numquart": 15, "nomezona": "Irnerio", "intersect_area": 5595.6114897988737 }, "geometry": { "type": "MultiPolygon", "coordinates": [ [ [ [ 1264111.083918832940981, 5543629.320480721071362 ], [ 1264011.083918832940981, 5543629.320480721071362 ], [ 1264011.083918832940981, 5543713.136014129035175 ], [ 1264111.083918832940981, 5543657.417177109047771 ], [ 1264111.083918832940981, 5543629.320480721071362 ] ] ] ] } },
{ "type": "Feature", "properties": { "id": 1058, "left": 1264011.0839188329, "top": 5543729.3204807211, "right": 1264111.0839188329, "bottom": 5543629.3204807211, "row_index": 3, "col_index": 31, "area": 15464545.521, "perimeter": 22257.889, "codzona": "Q", "numquart": 14, "nomezona": "San Donato", "intersect_area": 4404.3885102272034 }, "geometry": { "type": "MultiPolygon", "coordinates": [ [ [ [ 1264111.083918832940981, 5543729.320480721071362 ], [ 1264111.083918832940981, 5543657.417177109047771 ], [ 1264011.083918832940981, 5543713.136014129035175 ], [ 1264011.083918832940981, 5543729.320480721071362 ], [ 1264111.083918832940981, 5543729.320480721071362 ] ] ] ] } },
{ "type": "Feature", "properties": { "id": 1059, "left": 1264011.0839188329, "top": 5543629.3204807211, "right": 1264111.0839188329, "bottom": 5543529.3204807211, "row_index": 4, "col_index": 31, "area": 1375567.409, "perimeter": 5075.87, "codzona": "H", "numquart": 15, "nomezona": "Irnerio", "intersect_area": 10000.0 }, "geometry": { "type": "MultiPolygon", "coordinates": [ [ [ [ 1264111.083918832940981, 5543629.320480721071362 ], [ 1264111.083918832940981, 5543529.320480721071362 ], [ 1264011.083918832940981, 5543529.320480721071362 ], [ 1264011.083918832940981, 5543629.320480721071362 ], [ 1264111.083918832940981, 5543629.320480721071362 ] ] ] ] } },
{ "type": "Feature", "properties": { "id": 1060, "left": 1264011.0839188329, "top": 5543529.3204807211, "right": 1264111.0839188329, "bottom": 5543429.3204807211, "row_index": 5, "col_index": 31, "area": 1375567.409, "perimeter": 5075.87, "codzona": "H", "numquart": 15, "nomezona": "Irnerio", "intersect_area": 10000.0 }, "geometry": { "type": "MultiPolygon", "coordinates": [ [ [ [ 1264111.083918832940981, 5543529.320480721071362 ], [ 1264111.083918832940981, 5543429.320480721071362 ], [ 1264011.083918832940981, 5543429.320480721071362 ], [ 1264011.083918832940981, 5543529.320480721071362 ], [ 1264111.083918832940981, 5543529.320480721071362 ] ] ] ] } },
{ "type": "Feature", "properties": { "id": 1061, "left": 1264011.0839188329, "top": 5543429.3204807211, "right": 1264111.0839188329, "bottom": 5543329.3204807211, "row_index": 6, "col_index": 31, "area": 1375567.409, "perimeter": 5075.87, "codzona": "H", "numquart": 15, "nomezona": "Irnerio", "intersect_area": 10000.0 }, "geometry": { "type": "MultiPolygon", "coordinates": [ [ [ [ 1264111.083918832940981, 5543429.320480721071362 ], [ 1264111.083918832940981, 5543329.320480721071362 ], [ 1264011.083918832940981, 5543329.320480721071362 ], [ 1264011.083918832940981, 5543429.320480721071362 ], [ 1264111.083918832940981, 5543429.320480721071362 ] ] ] ] } },
{ "type": "Feature", "properties": { "id": 1062, "left": 1264011.0839188329, "top": 5543329.3204807211, "right": 1264111.0839188329, "bottom": 5543229.3204807211, "row_index": 7, "col_index": 31, "area": 1375567.409, "perimeter": 5075.87, "codzona": "H", "numquart": 15, "nomezona": "Irnerio", "intersect_area": 10000.0 }, "geometry": { "type": "MultiPolygon", "coordinates": [ [ [ [ 1264111.083918832940981, 5543329.320480721071362 ], [ 1264111.083918832940981, 5543229.320480721071362 ], [ 1264011.083918832940981, 5543229.320480721071362 ], [ 1264011.083918832940981, 5543329.320480721071362 ], [ 1264111.083918832940981, 5543329.320480721071362 ] ] ] ] } },
{ "type": "Feature", "properties": { "id": 1063, "left": 1264011.0839188329, "top": 5543229.3204807211, "right": 1264111.0839188329, "bottom": 5543129.3204807211, "row_index": 8, "col_index": 31, "area": 1375567.409, "perimeter": 5075.87, "codzona": "H", "numquart": 15, "nomezona": "Irnerio", "intersect_area": 10000.0 }, "geometry": { "type": "MultiPolygon", "coordinates": [ [ [ [ 1264111.083918832940981, 5543229.320480721071362 ], [ 1264111.083918832940981, 5543129.320480721071362 ], [ 1264011.083918832940981, 5543129.320480721071362 ], [ 1264011.083918832940981, 5543229.320480721071362 ], [ 1264111.083918832940981, 5543229.320480721071362 ] ] ] ] } },
{ "type": "Feature", "properties": { "id": 1064, "left": 1264011.0839188329, "top": 5543129.3204807211, "right": 1264111.0839188329, "bottom": 5543029.3204807211, "row_index": 9, "col_index": 31, "area": 1375567.409, "perimeter": 5075.87, "codzona": "H", "numquart": 15, "nomezona": "Irnerio", "intersect_area": 10000.0 }, "geometry": { "type": "MultiPolygon", "coordinates": [ [ [ [ 1264111.083918832940981, 5543129.320480721071362 ], [ 1264111.083918832940981, 5543029.320480721071362 ], [ 1264011.083918832940981, 5543029.320480721071362 ], [ 1264011.083918832940981, 5543129.320480721071362 ], [ 1264111.083918832940981, 5543129.320480721071362 ] ] ] ] } },
{ "type": "Feature", "properties": { "id": 1065, "left": 1264011.0839188329, "top": 5543029.3204807211, "right": 1264111.0839188329, "bottom": 5542929.3204807211, "row_index": 10, "col_index": 31, "area": 1375567.409, "perimeter": 5075.87, "codzona": "H", "numquart": 15, "nomezona": "Irnerio", "intersect_area": 10000.0 }, "geometry": { "type": "MultiPolygon", "coordinates": [ [ [ [ 1264111.083918832940981, 5543029.320480721071362 ], [ 1264111.083918832940981, 5542929.320480721071362 ], [ 1264011.083918832940981, 5542929.320480721071362 ], [ 1264011.083918832940981, 5543029.320480721071362 ], [ 1264111.083918832940981, 5543029.320480721071362 ] ] ] ] } },
{ "type": "Feature", "properties": { "id": 1066, "left": 1264011.0839188329, "top": 5542929.3204807211, "right": 1264111.0839188329, "bottom": 5542829.3204807211, "row_index": 11, "col_index": 31, "area": 1375567.409, "perimeter": 5075.87, "codzona": "H", "numquart": 15, "nomezona": "Irnerio", "intersect_area": 10000.0 }, "geometry": { "type": "MultiPolygon", "coordinates": [ [ [ [ 1264111.083918832940981, 5542929.320480721071362 ], [ 1264111.083918832940981, 5542829.320480721071362 ], [ 1264011.083918832940981, 5542829.320480721071362 ], [ 1264011.083918832940981, 5542929.320480721071362 ], [ 1264111.083918832940981, 5542929.320480721071362 ] ] ] ] } },
{ "type": "Feature", "properties": { "id": 1067, "left": 1264011.0839188329, "top": 5542829.3204807211, "right": 1264111.0839188329, "bottom": 5542729.3204807211, "row_index": 12, "col_index": 31, "area": 1375567.409, "perimeter": 5075.87, "codzona": "H", "numquart": 15, "nomezona": "Irnerio", "intersect_area": 10000.0 }, "geometry": { "type": "MultiPolygon", "coordinates": [ [ [ [ 1264111.083918832940981, 5542829.320480721071362 ], [ 1264111.083918832940981, 5542729.320480721071362 ], [ 1264011.083918832940981, 5542729.320480721071362 ], [ 1264011.083918832940981, 5542829.320480721071362 ], [ 1264111.083918832940981, 5542829.320480721071362 ] ] ] ] } },
{ "type": "Feature", "properties": { "id": 1068, "left": 1264011.0839188329, "top": 5542729.3204807211, "right": 1264111.0839188329, "bottom": 5542629.3204807211, "row_index": 13, "col_index": 31, "area": 1375567.409, "perimeter": 5075.87, "codzona": "H", "numquart": 15, "nomezona": "Irnerio", "intersect_area": 10000.0 }, "geometry": { "type": "MultiPolygon", "coordinates": [ [ [ [ 1264111.083918832940981, 5542729.320480721071362 ], [ 1264111.083918832940981, 5542629.320480721071362 ], [ 1264011.083918832940981, 5542629.320480721071362 ], [ 1264011.083918832940981, 5542729.320480721071362 ], [ 1264111.083918832940981, 5542729.320480721071362 ] ] ] ] } },
{ "type": "Feature", "properties": { "id": 1069, "left": 1264011.0839188329, "top": 5542629.3204807211, "right": 1264111.0839188329, "bottom": 5542529.3204807211, "row_index": 14, "col_index": 31, "area": 1375567.409, "perimeter": 5075.87, "codzona": "H", "numquart": 15, "nomezona": "Irnerio", "intersect_area": 10000.0 }, "geometry": { "type": "MultiPolygon", "coordinates": [ [ [ [ 1264111.083918832940981, 5542629.320480721071362 ], [ 1264111.083918832940981, 5542529.320480721071362 ], [ 1264011.083918832940981, 5542529.320480721071362 ], [ 1264011.083918832940981, 5542629.320480721071362 ], [ 1264111.083918832940981, 5542629.320480721071362 ] ] ] ] } },
{ "type": "Feature", "properties": { "id": 1070, "left": 1264011.0839188329, "top": 5542529.3204807211, "right": 1264111.0839188329, "bottom": 5542429.3204807211, "row_index": 15, "col_index": 31, "area": 1375567.409, "perimeter": 5075.87, "codzona": "H", "numquart": 15, "nomezona": "Irnerio", "intersect_area": 10000.0 }, "geometry": { "type": "MultiPolygon", "coordinates": [ [ [ [ 1264111.083918832940981, 5542529.320480721071362 ], [ 1264111.083918832940981, 5542429.320480721071362 ], [ 1264011.083918832940981, 5542429.320480721071362 ], [ 1264011.083918832940981, 5542529.320480721071362 ], [ 1264111.083918832940981, 5542529.320480721071362 ] ] ] ] } },
{ "type": "Feature", "properties": { "id": 1071, "left": 1264011.0839188329, "top": 5542429.3204807211, "right": 1264111.0839188329, "bottom": 5542329.3204807211, "row_index": 16, "col_index": 31, "area": 1375567.409, "perimeter": 5075.87, "codzona": "H", "numquart": 15, "nomezona": "Irnerio", "intersect_area": 10000.0 }, "geometry": { "type": "MultiPolygon", "coordinates": [ [ [ [ 1264111.083918832940981, 5542429.320480721071362 ], [ 1264111.083918832940981, 5542329.320480721071362 ], [ 1264011.083918832940981, 5542329.320480721071362 ], [ 1264011.083918832940981, 5542429.320480721071362 ], [ 1264111.083918832940981, 5542429.320480721071362 ] ] ] ] } },
{ "type": "Feature", "properties": { "id": 1072, "left": 1264011.0839188329, "top": 5542329.3204807211, "right": 1264111.0839188329, "bottom": 5542229.3204807211, "row_index": 17, "col_index": 31, "area": 1375567.409, "perimeter": 5075.87, "codzona": "H", "numquart": 15, "nomezona": "Irnerio", "intersect_area": 10000.0 }, "geometry": { "type": "MultiPolygon", "coordinates": [ [ [ [ 1264111.083918832940981, 5542329.320480721071362 ], [ 1264111.083918832940981, 5542229.320480721071362 ], [ 1264011.083918832940981, 5542229.320480721071362 ], [ 1264011.083918832940981, 5542329.320480721071362 ], [ 1264111.083918832940981, 5542329.320480721071362 ] ] ] ] } },
{ "type": "Feature", "properties": { "id": 1073, "left": 1264011.0839188329, "top": 5542229.3204807211, "right": 1264111.0839188329, "bottom": 5542129.3204807211, "row_index": 18, "col_index": 31, "area": 1375567.409, "perimeter": 5075.87, "codzona": "H", "numquart": 15, "nomezona": "Irnerio", "intersect_area": 10000.0 }, "geometry": { "type": "MultiPolygon", "coordinates": [ [ [ [ 1264111.083918832940981, 5542229.320480721071362 ], [ 1264111.083918832940981, 5542129.320480721071362 ], [ 1264011.083918832940981, 5542129.320480721071362 ], [ 1264011.083918832940981, 5542229.320480721071362 ], [ 1264111.083918832940981, 5542229.320480721071362 ] ] ] ] } },
{ "type": "Feature", "properties": { "id": 1074, "left": 1264011.0839188329, "top": 5542129.3204807211, "right": 1264111.0839188329, "bottom": 5542029.3204807211, "row_index": 19, "col_index": 31, "area": 1375567.409, "perimeter": 5075.87, "codzona": "H", "numquart": 15, "nomezona": "Irnerio", "intersect_area": 10000.0 }, "geometry": { "type": "MultiPolygon", "coordinates": [ [ [ [ 1264111.083918832940981, 5542129.320480721071362 ], [ 1264111.083918832940981, 5542029.320480721071362 ], [ 1264011.083918832940981, 5542029.320480721071362 ], [ 1264011.083918832940981, 5542129.320480721071362 ], [ 1264111.083918832940981, 5542129.320480721071362 ] ] ] ] } },
{ "type": "Feature", "properties": { "id": 1075, "left": 1264011.0839188329, "top": 5542029.3204807211, "right": 1264111.0839188329, "bottom": 5541929.3204807211, "row_index": 20, "col_index": 31, "area": 1375567.409, "perimeter": 5075.87, "codzona": "H", "numquart": 15, "nomezona": "Irnerio", "intersect_area": 10000.0 }, "geometry": { "type": "MultiPolygon", "coordinates": [ [ [ [ 1264111.083918832940981, 5542029.320480721071362 ], [ 1264111.083918832940981, 5541929.320480721071362 ], [ 1264011.083918832940981, 5541929.320480721071362 ], [ 1264011.083918832940981, 5542029.320480721071362 ], [ 1264111.083918832940981, 5542029.320480721071362 ] ] ] ] } },
{ "type": "Feature", "properties": { "id": 1076, "left": 1264011.0839188329, "top": 5541929.3204807211, "right": 1264111.0839188329, "bottom": 5541829.3204807211, "row_index": 21, "col_index": 31, "area": 1375567.409, "perimeter": 5075.87, "codzona": "H", "numquart": 15, "nomezona": "Irnerio", "intersect_area": 10000.0 }, "geometry": { "type": "MultiPolygon", "coordinates": [ [ [ [ 1264111.083918832940981, 5541929.320480721071362 ], [ 1264111.083918832940981, 5541829.320480721071362 ], [ 1264011.083918832940981, 5541829.320480721071362 ], [ 1264011.083918832940981, 5541929.320480721071362 ], [ 1264111.083918832940981, 5541929.320480721071362 ] ] ] ] } },
{ "type": "Feature", "properties": { "id": 1077, "left": 1264011.0839188329, "top": 5541829.3204807211, "right": 1264111.0839188329, "bottom": 5541729.3204807211, "row_index": 22, "col_index": 31, "area": 1116791.26, "perimeter": 4375.401, "codzona": "G", "numquart": 15, "nomezona": "Galvani", "intersect_area": 277.39519545435905 }, "geometry": { "type": "MultiPolygon", "coordinates": [ [ [ [ 1264011.083918832940981, 5541729.320480721071362 ], [ 1264011.083918832940981, 5541746.110754687339067 ], [ 1264043.795241507701576, 5541729.488815991207957 ], [ 1264044.103269888320938, 5541729.320480721071362 ], [ 1264011.083918832940981, 5541729.320480721071362 ] ] ] ] } },
{ "type": "Feature", "properties": { "id": 1077, "left": 1264011.0839188329, "top": 5541829.3204807211, "right": 1264111.0839188329, "bottom": 5541729.3204807211, "row_index": 22, "col_index": 31, "area": 1375567.409, "perimeter": 5075.87, "codzona": "H", "numquart": 15, "nomezona": "Irnerio", "intersect_area": 9722.6048045158386 }, "geometry": { "type": "MultiPolygon", "coordinates": [ [ [ [ 1264111.083918832940981, 5541829.320480721071362 ], [ 1264111.083918832940981, 5541729.320480721071362 ], [ 1264044.103269888320938, 5541729.320480721071362 ], [ 1264043.795241507701576, 5541729.488815991207957 ], [ 1264011.083918832940981, 5541746.110754687339067 ], [ 1264011.083918832940981, 5541829.320480721071362 ], [ 1264111.083918832940981, 5541829.320480721071362 ] ] ] ] } },
{ "type": "Feature", "properties": { "id": 1078, "left": 1264011.0839188329, "top": 5541729.3204807211, "right": 1264111.0839188329, "bottom": 5541629.3204807211, "row_index": 23, "col_index": 31, "area": 1116791.26, "perimeter": 4375.401, "codzona": "G", "numquart": 15, "nomezona": "Galvani", "intersect_area": 8774.1055141836405 }, "geometry": { "type": "MultiPolygon", "coordinates": [ [ [ [ 1264044.103269888320938, 5541729.320480721071362 ], [ 1264109.986672488041222, 5541693.31568028498441 ], [ 1264111.083918832940981, 5541692.716054106131196 ], [ 1264111.083918832940981, 5541629.320480721071362 ], [ 1264011.083918832940981, 5541629.320480721071362 ], [ 1264011.083918832940981, 5541729.320480721071362 ], [ 1264044.103269888320938, 5541729.320480721071362 ] ] ] ] } },
{ "type": "Feature", "properties": { "id": 1078, "left": 1264011.0839188329, "top": 5541729.3204807211, "right": 1264111.0839188329, "bottom": 5541629.3204807211, "row_index": 23, "col_index": 31, "area": 1375567.409, "perimeter": 5075.87, "codzona": "H", "numquart": 15, "nomezona": "Irnerio", "intersect_area": 1225.8944858312607 }, "geometry": { "type": "MultiPolygon", "coordinates": [ [ [ [ 1264111.083918832940981, 5541729.320480721071362 ], [ 1264111.083918832940981, 5541692.716054106131196 ], [ 1264109.986672488041222, 5541693.31568028498441 ], [ 1264044.103269888320938, 5541729.320480721071362 ], [ 1264111.083918832940981, 5541729.320480721071362 ] ] ] ] } },
{ "type": "Feature", "properties": { "id": 1079, "left": 1264011.0839188329, "top": 5541629.3204807211, "right": 1264111.0839188329, "bottom": 5541529.3204807211, "row_index": 24, "col_index": 31, "area": 1116791.26, "perimeter": 4375.401, "codzona": "G", "numquart": 15, "nomezona": "Galvani", "intersect_area": 10000.0 }, "geometry": { "type": "MultiPolygon", "coordinates": [ [ [ [ 1264111.083918832940981, 5541629.320480721071362 ], [ 1264111.083918832940981, 5541529.320480721071362 ], [ 1264011.083918832940981, 5541529.320480721071362 ], [ 1264011.083918832940981, 5541629.320480721071362 ], [ 1264111.083918832940981, 5541629.320480721071362 ] ] ] ] } },
{ "type": "Feature", "properties": { "id": 1080, "left": 1264011.0839188329, "top": 5541529.3204807211, "right": 1264111.0839188329, "bottom": 5541429.3204807211, "row_index": 25, "col_index": 31, "area": 1116791.26, "perimeter": 4375.401, "codzona": "G", "numquart": 15, "nomezona": "Galvani", "intersect_area": 10000.0 }, "geometry": { "type": "MultiPolygon", "coordinates": [ [ [ [ 1264111.083918832940981, 5541529.320480721071362 ], [ 1264111.083918832940981, 5541429.320480721071362 ], [ 1264011.083918832940981, 5541429.320480721071362 ], [ 1264011.083918832940981, 5541529.320480721071362 ], [ 1264111.083918832940981, 5541529.320480721071362 ] ] ] ] } },
{ "type": "Feature", "properties": { "id": 1081, "left": 1264011.0839188329, "top": 5541429.3204807211, "right": 1264111.0839188329, "bottom": 5541329.3204807211, "row_index": 26, "col_index": 31, "area": 1116791.26, "perimeter": 4375.401, "codzona": "G", "numquart": 15, "nomezona": "Galvani", "intersect_area": 10000.0 }, "geometry": { "type": "MultiPolygon", "coordinates": [ [ [ [ 1264111.083918832940981, 5541429.320480721071362 ], [ 1264111.083918832940981, 5541329.320480721071362 ], [ 1264011.083918832940981, 5541329.320480721071362 ], [ 1264011.083918832940981, 5541429.320480721071362 ], [ 1264111.083918832940981, 5541429.320480721071362 ] ] ] ] } },
{ "type": "Feature", "properties": { "id": 1082, "left": 1264011.0839188329, "top": 5541329.3204807211, "right": 1264111.0839188329, "bottom": 5541229.3204807211, "row_index": 27, "col_index": 31, "area": 1116791.26, "perimeter": 4375.401, "codzona": "G", "numquart": 15, "nomezona": "Galvani", "intersect_area": 10000.0 }, "geometry": { "type": "MultiPolygon", "coordinates": [ [ [ [ 1264111.083918832940981, 5541329.320480721071362 ], [ 1264111.083918832940981, 5541229.320480721071362 ], [ 1264011.083918832940981, 5541229.320480721071362 ], [ 1264011.083918832940981, 5541329.320480721071362 ], [ 1264111.083918832940981, 5541329.320480721071362 ] ] ] ] } },
{ "type": "Feature", "properties": { "id": 1083, "left": 1264011.0839188329, "top": 5541229.3204807211, "right": 1264111.0839188329, "bottom": 5541129.3204807211, "row_index": 28, "col_index": 31, "area": 1116791.26, "perimeter": 4375.401, "codzona": "G", "numquart": 15, "nomezona": "Galvani", "intersect_area": 10000.0 }, "geometry": { "type": "MultiPolygon", "coordinates": [ [ [ [ 1264111.083918832940981, 5541229.320480721071362 ], [ 1264111.083918832940981, 5541129.320480721071362 ], [ 1264011.083918832940981, 5541129.320480721071362 ], [ 1264011.083918832940981, 5541229.320480721071362 ], [ 1264111.083918832940981, 5541229.320480721071362 ] ] ] ] } },
{ "type": "Feature", "properties": { "id": 1084, "left": 1264011.0839188329, "top": 5541129.3204807211, "right": 1264111.0839188329, "bottom": 5541029.3204807211, "row_index": 29, "col_index": 31, "area": 1116791.26, "perimeter": 4375.401, "codzona": "G", "numquart": 15, "nomezona": "Galvani", "intersect_area": 10000.0 }, "geometry": { "type": "MultiPolygon", "coordinates": [ [ [ [ 1264111.083918832940981, 5541129.320480721071362 ], [ 1264111.083918832940981, 5541029.320480721071362 ], [ 1264011.083918832940981, 5541029.320480721071362 ], [ 1264011.083918832940981, 5541129.320480721071362 ], [ 1264111.083918832940981, 5541129.320480721071362 ] ] ] ] } },
{ "type": "Feature", "properties": { "id": 1085, "left": 1264011.0839188329, "top": 5541029.3204807211, "right": 1264111.0839188329, "bottom": 5540929.3204807211, "row_index": 30, "col_index": 31, "area": 1116791.26, "perimeter": 4375.401, "codzona": "G", "numquart": 15, "nomezona": "Galvani", "intersect_area": 10000.0 }, "geometry": { "type": "MultiPolygon", "coordinates": [ [ [ [ 1264111.083918832940981, 5541029.320480721071362 ], [ 1264111.083918832940981, 5540929.320480721071362 ], [ 1264011.083918832940981, 5540929.320480721071362 ], [ 1264011.083918832940981, 5541029.320480721071362 ], [ 1264111.083918832940981, 5541029.320480721071362 ] ] ] ] } },
{ "type": "Feature", "properties": { "id": 1086, "left": 1264011.0839188329, "top": 5540929.3204807211, "right": 1264111.0839188329, "bottom": 5540829.3204807211, "row_index": 31, "col_index": 31, "area": 1116791.26, "perimeter": 4375.401, "codzona": "G", "numquart": 15, "nomezona": "Galvani", "intersect_area": 10000.0 }, "geometry": { "type": "MultiPolygon", "coordinates": [ [ [ [ 1264111.083918832940981, 5540929.320480721071362 ], [ 1264111.083918832940981, 5540829.320480721071362 ], [ 1264011.083918832940981, 5540829.320480721071362 ], [ 1264011.083918832940981, 5540929.320480721071362 ], [ 1264111.083918832940981, 5540929.320480721071362 ] ] ] ] } },
{ "type": "Feature", "properties": { "id": 1087, "left": 1264011.0839188329, "top": 5540829.3204807211, "right": 1264111.0839188329, "bottom": 5540729.3204807211, "row_index": 32, "col_index": 31, "area": 2822503.649, "perimeter": 8534.222, "codzona": "O", "numquart": 15, "nomezona": "Murri", "intersect_area": 390.78667104244232 }, "geometry": { "type": "MultiPolygon", "coordinates": [ [ [ [ 1264011.083918832940981, 5540729.320480721071362 ], [ 1264011.083918832940981, 5540740.810078295879066 ], [ 1264079.108350235270336, 5540729.320480721071362 ], [ 1264011.083918832940981, 5540729.320480721071362 ] ] ] ] } },
{ "type": "Feature", "properties": { "id": 1087, "left": 1264011.0839188329, "top": 5540829.3204807211, "right": 1264111.0839188329, "bottom": 5540729.3204807211, "row_index": 32, "col_index": 31, "area": 1116791.26, "perimeter": 4375.401, "codzona": "G", "numquart": 15, "nomezona": "Galvani", "intersect_area": 9609.2133289575577 }, "geometry": { "type": "MultiPolygon", "coordinates": [ [ [ [ 1264111.083918832940981, 5540829.320480721071362 ], [ 1264111.083918832940981, 5540729.320480721071362 ], [ 1264079.108350235270336, 5540729.320480721071362 ], [ 1264011.083918832940981, 5540740.810078295879066 ], [ 1264011.083918832940981, 5540829.320480721071362 ], [ 1264111.083918832940981, 5540829.320480721071362 ] ] ] ] } },
{ "type": "Feature", "properties": { "id": 1088, "left": 1264011.0839188329, "top": 5540729.3204807211, "right": 1264111.0839188329, "bottom": 5540629.3204807211, "row_index": 33, "col_index": 31, "area": 2822503.649, "perimeter": 8534.222, "codzona": "O", "numquart": 15, "nomezona": "Murri", "intersect_area": 9913.6531589925289 }, "geometry": { "type": "MultiPolygon", "coordinates": [ [ [ [ 1264079.108350235270336, 5540729.320480721071362 ], [ 1264111.083918832940981, 5540723.919679746963084 ], [ 1264111.083918832940981, 5540629.320480721071362 ], [ 1264011.083918832940981, 5540629.320480721071362 ], [ 1264011.083918832940981, 5540729.320480721071362 ], [ 1264079.108350235270336, 5540729.320480721071362 ] ] ] ] } },
{ "type": "Feature", "properties": { "id": 1088, "left": 1264011.0839188329, "top": 5540729.3204807211, "right": 1264111.0839188329, "bottom": 5540629.3204807211, "row_index": 33, "col_index": 31, "area": 1116791.26, "perimeter": 4375.401, "codzona": "G", "numquart": 15, "nomezona": "Galvani", "intersect_area": 86.346841022372246 }, "geometry": { "type": "MultiPolygon", "coordinates": [ [ [ [ 1264111.083918832940981, 5540729.320480721071362 ], [ 1264111.083918832940981, 5540723.919679746963084 ], [ 1264079.108350235270336, 5540729.320480721071362 ], [ 1264111.083918832940981, 5540729.320480721071362 ] ] ] ] } },
{ "type": "Feature", "properties": { "id": 1089, "left": 1264111.0839188329, "top": 5544029.3204807211, "right": 1264211.0839188329, "bottom": 5543929.3204807211, "row_index": 0, "col_index": 32, "area": 15464545.521, "perimeter": 22257.889, "codzona": "Q", "numquart": 14, "nomezona": "San Donato", "intersect_area": 10000.0 }, "geometry": { "type": "MultiPolygon", "coordinates": [ [ [ [ 1264211.083918832940981, 5544029.320480721071362 ], [ 1264211.083918832940981, 5543929.320480721071362 ], [ 1264111.083918832940981, 5543929.320480721071362 ], [ 1264111.083918832940981, 5544029.320480721071362 ], [ 1264211.083918832940981, 5544029.320480721071362 ] ] ] ] } },
{ "type": "Feature", "properties": { "id": 1090, "left": 1264111.0839188329, "top": 5543929.3204807211, "right": 1264211.0839188329, "bottom": 5543829.3204807211, "row_index": 1, "col_index": 32, "area": 15464545.521, "perimeter": 22257.889, "codzona": "Q", "numquart": 14, "nomezona": "San Donato", "intersect_area": 10000.0 }, "geometry": { "type": "MultiPolygon", "coordinates": [ [ [ [ 1264211.083918832940981, 5543929.320480721071362 ], [ 1264211.083918832940981, 5543829.320480721071362 ], [ 1264111.083918832940981, 5543829.320480721071362 ], [ 1264111.083918832940981, 5543929.320480721071362 ], [ 1264211.083918832940981, 5543929.320480721071362 ] ] ] ] } },
{ "type": "Feature", "properties": { "id": 1091, "left": 1264111.0839188329, "top": 5543829.3204807211, "right": 1264211.0839188329, "bottom": 5543729.3204807211, "row_index": 2, "col_index": 32, "area": 15464545.521, "perimeter": 22257.889, "codzona": "Q", "numquart": 14, "nomezona": "San Donato", "intersect_area": 10000.0 }, "geometry": { "type": "MultiPolygon", "coordinates": [ [ [ [ 1264211.083918832940981, 5543829.320480721071362 ], [ 1264211.083918832940981, 5543729.320480721071362 ], [ 1264111.083918832940981, 5543729.320480721071362 ], [ 1264111.083918832940981, 5543829.320480721071362 ], [ 1264211.083918832940981, 5543829.320480721071362 ] ] ] ] } },
{ "type": "Feature", "properties": { "id": 1092, "left": 1264111.0839188329, "top": 5543729.3204807211, "right": 1264211.0839188329, "bottom": 5543629.3204807211, "row_index": 3, "col_index": 32, "area": 1375567.409, "perimeter": 5075.87, "codzona": "H", "numquart": 15, "nomezona": "Irnerio", "intersect_area": 708.39987888932228 }, "geometry": { "type": "MultiPolygon", "coordinates": [ [ [ [ 1264111.083918832940981, 5543629.320480721071362 ], [ 1264111.083918832940981, 5543657.417177109047771 ], [ 1264161.50976741570048, 5543629.320480721071362 ], [ 1264111.083918832940981, 5543629.320480721071362 ] ] ] ] } },
{ "type": "Feature", "properties": { "id": 1092, "left": 1264111.0839188329, "top": 5543729.3204807211, "right": 1264211.0839188329, "bottom": 5543629.3204807211, "row_index": 3, "col_index": 32, "area": 15464545.521, "perimeter": 22257.889, "codzona": "Q", "numquart": 14, "nomezona": "San Donato", "intersect_area": 9291.60012114048 }, "geometry": { "type": "MultiPolygon", "coordinates": [ [ [ [ 1264211.083918832940981, 5543729.320480721071362 ], [ 1264211.083918832940981, 5543629.320480721071362 ], [ 1264161.50976741570048, 5543629.320480721071362 ], [ 1264111.083918832940981, 5543657.417177109047771 ], [ 1264111.083918832940981, 5543729.320480721071362 ], [ 1264211.083918832940981, 5543729.320480721071362 ] ] ] ] } },
{ "type": "Feature", "properties": { "id": 1093, "left": 1264111.0839188329, "top": 5543629.3204807211, "right": 1264211.0839188329, "bottom": 5543529.3204807211, "row_index": 4, "col_index": 32, "area": 1375567.409, "perimeter": 5075.87, "codzona": "H", "numquart": 15, "nomezona": "Irnerio", "intersect_area": 9315.3279089033604 }, "geometry": { "type": "MultiPolygon", "coordinates": [ [ [ [ 1264161.50976741570048, 5543629.320480721071362 ], [ 1264211.083918832940981, 5543601.698340089060366 ], [ 1264211.083918832940981, 5543529.320480721071362 ], [ 1264111.083918832940981, 5543529.320480721071362 ], [ 1264111.083918832940981, 5543629.320480721071362 ], [ 1264161.50976741570048, 5543629.320480721071362 ] ] ] ] } },
{ "type": "Feature", "properties": { "id": 1093, "left": 1264111.0839188329, "top": 5543629.3204807211, "right": 1264211.0839188329, "bottom": 5543529.3204807211, "row_index": 4, "col_index": 32, "area": 15464545.521, "perimeter": 22257.889, "codzona": "Q", "numquart": 14, "nomezona": "San Donato", "intersect_area": 684.67209109663963 }, "geometry": { "type": "MultiPolygon", "coordinates": [ [ [ [ 1264211.083918832940981, 5543629.320480721071362 ], [ 1264211.083918832940981, 5543601.698340089060366 ], [ 1264161.50976741570048, 5543629.320480721071362 ], [ 1264211.083918832940981, 5543629.320480721071362 ] ] ] ] } },
{ "type": "Feature", "properties": { "id": 1094, "left": 1264111.0839188329, "top": 5543529.3204807211, "right": 1264211.0839188329, "bottom": 5543429.3204807211, "row_index": 5, "col_index": 32, "area": 1375567.409, "perimeter": 5075.87, "codzona": "H", "numquart": 15, "nomezona": "Irnerio", "intersect_area": 10000.0 }, "geometry": { "type": "MultiPolygon", "coordinates": [ [ [ [ 1264211.083918832940981, 5543529.320480721071362 ], [ 1264211.083918832940981, 5543429.320480721071362 ], [ 1264111.083918832940981, 5543429.320480721071362 ], [ 1264111.083918832940981, 5543529.320480721071362 ], [ 1264211.083918832940981, 5543529.320480721071362 ] ] ] ] } },
{ "type": "Feature", "properties": { "id": 1095, "left": 1264111.0839188329, "top": 5543429.3204807211, "right": 1264211.0839188329, "bottom": 5543329.3204807211, "row_index": 6, "col_index": 32, "area": 1375567.409, "perimeter": 5075.87, "codzona": "H", "numquart": 15, "nomezona": "Irnerio", "intersect_area": 10000.0 }, "geometry": { "type": "MultiPolygon", "coordinates": [ [ [ [ 1264211.083918832940981, 5543429.320480721071362 ], [ 1264211.083918832940981, 5543329.320480721071362 ], [ 1264111.083918832940981, 5543329.320480721071362 ], [ 1264111.083918832940981, 5543429.320480721071362 ], [ 1264211.083918832940981, 5543429.320480721071362 ] ] ] ] } },
{ "type": "Feature", "properties": { "id": 1096, "left": 1264111.0839188329, "top": 5543329.3204807211, "right": 1264211.0839188329, "bottom": 5543229.3204807211, "row_index": 7, "col_index": 32, "area": 10803918.35, "perimeter": 20385.863, "codzona": "T", "numquart": 14, "nomezona": "S. Vitale", "intersect_area": 3075.3541319519281 }, "geometry": { "type": "MultiPolygon", "coordinates": [ [ [ [ 1264211.083918832940981, 5543229.320480721071362 ], [ 1264178.248659341363236, 5543229.320480721071362 ], [ 1264174.314513233723119, 5543269.130434720776975 ], [ 1264170.792072440497577, 5543296.833810927346349 ], [ 1264179.74189346213825, 5543303.98097936809063 ], [ 1264211.083918832940981, 5543327.365350268781185 ], [ 1264211.083918832940981, 5543229.320480721071362 ] ] ] ] } },
{ "type": "Feature", "properties": { "id": 1096, "left": 1264111.0839188329, "top": 5543329.3204807211, "right": 1264211.0839188329, "bottom": 5543229.3204807211, "row_index": 7, "col_index": 32, "area": 1375567.409, "perimeter": 5075.87, "codzona": "H", "numquart": 15, "nomezona": "Irnerio", "intersect_area": 6924.645868062973 }, "geometry": { "type": "MultiPolygon", "coordinates": [ [ [ [ 1264211.083918832940981, 5543329.320480721071362 ], [ 1264211.083918832940981, 5543327.365350268781185 ], [ 1264179.74189346213825, 5543303.98097936809063 ], [ 1264170.792072440497577, 5543296.833810927346349 ], [ 1264174.314513233723119, 5543269.130434720776975 ], [ 1264178.248659341363236, 5543229.320480721071362 ], [ 1264111.083918832940981, 5543229.320480721071362 ], [ 1264111.083918832940981, 5543329.320480721071362 ], [ 1264211.083918832940981, 5543329.320480721071362 ] ] ] ] } },
{ "type": "Feature", "properties": { "id": 1097, "left": 1264111.0839188329, "top": 5543229.3204807211, "right": 1264211.0839188329, "bottom": 5543129.3204807211, "row_index": 8, "col_index": 32, "area": 10803918.35, "perimeter": 20385.863, "codzona": "T", "numquart": 14, "nomezona": "S. Vitale", "intersect_area": 2796.9858743846416 }, "geometry": { "type": "MultiPolygon", "coordinates": [ [ [ [ 1264211.083918832940981, 5543229.320480721071362 ], [ 1264211.083918832940981, 5543129.320480721071362 ], [ 1264187.20758148888126, 5543129.320480721071362 ], [ 1264186.509428360732272, 5543145.72906706854701 ], [ 1264178.248659341363236, 5543229.320480721071362 ], [ 1264211.083918832940981, 5543229.320480721071362 ] ] ] ] } },
{ "type": "Feature", "properties": { "id": 1097, "left": 1264111.0839188329, "top": 5543229.3204807211, "right": 1264211.0839188329, "bottom": 5543129.3204807211, "row_index": 8, "col_index": 32, "area": 1375567.409, "perimeter": 5075.87, "codzona": "H", "numquart": 15, "nomezona": "Irnerio", "intersect_area": 7203.0141256153584 }, "geometry": { "type": "MultiPolygon", "coordinates": [ [ [ [ 1264178.248659341363236, 5543229.320480721071362 ], [ 1264186.509428360732272, 5543145.72906706854701 ], [ 1264187.20758148888126, 5543129.320480721071362 ], [ 1264111.083918832940981, 5543129.320480721071362 ], [ 1264111.083918832940981, 5543229.320480721071362 ], [ 1264178.248659341363236, 5543229.320480721071362 ] ] ] ] } },
{ "type": "Feature", "properties": { "id": 1098, "left": 1264111.0839188329, "top": 5543129.3204807211, "right": 1264211.0839188329, "bottom": 5543029.3204807211, "row_index": 9, "col_index": 32, "area": 10803918.35, "perimeter": 20385.863, "codzona": "T", "numquart": 14, "nomezona": "S. Vitale", "intersect_area": 1993.1367325037718 }, "geometry": { "type": "MultiPolygon", "coordinates": [ [ [ [ 1264211.083918832940981, 5543129.320480721071362 ], [ 1264211.083918832940981, 5543029.320480721071362 ], [ 1264195.641578799812123, 5543029.320480721071362 ], [ 1264187.76148184412159, 5543116.302245267666876 ], [ 1264187.20758148888126, 5543129.320480721071362 ], [ 1264211.083918832940981, 5543129.320480721071362 ] ] ] ] } },
{ "type": "Feature", "properties": { "id": 1098, "left": 1264111.0839188329, "top": 5543129.3204807211, "right": 1264211.0839188329, "bottom": 5543029.3204807211, "row_index": 9, "col_index": 32, "area": 1375567.409, "perimeter": 5075.87, "codzona": "H", "numquart": 15, "nomezona": "Irnerio", "intersect_area": 8006.8632675111294 }, "geometry": { "type": "MultiPolygon", "coordinates": [ [ [ [ 1264187.20758148888126, 5543129.320480721071362 ], [ 1264187.76148184412159, 5543116.302245267666876 ], [ 1264195.641578799812123, 5543029.320480721071362 ], [ 1264111.083918832940981, 5543029.320480721071362 ], [ 1264111.083918832940981, 5543129.320480721071362 ], [ 1264187.20758148888126, 5543129.320480721071362 ] ] ] ] } },
{ "type": "Feature", "properties": { "id": 1099, "left": 1264111.0839188329, "top": 5543029.3204807211, "right": 1264211.0839188329, "bottom": 5542929.3204807211, "row_index": 10, "col_index": 32, "area": 10803918.35, "perimeter": 20385.863, "codzona": "T", "numquart": 14, "nomezona": "S. Vitale", "intersect_area": 1082.561983473599 }, "geometry": { "type": "MultiPolygon", "coordinates": [ [ [ [ 1264211.083918832940981, 5543029.320480721071362 ], [ 1264211.083918832940981, 5542929.320480721071362 ], [ 1264208.130937859416008, 5542929.320480721071362 ], [ 1264207.801780274836347, 5542930.62511301971972 ], [ 1264203.227472335798666, 5542939.849154179915786 ], [ 1264200.927710524294525, 5542970.971317303366959 ], [ 1264195.641578799812123, 5543029.320480721071362 ], [ 1264211.083918832940981, 5543029.320480721071362 ] ] ] ] } },
{ "type": "Feature", "properties": { "id": 1099, "left": 1264111.0839188329, "top": 5543029.3204807211, "right": 1264211.0839188329, "bottom": 5542929.3204807211, "row_index": 10, "col_index": 32, "area": 1375567.409, "perimeter": 5075.87, "codzona": "H", "numquart": 15, "nomezona": "Irnerio", "intersect_area": 8917.4380165040493 }, "geometry": { "type": "MultiPolygon", "coordinates": [ [ [ [ 1264195.641578799812123, 5543029.320480721071362 ], [ 1264200.927710524294525, 5542970.971317303366959 ], [ 1264203.227472335798666, 5542939.849154179915786 ], [ 1264207.801780274836347, 5542930.62511301971972 ], [ 1264208.130937859416008, 5542929.320480721071362 ], [ 1264111.083918832940981, 5542929.320480721071362 ], [ 1264111.083918832940981, 5543029.320480721071362 ], [ 1264195.641578799812123, 5543029.320480721071362 ] ] ] ] } },
{ "type": "Feature", "properties": { "id": 1100, "left": 1264111.0839188329, "top": 5542929.3204807211, "right": 1264211.0839188329, "bottom": 5542829.3204807211, "row_index": 11, "col_index": 32, "area": 10803918.35, "perimeter": 20385.863, "codzona": "T", "numquart": 14, "nomezona": "S. Vitale", "intersect_area": 17.281266240403056 }, "geometry": { "type": "MultiPolygon", "coordinates": [ [ [ [ 1264211.083918832940981, 5542929.320480721071362 ], [ 1264211.083918832940981, 5542917.616195189766586 ], [ 1264208.130937859416008, 5542929.320480721071362 ], [ 1264211.083918832940981, 5542929.320480721071362 ] ] ] ] } },
{ "type": "Feature", "properties": { "id": 1100, "left": 1264111.0839188329, "top": 5542929.3204807211, "right": 1264211.0839188329, "bottom": 5542829.3204807211, "row_index": 11, "col_index": 32, "area": 1375567.409, "perimeter": 5075.87, "codzona": "H", "numquart": 15, "nomezona": "Irnerio", "intersect_area": 9982.7187337875366 }, "geometry": { "type": "MultiPolygon", "coordinates": [ [ [ [ 1264208.130937859416008, 5542929.320480721071362 ], [ 1264211.083918832940981, 5542917.616195189766586 ], [ 1264211.083918832940981, 5542829.320480721071362 ], [ 1264111.083918832940981, 5542829.320480721071362 ], [ 1264111.083918832940981, 5542929.320480721071362 ], [ 1264208.130937859416008, 5542929.320480721071362 ] ] ] ] } },
{ "type": "Feature", "properties": { "id": 1101, "left": 1264111.0839188329, "top": 5542829.3204807211, "right": 1264211.0839188329, "bottom": 5542729.3204807211, "row_index": 12, "col_index": 32, "area": 1375567.409, "perimeter": 5075.87, "codzona": "H", "numquart": 15, "nomezona": "Irnerio", "intersect_area": 10000.0 }, "geometry": { "type": "MultiPolygon", "coordinates": [ [ [ [ 1264211.083918832940981, 5542829.320480721071362 ], [ 1264211.083918832940981, 5542729.320480721071362 ], [ 1264111.083918832940981, 5542729.320480721071362 ], [ 1264111.083918832940981, 5542829.320480721071362 ], [ 1264211.083918832940981, 5542829.320480721071362 ] ] ] ] } },
{ "type": "Feature", "properties": { "id": 1102, "left": 1264111.0839188329, "top": 5542729.3204807211, "right": 1264211.0839188329, "bottom": 5542629.3204807211, "row_index": 13, "col_index": 32, "area": 1375567.409, "perimeter": 5075.87, "codzona": "H", "numquart": 15, "nomezona": "Irnerio", "intersect_area": 10000.0 }, "geometry": { "type": "MultiPolygon", "coordinates": [ [ [ [ 1264211.083918832940981, 5542729.320480721071362 ], [ 1264211.083918832940981, 5542629.320480721071362 ], [ 1264111.083918832940981, 5542629.320480721071362 ], [ 1264111.083918832940981, 5542729.320480721071362 ], [ 1264211.083918832940981, 5542729.320480721071362 ] ] ] ] } },
{ "type": "Feature", "properties": { "id": 1103, "left": 1264111.0839188329, "top": 5542629.3204807211, "right": 1264211.0839188329, "bottom": 5542529.3204807211, "row_index": 14, "col_index": 32, "area": 1375567.409, "perimeter": 5075.87, "codzona": "H", "numquart": 15, "nomezona": "Irnerio", "intersect_area": 10000.0 }, "geometry": { "type": "MultiPolygon", "coordinates": [ [ [ [ 1264211.083918832940981, 5542629.320480721071362 ], [ 1264211.083918832940981, 5542529.320480721071362 ], [ 1264111.083918832940981, 5542529.320480721071362 ], [ 1264111.083918832940981, 5542629.320480721071362 ], [ 1264211.083918832940981, 5542629.320480721071362 ] ] ] ] } },
{ "type": "Feature", "properties": { "id": 1104, "left": 1264111.0839188329, "top": 5542529.3204807211, "right": 1264211.0839188329, "bottom": 5542429.3204807211, "row_index": 15, "col_index": 32, "area": 1375567.409, "perimeter": 5075.87, "codzona": "H", "numquart": 15, "nomezona": "Irnerio", "intersect_area": 10000.0 }, "geometry": { "type": "MultiPolygon", "coordinates": [ [ [ [ 1264211.083918832940981, 5542529.320480721071362 ], [ 1264211.083918832940981, 5542429.320480721071362 ], [ 1264111.083918832940981, 5542429.320480721071362 ], [ 1264111.083918832940981, 5542529.320480721071362 ], [ 1264211.083918832940981, 5542529.320480721071362 ] ] ] ] } },
{ "type": "Feature", "properties": { "id": 1105, "left": 1264111.0839188329, "top": 5542429.3204807211, "right": 1264211.0839188329, "bottom": 5542329.3204807211, "row_index": 16, "col_index": 32, "area": 1375567.409, "perimeter": 5075.87, "codzona": "H", "numquart": 15, "nomezona": "Irnerio", "intersect_area": 10000.0 }, "geometry": { "type": "MultiPolygon", "coordinates": [ [ [ [ 1264211.083918832940981, 5542429.320480721071362 ], [ 1264211.083918832940981, 5542329.320480721071362 ], [ 1264111.083918832940981, 5542329.320480721071362 ], [ 1264111.083918832940981, 5542429.320480721071362 ], [ 1264211.083918832940981, 5542429.320480721071362 ] ] ] ] } },
{ "type": "Feature", "properties": { "id": 1106, "left": 1264111.0839188329, "top": 5542329.3204807211, "right": 1264211.0839188329, "bottom": 5542229.3204807211, "row_index": 17, "col_index": 32, "area": 1375567.409, "perimeter": 5075.87, "codzona": "H", "numquart": 15, "nomezona": "Irnerio", "intersect_area": 10000.0 }, "geometry": { "type": "MultiPolygon", "coordinates": [ [ [ [ 1264211.083918832940981, 5542329.320480721071362 ], [ 1264211.083918832940981, 5542229.320480721071362 ], [ 1264111.083918832940981, 5542229.320480721071362 ], [ 1264111.083918832940981, 5542329.320480721071362 ], [ 1264211.083918832940981, 5542329.320480721071362 ] ] ] ] } },
{ "type": "Feature", "properties": { "id": 1107, "left": 1264111.0839188329, "top": 5542229.3204807211, "right": 1264211.0839188329, "bottom": 5542129.3204807211, "row_index": 18, "col_index": 32, "area": 1375567.409, "perimeter": 5075.87, "codzona": "H", "numquart": 15, "nomezona": "Irnerio", "intersect_area": 10000.0 }, "geometry": { "type": "MultiPolygon", "coordinates": [ [ [ [ 1264211.083918832940981, 5542229.320480721071362 ], [ 1264211.083918832940981, 5542129.320480721071362 ], [ 1264111.083918832940981, 5542129.320480721071362 ], [ 1264111.083918832940981, 5542229.320480721071362 ], [ 1264211.083918832940981, 5542229.320480721071362 ] ] ] ] } },
{ "type": "Feature", "properties": { "id": 1108, "left": 1264111.0839188329, "top": 5542129.3204807211, "right": 1264211.0839188329, "bottom": 5542029.3204807211, "row_index": 19, "col_index": 32, "area": 1375567.409, "perimeter": 5075.87, "codzona": "H", "numquart": 15, "nomezona": "Irnerio", "intersect_area": 10000.0 }, "geometry": { "type": "MultiPolygon", "coordinates": [ [ [ [ 1264211.083918832940981, 5542129.320480721071362 ], [ 1264211.083918832940981, 5542029.320480721071362 ], [ 1264111.083918832940981, 5542029.320480721071362 ], [ 1264111.083918832940981, 5542129.320480721071362 ], [ 1264211.083918832940981, 5542129.320480721071362 ] ] ] ] } },
{ "type": "Feature", "properties": { "id": 1109, "left": 1264111.0839188329, "top": 5542029.3204807211, "right": 1264211.0839188329, "bottom": 5541929.3204807211, "row_index": 20, "col_index": 32, "area": 1375567.409, "perimeter": 5075.87, "codzona": "H", "numquart": 15, "nomezona": "Irnerio", "intersect_area": 10000.0 }, "geometry": { "type": "MultiPolygon", "coordinates": [ [ [ [ 1264211.083918832940981, 5542029.320480721071362 ], [ 1264211.083918832940981, 5541929.320480721071362 ], [ 1264111.083918832940981, 5541929.320480721071362 ], [ 1264111.083918832940981, 5542029.320480721071362 ], [ 1264211.083918832940981, 5542029.320480721071362 ] ] ] ] } },
{ "type": "Feature", "properties": { "id": 1110, "left": 1264111.0839188329, "top": 5541929.3204807211, "right": 1264211.0839188329, "bottom": 5541829.3204807211, "row_index": 21, "col_index": 32, "area": 1375567.409, "perimeter": 5075.87, "codzona": "H", "numquart": 15, "nomezona": "Irnerio", "intersect_area": 10000.0 }, "geometry": { "type": "MultiPolygon", "coordinates": [ [ [ [ 1264211.083918832940981, 5541929.320480721071362 ], [ 1264211.083918832940981, 5541829.320480721071362 ], [ 1264111.083918832940981, 5541829.320480721071362 ], [ 1264111.083918832940981, 5541929.320480721071362 ], [ 1264211.083918832940981, 5541929.320480721071362 ] ] ] ] } },
{ "type": "Feature", "properties": { "id": 1111, "left": 1264111.0839188329, "top": 5541829.3204807211, "right": 1264211.0839188329, "bottom": 5541729.3204807211, "row_index": 22, "col_index": 32, "area": 1375567.409, "perimeter": 5075.87, "codzona": "H", "numquart": 15, "nomezona": "Irnerio", "intersect_area": 10000.0 }, "geometry": { "type": "MultiPolygon", "coordinates": [ [ [ [ 1264211.083918832940981, 5541829.320480721071362 ], [ 1264211.083918832940981, 5541729.320480721071362 ], [ 1264111.083918832940981, 5541729.320480721071362 ], [ 1264111.083918832940981, 5541829.320480721071362 ], [ 1264211.083918832940981, 5541829.320480721071362 ] ] ] ] } },
{ "type": "Feature", "properties": { "id": 1112, "left": 1264111.0839188329, "top": 5541729.3204807211, "right": 1264211.0839188329, "bottom": 5541629.3204807211, "row_index": 23, "col_index": 32, "area": 1116791.26, "perimeter": 4375.401, "codzona": "G", "numquart": 15, "nomezona": "Galvani", "intersect_area": 3602.4036138216034 }, "geometry": { "type": "MultiPolygon", "coordinates": [ [ [ [ 1264211.083918832940981, 5541629.320480721071362 ], [ 1264111.083918832940981, 5541629.320480721071362 ], [ 1264111.083918832940981, 5541692.716054106131196 ], [ 1264135.373841992113739, 5541679.442030560225248 ], [ 1264138.81553539680317, 5541677.407996666617692 ], [ 1264211.083918832940981, 5541638.097105605527759 ], [ 1264211.083918832940981, 5541629.320480721071362 ] ] ] ] } },
{ "type": "Feature", "properties": { "id": 1112, "left": 1264111.0839188329, "top": 5541729.3204807211, "right": 1264211.0839188329, "bottom": 5541629.3204807211, "row_index": 23, "col_index": 32, "area": 1375567.409, "perimeter": 5075.87, "codzona": "H", "numquart": 15, "nomezona": "Irnerio", "intersect_area": 6397.5963861942291 }, "geometry": { "type": "MultiPolygon", "coordinates": [ [ [ [ 1264211.083918832940981, 5541729.320480721071362 ], [ 1264211.083918832940981, 5541638.097105605527759 ], [ 1264138.81553539680317, 5541677.407996666617692 ], [ 1264135.373841992113739, 5541679.442030560225248 ], [ 1264111.083918832940981, 5541692.716054106131196 ], [ 1264111.083918832940981, 5541729.320480721071362 ], [ 1264211.083918832940981, 5541729.320480721071362 ] ] ] ] } },
{ "type": "Feature", "properties": { "id": 1113, "left": 1264111.0839188329, "top": 5541629.3204807211, "right": 1264211.0839188329, "bottom": 5541529.3204807211, "row_index": 24, "col_index": 32, "area": 1116791.26, "perimeter": 4375.401, "codzona": "G", "numquart": 15, "nomezona": "Galvani", "intersect_area": 10000.0 }, "geometry": { "type": "MultiPolygon", "coordinates": [ [ [ [ 1264211.083918832940981, 5541629.320480721071362 ], [ 1264211.083918832940981, 5541529.320480721071362 ], [ 1264111.083918832940981, 5541529.320480721071362 ], [ 1264111.083918832940981, 5541629.320480721071362 ], [ 1264211.083918832940981, 5541629.320480721071362 ] ] ] ] } },
{ "type": "Feature", "properties": { "id": 1114, "left": 1264111.0839188329, "top": 5541529.3204807211, "right": 1264211.0839188329, "bottom": 5541429.3204807211, "row_index": 25, "col_index": 32, "area": 1116791.26, "perimeter": 4375.401, "codzona": "G", "numquart": 15, "nomezona": "Galvani", "intersect_area": 10000.0 }, "geometry": { "type": "MultiPolygon", "coordinates": [ [ [ [ 1264211.083918832940981, 5541529.320480721071362 ], [ 1264211.083918832940981, 5541429.320480721071362 ], [ 1264111.083918832940981, 5541429.320480721071362 ], [ 1264111.083918832940981, 5541529.320480721071362 ], [ 1264211.083918832940981, 5541529.320480721071362 ] ] ] ] } },
{ "type": "Feature", "properties": { "id": 1115, "left": 1264111.0839188329, "top": 5541429.3204807211, "right": 1264211.0839188329, "bottom": 5541329.3204807211, "row_index": 26, "col_index": 32, "area": 1116791.26, "perimeter": 4375.401, "codzona": "G", "numquart": 15, "nomezona": "Galvani", "intersect_area": 10000.0 }, "geometry": { "type": "MultiPolygon", "coordinates": [ [ [ [ 1264211.083918832940981, 5541429.320480721071362 ], [ 1264211.083918832940981, 5541329.320480721071362 ], [ 1264111.083918832940981, 5541329.320480721071362 ], [ 1264111.083918832940981, 5541429.320480721071362 ], [ 1264211.083918832940981, 5541429.320480721071362 ] ] ] ] } },
{ "type": "Feature", "properties": { "id": 1116, "left": 1264111.0839188329, "top": 5541329.3204807211, "right": 1264211.0839188329, "bottom": 5541229.3204807211, "row_index": 27, "col_index": 32, "area": 1116791.26, "perimeter": 4375.401, "codzona": "G", "numquart": 15, "nomezona": "Galvani", "intersect_area": 10000.0 }, "geometry": { "type": "MultiPolygon", "coordinates": [ [ [ [ 1264211.083918832940981, 5541329.320480721071362 ], [ 1264211.083918832940981, 5541229.320480721071362 ], [ 1264111.083918832940981, 5541229.320480721071362 ], [ 1264111.083918832940981, 5541329.320480721071362 ], [ 1264211.083918832940981, 5541329.320480721071362 ] ] ] ] } },
{ "type": "Feature", "properties": { "id": 1117, "left": 1264111.0839188329, "top": 5541229.3204807211, "right": 1264211.0839188329, "bottom": 5541129.3204807211, "row_index": 28, "col_index": 32, "area": 1116791.26, "perimeter": 4375.401, "codzona": "G", "numquart": 15, "nomezona": "Galvani", "intersect_area": 10000.0 }, "geometry": { "type": "MultiPolygon", "coordinates": [ [ [ [ 1264211.083918832940981, 5541229.320480721071362 ], [ 1264211.083918832940981, 5541129.320480721071362 ], [ 1264111.083918832940981, 5541129.320480721071362 ], [ 1264111.083918832940981, 5541229.320480721071362 ], [ 1264211.083918832940981, 5541229.320480721071362 ] ] ] ] } },
{ "type": "Feature", "properties": { "id": 1118, "left": 1264111.0839188329, "top": 5541129.3204807211, "right": 1264211.0839188329, "bottom": 5541029.3204807211, "row_index": 29, "col_index": 32, "area": 1116791.26, "perimeter": 4375.401, "codzona": "G", "numquart": 15, "nomezona": "Galvani", "intersect_area": 10000.0 }, "geometry": { "type": "MultiPolygon", "coordinates": [ [ [ [ 1264211.083918832940981, 5541129.320480721071362 ], [ 1264211.083918832940981, 5541029.320480721071362 ], [ 1264111.083918832940981, 5541029.320480721071362 ], [ 1264111.083918832940981, 5541129.320480721071362 ], [ 1264211.083918832940981, 5541129.320480721071362 ] ] ] ] } },
{ "type": "Feature", "properties": { "id": 1119, "left": 1264111.0839188329, "top": 5541029.3204807211, "right": 1264211.0839188329, "bottom": 5540929.3204807211, "row_index": 30, "col_index": 32, "area": 1116791.26, "perimeter": 4375.401, "codzona": "G", "numquart": 15, "nomezona": "Galvani", "intersect_area": 10000.0 }, "geometry": { "type": "MultiPolygon", "coordinates": [ [ [ [ 1264211.083918832940981, 5541029.320480721071362 ], [ 1264211.083918832940981, 5540929.320480721071362 ], [ 1264111.083918832940981, 5540929.320480721071362 ], [ 1264111.083918832940981, 5541029.320480721071362 ], [ 1264211.083918832940981, 5541029.320480721071362 ] ] ] ] } },
{ "type": "Feature", "properties": { "id": 1120, "left": 1264111.0839188329, "top": 5540929.3204807211, "right": 1264211.0839188329, "bottom": 5540829.3204807211, "row_index": 31, "col_index": 32, "area": 1116791.26, "perimeter": 4375.401, "codzona": "G", "numquart": 15, "nomezona": "Galvani", "intersect_area": 10000.0 }, "geometry": { "type": "MultiPolygon", "coordinates": [ [ [ [ 1264211.083918832940981, 5540929.320480721071362 ], [ 1264211.083918832940981, 5540829.320480721071362 ], [ 1264111.083918832940981, 5540829.320480721071362 ], [ 1264111.083918832940981, 5540929.320480721071362 ], [ 1264211.083918832940981, 5540929.320480721071362 ] ] ] ] } },
{ "type": "Feature", "properties": { "id": 1121, "left": 1264111.0839188329, "top": 5540829.3204807211, "right": 1264211.0839188329, "bottom": 5540729.3204807211, "row_index": 32, "col_index": 32, "area": 2822503.649, "perimeter": 8534.222, "codzona": "O", "numquart": 15, "nomezona": "Murri", "intersect_area": 211.47252772375941 }, "geometry": { "type": "MultiPolygon", "coordinates": [ [ [ [ 1264211.083918832940981, 5540729.320480721071362 ], [ 1264190.709394662408158, 5540729.320480721071362 ], [ 1264198.751851635519415, 5540736.701078334823251 ], [ 1264211.083918832940981, 5540751.422930100932717 ], [ 1264211.083918832940981, 5540729.320480721071362 ] ] ] ] } },
{ "type": "Feature", "properties": { "id": 1121, "left": 1264111.0839188329, "top": 5540829.3204807211, "right": 1264211.0839188329, "bottom": 5540729.3204807211, "row_index": 32, "col_index": 32, "area": 1116791.26, "perimeter": 4375.401, "codzona": "G", "numquart": 15, "nomezona": "Galvani", "intersect_area": 9788.5274722576141 }, "geometry": { "type": "MultiPolygon", "coordinates": [ [ [ [ 1264211.083918832940981, 5540829.320480721071362 ], [ 1264211.083918832940981, 5540751.422930100932717 ], [ 1264198.751851635519415, 5540736.701078334823251 ], [ 1264190.709394662408158, 5540729.320480721071362 ], [ 1264111.083918832940981, 5540729.320480721071362 ], [ 1264111.083918832940981, 5540829.320480721071362 ], [ 1264211.083918832940981, 5540829.320480721071362 ] ] ] ] } },
{ "type": "Feature", "properties": { "id": 1122, "left": 1264111.0839188329, "top": 5540729.3204807211, "right": 1264211.0839188329, "bottom": 5540629.3204807211, "row_index": 33, "col_index": 32, "area": 2822503.649, "perimeter": 8534.222, "codzona": "O", "numquart": 15, "nomezona": "Murri", "intersect_area": 9143.9377842545509 }, "geometry": { "type": "MultiPolygon", "coordinates": [ [ [ [ 1264211.083918832940981, 5540729.320480721071362 ], [ 1264211.083918832940981, 5540629.320480721071362 ], [ 1264111.083918832940981, 5540629.320480721071362 ], [ 1264111.083918832940981, 5540723.919679746963084 ], [ 1264116.809745871694759, 5540722.952564739622176 ], [ 1264128.865016683004797, 5540718.618016737513244 ], [ 1264139.106402159901336, 5540715.664574515074492 ], [ 1264146.997423830907792, 5540713.84185931365937 ], [ 1264153.868195058777928, 5540713.377276862040162 ], [ 1264160.964220302412286, 5540714.072516171261668 ], [ 1264170.241543554700911, 5540717.866356514394283 ], [ 1264177.472470134263858, 5540720.883070480078459 ], [ 1264185.556776087963954, 5540724.591900328174233 ], [ 1264190.709394662408158, 5540729.320480721071362 ], [ 1264211.083918832940981, 5540729.320480721071362 ] ] ] ] } },
{ "type": "Feature", "properties": { "id": 1122, "left": 1264111.0839188329, "top": 5540729.3204807211, "right": 1264211.0839188329, "bottom": 5540629.3204807211, "row_index": 33, "col_index": 32, "area": 1116791.26, "perimeter": 4375.401, "codzona": "G", "numquart": 15, "nomezona": "Galvani", "intersect_area": 856.06221577525139 }, "geometry": { "type": "MultiPolygon", "coordinates": [ [ [ [ 1264190.709394662408158, 5540729.320480721071362 ], [ 1264185.556776087963954, 5540724.591900328174233 ], [ 1264177.472470134263858, 5540720.883070480078459 ], [ 1264170.241543554700911, 5540717.866356514394283 ], [ 1264160.964220302412286, 5540714.072516171261668 ], [ 1264153.868195058777928, 5540713.377276862040162 ], [ 1264146.997423830907792, 5540713.84185931365937 ], [ 1264139.106402159901336, 5540715.664574515074492 ], [ 1264128.865016683004797, 5540718.618016737513244 ], [ 1264116.809745871694759, 5540722.952564739622176 ], [ 1264111.083918832940981, 5540723.919679746963084 ], [ 1264111.083918832940981, 5540729.320480721071362 ], [ 1264190.709394662408158, 5540729.320480721071362 ] ] ] ] } },
{ "type": "Feature", "properties": { "id": 1123, "left": 1264211.0839188329, "top": 5544029.3204807211, "right": 1264311.0839188329, "bottom": 5543929.3204807211, "row_index": 0, "col_index": 33, "area": 15464545.521, "perimeter": 22257.889, "codzona": "Q", "numquart": 14, "nomezona": "San Donato", "intersect_area": 10000.0 }, "geometry": { "type": "MultiPolygon", "coordinates": [ [ [ [ 1264311.083918832940981, 5544029.320480721071362 ], [ 1264311.083918832940981, 5543929.320480721071362 ], [ 1264211.083918832940981, 5543929.320480721071362 ], [ 1264211.083918832940981, 5544029.320480721071362 ], [ 1264311.083918832940981, 5544029.320480721071362 ] ] ] ] } },
{ "type": "Feature", "properties": { "id": 1124, "left": 1264211.0839188329, "top": 5543929.3204807211, "right": 1264311.0839188329, "bottom": 5543829.3204807211, "row_index": 1, "col_index": 33, "area": 15464545.521, "perimeter": 22257.889, "codzona": "Q", "numquart": 14, "nomezona": "San Donato", "intersect_area": 10000.0 }, "geometry": { "type": "MultiPolygon", "coordinates": [ [ [ [ 1264311.083918832940981, 5543929.320480721071362 ], [ 1264311.083918832940981, 5543829.320480721071362 ], [ 1264211.083918832940981, 5543829.320480721071362 ], [ 1264211.083918832940981, 5543929.320480721071362 ], [ 1264311.083918832940981, 5543929.320480721071362 ] ] ] ] } },
{ "type": "Feature", "properties": { "id": 1125, "left": 1264211.0839188329, "top": 5543829.3204807211, "right": 1264311.0839188329, "bottom": 5543729.3204807211, "row_index": 2, "col_index": 33, "area": 15464545.521, "perimeter": 22257.889, "codzona": "Q", "numquart": 14, "nomezona": "San Donato", "intersect_area": 10000.0 }, "geometry": { "type": "MultiPolygon", "coordinates": [ [ [ [ 1264311.083918832940981, 5543829.320480721071362 ], [ 1264311.083918832940981, 5543729.320480721071362 ], [ 1264211.083918832940981, 5543729.320480721071362 ], [ 1264211.083918832940981, 5543829.320480721071362 ], [ 1264311.083918832940981, 5543829.320480721071362 ] ] ] ] } },
{ "type": "Feature", "properties": { "id": 1126, "left": 1264211.0839188329, "top": 5543729.3204807211, "right": 1264311.0839188329, "bottom": 5543629.3204807211, "row_index": 3, "col_index": 33, "area": 15464545.521, "perimeter": 22257.889, "codzona": "Q", "numquart": 14, "nomezona": "San Donato", "intersect_area": 10000.0 }, "geometry": { "type": "MultiPolygon", "coordinates": [ [ [ [ 1264311.083918832940981, 5543729.320480721071362 ], [ 1264311.083918832940981, 5543629.320480721071362 ], [ 1264211.083918832940981, 5543629.320480721071362 ], [ 1264211.083918832940981, 5543729.320480721071362 ], [ 1264311.083918832940981, 5543729.320480721071362 ] ] ] ] } },
{ "type": "Feature", "properties": { "id": 1127, "left": 1264211.0839188329, "top": 5543629.3204807211, "right": 1264311.0839188329, "bottom": 5543529.3204807211, "row_index": 4, "col_index": 33, "area": 1375567.409, "perimeter": 5075.87, "codzona": "H", "numquart": 15, "nomezona": "Irnerio", "intersect_area": 4451.91705439426 }, "geometry": { "type": "MultiPolygon", "coordinates": [ [ [ [ 1264311.083918832940981, 5543529.320480721071362 ], [ 1264211.083918832940981, 5543529.320480721071362 ], [ 1264211.083918832940981, 5543601.698340089060366 ], [ 1264300.043985025491565, 5543552.130825794301927 ], [ 1264311.083918832940981, 5543545.9927220903337 ], [ 1264311.083918832940981, 5543529.320480721071362 ] ] ] ] } },
{ "type": "Feature", "properties": { "id": 1127, "left": 1264211.0839188329, "top": 5543629.3204807211, "right": 1264311.0839188329, "bottom": 5543529.3204807211, "row_index": 4, "col_index": 33, "area": 15464545.521, "perimeter": 22257.889, "codzona": "Q", "numquart": 14, "nomezona": "San Donato", "intersect_area": 5548.0829455852509 }, "geometry": { "type": "MultiPolygon", "coordinates": [ [ [ [ 1264311.083918832940981, 5543629.320480721071362 ], [ 1264311.083918832940981, 5543545.9927220903337 ], [ 1264300.043985025491565, 5543552.130825794301927 ], [ 1264211.083918832940981, 5543601.698340089060366 ], [ 1264211.083918832940981, 5543629.320480721071362 ], [ 1264311.083918832940981, 5543629.320480721071362 ] ] ] ] } },
{ "type": "Feature", "properties": { "id": 1128, "left": 1264211.0839188329, "top": 5543529.3204807211, "right": 1264311.0839188329, "bottom": 5543429.3204807211, "row_index": 5, "col_index": 33, "area": 1375567.409, "perimeter": 5075.87, "codzona": "H", "numquart": 15, "nomezona": "Irnerio", "intersect_area": 10000.0 }, "geometry": { "type": "MultiPolygon", "coordinates": [ [ [ [ 1264311.083918832940981, 5543529.320480721071362 ], [ 1264311.083918832940981, 5543429.320480721071362 ], [ 1264211.083918832940981, 5543429.320480721071362 ], [ 1264211.083918832940981, 5543529.320480721071362 ], [ 1264311.083918832940981, 5543529.320480721071362 ] ] ] ] } },
{ "type": "Feature", "properties": { "id": 1129, "left": 1264211.0839188329, "top": 5543429.3204807211, "right": 1264311.0839188329, "bottom": 5543329.3204807211, "row_index": 6, "col_index": 33, "area": 10803918.35, "perimeter": 20385.863, "codzona": "T", "numquart": 14, "nomezona": "S. Vitale", "intersect_area": 3529.5897814035416 }, "geometry": { "type": "MultiPolygon", "coordinates": [ [ [ [ 1264311.083918832940981, 5543329.320480721071362 ], [ 1264213.704376252368093, 5543329.320480721071362 ], [ 1264290.484163387678564, 5543386.606090021319687 ], [ 1264311.083918832940981, 5543401.201583227142692 ], [ 1264311.083918832940981, 5543329.320480721071362 ] ] ] ] } },
{ "type": "Feature", "properties": { "id": 1129, "left": 1264211.0839188329, "top": 5543429.3204807211, "right": 1264311.0839188329, "bottom": 5543329.3204807211, "row_index": 6, "col_index": 33, "area": 1375567.409, "perimeter": 5075.87, "codzona": "H", "numquart": 15, "nomezona": "Irnerio", "intersect_area": 6470.4102185964584 }, "geometry": { "type": "MultiPolygon", "coordinates": [ [ [ [ 1264311.083918832940981, 5543429.320480721071362 ], [ 1264311.083918832940981, 5543401.201583227142692 ], [ 1264290.484163387678564, 5543386.606090021319687 ], [ 1264213.704376252368093, 5543329.320480721071362 ], [ 1264211.083918832940981, 5543329.320480721071362 ], [ 1264211.083918832940981, 5543429.320480721071362 ], [ 1264311.083918832940981, 5543429.320480721071362 ] ] ] ] } },
{ "type": "Feature", "properties": { "id": 1130, "left": 1264211.0839188329, "top": 5543329.3204807211, "right": 1264311.0839188329, "bottom": 5543229.3204807211, "row_index": 7, "col_index": 33, "area": 10803918.35, "perimeter": 20385.863, "codzona": "T", "numquart": 14, "nomezona": "S. Vitale", "intersect_area": 9997.4383319616318 }, "geometry": { "type": "MultiPolygon", "coordinates": [ [ [ [ 1264311.083918832940981, 5543329.320480721071362 ], [ 1264311.083918832940981, 5543229.320480721071362 ], [ 1264211.083918832940981, 5543229.320480721071362 ], [ 1264211.083918832940981, 5543327.365350268781185 ], [ 1264213.704376252368093, 5543329.320480721071362 ], [ 1264311.083918832940981, 5543329.320480721071362 ] ] ] ] } },
{ "type": "Feature", "properties": { "id": 1130, "left": 1264211.0839188329, "top": 5543329.3204807211, "right": 1264311.0839188329, "bottom": 5543229.3204807211, "row_index": 7, "col_index": 33, "area": 1375567.409, "perimeter": 5075.87, "codzona": "H", "numquart": 15, "nomezona": "Irnerio", "intersect_area": 2.561668049544096 }, "geometry": { "type": "MultiPolygon", "coordinates": [ [ [ [ 1264213.704376252368093, 5543329.320480721071362 ], [ 1264211.083918832940981, 5543327.365350268781185 ], [ 1264211.083918832940981, 5543329.320480721071362 ], [ 1264213.704376252368093, 5543329.320480721071362 ] ] ] ] } },
{ "type": "Feature", "properties": { "id": 1131, "left": 1264211.0839188329, "top": 5543229.3204807211, "right": 1264311.0839188329, "bottom": 5543129.3204807211, "row_index": 8, "col_index": 33, "area": 10803918.35, "perimeter": 20385.863, "codzona": "T", "numquart": 14, "nomezona": "S. Vitale", "intersect_area": 10000.0 }, "geometry": { "type": "MultiPolygon", "coordinates": [ [ [ [ 1264311.083918832940981, 5543229.320480721071362 ], [ 1264311.083918832940981, 5543129.320480721071362 ], [ 1264211.083918832940981, 5543129.320480721071362 ], [ 1264211.083918832940981, 5543229.320480721071362 ], [ 1264311.083918832940981, 5543229.320480721071362 ] ] ] ] } },
{ "type": "Feature", "properties": { "id": 1132, "left": 1264211.0839188329, "top": 5543129.3204807211, "right": 1264311.0839188329, "bottom": 5543029.3204807211, "row_index": 9, "col_index": 33, "area": 10803918.35, "perimeter": 20385.863, "codzona": "T", "numquart": 14, "nomezona": "S. Vitale", "intersect_area": 10000.0 }, "geometry": { "type": "MultiPolygon", "coordinates": [ [ [ [ 1264311.083918832940981, 5543129.320480721071362 ], [ 1264311.083918832940981, 5543029.320480721071362 ], [ 1264211.083918832940981, 5543029.320480721071362 ], [ 1264211.083918832940981, 5543129.320480721071362 ], [ 1264311.083918832940981, 5543129.320480721071362 ] ] ] ] } },
{ "type": "Feature", "properties": { "id": 1133, "left": 1264211.0839188329, "top": 5543029.3204807211, "right": 1264311.0839188329, "bottom": 5542929.3204807211, "row_index": 10, "col_index": 33, "area": 10803918.35, "perimeter": 20385.863, "codzona": "T", "numquart": 14, "nomezona": "S. Vitale", "intersect_area": 10000.0 }, "geometry": { "type": "MultiPolygon", "coordinates": [ [ [ [ 1264311.083918832940981, 5543029.320480721071362 ], [ 1264311.083918832940981, 5542929.320480721071362 ], [ 1264211.083918832940981, 5542929.320480721071362 ], [ 1264211.083918832940981, 5543029.320480721071362 ], [ 1264311.083918832940981, 5543029.320480721071362 ] ] ] ] } },
{ "type": "Feature", "properties": { "id": 1134, "left": 1264211.0839188329, "top": 5542929.3204807211, "right": 1264311.0839188329, "bottom": 5542829.3204807211, "row_index": 11, "col_index": 33, "area": 10803918.35, "perimeter": 20385.863, "codzona": "T", "numquart": 14, "nomezona": "S. Vitale", "intersect_area": 9783.3765934109688 }, "geometry": { "type": "MultiPolygon", "coordinates": [ [ [ [ 1264311.083918832940981, 5542929.320480721071362 ], [ 1264311.083918832940981, 5542829.320480721071362 ], [ 1264213.815214009257033, 5542829.320480721071362 ], [ 1264211.265061811776832, 5542862.08730979077518 ], [ 1264217.063690829556435, 5542893.915074358694255 ], [ 1264211.083918832940981, 5542917.616195189766586 ], [ 1264211.083918832940981, 5542929.320480721071362 ], [ 1264311.083918832940981, 5542929.320480721071362 ] ] ] ] } },
{ "type": "Feature", "properties": { "id": 1134, "left": 1264211.0839188329, "top": 5542929.3204807211, "right": 1264311.0839188329, "bottom": 5542829.3204807211, "row_index": 11, "col_index": 33, "area": 1375567.409, "perimeter": 5075.87, "codzona": "H", "numquart": 15, "nomezona": "Irnerio", "intersect_area": 216.62340660020709 }, "geometry": { "type": "MultiPolygon", "coordinates": [ [ [ [ 1264211.083918832940981, 5542829.320480721071362 ], [ 1264211.083918832940981, 5542917.616195189766586 ], [ 1264217.063690829556435, 5542893.915074358694255 ], [ 1264211.265061811776832, 5542862.08730979077518 ], [ 1264213.815214009257033, 5542829.320480721071362 ], [ 1264211.083918832940981, 5542829.320480721071362 ] ] ] ] } },
{ "type": "Feature", "properties": { "id": 1135, "left": 1264211.0839188329, "top": 5542829.3204807211, "right": 1264311.0839188329, "bottom": 5542729.3204807211, "row_index": 12, "col_index": 33, "area": 10803918.35, "perimeter": 20385.863, "codzona": "T", "numquart": 14, "nomezona": "S. Vitale", "intersect_area": 9337.7342324256897 }, "geometry": { "type": "MultiPolygon", "coordinates": [ [ [ [ 1264311.083918832940981, 5542829.320480721071362 ], [ 1264311.083918832940981, 5542729.320480721071362 ], [ 1264221.597939008148387, 5542729.320480721071362 ], [ 1264213.815214009257033, 5542829.320480721071362 ], [ 1264311.083918832940981, 5542829.320480721071362 ] ] ] ] } },
{ "type": "Feature", "properties": { "id": 1135, "left": 1264211.0839188329, "top": 5542829.3204807211, "right": 1264311.0839188329, "bottom": 5542729.3204807211, "row_index": 12, "col_index": 33, "area": 1375567.409, "perimeter": 5075.87, "codzona": "H", "numquart": 15, "nomezona": "Irnerio", "intersect_area": 662.26576757058501 }, "geometry": { "type": "MultiPolygon", "coordinates": [ [ [ [ 1264213.815214009257033, 5542829.320480721071362 ], [ 1264221.597939008148387, 5542729.320480721071362 ], [ 1264211.083918832940981, 5542729.320480721071362 ], [ 1264211.083918832940981, 5542829.320480721071362 ], [ 1264213.815214009257033, 5542829.320480721071362 ] ] ] ] } },
{ "type": "Feature", "properties": { "id": 1136, "left": 1264211.0839188329, "top": 5542729.3204807211, "right": 1264311.0839188329, "bottom": 5542629.3204807211, "row_index": 13, "col_index": 33, "area": 10803918.35, "perimeter": 20385.863, "codzona": "T", "numquart": 14, "nomezona": "S. Vitale", "intersect_area": 8559.4617325365543 }, "geometry": { "type": "MultiPolygon", "coordinates": [ [ [ [ 1264311.083918832940981, 5542729.320480721071362 ], [ 1264311.083918832940981, 5542629.320480721071362 ], [ 1264229.380664007272571, 5542629.320480721071362 ], [ 1264221.597939008148387, 5542729.320480721071362 ], [ 1264311.083918832940981, 5542729.320480721071362 ] ] ] ] } },
{ "type": "Feature", "properties": { "id": 1136, "left": 1264211.0839188329, "top": 5542729.3204807211, "right": 1264311.0839188329, "bottom": 5542629.3204807211, "row_index": 13, "col_index": 33, "area": 1375567.409, "perimeter": 5075.87, "codzona": "H", "numquart": 15, "nomezona": "Irnerio", "intersect_area": 1440.5382674820721 }, "geometry": { "type": "MultiPolygon", "coordinates": [ [ [ [ 1264221.597939008148387, 5542729.320480721071362 ], [ 1264229.380664007272571, 5542629.320480721071362 ], [ 1264211.083918832940981, 5542629.320480721071362 ], [ 1264211.083918832940981, 5542729.320480721071362 ], [ 1264221.597939008148387, 5542729.320480721071362 ] ] ] ] } },
{ "type": "Feature", "properties": { "id": 1137, "left": 1264211.0839188329, "top": 5542629.3204807211, "right": 1264311.0839188329, "bottom": 5542529.3204807211, "row_index": 14, "col_index": 33, "area": 10803918.35, "perimeter": 20385.863, "codzona": "T", "numquart": 14, "nomezona": "S. Vitale", "intersect_area": 7779.9537830352783 }, "geometry": { "type": "MultiPolygon", "coordinates": [ [ [ [ 1264311.083918832940981, 5542629.320480721071362 ], [ 1264311.083918832940981, 5542529.320480721071362 ], [ 1264237.196857383474708, 5542529.320480721071362 ], [ 1264231.417568589095026, 5542603.148354864679277 ], [ 1264229.380664007272571, 5542629.320480721071362 ], [ 1264311.083918832940981, 5542629.320480721071362 ] ] ] ] } },
{ "type": "Feature", "properties": { "id": 1137, "left": 1264211.0839188329, "top": 5542629.3204807211, "right": 1264311.0839188329, "bottom": 5542529.3204807211, "row_index": 14, "col_index": 33, "area": 1375567.409, "perimeter": 5075.87, "codzona": "H", "numquart": 15, "nomezona": "Irnerio", "intersect_area": 2220.0462169572711 }, "geometry": { "type": "MultiPolygon", "coordinates": [ [ [ [ 1264229.380664007272571, 5542629.320480721071362 ], [ 1264231.417568589095026, 5542603.148354864679277 ], [ 1264237.196857383474708, 5542529.320480721071362 ], [ 1264211.083918832940981, 5542529.320480721071362 ], [ 1264211.083918832940981, 5542629.320480721071362 ], [ 1264229.380664007272571, 5542629.320480721071362 ] ] ] ] } },
{ "type": "Feature", "properties": { "id": 1138, "left": 1264211.0839188329, "top": 5542529.3204807211, "right": 1264311.0839188329, "bottom": 5542429.3204807211, "row_index": 15, "col_index": 33, "area": 10803918.35, "perimeter": 20385.863, "codzona": "T", "numquart": 14, "nomezona": "S. Vitale", "intersect_area": 6997.3032458722591 }, "geometry": { "type": "MultiPolygon", "coordinates": [ [ [ [ 1264311.083918832940981, 5542529.320480721071362 ], [ 1264311.083918832940981, 5542429.320480721071362 ], [ 1264245.024915365036577, 5542429.320480721071362 ], [ 1264237.196857383474708, 5542529.320480721071362 ], [ 1264311.083918832940981, 5542529.320480721071362 ] ] ] ] } },
{ "type": "Feature", "properties": { "id": 1138, "left": 1264211.0839188329, "top": 5542529.3204807211, "right": 1264311.0839188329, "bottom": 5542429.3204807211, "row_index": 15, "col_index": 33, "area": 1375567.409, "perimeter": 5075.87, "codzona": "H", "numquart": 15, "nomezona": "Irnerio", "intersect_area": 3002.696754142642 }, "geometry": { "type": "MultiPolygon", "coordinates": [ [ [ [ 1264237.196857383474708, 5542529.320480721071362 ], [ 1264245.024915365036577, 5542429.320480721071362 ], [ 1264211.083918832940981, 5542429.320480721071362 ], [ 1264211.083918832940981, 5542529.320480721071362 ], [ 1264237.196857383474708, 5542529.320480721071362 ] ] ] ] } },
{ "type": "Feature", "properties": { "id": 1139, "left": 1264211.0839188329, "top": 5542429.3204807211, "right": 1264311.0839188329, "bottom": 5542329.3204807211, "row_index": 16, "col_index": 33, "area": 10803918.35, "perimeter": 20385.863, "codzona": "T", "numquart": 14, "nomezona": "S. Vitale", "intersect_area": 6212.2508073449135 }, "geometry": { "type": "MultiPolygon", "coordinates": [ [ [ [ 1264311.083918832940981, 5542429.320480721071362 ], [ 1264311.083918832940981, 5542329.320480721071362 ], [ 1264253.286900742677972, 5542329.320480721071362 ], [ 1264252.042384687578306, 5542339.675394555553794 ], [ 1264245.024915365036577, 5542429.320480721071362 ], [ 1264311.083918832940981, 5542429.320480721071362 ] ] ] ] } },
{ "type": "Feature", "properties": { "id": 1139, "left": 1264211.0839188329, "top": 5542429.3204807211, "right": 1264311.0839188329, "bottom": 5542329.3204807211, "row_index": 16, "col_index": 33, "area": 1375567.409, "perimeter": 5075.87, "codzona": "H", "numquart": 15, "nomezona": "Irnerio", "intersect_area": 3787.7491926699877 }, "geometry": { "type": "MultiPolygon", "coordinates": [ [ [ [ 1264245.024915365036577, 5542429.320480721071362 ], [ 1264252.042384687578306, 5542339.675394555553794 ], [ 1264253.286900742677972, 5542329.320480721071362 ], [ 1264211.083918832940981, 5542329.320480721071362 ], [ 1264211.083918832940981, 5542429.320480721071362 ], [ 1264245.024915365036577, 5542429.320480721071362 ] ] ] ] } },
{ "type": "Feature", "properties": { "id": 1140, "left": 1264211.0839188329, "top": 5542329.3204807211, "right": 1264311.0839188329, "bottom": 5542229.3204807211, "row_index": 17, "col_index": 33, "area": 10803918.35, "perimeter": 20385.863, "codzona": "T", "numquart": 14, "nomezona": "S. Vitale", "intersect_area": 5207.3532137870789 }, "geometry": { "type": "MultiPolygon", "coordinates": [ [ [ [ 1264311.083918832940981, 5542329.320480721071362 ], [ 1264311.083918832940981, 5542229.320480721071362 ], [ 1264263.128032812383026, 5542229.320480721071362 ], [ 1264262.1503699447494, 5542255.572569244541228 ], [ 1264253.286900742677972, 5542329.320480721071362 ], [ 1264311.083918832940981, 5542329.320480721071362 ] ] ] ] } },
{ "type": "Feature", "properties": { "id": 1140, "left": 1264211.0839188329, "top": 5542329.3204807211, "right": 1264311.0839188329, "bottom": 5542229.3204807211, "row_index": 17, "col_index": 33, "area": 1375567.409, "perimeter": 5075.87, "codzona": "H", "numquart": 15, "nomezona": "Irnerio", "intersect_area": 4792.6467862278223 }, "geometry": { "type": "MultiPolygon", "coordinates": [ [ [ [ 1264253.286900742677972, 5542329.320480721071362 ], [ 1264262.1503699447494, 5542255.572569244541228 ], [ 1264263.128032812383026, 5542229.320480721071362 ], [ 1264211.083918832940981, 5542229.320480721071362 ], [ 1264211.083918832940981, 5542329.320480721071362 ], [ 1264253.286900742677972, 5542329.320480721071362 ] ] ] ] } },
{ "type": "Feature", "properties": { "id": 1141, "left": 1264211.0839188329, "top": 5542229.3204807211, "right": 1264311.0839188329, "bottom": 5542129.3204807211, "row_index": 18, "col_index": 33, "area": 10803918.35, "perimeter": 20385.863, "codzona": "T", "numquart": 14, "nomezona": "S. Vitale", "intersect_area": 4519.9481098502874 }, "geometry": { "type": "MultiPolygon", "coordinates": [ [ [ [ 1264311.083918832940981, 5542229.320480721071362 ], [ 1264311.083918832940981, 5542129.320480721071362 ], [ 1264269.503076767548919, 5542129.320480721071362 ], [ 1264265.656078625703231, 5542175.806771017611027 ], [ 1264264.59780512098223, 5542201.007138099521399 ], [ 1264263.571982085239142, 5542217.399606978520751 ], [ 1264263.128032812383026, 5542229.320480721071362 ], [ 1264311.083918832940981, 5542229.320480721071362 ] ] ] ] } },
{ "type": "Feature", "properties": { "id": 1141, "left": 1264211.0839188329, "top": 5542229.3204807211, "right": 1264311.0839188329, "bottom": 5542129.3204807211, "row_index": 18, "col_index": 33, "area": 1375567.409, "perimeter": 5075.87, "codzona": "H", "numquart": 15, "nomezona": "Irnerio", "intersect_area": 5480.0518901348114 }, "geometry": { "type": "MultiPolygon", "coordinates": [ [ [ [ 1264263.128032812383026, 5542229.320480721071362 ], [ 1264263.571982085239142, 5542217.399606978520751 ], [ 1264264.59780512098223, 5542201.007138099521399 ], [ 1264265.656078625703231, 5542175.806771017611027 ], [ 1264269.503076767548919, 5542129.320480721071362 ], [ 1264211.083918832940981, 5542129.320480721071362 ], [ 1264211.083918832940981, 5542229.320480721071362 ], [ 1264263.128032812383026, 5542229.320480721071362 ] ] ] ] } },
{ "type": "Feature", "properties": { "id": 1142, "left": 1264211.0839188329, "top": 5542129.3204807211, "right": 1264311.0839188329, "bottom": 5542029.3204807211, "row_index": 19, "col_index": 33, "area": 10803918.35, "perimeter": 20385.863, "codzona": "T", "numquart": 14, "nomezona": "S. Vitale", "intersect_area": 3744.3064973205328 }, "geometry": { "type": "MultiPolygon", "coordinates": [ [ [ [ 1264311.083918832940981, 5542129.320480721071362 ], [ 1264311.083918832940981, 5542029.320480721071362 ], [ 1264277.778630951885134, 5542029.320480721071362 ], [ 1264269.503076767548919, 5542129.320480721071362 ], [ 1264311.083918832940981, 5542129.320480721071362 ] ] ] ] } },
{ "type": "Feature", "properties": { "id": 1142, "left": 1264211.0839188329, "top": 5542129.3204807211, "right": 1264311.0839188329, "bottom": 5542029.3204807211, "row_index": 19, "col_index": 33, "area": 1375567.409, "perimeter": 5075.87, "codzona": "H", "numquart": 15, "nomezona": "Irnerio", "intersect_area": 6255.6935026943684 }, "geometry": { "type": "MultiPolygon", "coordinates": [ [ [ [ 1264269.503076767548919, 5542129.320480721071362 ], [ 1264277.778630951885134, 5542029.320480721071362 ], [ 1264211.083918832940981, 5542029.320480721071362 ], [ 1264211.083918832940981, 5542129.320480721071362 ], [ 1264269.503076767548919, 5542129.320480721071362 ] ] ] ] } },
{ "type": "Feature", "properties": { "id": 1143, "left": 1264211.0839188329, "top": 5542029.3204807211, "right": 1264311.0839188329, "bottom": 5541929.3204807211, "row_index": 20, "col_index": 33, "area": 10803918.35, "perimeter": 20385.863, "codzona": "T", "numquart": 14, "nomezona": "S. Vitale", "intersect_area": 2916.7510789036751 }, "geometry": { "type": "MultiPolygon", "coordinates": [ [ [ [ 1264311.083918832940981, 5542029.320480721071362 ], [ 1264311.083918832940981, 5541929.320480721071362 ], [ 1264286.054185136221349, 5541929.320480721071362 ], [ 1264277.778630951885134, 5542029.320480721071362 ], [ 1264311.083918832940981, 5542029.320480721071362 ] ] ] ] } },
{ "type": "Feature", "properties": { "id": 1143, "left": 1264211.0839188329, "top": 5542029.3204807211, "right": 1264311.0839188329, "bottom": 5541929.3204807211, "row_index": 20, "col_index": 33, "area": 1375567.409, "perimeter": 5075.87, "codzona": "H", "numquart": 15, "nomezona": "Irnerio", "intersect_area": 7083.2489211261272 }, "geometry": { "type": "MultiPolygon", "coordinates": [ [ [ [ 1264277.778630951885134, 5542029.320480721071362 ], [ 1264286.054185136221349, 5541929.320480721071362 ], [ 1264211.083918832940981, 5541929.320480721071362 ], [ 1264211.083918832940981, 5542029.320480721071362 ], [ 1264277.778630951885134, 5542029.320480721071362 ] ] ] ] } },
{ "type": "Feature", "properties": { "id": 1144, "left": 1264211.0839188329, "top": 5541929.3204807211, "right": 1264311.0839188329, "bottom": 5541829.3204807211, "row_index": 21, "col_index": 33, "area": 10803918.35, "perimeter": 20385.863, "codzona": "T", "numquart": 14, "nomezona": "S. Vitale", "intersect_area": 2105.1867405921221 }, "geometry": { "type": "MultiPolygon", "coordinates": [ [ [ [ 1264311.083918832940981, 5541929.320480721071362 ], [ 1264311.083918832940981, 5541829.320480721071362 ], [ 1264293.936050278134644, 5541829.320480721071362 ], [ 1264287.606918214587495, 5541910.557591328397393 ], [ 1264286.054185136221349, 5541929.320480721071362 ], [ 1264311.083918832940981, 5541929.320480721071362 ] ] ] ] } },
{ "type": "Feature", "properties": { "id": 1144, "left": 1264211.0839188329, "top": 5541929.3204807211, "right": 1264311.0839188329, "bottom": 5541829.3204807211, "row_index": 21, "col_index": 33, "area": 1375567.409, "perimeter": 5075.87, "codzona": "H", "numquart": 15, "nomezona": "Irnerio", "intersect_area": 7894.8132593929768 }, "geometry": { "type": "MultiPolygon", "coordinates": [ [ [ [ 1264286.054185136221349, 5541929.320480721071362 ], [ 1264287.606918214587495, 5541910.557591328397393 ], [ 1264293.936050278134644, 5541829.320480721071362 ], [ 1264211.083918832940981, 5541829.320480721071362 ], [ 1264211.083918832940981, 5541929.320480721071362 ], [ 1264286.054185136221349, 5541929.320480721071362 ] ] ] ] } },
{ "type": "Feature", "properties": { "id": 1145, "left": 1264211.0839188329, "top": 5541829.3204807211, "right": 1264311.0839188329, "bottom": 5541729.3204807211, "row_index": 22, "col_index": 33, "area": 10803918.35, "perimeter": 20385.863, "codzona": "T", "numquart": 14, "nomezona": "S. Vitale", "intersect_area": 1325.2400082275271 }, "geometry": { "type": "MultiPolygon", "coordinates": [ [ [ [ 1264311.083918832940981, 5541829.320480721071362 ], [ 1264311.083918832940981, 5541729.320480721071362 ], [ 1264301.726987223373726, 5541729.320480721071362 ], [ 1264293.936050278134644, 5541829.320480721071362 ], [ 1264311.083918832940981, 5541829.320480721071362 ] ] ] ] } },
{ "type": "Feature", "properties": { "id": 1145, "left": 1264211.0839188329, "top": 5541829.3204807211, "right": 1264311.0839188329, "bottom": 5541729.3204807211, "row_index": 22, "col_index": 33, "area": 1375567.409, "perimeter": 5075.87, "codzona": "H", "numquart": 15, "nomezona": "Irnerio", "intersect_area": 8674.7599917650223 }, "geometry": { "type": "MultiPolygon", "coordinates": [ [ [ [ 1264293.936050278134644, 5541829.320480721071362 ], [ 1264301.726987223373726, 5541729.320480721071362 ], [ 1264211.083918832940981, 5541729.320480721071362 ], [ 1264211.083918832940981, 5541829.320480721071362 ], [ 1264293.936050278134644, 5541829.320480721071362 ] ] ] ] } },
{ "type": "Feature", "properties": { "id": 1146, "left": 1264211.0839188329, "top": 5541729.3204807211, "right": 1264311.0839188329, "bottom": 5541629.3204807211, "row_index": 23, "col_index": 33, "area": 2822503.649, "perimeter": 8534.222, "codzona": "O", "numquart": 15, "nomezona": "Murri", "intersect_area": 144.82304141670465 }, "geometry": { "type": "MultiPolygon", "coordinates": [ [ [ [ 1264311.083918832940981, 5541631.399709706194699 ], [ 1264307.351721163839102, 5541657.508925406262279 ], [ 1264305.850037388503551, 5541676.39937258977443 ], [ 1264311.083918832940981, 5541680.760970222763717 ], [ 1264311.083918832940981, 5541631.399709706194699 ] ] ] ] } },
{ "type": "Feature", "properties": { "id": 1146, "left": 1264211.0839188329, "top": 5541729.3204807211, "right": 1264311.0839188329, "bottom": 5541629.3204807211, "row_index": 23, "col_index": 33, "area": 10803918.35, "perimeter": 20385.863, "codzona": "T", "numquart": 14, "nomezona": "S. Vitale", "intersect_area": 374.66695522516966 }, "geometry": { "type": "MultiPolygon", "coordinates": [ [ [ [ 1264311.083918832940981, 5541729.320480721071362 ], [ 1264311.083918832940981, 5541680.760970222763717 ], [ 1264305.850037388503551, 5541676.39937258977443 ], [ 1264301.726987223373726, 5541729.320480721071362 ], [ 1264311.083918832940981, 5541729.320480721071362 ] ] ] ] } },
{ "type": "Feature", "properties": { "id": 1146, "left": 1264211.0839188329, "top": 5541729.3204807211, "right": 1264311.0839188329, "bottom": 5541629.3204807211, "row_index": 23, "col_index": 33, "area": 1116791.26, "perimeter": 4375.401, "codzona": "G", "numquart": 15, "nomezona": "Galvani", "intersect_area": 70.804446175694466 }, "geometry": { "type": "MultiPolygon", "coordinates": [ [ [ [ 1264211.083918832940981, 5541629.320480721071362 ], [ 1264211.083918832940981, 5541638.097105605527759 ], [ 1264227.218696634517983, 5541629.320480721071362 ], [ 1264211.083918832940981, 5541629.320480721071362 ] ] ] ] } },
{ "type": "Feature", "properties": { "id": 1146, "left": 1264211.0839188329, "top": 5541729.3204807211, "right": 1264311.0839188329, "bottom": 5541629.3204807211, "row_index": 23, "col_index": 33, "area": 1375567.409, "perimeter": 5075.87, "codzona": "H", "numquart": 15, "nomezona": "Irnerio", "intersect_area": 9409.7055571973324 }, "geometry": { "type": "MultiPolygon", "coordinates": [ [ [ [ 1264301.726987223373726, 5541729.320480721071362 ], [ 1264305.850037388503551, 5541676.39937258977443 ], [ 1264307.351721163839102, 5541657.508925406262279 ], [ 1264311.083918832940981, 5541631.399709706194699 ], [ 1264311.083918832940981, 5541629.320480721071362 ], [ 1264227.218696634517983, 5541629.320480721071362 ], [ 1264211.083918832940981, 5541638.097105605527759 ], [ 1264211.083918832940981, 5541729.320480721071362 ], [ 1264301.726987223373726, 5541729.320480721071362 ] ] ] ] } },
{ "type": "Feature", "properties": { "id": 1147, "left": 1264211.0839188329, "top": 5541629.3204807211, "right": 1264311.0839188329, "bottom": 5541529.3204807211, "row_index": 24, "col_index": 33, "area": 1116791.26, "perimeter": 4375.401, "codzona": "G", "numquart": 15, "nomezona": "Galvani", "intersect_area": 9127.1396358832717 }, "geometry": { "type": "MultiPolygon", "coordinates": [ [ [ [ 1264227.218696634517983, 5541629.320480721071362 ], [ 1264231.864173567155376, 5541626.793541152961552 ], [ 1264255.357115380000323, 5541616.089110973291099 ], [ 1264265.166299951029941, 5541619.233527176082134 ], [ 1264300.87145253107883, 5541615.353109881281853 ], [ 1264311.083918832940981, 5541616.244845755398273 ], [ 1264311.083918832940981, 5541529.320480721071362 ], [ 1264211.083918832940981, 5541529.320480721071362 ], [ 1264211.083918832940981, 5541629.320480721071362 ], [ 1264227.218696634517983, 5541629.320480721071362 ] ] ] ] } },
{ "type": "Feature", "properties": { "id": 1147, "left": 1264211.0839188329, "top": 5541629.3204807211, "right": 1264311.0839188329, "bottom": 5541529.3204807211, "row_index": 24, "col_index": 33, "area": 1375567.409, "perimeter": 5075.87, "codzona": "H", "numquart": 15, "nomezona": "Irnerio", "intersect_area": 872.86036410927773 }, "geometry": { "type": "MultiPolygon", "coordinates": [ [ [ [ 1264311.083918832940981, 5541629.320480721071362 ], [ 1264311.083918832940981, 5541616.244845755398273 ], [ 1264300.87145253107883, 5541615.353109881281853 ], [ 1264265.166299951029941, 5541619.233527176082134 ], [ 1264255.357115380000323, 5541616.089110973291099 ], [ 1264231.864173567155376, 5541626.793541152961552 ], [ 1264227.218696634517983, 5541629.320480721071362 ], [ 1264311.083918832940981, 5541629.320480721071362 ] ] ] ] } },
{ "type": "Feature", "properties": { "id": 1148, "left": 1264211.0839188329, "top": 5541529.3204807211, "right": 1264311.0839188329, "bottom": 5541429.3204807211, "row_index": 25, "col_index": 33, "area": 1116791.26, "perimeter": 4375.401, "codzona": "G", "numquart": 15, "nomezona": "Galvani", "intersect_area": 10000.0 }, "geometry": { "type": "MultiPolygon", "coordinates": [ [ [ [ 1264311.083918832940981, 5541529.320480721071362 ], [ 1264311.083918832940981, 5541429.320480721071362 ], [ 1264211.083918832940981, 5541429.320480721071362 ], [ 1264211.083918832940981, 5541529.320480721071362 ], [ 1264311.083918832940981, 5541529.320480721071362 ] ] ] ] } },
{ "type": "Feature", "properties": { "id": 1149, "left": 1264211.0839188329, "top": 5541429.3204807211, "right": 1264311.0839188329, "bottom": 5541329.3204807211, "row_index": 26, "col_index": 33, "area": 1116791.26, "perimeter": 4375.401, "codzona": "G", "numquart": 15, "nomezona": "Galvani", "intersect_area": 10000.0 }, "geometry": { "type": "MultiPolygon", "coordinates": [ [ [ [ 1264311.083918832940981, 5541429.320480721071362 ], [ 1264311.083918832940981, 5541329.320480721071362 ], [ 1264211.083918832940981, 5541329.320480721071362 ], [ 1264211.083918832940981, 5541429.320480721071362 ], [ 1264311.083918832940981, 5541429.320480721071362 ] ] ] ] } },
{ "type": "Feature", "properties": { "id": 1150, "left": 1264211.0839188329, "top": 5541329.3204807211, "right": 1264311.0839188329, "bottom": 5541229.3204807211, "row_index": 27, "col_index": 33, "area": 1116791.26, "perimeter": 4375.401, "codzona": "G", "numquart": 15, "nomezona": "Galvani", "intersect_area": 10000.0 }, "geometry": { "type": "MultiPolygon", "coordinates": [ [ [ [ 1264311.083918832940981, 5541329.320480721071362 ], [ 1264311.083918832940981, 5541229.320480721071362 ], [ 1264211.083918832940981, 5541229.320480721071362 ], [ 1264211.083918832940981, 5541329.320480721071362 ], [ 1264311.083918832940981, 5541329.320480721071362 ] ] ] ] } },
{ "type": "Feature", "properties": { "id": 1151, "left": 1264211.0839188329, "top": 5541229.3204807211, "right": 1264311.0839188329, "bottom": 5541129.3204807211, "row_index": 28, "col_index": 33, "area": 1116791.26, "perimeter": 4375.401, "codzona": "G", "numquart": 15, "nomezona": "Galvani", "intersect_area": 10000.0 }, "geometry": { "type": "MultiPolygon", "coordinates": [ [ [ [ 1264311.083918832940981, 5541229.320480721071362 ], [ 1264311.083918832940981, 5541129.320480721071362 ], [ 1264211.083918832940981, 5541129.320480721071362 ], [ 1264211.083918832940981, 5541229.320480721071362 ], [ 1264311.083918832940981, 5541229.320480721071362 ] ] ] ] } },
{ "type": "Feature", "properties": { "id": 1152, "left": 1264211.0839188329, "top": 5541129.3204807211, "right": 1264311.0839188329, "bottom": 5541029.3204807211, "row_index": 29, "col_index": 33, "area": 1116791.26, "perimeter": 4375.401, "codzona": "G", "numquart": 15, "nomezona": "Galvani", "intersect_area": 10000.0 }, "geometry": { "type": "MultiPolygon", "coordinates": [ [ [ [ 1264311.083918832940981, 5541129.320480721071362 ], [ 1264311.083918832940981, 5541029.320480721071362 ], [ 1264211.083918832940981, 5541029.320480721071362 ], [ 1264211.083918832940981, 5541129.320480721071362 ], [ 1264311.083918832940981, 5541129.320480721071362 ] ] ] ] } },
{ "type": "Feature", "properties": { "id": 1153, "left": 1264211.0839188329, "top": 5541029.3204807211, "right": 1264311.0839188329, "bottom": 5540929.3204807211, "row_index": 30, "col_index": 33, "area": 1116791.26, "perimeter": 4375.401, "codzona": "G", "numquart": 15, "nomezona": "Galvani", "intersect_area": 10000.0 }, "geometry": { "type": "MultiPolygon", "coordinates": [ [ [ [ 1264311.083918832940981, 5541029.320480721071362 ], [ 1264311.083918832940981, 5540929.320480721071362 ], [ 1264211.083918832940981, 5540929.320480721071362 ], [ 1264211.083918832940981, 5541029.320480721071362 ], [ 1264311.083918832940981, 5541029.320480721071362 ] ] ] ] } },
{ "type": "Feature", "properties": { "id": 1154, "left": 1264211.0839188329, "top": 5540929.3204807211, "right": 1264311.0839188329, "bottom": 5540829.3204807211, "row_index": 31, "col_index": 33, "area": 2822503.649, "perimeter": 8534.222, "codzona": "O", "numquart": 15, "nomezona": "Murri", "intersect_area": 489.3645348213613 }, "geometry": { "type": "MultiPolygon", "coordinates": [ [ [ [ 1264311.083918832940981, 5540829.320480721071362 ], [ 1264279.098121881252155, 5540829.320480721071362 ], [ 1264311.083918832940981, 5540859.919345308095217 ], [ 1264311.083918832940981, 5540829.320480721071362 ] ] ] ] } },
{ "type": "Feature", "properties": { "id": 1154, "left": 1264211.0839188329, "top": 5540929.3204807211, "right": 1264311.0839188329, "bottom": 5540829.3204807211, "row_index": 31, "col_index": 33, "area": 1116791.26, "perimeter": 4375.401, "codzona": "G", "numquart": 15, "nomezona": "Galvani", "intersect_area": 9510.6354652047157 }, "geometry": { "type": "MultiPolygon", "coordinates": [ [ [ [ 1264311.083918832940981, 5540929.320480721071362 ], [ 1264311.083918832940981, 5540859.919345308095217 ], [ 1264279.098121881252155, 5540829.320480721071362 ], [ 1264211.083918832940981, 5540829.320480721071362 ], [ 1264211.083918832940981, 5540929.320480721071362 ], [ 1264311.083918832940981, 5540929.320480721071362 ] ] ] ] } },
{ "type": "Feature", "properties": { "id": 1155, "left": 1264211.0839188329, "top": 5540829.3204807211, "right": 1264311.0839188329, "bottom": 5540729.3204807211, "row_index": 32, "col_index": 33, "area": 2822503.649, "perimeter": 8534.222, "codzona": "O", "numquart": 15, "nomezona": "Murri", "intersect_area": 7713.3241282403469 }, "geometry": { "type": "MultiPolygon", "coordinates": [ [ [ [ 1264311.083918832940981, 5540829.320480721071362 ], [ 1264311.083918832940981, 5540729.320480721071362 ], [ 1264211.083918832940981, 5540729.320480721071362 ], [ 1264211.083918832940981, 5540751.422930100932717 ], [ 1264212.574510977370664, 5540753.202378448098898 ], [ 1264216.957788590108976, 5540764.821555869653821 ], [ 1264218.630827243207023, 5540768.154162443242967 ], [ 1264221.18596702744253, 5540772.252649708651006 ], [ 1264225.189438336994499, 5540777.74932523816824 ], [ 1264279.098121881252155, 5540829.320480721071362 ], [ 1264311.083918832940981, 5540829.320480721071362 ] ] ] ] } },
{ "type": "Feature", "properties": { "id": 1155, "left": 1264211.0839188329, "top": 5540829.3204807211, "right": 1264311.0839188329, "bottom": 5540729.3204807211, "row_index": 32, "col_index": 33, "area": 1116791.26, "perimeter": 4375.401, "codzona": "G", "numquart": 15, "nomezona": "Galvani", "intersect_area": 2286.6758717596531 }, "geometry": { "type": "MultiPolygon", "coordinates": [ [ [ [ 1264279.098121881252155, 5540829.320480721071362 ], [ 1264225.189438336994499, 5540777.74932523816824 ], [ 1264221.18596702744253, 5540772.252649708651006 ], [ 1264218.630827243207023, 5540768.154162443242967 ], [ 1264216.957788590108976, 5540764.821555869653821 ], [ 1264212.574510977370664, 5540753.202378448098898 ], [ 1264211.083918832940981, 5540751.422930100932717 ], [ 1264211.083918832940981, 5540829.320480721071362 ], [ 1264279.098121881252155, 5540829.320480721071362 ] ] ] ] } },
{ "type": "Feature", "properties": { "id": 1156, "left": 1264211.0839188329, "top": 5540729.3204807211, "right": 1264311.0839188329, "bottom": 5540629.3204807211, "row_index": 33, "col_index": 33, "area": 2822503.649, "perimeter": 8534.222, "codzona": "O", "numquart": 15, "nomezona": "Murri", "intersect_area": 10000.0 }, "geometry": { "type": "MultiPolygon", "coordinates": [ [ [ [ 1264311.083918832940981, 5540729.320480721071362 ], [ 1264311.083918832940981, 5540629.320480721071362 ], [ 1264211.083918832940981, 5540629.320480721071362 ], [ 1264211.083918832940981, 5540729.320480721071362 ], [ 1264311.083918832940981, 5540729.320480721071362 ] ] ] ] } },
{ "type": "Feature", "properties": { "id": 1157, "left": 1264311.0839188329, "top": 5544029.3204807211, "right": 1264411.0839188329, "bottom": 5543929.3204807211, "row_index": 0, "col_index": 34, "area": 15464545.521, "perimeter": 22257.889, "codzona": "Q", "numquart": 14, "nomezona": "San Donato", "intersect_area": 10000.0 }, "geometry": { "type": "MultiPolygon", "coordinates": [ [ [ [ 1264411.083918832940981, 5544029.320480721071362 ], [ 1264411.083918832940981, 5543929.320480721071362 ], [ 1264311.083918832940981, 5543929.320480721071362 ], [ 1264311.083918832940981, 5544029.320480721071362 ], [ 1264411.083918832940981, 5544029.320480721071362 ] ] ] ] } },
{ "type": "Feature", "properties": { "id": 1158, "left": 1264311.0839188329, "top": 5543929.3204807211, "right": 1264411.0839188329, "bottom": 5543829.3204807211, "row_index": 1, "col_index": 34, "area": 15464545.521, "perimeter": 22257.889, "codzona": "Q", "numquart": 14, "nomezona": "San Donato", "intersect_area": 10000.0 }, "geometry": { "type": "MultiPolygon", "coordinates": [ [ [ [ 1264411.083918832940981, 5543929.320480721071362 ], [ 1264411.083918832940981, 5543829.320480721071362 ], [ 1264311.083918832940981, 5543829.320480721071362 ], [ 1264311.083918832940981, 5543929.320480721071362 ], [ 1264411.083918832940981, 5543929.320480721071362 ] ] ] ] } },
{ "type": "Feature", "properties": { "id": 1159, "left": 1264311.0839188329, "top": 5543829.3204807211, "right": 1264411.0839188329, "bottom": 5543729.3204807211, "row_index": 2, "col_index": 34, "area": 15464545.521, "perimeter": 22257.889, "codzona": "Q", "numquart": 14, "nomezona": "San Donato", "intersect_area": 10000.0 }, "geometry": { "type": "MultiPolygon", "coordinates": [ [ [ [ 1264411.083918832940981, 5543829.320480721071362 ], [ 1264411.083918832940981, 5543729.320480721071362 ], [ 1264311.083918832940981, 5543729.320480721071362 ], [ 1264311.083918832940981, 5543829.320480721071362 ], [ 1264411.083918832940981, 5543829.320480721071362 ] ] ] ] } },
{ "type": "Feature", "properties": { "id": 1160, "left": 1264311.0839188329, "top": 5543729.3204807211, "right": 1264411.0839188329, "bottom": 5543629.3204807211, "row_index": 3, "col_index": 34, "area": 15464545.521, "perimeter": 22257.889, "codzona": "Q", "numquart": 14, "nomezona": "San Donato", "intersect_area": 10000.0 }, "geometry": { "type": "MultiPolygon", "coordinates": [ [ [ [ 1264411.083918832940981, 5543729.320480721071362 ], [ 1264411.083918832940981, 5543629.320480721071362 ], [ 1264311.083918832940981, 5543629.320480721071362 ], [ 1264311.083918832940981, 5543729.320480721071362 ], [ 1264411.083918832940981, 5543729.320480721071362 ] ] ] ] } },
{ "type": "Feature", "properties": { "id": 1161, "left": 1264311.0839188329, "top": 5543629.3204807211, "right": 1264411.0839188329, "bottom": 5543529.3204807211, "row_index": 4, "col_index": 34, "area": 1375567.409, "perimeter": 5075.87, "codzona": "H", "numquart": 15, "nomezona": "Irnerio", "intersect_area": 249.97134697437286 }, "geometry": { "type": "MultiPolygon", "coordinates": [ [ [ [ 1264311.083918832940981, 5543529.320480721071362 ], [ 1264311.083918832940981, 5543545.9927220903337 ], [ 1264341.070450509898365, 5543529.320480721071362 ], [ 1264311.083918832940981, 5543529.320480721071362 ] ] ] ] } },
{ "type": "Feature", "properties": { "id": 1161, "left": 1264311.0839188329, "top": 5543629.3204807211, "right": 1264411.0839188329, "bottom": 5543529.3204807211, "row_index": 4, "col_index": 34, "area": 15464545.521, "perimeter": 22257.889, "codzona": "Q", "numquart": 14, "nomezona": "San Donato", "intersect_area": 9750.0286530256271 }, "geometry": { "type": "MultiPolygon", "coordinates": [ [ [ [ 1264411.083918832940981, 5543629.320480721071362 ], [ 1264411.083918832940981, 5543529.320480721071362 ], [ 1264341.070450509898365, 5543529.320480721071362 ], [ 1264311.083918832940981, 5543545.9927220903337 ], [ 1264311.083918832940981, 5543629.320480721071362 ], [ 1264411.083918832940981, 5543629.320480721071362 ] ] ] ] } },
{ "type": "Feature", "properties": { "id": 1162, "left": 1264311.0839188329, "top": 5543529.3204807211, "right": 1264411.0839188329, "bottom": 5543429.3204807211, "row_index": 5, "col_index": 34, "area": 10803918.35, "perimeter": 20385.863, "codzona": "T", "numquart": 14, "nomezona": "S. Vitale", "intersect_area": 1343.9790447577834 }, "geometry": { "type": "MultiPolygon", "coordinates": [ [ [ [ 1264411.083918832940981, 5543429.320480721071362 ], [ 1264350.770307200029492, 5543429.320480721071362 ], [ 1264354.680369045119733, 5543432.090867061167955 ], [ 1264369.110020706662908, 5543443.234456372447312 ], [ 1264411.083918832940981, 5543473.451535067521036 ], [ 1264411.083918832940981, 5543429.320480721071362 ] ] ] ] } },
{ "type": "Feature", "properties": { "id": 1162, "left": 1264311.0839188329, "top": 5543529.3204807211, "right": 1264411.0839188329, "bottom": 5543429.3204807211, "row_index": 5, "col_index": 34, "area": 1375567.409, "perimeter": 5075.87, "codzona": "H", "numquart": 15, "nomezona": "Irnerio", "intersect_area": 7293.3188059031963 }, "geometry": { "type": "MultiPolygon", "coordinates": [ [ [ [ 1264341.070450509898365, 5543529.320480721071362 ], [ 1264411.083918832940981, 5543490.39362330455333 ], [ 1264411.083918832940981, 5543473.451535067521036 ], [ 1264369.110020706662908, 5543443.234456372447312 ], [ 1264354.680369045119733, 5543432.090867061167955 ], [ 1264350.770307200029492, 5543429.320480721071362 ], [ 1264311.083918832940981, 5543429.320480721071362 ], [ 1264311.083918832940981, 5543529.320480721071362 ], [ 1264341.070450509898365, 5543529.320480721071362 ] ] ] ] } },
{ "type": "Feature", "properties": { "id": 1162, "left": 1264311.0839188329, "top": 5543529.3204807211, "right": 1264411.0839188329, "bottom": 5543429.3204807211, "row_index": 5, "col_index": 34, "area": 15464545.521, "perimeter": 22257.889, "codzona": "Q", "numquart": 14, "nomezona": "San Donato", "intersect_area": 1362.7021493315697 }, "geometry": { "type": "MultiPolygon", "coordinates": [ [ [ [ 1264411.083918832940981, 5543529.320480721071362 ], [ 1264411.083918832940981, 5543490.39362330455333 ], [ 1264341.070450509898365, 5543529.320480721071362 ], [ 1264411.083918832940981, 5543529.320480721071362 ] ] ] ] } },
{ "type": "Feature", "properties": { "id": 1163, "left": 1264311.0839188329, "top": 5543429.3204807211, "right": 1264411.0839188329, "bottom": 5543329.3204807211, "row_index": 6, "col_index": 34, "area": 10803918.35, "perimeter": 20385.863, "codzona": "T", "numquart": 14, "nomezona": "S. Vitale", "intersect_area": 9442.0312568247318 }, "geometry": { "type": "MultiPolygon", "coordinates": [ [ [ [ 1264411.083918832940981, 5543429.320480721071362 ], [ 1264411.083918832940981, 5543329.320480721071362 ], [ 1264311.083918832940981, 5543329.320480721071362 ], [ 1264311.083918832940981, 5543401.201583227142692 ], [ 1264350.770307200029492, 5543429.320480721071362 ], [ 1264411.083918832940981, 5543429.320480721071362 ] ] ] ] } },
{ "type": "Feature", "properties": { "id": 1163, "left": 1264311.0839188329, "top": 5543429.3204807211, "right": 1264411.0839188329, "bottom": 5543329.3204807211, "row_index": 6, "col_index": 34, "area": 1375567.409, "perimeter": 5075.87, "codzona": "H", "numquart": 15, "nomezona": "Irnerio", "intersect_area": 557.9687432050705 }, "geometry": { "type": "MultiPolygon", "coordinates": [ [ [ [ 1264350.770307200029492, 5543429.320480721071362 ], [ 1264311.083918832940981, 5543401.201583227142692 ], [ 1264311.083918832940981, 5543429.320480721071362 ], [ 1264350.770307200029492, 5543429.320480721071362 ] ] ] ] } },
{ "type": "Feature", "properties": { "id": 1164, "left": 1264311.0839188329, "top": 5543329.3204807211, "right": 1264411.0839188329, "bottom": 5543229.3204807211, "row_index": 7, "col_index": 34, "area": 10803918.35, "perimeter": 20385.863, "codzona": "T", "numquart": 14, "nomezona": "S. Vitale", "intersect_area": 10000.0 }, "geometry": { "type": "MultiPolygon", "coordinates": [ [ [ [ 1264411.083918832940981, 5543329.320480721071362 ], [ 1264411.083918832940981, 5543229.320480721071362 ], [ 1264311.083918832940981, 5543229.320480721071362 ], [ 1264311.083918832940981, 5543329.320480721071362 ], [ 1264411.083918832940981, 5543329.320480721071362 ] ] ] ] } },
{ "type": "Feature", "properties": { "id": 1165, "left": 1264311.0839188329, "top": 5543229.3204807211, "right": 1264411.0839188329, "bottom": 5543129.3204807211, "row_index": 8, "col_index": 34, "area": 10803918.35, "perimeter": 20385.863, "codzona": "T", "numquart": 14, "nomezona": "S. Vitale", "intersect_area": 10000.0 }, "geometry": { "type": "MultiPolygon", "coordinates": [ [ [ [ 1264411.083918832940981, 5543229.320480721071362 ], [ 1264411.083918832940981, 5543129.320480721071362 ], [ 1264311.083918832940981, 5543129.320480721071362 ], [ 1264311.083918832940981, 5543229.320480721071362 ], [ 1264411.083918832940981, 5543229.320480721071362 ] ] ] ] } },
{ "type": "Feature", "properties": { "id": 1166, "left": 1264311.0839188329, "top": 5543129.3204807211, "right": 1264411.0839188329, "bottom": 5543029.3204807211, "row_index": 9, "col_index": 34, "area": 10803918.35, "perimeter": 20385.863, "codzona": "T", "numquart": 14, "nomezona": "S. Vitale", "intersect_area": 10000.0 }, "geometry": { "type": "MultiPolygon", "coordinates": [ [ [ [ 1264411.083918832940981, 5543129.320480721071362 ], [ 1264411.083918832940981, 5543029.320480721071362 ], [ 1264311.083918832940981, 5543029.320480721071362 ], [ 1264311.083918832940981, 5543129.320480721071362 ], [ 1264411.083918832940981, 5543129.320480721071362 ] ] ] ] } },
{ "type": "Feature", "properties": { "id": 1167, "left": 1264311.0839188329, "top": 5543029.3204807211, "right": 1264411.0839188329, "bottom": 5542929.3204807211, "row_index": 10, "col_index": 34, "area": 10803918.35, "perimeter": 20385.863, "codzona": "T", "numquart": 14, "nomezona": "S. Vitale", "intersect_area": 10000.0 }, "geometry": { "type": "MultiPolygon", "coordinates": [ [ [ [ 1264411.083918832940981, 5543029.320480721071362 ], [ 1264411.083918832940981, 5542929.320480721071362 ], [ 1264311.083918832940981, 5542929.320480721071362 ], [ 1264311.083918832940981, 5543029.320480721071362 ], [ 1264411.083918832940981, 5543029.320480721071362 ] ] ] ] } },
{ "type": "Feature", "properties": { "id": 1168, "left": 1264311.0839188329, "top": 5542929.3204807211, "right": 1264411.0839188329, "bottom": 5542829.3204807211, "row_index": 11, "col_index": 34, "area": 10803918.35, "perimeter": 20385.863, "codzona": "T", "numquart": 14, "nomezona": "S. Vitale", "intersect_area": 10000.0 }, "geometry": { "type": "MultiPolygon", "coordinates": [ [ [ [ 1264411.083918832940981, 5542929.320480721071362 ], [ 1264411.083918832940981, 5542829.320480721071362 ], [ 1264311.083918832940981, 5542829.320480721071362 ], [ 1264311.083918832940981, 5542929.320480721071362 ], [ 1264411.083918832940981, 5542929.320480721071362 ] ] ] ] } },
{ "type": "Feature", "properties": { "id": 1169, "left": 1264311.0839188329, "top": 5542829.3204807211, "right": 1264411.0839188329, "bottom": 5542729.3204807211, "row_index": 12, "col_index": 34, "area": 10803918.35, "perimeter": 20385.863, "codzona": "T", "numquart": 14, "nomezona": "S. Vitale", "intersect_area": 10000.0 }, "geometry": { "type": "MultiPolygon", "coordinates": [ [ [ [ 1264411.083918832940981, 5542829.320480721071362 ], [ 1264411.083918832940981, 5542729.320480721071362 ], [ 1264311.083918832940981, 5542729.320480721071362 ], [ 1264311.083918832940981, 5542829.320480721071362 ], [ 1264411.083918832940981, 5542829.320480721071362 ] ] ] ] } },
{ "type": "Feature", "properties": { "id": 1170, "left": 1264311.0839188329, "top": 5542729.3204807211, "right": 1264411.0839188329, "bottom": 5542629.3204807211, "row_index": 13, "col_index": 34, "area": 10803918.35, "perimeter": 20385.863, "codzona": "T", "numquart": 14, "nomezona": "S. Vitale", "intersect_area": 10000.0 }, "geometry": { "type": "MultiPolygon", "coordinates": [ [ [ [ 1264411.083918832940981, 5542729.320480721071362 ], [ 1264411.083918832940981, 5542629.320480721071362 ], [ 1264311.083918832940981, 5542629.320480721071362 ], [ 1264311.083918832940981, 5542729.320480721071362 ], [ 1264411.083918832940981, 5542729.320480721071362 ] ] ] ] } },
{ "type": "Feature", "properties": { "id": 1171, "left": 1264311.0839188329, "top": 5542629.3204807211, "right": 1264411.0839188329, "bottom": 5542529.3204807211, "row_index": 14, "col_index": 34, "area": 10803918.35, "perimeter": 20385.863, "codzona": "T", "numquart": 14, "nomezona": "S. Vitale", "intersect_area": 10000.0 }, "geometry": { "type": "MultiPolygon", "coordinates": [ [ [ [ 1264411.083918832940981, 5542629.320480721071362 ], [ 1264411.083918832940981, 5542529.320480721071362 ], [ 1264311.083918832940981, 5542529.320480721071362 ], [ 1264311.083918832940981, 5542629.320480721071362 ], [ 1264411.083918832940981, 5542629.320480721071362 ] ] ] ] } },
{ "type": "Feature", "properties": { "id": 1172, "left": 1264311.0839188329, "top": 5542529.3204807211, "right": 1264411.0839188329, "bottom": 5542429.3204807211, "row_index": 15, "col_index": 34, "area": 10803918.35, "perimeter": 20385.863, "codzona": "T", "numquart": 14, "nomezona": "S. Vitale", "intersect_area": 10000.0 }, "geometry": { "type": "MultiPolygon", "coordinates": [ [ [ [ 1264411.083918832940981, 5542529.320480721071362 ], [ 1264411.083918832940981, 5542429.320480721071362 ], [ 1264311.083918832940981, 5542429.320480721071362 ], [ 1264311.083918832940981, 5542529.320480721071362 ], [ 1264411.083918832940981, 5542529.320480721071362 ] ] ] ] } },
{ "type": "Feature", "properties": { "id": 1173, "left": 1264311.0839188329, "top": 5542429.3204807211, "right": 1264411.0839188329, "bottom": 5542329.3204807211, "row_index": 16, "col_index": 34, "area": 10803918.35, "perimeter": 20385.863, "codzona": "T", "numquart": 14, "nomezona": "S. Vitale", "intersect_area": 10000.0 }, "geometry": { "type": "MultiPolygon", "coordinates": [ [ [ [ 1264411.083918832940981, 5542429.320480721071362 ], [ 1264411.083918832940981, 5542329.320480721071362 ], [ 1264311.083918832940981, 5542329.320480721071362 ], [ 1264311.083918832940981, 5542429.320480721071362 ], [ 1264411.083918832940981, 5542429.320480721071362 ] ] ] ] } },
{ "type": "Feature", "properties": { "id": 1174, "left": 1264311.0839188329, "top": 5542329.3204807211, "right": 1264411.0839188329, "bottom": 5542229.3204807211, "row_index": 17, "col_index": 34, "area": 10803918.35, "perimeter": 20385.863, "codzona": "T", "numquart": 14, "nomezona": "S. Vitale", "intersect_area": 10000.0 }, "geometry": { "type": "MultiPolygon", "coordinates": [ [ [ [ 1264411.083918832940981, 5542329.320480721071362 ], [ 1264411.083918832940981, 5542229.320480721071362 ], [ 1264311.083918832940981, 5542229.320480721071362 ], [ 1264311.083918832940981, 5542329.320480721071362 ], [ 1264411.083918832940981, 5542329.320480721071362 ] ] ] ] } },
{ "type": "Feature", "properties": { "id": 1175, "left": 1264311.0839188329, "top": 5542229.3204807211, "right": 1264411.0839188329, "bottom": 5542129.3204807211, "row_index": 18, "col_index": 34, "area": 10803918.35, "perimeter": 20385.863, "codzona": "T", "numquart": 14, "nomezona": "S. Vitale", "intersect_area": 10000.0 }, "geometry": { "type": "MultiPolygon", "coordinates": [ [ [ [ 1264411.083918832940981, 5542229.320480721071362 ], [ 1264411.083918832940981, 5542129.320480721071362 ], [ 1264311.083918832940981, 5542129.320480721071362 ], [ 1264311.083918832940981, 5542229.320480721071362 ], [ 1264411.083918832940981, 5542229.320480721071362 ] ] ] ] } },
{ "type": "Feature", "properties": { "id": 1176, "left": 1264311.0839188329, "top": 5542129.3204807211, "right": 1264411.0839188329, "bottom": 5542029.3204807211, "row_index": 19, "col_index": 34, "area": 10803918.35, "perimeter": 20385.863, "codzona": "T", "numquart": 14, "nomezona": "S. Vitale", "intersect_area": 10000.0 }, "geometry": { "type": "MultiPolygon", "coordinates": [ [ [ [ 1264411.083918832940981, 5542129.320480721071362 ], [ 1264411.083918832940981, 5542029.320480721071362 ], [ 1264311.083918832940981, 5542029.320480721071362 ], [ 1264311.083918832940981, 5542129.320480721071362 ], [ 1264411.083918832940981, 5542129.320480721071362 ] ] ] ] } },
{ "type": "Feature", "properties": { "id": 1177, "left": 1264311.0839188329, "top": 5542029.3204807211, "right": 1264411.0839188329, "bottom": 5541929.3204807211, "row_index": 20, "col_index": 34, "area": 10803918.35, "perimeter": 20385.863, "codzona": "T", "numquart": 14, "nomezona": "S. Vitale", "intersect_area": 10000.0 }, "geometry": { "type": "MultiPolygon", "coordinates": [ [ [ [ 1264411.083918832940981, 5542029.320480721071362 ], [ 1264411.083918832940981, 5541929.320480721071362 ], [ 1264311.083918832940981, 5541929.320480721071362 ], [ 1264311.083918832940981, 5542029.320480721071362 ], [ 1264411.083918832940981, 5542029.320480721071362 ] ] ] ] } },
{ "type": "Feature", "properties": { "id": 1178, "left": 1264311.0839188329, "top": 5541929.3204807211, "right": 1264411.0839188329, "bottom": 5541829.3204807211, "row_index": 21, "col_index": 34, "area": 10803918.35, "perimeter": 20385.863, "codzona": "T", "numquart": 14, "nomezona": "S. Vitale", "intersect_area": 10000.0 }, "geometry": { "type": "MultiPolygon", "coordinates": [ [ [ [ 1264411.083918832940981, 5541929.320480721071362 ], [ 1264411.083918832940981, 5541829.320480721071362 ], [ 1264311.083918832940981, 5541829.320480721071362 ], [ 1264311.083918832940981, 5541929.320480721071362 ], [ 1264411.083918832940981, 5541929.320480721071362 ] ] ] ] } },
{ "type": "Feature", "properties": { "id": 1179, "left": 1264311.0839188329, "top": 5541829.3204807211, "right": 1264411.0839188329, "bottom": 5541729.3204807211, "row_index": 22, "col_index": 34, "area": 10803918.35, "perimeter": 20385.863, "codzona": "T", "numquart": 14, "nomezona": "S. Vitale", "intersect_area": 10000.0 }, "geometry": { "type": "MultiPolygon", "coordinates": [ [ [ [ 1264411.083918832940981, 5541829.320480721071362 ], [ 1264411.083918832940981, 5541729.320480721071362 ], [ 1264311.083918832940981, 5541729.320480721071362 ], [ 1264311.083918832940981, 5541829.320480721071362 ], [ 1264411.083918832940981, 5541829.320480721071362 ] ] ] ] } },
{ "type": "Feature", "properties": { "id": 1180, "left": 1264311.0839188329, "top": 5541729.3204807211, "right": 1264411.0839188329, "bottom": 5541629.3204807211, "row_index": 23, "col_index": 34, "area": 2822503.649, "perimeter": 8534.222, "codzona": "O", "numquart": 15, "nomezona": "Murri", "intersect_area": 5099.4973795302212 }, "geometry": { "type": "MultiPolygon", "coordinates": [ [ [ [ 1264411.083918832940981, 5541629.320480721071362 ], [ 1264311.381135480944067, 5541629.320480721071362 ], [ 1264311.083918832940981, 5541631.399709706194699 ], [ 1264311.083918832940981, 5541680.760970222763717 ], [ 1264327.68249175674282, 5541694.593208712525666 ], [ 1264330.49486282444559, 5541694.047058636322618 ], [ 1264411.083918832940981, 5541662.581570030190051 ], [ 1264411.083918832940981, 5541629.320480721071362 ] ] ] ] } },
{ "type": "Feature", "properties": { "id": 1180, "left": 1264311.0839188329, "top": 5541729.3204807211, "right": 1264411.0839188329, "bottom": 5541629.3204807211, "row_index": 23, "col_index": 34, "area": 10803918.35, "perimeter": 20385.863, "codzona": "T", "numquart": 14, "nomezona": "S. Vitale", "intersect_area": 4900.1936296820641 }, "geometry": { "type": "MultiPolygon", "coordinates": [ [ [ [ 1264411.083918832940981, 5541729.320480721071362 ], [ 1264411.083918832940981, 5541662.581570030190051 ], [ 1264330.49486282444559, 5541694.047058636322618 ], [ 1264327.68249175674282, 5541694.593208712525666 ], [ 1264311.083918832940981, 5541680.760970222763717 ], [ 1264311.083918832940981, 5541729.320480721071362 ], [ 1264411.083918832940981, 5541729.320480721071362 ] ] ] ] } },
{ "type": "Feature", "properties": { "id": 1180, "left": 1264311.0839188329, "top": 5541729.3204807211, "right": 1264411.0839188329, "bottom": 5541629.3204807211, "row_index": 23, "col_index": 34, "area": 1375567.409, "perimeter": 5075.87, "codzona": "H", "numquart": 15, "nomezona": "Irnerio", "intersect_area": 0.30899073497857898 }, "geometry": { "type": "MultiPolygon", "coordinates": [ [ [ [ 1264311.083918832940981, 5541629.320480721071362 ], [ 1264311.083918832940981, 5541631.399709706194699 ], [ 1264311.381135480944067, 5541629.320480721071362 ], [ 1264311.083918832940981, 5541629.320480721071362 ] ] ] ] } },
{ "type": "Feature", "properties": { "id": 1181, "left": 1264311.0839188329, "top": 5541629.3204807211, "right": 1264411.0839188329, "bottom": 5541529.3204807211, "row_index": 24, "col_index": 34, "area": 2822503.649, "perimeter": 8534.222, "codzona": "O", "numquart": 15, "nomezona": "Murri", "intersect_area": 9575.8137184381485 }, "geometry": { "type": "MultiPolygon", "coordinates": [ [ [ [ 1264411.083918832940981, 5541629.320480721071362 ], [ 1264411.083918832940981, 5541529.320480721071362 ], [ 1264317.075251276604831, 5541529.320480721071362 ], [ 1264316.123098311712965, 5541543.980359747074544 ], [ 1264316.816174548817798, 5541573.271435771137476 ], [ 1264313.223533852025867, 5541616.431673443876207 ], [ 1264311.381135480944067, 5541629.320480721071362 ], [ 1264411.083918832940981, 5541629.320480721071362 ] ] ] ] } },
{ "type": "Feature", "properties": { "id": 1181, "left": 1264311.0839188329, "top": 5541629.3204807211, "right": 1264411.0839188329, "bottom": 5541529.3204807211, "row_index": 24, "col_index": 34, "area": 1116791.26, "perimeter": 4375.401, "codzona": "G", "numquart": 15, "nomezona": "Galvani", "intersect_area": 408.28248503617942 }, "geometry": { "type": "MultiPolygon", "coordinates": [ [ [ [ 1264311.083918832940981, 5541529.320480721071362 ], [ 1264311.083918832940981, 5541616.244845755398273 ], [ 1264313.223533852025867, 5541616.431673443876207 ], [ 1264316.816174548817798, 5541573.271435771137476 ], [ 1264316.123098311712965, 5541543.980359747074544 ], [ 1264317.075251276604831, 5541529.320480721071362 ], [ 1264311.083918832940981, 5541529.320480721071362 ] ] ] ] } },
{ "type": "Feature", "properties": { "id": 1181, "left": 1264311.0839188329, "top": 5541629.3204807211, "right": 1264411.0839188329, "bottom": 5541529.3204807211, "row_index": 24, "col_index": 34, "area": 1375567.409, "perimeter": 5075.87, "codzona": "H", "numquart": 15, "nomezona": "Irnerio", "intersect_area": 15.903796525555663 }, "geometry": { "type": "MultiPolygon", "coordinates": [ [ [ [ 1264311.381135480944067, 5541629.320480721071362 ], [ 1264313.223533852025867, 5541616.431673443876207 ], [ 1264311.083918832940981, 5541616.244845755398273 ], [ 1264311.083918832940981, 5541629.320480721071362 ], [ 1264311.381135480944067, 5541629.320480721071362 ] ] ] ] } },
{ "type": "Feature", "properties": { "id": 1182, "left": 1264311.0839188329, "top": 5541529.3204807211, "right": 1264411.0839188329, "bottom": 5541429.3204807211, "row_index": 25, "col_index": 34, "area": 2822503.649, "perimeter": 8534.222, "codzona": "O", "numquart": 15, "nomezona": "Murri", "intersect_area": 9068.8364377617836 }, "geometry": { "type": "MultiPolygon", "coordinates": [ [ [ [ 1264411.083918832940981, 5541529.320480721071362 ], [ 1264411.083918832940981, 5541429.320480721071362 ], [ 1264324.25964028807357, 5541429.320480721071362 ], [ 1264322.198091177502647, 5541450.446375415660441 ], [ 1264317.075251276604831, 5541529.320480721071362 ], [ 1264411.083918832940981, 5541529.320480721071362 ] ] ] ] } },
{ "type": "Feature", "properties": { "id": 1182, "left": 1264311.0839188329, "top": 5541529.3204807211, "right": 1264411.0839188329, "bottom": 5541429.3204807211, "row_index": 25, "col_index": 34, "area": 1116791.26, "perimeter": 4375.401, "codzona": "G", "numquart": 15, "nomezona": "Galvani", "intersect_area": 931.16356226243079 }, "geometry": { "type": "MultiPolygon", "coordinates": [ [ [ [ 1264317.075251276604831, 5541529.320480721071362 ], [ 1264322.198091177502647, 5541450.446375415660441 ], [ 1264324.25964028807357, 5541429.320480721071362 ], [ 1264311.083918832940981, 5541429.320480721071362 ], [ 1264311.083918832940981, 5541529.320480721071362 ], [ 1264317.075251276604831, 5541529.320480721071362 ] ] ] ] } },
{ "type": "Feature", "properties": { "id": 1183, "left": 1264311.0839188329, "top": 5541429.3204807211, "right": 1264411.0839188329, "bottom": 5541329.3204807211, "row_index": 26, "col_index": 34, "area": 2822503.649, "perimeter": 8534.222, "codzona": "O", "numquart": 15, "nomezona": "Murri", "intersect_area": 8198.7361207604408 }, "geometry": { "type": "MultiPolygon", "coordinates": [ [ [ [ 1264411.083918832940981, 5541429.320480721071362 ], [ 1264411.083918832940981, 5541329.320480721071362 ], [ 1264333.705806127982214, 5541329.320480721071362 ], [ 1264331.37510129972361, 5541356.404206607490778 ], [ 1264324.25964028807357, 5541429.320480721071362 ], [ 1264411.083918832940981, 5541429.320480721071362 ] ] ] ] } },
{ "type": "Feature", "properties": { "id": 1183, "left": 1264311.0839188329, "top": 5541429.3204807211, "right": 1264411.0839188329, "bottom": 5541329.3204807211, "row_index": 26, "col_index": 34, "area": 1116791.26, "perimeter": 4375.401, "codzona": "G", "numquart": 15, "nomezona": "Galvani", "intersect_area": 1801.2638792321086 }, "geometry": { "type": "MultiPolygon", "coordinates": [ [ [ [ 1264324.25964028807357, 5541429.320480721071362 ], [ 1264331.37510129972361, 5541356.404206607490778 ], [ 1264333.705806127982214, 5541329.320480721071362 ], [ 1264311.083918832940981, 5541329.320480721071362 ], [ 1264311.083918832940981, 5541429.320480721071362 ], [ 1264324.25964028807357, 5541429.320480721071362 ] ] ] ] } },
{ "type": "Feature", "properties": { "id": 1184, "left": 1264311.0839188329, "top": 5541329.3204807211, "right": 1264411.0839188329, "bottom": 5541229.3204807211, "row_index": 27, "col_index": 34, "area": 2822503.649, "perimeter": 8534.222, "codzona": "O", "numquart": 15, "nomezona": "Murri", "intersect_area": 7307.5335387587547 }, "geometry": { "type": "MultiPolygon", "coordinates": [ [ [ [ 1264411.083918832940981, 5541329.320480721071362 ], [ 1264411.083918832940981, 5541229.320480721071362 ], [ 1264342.3113607626874, 5541229.320480721071362 ], [ 1264333.705806127982214, 5541329.320480721071362 ], [ 1264411.083918832940981, 5541329.320480721071362 ] ] ] ] } },
{ "type": "Feature", "properties": { "id": 1184, "left": 1264311.0839188329, "top": 5541329.3204807211, "right": 1264411.0839188329, "bottom": 5541229.3204807211, "row_index": 27, "col_index": 34, "area": 1116791.26, "perimeter": 4375.401, "codzona": "G", "numquart": 15, "nomezona": "Galvani", "intersect_area": 2692.4664612337947 }, "geometry": { "type": "MultiPolygon", "coordinates": [ [ [ [ 1264333.705806127982214, 5541329.320480721071362 ], [ 1264342.3113607626874, 5541229.320480721071362 ], [ 1264311.083918832940981, 5541229.320480721071362 ], [ 1264311.083918832940981, 5541329.320480721071362 ], [ 1264333.705806127982214, 5541329.320480721071362 ] ] ] ] } },
{ "type": "Feature", "properties": { "id": 1185, "left": 1264311.0839188329, "top": 5541229.3204807211, "right": 1264411.0839188329, "bottom": 5541129.3204807211, "row_index": 28, "col_index": 34, "area": 2822503.649, "perimeter": 8534.222, "codzona": "O", "numquart": 15, "nomezona": "Murri", "intersect_area": 6450.2117446660995 }, "geometry": { "type": "MultiPolygon", "coordinates": [ [ [ [ 1264411.083918832940981, 5541229.320480721071362 ], [ 1264411.083918832940981, 5541129.320480721071362 ], [ 1264350.78254979592748, 5541129.320480721071362 ], [ 1264346.774855510797352, 5541177.45287964772433 ], [ 1264342.3113607626874, 5541229.320480721071362 ], [ 1264411.083918832940981, 5541229.320480721071362 ] ] ] ] } },
{ "type": "Feature", "properties": { "id": 1185, "left": 1264311.0839188329, "top": 5541229.3204807211, "right": 1264411.0839188329, "bottom": 5541129.3204807211, "row_index": 28, "col_index": 34, "area": 1116791.26, "perimeter": 4375.401, "codzona": "G", "numquart": 15, "nomezona": "Galvani", "intersect_area": 3549.7882553488016 }, "geometry": { "type": "MultiPolygon", "coordinates": [ [ [ [ 1264342.3113607626874, 5541229.320480721071362 ], [ 1264346.774855510797352, 5541177.45287964772433 ], [ 1264350.78254979592748, 5541129.320480721071362 ], [ 1264311.083918832940981, 5541129.320480721071362 ], [ 1264311.083918832940981, 5541229.320480721071362 ], [ 1264342.3113607626874, 5541229.320480721071362 ] ] ] ] } },
{ "type": "Feature", "properties": { "id": 1186, "left": 1264311.0839188329, "top": 5541129.3204807211, "right": 1264411.0839188329, "bottom": 5541029.3204807211, "row_index": 29, "col_index": 34, "area": 2822503.649, "perimeter": 8534.222, "codzona": "O", "numquart": 15, "nomezona": "Murri", "intersect_area": 5613.8170885145664 }, "geometry": { "type": "MultiPolygon", "coordinates": [ [ [ [ 1264411.083918832940981, 5541129.320480721071362 ], [ 1264411.083918832940981, 5541029.320480721071362 ], [ 1264359.108946099644527, 5541029.320480721071362 ], [ 1264350.78254979592748, 5541129.320480721071362 ], [ 1264411.083918832940981, 5541129.320480721071362 ] ] ] ] } },
{ "type": "Feature", "properties": { "id": 1186, "left": 1264311.0839188329, "top": 5541129.3204807211, "right": 1264411.0839188329, "bottom": 5541029.3204807211, "row_index": 29, "col_index": 34, "area": 1116791.26, "perimeter": 4375.401, "codzona": "G", "numquart": 15, "nomezona": "Galvani", "intersect_area": 4386.1829114854336 }, "geometry": { "type": "MultiPolygon", "coordinates": [ [ [ [ 1264350.78254979592748, 5541129.320480721071362 ], [ 1264359.108946099644527, 5541029.320480721071362 ], [ 1264311.083918832940981, 5541029.320480721071362 ], [ 1264311.083918832940981, 5541129.320480721071362 ], [ 1264350.78254979592748, 5541129.320480721071362 ] ] ] ] } },
{ "type": "Feature", "properties": { "id": 1187, "left": 1264311.0839188329, "top": 5541029.3204807211, "right": 1264411.0839188329, "bottom": 5540929.3204807211, "row_index": 30, "col_index": 34, "area": 2822503.649, "perimeter": 8534.222, "codzona": "O", "numquart": 15, "nomezona": "Murri", "intersect_area": 4707.569393068552 }, "geometry": { "type": "MultiPolygon", "coordinates": [ [ [ [ 1264411.083918832940981, 5541029.320480721071362 ], [ 1264411.083918832940981, 5540929.320480721071362 ], [ 1264368.352905926760286, 5540929.320480721071362 ], [ 1264368.651314782910049, 5540930.952000734396279 ], [ 1264368.331731855869293, 5540938.963473737239838 ], [ 1264366.621722348267213, 5540961.588960467837751 ], [ 1264364.354292806005105, 5540973.912095066159964 ], [ 1264362.751111066900194, 5540985.578088042326272 ], [ 1264359.108946099644527, 5541029.320480721071362 ], [ 1264411.083918832940981, 5541029.320480721071362 ] ] ] ] } },
{ "type": "Feature", "properties": { "id": 1187, "left": 1264311.0839188329, "top": 5541029.3204807211, "right": 1264411.0839188329, "bottom": 5540929.3204807211, "row_index": 30, "col_index": 34, "area": 1116791.26, "perimeter": 4375.401, "codzona": "G", "numquart": 15, "nomezona": "Galvani", "intersect_area": 5292.4306069463491 }, "geometry": { "type": "MultiPolygon", "coordinates": [ [ [ [ 1264359.108946099644527, 5541029.320480721071362 ], [ 1264362.751111066900194, 5540985.578088042326272 ], [ 1264364.354292806005105, 5540973.912095066159964 ], [ 1264366.621722348267213, 5540961.588960467837751 ], [ 1264368.331731855869293, 5540938.963473737239838 ], [ 1264368.651314782910049, 5540930.952000734396279 ], [ 1264368.352905926760286, 5540929.320480721071362 ], [ 1264311.083918832940981, 5540929.320480721071362 ], [ 1264311.083918832940981, 5541029.320480721071362 ], [ 1264359.108946099644527, 5541029.320480721071362 ] ] ] ] } },
{ "type": "Feature", "properties": { "id": 1188, "left": 1264311.0839188329, "top": 5540929.3204807211, "right": 1264411.0839188329, "bottom": 5540829.3204807211, "row_index": 31, "col_index": 34, "area": 2822503.649, "perimeter": 8534.222, "codzona": "O", "numquart": 15, "nomezona": "Murri", "intersect_area": 7642.1442191153765 }, "geometry": { "type": "MultiPolygon", "coordinates": [ [ [ [ 1264411.083918832940981, 5540929.320480721071362 ], [ 1264411.083918832940981, 5540829.320480721071362 ], [ 1264311.083918832940981, 5540829.320480721071362 ], [ 1264311.083918832940981, 5540859.919345308095217 ], [ 1264355.180487304925919, 5540902.103847681544721 ], [ 1264360.710668295854703, 5540908.953007463365793 ], [ 1264364.925982741639018, 5540916.159158123657107 ], [ 1264367.345998383825645, 5540923.815316335298121 ], [ 1264368.352905926760286, 5540929.320480721071362 ], [ 1264411.083918832940981, 5540929.320480721071362 ] ] ] ] } },
{ "type": "Feature", "properties": { "id": 1188, "left": 1264311.0839188329, "top": 5540929.3204807211, "right": 1264411.0839188329, "bottom": 5540829.3204807211, "row_index": 31, "col_index": 34, "area": 1116791.26, "perimeter": 4375.401, "codzona": "G", "numquart": 15, "nomezona": "Galvani", "intersect_area": 2357.8557808995247 }, "geometry": { "type": "MultiPolygon", "coordinates": [ [ [ [ 1264368.352905926760286, 5540929.320480721071362 ], [ 1264367.345998383825645, 5540923.815316335298121 ], [ 1264364.925982741639018, 5540916.159158123657107 ], [ 1264360.710668295854703, 5540908.953007463365793 ], [ 1264355.180487304925919, 5540902.103847681544721 ], [ 1264311.083918832940981, 5540859.919345308095217 ], [ 1264311.083918832940981, 5540929.320480721071362 ], [ 1264368.352905926760286, 5540929.320480721071362 ] ] ] ] } },
{ "type": "Feature", "properties": { "id": 1189, "left": 1264311.0839188329, "top": 5540829.3204807211, "right": 1264411.0839188329, "bottom": 5540729.3204807211, "row_index": 32, "col_index": 34, "area": 2822503.649, "perimeter": 8534.222, "codzona": "O", "numquart": 15, "nomezona": "Murri", "intersect_area": 10000.0 }, "geometry": { "type": "MultiPolygon", "coordinates": [ [ [ [ 1264411.083918832940981, 5540829.320480721071362 ], [ 1264411.083918832940981, 5540729.320480721071362 ], [ 1264311.083918832940981, 5540729.320480721071362 ], [ 1264311.083918832940981, 5540829.320480721071362 ], [ 1264411.083918832940981, 5540829.320480721071362 ] ] ] ] } },
{ "type": "Feature", "properties": { "id": 1190, "left": 1264311.0839188329, "top": 5540729.3204807211, "right": 1264411.0839188329, "bottom": 5540629.3204807211, "row_index": 33, "col_index": 34, "area": 2822503.649, "perimeter": 8534.222, "codzona": "O", "numquart": 15, "nomezona": "Murri", "intersect_area": 10000.0 }, "geometry": { "type": "MultiPolygon", "coordinates": [ [ [ [ 1264411.083918832940981, 5540729.320480721071362 ], [ 1264411.083918832940981, 5540629.320480721071362 ], [ 1264311.083918832940981, 5540629.320480721071362 ], [ 1264311.083918832940981, 5540729.320480721071362 ], [ 1264411.083918832940981, 5540729.320480721071362 ] ] ] ] } }
]
}
