cell_id,benefit_300_count,benefit_300_share
47,65,0.0013956883964613932
48,64,0.001374216267285064
49,62,0.0013312720089324057
204,57,0.00122391136305076
205,71,0.0015245211715193678
206,72,0.001545993300695697
207,71,0.0015245211715193678
208,68,0.0014601047839903805
209,63,0.0013527441381087349
361,42,0.0009018294254058232
362,53,0.0011380228463454436
363,62,0.0013312720089324057
364,74,0.0015889375590483553
365,76,0.0016318818174010136
366,76,0.0016318818174010136
367,75,0.0016104096882246844
368,70,0.0015030490423430388
520,45,0.0009662458129348106
521,58,0.0012453834922270892
522,66,0.0014171605256377221
523,76,0.0016318818174010136
524,76,0.0016318818174010136
525,77,0.0016533539465773425
526,78,0.0016748260757536717
527,74,0.0015889375590483553
528,62,0.0013312720089324057
533,0,0.0
534,0,0.0
679,46,0.0009877179421111397
680,55,0.001180967104698102
681,65,0.0013956883964613932
682,73,0.001567465429872026
683,78,0.0016748260757536717
684,77,0.0016533539465773425
685,77,0.0016533539465773425
686,74,0.0015889375590483553
687,62,0.0013312720089324057
690,1,2.1472129176329125e-05
691,0,0.0
692,0,0.0
693,0,0.0
694,0,0.0
695,0,0.0
838,43,0.0009233015545821524
839,53,0.0011380228463454436
840,65,0.0013956883964613932
841,74,0.0015889375590483553
842,75,0.0016104096882246844
843,79,0.0016962982049300009
844,79,0.0016962982049300009
845,74,0.0015889375590483553
846,57,0.00122391136305076
847,28,0.0006012196169372155
848,15,0.0003220819376449369
849,7,0.00015030490423430386
850,0,0.0
851,0,0.0
852,0,0.0
853,0,0.0
854,0,0.0
855,0,0.0
998,57,0.00122391136305076
999,67,0.0014386326548140513
1000,74,0.0015889375590483553
1001,77,0.0016533539465773425
1002,74,0.0015889375590483553
1003,74,0.0015889375590483553
1004,66,0.0014171605256377221
1005,41,0.0008803572962294941
1006,26,0.0005582753585845572
1007,13,0.0002791376792922786
1008,5,0.00010736064588164563
1009,1,2.1472129176329125e-05
1010,0,0.0
1011,0,0.0
1012,0,0.0
1013,0,0.0
1014,0,0.0
1015,0,0.0
1158,59,0.0012668556214034184
1159,65,0.0013956883964613932
1160,71,0.0015245211715193678
1161,69,0.0014815769131667096
1162,57,0.00122391136305076
1163,36,0.0007729966503478485
1164,28,0.0006012196169372155
1165,14,0.00030060980846860773
1166,7,0.00015030490423430386
1167,3,6.441638752898738e-05
1168,3,6.441638752898738e-05
1169,4,8.58885167053165e-05
1170,3,6.441638752898738e-05
1171,2,4.294425835265825e-05
1172,0,0.0
1173,0,0.0
1174,0,0.0
1175,0,0.0
1317,33,0.0007085802628188611
1318,35,0.0007515245211715194
1319,33,0.0007085802628188611
1320,34,0.0007300523919951902
1321,27,0.0005797474877608864
1322,24,0.000515331100231899
1323,19,0.0004079704543502534
1324,10,0.00021472129176329125
1325,5,0.00010736064588164563
1326,10,0.00021472129176329125
1327,11,0.00023619342093962037
1328,10,0.00021472129176329125
1329,10,0.00021472129176329125
1330,9,0.00019324916258696212
1331,5,0.00010736064588164563
1332,1,2.1472129176329125e-05
1333,0,0.0
1334,0,0.0
1477,30,0.0006441638752898738
1478,27,0.0005797474877608864
1479,25,0.0005368032294082281
1480,20,0.0004294425835265825
1481,16,0.000343554066821266
1482,11,0.00023619342093962037
1483,6,0.00012883277505797475
1484,12,0.0002576655501159495
1485,16,0.000343554066821266
1486,16,0.000343554066821266
1487,16,0.000343554066821266
1488,16,0.000343554066821266
1489,16,0.000343554066821266
1490,13,0.0002791376792922786
1491,8,0.000171777033410633
1492,0,0.0
1493,0,0.0
1494,0,0.0
1636,26,0.0005582753585845572
1637,24,0.000515331100231899
1638,23,0.0004938589710555698
1639,13,0.0002791376792922786
1640,9,0.00019324916258696212
1641,5,0.00010736064588164563
1642,12,0.0002576655501159495
1643,20,0.0004294425835265825
1644,31,0.0006656360044662028
1645,35,0.0007515245211715194
1646,39,0.0008374130378768359
1647,37,0.0007944687795241776
1648,32,0.000687108133642532
1649,23,0.0004938589710555698
1650,17,0.0003650261959975951
1651,5,0.00010736064588164563
1652,0,0.0
1653,0,0.0
1654,0,0.0
1796,32,0.000687108133642532
1797,27,0.0005797474877608864
1798,14,0.00030060980846860773
1799,5,0.00010736064588164563
1800,4,8.58885167053165e-05
1801,25,0.0005368032294082281
1802,53,0.0011380228463454436
1803,68,0.0014601047839903805
1804,76,0.0016318818174010136
1805,77,0.0016533539465773425
1806,71,0.0015245211715193678
1807,61,0.0013097998797560765
1808,45,0.0009662458129348106
1809,29,0.0006226917461135446
1810,12,0.0002576655501159495
1811,0,0.0
1812,0,0.0
1813,0,0.0
1955,36,0.0007729966503478485
1956,37,0.0007944687795241776
1957,27,0.0005797474877608864
1958,20,0.0004294425835265825
1959,27,0.0005797474877608864
1960,85,0.0018251309799879756
1961,104,0.002233101434338229
1962,119,0.002555183371983166
1963,118,0.002533711242806837
1964,117,0.0025122391136305077
1965,107,0.0022975178218672164
1966,97,0.002082796530103925
1967,77,0.0016533539465773425
1968,44,0.0009447736837584815
1969,24,0.000515331100231899
1970,3,6.441638752898738e-05
1971,0,0.0
1972,0,0.0
1973,0,0.0
2115,43,0.0009233015545821524
2116,45,0.0009662458129348106
2117,57,0.00122391136305076
2118,90,0.0019324916258696213
2119,137,0.00294168169715709
2120,151,0.003242291505625698
2121,150,0.003220819376449369
2122,144,0.003091986601391394
2123,136,0.002920209567980761
2124,132,0.0028343210512754443
2125,125,0.0026840161470411406
2126,110,0.002361934209396204
2127,75,0.0016104096882246844
2128,36,0.0007729966503478485
2129,9,0.00019324916258696212
2130,0,0.0
2131,0,0.0
2132,0,0.0
2133,0,0.0
2151,16,0.000343554066821266
2152,13,0.0002791376792922786
2153,11,0.00023619342093962037
2273,38,0.0008159409087005068
2274,58,0.0012453834922270892
2275,73,0.001567465429872026
2276,103,0.0022116293051618998
2277,138,0.0029631538263334193
2278,176,0.003779094735033926
2279,192,0.004122648801855192
2280,200,0.0042944258352658245
2281,187,0.004015288155973546
2282,170,0.0036502619599759513
2283,155,0.0033281800223310142
2284,144,0.003091986601391394
2285,127,0.002726960405393799
2286,103,0.0022116293051618998
2287,48,0.001030662200463798
2288,23,0.0004938589710555698
2289,4,8.58885167053165e-05
2290,0,0.0
2291,0,0.0
2292,0,0.0
2293,0,0.0
2304,13,0.0002791376792922786
2305,25,0.0005368032294082281
2306,31,0.0006656360044662028
2307,31,0.0006656360044662028
2308,30,0.0006441638752898738
2309,26,0.0005582753585845572
2310,23,0.0004938589710555698
2311,21,0.0004509147127029116
2312,12,0.0002576655501159495
2313,7,0.00015030490423430386
2314,0,0.0
2432,54,0.0011594949755217728
2433,79,0.0016962982049300009
2434,111,0.0023834063385725327
2435,134,0.0028772653096281026
2436,174,0.0037361504766812675
2437,201,0.004315897964442154
2438,226,0.004852701193850382
2439,244,0.005239199519024306
2440,239,0.005131838873142661
2441,218,0.0046809241604397495
2442,193,0.004144120931031521
2443,172,0.0036932062183286096
2444,156,0.0033496521515073434
2445,125,0.0026840161470411406
2446,66,0.0014171605256377221
2447,33,0.0007085802628188611
2448,17,0.0003650261959975951
2449,9,0.00019324916258696212
2450,5,0.00010736064588164563
2451,3,6.441638752898738e-05
2452,1,2.1472129176329125e-05
2453,0,0.0
2454,0,0.0
2461,3,6.441638752898738e-05
2462,10,0.00021472129176329125
2463,22,0.00047238684187924073
2464,39,0.0008374130378768359
2465,41,0.0008803572962294941
2466,41,0.0008803572962294941
2467,40,0.000858885167053165
2468,35,0.0007515245211715194
2469,29,0.0006226917461135446
2470,23,0.0004938589710555698
2471,17,0.0003650261959975951
2472,10,0.00021472129176329125
2473,3,6.441638752898738e-05
2474,0,0.0
2475,0,0.0
2476,1,2.1472129176329125e-05
2477,1,2.1472129176329125e-05
2478,1,2.1472129176329125e-05
2479,1,2.1472129176329125e-05
2480,1,2.1472129176329125e-05
2481,1,2.1472129176329125e-05
2482,0,0.0
2483,0,0.0
2592,94,0.0020183801425749377
2593,124,0.0026625440178648114
2594,152,0.003263763634802027
2595,191,0.004101176672678863
2596,226,0.004852701193850382
2597,253,0.005432448681611269
2598,280,0.006012196169372155
2599,289,0.006205445331959117
2600,270,0.0057974748776088636
2601,246,0.0052821437773769644
2602,202,0.004337370093618483
2603,172,0.0036932062183286096
2604,136,0.002920209567980761
2605,76,0.0016318818174010136
2606,46,0.0009877179421111397
2607,31,0.0006656360044662028
2608,18,0.00038649832517392423
2609,12,0.0002576655501159495
2610,10,0.00021472129176329125
2611,7,0.00015030490423430386
2612,3,6.441638752898738e-05
2613,0,0.0
2617,0,0.0
2618,0,0.0
2619,1,2.1472129176329125e-05
2620,8,0.000171777033410633
2621,21,0.0004509147127029116
2622,42,0.0009018294254058232
2623,53,0.0011380228463454436
2624,53,0.0011380228463454436
2625,53,0.0011380228463454436
2626,53,0.0011380228463454436
2627,49,0.0010521343296401272
2628,39,0.0008374130378768359
2629,27,0.0005797474877608864
2630,17,0.0003650261959975951
2631,11,0.00023619342093962037
2632,3,6.441638752898738e-05
2633,0,0.0
2634,1,2.1472129176329125e-05
2635,1,2.1472129176329125e-05
2636,1,2.1472129176329125e-05
2637,1,2.1472129176329125e-05
2638,1,2.1472129176329125e-05
2639,1,2.1472129176329125e-05
2640,1,2.1472129176329125e-05
2641,1,2.1472129176329125e-05
2642,0,0.0
2751,98,0.0021042686592802544
2752,135,0.0028987374388044318
2753,157,0.0033711242806836726
2754,193,0.004144120931031521
2755,243,0.005217727389847977
2756,268,0.005754530619256205
2757,293,0.0062913338486644335
2758,306,0.006570471527956712
2759,308,0.00661341578630937
2760,270,0.0057974748776088636
2761,229,0.0049171175813793695
2762,180,0.0038649832517392425
2763,140,0.0030060980846860776
2764,94,0.0020183801425749377
2765,60,0.0012883277505797476
2766,41,0.0008803572962294941
2767,28,0.0006012196169372155
2768,17,0.0003650261959975951
2769,13,0.0002791376792922786
2770,11,0.00023619342093962037
2771,8,0.000171777033410633
2772,3,6.441638752898738e-05
2774,0,0.0
2775,0,0.0
2776,0,0.0
2777,0,0.0
2778,1,2.1472129176329125e-05
2779,15,0.0003220819376449369
2780,35,0.0007515245211715194
2781,48,0.001030662200463798
2782,56,0.001202439233874431
2783,56,0.001202439233874431
2784,56,0.001202439233874431
2785,56,0.001202439233874431
2786,56,0.001202439233874431
2787,48,0.001030662200463798
2788,30,0.0006441638752898738
2789,19,0.0004079704543502534
2790,14,0.00030060980846860773
2791,4,8.58885167053165e-05
2792,0,0.0
2793,1,2.1472129176329125e-05
2794,1,2.1472129176329125e-05
2795,1,2.1472129176329125e-05
2796,1,2.1472129176329125e-05
2797,1,2.1472129176329125e-05
2798,1,2.1472129176329125e-05
2799,1,2.1472129176329125e-05
2800,1,2.1472129176329125e-05
2801,1,2.1472129176329125e-05
2911,123,0.0026410718886884822
2912,159,0.003414068539036331
2913,192,0.004122648801855192
2914,236,0.005067422485613674
2915,266,0.005711586360903547
2916,295,0.006334278107017092
2917,315,0.006763720690543674
2918,310,0.0066563600446620285
2919,283,0.006076612556901143
2920,246,0.0052821437773769644
2921,191,0.004101176672678863
2922,138,0.0029631538263334193
2923,108,0.0023189899510435456
2924,81,0.0017392424632826592
2925,57,0.00122391136305076
2926,43,0.0009233015545821524
2927,31,0.0006656360044662028
2928,23,0.0004938589710555698
2929,20,0.0004294425835265825
2930,15,0.0003220819376449369
2931,8,0.000171777033410633
2932,0,0.0
2933,0,0.0
2934,0,0.0
2935,0,0.0
2936,0,0.0
2937,1,2.1472129176329125e-05
2938,22,0.00047238684187924073
2939,39,0.0008374130378768359
2940,47,0.0010091900712874689
2941,53,0.0011380228463454436
2942,54,0.0011594949755217728
2943,54,0.0011594949755217728
2944,54,0.0011594949755217728
2945,54,0.0011594949755217728
2946,54,0.0011594949755217728
2947,38,0.0008159409087005068
2948,21,0.0004509147127029116
2949,14,0.00030060980846860773
2950,2,4.294425835265825e-05
2951,0,0.0
2952,1,2.1472129176329125e-05
2953,1,2.1472129176329125e-05
2954,1,2.1472129176329125e-05
2955,1,2.1472129176329125e-05
2956,1,2.1472129176329125e-05
2957,1,2.1472129176329125e-05
2958,1,2.1472129176329125e-05
2959,1,2.1472129176329125e-05
2960,1,2.1472129176329125e-05
3070,120,0.002576655501159495
3071,158,0.0033925964098600017
3072,184,0.003950871768444559
3073,212,0.0045520913853817745
3074,258,0.0055398093274929144
3075,287,0.0061625010736064585
3076,304,0.006527527269604054
3077,314,0.006742248561367345
3078,289,0.006205445331959117
3079,235,0.0050459503564373445
3080,175,0.0037576226058575967
3081,155,0.0033281800223310142
3082,123,0.0026410718886884822
3083,96,0.002061324400927596
3084,77,0.0016533539465773425
3085,51,0.0010950785879927853
3086,44,0.0009447736837584815
3087,32,0.000687108133642532
3088,29,0.0006226917461135446
3089,24,0.000515331100231899
3090,16,0.000343554066821266
3091,3,6.441638752898738e-05
3092,0,0.0
3093,0,0.0
3094,0,0.0
3095,0,0.0
3096,5,0.00010736064588164563
3097,27,0.0005797474877608864
3098,38,0.0008159409087005068
3099,44,0.0009447736837584815
3100,51,0.0010950785879927853
3101,54,0.0011594949755217728
3102,54,0.0011594949755217728
3103,54,0.0011594949755217728
3104,54,0.0011594949755217728
3105,53,0.0011380228463454436
3106,40,0.000858885167053165
3107,21,0.0004509147127029116
3108,11,0.00023619342093962037
3109,0,0.0
3110,1,2.1472129176329125e-05
3111,1,2.1472129176329125e-05
3112,1,2.1472129176329125e-05
3113,1,2.1472129176329125e-05
3114,1,2.1472129176329125e-05
3115,1,2.1472129176329125e-05
3116,1,2.1472129176329125e-05
3117,1,2.1472129176329125e-05
3118,1,2.1472129176329125e-05
3119,1,2.1472129176329125e-05
3230,145,0.003113458730567723
3231,165,0.0035429013140943055
3232,193,0.004144120931031521
3233,231,0.004960061839732028
3234,254,0.005453920810787598
3235,280,0.006012196169372155
3236,277,0.005947779781843168
3237,239,0.005131838873142661
3238,194,0.00416559306020785
3239,165,0.0035429013140943055
3240,148,0.0031778751180967105
3241,132,0.0028343210512754443
3242,101,0.0021686850468092414
3243,77,0.0016533539465773425
3244,63,0.0013527441381087349
3245,55,0.001180967104698102
3246,42,0.0009018294254058232
3247,38,0.0008159409087005068
3248,33,0.0007085802628188611
3249,22,0.00047238684187924073
3250,9,0.00019324916258696212
3251,2,4.294425835265825e-05
3252,0,0.0
3253,0,0.0
3254,0,0.0
3255,5,0.00010736064588164563
3256,24,0.000515331100231899
3257,36,0.0007729966503478485
3258,43,0.0009233015545821524
3259,47,0.0010091900712874689
3260,53,0.0011380228463454436
3261,54,0.0011594949755217728
3262,54,0.0011594949755217728
3263,53,0.0011380228463454436
3264,52,0.0011165507171691145
3265,42,0.0009018294254058232
3266,16,0.000343554066821266
3267,3,6.441638752898738e-05
3268,0,0.0
3269,1,2.1472129176329125e-05
3270,1,2.1472129176329125e-05
3271,1,2.1472129176329125e-05
3272,1,2.1472129176329125e-05
3273,1,2.1472129176329125e-05
3274,1,2.1472129176329125e-05
3275,1,2.1472129176329125e-05
3276,1,2.1472129176329125e-05
3277,1,2.1472129176329125e-05
3278,1,2.1472129176329125e-05
3279,0,0.0
3389,133,0.0028557931804517734
3390,150,0.003220819376449369
3391,173,0.003714678347504939
3392,187,0.004015288155973546
3393,206,0.0044232586103237995
3394,217,0.00465945203126342
3395,208,0.004466202868676458
3396,182,0.0039079275100919
3397,170,0.0036502619599759513
3398,150,0.003220819376449369
3399,137,0.00294168169715709
3400,127,0.002726960405393799
3401,101,0.0021686850468092414
3402,88,0.001889547367516963
3403,65,0.0013956883964613932
3404,50,0.0010736064588164561
3405,46,0.0009877179421111397
3406,40,0.000858885167053165
3407,35,0.0007515245211715194
3408,25,0.0005368032294082281
3409,16,0.000343554066821266
3410,4,8.58885167053165e-05
3411,1,2.1472129176329125e-05
3412,0,0.0
3413,0,0.0
3414,5,0.00010736064588164563
3415,22,0.00047238684187924073
3416,33,0.0007085802628188611
3417,36,0.0007729966503478485
3418,43,0.0009233015545821524
3419,46,0.0009877179421111397
3420,48,0.001030662200463798
3421,49,0.0010521343296401272
3422,48,0.001030662200463798
3423,48,0.001030662200463798
3424,34,0.0007300523919951902
3425,4,8.58885167053165e-05
3426,0,0.0
3427,0,0.0
3428,0,0.0
3429,1,2.1472129176329125e-05
3430,1,2.1472129176329125e-05
3431,1,2.1472129176329125e-05
3432,1,2.1472129176329125e-05
3433,1,2.1472129176329125e-05
3434,1,2.1472129176329125e-05
3435,1,2.1472129176329125e-05
3436,1,2.1472129176329125e-05
3437,1,2.1472129176329125e-05
3438,0,0.0
3439,0,0.0
3549,122,0.002619599759512153
3550,137,0.00294168169715709
3551,152,0.003263763634802027
3552,163,0.003499957055741647
3553,171,0.0036717340891522805
3554,162,0.0034784849265653184
3555,152,0.003263763634802027
3556,148,0.0031778751180967105
3557,136,0.002920209567980761
3558,119,0.002555183371983166
3559,114,0.00244782272610152
3560,101,0.0021686850468092414
3561,83,0.0017821867216353173
3562,62,0.0013312720089324057
3563,49,0.0010521343296401272
3564,46,0.0009877179421111397
3565,41,0.0008803572962294941
3566,35,0.0007515245211715194
3567,24,0.000515331100231899
3568,17,0.0003650261959975951
3569,5,0.00010736064588164563
3570,1,2.1472129176329125e-05
3571,0,0.0
3572,0,0.0
3573,0,0.0
3574,12,0.0002576655501159495
3575,28,0.0006012196169372155
3576,34,0.0007300523919951902
3577,34,0.0007300523919951902
3578,40,0.000858885167053165
3579,40,0.000858885167053165
3580,40,0.000858885167053165
3581,40,0.000858885167053165
3582,34,0.0007300523919951902
3583,17,0.0003650261959975951
3584,0,0.0
3585,0,0.0
3586,0,0.0
3587,0,0.0
3588,1,2.1472129176329125e-05
3589,1,2.1472129176329125e-05
3590,1,2.1472129176329125e-05
3591,1,2.1472129176329125e-05
3592,1,2.1472129176329125e-05
3593,1,2.1472129176329125e-05
3594,1,2.1472129176329125e-05
3595,1,2.1472129176329125e-05
3596,1,2.1472129176329125e-05
3597,0,0.0
3598,0,0.0
3599,0,0.0
3708,69,0.0014815769131667096
3709,84,0.0018036588508116465
3710,97,0.002082796530103925
3711,117,0.0025122391136305077
3712,135,0.0028987374388044318
3713,133,0.0028557931804517734
3714,124,0.0026625440178648114
3715,122,0.002619599759512153
3716,113,0.002426350596925191
3717,96,0.002061324400927596
3718,100,0.0021472129176329123
3719,92,0.0019754358842222794
3720,75,0.0016104096882246844
3721,56,0.001202439233874431
3722,49,0.0010521343296401272
3723,46,0.0009877179421111397
3724,42,0.0009018294254058232
3725,34,0.0007300523919951902
3726,21,0.0004509147127029116
3727,18,0.00038649832517392423
3728,6,0.00012883277505797475
3729,1,2.1472129176329125e-05
3730,0,0.0
3731,0,0.0
3732,0,0.0
3733,10,0.00021472129176329125
3734,19,0.0004079704543502534
3735,25,0.0005368032294082281
3736,31,0.0006656360044662028
3737,32,0.000687108133642532
3738,32,0.000687108133642532
3739,30,0.0006441638752898738
3740,28,0.0006012196169372155
3741,20,0.0004294425835265825
3742,2,4.294425835265825e-05
3743,0,0.0
3744,0,0.0
3745,0,0.0
3746,0,0.0
3747,0,0.0
3748,1,2.1472129176329125e-05
3749,1,2.1472129176329125e-05
3750,1,2.1472129176329125e-05
3751,1,2.1472129176329125e-05
3752,1,2.1472129176329125e-05
3753,1,2.1472129176329125e-05
3754,1,2.1472129176329125e-05
3755,0,0.0
3756,0,0.0
3757,0,0.0
3758,0,0.0
3868,50,0.0010736064588164561
3869,64,0.001374216267285064
3870,79,0.0016962982049300009
3871,95,0.002039852271751267
3872,94,0.0020183801425749377
3873,90,0.0019324916258696213
3874,86,0.0018466031091643048
3875,81,0.0017392424632826592
3876,81,0.0017392424632826592
3877,80,0.00171777033410633
3878,74,0.0015889375590483553
3879,63,0.0013527441381087349
3880,53,0.0011380228463454436
3881,49,0.0010521343296401272
3882,46,0.0009877179421111397
3883,40,0.000858885167053165
3884,28,0.0006012196169372155
3885,18,0.00038649832517392423
3886,17,0.0003650261959975951
3887,7,0.00015030490423430386
3888,1,2.1472129176329125e-05
3889,0,0.0
3890,0,0.0
3891,0,0.0
3892,1,2.1472129176329125e-05
3893,10,0.00021472129176329125
3894,16,0.000343554066821266
3895,21,0.0004509147127029116
3896,22,0.00047238684187924073
3897,22,0.00047238684187924073
3898,21,0.0004509147127029116
3899,14,0.00030060980846860773
3900,4,8.58885167053165e-05
3901,0,0.0
3902,0,0.0
3903,0,0.0
3904,0,0.0
3905,0,0.0
3906,0,0.0
3907,0,0.0
3908,0,0.0
3909,1,2.1472129176329125e-05
3910,1,2.1472129176329125e-05
3911,1,2.1472129176329125e-05
3912,0,0.0
3913,0,0.0
3914,0,0.0
3915,0,0.0
3916,0,0.0
3917,0,0.0
4027,12,0.0002576655501159495
4028,27,0.0005797474877608864
4029,40,0.000858885167053165
4030,51,0.0010950785879927853
4031,61,0.0013097998797560765
4032,60,0.0012883277505797476
4033,61,0.0013097998797560765
4034,58,0.0012453834922270892
4035,60,0.0012883277505797476
4036,58,0.0012453834922270892
4037,56,0.001202439233874431
4038,55,0.001180967104698102
4039,45,0.0009662458129348106
4040,42,0.0009018294254058232
4041,40,0.000858885167053165
4042,30,0.0006441638752898738
4043,20,0.0004294425835265825
4044,17,0.0003650261959975951
4045,13,0.0002791376792922786
4046,5,0.00010736064588164563
4047,1,2.1472129176329125e-05
4048,0,0.0
4049,0,0.0
4050,0,0.0
4051,0,0.0
4052,2,4.294425835265825e-05
4053,6,0.00012883277505797475
4054,7,0.00015030490423430386
4055,8,0.000171777033410633
4056,7,0.00015030490423430386
4057,6,0.00012883277505797475
4058,3,6.441638752898738e-05
4059,0,0.0
4060,0,0.0
4061,0,0.0
4062,0,0.0
4063,0,0.0
4064,0,0.0
4065,0,0.0
4066,0,0.0
4067,0,0.0
4068,0,0.0
4069,0,0.0
4070,0,0.0
4071,0,0.0
4072,0,0.0
4073,0,0.0
4074,0,0.0
4075,0,0.0
4186,2,4.294425835265825e-05
4187,5,0.00010736064588164563
4188,18,0.00038649832517392423
4189,23,0.0004938589710555698
4190,30,0.0006441638752898738
4191,32,0.000687108133642532
4192,38,0.0008159409087005068
4193,40,0.000858885167053165
4194,36,0.0007729966503478485
4195,42,0.0009018294254058232
4196,43,0.0009233015545821524
4197,40,0.000858885167053165
4198,37,0.0007944687795241776
4199,36,0.0007729966503478485
4200,33,0.0007085802628188611
4201,20,0.0004294425835265825
4202,17,0.0003650261959975951
4203,15,0.0003220819376449369
4204,11,0.00023619342093962037
4205,3,6.441638752898738e-05
4206,0,0.0
4207,0,0.0
4208,0,0.0
4209,0,0.0
4210,0,0.0
4211,0,0.0
4212,0,0.0
4213,0,0.0
4214,0,0.0
4215,0,0.0
4216,0,0.0
4217,0,0.0
4218,0,0.0
4219,0,0.0
4220,0,0.0
4221,0,0.0
4222,0,0.0
4223,0,0.0
4224,0,0.0
4225,0,0.0
4226,0,0.0
4227,0,0.0
4228,0,0.0
4229,0,0.0
4230,0,0.0
4231,0,0.0
4232,0,0.0
4233,0,0.0
4234,0,0.0
4235,0,0.0
4345,1,2.1472129176329125e-05
4346,1,2.1472129176329125e-05
4347,2,4.294425835265825e-05
4348,9,0.00019324916258696212
4349,14,0.00030060980846860773
4350,17,0.0003650261959975951
4351,18,0.00038649832517392423
4352,23,0.0004938589710555698
4353,27,0.0005797474877608864
4354,25,0.0005368032294082281
4355,20,0.0004294425835265825
4356,22,0.00047238684187924073
4357,25,0.0005368032294082281
4358,24,0.000515331100231899
4359,17,0.0003650261959975951
4360,13,0.0002791376792922786
4361,11,0.00023619342093962037
4362,11,0.00023619342093962037
4363,8,0.000171777033410633
4364,0,0.0
4365,0,0.0
4366,0,0.0
4367,0,0.0
4368,0,0.0
4369,0,0.0
4370,0,0.0
4371,0,0.0
4372,0,0.0
4373,0,0.0
4374,0,0.0
4375,0,0.0
4376,0,0.0
4377,0,0.0
4378,0,0.0
4379,0,0.0
4380,0,0.0
4381,0,0.0
4382,0,0.0
4383,0,0.0
4384,0,0.0
4385,0,0.0
4386,0,0.0
4387,0,0.0
4388,0,0.0
4389,0,0.0
4390,0,0.0
4391,0,0.0
4392,0,0.0
4393,0,0.0
4394,0,0.0
4395,0,0.0
4505,2,4.294425835265825e-05
4506,0,0.0
4507,0,0.0
4508,2,4.294425835265825e-05
4509,3,6.441638752898738e-05
4510,8,0.000171777033410633
4511,6,0.00012883277505797475
4512,5,0.00010736064588164563
4513,6,0.00012883277505797475
4514,7,0.00015030490423430386
4515,10,0.00021472129176329125
4516,11,0.00023619342093962037
4517,9,0.00019324916258696212
4518,10,0.00021472129176329125
4519,11,0.00023619342093962037
4520,11,0.00023619342093962037
4521,5,0.00010736064588164563
4522,0,0.0
4523,0,0.0
4524,0,0.0
4525,0,0.0
4526,0,0.0
4527,0,0.0
4528,0,0.0
4529,0,0.0
4530,0,0.0
4531,0,0.0
4532,0,0.0
4533,0,0.0
4534,0,0.0
4535,0,0.0
4536,0,0.0
4537,0,0.0
4538,0,0.0
4539,0,0.0
4540,0,0.0
4541,0,0.0
4542,0,0.0
4543,0,0.0
4544,0,0.0
4545,0,0.0
4546,0,0.0
4547,0,0.0
4548,0,0.0
4549,0,0.0
4550,0,0.0
4551,0,0.0
4552,0,0.0
4553,0,0.0
4554,0,0.0
4664,2,4.294425835265825e-05
4665,2,4.294425835265825e-05
4666,0,0.0
4667,0,0.0
4668,0,0.0
4669,0,0.0
4670,0,0.0
4671,0,0.0
4672,0,0.0
4673,0,0.0
4674,0,0.0
4675,2,4.294425835265825e-05
4676,2,4.294425835265825e-05
4677,2,4.294425835265825e-05
4678,2,4.294425835265825e-05
4679,0,0.0
4680,0,0.0
4681,0,0.0
4682,0,0.0
4683,0,0.0
4684,0,0.0
4685,0,0.0
4686,0,0.0
4687,0,0.0
4688,0,0.0
4689,0,0.0
4690,0,0.0
4691,0,0.0
4692,0,0.0
4693,0,0.0
4694,0,0.0
4695,0,0.0
4696,0,0.0
4697,0,0.0
4698,0,0.0
4699,0,0.0
4700,0,0.0
4701,0,0.0
4702,0,0.0
4703,0,0.0
4704,0,0.0
4705,0,0.0
4706,0,0.0
4707,0,0.0
4708,0,0.0
4709,0,0.0
4710,0,0.0
4711,0,0.0
4712,0,0.0
4713,0,0.0
4824,2,4.294425835265825e-05
4825,1,2.1472129176329125e-05
4826,0,0.0
4827,0,0.0
4828,0,0.0
4829,0,0.0
4830,0,0.0
4831,0,0.0
4832,0,0.0
4833,0,0.0
4834,0,0.0
4835,0,0.0
4836,0,0.0
4837,0,0.0
4838,0,0.0
4839,0,0.0
4840,0,0.0
4841,0,0.0
4842,0,0.0
4843,0,0.0
4844,0,0.0
4845,0,0.0
4846,0,0.0
4847,0,0.0
4848,0,0.0
4849,0,0.0
4850,0,0.0
4851,0,0.0
4852,0,0.0
4853,0,0.0
4854,0,0.0
4855,0,0.0
4856,0,0.0
4857,0,0.0
4858,0,0.0
4859,0,0.0
4860,0,0.0
4861,0,0.0
4862,0,0.0
4863,0,0.0
4864,0,0.0
4865,0,0.0
4866,0,0.0
4867,0,0.0
4868,0,0.0
4869,0,0.0
4870,0,0.0
4871,0,0.0
4872,0,0.0
4983,2,4.294425835265825e-05
4984,1,2.1472129176329125e-05
4985,0,0.0
4986,0,0.0
4987,0,0.0
4988,0,0.0
4989,0,0.0
4990,0,0.0
4991,0,0.0
4992,0,0.0
4993,0,0.0
4994,0,0.0
4995,0,0.0
4996,0,0.0
4997,0,0.0
4998,0,0.0
4999,0,0.0
5000,0,0.0
5001,0,0.0
5002,0,0.0
5003,0,0.0
5004,0,0.0
5005,0,0.0
5006,1,2.1472129176329125e-05
5007,1,2.1472129176329125e-05
5008,5,0.00010736064588164563
5009,5,0.00010736064588164563
5010,5,0.00010736064588164563
5011,4,8.58885167053165e-05
5012,2,4.294425835265825e-05
5013,0,0.0
5014,0,0.0
5015,0,0.0
5016,0,0.0
5017,0,0.0
5018,0,0.0
5019,0,0.0
5020,0,0.0
5021,0,0.0
5022,0,0.0
5023,0,0.0
5024,0,0.0
5025,0,0.0
5026,0,0.0
5027,0,0.0
5028,0,0.0
5029,0,0.0
5030,0,0.0
5031,0,0.0
5142,1,2.1472129176329125e-05
5143,1,2.1472129176329125e-05
5144,0,0.0
5145,0,0.0
5146,0,0.0
5147,0,0.0
5148,0,0.0
5149,0,0.0
5150,0,0.0
5151,0,0.0
5152,0,0.0
5153,0,0.0
5154,0,0.0
5155,0,0.0
5156,0,0.0
5157,0,0.0
5158,0,0.0
5159,0,0.0
5160,0,0.0
5161,0,0.0
5162,0,0.0
5163,0,0.0
5164,3,6.441638752898738e-05
5165,8,0.000171777033410633
5166,17,0.0003650261959975951
5167,25,0.0005368032294082281
5168,26,0.0005582753585845572
5169,21,0.0004509147127029116
5170,16,0.000343554066821266
5171,10,0.00021472129176329125
5172,4,8.58885167053165e-05
5173,0,0.0
5174,0,0.0
5175,0,0.0
5176,0,0.0
5177,0,0.0
5178,0,0.0
5179,0,0.0
5180,0,0.0
5181,0,0.0
5182,0,0.0
5183,0,0.0
5184,0,0.0
5185,0,0.0
5186,0,0.0
5187,0,0.0
5188,0,0.0
5189,0,0.0
5302,0,0.0
5303,0,0.0
5304,0,0.0
5305,0,0.0
5306,0,0.0
5307,0,0.0
5308,0,0.0
5309,0,0.0
5310,0,0.0
5311,0,0.0
5312,0,0.0
5313,0,0.0
5314,0,0.0
5315,0,0.0
5316,0,0.0
5317,0,0.0
5318,0,0.0
5319,0,0.0
5320,0,0.0
5321,0,0.0
5322,4,8.58885167053165e-05
5323,16,0.000343554066821266
5324,30,0.0006441638752898738
5325,37,0.0007944687795241776
5326,39,0.0008374130378768359
5327,38,0.0008159409087005068
5328,38,0.0008159409087005068
5329,36,0.0007729966503478485
5330,23,0.0004938589710555698
5331,16,0.000343554066821266
5332,4,8.58885167053165e-05
5333,0,0.0
5334,0,0.0
5335,0,0.0
5336,0,0.0
5337,0,0.0
5338,0,0.0
5339,0,0.0
5340,0,0.0
5341,0,0.0
5342,0,0.0
5343,0,0.0
5344,0,0.0
5345,0,0.0
5346,0,0.0
5347,0,0.0
5348,0,0.0
5461,0,0.0
5462,0,0.0
5463,0,0.0
5464,0,0.0
5465,0,0.0
5466,0,0.0
5467,0,0.0
5468,0,0.0
5469,0,0.0
5470,0,0.0
5471,0,0.0
5472,0,0.0
5473,0,0.0
5474,0,0.0
5475,0,0.0
5476,0,0.0
5477,0,0.0
5478,0,0.0
5479,0,0.0
5480,0,0.0
5481,16,0.000343554066821266
5482,30,0.0006441638752898738
5483,41,0.0008803572962294941
5484,46,0.0009877179421111397
5485,43,0.0009233015545821524
5486,41,0.0008803572962294941
5487,41,0.0008803572962294941
5488,39,0.0008374130378768359
5489,37,0.0007944687795241776
5490,22,0.00047238684187924073
5491,13,0.0002791376792922786
5492,0,0.0
5493,0,0.0
5494,0,0.0
5495,0,0.0
5496,0,0.0
5497,0,0.0
5498,0,0.0
5499,0,0.0
5500,0,0.0
5501,0,0.0
5502,0,0.0
5503,0,0.0
5504,0,0.0
5505,0,0.0
5506,0,0.0
5507,0,0.0
5620,0,0.0
5621,0,0.0
5622,0,0.0
5623,0,0.0
5624,0,0.0
5625,0,0.0
5626,0,0.0
5627,0,0.0
5628,0,0.0
5629,0,0.0
5630,0,0.0
5631,0,0.0
5632,0,0.0
5633,0,0.0
5634,0,0.0
5635,0,0.0
5636,0,0.0
5637,0,0.0
5638,3,6.441638752898738e-05
5639,10,0.00021472129176329125
5640,29,0.0006226917461135446
5641,40,0.000858885167053165
5642,51,0.0010950785879927853
5643,52,0.0011165507171691145
5644,52,0.0011165507171691145
5645,50,0.0010736064588164561
5646,47,0.0010091900712874689
5647,41,0.0008803572962294941
5648,41,0.0008803572962294941
5649,29,0.0006226917461135446
5650,20,0.0004294425835265825
5651,5,0.00010736064588164563
5652,0,0.0
5653,0,0.0
5654,0,0.0
5655,0,0.0
5656,0,0.0
5657,0,0.0
5658,0,0.0
5659,0,0.0
5660,0,0.0
5661,0,0.0
5662,0,0.0
5663,0,0.0
5664,0,0.0
5665,0,0.0
5666,0,0.0
5780,0,0.0
5781,0,0.0
5782,0,0.0
5783,0,0.0
5784,0,0.0
5785,0,0.0
5786,0,0.0
5787,0,0.0
5788,0,0.0
5789,0,0.0
5790,0,0.0
5791,0,0.0
5792,0,0.0
5793,2,4.294425835265825e-05
5794,9,0.00019324916258696212
5795,25,0.0005368032294082281
5796,44,0.0009447736837584815
5797,56,0.001202439233874431
5798,59,0.0012668556214034184
5799,67,0.0014386326548140513
5800,63,0.0013527441381087349
5801,58,0.0012453834922270892
5802,54,0.0011594949755217728
5803,54,0.0011594949755217728
5804,54,0.0011594949755217728
5805,52,0.0011165507171691145
5806,46,0.0009877179421111397
5807,41,0.0008803572962294941
5808,31,0.0006656360044662028
5809,20,0.0004294425835265825
5810,8,0.000171777033410633
5811,2,4.294425835265825e-05
5812,0,0.0
5813,0,0.0
5814,0,0.0
5815,0,0.0
5816,0,0.0
5817,0,0.0
5818,0,0.0
5819,0,0.0
5820,0,0.0
5821,0,0.0
5822,0,0.0
5823,0,0.0
5824,0,0.0
5940,0,0.0
5941,0,0.0
5942,0,0.0
5943,0,0.0
5944,0,0.0
5945,0,0.0
5946,1,2.1472129176329125e-05
5947,1,2.1472129176329125e-05
5948,1,2.1472129176329125e-05
5949,4,8.58885167053165e-05
5950,20,0.0004294425835265825
5951,33,0.0007085802628188611
5952,55,0.001180967104698102
5953,76,0.0016318818174010136
5954,92,0.0019754358842222794
5955,111,0.0023834063385725327
5956,122,0.002619599759512153
5957,126,0.0027054882762174697
5958,128,0.002748432534570128
5959,112,0.002404878467748862
5960,102,0.0021901571759855706
5961,70,0.0015030490423430388
5962,58,0.0012453834922270892
5963,56,0.001202439233874431
5964,53,0.0011380228463454436
5965,49,0.0010521343296401272
5966,41,0.0008803572962294941
5967,31,0.0006656360044662028
5968,19,0.0004079704543502534
5969,8,0.000171777033410633
5970,2,4.294425835265825e-05
5971,0,0.0
5972,0,0.0
5973,0,0.0
5974,0,0.0
5975,0,0.0
5976,0,0.0
5977,0,0.0
5978,0,0.0
5979,0,0.0
5980,0,0.0
5981,0,0.0
5982,0,0.0
5983,0,0.0
5984,3,6.441638752898738e-05
5985,4,8.58885167053165e-05
5986,4,8.58885167053165e-05
6099,0,0.0
6100,0,0.0
6101,0,0.0
6102,0,0.0
6103,1,2.1472129176329125e-05
6104,1,2.1472129176329125e-05
6105,1,2.1472129176329125e-05
6106,4,8.58885167053165e-05
6107,10,0.00021472129176329125
6108,28,0.0006012196169372155
6109,43,0.0009233015545821524
6110,67,0.0014386326548140513
6111,95,0.002039852271751267
6112,130,0.0027913767929227864
6113,165,0.0035429013140943055
6114,179,0.0038435111225629134
6115,186,0.003993816026797217
6116,180,0.0038649832517392425
6117,177,0.003800566864210255
6118,160,0.00343554066821266
6119,132,0.0028343210512754443
6120,102,0.0021901571759855706
6121,69,0.0014815769131667096
6122,59,0.0012668556214034184
6123,54,0.0011594949755217728
6124,50,0.0010736064588164561
6125,43,0.0009233015545821524
6126,29,0.0006226917461135446
6127,18,0.00038649832517392423
6128,8,0.000171777033410633
6129,2,4.294425835265825e-05
6130,2,4.294425835265825e-05
6131,0,0.0
6132,0,0.0
6133,0,0.0
6134,0,0.0
6135,0,0.0
6136,0,0.0
6137,0,0.0
6138,0,0.0
6139,0,0.0
6140,0,0.0
6141,0,0.0
6142,0,0.0
6143,4,8.58885167053165e-05
6144,4,8.58885167053165e-05
6145,4,8.58885167053165e-05
6146,4,8.58885167053165e-05
6147,4,8.58885167053165e-05
6258,0,0.0
6259,0,0.0
6260,0,0.0
6261,1,2.1472129176329125e-05
6262,1,2.1472129176329125e-05
6263,1,2.1472129176329125e-05
6264,2,4.294425835265825e-05
6265,8,0.000171777033410633
6266,23,0.0004938589710555698
6267,39,0.0008374130378768359
6268,56,0.001202439233874431
6269,93,0.0019969080133986085
6270,129,0.0027699046637464572
6271,186,0.003993816026797217
6272,235,0.0050459503564373445
6273,258,0.0055398093274929144
6274,262,0.005625697844198231
6275,256,0.005496865069140256
6276,250,0.005368032294082281
6277,229,0.0049171175813793695
6278,188,0.004036760285149875
6279,145,0.003113458730567723
6280,84,0.0018036588508116465
6281,62,0.0013312720089324057
6282,58,0.0012453834922270892
6283,50,0.0010736064588164561
6284,41,0.0008803572962294941
6285,25,0.0005368032294082281
6286,13,0.0002791376792922786
6287,3,6.441638752898738e-05
6288,2,4.294425835265825e-05
6289,2,4.294425835265825e-05
6290,0,0.0
6291,0,0.0
6292,0,0.0
6293,0,0.0
6294,0,0.0
6295,0,0.0
6296,0,0.0
6297,0,0.0
6298,0,0.0
6299,0,0.0
6300,0,0.0
6301,0,0.0
6302,4,8.58885167053165e-05
6303,4,8.58885167053165e-05
6304,4,8.58885167053165e-05
6305,4,8.58885167053165e-05
6306,4,8.58885167053165e-05
6307,4,8.58885167053165e-05
6418,0,0.0
6419,0,0.0
6420,1,2.1472129176329125e-05
6421,1,2.1472129176329125e-05
6422,1,2.1472129176329125e-05
6423,5,0.00010736064588164563
6424,13,0.0002791376792922786
6425,28,0.0006012196169372155
6426,46,0.0009877179421111397
6427,73,0.001567465429872026
6428,115,0.0024692948552778493
6429,165,0.0035429013140943055
6430,251,0.00538950442325861
6431,301,0.006463110882075067
6432,333,0.007150219015717598
6433,363,0.0077943828910074725
6434,345,0.007407884565833548
6435,303,0.006506055140427725
6436,281,0.006033668298548484
6437,241,0.0051747831314953195
6438,195,0.00418706518938418
6439,117,0.0025122391136305077
6440,70,0.0015030490423430388
6441,58,0.0012453834922270892
6442,48,0.001030662200463798
6443,28,0.0006012196169372155
6444,14,0.00030060980846860773
6445,8,0.000171777033410633
6446,3,6.441638752898738e-05
6447,2,4.294425835265825e-05
6448,2,4.294425835265825e-05
6449,0,0.0
6450,0,0.0
6451,0,0.0
6452,0,0.0
6453,0,0.0
6454,0,0.0
6455,0,0.0
6456,0,0.0
6457,0,0.0
6458,0,0.0
6459,0,0.0
6460,0,0.0
6461,4,8.58885167053165e-05
6462,4,8.58885167053165e-05
6463,4,8.58885167053165e-05
6464,4,8.58885167053165e-05
6465,4,8.58885167053165e-05
6466,4,8.58885167053165e-05
6577,0,0.0
6578,0,0.0
6579,1,2.1472129176329125e-05
6580,1,2.1472129176329125e-05
6581,1,2.1472129176329125e-05
6582,5,0.00010736064588164563
6583,15,0.0003220819376449369
6584,31,0.0006656360044662028
6585,53,0.0011380228463454436
6586,83,0.0017821867216353173
6587,137,0.00294168169715709
6588,213,0.004573563514558104
6589,298,0.006398694494546079
6590,354,0.00760113372842051
6591,401,0.008610323799707978
6592,421,0.009039766383234562
6593,431,0.009254487674997853
6594,391,0.008395602507944688
6595,337,0.007236107532422915
6596,294,0.006312805977840763
6597,229,0.0049171175813793695
6598,145,0.003113458730567723
6599,75,0.0016104096882246844
6600,43,0.0009233015545821524
6601,27,0.0005797474877608864
6602,13,0.0002791376792922786
6603,5,0.00010736064588164563
6604,3,6.441638752898738e-05
6605,3,6.441638752898738e-05
6606,2,4.294425835265825e-05
6607,0,0.0
6608,0,0.0
6609,0,0.0
6610,0,0.0
6611,0,0.0
6612,0,0.0
6613,0,0.0
6614,0,0.0
6615,0,0.0
6616,0,0.0
6617,0,0.0
6618,0,0.0
6619,0,0.0
6620,3,6.441638752898738e-05
6621,4,8.58885167053165e-05
6622,4,8.58885167053165e-05
6623,4,8.58885167053165e-05
6624,4,8.58885167053165e-05
6737,0,0.0
6738,1,2.1472129176329125e-05
6739,1,2.1472129176329125e-05
6740,1,2.1472129176329125e-05
6741,5,0.00010736064588164563
6742,15,0.0003220819376449369
6743,31,0.0006656360044662028
6744,57,0.00122391136305076
6745,93,0.0019969080133986085
6746,156,0.0033496521515073434
6747,243,0.005217727389847977
6748,335,0.007193163274070257
6749,397,0.008524435283002663
6750,447,0.009598041741819118
6751,479,0.010285149875461651
6752,494,0.010607231813106587
6753,473,0.010156317100403676
6754,416,0.008932405737352916
6755,344,0.007386412436657219
6756,258,0.0055398093274929144
6757,161,0.0034570127973889892
6758,82,0.0017607145924589881
6759,19,0.0004079704543502534
6760,7,0.00015030490423430386
6761,3,6.441638752898738e-05
6762,3,6.441638752898738e-05
6763,3,6.441638752898738e-05
6764,2,4.294425835265825e-05
6765,2,4.294425835265825e-05
6766,0,0.0
6767,0,0.0
6768,0,0.0
6769,0,0.0
6770,0,0.0
6771,0,0.0
6772,0,0.0
6773,0,0.0
6774,0,0.0
6775,0,0.0
6776,0,0.0
6777,0,0.0
6778,0,0.0
6779,0,0.0
6780,4,8.58885167053165e-05
6781,4,8.58885167053165e-05
6782,4,8.58885167053165e-05
6783,4,8.58885167053165e-05
6896,0,0.0
6897,1,2.1472129176329125e-05
6898,1,2.1472129176329125e-05
6899,1,2.1472129176329125e-05
6900,5,0.00010736064588164563
6901,14,0.00030060980846860773
6902,29,0.0006226917461135446
6903,59,0.0012668556214034184
6904,99,0.0021257407884565835
6905,167,0.003585845572446964
6906,254,0.005453920810787598
6907,361,0.007751438632654814
6908,441,0.009469208966761145
6909,510,0.010950785879927854
6910,531,0.011401700592630765
6911,530,0.011380228463454435
6912,513,0.011015202267456841
6913,456,0.00979129090440608
6914,383,0.008223825474534055
6915,282,0.0060551404277248136
6916,194,0.00416559306020785
6917,95,0.002039852271751267
6918,25,0.0005368032294082281
6919,3,6.441638752898738e-05
6920,3,6.441638752898738e-05
6921,3,6.441638752898738e-05
6922,2,4.294425835265825e-05
6923,2,4.294425835265825e-05
6924,0,0.0
6925,0,0.0
6926,0,0.0
6927,0,0.0
6928,0,0.0
6929,0,0.0
6930,0,0.0
6931,0,0.0
6932,0,0.0
6933,0,0.0
6934,0,0.0
6935,0,0.0
6936,0,0.0
6937,0,0.0
6938,0,0.0
6939,2,4.294425835265825e-05
6940,4,8.58885167053165e-05
6941,4,8.58885167053165e-05
7055,0,0.0
7056,1,2.1472129176329125e-05
7057,1,2.1472129176329125e-05
7058,1,2.1472129176329125e-05
7059,3,6.441638752898738e-05
7060,11,0.00023619342093962037
7061,21,0.0004509147127029116
7062,56,0.001202439233874431
7063,97,0.002082796530103925
7064,158,0.0033925964098600017
7065,260,0.005582753585845573
7066,354,0.00760113372842051
7067,455,0.009769818775229751
7068,526,0.011294339946749119
7069,546,0.011723782530275702
7070,540,0.011594949755217727
7071,522,0.011208451430043804
7072,460,0.009877179421111397
7073,381,0.008180881216181397
7074,282,0.0060551404277248136
7075,185,0.003972343897620888
7076,115,0.0024692948552778493
7077,35,0.0007515245211715194
7078,0,0.0
7079,1,2.1472129176329125e-05
7080,1,2.1472129176329125e-05
7081,0,0.0
7082,0,0.0
7083,0,0.0
7084,0,0.0
7085,0,0.0
7086,0,0.0
7087,0,0.0
7088,0,0.0
7089,0,0.0
7090,0,0.0
7091,0,0.0
7092,0,0.0
7093,0,0.0
7094,0,0.0
7095,0,0.0
7096,0,0.0
7097,0,0.0
7098,0,0.0
7099,0,0.0
7100,0,0.0
7215,0,0.0
7216,1,2.1472129176329125e-05
7217,1,2.1472129176329125e-05
7218,1,2.1472129176329125e-05
7219,5,0.00010736064588164563
7220,14,0.00030060980846860773
7221,40,0.000858885167053165
7222,82,0.0017607145924589881
7223,146,0.003134930859744052
7224,251,0.00538950442325861
7225,328,0.007042858369835953
7226,423,0.00908271064158722
7227,512,0.010993730138280512
7228,535,0.011487589109336081
7229,520,0.011165507171691146
7230,486,0.010435454779695954
7231,449,0.009640986000171776
7232,381,0.008180881216181397
7233,271,0.005818947006785193
7234,194,0.00416559306020785
7235,126,0.0027054882762174697
7236,42,0.0009018294254058232
7237,0,0.0
7238,0,0.0
7239,0,0.0
7240,0,0.0
7241,0,0.0
7242,0,0.0
7243,0,0.0
7244,0,0.0
7245,0,0.0
7246,0,0.0
7247,0,0.0
7248,0,0.0
7249,0,0.0
7250,0,0.0
7251,0,0.0
7252,0,0.0
7253,0,0.0
7254,0,0.0
7255,0,0.0
7256,0,0.0
7257,0,0.0
7258,0,0.0
7374,0,0.0
7375,0,0.0
7376,1,2.1472129176329125e-05
7377,1,2.1472129176329125e-05
7378,1,2.1472129176329125e-05
7379,3,6.441638752898738e-05
7380,16,0.000343554066821266
7381,59,0.0012668556214034184
7382,126,0.0027054882762174697
7383,202,0.004337370093618483
7384,266,0.005711586360903547
7385,343,0.00736494030748089
7386,422,0.00906123851241089
7387,450,0.009662458129348106
7388,453,0.009726874516877093
7389,458,0.009834235162758739
7390,427,0.009168599158292537
7391,362,0.007772910761831143
7392,276,0.0059263076526668386
7393,215,0.004616507772910762
7394,157,0.0033711242806836726
7395,65,0.0013956883964613932
7396,4,8.58885167053165e-05
7397,0,0.0
7398,0,0.0
7399,0,0.0
7400,0,0.0
7401,0,0.0
7402,0,0.0
7403,0,0.0
7404,0,0.0
7405,0,0.0
7406,0,0.0
7407,0,0.0
7408,0,0.0
7409,0,0.0
7410,0,0.0
7411,0,0.0
7412,0,0.0
7413,0,0.0
7414,0,0.0
7415,0,0.0
7416,0,0.0
7417,0,0.0
7533,0,0.0
7534,0,0.0
7535,0,0.0
7536,0,0.0
7537,0,0.0
7538,0,0.0
7539,0,0.0
7540,28,0.0006012196169372155
7541,83,0.0017821867216353173
7542,149,0.0031993472472730397
7543,200,0.0042944258352658245
7544,272,0.005840419135961522
7545,342,0.007343468178304561
7546,394,0.008460018895473676
7547,412,0.008846517220647599
7548,416,0.008932405737352916
7549,408,0.008760628703942282
7550,347,0.007450828824186206
7551,280,0.006012196169372155
7552,229,0.0049171175813793695
7553,168,0.003607317701623293
7554,101,0.0021686850468092414
7555,36,0.0007729966503478485
7556,4,8.58885167053165e-05
7557,0,0.0
7558,0,0.0
7559,0,0.0
7560,0,0.0
7561,0,0.0
7562,0,0.0
7563,0,0.0
7564,0,0.0
7565,0,0.0
7566,0,0.0
7567,0,0.0
7568,0,0.0
7569,0,0.0
7570,0,0.0
7571,0,0.0
7572,0,0.0
7573,0,0.0
7574,0,0.0
7575,0,0.0
7692,0,0.0
7693,0,0.0
7694,0,0.0
7695,0,0.0
7696,0,0.0
7697,0,0.0
7698,0,0.0
7699,7,0.00015030490423430386
7700,50,0.0010736064588164561
7701,109,0.0023404620802198748
7702,163,0.003499957055741647
7703,210,0.004509147127029116
7704,279,0.005990724040195826
7705,345,0.007407884565833548
7706,402,0.008631795928884307
7707,404,0.008674740187236966
7708,386,0.008288241862063042
7709,344,0.007386412436657219
7710,279,0.005990724040195826
7711,242,0.005196255260671648
7712,194,0.00416559306020785
7713,144,0.003091986601391394
7714,88,0.001889547367516963
7715,37,0.0007944687795241776
7716,12,0.0002576655501159495
7717,5,0.00010736064588164563
7718,0,0.0
7719,0,0.0
7720,0,0.0
7721,0,0.0
7722,0,0.0
7723,0,0.0
7724,0,0.0
7725,0,0.0
7726,0,0.0
7727,0,0.0
7728,0,0.0
7729,0,0.0
7730,0,0.0
7731,0,0.0
7732,0,0.0
7733,0,0.0
7734,0,0.0
7851,0,0.0
7852,0,0.0
7853,0,0.0
7854,0,0.0
7855,0,0.0
7856,0,0.0
7857,1,2.1472129176329125e-05
7858,3,6.441638752898738e-05
7859,27,0.0005797474877608864
7860,65,0.0013956883964613932
7861,115,0.0024692948552778493
7862,157,0.0033711242806836726
7863,220,0.004723868418792408
7864,286,0.006141028944430129
7865,345,0.007407884565833548
7866,356,0.007644077986773168
7867,349,0.007493773082538864
7868,316,0.0067851928197200035
7869,294,0.006312805977840763
7870,242,0.005196255260671648
7871,190,0.004079704543502534
7872,148,0.0031778751180967105
7873,109,0.0023404620802198748
7874,63,0.0013527441381087349
7875,28,0.0006012196169372155
7876,12,0.0002576655501159495
7877,4,8.58885167053165e-05
7878,0,0.0
7879,0,0.0
7880,0,0.0
7881,0,0.0
7882,0,0.0
7883,0,0.0
7884,0,0.0
7885,0,0.0
7886,0,0.0
7887,0,0.0
7888,0,0.0
7889,0,0.0
7890,0,0.0
7891,0,0.0
7892,0,0.0
7893,0,0.0
8003,0,0.0
8004,0,0.0
8005,0,0.0
8006,0,0.0
8007,0,0.0
8008,0,0.0
8009,0,0.0
8011,0,0.0
8012,0,0.0
8013,2,4.294425835265825e-05
8014,4,8.58885167053165e-05
8015,6,0.00012883277505797475
8016,7,0.00015030490423430386
8017,13,0.0002791376792922786
8018,24,0.000515331100231899
8019,49,0.0010521343296401272
8020,72,0.001545993300695697
8021,112,0.002404878467748862
8022,156,0.0033496521515073434
8023,212,0.0045520913853817745
8024,268,0.005754530619256205
8025,312,0.006699304303014687
8026,317,0.006806664948896333
8027,301,0.006463110882075067
8028,284,0.006098084686077471
8029,243,0.005217727389847977
8030,196,0.004208537318560509
8031,156,0.0033496521515073434
8032,126,0.0027054882762174697
8033,73,0.001567465429872026
8034,38,0.0008159409087005068
8035,19,0.0004079704543502534
8036,8,0.000171777033410633
8037,0,0.0
8038,0,0.0
8039,0,0.0
8040,0,0.0
8041,0,0.0
8042,0,0.0
8043,0,0.0
8044,0,0.0
8045,0,0.0
8046,0,0.0
8047,0,0.0
8048,0,0.0
8049,0,0.0
8050,0,0.0
8051,0,0.0
8052,0,0.0
8053,0,0.0
8056,0,0.0
8057,0,0.0
8058,0,0.0
8160,0,0.0
8161,0,0.0
8162,0,0.0
8163,0,0.0
8164,0,0.0
8165,0,0.0
8166,0,0.0
8167,0,0.0
8168,0,0.0
8169,0,0.0
8170,0,0.0
8171,3,6.441638752898738e-05
8172,6,0.00012883277505797475
8173,8,0.000171777033410633
8174,13,0.0002791376792922786
8175,14,0.00030060980846860773
8176,21,0.0004509147127029116
8177,22,0.00047238684187924073
8178,36,0.0007729966503478485
8179,58,0.0012453834922270892
8180,84,0.0018036588508116465
8181,115,0.0024692948552778493
8182,147,0.0031564029889203813
8183,225,0.004831229064674053
8184,267,0.005733058490079876
8185,283,0.006076612556901143
8186,276,0.0059263076526668386
8187,264,0.0056686421025508886
8188,241,0.0051747831314953195
8189,204,0.004380314351971141
8190,169,0.003628789830799622
8191,133,0.0028557931804517734
8192,85,0.0018251309799879756
8193,39,0.0008374130378768359
8194,24,0.000515331100231899
8195,11,0.00023619342093962037
8196,0,0.0
8197,0,0.0
8198,0,0.0
8199,0,0.0
8200,0,0.0
8201,0,0.0
8202,0,0.0
8203,0,0.0
8204,0,0.0
8205,0,0.0
8206,0,0.0
8207,0,0.0
8208,0,0.0
8209,0,0.0
8210,0,0.0
8211,0,0.0
8212,0,0.0
8214,0,0.0
8215,0,0.0
8216,0,0.0
8217,0,0.0
8218,0,0.0
8219,0,0.0
8220,0,0.0
8221,0,0.0
8318,0,0.0
8319,0,0.0
8320,0,0.0
8321,0,0.0
8322,0,0.0
8323,0,0.0
8324,0,0.0
8325,0,0.0
8326,0,0.0
8327,0,0.0
8328,0,0.0
8329,0,0.0
8330,6,0.00012883277505797475
8331,11,0.00023619342093962037
8332,15,0.0003220819376449369
8333,19,0.0004079704543502534
8334,22,0.00047238684187924073
8335,27,0.0005797474877608864
8336,25,0.0005368032294082281
8337,32,0.000687108133642532
8338,38,0.0008159409087005068
8339,63,0.0013527441381087349
8340,87,0.0018680752383406338
8341,123,0.0026410718886884822
8342,191,0.004101176672678863
8343,241,0.0051747831314953195
8344,254,0.005453920810787598
8345,252,0.0054109765524349394
8346,250,0.005368032294082281
8347,237,0.005088894614790003
8348,217,0.00465945203126342
8349,180,0.0038649832517392425
8350,139,0.0029846259555097484
8351,82,0.0017607145924589881
8352,44,0.0009447736837584815
8353,25,0.0005368032294082281
8354,13,0.0002791376792922786
8355,0,0.0
8356,0,0.0
8357,0,0.0
8358,0,0.0
8359,0,0.0
8360,0,0.0
8361,0,0.0
8362,0,0.0
8363,0,0.0
8364,0,0.0
8365,0,0.0
8366,0,0.0
8367,0,0.0
8368,0,0.0
8369,0,0.0
8370,0,0.0
8372,0,0.0
8373,0,0.0
8374,0,0.0
8375,0,0.0
8376,0,0.0
8377,0,0.0
8378,0,0.0
8379,0,0.0
8476,0,0.0
8477,0,0.0
8478,0,0.0
8479,0,0.0
8480,0,0.0
8481,0,0.0
8482,0,0.0
8483,0,0.0
8484,0,0.0
8485,0,0.0
8486,0,0.0
8487,0,0.0
8488,3,6.441638752898738e-05
8489,10,0.00021472129176329125
8490,15,0.0003220819376449369
8491,19,0.0004079704543502534
8492,22,0.00047238684187924073
8493,22,0.00047238684187924073
8494,28,0.0006012196169372155
8495,28,0.0006012196169372155
8496,29,0.0006226917461135446
8497,39,0.0008374130378768359
8498,54,0.0011594949755217728
8499,73,0.001567465429872026
8500,108,0.0023189899510435456
8501,166,0.0035643734432706346
8502,227,0.004874173323026711
8503,243,0.005217727389847977
8504,247,0.005303615906553294
8505,246,0.0052821437773769644
8506,234,0.005024478227261015
8507,220,0.004723868418792408
8508,184,0.003950871768444559
8509,128,0.002748432534570128
8510,79,0.0016962982049300009
8511,43,0.0009233015545821524
8512,25,0.0005368032294082281
8513,13,0.0002791376792922786
8514,0,0.0
8515,0,0.0
8516,0,0.0
8517,0,0.0
8518,0,0.0
8519,0,0.0
8520,0,0.0
8521,0,0.0
8522,0,0.0
8523,0,0.0
8524,0,0.0
8525,0,0.0
8526,0,0.0
8527,0,0.0
8528,0,0.0
8529,0,0.0
8530,0,0.0
8531,0,0.0
8532,0,0.0
8533,0,0.0
8534,0,0.0
8535,0,0.0
8634,0,0.0
8635,0,0.0
8636,0,0.0
8637,0,0.0
8638,0,0.0
8639,0,0.0
8640,0,0.0
8641,0,0.0
8642,0,0.0
8643,0,0.0
8644,0,0.0
8645,0,0.0
8646,0,0.0
8647,7,0.00015030490423430386
8648,14,0.00030060980846860773
8649,19,0.0004079704543502534
8650,27,0.0005797474877608864
8651,31,0.0006656360044662028
8652,31,0.0006656360044662028
8653,37,0.0007944687795241776
8654,38,0.0008159409087005068
8655,34,0.0007300523919951902
8656,35,0.0007515245211715194
8657,46,0.0009877179421111397
8658,77,0.0016533539465773425
8659,110,0.002361934209396204
8660,151,0.003242291505625698
8661,202,0.004337370093618483
8662,233,0.005003006098084686
8663,235,0.0050459503564373445
8664,239,0.005131838873142661
8665,225,0.004831229064674053
8666,202,0.004337370093618483
8667,169,0.003628789830799622
8668,121,0.002598127630335824
8669,70,0.0015030490423430388
8670,41,0.0008803572962294941
8671,23,0.0004938589710555698
8672,10,0.00021472129176329125
8673,0,0.0
8674,0,0.0
8675,0,0.0
8676,0,0.0
8677,0,0.0
8678,0,0.0
8679,0,0.0
8680,0,0.0
8681,0,0.0
8682,0,0.0
8683,0,0.0
8684,0,0.0
8685,0,0.0
8686,0,0.0
8687,0,0.0
8688,0,0.0
8689,0,0.0
8690,0,0.0
8691,0,0.0
8692,0,0.0
8693,0,0.0
8694,0,0.0
8791,0,0.0
8792,0,0.0
8793,0,0.0
8794,0,0.0
8795,0,0.0
8796,0,0.0
8797,0,0.0
8798,0,0.0
8799,0,0.0
8800,0,0.0
8801,0,0.0
8802,0,0.0
8803,0,0.0
8804,0,0.0
8805,3,6.441638752898738e-05
8806,12,0.0002576655501159495
8807,22,0.00047238684187924073
8808,32,0.000687108133642532
8809,36,0.0007729966503478485
8810,36,0.0007729966503478485
8811,36,0.0007729966503478485
8812,35,0.0007515245211715194
8813,40,0.000858885167053165
8814,41,0.0008803572962294941
8815,41,0.0008803572962294941
8816,47,0.0010091900712874689
8817,70,0.0015030490423430388
8818,110,0.002361934209396204
8819,139,0.0029846259555097484
8820,168,0.003607317701623293
8821,185,0.003972343897620888
8822,212,0.0045520913853817745
8823,208,0.004466202868676458
8824,198,0.004251481576913167
8825,172,0.0036932062183286096
8826,146,0.003134930859744052
8827,102,0.0021901571759855706
8828,55,0.001180967104698102
8829,36,0.0007729966503478485
8830,17,0.0003650261959975951
8831,3,6.441638752898738e-05
8832,0,0.0
8833,0,0.0
8834,0,0.0
8835,0,0.0
8836,0,0.0
8837,0,0.0
8838,0,0.0
8839,0,0.0
8840,0,0.0
8841,0,0.0
8842,0,0.0
8843,0,0.0
8844,0,0.0
8845,0,0.0
8846,0,0.0
8847,0,0.0
8848,0,0.0
8849,0,0.0
8850,0,0.0
8851,0,0.0
8852,0,0.0
8950,0,0.0
8951,0,0.0
8952,0,0.0
8953,0,0.0
8954,0,0.0
8955,0,0.0
8956,0,0.0
8957,0,0.0
8958,0,0.0
8959,0,0.0
8960,0,0.0
8961,0,0.0
8962,0,0.0
8963,4,8.58885167053165e-05
8964,9,0.00019324916258696212
8965,17,0.0003650261959975951
8966,29,0.0006226917461135446
8967,39,0.0008374130378768359
8968,42,0.0009018294254058232
8969,45,0.0009662458129348106
8970,40,0.000858885167053165
8971,37,0.0007944687795241776
8972,38,0.0008159409087005068
8973,43,0.0009233015545821524
8974,51,0.0010950785879927853
8975,38,0.0008159409087005068
8976,73,0.001567465429872026
8977,115,0.0024692948552778493
8978,145,0.003113458730567723
8979,158,0.0033925964098600017
8980,169,0.003628789830799622
8981,180,0.0038649832517392425
8982,189,0.004058232414326205
8983,159,0.003414068539036331
8984,129,0.0027699046637464572
8985,117,0.0025122391136305077
8986,86,0.0018466031091643048
8987,41,0.0008803572962294941
8988,21,0.0004509147127029116
8989,6,0.00012883277505797475
8990,0,0.0
8991,0,0.0
8992,0,0.0
8993,0,0.0
8994,0,0.0
8995,0,0.0
8996,2,4.294425835265825e-05
8997,6,0.00012883277505797475
8998,6,0.00012883277505797475
8999,5,0.00010736064588164563
9000,4,8.58885167053165e-05
9001,3,6.441638752898738e-05
9002,0,0.0
9003,0,0.0
9004,0,0.0
9005,0,0.0
9006,0,0.0
9007,0,0.0
9008,0,0.0
9009,0,0.0
9110,0,0.0
9111,0,0.0
9112,0,0.0
9113,0,0.0
9114,0,0.0
9115,0,0.0
9116,0,0.0
9117,0,0.0
9118,0,0.0
9119,0,0.0
9120,0,0.0
9121,2,4.294425835265825e-05
9122,13,0.0002791376792922786
9123,14,0.00030060980846860773
9124,21,0.0004509147127029116
9125,38,0.0008159409087005068
9126,44,0.0009447736837584815
9127,44,0.0009447736837584815
9128,47,0.0010091900712874689
9129,48,0.001030662200463798
9130,39,0.0008374130378768359
9131,37,0.0007944687795241776
9132,39,0.0008374130378768359
9133,48,0.001030662200463798
9134,46,0.0009877179421111397
9135,57,0.00122391136305076
9136,86,0.0018466031091643048
9137,114,0.00244782272610152
9138,128,0.002748432534570128
9139,145,0.003113458730567723
9140,138,0.0029631538263334193
9141,131,0.0028128489220991156
9142,120,0.002576655501159495
9143,107,0.0022975178218672164
9144,84,0.0018036588508116465
9145,49,0.0010521343296401272
9146,19,0.0004079704543502534
9147,7,0.00015030490423430386
9148,0,0.0
9149,2,4.294425835265825e-05
9150,6,0.00012883277505797475
9151,12,0.0002576655501159495
9152,17,0.0003650261959975951
9153,15,0.0003220819376449369
9154,26,0.0005582753585845572
9155,31,0.0006656360044662028
9156,30,0.0006441638752898738
9157,29,0.0006226917461135446
9158,21,0.0004509147127029116
9159,17,0.0003650261959975951
9160,14,0.00030060980846860773
9161,8,0.000171777033410633
9162,0,0.0
9163,0,0.0
9164,0,0.0
9165,0,0.0
9166,0,0.0
9167,0,0.0
9168,0,0.0
9265,0,0.0
9266,0,0.0
9267,0,0.0
9268,0,0.0
9269,0,0.0
9270,0,0.0
9271,0,0.0
9272,0,0.0
9273,0,0.0
9274,0,0.0
9275,0,0.0
9276,0,0.0
9277,0,0.0
9278,0,0.0
9279,2,4.294425835265825e-05
9280,9,0.00019324916258696212
9281,14,0.00030060980846860773
9282,15,0.0003220819376449369
9283,22,0.00047238684187924073
9284,40,0.000858885167053165
9285,49,0.0010521343296401272
9286,52,0.0011165507171691145
9287,51,0.0010950785879927853
9288,52,0.0011165507171691145
9289,46,0.0009877179421111397
9290,38,0.0008159409087005068
9291,42,0.0009018294254058232
9292,45,0.0009662458129348106
9293,47,0.0010091900712874689
9294,47,0.0010091900712874689
9295,68,0.0014601047839903805
9296,93,0.0019969080133986085
9297,116,0.0024907669844541785
9298,124,0.0026625440178648114
9299,125,0.0026840161470411406
9300,125,0.0026840161470411406
9301,111,0.0023834063385725327
9302,98,0.0021042686592802544
9303,59,0.0012668556214034184
9304,27,0.0005797474877608864
9305,3,6.441638752898738e-05
9306,0,0.0
9307,5,0.00010736064588164563
9308,19,0.0004079704543502534
9309,29,0.0006226917461135446
9310,39,0.0008374130378768359
9311,52,0.0011165507171691145
9312,81,0.0017392424632826592
9313,92,0.0019754358842222794
9314,94,0.0020183801425749377
9315,86,0.0018466031091643048
9316,80,0.00171777033410633
9317,69,0.0014815769131667096
9318,45,0.0009662458129348106
9319,30,0.0006441638752898738
9320,22,0.00047238684187924073
9321,9,0.00019324916258696212
9322,0,0.0
9323,0,0.0
9324,0,0.0
9325,0,0.0
9423,0,0.0
9424,0,0.0
9425,0,0.0
9426,0,0.0
9427,0,0.0
9428,0,0.0
9429,0,0.0
9430,0,0.0
9431,0,0.0
9432,0,0.0
9433,0,0.0
9434,0,0.0
9435,0,0.0
9436,1,2.1472129176329125e-05
9437,6,0.00012883277505797475
9438,8,0.000171777033410633
9439,16,0.000343554066821266
9440,22,0.00047238684187924073
9441,29,0.0006226917461135446
9442,27,0.0005797474877608864
9443,48,0.001030662200463798
9444,58,0.0012453834922270892
9445,61,0.0013097998797560765
9446,60,0.0012883277505797476
9447,61,0.0013097998797560765
9448,59,0.0012668556214034184
9449,41,0.0008803572962294941
9450,43,0.0009233015545821524
9451,48,0.001030662200463798
9452,54,0.0011594949755217728
9453,46,0.0009877179421111397
9454,65,0.0013956883964613932
9455,87,0.0018680752383406338
9456,96,0.002061324400927596
9457,110,0.002361934209396204
9458,111,0.0023834063385725327
9459,105,0.002254573563514558
9460,92,0.0019754358842222794
9461,73,0.001567465429872026
9462,41,0.0008803572962294941
9463,13,0.0002791376792922786
9464,0,0.0
9465,10,0.00021472129176329125
9466,40,0.000858885167053165
9467,65,0.0013956883964613932
9468,75,0.0016104096882246844
9469,95,0.002039852271751267
9470,146,0.003134930859744052
9471,170,0.0036502619599759513
9472,188,0.004036760285149875
9473,175,0.0037576226058575967
9474,155,0.0033281800223310142
9475,130,0.0027913767929227864
9476,110,0.002361934209396204
9477,80,0.00171777033410633
9478,48,0.001030662200463798
9479,35,0.0007515245211715194
9480,20,0.0004294425835265825
9481,8,0.000171777033410633
9582,0,0.0
9583,0,0.0
9584,1,2.1472129176329125e-05
9585,1,2.1472129176329125e-05
9586,1,2.1472129176329125e-05
9587,0,0.0
9588,0,0.0
9589,0,0.0
9590,0,0.0
9591,0,0.0
9592,0,0.0
9593,0,0.0
9594,4,8.58885167053165e-05
9595,5,0.00010736064588164563
9596,8,0.000171777033410633
9597,8,0.000171777033410633
9598,19,0.0004079704543502534
9599,25,0.0005368032294082281
9600,34,0.0007300523919951902
9601,45,0.0009662458129348106
9602,58,0.0012453834922270892
9603,64,0.001374216267285064
9604,67,0.0014386326548140513
9605,68,0.0014601047839903805
9606,60,0.0012883277505797476
9607,60,0.0012883277505797476
9608,53,0.0011380228463454436
9609,40,0.000858885167053165
9610,44,0.0009447736837584815
9611,52,0.0011165507171691145
9612,56,0.001202439233874431
9613,61,0.0013097998797560765
9614,75,0.0016104096882246844
9615,81,0.0017392424632826592
9616,84,0.0018036588508116465
9617,84,0.0018036588508116465
9618,76,0.0016318818174010136
9619,64,0.001374216267285064
9620,53,0.0011380228463454436
9621,29,0.0006226917461135446
9622,25,0.0005368032294082281
9623,35,0.0007515245211715194
9624,61,0.0013097998797560765
9625,91,0.00195396375504595
9626,104,0.002233101434338229
9627,129,0.0027699046637464572
9628,188,0.004036760285149875
9629,228,0.00489564545220304
9630,253,0.005432448681611269
9631,262,0.005625697844198231
9632,262,0.005625697844198231
9633,244,0.005239199519024306
9634,211,0.004530619256205445
9635,177,0.003800566864210255
9636,141,0.0030275702138624068
9637,87,0.0018680752383406338
9638,51,0.0010950785879927853
9639,33,0.0007085802628188611
9640,14,0.00030060980846860773
9641,1,2.1472129176329125e-05
9740,4,8.58885167053165e-05
9741,4,8.58885167053165e-05
9742,3,6.441638752898738e-05
9743,3,6.441638752898738e-05
9744,3,6.441638752898738e-05
9745,3,6.441638752898738e-05
9746,2,4.294425835265825e-05
9747,0,0.0
9748,0,0.0
9749,0,0.0
9750,2,4.294425835265825e-05
9751,2,4.294425835265825e-05
9752,2,4.294425835265825e-05
9753,8,0.000171777033410633
9754,7,0.00015030490423430386
9755,11,0.00023619342093962037
9756,14,0.00030060980846860773
9757,22,0.00047238684187924073
9758,33,0.0007085802628188611
9759,46,0.0009877179421111397
9760,54,0.0011594949755217728
9761,58,0.0012453834922270892
9762,66,0.0014171605256377221
9763,77,0.0016533539465773425
9764,78,0.0016748260757536717
9765,75,0.0016104096882246844
9766,62,0.0013312720089324057
9767,52,0.0011165507171691145
9768,45,0.0009662458129348106
9769,47,0.0010091900712874689
9770,55,0.001180967104698102
9771,63,0.0013527441381087349
9772,66,0.0014171605256377221
9773,77,0.0016533539465773425
9774,78,0.0016748260757536717
9775,75,0.0016104096882246844
9776,71,0.0015245211715193678
9777,62,0.0013312720089324057
9778,52,0.0011165507171691145
9779,49,0.0010521343296401272
9780,40,0.000858885167053165
9781,46,0.0009877179421111397
9782,61,0.0013097998797560765
9783,91,0.00195396375504595
9784,129,0.0027699046637464572
9785,163,0.003499957055741647
9786,206,0.0044232586103237995
9787,274,0.00588336339431418
9788,314,0.006742248561367345
9789,342,0.007343468178304561
9790,344,0.007386412436657219
9791,367,0.007880271407712788
9792,345,0.007407884565833548
9793,296,0.006355750236193421
9794,243,0.005217727389847977
9795,201,0.004315897964442154
9796,136,0.002920209567980761
9797,73,0.001567465429872026
9798,47,0.0010091900712874689
9799,21,0.0004509147127029116
9800,6,0.00012883277505797475
9899,7,0.00015030490423430386
9900,7,0.00015030490423430386
9901,8,0.000171777033410633
9902,6,0.00012883277505797475
9903,7,0.00015030490423430386
9904,6,0.00012883277505797475
9905,6,0.00012883277505797475
9906,5,0.00010736064588164563
9907,11,0.00023619342093962037
9908,20,0.0004294425835265825
9909,21,0.0004509147127029116
9910,19,0.0004079704543502534
9911,20,0.0004294425835265825
9912,18,0.00038649832517392423
9913,14,0.00030060980846860773
9914,14,0.00030060980846860773
9915,16,0.000343554066821266
9916,21,0.0004509147127029116
9917,40,0.000858885167053165
9918,57,0.00122391136305076
9919,62,0.0013312720089324057
9920,70,0.0015030490423430388
9921,75,0.0016104096882246844
9922,86,0.0018466031091643048
9923,92,0.0019754358842222794
9924,89,0.001911019496693292
9925,77,0.0016533539465773425
9926,63,0.0013527441381087349
9927,54,0.0011594949755217728
9928,42,0.0009018294254058232
9929,54,0.0011594949755217728
9930,70,0.0015030490423430388
9931,68,0.0014601047839903805
9932,76,0.0016318818174010136
9933,76,0.0016318818174010136
9934,73,0.001567465429872026
9935,64,0.001374216267285064
9936,50,0.0010736064588164561
9937,48,0.001030662200463798
9938,54,0.0011594949755217728
9939,54,0.0011594949755217728
9940,65,0.0013956883964613932
9941,88,0.001889547367516963
9942,139,0.0029846259555097484
9943,190,0.004079704543502534
9944,242,0.005196255260671648
9945,307,0.006591943657133041
9946,373,0.008009104182770763
9947,407,0.008739156574765953
9948,427,0.009168599158292537
9949,444,0.00953362535429013
9950,451,0.009683930258524435
9951,423,0.00908271064158722
9952,370,0.007944687795241776
9953,307,0.006591943657133041
9954,242,0.005196255260671648
9955,167,0.003585845572446964
9956,104,0.002233101434338229
9957,61,0.0013097998797560765
9958,27,0.0005797474877608864
9959,10,0.00021472129176329125
10057,8,0.000171777033410633
10058,13,0.0002791376792922786
10059,22,0.00047238684187924073
10060,26,0.0005582753585845572
10061,27,0.0005797474877608864
10062,26,0.0005582753585845572
10063,20,0.0004294425835265825
10064,20,0.0004294425835265825
10065,29,0.0006226917461135446
10066,38,0.0008159409087005068
10067,34,0.0007300523919951902
10068,33,0.0007085802628188611
10069,32,0.000687108133642532
10070,31,0.0006656360044662028
10071,31,0.0006656360044662028
10072,23,0.0004938589710555698
10073,19,0.0004079704543502534
10074,20,0.0004294425835265825
10075,27,0.0005797474877608864
10076,46,0.0009877179421111397
10077,62,0.0013312720089324057
10078,74,0.0015889375590483553
10079,80,0.00171777033410633
10080,83,0.0017821867216353173
10081,95,0.002039852271751267
10082,99,0.0021257407884565835
10083,88,0.001889547367516963
10084,81,0.0017392424632826592
10085,64,0.001374216267285064
10086,57,0.00122391136305076
10087,40,0.000858885167053165
10088,41,0.0008803572962294941
10089,60,0.0012883277505797476
10090,65,0.0013956883964613932
10091,71,0.0015245211715193678
10092,71,0.0015245211715193678
10093,65,0.0013956883964613932
10094,56,0.001202439233874431
10095,46,0.0009877179421111397
10096,47,0.0010091900712874689
10097,53,0.0011380228463454436
10098,67,0.0014386326548140513
10099,90,0.0019324916258696213
10100,122,0.002619599759512153
10101,182,0.0039079275100919
10102,243,0.005217727389847977
10103,323,0.006935497723954308
10104,395,0.008481491024650005
10105,451,0.009683930258524435
10106,503,0.01080048097569355
10107,528,0.011337284205101777
10108,542,0.011637894013570385
10109,542,0.011637894013570385
10110,480,0.01030662200463798
10111,427,0.009168599158292537
10112,360,0.007729966503478485
10113,284,0.006098084686077471
10114,199,0.004272953706089496
10115,124,0.0026625440178648114
10116,71,0.0015245211715193678
10117,34,0.0007300523919951902
10118,9,0.00019324916258696212
10216,17,0.0003650261959975951
10217,25,0.0005368032294082281
10218,35,0.0007515245211715194
10219,45,0.0009662458129348106
10220,50,0.0010736064588164561
10221,49,0.0010521343296401272
10222,48,0.001030662200463798
10223,45,0.0009662458129348106
10224,49,0.0010521343296401272
10225,47,0.0010091900712874689
10226,41,0.0008803572962294941
10227,35,0.0007515245211715194
10228,37,0.0007944687795241776
10229,37,0.0007944687795241776
10230,36,0.0007729966503478485
10231,32,0.000687108133642532
10232,26,0.0005582753585845572
10233,25,0.0005368032294082281
10234,28,0.0006012196169372155
10235,42,0.0009018294254058232
10236,62,0.0013312720089324057
10237,82,0.0017607145924589881
10238,83,0.0017821867216353173
10239,82,0.0017607145924589881
10240,92,0.0019754358842222794
10241,90,0.0019324916258696213
10242,85,0.0018251309799879756
10243,77,0.0016533539465773425
10244,70,0.0015030490423430388
10245,55,0.001180967104698102
10246,45,0.0009662458129348106
10247,41,0.0008803572962294941
10248,47,0.0010091900712874689
10249,61,0.0013097998797560765
10250,64,0.001374216267285064
10251,64,0.001374216267285064
10252,62,0.0013312720089324057
10253,51,0.0010950785879927853
10254,41,0.0008803572962294941
10255,38,0.0008159409087005068
10256,55,0.001180967104698102
10257,77,0.0016533539465773425
10258,113,0.002426350596925191
10259,162,0.0034784849265653184
10260,223,0.0047882848063213945
10261,298,0.006398694494546079
10262,379,0.008137936957828738
10263,457,0.00981276303358241
10264,527,0.011315812075925448
10265,584,0.012539723438976209
10266,605,0.012990638151679121
10267,614,0.013183887314266082
10268,618,0.013269775830971399
10269,559,0.012002920209567981
10270,489,0.010499871167224941
10271,418,0.008975349995705574
10272,334,0.007171691144893928
10273,232,0.004981533968908357
10274,138,0.0029631538263334193
10275,76,0.0016318818174010136
10276,36,0.0007729966503478485
10277,6,0.00012883277505797475
10279,0,0.0
10280,0,0.0
10281,0,0.0
10282,0,0.0
10283,0,0.0
10284,0,0.0
10375,25,0.0005368032294082281
10376,42,0.0009018294254058232
10377,49,0.0010521343296401272
10378,57,0.00122391136305076
10379,57,0.00122391136305076
10380,63,0.0013527441381087349
10381,72,0.001545993300695697
10382,76,0.0016318818174010136
10383,63,0.0013527441381087349
10384,52,0.0011165507171691145
10385,45,0.0009662458129348106
10386,35,0.0007515245211715194
10387,38,0.0008159409087005068
10388,39,0.0008374130378768359
10389,43,0.0009233015545821524
10390,34,0.0007300523919951902
10391,28,0.0006012196169372155
10392,24,0.000515331100231899
10393,30,0.0006441638752898738
10394,42,0.0009018294254058232
10395,57,0.00122391136305076
10396,82,0.0017607145924589881
10397,84,0.0018036588508116465
10398,79,0.0016962982049300009
10399,93,0.0019969080133986085
10400,90,0.0019324916258696213
10401,91,0.00195396375504595
10402,83,0.0017821867216353173
10403,71,0.0015245211715193678
10404,59,0.0012668556214034184
10405,41,0.0008803572962294941
10406,37,0.0007944687795241776
10407,41,0.0008803572962294941
10408,42,0.0009018294254058232
10409,41,0.0008803572962294941
10410,43,0.0009233015545821524
10411,41,0.0008803572962294941
10412,34,0.0007300523919951902
10413,25,0.0005368032294082281
10414,31,0.0006656360044662028
10415,60,0.0012883277505797476
10416,87,0.0018680752383406338
10417,130,0.0027913767929227864
10418,178,0.003822038993386584
10419,227,0.004874173323026711
10420,309,0.006634887915485699
10421,393,0.008438546766297347
10422,474,0.010177789229580006
10423,551,0.011831143176157348
10424,617,0.01324830370179507
10425,655,0.014064244610495576
10426,673,0.014450742935669501
10427,652,0.013999828222966589
10428,610,0.013097998797560765
10429,551,0.011831143176157348
10430,473,0.010156317100403676
10431,371,0.007966159924418105
10432,252,0.0054109765524349394
10433,168,0.003607317701623293
10434,91,0.00195396375504595
10435,42,0.0009018294254058232
10436,3,6.441638752898738e-05
10437,0,0.0
10438,0,0.0
10439,0,0.0
10440,0,0.0
10441,0,0.0
10442,0,0.0
10443,0,0.0
10534,28,0.0006012196169372155
10535,48,0.001030662200463798
10536,60,0.0012883277505797476
10537,68,0.0014601047839903805
10538,71,0.0015245211715193678
10539,74,0.0015889375590483553
10540,81,0.0017392424632826592
10541,86,0.0018466031091643048
10542,84,0.0018036588508116465
10543,60,0.0012883277505797476
10544,49,0.0010521343296401272
10545,39,0.0008374130378768359
10546,38,0.0008159409087005068
10547,39,0.0008374130378768359
10548,44,0.0009447736837584815
10549,38,0.0008159409087005068
10550,29,0.0006226917461135446
10551,23,0.0004938589710555698
10552,29,0.0006226917461135446
10553,42,0.0009018294254058232
10554,51,0.0010950785879927853
10555,82,0.0017607145924589881
10556,80,0.00171777033410633
10557,80,0.00171777033410633
10558,86,0.0018466031091643048
10559,93,0.0019969080133986085
10560,89,0.001911019496693292
10561,83,0.0017821867216353173
10562,78,0.0016748260757536717
10563,63,0.0013527441381087349
10564,43,0.0009233015545821524
10565,36,0.0007729966503478485
10566,35,0.0007515245211715194
10567,35,0.0007515245211715194
10568,30,0.0006441638752898738
10569,34,0.0007300523919951902
10570,31,0.0006656360044662028
10571,29,0.0006226917461135446
10572,19,0.0004079704543502534
10573,29,0.0006226917461135446
10574,54,0.0011594949755217728
10575,92,0.0019754358842222794
10576,137,0.00294168169715709
10577,181,0.0038864553809155717
10578,230,0.004938589710555699
10579,301,0.006463110882075067
10580,380,0.008159409087005067
10581,467,0.010027484325345701
10582,539,0.011573477626041398
10583,613,0.013162415185089753
10584,666,0.014300438031435197
10585,677,0.014536631452374818
10586,658,0.014128660998024564
10587,634,0.013613329897792665
10588,583,0.01251825130979988
10589,504,0.010821953104869879
10590,389,0.00835265824959203
10591,278,0.005969251911019497
10592,189,0.004058232414326205
10593,115,0.0024692948552778493
10594,64,0.001374216267285064
10595,15,0.0003220819376449369
10596,6,0.00012883277505797475
10597,1,2.1472129176329125e-05
10598,0,0.0
10599,0,0.0
10600,0,0.0
10601,0,0.0
10602,0,0.0
10695,61,0.0013097998797560765
10696,71,0.0015245211715193678
10697,71,0.0015245211715193678
10698,76,0.0016318818174010136
10699,83,0.0017821867216353173
10700,89,0.001911019496693292
10701,87,0.0018680752383406338
10702,66,0.0014171605256377221
10703,55,0.001180967104698102
10704,42,0.0009018294254058232
10705,37,0.0007944687795241776
10706,39,0.0008374130378768359
10707,39,0.0008374130378768359
10708,38,0.0008159409087005068
10709,29,0.0006226917461135446
10710,21,0.0004509147127029116
10711,23,0.0004938589710555698
10712,35,0.0007515245211715194
10713,49,0.0010521343296401272
10714,62,0.0013312720089324057
10715,74,0.0015889375590483553
10716,74,0.0015889375590483553
10717,81,0.0017392424632826592
10718,86,0.0018466031091643048
10719,87,0.0018680752383406338
10720,80,0.00171777033410633
10721,70,0.0015030490423430388
10722,70,0.0015030490423430388
10723,49,0.0010521343296401272
10724,40,0.000858885167053165
10725,32,0.000687108133642532
10726,28,0.0006012196169372155
10727,24,0.000515331100231899
10728,27,0.0005797474877608864
10729,33,0.0007085802628188611
10730,29,0.0006226917461135446
10731,15,0.0003220819376449369
10732,17,0.0003650261959975951
10733,44,0.0009447736837584815
10734,84,0.0018036588508116465
10735,130,0.0027913767929227864
10736,172,0.0036932062183286096
10737,228,0.00489564545220304
10738,280,0.006012196169372155
10739,351,0.0075367173408915225
10740,432,0.009275959804174182
10741,506,0.010864897363222537
10742,571,0.01226058575968393
10743,610,0.013097998797560765
10744,626,0.013441552864382032
10745,619,0.013291247960147728
10746,600,0.012883277505797475
10747,542,0.011637894013570385
10748,467,0.010027484325345701
10749,396,0.008502963153826334
10750,303,0.006506055140427725
10751,210,0.004509147127029116
10752,130,0.0027913767929227864
10753,63,0.0013527441381087349
10754,24,0.000515331100231899
10755,13,0.0002791376792922786
10756,8,0.000171777033410633
10757,3,6.441638752898738e-05
10758,0,0.0
10759,0,0.0
10760,0,0.0
10761,0,0.0
10855,71,0.0015245211715193678
10856,71,0.0015245211715193678
10857,74,0.0015889375590483553
10858,82,0.0017607145924589881
10859,88,0.001889547367516963
10860,87,0.0018680752383406338
10861,67,0.0014386326548140513
10862,55,0.001180967104698102
10863,46,0.0009877179421111397
10864,35,0.0007515245211715194
10865,39,0.0008374130378768359
10866,39,0.0008374130378768359
10867,31,0.0006656360044662028
10868,23,0.0004938589710555698
10869,14,0.00030060980846860773
10870,17,0.0003650261959975951
10871,22,0.00047238684187924073
10872,38,0.0008159409087005068
10873,59,0.0012668556214034184
10874,64,0.001374216267285064
10875,70,0.0015030490423430388
10876,71,0.0015245211715193678
10877,84,0.0018036588508116465
10878,82,0.0017607145924589881
10879,75,0.0016104096882246844
10880,67,0.0014386326548140513
10881,69,0.0014815769131667096
10882,51,0.0010950785879927853
10883,42,0.0009018294254058232
10884,34,0.0007300523919951902
10885,27,0.0005797474877608864
10886,31,0.0006656360044662028
10887,32,0.000687108133642532
10888,30,0.0006441638752898738
10889,29,0.0006226917461135446
10890,22,0.00047238684187924073
10891,22,0.00047238684187924073
10892,52,0.0011165507171691145
10893,85,0.0018251309799879756
10894,127,0.002726960405393799
10895,161,0.0034570127973889892
10896,207,0.004444730739500129
10897,260,0.005582753585845573
10898,308,0.00661341578630937
10899,358,0.007687022245125827
10900,425,0.009125654899939878
10901,472,0.010134844971227347
10902,523,0.011229923559220133
10903,558,0.011981448080391652
10904,580,0.012453834922270892
10905,562,0.012067336597096969
10906,500,0.010736064588164562
10907,447,0.009598041741819118
10908,381,0.008180881216181397
10909,311,0.006677832173838358
10910,215,0.004616507772910762
10911,112,0.002404878467748862
10912,62,0.0013312720089324057
10913,30,0.0006441638752898738
10914,17,0.0003650261959975951
10915,11,0.00023619342093962037
10916,7,0.00015030490423430386
10917,1,2.1472129176329125e-05
10918,0,0.0
10919,0,0.0
10920,0,0.0
11015,71,0.0015245211715193678
11016,71,0.0015245211715193678
11017,78,0.0016748260757536717
11018,85,0.0018251309799879756
11019,84,0.0018036588508116465
11020,65,0.0013956883964613932
11021,52,0.0011165507171691145
11022,45,0.0009662458129348106
11023,35,0.0007515245211715194
11024,35,0.0007515245211715194
11025,39,0.0008374130378768359
11026,27,0.0005797474877608864
11027,13,0.0002791376792922786
11028,8,0.000171777033410633
11029,14,0.00030060980846860773
11030,17,0.0003650261959975951
11031,27,0.0005797474877608864
11032,49,0.0010521343296401272
11033,57,0.00122391136305076
11034,61,0.0013097998797560765
11035,66,0.0014171605256377221
11036,66,0.0014171605256377221
11037,70,0.0015030490423430388
11038,64,0.001374216267285064
11039,59,0.0012668556214034184
11040,59,0.0012668556214034184
11041,44,0.0009447736837584815
11042,42,0.0009018294254058232
11043,37,0.0007944687795241776
11044,38,0.0008159409087005068
11045,36,0.0007729966503478485
11046,43,0.0009233015545821524
11047,42,0.0009018294254058232
11048,43,0.0009233015545821524
11049,43,0.0009233015545821524
11050,45,0.0009662458129348106
11051,53,0.0011380228463454436
11052,83,0.0017821867216353173
11053,109,0.0023404620802198748
11054,140,0.0030060980846860776
11055,173,0.003714678347504939
11056,219,0.004702396289616079
11057,252,0.0054109765524349394
11058,287,0.0061625010736064585
11059,346,0.007429356695009878
11060,405,0.008696212316413295
11061,452,0.009705402387700764
11062,474,0.010177789229580006
11063,500,0.010736064588164562
11064,487,0.010456926908872283
11065,438,0.009404792579232157
11066,394,0.008460018895473676
11067,357,0.0076655501159494975
11068,294,0.006312805977840763
11069,194,0.00416559306020785
11070,117,0.0025122391136305077
11071,68,0.0014601047839903805
11072,34,0.0007300523919951902
11073,18,0.00038649832517392423
11074,13,0.0002791376792922786
11075,8,0.000171777033410633
11076,4,8.58885167053165e-05
11077,0,0.0
11078,0,0.0
11079,0,0.0
11174,69,0.0014815769131667096
11175,73,0.001567465429872026
11176,75,0.0016104096882246844
11177,75,0.0016104096882246844
11178,36,0.0007729966503478485
11179,52,0.0011165507171691145
11180,50,0.0010736064588164561
11181,41,0.0008803572962294941
11182,35,0.0007515245211715194
11183,35,0.0007515245211715194
11184,28,0.0006012196169372155
11185,17,0.0003650261959975951
11186,8,0.000171777033410633
11187,6,0.00012883277505797475
11188,9,0.00019324916258696212
11189,13,0.0002791376792922786
11190,19,0.0004079704543502534
11191,29,0.0006226917461135446
11192,43,0.0009233015545821524
11193,50,0.0010736064588164561
11194,57,0.00122391136305076
11195,58,0.0012453834922270892
11196,55,0.001180967104698102
11197,50,0.0010736064588164561
11198,45,0.0009662458129348106
11199,47,0.0010091900712874689
11200,38,0.0008159409087005068
11201,32,0.000687108133642532
11202,33,0.0007085802628188611
11203,36,0.0007729966503478485
11204,43,0.0009233015545821524
11205,49,0.0010521343296401272
11206,54,0.0011594949755217728
11207,62,0.0013312720089324057
11208,58,0.0012453834922270892
11209,60,0.0012883277505797476
11210,64,0.001374216267285064
11211,73,0.001567465429872026
11212,93,0.0019969080133986085
11213,115,0.0024692948552778493
11214,132,0.0028343210512754443
11215,160,0.00343554066821266
11216,203,0.004358842222794812
11217,227,0.004874173323026711
11218,273,0.005861891265137851
11219,313,0.006720776432191016
11220,358,0.007687022245125827
11221,399,0.008567379541355322
11222,427,0.009168599158292537
11223,401,0.008610323799707978
11224,380,0.008159409087005067
11225,359,0.007708494374302156
11226,317,0.006806664948896333
11227,257,0.005518337198316585
11228,184,0.003950871768444559
11229,119,0.002555183371983166
11230,72,0.001545993300695697
11231,33,0.0007085802628188611
11232,19,0.0004079704543502534
11233,13,0.0002791376792922786
11234,8,0.000171777033410633
11235,5,0.00010736064588164563
11236,0,0.0
11237,0,0.0
11238,0,0.0
11336,30,0.0006441638752898738
11337,38,0.0008159409087005068
11338,42,0.0009018294254058232
11339,37,0.0007944687795241776
11340,30,0.0006441638752898738
11341,24,0.000515331100231899
11342,16,0.000343554066821266
11343,6,0.00012883277505797475
11344,4,8.58885167053165e-05
11345,4,8.58885167053165e-05
11346,4,8.58885167053165e-05
11347,4,8.58885167053165e-05
11348,6,0.00012883277505797475
11349,12,0.0002576655501159495
11350,22,0.00047238684187924073
11351,28,0.0006012196169372155
11352,37,0.0007944687795241776
11353,41,0.0008803572962294941
11354,39,0.0008374130378768359
11355,38,0.0008159409087005068
11356,36,0.0007729966503478485
11357,35,0.0007515245211715194
11358,38,0.0008159409087005068
11359,35,0.0007515245211715194
11360,31,0.0006656360044662028
11361,39,0.0008374130378768359
11362,44,0.0009447736837584815
11363,53,0.0011380228463454436
11364,60,0.0012883277505797476
11365,68,0.0014601047839903805
11366,73,0.001567465429872026
11367,70,0.0015030490423430388
11368,67,0.0014386326548140513
11369,65,0.0013956883964613932
11370,74,0.0015889375590483553
11371,63,0.0013527441381087349
11372,80,0.00171777033410633
11373,100,0.0021472129176329123
11374,106,0.0022760456926908873
11375,122,0.002619599759512153
11376,150,0.003220819376449369
11377,184,0.003950871768444559
11378,209,0.004487674997852787
11379,263,0.005647169973374559
11380,312,0.006699304303014687
11381,336,0.007214635403246586
11382,338,0.007257579661599244
11383,324,0.006956969853130637
11384,299,0.0064201666237224085
11385,272,0.005840419135961522
11386,241,0.0051747831314953195
11387,190,0.004079704543502534
11388,120,0.002576655501159495
11389,65,0.0013956883964613932
11390,29,0.0006226917461135446
11391,19,0.0004079704543502534
11392,13,0.0002791376792922786
11393,8,0.000171777033410633
11394,5,0.00010736064588164563
11395,0,0.0
11396,0,0.0
11397,0,0.0
11494,25,0.0005368032294082281
11495,37,0.0007944687795241776
11496,33,0.0007085802628188611
11497,21,0.0004509147127029116
11498,16,0.000343554066821266
11499,7,0.00015030490423430386
11500,2,4.294425835265825e-05
11501,0,0.0
11502,0,0.0
11503,1,2.1472129176329125e-05
11504,2,4.294425835265825e-05
11505,2,4.294425835265825e-05
11506,2,4.294425835265825e-05
11507,2,4.294425835265825e-05
11508,2,4.294425835265825e-05
11509,12,0.0002576655501159495
11510,19,0.0004079704543502534
11511,21,0.0004509147127029116
11512,26,0.0005582753585845572
11513,27,0.0005797474877608864
11514,27,0.0005797474877608864
11515,27,0.0005797474877608864
11516,29,0.0006226917461135446
11517,29,0.0006226917461135446
11518,28,0.0006012196169372155
11519,33,0.0007085802628188611
11520,42,0.0009018294254058232
11521,52,0.0011165507171691145
11522,68,0.0014601047839903805
11523,79,0.0016962982049300009
11524,90,0.0019324916258696213
11525,94,0.0020183801425749377
11526,86,0.0018466031091643048
11527,74,0.0015889375590483553
11528,72,0.001545993300695697
11529,67,0.0014386326548140513
11530,62,0.0013312720089324057
11531,52,0.0011165507171691145
11532,60,0.0012883277505797476
11533,67,0.0014386326548140513
11534,65,0.0013956883964613932
11535,76,0.0016318818174010136
11536,84,0.0018036588508116465
11537,129,0.0027699046637464572
11538,190,0.004079704543502534
11539,240,0.00515331100231899
11540,261,0.005604225715021902
11541,266,0.005711586360903547
11542,265,0.005690114231727218
11543,251,0.00538950442325861
11544,245,0.005260671648200635
11545,217,0.00465945203126342
11546,180,0.0038649832517392425
11547,113,0.002426350596925191
11548,57,0.00122391136305076
11549,26,0.0005582753585845572
11550,18,0.00038649832517392423
11551,11,0.00023619342093962037
11552,8,0.000171777033410633
11553,3,6.441638752898738e-05
11554,0,0.0
11555,0,0.0
11556,0,0.0
11652,22,0.00047238684187924073
11653,26,0.0005582753585845572
11654,23,0.0004938589710555698
11655,17,0.0003650261959975951
11656,12,0.0002576655501159495
11657,3,6.441638752898738e-05
11658,0,0.0
11659,0,0.0
11660,0,0.0
11661,0,0.0
11662,0,0.0
11663,0,0.0
11664,0,0.0
11665,0,0.0
11666,0,0.0
11667,0,0.0
11668,4,8.58885167053165e-05
11669,11,0.00023619342093962037
11670,18,0.00038649832517392423
11671,24,0.000515331100231899
11672,25,0.0005368032294082281
11673,26,0.0005582753585845572
11674,28,0.0006012196169372155
11675,24,0.000515331100231899
11676,25,0.0005368032294082281
11677,26,0.0005582753585845572
11678,38,0.0008159409087005068
11679,44,0.0009447736837584815
11680,64,0.001374216267285064
11681,85,0.0018251309799879756
11682,97,0.002082796530103925
11683,107,0.0022975178218672164
11684,109,0.0023404620802198748
11685,110,0.002361934209396204
11686,106,0.0022760456926908873
11687,91,0.00195396375504595
11688,82,0.0017607145924589881
11689,68,0.0014601047839903805
11690,49,0.0010521343296401272
11691,41,0.0008803572962294941
11692,30,0.0006441638752898738
11693,18,0.00038649832517392423
11694,11,0.00023619342093962037
11695,9,0.00019324916258696212
11696,49,0.0010521343296401272
11697,118,0.002533711242806837
11698,165,0.0035429013140943055
11699,192,0.004122648801855192
11700,205,0.00440178648114747
11701,211,0.004530619256205445
11702,214,0.004595035643734433
11703,196,0.004208537318560509
11704,182,0.0039079275100919
11705,161,0.0034570127973889892
11706,98,0.0021042686592802544
11707,42,0.0009018294254058232
11708,23,0.0004938589710555698
11709,14,0.00030060980846860773
11710,10,0.00021472129176329125
11711,7,0.00015030490423430386
11712,1,2.1472129176329125e-05
11713,0,0.0
11714,0,0.0
11715,0,0.0
11810,27,0.0005797474877608864
11811,32,0.000687108133642532
11812,17,0.0003650261959975951
11813,15,0.0003220819376449369
11814,12,0.0002576655501159495
11815,6,0.00012883277505797475
11816,0,0.0
11817,0,0.0
11818,0,0.0
11819,0,0.0
11820,0,0.0
11821,0,0.0
11822,0,0.0
11823,0,0.0
11824,0,0.0
11825,0,0.0
11826,0,0.0
11827,0,0.0
11828,7,0.00015030490423430386
11829,9,0.00019324916258696212
11830,12,0.0002576655501159495
11831,18,0.00038649832517392423
11832,19,0.0004079704543502534
11833,21,0.0004509147127029116
11834,21,0.0004509147127029116
11835,21,0.0004509147127029116
11836,27,0.0005797474877608864
11837,39,0.0008374130378768359
11838,46,0.0009877179421111397
11839,80,0.00171777033410633
11840,100,0.0021472129176329123
11841,115,0.0024692948552778493
11842,134,0.0028772653096281026
11843,152,0.003263763634802027
11844,160,0.00343554066821266
11845,157,0.0033711242806836726
11846,147,0.0031564029889203813
11847,127,0.002726960405393799
11848,98,0.0021042686592802544
11849,68,0.0014601047839903805
11850,48,0.001030662200463798
11851,27,0.0005797474877608864
11852,8,0.000171777033410633
11853,2,4.294425835265825e-05
11854,0,0.0
11855,10,0.00021472129176329125
11856,66,0.0014171605256377221
11857,112,0.002404878467748862
11858,135,0.0028987374388044318
11859,167,0.003585845572446964
11860,181,0.0038864553809155717
11861,185,0.003972343897620888
11862,181,0.0038864553809155717
11863,169,0.003628789830799622
11864,135,0.0028987374388044318
11865,83,0.0017821867216353173
11866,32,0.000687108133642532
11867,17,0.0003650261959975951
11868,10,0.00021472129176329125
11869,8,0.000171777033410633
11870,1,2.1472129176329125e-05
11871,0,0.0
11872,0,0.0
11884,0,0.0
11968,37,0.0007944687795241776
11969,36,0.0007729966503478485
11970,21,0.0004509147127029116
11971,12,0.0002576655501159495
11972,7,0.00015030490423430386
11973,5,0.00010736064588164563
11974,4,8.58885167053165e-05
11975,2,4.294425835265825e-05
11976,0,0.0
11977,0,0.0
11978,0,0.0
11979,0,0.0
11980,0,0.0
11981,0,0.0
11982,0,0.0
11983,0,0.0
11984,0,0.0
11985,0,0.0
11986,0,0.0
11987,4,8.58885167053165e-05
11988,6,0.00012883277505797475
11989,10,0.00021472129176329125
11990,10,0.00021472129176329125
11991,14,0.00030060980846860773
11992,15,0.0003220819376449369
11993,18,0.00038649832517392423
11994,19,0.0004079704543502534
11995,24,0.000515331100231899
11996,34,0.0007300523919951902
11997,53,0.0011380228463454436
11998,87,0.0018680752383406338
11999,114,0.00244782272610152
12000,141,0.0030275702138624068
12001,175,0.0037576226058575967
12002,190,0.004079704543502534
12003,203,0.004358842222794812
12004,206,0.0044232586103237995
12005,183,0.00392939963926823
12006,155,0.0033281800223310142
12007,124,0.0026625440178648114
12008,90,0.0019324916258696213
12009,64,0.001374216267285064
12010,38,0.0008159409087005068
12011,14,0.00030060980846860773
12012,5,0.00010736064588164563
12013,3,6.441638752898738e-05
12014,7,0.00015030490423430386
12015,39,0.0008374130378768359
12016,78,0.0016748260757536717
12017,133,0.0028557931804517734
12018,158,0.0033925964098600017
12019,170,0.0036502619599759513
12020,182,0.0039079275100919
12021,175,0.0037576226058575967
12022,146,0.003134930859744052
12023,115,0.0024692948552778493
12024,63,0.0013527441381087349
12025,13,0.0002791376792922786
12026,8,0.000171777033410633
12027,6,0.00012883277505797475
12028,0,0.0
12029,0,0.0
12030,0,0.0
12033,0,0.0
12034,0,0.0
12035,0,0.0
12042,0,0.0
12043,0,0.0
12125,47,0.0010091900712874689
12126,50,0.0010736064588164561
12127,41,0.0008803572962294941
12128,35,0.0007515245211715194
12129,26,0.0005582753585845572
12130,14,0.00030060980846860773
12131,12,0.0002576655501159495
12132,5,0.00010736064588164563
12133,4,8.58885167053165e-05
12134,2,4.294425835265825e-05
12135,0,0.0
12136,0,0.0
12137,0,0.0
12138,0,0.0
12139,0,0.0
12140,0,0.0
12141,0,0.0
12142,0,0.0
12143,0,0.0
12144,0,0.0
12145,0,0.0
12146,0,0.0
12147,4,8.58885167053165e-05
12148,5,0.00010736064588164563
12149,7,0.00015030490423430386
12150,10,0.00021472129176329125
12151,12,0.0002576655501159495
12152,15,0.0003220819376449369
12153,13,0.0002791376792922786
12154,19,0.0004079704543502534
12155,32,0.000687108133642532
12156,58,0.0012453834922270892
12157,87,0.0018680752383406338
12158,132,0.0028343210512754443
12159,161,0.0034570127973889892
12160,204,0.004380314351971141
12161,217,0.00465945203126342
12162,241,0.0051747831314953195
12163,236,0.005067422485613674
12164,203,0.004358842222794812
12165,176,0.003779094735033926
12166,136,0.002920209567980761
12167,107,0.0022975178218672164
12168,73,0.001567465429872026
12169,46,0.0009877179421111397
12170,22,0.00047238684187924073
12171,8,0.000171777033410633
12172,3,6.441638752898738e-05
12173,3,6.441638752898738e-05
12174,25,0.0005368032294082281
12175,100,0.0021472129176329123
12176,159,0.003414068539036331
12177,183,0.00392939963926823
12178,197,0.004230009447736838
12179,200,0.0042944258352658245
12180,185,0.003972343897620888
12181,167,0.003585845572446964
12182,120,0.002576655501159495
12183,77,0.0016533539465773425
12184,8,0.000171777033410633
12185,0,0.0
12186,0,0.0
12187,0,0.0
12188,0,0.0
12189,0,0.0
12190,0,0.0
12191,0,0.0
12192,0,0.0
12193,0,0.0
12194,0,0.0
12201,0,0.0
12202,0,0.0
12283,59,0.0012668556214034184
12284,62,0.0013312720089324057
12285,58,0.0012453834922270892
12286,43,0.0009233015545821524
12287,36,0.0007729966503478485
12288,28,0.0006012196169372155
12289,17,0.0003650261959975951
12290,13,0.0002791376792922786
12291,8,0.000171777033410633
12292,4,8.58885167053165e-05
12293,2,4.294425835265825e-05
12294,0,0.0
12295,0,0.0
12296,0,0.0
12297,0,0.0
12298,0,0.0
12299,0,0.0
12300,0,0.0
12301,0,0.0
12302,0,0.0
12303,0,0.0
12304,0,0.0
12305,0,0.0
12306,0,0.0
12307,2,4.294425835265825e-05
12308,2,4.294425835265825e-05
12309,2,4.294425835265825e-05
12310,4,8.58885167053165e-05
12311,5,0.00010736064588164563
12312,5,0.00010736064588164563
12313,10,0.00021472129176329125
12314,32,0.000687108133642532
12315,66,0.0014171605256377221
12316,99,0.0021257407884565835
12317,132,0.0028343210512754443
12318,169,0.003628789830799622
12319,200,0.0042944258352658245
12320,230,0.004938589710555699
12321,243,0.005217727389847977
12322,238,0.005110366743966332
12323,212,0.0045520913853817745
12324,175,0.0037576226058575967
12325,139,0.0029846259555097484
12326,104,0.002233101434338229
12327,76,0.0016318818174010136
12328,50,0.0010736064588164561
12329,25,0.0005368032294082281
12330,14,0.00030060980846860773
12331,19,0.0004079704543502534
12332,35,0.0007515245211715194
12333,120,0.002576655501159495
12334,192,0.004122648801855192
12335,212,0.0045520913853817745
12336,256,0.005496865069140256
12337,258,0.0055398093274929144
12338,250,0.005368032294082281
12339,241,0.0051747831314953195
12340,219,0.004702396289616079
12341,182,0.0039079275100919
12342,125,0.0026840161470411406
12343,81,0.0017392424632826592
12344,26,0.0005582753585845572
12345,10,0.00021472129176329125
12346,5,0.00010736064588164563
12347,0,0.0
12348,0,0.0
12349,0,0.0
12350,0,0.0
12351,0,0.0
12352,0,0.0
12353,0,0.0
12360,0,0.0
12361,0,0.0
12441,81,0.0017392424632826592
12442,82,0.0017607145924589881
12443,74,0.0015889375590483553
12444,75,0.0016104096882246844
12445,59,0.0012668556214034184
12446,40,0.000858885167053165
12447,27,0.0005797474877608864
12448,20,0.0004294425835265825
12449,13,0.0002791376792922786
12450,9,0.00019324916258696212
12451,4,8.58885167053165e-05
12452,0,0.0
12453,0,0.0
12454,0,0.0
12455,0,0.0
12456,0,0.0
12457,0,0.0
12458,0,0.0
12459,0,0.0
12460,0,0.0
12461,0,0.0
12462,0,0.0
12463,0,0.0
12464,0,0.0
12465,0,0.0
12466,0,0.0
12467,0,0.0
12468,0,0.0
12469,0,0.0
12470,0,0.0
12471,1,2.1472129176329125e-05
12472,7,0.00015030490423430386
12473,38,0.0008159409087005068
12474,68,0.0014601047839903805
12475,99,0.0021257407884565835
12476,122,0.002619599759512153
12477,170,0.0036502619599759513
12478,197,0.004230009447736838
12479,220,0.004723868418792408
12480,234,0.005024478227261015
12481,228,0.00489564545220304
12482,204,0.004380314351971141
12483,169,0.003628789830799622
12484,130,0.0027913767929227864
12485,107,0.0022975178218672164
12486,73,0.001567465429872026
12487,50,0.0010736064588164561
12488,37,0.0007944687795241776
12489,35,0.0007515245211715194
12490,49,0.0010521343296401272
12491,125,0.0026840161470411406
12492,197,0.004230009447736838
12493,245,0.005260671648200635
12494,293,0.0062913338486644335
12495,331,0.00710727475736494
12496,357,0.0076655501159494975
12497,380,0.008159409087005067
12498,372,0.007987632053594434
12499,342,0.007343468178304561
12500,284,0.006098084686077471
12501,224,0.004809756935497724
12502,179,0.0038435111225629134
12503,96,0.002061324400927596
12504,58,0.0012453834922270892
12505,24,0.000515331100231899
12506,9,0.00019324916258696212
12507,2,4.294425835265825e-05
12508,0,0.0
12509,0,0.0
12510,0,0.0
12511,0,0.0
12519,0,0.0
12520,0,0.0
12528,9,0.00019324916258696212
12529,9,0.00019324916258696212
12598,62,0.0013312720089324057
12599,73,0.001567465429872026
12600,84,0.0018036588508116465
12601,79,0.0016962982049300009
12602,73,0.001567465429872026
12603,71,0.0015245211715193678
12604,57,0.00122391136305076
12605,52,0.0011165507171691145
12606,24,0.000515331100231899
12607,19,0.0004079704543502534
12608,13,0.0002791376792922786
12609,9,0.00019324916258696212
12610,2,4.294425835265825e-05
12611,0,0.0
12612,0,0.0
12613,0,0.0
12614,0,0.0
12615,0,0.0
12616,0,0.0
12617,0,0.0
12618,0,0.0
12619,0,0.0
12620,0,0.0
12621,0,0.0
12622,0,0.0
12623,0,0.0
12624,0,0.0
12625,0,0.0
12626,0,0.0
12627,0,0.0
12628,0,0.0
12629,0,0.0
12630,0,0.0
12631,2,4.294425835265825e-05
12632,28,0.0006012196169372155
12633,67,0.0014386326548140513
12634,99,0.0021257407884565835
12635,123,0.0026410718886884822
12636,161,0.0034570127973889892
12637,182,0.0039079275100919
12638,207,0.004444730739500129
12639,217,0.00465945203126342
12640,209,0.004487674997852787
12641,190,0.004079704543502534
12642,161,0.0034570127973889892
12643,129,0.0027699046637464572
12644,103,0.0022116293051618998
12645,75,0.0016104096882246844
12646,51,0.0010950785879927853
12647,45,0.0009662458129348106
12648,71,0.0015245211715193678
12649,124,0.0026625440178648114
12650,188,0.004036760285149875
12651,262,0.005625697844198231
12652,324,0.006956969853130637
12653,394,0.008460018895473676
12654,455,0.009769818775229751
12655,476,0.010220733487932664
12656,500,0.010736064588164562
12657,507,0.010886369492398866
12658,498,0.010693120329811904
12659,443,0.009512153225113801
12660,358,0.007687022245125827
12661,276,0.0059263076526668386
12662,179,0.0038435111225629134
12663,115,0.0024692948552778493
12664,65,0.0013956883964613932
12665,23,0.0004938589710555698
12666,10,0.00021472129176329125
12667,0,0.0
12668,0,0.0
12669,0,0.0
12670,0,0.0
12677,0,0.0
12678,0,0.0
12679,0,0.0
12680,0,0.0
12681,0,0.0
12686,16,0.000343554066821266
12687,15,0.0003220819376449369
12688,15,0.0003220819376449369
12689,15,0.0003220819376449369
12756,45,0.0009662458129348106
12757,71,0.0015245211715193678
12758,72,0.001545993300695697
12759,76,0.0016318818174010136
12760,76,0.0016318818174010136
12761,70,0.0015030490423430388
12762,63,0.0013527441381087349
12763,52,0.0011165507171691145
12764,52,0.0011165507171691145
12765,41,0.0008803572962294941
12766,19,0.0004079704543502534
12767,13,0.0002791376792922786
12768,5,0.00010736064588164563
12769,0,0.0
12770,0,0.0
12771,0,0.0
12772,0,0.0
12773,0,0.0
12774,0,0.0
12775,0,0.0
12776,0,0.0
12777,0,0.0
12778,0,0.0
12779,0,0.0
12780,0,0.0
12781,0,0.0
12782,0,0.0
12783,0,0.0
12784,0,0.0
12785,0,0.0
12786,0,0.0
12787,0,0.0
12788,0,0.0
12789,0,0.0
12790,1,2.1472129176329125e-05
12791,21,0.0004509147127029116
12792,55,0.001180967104698102
12793,83,0.0017821867216353173
12794,119,0.002555183371983166
12795,157,0.0033711242806836726
12796,178,0.003822038993386584
12797,198,0.004251481576913167
12798,204,0.004380314351971141
12799,205,0.00440178648114747
12800,185,0.003972343897620888
12801,157,0.0033711242806836726
12802,121,0.002598127630335824
12803,99,0.0021257407884565835
12804,75,0.0016104096882246844
12805,52,0.0011165507171691145
12806,58,0.0012453834922270892
12807,122,0.002619599759512153
12808,168,0.003607317701623293
12809,235,0.0050459503564373445
12810,315,0.006763720690543674
12811,413,0.008867989349823928
12812,530,0.011380228463454435
12813,614,0.013183887314266082
12814,663,0.01423602164390621
12815,641,0.01376363480202697
12816,622,0.013355664347676715
12817,604,0.012969166022502792
12818,559,0.012002920209567981
12819,475,0.010199261358756335
12820,396,0.008502963153826334
12821,275,0.005904835523490509
12822,185,0.003972343897620888
12823,110,0.002361934209396204
12824,53,0.0011380228463454436
12825,17,0.0003650261959975951
12826,5,0.00010736064588164563
12827,0,0.0
12828,0,0.0
12829,0,0.0
12835,0,0.0
12836,0,0.0
12837,0,0.0
12838,0,0.0
12839,3,6.441638752898738e-05
12840,4,8.58885167053165e-05
12841,5,0.00010736064588164563
12842,10,0.00021472129176329125
12843,21,0.0004509147127029116
12844,26,0.0005582753585845572
12845,34,0.0007300523919951902
12846,29,0.0006226917461135446
12847,30,0.0006441638752898738
12848,25,0.0005368032294082281
12914,21,0.0004509147127029116
12915,49,0.0010521343296401272
12916,67,0.0014386326548140513
12917,73,0.001567465429872026
12918,72,0.001545993300695697
12919,77,0.0016533539465773425
12920,66,0.0014171605256377221
12921,59,0.0012668556214034184
12922,56,0.001202439233874431
12923,46,0.0009877179421111397
12924,41,0.0008803572962294941
12925,11,0.00023619342093962037
12926,9,0.00019324916258696212
12927,0,0.0
12928,0,0.0
12929,0,0.0
12930,0,0.0
12931,0,0.0
12932,0,0.0
12933,0,0.0
12934,0,0.0
12935,0,0.0
12936,0,0.0
12937,3,6.441638752898738e-05
12938,7,0.00015030490423430386
12939,10,0.00021472129176329125
12940,10,0.00021472129176329125
12941,8,0.000171777033410633
12942,1,2.1472129176329125e-05
12943,1,2.1472129176329125e-05
12944,0,0.0
12945,0,0.0
12946,0,0.0
12947,0,0.0
12948,0,0.0
12949,2,4.294425835265825e-05
12950,20,0.0004294425835265825
12951,48,0.001030662200463798
12952,82,0.0017607145924589881
12953,112,0.002404878467748862
12954,144,0.003091986601391394
12955,164,0.0035214291849179763
12956,179,0.0038435111225629134
12957,186,0.003993816026797217
12958,188,0.004036760285149875
12959,169,0.003628789830799622
12960,146,0.003134930859744052
12961,120,0.002576655501159495
12962,92,0.0019754358842222794
12963,60,0.0012883277505797476
12964,42,0.0009018294254058232
12965,86,0.0018466031091643048
12966,137,0.00294168169715709
12967,203,0.004358842222794812
12968,287,0.0061625010736064585
12969,402,0.008631795928884307
12970,509,0.010929313750751525
12971,669,0.014364854418964184
12972,762,0.016361762432362793
12973,823,0.01767156231211887
12974,819,0.017585673795413554
12975,793,0.017027398436828996
12976,788,0.01692003779094735
12977,713,0.015309628102722666
12978,596,0.012797388989092159
12979,485,0.010413982650519625
12980,371,0.007966159924418105
12981,273,0.005861891265137851
12982,190,0.004079704543502534
12983,99,0.0021257407884565835
12984,36,0.0007729966503478485
12985,8,0.000171777033410633
12986,0,0.0
12987,0,0.0
12988,0,0.0
12989,0,0.0
12990,0,0.0
12991,0,0.0
12992,0,0.0
12993,0,0.0
12994,0,0.0
12995,0,0.0
12996,0,0.0
12997,1,2.1472129176329125e-05
12998,4,8.58885167053165e-05
12999,9,0.00019324916258696212
13000,12,0.0002576655501159495
13001,18,0.00038649832517392423
13002,31,0.0006656360044662028
13003,40,0.000858885167053165
13004,48,0.001030662200463798
13005,46,0.0009877179421111397
13006,30,0.0006441638752898738
13072,17,0.0003650261959975951
13073,21,0.0004509147127029116
13074,38,0.0008159409087005068
13075,57,0.00122391136305076
13076,66,0.0014171605256377221
13077,78,0.0016748260757536717
13078,84,0.0018036588508116465
13079,76,0.0016318818174010136
13080,73,0.001567465429872026
13081,66,0.0014171605256377221
13082,52,0.0011165507171691145
13083,41,0.0008803572962294941
13084,10,0.00021472129176329125
13085,3,6.441638752898738e-05
13086,0,0.0
13087,0,0.0
13088,0,0.0
13089,0,0.0
13090,0,0.0
13091,0,0.0
13092,0,0.0
13093,0,0.0
13094,0,0.0
13095,7,0.00015030490423430386
13096,17,0.0003650261959975951
13097,22,0.00047238684187924073
13098,26,0.0005582753585845572
13099,29,0.0006226917461135446
13100,29,0.0006226917461135446
13101,23,0.0004938589710555698
13102,11,0.00023619342093962037
13103,1,2.1472129176329125e-05
13104,1,2.1472129176329125e-05
13105,1,2.1472129176329125e-05
13106,1,2.1472129176329125e-05
13107,1,2.1472129176329125e-05
13108,4,8.58885167053165e-05
13109,23,0.0004938589710555698
13110,44,0.0009447736837584815
13111,69,0.0014815769131667096
13112,95,0.002039852271751267
13113,121,0.002598127630335824
13114,143,0.0030705144722150647
13115,161,0.0034570127973889892
13116,169,0.003628789830799622
13117,165,0.0035429013140943055
13118,148,0.0031778751180967105
13119,129,0.0027699046637464572
13120,106,0.0022760456926908873
13121,68,0.0014601047839903805
13122,40,0.000858885167053165
13123,40,0.000858885167053165
13124,98,0.0021042686592802544
13125,161,0.0034570127973889892
13126,257,0.005518337198316585
13127,356,0.007644077986773168
13128,506,0.010864897363222537
13129,606,0.01301211028085545
13130,757,0.016254401786481146
13131,877,0.018831057287640642
13132,942,0.020226745684102036
13133,981,0.021064158721978872
13134,956,0.020527355492570645
13135,942,0.020226745684102036
13136,824,0.017693034441295198
13137,681,0.014622519969080134
13138,582,0.01249677918062355
13139,449,0.009640986000171776
13140,316,0.0067851928197200035
13141,243,0.005217727389847977
13142,165,0.0035429013140943055
13143,71,0.0015245211715193678
13144,22,0.00047238684187924073
13145,0,0.0
13146,0,0.0
13147,0,0.0
13148,0,0.0
13149,0,0.0
13150,0,0.0
13151,0,0.0
13152,0,0.0
13153,0,0.0
13154,0,0.0
13155,0,0.0
13156,2,4.294425835265825e-05
13157,7,0.00015030490423430386
13158,10,0.00021472129176329125
13159,16,0.000343554066821266
13160,31,0.0006656360044662028
13161,45,0.0009662458129348106
13162,50,0.0010736064588164561
13163,64,0.001374216267285064
13164,79,0.0016962982049300009
13165,80,0.00171777033410633
13231,17,0.0003650261959975951
13232,19,0.0004079704543502534
13233,38,0.0008159409087005068
13234,56,0.001202439233874431
13235,71,0.0015245211715193678
13236,77,0.0016533539465773425
13237,76,0.0016318818174010136
13238,73,0.001567465429872026
13239,73,0.001567465429872026
13240,67,0.0014386326548140513
13241,56,0.001202439233874431
13242,41,0.0008803572962294941
13243,3,6.441638752898738e-05
13244,2,4.294425835265825e-05
13245,0,0.0
13246,0,0.0
13247,0,0.0
13248,0,0.0
13249,0,0.0
13250,0,0.0
13251,0,0.0
13252,0,0.0
13253,5,0.00010736064588164563
13254,18,0.00038649832517392423
13255,26,0.0005582753585845572
13256,37,0.0007944687795241776
13257,40,0.000858885167053165
13258,41,0.0008803572962294941
13259,41,0.0008803572962294941
13260,36,0.0007729966503478485
13261,33,0.0007085802628188611
13262,12,0.0002576655501159495
13263,2,4.294425835265825e-05
13264,3,6.441638752898738e-05
13265,5,0.00010736064588164563
13266,6,0.00012883277505797475
13267,9,0.00019324916258696212
13268,24,0.000515331100231899
13269,35,0.0007515245211715194
13270,69,0.0014815769131667096
13271,94,0.0020183801425749377
13272,114,0.00244782272610152
13273,135,0.0028987374388044318
13274,146,0.003134930859744052
13275,149,0.0031993472472730397
13276,133,0.0028557931804517734
13277,114,0.00244782272610152
13278,86,0.0018466031091643048
13279,70,0.0015030490423430388
13280,41,0.0008803572962294941
13281,20,0.0004294425835265825
13282,17,0.0003650261959975951
13283,116,0.0024907669844541785
13284,184,0.003950871768444559
13285,276,0.0059263076526668386
13286,406,0.008717684445589624
13287,535,0.011487589109336081
13288,657,0.014107188868848234
13289,795,0.017070342695181654
13290,966,0.020742076784333936
13291,1102,0.023662286352314696
13292,1130,0.024263505969251913
13293,1080,0.023189899510435454
13294,1030,0.022116293051619
13295,902,0.01936786051704887
13296,803,0.017242119728592287
13297,674,0.01447221506484583
13298,530,0.011380228463454435
13299,382,0.008202353345357726
13300,281,0.006033668298548484
13301,196,0.004208537318560509
13302,112,0.002404878467748862
13303,53,0.0011380228463454436
13304,22,0.00047238684187924073
13305,8,0.000171777033410633
13306,7,0.00015030490423430386
13307,4,8.58885167053165e-05
13308,2,4.294425835265825e-05
13309,0,0.0
13310,0,0.0
13311,0,0.0
13312,0,0.0
13313,0,0.0
13314,1,2.1472129176329125e-05
13315,2,4.294425835265825e-05
13316,9,0.00019324916258696212
13317,14,0.00030060980846860773
13318,21,0.0004509147127029116
13319,41,0.0008803572962294941
13320,45,0.0009662458129348106
13321,59,0.0012668556214034184
13322,73,0.001567465429872026
13323,82,0.0017607145924589881
13324,83,0.0017821867216353173
13391,13,0.0002791376792922786
13392,27,0.0005797474877608864
13393,64,0.001374216267285064
13394,68,0.0014601047839903805
13395,66,0.0014171605256377221
13396,59,0.0012668556214034184
13397,62,0.0013312720089324057
13398,65,0.0013956883964613932
13399,65,0.0013956883964613932
13400,65,0.0013956883964613932
13401,52,0.0011165507171691145
13402,14,0.00030060980846860773
13403,3,6.441638752898738e-05
13404,0,0.0
13405,0,0.0
13406,0,0.0
13407,0,0.0
13408,0,0.0
13409,0,0.0
13410,0,0.0
13411,0,0.0
13412,12,0.0002576655501159495
13413,27,0.0005797474877608864
13414,45,0.0009662458129348106
13415,54,0.0011594949755217728
13416,61,0.0013097998797560765
13417,67,0.0014386326548140513
13418,66,0.0014171605256377221
13419,64,0.001374216267285064
13420,47,0.0010091900712874689
13421,32,0.000687108133642532
13422,10,0.00021472129176329125
13423,6,0.00012883277505797475
13424,13,0.0002791376792922786
13425,17,0.0003650261959975951
13426,22,0.00047238684187924073
13427,32,0.000687108133642532
13428,45,0.0009662458129348106
13429,67,0.0014386326548140513
13430,90,0.0019324916258696213
13431,110,0.002361934209396204
13432,121,0.002598127630335824
13433,126,0.0027054882762174697
13434,126,0.0027054882762174697
13435,120,0.002576655501159495
13436,94,0.0020183801425749377
13437,70,0.0015030490423430388
13438,44,0.0009447736837584815
13439,6,0.00012883277505797475
13440,0,0.0
13441,6,0.00012883277505797475
13442,121,0.002598127630335824
13443,191,0.004101176672678863
13444,286,0.006141028944430129
13445,409,0.008782100833118612
13446,529,0.011358756334278106
13447,668,0.014343382289787855
13448,823,0.01767156231211887
13449,994,0.02134329640127115
13450,1144,0.024564115777720517
13451,1188,0.025508889461479
13452,1165,0.02501503049042343
13453,1096,0.02353345357725672
13454,1013,0.021751266855621402
13455,894,0.019196083483638236
13456,754,0.01618998539895216
13457,612,0.013140943055913424
13458,470,0.010091900712874689
13459,339,0.007279051790775573
13460,258,0.0055398093274929144
13461,171,0.0036717340891522805
13462,80,0.00171777033410633
13463,51,0.0010950785879927853
13464,23,0.0004938589710555698
13465,13,0.0002791376792922786
13466,13,0.0002791376792922786
13467,9,0.00019324916258696212
13468,5,0.00010736064588164563
13469,3,6.441638752898738e-05
13470,0,0.0
13471,0,0.0
13472,0,0.0
13473,1,2.1472129176329125e-05
13474,2,4.294425835265825e-05
13475,9,0.00019324916258696212
13476,17,0.0003650261959975951
13477,27,0.0005797474877608864
13478,43,0.0009233015545821524
13479,50,0.0010736064588164561
13480,68,0.0014601047839903805
13481,81,0.0017392424632826592
13482,91,0.00195396375504595
13483,102,0.0021901571759855706
13484,100,0.0021472129176329123
13550,3,6.441638752898738e-05
13551,18,0.00038649832517392423
13552,50,0.0010736064588164561
13553,55,0.001180967104698102
13554,56,0.001202439233874431
13555,62,0.0013312720089324057
13556,66,0.0014171605256377221
13557,70,0.0015030490423430388
13558,72,0.001545993300695697
13559,68,0.0014601047839903805
13560,41,0.0008803572962294941
13561,21,0.0004509147127029116
13562,13,0.0002791376792922786
13563,7,0.00015030490423430386
13564,0,0.0
13565,0,0.0
13566,0,0.0
13567,0,0.0
13568,0,0.0
13569,0,0.0
13570,5,0.00010736064588164563
13571,16,0.000343554066821266
13572,42,0.0009018294254058232
13573,61,0.0013097998797560765
13574,77,0.0016533539465773425
13575,87,0.0018680752383406338
13576,90,0.0019324916258696213
13577,94,0.0020183801425749377
13578,98,0.0021042686592802544
13579,93,0.0019969080133986085
13580,68,0.0014601047839903805
13581,44,0.0009447736837584815
13582,37,0.0007944687795241776
13583,39,0.0008374130378768359
13584,35,0.0007515245211715194
13585,38,0.0008159409087005068
13586,41,0.0008803572962294941
13587,58,0.0012453834922270892
13588,68,0.0014601047839903805
13589,89,0.001911019496693292
13590,95,0.002039852271751267
13591,97,0.002082796530103925
13592,103,0.0022116293051618998
13593,100,0.0021472129176329123
13594,95,0.002039852271751267
13595,81,0.0017392424632826592
13596,56,0.001202439233874431
13597,36,0.0007729966503478485
13598,20,0.0004294425835265825
13599,11,0.00023619342093962037
13600,25,0.0005368032294082281
13601,106,0.0022760456926908873
13602,185,0.003972343897620888
13603,282,0.0060551404277248136
13604,391,0.008395602507944688
13605,507,0.010886369492398866
13606,650,0.013956883964613932
13607,815,0.017499785278708237
13608,1003,0.021536545563858114
13609,1139,0.024456755131838873
13610,1164,0.0249935583612471
13611,1181,0.025358584557244695
13612,1144,0.024564115777720517
13613,1091,0.023426092931375077
13614,967,0.020763548913510264
13615,866,0.018594863866701023
13616,688,0.014772824873314438
13617,541,0.011616421884394056
13618,425,0.009125654899939878
13619,331,0.00710727475736494
13620,235,0.0050459503564373445
13621,135,0.0028987374388044318
13622,97,0.002082796530103925
13623,46,0.0009877179421111397
13624,22,0.00047238684187924073
13625,16,0.000343554066821266
13626,14,0.00030060980846860773
13627,8,0.000171777033410633
13628,4,8.58885167053165e-05
13629,3,6.441638752898738e-05
13630,0,0.0
13631,0,0.0
13632,0,0.0
13633,1,2.1472129176329125e-05
13634,9,0.00019324916258696212
13635,18,0.00038649832517392423
13636,28,0.0006012196169372155
13637,45,0.0009662458129348106
13638,60,0.0012883277505797476
13639,72,0.001545993300695697
13640,78,0.0016748260757536717
13641,97,0.002082796530103925
13642,103,0.0022116293051618998
13643,98,0.0021042686592802544
13645,88,0.001889547367516963
13646,77,0.0016533539465773425
13647,62,0.0013312720089324057
13709,2,4.294425835265825e-05
13710,18,0.00038649832517392423
13711,33,0.0007085802628188611
13712,47,0.0010091900712874689
13713,59,0.0012668556214034184
13714,64,0.001374216267285064
13715,65,0.0013956883964613932
13716,76,0.0016318818174010136
13717,73,0.001567465429872026
13718,63,0.0013527441381087349
13719,47,0.0010091900712874689
13720,28,0.0006012196169372155
13721,16,0.000343554066821266
13722,12,0.0002576655501159495
13723,7,0.00015030490423430386
13724,0,0.0
13725,0,0.0
13726,0,0.0
13727,0,0.0
13728,0,0.0
13729,5,0.00010736064588164563
13730,22,0.00047238684187924073
13731,56,0.001202439233874431
13732,80,0.00171777033410633
13733,97,0.002082796530103925
13734,111,0.0023834063385725327
13735,120,0.002576655501159495
13736,131,0.0028128489220991156
13737,129,0.0027699046637464572
13738,134,0.0028772653096281026
13739,123,0.0026410718886884822
13740,84,0.0018036588508116465
13741,65,0.0013956883964613932
13742,59,0.0012668556214034184
13743,68,0.0014601047839903805
13744,66,0.0014171605256377221
13745,74,0.0015889375590483553
13746,82,0.0017607145924589881
13747,83,0.0017821867216353173
13748,96,0.002061324400927596
13749,92,0.0019754358842222794
13750,91,0.00195396375504595
13751,90,0.0019324916258696213
13752,87,0.0018680752383406338
13753,83,0.0017821867216353173
13754,72,0.001545993300695697
13755,57,0.00122391136305076
13756,47,0.0010091900712874689
13757,23,0.0004938589710555698
13758,18,0.00038649832517392423
13759,28,0.0006012196169372155
13760,71,0.0015245211715193678
13761,169,0.003628789830799622
13762,263,0.005647169973374559
13763,352,0.007558189470067852
13764,451,0.009683930258524435
13765,603,0.012947693893326463
13766,779,0.016726788628360387
13767,949,0.02037705058833634
13768,1071,0.022996650347848493
13769,1099,0.023597869964785707
13770,1199,0.02574508288241862
13771,1209,0.02595980417418191
13772,1161,0.024929141973718115
13773,1034,0.022202181568324316
13774,919,0.019732886713046467
13775,796,0.017091814824357985
13776,625,0.013420080735205703
13777,484,0.010392510521343296
13778,370,0.007944687795241776
13779,278,0.005969251911019497
13780,184,0.003950871768444559
13781,131,0.0028128489220991156
13782,77,0.0016533539465773425
13783,32,0.000687108133642532
13784,22,0.00047238684187924073
13785,18,0.00038649832517392423
13786,13,0.0002791376792922786
13787,6,0.00012883277505797475
13788,4,8.58885167053165e-05
13789,0,0.0
13790,0,0.0
13791,0,0.0
13792,1,2.1472129176329125e-05
13793,7,0.00015030490423430386
13794,17,0.0003650261959975951
13795,28,0.0006012196169372155
13796,48,0.001030662200463798
13797,63,0.0013527441381087349
13798,74,0.0015889375590483553
13799,80,0.00171777033410633
13800,102,0.0021901571759855706
13801,107,0.0022975178218672164
13802,110,0.002361934209396204
13803,108,0.0023189899510435456
13804,93,0.0019969080133986085
13805,75,0.0016104096882246844
13868,2,4.294425835265825e-05
13869,16,0.000343554066821266
13870,33,0.0007085802628188611
13871,35,0.0007515245211715194
13872,44,0.0009447736837584815
13873,51,0.0010950785879927853
13874,69,0.0014815769131667096
13875,68,0.0014601047839903805
13876,67,0.0014386326548140513
13877,68,0.0014601047839903805
13878,56,0.001202439233874431
13879,34,0.0007300523919951902
13880,19,0.0004079704543502534
13881,16,0.000343554066821266
13882,8,0.000171777033410633
13883,2,4.294425835265825e-05
13884,0,0.0
13885,0,0.0
13886,0,0.0
13887,0,0.0
13888,1,2.1472129176329125e-05
13889,28,0.0006012196169372155
13890,66,0.0014171605256377221
13891,109,0.0023404620802198748
13892,119,0.002555183371983166
13893,135,0.0028987374388044318
13894,153,0.003285235763978356
13895,159,0.003414068539036331
13896,168,0.003607317701623293
13897,182,0.0039079275100919
13898,161,0.0034570127973889892
13899,135,0.0028987374388044318
13900,110,0.002361934209396204
13901,110,0.002361934209396204
13902,115,0.0024692948552778493
13903,113,0.002426350596925191
13904,111,0.0023834063385725327
13905,113,0.002426350596925191
13906,113,0.002426350596925191
13907,110,0.002361934209396204
13908,100,0.0021472129176329123
13909,90,0.0019324916258696213
13910,82,0.0017607145924589881
13911,81,0.0017392424632826592
13912,76,0.0016318818174010136
13913,68,0.0014601047839903805
13914,56,0.001202439233874431
13915,44,0.0009447736837584815
13916,22,0.00047238684187924073
13917,19,0.0004079704543502534
13918,27,0.0005797474877608864
13919,56,0.001202439233874431
13920,114,0.00244782272610152
13921,218,0.0046809241604397495
13922,295,0.006334278107017092
13923,413,0.008867989349823928
13924,552,0.011852615305333677
13925,693,0.014880185519196084
13926,820,0.01760714592458988
13927,943,0.020248217813278364
13928,1027,0.02205187666409001
13929,1092,0.023447565060551404
13930,1115,0.023941424031606973
13931,1100,0.023619342093962038
13932,1022,0.021944516018208366
13933,921,0.019775830971399126
13934,796,0.017091814824357985
13935,669,0.014364854418964184
13936,533,0.011444644850983423
13937,417,0.008953877866529245
13938,315,0.006763720690543674
13939,244,0.005239199519024306
13940,167,0.003585845572446964
13941,111,0.0023834063385725327
13942,61,0.0013097998797560765
13943,27,0.0005797474877608864
13944,18,0.00038649832517392423
13945,14,0.00030060980846860773
13946,8,0.000171777033410633
13947,4,8.58885167053165e-05
13948,0,0.0
13949,0,0.0
13950,0,0.0
13951,0,0.0
13952,1,2.1472129176329125e-05
13953,14,0.00030060980846860773
13954,26,0.0005582753585845572
13955,42,0.0009018294254058232
13956,62,0.0013312720089324057
13957,75,0.0016104096882246844
13958,81,0.0017392424632826592
13959,101,0.0021686850468092414
13960,104,0.002233101434338229
13961,103,0.0022116293051618998
13962,100,0.0021472129176329123
13963,90,0.0019324916258696213
14028,12,0.0002576655501159495
14029,30,0.0006441638752898738
14030,36,0.0007729966503478485
14031,47,0.0010091900712874689
14032,59,0.0012668556214034184
14033,71,0.0015245211715193678
14034,75,0.0016104096882246844
14035,81,0.0017392424632826592
14036,85,0.0018251309799879756
14037,79,0.0016962982049300009
14038,60,0.0012883277505797476
14039,40,0.000858885167053165
14040,31,0.0006656360044662028
14041,17,0.0003650261959975951
14042,11,0.00023619342093962037
14043,7,0.00015030490423430386
14044,5,0.00010736064588164563
14045,4,8.58885167053165e-05
14046,2,4.294425835265825e-05
14047,1,2.1472129176329125e-05
14048,29,0.0006226917461135446
14049,100,0.0021472129176329123
14050,125,0.0026840161470411406
14051,140,0.0030060980846860776
14052,171,0.0036717340891522805
14053,194,0.00416559306020785
14054,221,0.004745340547968736
14055,235,0.0050459503564373445
14056,257,0.005518337198316585
14057,236,0.005067422485613674
14058,203,0.004358842222794812
14059,183,0.00392939963926823
14060,182,0.0039079275100919
14061,163,0.003499957055741647
14062,150,0.003220819376449369
14063,148,0.0031778751180967105
14064,142,0.0030490423430387355
14065,141,0.0030275702138624068
14066,132,0.0028343210512754443
14067,117,0.0025122391136305077
14068,94,0.0020183801425749377
14069,77,0.0016533539465773425
14070,74,0.0015889375590483553
14071,69,0.0014815769131667096
14072,70,0.0015030490423430388
14073,53,0.0011380228463454436
14074,43,0.0009233015545821524
14075,21,0.0004509147127029116
14076,19,0.0004079704543502534
14077,22,0.00047238684187924073
14078,47,0.0010091900712874689
14079,82,0.0017607145924589881
14080,142,0.0030490423430387355
14081,217,0.00465945203126342
14082,334,0.007171691144893928
14083,476,0.010220733487932664
14084,613,0.013162415185089753
14085,749,0.016082624753070516
14086,865,0.018573391737524692
14087,950,0.02039852271751267
14088,1007,0.02162243408056343
14089,1017,0.02183715537232672
14090,1031,0.022137765180795327
14091,987,0.021192991497036847
14092,885,0.019002834321051276
14093,793,0.017027398436828996
14094,663,0.01423602164390621
14095,553,0.011874087434510006
14096,437,0.009383320450055828
14097,347,0.007450828824186206
14098,280,0.006012196169372155
14099,206,0.0044232586103237995
14100,139,0.0029846259555097484
14101,83,0.0017821867216353173
14102,39,0.0008374130378768359
14103,28,0.0006012196169372155
14104,17,0.0003650261959975951
14105,10,0.00021472129176329125
14106,4,8.58885167053165e-05
14107,0,0.0
14108,0,0.0
14109,0,0.0
14110,0,0.0
14111,0,0.0
14112,7,0.00015030490423430386
14113,20,0.0004294425835265825
14114,36,0.0007729966503478485
14115,49,0.0010521343296401272
14116,68,0.0014601047839903805
14117,77,0.0016533539465773425
14118,93,0.0019969080133986085
14119,99,0.0021257407884565835
14120,97,0.002082796530103925
14121,91,0.00195396375504595
14187,10,0.00021472129176329125
14188,19,0.0004079704543502534
14189,34,0.0007300523919951902
14190,53,0.0011380228463454436
14191,66,0.0014171605256377221
14192,80,0.00171777033410633
14193,91,0.00195396375504595
14194,93,0.0019969080133986085
14195,90,0.0019324916258696213
14196,81,0.0017392424632826592
14197,65,0.0013956883964613932
14198,69,0.0014815769131667096
14199,52,0.0011165507171691145
14200,41,0.0008803572962294941
14201,29,0.0006226917461135446
14202,22,0.00047238684187924073
14203,21,0.0004509147127029116
14204,12,0.0002576655501159495
14205,6,0.00012883277505797475
14206,4,8.58885167053165e-05
14207,46,0.0009877179421111397
14208,118,0.002533711242806837
14209,169,0.003628789830799622
14210,208,0.004466202868676458
14211,244,0.005239199519024306
14212,266,0.005711586360903547
14213,299,0.0064201666237224085
14214,320,0.00687108133642532
14215,324,0.006956969853130637
14216,308,0.00661341578630937
14217,264,0.0056686421025508886
14218,252,0.0054109765524349394
14219,237,0.005088894614790003
14220,216,0.004637979902087091
14221,195,0.00418706518938418
14222,171,0.0036717340891522805
14223,158,0.0033925964098600017
14224,160,0.00343554066821266
14225,148,0.0031778751180967105
14226,127,0.002726960405393799
14227,98,0.0021042686592802544
14228,73,0.001567465429872026
14229,68,0.0014601047839903805
14230,60,0.0012883277505797476
14231,66,0.0014171605256377221
14232,50,0.0010736064588164561
14233,42,0.0009018294254058232
14234,21,0.0004509147127029116
14235,19,0.0004079704543502534
14236,19,0.0004079704543502534
14237,32,0.000687108133642532
14238,52,0.0011165507171691145
14239,109,0.0023404620802198748
14240,158,0.0033925964098600017
14241,256,0.005496865069140256
14242,393,0.008438546766297347
14243,545,0.011702310401099373
14244,699,0.015009018294254058
14245,817,0.017542729537060896
14246,919,0.019732886713046467
14247,937,0.02011938503822039
14248,967,0.020763548913510264
14249,982,0.0210856308511552
14250,962,0.02065618826762862
14251,925,0.01986171948810444
14252,792,0.01700592630765267
14253,636,0.013656274156145324
14254,547,0.011745254659452031
14255,458,0.009834235162758739
14256,375,0.008052048441123422
14257,301,0.006463110882075067
14258,221,0.004745340547968736
14259,163,0.003499957055741647
14260,99,0.0021257407884565835
14261,39,0.0008374130378768359
14262,29,0.0006226917461135446
14263,23,0.0004938589710555698
14264,11,0.00023619342093962037
14265,4,8.58885167053165e-05
14266,0,0.0
14267,0,0.0
14268,0,0.0
14269,0,0.0
14270,0,0.0
14271,0,0.0
14272,8,0.000171777033410633
14273,27,0.0005797474877608864
14274,35,0.0007515245211715194
14275,47,0.0010091900712874689
14276,62,0.0013312720089324057
14277,75,0.0016104096882246844
14278,79,0.0016962982049300009
14279,74,0.0015889375590483553
14344,0,0.0
14345,0,0.0
14346,5,0.00010736064588164563
14347,11,0.00023619342093962037
14348,27,0.0005797474877608864
14349,49,0.0010521343296401272
14350,64,0.001374216267285064
14351,79,0.0016962982049300009
14352,86,0.0018466031091643048
14353,91,0.00195396375504595
14354,84,0.0018036588508116465
14355,68,0.0014601047839903805
14356,74,0.0015889375590483553
14357,74,0.0015889375590483553
14358,62,0.0013312720089324057
14359,50,0.0010736064588164561
14360,31,0.0006656360044662028
14361,24,0.000515331100231899
14362,21,0.0004509147127029116
14363,22,0.00047238684187924073
14364,13,0.0002791376792922786
14365,26,0.0005582753585845572
14366,98,0.0021042686592802544
14367,162,0.0034784849265653184
14368,233,0.005003006098084686
14369,302,0.006484583011251396
14370,342,0.007343468178304561
14371,371,0.007966159924418105
14372,385,0.008266769732886713
14373,399,0.008567379541355322
14374,405,0.008696212316413295
14375,381,0.008180881216181397
14376,333,0.007150219015717598
14377,335,0.007193163274070257
14378,321,0.006892553465601649
14379,288,0.006183973202782788
14380,253,0.005432448681611269
14381,232,0.004981533968908357
14382,187,0.004015288155973546
14383,177,0.003800566864210255
14384,169,0.003628789830799622
14385,135,0.0028987374388044318
14386,98,0.0021042686592802544
14387,56,0.001202439233874431
14388,57,0.00122391136305076
14389,54,0.0011594949755217728
14390,56,0.001202439233874431
14391,47,0.0010091900712874689
14392,35,0.0007515245211715194
14393,21,0.0004509147127029116
14394,19,0.0004079704543502534
14395,13,0.0002791376792922786
14396,19,0.0004079704543502534
14397,34,0.0007300523919951902
14398,55,0.001180967104698102
14399,116,0.0024907669844541785
14400,222,0.004766812677145065
14401,348,0.007472300953362535
14402,477,0.010242205617108993
14403,618,0.013269775830971399
14404,716,0.015374044490251653
14405,813,0.01745684102035558
14406,895,0.019217555612814567
14407,940,0.020183801425749378
14408,942,0.020226745684102036
14409,900,0.01932491625869621
14410,865,0.018573391737524692
14411,771,0.016555011594949754
14412,666,0.014300438031435197
14413,569,0.012217641501331271
14414,476,0.010220733487932664
14415,387,0.008309713991239372
14416,319,0.006849609207248991
14417,238,0.005110366743966332
14418,171,0.0036717340891522805
14419,105,0.002254573563514558
14420,53,0.0011380228463454436
14421,32,0.000687108133642532
14422,28,0.0006012196169372155
14423,11,0.00023619342093962037
14424,4,8.58885167053165e-05
14425,0,0.0
14426,0,0.0
14427,0,0.0
14428,0,0.0
14429,0,0.0
14430,0,0.0
14431,4,8.58885167053165e-05
14432,12,0.0002576655501159495
14433,20,0.0004294425835265825
14434,33,0.0007085802628188611
14435,41,0.0008803572962294941
14436,60,0.0012883277505797476
14437,61,0.0013097998797560765
14438,48,0.001030662200463798
14500,0,0.0
14501,0,0.0
14502,0,0.0
14503,0,0.0
14504,0,0.0
14505,1,2.1472129176329125e-05
14506,5,0.00010736064588164563
14507,15,0.0003220819376449369
14508,37,0.0007944687795241776
14509,59,0.0012668556214034184
14510,79,0.0016962982049300009
14511,78,0.0016748260757536717
14512,75,0.0016104096882246844
14513,66,0.0014171605256377221
14514,74,0.0015889375590483553
14515,76,0.0016318818174010136
14516,82,0.0017607145924589881
14517,64,0.001374216267285064
14518,49,0.0010521343296401272
14519,34,0.0007300523919951902
14520,27,0.0005797474877608864
14521,25,0.0005368032294082281
14522,25,0.0005368032294082281
14523,42,0.0009018294254058232
14524,63,0.0013527441381087349
14525,122,0.002619599759512153
14526,199,0.004272953706089496
14527,272,0.005840419135961522
14528,359,0.007708494374302156
14529,417,0.008953877866529245
14530,450,0.009662458129348106
14531,473,0.010156317100403676
14532,481,0.01032809413381431
14533,467,0.010027484325345701
14534,437,0.009383320450055828
14535,405,0.008696212316413295
14536,406,0.008717684445589624
14537,397,0.008524435283002663
14538,357,0.0076655501159494975
14539,308,0.00661341578630937
14540,266,0.005711586360903547
14541,222,0.004766812677145065
14542,188,0.004036760285149875
14543,166,0.0035643734432706346
14544,140,0.0030060980846860776
14545,95,0.002039852271751267
14546,53,0.0011380228463454436
14547,52,0.0011165507171691145
14548,43,0.0009233015545821524
14549,47,0.0010091900712874689
14550,42,0.0009018294254058232
14551,24,0.000515331100231899
14552,19,0.0004079704543502534
14553,18,0.00038649832517392423
14554,18,0.00038649832517392423
14555,23,0.0004938589710555698
14556,25,0.0005368032294082281
14557,35,0.0007515245211715194
14558,62,0.0013312720089324057
14559,175,0.0037576226058575967
14560,302,0.006484583011251396
14561,406,0.008717684445589624
14562,511,0.010972258009104183
14563,638,0.013699218414497982
14564,759,0.016297346044833804
14565,876,0.018809585158464315
14566,948,0.02035557845916001
14567,958,0.020570299750923303
14568,916,0.019668470325517478
14569,861,0.018487503220819376
14570,823,0.01767156231211887
14571,713,0.015309628102722666
14572,604,0.012969166022502792
14573,472,0.010134844971227347
14574,397,0.008524435283002663
14575,326,0.006999914111483294
14576,242,0.005196255260671648
14577,175,0.0037576226058575967
14578,105,0.002254573563514558
14579,58,0.0012453834922270892
14580,31,0.0006656360044662028
14581,24,0.000515331100231899
14582,11,0.00023619342093962037
14583,1,2.1472129176329125e-05
14584,0,0.0
14585,0,0.0
14586,0,0.0
14587,0,0.0
14588,0,0.0
14589,0,0.0
14590,3,6.441638752898738e-05
14591,8,0.000171777033410633
14592,8,0.000171777033410633
14656,0,0.0
14657,0,0.0
14658,0,0.0
14659,0,0.0
14660,0,0.0
14661,0,0.0
14662,0,0.0
14663,0,0.0
14664,0,0.0
14665,1,2.1472129176329125e-05
14666,11,0.00023619342093962037
14667,30,0.0006441638752898738
14668,39,0.0008374130378768359
14669,58,0.0012453834922270892
14670,66,0.0014171605256377221
14671,66,0.0014171605256377221
14672,66,0.0014171605256377221
14673,75,0.0016104096882246844
14674,77,0.0016533539465773425
14675,78,0.0016748260757536717
14676,63,0.0013527441381087349
14677,47,0.0010091900712874689
14678,41,0.0008803572962294941
14679,37,0.0007944687795241776
14680,32,0.000687108133642532
14681,39,0.0008374130378768359
14682,69,0.0014815769131667096
14683,102,0.0021901571759855706
14684,161,0.0034570127973889892
14685,232,0.004981533968908357
14686,313,0.006720776432191016
14687,393,0.008438546766297347
14688,435,0.00934037619170317
14689,477,0.010242205617108993
14690,513,0.011015202267456841
14691,519,0.011144035042514816
14692,504,0.010821953104869879
14693,481,0.01032809413381431
14694,451,0.009683930258524435
14695,472,0.010134844971227347
14696,464,0.009963067937816714
14697,411,0.00882504509147127
14698,375,0.008052048441123422
14699,308,0.00661341578630937
14700,244,0.005239199519024306
14701,205,0.00440178648114747
14702,159,0.003414068539036331
14703,122,0.002619599759512153
14704,85,0.0018251309799879756
14705,40,0.000858885167053165
14706,36,0.0007729966503478485
14707,35,0.0007515245211715194
14708,32,0.000687108133642532
14709,22,0.00047238684187924073
14710,19,0.0004079704543502534
14711,22,0.00047238684187924073
14712,29,0.0006226917461135446
14713,29,0.0006226917461135446
14714,29,0.0006226917461135446
14715,28,0.0006012196169372155
14716,28,0.0006012196169372155
14717,39,0.0008374130378768359
14718,140,0.0030060980846860776
14719,231,0.004960061839732028
14720,338,0.007257579661599244
14721,448,0.009619513870995447
14722,591,0.012690028343210513
14723,737,0.015824959202954566
14724,842,0.018079532766469123
14725,929,0.019947608004809755
14726,997,0.02140771278880014
14727,942,0.020226745684102036
14728,871,0.018702224512582667
14729,820,0.01760714592458988
14730,706,0.015159323198488362
14731,599,0.012861805376621146
14732,472,0.010134844971227347
14733,388,0.0083311861204157
14734,312,0.006699304303014687
14735,234,0.005024478227261015
14736,165,0.0035429013140943055
14737,96,0.002061324400927596
14738,58,0.0012453834922270892
14739,26,0.0005582753585845572
14740,22,0.00047238684187924073
14741,6,0.00012883277505797475
14742,1,2.1472129176329125e-05
14743,0,0.0
14744,0,0.0
14745,0,0.0
14746,0,0.0
14747,0,0.0
14748,0,0.0
14749,0,0.0
14813,1,2.1472129176329125e-05
14814,1,2.1472129176329125e-05
14815,1,2.1472129176329125e-05
14816,0,0.0
14817,0,0.0
14818,0,0.0
14819,0,0.0
14820,0,0.0
14821,0,0.0
14822,0,0.0
14823,0,0.0
14824,1,2.1472129176329125e-05
14825,7,0.00015030490423430386
14826,24,0.000515331100231899
14827,32,0.000687108133642532
14828,47,0.0010091900712874689
14829,52,0.0011165507171691145
14830,59,0.0012668556214034184
14831,61,0.0013097998797560765
14832,69,0.0014815769131667096
14833,68,0.0014601047839903805
14834,74,0.0015889375590483553
14835,56,0.001202439233874431
14836,48,0.001030662200463798
14837,44,0.0009447736837584815
14838,38,0.0008159409087005068
14839,35,0.0007515245211715194
14840,52,0.0011165507171691145
14841,87,0.0018680752383406338
14842,141,0.0030275702138624068
14843,211,0.004530619256205445
14844,288,0.006183973202782788
14845,351,0.0075367173408915225
14846,411,0.00882504509147127
14847,452,0.009705402387700764
14848,501,0.010757536717340891
14849,524,0.011251395688396462
14850,537,0.01153053336768874
14851,523,0.011229923559220133
14852,487,0.010456926908872283
14853,476,0.010220733487932664
14854,514,0.01103667439663317
14855,497,0.010671648200635575
14856,449,0.009640986000171776
14857,412,0.008846517220647599
14858,340,0.007300523919951903
14859,265,0.005690114231727218
14860,228,0.00489564545220304
14861,182,0.0039079275100919
14862,115,0.0024692948552778493
14863,52,0.0011165507171691145
14864,11,0.00023619342093962037
14865,9,0.00019324916258696212
14866,5,0.00010736064588164563
14867,6,0.00012883277505797475
14868,13,0.0002791376792922786
14869,15,0.0003220819376449369
14870,28,0.0006012196169372155
14871,29,0.0006226917461135446
14872,28,0.0006012196169372155
14873,28,0.0006012196169372155
14874,28,0.0006012196169372155
14875,22,0.00047238684187924073
14876,41,0.0008803572962294941
14877,130,0.0027913767929227864
14878,211,0.004530619256205445
14879,293,0.0062913338486644335
14880,412,0.008846517220647599
14881,537,0.01153053336768874
14882,678,0.014558103581551147
14883,806,0.017306536116121273
14884,889,0.019088722837756592
14885,941,0.020205273554925705
14886,916,0.019668470325517478
14887,874,0.018766640900111656
14888,814,0.017478313149531906
14889,735,0.015782014944601908
14890,599,0.012861805376621146
14891,459,0.009855707291935068
14892,370,0.007944687795241776
14893,281,0.006033668298548484
14894,205,0.00440178648114747
14895,126,0.0027054882762174697
14896,71,0.0015245211715193678
14897,39,0.0008374130378768359
14898,20,0.0004294425835265825
14899,17,0.0003650261959975951
14900,4,8.58885167053165e-05
14901,1,2.1472129176329125e-05
14902,0,0.0
14903,0,0.0
14904,0,0.0
14905,0,0.0
14906,0,0.0
14907,0,0.0
14969,6,0.00012883277505797475
14970,6,0.00012883277505797475
14971,4,8.58885167053165e-05
14972,1,2.1472129176329125e-05
14973,1,2.1472129176329125e-05
14974,0,0.0
14975,0,0.0
14976,0,0.0
14977,0,0.0
14978,0,0.0
14979,0,0.0
14980,0,0.0
14981,0,0.0
14982,0,0.0
14983,0,0.0
14984,3,6.441638752898738e-05
14985,19,0.0004079704543502534
14986,28,0.0006012196169372155
14987,43,0.0009233015545821524
14988,50,0.0010736064588164561
14989,53,0.0011380228463454436
14990,51,0.0010950785879927853
14991,59,0.0012668556214034184
14992,62,0.0013312720089324057
14993,64,0.001374216267285064
14994,53,0.0011380228463454436
14995,51,0.0010950785879927853
14996,46,0.0009877179421111397
14997,45,0.0009662458129348106
14998,44,0.0009447736837584815
14999,67,0.0014386326548140513
15000,114,0.00244782272610152
15001,194,0.00416559306020785
15002,249,0.005346560164905952
15003,304,0.006527527269604054
15004,363,0.0077943828910074725
15005,407,0.008739156574765953
15006,452,0.009705402387700764
15007,495,0.010628703942282916
15008,514,0.01103667439663317
15009,523,0.011229923559220133
15010,513,0.011015202267456841
15011,461,0.009898651550287726
15012,495,0.010628703942282916
15013,506,0.010864897363222537
15014,499,0.010714592458988233
15015,463,0.009941595808640385
15016,430,0.009233015545821524
15017,353,0.007579661599244181
15018,290,0.006226917461135446
15019,241,0.0051747831314953195
15020,184,0.003950871768444559
15021,114,0.00244782272610152
15022,45,0.0009662458129348106
15023,15,0.0003220819376449369
15024,0,0.0
15025,0,0.0
15026,0,0.0
15027,0,0.0
15028,3,6.441638752898738e-05
15029,27,0.0005797474877608864
15030,27,0.0005797474877608864
15031,28,0.0006012196169372155
15032,23,0.0004938589710555698
15033,17,0.0003650261959975951
15034,17,0.0003650261959975951
15035,41,0.0008803572962294941
15036,126,0.0027054882762174697
15037,184,0.003950871768444559
15038,271,0.005818947006785193
15039,392,0.008417074637121017
15040,525,0.011272867817572791
15041,665,0.014278965902258868
15042,758,0.016275873915657477
15043,837,0.01797217212058748
15044,931,0.019990552263162414
15045,942,0.020226745684102036
15046,888,0.01906725070858026
15047,820,0.01760714592458988
15048,714,0.015331100231898995
15049,592,0.012711500472386842
15050,445,0.00955509748346646
15051,318,0.006828137078072662
15052,238,0.005110366743966332
15053,166,0.0035643734432706346
15054,100,0.0021472129176329123
15055,57,0.00122391136305076
15056,30,0.0006441638752898738
15057,17,0.0003650261959975951
15058,8,0.000171777033410633
15059,4,8.58885167053165e-05
15060,0,0.0
15061,0,0.0
15062,0,0.0
15063,0,0.0
15064,0,0.0
15065,0,0.0
15121,17,0.0003650261959975951
15122,18,0.00038649832517392423
15128,7,0.00015030490423430386
15129,6,0.00012883277505797475
15130,4,8.58885167053165e-05
15131,1,2.1472129176329125e-05
15132,1,2.1472129176329125e-05
15133,0,0.0
15134,0,0.0
15135,0,0.0
15136,0,0.0
15137,0,0.0
15138,0,0.0
15139,0,0.0
15140,0,0.0
15141,0,0.0
15142,0,0.0
15143,2,4.294425835265825e-05
15144,7,0.00015030490423430386
15145,22,0.00047238684187924073
15146,30,0.0006441638752898738
15147,42,0.0009018294254058232
15148,45,0.0009662458129348106
15149,48,0.001030662200463798
15150,51,0.0010950785879927853
15151,52,0.0011165507171691145
15152,50,0.0010736064588164561
15153,52,0.0011165507171691145
15154,51,0.0010950785879927853
15155,49,0.0010521343296401272
15156,55,0.001180967104698102
15157,64,0.001374216267285064
15158,93,0.0019969080133986085
15159,152,0.003263763634802027
15160,240,0.00515331100231899
15161,286,0.006141028944430129
15162,326,0.006999914111483294
15163,362,0.007772910761831143
15164,405,0.008696212316413295
15165,448,0.009619513870995447
15166,479,0.010285149875461651
15167,502,0.01077900884651722
15168,492,0.010564287554753929
15169,473,0.010156317100403676
15170,462,0.009920123679464056
15171,476,0.010220733487932664
15172,484,0.010392510521343296
15173,481,0.01032809413381431
15174,460,0.009877179421111397
15175,431,0.009254487674997853
15176,357,0.0076655501159494975
15177,298,0.006398694494546079
15178,235,0.0050459503564373445
15179,172,0.0036932062183286096
15180,105,0.002254573563514558
15181,39,0.0008374130378768359
15182,17,0.0003650261959975951
15183,0,0.0
15184,0,0.0
15185,0,0.0
15186,0,0.0
15187,6,0.00012883277505797475
15188,17,0.0003650261959975951
15189,17,0.0003650261959975951
15190,17,0.0003650261959975951
15191,17,0.0003650261959975951
15192,17,0.0003650261959975951
15193,17,0.0003650261959975951
15194,32,0.000687108133642532
15195,109,0.0023404620802198748
15196,180,0.0038649832517392425
15197,246,0.0052821437773769644
15198,360,0.007729966503478485
15199,495,0.010628703942282916
15200,657,0.014107188868848234
15201,762,0.016361762432362793
15202,905,0.01943227690457786
15203,978,0.020999742334449883
15204,973,0.02089238168856824
15205,907,0.019475221162930517
15206,805,0.017285063986944946
15207,697,0.0149660740359014
15208,572,0.012282057888860259
15209,419,0.008996822124881903
15210,299,0.0064201666237224085
15211,218,0.0046809241604397495
15212,137,0.00294168169715709
15213,74,0.0015889375590483553
15214,41,0.0008803572962294941
15215,20,0.0004294425835265825
15216,10,0.00021472129176329125
15217,6,0.00012883277505797475
15218,3,6.441638752898738e-05
15219,0,0.0
15220,0,0.0
15221,0,0.0
15222,0,0.0
15223,0,0.0
15224,0,0.0
15225,0,0.0
15226,0,0.0
15279,14,0.00030060980846860773
15280,17,0.0003650261959975951
15281,17,0.0003650261959975951
15285,11,0.00023619342093962037
15286,9,0.00019324916258696212
15287,8,0.000171777033410633
15288,6,0.00012883277505797475
15289,1,2.1472129176329125e-05
15290,0,0.0
15291,0,0.0
15292,0,0.0
15293,0,0.0
15294,0,0.0
15295,0,0.0
15296,0,0.0
15297,0,0.0
15298,0,0.0
15299,0,0.0
15300,0,0.0
15301,0,0.0
15302,0,0.0
15303,3,6.441638752898738e-05
15304,8,0.000171777033410633
15305,18,0.00038649832517392423
15306,27,0.0005797474877608864
15307,34,0.0007300523919951902
15308,37,0.0007944687795241776
15309,37,0.0007944687795241776
15310,42,0.0009018294254058232
15311,42,0.0009018294254058232
15312,48,0.001030662200463798
15313,56,0.001202439233874431
15314,65,0.0013956883964613932
15315,84,0.0018036588508116465
15316,102,0.0021901571759855706
15317,146,0.003134930859744052
15318,216,0.004637979902087091
15319,297,0.00637722236536975
15320,338,0.007257579661599244
15321,365,0.00783732714936013
15322,372,0.007987632053594434
15323,399,0.008567379541355322
15324,419,0.008996822124881903
15325,455,0.009769818775229751
15326,463,0.009941595808640385
15327,447,0.009598041741819118
15328,423,0.00908271064158722
15329,436,0.009361848320879499
15330,455,0.009769818775229751
15331,448,0.009619513870995447
15332,431,0.009254487674997853
15333,419,0.008996822124881903
15334,383,0.008223825474534055
15335,333,0.007150219015717598
15336,280,0.006012196169372155
15337,215,0.004616507772910762
15338,153,0.003285235763978356
15339,89,0.001911019496693292
15340,34,0.0007300523919951902
15341,15,0.0003220819376449369
15342,7,0.00015030490423430386
15343,0,0.0
15344,0,0.0
15345,0,0.0
15346,5,0.00010736064588164563
15347,17,0.0003650261959975951
15348,17,0.0003650261959975951
15349,17,0.0003650261959975951
15350,17,0.0003650261959975951
15351,17,0.0003650261959975951
15352,17,0.0003650261959975951
15353,22,0.00047238684187924073
15354,90,0.0019324916258696213
15355,164,0.0035214291849179763
15356,254,0.005453920810787598
15357,372,0.007987632053594434
15358,533,0.011444644850983423
15359,713,0.015309628102722666
15360,857,0.01840161470411406
15361,953,0.020462939105041655
15362,1012,0.021729794726445074
15363,1007,0.02162243408056343
15364,934,0.020054968650691403
15365,799,0.01715623121188697
15366,701,0.015051962552606716
15367,546,0.011723782530275702
15368,424,0.009104182770763549
15369,292,0.006269861719488104
15370,203,0.004358842222794812
15371,109,0.0023404620802198748
15372,49,0.0010521343296401272
15373,26,0.0005582753585845572
15374,11,0.00023619342093962037
15375,6,0.00012883277505797475
15376,4,8.58885167053165e-05
15377,1,2.1472129176329125e-05
15378,0,0.0
15379,0,0.0
15380,0,0.0
15381,0,0.0
15382,0,0.0
15383,0,0.0
15384,0,0.0
15385,0,0.0
15434,0,0.0
15435,6,0.00012883277505797475
15436,6,0.00012883277505797475
15437,10,0.00021472129176329125
15438,14,0.00030060980846860773
15439,16,0.000343554066821266
15440,16,0.000343554066821266
15443,10,0.00021472129176329125
15444,12,0.0002576655501159495
15445,9,0.00019324916258696212
15446,3,6.441638752898738e-05
15447,2,4.294425835265825e-05
15448,1,2.1472129176329125e-05
15449,0,0.0
15450,0,0.0
15451,0,0.0
15452,0,0.0
15453,0,0.0
15454,0,0.0
15455,0,0.0
15456,0,0.0
15457,0,0.0
15458,0,0.0
15459,0,0.0
15460,0,0.0
15461,0,0.0
15462,0,0.0
15463,4,8.58885167053165e-05
15464,6,0.00012883277505797475
15465,9,0.00019324916258696212
15466,15,0.0003220819376449369
15467,19,0.0004079704543502534
15468,19,0.0004079704543502534
15469,17,0.0003650261959975951
15470,21,0.0004509147127029116
15471,39,0.0008374130378768359
15472,58,0.0012453834922270892
15473,80,0.00171777033410633
15474,112,0.002404878467748862
15475,134,0.0028772653096281026
15476,175,0.0037576226058575967
15477,252,0.0054109765524349394
15478,317,0.006806664948896333
15479,347,0.007450828824186206
15480,375,0.008052048441123422
15481,382,0.008202353345357726
15482,385,0.008266769732886713
15483,388,0.0083311861204157
15484,402,0.008631795928884307
15485,407,0.008739156574765953
15486,386,0.008288241862063042
15487,356,0.007644077986773168
15488,366,0.00785879927853646
15489,381,0.008180881216181397
15490,373,0.008009104182770763
15491,355,0.007622605857596839
15492,361,0.007751438632654814
15493,323,0.006935497723954308
15494,298,0.006398694494546079
15495,256,0.005496865069140256
15496,192,0.004122648801855192
15497,133,0.0028557931804517734
15498,73,0.001567465429872026
15499,27,0.0005797474877608864
15500,13,0.0002791376792922786
15501,8,0.000171777033410633
15502,0,0.0
15503,0,0.0
15504,0,0.0
15505,3,6.441638752898738e-05
15506,17,0.0003650261959975951
15507,17,0.0003650261959975951
15508,17,0.0003650261959975951
15509,17,0.0003650261959975951
15510,17,0.0003650261959975951
15511,17,0.0003650261959975951
15512,17,0.0003650261959975951
15513,41,0.0008803572962294941
15514,135,0.0028987374388044318
15515,244,0.005239199519024306
15516,404,0.008674740187236966
15517,554,0.011895559563686335
15518,735,0.015782014944601908
15519,884,0.018981362191874945
15520,974,0.020913853817744566
15521,1017,0.02183715537232672
15522,1007,0.02162243408056343
15523,984,0.021128575109507858
15524,880,0.01889547367516963
15525,731,0.01569612642789659
15526,573,0.012303530018036588
15527,436,0.009361848320879499
15528,289,0.006205445331959117
15529,175,0.0037576226058575967
15530,91,0.00195396375504595
15531,29,0.0006226917461135446
15532,8,0.000171777033410633
15533,3,6.441638752898738e-05
15534,3,6.441638752898738e-05
15535,2,4.294425835265825e-05
15536,0,0.0
15537,0,0.0
15538,0,0.0
15539,0,0.0
15540,0,0.0
15541,0,0.0
15542,0,0.0
15543,0,0.0
15590,0,0.0
15591,0,0.0
15592,0,0.0
15593,0,0.0
15594,3,6.441638752898738e-05
15595,6,0.00012883277505797475
15596,9,0.00019324916258696212
15597,11,0.00023619342093962037
15598,15,0.0003220819376449369
15599,16,0.000343554066821266
15600,16,0.000343554066821266
15601,13,0.0002791376792922786
15602,11,0.00023619342093962037
15603,10,0.00021472129176329125
15604,3,6.441638752898738e-05
15605,3,6.441638752898738e-05
15606,2,4.294425835265825e-05
15607,1,2.1472129176329125e-05
15608,0,0.0
15609,0,0.0
15610,0,0.0
15611,0,0.0
15612,0,0.0
15613,0,0.0
15614,0,0.0
15615,0,0.0
15616,0,0.0
15617,0,0.0
15618,0,0.0
15619,0,0.0
15620,0,0.0
15621,0,0.0
15622,0,0.0
15623,2,4.294425835265825e-05
15624,2,4.294425835265825e-05
15625,2,4.294425835265825e-05
15626,2,4.294425835265825e-05
15627,1,2.1472129176329125e-05
15628,1,2.1472129176329125e-05
15629,9,0.00019324916258696212
15630,33,0.0007085802628188611
15631,57,0.00122391136305076
15632,88,0.001889547367516963
15633,128,0.002748432534570128
15634,154,0.003306707893154685
15635,201,0.004315897964442154
15636,285,0.0061195568152538
15637,321,0.006892553465601649
15638,360,0.007729966503478485
15639,368,0.007901743536889118
15640,368,0.007901743536889118
15641,353,0.007579661599244181
15642,351,0.0075367173408915225
15643,334,0.007171691144893928
15644,304,0.006527527269604054
15645,285,0.0061195568152538
15646,260,0.005582753585845573
15647,262,0.005625697844198231
15648,275,0.005904835523490509
15649,304,0.006527527269604054
15650,302,0.006484583011251396
15651,297,0.00637722236536975
15652,276,0.0059263076526668386
15653,265,0.005690114231727218
15654,229,0.0049171175813793695
15655,165,0.0035429013140943055
15656,118,0.002533711242806837
15657,53,0.0011380228463454436
15658,20,0.0004294425835265825
15659,10,0.00021472129176329125
15660,8,0.000171777033410633
15661,0,0.0
15662,0,0.0
15663,0,0.0
15664,1,2.1472129176329125e-05
15665,17,0.0003650261959975951
15666,17,0.0003650261959975951
15667,17,0.0003650261959975951
15668,17,0.0003650261959975951
15669,17,0.0003650261959975951
15670,17,0.0003650261959975951
15671,19,0.0004079704543502534
15672,26,0.0005582753585845572
15673,137,0.00294168169715709
15674,288,0.006183973202782788
15675,460,0.009877179421111397
15676,602,0.012926221764150134
15677,745,0.0159967362363652
15678,888,0.01906725070858026
15679,958,0.020570299750923303
15680,1002,0.021515073434681783
15681,1023,0.021965988147384694
15682,996,0.021386240659623808
15683,919,0.019732886713046467
15684,788,0.01692003779094735
15685,613,0.013162415185089753
15686,444,0.00953362535429013
15687,312,0.006699304303014687
15688,175,0.0037576226058575967
15689,68,0.0014601047839903805
15690,4,8.58885167053165e-05
15691,2,4.294425835265825e-05
15692,2,4.294425835265825e-05
15693,1,2.1472129176329125e-05
15694,0,0.0
15695,0,0.0
15696,0,0.0
15697,0,0.0
15698,0,0.0
15747,0,0.0
15748,0,0.0
15749,0,0.0
15750,0,0.0
15751,0,0.0
15752,0,0.0
15753,0,0.0
15754,3,6.441638752898738e-05
15755,6,0.00012883277505797475
15756,8,0.000171777033410633
15757,10,0.00021472129176329125
15758,14,0.00030060980846860773
15759,14,0.00030060980846860773
15760,9,0.00019324916258696212
15761,7,0.00015030490423430386
15762,3,6.441638752898738e-05
15763,3,6.441638752898738e-05
15764,2,4.294425835265825e-05
15765,1,2.1472129176329125e-05
15766,0,0.0
15767,0,0.0
15768,0,0.0
15769,0,0.0
15770,0,0.0
15771,0,0.0
15772,0,0.0
15773,0,0.0
15774,1,2.1472129176329125e-05
15775,1,2.1472129176329125e-05
15776,1,2.1472129176329125e-05
15777,1,2.1472129176329125e-05
15778,1,2.1472129176329125e-05
15779,0,0.0
15780,0,0.0
15781,0,0.0
15782,0,0.0
15783,0,0.0
15784,0,0.0
15785,0,0.0
15786,0,0.0
15787,1,2.1472129176329125e-05
15788,13,0.0002791376792922786
15789,32,0.000687108133642532
15790,65,0.0013956883964613932
15791,110,0.002361934209396204
15792,149,0.0031993472472730397
15793,181,0.0038864553809155717
15794,234,0.005024478227261015
15795,305,0.006548999398780383
15796,336,0.007214635403246586
15797,352,0.007558189470067852
15798,336,0.007214635403246586
15799,333,0.007150219015717598
15800,292,0.006269861719488104
15801,259,0.005561281456669244
15802,243,0.005217727389847977
15803,214,0.004595035643734433
15804,167,0.003585845572446964
15805,173,0.003714678347504939
15806,186,0.003993816026797217
15807,207,0.004444730739500129
15808,230,0.004938589710555699
15809,234,0.005024478227261015
15810,228,0.00489564545220304
15811,226,0.004852701193850382
15812,213,0.004573563514558104
15813,186,0.003993816026797217
15814,132,0.0028343210512754443
15815,83,0.0017821867216353173
15816,33,0.0007085802628188611
15817,12,0.0002576655501159495
15818,10,0.00021472129176329125
15819,6,0.00012883277505797475
15820,0,0.0
15821,0,0.0
15822,0,0.0
15823,0,0.0
15824,4,8.58885167053165e-05
15825,17,0.0003650261959975951
15826,17,0.0003650261959975951
15827,17,0.0003650261959975951
15828,22,0.00047238684187924073
15829,31,0.0006656360044662028
15830,51,0.0010950785879927853
15831,108,0.0023189899510435456
15832,204,0.004380314351971141
15833,348,0.007472300953362535
15834,498,0.010693120329811904
15835,640,0.01374216267285064
15836,742,0.01593231984883621
15837,847,0.018186893412350767
15838,935,0.02007644077986773
15839,997,0.02140771278880014
15840,1001,0.021493601305505455
15841,982,0.0210856308511552
15842,880,0.01889547367516963
15843,757,0.016254401786481146
15844,621,0.013334192218500386
15845,469,0.01007042858369836
15846,325,0.006978441982306966
15847,178,0.003822038993386584
15848,58,0.0012453834922270892
15849,0,0.0
15850,0,0.0
15851,0,0.0
15852,0,0.0
15853,0,0.0
15854,0,0.0
15855,0,0.0
15856,0,0.0
15857,0,0.0
15907,0,0.0
15908,0,0.0
15909,0,0.0
15910,0,0.0
15911,0,0.0
15912,0,0.0
15913,0,0.0
15914,0,0.0
15915,1,2.1472129176329125e-05
15916,1,2.1472129176329125e-05
15917,0,0.0
15918,1,2.1472129176329125e-05
15919,2,4.294425835265825e-05
15920,2,4.294425835265825e-05
15921,2,4.294425835265825e-05
15922,1,2.1472129176329125e-05
15923,1,2.1472129176329125e-05
15924,0,0.0
15925,0,0.0
15926,0,0.0
15927,0,0.0
15928,0,0.0
15929,0,0.0
15930,0,0.0
15931,0,0.0
15932,1,2.1472129176329125e-05
15933,1,2.1472129176329125e-05
15934,1,2.1472129176329125e-05
15935,1,2.1472129176329125e-05
15936,1,2.1472129176329125e-05
15937,1,2.1472129176329125e-05
15938,1,2.1472129176329125e-05
15939,0,0.0
15940,0,0.0
15941,0,0.0
15942,0,0.0
15943,0,0.0
15944,0,0.0
15945,0,0.0
15946,2,4.294425835265825e-05
15947,15,0.0003220819376449369
15948,36,0.0007729966503478485
15949,74,0.0015889375590483553
15950,122,0.002619599759512153
15951,159,0.003414068539036331
15952,207,0.004444730739500129
15953,262,0.005625697844198231
15954,313,0.006720776432191016
15955,348,0.007472300953362535
15956,349,0.007493773082538864
15957,337,0.007236107532422915
15958,307,0.006591943657133041
15959,261,0.005604225715021902
15960,211,0.004530619256205445
15961,172,0.0036932062183286096
15962,126,0.0027054882762174697
15963,78,0.0016748260757536717
15964,80,0.00171777033410633
15965,108,0.0023189899510435456
15966,145,0.003113458730567723
15967,165,0.0035429013140943055
15968,177,0.003800566864210255
15969,181,0.0038864553809155717
15970,184,0.003950871768444559
15971,171,0.0036717340891522805
15972,145,0.003113458730567723
15973,98,0.0021042686592802544
15974,52,0.0011165507171691145
15975,20,0.0004294425835265825
15976,11,0.00023619342093962037
15977,8,0.000171777033410633
15978,1,2.1472129176329125e-05
15979,0,0.0
15980,0,0.0
15981,0,0.0
15982,0,0.0
15983,0,0.0
15984,3,6.441638752898738e-05
15985,13,0.0002791376792922786
15986,21,0.0004509147127029116
15987,39,0.0008374130378768359
15988,64,0.001374216267285064
15989,124,0.0026625440178648114
15990,193,0.004144120931031521
15991,275,0.005904835523490509
15992,388,0.0083311861204157
15993,525,0.011272867817572791
15994,651,0.013978356093790261
15995,737,0.015824959202954566
15996,830,0.017821867216353173
15997,890,0.01911019496693292
15998,962,0.02065618826762862
15999,966,0.020742076784333936
16000,903,0.0193893326462252
16001,791,0.016984454178476337
16002,669,0.014364854418964184
16003,561,0.01204586446792064
16004,438,0.009404792579232157
16005,320,0.00687108133642532
16006,198,0.004251481576913167
16007,76,0.0016318818174010136
16008,0,0.0
16009,0,0.0
16010,0,0.0
16011,0,0.0
16012,0,0.0
16013,0,0.0
16014,0,0.0
16015,0,0.0
16016,0,0.0
16062,2,4.294425835265825e-05
16065,0,0.0
16066,0,0.0
16067,0,0.0
16068,0,0.0
16069,0,0.0
16070,0,0.0
16071,0,0.0
16072,0,0.0
16073,1,2.1472129176329125e-05
16074,2,4.294425835265825e-05
16075,2,4.294425835265825e-05
16076,0,0.0
16077,0,0.0
16078,0,0.0
16079,0,0.0
16080,0,0.0
16081,0,0.0
16082,0,0.0
16083,0,0.0
16084,0,0.0
16085,0,0.0
16086,0,0.0
16087,0,0.0
16088,0,0.0
16089,0,0.0
16090,1,2.1472129176329125e-05
16091,1,2.1472129176329125e-05
16092,1,2.1472129176329125e-05
16093,1,2.1472129176329125e-05
16094,1,2.1472129176329125e-05
16095,1,2.1472129176329125e-05
16096,1,2.1472129176329125e-05
16097,1,2.1472129176329125e-05
16098,1,2.1472129176329125e-05
16099,0,0.0
16100,0,0.0
16101,0,0.0
16102,0,0.0
16103,0,0.0
16104,0,0.0
16105,3,6.441638752898738e-05
16106,18,0.00038649832517392423
16107,37,0.0007944687795241776
16108,69,0.0014815769131667096
16109,121,0.002598127630335824
16110,174,0.0037361504766812675
16111,222,0.004766812677145065
16112,270,0.0057974748776088636
16113,306,0.006570471527956712
16114,330,0.007085802628188611
16115,342,0.007343468178304561
16116,324,0.006956969853130637
16117,292,0.006269861719488104
16118,238,0.005110366743966332
16119,178,0.003822038993386584
16120,126,0.0027054882762174697
16121,62,0.0013312720089324057
16122,11,0.00023619342093962037
16123,43,0.0009233015545821524
16124,68,0.0014601047839903805
16125,94,0.0020183801425749377
16126,115,0.0024692948552778493
16127,126,0.0027054882762174697
16128,134,0.0028772653096281026
16129,132,0.0028343210512754443
16130,123,0.0026410718886884822
16131,101,0.0021686850468092414
16132,66,0.0014171605256377221
16133,32,0.000687108133642532
16134,14,0.00030060980846860773
16135,8,0.000171777033410633
16136,4,8.58885167053165e-05
16137,0,0.0
16138,0,0.0
16139,0,0.0
16140,0,0.0
16141,0,0.0
16142,0,0.0
16143,0,0.0
16144,3,6.441638752898738e-05
16145,25,0.0005368032294082281
16146,49,0.0010521343296401272
16147,99,0.0021257407884565835
16148,160,0.00343554066821266
16149,223,0.0047882848063213945
16150,298,0.006398694494546079
16151,421,0.009039766383234562
16152,512,0.010993730138280512
16153,611,0.013119470926737094
16154,691,0.014837241260843426
16155,773,0.016597955853302412
16156,827,0.017757450828824187
16157,899,0.019303444129519884
16158,902,0.01936786051704887
16159,813,0.01745684102035558
16160,722,0.015502877265309628
16161,602,0.012926221764150134
16162,507,0.010886369492398866
16163,395,0.008481491024650005
16164,294,0.006312805977840763
16165,196,0.004208537318560509
16166,87,0.0018680752383406338
16167,4,8.58885167053165e-05
16168,0,0.0
16169,0,0.0
16170,0,0.0
16171,0,0.0
16172,0,0.0
16173,0,0.0
16174,0,0.0
16175,0,0.0
16219,3,6.441638752898738e-05
16220,3,6.441638752898738e-05
16221,3,6.441638752898738e-05
16222,3,6.441638752898738e-05
16223,3,6.441638752898738e-05
16224,2,4.294425835265825e-05
16225,0,0.0
16226,0,0.0
16227,0,0.0
16228,0,0.0
16229,0,0.0
16230,12,0.0002576655501159495
16231,12,0.0002576655501159495
16232,12,0.0002576655501159495
16233,12,0.0002576655501159495
16234,12,0.0002576655501159495
16235,5,0.00010736064588164563
16236,3,6.441638752898738e-05
16237,0,0.0
16238,0,0.0
16239,0,0.0
16240,0,0.0
16241,0,0.0
16242,0,0.0
16243,0,0.0
16244,0,0.0
16245,0,0.0
16246,0,0.0
16247,0,0.0
16248,0,0.0
16249,1,2.1472129176329125e-05
16250,1,2.1472129176329125e-05
16251,1,2.1472129176329125e-05
16252,1,2.1472129176329125e-05
16253,1,2.1472129176329125e-05
16254,1,2.1472129176329125e-05
16255,1,2.1472129176329125e-05
16256,1,2.1472129176329125e-05
16257,1,2.1472129176329125e-05
16258,0,0.0
16259,0,0.0
16260,0,0.0
16261,0,0.0
16262,0,0.0
16263,0,0.0
16264,3,6.441638752898738e-05
16265,11,0.00023619342093962037
16266,38,0.0008159409087005068
16267,63,0.0013527441381087349
16268,126,0.0027054882762174697
16269,173,0.003714678347504939
16270,228,0.00489564545220304
16271,261,0.005604225715021902
16272,277,0.005947779781843168
16273,295,0.006334278107017092
16274,301,0.006463110882075067
16275,288,0.006183973202782788
16276,251,0.00538950442325861
16277,205,0.00440178648114747
16278,139,0.0029846259555097484
16279,90,0.0019324916258696213
16280,34,0.0007300523919951902
16281,0,0.0
16282,22,0.00047238684187924073
16283,42,0.0009018294254058232
16284,62,0.0013312720089324057
16285,73,0.001567465429872026
16286,83,0.0017821867216353173
16287,87,0.0018680752383406338
16288,82,0.0017607145924589881
16289,76,0.0016318818174010136
16290,64,0.001374216267285064
16291,39,0.0008374130378768359
16292,15,0.0003220819376449369
16293,7,0.00015030490423430386
16294,2,4.294425835265825e-05
16295,1,2.1472129176329125e-05
16296,0,0.0
16297,0,0.0
16298,0,0.0
16299,0,0.0
16300,0,0.0
16301,0,0.0
16302,0,0.0
16303,18,0.00038649832517392423
16304,36,0.0007729966503478485
16305,59,0.0012668556214034184
16306,110,0.002361934209396204
16307,171,0.0036717340891522805
16308,239,0.005131838873142661
16309,332,0.007128746886541269
16310,402,0.008631795928884307
16311,467,0.010027484325345701
16312,564,0.012110280855449627
16313,629,0.01350596925191102
16314,702,0.015073434681783045
16315,741,0.015910847719659883
16316,809,0.017370952503650262
16317,807,0.017328008245297604
16318,727,0.015610237911191274
16319,634,0.013613329897792665
16320,523,0.011229923559220133
16321,437,0.009383320450055828
16322,321,0.006892553465601649
16323,251,0.00538950442325861
16324,176,0.003779094735033926
16325,103,0.0022116293051618998
16326,8,0.000171777033410633
16327,0,0.0
16328,0,0.0
16329,0,0.0
16330,0,0.0
16331,0,0.0
16332,0,0.0
16333,0,0.0
16334,0,0.0
16335,0,0.0
16336,0,0.0
16337,0,0.0
16378,3,6.441638752898738e-05
16379,3,6.441638752898738e-05
16380,3,6.441638752898738e-05
16381,3,6.441638752898738e-05
16382,3,6.441638752898738e-05
16383,3,6.441638752898738e-05
16384,1,2.1472129176329125e-05
16385,0,0.0
16386,0,0.0
16387,1,2.1472129176329125e-05
16388,12,0.0002576655501159495
16389,12,0.0002576655501159495
16390,12,0.0002576655501159495
16391,12,0.0002576655501159495
16392,12,0.0002576655501159495
16393,12,0.0002576655501159495
16394,12,0.0002576655501159495
16395,6,0.00012883277505797475
16396,3,6.441638752898738e-05
16397,0,0.0
16398,0,0.0
16399,0,0.0
16400,0,0.0
16401,0,0.0
16402,0,0.0
16403,0,0.0
16404,0,0.0
16405,0,0.0
16406,0,0.0
16407,0,0.0
16408,1,2.1472129176329125e-05
16409,1,2.1472129176329125e-05
16410,1,2.1472129176329125e-05
16411,1,2.1472129176329125e-05
16412,1,2.1472129176329125e-05
16413,1,2.1472129176329125e-05
16414,1,2.1472129176329125e-05
16415,1,2.1472129176329125e-05
16416,1,2.1472129176329125e-05
16417,0,0.0
16418,0,0.0
16419,0,0.0
16420,0,0.0
16421,0,0.0
16422,1,2.1472129176329125e-05
16423,2,4.294425835265825e-05
16424,6,0.00012883277505797475
16425,33,0.0007085802628188611
16426,61,0.0013097998797560765
16427,113,0.002426350596925191
16428,167,0.003585845572446964
16429,215,0.004616507772910762
16430,246,0.0052821437773769644
16431,258,0.0055398093274929144
16432,267,0.005733058490079876
16433,263,0.005647169973374559
16434,252,0.0054109765524349394
16435,219,0.004702396289616079
16436,169,0.003628789830799622
16437,112,0.002404878467748862
16438,62,0.0013312720089324057
16439,5,0.00010736064588164563
16440,0,0.0
16441,8,0.000171777033410633
16442,23,0.0004938589710555698
16443,35,0.0007515245211715194
16444,49,0.0010521343296401272
16445,52,0.0011165507171691145
16446,54,0.0011594949755217728
16447,49,0.0010521343296401272
16448,44,0.0009447736837584815
16449,30,0.0006441638752898738
16450,8,0.000171777033410633
16451,2,4.294425835265825e-05
16452,1,2.1472129176329125e-05
16453,0,0.0
16454,0,0.0
16455,0,0.0
16456,0,0.0
16457,0,0.0
16458,0,0.0
16459,0,0.0
16460,0,0.0
16461,10,0.00021472129176329125
16462,23,0.0004938589710555698
16463,40,0.000858885167053165
16464,68,0.0014601047839903805
16465,121,0.002598127630335824
16466,178,0.003822038993386584
16467,244,0.005239199519024306
16468,326,0.006999914111483294
16469,383,0.008223825474534055
16470,422,0.00906123851241089
16471,495,0.010628703942282916
16472,559,0.012002920209567981
16473,626,0.013441552864382032
16474,649,0.013935411835437603
16475,708,0.01520226745684102
16476,719,0.015438460877780641
16477,598,0.012840333247444817
16478,494,0.010607231813106587
16479,399,0.008567379541355322
16480,326,0.006999914111483294
16481,266,0.005711586360903547
16482,208,0.004466202868676458
16483,161,0.0034570127973889892
16484,96,0.002061324400927596
16485,16,0.000343554066821266
16486,0,0.0
16487,0,0.0
16488,0,0.0
16489,0,0.0
16490,0,0.0
16491,0,0.0
16492,0,0.0
16493,0,0.0
16494,0,0.0
16495,0,0.0
16496,0,0.0
16537,3,6.441638752898738e-05
16538,3,6.441638752898738e-05
16539,3,6.441638752898738e-05
16540,3,6.441638752898738e-05
16541,3,6.441638752898738e-05
16542,3,6.441638752898738e-05
16543,2,4.294425835265825e-05
16544,0,0.0
16545,0,0.0
16546,9,0.00019324916258696212
16547,12,0.0002576655501159495
16548,12,0.0002576655501159495
16549,12,0.0002576655501159495
16550,12,0.0002576655501159495
16551,12,0.0002576655501159495
16552,12,0.0002576655501159495
16553,12,0.0002576655501159495
16554,12,0.0002576655501159495
16555,3,6.441638752898738e-05
16556,0,0.0
16557,0,0.0
16558,0,0.0
16559,0,0.0
16560,0,0.0
16561,0,0.0
16562,0,0.0
16563,0,0.0
16564,0,0.0
16565,1,2.1472129176329125e-05
16566,1,2.1472129176329125e-05
16567,2,4.294425835265825e-05
16568,2,4.294425835265825e-05
16569,2,4.294425835265825e-05
16570,1,2.1472129176329125e-05
16571,1,2.1472129176329125e-05
16572,1,2.1472129176329125e-05
16573,1,2.1472129176329125e-05
16574,1,2.1472129176329125e-05
16575,1,2.1472129176329125e-05
16576,0,0.0
16577,0,0.0
16578,0,0.0
16579,0,0.0
16580,0,0.0
16581,3,6.441638752898738e-05
16582,5,0.00010736064588164563
16583,10,0.00021472129176329125
16584,20,0.0004294425835265825
16585,60,0.0012883277505797476
16586,99,0.0021257407884565835
16587,142,0.0030490423430387355
16588,190,0.004079704543502534
16589,218,0.0046809241604397495
16590,234,0.005024478227261015
16591,236,0.005067422485613674
16592,230,0.004938589710555699
16593,216,0.004637979902087091
16594,176,0.003779094735033926
16595,129,0.0027699046637464572
16596,82,0.0017607145924589881
16597,34,0.0007300523919951902
16598,0,0.0
16599,0,0.0
16600,0,0.0
16601,9,0.00019324916258696212
16602,14,0.00030060980846860773
16603,22,0.00047238684187924073
16604,25,0.0005368032294082281
16605,28,0.0006012196169372155
16606,24,0.000515331100231899
16607,13,0.0002791376792922786
16608,2,4.294425835265825e-05
16609,0,0.0
16610,0,0.0
16611,0,0.0
16612,0,0.0
16613,0,0.0
16614,0,0.0
16615,0,0.0
16616,0,0.0
16617,0,0.0
16618,0,0.0
16619,0,0.0
16620,15,0.0003220819376449369
16621,32,0.000687108133642532
16622,48,0.001030662200463798
16623,78,0.0016748260757536717
16624,128,0.002748432534570128
16625,177,0.003800566864210255
16626,237,0.005088894614790003
16627,314,0.006742248561367345
16628,364,0.0078158550201838
16629,382,0.008202353345357726
16630,412,0.008846517220647599
16631,462,0.009920123679464056
16632,514,0.01103667439663317
16633,518,0.011122562913338487
16634,550,0.011809671046981019
16635,548,0.01176672678862836
16636,434,0.00931890406252684
16637,370,0.007944687795241776
16638,307,0.006591943657133041
16639,274,0.00588336339431418
16640,224,0.004809756935497724
16641,193,0.004144120931031521
16642,152,0.003263763634802027
16643,80,0.00171777033410633
16644,16,0.000343554066821266
16645,0,0.0
16646,0,0.0
16647,0,0.0
16648,0,0.0
16649,0,0.0
16650,0,0.0
16651,0,0.0
16652,0,0.0
16653,0,0.0
16654,0,0.0
16655,0,0.0
16697,3,6.441638752898738e-05
16698,3,6.441638752898738e-05
16699,3,6.441638752898738e-05
16700,3,6.441638752898738e-05
16701,3,6.441638752898738e-05
16702,2,4.294425835265825e-05
16703,0,0.0
16704,0,0.0
16705,10,0.00021472129176329125
16706,12,0.0002576655501159495
16707,12,0.0002576655501159495
16708,12,0.0002576655501159495
16709,12,0.0002576655501159495
16710,12,0.0002576655501159495
16711,12,0.0002576655501159495
16712,12,0.0002576655501159495
16713,12,0.0002576655501159495
16714,6,0.00012883277505797475
16715,0,0.0
16716,0,0.0
16717,0,0.0
16718,0,0.0
16719,0,0.0
16720,0,0.0
16721,0,0.0
16722,0,0.0
16723,1,2.1472129176329125e-05
16724,1,2.1472129176329125e-05
16725,1,2.1472129176329125e-05
16726,2,4.294425835265825e-05
16727,2,4.294425835265825e-05
16728,2,4.294425835265825e-05
16729,2,4.294425835265825e-05
16730,2,4.294425835265825e-05
16731,1,2.1472129176329125e-05
16732,1,2.1472129176329125e-05
16733,1,2.1472129176329125e-05
16734,1,2.1472129176329125e-05
16735,0,0.0
16736,0,0.0
16737,0,0.0
16738,0,0.0
16739,3,6.441638752898738e-05
16740,9,0.00019324916258696212
16741,9,0.00019324916258696212
16742,11,0.00023619342093962037
16743,13,0.0002791376792922786
16744,42,0.0009018294254058232
16745,76,0.0016318818174010136
16746,117,0.0025122391136305077
16747,144,0.003091986601391394
16748,167,0.003585845572446964
16749,172,0.0036932062183286096
16750,177,0.003800566864210255
16751,170,0.0036502619599759513
16752,153,0.003285235763978356
16753,127,0.002726960405393799
16754,89,0.001911019496693292
16755,58,0.0012453834922270892
16756,20,0.0004294425835265825
16757,1,2.1472129176329125e-05
16758,0,0.0
16759,0,0.0
16760,0,0.0
16761,3,6.441638752898738e-05
16762,7,0.00015030490423430386
16763,8,0.000171777033410633
16764,8,0.000171777033410633
16765,2,4.294425835265825e-05
16766,0,0.0
16767,0,0.0
16768,0,0.0
16769,0,0.0
16770,0,0.0
16771,0,0.0
16772,0,0.0
16773,0,0.0
16774,0,0.0
16775,0,0.0
16776,0,0.0
16777,0,0.0
16778,5,0.00010736064588164563
16779,29,0.0006226917461135446
16780,34,0.0007300523919951902
16781,52,0.0011165507171691145
16782,75,0.0016104096882246844
16783,125,0.0026840161470411406
16784,168,0.003607317701623293
16785,221,0.004745340547968736
16786,282,0.0060551404277248136
16787,329,0.007064330499012282
16788,367,0.007880271407712788
16789,366,0.00785879927853646
16790,369,0.007923215666065447
16791,383,0.008223825474534055
16792,377,0.00809499269947608
16793,346,0.007429356695009878
16794,376,0.00807352057029975
16795,313,0.006720776432191016
16796,286,0.006141028944430129
16797,265,0.005690114231727218
16798,234,0.005024478227261015
16799,220,0.004723868418792408
16800,185,0.003972343897620888
16801,136,0.002920209567980761
16802,79,0.0016962982049300009
16803,28,0.0006012196169372155
16804,4,8.58885167053165e-05
16805,3,6.441638752898738e-05
16806,0,0.0
16807,0,0.0
16808,0,0.0
16809,0,0.0
16810,0,0.0
16811,0,0.0
16812,0,0.0
16813,0,0.0
16814,0,0.0
16815,0,0.0
16856,3,6.441638752898738e-05
16857,3,6.441638752898738e-05
16858,3,6.441638752898738e-05
16859,3,6.441638752898738e-05
16860,3,6.441638752898738e-05
16861,2,4.294425835265825e-05
16862,0,0.0
16863,1,2.1472129176329125e-05
16864,10,0.00021472129176329125
16865,12,0.0002576655501159495
16866,12,0.0002576655501159495
16867,12,0.0002576655501159495
16868,12,0.0002576655501159495
16869,12,0.0002576655501159495
16870,12,0.0002576655501159495
16871,12,0.0002576655501159495
16872,12,0.0002576655501159495
16873,6,0.00012883277505797475
16874,0,0.0
16875,0,0.0
16876,0,0.0
16877,0,0.0
16878,0,0.0
16879,0,0.0
16880,0,0.0
16881,0,0.0
16882,1,2.1472129176329125e-05
16883,1,2.1472129176329125e-05
16884,1,2.1472129176329125e-05
16885,1,2.1472129176329125e-05
16886,2,4.294425835265825e-05
16887,2,4.294425835265825e-05
16888,2,4.294425835265825e-05
16889,2,4.294425835265825e-05
16890,1,2.1472129176329125e-05
16891,1,2.1472129176329125e-05
16892,1,2.1472129176329125e-05
16893,1,2.1472129176329125e-05
16894,0,0.0
16895,0,0.0
16896,0,0.0
16897,2,4.294425835265825e-05
16898,8,0.000171777033410633
16899,10,0.00021472129176329125
16900,10,0.00021472129176329125
16901,10,0.00021472129176329125
16902,11,0.00023619342093962037
16903,26,0.0005582753585845572
16904,49,0.0010521343296401272
16905,82,0.0017607145924589881
16906,113,0.002426350596925191
16907,131,0.0028128489220991156
16908,134,0.0028772653096281026
16909,136,0.002920209567980761
16910,127,0.002726960405393799
16911,115,0.0024692948552778493
16912,98,0.0021042686592802544
16913,65,0.0013956883964613932
16914,37,0.0007944687795241776
16915,12,0.0002576655501159495
16916,1,2.1472129176329125e-05
16917,0,0.0
16918,0,0.0
16919,0,0.0
16920,0,0.0
16921,0,0.0
16922,0,0.0
16923,0,0.0
16924,0,0.0
16925,0,0.0
16926,0,0.0
16927,0,0.0
16928,0,0.0
16929,0,0.0
16930,0,0.0
16931,0,0.0
16932,0,0.0
16933,0,0.0
16934,0,0.0
16935,0,0.0
16936,13,0.0002791376792922786
16937,36,0.0007729966503478485
16938,46,0.0009877179421111397
16939,51,0.0010950785879927853
16940,64,0.001374216267285064
16941,71,0.0015245211715193678
16942,110,0.002361934209396204
16943,155,0.0033281800223310142
16944,200,0.0042944258352658245
16945,250,0.005368032294082281
16946,279,0.005990724040195826
16947,312,0.006699304303014687
16948,336,0.007214635403246586
16949,325,0.006978441982306966
16950,305,0.006548999398780383
16951,235,0.0050459503564373445
16952,209,0.004487674997852787
16953,221,0.004745340547968736
16954,216,0.004637979902087091
16955,218,0.0046809241604397495
16956,219,0.004702396289616079
16957,217,0.00465945203126342
16958,201,0.004315897964442154
16959,168,0.003607317701623293
16960,148,0.0031778751180967105
16961,98,0.0021042686592802544
16962,68,0.0014601047839903805
16963,38,0.0008159409087005068
16964,28,0.0006012196169372155
16965,24,0.000515331100231899
16966,20,0.0004294425835265825
16967,16,0.000343554066821266
16968,7,0.00015030490423430386
16969,5,0.00010736064588164563
16970,2,4.294425835265825e-05
16971,0,0.0
16972,0,0.0
16973,0,0.0
16974,0,0.0
17016,3,6.441638752898738e-05
17018,3,6.441638752898738e-05
17019,3,6.441638752898738e-05
17020,2,4.294425835265825e-05
17021,0,0.0
17022,1,2.1472129176329125e-05
17023,10,0.00021472129176329125
17024,12,0.0002576655501159495
17025,12,0.0002576655501159495
17026,12,0.0002576655501159495
17027,12,0.0002576655501159495
17028,12,0.0002576655501159495
17029,12,0.0002576655501159495
17030,12,0.0002576655501159495
17031,12,0.0002576655501159495
17032,6,0.00012883277505797475
17033,0,0.0
17034,0,0.0
17035,0,0.0
17036,0,0.0
17037,0,0.0
17038,0,0.0
17039,0,0.0
17040,1,2.1472129176329125e-05
17041,1,2.1472129176329125e-05
17042,1,2.1472129176329125e-05
17043,1,2.1472129176329125e-05
17044,1,2.1472129176329125e-05
17045,2,4.294425835265825e-05
17046,2,4.294425835265825e-05
17047,2,4.294425835265825e-05
17048,2,4.294425835265825e-05
17049,2,4.294425835265825e-05
17050,1,2.1472129176329125e-05
17051,1,2.1472129176329125e-05
17052,0,0.0
17053,0,0.0
17054,0,0.0
17055,0,0.0
17056,4,8.58885167053165e-05
17057,8,0.000171777033410633
17058,9,0.00019324916258696212
17059,10,0.00021472129176329125
17060,10,0.00021472129176329125
17061,10,0.00021472129176329125
17062,13,0.0002791376792922786
17063,29,0.0006226917461135446
17064,49,0.0010521343296401272
17065,73,0.001567465429872026
17066,83,0.0017821867216353173
17067,96,0.002061324400927596
17068,95,0.002039852271751267
17069,89,0.001911019496693292
17070,80,0.00171777033410633
17071,65,0.0013956883964613932
17072,39,0.0008374130378768359
17073,21,0.0004509147127029116
17074,2,4.294425835265825e-05
17075,1,2.1472129176329125e-05
17076,1,2.1472129176329125e-05
17077,0,0.0
17078,0,0.0
17079,0,0.0
17080,0,0.0
17081,0,0.0
17082,0,0.0
17083,0,0.0
17084,0,0.0
17085,0,0.0
17086,0,0.0
17087,0,0.0
17088,0,0.0
17089,0,0.0
17090,0,0.0
17091,0,0.0
17092,0,0.0
17093,0,0.0
17094,18,0.00038649832517392423
17095,27,0.0005797474877608864
17096,40,0.000858885167053165
17097,47,0.0010091900712874689
17098,52,0.0011165507171691145
17099,60,0.0012883277505797476
17100,67,0.0014386326548140513
17101,84,0.0018036588508116465
17102,121,0.002598127630335824
17103,160,0.00343554066821266
17104,211,0.004530619256205445
17105,231,0.004960061839732028
17106,235,0.0050459503564373445
17107,235,0.0050459503564373445
17108,216,0.004637979902087091
17109,161,0.0034570127973889892
17110,115,0.0024692948552778493
17111,103,0.0022116293051618998
17112,114,0.00244782272610152
17113,150,0.003220819376449369
17114,184,0.003950871768444559
17115,194,0.00416559306020785
17116,192,0.004122648801855192
17117,194,0.00416559306020785
17118,182,0.0039079275100919
17119,158,0.0033925964098600017
17120,155,0.0033281800223310142
17121,143,0.0030705144722150647
17122,117,0.0025122391136305077
17123,96,0.002061324400927596
17124,87,0.0018680752383406338
17125,82,0.0017607145924589881
17126,78,0.0016748260757536717
17127,56,0.001202439233874431
17128,44,0.0009447736837584815
17129,22,0.00047238684187924073
17130,11,0.00023619342093962037
17131,1,2.1472129176329125e-05
17132,0,0.0
17133,0,0.0
17177,3,6.441638752898738e-05
17178,2,4.294425835265825e-05
17179,1,2.1472129176329125e-05
17180,0,0.0
17181,0,0.0
17182,9,0.00019324916258696212
17183,12,0.0002576655501159495
17184,12,0.0002576655501159495
17185,12,0.0002576655501159495
17186,12,0.0002576655501159495
17187,12,0.0002576655501159495
17188,12,0.0002576655501159495
17189,12,0.0002576655501159495
17190,12,0.0002576655501159495
17191,4,8.58885167053165e-05
17192,0,0.0
17193,0,0.0
17194,0,0.0
17195,0,0.0
17196,0,0.0
17197,0,0.0
17198,0,0.0
17199,3,6.441638752898738e-05
17200,3,6.441638752898738e-05
17201,3,6.441638752898738e-05
17202,3,6.441638752898738e-05
17203,3,6.441638752898738e-05
17204,3,6.441638752898738e-05
17205,1,2.1472129176329125e-05
17206,1,2.1472129176329125e-05
17207,1,2.1472129176329125e-05
17208,1,2.1472129176329125e-05
17209,0,0.0
17210,0,0.0
17211,0,0.0
17212,0,0.0
17213,0,0.0
17214,0,0.0
17215,7,0.00015030490423430386
17216,9,0.00019324916258696212
17217,9,0.00019324916258696212
17218,10,0.00021472129176329125
17219,10,0.00021472129176329125
17220,10,0.00021472129176329125
17221,11,0.00023619342093962037
17222,19,0.0004079704543502534
17223,26,0.0005582753585845572
17224,38,0.0008159409087005068
17225,47,0.0010091900712874689
17226,56,0.001202439233874431
17227,62,0.0013312720089324057
17228,63,0.0013527441381087349
17229,56,0.001202439233874431
17230,34,0.0007300523919951902
17231,23,0.0004938589710555698
17232,4,8.58885167053165e-05
17233,1,2.1472129176329125e-05
17234,1,2.1472129176329125e-05
17235,1,2.1472129176329125e-05
17236,0,0.0
17239,0,0.0
17240,0,0.0
17241,0,0.0
17242,0,0.0
17243,0,0.0
17244,0,0.0
17245,0,0.0
17246,0,0.0
17247,0,0.0
17248,0,0.0
17249,0,0.0
17250,0,0.0
17251,2,4.294425835265825e-05
17252,18,0.00038649832517392423
17253,24,0.000515331100231899
17254,35,0.0007515245211715194
17255,41,0.0008803572962294941
17256,46,0.0009877179421111397
17257,51,0.0010950785879927853
17258,54,0.0011594949755217728
17259,59,0.0012668556214034184
17260,62,0.0013312720089324057
17261,65,0.0013956883964613932
17262,84,0.0018036588508116465
17263,124,0.0026625440178648114
17264,141,0.0030275702138624068
17265,125,0.0026840161470411406
17266,111,0.0023834063385725327
17267,89,0.001911019496693292
17268,70,0.0015030490423430388
17269,76,0.0016318818174010136
17270,83,0.0017821867216353173
17271,72,0.001545993300695697
17272,107,0.0022975178218672164
17273,148,0.0031778751180967105
17274,172,0.0036932062183286096
17275,194,0.00416559306020785
17276,208,0.004466202868676458
17277,199,0.004272953706089496
17278,202,0.004337370093618483
17279,209,0.004487674997852787
17280,200,0.0042944258352658245
17281,194,0.00416559306020785
17282,179,0.0038435111225629134
17283,177,0.003800566864210255
17284,153,0.003285235763978356
17285,136,0.002920209567980761
17286,109,0.0023404620802198748
17287,84,0.0018036588508116465
17288,64,0.001374216267285064
17289,44,0.0009447736837584815
17290,18,0.00038649832517392423
17291,1,2.1472129176329125e-05
17292,0,0.0
17293,0,0.0
17294,0,0.0
17336,4,8.58885167053165e-05
17337,1,2.1472129176329125e-05
17338,0,0.0
17339,0,0.0
17340,0,0.0
17341,5,0.00010736064588164563
17342,10,0.00021472129176329125
17343,12,0.0002576655501159495
17344,12,0.0002576655501159495
17345,12,0.0002576655501159495
17346,12,0.0002576655501159495
17347,12,0.0002576655501159495
17348,12,0.0002576655501159495
17349,11,0.00023619342093962037
17350,0,0.0
17351,0,0.0
17352,0,0.0
17353,0,0.0
17354,0,0.0
17355,0,0.0
17356,0,0.0
17357,2,4.294425835265825e-05
17358,3,6.441638752898738e-05
17359,3,6.441638752898738e-05
17360,3,6.441638752898738e-05
17361,3,6.441638752898738e-05
17362,3,6.441638752898738e-05
17363,3,6.441638752898738e-05
17364,3,6.441638752898738e-05
17365,1,2.1472129176329125e-05
17366,1,2.1472129176329125e-05
17367,1,2.1472129176329125e-05
17368,0,0.0
17369,0,0.0
17370,0,0.0
17371,0,0.0
17372,0,0.0
17373,0,0.0
17374,7,0.00015030490423430386
17375,9,0.00019324916258696212
17376,9,0.00019324916258696212
17377,9,0.00019324916258696212
17378,10,0.00021472129176329125
17379,10,0.00021472129176329125
17380,10,0.00021472129176329125
17381,11,0.00023619342093962037
17382,18,0.00038649832517392423
17383,24,0.000515331100231899
17384,22,0.00047238684187924073
17385,27,0.0005797474877608864
17386,29,0.0006226917461135446
17387,25,0.0005368032294082281
17388,18,0.00038649832517392423
17389,9,0.00019324916258696212
17390,2,4.294425835265825e-05
17391,1,2.1472129176329125e-05
17392,1,2.1472129176329125e-05
17398,0,0.0
17399,0,0.0
17400,0,0.0
17401,0,0.0
17402,0,0.0
17403,0,0.0
17404,0,0.0
17405,0,0.0
17406,0,0.0
17407,0,0.0
17408,1,2.1472129176329125e-05
17409,7,0.00015030490423430386
17410,8,0.000171777033410633
17411,26,0.0005582753585845572
17412,30,0.0006441638752898738
17413,38,0.0008159409087005068
17414,42,0.0009018294254058232
17415,41,0.0008803572962294941
17416,47,0.0010091900712874689
17417,48,0.001030662200463798
17418,52,0.0011165507171691145
17419,54,0.0011594949755217728
17420,45,0.0009662458129348106
17421,35,0.0007515245211715194
17422,27,0.0005797474877608864
17423,24,0.000515331100231899
17424,40,0.000858885167053165
17425,50,0.0010736064588164561
17426,52,0.0011165507171691145
17427,60,0.0012883277505797476
17428,69,0.0014815769131667096
17429,70,0.0015030490423430388
17430,106,0.0022760456926908873
17431,144,0.003091986601391394
17432,180,0.0038649832517392425
17433,217,0.00465945203126342
17434,228,0.00489564545220304
17435,253,0.005432448681611269
17436,254,0.005453920810787598
17437,266,0.005711586360903547
17438,275,0.005904835523490509
17439,281,0.006033668298548484
17440,277,0.005947779781843168
17441,254,0.005453920810787598
17442,236,0.005067422485613674
17443,213,0.004573563514558104
17444,189,0.004058232414326205
17445,169,0.003628789830799622
17446,131,0.0028128489220991156
17447,101,0.0021686850468092414
17448,74,0.0015889375590483553
17449,48,0.001030662200463798
17450,23,0.0004938589710555698
17451,4,8.58885167053165e-05
17452,0,0.0
17453,0,0.0
17454,0,0.0
17455,0,0.0
17495,2,4.294425835265825e-05
17496,2,4.294425835265825e-05
17497,0,0.0
17498,0,0.0
17499,0,0.0
17500,0,0.0
17501,6,0.00012883277505797475
17502,9,0.00019324916258696212
17503,12,0.0002576655501159495
17504,12,0.0002576655501159495
17505,12,0.0002576655501159495
17506,12,0.0002576655501159495
17507,11,0.00023619342093962037
17508,0,0.0
17509,0,0.0
17510,0,0.0
17514,0,0.0
17515,1,2.1472129176329125e-05
17516,2,4.294425835265825e-05
17517,3,6.441638752898738e-05
17518,3,6.441638752898738e-05
17519,3,6.441638752898738e-05
17520,3,6.441638752898738e-05
17521,3,6.441638752898738e-05
17522,3,6.441638752898738e-05
17523,3,6.441638752898738e-05
17524,2,4.294425835265825e-05
17525,1,2.1472129176329125e-05
17526,0,0.0
17527,0,0.0
17528,0,0.0
17529,0,0.0
17530,0,0.0
17531,0,0.0
17532,0,0.0
17533,6,0.00012883277505797475
17534,9,0.00019324916258696212
17535,9,0.00019324916258696212
17536,9,0.00019324916258696212
17537,9,0.00019324916258696212
17538,9,0.00019324916258696212
17539,9,0.00019324916258696212
17540,9,0.00019324916258696212
17541,10,0.00021472129176329125
17542,8,0.000171777033410633
17543,5,0.00010736064588164563
17544,6,0.00012883277505797475
17545,7,0.00015030490423430386
17546,4,8.58885167053165e-05
17547,2,4.294425835265825e-05
17548,1,2.1472129176329125e-05
17558,0,0.0
17559,0,0.0
17560,0,0.0
17561,0,0.0
17562,0,0.0
17563,0,0.0
17564,0,0.0
17565,0,0.0
17566,5,0.00010736064588164563
17567,9,0.00019324916258696212
17568,11,0.00023619342093962037
17569,14,0.00030060980846860773
17570,29,0.0006226917461135446
17571,34,0.0007300523919951902
17572,37,0.0007944687795241776
17573,45,0.0009662458129348106
17574,42,0.0009018294254058232
17575,41,0.0008803572962294941
17576,43,0.0009233015545821524
17577,45,0.0009662458129348106
17578,46,0.0009877179421111397
17579,37,0.0007944687795241776
17580,23,0.0004938589710555698
17581,26,0.0005582753585845572
17582,16,0.000343554066821266
17583,20,0.0004294425835265825
17584,23,0.0004938589710555698
17585,34,0.0007300523919951902
17586,46,0.0009877179421111397
17587,68,0.0014601047839903805
17588,105,0.002254573563514558
17589,134,0.0028772653096281026
17590,178,0.003822038993386584
17591,222,0.004766812677145065
17592,267,0.005733058490079876
17593,293,0.0062913338486644335
17594,314,0.006742248561367345
17595,333,0.007150219015717598
17596,337,0.007236107532422915
17597,340,0.007300523919951903
17598,359,0.007708494374302156
17599,350,0.007515245211715193
17600,322,0.0069140255947779785
17601,302,0.006484583011251396
17602,275,0.005904835523490509
17603,246,0.0052821437773769644
17604,214,0.004595035643734433
17605,194,0.00416559306020785
17606,161,0.0034570127973889892
17607,129,0.0027699046637464572
17608,106,0.0022760456926908873
17609,62,0.0013312720089324057
17610,28,0.0006012196169372155
17611,5,0.00010736064588164563
17612,0,0.0
17613,0,0.0
17614,0,0.0
17615,0,0.0
17616,0,0.0
17617,0,0.0
17618,0,0.0
17655,1,2.1472129176329125e-05
17656,0,0.0
17657,0,0.0
17658,0,0.0
17659,0,0.0
17660,0,0.0
17661,0,0.0
17662,2,4.294425835265825e-05
17663,2,4.294425835265825e-05
17664,2,4.294425835265825e-05
17665,0,0.0
17666,0,0.0
17667,0,0.0
17675,2,4.294425835265825e-05
17676,2,4.294425835265825e-05
17677,3,6.441638752898738e-05
17678,3,6.441638752898738e-05
17679,3,6.441638752898738e-05
17680,3,6.441638752898738e-05
17681,3,6.441638752898738e-05
17682,3,6.441638752898738e-05
17683,3,6.441638752898738e-05
17684,1,2.1472129176329125e-05
17685,0,0.0
17686,0,0.0
17687,0,0.0
17688,0,0.0
17689,0,0.0
17690,0,0.0
17691,0,0.0
17692,2,4.294425835265825e-05
17693,9,0.00019324916258696212
17694,9,0.00019324916258696212
17695,9,0.00019324916258696212
17696,9,0.00019324916258696212
17697,9,0.00019324916258696212
17698,9,0.00019324916258696212
17699,9,0.00019324916258696212
17700,9,0.00019324916258696212
17701,5,0.00010736064588164563
17702,1,2.1472129176329125e-05
17703,0,0.0
17704,1,2.1472129176329125e-05
17705,1,2.1472129176329125e-05
17717,0,0.0
17718,0,0.0
17719,0,0.0
17720,0,0.0
17721,0,0.0
17722,0,0.0
17723,0,0.0
17724,0,0.0
17725,9,0.00019324916258696212
17726,10,0.00021472129176329125
17727,11,0.00023619342093962037
17728,14,0.00030060980846860773
17729,29,0.0006226917461135446
17730,34,0.0007300523919951902
17731,37,0.0007944687795241776
17732,44,0.0009447736837584815
17733,45,0.0009662458129348106
17734,41,0.0008803572962294941
17735,41,0.0008803572962294941
17736,40,0.000858885167053165
17737,39,0.0008374130378768359
17738,30,0.0006441638752898738
17739,25,0.0005368032294082281
17740,31,0.0006656360044662028
17741,26,0.0005582753585845572
17742,30,0.0006441638752898738
17743,38,0.0008159409087005068
17744,61,0.0013097998797560765
17745,77,0.0016533539465773425
17746,109,0.0023404620802198748
17747,156,0.0033496521515073434
17748,177,0.003800566864210255
17749,215,0.004616507772910762
17750,267,0.005733058490079876
17751,327,0.007021386240659623
17752,369,0.007923215666065447
17753,398,0.008545907412178992
17754,428,0.009190071287468866
17755,440,0.009447736837584816
17756,432,0.009275959804174182
17757,434,0.00931890406252684
17758,426,0.009147127029116207
17759,401,0.008610323799707978
17760,372,0.007987632053594434
17761,363,0.0077943828910074725
17762,326,0.006999914111483294
17763,291,0.006248389590311775
17764,254,0.005453920810787598
17765,207,0.004444730739500129
17766,182,0.0039079275100919
17767,150,0.003220819376449369
17768,114,0.00244782272610152
17769,68,0.0014601047839903805
17770,31,0.0006656360044662028
17771,9,0.00019324916258696212
17772,0,0.0
17773,0,0.0
17774,0,0.0
17775,0,0.0
17776,0,0.0
17777,0,0.0
17778,0,0.0
17779,0,0.0
17814,0,0.0
17815,0,0.0
17816,0,0.0
17817,0,0.0
17818,0,0.0
17819,0,0.0
17820,0,0.0
17821,0,0.0
17822,2,4.294425835265825e-05
17823,1,2.1472129176329125e-05
17824,0,0.0
17835,2,4.294425835265825e-05
17836,2,4.294425835265825e-05
17837,3,6.441638752898738e-05
17838,3,6.441638752898738e-05
17839,3,6.441638752898738e-05
17840,3,6.441638752898738e-05
17841,3,6.441638752898738e-05
17844,0,0.0
17845,0,0.0
17846,0,0.0
17847,0,0.0
17848,0,0.0
17849,0,0.0
17850,0,0.0
17851,0,0.0
17852,4,8.58885167053165e-05
17853,9,0.00019324916258696212
17854,9,0.00019324916258696212
17855,9,0.00019324916258696212
17856,9,0.00019324916258696212
17857,9,0.00019324916258696212
17858,9,0.00019324916258696212
17859,6,0.00012883277505797475
17860,1,2.1472129176329125e-05
17861,0,0.0
17876,0,0.0
17877,0,0.0
17878,0,0.0
17879,0,0.0
17880,0,0.0
17881,0,0.0
17882,0,0.0
17883,7,0.00015030490423430386
17884,9,0.00019324916258696212
17885,10,0.00021472129176329125
17886,11,0.00023619342093962037
17887,13,0.0002791376792922786
17888,24,0.000515331100231899
17889,34,0.0007300523919951902
17890,35,0.0007515245211715194
17891,41,0.0008803572962294941
17892,41,0.0008803572962294941
17893,39,0.0008374130378768359
17894,41,0.0008803572962294941
17895,40,0.000858885167053165
17896,39,0.0008374130378768359
17897,25,0.0005368032294082281
17898,32,0.000687108133642532
17899,30,0.0006441638752898738
17900,38,0.0008159409087005068
17901,50,0.0010736064588164561
17902,77,0.0016533539465773425
17903,103,0.0022116293051618998
17904,122,0.002619599759512153
17905,162,0.0034784849265653184
17906,199,0.004272953706089496
17907,235,0.0050459503564373445
17908,266,0.005711586360903547
17909,333,0.007150219015717598
17910,381,0.008180881216181397
17911,435,0.00934037619170317
17912,470,0.010091900712874689
17913,503,0.01080048097569355
17914,545,0.011702310401099373
17915,531,0.011401700592630765
17916,511,0.010972258009104183
17917,505,0.010843425234046208
17918,496,0.010650176071459246
17919,465,0.009984540066993043
17920,438,0.009404792579232157
17921,389,0.00835265824959203
17922,371,0.007966159924418105
17923,321,0.006892553465601649
17924,270,0.0057974748776088636
17925,231,0.004960061839732028
17926,190,0.004079704543502534
17927,145,0.003113458730567723
17928,106,0.0022760456926908873
17929,63,0.0013527441381087349
17930,36,0.0007729966503478485
17931,3,6.441638752898738e-05
17932,0,0.0
17933,0,0.0
17934,0,0.0
17935,0,0.0
17936,0,0.0
17937,0,0.0
17973,0,0.0
17974,0,0.0
17975,0,0.0
17976,0,0.0
17977,0,0.0
17978,0,0.0
17979,0,0.0
17980,0,0.0
17994,2,4.294425835265825e-05
17995,2,4.294425835265825e-05
17996,2,4.294425835265825e-05
17997,2,4.294425835265825e-05
17998,2,4.294425835265825e-05
18003,0,0.0
18004,0,0.0
18005,0,0.0
18006,0,0.0
18007,0,0.0
18008,0,0.0
18009,0,0.0
18010,0,0.0
18011,0,0.0
18014,7,0.00015030490423430386
18015,7,0.00015030490423430386
18016,7,0.00015030490423430386
18017,4,8.58885167053165e-05
18018,1,2.1472129176329125e-05
18036,0,0.0
18037,0,0.0
18038,0,0.0
18039,0,0.0
18040,0,0.0
18041,0,0.0
18042,7,0.00015030490423430386
18043,9,0.00019324916258696212
18044,11,0.00023619342093962037
18045,12,0.0002576655501159495
18046,13,0.0002791376792922786
18047,21,0.0004509147127029116
18048,30,0.0006441638752898738
18049,34,0.0007300523919951902
18050,35,0.0007515245211715194
18051,36,0.0007729966503478485
18052,34,0.0007300523919951902
18053,35,0.0007515245211715194
18054,34,0.0007300523919951902
18055,33,0.0007085802628188611
18056,24,0.000515331100231899
18057,31,0.0006656360044662028
18058,43,0.0009233015545821524
18059,59,0.0012668556214034184
18060,94,0.0020183801425749377
18061,126,0.0027054882762174697
18062,142,0.0030490423430387355
18063,170,0.0036502619599759513
18064,225,0.004831229064674053
18065,282,0.0060551404277248136
18066,296,0.006355750236193421
18067,325,0.006978441982306966
18068,374,0.008030576311947092
18069,420,0.009018294254058232
18070,468,0.01004895645452203
18071,523,0.011229923559220133
18072,585,0.012561195568152538
18073,598,0.012840333247444817
18074,581,0.012475307051447221
18075,583,0.01251825130979988
18076,570,0.0122391136305076
18077,562,0.012067336597096969
18078,539,0.011573477626041398
18079,507,0.010886369492398866
18080,456,0.00979129090440608
18081,420,0.009018294254058232
18082,360,0.007729966503478485
18083,309,0.006634887915485699
18084,266,0.005711586360903547
18085,239,0.005131838873142661
18086,195,0.00418706518938418
18087,146,0.003134930859744052
18088,110,0.002361934209396204
18089,64,0.001374216267285064
18090,35,0.0007515245211715194
18091,0,0.0
18092,0,0.0
18093,0,0.0
18094,0,0.0
18095,0,0.0
18096,0,0.0
18133,0,0.0
18134,0,0.0
18135,0,0.0
18153,2,4.294425835265825e-05
18154,2,4.294425835265825e-05
18155,2,4.294425835265825e-05
18162,0,0.0
18163,0,0.0
18164,0,0.0
18165,0,0.0
18166,0,0.0
18167,0,0.0
18168,0,0.0
18169,0,0.0
18174,1,2.1472129176329125e-05
18175,1,2.1472129176329125e-05
18176,0,0.0
18197,0,0.0
18198,0,0.0
18199,0,0.0
18200,0,0.0
18201,8,0.000171777033410633
18202,10,0.00021472129176329125
18203,10,0.00021472129176329125
18204,11,0.00023619342093962037
18205,12,0.0002576655501159495
18206,15,0.0003220819376449369
18207,23,0.0004938589710555698
18208,29,0.0006226917461135446
18209,34,0.0007300523919951902
18210,32,0.000687108133642532
18211,26,0.0005582753585845572
18212,29,0.0006226917461135446
18213,26,0.0005582753585845572
18214,20,0.0004294425835265825
18215,39,0.0008374130378768359
18216,58,0.0012453834922270892
18217,80,0.00171777033410633
18218,108,0.0023189899510435456
18219,137,0.00294168169715709
18220,181,0.0038864553809155717
18221,214,0.004595035643734433
18222,252,0.0054109765524349394
18223,304,0.006527527269604054
18224,354,0.00760113372842051
18225,363,0.0077943828910074725
18226,389,0.00835265824959203
18227,415,0.008910933608176587
18228,450,0.009662458129348106
18229,493,0.010585759683930258
18230,547,0.011745254659452031
18231,602,0.012926221764150134
18232,634,0.013613329897792665
18233,647,0.013892467577084944
18234,640,0.01374216267285064
18235,629,0.01350596925191102
18236,602,0.012926221764150134
18237,588,0.012625611955681525
18238,541,0.011616421884394056
18239,484,0.010392510521343296
18240,424,0.009104182770763549
18241,381,0.008180881216181397
18242,333,0.007150219015717598
18243,285,0.0061195568152538
18244,248,0.005325088035729623
18245,214,0.004595035643734433
18246,180,0.0038649832517392425
18247,147,0.0031564029889203813
18248,114,0.00244782272610152
18249,65,0.0013956883964613932
18250,32,0.000687108133642532
18251,0,0.0
18252,0,0.0
18253,0,0.0
18254,0,0.0
18322,0,0.0
18323,0,0.0
18324,0,0.0
18325,0,0.0
18326,0,0.0
18327,0,0.0
18357,0,0.0
18358,0,0.0
18359,2,4.294425835265825e-05
18360,12,0.0002576655501159495
18361,17,0.0003650261959975951
18362,17,0.0003650261959975951
18363,18,0.00038649832517392423
18364,15,0.0003220819376449369
18365,13,0.0002791376792922786
18366,15,0.0003220819376449369
18367,19,0.0004079704543502534
18368,22,0.00047238684187924073
18369,21,0.0004509147127029116
18370,19,0.0004079704543502534
18371,12,0.0002576655501159495
18372,22,0.00047238684187924073
18373,32,0.000687108133642532
18374,52,0.0011165507171691145
18375,74,0.0015889375590483553
18376,113,0.002426350596925191
18377,151,0.003242291505625698
18378,193,0.004144120931031521
18379,232,0.004981533968908357
18380,276,0.0059263076526668386
18381,302,0.006484583011251396
18382,346,0.007429356695009878
18383,397,0.008524435283002663
18384,416,0.008932405737352916
18385,440,0.009447736837584816
18386,459,0.009855707291935068
18387,484,0.010392510521343296
18388,514,0.01103667439663317
18389,537,0.01153053336768874
18390,598,0.012840333247444817
18391,639,0.013720690543674311
18392,655,0.014064244610495576
18393,637,0.013677746285321653
18394,624,0.013398608606029374
18395,585,0.012561195568152538
18396,573,0.012303530018036588
18397,552,0.011852615305333677
18398,484,0.010392510521343296
18399,426,0.009147127029116207
18400,378,0.00811646482865241
18401,330,0.007085802628188611
18402,287,0.0061625010736064585
18403,255,0.005475392939963927
18404,237,0.005088894614790003
18405,204,0.004380314351971141
18406,172,0.0036932062183286096
18407,154,0.003306707893154685
18408,125,0.0026840161470411406
18409,86,0.0018466031091643048
18410,50,0.0010736064588164561
18411,16,0.000343554066821266
18412,10,0.00021472129176329125
18413,1,2.1472129176329125e-05
18438,22,0.00047238684187924073
18439,33,0.0007085802628188611
18440,34,0.0007300523919951902
18481,0,0.0
18482,0,0.0
18483,0,0.0
18484,0,0.0
18485,0,0.0
18517,2,4.294425835265825e-05
18518,10,0.00021472129176329125
18519,22,0.00047238684187924073
18520,26,0.0005582753585845572
18521,27,0.0005797474877608864
18522,27,0.0005797474877608864
18523,27,0.0005797474877608864
18524,23,0.0004938589710555698
18525,15,0.0003220819376449369
18526,12,0.0002576655501159495
18527,12,0.0002576655501159495
18528,6,0.00012883277505797475
18529,4,8.58885167053165e-05
18530,14,0.00030060980846860773
18531,32,0.000687108133642532
18532,45,0.0009662458129348106
18533,69,0.0014815769131667096
18534,95,0.002039852271751267
18535,135,0.0028987374388044318
18536,190,0.004079704543502534
18537,241,0.0051747831314953195
18538,285,0.0061195568152538
18539,307,0.006591943657133041
18540,340,0.007300523919951903
18541,370,0.007944687795241776
18542,409,0.008782100833118612
18543,433,0.009297431933350512
18544,461,0.009898651550287726
18545,482,0.010349566262990639
18546,496,0.010650176071459246
18547,514,0.01103667439663317
18548,553,0.011874087434510006
18549,592,0.012711500472386842
18550,624,0.013398608606029374
18551,616,0.01322683157261874
18552,608,0.013055054539208109
18553,580,0.012453834922270892
18554,529,0.011358756334278106
18555,496,0.010650176071459246
18556,473,0.010156317100403676
18557,443,0.009512153225113801
18558,395,0.008481491024650005
18559,339,0.007279051790775573
18560,305,0.006548999398780383
18561,275,0.005904835523490509
18562,261,0.005604225715021902
18563,237,0.005088894614790003
18564,216,0.004637979902087091
18565,201,0.004315897964442154
18566,193,0.004144120931031521
18567,165,0.0035429013140943055
18568,130,0.0027913767929227864
18569,98,0.0021042686592802544
18570,61,0.0013097998797560765
18571,29,0.0006226917461135446
18572,14,0.00030060980846860773
18596,10,0.00021472129176329125
18597,20,0.0004294425835265825
18598,35,0.0007515245211715194
18599,39,0.0008374130378768359
18600,37,0.0007944687795241776
18601,38,0.0008159409087005068
18641,0,0.0
18642,0,0.0
18643,0,0.0
18644,0,0.0
18676,9,0.00019324916258696212
18677,17,0.0003650261959975951
18678,20,0.0004294425835265825
18679,27,0.0005797474877608864
18680,31,0.0006656360044662028
18681,31,0.0006656360044662028
18682,31,0.0006656360044662028
18683,31,0.0006656360044662028
18684,23,0.0004938589710555698
18685,13,0.0002791376792922786
18686,4,8.58885167053165e-05
18687,1,2.1472129176329125e-05
18688,11,0.00023619342093962037
18689,28,0.0006012196169372155
18690,48,0.001030662200463798
18691,66,0.0014171605256377221
18692,88,0.001889547367516963
18693,116,0.0024907669844541785
18694,163,0.003499957055741647
18695,223,0.0047882848063213945
18696,281,0.006033668298548484
18697,321,0.006892553465601649
18698,353,0.007579661599244181
18699,383,0.008223825474534055
18700,418,0.008975349995705574
18701,431,0.009254487674997853
18702,466,0.010006012196169372
18703,489,0.010499871167224941
18704,510,0.010950785879927854
18705,503,0.01080048097569355
18706,512,0.010993730138280512
18707,554,0.011895559563686335
18708,591,0.012690028343210513
18709,593,0.012732972601563171
18710,571,0.01226058575968393
18711,565,0.012131752984625956
18712,508,0.010907841621575196
18713,475,0.010199261358756335
18714,441,0.009469208966761145
18715,402,0.008631795928884307
18716,370,0.007944687795241776
18717,327,0.007021386240659623
18718,297,0.00637722236536975
18719,285,0.0061195568152538
18720,266,0.005711586360903547
18721,253,0.005432448681611269
18722,240,0.00515331100231899
18723,230,0.004938589710555699
18724,227,0.004874173323026711
18725,219,0.004702396289616079
18726,196,0.004208537318560509
18727,161,0.0034570127973889892
18728,132,0.0028343210512754443
18729,97,0.002082796530103925
18730,57,0.00122391136305076
18731,28,0.0006012196169372155
18732,11,0.00023619342093962037
18733,0,0.0
18734,0,0.0
18740,13,0.0002791376792922786
18741,15,0.0003220819376449369
18742,18,0.00038649832517392423
18743,20,0.0004294425835265825
18744,12,0.0002576655501159495
18748,8,0.000171777033410633
18749,4,8.58885167053165e-05
18750,0,0.0
18755,25,0.0005368032294082281
18756,40,0.000858885167053165
18757,45,0.0009662458129348106
18758,54,0.0011594949755217728
18759,57,0.00122391136305076
18760,52,0.0011165507171691145
18761,36,0.0007729966503478485
18800,0,0.0
18801,0,0.0
18802,0,0.0
18834,4,8.58885167053165e-05
18835,13,0.0002791376792922786
18836,18,0.00038649832517392423
18837,22,0.00047238684187924073
18838,24,0.000515331100231899
18839,26,0.0005582753585845572
18840,29,0.0006226917461135446
18841,35,0.0007515245211715194
18842,35,0.0007515245211715194
18843,35,0.0007515245211715194
18844,22,0.00047238684187924073
18845,11,0.00023619342093962037
18846,26,0.0005582753585845572
18847,39,0.0008374130378768359
18848,56,0.001202439233874431
18849,71,0.0015245211715193678
18850,94,0.0020183801425749377
18851,112,0.002404878467748862
18852,139,0.0029846259555097484
18853,183,0.00392939963926823
18854,239,0.005131838873142661
18855,305,0.006548999398780383
18856,365,0.00783732714936013
18857,399,0.008567379541355322
18858,432,0.009275959804174182
18859,445,0.00955509748346646
18860,440,0.009447736837584816
18861,483,0.010371038392166968
18862,484,0.010392510521343296
18863,499,0.010714592458988233
18864,492,0.010564287554753929
18865,505,0.010843425234046208
18866,556,0.011938503822038994
18867,572,0.012282057888860259
18868,553,0.011874087434510006
18869,543,0.011659366142746715
18870,514,0.01103667439663317
18871,471,0.010113372842051018
18872,414,0.008889461479000257
18873,377,0.00809499269947608
18874,330,0.007085802628188611
18875,284,0.006098084686077471
18876,265,0.005690114231727218
18877,256,0.005496865069140256
18878,253,0.005432448681611269
18879,249,0.005346560164905952
18880,245,0.005260671648200635
18881,239,0.005131838873142661
18882,243,0.005217727389847977
18883,253,0.005432448681611269
18884,244,0.005239199519024306
18885,233,0.005003006098084686
18886,204,0.004380314351971141
18887,169,0.003628789830799622
18888,135,0.0028987374388044318
18889,91,0.00195396375504595
18890,43,0.0009233015545821524
18891,21,0.0004509147127029116
18892,3,6.441638752898738e-05
18893,0,0.0
18898,21,0.0004509147127029116
18899,27,0.0005797474877608864
18900,36,0.0007729966503478485
18901,41,0.0008803572962294941
18902,46,0.0009877179421111397
18903,46,0.0009877179421111397
18905,32,0.000687108133642532
18906,32,0.000687108133642532
18907,27,0.0005797474877608864
18908,23,0.0004938589710555698
18909,15,0.0003220819376449369
18910,2,4.294425835265825e-05
18914,46,0.0009877179421111397
18915,48,0.001030662200463798
18916,52,0.0011165507171691145
18917,51,0.0010950785879927853
18918,49,0.0010521343296401272
18919,46,0.0009877179421111397
18920,39,0.0008374130378768359
18992,0,0.0
18993,6,0.00012883277505797475
18994,16,0.000343554066821266
18995,21,0.0004509147127029116
18996,22,0.00047238684187924073
18997,22,0.00047238684187924073
18998,26,0.0005582753585845572
18999,31,0.0006656360044662028
19000,35,0.0007515245211715194
19001,38,0.0008159409087005068
19002,45,0.0009662458129348106
19003,54,0.0011594949755217728
19004,57,0.00122391136305076
19005,69,0.0014815769131667096
19006,75,0.0016104096882246844
19007,97,0.002082796530103925
19008,100,0.0021472129176329123
19009,111,0.0023834063385725327
19010,138,0.0029631538263334193
19011,165,0.0035429013140943055
19012,211,0.004530619256205445
19013,269,0.005776002748432534
19014,343,0.00736494030748089
19015,396,0.008502963153826334
19016,443,0.009512153225113801
19017,477,0.010242205617108993
19018,484,0.010392510521343296
19019,472,0.010134844971227347
19020,493,0.010585759683930258
19021,509,0.010929313750751525
19022,494,0.010607231813106587
19023,495,0.010628703942282916
19024,516,0.011079618654985829
19025,534,0.011466116980159752
19026,548,0.01176672678862836
19027,518,0.011122562913338487
19028,500,0.010736064588164562
19029,456,0.00979129090440608
19030,409,0.008782100833118612
19031,366,0.00785879927853646
19032,319,0.006849609207248991
19033,277,0.005947779781843168
19034,220,0.004723868418792408
19035,187,0.004015288155973546
19036,180,0.0038649832517392425
19037,204,0.004380314351971141
19038,211,0.004530619256205445
19039,217,0.00465945203126342
19040,243,0.005217727389847977
19041,268,0.005754530619256205
19042,291,0.006248389590311775
19043,292,0.006269861719488104
19044,275,0.005904835523490509
19045,247,0.005303615906553294
19046,209,0.004487674997852787
19047,165,0.0035429013140943055
19048,126,0.0027054882762174697
19049,80,0.00171777033410633
19050,30,0.0006441638752898738
19051,4,8.58885167053165e-05
19055,16,0.000343554066821266
19056,25,0.0005368032294082281
19057,35,0.0007515245211715194
19058,49,0.0010521343296401272
19059,54,0.0011594949755217728
19060,61,0.0013097998797560765
19061,74,0.0015889375590483553
19062,79,0.0016962982049300009
19063,70,0.0015030490423430388
19064,54,0.0011594949755217728
19065,41,0.0008803572962294941
19066,35,0.0007515245211715194
19067,28,0.0006012196169372155
19068,22,0.00047238684187924073
19069,16,0.000343554066821266
19070,20,0.0004294425835265825
19071,36,0.0007729966503478485
19072,56,0.001202439233874431
19073,60,0.0012883277505797476
19074,58,0.0012453834922270892
19075,55,0.001180967104698102
19076,49,0.0010521343296401272
19077,46,0.0009877179421111397
19078,42,0.0009018294254058232
19079,37,0.0007944687795241776
19080,25,0.0005368032294082281
19150,0,0.0
19151,0,0.0
19152,7,0.00015030490423430386
19153,16,0.000343554066821266
19154,22,0.00047238684187924073
19155,22,0.00047238684187924073
19156,24,0.000515331100231899
19157,30,0.0006441638752898738
19158,34,0.0007300523919951902
19159,39,0.0008374130378768359
19160,48,0.001030662200463798
19161,65,0.0013956883964613932
19162,69,0.0014815769131667096
19163,74,0.0015889375590483553
19164,85,0.0018251309799879756
19165,93,0.0019969080133986085
19166,116,0.0024907669844541785
19167,128,0.002748432534570128
19168,142,0.0030490423430387355
19169,155,0.0033281800223310142
19170,190,0.004079704543502534
19171,250,0.005368032294082281
19172,303,0.006506055140427725
19173,364,0.0078158550201838
19174,429,0.009211543416645195
19175,467,0.010027484325345701
19176,501,0.010757536717340891
19177,518,0.011122562913338487
19178,502,0.01077900884651722
19179,502,0.01077900884651722
19180,480,0.01030662200463798
19181,444,0.00953362535429013
19182,443,0.009512153225113801
19183,474,0.010177789229580006
19184,476,0.010220733487932664
19185,462,0.009920123679464056
19186,451,0.009683930258524435
19187,425,0.009125654899939878
19188,391,0.008395602507944688
19189,347,0.007450828824186206
19190,308,0.00661341578630937
19191,265,0.005690114231727218
19192,194,0.00416559306020785
19193,150,0.003220819376449369
19194,126,0.0027054882762174697
19195,109,0.0023404620802198748
19196,118,0.002533711242806837
19197,154,0.003306707893154685
19198,196,0.004208537318560509
19199,234,0.005024478227261015
19200,283,0.006076612556901143
19201,319,0.006849609207248991
19202,314,0.006742248561367345
19203,297,0.00637722236536975
19204,280,0.006012196169372155
19205,234,0.005024478227261015
19206,191,0.004101176672678863
19207,145,0.003113458730567723
19208,101,0.0021686850468092414
19209,44,0.0009447736837584815
19210,4,8.58885167053165e-05
19214,21,0.0004509147127029116
19215,35,0.0007515245211715194
19216,45,0.0009662458129348106
19217,53,0.0011380228463454436
19218,59,0.0012668556214034184
19219,70,0.0015030490423430388
19220,79,0.0016962982049300009
19221,86,0.0018466031091643048
19222,81,0.0017392424632826592
19223,62,0.0013312720089324057
19224,48,0.001030662200463798
19225,38,0.0008159409087005068
19226,32,0.000687108133642532
19227,32,0.000687108133642532
19228,34,0.0007300523919951902
19229,35,0.0007515245211715194
19230,44,0.0009447736837584815
19231,64,0.001374216267285064
19232,65,0.0013956883964613932
19233,63,0.0013527441381087349
19234,59,0.0012668556214034184
19235,58,0.0012453834922270892
19236,49,0.0010521343296401272
19237,45,0.0009662458129348106
19238,40,0.000858885167053165
19239,31,0.0006656360044662028
19307,4,8.58885167053165e-05
19308,4,8.58885167053165e-05
19309,0,0.0
19310,0,0.0
19311,7,0.00015030490423430386
19312,14,0.00030060980846860773
19313,22,0.00047238684187924073
19314,22,0.00047238684187924073
19315,27,0.0005797474877608864
19316,33,0.0007085802628188611
19317,39,0.0008374130378768359
19318,46,0.0009877179421111397
19319,68,0.0014601047839903805
19320,86,0.0018466031091643048
19321,89,0.001911019496693292
19322,102,0.0021901571759855706
19323,122,0.002619599759512153
19324,135,0.0028987374388044318
19325,143,0.0030705144722150647
19326,157,0.0033711242806836726
19327,186,0.003993816026797217
19328,196,0.004208537318560509
19329,240,0.00515331100231899
19330,270,0.0057974748776088636
19331,326,0.006999914111483294
19332,377,0.00809499269947608
19333,436,0.009361848320879499
19334,458,0.009834235162758739
19335,481,0.01032809413381431
19336,507,0.010886369492398866
19337,506,0.010864897363222537
19338,470,0.010091900712874689
19339,441,0.009469208966761145
19340,416,0.008932405737352916
19341,386,0.008288241862063042
19342,404,0.008674740187236966
19343,402,0.008631795928884307
19344,390,0.00837413037876836
19345,383,0.008223825474534055
19346,352,0.007558189470067852
19347,317,0.006806664948896333
19348,278,0.005969251911019497
19349,233,0.005003006098084686
19350,186,0.003993816026797217
19351,135,0.0028987374388044318
19352,81,0.0017392424632826592
19353,44,0.0009447736837584815
19354,45,0.0009662458129348106
19355,69,0.0014815769131667096
19356,102,0.0021901571759855706
19357,167,0.003585845572446964
19358,236,0.005067422485613674
19359,309,0.006634887915485699
19360,343,0.00736494030748089
19361,341,0.007321996049128232
19362,326,0.006999914111483294
19363,306,0.006570471527956712
19364,261,0.005604225715021902
19365,214,0.004595035643734433
19366,155,0.0033281800223310142
19367,115,0.0024692948552778493
19372,9,0.00019324916258696212
19373,26,0.0005582753585845572
19374,39,0.0008374130378768359
19375,50,0.0010736064588164561
19376,55,0.001180967104698102
19377,63,0.0013527441381087349
19378,72,0.001545993300695697
19379,83,0.0017821867216353173
19380,87,0.0018680752383406338
19381,83,0.0017821867216353173
19382,70,0.0015030490423430388
19383,52,0.0011165507171691145
19384,42,0.0009018294254058232
19385,40,0.000858885167053165
19386,39,0.0008374130378768359
19387,43,0.0009233015545821524
19388,39,0.0008374130378768359
19389,45,0.0009662458129348106
19390,64,0.001374216267285064
19391,64,0.001374216267285064
19392,65,0.0013956883964613932
19393,63,0.0013527441381087349
19394,58,0.0012453834922270892
19395,54,0.0011594949755217728
19396,47,0.0010091900712874689
19397,40,0.000858885167053165
19398,31,0.0006656360044662028
19465,5,0.00010736064588164563
19466,5,0.00010736064588164563
19467,4,8.58885167053165e-05
19468,0,0.0
19469,0,0.0
19470,3,6.441638752898738e-05
19471,10,0.00021472129176329125
19472,21,0.0004509147127029116
19473,22,0.00047238684187924073
19474,28,0.0006012196169372155
19475,36,0.0007729966503478485
19476,47,0.0010091900712874689
19477,58,0.0012453834922270892
19478,83,0.0017821867216353173
19479,96,0.002061324400927596
19480,105,0.002254573563514558
19481,125,0.0026840161470411406
19482,157,0.0033711242806836726
19483,177,0.003800566864210255
19484,181,0.0038864553809155717
19485,203,0.004358842222794812
19486,212,0.0045520913853817745
19487,229,0.0049171175813793695
19488,270,0.0057974748776088636
19489,305,0.006548999398780383
19490,354,0.00760113372842051
19491,400,0.008588851670531649
19492,417,0.008953877866529245
19493,437,0.009383320450055828
19494,453,0.009726874516877093
19495,464,0.009963067937816714
19496,478,0.010263677746285322
19497,448,0.009619513870995447
19498,389,0.00835265824959203
19499,364,0.0078158550201838
19500,332,0.007128746886541269
19501,346,0.007429356695009878
19502,351,0.0075367173408915225
19503,330,0.007085802628188611
19504,321,0.006892553465601649
19505,293,0.0062913338486644335
19506,253,0.005432448681611269
19507,216,0.004637979902087091
19508,188,0.004036760285149875
19509,128,0.002748432534570128
19510,66,0.0014171605256377221
19511,14,0.00030060980846860773
19512,5,0.00010736064588164563
19513,0,0.0
19514,23,0.0004938589710555698
19515,77,0.0016533539465773425
19516,145,0.003113458730567723
19517,221,0.004745340547968736
19518,301,0.006463110882075067
19519,337,0.007236107532422915
19520,342,0.007343468178304561
19521,337,0.007236107532422915
19522,328,0.007042858369835953
19523,300,0.006441638752898738
19524,237,0.005088894614790003
19525,183,0.00392939963926823
19526,126,0.0027054882762174697
19527,65,0.0013956883964613932
19528,12,0.0002576655501159495
19529,5,0.00010736064588164563
19530,8,0.000171777033410633
19531,13,0.0002791376792922786
19532,30,0.0006441638752898738
19533,41,0.0008803572962294941
19534,51,0.0010950785879927853
19535,58,0.0012453834922270892
19536,64,0.001374216267285064
19537,72,0.001545993300695697
19538,83,0.0017821867216353173
19539,87,0.0018680752383406338
19540,84,0.0018036588508116465
19541,71,0.0015245211715193678
19542,55,0.001180967104698102
19543,46,0.0009877179421111397
19544,42,0.0009018294254058232
19545,44,0.0009447736837584815
19546,43,0.0009233015545821524
19547,39,0.0008374130378768359
19548,44,0.0009447736837584815
19549,59,0.0012668556214034184
19550,64,0.001374216267285064
19551,64,0.001374216267285064
19552,63,0.0013527441381087349
19553,58,0.0012453834922270892
19554,54,0.0011594949755217728
19555,47,0.0010091900712874689
19556,40,0.000858885167053165
19624,5,0.00010736064588164563
19625,5,0.00010736064588164563
19626,2,4.294425835265825e-05
19627,0,0.0
19628,0,0.0
19629,0,0.0
19630,7,0.00015030490423430386
19631,18,0.00038649832517392423
19632,21,0.0004509147127029116
19633,27,0.0005797474877608864
19634,37,0.0007944687795241776
19635,50,0.0010736064588164561
19636,69,0.0014815769131667096
19637,89,0.001911019496693292
19638,99,0.0021257407884565835
19639,113,0.002426350596925191
19640,146,0.003134930859744052
19641,171,0.0036717340891522805
19642,204,0.004380314351971141
19643,219,0.004702396289616079
19644,215,0.004616507772910762
19645,225,0.004831229064674053
19646,236,0.005067422485613674
19647,285,0.0061195568152538
19648,304,0.006527527269604054
19649,360,0.007729966503478485
19650,387,0.008309713991239372
19651,374,0.008030576311947092
19652,381,0.008180881216181397
19653,382,0.008202353345357726
19654,393,0.008438546766297347
19655,402,0.008631795928884307
19656,369,0.007923215666065447
19657,330,0.007085802628188611
19658,308,0.00661341578630937
19659,294,0.006312805977840763
19660,286,0.006141028944430129
19661,288,0.006183973202782788
19662,283,0.006076612556901143
19663,260,0.005582753585845573
19664,221,0.004745340547968736
19665,185,0.003972343897620888
19666,150,0.003220819376449369
19667,123,0.0026410718886884822
19668,71,0.0015245211715193678
19669,28,0.0006012196169372155
19670,0,0.0
19671,0,0.0
19672,0,0.0
19673,18,0.00038649832517392423
19674,74,0.0015889375590483553
19675,131,0.0028128489220991156
19676,198,0.004251481576913167
19677,295,0.006334278107017092
19678,341,0.007321996049128232
19679,354,0.00760113372842051
19680,356,0.007644077986773168
19681,349,0.007493773082538864
19682,317,0.006806664948896333
19683,274,0.00588336339431418
19684,206,0.0044232586103237995
19685,147,0.0031564029889203813
19686,75,0.0016104096882246844
19687,31,0.0006656360044662028
19688,18,0.00038649832517392423
19689,11,0.00023619342093962037
19690,17,0.0003650261959975951
19691,37,0.0007944687795241776
19692,42,0.0009018294254058232
19693,50,0.0010736064588164561
19694,58,0.0012453834922270892
19695,65,0.0013956883964613932
19696,72,0.001545993300695697
19697,83,0.0017821867216353173
19698,87,0.0018680752383406338
19699,84,0.0018036588508116465
19700,68,0.0014601047839903805
19701,55,0.001180967104698102
19702,47,0.0010091900712874689
19703,41,0.0008803572962294941
19704,45,0.0009662458129348106
19705,41,0.0008803572962294941
19706,39,0.0008374130378768359
19707,38,0.0008159409087005068
19708,56,0.001202439233874431
19709,59,0.0012668556214034184
19710,62,0.0013312720089324057
19711,64,0.001374216267285064
19712,60,0.0012883277505797476
19713,56,0.001202439233874431
19714,47,0.0010091900712874689
19715,33,0.0007085802628188611
19784,3,6.441638752898738e-05
19785,0,0.0
19786,0,0.0
19787,0,0.0
19788,0,0.0
19789,0,0.0
19790,4,8.58885167053165e-05
19791,16,0.000343554066821266
19792,25,0.0005368032294082281
19793,41,0.0008803572962294941
19794,57,0.00122391136305076
19795,70,0.0015030490423430388
19796,86,0.0018466031091643048
19797,95,0.002039852271751267
19798,119,0.002555183371983166
19799,150,0.003220819376449369
19800,186,0.003993816026797217
19801,218,0.0046809241604397495
19802,235,0.0050459503564373445
19803,244,0.005239199519024306
19804,240,0.00515331100231899
19805,239,0.005131838873142661
19806,291,0.006248389590311775
19807,322,0.0069140255947779785
19808,347,0.007450828824186206
19809,381,0.008180881216181397
19810,378,0.00811646482865241
19811,368,0.007901743536889118
19812,356,0.007644077986773168
19813,347,0.007450828824186206
19814,348,0.007472300953362535
19815,317,0.006806664948896333
19816,282,0.0060551404277248136
19817,256,0.005496865069140256
19818,231,0.004960061839732028
19819,234,0.005024478227261015
19820,239,0.005131838873142661
19821,229,0.0049171175813793695
19822,207,0.004444730739500129
19823,173,0.003714678347504939
19824,143,0.0030705144722150647
19825,113,0.002426350596925191
19826,93,0.0019969080133986085
19827,41,0.0008803572962294941
19828,5,0.00010736064588164563
19829,0,0.0
19830,0,0.0
19831,1,2.1472129176329125e-05
19832,19,0.0004079704543502534
19833,80,0.00171777033410633
19834,132,0.0028343210512754443
19835,206,0.0044232586103237995
19836,258,0.0055398093274929144
19837,307,0.006591943657133041
19838,326,0.006999914111483294
19839,327,0.007021386240659623
19840,324,0.006956969853130637
19841,324,0.006956969853130637
19842,265,0.005690114231727218
19843,191,0.004101176672678863
19844,137,0.00294168169715709
19845,73,0.001567465429872026
19846,45,0.0009662458129348106
19847,49,0.0010521343296401272
19848,38,0.0008159409087005068
19849,29,0.0006226917461135446
19850,43,0.0009233015545821524
19851,56,0.001202439233874431
19852,57,0.00122391136305076
19853,59,0.0012668556214034184
19854,63,0.0013527441381087349
19855,69,0.0014815769131667096
19856,80,0.00171777033410633
19857,87,0.0018680752383406338
19858,79,0.0016962982049300009
19859,65,0.0013956883964613932
19860,53,0.0011380228463454436
19861,45,0.0009662458129348106
19862,40,0.000858885167053165
19863,42,0.0009018294254058232
19864,35,0.0007515245211715194
19865,34,0.0007300523919951902
19866,32,0.000687108133642532
19867,49,0.0010521343296401272
19868,56,0.001202439233874431
19869,56,0.001202439233874431
19870,59,0.0012668556214034184
19871,55,0.001180967104698102
19872,50,0.0010736064588164561
19873,38,0.0008159409087005068
19874,24,0.000515331100231899
19943,0,0.0
19944,0,0.0
19945,0,0.0
19946,0,0.0
19947,0,0.0
19948,0,0.0
19949,0,0.0
19950,1,2.1472129176329125e-05
19951,8,0.000171777033410633
19952,28,0.0006012196169372155
19953,50,0.0010736064588164561
19954,59,0.0012668556214034184
19955,82,0.0017607145924589881
19956,97,0.002082796530103925
19957,116,0.0024907669844541785
19958,153,0.003285235763978356
19959,199,0.004272953706089496
19960,221,0.004745340547968736
19961,239,0.005131838873142661
19962,244,0.005239199519024306
19963,242,0.005196255260671648
19964,235,0.0050459503564373445
19965,287,0.0061625010736064585
19966,346,0.007429356695009878
19967,367,0.007880271407712788
19968,384,0.008245297603710384
19969,390,0.00837413037876836
19970,370,0.007944687795241776
19971,350,0.007515245211715193
19972,329,0.007064330499012282
19973,320,0.00687108133642532
19974,274,0.00588336339431418
19975,238,0.005110366743966332
19976,197,0.004230009447736838
19977,175,0.0037576226058575967
19978,169,0.003628789830799622
19979,178,0.003822038993386584
19980,172,0.0036932062183286096
19981,151,0.003242291505625698
19982,126,0.0027054882762174697
19983,109,0.0023404620802198748
19984,85,0.0018251309799879756
19985,53,0.0011380228463454436
19986,26,0.0005582753585845572
19987,19,0.0004079704543502534
19988,29,0.0006226917461135446
19989,34,0.0007300523919951902
19990,45,0.0009662458129348106
19991,65,0.0013956883964613932
19992,121,0.002598127630335824
19993,183,0.00392939963926823
19994,240,0.00515331100231899
19995,291,0.006248389590311775
19996,329,0.007064330499012282
19997,325,0.006978441982306966
19998,321,0.006892553465601649
19999,327,0.007021386240659623
20000,308,0.00661341578630937
20001,245,0.005260671648200635
20002,181,0.0038864553809155717
20003,121,0.002598127630335824
20004,76,0.0016318818174010136
20005,73,0.001567465429872026
20006,71,0.0015245211715193678
20007,66,0.0014171605256377221
20008,50,0.0010736064588164561
20009,48,0.001030662200463798
20010,56,0.001202439233874431
20011,61,0.0013097998797560765
20012,62,0.0013312720089324057
20013,64,0.001374216267285064
20014,67,0.0014386326548140513
20015,73,0.001567465429872026
20016,82,0.0017607145924589881
20017,70,0.0015030490423430388
20018,60,0.0012883277505797476
20019,49,0.0010521343296401272
20020,37,0.0007944687795241776
20021,39,0.0008374130378768359
20022,31,0.0006656360044662028
20023,30,0.0006441638752898738
20024,26,0.0005582753585845572
20025,28,0.0006012196169372155
20026,33,0.0007085802628188611
20027,49,0.0010521343296401272
20028,54,0.0011594949755217728
20029,55,0.001180967104698102
20030,49,0.0010521343296401272
20031,43,0.0009233015545821524
20032,26,0.0005582753585845572
20033,14,0.00030060980846860773
20101,1,2.1472129176329125e-05
20102,1,2.1472129176329125e-05
20103,0,0.0
20104,0,0.0
20105,0,0.0
20106,0,0.0
20107,0,0.0
20108,0,0.0
20109,0,0.0
20110,0,0.0
20111,20,0.0004294425835265825
20112,43,0.0009233015545821524
20113,54,0.0011594949755217728
20114,62,0.0013312720089324057
20115,88,0.001889547367516963
20116,115,0.0024692948552778493
20117,149,0.0031993472472730397
20118,185,0.003972343897620888
20119,221,0.004745340547968736
20120,238,0.005110366743966332
20121,240,0.00515331100231899
20122,233,0.005003006098084686
20123,236,0.005067422485613674
20124,276,0.0059263076526668386
20125,345,0.007407884565833548
20126,358,0.007687022245125827
20127,365,0.00783732714936013
20128,373,0.008009104182770763
20129,362,0.007772910761831143
20130,342,0.007343468178304561
20131,319,0.006849609207248991
20132,270,0.0057974748776088636
20133,224,0.004809756935497724
20134,179,0.0038435111225629134
20135,134,0.0028772653096281026
20136,122,0.002619599759512153
20137,128,0.002748432534570128
20138,127,0.002726960405393799
20139,119,0.002555183371983166
20140,108,0.0023189899510435456
20141,88,0.001889547367516963
20142,71,0.0015245211715193678
20143,46,0.0009877179421111397
20144,36,0.0007729966503478485
20145,32,0.000687108133642532
20146,41,0.0008803572962294941
20147,59,0.0012668556214034184
20148,81,0.0017392424632826592
20149,106,0.0022760456926908873
20150,135,0.0028987374388044318
20151,185,0.003972343897620888
20152,251,0.00538950442325861
20153,295,0.006334278107017092
20154,329,0.007064330499012282
20155,345,0.007407884565833548
20156,346,0.007429356695009878
20157,328,0.007042858369835953
20158,317,0.006806664948896333
20159,294,0.006312805977840763
20160,237,0.005088894614790003
20161,176,0.003779094735033926
20162,122,0.002619599759512153
20163,102,0.0021901571759855706
20164,98,0.0021042686592802544
20165,87,0.0018680752383406338
20166,83,0.0017821867216353173
20167,66,0.0014171605256377221
20168,56,0.001202439233874431
20169,51,0.0010950785879927853
20170,56,0.001202439233874431
20171,57,0.00122391136305076
20172,53,0.0011380228463454436
20173,53,0.0011380228463454436
20174,54,0.0011594949755217728
20175,54,0.0011594949755217728
20176,56,0.001202439233874431
20177,47,0.0010091900712874689
20178,34,0.0007300523919951902
20179,31,0.0006656360044662028
20180,28,0.0006012196169372155
20181,19,0.0004079704543502534
20182,18,0.00038649832517392423
20183,20,0.0004294425835265825
20184,22,0.00047238684187924073
20185,25,0.0005368032294082281
20186,27,0.0005797474877608864
20187,39,0.0008374130378768359
20188,39,0.0008374130378768359
20189,32,0.000687108133642532
20190,15,0.0003220819376449369
20191,8,0.000171777033410633
20260,1,2.1472129176329125e-05
20261,0,0.0
20262,0,0.0
20263,0,0.0
20264,0,0.0
20265,0,0.0
20266,0,0.0
20267,0,0.0
20268,0,0.0
20269,1,2.1472129176329125e-05
20270,10,0.00021472129176329125
20271,35,0.0007515245211715194
20272,53,0.0011380228463454436
20273,62,0.0013312720089324057
20274,74,0.0015889375590483553
20275,110,0.002361934209396204
20276,138,0.0029631538263334193
20277,177,0.003800566864210255
20278,215,0.004616507772910762
20279,232,0.004981533968908357
20280,232,0.004981533968908357
20281,214,0.004595035643734433
20282,256,0.005496865069140256
20283,289,0.006205445331959117
20284,340,0.007300523919951903
20285,366,0.00785879927853646
20286,366,0.00785879927853646
20287,371,0.007966159924418105
20288,349,0.007493773082538864
20289,326,0.006999914111483294
20290,288,0.006183973202782788
20291,230,0.004938589710555699
20292,174,0.0037361504766812675
20293,118,0.002533711242806837
20294,81,0.0017392424632826592
20295,69,0.0014815769131667096
20296,75,0.0016104096882246844
20297,83,0.0017821867216353173
20298,75,0.0016104096882246844
20299,67,0.0014386326548140513
20300,49,0.0010521343296401272
20301,36,0.0007729966503478485
20302,33,0.0007085802628188611
20303,34,0.0007300523919951902
20304,54,0.0011594949755217728
20305,78,0.0016748260757536717
20306,103,0.0022116293051618998
20307,138,0.0029631538263334193
20308,180,0.0038649832517392425
20309,211,0.004530619256205445
20310,257,0.005518337198316585
20311,302,0.006484583011251396
20312,334,0.007171691144893928
20313,338,0.007257579661599244
20314,346,0.007429356695009878
20315,346,0.007429356695009878
20316,321,0.006892553465601649
20317,299,0.0064201666237224085
20318,265,0.005690114231727218
20319,215,0.004616507772910762
20320,157,0.0033711242806836726
20321,128,0.002748432534570128
20322,119,0.002555183371983166
20323,108,0.0023189899510435456
20324,102,0.0021901571759855706
20325,92,0.0019754358842222794
20326,73,0.001567465429872026
20327,63,0.0013527441381087349
20328,48,0.001030662200463798
20329,45,0.0009662458129348106
20330,40,0.000858885167053165
20331,39,0.0008374130378768359
20332,35,0.0007515245211715194
20333,33,0.0007085802628188611
20334,28,0.0006012196169372155
20335,21,0.0004509147127029116
20336,14,0.00030060980846860773
20337,13,0.0002791376792922786
20338,11,0.00023619342093962037
20339,3,6.441638752898738e-05
20340,6,0.00012883277505797475
20341,7,0.00015030490423430386
20418,0,0.0
20419,0,0.0
20420,0,0.0
20421,0,0.0
20422,0,0.0
20423,0,0.0
20424,0,0.0
20425,0,0.0
20426,0,0.0
20427,0,0.0
20428,4,8.58885167053165e-05
20429,8,0.000171777033410633
20430,26,0.0005582753585845572
20431,40,0.000858885167053165
20432,50,0.0010736064588164561
20433,56,0.001202439233874431
20434,76,0.0016318818174010136
20435,126,0.0027054882762174697
20436,160,0.00343554066821266
20437,176,0.003779094735033926
20438,192,0.004122648801855192
20439,190,0.004079704543502534
20440,211,0.004530619256205445
20441,283,0.006076612556901143
20442,317,0.006806664948896333
20443,350,0.007515245211715193
20444,369,0.007923215666065447
20445,360,0.007729966503478485
20446,342,0.007343468178304561
20447,328,0.007042858369835953
20448,305,0.006548999398780383
20449,255,0.005475392939963927
20450,208,0.004466202868676458
20451,135,0.0028987374388044318
20452,66,0.0014171605256377221
20453,21,0.0004509147127029116
20454,22,0.00047238684187924073
20455,19,0.0004079704543502534
20456,25,0.0005368032294082281
20457,27,0.0005797474877608864
20458,23,0.0004938589710555698
20459,18,0.00038649832517392423
20460,11,0.00023619342093962037
20461,22,0.00047238684187924073
20462,43,0.0009233015545821524
20463,97,0.002082796530103925
20464,128,0.002748432534570128
20465,168,0.003607317701623293
20466,213,0.004573563514558104
20467,257,0.005518337198316585
20468,279,0.005990724040195826
20469,299,0.0064201666237224085
20470,333,0.007150219015717598
20471,338,0.007257579661599244
20472,348,0.007472300953362535
20473,338,0.007257579661599244
20474,337,0.007236107532422915
20475,305,0.006548999398780383
20476,282,0.0060551404277248136
20477,234,0.005024478227261015
20478,197,0.004230009447736838
20479,169,0.003628789830799622
20480,136,0.002920209567980761
20481,138,0.0029631538263334193
20482,122,0.002619599759512153
20483,109,0.0023404620802198748
20484,104,0.002233101434338229
20485,79,0.0016962982049300009
20486,65,0.0013956883964613932
20487,54,0.0011594949755217728
20488,35,0.0007515245211715194
20489,27,0.0005797474877608864
20490,13,0.0002791376792922786
20491,1,2.1472129176329125e-05
20492,2,4.294425835265825e-05
20493,3,6.441638752898738e-05
20494,3,6.441638752898738e-05
20495,2,4.294425835265825e-05
20496,1,2.1472129176329125e-05
20497,0,0.0
20498,0,0.0
20499,2,4.294425835265825e-05
20500,3,6.441638752898738e-05
20576,0,0.0
20577,0,0.0
20578,0,0.0
20579,0,0.0
20580,0,0.0
20581,0,0.0
20582,0,0.0
20583,0,0.0
20584,0,0.0
20585,0,0.0
20586,0,0.0
20587,6,0.00012883277505797475
20588,10,0.00021472129176329125
20589,17,0.0003650261959975951
20590,31,0.0006656360044662028
20591,43,0.0009233015545821524
20592,51,0.0010950785879927853
20593,64,0.001374216267285064
20594,102,0.0021901571759855706
20595,134,0.0028772653096281026
20596,145,0.003113458730567723
20597,167,0.003585845572446964
20598,175,0.0037576226058575967
20599,216,0.004637979902087091
20600,280,0.006012196169372155
20601,325,0.006978441982306966
20602,348,0.007472300953362535
20603,348,0.007472300953362535
20604,338,0.007257579661599244
20605,317,0.006806664948896333
20606,299,0.0064201666237224085
20607,276,0.0059263076526668386
20608,233,0.005003006098084686
20609,159,0.003414068539036331
20610,104,0.002233101434338229
20611,34,0.0007300523919951902
20612,0,0.0
20613,0,0.0
20614,0,0.0
20615,0,0.0
20616,0,0.0
20617,0,0.0
20618,0,0.0
20619,6,0.00012883277505797475
20620,34,0.0007300523919951902
20621,84,0.0018036588508116465
20622,137,0.00294168169715709
20623,185,0.003972343897620888
20624,219,0.004702396289616079
20625,263,0.005647169973374559
20626,308,0.00661341578630937
20627,323,0.006935497723954308
20628,333,0.007150219015717598
20629,350,0.007515245211715193
20630,353,0.007579661599244181
20631,354,0.00760113372842051
20632,348,0.007472300953362535
20633,334,0.007171691144893928
20634,304,0.006527527269604054
20635,259,0.005561281456669244
20636,229,0.0049171175813793695
20637,193,0.004144120931031521
20638,175,0.0037576226058575967
20639,148,0.0031778751180967105
20640,152,0.003263763634802027
20641,137,0.00294168169715709
20642,127,0.002726960405393799
20643,114,0.00244782272610152
20644,86,0.0018466031091643048
20645,69,0.0014815769131667096
20646,54,0.0011594949755217728
20647,33,0.0007085802628188611
20648,27,0.0005797474877608864
20649,13,0.0002791376792922786
20650,0,0.0
20651,0,0.0
20652,0,0.0
20653,0,0.0
20654,0,0.0
20655,0,0.0
20656,0,0.0
20657,0,0.0
20658,0,0.0
20734,0,0.0
20735,0,0.0
20736,0,0.0
20737,0,0.0
20738,0,0.0
20739,0,0.0
20740,0,0.0
20741,0,0.0
20742,0,0.0
20743,0,0.0
20744,0,0.0
20745,2,4.294425835265825e-05
20746,9,0.00019324916258696212
20747,10,0.00021472129176329125
20748,11,0.00023619342093962037
20749,20,0.0004294425835265825
20750,30,0.0006441638752898738
20751,41,0.0008803572962294941
20752,58,0.0012453834922270892
20753,82,0.0017607145924589881
20754,100,0.0021472129176329123
20755,115,0.0024692948552778493
20756,123,0.0026410718886884822
20757,147,0.0031564029889203813
20758,200,0.0042944258352658245
20759,277,0.005947779781843168
20760,315,0.006763720690543674
20761,350,0.007515245211715193
20762,341,0.007321996049128232
20763,312,0.006699304303014687
20764,297,0.00637722236536975
20765,270,0.0057974748776088636
20766,252,0.0054109765524349394
20767,209,0.004487674997852787
20768,132,0.0028343210512754443
20769,75,0.0016104096882246844
20770,34,0.0007300523919951902
20771,0,0.0
20772,0,0.0
20773,0,0.0
20774,0,0.0
20775,0,0.0
20776,0,0.0
20777,0,0.0
20778,16,0.000343554066821266
20779,71,0.0015245211715193678
20780,129,0.0027699046637464572
20781,182,0.0039079275100919
20782,231,0.004960061839732028
20783,269,0.005776002748432534
20784,325,0.006978441982306966
20785,370,0.007944687795241776
20786,388,0.0083311861204157
20787,403,0.008653268058060637
20788,404,0.008674740187236966
20789,372,0.007987632053594434
20790,346,0.007429356695009878
20791,340,0.007300523919951903
20792,335,0.007193163274070257
20793,295,0.006334278107017092
20794,253,0.005432448681611269
20795,224,0.004809756935497724
20796,206,0.0044232586103237995
20797,174,0.0037361504766812675
20798,164,0.0035214291849179763
20799,150,0.003220819376449369
20800,141,0.0030275702138624068
20801,129,0.0027699046637464572
20802,117,0.0025122391136305077
20803,90,0.0019324916258696213
20804,73,0.001567465429872026
20805,57,0.00122391136305076
20806,36,0.0007729966503478485
20807,26,0.0005582753585845572
20808,8,0.000171777033410633
20809,0,0.0
20810,0,0.0
20811,0,0.0
20812,0,0.0
20813,0,0.0
20814,0,0.0
20815,0,0.0
20816,0,0.0
20817,0,0.0
20893,0,0.0
20894,0,0.0
20895,0,0.0
20896,0,0.0
20897,0,0.0
20898,0,0.0
20899,0,0.0
20900,0,0.0
20901,0,0.0
20902,0,0.0
20903,0,0.0
20904,2,4.294425835265825e-05
20905,9,0.00019324916258696212
20906,10,0.00021472129176329125
20907,10,0.00021472129176329125
20908,11,0.00023619342093962037
20909,16,0.000343554066821266
20910,24,0.000515331100231899
20911,38,0.0008159409087005068
20912,60,0.0012883277505797476
20913,70,0.0015030490423430388
20914,91,0.00195396375504595
20915,96,0.002061324400927596
20916,103,0.0022116293051618998
20917,156,0.0033496521515073434
20918,229,0.0049171175813793695
20919,287,0.0061625010736064585
20920,311,0.006677832173838358
20921,308,0.00661341578630937
20922,294,0.006312805977840763
20923,277,0.005947779781843168
20924,262,0.005625697844198231
20925,239,0.005131838873142661
20926,197,0.004230009447736838
20927,114,0.00244782272610152
20928,62,0.0013312720089324057
20929,34,0.0007300523919951902
20930,0,0.0
20931,0,0.0
20932,0,0.0
20933,0,0.0
20934,0,0.0
20935,0,0.0
20936,1,2.1472129176329125e-05
20937,37,0.0007944687795241776
20938,88,0.001889547367516963
20939,149,0.0031993472472730397
20940,201,0.004315897964442154
20941,252,0.0054109765524349394
20942,303,0.006506055140427725
20943,355,0.007622605857596839
20944,411,0.00882504509147127
20945,437,0.009383320450055828
20946,453,0.009726874516877093
20947,449,0.009640986000171776
20948,415,0.008910933608176587
20949,373,0.008009104182770763
20950,350,0.007515245211715193
20951,336,0.007214635403246586
20952,300,0.006441638752898738
20953,258,0.0055398093274929144
20954,224,0.004809756935497724
20955,208,0.004466202868676458
20956,172,0.0036932062183286096
20957,149,0.0031993472472730397
20958,146,0.003134930859744052
20959,143,0.0030705144722150647
20960,124,0.0026625440178648114
20961,108,0.0023189899510435456
20962,95,0.002039852271751267
20963,72,0.001545993300695697
20964,56,0.001202439233874431
20965,32,0.000687108133642532
20966,21,0.0004509147127029116
20967,3,6.441638752898738e-05
20968,0,0.0
20969,0,0.0
20970,0,0.0
20971,0,0.0
20972,0,0.0
20973,0,0.0
20974,0,0.0
20975,0,0.0
21054,0,0.0
21055,0,0.0
21057,0,0.0
21058,0,0.0
21059,0,0.0
21060,0,0.0
21061,0,0.0
21062,1,2.1472129176329125e-05
21063,2,4.294425835265825e-05
21064,8,0.000171777033410633
21065,10,0.00021472129176329125
21066,10,0.00021472129176329125
21067,13,0.0002791376792922786
21068,13,0.0002791376792922786
21069,14,0.00030060980846860773
21070,26,0.0005582753585845572
21071,40,0.000858885167053165
21072,45,0.0009662458129348106
21073,62,0.0013312720089324057
21074,85,0.0018251309799879756
21075,101,0.0021686850468092414
21076,160,0.00343554066821266
21077,212,0.0045520913853817745
21078,245,0.005260671648200635
21079,285,0.0061195568152538
21080,287,0.0061625010736064585
21081,285,0.0061195568152538
21082,270,0.0057974748776088636
21083,252,0.0054109765524349394
21084,230,0.004938589710555699
21085,168,0.003607317701623293
21086,92,0.0019754358842222794
21087,52,0.0011165507171691145
21088,29,0.0006226917461135446
21089,0,0.0
21090,0,0.0
21091,0,0.0
21092,0,0.0
21093,0,0.0
21094,0,0.0
21095,11,0.00023619342093962037
21096,47,0.0010091900712874689
21097,92,0.0019754358842222794
21098,155,0.0033281800223310142
21099,204,0.004380314351971141
21100,273,0.005861891265137851
21101,322,0.0069140255947779785
21102,375,0.008052048441123422
21103,431,0.009254487674997853
21104,473,0.010156317100403676
21105,488,0.010478399038048612
21106,479,0.010285149875461651
21107,449,0.009640986000171776
21108,406,0.008717684445589624
21109,370,0.007944687795241776
21110,339,0.007279051790775573
21111,309,0.006634887915485699
21112,267,0.005733058490079876
21113,227,0.004874173323026711
21114,199,0.004272953706089496
21115,161,0.0034570127973889892
21116,139,0.0029846259555097484
21117,127,0.002726960405393799
21118,116,0.0024907669844541785
21119,116,0.0024907669844541785
21120,105,0.002254573563514558
21121,94,0.0020183801425749377
21122,74,0.0015889375590483553
21123,51,0.0010950785879927853
21124,27,0.0005797474877608864
21125,6,0.00012883277505797475
21126,0,0.0
21127,0,0.0
21128,0,0.0
21129,0,0.0
21130,0,0.0
21131,0,0.0
21132,0,0.0
21133,0,0.0
21134,0,0.0
21216,0,0.0
21217,0,0.0
21218,0,0.0
21219,0,0.0
21220,0,0.0
21221,1,2.1472129176329125e-05
21222,2,4.294425835265825e-05
21223,3,6.441638752898738e-05
21224,9,0.00019324916258696212
21225,13,0.0002791376792922786
21226,17,0.0003650261959975951
21227,17,0.0003650261959975951
21228,18,0.00038649832517392423
21229,25,0.0005368032294082281
21230,38,0.0008159409087005068
21231,39,0.0008374130378768359
21232,51,0.0010950785879927853
21233,65,0.0013956883964613932
21234,83,0.0017821867216353173
21235,126,0.0027054882762174697
21236,171,0.0036717340891522805
21237,213,0.004573563514558104
21238,240,0.00515331100231899
21239,262,0.005625697844198231
21240,265,0.005690114231727218
21241,252,0.0054109765524349394
21242,235,0.0050459503564373445
21243,199,0.004272953706089496
21244,131,0.0028128489220991156
21245,73,0.001567465429872026
21246,38,0.0008159409087005068
21247,23,0.0004938589710555698
21248,0,0.0
21249,0,0.0
21250,0,0.0
21251,0,0.0
21252,0,0.0
21253,0,0.0
21254,14,0.00030060980846860773
21255,46,0.0009877179421111397
21256,87,0.0018680752383406338
21257,143,0.0030705144722150647
21258,206,0.0044232586103237995
21259,290,0.006226917461135446
21260,354,0.00760113372842051
21261,403,0.008653268058060637
21262,464,0.009963067937816714
21263,520,0.011165507171691146
21264,535,0.011487589109336081
21265,510,0.010950785879927854
21266,477,0.010242205617108993
21267,454,0.009748346646053422
21268,401,0.008610323799707978
21269,362,0.007772910761831143
21270,322,0.0069140255947779785
21271,283,0.006076612556901143
21272,251,0.00538950442325861
21273,212,0.0045520913853817745
21274,183,0.00392939963926823
21275,152,0.003263763634802027
21276,109,0.0023404620802198748
21277,109,0.0023404620802198748
21278,107,0.0022975178218672164
21279,96,0.002061324400927596
21280,79,0.0016962982049300009
21281,59,0.0012668556214034184
21282,33,0.0007085802628188611
21283,9,0.00019324916258696212
21284,0,0.0
21285,0,0.0
21286,0,0.0
21287,0,0.0
21288,0,0.0
21289,0,0.0
21290,0,0.0
21291,0,0.0
21292,0,0.0
21293,0,0.0
21374,0,0.0
21375,0,0.0
21376,0,0.0
21377,0,0.0
21378,0,0.0
21379,0,0.0
21380,1,2.1472129176329125e-05
21381,2,4.294425835265825e-05
21382,3,6.441638752898738e-05
21383,11,0.00023619342093962037
21384,14,0.00030060980846860773
21385,18,0.00038649832517392423
21386,17,0.0003650261959975951
21387,17,0.0003650261959975951
21388,21,0.0004509147127029116
21389,29,0.0006226917461135446
21390,39,0.0008374130378768359
21391,42,0.0009018294254058232
21392,61,0.0013097998797560765
21393,80,0.00171777033410633
21394,117,0.0025122391136305077
21395,167,0.003585845572446964
21396,191,0.004101176672678863
21397,194,0.00416559306020785
21398,220,0.004723868418792408
21399,231,0.004960061839732028
21400,214,0.004595035643734433
21401,194,0.00416559306020785
21402,155,0.0033281800223310142
21403,97,0.002082796530103925
21404,54,0.0011594949755217728
21405,29,0.0006226917461135446
21406,11,0.00023619342093962037
21407,0,0.0
21408,0,0.0
21409,0,0.0
21410,0,0.0
21411,0,0.0
21412,0,0.0
21413,15,0.0003220819376449369
21414,45,0.0009662458129348106
21415,79,0.0016962982049300009
21416,136,0.002920209567980761
21417,201,0.004315897964442154
21418,300,0.006441638752898738
21419,372,0.007987632053594434
21420,425,0.009125654899939878
21421,462,0.009920123679464056
21422,502,0.01077900884651722
21423,524,0.011251395688396462
21424,505,0.010843425234046208
21425,456,0.00979129090440608
21426,441,0.009469208966761145
21427,400,0.008588851670531649
21428,371,0.007966159924418105
21429,331,0.00710727475736494
21430,307,0.006591943657133041
21431,279,0.005990724040195826
21432,256,0.005496865069140256
21433,204,0.004380314351971141
21434,178,0.003822038993386584
21435,118,0.002533711242806837
21436,92,0.0019754358842222794
21437,86,0.0018466031091643048
21438,81,0.0017392424632826592
21439,56,0.001202439233874431
21440,36,0.0007729966503478485
21441,8,0.000171777033410633
21442,0,0.0
21443,0,0.0
21444,0,0.0
21445,0,0.0
21446,0,0.0
21447,0,0.0
21448,0,0.0
21449,0,0.0
21450,0,0.0
21451,0,0.0
21532,0,0.0
21533,0,0.0
21534,0,0.0
21535,0,0.0
21536,0,0.0
21537,0,0.0
21538,0,0.0
21539,0,0.0
21540,3,6.441638752898738e-05
21541,9,0.00019324916258696212
21542,10,0.00021472129176329125
21543,13,0.0002791376792922786
21544,14,0.00030060980846860773
21545,16,0.000343554066821266
21546,16,0.000343554066821266
21547,16,0.000343554066821266
21548,18,0.00038649832517392423
21549,22,0.00047238684187924073
21550,41,0.0008803572962294941
21551,54,0.0011594949755217728
21552,79,0.0016962982049300009
21553,110,0.002361934209396204
21554,142,0.0030490423430387355
21555,157,0.0033711242806836726
21556,166,0.0035643734432706346
21557,179,0.0038435111225629134
21558,194,0.00416559306020785
21559,183,0.00392939963926823
21560,162,0.0034784849265653184
21561,119,0.002555183371983166
21562,67,0.0014386326548140513
21563,35,0.0007515245211715194
21564,13,0.0002791376792922786
21565,2,4.294425835265825e-05
21566,0,0.0
21567,0,0.0
21568,0,0.0
21569,0,0.0
21570,0,0.0
21571,0,0.0
21572,14,0.00030060980846860773
21573,37,0.0007944687795241776
21574,63,0.0013527441381087349
21575,121,0.002598127630335824
21576,206,0.0044232586103237995
21577,299,0.0064201666237224085
21578,356,0.007644077986773168
21579,394,0.008460018895473676
21580,434,0.00931890406252684
21581,455,0.009769818775229751
21582,461,0.009898651550287726
21583,448,0.009619513870995447
21584,433,0.009297431933350512
21585,418,0.008975349995705574
21586,387,0.008309713991239372
21587,367,0.007880271407712788
21588,333,0.007150219015717598
21589,324,0.006956969853130637
21590,301,0.006463110882075067
21591,264,0.0056686421025508886
21592,215,0.004616507772910762
21593,173,0.003714678347504939
21594,119,0.002555183371983166
21595,78,0.0016748260757536717
21596,66,0.0014171605256377221
21597,58,0.0012453834922270892
21598,36,0.0007729966503478485
21599,18,0.00038649832517392423
21600,3,6.441638752898738e-05
21601,0,0.0
21602,0,0.0
21603,0,0.0
21604,0,0.0
21605,0,0.0
21606,0,0.0
21607,0,0.0
21608,0,0.0
21609,0,0.0
21690,0,0.0
21691,0,0.0
21692,0,0.0
21693,0,0.0
21694,0,0.0
21695,0,0.0
21696,0,0.0
21697,0,0.0
21698,0,0.0
21699,6,0.00012883277505797475
21700,9,0.00019324916258696212
21701,9,0.00019324916258696212
21702,9,0.00019324916258696212
21703,11,0.00023619342093962037
21704,13,0.0002791376792922786
21705,14,0.00030060980846860773
21706,13,0.0002791376792922786
21707,10,0.00021472129176329125
21708,12,0.0002576655501159495
21709,21,0.0004509147127029116
21710,32,0.000687108133642532
21711,61,0.0013097998797560765
21712,81,0.0017392424632826592
21713,102,0.0021901571759855706
21714,123,0.0026410718886884822
21715,136,0.002920209567980761
21716,148,0.0031778751180967105
21717,149,0.0031993472472730397
21718,139,0.0029846259555097484
21719,123,0.0026410718886884822
21720,94,0.0020183801425749377
21721,40,0.000858885167053165
21722,13,0.0002791376792922786
21723,3,6.441638752898738e-05
21724,0,0.0
21725,0,0.0
21726,0,0.0
21727,0,0.0
21728,0,0.0
21729,0,0.0
21730,0,0.0
21731,8,0.000171777033410633
21732,27,0.0005797474877608864
21733,54,0.0011594949755217728
21734,107,0.0022975178218672164
21735,196,0.004208537318560509
21736,277,0.005947779781843168
21737,317,0.006806664948896333
21738,352,0.007558189470067852
21739,381,0.008180881216181397
21740,389,0.00835265824959203
21741,391,0.008395602507944688
21742,392,0.008417074637121017
21743,384,0.008245297603710384
21744,399,0.008567379541355322
21745,372,0.007987632053594434
21746,348,0.007472300953362535
21747,333,0.007150219015717598
21748,310,0.0066563600446620285
21749,290,0.006226917461135446
21750,255,0.005475392939963927
21751,214,0.004595035643734433
21752,168,0.003607317701623293
21753,112,0.002404878467748862
21754,66,0.0014171605256377221
21755,48,0.001030662200463798
21756,33,0.0007085802628188611
21757,28,0.0006012196169372155
21758,8,0.000171777033410633
21759,1,2.1472129176329125e-05
21760,0,0.0
21761,0,0.0
21762,0,0.0
21763,0,0.0
21764,0,0.0
21765,0,0.0
21849,0,0.0
21850,0,0.0
21851,0,0.0
21852,0,0.0
21853,0,0.0
21854,0,0.0
21855,0,0.0
21856,0,0.0
21857,2,4.294425835265825e-05
21858,4,8.58885167053165e-05
21859,9,0.00019324916258696212
21860,9,0.00019324916258696212
21861,9,0.00019324916258696212
21862,9,0.00019324916258696212
21863,9,0.00019324916258696212
21864,10,0.00021472129176329125
21865,9,0.00019324916258696212
21866,9,0.00019324916258696212
21867,6,0.00012883277505797475
21868,6,0.00012883277505797475
21869,17,0.0003650261959975951
21870,41,0.0008803572962294941
21871,60,0.0012883277505797476
21872,80,0.00171777033410633
21873,98,0.0021042686592802544
21874,112,0.002404878467748862
21875,114,0.00244782272610152
21876,102,0.0021901571759855706
21877,98,0.0021042686592802544
21878,87,0.0018680752383406338
21879,64,0.001374216267285064
21880,29,0.0006226917461135446
21881,0,0.0
21882,0,0.0
21883,0,0.0
21884,0,0.0
21885,0,0.0
21886,0,0.0
21887,0,0.0
21888,0,0.0
21889,0,0.0
21890,1,2.1472129176329125e-05
21891,14,0.00030060980846860773
21892,41,0.0008803572962294941
21893,93,0.0019969080133986085
21894,165,0.0035429013140943055
21895,239,0.005131838873142661
21896,272,0.005840419135961522
21897,298,0.006398694494546079
21898,317,0.006806664948896333
21899,315,0.006763720690543674
21900,317,0.006806664948896333
21901,348,0.007472300953362535
21902,365,0.00783732714936013
21903,361,0.007751438632654814
21904,346,0.007429356695009878
21905,322,0.0069140255947779785
21906,302,0.006484583011251396
21907,280,0.006012196169372155
21908,258,0.0055398093274929144
21909,240,0.00515331100231899
21910,202,0.004337370093618483
21911,149,0.0031993472472730397
21912,95,0.002039852271751267
21913,56,0.001202439233874431
21914,36,0.0007729966503478485
21915,28,0.0006012196169372155
21916,13,0.0002791376792922786
21917,3,6.441638752898738e-05
21918,1,2.1472129176329125e-05
21919,0,0.0
21920,0,0.0
21921,0,0.0
21922,0,0.0
22007,0,0.0
22008,0,0.0
22009,0,0.0
22010,0,0.0
22011,0,0.0
22012,0,0.0
22013,0,0.0
22014,0,0.0
22015,0,0.0
22016,2,4.294425835265825e-05
22017,4,8.58885167053165e-05
22018,7,0.00015030490423430386
22019,7,0.00015030490423430386
22020,7,0.00015030490423430386
22021,7,0.00015030490423430386
22022,7,0.00015030490423430386
22023,7,0.00015030490423430386
22024,7,0.00015030490423430386
22025,8,0.000171777033410633
22026,5,0.00010736064588164563
22027,1,2.1472129176329125e-05
22028,2,4.294425835265825e-05
22029,22,0.00047238684187924073
22030,47,0.0010091900712874689
22031,63,0.0013527441381087349
22032,76,0.0016318818174010136
22033,78,0.0016748260757536717
22034,75,0.0016104096882246844
22035,74,0.0015889375590483553
22036,68,0.0014601047839903805
22037,62,0.0013312720089324057
22038,45,0.0009662458129348106
22039,19,0.0004079704543502534
22040,4,8.58885167053165e-05
22041,0,0.0
22042,0,0.0
22043,0,0.0
22044,0,0.0
22045,0,0.0
22046,0,0.0
22047,0,0.0
22048,0,0.0
22049,0,0.0
22050,1,2.1472129176329125e-05
22051,20,0.0004294425835265825
22052,82,0.0017607145924589881
22053,131,0.0028128489220991156
22054,175,0.0037576226058575967
22055,222,0.004766812677145065
22056,247,0.005303615906553294
22057,255,0.005475392939963927
22058,260,0.005582753585845573
22059,279,0.005990724040195826
22060,317,0.006806664948896333
22061,329,0.007064330499012282
22062,312,0.006699304303014687
22063,313,0.006720776432191016
22064,287,0.0061625010736064585
22065,276,0.0059263076526668386
22066,260,0.005582753585845573
22067,240,0.00515331100231899
22068,217,0.00465945203126342
22069,180,0.0038649832517392425
22070,127,0.002726960405393799
22071,78,0.0016748260757536717
22072,46,0.0009877179421111397
22073,21,0.0004509147127029116
22074,15,0.0003220819376449369
22075,4,8.58885167053165e-05
22076,1,2.1472129176329125e-05
22077,0,0.0
22078,0,0.0
22079,0,0.0
22080,0,0.0
22165,0,0.0
22166,0,0.0
22167,0,0.0
22168,0,0.0
22169,0,0.0
22170,0,0.0
22171,0,0.0
22172,0,0.0
22173,0,0.0
22174,0,0.0
22175,2,4.294425835265825e-05
22176,4,8.58885167053165e-05
22177,7,0.00015030490423430386
22178,7,0.00015030490423430386
22179,7,0.00015030490423430386
22180,7,0.00015030490423430386
22181,7,0.00015030490423430386
22182,7,0.00015030490423430386
22183,7,0.00015030490423430386
22184,7,0.00015030490423430386
22185,4,8.58885167053165e-05
22186,0,0.0
22187,0,0.0
22188,8,0.000171777033410633
22189,25,0.0005368032294082281
22190,40,0.000858885167053165
22191,50,0.0010736064588164561
22192,56,0.001202439233874431
22193,56,0.001202439233874431
22194,55,0.001180967104698102
22195,49,0.0010521343296401272
22196,40,0.000858885167053165
22197,34,0.0007300523919951902
22198,19,0.0004079704543502534
22199,8,0.000171777033410633
22200,0,0.0
22201,0,0.0
22202,0,0.0
22203,0,0.0
22204,0,0.0
22205,0,0.0
22206,0,0.0
22207,0,0.0
22208,0,0.0
22209,0,0.0
22210,1,2.1472129176329125e-05
22211,50,0.0010736064588164561
22212,87,0.0018680752383406338
22213,124,0.0026625440178648114
22214,148,0.0031778751180967105
22215,171,0.0036717340891522805
22216,204,0.004380314351971141
22217,218,0.0046809241604397495
22218,237,0.005088894614790003
22219,263,0.005647169973374559
22220,272,0.005840419135961522
22221,257,0.005518337198316585
22222,267,0.005733058490079876
22223,259,0.005561281456669244
22224,247,0.005303615906553294
22225,228,0.00489564545220304
22226,212,0.0045520913853817745
22227,186,0.003993816026797217
22228,152,0.003263763634802027
22229,99,0.0021257407884565835
22230,58,0.0012453834922270892
22231,32,0.000687108133642532
22232,15,0.0003220819376449369
22233,7,0.00015030490423430386
22234,2,4.294425835265825e-05
22235,1,2.1472129176329125e-05
22236,0,0.0
22237,0,0.0
22238,0,0.0
22323,0,0.0
22324,0,0.0
22325,0,0.0
22326,0,0.0
22327,0,0.0
22328,0,0.0
22329,0,0.0
22330,0,0.0
22331,0,0.0
22332,0,0.0
22333,0,0.0
22334,2,4.294425835265825e-05
22335,3,6.441638752898738e-05
22336,5,0.00010736064588164563
22337,7,0.00015030490423430386
22338,7,0.00015030490423430386
22339,7,0.00015030490423430386
22340,7,0.00015030490423430386
22341,7,0.00015030490423430386
22342,7,0.00015030490423430386
22343,7,0.00015030490423430386
22344,3,6.441638752898738e-05
22345,0,0.0
22346,0,0.0
22347,5,0.00010736064588164563
22348,18,0.00038649832517392423
22349,32,0.000687108133642532
22350,38,0.0008159409087005068
22351,38,0.0008159409087005068
22352,39,0.0008374130378768359
22353,39,0.0008374130378768359
22354,36,0.0007729966503478485
22355,35,0.0007515245211715194
22356,27,0.0005797474877608864
22357,19,0.0004079704543502534
22358,9,0.00019324916258696212
22359,0,0.0
22360,0,0.0
22361,0,0.0
22362,0,0.0
22363,0,0.0
22364,0,0.0
22365,0,0.0
22366,0,0.0
22367,0,0.0
22368,0,0.0
22369,0,0.0
22370,32,0.000687108133642532
22371,67,0.0014386326548140513
22372,89,0.001911019496693292
22373,113,0.002426350596925191
22374,130,0.0027913767929227864
22375,153,0.003285235763978356
22376,169,0.003628789830799622
22377,181,0.0038864553809155717
22378,208,0.004466202868676458
22379,206,0.0044232586103237995
22380,195,0.00418706518938418
22381,205,0.00440178648114747
22382,222,0.004766812677145065
22383,211,0.004530619256205445
22384,199,0.004272953706089496
22385,179,0.0038435111225629134
22386,153,0.003285235763978356
22387,123,0.0026410718886884822
22388,74,0.0015889375590483553
22389,42,0.0009018294254058232
22390,20,0.0004294425835265825
22391,10,0.00021472129176329125
22392,3,6.441638752898738e-05
22393,1,2.1472129176329125e-05
22394,0,0.0
22395,0,0.0
22396,0,0.0
22397,0,0.0
22481,1,2.1472129176329125e-05
22482,0,0.0
22483,0,0.0
22484,0,0.0
22485,0,0.0
22486,0,0.0
22487,0,0.0
22488,0,0.0
22489,0,0.0
22490,0,0.0
22491,0,0.0
22492,0,0.0
22493,0,0.0
22494,3,6.441638752898738e-05
22495,3,6.441638752898738e-05
22496,6,0.00012883277505797475
22497,7,0.00015030490423430386
22498,7,0.00015030490423430386
22499,7,0.00015030490423430386
22500,7,0.00015030490423430386
22501,7,0.00015030490423430386
22502,3,6.441638752898738e-05
22503,0,0.0
22504,0,0.0
22505,0,0.0
22506,2,4.294425835265825e-05
22507,9,0.00019324916258696212
22508,28,0.0006012196169372155
22509,35,0.0007515245211715194
22510,35,0.0007515245211715194
22511,35,0.0007515245211715194
22512,35,0.0007515245211715194
22513,35,0.0007515245211715194
22514,30,0.0006441638752898738
22515,23,0.0004938589710555698
22516,18,0.00038649832517392423
22517,10,0.00021472129176329125
22518,0,0.0
22519,0,0.0
22520,0,0.0
22521,0,0.0
22522,0,0.0
22523,0,0.0
22524,0,0.0
22525,0,0.0
22526,0,0.0
22527,0,0.0
22528,0,0.0
22529,11,0.00023619342093962037
22530,40,0.000858885167053165
22531,70,0.0015030490423430388
22532,92,0.0019754358842222794
22533,103,0.0022116293051618998
22534,115,0.0024692948552778493
22535,134,0.0028772653096281026
22536,140,0.0030060980846860776
22537,149,0.0031993472472730397
22538,139,0.0029846259555097484
22539,132,0.0028343210512754443
22540,138,0.0029631538263334193
22541,150,0.003220819376449369
22542,158,0.0033925964098600017
22543,150,0.003220819376449369
22544,134,0.0028772653096281026
22545,117,0.0025122391136305077
22546,90,0.0019324916258696213
22547,50,0.0010736064588164561
22548,24,0.000515331100231899
22549,9,0.00019324916258696212
22550,2,4.294425835265825e-05
22551,1,2.1472129176329125e-05
22552,1,2.1472129176329125e-05
22553,0,0.0
22554,0,0.0
22555,0,0.0
22556,0,0.0
22557,0,0.0
22639,2,4.294425835265825e-05
22640,2,4.294425835265825e-05
22641,0,0.0
22642,0,0.0
22643,0,0.0
22644,0,0.0
22645,0,0.0
22646,0,0.0
22647,0,0.0
22648,0,0.0
22649,0,0.0
22650,0,0.0
22651,0,0.0
22652,0,0.0
22653,2,4.294425835265825e-05
22654,3,6.441638752898738e-05
22655,3,6.441638752898738e-05
22656,3,6.441638752898738e-05
22657,5,0.00010736064588164563
22658,5,0.00010736064588164563
22659,5,0.00010736064588164563
22660,4,8.58885167053165e-05
22661,0,0.0
22662,0,0.0
22663,0,0.0
22664,0,0.0
22665,0,0.0
22666,3,6.441638752898738e-05
22667,21,0.0004509147127029116
22668,31,0.0006656360044662028
22669,32,0.000687108133642532
22670,32,0.000687108133642532
22671,32,0.000687108133642532
22672,30,0.0006441638752898738
22673,23,0.0004938589710555698
22674,18,0.00038649832517392423
22675,15,0.0003220819376449369
22676,9,0.00019324916258696212
22677,0,0.0
22678,0,0.0
22679,0,0.0
22680,0,0.0
22681,0,0.0
22682,0,0.0
22683,0,0.0
22684,0,0.0
22685,0,0.0
22686,0,0.0
22687,0,0.0
22688,1,2.1472129176329125e-05
22689,17,0.0003650261959975951
22690,36,0.0007729966503478485
22691,54,0.0011594949755217728
22692,71,0.0015245211715193678
22693,81,0.0017392424632826592
22694,82,0.0017607145924589881
22695,75,0.0016104096882246844
22696,73,0.001567465429872026
22697,63,0.0013527441381087349
22698,72,0.001545993300695697
22699,89,0.001911019496693292
22700,98,0.0021042686592802544
22701,110,0.002361934209396204
22702,106,0.0022760456926908873
22703,95,0.002039852271751267
22704,81,0.0017392424632826592
22705,47,0.0010091900712874689
22706,21,0.0004509147127029116
22707,10,0.00021472129176329125
22708,4,8.58885167053165e-05
22709,1,2.1472129176329125e-05
22710,1,2.1472129176329125e-05
22711,1,2.1472129176329125e-05
22712,0,0.0
22713,0,0.0
22714,0,0.0
22715,0,0.0
22716,0,0.0
22798,2,4.294425835265825e-05
22799,2,4.294425835265825e-05
22800,0,0.0
22801,0,0.0
22802,0,0.0
22803,0,0.0
22804,0,0.0
22805,0,0.0
22806,0,0.0
22807,1,2.1472129176329125e-05
22808,1,2.1472129176329125e-05
22809,1,2.1472129176329125e-05
22810,1,2.1472129176329125e-05
22811,1,2.1472129176329125e-05
22812,0,0.0
22813,1,2.1472129176329125e-05
22814,2,4.294425835265825e-05
22815,3,6.441638752898738e-05
22816,3,6.441638752898738e-05
22817,2,4.294425835265825e-05
22818,0,0.0
22819,0,0.0
22820,0,0.0
22821,0,0.0
22822,0,0.0
22823,0,0.0
22824,0,0.0
22825,2,4.294425835265825e-05
22826,6,0.00012883277505797475
22827,24,0.000515331100231899
22828,29,0.0006226917461135446
22829,29,0.0006226917461135446
22830,27,0.0005797474877608864
22831,25,0.0005368032294082281
22832,21,0.0004509147127029116
22833,15,0.0003220819376449369
22834,12,0.0002576655501159495
22835,5,0.00010736064588164563
22836,0,0.0
22837,0,0.0
22838,0,0.0
22839,0,0.0
22840,0,0.0
22841,0,0.0
22842,0,0.0
22843,0,0.0
22844,0,0.0
22845,0,0.0
22846,0,0.0
22847,0,0.0
22848,2,4.294425835265825e-05
22849,12,0.0002576655501159495
22850,19,0.0004079704543502534
22851,25,0.0005368032294082281
22852,25,0.0005368032294082281
22853,26,0.0005582753585845572
22854,22,0.00047238684187924073
22855,12,0.0002576655501159495
22856,24,0.000515331100231899
22857,31,0.0006656360044662028
22858,40,0.000858885167053165
22859,53,0.0011380228463454436
22860,56,0.001202439233874431
22861,54,0.0011594949755217728
22862,48,0.001030662200463798
22863,32,0.000687108133642532
22864,10,0.00021472129176329125
22865,5,0.00010736064588164563
22866,3,6.441638752898738e-05
22867,1,2.1472129176329125e-05
22868,1,2.1472129176329125e-05
22869,1,2.1472129176329125e-05
22870,0,0.0
22871,0,0.0
22872,0,0.0
22873,0,0.0
22874,0,0.0
22956,2,4.294425835265825e-05
22957,2,4.294425835265825e-05
22958,1,2.1472129176329125e-05
22959,0,0.0
22960,0,0.0
22961,0,0.0
22962,0,0.0
22963,0,0.0
22964,0,0.0
22965,1,2.1472129176329125e-05
22966,2,4.294425835265825e-05
22967,2,4.294425835265825e-05
22968,2,4.294425835265825e-05
22969,2,4.294425835265825e-05
22970,2,4.294425835265825e-05
22971,1,2.1472129176329125e-05
22972,0,0.0
22973,0,0.0
22974,0,0.0
22975,0,0.0
22976,0,0.0
22977,0,0.0
22978,0,0.0
22979,0,0.0
22980,0,0.0
22981,0,0.0
22982,0,0.0
22983,1,2.1472129176329125e-05
22984,2,4.294425835265825e-05
22985,6,0.00012883277505797475
22986,16,0.000343554066821266
22987,23,0.0004938589710555698
22988,24,0.000515331100231899
22989,24,0.000515331100231899
22990,24,0.000515331100231899
22991,21,0.0004509147127029116
22992,16,0.000343554066821266
22993,8,0.000171777033410633
22994,3,6.441638752898738e-05
22995,0,0.0
22996,0,0.0
22997,0,0.0
22998,0,0.0
22999,0,0.0
23000,0,0.0
23001,0,0.0
23002,0,0.0
23003,0,0.0
23004,0,0.0
23005,0,0.0
23006,0,0.0
23007,0,0.0
23008,1,2.1472129176329125e-05
23009,2,4.294425835265825e-05
23010,3,6.441638752898738e-05
23011,3,6.441638752898738e-05
23012,3,6.441638752898738e-05
23013,0,0.0
23014,2,4.294425835265825e-05
23015,3,6.441638752898738e-05
23016,8,0.000171777033410633
23017,11,0.00023619342093962037
23018,14,0.00030060980846860773
23019,14,0.00030060980846860773
23020,11,0.00023619342093962037
23021,5,0.00010736064588164563
23022,1,2.1472129176329125e-05
23023,1,2.1472129176329125e-05
23024,1,2.1472129176329125e-05
23025,1,2.1472129176329125e-05
23026,1,2.1472129176329125e-05
23027,1,2.1472129176329125e-05
23028,0,0.0
23029,0,0.0
23030,0,0.0
23031,0,0.0
23032,0,0.0
23033,0,0.0
23114,2,4.294425835265825e-05
23115,2,4.294425835265825e-05
23116,2,4.294425835265825e-05
23117,0,0.0
23118,0,0.0
23119,0,0.0
23120,0,0.0
23121,0,0.0
23122,0,0.0
23123,1,2.1472129176329125e-05
23124,2,4.294425835265825e-05
23125,2,4.294425835265825e-05
23126,2,4.294425835265825e-05
23127,2,4.294425835265825e-05
23128,2,4.294425835265825e-05
23129,2,4.294425835265825e-05
23130,2,4.294425835265825e-05
23131,1,2.1472129176329125e-05
23132,0,0.0
23133,0,0.0
23134,0,0.0
23135,0,0.0
23136,0,0.0
23137,0,0.0
23138,0,0.0
23139,0,0.0
23140,0,0.0
23141,0,0.0
23142,2,4.294425835265825e-05
23143,3,6.441638752898738e-05
23144,8,0.000171777033410633
23145,12,0.0002576655501159495
23146,14,0.00030060980846860773
23147,19,0.0004079704543502534
23148,20,0.0004294425835265825
23149,20,0.0004294425835265825
23150,20,0.0004294425835265825
23151,13,0.0002791376792922786
23152,5,0.00010736064588164563
23153,1,2.1472129176329125e-05
23154,0,0.0
23155,0,0.0
23156,0,0.0
23157,0,0.0
23158,0,0.0
23159,0,0.0
23160,3,6.441638752898738e-05
23161,3,6.441638752898738e-05
23162,3,6.441638752898738e-05
23163,4,8.58885167053165e-05
23164,4,8.58885167053165e-05
23165,2,4.294425835265825e-05
23166,1,2.1472129176329125e-05
23167,1,2.1472129176329125e-05
23168,0,0.0
23169,0,0.0
23170,0,0.0
23171,0,0.0
23172,0,0.0
23173,0,0.0
23174,1,2.1472129176329125e-05
23175,1,2.1472129176329125e-05
23176,1,2.1472129176329125e-05
23177,1,2.1472129176329125e-05
23178,1,2.1472129176329125e-05
23179,0,0.0
23180,0,0.0
23181,0,0.0
23182,0,0.0
23183,0,0.0
23184,0,0.0
23185,0,0.0
23186,0,0.0
23187,0,0.0
23188,0,0.0
23189,0,0.0
23190,0,0.0
23191,0,0.0
23272,0,0.0
23273,2,4.294425835265825e-05
23274,1,2.1472129176329125e-05
23275,0,0.0
23276,0,0.0
23277,0,0.0
23278,0,0.0
23279,0,0.0
23280,0,0.0
23281,0,0.0
23282,2,4.294425835265825e-05
23283,2,4.294425835265825e-05
23284,3,6.441638752898738e-05
23285,3,6.441638752898738e-05
23286,3,6.441638752898738e-05
23287,3,6.441638752898738e-05
23288,3,6.441638752898738e-05
23289,2,4.294425835265825e-05
23290,2,4.294425835265825e-05
23291,0,0.0
23292,0,0.0
23293,0,0.0
23294,0,0.0
23295,0,0.0
23296,0,0.0
23297,0,0.0
23298,0,0.0
23299,0,0.0
23300,0,0.0
23301,2,4.294425835265825e-05
23302,8,0.000171777033410633
23303,11,0.00023619342093962037
23304,12,0.0002576655501159495
23305,12,0.0002576655501159495
23306,13,0.0002791376792922786
23307,13,0.0002791376792922786
23308,13,0.0002791376792922786
23309,13,0.0002791376792922786
23310,13,0.0002791376792922786
23311,6,0.00012883277505797475
23312,0,0.0
23313,0,0.0
23314,0,0.0
23315,0,0.0
23316,0,0.0
23317,1,2.1472129176329125e-05
23318,5,0.00010736064588164563
23319,5,0.00010736064588164563
23320,6,0.00012883277505797475
23321,6,0.00012883277505797475
23322,5,0.00010736064588164563
23323,6,0.00012883277505797475
23324,5,0.00010736064588164563
23325,2,4.294425835265825e-05
23326,1,2.1472129176329125e-05
23327,1,2.1472129176329125e-05
23328,0,0.0
23329,0,0.0
23330,0,0.0
23331,0,0.0
23332,0,0.0
23333,0,0.0
23334,0,0.0
23335,0,0.0
23336,0,0.0
23337,0,0.0
23338,0,0.0
23339,0,0.0
23340,0,0.0
23341,0,0.0
23342,0,0.0
23343,0,0.0
23344,0,0.0
23345,0,0.0
23346,0,0.0
23347,0,0.0
23348,0,0.0
23349,0,0.0
23350,0,0.0
23431,0,0.0
23432,0,0.0
23433,0,0.0
23434,0,0.0
23435,0,0.0
23436,0,0.0
23437,0,0.0
23438,0,0.0
23439,0,0.0
23440,0,0.0
23441,2,4.294425835265825e-05
23442,3,6.441638752898738e-05
23443,3,6.441638752898738e-05
23444,3,6.441638752898738e-05
23445,3,6.441638752898738e-05
23446,3,6.441638752898738e-05
23447,3,6.441638752898738e-05
23448,3,6.441638752898738e-05
23449,2,4.294425835265825e-05
23450,0,0.0
23451,0,0.0
23452,0,0.0
23453,0,0.0
23454,0,0.0
23455,0,0.0
23456,0,0.0
23457,0,0.0
23458,0,0.0
23459,0,0.0
23460,2,4.294425835265825e-05
23461,10,0.00021472129176329125
23462,11,0.00023619342093962037
23463,11,0.00023619342093962037
23464,12,0.0002576655501159495
23465,12,0.0002576655501159495
23466,12,0.0002576655501159495
23467,12,0.0002576655501159495
23468,12,0.0002576655501159495
23469,12,0.0002576655501159495
23470,9,0.00019324916258696212
23471,1,2.1472129176329125e-05
23472,0,0.0
23473,0,0.0
23474,0,0.0
23475,1,2.1472129176329125e-05
23476,7,0.00015030490423430386
23477,7,0.00015030490423430386
23478,7,0.00015030490423430386
23479,8,0.000171777033410633
23480,7,0.00015030490423430386
23481,7,0.00015030490423430386
23482,6,0.00012883277505797475
23483,6,0.00012883277505797475
23484,5,0.00010736064588164563
23485,2,4.294425835265825e-05
23486,2,4.294425835265825e-05
23487,1,2.1472129176329125e-05
23488,0,0.0
23489,0,0.0
23490,0,0.0
23491,0,0.0
23492,0,0.0
23493,0,0.0
23494,0,0.0
23495,0,0.0
23496,0,0.0
23497,0,0.0
23498,0,0.0
23499,0,0.0
23500,0,0.0
23501,0,0.0
23502,0,0.0
23503,0,0.0
23504,0,0.0
23505,0,0.0
23506,0,0.0
23507,0,0.0
23508,0,0.0
23591,0,0.0
23592,0,0.0
23593,0,0.0
23594,0,0.0
23595,0,0.0
23596,0,0.0
23597,0,0.0
23598,0,0.0
23599,0,0.0
23600,3,6.441638752898738e-05
23601,3,6.441638752898738e-05
23602,5,0.00010736064588164563
23603,6,0.00012883277505797475
23604,6,0.00012883277505797475
23605,5,0.00010736064588164563
23606,5,0.00010736064588164563
23607,3,6.441638752898738e-05
23608,3,6.441638752898738e-05
23609,0,0.0
23610,0,0.0
23611,0,0.0
23612,0,0.0
23613,0,0.0
23614,0,0.0
23615,0,0.0
23616,0,0.0
23617,0,0.0
23618,0,0.0
23619,2,4.294425835265825e-05
23620,10,0.00021472129176329125
23621,11,0.00023619342093962037
23622,12,0.0002576655501159495
23623,12,0.0002576655501159495
23624,12,0.0002576655501159495
23625,12,0.0002576655501159495
23626,11,0.00023619342093962037
23627,11,0.00023619342093962037
23628,11,0.00023619342093962037
23629,9,0.00019324916258696212
23630,1,2.1472129176329125e-05
23631,0,0.0
23632,0,0.0
23633,2,4.294425835265825e-05
23634,5,0.00010736064588164563
23635,9,0.00019324916258696212
23636,12,0.0002576655501159495
23637,13,0.0002791376792922786
23638,13,0.0002791376792922786
23639,10,0.00021472129176329125
23640,7,0.00015030490423430386
23641,7,0.00015030490423430386
23642,6,0.00012883277505797475
23643,5,0.00010736064588164563
23644,3,6.441638752898738e-05
23645,2,4.294425835265825e-05
23646,1,2.1472129176329125e-05
23647,0,0.0
23648,0,0.0
23649,0,0.0
23650,0,0.0
23651,0,0.0
23652,0,0.0
23653,0,0.0
23654,0,0.0
23655,0,0.0
23656,0,0.0
23657,0,0.0
23658,0,0.0
23659,0,0.0
23660,0,0.0
23661,0,0.0
23662,0,0.0
23663,0,0.0
23664,0,0.0
23665,0,0.0
23666,0,0.0
23751,0,0.0
23752,0,0.0
23753,0,0.0
23754,0,0.0
23755,0,0.0
23756,0,0.0
23757,0,0.0
23758,0,0.0
23759,4,8.58885167053165e-05
23760,6,0.00012883277505797475
23761,6,0.00012883277505797475
23762,6,0.00012883277505797475
23763,6,0.00012883277505797475
23764,6,0.00012883277505797475
23765,6,0.00012883277505797475
23766,6,0.00012883277505797475
23767,4,8.58885167053165e-05
23768,0,0.0
23769,0,0.0
23770,0,0.0
23771,0,0.0
23772,0,0.0
23773,0,0.0
23774,0,0.0
23775,0,0.0
23776,0,0.0
23777,0,0.0
23778,0,0.0
23779,12,0.0002576655501159495
23780,13,0.0002791376792922786
23781,13,0.0002791376792922786
23782,13,0.0002791376792922786
23783,13,0.0002791376792922786
23784,12,0.0002576655501159495
23785,12,0.0002576655501159495
23786,11,0.00023619342093962037
23787,9,0.00019324916258696212
23788,9,0.00019324916258696212
23789,1,2.1472129176329125e-05
23790,1,2.1472129176329125e-05
23791,3,6.441638752898738e-05
23792,7,0.00015030490423430386
23793,14,0.00030060980846860773
23794,21,0.0004509147127029116
23795,22,0.00047238684187924073
23796,24,0.000515331100231899
23797,29,0.0006226917461135446
23798,27,0.0005797474877608864
23799,17,0.0003650261959975951
23800,12,0.0002576655501159495
23801,12,0.0002576655501159495
23802,8,0.000171777033410633
23803,3,6.441638752898738e-05
23804,2,4.294425835265825e-05
23805,2,4.294425835265825e-05
23806,0,0.0
23807,0,0.0
23808,0,0.0
23809,0,0.0
23810,0,0.0
23811,0,0.0
23812,0,0.0
23813,0,0.0
23814,0,0.0
23815,0,0.0
23816,0,0.0
23817,0,0.0
23818,0,0.0
23819,0,0.0
23820,0,0.0
23821,0,0.0
23822,0,0.0
23823,0,0.0
23824,0,0.0
23825,0,0.0
23910,0,0.0
23911,0,0.0
23912,0,0.0
23913,0,0.0
23914,0,0.0
23915,0,0.0
23916,0,0.0
23917,0,0.0
23918,6,0.00012883277505797475
23919,6,0.00012883277505797475
23920,6,0.00012883277505797475
23921,6,0.00012883277505797475
23922,6,0.00012883277505797475
23923,6,0.00012883277505797475
23924,6,0.00012883277505797475
23925,6,0.00012883277505797475
23926,6,0.00012883277505797475
23927,0,0.0
23928,0,0.0
23929,0,0.0
23930,0,0.0
23931,0,0.0
23932,0,0.0
23933,0,0.0
23934,0,0.0
23935,0,0.0
23936,0,0.0
23937,2,4.294425835265825e-05
23938,7,0.00015030490423430386
23939,13,0.0002791376792922786
23940,13,0.0002791376792922786
23941,13,0.0002791376792922786
23942,13,0.0002791376792922786
23943,13,0.0002791376792922786
23944,12,0.0002576655501159495
23945,10,0.00021472129176329125
23946,9,0.00019324916258696212
23947,6,0.00012883277505797475
23948,2,4.294425835265825e-05
23949,2,4.294425835265825e-05
23950,5,0.00010736064588164563
23951,13,0.0002791376792922786
23952,21,0.0004509147127029116
23953,28,0.0006012196169372155
23954,30,0.0006441638752898738
23955,33,0.0007085802628188611
23956,32,0.000687108133642532
23957,29,0.0006226917461135446
23960,12,0.0002576655501159495
23961,12,0.0002576655501159495
23962,6,0.00012883277505797475
23963,5,0.00010736064588164563
23964,7,0.00015030490423430386
23965,5,0.00010736064588164563
23966,4,8.58885167053165e-05
23967,0,0.0
23968,0,0.0
23969,0,0.0
23970,0,0.0
23971,0,0.0
23972,0,0.0
23973,0,0.0
23974,0,0.0
23975,0,0.0
23976,0,0.0
23977,0,0.0
23978,0,0.0
23979,0,0.0
23980,0,0.0
23981,0,0.0
23982,0,0.0
23983,0,0.0
24070,0,0.0
24071,0,0.0
24072,0,0.0
24073,0,0.0
24074,0,0.0
24075,0,0.0
24076,1,2.1472129176329125e-05
24077,5,0.00010736064588164563
24078,6,0.00012883277505797475
24079,6,0.00012883277505797475
24080,6,0.00012883277505797475
24081,6,0.00012883277505797475
24082,6,0.00012883277505797475
24083,6,0.00012883277505797475
24084,6,0.00012883277505797475
24085,5,0.00010736064588164563
24086,1,2.1472129176329125e-05
24087,0,0.0
24088,0,0.0
24089,0,0.0
24090,0,0.0
24091,0,0.0
24092,0,0.0
24093,0,0.0
24094,0,0.0
24095,1,2.1472129176329125e-05
24096,2,4.294425835265825e-05
24097,4,8.58885167053165e-05
24098,8,0.000171777033410633
24099,11,0.00023619342093962037
24100,13,0.0002791376792922786
24101,13,0.0002791376792922786
24102,11,0.00023619342093962037
24103,11,0.00023619342093962037
24104,10,0.00021472129176329125
24105,7,0.00015030490423430386
24106,3,6.441638752898738e-05
24107,2,4.294425835265825e-05
24108,2,4.294425835265825e-05
24109,9,0.00019324916258696212
24110,19,0.0004079704543502534
24111,27,0.0005797474877608864
24112,38,0.0008159409087005068
24113,43,0.0009233015545821524
24114,44,0.0009447736837584815
24119,13,0.0002791376792922786
24120,16,0.000343554066821266
24121,14,0.00030060980846860773
24122,9,0.00019324916258696212
24123,8,0.000171777033410633
24124,6,0.00012883277505797475
24125,6,0.00012883277505797475
24126,7,0.00015030490423430386
24127,6,0.00012883277505797475
24128,0,0.0
24129,0,0.0
24130,0,0.0
24131,0,0.0
24132,0,0.0
24133,0,0.0
24134,0,0.0
24135,0,0.0
24136,0,0.0
24137,0,0.0
24138,0,0.0
24139,0,0.0
24140,0,0.0
24141,0,0.0
24142,0,0.0
24229,0,0.0
24230,0,0.0
24231,0,0.0
24232,0,0.0
24233,0,0.0
24234,0,0.0
24235,1,2.1472129176329125e-05
24236,4,8.58885167053165e-05
24237,5,0.00010736064588164563
24238,6,0.00012883277505797475
24239,6,0.00012883277505797475
24240,6,0.00012883277505797475
24241,6,0.00012883277505797475
24242,9,0.00019324916258696212
24243,11,0.00023619342093962037
24244,11,0.00023619342093962037
24245,7,0.00015030490423430386
24246,5,0.00010736064588164563
24247,4,8.58885167053165e-05
24248,2,4.294425835265825e-05
24249,1,2.1472129176329125e-05
24250,0,0.0
24251,0,0.0
24252,1,2.1472129176329125e-05
24253,1,2.1472129176329125e-05
24254,2,4.294425835265825e-05
24255,3,6.441638752898738e-05
24256,3,6.441638752898738e-05
24257,5,0.00010736064588164563
24258,7,0.00015030490423430386
24259,10,0.00021472129176329125
24260,10,0.00021472129176329125
24261,10,0.00021472129176329125
24262,9,0.00019324916258696212
24263,7,0.00015030490423430386
24264,5,0.00010736064588164563
24265,2,4.294425835265825e-05
24266,2,4.294425835265825e-05
24267,2,4.294425835265825e-05
24268,11,0.00023619342093962037
24269,25,0.0005368032294082281
24270,34,0.0007300523919951902
24271,37,0.0007944687795241776
24272,44,0.0009447736837584815
24273,46,0.0009877179421111397
24278,12,0.0002576655501159495
24279,27,0.0005797474877608864
24280,24,0.000515331100231899
24281,15,0.0003220819376449369
24282,12,0.0002576655501159495
24283,10,0.00021472129176329125
24284,12,0.0002576655501159495
24285,12,0.0002576655501159495
24286,12,0.0002576655501159495
24287,8,0.000171777033410633
24288,3,6.441638752898738e-05
24289,2,4.294425835265825e-05
24290,0,0.0
24291,0,0.0
24292,0,0.0
24293,0,0.0
24294,0,0.0
24295,0,0.0
24296,0,0.0
24297,0,0.0
24298,0,0.0
24299,0,0.0
24300,0,0.0
24301,0,0.0
24389,0,0.0
24390,0,0.0
24391,0,0.0
24392,0,0.0
24393,0,0.0
24394,1,2.1472129176329125e-05
24395,4,8.58885167053165e-05
24396,4,8.58885167053165e-05
24397,5,0.00010736064588164563
24398,5,0.00010736064588164563
24399,7,0.00015030490423430386
24400,10,0.00021472129176329125
24401,12,0.0002576655501159495
24402,12,0.0002576655501159495
24403,13,0.0002791376792922786
24404,11,0.00023619342093962037
24405,8,0.000171777033410633
24406,6,0.00012883277505797475
24407,4,8.58885167053165e-05
24408,2,4.294425835265825e-05
24409,1,2.1472129176329125e-05
24410,1,2.1472129176329125e-05
24411,1,2.1472129176329125e-05
24412,1,2.1472129176329125e-05
24413,2,4.294425835265825e-05
24414,3,6.441638752898738e-05
24415,5,0.00010736064588164563
24416,7,0.00015030490423430386
24417,8,0.000171777033410633
24418,8,0.000171777033410633
24419,6,0.00012883277505797475
24420,6,0.00012883277505797475
24421,6,0.00012883277505797475
24422,3,6.441638752898738e-05
24423,0,0.0
24424,2,4.294425835265825e-05
24425,2,4.294425835265825e-05
24426,2,4.294425835265825e-05
24427,12,0.0002576655501159495
24428,28,0.0006012196169372155
24429,34,0.0007300523919951902
24430,37,0.0007944687795241776
24431,57,0.00122391136305076
24432,62,0.0013312720089324057
24433,61,0.0013097998797560765
24438,27,0.0005797474877608864
24439,27,0.0005797474877608864
24440,22,0.00047238684187924073
24441,20,0.0004294425835265825
24442,19,0.0004079704543502534
24443,19,0.0004079704543502534
24444,16,0.000343554066821266
24445,16,0.000343554066821266
24446,14,0.00030060980846860773
24447,7,0.00015030490423430386
24448,2,4.294425835265825e-05
24451,0,0.0
24452,0,0.0
24453,0,0.0
24454,0,0.0
24455,0,0.0
24456,0,0.0
24457,0,0.0
24458,0,0.0
24459,0,0.0
24460,0,0.0
24548,0,0.0
24549,0,0.0
24550,0,0.0
24551,0,0.0
24552,0,0.0
24553,1,2.1472129176329125e-05
24554,3,6.441638752898738e-05
24555,4,8.58885167053165e-05
24556,4,8.58885167053165e-05
24557,4,8.58885167053165e-05
24558,8,0.000171777033410633
24559,11,0.00023619342093962037
24560,13,0.0002791376792922786
24561,14,0.00030060980846860773
24562,13,0.0002791376792922786
24563,11,0.00023619342093962037
24564,10,0.00021472129176329125
24565,10,0.00021472129176329125
24566,10,0.00021472129176329125
24567,7,0.00015030490423430386
24568,4,8.58885167053165e-05
24569,5,0.00010736064588164563
24570,1,2.1472129176329125e-05
24571,3,6.441638752898738e-05
24572,4,8.58885167053165e-05
24573,9,0.00019324916258696212
24574,11,0.00023619342093962037
24575,14,0.00030060980846860773
24576,13,0.0002791376792922786
24577,13,0.0002791376792922786
24578,12,0.0002576655501159495
24579,8,0.000171777033410633
24580,2,4.294425835265825e-05
24581,1,2.1472129176329125e-05
24582,0,0.0
24583,2,4.294425835265825e-05
24584,2,4.294425835265825e-05
24585,2,4.294425835265825e-05
24586,11,0.00023619342093962037
24587,34,0.0007300523919951902
24588,40,0.000858885167053165
24589,54,0.0011594949755217728
24590,59,0.0012668556214034184
24591,62,0.0013312720089324057
24592,65,0.0013956883964613932
24593,61,0.0013097998797560765
24597,26,0.0005582753585845572
24598,26,0.0005582753585845572
24599,28,0.0006012196169372155
24600,23,0.0004938589710555698
24601,21,0.0004509147127029116
24602,20,0.0004294425835265825
24603,16,0.000343554066821266
24604,16,0.000343554066821266
24605,15,0.0003220819376449369
24610,0,0.0
24611,0,0.0
24612,0,0.0
24613,0,0.0
24614,0,0.0
24615,0,0.0
24616,0,0.0
24708,0,0.0
24709,0,0.0
24710,0,0.0
24711,0,0.0
24712,0,0.0
24713,3,6.441638752898738e-05
24714,3,6.441638752898738e-05
24715,3,6.441638752898738e-05
24716,7,0.00015030490423430386
24717,8,0.000171777033410633
24718,13,0.0002791376792922786
24719,13,0.0002791376792922786
24720,13,0.0002791376792922786
24721,12,0.0002576655501159495
24722,10,0.00021472129176329125
24723,11,0.00023619342093962037
24724,13,0.0002791376792922786
24725,12,0.0002576655501159495
24726,7,0.00015030490423430386
24727,5,0.00010736064588164563
24728,5,0.00010736064588164563
24729,10,0.00021472129176329125
24730,10,0.00021472129176329125
24731,12,0.0002576655501159495
24732,17,0.0003650261959975951
24733,18,0.00038649832517392423
24734,14,0.00030060980846860773
24735,14,0.00030060980846860773
24736,14,0.00030060980846860773
24737,11,0.00023619342093962037
24738,11,0.00023619342093962037
24739,8,0.000171777033410633
24740,1,2.1472129176329125e-05
24741,0,0.0
24742,2,4.294425835265825e-05
24743,2,4.294425835265825e-05
24744,2,4.294425835265825e-05
24745,10,0.00021472129176329125
24746,35,0.0007515245211715194
24747,44,0.0009447736837584815
24748,53,0.0011380228463454436
24749,61,0.0013097998797560765
24750,65,0.0013956883964613932
24751,67,0.0014386326548140513
24752,63,0.0013527441381087349
24757,28,0.0006012196169372155
24758,26,0.0005582753585845572
24759,25,0.0005368032294082281
24760,21,0.0004509147127029116
24761,20,0.0004294425835265825
24762,16,0.000343554066821266
24763,16,0.000343554066821266
24770,0,0.0
24771,0,0.0
24772,0,0.0
24773,0,0.0
24774,0,0.0
24867,0,0.0
24868,0,0.0
24869,0,0.0
24870,0,0.0
24871,0,0.0
24872,0,0.0
24873,3,6.441638752898738e-05
24874,3,6.441638752898738e-05
24875,7,0.00015030490423430386
24876,10,0.00021472129176329125
24877,12,0.0002576655501159495
24878,13,0.0002791376792922786
24879,12,0.0002576655501159495
24880,11,0.00023619342093962037
24881,10,0.00021472129176329125
24882,13,0.0002791376792922786
24883,13,0.0002791376792922786
24884,13,0.0002791376792922786
24885,11,0.00023619342093962037
24886,10,0.00021472129176329125
24887,14,0.00030060980846860773
24888,13,0.0002791376792922786
24889,15,0.0003220819376449369
24890,14,0.00030060980846860773
24891,17,0.0003650261959975951
24892,18,0.00038649832517392423
24893,18,0.00038649832517392423
24894,15,0.0003220819376449369
24895,14,0.00030060980846860773
24896,11,0.00023619342093962037
24897,11,0.00023619342093962037
24898,11,0.00023619342093962037
24899,2,4.294425835265825e-05
24900,0,0.0
24901,0,0.0
24902,2,4.294425835265825e-05
24903,4,8.58885167053165e-05
24904,7,0.00015030490423430386
24905,27,0.0005797474877608864
24906,45,0.0009662458129348106
24907,54,0.0011594949755217728
24908,58,0.0012453834922270892
24909,65,0.0013956883964613932
24910,67,0.0014386326548140513
24911,62,0.0013312720089324057
24912,53,0.0011380228463454436
24916,21,0.0004509147127029116
24917,26,0.0005582753585845572
24918,25,0.0005368032294082281
24919,21,0.0004509147127029116
24920,21,0.0004509147127029116
24929,0,0.0
24930,0,0.0
24931,0,0.0
25026,0,0.0
25027,0,0.0
25028,0,0.0
25029,0,0.0
25030,0,0.0
25031,0,0.0
25032,0,0.0
25033,2,4.294425835265825e-05
25034,7,0.00015030490423430386
25035,8,0.000171777033410633
25036,11,0.00023619342093962037
25037,12,0.0002576655501159495
25038,10,0.00021472129176329125
25039,10,0.00021472129176329125
25040,12,0.0002576655501159495
25041,14,0.00030060980846860773
25042,15,0.0003220819376449369
25043,18,0.00038649832517392423
25044,17,0.0003650261959975951
25045,17,0.0003650261959975951
25046,19,0.0004079704543502534
25047,16,0.000343554066821266
25048,16,0.000343554066821266
25049,21,0.0004509147127029116
25050,20,0.0004294425835265825
25051,17,0.0003650261959975951
25052,18,0.00038649832517392423
25053,17,0.0003650261959975951
25054,14,0.00030060980846860773
25055,11,0.00023619342093962037
25056,11,0.00023619342093962037
25057,9,0.00019324916258696212
25058,5,0.00010736064588164563
25059,0,0.0
25060,0,0.0
25061,1,2.1472129176329125e-05
25065,47,0.0010091900712874689
25066,59,0.0012668556214034184
25067,62,0.0013312720089324057
25068,68,0.0014601047839903805
25069,70,0.0015030490423430388
25070,63,0.0013527441381087349
25071,55,0.001180967104698102
25076,26,0.0005582753585845572
25077,25,0.0005368032294082281
25078,21,0.0004509147127029116
25186,0,0.0
25187,0,0.0
25188,0,0.0
25189,0,0.0
25190,0,0.0
25191,0,0.0
25192,0,0.0
25193,4,8.58885167053165e-05
25194,5,0.00010736064588164563
25195,9,0.00019324916258696212
25196,9,0.00019324916258696212
25197,10,0.00021472129176329125
25198,10,0.00021472129176329125
25199,14,0.00030060980846860773
25200,15,0.0003220819376449369
25201,17,0.0003650261959975951
25202,22,0.00047238684187924073
25203,21,0.0004509147127029116
25204,19,0.0004079704543502534
25205,20,0.0004294425835265825
25206,18,0.00038649832517392423
25207,19,0.0004079704543502534
25208,22,0.00047238684187924073
25209,19,0.0004079704543502534
25210,18,0.00038649832517392423
25211,16,0.000343554066821266
25212,16,0.000343554066821266
25213,14,0.00030060980846860773
25214,11,0.00023619342093962037
25215,10,0.00021472129176329125
25216,9,0.00019324916258696212
25217,6,0.00012883277505797475
25218,0,0.0
25219,0,0.0
25224,34,0.0007300523919951902
25225,48,0.001030662200463798
25226,49,0.0010521343296401272
25227,55,0.001180967104698102
25228,60,0.0012883277505797476
25229,57,0.00122391136305076
25230,48,0.001030662200463798
25231,33,0.0007085802628188611
25235,21,0.0004509147127029116
25345,0,0.0
25346,0,0.0
25347,0,0.0
25348,0,0.0
25349,0,0.0
25350,0,0.0
25351,0,0.0
25352,2,4.294425835265825e-05
25353,5,0.00010736064588164563
25354,9,0.00019324916258696212
25355,9,0.00019324916258696212
25356,10,0.00021472129176329125
25357,10,0.00021472129176329125
25358,15,0.0003220819376449369
25359,17,0.0003650261959975951
25360,22,0.00047238684187924073
25361,20,0.0004294425835265825
25362,20,0.0004294425835265825
25363,19,0.0004079704543502534
25364,21,0.0004509147127029116
25365,21,0.0004509147127029116
25366,23,0.0004938589710555698
25367,24,0.000515331100231899
25368,23,0.0004938589710555698
25369,24,0.000515331100231899
25370,22,0.00047238684187924073
25371,22,0.00047238684187924073
25372,19,0.0004079704543502534
25373,14,0.00030060980846860773
25374,10,0.00021472129176329125
25375,10,0.00021472129176329125
25376,6,0.00012883277505797475
25377,0,0.0
25384,44,0.0009447736837584815
25385,55,0.001180967104698102
25386,57,0.00122391136305076
25387,63,0.0013527441381087349
25388,65,0.0013956883964613932
25389,52,0.0011165507171691145
25390,37,0.0007944687795241776
25505,0,0.0
25506,0,0.0
25507,0,0.0
25508,0,0.0
25509,0,0.0
25510,0,0.0
25511,0,0.0
25512,4,8.58885167053165e-05
25513,7,0.00015030490423430386
25514,9,0.00019324916258696212
25515,9,0.00019324916258696212
25516,10,0.00021472129176329125
25517,14,0.00030060980846860773
25518,20,0.0004294425835265825
25519,23,0.0004938589710555698
25520,19,0.0004079704543502534
25521,20,0.0004294425835265825
25522,18,0.00038649832517392423
25523,20,0.0004294425835265825
25524,21,0.0004509147127029116
25525,21,0.0004509147127029116
25526,29,0.0006226917461135446
25527,25,0.0005368032294082281
25528,26,0.0005582753585845572
25529,23,0.0004938589710555698
25530,22,0.00047238684187924073
25531,19,0.0004079704543502534
25532,15,0.0003220819376449369
25533,14,0.00030060980846860773
25534,8,0.000171777033410633
25535,5,0.00010736064588164563
25543,39,0.0008374130378768359
25544,46,0.0009877179421111397
25545,45,0.0009662458129348106
25546,53,0.0011380228463454436
25547,63,0.0013527441381087349
25548,54,0.0011594949755217728
25549,49,0.0010521343296401272
25550,34,0.0007300523919951902
25665,0,0.0
25666,0,0.0
25667,0,0.0
25668,0,0.0
25669,0,0.0
25670,0,0.0
25671,0,0.0
25672,4,8.58885167053165e-05
25673,6,0.00012883277505797475
25674,7,0.00015030490423430386
25675,9,0.00019324916258696212
25676,11,0.00023619342093962037
25677,17,0.0003650261959975951
25678,18,0.00038649832517392423
25679,16,0.000343554066821266
25680,14,0.00030060980846860773
25681,18,0.00038649832517392423
25682,27,0.0005797474877608864
25683,31,0.0006656360044662028
25684,36,0.0007729966503478485
25685,40,0.000858885167053165
25686,34,0.0007300523919951902
25687,30,0.0006441638752898738
25688,24,0.000515331100231899
25689,23,0.0004938589710555698
25690,18,0.00038649832517392423
25691,16,0.000343554066821266
25692,15,0.0003220819376449369
25702,31,0.0006656360044662028
25703,39,0.0008374130378768359
25704,48,0.001030662200463798
25705,53,0.0011380228463454436
25706,56,0.001202439233874431
25707,50,0.0010736064588164561
25708,43,0.0009233015545821524
25709,16,0.000343554066821266
25824,1,2.1472129176329125e-05
25825,4,8.58885167053165e-05
25826,4,8.58885167053165e-05
25827,4,8.58885167053165e-05
25828,3,6.441638752898738e-05
25829,1,2.1472129176329125e-05
25830,0,0.0
25831,0,0.0
25832,1,2.1472129176329125e-05
25833,2,4.294425835265825e-05
25834,3,6.441638752898738e-05
25835,5,0.00010736064588164563
25836,11,0.00023619342093962037
25837,14,0.00030060980846860773
25838,14,0.00030060980846860773
25839,17,0.0003650261959975951
25840,30,0.0006441638752898738
25841,36,0.0007729966503478485
25842,37,0.0007944687795241776
25843,45,0.0009662458129348106
25844,41,0.0008803572962294941
25845,42,0.0009018294254058232
25846,44,0.0009447736837584815
25847,31,0.0006656360044662028
25848,25,0.0005368032294082281
25849,18,0.00038649832517392423
25850,14,0.00030060980846860773
25862,36,0.0007729966503478485
25863,39,0.0008374130378768359
25868,11,0.00023619342093962037
25869,13,0.0002791376792922786
25984,8,0.000171777033410633
25985,8,0.000171777033410633
25986,7,0.00015030490423430386
25987,6,0.00012883277505797475
25988,5,0.00010736064588164563
25989,1,2.1472129176329125e-05
25990,0,0.0
25991,0,0.0
25992,0,0.0
25993,0,0.0
25994,4,8.58885167053165e-05
25995,7,0.00015030490423430386
25996,10,0.00021472129176329125
25997,14,0.00030060980846860773
25998,25,0.0005368032294082281
25999,31,0.0006656360044662028
26000,35,0.0007515245211715194
26001,37,0.0007944687795241776
26002,43,0.0009233015545821524
26003,47,0.0010091900712874689
26004,47,0.0010091900712874689
26005,45,0.0009662458129348106
26006,39,0.0008374130378768359
26007,29,0.0006226917461135446
26008,20,0.0004294425835265825
26009,8,0.000171777033410633
26020,36,0.0007729966503478485
26021,42,0.0009018294254058232
26022,37,0.0007944687795241776
26028,13,0.0002791376792922786
26029,13,0.0002791376792922786
26143,9,0.00019324916258696212
26144,9,0.00019324916258696212
26145,9,0.00019324916258696212
26146,9,0.00019324916258696212
26147,8,0.000171777033410633
26148,5,0.00010736064588164563
26149,0,0.0
26150,0,0.0
26151,0,0.0
26152,0,0.0
26153,3,6.441638752898738e-05
26154,6,0.00012883277505797475
26155,8,0.000171777033410633
26156,11,0.00023619342093962037
26157,26,0.0005582753585845572
26158,29,0.0006226917461135446
26159,31,0.0006656360044662028
26160,37,0.0007944687795241776
26161,54,0.0011594949755217728
26162,58,0.0012453834922270892
26163,50,0.0010736064588164561
26164,47,0.0010091900712874689
26165,46,0.0009877179421111397
26166,31,0.0006656360044662028
26167,19,0.0004079704543502534
26179,38,0.0008159409087005068
26180,44,0.0009447736837584815
26181,52,0.0011165507171691145
26182,57,0.00122391136305076
26183,49,0.0010521343296401272
26188,13,0.0002791376792922786
26302,11,0.00023619342093962037
26303,11,0.00023619342093962037
26304,11,0.00023619342093962037
26305,11,0.00023619342093962037
26306,10,0.00021472129176329125
26307,9,0.00019324916258696212
26308,1,2.1472129176329125e-05
26309,0,0.0
26310,0,0.0
26311,0,0.0
26312,0,0.0
26313,3,6.441638752898738e-05
26314,8,0.000171777033410633
26315,13,0.0002791376792922786
26316,23,0.0004938589710555698
26317,28,0.0006012196169372155
26318,33,0.0007085802628188611
26319,38,0.0008159409087005068
26320,56,0.001202439233874431
26321,54,0.0011594949755217728
26322,51,0.0010950785879927853
26323,51,0.0010950785879927853
26324,50,0.0010736064588164561
26339,46,0.0009877179421111397
26340,52,0.0011165507171691145
26341,57,0.00122391136305076
26342,48,0.001030662200463798
26343,44,0.0009447736837584815
26347,13,0.0002791376792922786
26348,13,0.0002791376792922786
26461,13,0.0002791376792922786
26462,14,0.00030060980846860773
26463,14,0.00030060980846860773
26464,14,0.00030060980846860773
26465,14,0.00030060980846860773
26466,11,0.00023619342093962037
26467,4,8.58885167053165e-05
26468,0,0.0
26469,0,0.0
26470,0,0.0
26471,0,0.0
26472,1,2.1472129176329125e-05
26473,4,8.58885167053165e-05
26474,11,0.00023619342093962037
26475,24,0.000515331100231899
26476,29,0.0006226917461135446
26477,31,0.0006656360044662028
26478,47,0.0010091900712874689
26479,50,0.0010736064588164561
26480,56,0.001202439233874431
26481,56,0.001202439233874431
26482,55,0.001180967104698102
26483,56,0.001202439233874431
26499,36,0.0007729966503478485
26500,47,0.0010091900712874689
26501,44,0.0009447736837584815
26502,44,0.0009447736837584815
26507,13,0.0002791376792922786
26620,14,0.00030060980846860773
26621,14,0.00030060980846860773
26622,14,0.00030060980846860773
26623,14,0.00030060980846860773
26624,14,0.00030060980846860773
26625,13,0.0002791376792922786
26626,8,0.000171777033410633
26627,1,2.1472129176329125e-05
26628,0,0.0
26629,0,0.0
26630,0,0.0
26631,0,0.0
26632,0,0.0
26633,7,0.00015030490423430386
26634,19,0.0004079704543502534
26635,24,0.000515331100231899
26636,27,0.0005797474877608864
26637,52,0.0011165507171691145
26638,53,0.0011380228463454436
26639,54,0.0011594949755217728
26640,56,0.001202439233874431
26641,56,0.001202439233874431
26642,56,0.001202439233874431
26658,38,0.0008159409087005068
26659,40,0.000858885167053165
26660,47,0.0010091900712874689
26661,46,0.0009877179421111397
26662,33,0.0007085802628188611
26666,3,6.441638752898738e-05
26667,2,4.294425835265825e-05
26779,19,0.0004079704543502534
26780,17,0.0003650261959975951
26781,14,0.00030060980846860773
26782,14,0.00030060980846860773
26783,14,0.00030060980846860773
26784,13,0.0002791376792922786
26785,6,0.00012883277505797475
26786,1,2.1472129176329125e-05
26787,0,0.0
26788,2,4.294425835265825e-05
26789,3,6.441638752898738e-05
26790,5,0.00010736064588164563
26791,5,0.00010736064588164563
26792,5,0.00010736064588164563
26793,18,0.00038649832517392423
26794,22,0.00047238684187924073
26795,25,0.0005368032294082281
26796,51,0.0010950785879927853
26797,51,0.0010950785879927853
26798,52,0.0011165507171691145
26799,53,0.0011380228463454436
26800,53,0.0011380228463454436
26801,49,0.0010521343296401272
26817,26,0.0005582753585845572
26819,27,0.0005797474877608864
26820,30,0.0006441638752898738
26821,30,0.0006441638752898738
26826,2,4.294425835265825e-05
26938,20,0.0004294425835265825
26939,21,0.0004509147127029116
26940,17,0.0003650261959975951
26941,16,0.000343554066821266
26942,15,0.0003220819376449369
26943,12,0.0002576655501159495
26944,6,0.00012883277505797475
26945,4,8.58885167053165e-05
26946,2,4.294425835265825e-05
26947,7,0.00015030490423430386
26948,7,0.00015030490423430386
26949,7,0.00015030490423430386
26950,6,0.00012883277505797475
26951,6,0.00012883277505797475
26952,14,0.00030060980846860773
26953,22,0.00047238684187924073
26954,28,0.0006012196169372155
26955,44,0.0009447736837584815
26956,50,0.0010736064588164561
26957,50,0.0010736064588164561
26958,52,0.0011165507171691145
26959,50,0.0010736064588164561
26960,41,0.0008803572962294941
26978,24,0.000515331100231899
26979,24,0.000515331100231899
26980,23,0.0004938589710555698
26981,18,0.00038649832517392423
27097,21,0.0004509147127029116
27098,21,0.0004509147127029116
27099,20,0.0004294425835265825
27100,16,0.000343554066821266
27101,16,0.000343554066821266
27102,12,0.0002576655501159495
27103,5,0.00010736064588164563
27104,9,0.00019324916258696212
27105,12,0.0002576655501159495
27106,13,0.0002791376792922786
27107,12,0.0002576655501159495
27108,12,0.0002576655501159495
27109,12,0.0002576655501159495
27110,7,0.00015030490423430386
27111,7,0.00015030490423430386
27112,14,0.00030060980846860773
27113,22,0.00047238684187924073
27114,34,0.0007300523919951902
27115,46,0.0009877179421111397
27116,44,0.0009447736837584815
27117,39,0.0008374130378768359
27118,35,0.0007515245211715194
27137,22,0.00047238684187924073
27138,22,0.00047238684187924073
27139,22,0.00047238684187924073
27140,14,0.00030060980846860773
27255,21,0.0004509147127029116
27256,22,0.00047238684187924073
27257,21,0.0004509147127029116
27258,22,0.00047238684187924073
27259,20,0.0004294425835265825
27260,19,0.0004079704543502534
27261,16,0.000343554066821266
27262,20,0.0004294425835265825
27263,20,0.0004294425835265825
27264,17,0.0003650261959975951
27265,16,0.000343554066821266
27266,16,0.000343554066821266
27267,14,0.00030060980846860773
27268,12,0.0002576655501159495
27269,12,0.0002576655501159495
27270,8,0.000171777033410633
27271,10,0.00021472129176329125
27272,15,0.0003220819376449369
27273,17,0.0003650261959975951
27274,25,0.0005368032294082281
27275,31,0.0006656360044662028
27276,31,0.0006656360044662028
27277,31,0.0006656360044662028
27297,15,0.0003220819376449369
27298,12,0.0002576655501159495
27299,11,0.00023619342093962037
27300,3,6.441638752898738e-05
27414,22,0.00047238684187924073
27415,21,0.0004509147127029116
27416,24,0.000515331100231899
27417,23,0.0004938589710555698
27418,17,0.0003650261959975951
27419,18,0.00038649832517392423
27420,21,0.0004509147127029116
27421,25,0.0005368032294082281
27422,24,0.000515331100231899
27423,25,0.0005368032294082281
27424,17,0.0003650261959975951
27425,17,0.0003650261959975951
27426,16,0.000343554066821266
27427,14,0.00030060980846860773
27428,12,0.0002576655501159495
27429,12,0.0002576655501159495
27430,8,0.000171777033410633
27431,13,0.0002791376792922786
27432,11,0.00023619342093962037
27433,15,0.0003220819376449369
27434,18,0.00038649832517392423
27435,23,0.0004938589710555698
27436,23,0.0004938589710555698
27456,9,0.00019324916258696212
27457,9,0.00019324916258696212
27458,7,0.00015030490423430386
27572,14,0.00030060980846860773
27573,19,0.0004079704543502534
27574,20,0.0004294425835265825
27575,24,0.000515331100231899
27576,22,0.00047238684187924073
27577,18,0.00038649832517392423
27578,21,0.0004509147127029116
27579,23,0.0004938589710555698
27580,26,0.0005582753585845572
27581,23,0.0004938589710555698
27582,25,0.0005368032294082281
27583,25,0.0005368032294082281
27584,19,0.0004079704543502534
27585,18,0.00038649832517392423
27586,17,0.0003650261959975951
27587,14,0.00030060980846860773
27588,12,0.0002576655501159495
27589,6,0.00012883277505797475
27590,6,0.00012883277505797475
27591,10,0.00021472129176329125
27592,10,0.00021472129176329125
27593,13,0.0002791376792922786
27594,15,0.0003220819376449369
27595,12,0.0002576655501159495
27731,27,0.0005797474877608864
27732,27,0.0005797474877608864
27733,21,0.0004509147127029116
27734,26,0.0005582753585845572
27735,21,0.0004509147127029116
27736,22,0.00047238684187924073
27737,23,0.0004938589710555698
27738,22,0.00047238684187924073
27739,23,0.0004938589710555698
27740,22,0.00047238684187924073
27741,25,0.0005368032294082281
27742,29,0.0006226917461135446
27743,23,0.0004938589710555698
27744,21,0.0004509147127029116
27745,18,0.00038649832517392423
27746,15,0.0003220819376449369
27747,14,0.00030060980846860773
27748,7,0.00015030490423430386
27749,4,8.58885167053165e-05
27750,4,8.58885167053165e-05
27751,6,0.00012883277505797475
27752,6,0.00012883277505797475
27753,6,0.00012883277505797475
27889,26,0.0005582753585845572
27890,29,0.0006226917461135446
27891,28,0.0006012196169372155
27892,21,0.0004509147127029116
27893,19,0.0004079704543502534
27894,19,0.0004079704543502534
27895,21,0.0004509147127029116
27896,22,0.00047238684187924073
27897,19,0.0004079704543502534
27898,23,0.0004938589710555698
27899,23,0.0004938589710555698
27900,31,0.0006656360044662028
27901,31,0.0006656360044662028
27902,25,0.0005368032294082281
27903,27,0.0005797474877608864
27904,24,0.000515331100231899
27905,17,0.0003650261959975951
27906,14,0.00030060980846860773
27907,8,0.000171777033410633
27908,5,0.00010736064588164563
27909,0,0.0
27910,0,0.0
27911,4,8.58885167053165e-05
27912,6,0.00012883277505797475
28048,31,0.0006656360044662028
28049,36,0.0007729966503478485
28050,29,0.0006226917461135446
28051,24,0.000515331100231899
28052,19,0.0004079704543502534
28053,20,0.0004294425835265825
28054,24,0.000515331100231899
28055,24,0.000515331100231899
28056,20,0.0004294425835265825
28057,26,0.0005582753585845572
28058,24,0.000515331100231899
28059,32,0.000687108133642532
28060,35,0.0007515245211715194
28061,29,0.0006226917461135446
28062,29,0.0006226917461135446
28063,27,0.0005797474877608864
28064,22,0.00047238684187924073
28065,17,0.0003650261959975951
28066,6,0.00012883277505797475
28067,2,4.294425835265825e-05
28068,0,0.0
28069,0,0.0
28070,0,0.0
28071,0,0.0
28206,27,0.0005797474877608864
28207,32,0.000687108133642532
28208,33,0.0007085802628188611
28209,35,0.0007515245211715194
28210,33,0.0007085802628188611
28211,23,0.0004938589710555698
28212,23,0.0004938589710555698
28213,25,0.0005368032294082281
28214,27,0.0005797474877608864
28215,25,0.0005368032294082281
28216,25,0.0005368032294082281
28217,33,0.0007085802628188611
28218,30,0.0006441638752898738
28219,31,0.0006656360044662028
28220,27,0.0005797474877608864
28221,29,0.0006226917461135446
28222,28,0.0006012196169372155
28223,21,0.0004509147127029116
28224,13,0.0002791376792922786
28225,2,4.294425835265825e-05
28226,2,4.294425835265825e-05
28227,0,0.0
28228,0,0.0
28229,0,0.0
28230,0,0.0
28365,30,0.0006441638752898738
28366,36,0.0007729966503478485
28367,39,0.0008374130378768359
28368,38,0.0008159409087005068
28369,40,0.000858885167053165
28370,29,0.0006226917461135446
28371,27,0.0005797474877608864
28372,26,0.0005582753585845572
28373,23,0.0004938589710555698
28374,29,0.0006226917461135446
28375,25,0.0005368032294082281
28376,32,0.000687108133642532
28377,34,0.0007300523919951902
28378,29,0.0006226917461135446
28379,26,0.0005582753585845572
28380,24,0.000515331100231899
28381,19,0.0004079704543502534
28382,12,0.0002576655501159495
28383,9,0.00019324916258696212
28384,5,0.00010736064588164563
28385,2,4.294425835265825e-05
28386,0,0.0
28387,0,0.0
28388,0,0.0
28523,30,0.0006441638752898738
28524,38,0.0008159409087005068
28525,41,0.0008803572962294941
28526,41,0.0008803572962294941
28527,42,0.0009018294254058232
28528,38,0.0008159409087005068
28529,28,0.0006012196169372155
28530,26,0.0005582753585845572
28531,27,0.0005797474877608864
28532,23,0.0004938589710555698
28533,26,0.0005582753585845572
28534,25,0.0005368032294082281
28535,26,0.0005582753585845572
28536,26,0.0005582753585845572
28537,22,0.00047238684187924073
28538,23,0.0004938589710555698
28539,17,0.0003650261959975951
28540,11,0.00023619342093962037
28541,10,0.00021472129176329125
28542,9,0.00019324916258696212
28543,5,0.00010736064588164563
28544,2,4.294425835265825e-05
28545,0,0.0
28546,0,0.0
28547,0,0.0
28682,35,0.0007515245211715194
28683,43,0.0009233015545821524
28684,50,0.0010736064588164561
28685,46,0.0009877179421111397
28686,46,0.0009877179421111397
28687,40,0.000858885167053165
28688,32,0.000687108133642532
28689,23,0.0004938589710555698
28690,22,0.00047238684187924073
28691,19,0.0004079704543502534
28692,20,0.0004294425835265825
28693,19,0.0004079704543502534
28694,21,0.0004509147127029116
28695,21,0.0004509147127029116
28696,20,0.0004294425835265825
28697,19,0.0004079704543502534
28698,17,0.0003650261959975951
28699,16,0.000343554066821266
28700,12,0.0002576655501159495
28701,10,0.00021472129176329125
28702,6,0.00012883277505797475
28703,2,4.294425835265825e-05
28704,0,0.0
28705,0,0.0
28706,0,0.0
28840,26,0.0005582753585845572
28841,36,0.0007729966503478485
28842,46,0.0009877179421111397
28843,49,0.0010521343296401272
28844,46,0.0009877179421111397
28845,40,0.000858885167053165
28846,37,0.0007944687795241776
28847,34,0.0007300523919951902
28848,27,0.0005797474877608864
28849,19,0.0004079704543502534
28850,15,0.0003220819376449369
28851,16,0.000343554066821266
28852,19,0.0004079704543502534
28853,19,0.0004079704543502534
28854,21,0.0004509147127029116
28855,18,0.00038649832517392423
28856,16,0.000343554066821266
28857,16,0.000343554066821266
28858,16,0.000343554066821266
28859,13,0.0002791376792922786
28860,9,0.00019324916258696212
28861,5,0.00010736064588164563
28999,27,0.0005797474877608864
29000,37,0.0007944687795241776
29001,41,0.0008803572962294941
29002,44,0.0009447736837584815
29003,36,0.0007729966503478485
29004,32,0.000687108133642532
29005,34,0.0007300523919951902
29006,28,0.0006012196169372155
29007,25,0.0005368032294082281
29008,23,0.0004938589710555698
29009,13,0.0002791376792922786
29010,13,0.0002791376792922786
29011,14,0.00030060980846860773
29012,16,0.000343554066821266
29013,16,0.000343554066821266
29014,14,0.00030060980846860773
29015,16,0.000343554066821266
29016,16,0.000343554066821266
29017,16,0.000343554066821266
29018,13,0.0002791376792922786
29019,9,0.00019324916258696212
29020,2,4.294425835265825e-05
29021,0,0.0
29158,22,0.00047238684187924073
29159,29,0.0006226917461135446
29160,33,0.0007085802628188611
29161,35,0.0007515245211715194
29162,32,0.000687108133642532
29163,28,0.0006012196169372155
29164,29,0.0006226917461135446
29165,23,0.0004938589710555698
29166,20,0.0004294425835265825
29167,21,0.0004509147127029116
29168,12,0.0002576655501159495
29169,11,0.00023619342093962037
29170,9,0.00019324916258696212
29171,13,0.0002791376792922786
29172,16,0.000343554066821266
29173,14,0.00030060980846860773
29174,14,0.00030060980846860773
29175,14,0.00030060980846860773
29176,14,0.00030060980846860773
29177,8,0.000171777033410633
29178,6,0.00012883277505797475
29179,0,0.0
29180,0,0.0
29317,20,0.0004294425835265825
29318,29,0.0006226917461135446
29319,32,0.000687108133642532
29320,33,0.0007085802628188611
29321,30,0.0006441638752898738
29322,26,0.0005582753585845572
29323,21,0.0004509147127029116
29324,23,0.0004938589710555698
29325,20,0.0004294425835265825
29326,20,0.0004294425835265825
29327,11,0.00023619342093962037
29328,9,0.00019324916258696212
29329,9,0.00019324916258696212
29330,9,0.00019324916258696212
29331,9,0.00019324916258696212
29332,10,0.00021472129176329125
29333,10,0.00021472129176329125
29334,10,0.00021472129176329125
29335,10,0.00021472129176329125
29336,6,0.00012883277505797475
29476,12,0.0002576655501159495
29477,21,0.0004509147127029116
29478,25,0.0005368032294082281
29479,27,0.0005797474877608864
29480,22,0.00047238684187924073
29481,20,0.0004294425835265825
29482,19,0.0004079704543502534
29483,18,0.00038649832517392423
29484,18,0.00038649832517392423
29485,18,0.00038649832517392423
29486,10,0.00021472129176329125
29487,7,0.00015030490423430386
29488,7,0.00015030490423430386
29489,8,0.000171777033410633
29490,7,0.00015030490423430386
29491,7,0.00015030490423430386
29636,16,0.000343554066821266
29637,19,0.0004079704543502534
29638,21,0.0004509147127029116
29639,17,0.0003650261959975951
29640,16,0.000343554066821266
29641,16,0.000343554066821266
29642,16,0.000343554066821266
29643,14,0.00030060980846860773
29644,10,0.00021472129176329125
29645,2,4.294425835265825e-05
29646,1,2.1472129176329125e-05
29647,6,0.00012883277505797475
29648,6,0.00012883277505797475
29649,6,0.00012883277505797475
29795,15,0.0003220819376449369
29796,16,0.000343554066821266
29797,13,0.0002791376792922786
29798,13,0.0002791376792922786
29799,12,0.0002576655501159495
29800,12,0.0002576655501159495
29801,11,0.00023619342093962037
29802,10,0.00021472129176329125
29803,5,0.00010736064588164563
29804,0,0.0
29805,0,0.0
29806,2,4.294425835265825e-05
29807,3,6.441638752898738e-05
29955,8,0.000171777033410633
29956,10,0.00021472129176329125
29957,10,0.00021472129176329125
29958,8,0.000171777033410633
29959,8,0.000171777033410633
29960,7,0.00015030490423430386
29961,5,0.00010736064588164563
29962,0,0.0
29963,0,0.0
29964,0,0.0
30117,5,0.00010736064588164563
30118,5,0.00010736064588164563
