cell_id,codice_area_statistica,cell_share,required_canopy_30
47,7,1.0,3036.217551065741
48,7,1.0,3036.217551065741
49,7,1.0,3036.217551065741
204,7,1.0,3036.217551065741
205,7,1.0,3036.217551065741
206,7,1.0,3036.217551065741
207,7,1.0,3036.217551065741
208,7,1.0,3036.217551065741
209,7,1.0,3036.217551065741
361,7,1.0,3036.217551065741
362,7,1.0,3036.217551065741
363,7,1.0,3036.217551065741
364,7,1.0,3036.217551065741
365,7,1.0,3036.217551065741
366,7,1.0,3036.217551065741
367,7,1.0,3036.217551065741
368,7,1.0,3036.217551065741
520,7,1.0,3036.217551065741
521,7,1.0,3036.217551065741
522,7,1.0,3036.217551065741
523,7,1.0,3036.217551065741
524,7,1.0,3036.217551065741
525,7,1.0,3036.217551065741
526,7,1.0,3036.217551065741
527,7,1.0,3036.217551065741
528,7,1.0,3036.217551065741
533,7,1.0,3036.217551065741
534,7,1.0,3036.217551065741
679,7,1.0,3036.217551065741
680,7,1.0,3036.217551065741
681,7,1.0,3036.217551065741
682,7,1.0,3036.217551065741
683,7,1.0,3036.217551065741
684,7,1.0,3036.217551065741
685,7,1.0,3036.217551065741
686,7,1.0,3036.217551065741
687,7,1.0,3036.217551065741
690,7,1.0,3036.217551065741
691,7,1.0,3036.217551065741
692,7,1.0,3036.217551065741
693,7,1.0,3036.217551065741
694,7,1.0,3036.217551065741
695,7,1.0,3036.217551065741
838,7,1.0,3036.217551065741
839,7,1.0,3036.217551065741
840,7,1.0,3036.217551065741
841,7,1.0,3036.217551065741
842,7,1.0,3036.217551065741
843,7,1.0,3036.217551065741
844,7,1.0,3036.217551065741
845,7,1.0,3036.217551065741
846,7,1.0,3036.217551065741
847,7,1.0,3036.217551065741
848,7,1.0,3036.217551065741
849,7,1.0,3036.217551065741
850,7,1.0,3036.217551065741
851,7,1.0,3036.217551065741
852,7,1.0,3036.217551065741
853,7,1.0,3036.217551065741
854,7,1.0,3036.217551065741
855,7,1.0,3036.217551065741
998,7,1.0,3036.217551065741
999,7,1.0,3036.217551065741
1000,7,1.0,3036.217551065741
1001,7,1.0,3036.217551065741
1002,7,1.0,3036.217551065741
1003,7,1.0,3036.217551065741
1004,7,1.0,3036.217551065741
1005,7,1.0,3036.217551065741
1006,7,1.0,3036.217551065741
1007,7,1.0,3036.217551065741
1008,7,1.0,3036.217551065741
1009,7,1.0,3036.217551065741
1010,7,1.0,3036.217551065741
1011,7,1.0,3036.217551065741
1012,7,1.0,3036.217551065741
1013,7,1.0,3036.217551065741
1014,7,1.0,3036.217551065741
1015,7,1.0,3036.217551065741
1158,7,1.0,3036.217551065741
1159,7,1.0,3036.217551065741
1160,7,1.0,3036.217551065741
1161,7,1.0,3036.217551065741
1162,7,1.0,3036.217551065741
1163,7,1.0,3036.217551065741
1164,7,1.0,3036.217551065741
1165,7,1.0,3036.217551065741
1166,7,1.0,3036.217551065741
1167,7,1.0,3036.217551065741
1168,7,1.0,3036.217551065741
1169,7,1.0,3036.217551065741
1170,7,1.0,3036.217551065741
1171,7,1.0,3036.217551065741
1172,7,1.0,3036.217551065741
1173,7,1.0,3036.217551065741
1174,7,0.8523617808604061,3036.217551065741
1317,7,1.0,3036.217551065741
1318,7,1.0,3036.217551065741
1319,7,1.0,3036.217551065741
1320,7,1.0,3036.217551065741
1321,7,1.0,3036.217551065741
1322,7,1.0,3036.217551065741
1323,7,1.0,3036.217551065741
1324,7,1.0,3036.217551065741
1325,7,1.0,3036.217551065741
1326,7,1.0,3036.217551065741
1327,7,1.0,3036.217551065741
1328,7,1.0,3036.217551065741
1329,7,1.0,3036.217551065741
1330,7,1.0,3036.217551065741
1331,7,0.9327565554176747,3036.217551065741
1332,7,0.5078696336857857,3036.217551065741
1333,7,0.05256905068911995,3036.217551065741
1477,7,1.0,3036.217551065741
1478,7,1.0,3036.217551065741
1479,7,1.0,3036.217551065741
1480,7,1.0,3036.217551065741
1481,7,1.0,3036.217551065741
1482,7,1.0,3036.217551065741
1483,7,1.0,3036.217551065741
1484,7,1.0,3036.217551065741
1485,7,1.0,3036.217551065741
1486,7,1.0,3036.217551065741
1487,7,1.0,3036.217551065741
1488,7,0.8751745946844113,3036.217551065741
1489,7,0.42957833364371895,3036.217551065741
1490,7,0.04584483090256338,3036.217551065741
1636,7,1.0,3036.217551065741
1637,7,1.0,3036.217551065741
1638,7,1.0,3036.217551065741
1639,7,1.0,3036.217551065741
1640,7,1.0,3036.217551065741
1641,7,1.0,3036.217551065741
1642,7,1.0,3036.217551065741
1643,7,1.0,3036.217551065741
1644,7,1.0,3036.217551065741
1645,7,0.8315711034852972,3036.217551065741
1646,7,0.3729958444392279,3036.217551065741
1647,7,0.02002138759639856,3036.217551065741
1796,7,1.0,3036.217551065741
1797,7,1.0,3036.217551065741
1798,7,1.0,3036.217551065741
1799,7,1.0,3036.217551065741
1800,7,1.0,3036.217551065741
1801,7,0.9855189376953936,3036.217551065741
1802,7,0.6603238704378454,3036.217551065741
1803,7,0.2511341107618047,3036.217551065741
1804,7,0.004781010996910383,3036.217551065741
1955,7,1.0,3036.217551065741
1956,7,1.0,3036.217551065741
1957,7,1.0,3036.217551065741
1958,7,0.963564192198772,3036.217551065741
1959,7,0.579467882542549,3036.217551065741
1960,7,0.12882615750393622,3036.217551065741
2115,7,0.8761063123661476,3036.217551065741
2116,7,0.48686654817912917,3036.217551065741
2117,7,0.07877673065501634,3036.217551065741
5162,40,0.008971001586898533,40128.794302500944
5163,40,0.27321247530335696,40128.794302500944
5164,40,0.24008729620796468,40128.794302500944
5319,40,0.17216836730776144,40128.794302500944
5320,40,0.5360111599743366,40128.794302500944
5321,40,0.8901517338457997,40128.794302500944
5322,40,1.0,40128.794302500944
5323,40,0.7793360211138947,40128.794302500944
5475,40,0.06432014462740424,40128.794302500944
5476,40,0.41372096170507927,40128.794302500944
5477,40,0.7950726453274488,40128.794302500944
5478,40,0.9996600976727895,40128.794302500944
5479,40,1.0,40128.794302500944
5480,40,1.0,40128.794302500944
5481,40,1.0,40128.794302500944
5482,40,0.9998782321079636,40128.794302500944
5483,40,0.20086524882989334,40128.794302500944
5633,40,0.2485750799959185,40128.794302500944
5634,40,0.9670871800462103,40128.794302500944
5635,40,1.0,40128.794302500944
5636,40,1.0,40128.794302500944
5637,40,1.0,40128.794302500944
5638,40,1.0,40128.794302500944
5639,40,1.0,40128.794302500944
5640,40,1.0,40128.794302500944
5641,40,1.0,40128.794302500944
5642,40,0.61877256129142,40128.794302500944
5792,40,0.014738080736304589,40128.794302500944
5793,40,0.8363622645133598,40128.794302500944
5794,40,1.0,40128.794302500944
5795,40,1.0,40128.794302500944
5796,40,1.0,40128.794302500944
5797,40,1.0,40128.794302500944
5798,40,1.0,40128.794302500944
5799,40,1.0,40128.794302500944
5800,40,1.0,40128.794302500944
5801,40,0.9646085338084835,40128.794302500944
5802,40,0.07327350122619677,40128.794302500944
5952,40,0.3089729461130262,40128.794302500944
5953,40,1.0,40128.794302500944
5954,40,1.0,40128.794302500944
5955,40,1.0,40128.794302500944
5956,40,1.0,40128.794302500944
5957,40,1.0,40128.794302500944
5958,40,1.0,40128.794302500944
5959,40,1.0,40128.794302500944
5960,40,1.0,40128.794302500944
5961,40,0.4605284913963981,40128.794302500944
6111,40,0.013619467558027593,40128.794302500944
6112,40,0.9289195559711323,40128.794302500944
6113,40,1.0,40128.794302500944
6114,40,1.0,40128.794302500944
6115,40,1.0,40128.794302500944
6116,40,1.0,40128.794302500944
6117,40,1.0,40128.794302500944
6118,40,1.0,40128.794302500944
6119,40,1.0,40128.794302500944
6120,40,0.8700195497334003,40128.794302500944
6121,40,0.009637110844992372,40128.794302500944
6271,40,0.6453254098991602,40128.794302500944
6272,40,1.0,40128.794302500944
6273,40,1.0,40128.794302500944
6274,40,1.0,40128.794302500944
6275,40,1.0,40128.794302500944
6276,40,1.0,40128.794302500944
6277,40,1.0,40128.794302500944
6278,40,1.0,40128.794302500944
6279,40,1.0,40128.794302500944
6280,40,0.299829546284899,40128.794302500944
6430,40,0.34391481635909943,40128.794302500944
6431,40,1.0,40128.794302500944
6432,40,1.0,40128.794302500944
6433,40,1.0,40128.794302500944
6434,40,1.0,40128.794302500944
6435,40,1.0,40128.794302500944
6436,40,1.0,40128.794302500944
6437,40,1.0,40128.794302500944
6438,40,1.0,40128.794302500944
6439,40,0.7166845646788131,40128.794302500944
6589,40,0.07405363872967378,40128.794302500944
6590,40,0.9920936329871416,40128.794302500944
6591,40,1.0,40128.794302500944
6592,40,1.0,40128.794302500944
6593,40,1.0,40128.794302500944
6594,40,1.0,40128.794302500944
6595,40,1.0,40128.794302500944
6596,40,1.0,40128.794302500944
6597,40,1.0,40128.794302500944
6598,40,0.9932112743273276,40128.794302500944
6599,40,0.131330100607872,40128.794302500944
6749,40,0.7938711388713304,40128.794302500944
6750,40,1.0,40128.794302500944
6751,40,1.0,40128.794302500944
6752,40,1.0,40128.794302500944
6753,40,1.0,40128.794302500944
6754,40,1.0,40128.794302500944
6755,40,1.0,40128.794302500944
6756,40,1.0,40128.794302500944
6757,40,1.0,40128.794302500944
6758,40,0.5122441859878052,40128.794302500944
6908,40,0.517519536547415,40128.794302500944
6909,40,1.0,40128.794302500944
6910,40,1.0,40128.794302500944
6911,40,1.0,40128.794302500944
6912,40,1.0,40128.794302500944
6913,40,1.0,40128.794302500944
6914,40,1.0,40128.794302500944
6915,40,1.0,40128.794302500944
6916,40,1.0,40128.794302500944
6917,40,0.8805927111625671,40128.794302500944
6918,40,0.00646212792990666,40128.794302500944
7067,40,0.23223485421402495,40128.794302500944
7068,40,1.0,40128.794302500944
7069,40,1.0,40128.794302500944
7070,40,1.0,40128.794302500944
7071,40,1.0,40128.794302500944
7072,40,1.0,40128.794302500944
7073,40,1.0,40128.794302500944
7074,40,1.0,40128.794302500944
7075,40,1.0,40128.794302500944
7076,40,1.0,40128.794302500944
7077,40,0.24706594148204605,40128.794302500944
7226,40,0.011830700196378666,40128.794302500944
7227,40,0.9221043845566449,40128.794302500944
7228,40,1.0,40128.794302500944
7229,40,1.0,40128.794302500944
7230,40,1.0,40128.794302500944
7231,40,1.0,40128.794302500944
7232,40,1.0,40128.794302500944
7233,40,1.0,40128.794302500944
7234,40,1.0,40128.794302500944
7235,40,1.0,40128.794302500944
7236,40,0.6049025937643866,40128.794302500944
7386,40,0.6299780607758574,40128.794302500944
7387,40,1.0,40128.794302500944
7388,40,1.0,40128.794302500944
7389,40,1.0,40128.794302500944
7390,40,1.0,40128.794302500944
7391,40,1.0,40128.794302500944
7392,40,1.0,40128.794302500944
7393,40,1.0,40128.794302500944
7394,40,1.0,40128.794302500944
7395,40,0.935104876658127,40128.794302500944
7396,40,0.028925662828938773,40128.794302500944
7545,40,0.3093317202531606,40128.794302500944
7546,40,1.0,40128.794302500944
7547,40,1.0,40128.794302500944
7548,40,1.0,40128.794302500944
7549,40,1.0,40128.794302500944
7550,40,1.0,40128.794302500944
7551,40,1.0,40128.794302500944
7552,40,1.0,40128.794302500944
7553,40,1.0,40128.794302500944
7554,40,1.0,40128.794302500944
7555,40,0.34446327755893263,40128.794302500944
7704,40,0.0286036591067484,40128.794302500944
7705,40,0.9286795727552046,40128.794302500944
7706,40,1.0,40128.794302500944
7707,40,1.0,40128.794302500944
7708,40,1.0,40128.794302500944
7709,40,1.0,40128.794302500944
7710,40,1.0,40128.794302500944
7711,40,1.0,40128.794302500944
7712,40,1.0,40128.794302500944
7713,40,1.0,40128.794302500944
7714,40,0.18828206160026428,40128.794302500944
7864,40,0.5140101243577271,40128.794302500944
7865,40,1.0,40128.794302500944
7866,40,1.0,40128.794302500944
7867,40,1.0,40128.794302500944
7868,40,1.0,40128.794302500944
7869,40,1.0,40128.794302500944
7870,40,1.0,40128.794302500944
7871,40,1.0,40128.794302500944
7872,40,1.0,40128.794302500944
7873,40,0.1857784548161684,40128.794302500944
8023,40,0.08530807767833862,40128.794302500944
8024,40,0.9604192705750465,40128.794302500944
8025,40,1.0,40128.794302500944
8026,40,1.0,40128.794302500944
8027,40,1.0,40128.794302500944
8028,40,1.0,40128.794302500944
8029,40,1.0,40128.794302500944
8030,40,1.0,40128.794302500944
8031,34,0.09601905488068765,21463.854046618624
8031,40,0.9039809451193124,40128.794302500944
8032,34,0.6778191705866635,21463.854046618624
8032,40,0.19029126180449374,40128.794302500944
8033,34,0.3902135097295046,21463.854046618624
8034,34,0.31074141835981167,21463.854046618624
8183,40,0.5522792487103212,40128.794302500944
8184,40,1.0,40128.794302500944
8185,40,1.0,40128.794302500944
8186,40,1.0,40128.794302500944
8187,40,1.0,40128.794302500944
8188,40,1.0,40128.794302500944
8189,34,0.16796083219523425,21463.854046618624
8189,40,0.8320391678047657,40128.794302500944
8190,34,0.8793653457790613,21463.854046618624
8190,40,0.12063465422093868,40128.794302500944
8191,34,1.0,21463.854046618624
8192,34,1.0,21463.854046618624
8193,34,0.9766853701159706,21463.854046618624
8194,34,0.08942300829291344,21463.854046618624
8342,40,0.09491072642803192,40128.794302500944
8343,40,0.9648730903656337,40128.794302500944
8344,40,1.0,40128.794302500944
8345,40,1.0,40128.794302500944
8346,34,0.08713410155841177,21463.854046618624
8346,40,0.9128658984415883,40128.794302500944
8347,34,0.5475467637224568,21463.854046618624
8347,40,0.45245323627754314,40128.794302500944
8348,34,0.9620071858905539,21463.854046618624
8348,40,0.03799281410944611,40128.794302500944
8349,34,1.0,21463.854046618624
8350,34,1.0,21463.854046618624
8351,34,1.0,21463.854046618624
8352,34,1.0,21463.854046618624
8353,34,0.4532781170839966,21463.854046618624
8502,34,0.037958193075983464,21463.854046618624
8502,40,0.5344754865163054,40128.794302500944
8503,34,0.41747344438775075,21463.854046618624
8503,40,0.5825265556122493,40128.794302500944
8504,34,0.7789262395184918,21463.854046618624
8504,40,0.22107376048150817,40128.794302500944
8505,34,0.9707650300301394,21463.854046618624
8505,40,0.02923496996986064,40128.794302500944
8506,34,1.0,21463.854046618624
8507,34,1.0,21463.854046618624
8508,34,1.0,21463.854046618624
8509,34,1.0,21463.854046618624
8510,34,1.0,21463.854046618624
8511,34,1.0,21463.854046618624
8512,34,0.8366040629958016,21463.854046618624
8513,34,0.0009181930590403858,21463.854046618624
8661,34,0.11870832243588278,21463.854046618624
8662,34,0.9813325535133759,21463.854046618624
8663,34,1.0,21463.854046618624
8664,34,1.0,21463.854046618624
8665,34,1.0,21463.854046618624
8666,34,1.0,21463.854046618624
8667,34,1.0,21463.854046618624
8668,34,1.0,21463.854046618624
8669,34,1.0,21463.854046618624
8670,34,1.0,21463.854046618624
8671,34,1.0,21463.854046618624
8672,34,0.21246936475555425,21463.854046618624
8809,32,0.10990515253165155,146355.4162581515
8810,32,0.23200275630231912,146355.4162581515
8811,32,0.29484066637416473,146355.4162581515
8821,34,0.6276746174507358,21463.854046618624
8822,34,1.0,21463.854046618624
8823,34,1.0,21463.854046618624
8824,34,1.0,21463.854046618624
8825,34,1.0,21463.854046618624
8826,34,1.0,21463.854046618624
8827,34,1.0,21463.854046618624
8828,34,1.0,21463.854046618624
8829,34,1.0,21463.854046618624
8830,34,1.0,21463.854046618624
8831,34,0.5940251806509745,21463.854046618624
8834,72,0.004132543786630528,25339.87738484295
8835,72,0.23708318865171332,25339.87738484295
8836,72,0.5558964963290447,25339.87738484295
8837,72,0.45066890216633476,25339.87738484295
8838,72,0.3445490502536297,25339.87738484295
8839,72,0.235109140047431,25339.87738484295
8840,72,0.12374949468272087,25339.87738484295
8841,72,0.019855123134292933,25339.87738484295
8968,32,0.6869943112223997,146355.4162581515
8969,32,1.0,146355.4162581515
8970,32,0.9047768511108079,146355.4162581515
8980,34,0.15197861401782028,21463.854046618624
8981,34,0.9888423741586423,21463.854046618624
8982,34,1.0,21463.854046618624
8983,34,1.0,21463.854046618624
8984,34,1.0,21463.854046618624
8985,34,1.0,21463.854046618624
8986,34,1.0,21463.854046618624
8987,34,1.0,21463.854046618624
8988,34,1.0,21463.854046618624
8989,34,1.0,21463.854046618624
8990,34,0.9401579023241997,21463.854046618624
8991,34,0.03723854484696019,21463.854046618624
8991,72,0.35191988673254276,25339.87738484295
8992,72,0.6547946404357398,25339.87738484295
8993,72,0.9095195344322103,25339.87738484295
8994,72,1.0,25339.87738484295
8995,72,1.0,25339.87738484295
8996,72,1.0,25339.87738484295
8997,72,1.0,25339.87738484295
8998,72,1.0,25339.87738484295
8999,72,1.0,25339.87738484295
9000,72,0.9905086211826405,25339.87738484295
9001,72,0.9001826861801738,25339.87738484295
9002,72,0.7841483774941923,25339.87738484295
9003,72,0.49900681516379414,25339.87738484295
9127,32,0.32984054897699056,146355.4162581515
9128,32,1.0,146355.4162581515
9129,32,0.9805696060538291,146355.4162581515
9130,32,0.1307702770552211,146355.4162581515
9140,34,0.6492360260872978,21463.854046618624
9141,34,1.0,21463.854046618624
9142,34,1.0,21463.854046618624
9143,34,1.0,21463.854046618624
9144,34,1.0,21463.854046618624
9145,34,1.0,21463.854046618624
9146,34,1.0,21463.854046618624
9147,34,1.0,21463.854046618624
9148,34,1.0,21463.854046618624
9149,34,1.0,21463.854046618624
9150,34,0.36023438733153,21463.854046618624
9150,72,0.63976561266847,25339.87738484295
9151,72,1.0,25339.87738484295
9152,72,1.0,25339.87738484295
9153,72,1.0,25339.87738484295
9154,72,1.0,25339.87738484295
9155,72,1.0,25339.87738484295
9156,72,1.0,25339.87738484295
9157,72,1.0,25339.87738484295
9158,72,1.0,25339.87738484295
9159,72,1.0,25339.87738484295
9160,72,1.0,25339.87738484295
9161,72,1.0,25339.87738484295
9162,72,0.948487144099486,25339.87738484295
9286,32,0.03147787580797517,146355.4162581515
9287,32,0.9393213587853044,146355.4162581515
9288,32,1.0,146355.4162581515
9289,32,0.5904292929711157,146355.4162581515
9299,34,0.1646042945777315,21463.854046618624
9300,34,0.9906120616585296,21463.854046618624
9301,34,1.0,21463.854046618624
9302,34,1.0,21463.854046618624
9303,34,1.0,21463.854046618624
9304,34,1.0,21463.854046618624
9305,34,1.0,21463.854046618624
9306,34,1.0,21463.854046618624
9307,34,1.0,21463.854046618624
9308,34,0.9986817137665107,21463.854046618624
9308,35,0.0013182862334893298,31977.489794044395
9309,34,0.5507265038562318,21463.854046618624
9309,35,0.17042963147278134,31977.489794044395
9309,72,0.27884386467098693,25339.87738484295
9310,72,1.0,25339.87738484295
9311,72,1.0,25339.87738484295
9312,72,1.0,25339.87738484295
9313,72,1.0,25339.87738484295
9314,72,1.0,25339.87738484295
9315,72,1.0,25339.87738484295
9316,72,1.0,25339.87738484295
9317,72,1.0,25339.87738484295
9318,72,1.0,25339.87738484295
9319,72,1.0,25339.87738484295
9320,72,1.0,25339.87738484295
9321,72,1.0,25339.87738484295
9446,32,0.6107145618812301,146355.4162581515
9447,32,1.0,146355.4162581515
9448,32,0.968734729377972,146355.4162581515
9449,32,0.07659252345573395,146355.4162581515
9459,34,0.644677025965189,21463.854046618624
9460,34,1.0,21463.854046618624
9461,34,1.0,21463.854046618624
9462,34,1.0,21463.854046618624
9463,34,1.0,21463.854046618624
9464,34,1.0,21463.854046618624
9465,34,0.9575098930096534,21463.854046618624
9465,35,0.04249010699034665,31977.489794044395
9466,34,0.6000468969319761,21463.854046618624
9466,35,0.3999531030680239,31977.489794044395
9467,34,0.18001567940360302,21463.854046618624
9467,35,0.8199843205963969,31977.489794044395
9468,35,0.964771841955185,31977.489794044395
9468,72,0.035228158044815064,25339.87738484295
9469,35,0.023746724477410316,31977.489794044395
9469,72,0.9762532755225897,25339.87738484295
9470,72,1.0,25339.87738484295
9471,72,1.0,25339.87738484295
9472,72,1.0,25339.87738484295
9473,72,1.0,25339.87738484295
9474,72,1.0,25339.87738484295
9475,72,1.0,25339.87738484295
9476,72,1.0,25339.87738484295
9477,72,1.0,25339.87738484295
9478,72,1.0,25339.87738484295
9479,72,1.0,25339.87738484295
9480,72,1.0,25339.87738484295
9481,72,1.0,25339.87738484295
9605,32,0.2513347276621404,146355.4162581515
9606,32,1.0,146355.4162581515
9607,32,1.0,146355.4162581515
9608,32,0.37606637135078,146355.4162581515
9618,34,0.1463854169343304,21463.854046618624
9619,34,0.9846508769005538,21463.854046618624
9620,34,1.0,21463.854046618624
9621,34,1.0,21463.854046618624
9622,34,0.8685750591933727,21463.854046618624
9622,35,0.13142494080662728,31977.489794044395
9623,34,0.45016740653514864,21463.854046618624
9623,35,0.5498325934648514,31977.489794044395
9624,34,0.06542731175859953,21463.854046618624
9624,35,0.9345726882414005,31977.489794044395
9625,35,1.0,31977.489794044395
9626,35,1.0,31977.489794044395
9627,35,1.0,31977.489794044395
9628,35,0.16432002153968167,31977.489794044395
9628,72,0.8356799784603183,25339.87738484295
9629,72,1.0,25339.87738484295
9630,72,1.0,25339.87738484295
9631,72,1.0,25339.87738484295
9632,72,1.0,25339.87738484295
9633,72,1.0,25339.87738484295
9634,72,1.0,25339.87738484295
9635,72,1.0,25339.87738484295
9636,72,1.0,25339.87738484295
9637,72,1.0,25339.87738484295
9638,72,1.0,25339.87738484295
9639,72,1.0,25339.87738484295
9640,72,1.0,25339.87738484295
9641,72,1.0,25339.87738484295
9764,32,0.007133035027283577,146355.4162581515
9765,32,0.8848130873443413,146355.4162581515
9766,32,1.0,146355.4162581515
9767,32,0.9201397953019737,146355.4162581515
9768,32,0.18754783573476605,146355.4162581515
9778,34,0.6143683442560188,21463.854046618624
9778,35,0.004672162546054674,31977.489794044395
9779,34,0.725767131541531,21463.854046618624
9779,35,0.2742328684584689,31977.489794044395
9780,34,0.3030060761254847,21463.854046618624
9780,35,0.6969939238745153,31977.489794044395
9781,34,0.00992906160016749,21463.854046618624
9781,35,0.9900709383998325,31977.489794044395
9782,35,1.0,31977.489794044395
9783,35,1.0,31977.489794044395
9784,35,1.0,31977.489794044395
9785,35,1.0,31977.489794044395
9786,35,1.0,31977.489794044395
9787,35,0.24769874268714853,31977.489794044395
9787,72,0.7523012573128515,25339.87738484295
9788,72,1.0,25339.87738484295
9789,72,1.0,25339.87738484295
9790,72,1.0,25339.87738484295
9791,72,1.0,25339.87738484295
9792,72,1.0,25339.87738484295
9793,72,1.0,25339.87738484295
9794,72,1.0,25339.87738484295
9795,72,1.0,25339.87738484295
9796,72,1.0,25339.87738484295
9797,72,1.0,25339.87738484295
9798,72,1.0,25339.87738484295
9799,72,1.0,25339.87738484295
9800,72,1.0,25339.87738484295
9924,32,0.5328964341442517,146355.4162581515
9925,32,1.0,146355.4162581515
9926,32,1.0,146355.4162581515
9927,32,0.9265850061714649,146355.4162581515
9928,32,0.14655023453511812,146355.4162581515
9937,34,0.008012588123410928,21463.854046618624
9937,35,0.12308096146274071,31977.489794044395
9938,35,0.9807221486434053,31977.489794044395
9939,35,1.0,31977.489794044395
9940,35,1.0,31977.489794044395
9941,35,1.0,31977.489794044395
9942,35,1.0,31977.489794044395
9943,35,1.0,31977.489794044395
9944,35,1.0,31977.489794044395
9945,35,1.0,31977.489794044395
9946,35,0.3350794665738862,31977.489794044395
9946,72,0.6649205334261138,25339.87738484295
9947,72,1.0,25339.87738484295
9948,72,1.0,25339.87738484295
9949,72,1.0,25339.87738484295
9950,72,1.0,25339.87738484295
9951,72,1.0,25339.87738484295
9952,72,1.0,25339.87738484295
9953,72,1.0,25339.87738484295
9954,72,1.0,25339.87738484295
9955,72,1.0,25339.87738484295
9956,72,1.0,25339.87738484295
9957,72,1.0,25339.87738484295
9958,72,1.0,25339.87738484295
9959,72,1.0,25339.87738484295
10083,32,0.17382474741138484,146355.4162581515
10084,32,0.9999993234529975,146355.4162581515
10085,32,1.0,146355.4162581515
10086,32,1.0,146355.4162581515
10087,32,0.921517910281963,146355.4162581515
10088,32,0.20050875314444228,146355.4162581515
10097,35,0.6100348443040028,31977.489794044395
10098,35,1.0,31977.489794044395
10099,35,1.0,31977.489794044395
10100,35,1.0,31977.489794044395
10101,35,1.0,31977.489794044395
10102,35,1.0,31977.489794044395
10103,35,1.0,31977.489794044395
10104,35,1.0,31977.489794044395
10105,35,0.5516308972832459,31977.489794044395
10105,72,0.4483691027167542,25339.87738484295
10106,72,1.0,25339.87738484295
10107,72,1.0,25339.87738484295
10108,72,1.0,25339.87738484295
10109,72,1.0,25339.87738484295
10110,72,1.0,25339.87738484295
10111,72,1.0,25339.87738484295
10112,72,1.0,25339.87738484295
10113,72,1.0,25339.87738484295
10114,72,1.0,25339.87738484295
10115,72,1.0,25339.87738484295
10116,72,1.0,25339.87738484295
10117,72,1.0,25339.87738484295
10118,72,1.0,25339.87738484295
10243,32,0.8194096074456555,146355.4162581515
10244,32,1.0,146355.4162581515
10245,32,1.0,146355.4162581515
10246,32,1.0,146355.4162581515
10247,32,0.9581519020736218,146355.4162581515
10248,32,0.41316989111838764,146355.4162581515
10249,32,0.004269608382119724,146355.4162581515
10256,35,0.12854329889753027,31977.489794044395
10257,35,0.9804577186003619,31977.489794044395
10258,35,1.0,31977.489794044395
10259,35,1.0,31977.489794044395
10260,35,1.0,31977.489794044395
10261,35,1.0,31977.489794044395
10262,35,1.0,31977.489794044395
10263,35,1.0,31977.489794044395
10264,35,0.9321309031812314,31977.489794044395
10264,72,0.06786909681876858,25339.87738484295
10265,35,0.032316956692837726,31977.489794044395
10265,72,0.9676830433071623,25339.87738484295
10266,72,1.0,25339.87738484295
10267,72,1.0,25339.87738484295
10268,72,1.0,25339.87738484295
10269,72,1.0,25339.87738484295
10270,72,1.0,25339.87738484295
10271,72,1.0,25339.87738484295
10272,72,1.0,25339.87738484295
10273,72,1.0,25339.87738484295
10274,72,1.0,25339.87738484295
10275,72,1.0,25339.87738484295
10276,72,1.0,25339.87738484295
10277,72,1.0,25339.87738484295
10402,32,0.4595053126485769,146355.4162581515
10403,32,1.0,146355.4162581515
10404,32,1.0,146355.4162581515
10405,32,1.0,146355.4162581515
10406,32,1.0,146355.4162581515
10407,32,1.0,146355.4162581515
10408,32,0.8714436556199406,146355.4162581515
10409,32,0.503233333737408,146355.4162581515
10410,32,0.04134721370029048,146355.4162581515
10416,35,0.6212409741757889,31977.489794044395
10417,35,1.0,31977.489794044395
10418,35,1.0,31977.489794044395
10419,35,1.0,31977.489794044395
10420,35,1.0,31977.489794044395
10421,35,1.0,31977.489794044395
10422,35,1.0,31977.489794044395
10423,35,0.9308270533388094,31977.489794044395
10423,72,0.0691729466611906,25339.87738484295
10424,35,0.01157065022882351,31977.489794044395
10424,72,0.9884293497711765,25339.87738484295
10425,72,1.0,25339.87738484295
10426,72,1.0,25339.87738484295
10427,72,1.0,25339.87738484295
10428,72,1.0,25339.87738484295
10429,72,1.0,25339.87738484295
10430,72,1.0,25339.87738484295
10431,72,1.0,25339.87738484295
10432,72,1.0,25339.87738484295
10433,72,1.0,25339.87738484295
10434,72,1.0,25339.87738484295
10435,72,1.0,25339.87738484295
10436,72,1.0,25339.87738484295
10561,32,0.10426590602193117,146355.4162581515
10562,32,0.9868135430917341,146355.4162581515
10563,32,1.0,146355.4162581515
10564,32,1.0,146355.4162581515
10565,32,1.0,146355.4162581515
10566,32,1.0,146355.4162581515
10567,32,1.0,146355.4162581515
10568,32,1.0,146355.4162581515
10569,32,0.8698489439135033,146355.4162581515
10570,32,0.4009245530086728,146355.4162581515
10571,32,0.02091617670874093,146355.4162581515
10575,35,0.1430195223365516,31977.489794044395
10576,35,0.9859659647762775,31977.489794044395
10577,35,1.0,31977.489794044395
10578,35,1.0,31977.489794044395
10579,35,1.0,31977.489794044395
10580,35,1.0,31977.489794044395
10581,35,1.0,31977.489794044395
10582,35,0.7616249234483361,31977.489794044395
10582,72,0.23837507655166393,25339.87738484295
10583,72,1.0,25339.87738484295
10584,72,1.0,25339.87738484295
10585,72,1.0,25339.87738484295
10586,72,1.0,25339.87738484295
10587,72,1.0,25339.87738484295
10588,72,1.0,25339.87738484295
10589,72,1.0,25339.87738484295
10590,72,1.0,25339.87738484295
10591,72,1.0,25339.87738484295
10592,72,1.0,25339.87738484295
10593,72,0.9996937444294681,25339.87738484295
10594,72,0.7355447045813049,25339.87738484295
10721,32,0.6902771645148067,146355.4162581515
10722,32,1.0,146355.4162581515
10723,32,1.0,146355.4162581515
10724,32,1.0,146355.4162581515
10725,32,1.0,146355.4162581515
10726,32,1.0,146355.4162581515
10727,32,1.0,146355.4162581515
10728,32,1.0,146355.4162581515
10729,32,1.0,146355.4162581515
10730,32,0.8888412283281483,146355.4162581515
10731,32,0.5273141028485785,146355.4162581515
10732,32,0.11560310419984482,146355.4162581515
10734,33,0.006838693461027477,67046.17140574088
10735,33,0.10630795040871713,67046.17140574088
10735,35,0.6334699239657695,31977.489794044395
10736,35,1.0,31977.489794044395
10737,35,1.0,31977.489794044395
10738,35,1.0,31977.489794044395
10739,35,1.0,31977.489794044395
10740,35,1.0,31977.489794044395
10741,35,0.7980013019868709,31977.489794044395
10741,72,0.20199869801312909,25339.87738484295
10742,72,1.0,25339.87738484295
10743,72,1.0,25339.87738484295
10744,72,1.0,25339.87738484295
10745,72,1.0,25339.87738484295
10746,72,1.0,25339.87738484295
10747,72,1.0,25339.87738484295
10748,72,1.0,25339.87738484295
10749,72,1.0,25339.87738484295
10750,72,0.8903290646618629,25339.87738484295
10751,72,0.501241793829782,25339.87738484295
10752,72,0.14744726281006365,25339.87738484295
10880,32,0.2578641457981497,146355.4162581515
10881,32,1.0,146355.4162581515
10882,32,1.0,146355.4162581515
10883,32,1.0,146355.4162581515
10884,32,1.0,146355.4162581515
10885,32,1.0,146355.4162581515
10886,32,1.0,146355.4162581515
10887,32,1.0,146355.4162581515
10888,32,1.0,146355.4162581515
10889,32,1.0,146355.4162581515
10890,32,1.0,146355.4162581515
10891,32,0.9673007878497594,146355.4162581515
10892,32,0.5435386572247287,146355.4162581515
10893,32,0.05446463044608145,146355.4162581515
10893,33,0.614931048325963,67046.17140574088
10894,33,0.8502900587737561,67046.17140574088
10894,35,0.14970994122624398,31977.489794044395
10895,33,0.011585112117248155,67046.17140574088
10895,35,0.9884148878827519,31977.489794044395
10896,35,1.0,31977.489794044395
10897,35,1.0,31977.489794044395
10898,35,1.0,31977.489794044395
10899,35,1.0,31977.489794044395
10900,35,0.8598300795484299,31977.489794044395
10900,72,0.1401699204515701,25339.87738484295
10901,72,1.0,25339.87738484295
10902,72,1.0,25339.87738484295
10903,72,1.0,25339.87738484295
10904,72,1.0,25339.87738484295
10905,72,1.0,25339.87738484295
10906,72,0.998423257863323,25339.87738484295
10907,72,0.7369472583524953,25339.87738484295
10908,72,0.3085883159632853,25339.87738484295
10909,72,0.0137170174923254,25339.87738484295
11039,32,0.0020030064087398405,146355.4162581515
11040,32,0.8222308179863956,146355.4162581515
11041,32,1.0,146355.4162581515
11042,32,1.0,146355.4162581515
11043,32,1.0,146355.4162581515
11044,32,1.0,146355.4162581515
11045,32,1.0,146355.4162581515
11046,32,1.0,146355.4162581515
11047,32,1.0,146355.4162581515
11048,32,1.0,146355.4162581515
11049,32,1.0,146355.4162581515
11050,32,1.0,146355.4162581515
11051,32,0.9606403671578216,146355.4162581515
11051,33,0.03935963284217835,67046.17140574088
11052,32,0.02540552373826504,146355.4162581515
11052,33,0.974594476261735,67046.17140574088
11053,33,1.0,67046.17140574088
11054,33,0.33417913485281453,67046.17140574088
11054,35,0.6658208651471855,31977.489794044395
11055,35,1.0,31977.489794044395
11056,35,1.0,31977.489794044395
11057,35,1.0,31977.489794044395
11058,35,1.0,31977.489794044395
11059,35,0.9197468786512734,31977.489794044395
11059,72,0.08025312134872659,25339.87738484295
11060,72,1.0,25339.87738484295
11061,72,1.0,25339.87738484295
11062,72,1.0,25339.87738484295
11063,72,0.9779968353889391,25339.87738484295
11064,72,0.6498193971405929,25339.87738484295
11065,72,0.19281168000946378,25339.87738484295
11199,32,0.3892678826673794,146355.4162581515
11200,32,1.0,146355.4162581515
11201,32,1.0,146355.4162581515
11202,32,1.0,146355.4162581515
11203,32,1.0,146355.4162581515
11204,32,1.0,146355.4162581515
11205,32,1.0,146355.4162581515
11206,32,1.0,146355.4162581515
11207,32,1.0,146355.4162581515
11208,32,1.0,146355.4162581515
11209,32,1.0,146355.4162581515
11210,32,0.9994232976641491,146355.4162581515
11210,33,0.0005767023358509082,67046.17140574088
11211,32,0.0989514217409829,146355.4162581515
11211,33,0.9010485782590171,67046.17140574088
11212,33,1.0,67046.17140574088
11213,33,0.8075278861785159,67046.17140574088
11213,35,0.19247211382148408,31977.489794044395
11214,33,0.0028296146627441766,67046.17140574088
11214,35,0.9971703853372558,31977.489794044395
11215,35,1.0,31977.489794044395
11216,35,1.0,31977.489794044395
11217,35,1.0,31977.489794044395
11218,35,0.9765890387774909,31977.489794044395
11218,72,0.02341096122250908,25339.87738484295
11219,35,1.4593591891630407e-05,31977.489794044395
11219,72,0.8608159406347622,25339.87738484295
11220,72,0.6140009638339281,25339.87738484295
11221,72,0.3956188789730345,25339.87738484295
11222,72,0.0882713326976592,25339.87738484295
11358,32,0.030505273488243497,146355.4162581515
11359,32,0.9036816646698007,146355.4162581515
11360,32,1.0,146355.4162581515
11361,32,1.0,146355.4162581515
11362,32,1.0,146355.4162581515
11363,32,1.0,146355.4162581515
11364,32,1.0,146355.4162581515
11365,32,1.0,146355.4162581515
11366,32,1.0,146355.4162581515
11367,32,1.0,146355.4162581515
11368,32,1.0,146355.4162581515
11369,32,0.8851387707226834,146355.4162581515
11369,33,0.11486122927731658,67046.17140574088
11370,32,0.0802853792488575,146355.4162581515
11370,33,0.9197146207511425,67046.17140574088
11371,33,1.0,67046.17140574088
11372,33,1.0,67046.17140574088
11373,33,0.29186941995057303,67046.17140574088
11373,35,0.708130580049427,31977.489794044395
11374,35,1.0,31977.489794044395
11375,35,1.0,31977.489794044395
11376,35,1.0,31977.489794044395
11377,35,1.0,31977.489794044395
11378,35,0.028894874131808704,31977.489794044395
11518,32,0.4592910623398793,146355.4162581515
11519,32,1.0,146355.4162581515
11520,32,1.0,146355.4162581515
11521,32,1.0,146355.4162581515
11522,32,1.0,146355.4162581515
11523,32,1.0,146355.4162581515
11524,32,1.0,146355.4162581515
11525,32,0.7093945830342719,146355.4162581515
11525,33,0.2906054169657281,67046.17140574088
11526,32,0.3684350921353227,146355.4162581515
11526,33,0.6315649078646772,67046.17140574088
11527,32,0.14282359825628155,146355.4162581515
11527,33,0.8571764017437185,67046.17140574088
11528,32,0.0014963087340786197,146355.4162581515
11528,33,0.9985036912659214,67046.17140574088
11529,33,1.0,67046.17140574088
11530,33,1.0,67046.17140574088
11531,33,1.0,67046.17140574088
11532,33,0.7724364351974274,67046.17140574088
11532,35,0.2275635648025725,31977.489794044395
11533,33,0.0001787519135505586,67046.17140574088
11533,35,0.9998212480864495,31977.489794044395
11534,35,1.0,31977.489794044395
11535,35,1.0,31977.489794044395
11536,35,1.0,31977.489794044395
11537,35,0.0945180711267266,31977.489794044395
11677,32,0.04762762589538629,146355.4162581515
11678,32,0.9243634682493873,146355.4162581515
11679,32,1.0,146355.4162581515
11680,32,1.0,146355.4162581515
11681,32,1.0,146355.4162581515
11682,32,1.0,146355.4162581515
11683,32,1.0,146355.4162581515
11684,32,0.30366564454049727,146355.4162581515
11684,33,0.6963343554595027,67046.17140574088
11685,33,1.0,67046.17140574088
11686,33,1.0,67046.17140574088
11687,33,1.0,67046.17140574088
11688,33,1.0,67046.17140574088
11689,33,1.0,67046.17140574088
11690,33,1.0,67046.17140574088
11691,33,1.0,67046.17140574088
11692,29,0.32026702282530156,149681.53520983993
11692,33,0.14630610021399096,67046.17140574088
11692,35,0.4612192907198967,31977.489794044395
11692,77,0.07220758624081082,96660.56101632636
11693,35,0.7533598244346578,31977.489794044395
11693,77,0.24664017556534218,96660.56101632636
11694,35,0.9608525346168261,31977.489794044395
11694,77,0.03914746538317394,96660.56101632636
11695,35,0.9973038134730323,31977.489794044395
11696,35,0.06002690029558096,31977.489794044395
11837,32,0.4962563864173437,146355.4162581515
11838,32,1.0,146355.4162581515
11839,32,1.0,146355.4162581515
11840,32,1.0,146355.4162581515
11841,32,1.0,146355.4162581515
11842,32,1.0,146355.4162581515
11843,32,0.5286193478496588,146355.4162581515
11843,33,0.47138065215034114,67046.17140574088
11844,33,1.0,67046.17140574088
11845,33,1.0,67046.17140574088
11846,33,1.0,67046.17140574088
11847,33,1.0,67046.17140574088
11848,33,1.0,67046.17140574088
11849,33,1.0,67046.17140574088
11850,29,0.3085851305712887,149681.53520983993
11850,33,0.6914148694287112,67046.17140574088
11851,29,0.8512564323162153,149681.53520983993
11851,33,0.0017535383481604191,67046.17140574088
11851,77,0.1469900293356243,96660.56101632636
11852,29,0.005067216165356238,149681.53520983993
11852,77,0.9949327838346438,96660.56101632636
11853,35,0.01930270833117333,31977.489794044395
11853,77,0.9806972916688267,96660.56101632636
11854,35,0.19163799370974302,31977.489794044395
11854,77,0.790783460110426,96660.56101632636
11855,77,0.5608413692899955,96660.56101632636
11856,77,0.3384555810053991,96660.56101632636
11857,77,0.11436132176318305,96660.56101632636
11996,32,0.12411249028425796,146355.4162581515
11997,32,0.9999243924245239,146355.4162581515
11998,32,1.0,146355.4162581515
11999,32,1.0,146355.4162581515
12000,32,1.0,146355.4162581515
12001,32,0.9641589071161778,146355.4162581515
12001,33,0.0358410928838222,67046.17140574088
12002,32,0.5687739606142528,146355.4162581515
12002,33,0.4312260393857472,67046.17140574088
12003,33,1.0,67046.17140574088
12004,33,1.0,67046.17140574088
12005,33,1.0,67046.17140574088
12006,33,1.0,67046.17140574088
12007,33,1.0,67046.17140574088
12008,29,0.09978990693923141,149681.53520983993
12008,33,0.9002100930607686,67046.17140574088
12009,29,0.9207666118223037,149681.53520983993
12009,33,0.07923338817769632,67046.17140574088
12010,29,1.0,149681.53520983993
12011,29,0.3154722495132769,149681.53520983993
12011,77,0.6845277504867231,96660.56101632636
12012,77,1.0,96660.56101632636
12013,77,1.0,96660.56101632636
12014,77,1.0,96660.56101632636
12015,77,1.0,96660.56101632636
12016,77,0.999990531874029,96660.56101632636
12017,77,0.881383300844007,96660.56101632636
12018,77,0.6490636866589097,96660.56101632636
12019,77,0.4205691035849177,96660.56101632636
12020,77,0.19626773516570603,96660.56101632636
12021,77,0.015795713345749255,96660.56101632636
12156,32,0.8915402180836932,146355.4162581515
12156,33,3.2609209732595785e-05,67046.17140574088
12157,32,1.0,146355.4162581515
12158,32,0.8835881328173198,146355.4162581515
12158,33,0.11641186718268019,67046.17140574088
12159,32,0.20835634596229843,146355.4162581515
12159,33,0.7916436540377015,67046.17140574088
12160,32,0.02110224539412476,146355.4162581515
12160,33,0.9788977546058752,67046.17140574088
12161,33,1.0,67046.17140574088
12162,33,1.0,67046.17140574088
12163,33,1.0,67046.17140574088
12164,33,1.0,67046.17140574088
12165,33,1.0,67046.17140574088
12166,29,0.005819617447552157,149681.53520983993
12166,33,0.9941803825524479,67046.17140574088
12167,29,0.728461827854536,149681.53520983993
12167,33,0.2715381721454641,67046.17140574088
12168,29,1.0,149681.53520983993
12169,29,1.0,149681.53520983993
12170,29,0.8041267587804918,149681.53520983993
12170,77,0.19587324121950828,96660.56101632636
12171,29,0.003428379377341271,149681.53520983993
12171,77,0.9965716206226587,96660.56101632636
12172,77,1.0,96660.56101632636
12173,77,1.0,96660.56101632636
12174,77,1.0,96660.56101632636
12175,77,1.0,96660.56101632636
12176,77,1.0,96660.56101632636
12177,77,1.0,96660.56101632636
12178,77,1.0,96660.56101632636
12179,77,1.0,96660.56101632636
12180,77,0.9594471645649698,96660.56101632636
12181,77,0.7599427103123998,96660.56101632636
12182,77,0.5475151638127991,96660.56101632636
12183,77,0.35792592020386144,96660.56101632636
12309,16,0.09809612696834051,13786.828253026026
12310,16,0.030322429111509553,13786.828253026026
12315,32,0.12332636250722905,146355.4162581515
12315,33,0.5776522197672391,67046.17140574088
12316,32,0.5179769657992095,146355.4162581515
12316,33,0.48202303420079057,67046.17140574088
12317,32,0.6704196452131442,146355.4162581515
12317,33,0.32958035478685577,67046.17140574088
12318,33,1.0,67046.17140574088
12319,33,1.0,67046.17140574088
12320,33,1.0,67046.17140574088
12321,33,1.0,67046.17140574088
12322,33,1.0,67046.17140574088
12323,33,1.0,67046.17140574088
12324,33,1.0,67046.17140574088
12325,29,0.4412985641390749,149681.53520983993
12325,33,0.5587014358609251,67046.17140574088
12326,29,1.0,149681.53520983993
12327,29,1.0,149681.53520983993
12328,29,1.0,149681.53520983993
12329,29,1.0,149681.53520983993
12330,29,0.3127214652963687,149681.53520983993
12330,77,0.6872785347036313,96660.56101632636
12331,77,1.0,96660.56101632636
12332,77,1.0,96660.56101632636
12333,77,1.0,96660.56101632636
12334,77,1.0,96660.56101632636
12335,77,1.0,96660.56101632636
12336,77,1.0,96660.56101632636
12337,77,1.0,96660.56101632636
12338,77,1.0,96660.56101632636
12339,77,1.0,96660.56101632636
12340,77,1.0,96660.56101632636
12341,77,1.0,96660.56101632636
12342,77,0.992666857374454,96660.56101632636
12343,77,0.18398794962071782,96660.56101632636
12467,16,0.21898978656951856,13786.828253026026
12468,16,0.9763717781797403,13786.828253026026
12469,16,0.8610903807010087,13786.828253026026
12470,16,0.3654536962175884,13786.828253026026
12474,33,0.5030825378714141,67046.17140574088
12475,33,1.0,67046.17140574088
12476,32,0.011112414832580832,146355.4162581515
12476,33,0.9888875851674191,67046.17140574088
12477,33,1.0,67046.17140574088
12478,33,1.0,67046.17140574088
12479,33,1.0,67046.17140574088
12480,33,1.0,67046.17140574088
12481,33,1.0,67046.17140574088
12482,33,1.0,67046.17140574088
12483,29,0.17101936454711186,149681.53520983993
12483,33,0.8289806354528881,67046.17140574088
12484,29,0.9680417737036944,149681.53520983993
12484,33,0.03195822629630566,67046.17140574088
12485,29,1.0,149681.53520983993
12486,29,1.0,149681.53520983993
12487,29,1.0,149681.53520983993
12488,29,1.0,149681.53520983993
12489,29,0.8093264504039566,149681.53520983993
12489,77,0.19067354959604343,96660.56101632636
12490,29,0.003236238580942154,149681.53520983993
12490,77,0.9967637614190579,96660.56101632636
12491,77,1.0,96660.56101632636
12492,77,1.0,96660.56101632636
12493,77,1.0,96660.56101632636
12494,77,1.0,96660.56101632636
12495,77,1.0,96660.56101632636
12496,77,1.0,96660.56101632636
12497,77,1.0,96660.56101632636
12498,77,1.0,96660.56101632636
12499,77,1.0,96660.56101632636
12500,77,1.0,96660.56101632636
12501,77,1.0,96660.56101632636
12502,77,0.6711197726985576,96660.56101632636
12624,16,0.15848025342100633,13786.828253026026
12625,16,0.5012753227785268,13786.828253026026
12626,16,0.9000364871098102,13786.828253026026
12627,16,1.0,13786.828253026026
12628,16,1.0,13786.828253026026
12629,16,0.999153090984932,13786.828253026026
12630,16,0.6033884883680447,13786.828253026026
12631,16,0.5832803629362334,13786.828253026026
12632,16,0.5341989094495774,13786.828253026026
12633,16,0.08737994569779454,13786.828253026026
12633,33,0.3111311597393452,67046.17140574088
12634,33,1.0,67046.17140574088
12635,33,1.0,67046.17140574088
12636,33,1.0,67046.17140574088
12637,33,1.0,67046.17140574088
12638,33,1.0,67046.17140574088
12639,33,1.0,67046.17140574088
12640,33,1.0,67046.17140574088
12641,29,0.02833156727624809,149681.53520983993
12641,33,0.9716684327237519,67046.17140574088
12642,29,0.8167798577070237,149681.53520983993
12642,33,0.18322014229297637,67046.17140574088
12643,29,1.0,149681.53520983993
12644,29,1.0,149681.53520983993
12645,29,1.0,149681.53520983993
12646,29,1.0,149681.53520983993
12647,29,1.0,149681.53520983993
12648,29,1.0,149681.53520983993
12649,29,0.29954605888061325,149681.53520983993
12649,77,0.7004539411193867,96660.56101632636
12650,77,1.0,96660.56101632636
12651,77,1.0,96660.56101632636
12652,77,1.0,96660.56101632636
12653,77,1.0,96660.56101632636
12654,77,1.0,96660.56101632636
12655,77,1.0,96660.56101632636
12656,77,1.0,96660.56101632636
12657,77,1.0,96660.56101632636
12658,77,1.0,96660.56101632636
12659,77,1.0,96660.56101632636
12660,77,1.0,96660.56101632636
12661,77,0.9934196148633957,96660.56101632636
12662,77,0.18755216710083217,96660.56101632636
12777,16,0.05747271323070016,13786.828253026026
12778,16,0.19280282153965653,13786.828253026026
12779,16,0.13973334645330907,13786.828253026026
12780,16,0.14061765267550946,13786.828253026026
12781,16,0.3887418282125974,13786.828253026026
12782,16,0.7706216732793171,13786.828253026026
12783,16,0.9984553933139942,13786.828253026026
12784,16,1.0,13786.828253026026
12785,16,1.0,13786.828253026026
12786,16,1.0,13786.828253026026
12787,16,1.0,13786.828253026026
12788,16,1.0,13786.828253026026
12789,16,1.0,13786.828253026026
12790,16,1.0,13786.828253026026
12791,16,1.0,13786.828253026026
12792,16,0.8763869997033923,13786.828253026026
12792,33,0.12278493835589961,67046.17140574088
12793,33,1.0,67046.17140574088
12794,33,1.0,67046.17140574088
12795,33,1.0,67046.17140574088
12796,33,1.0,67046.17140574088
12797,33,1.0,67046.17140574088
12798,33,1.0,67046.17140574088
12799,33,1.0,67046.17140574088
12800,29,0.5898183420083458,149681.53520983993
12800,33,0.41018165799165424,67046.17140574088
12801,29,1.0,149681.53520983993
12802,29,1.0,149681.53520983993
12803,29,1.0,149681.53520983993
12804,29,1.0,149681.53520983993
12805,29,1.0,149681.53520983993
12806,29,1.0,149681.53520983993
12807,29,1.0,149681.53520983993
12808,29,0.7857045737349561,149681.53520983993
12808,77,0.21429542626504391,96660.56101632636
12809,29,0.00093593036420469,149681.53520983993
12809,77,0.9990640696357953,96660.56101632636
12810,77,1.0,96660.56101632636
12811,77,1.0,96660.56101632636
12812,77,1.0,96660.56101632636
12813,77,1.0,96660.56101632636
12814,77,1.0,96660.56101632636
12815,77,1.0,96660.56101632636
12816,77,1.0,96660.56101632636
12817,77,1.0,96660.56101632636
12818,77,1.0,96660.56101632636
12819,77,1.0,96660.56101632636
12820,77,1.0,96660.56101632636
12821,77,0.720865941608506,96660.56101632636
12936,16,0.29010828520194676,13786.828253026026
12937,16,1.0,13786.828253026026
12938,16,1.0,13786.828253026026
12939,16,1.0,13786.828253026026
12940,16,1.0,13786.828253026026
12941,16,1.0,13786.828253026026
12942,16,1.0,13786.828253026026
12943,16,1.0,13786.828253026026
12944,16,1.0,13786.828253026026
12945,16,1.0,13786.828253026026
12946,16,1.0,13786.828253026026
12947,16,1.0,13786.828253026026
12948,16,1.0,13786.828253026026
12949,16,1.0,13786.828253026026
12950,16,1.0,13786.828253026026
12951,16,0.9958322606906108,13786.828253026026
12951,33,0.004167739309389149,67046.17140574088
12952,16,0.04584511060999082,13786.828253026026
12952,33,0.9541548893900091,67046.17140574088
12953,33,1.0,67046.17140574088
12954,33,1.0,67046.17140574088
12955,33,1.0,67046.17140574088
12956,33,1.0,67046.17140574088
12957,33,1.0,67046.17140574088
12958,29,0.2764285675005397,149681.53520983993
12958,33,0.7235714324994603,67046.17140574088
12959,29,0.9963134618256337,149681.53520983993
12959,33,0.0036865381743662784,67046.17140574088
12960,29,1.0,149681.53520983993
12961,29,1.0,149681.53520983993
12962,29,1.0,149681.53520983993
12963,29,1.0,149681.53520983993
12964,29,1.0,149681.53520983993
12965,29,1.0,149681.53520983993
12966,29,1.0,149681.53520983993
12967,29,1.0,149681.53520983993
12968,29,0.27857054844623164,149681.53520983993
12968,77,0.7214294515537684,96660.56101632636
12969,77,1.0,96660.56101632636
12970,77,1.0,96660.56101632636
12971,77,1.0,96660.56101632636
12972,77,1.0,96660.56101632636
12973,77,1.0,96660.56101632636
12974,77,1.0,96660.56101632636
12975,77,1.0,96660.56101632636
12976,77,1.0,96660.56101632636
12977,77,1.0,96660.56101632636
12978,77,1.0,96660.56101632636
12979,77,1.0,96660.56101632636
12980,77,0.9997452985441319,96660.56101632636
12981,77,0.25506673560638793,96660.56101632636
13095,16,0.28481699442890107,13786.828253026026
13096,16,1.0,13786.828253026026
13097,16,1.0,13786.828253026026
13098,16,1.0,13786.828253026026
13099,16,1.0,13786.828253026026
13100,16,1.0,13786.828253026026
13101,16,1.0,13786.828253026026
13102,16,1.0,13786.828253026026
13103,16,1.0,13786.828253026026
13104,16,1.0,13786.828253026026
13105,16,1.0,13786.828253026026
13106,16,1.0,13786.828253026026
13107,16,1.0,13786.828253026026
13108,16,1.0,13786.828253026026
13109,16,1.0,13786.828253026026
13110,16,1.0,13786.828253026026
13111,16,0.18900362517777383,13786.828253026026
13111,33,0.8109963748222262,67046.17140574088
13112,33,1.0,67046.17140574088
13113,33,1.0,67046.17140574088
13114,33,1.0,67046.17140574088
13115,33,1.0,67046.17140574088
13116,29,0.07702752082313487,149681.53520983993
13116,33,0.9229724791768651,67046.17140574088
13117,29,0.89647457644924,149681.53520983993
13117,33,0.10352542355076004,67046.17140574088
13118,29,1.0,149681.53520983993
13119,29,1.0,149681.53520983993
13120,29,1.0,149681.53520983993
13121,29,1.0,149681.53520983993
13122,29,1.0,149681.53520983993
13123,29,1.0,149681.53520983993
13124,29,1.0,149681.53520983993
13125,29,1.0,149681.53520983993
13126,29,1.0,149681.53520983993
13127,29,0.7727336721314625,149681.53520983993
13127,77,0.2272663278685375,96660.56101632636
13128,29,0.00013205638853868747,149681.53520983993
13128,77,0.9998679436114614,96660.56101632636
13129,77,1.0,96660.56101632636
13130,77,1.0,96660.56101632636
13131,77,1.0,96660.56101632636
13132,77,1.0,96660.56101632636
13133,77,1.0,96660.56101632636
13134,77,1.0,96660.56101632636
13135,77,1.0,96660.56101632636
13136,77,1.0,96660.56101632636
13137,77,1.0,96660.56101632636
13138,77,1.0,96660.56101632636
13139,77,1.0,96660.56101632636
13140,77,0.7946081390297574,96660.56101632636
13141,77,0.004453691958626091,96660.56101632636
13254,16,0.23469267278085557,13786.828253026026
13255,16,0.9944517651818734,13786.828253026026
13256,16,1.0,13786.828253026026
13257,16,1.0,13786.828253026026
13258,16,1.0,13786.828253026026
13259,16,1.0,13786.828253026026
13260,16,1.0,13786.828253026026
13261,16,1.0,13786.828253026026
13262,16,1.0,13786.828253026026
13263,16,1.0,13786.828253026026
13264,16,1.0,13786.828253026026
13265,16,1.0,13786.828253026026
13266,16,1.0,13786.828253026026
13267,16,1.0,13786.828253026026
13268,16,1.0,13786.828253026026
13269,16,1.0,13786.828253026026
13270,16,0.3460039692049414,13786.828253026026
13270,33,0.6539960307950586,67046.17140574088
13271,33,1.0,67046.17140574088
13272,33,1.0,67046.17140574088
13273,33,1.0,67046.17140574088
13274,29,0.001968163888438194,149681.53520983993
13274,33,0.9980318361115618,67046.17140574088
13275,29,0.691194652951454,149681.53520983993
13275,33,0.30880534704854606,67046.17140574088
13276,29,1.0,149681.53520983993
13277,29,1.0,149681.53520983993
13278,29,1.0,149681.53520983993
13279,29,1.0,149681.53520983993
13280,29,1.0,149681.53520983993
13281,29,1.0,149681.53520983993
13282,29,1.0,149681.53520983993
13283,29,1.0,149681.53520983993
13284,29,1.0,149681.53520983993
13285,29,1.0,149681.53520983993
13286,29,1.0,149681.53520983993
13287,29,0.24771422806895174,149681.53520983993
13287,77,0.7522857719310483,96660.56101632636
13288,77,1.0,96660.56101632636
13289,77,1.0,96660.56101632636
13290,77,0.9781027003201853,96660.56101632636
13290,78,0.02189729967981468,54143.085238315376
13291,77,0.7033538944805389,96660.56101632636
13291,78,0.29664610551946113,54143.085238315376
13292,77,0.942908130209233,96660.56101632636
13292,78,0.057091869790767,54143.085238315376
13293,77,1.0,96660.56101632636
13294,77,1.0,96660.56101632636
13295,77,1.0,96660.56101632636
13296,77,1.0,96660.56101632636
13297,77,1.0,96660.56101632636
13298,77,1.0,96660.56101632636
13299,77,1.0,96660.56101632636
13300,77,0.3404110124984576,96660.56101632636
13414,16,0.19353168242453564,13786.828253026026
13415,16,0.6901074990183115,13786.828253026026
13416,16,0.9968990347594116,13786.828253026026
13417,16,1.0,13786.828253026026
13418,16,1.0,13786.828253026026
13419,16,1.0,13786.828253026026
13420,16,1.0,13786.828253026026
13421,16,1.0,13786.828253026026
13422,16,1.0,13786.828253026026
13423,16,1.0,13786.828253026026
13424,16,1.0,13786.828253026026
13425,16,1.0,13786.828253026026
13426,16,1.0,13786.828253026026
13427,16,1.0,13786.828253026026
13428,16,1.0,13786.828253026026
13429,16,0.512564195433757,13786.828253026026
13429,33,0.487435804566243,67046.17140574088
13430,33,1.0,67046.17140574088
13431,33,1.0,67046.17140574088
13432,33,1.0,67046.17140574088
13433,29,0.39275622730896415,149681.53520983993
13433,33,0.6072437726910358,67046.17140574088
13434,29,1.0,149681.53520983993
13435,29,1.0,149681.53520983993
13436,29,1.0,149681.53520983993
13437,29,1.0,149681.53520983993
13438,29,1.0,149681.53520983993
13439,29,1.0,149681.53520983993
13440,29,1.0,149681.53520983993
13441,29,1.0,149681.53520983993
13442,29,1.0,149681.53520983993
13443,29,1.0,149681.53520983993
13444,29,1.0,149681.53520983993
13445,29,1.0,149681.53520983993
13446,29,0.659058980602026,149681.53520983993
13446,30,0.055913154327124355,52144.05921748815
13446,77,0.25928541230261326,96660.56101632636
13446,78,0.025742452768236397,54143.085238315376
13447,77,0.6082331814263823,96660.56101632636
13447,78,0.3917668185736178,54143.085238315376
13448,77,0.33003000046114617,96660.56101632636
13448,78,0.6699699995388538,54143.085238315376
13449,77,0.062263803432090384,96660.56101632636
13449,78,0.9377361965679096,54143.085238315376
13450,78,1.0,54143.085238315376
13451,77,0.3602943480968475,96660.56101632636
13451,78,0.6397056519031524,54143.085238315376
13452,77,0.9978723086312445,96660.56101632636
13452,78,0.002127691368755508,54143.085238315376
13453,77,1.0,96660.56101632636
13454,77,1.0,96660.56101632636
13455,77,1.0,96660.56101632636
13456,77,1.0,96660.56101632636
13457,77,1.0,96660.56101632636
13458,77,1.0,96660.56101632636
13459,77,0.8577456121321574,96660.56101632636
13460,77,0.019762373408616297,96660.56101632636
13575,16,0.1920182951128245,13786.828253026026
13576,16,0.7248706621833895,13786.828253026026
13577,16,1.0,13786.828253026026
13578,16,1.0,13786.828253026026
13579,16,1.0,13786.828253026026
13580,16,1.0,13786.828253026026
13581,16,1.0,13786.828253026026
13582,16,1.0,13786.828253026026
13583,16,1.0,13786.828253026026
13584,16,1.0,13786.828253026026
13585,16,1.0,13786.828253026026
13586,16,1.0,13786.828253026026
13587,16,1.0,13786.828253026026
13588,16,0.6676004525185875,13786.828253026026
13588,33,0.33239954748141254,67046.17140574088
13589,33,1.0,67046.17140574088
13590,33,1.0,67046.17140574088
13591,29,0.1382766184215809,149681.53520983993
13591,33,0.8617233815784191,67046.17140574088
13592,29,0.9523494039268722,149681.53520983993
13592,33,0.047650596073127834,67046.17140574088
13593,29,1.0,149681.53520983993
13594,29,1.0,149681.53520983993
13595,29,1.0,149681.53520983993
13596,29,1.0,149681.53520983993
13597,29,1.0,149681.53520983993
13598,29,1.0,149681.53520983993
13599,29,1.0,149681.53520983993
13600,29,1.0,149681.53520983993
13601,29,1.0,149681.53520983993
13602,29,0.9275979925137502,149681.53520983993
13602,30,0.07240200748624981,52144.05921748815
13603,29,0.6126441560639724,149681.53520983993
13603,30,0.3873558439360276,52144.05921748815
13604,29,0.27274778537641875,149681.53520983993
13604,30,0.7272522146235813,52144.05921748815
13605,29,0.016220072586822346,149681.53520983993
13605,30,0.9761075061641812,52144.05921748815
13605,78,0.007672421248996502,54143.085238315376
13606,30,0.08764130104786727,52144.05921748815
13606,78,0.9123586989521327,54143.085238315376
13607,78,1.0,54143.085238315376
13608,78,1.0,54143.085238315376
13609,78,1.0,54143.085238315376
13610,78,1.0,54143.085238315376
13611,77,0.571163063095083,96660.56101632636
13611,78,0.4288369369049169,54143.085238315376
13612,77,1.0,96660.56101632636
13613,77,1.0,96660.56101632636
13614,77,1.0,96660.56101632636
13615,77,1.0,96660.56101632636
13616,77,1.0,96660.56101632636
13617,77,1.0,96660.56101632636
13618,77,1.0,96660.56101632636
13619,77,0.4170412858585593,96660.56101632636
13735,16,0.00836991343946512,13786.828253026026
13736,16,0.6408722290580856,13786.828253026026
13737,16,1.0,13786.828253026026
13738,16,1.0,13786.828253026026
13739,16,1.0,13786.828253026026
13740,16,1.0,13786.828253026026
13741,16,1.0,13786.828253026026
13742,16,1.0,13786.828253026026
13743,16,1.0,13786.828253026026
13744,16,1.0,13786.828253026026
13745,16,1.0,13786.828253026026
13746,16,1.0,13786.828253026026
13747,16,0.8469444478897097,13786.828253026026
13747,33,0.15305555211029026,67046.17140574088
13748,33,1.0,67046.17140574088
13749,29,0.019642933807931175,149681.53520983993
13749,33,0.9803570661920689,67046.17140574088
13750,29,0.7915828206032515,149681.53520983993
13750,33,0.20841717939674853,67046.17140574088
13751,29,1.0,149681.53520983993
13752,29,1.0,149681.53520983993
13753,29,1.0,149681.53520983993
13754,29,1.0,149681.53520983993
13755,29,1.0,149681.53520983993
13756,29,1.0,149681.53520983993
13757,29,1.0,149681.53520983993
13758,29,1.0,149681.53520983993
13759,29,0.94856004227497,149681.53520983993
13759,30,0.05143995772502998,52144.05921748815
13760,29,0.27489602112174033,149681.53520983993
13760,30,0.7251039788782596,52144.05921748815
13761,29,0.018313691107535758,149681.53520983993
13761,30,0.9816863088924642,52144.05921748815
13762,30,1.0,52144.05921748815
13763,30,1.0,52144.05921748815
13764,30,1.0,52144.05921748815
13765,30,0.3097438067915363,52144.05921748815
13765,78,0.6902561932084637,54143.085238315376
13766,78,1.0,54143.085238315376
13767,78,1.0,54143.085238315376
13768,78,1.0,54143.085238315376
13769,78,1.0,54143.085238315376
13770,77,0.01635336196798761,96660.56101632636
13770,78,0.9836466380320124,54143.085238315376
13771,77,0.813746570992886,96660.56101632636
13771,78,0.1862534290071139,54143.085238315376
13772,77,1.0,96660.56101632636
13773,77,1.0,96660.56101632636
13774,77,1.0,96660.56101632636
13775,77,1.0,96660.56101632636
13776,77,1.0,96660.56101632636
13777,77,1.0,96660.56101632636
13778,77,0.9119764271286487,96660.56101632636
13779,77,0.050923648613843096,96660.56101632636
13895,16,0.017264115507142793,13786.828253026026
13896,16,0.7777617699323429,13786.828253026026
13897,16,1.0,13786.828253026026
13898,16,1.0,13786.828253026026
13899,16,1.0,13786.828253026026
13900,16,1.0,13786.828253026026
13901,16,1.0,13786.828253026026
13902,16,1.0,13786.828253026026
13903,16,1.0,13786.828253026026
13904,16,1.0,13786.828253026026
13905,16,1.0,13786.828253026026
13906,16,0.9907007382184544,13786.828253026026
13906,33,0.009299261781545581,67046.17140574088
13907,16,0.04410872813757948,13786.828253026026
13907,29,0.11250884587085805,149681.53520983993
13907,33,0.8433824259915624,67046.17140574088
13908,29,0.5360312029417873,149681.53520983993
13908,33,0.46396879705821276,67046.17140574088
13909,29,1.0,149681.53520983993
13910,29,1.0,149681.53520983993
13911,29,1.0,149681.53520983993
13912,29,1.0,149681.53520983993
13913,29,1.0,149681.53520983993
13914,29,1.0,149681.53520983993
13915,29,1.0,149681.53520983993
13916,29,1.0,149681.53520983993
13917,29,1.0,149681.53520983993
13918,29,0.9766157474458218,149681.53520983993
13918,30,0.02338425255417824,52144.05921748815
13919,29,0.015492024339712423,149681.53520983993
13919,30,0.9845079756602876,52144.05921748815
13920,30,1.0,52144.05921748815
13921,30,1.0,52144.05921748815
13922,30,1.0,52144.05921748815
13923,30,1.0,52144.05921748815
13924,30,0.5211671575381042,52144.05921748815
13924,78,0.4788328424618959,54143.085238315376
13925,78,1.0,54143.085238315376
13926,78,1.0,54143.085238315376
13927,78,1.0,54143.085238315376
13928,78,1.0,54143.085238315376
13929,78,1.0,54143.085238315376
13930,77,0.40382561043534215,96660.56101632636
13930,78,0.5961743895646578,54143.085238315376
13931,77,1.0,96660.56101632636
13932,77,1.0,96660.56101632636
13933,77,1.0,96660.56101632636
13934,77,1.0,96660.56101632636
13935,54,0.1107320440994363,103596.81537578357
13935,77,0.8892679559005637,96660.56101632636
13936,54,0.22545934681296348,103596.81537578357
13936,77,0.7745406531870365,96660.56101632636
13937,54,0.280004473333478,103596.81537578357
13937,77,0.719995526666522,96660.56101632636
13938,54,0.18397377320351604,103596.81537578357
13938,77,0.2762630979504045,96660.56101632636
14055,16,0.48002684559245407,13786.828253026026
14056,16,1.0,13786.828253026026
14057,16,1.0,13786.828253026026
14058,16,1.0,13786.828253026026
14059,16,1.0,13786.828253026026
14060,16,0.9951961768869293,13786.828253026026
14060,17,0.004803823113070728,106455.38287628378
14061,16,0.8699704507922027,13786.828253026026
14061,17,0.1300295492077973,106455.38287628378
14062,16,0.6976099850092172,13786.828253026026
14062,17,0.3023900149907828,106455.38287628378
14063,16,0.5178652633070946,13786.828253026026
14063,17,0.4821347366929054,106455.38287628378
14064,16,0.7768401556306387,13786.828253026026
14064,17,0.2231598443693613,106455.38287628378
14065,16,1.0,13786.828253026026
14066,16,0.22278820877058597,13786.828253026026
14066,29,0.7772117912294141,149681.53520983993
14067,29,1.0,149681.53520983993
14068,29,1.0,149681.53520983993
14069,29,1.0,149681.53520983993
14070,29,1.0,149681.53520983993
14071,29,1.0,149681.53520983993
14072,29,1.0,149681.53520983993
14073,29,1.0,149681.53520983993
14074,29,1.0,149681.53520983993
14075,29,1.0,149681.53520983993
14076,29,1.0,149681.53520983993
14077,29,1.0,149681.53520983993
14078,29,0.09505947993348135,149681.53520983993
14078,30,0.9049405200665186,52144.05921748815
14079,30,1.0,52144.05921748815
14080,30,1.0,52144.05921748815
14081,30,1.0,52144.05921748815
14082,30,1.0,52144.05921748815
14083,30,0.7275722734337505,52144.05921748815
14083,78,0.2724277265662495,54143.085238315376
14084,78,1.0,54143.085238315376
14085,78,1.0,54143.085238315376
14086,78,1.0,54143.085238315376
14087,78,1.0,54143.085238315376
14088,78,1.0,54143.085238315376
14089,77,0.1412077747103353,96660.56101632636
14089,78,0.8587922252896647,54143.085238315376
14090,77,1.0,96660.56101632636
14091,77,1.0,96660.56101632636
14092,54,0.04529405208399278,103596.81537578357
14092,77,0.9547059479160073,96660.56101632636
14093,54,0.4847291733145714,103596.81537578357
14093,77,0.5152708266854287,96660.56101632636
14094,54,0.997384722660122,103596.81537578357
14094,77,0.0026152773398779336,96660.56101632636
14095,54,1.0,103596.81537578357
14096,54,1.0,103596.81537578357
14097,54,0.680966483784483,103596.81537578357
14214,16,0.2648761476852443,13786.828253026026
14215,16,0.8041160108318879,13786.828253026026
14215,17,0.1119333216610045,106455.38287628378
14216,16,0.6184948844304405,13786.828253026026
14216,17,0.38150511556955946,106455.38287628378
14217,16,0.4281266965329647,13786.828253026026
14217,17,0.5718733034670352,106455.38287628378
14218,16,0.23553477578049234,13786.828253026026
14218,17,0.7644652242195077,106455.38287628378
14219,16,0.05465050138673983,13786.828253026026
14219,17,0.9453494986132601,106455.38287628378
14220,17,1.0,106455.38287628378
14221,17,1.0,106455.38287628378
14222,17,1.0,106455.38287628378
14223,16,0.4779305687246762,13786.828253026026
14223,17,0.5220694312753238,106455.38287628378
14224,16,1.0,13786.828253026026
14225,16,0.40781725525351126,13786.828253026026
14225,29,0.5921827447464887,149681.53520983993
14226,29,1.0,149681.53520983993
14227,29,1.0,149681.53520983993
14228,29,1.0,149681.53520983993
14229,29,1.0,149681.53520983993
14230,29,1.0,149681.53520983993
14231,29,1.0,149681.53520983993
14232,29,1.0,149681.53520983993
14233,29,1.0,149681.53520983993
14234,29,1.0,149681.53520983993
14235,29,1.0,149681.53520983993
14236,29,1.0,149681.53520983993
14237,29,0.20805234484014495,149681.53520983993
14237,30,0.791947655159855,52144.05921748815
14238,30,1.0,52144.05921748815
14239,30,1.0,52144.05921748815
14240,30,1.0,52144.05921748815
14241,30,1.0,52144.05921748815
14242,30,0.934550201201829,52144.05921748815
14242,78,0.06544979879817099,54143.085238315376
14243,30,0.00651408203468212,52144.05921748815
14243,78,0.9934859179653179,54143.085238315376
14244,78,1.0,54143.085238315376
14245,78,1.0,54143.085238315376
14246,78,1.0,54143.085238315376
14247,78,1.0,54143.085238315376
14248,77,0.10338928577779856,96660.56101632636
14248,78,0.8966107142222014,54143.085238315376
14249,54,0.10609521574774257,103596.81537578357
14249,77,0.8939047842522574,96660.56101632636
14250,54,0.5021345345690783,103596.81537578357
14250,77,0.4978654654309217,96660.56101632636
14251,54,0.9140616573957028,103596.81537578357
14251,77,0.08593834260429721,96660.56101632636
14252,54,1.0,103596.81537578357
14253,54,1.0,103596.81537578357
14254,54,1.0,103596.81537578357
14255,54,1.0,103596.81537578357
14256,54,0.8578959378219722,103596.81537578357
14374,17,0.342169126229498,106455.38287628378
14375,17,1.0,106455.38287628378
14376,17,1.0,106455.38287628378
14377,17,1.0,106455.38287628378
14378,17,1.0,106455.38287628378
14379,17,1.0,106455.38287628378
14380,17,1.0,106455.38287628378
14381,17,1.0,106455.38287628378
14382,16,0.28925957106603384,13786.828253026026
14382,17,0.7107404289339662,106455.38287628378
14383,16,1.0,13786.828253026026
14384,16,0.5929858220034171,13786.828253026026
14384,29,0.4070141779965829,149681.53520983993
14385,29,1.0,149681.53520983993
14386,29,1.0,149681.53520983993
14387,29,1.0,149681.53520983993
14388,29,1.0,149681.53520983993
14389,29,1.0,149681.53520983993
14390,29,1.0,149681.53520983993
14391,29,1.0,149681.53520983993
14392,29,1.0,149681.53520983993
14393,29,1.0,149681.53520983993
14394,29,1.0,149681.53520983993
14395,29,0.9438942878514442,149681.53520983993
14395,30,0.05610571214855578,52144.05921748815
14396,29,0.11530676277016194,149681.53520983993
14396,30,0.8846932372298381,52144.05921748815
14397,30,1.0,52144.05921748815
14398,30,1.0,52144.05921748815
14399,30,1.0,52144.05921748815
14400,30,1.0,52144.05921748815
14401,30,1.0,52144.05921748815
14402,30,0.1696851579422662,52144.05921748815
14402,53,0.002887491080901362,61993.589798373396
14402,78,0.8274273509768324,54143.085238315376
14403,53,0.018879148570581733,61993.589798373396
14403,78,0.9811208514294183,54143.085238315376
14404,53,0.24712408079448872,61993.589798373396
14404,78,0.7528759192055112,54143.085238315376
14405,53,0.5608945179700852,61993.589798373396
14405,78,0.43910548202991484,54143.085238315376
14406,53,0.7533499977827072,61993.589798373396
14406,78,0.24665000221729277,54143.085238315376
14407,53,0.7417358943222375,61993.589798373396
14407,54,0.1342153789921919,103596.81537578357
14407,77,0.00904893670610712,96660.56101632636
14407,78,0.11499978997946345,54143.085238315376
14408,54,0.9922422996401786,103596.81537578357
14408,77,0.00775770035982132,96660.56101632636
14409,54,1.0,103596.81537578357
14410,54,1.0,103596.81537578357
14411,54,1.0,103596.81537578357
14412,54,1.0,103596.81537578357
14413,54,1.0,103596.81537578357
14414,54,1.0,103596.81537578357
14415,54,0.9907473662063065,103596.81537578357
14416,54,0.035160435840435086,103596.81537578357
14533,17,0.15490390475081453,106455.38287628378
14534,17,1.0,106455.38287628378
14535,17,1.0,106455.38287628378
14536,17,1.0,106455.38287628378
14537,17,1.0,106455.38287628378
14538,17,1.0,106455.38287628378
14539,17,1.0,106455.38287628378
14540,17,1.0,106455.38287628378
14541,16,0.10290351766417576,13786.828253026026
14541,17,0.8970964823358243,106455.38287628378
14542,16,1.0,13786.828253026026
14543,16,0.7804170350663546,13786.828253026026
14543,29,0.21958296493364537,149681.53520983993
14544,29,1.0,149681.53520983993
14545,29,1.0,149681.53520983993
14546,29,1.0,149681.53520983993
14547,29,1.0,149681.53520983993
14548,29,1.0,149681.53520983993
14549,29,1.0,149681.53520983993
14550,29,1.0,149681.53520983993
14551,29,1.0,149681.53520983993
14552,29,1.0,149681.53520983993
14553,29,1.0,149681.53520983993
14554,29,0.8162872876937597,149681.53520983993
14554,30,0.18371271230624037,52144.05921748815
14555,30,1.0,52144.05921748815
14556,30,0.9708627739443941,52144.05921748815
14556,60,0.029137226055605914,87291.05758251839
14557,30,0.7840702638426839,52144.05921748815
14557,60,0.21592973615731614,87291.05758251839
14558,30,0.5670277084955082,52144.05921748815
14558,60,0.43297229150449185,87291.05758251839
14559,30,0.36474662176588024,52144.05921748815
14559,60,0.6352533782341198,87291.05758251839
14560,30,0.17369407044176208,52144.05921748815
14560,60,0.8263059295582379,87291.05758251839
14561,30,0.013608294332037574,52144.05921748815
14561,53,0.5375926427603048,61993.589798373396
14561,60,0.44523848837945257,87291.05758251839
14561,78,0.0035605745282050673,54143.085238315376
14562,53,0.9612914112890992,61993.589798373396
14562,78,0.03870858871090076,54143.085238315376
14563,53,0.9883650667477529,61993.589798373396
14563,78,0.011634933252247086,54143.085238315376
14564,53,1.0,61993.589798373396
14565,53,1.0,61993.589798373396
14566,53,0.7965507910266197,61993.589798373396
14566,54,0.20344920897338026,103596.81537578357
14567,54,1.0,103596.81537578357
14568,54,1.0,103596.81537578357
14569,54,1.0,103596.81537578357
14570,54,1.0,103596.81537578357
14571,54,1.0,103596.81537578357
14572,54,1.0,103596.81537578357
14573,54,1.0,103596.81537578357
14574,54,1.0,103596.81537578357
14575,54,0.1898507748965692,103596.81537578357
14692,17,0.009668033520891768,106455.38287628378
14693,17,0.9555337929102449,106455.38287628378
14694,17,1.0,106455.38287628378
14695,17,1.0,106455.38287628378
14696,17,1.0,106455.38287628378
14697,17,1.0,106455.38287628378
14698,17,1.0,106455.38287628378
14699,17,1.0,106455.38287628378
14700,16,0.00020940050128921467,13786.828253026026
14700,17,0.9997905994987107,106455.38287628378
14701,16,0.9156108989711647,13786.828253026026
14701,17,0.08438910102883534,106455.38287628378
14702,16,0.9577294449925423,13786.828253026026
14702,29,0.04227055500745773,149681.53520983993
14703,16,0.01009172095057341,13786.828253026026
14703,29,0.9899082790494266,149681.53520983993
14704,29,1.0,149681.53520983993
14705,29,1.0,149681.53520983993
14706,29,1.0,149681.53520983993
14707,29,1.0,149681.53520983993
14708,29,1.0,149681.53520983993
14709,29,1.0,149681.53520983993
14710,29,0.988396587787954,149681.53520983993
14710,61,0.011603412212045933,105121.40577412967
14711,29,0.8268359293332396,149681.53520983993
14711,61,0.1731640706667604,105121.40577412967
14712,29,0.6180643893134056,149681.53520983993
14712,61,0.38193561068659443,105121.40577412967
14713,29,0.3472709836385833,149681.53520983993
14713,30,0.06468254322991218,52144.05921748815
14713,60,0.15355380157123458,87291.05758251839
14713,61,0.43449267156027,105121.40577412967
14714,30,0.2011475373363529,52144.05921748815
14714,60,0.7988524626636471,87291.05758251839
14715,30,0.022499163932336495,52144.05921748815
14715,60,0.9775008360676635,87291.05758251839
14716,60,1.0,87291.05758251839
14717,60,1.0,87291.05758251839
14718,60,1.0,87291.05758251839
14719,60,1.0,87291.05758251839
14720,53,0.3122386669942763,61993.589798373396
14720,60,0.6877613330057236,87291.05758251839
14721,53,1.0,61993.589798373396
14722,53,1.0,61993.589798373396
14723,53,1.0,61993.589798373396
14724,53,1.0,61993.589798373396
14725,53,0.7430254800007808,61993.589798373396
14725,54,0.25697451999921916,103596.81537578357
14726,54,1.0,103596.81537578357
14727,54,1.0,103596.81537578357
14728,54,1.0,103596.81537578357
14729,54,1.0,103596.81537578357
14730,54,1.0,103596.81537578357
14731,54,1.0,103596.81537578357
14732,54,1.0,103596.81537578357
14733,54,1.0,103596.81537578357
14734,54,0.35868332321047786,103596.81537578357
14852,17,0.7751086946187727,106455.38287628378
14853,17,1.0,106455.38287628378
14854,17,1.0,106455.38287628378
14855,17,1.0,106455.38287628378
14856,17,1.0,106455.38287628378
14857,17,1.0,106455.38287628378
14858,17,1.0,106455.38287628378
14859,17,1.0,106455.38287628378
14860,16,0.7275993397499392,13786.828253026026
14860,17,0.2724006602500609,106455.38287628378
14861,16,1.0,13786.828253026026
14862,16,0.15056353234682357,13786.828253026026
14862,29,0.8494364676531764,149681.53520983993
14863,29,1.0,149681.53520983993
14864,29,0.9956707845609458,149681.53520983993
14864,61,0.004329215439054229,105121.40577412967
14865,29,0.8646075766671352,149681.53520983993
14865,61,0.13539242333286483,105121.40577412967
14866,29,0.667274829559524,149681.53520983993
14866,61,0.33272517044047606,105121.40577412967
14867,29,0.4674709555126242,149681.53520983993
14867,61,0.5325290444873758,105121.40577412967
14868,29,0.2582150255493575,149681.53520983993
14868,61,0.7417849744506425,105121.40577412967
14869,29,0.04778337221812622,149681.53520983993
14869,61,0.9522166277818738,105121.40577412967
14870,61,1.0,105121.40577412967
14871,61,1.0,105121.40577412967
14872,60,0.10042851039767266,87291.05758251839
14872,61,0.8995714896023274,105121.40577412967
14873,60,0.9986691954616492,87291.05758251839
14873,61,0.0013308045383508072,105121.40577412967
14874,60,1.0,87291.05758251839
14875,60,1.0,87291.05758251839
14876,60,1.0,87291.05758251839
14877,60,1.0,87291.05758251839
14878,60,1.0,87291.05758251839
14879,53,0.0971257027420316,61993.589798373396
14879,60,0.9028742972579684,87291.05758251839
14880,53,0.9996849588321526,61993.589798373396
14880,60,0.0003150411678474014,87291.05758251839
14881,53,1.0,61993.589798373396
14882,53,1.0,61993.589798373396
14883,53,1.0,61993.589798373396
14884,53,0.6745981659695329,61993.589798373396
14884,54,0.32540183403046713,103596.81537578357
14885,54,1.0,103596.81537578357
14886,54,1.0,103596.81537578357
14887,54,1.0,103596.81537578357
14888,54,1.0,103596.81537578357
14889,54,1.0,103596.81537578357
14890,54,1.0,103596.81537578357
14891,54,1.0,103596.81537578357
14892,54,1.0,103596.81537578357
14893,54,0.5294581178557786,103596.81537578357
15011,17,0.5795328638859475,106455.38287628378
15012,17,1.0,106455.38287628378
15013,17,1.0,106455.38287628378
15014,17,1.0,106455.38287628378
15015,17,1.0,106455.38287628378
15016,17,1.0,106455.38287628378
15017,17,1.0,106455.38287628378
15018,17,1.0,106455.38287628378
15019,16,0.47217150400877,13786.828253026026
15019,17,0.52782849599123,106455.38287628378
15020,16,0.7023961355119943,13786.828253026026
15020,17,0.29760386448800563,106455.38287628378
15021,16,0.15435543375611305,13786.828253026026
15021,17,0.16513457121700048,106455.38287628378
15021,29,0.33919401090890167,149681.53520983993
15021,61,0.34131598411798475,105121.40577412967
15022,29,0.2778033939759764,149681.53520983993
15022,61,0.7221966060240236,105121.40577412967
15023,29,0.0651096996245828,149681.53520983993
15023,61,0.9348903003754172,105121.40577412967
15024,61,1.0,105121.40577412967
15025,61,1.0,105121.40577412967
15026,61,1.0,105121.40577412967
15027,61,1.0,105121.40577412967
15028,61,1.0,105121.40577412967
15029,61,1.0,105121.40577412967
15030,61,1.0,105121.40577412967
15031,61,1.0,105121.40577412967
15032,60,0.8015803648717642,87291.05758251839
15032,61,0.19841963512823574,105121.40577412967
15033,60,1.0,87291.05758251839
15034,60,1.0,87291.05758251839
15035,60,1.0,87291.05758251839
15036,60,1.0,87291.05758251839
15037,60,1.0,87291.05758251839
15038,60,1.0,87291.05758251839
15039,53,0.8745389534539567,61993.589798373396
15039,60,0.1254610465460433,87291.05758251839
15040,53,1.0,61993.589798373396
15041,53,1.0,61993.589798373396
15042,53,1.0,61993.589798373396
15043,53,0.6022738431926055,61993.589798373396
15043,54,0.39772615680739454,103596.81537578357
15044,54,1.0,103596.81537578357
15045,54,1.0,103596.81537578357
15046,54,1.0,103596.81537578357
15047,54,1.0,103596.81537578357
15048,54,1.0,103596.81537578357
15049,54,1.0,103596.81537578357
15050,54,1.0,103596.81537578357
15051,54,1.0,103596.81537578357
15052,54,0.702635758361512,103596.81537578357
15169,15,0.02411767167071078,51987.495985233254
15170,15,0.10365998757549492,51987.495985233254
15170,17,0.37888831189611677,106455.38287628378
15171,17,1.0,106455.38287628378
15172,17,1.0,106455.38287628378
15173,17,1.0,106455.38287628378
15174,17,1.0,106455.38287628378
15175,17,1.0,106455.38287628378
15176,17,1.0,106455.38287628378
15177,17,1.0,106455.38287628378
15178,17,1.0,106455.38287628378
15179,17,1.0,106455.38287628378
15180,17,0.5451357260582801,106455.38287628378
15180,61,0.45486427394171997,105121.40577412967
15181,61,1.0,105121.40577412967
15182,61,1.0,105121.40577412967
15183,61,1.0,105121.40577412967
15184,61,1.0,105121.40577412967
15185,61,1.0,105121.40577412967
15186,61,1.0,105121.40577412967
15187,61,1.0,105121.40577412967
15188,61,1.0,105121.40577412967
15189,61,1.0,105121.40577412967
15190,61,1.0,105121.40577412967
15191,60,0.32850930732859546,87291.05758251839
15191,61,0.6714906926714046,105121.40577412967
15192,60,1.0,87291.05758251839
15193,60,1.0,87291.05758251839
15194,60,1.0,87291.05758251839
15195,60,1.0,87291.05758251839
15196,60,1.0,87291.05758251839
15197,60,1.0,87291.05758251839
15198,53,0.5236170336924325,61993.589798373396
15198,60,0.4763829663075675,87291.05758251839
15199,53,1.0,61993.589798373396
15200,53,1.0,61993.589798373396
15201,53,1.0,61993.589798373396
15202,53,0.5997133574421706,61993.589798373396
15202,54,0.4002866425578294,103596.81537578357
15203,54,1.0,103596.81537578357
15204,54,1.0,103596.81537578357
15205,54,1.0,103596.81537578357
15206,54,1.0,103596.81537578357
15207,54,1.0,103596.81537578357
15208,54,1.0,103596.81537578357
15209,54,1.0,103596.81537578357
15210,54,1.0,103596.81537578357
15211,54,0.875209288942498,103596.81537578357
15319,15,0.0012291766496336282,51987.495985233254
15320,15,0.07629834719907383,51987.495985233254
15321,15,0.1872365367073106,51987.495985233254
15322,15,0.2654733483683087,51987.495985233254
15323,15,0.2752081072132659,51987.495985233254
15324,15,0.2829424029152349,51987.495985233254
15325,15,0.4420097498668492,51987.495985233254
15326,15,0.6476232112894171,51987.495985233254
15327,15,0.8295613987761296,51987.495985233254
15328,15,0.9822071040820132,51987.495985233254
15329,15,0.8164059245800483,51987.495985233254
15329,17,0.1835940754199517,106455.38287628378
15330,17,1.0,106455.38287628378
15331,17,1.0,106455.38287628378
15332,17,1.0,106455.38287628378
15333,17,1.0,106455.38287628378
15334,17,1.0,106455.38287628378
15335,17,1.0,106455.38287628378
15336,17,1.0,106455.38287628378
15337,17,1.0,106455.38287628378
15338,17,1.0,106455.38287628378
15339,17,0.781341860311132,106455.38287628378
15339,61,0.21865813968886808,105121.40577412967
15340,61,1.0,105121.40577412967
15341,61,1.0,105121.40577412967
15342,61,1.0,105121.40577412967
15343,61,1.0,105121.40577412967
15344,61,1.0,105121.40577412967
15345,61,1.0,105121.40577412967
15346,61,1.0,105121.40577412967
15347,61,1.0,105121.40577412967
15348,61,1.0,105121.40577412967
15349,61,1.0,105121.40577412967
15350,60,0.0016591072034072216,87291.05758251839
15350,61,0.9983408927965928,105121.40577412967
15351,60,0.707051426016084,87291.05758251839
15351,61,0.29294857398391605,105121.40577412967
15352,60,1.0,87291.05758251839
15353,60,1.0,87291.05758251839
15354,60,1.0,87291.05758251839
15355,60,1.0,87291.05758251839
15356,60,1.0,87291.05758251839
15357,53,0.05919258554613109,61993.589798373396
15357,60,0.940807414453869,87291.05758251839
15358,53,0.9275418734403624,61993.589798373396
15358,60,0.07245812655963761,87291.05758251839
15359,53,1.0,61993.589798373396
15360,53,1.0,61993.589798373396
15361,53,0.6598832887145052,61993.589798373396
15361,54,0.3401167112854948,103596.81537578357
15362,54,1.0,103596.81537578357
15363,54,1.0,103596.81537578357
15364,54,1.0,103596.81537578357
15365,54,1.0,103596.81537578357
15366,54,1.0,103596.81537578357
15367,54,1.0,103596.81537578357
15368,54,1.0,103596.81537578357
15369,54,1.0,103596.81537578357
15370,54,0.9941737231180159,103596.81537578357
15371,54,0.024866803705882276,103596.81537578357
15471,15,0.063729538678933,51987.495985233254
15472,15,0.6928502328609502,51987.495985233254
15473,15,0.7399912591614127,51987.495985233254
15474,15,0.6995218786458663,51987.495985233254
15475,15,0.634464495309098,51987.495985233254
15476,15,0.7209448767027883,51987.495985233254
15477,15,0.8393668805956841,51987.495985233254
15478,15,0.9566034372478723,51987.495985233254
15479,15,1.0,51987.495985233254
15480,15,1.0,51987.495985233254
15481,15,1.0,51987.495985233254
15482,15,1.0,51987.495985233254
15483,15,1.0,51987.495985233254
15484,15,1.0,51987.495985233254
15485,15,1.0,51987.495985233254
15486,15,1.0,51987.495985233254
15487,15,1.0,51987.495985233254
15488,15,0.9821218958883945,51987.495985233254
15488,17,0.01787810411160552,106455.38287628378
15489,15,0.033450567454099654,51987.495985233254
15489,17,0.9665494325459003,106455.38287628378
15490,17,1.0,106455.38287628378
15491,17,1.0,106455.38287628378
15492,17,1.0,106455.38287628378
15493,17,1.0,106455.38287628378
15494,17,1.0,106455.38287628378
15495,17,1.0,106455.38287628378
15496,17,1.0,106455.38287628378
15497,17,1.0,106455.38287628378
15498,17,0.9828213710039342,106455.38287628378
15498,61,0.01717862899606579,105121.40577412967
15499,17,0.05509588090479374,106455.38287628378
15499,61,0.9449041190952062,105121.40577412967
15500,61,1.0,105121.40577412967
15501,61,1.0,105121.40577412967
15502,61,1.0,105121.40577412967
15503,61,1.0,105121.40577412967
15504,61,1.0,105121.40577412967
15505,61,1.0,105121.40577412967
15506,61,1.0,105121.40577412967
15507,61,1.0,105121.40577412967
15508,61,1.0,105121.40577412967
15509,61,1.0,105121.40577412967
15510,60,0.080799953399719,87291.05758251839
15510,61,0.919200046600281,105121.40577412967
15511,60,0.8133228368309339,87291.05758251839
15511,61,0.18667716316906613,105121.40577412967
15512,60,1.0,87291.05758251839
15513,60,1.0,87291.05758251839
15514,60,1.0,87291.05758251839
15515,60,1.0,87291.05758251839
15516,60,1.0,87291.05758251839
15517,53,0.4580878966192034,61993.589798373396
15517,60,0.5419121033807965,87291.05758251839
15518,53,1.0,61993.589798373396
15519,53,1.0,61993.589798373396
15520,53,0.8309883909728143,61993.589798373396
15520,54,0.16901160902718565,103596.81537578357
15521,54,1.0,103596.81537578357
15522,54,1.0,103596.81537578357
15523,54,1.0,103596.81537578357
15524,54,1.0,103596.81537578357
15525,54,1.0,103596.81537578357
15526,54,1.0,103596.81537578357
15527,54,1.0,103596.81537578357
15528,54,1.0,103596.81537578357
15529,54,1.0,103596.81537578357
15530,54,0.18180193613740533,103596.81537578357
15631,15,0.7571725248158883,51987.495985233254
15632,15,1.0,51987.495985233254
15633,15,1.0,51987.495985233254
15634,15,1.0,51987.495985233254
15635,15,1.0,51987.495985233254
15636,15,1.0,51987.495985233254
15637,15,1.0,51987.495985233254
15638,15,1.0,51987.495985233254
15639,15,1.0,51987.495985233254
15640,15,1.0,51987.495985233254
15641,15,1.0,51987.495985233254
15642,15,1.0,51987.495985233254
15643,15,1.0,51987.495985233254
15644,15,1.0,51987.495985233254
15645,15,1.0,51987.495985233254
15646,15,1.0,51987.495985233254
15647,15,1.0,51987.495985233254
15648,15,0.2094200682458141,51987.495985233254
15648,17,0.7905799317541858,106455.38287628378
15649,17,1.0,106455.38287628378
15650,17,1.0,106455.38287628378
15651,17,1.0,106455.38287628378
15652,17,1.0,106455.38287628378
15653,17,1.0,106455.38287628378
15654,17,1.0,106455.38287628378
15655,17,1.0,106455.38287628378
15656,17,1.0,106455.38287628378
15657,17,1.0,106455.38287628378
15658,17,0.31434828977105894,106455.38287628378
15658,61,0.685651710228941,105121.40577412967
15659,61,1.0,105121.40577412967
15660,61,1.0,105121.40577412967
15661,61,1.0,105121.40577412967
15662,61,1.0,105121.40577412967
15663,61,1.0,105121.40577412967
15664,61,1.0,105121.40577412967
15665,61,1.0,105121.40577412967
15666,61,1.0,105121.40577412967
15667,61,1.0,105121.40577412967
15668,61,1.0,105121.40577412967
15669,61,1.0,105121.40577412967
15670,60,0.04747161487936974,87291.05758251839
15670,61,0.9525283851206303,105121.40577412967
15671,60,0.8081853208100552,87291.05758251839
15671,61,0.19181467918994483,105121.40577412967
15672,60,1.0,87291.05758251839
15673,60,1.0,87291.05758251839
15674,60,1.0,87291.05758251839
15675,60,1.0,87291.05758251839
15676,53,0.02829738778037562,61993.589798373396
15676,60,0.9717026122196244,87291.05758251839
15677,53,0.871519057911443,61993.589798373396
15677,60,0.128480942088557,87291.05758251839
15678,53,1.0,61993.589798373396
15679,53,0.9997258075647059,61993.589798373396
15679,54,0.00027419243529418544,103596.81537578357
15680,53,0.5006385808413856,61993.589798373396
15680,54,0.4993614191586145,103596.81537578357
15681,53,0.007537348394454388,61993.589798373396
15681,54,0.9924626516055456,103596.81537578357
15682,54,1.0,103596.81537578357
15683,54,1.0,103596.81537578357
15684,54,1.0,103596.81537578357
15685,54,1.0,103596.81537578357
15686,54,1.0,103596.81537578357
15687,54,1.0,103596.81537578357
15688,54,1.0,103596.81537578357
15689,54,0.35209252763056825,103596.81537578357
15790,15,0.303105567540945,51987.495985233254
15791,15,1.0,51987.495985233254
15792,15,1.0,51987.495985233254
15793,15,1.0,51987.495985233254
15794,15,1.0,51987.495985233254
15795,15,1.0,51987.495985233254
15796,15,1.0,51987.495985233254
15797,15,1.0,51987.495985233254
15798,15,1.0,51987.495985233254
15799,15,1.0,51987.495985233254
15800,15,1.0,51987.495985233254
15801,15,1.0,51987.495985233254
15802,15,1.0,51987.495985233254
15803,15,1.0,51987.495985233254
15804,15,1.0,51987.495985233254
15805,15,1.0,51987.495985233254
15806,15,1.0,51987.495985233254
15807,15,0.4018399103562445,51987.495985233254
15807,17,0.5981600896437556,106455.38287628378
15808,17,1.0,106455.38287628378
15809,17,1.0,106455.38287628378
15810,17,1.0,106455.38287628378
15811,17,1.0,106455.38287628378
15812,17,1.0,106455.38287628378
15813,17,1.0,106455.38287628378
15814,17,1.0,106455.38287628378
15815,17,1.0,106455.38287628378
15816,17,1.0,106455.38287628378
15817,17,0.5897385929955312,106455.38287628378
15817,61,0.4102614070044687,105121.40577412967
15818,61,1.0,105121.40577412967
15819,61,1.0,105121.40577412967
15820,61,1.0,105121.40577412967
15821,61,1.0,105121.40577412967
15822,61,1.0,105121.40577412967
15823,61,1.0,105121.40577412967
15824,61,1.0,105121.40577412967
15825,61,1.0,105121.40577412967
15826,61,1.0,105121.40577412967
15827,61,1.0,105121.40577412967
15828,61,1.0,105121.40577412967
15829,61,1.0,105121.40577412967
15830,60,0.10664993798796325,87291.05758251839
15830,61,0.8933500620120367,105121.40577412967
15831,60,0.7416675590369974,87291.05758251839
15831,61,0.25833244096300256,105121.40577412967
15832,60,1.0,87291.05758251839
15833,60,1.0,87291.05758251839
15834,60,1.0,87291.05758251839
15835,60,1.0,87291.05758251839
15836,53,0.37057739693627967,61993.589798373396
15836,60,0.6294226030637203,87291.05758251839
15837,53,1.0,61993.589798373396
15838,53,1.0,61993.589798373396
15839,53,1.0,61993.589798373396
15840,53,0.6376001211874288,61993.589798373396
15840,54,0.3623998788125712,103596.81537578357
15841,53,0.0004188243703897166,61993.589798373396
15841,54,0.9995811756296102,103596.81537578357
15842,54,1.0,103596.81537578357
15843,54,1.0,103596.81537578357
15844,54,1.0,103596.81537578357
15845,54,1.0,103596.81537578357
15846,54,1.0,103596.81537578357
15847,54,1.0,103596.81537578357
15848,54,0.5220636553112582,103596.81537578357
15949,15,0.006500187973687798,51987.495985233254
15950,15,0.8409722302709789,51987.495985233254
15951,15,1.0,51987.495985233254
15952,15,1.0,51987.495985233254
15953,15,1.0,51987.495985233254
15954,15,1.0,51987.495985233254
15955,15,1.0,51987.495985233254
15956,15,1.0,51987.495985233254
15957,15,1.0,51987.495985233254
15958,15,1.0,51987.495985233254
15959,15,1.0,51987.495985233254
15960,15,1.0,51987.495985233254
15961,15,1.0,51987.495985233254
15962,15,1.0,51987.495985233254
15963,15,1.0,51987.495985233254
15964,15,1.0,51987.495985233254
15965,15,1.0,51987.495985233254
15966,15,0.5933928213534528,51987.495985233254
15966,17,0.4066071786465471,106455.38287628378
15967,17,1.0,106455.38287628378
15968,17,1.0,106455.38287628378
15969,17,1.0,106455.38287628378
15970,17,1.0,106455.38287628378
15971,17,1.0,106455.38287628378
15972,17,1.0,106455.38287628378
15973,17,1.0,106455.38287628378
15974,17,1.0,106455.38287628378
15975,17,1.0,106455.38287628378
15976,17,0.803388322227894,106455.38287628378
15976,61,0.196611677772106,105121.40577412967
15977,61,1.0,105121.40577412967
15978,61,1.0,105121.40577412967
15979,61,1.0,105121.40577412967
15980,61,1.0,105121.40577412967
15981,61,1.0,105121.40577412967
15982,61,1.0,105121.40577412967
15983,61,1.0,105121.40577412967
15984,61,1.0,105121.40577412967
15985,61,1.0,105121.40577412967
15986,61,1.0,105121.40577412967
15987,61,1.0,105121.40577412967
15988,61,1.0,105121.40577412967
15989,61,1.0,105121.40577412967
15990,60,0.03866210942339997,87291.05758251839
15990,61,0.9613378905766,105121.40577412967
15991,60,0.6108655123934554,87291.05758251839
15991,61,0.38913448760654457,105121.40577412967
15992,60,0.99995195248737,87291.05758251839
15992,61,4.804751263000742e-05,105121.40577412967
15993,60,1.0,87291.05758251839
15994,60,1.0,87291.05758251839
15995,53,0.01327269694062065,61993.589798373396
15995,60,0.9867273030593794,87291.05758251839
15996,53,0.8421104509093651,61993.589798373396
15996,54,0.005991649067370637,103596.81537578357
15996,60,0.15189790002326423,87291.05758251839
15997,53,0.7813693906919971,61993.589798373396
15997,54,0.21863060930800296,103596.81537578357
15998,53,0.4049673363524897,61993.589798373396
15998,54,0.5950326636475103,103596.81537578357
15999,53,0.034882619602103225,61993.589798373396
15999,54,0.9651173803978967,103596.81537578357
16000,54,1.0,103596.81537578357
16001,54,1.0,103596.81537578357
16002,54,1.0,103596.81537578357
16003,54,1.0,103596.81537578357
16004,54,1.0,103596.81537578357
16005,54,1.0,103596.81537578357
16006,54,1.0,103596.81537578357
16007,54,0.6906836410866798,103596.81537578357
16109,15,0.4068092419297638,51987.495985233254
16110,15,1.0,51987.495985233254
16111,15,1.0,51987.495985233254
16112,15,1.0,51987.495985233254
16113,15,1.0,51987.495985233254
16114,15,1.0,51987.495985233254
16115,15,1.0,51987.495985233254
16116,15,1.0,51987.495985233254
16117,15,1.0,51987.495985233254
16118,15,1.0,51987.495985233254
16119,15,1.0,51987.495985233254
16120,15,1.0,51987.495985233254
16121,15,1.0,51987.495985233254
16122,15,1.0,51987.495985233254
16123,15,1.0,51987.495985233254
16124,15,1.0,51987.495985233254
16125,15,0.7863777694192804,51987.495985233254
16125,17,0.21362223058071955,106455.38287628378
16126,17,1.0,106455.38287628378
16127,17,1.0,106455.38287628378
16128,17,1.0,106455.38287628378
16129,17,1.0,106455.38287628378
16130,17,1.0,106455.38287628378
16131,17,1.0,106455.38287628378
16132,17,1.0,106455.38287628378
16133,17,1.0,106455.38287628378
16134,17,1.0,106455.38287628378
16135,17,0.990508842746133,106455.38287628378
16135,61,0.009491157253866983,105121.40577412967
16136,17,0.11026753047414889,106455.38287628378
16136,61,0.889732469525851,105121.40577412967
16137,61,1.0,105121.40577412967
16138,61,1.0,105121.40577412967
16139,61,1.0,105121.40577412967
16140,61,1.0,105121.40577412967
16141,61,1.0,105121.40577412967
16142,61,1.0,105121.40577412967
16143,61,1.0,105121.40577412967
16144,61,1.0,105121.40577412967
16145,61,1.0,105121.40577412967
16146,61,1.0,105121.40577412967
16147,61,1.0,105121.40577412967
16148,61,1.0,105121.40577412967
16149,61,1.0,105121.40577412967
16150,61,1.0,105121.40577412967
16151,60,0.32031969343221284,87291.05758251839
16151,61,0.6796803065677872,105121.40577412967
16152,60,0.4629267729103565,87291.05758251839
16152,61,0.5370732270896434,105121.40577412967
16153,60,0.2766498250641723,87291.05758251839
16153,61,0.7233501749358277,105121.40577412967
16154,60,0.19017368551073993,87291.05758251839
16154,61,0.80982631448926,105121.40577412967
16155,53,0.022017022499008058,61993.589798373396
16155,54,0.3254227266464603,103596.81537578357
16155,60,0.03563015142259478,87291.05758251839
16155,61,0.6169300994319368,105121.40577412967
16156,54,1.0,103596.81537578357
16157,54,1.0,103596.81537578357
16158,54,1.0,103596.81537578357
16159,54,1.0,103596.81537578357
16160,54,1.0,103596.81537578357
16161,54,1.0,103596.81537578357
16162,54,1.0,103596.81537578357
16163,54,1.0,103596.81537578357
16164,54,1.0,103596.81537578357
16165,54,1.0,103596.81537578357
16166,54,0.8589741858087928,103596.81537578357
16268,15,0.04087905150390457,51987.495985233254
16269,15,0.9245799084220852,51987.495985233254
16270,15,1.0,51987.495985233254
16271,15,1.0,51987.495985233254
16272,15,1.0,51987.495985233254
16273,15,1.0,51987.495985233254
16274,15,1.0,51987.495985233254
16275,15,1.0,51987.495985233254
16276,15,1.0,51987.495985233254
16277,15,1.0,51987.495985233254
16278,15,1.0,51987.495985233254
16279,15,1.0,51987.495985233254
16280,15,1.0,51987.495985233254
16281,15,1.0,51987.495985233254
16282,15,1.0,51987.495985233254
16283,15,1.0,51987.495985233254
16284,15,0.965246349477768,51987.495985233254
16284,17,0.03475365052223205,106455.38287628378
16285,15,0.0157578372820977,51987.495985233254
16285,17,0.9842421627179023,106455.38287628378
16286,17,1.0,106455.38287628378
16287,17,1.0,106455.38287628378
16288,17,1.0,106455.38287628378
16289,17,1.0,106455.38287628378
16290,17,1.0,106455.38287628378
16291,17,1.0,106455.38287628378
16292,17,1.0,106455.38287628378
16293,17,1.0,106455.38287628378
16294,17,1.0,106455.38287628378
16295,17,0.5266419420329381,106455.38287628378
16295,61,0.47335805796706193,105121.40577412967
16296,61,1.0,105121.40577412967
16297,61,1.0,105121.40577412967
16298,61,1.0,105121.40577412967
16299,61,1.0,105121.40577412967
16300,61,1.0,105121.40577412967
16301,61,1.0,105121.40577412967
16302,61,1.0,105121.40577412967
16303,61,1.0,105121.40577412967
16304,61,1.0,105121.40577412967
16305,61,1.0,105121.40577412967
16306,61,1.0,105121.40577412967
16307,61,1.0,105121.40577412967
16308,61,1.0,105121.40577412967
16309,61,1.0,105121.40577412967
16310,61,1.0,105121.40577412967
16311,61,1.0,105121.40577412967
16312,61,1.0,105121.40577412967
16313,61,1.0,105121.40577412967
16314,54,0.005228552846618337,103596.81537578357
16314,61,0.9947714471533816,105121.40577412967
16315,54,0.7901298556792148,103596.81537578357
16315,61,0.2098701443207852,105121.40577412967
16316,54,1.0,103596.81537578357
16317,54,1.0,103596.81537578357
16318,54,1.0,103596.81537578357
16319,54,1.0,103596.81537578357
16320,54,1.0,103596.81537578357
16321,54,1.0,103596.81537578357
16322,54,1.0,103596.81537578357
16323,54,1.0,103596.81537578357
16324,54,1.0,103596.81537578357
16325,54,0.9903874693497585,103596.81537578357
16326,54,0.036941705748218645,103596.81537578357
16428,15,0.5121157235821212,51987.495985233254
16429,15,1.0,51987.495985233254
16430,15,1.0,51987.495985233254
16431,15,1.0,51987.495985233254
16432,15,1.0,51987.495985233254
16433,15,1.0,51987.495985233254
16434,15,1.0,51987.495985233254
16435,15,1.0,51987.495985233254
16436,15,1.0,51987.495985233254
16437,15,1.0,51987.495985233254
16438,15,1.0,51987.495985233254
16439,15,1.0,51987.495985233254
16440,15,1.0,51987.495985233254
16441,15,1.0,51987.495985233254
16442,15,1.0,51987.495985233254
16443,15,1.0,51987.495985233254
16444,15,0.17558188662542074,51987.495985233254
16444,17,0.8244181133745793,106455.38287628378
16445,17,1.0,106455.38287628378
16446,17,1.0,106455.38287628378
16447,17,1.0,106455.38287628378
16448,17,1.0,106455.38287628378
16449,17,1.0,106455.38287628378
16450,17,1.0,106455.38287628378
16451,17,1.0,106455.38287628378
16452,17,1.0,106455.38287628378
16453,17,0.8685844310396399,106455.38287628378
16454,17,0.4797272368490696,106455.38287628378
16454,61,0.04254459966570139,105121.40577412967
16455,61,0.895891781118357,105121.40577412967
16456,61,1.0,105121.40577412967
16457,61,1.0,105121.40577412967
16458,61,1.0,105121.40577412967
16459,61,1.0,105121.40577412967
16460,61,1.0,105121.40577412967
16461,61,1.0,105121.40577412967
16462,61,1.0,105121.40577412967
16463,61,1.0,105121.40577412967
16464,61,1.0,105121.40577412967
16465,61,1.0,105121.40577412967
16466,61,1.0,105121.40577412967
16467,61,1.0,105121.40577412967
16468,61,1.0,105121.40577412967
16469,61,1.0,105121.40577412967
16470,61,1.0,105121.40577412967
16471,61,1.0,105121.40577412967
16472,61,1.0,105121.40577412967
16473,61,1.0,105121.40577412967
16474,54,0.23255036483178304,103596.81537578357
16474,61,0.767449635168217,105121.40577412967
16475,54,0.9989810126647398,103596.81537578357
16475,61,0.0010189873352601274,105121.40577412967
16476,54,1.0,103596.81537578357
16477,54,1.0,103596.81537578357
16478,54,1.0,103596.81537578357
16479,54,1.0,103596.81537578357
16480,54,1.0,103596.81537578357
16481,54,1.0,103596.81537578357
16482,54,1.0,103596.81537578357
16483,54,1.0,103596.81537578357
16484,54,1.0,103596.81537578357
16485,54,0.20831873703536893,103596.81537578357
16587,15,0.08755165879130364,51987.495985233254
16588,15,0.963729349577427,51987.495985233254
16589,15,1.0,51987.495985233254
16590,15,1.0,51987.495985233254
16591,15,1.0,51987.495985233254
16592,15,1.0,51987.495985233254
16593,15,1.0,51987.495985233254
16594,15,1.0,51987.495985233254
16595,15,1.0,51987.495985233254
16596,15,1.0,51987.495985233254
16597,15,1.0,51987.495985233254
16598,15,1.0,51987.495985233254
16599,15,1.0,51987.495985233254
16600,15,1.0,51987.495985233254
16601,15,1.0,51987.495985233254
16602,15,1.0,51987.495985233254
16603,15,0.37007695820304,51987.495985233254
16603,17,0.62992304179696,106455.38287628378
16604,17,1.0,106455.38287628378
16605,17,1.0,106455.38287628378
16606,17,1.0,106455.38287628378
16607,17,1.0,106455.38287628378
16608,17,1.0,106455.38287628378
16609,17,0.9061332805825861,106455.38287628378
16610,17,0.5685377503854306,106455.38287628378
16611,17,0.22341423080977288,106455.38287628378
16612,17,0.0033329056598121938,106455.38287628378
16614,61,0.37684152997720555,105121.40577412967
16615,61,1.0,105121.40577412967
16616,61,1.0,105121.40577412967
16617,61,1.0,105121.40577412967
16618,61,1.0,105121.40577412967
16619,61,1.0,105121.40577412967
16620,61,1.0,105121.40577412967
16621,61,1.0,105121.40577412967
16622,61,1.0,105121.40577412967
16623,61,1.0,105121.40577412967
16624,61,1.0,105121.40577412967
16625,61,1.0,105121.40577412967
16626,61,1.0,105121.40577412967
16627,61,1.0,105121.40577412967
16628,61,1.0,105121.40577412967
16629,61,1.0,105121.40577412967
16630,61,1.0,105121.40577412967
16631,61,1.0,105121.40577412967
16632,61,1.0,105121.40577412967
16633,61,1.0,105121.40577412967
16634,54,0.7045036491977981,103596.81537578357
16634,61,0.29549635080220193,105121.40577412967
16635,54,1.0,103596.81537578357
16636,54,1.0,103596.81537578357
16637,54,1.0,103596.81537578357
16638,54,1.0,103596.81537578357
16639,54,1.0,103596.81537578357
16640,54,1.0,103596.81537578357
16641,54,1.0,103596.81537578357
16642,54,1.0,103596.81537578357
16643,54,1.0,103596.81537578357
16644,54,0.3852423056973022,103596.81537578357
16747,15,0.5690982596054219,51987.495985233254
16748,15,1.0,51987.495985233254
16749,15,1.0,51987.495985233254
16750,15,1.0,51987.495985233254
16751,15,1.0,51987.495985233254
16752,15,1.0,51987.495985233254
16753,15,1.0,51987.495985233254
16754,15,1.0,51987.495985233254
16755,15,1.0,51987.495985233254
16756,15,1.0,51987.495985233254
16757,15,1.0,51987.495985233254
16758,15,1.0,51987.495985233254
16759,15,1.0,51987.495985233254
16760,15,1.0,51987.495985233254
16761,15,1.0,51987.495985233254
16762,15,0.5632789020425416,51987.495985233254
16762,17,0.4367210979574584,106455.38287628378
16763,17,1.0,106455.38287628378
16764,17,1.0,106455.38287628378
16765,17,0.9310149415612221,106455.38287628378
16766,17,0.6146090352617748,106455.38287628378
16767,17,0.27793101314819474,106455.38287628378
16768,17,0.013469896575400871,106455.38287628378
16773,61,0.008360413246608049,105121.40577412967
16774,61,0.8085958409637213,105121.40577412967
16775,61,1.0,105121.40577412967
16776,61,1.0,105121.40577412967
16777,61,1.0,105121.40577412967
16778,61,1.0,105121.40577412967
16779,61,1.0,105121.40577412967
16780,61,1.0,105121.40577412967
16781,61,1.0,105121.40577412967
16782,61,1.0,105121.40577412967
16783,61,1.0,105121.40577412967
16784,61,1.0,105121.40577412967
16785,61,1.0,105121.40577412967
16786,61,1.0,105121.40577412967
16787,61,1.0,105121.40577412967
16788,61,1.0,105121.40577412967
16789,61,1.0,105121.40577412967
16790,61,1.0,105121.40577412967
16791,61,1.0,105121.40577412967
16792,61,1.0,105121.40577412967
16793,54,0.18250576871985943,103596.81537578357
16793,61,0.8174942312801405,105121.40577412967
16794,54,0.9907761201158304,103596.81537578357
16794,61,0.009223879884169662,105121.40577412967
16795,54,1.0,103596.81537578357
16796,54,1.0,103596.81537578357
16797,54,1.0,103596.81537578357
16798,54,1.0,103596.81537578357
16799,54,1.0,103596.81537578357
16800,54,1.0,103596.81537578357
16801,54,1.0,103596.81537578357
16802,54,1.0,103596.81537578357
16803,54,0.5622707091599225,103596.81537578357
16906,15,0.094149166706485,51987.495985233254
16907,15,0.9548361578375101,51987.495985233254
16908,15,1.0,51987.495985233254
16909,15,1.0,51987.495985233254
16910,15,1.0,51987.495985233254
16911,15,1.0,51987.495985233254
16912,15,1.0,51987.495985233254
16913,15,1.0,51987.495985233254
16914,15,1.0,51987.495985233254
16915,15,1.0,51987.495985233254
16916,15,1.0,51987.495985233254
16917,15,1.0,51987.495985233254
16918,15,1.0,51987.495985233254
16919,15,1.0,51987.495985233254
16920,15,1.0,51987.495985233254
16921,15,0.6980549311035267,51987.495985233254
16921,17,0.27121694708000244,106455.38287628378
16922,17,0.6569048515538229,106455.38287628378
16923,17,0.3036064521819353,106455.38287628378
16924,17,0.023815894687104773,106455.38287628378
16933,61,0.25786273743289073,105121.40577412967
16934,61,0.9995534792562938,105121.40577412967
16935,61,1.0,105121.40577412967
16936,61,0.6621965639014905,105121.40577412967
16937,61,0.2881692276093668,105121.40577412967
16938,61,0.37879776517152786,105121.40577412967
16939,61,0.46249806206306443,105121.40577412967
16940,61,0.5842459184152358,105121.40577412967
16941,61,0.6507228386461735,105121.40577412967
16942,61,0.7226032905478439,105121.40577412967
16943,61,0.8004605212342746,105121.40577412967
16944,61,0.8786421148442636,105121.40577412967
16945,61,0.956982430682071,105121.40577412967
16946,61,0.9999055239035514,105121.40577412967
16947,61,1.0,105121.40577412967
16948,61,1.0,105121.40577412967
16949,61,1.0,105121.40577412967
16950,61,1.0,105121.40577412967
16951,61,1.0,105121.40577412967
16952,61,1.0,105121.40577412967
16953,54,0.6290083162979975,103596.81537578357
16953,61,0.37099168370200253,105121.40577412967
16954,54,1.0,103596.81537578357
16955,54,1.0,103596.81537578357
16956,54,1.0,103596.81537578357
16957,54,1.0,103596.81537578357
16958,54,1.0,103596.81537578357
16959,54,1.0,103596.81537578357
16960,54,1.0,103596.81537578357
16961,54,0.9807247810918479,103596.81537578357
16962,54,0.3692245381365831,103596.81537578357
17066,15,0.485481693708705,51987.495985233254
17067,15,1.0,51987.495985233254
17068,15,1.0,51987.495985233254
17069,15,1.0,51987.495985233254
17070,15,1.0,51987.495985233254
17071,15,1.0,51987.495985233254
17072,15,1.0,51987.495985233254
17073,15,1.0,51987.495985233254
17074,15,1.0,51987.495985233254
17075,15,1.0,51987.495985233254
17076,15,1.0,51987.495985233254
17077,15,1.0,51987.495985233254
17078,15,1.0,51987.495985233254
17079,15,1.0,51987.495985233254
17080,15,0.18052664199648394,51987.495985233254
17093,61,0.6980211508635081,105121.40577412967
17094,61,0.857913858613268,105121.40577412967
17095,61,0.05067600938223202,105121.40577412967
17105,61,0.04212976447868506,105121.40577412967
17106,61,0.1377420263287706,105121.40577412967
17106,66,0.19094104436612944,1162.899739197882
17107,61,0.20203774394751203,105121.40577412967
17107,66,0.7979622560524879,1162.899739197882
17108,61,0.28483897757147303,105121.40577412967
17108,66,0.715161022428527,1162.899739197882
17109,61,0.36754548608566456,105121.40577412967
17109,66,0.6324545139143355,1162.899739197882
17110,61,0.4468135159023899,105121.40577412967
17110,66,0.5531864840976102,1162.899739197882
17111,61,0.5248236712675608,105121.40577412967
17111,66,0.44620499647057266,1162.899739197882
17112,54,0.23134128543410673,103596.81537578357
17112,61,0.3867736377056091,105121.40577412967
17112,66,0.0019284875493475104,1162.899739197882
17113,54,0.6847114682008554,103596.81537578357
17114,54,0.7515006061088316,103596.81537578357
17115,54,0.8443383444724816,103596.81537578357
17116,54,0.9308288628605927,103596.81537578357
17117,54,0.9959400706588294,103596.81537578357
17118,54,1.0,103596.81537578357
17119,54,0.9884551766564489,103596.81537578357
17120,54,0.3412194165354091,103596.81537578357
17225,15,0.03223341213012899,51987.495985233254
17226,15,0.8611107888257752,51987.495985233254
17227,15,1.0,51987.495985233254
17228,15,1.0,51987.495985233254
17229,15,1.0,51987.495985233254
17230,15,1.0,51987.495985233254
17231,15,1.0,51987.495985233254
17232,15,1.0,51987.495985233254
17233,15,1.0,51987.495985233254
17234,15,1.0,51987.495985233254
17235,15,1.0,51987.495985233254
17236,15,1.0,51987.495985233254
17252,61,0.15699287439333495,105121.40577412967
17253,61,0.20686625055922522,105121.40577412967
17265,66,0.027730822014808656,1162.899739197882
17266,66,0.9286472301544886,1162.899739197882
17267,66,1.0,1162.899739197882
17268,66,1.0,1162.899739197882
17269,66,1.0,1162.899739197882
17270,66,0.9969036239415315,1162.899739197882
17271,66,0.15103225213508514,1162.899739197882
17276,54,0.019698071552235914,103596.81537578357
17277,54,0.09896098375794925,103596.81537578357
17278,54,0.13301037561168225,103596.81537578357
17385,15,0.2662840139091015,51987.495985233254
17386,15,0.9971672330617989,51987.495985233254
17387,15,1.0,51987.495985233254
17388,15,1.0,51987.495985233254
17389,15,1.0,51987.495985233254
17390,15,1.0,51987.495985233254
17391,15,1.0,51987.495985233254
17392,15,1.0,51987.495985233254
17425,66,0.5375989533526361,1162.899739197882
17426,66,1.0,1162.899739197882
17427,66,1.0,1162.899739197882
17428,66,1.0,1162.899739197882
17429,66,1.0,1162.899739197882
17430,66,0.5681736236779654,1162.899739197882
17545,15,0.5942264091411036,51987.495985233254
17546,15,1.0,51987.495985233254
17547,15,1.0,51987.495985233254
17548,15,1.0,51987.495985233254
17584,66,0.12401269630789757,1162.899739197882
17585,66,0.9907322924412995,1162.899739197882
17586,66,1.0,1162.899739197882
17587,66,1.0,1162.899739197882
17588,66,1.0,1162.899739197882
17589,66,0.9394358762769086,1162.899739197882
17590,66,0.04539962221966565,1162.899739197882
17704,15,0.08728143672996151,51987.495985233254
17705,15,1.0,51987.495985233254
17744,66,0.7373342346080025,1162.899739197882
17745,66,1.0,1162.899739197882
17746,66,1.0,1162.899739197882
17747,66,1.0,1162.899739197882
17748,66,1.0,1162.899739197882
17749,66,0.40573971110612583,1162.899739197882
17903,66,0.38129941680981316,1162.899739197882
17904,66,1.0,1162.899739197882
17905,66,1.0,1162.899739197882
17906,66,1.0,1162.899739197882
17907,66,1.0,1162.899739197882
17908,66,0.822817347754444,1162.899739197882
17909,66,0.0013752961154991287,1162.899739197882
18062,66,0.06059882224518239,1162.899739197882
18063,66,0.9683505919472798,1162.899739197882
18064,66,1.0,1162.899739197882
18065,66,1.0,1162.899739197882
18066,66,1.0,1162.899739197882
18067,66,1.0,1162.899739197882
18068,66,0.20918885485498728,1162.899739197882
18222,66,0.6725967113013157,1162.899739197882
18223,66,1.0,1162.899739197882
18224,66,1.0,1162.899739197882
18225,66,1.0,1162.899739197882
18226,66,0.9981872114964746,1162.899739197882
18227,66,0.22847738771647252,1162.899739197882
18379,67,0.09151099713017882,12332.595608306148
18380,67,0.23964941875338555,12332.595608306148
18381,66,0.3713089943858767,1162.899739197882
18381,67,0.2089550953531332,12332.595608306148
18382,66,0.46070530097186563,1162.899739197882
18382,67,0.5392946990281343,12332.595608306148
18383,66,0.9657548702403392,1162.899739197882
18383,67,0.03424512975966073,12332.595608306148
18384,66,1.0,1162.899739197882
18385,66,0.8595075922339169,1162.899739197882
18386,66,0.029834147328116123,1162.899739197882
18538,67,0.24622279611797862,12332.595608306148
18539,67,1.0,12332.595608306148
18540,67,1.0,12332.595608306148
18541,67,1.0,12332.595608306148
18542,66,0.584587931123261,1162.899739197882
18542,67,0.4154120688767389,12332.595608306148
18543,66,1.0,1162.899739197882
18544,66,0.6909848273738675,1162.899739197882
18697,67,0.21118507691842173,12332.595608306148
18698,67,1.0,12332.595608306148
18699,67,1.0,12332.595608306148
18700,67,1.0,12332.595608306148
18701,66,0.05318503642537174,1162.899739197882
18701,67,0.9468149635746282,12332.595608306148
18702,66,0.2051766706329507,1162.899739197882
18702,67,0.7948233293670492,12332.595608306148
18703,66,0.2267159421351154,1162.899739197882
18703,67,0.7431541678655995,12332.595608306148
18704,67,0.6849589200834706,12332.595608306148
18705,67,0.622433469293449,12332.595608306148
18706,67,0.5711465627291369,12332.595608306148
18707,67,0.5245607144512602,12332.595608306148
18708,67,0.17305820248270282,12332.595608306148
18856,67,0.20598934414298012,12332.595608306148
18857,67,1.0,12332.595608306148
18858,67,1.0,12332.595608306148
18859,67,1.0,12332.595608306148
18860,67,1.0,12332.595608306148
18861,67,1.0,12332.595608306148
18862,67,1.0,12332.595608306148
18863,67,1.0,12332.595608306148
18864,67,1.0,12332.595608306148
18865,67,1.0,12332.595608306148
18866,67,1.0,12332.595608306148
18867,67,0.7341320788156774,12332.595608306148
19015,67,0.2369035721296347,12332.595608306148
19016,67,1.0,12332.595608306148
19017,67,1.0,12332.595608306148
19018,67,1.0,12332.595608306148
19019,67,1.0,12332.595608306148
19020,67,1.0,12332.595608306148
19021,67,1.0,12332.595608306148
19022,67,1.0,12332.595608306148
19023,67,1.0,12332.595608306148
19024,67,1.0,12332.595608306148
19025,67,1.0,12332.595608306148
19026,67,0.9998618754261174,12332.595608306148
19027,67,0.2438659000337124,12332.595608306148
19174,67,0.3132142341693842,12332.595608306148
19175,67,1.0,12332.595608306148
19176,67,1.0,12332.595608306148
19177,67,1.0,12332.595608306148
19178,67,1.0,12332.595608306148
19179,67,1.0,12332.595608306148
19180,67,1.0,12332.595608306148
19181,67,1.0,12332.595608306148
19182,67,1.0,12332.595608306148
19183,67,1.0,12332.595608306148
19184,67,1.0,12332.595608306148
19185,67,1.0,12332.595608306148
19186,67,0.7566401772022248,12332.595608306148
19187,67,0.00037361465264271817,12332.595608306148
19333,67,0.43353596539112355,12332.595608306148
19334,67,1.0,12332.595608306148
19335,67,1.0,12332.595608306148
19336,67,1.0,12332.595608306148
19337,67,1.0,12332.595608306148
19338,67,1.0,12332.595608306148
19339,67,1.0,12332.595608306148
19340,67,1.0,12332.595608306148
19341,67,1.0,12332.595608306148
19342,67,1.0,12332.595608306148
19343,67,1.0,12332.595608306148
19344,67,1.0,12332.595608306148
19345,67,1.0,12332.595608306148
19346,67,0.2860969380437262,12332.595608306148
19492,67,0.5888769993794296,12332.595608306148
19493,67,1.0,12332.595608306148
19494,67,1.0,12332.595608306148
19495,67,1.0,12332.595608306148
19496,67,1.0,12332.595608306148
19497,67,1.0,12332.595608306148
19498,67,1.0,12332.595608306148
19499,67,1.0,12332.595608306148
19500,67,1.0,12332.595608306148
19501,67,1.0,12332.595608306148
19502,67,1.0,12332.595608306148
19503,67,1.0,12332.595608306148
19504,67,1.0,12332.595608306148
19505,67,0.8067395574057303,12332.595608306148
19506,67,0.006642470344901085,12332.595608306148
19651,67,0.7888965598932985,12332.595608306148
19652,67,1.0,12332.595608306148
19653,67,1.0,12332.595608306148
19654,67,1.0,12332.595608306148
19655,67,1.0,12332.595608306148
19656,67,1.0,12332.595608306148
19657,67,1.0,12332.595608306148
19658,67,1.0,12332.595608306148
19659,67,1.0,12332.595608306148
19660,67,1.0,12332.595608306148
19661,67,1.0,12332.595608306148
19662,67,1.0,12332.595608306148
19663,67,1.0,12332.595608306148
19664,67,1.0,12332.595608306148
19665,67,0.36082115590572356,12332.595608306148
19809,67,0.04143157616364796,12332.595608306148
19810,67,0.9812316087470297,12332.595608306148
19811,67,1.0,12332.595608306148
19812,67,1.0,12332.595608306148
19813,67,1.0,12332.595608306148
19814,67,1.0,12332.595608306148
19815,67,1.0,12332.595608306148
19816,67,1.0,12332.595608306148
19817,67,1.0,12332.595608306148
19818,67,1.0,12332.595608306148
19819,67,1.0,12332.595608306148
19820,67,1.0,12332.595608306148
19821,67,1.0,12332.595608306148
19822,67,1.0,12332.595608306148
19823,67,1.0,12332.595608306148
19824,67,0.8752445199038841,12332.595608306148
19825,67,0.029822953668147852,12332.595608306148
19968,67,0.2599257857317179,12332.595608306148
19969,67,1.0,12332.595608306148
19970,67,1.0,12332.595608306148
19971,67,1.0,12332.595608306148
19972,67,1.0,12332.595608306148
19973,67,1.0,12332.595608306148
19974,67,1.0,12332.595608306148
19975,67,1.0,12332.595608306148
19976,67,1.0,12332.595608306148
19977,67,1.0,12332.595608306148
19978,67,1.0,12332.595608306148
19979,67,1.0,12332.595608306148
19980,67,1.0,12332.595608306148
19981,67,1.0,12332.595608306148
19982,67,1.0,12332.595608306148
19983,67,1.0,12332.595608306148
19984,67,0.4541112786931369,12332.595608306148
20127,67,0.40562255445748985,12332.595608306148
20128,67,0.9997465216124439,12332.595608306148
20129,67,1.0,12332.595608306148
20130,67,1.0,12332.595608306148
20131,67,1.0,12332.595608306148
20132,67,1.0,12332.595608306148
20133,67,1.0,12332.595608306148
20134,67,1.0,12332.595608306148
20135,67,1.0,12332.595608306148
20136,67,1.0,12332.595608306148
20137,67,1.0,12332.595608306148
20138,67,1.0,12332.595608306148
20139,67,1.0,12332.595608306148
20140,67,1.0,12332.595608306148
20141,67,1.0,12332.595608306148
20142,67,1.0,12332.595608306148
20143,67,0.929315833520468,12332.595608306148
20144,67,0.06424797457139418,12332.595608306148
20287,67,0.2074458385479894,12332.595608306148
20288,67,0.5803102056241329,12332.595608306148
20289,67,0.8557813389999506,12332.595608306148
20290,67,0.9960183920174955,12332.595608306148
20291,67,1.0,12332.595608306148
20292,67,1.0,12332.595608306148
20293,67,1.0,12332.595608306148
20294,67,1.0,12332.595608306148
20295,67,1.0,12332.595608306148
20296,67,1.0,12332.595608306148
20297,67,1.0,12332.595608306148
20298,67,1.0,12332.595608306148
20299,67,1.0,12332.595608306148
20300,67,1.0,12332.595608306148
20301,67,1.0,12332.595608306148
20302,67,1.0,12332.595608306148
20303,67,0.5329729540026164,12332.595608306148
20449,67,0.04336704179634796,12332.595608306148
20450,67,0.14744698747948573,12332.595608306148
20451,67,0.19363028043924338,12332.595608306148
20452,67,0.22095923222791158,12332.595608306148
20453,67,0.2436695927595767,12332.595608306148
20454,67,0.26659266178309915,12332.595608306148
20455,67,0.28632315491331567,12332.595608306148
20456,67,0.30989101381404716,12332.595608306148
20457,67,0.3359183837758902,12332.595608306148
20457,82,0.5269749706971385,20489.72686200664
20458,67,0.3609416634151922,12332.595608306148
20458,82,0.6390583365848078,20489.72686200664
20459,67,0.38594131611402616,12332.595608306148
20459,82,0.6140586838859738,20489.72686200664
20460,67,0.4109409688132675,12332.595608306148
20460,82,0.5890590311867325,20489.72686200664
20461,67,0.4359406215144275,12332.595608306148
20461,82,0.5640593784855725,20489.72686200664
20462,67,0.4248110629199645,12332.595608306148
20462,82,0.5390597383823416,20489.72686200664
20463,67,0.002624919451847357,12332.595608306148
20463,82,0.5141323941282273,20489.72686200664
20464,82,0.4911173415437605,20489.72686200664
20465,82,0.45551982361078264,20489.72686200664
20466,82,0.4247268703201045,20489.72686200664
20467,82,0.40205522087932244,20489.72686200664
20468,82,0.3758926807899001,20489.72686200664
20469,82,0.3483418382446418,20489.72686200664
20470,82,0.32252588874697685,20489.72686200664
20471,82,0.2953205945521593,20489.72686200664
20472,82,0.2725813349664211,20489.72686200664
20473,82,0.16166211311662135,20489.72686200664
20616,82,0.35718939012395495,20489.72686200664
20617,82,0.36063725606107805,20489.72686200664
20618,82,0.6610526455864562,20489.72686200664
20619,82,1.0,20489.72686200664
20620,82,1.0,20489.72686200664
20621,82,1.0,20489.72686200664
20622,82,1.0,20489.72686200664
20623,82,1.0,20489.72686200664
20624,82,1.0,20489.72686200664
20625,82,1.0,20489.72686200664
20626,82,1.0,20489.72686200664
20627,82,1.0,20489.72686200664
20628,82,1.0,20489.72686200664
20629,82,1.0,20489.72686200664
20630,82,1.0,20489.72686200664
20631,82,1.0,20489.72686200664
20632,82,0.9208959494141367,20489.72686200664
20633,82,0.06255554805872987,20489.72686200664
20777,82,0.05950155997872353,20489.72686200664
20778,82,0.9562194053605851,20489.72686200664
20779,82,1.0,20489.72686200664
20780,82,1.0,20489.72686200664
20781,82,1.0,20489.72686200664
20782,82,1.0,20489.72686200664
20783,82,1.0,20489.72686200664
20784,82,1.0,20489.72686200664
20785,82,1.0,20489.72686200664
20786,82,1.0,20489.72686200664
20787,82,1.0,20489.72686200664
20788,82,1.0,20489.72686200664
20789,82,1.0,20489.72686200664
20790,82,1.0,20489.72686200664
20791,82,1.0,20489.72686200664
20792,82,0.5016815475178926,20489.72686200664
20792,83,0.04041617148864378,89135.43290113316
20937,82,0.6066015194374028,20489.72686200664
20938,82,1.0,20489.72686200664
20939,82,1.0,20489.72686200664
20940,82,1.0,20489.72686200664
20941,82,1.0,20489.72686200664
20942,82,1.0,20489.72686200664
20943,82,1.0,20489.72686200664
20944,82,1.0,20489.72686200664
20945,82,1.0,20489.72686200664
20946,82,1.0,20489.72686200664
20947,82,1.0,20489.72686200664
20948,82,1.0,20489.72686200664
20949,82,0.9057018615000653,20489.72686200664
20949,83,0.09429813849993475,89135.43290113316
20950,82,0.42289604711297585,20489.72686200664
20950,83,0.5771039528870241,89135.43290113316
20951,82,0.028179974869659678,20489.72686200664
20951,83,0.9440165653146386,89135.43290113316
20952,83,0.12329464101438242,89135.43290113316
21096,82,0.18048883184683032,20489.72686200664
21097,82,0.9930778592437712,20489.72686200664
21098,82,1.0,20489.72686200664
21099,82,1.0,20489.72686200664
21100,82,1.0,20489.72686200664
21101,82,1.0,20489.72686200664
21102,82,1.0,20489.72686200664
21103,82,1.0,20489.72686200664
21104,82,1.0,20489.72686200664
21105,82,1.0,20489.72686200664
21106,82,0.8968415534390463,20489.72686200664
21106,83,0.1031584465609538,89135.43290113316
21107,82,0.4386803430663387,20489.72686200664
21107,83,0.5613196569336614,89135.43290113316
21108,82,0.037250892846948096,20489.72686200664
21108,83,0.962749107153052,89135.43290113316
21109,83,1.0,89135.43290113316
21110,83,1.0,89135.43290113316
21111,83,0.6313389529529173,89135.43290113316
21256,82,0.5625705855379345,20489.72686200664
21257,82,1.0,20489.72686200664
21258,82,1.0,20489.72686200664
21259,82,1.0,20489.72686200664
21260,82,1.0,20489.72686200664
21261,82,1.0,20489.72686200664
21262,82,1.0,20489.72686200664
21263,82,0.9001356013430657,20489.72686200664
21263,83,0.09986439865693429,89135.43290113316
21264,82,0.4142652297282006,20489.72686200664
21264,83,0.5857347702717993,89135.43290113316
21265,82,0.029636305056468193,20489.72686200664
21265,83,0.9703636949435318,89135.43290113316
21266,83,1.0,89135.43290113316
21267,83,1.0,89135.43290113316
21268,83,1.0,89135.43290113316
21269,83,1.0,89135.43290113316
21270,83,0.9911997542179793,89135.43290113316
21271,83,0.1805214352695789,89135.43290113316
21415,82,0.040979285281896594,20489.72686200664
21416,82,0.9159474541577222,20489.72686200664
21417,82,1.0,20489.72686200664
21418,82,1.0,20489.72686200664
21419,82,1.0,20489.72686200664
21420,82,0.9993611806682279,20489.72686200664
21420,83,0.0006388193317721723,89135.43290113316
21421,82,0.6078421649805726,20489.72686200664
21421,83,0.39215783501942736,89135.43290113316
21422,82,0.0510787885427475,20489.72686200664
21422,83,0.9489212114572525,89135.43290113316
21423,83,1.0,89135.43290113316
21424,83,1.0,89135.43290113316
21425,83,1.0,89135.43290113316
21426,83,1.0,89135.43290113316
21427,83,1.0,89135.43290113316
21428,83,1.0,89135.43290113316
21429,83,1.0,89135.43290113316
21430,83,0.7085854348673255,89135.43290113316
21575,82,0.5737334782371512,20489.72686200664
21576,82,1.0,20489.72686200664
21577,82,1.0,20489.72686200664
21578,82,0.9024044778201818,20489.72686200664
21578,83,0.09759552217981814,89135.43290113316
21579,82,0.33687756718149314,20489.72686200664
21579,83,0.6631224328185068,89135.43290113316
21580,83,1.0,89135.43290113316
21581,83,1.0,89135.43290113316
21582,83,1.0,89135.43290113316
21583,83,1.0,89135.43290113316
21584,83,1.0,89135.43290113316
21585,83,1.0,89135.43290113316
21586,83,1.0,89135.43290113316
21587,83,1.0,89135.43290113316
21588,83,1.0,89135.43290113316
21589,83,0.999588386192358,89135.43290113316
21590,83,0.24584760405549846,89135.43290113316
21734,82,0.2308593194332259,20489.72686200664
21734,83,0.005575249956539906,89135.43290113316
21735,82,0.6672917046623914,20489.72686200664
21735,83,0.33270829533760865,89135.43290113316
21736,82,0.2802155630677938,20489.72686200664
21736,83,0.7197844369322062,89135.43290113316
21737,82,0.01448772079311851,20489.72686200664
21737,83,0.9855122792068814,89135.43290113316
21738,83,1.0,89135.43290113316
21739,83,1.0,89135.43290113316
21740,83,1.0,89135.43290113316
21741,83,1.0,89135.43290113316
21742,83,1.0,89135.43290113316
21743,83,1.0,89135.43290113316
21744,83,1.0,89135.43290113316
21745,83,1.0,89135.43290113316
21746,83,1.0,89135.43290113316
21747,83,1.0,89135.43290113316
21748,83,1.0,89135.43290113316
21749,83,0.7825639124714808,89135.43290113316
21750,83,0.002522961991274678,89135.43290113316
21893,83,0.010389623267995073,89135.43290113316
21894,83,0.9578392407535878,89135.43290113316
21895,83,1.0,89135.43290113316
21896,83,1.0,89135.43290113316
21897,83,1.0,89135.43290113316
21898,83,1.0,89135.43290113316
21899,83,1.0,89135.43290113316
21900,83,1.0,89135.43290113316
21901,83,1.0,89135.43290113316
21902,83,1.0,89135.43290113316
21903,83,1.0,89135.43290113316
21904,83,1.0,89135.43290113316
21905,83,1.0,89135.43290113316
21906,83,1.0,89135.43290113316
21907,83,1.0,89135.43290113316
21908,83,1.0,89135.43290113316
21909,83,0.3225251090291767,89135.43290113316
22053,83,0.8300103831412942,89135.43290113316
22054,83,1.0,89135.43290113316
22055,83,1.0,89135.43290113316
22056,83,1.0,89135.43290113316
22057,83,1.0,89135.43290113316
22058,83,1.0,89135.43290113316
22059,83,1.0,89135.43290113316
22060,83,1.0,89135.43290113316
22061,83,1.0,89135.43290113316
22062,83,1.0,89135.43290113316
22063,83,1.0,89135.43290113316
22064,83,1.0,89135.43290113316
22065,83,1.0,89135.43290113316
22066,83,1.0,89135.43290113316
22067,83,1.0,89135.43290113316
22068,83,0.8444927276338473,89135.43290113316
22069,83,0.014821658020433438,89135.43290113316
22212,83,0.7425056760259195,89135.43290113316
22213,83,1.0,89135.43290113316
22214,83,0.9999471781334373,89135.43290113316
22215,83,0.8215969451900662,89135.43290113316
22216,83,0.47703178309415445,89135.43290113316
22217,83,0.20811604487237895,89135.43290113316
22218,83,0.9452421270848953,89135.43290113316
22219,83,1.0,89135.43290113316
22220,83,1.0,89135.43290113316
22221,83,1.0,89135.43290113316
22222,83,1.0,89135.43290113316
22223,83,1.0,89135.43290113316
22224,83,1.0,89135.43290113316
22225,83,1.0,89135.43290113316
22226,83,1.0,89135.43290113316
22227,83,1.0,89135.43290113316
22228,83,0.3920458588719368,89135.43290113316
22371,83,0.5550530701683613,89135.43290113316
22372,83,0.5358842299230931,89135.43290113316
22373,83,0.1663862048948813,89135.43290113316
22377,83,0.5000635628720743,89135.43290113316
22378,83,1.0,89135.43290113316
22379,83,1.0,89135.43290113316
22380,83,1.0,89135.43290113316
22381,83,1.0,89135.43290113316
22382,83,1.0,89135.43290113316
22383,83,1.0,89135.43290113316
22384,83,1.0,89135.43290113316
22385,83,1.0,89135.43290113316
22386,83,0.9336773340056841,89135.43290113316
22387,83,0.4052424584433241,89135.43290113316
22536,83,0.05400486696535649,89135.43290113316
22537,83,0.9219630250098647,89135.43290113316
22538,83,1.0,89135.43290113316
22539,83,1.0,89135.43290113316
22540,83,1.0,89135.43290113316
22541,83,1.0,89135.43290113316
22542,83,1.0,89135.43290113316
22543,83,0.9541127072369833,89135.43290113316
22544,83,0.5188675296034523,89135.43290113316
22545,83,0.0637305006549712,89135.43290113316
22696,83,0.4567369863275761,89135.43290113316
22697,83,1.0,89135.43290113316
22698,83,1.0,89135.43290113316
22699,83,1.0,89135.43290113316
22700,83,0.9690518480094975,89135.43290113316
22701,83,0.5623235715661662,89135.43290113316
22702,83,0.08707041565639834,89135.43290113316
22855,83,0.03607724815915846,89135.43290113316
22856,83,0.8948573494315147,89135.43290113316
22857,83,0.9819956132061646,89135.43290113316
22858,83,0.5955074274489217,89135.43290113316
22859,83,0.11004535487724834,89135.43290113316
23015,83,0.25903598086430907,89135.43290113316
23016,83,0.14181499868163197,89135.43290113316
