cell_id,building_id,existing_trees,required_trees
13135,4,0,3
13294,4,0,3
13134,4,0,3
13293,4,0,3
13133,4,0,3
13292,4,0,3
12976,5,0,3
12975,5,0,3
13135,5,0,3
13294,5,0,3
13134,5,0,3
13293,5,0,3
13136,7,0,3
12977,7,0,3
12817,7,0,3
12976,7,0,3
12975,7,0,3
13135,7,0,3
13136,8,0,3
12977,8,0,3
12976,8,0,3
13135,8,0,3
12655,9,0,3
12814,9,0,3
12654,9,0,3
12813,9,0,3
12656,15,0,3
12815,15,0,3
12655,15,0,3
12814,15,0,3
12654,15,0,3
12813,15,0,3
13137,32,0,3
13296,32,0,3
13136,32,0,3
13295,32,0,3
13137,33,0,3
13296,33,0,3
13136,33,0,3
13295,33,0,3
12978,33,0,3
12977,33,0,3
13137,34,0,3
13296,34,0,3
13455,34,0,3
13136,34,0,3
13295,34,0,3
13454,34,0,3
13296,35,0,3
13455,35,0,3
13295,35,0,3
13454,35,0,3
13137,36,0,3
13296,36,0,3
13136,36,0,3
13295,36,0,3
13135,36,0,3
13294,36,0,3
13135,37,0,3
13294,37,0,3
13134,37,0,3
13293,37,0,3
13136,38,0,3
13295,38,0,3
13135,38,0,3
13294,38,0,3
13134,38,0,3
13293,38,0,3
13295,39,0,3
13454,39,0,3
13294,39,0,3
13453,39,0,3
13137,40,0,3
13296,40,0,3
13455,40,0,3
13295,40,0,3
13454,40,0,3
13137,41,0,3
13136,41,0,3
13295,41,0,3
12977,41,0,3
12976,41,0,3
13135,41,0,3
13294,41,0,3
13752,58,0,3
13911,58,0,3
13751,58,0,3
13910,58,0,3
14069,58,0,3
13750,58,0,3
13909,58,0,3
12973,93,0,3
12972,93,0,3
13132,93,0,3
13131,93,0,3
13130,93,0,3
12971,93,0,3
12813,94,0,3
12972,94,0,3
13131,94,0,3
13130,94,0,3
12812,94,0,3
12971,94,0,3
12814,95,0,3
12973,95,0,3
12813,95,0,3
12972,95,0,3
13764,146,0,3
13923,146,0,3
13763,146,0,3
13922,146,0,3
15201,154,0,3
15200,154,0,3
15199,154,0,3
15360,154,0,3
15359,154,0,3
15358,154,0,3
15201,155,0,3
15200,155,0,3
15360,155,0,3
15519,155,0,3
15359,155,0,3
15518,155,0,3
15838,157,0,3
15997,157,0,3
15837,157,0,3
15996,157,0,3
15681,165,0,3
15680,165,0,3
15839,165,0,3
15838,165,0,3
15679,165,0,3
15840,166,0,3
15680,166,0,3
15839,166,0,3
15998,166,0,3
15838,166,0,3
15997,166,0,3
15679,166,0,3
15840,167,0,3
15999,167,0,3
15839,167,0,3
15998,167,0,3
15838,167,0,3
15997,167,0,3
15840,168,0,3
15681,168,0,3
15680,168,0,3
15839,168,0,3
13131,171,2,1
13290,171,2,1
13130,171,2,1
13289,171,2,1
13129,174,0,3
13288,174,0,3
12970,174,0,3
12969,174,0,3
13128,174,0,3
13287,174,0,3
13129,175,1,2
13288,175,1,2
13128,175,1,2
13287,175,1,2
13926,176,0,3
14085,176,0,3
13925,176,0,3
14084,176,0,3
13449,178,0,3
13608,178,0,3
13448,178,0,3
13607,178,0,3
13447,178,0,3
13606,178,0,3
13766,179,0,3
13765,179,0,3
13924,179,0,3
13607,179,0,3
13606,179,0,3
13764,179,0,3
13448,181,0,3
13607,181,0,3
13447,181,0,3
13606,181,0,3
13446,181,0,3
13605,181,0,3
13449,182,0,3
13608,182,0,3
13448,182,0,3
13607,182,0,3
13769,184,0,3
13768,184,0,3
13610,184,0,3
13609,184,0,3
13452,185,0,3
13611,185,0,3
13451,185,0,3
13610,185,0,3
13450,185,0,3
13609,185,0,3
13768,186,0,3
13609,186,0,3
13767,186,0,3
13766,186,0,3
13608,186,0,3
13769,187,0,3
13928,187,0,3
13768,187,0,3
13927,187,0,3
13610,187,0,3
13609,187,0,3
13768,188,0,3
13450,188,0,3
13609,188,0,3
13767,188,0,3
13449,188,0,3
13608,188,0,3
13610,189,0,3
13450,189,0,3
13609,189,0,3
13449,189,0,3
13608,189,0,3
13769,190,0,3
13928,190,0,3
13768,190,0,3
13927,190,0,3
13767,190,0,3
13926,190,0,3
13611,191,0,3
13769,191,0,3
13768,191,0,3
13451,191,0,3
13610,191,0,3
13450,191,0,3
13609,191,0,3
15176,229,0,3
15335,229,0,3
15175,229,0,3
15334,229,0,3
15174,229,0,3
15333,229,0,3
15491,230,0,3
15490,230,0,3
15173,230,0,3
15332,230,0,3
15172,230,0,3
15331,230,0,3
14884,253,2,1
14725,253,2,1
14724,253,2,1
14883,253,2,1
14723,254,0,3
14722,254,0,3
14721,254,0,3
14882,254,0,3
14881,254,0,3
14880,254,0,3
14565,255,0,3
14724,255,0,3
14564,255,0,3
14723,255,0,3
14883,255,0,3
14882,255,0,3
15004,257,1,2
15163,257,1,2
15003,257,1,2
15162,257,1,2
14405,258,0,3
14564,258,0,3
14404,258,0,3
14563,258,0,3
14246,259,0,3
14405,259,0,3
14245,259,0,3
14404,259,0,3
14246,260,0,3
14405,260,0,3
14564,260,0,3
14245,260,0,3
14404,260,0,3
14563,260,0,3
14245,261,2,1
14404,261,2,1
14244,261,2,1
14403,261,2,1
14246,262,0,3
14245,262,0,3
14404,262,0,3
14244,262,0,3
14403,262,0,3
14086,262,0,3
14085,262,0,3
14406,264,0,3
14246,264,0,3
14405,264,0,3
14564,264,0,3
14245,264,0,3
14404,264,0,3
14408,265,0,3
14567,265,0,3
14407,265,0,3
14566,265,0,3
14406,265,0,3
14565,265,0,3
14247,266,0,3
14406,266,0,3
14246,266,0,3
14405,266,0,3
14246,267,0,3
14405,267,0,3
14245,267,0,3
14404,267,0,3
14086,267,0,3
14090,268,0,3
14249,268,0,3
14248,268,0,3
14089,268,0,3
14249,269,0,3
14408,269,0,3
14248,269,0,3
14407,269,0,3
14247,269,0,3
14406,269,0,3
14089,269,0,3
15168,272,0,3
15008,272,0,3
15167,272,0,3
15009,272,0,3
15168,273,0,3
15327,273,0,3
15169,273,0,3
15328,273,0,3
15006,275,0,3
15165,275,0,3
15324,275,0,3
15005,275,0,3
15164,275,0,3
15323,275,0,3
13775,280,0,3
13457,280,0,3
13616,280,0,3
13456,280,0,3
13615,280,0,3
13774,280,0,3
13616,281,0,3
13456,281,0,3
13615,281,0,3
13455,281,0,3
13614,281,0,3
13774,281,0,3
13773,281,0,3
13775,282,0,3
13616,282,0,3
13615,282,0,3
13774,282,0,3
13778,283,0,3
13937,283,0,3
14096,283,0,3
13777,283,0,3
13936,283,0,3
14095,283,0,3
13775,284,0,3
13457,284,0,3
13616,284,0,3
13456,284,0,3
13615,284,0,3
13774,284,0,3
13778,286,0,3
13937,286,0,3
14096,286,0,3
13777,286,0,3
13936,286,0,3
14095,286,0,3
13777,287,0,3
13936,287,0,3
14095,287,0,3
13776,287,0,3
13935,287,0,3
14094,287,0,3
13775,288,0,3
13934,288,0,3
13774,288,0,3
13933,288,0,3
13932,288,0,3
13456,289,0,3
13615,289,0,3
13455,289,0,3
13614,289,0,3
13777,291,0,3
13936,291,0,3
13776,291,0,3
13935,291,0,3
13300,292,0,3
13459,292,0,3
13299,292,0,3
13458,292,0,3
13298,292,0,3
13457,292,0,3
13771,350,0,3
13930,350,0,3
14089,350,0,3
13770,350,0,3
13929,350,0,3
14088,350,0,3
13931,351,0,3
14090,351,0,3
13930,351,0,3
14089,351,0,3
13929,351,0,3
14088,351,0,3
13771,352,0,3
13612,352,0,3
13611,352,0,3
13930,352,0,3
13770,352,0,3
13929,352,0,3
13771,353,0,3
13930,353,0,3
13770,353,0,3
13929,353,0,3
13771,355,0,3
13930,355,0,3
13770,355,0,3
13929,355,0,3
14247,356,0,3
14246,356,0,3
13929,356,0,3
14088,356,0,3
13928,356,0,3
14087,356,0,3
13611,357,0,3
13770,357,0,3
13769,357,0,3
13928,357,0,3
13768,357,0,3
13610,357,0,3
13609,357,0,3
13930,358,0,3
14089,358,0,3
13770,358,0,3
13929,358,0,3
14088,358,0,3
13928,358,0,3
14087,358,0,3
13930,359,0,3
14089,359,0,3
13929,359,0,3
14088,359,0,3
13928,359,0,3
14087,359,0,3
13772,360,0,3
13771,360,0,3
13613,360,0,3
13612,360,0,3
13772,361,0,3
13771,361,0,3
13613,361,0,3
13612,361,0,3
13611,361,0,3
13770,361,0,3
13773,362,0,3
13932,362,0,3
13772,362,0,3
13931,362,0,3
13614,363,0,3
13773,363,0,3
13772,363,0,3
13613,363,0,3
13293,364,0,3
13452,364,0,3
13292,364,0,3
13451,364,0,3
13453,365,0,3
13612,365,0,3
13452,365,0,3
13611,365,0,3
13451,365,0,3
13610,365,0,3
13773,366,0,3
13932,366,0,3
14091,366,0,3
13772,366,0,3
13931,366,0,3
14090,366,0,3
13293,367,0,3
13452,367,0,3
13292,367,0,3
13451,367,0,3
13291,367,0,3
13450,367,0,3
13771,368,0,3
13453,368,0,3
13612,368,0,3
13452,368,0,3
13611,368,0,3
13770,368,0,3
13453,369,0,3
13612,369,0,3
13452,369,0,3
13611,369,0,3
13451,369,0,3
13610,369,0,3
13614,370,0,3
13773,370,0,3
13932,370,0,3
13772,370,0,3
13931,370,0,3
13613,370,0,3
14090,371,0,3
14249,371,0,3
14408,371,0,3
14248,371,0,3
14407,371,0,3
14089,371,0,3
14410,372,0,3
14569,372,0,3
14409,372,0,3
14568,372,0,3
14408,372,0,3
14567,372,0,3
14251,373,0,3
13933,373,0,3
14092,373,0,3
13932,373,0,3
14091,373,0,3
14250,373,0,3
14249,376,0,3
14408,376,0,3
14567,376,0,3
14407,376,0,3
14566,376,0,3
14251,377,0,3
14092,377,0,3
14091,377,0,3
14250,377,0,3
14091,378,0,3
14090,378,0,3
14250,378,0,3
14409,378,0,3
14249,378,0,3
15047,380,0,3
15206,380,0,3
15364,380,0,3
15046,380,0,3
15205,380,0,3
15045,380,0,3
15204,380,0,3
15044,386,0,3
15203,386,0,3
15043,386,0,3
15202,386,0,3
15045,387,0,3
15204,387,0,3
15044,387,0,3
15203,387,0,3
14730,389,0,3
14889,389,0,3
14729,389,0,3
14888,389,0,3
15362,391,0,3
15521,391,0,3
15361,391,0,3
15520,391,0,3
15841,392,0,3
15840,392,0,3
15682,392,0,3
15681,392,0,3
15680,392,0,3
15839,392,0,3
15364,393,0,3
15363,393,0,3
15362,393,0,3
15205,393,0,3
15204,393,0,3
15203,393,0,3
15841,394,0,3
15840,394,0,3
15523,394,0,3
15682,394,0,3
15522,394,0,3
15681,394,0,3
15362,395,0,3
15521,395,0,3
15361,395,0,3
15520,395,0,3
15525,396,0,3
15684,396,0,3
15524,396,0,3
15683,396,0,3
15364,397,0,3
15523,397,0,3
15363,397,0,3
15522,397,0,3
15208,398,0,3
15207,398,0,3
15367,398,0,3
15526,398,0,3
15366,398,0,3
15525,398,0,3
15364,399,0,3
15363,399,0,3
15362,399,0,3
15205,399,0,3
15204,399,0,3
15203,399,0,3
15366,400,0,3
15525,400,0,3
15365,400,0,3
15524,400,0,3
15525,403,0,3
15684,403,0,3
15524,403,0,3
15843,403,0,3
15842,403,0,3
15683,403,0,3
15368,404,0,3
15527,404,0,3
15367,404,0,3
15526,404,0,3
15366,404,0,3
15525,404,0,3
15050,406,0,3
15209,406,0,3
15049,406,0,3
15208,406,0,3
15368,406,0,3
15367,406,0,3
15684,408,0,3
15524,408,0,3
15843,408,0,3
15842,408,0,3
15841,408,0,3
15683,408,0,3
15682,408,0,3
13935,411,2,1
14094,411,2,1
13934,411,2,1
14093,411,2,1
13933,411,2,1
14092,411,2,1
14411,412,0,3
14570,412,0,3
14410,412,0,3
14569,412,0,3
14409,412,0,3
14568,412,0,3
13934,414,0,3
14093,414,0,3
14252,414,0,3
14251,414,0,3
13933,414,0,3
14092,414,0,3
13935,416,2,1
14094,416,2,1
13934,416,2,1
14093,416,2,1
13933,416,2,1
14092,416,2,1
14254,417,0,3
14094,417,0,3
14093,417,0,3
14253,417,0,3
14252,417,0,3
14251,418,0,3
14410,418,0,3
14250,418,0,3
14409,418,0,3
14254,420,0,3
14413,420,0,3
14095,420,0,3
14094,420,0,3
14253,420,0,3
14412,420,0,3
14253,421,2,1
14412,421,2,1
14252,421,2,1
14411,421,2,1
14254,423,0,3
14413,423,0,3
14095,423,0,3
14094,423,0,3
14253,423,0,3
14412,423,0,3
14252,423,0,3
14254,424,0,3
14095,424,0,3
14094,424,0,3
14093,424,0,3
14253,424,0,3
14252,424,0,3
14413,425,0,3
14572,425,0,3
14412,425,0,3
14571,425,0,3
14411,425,0,3
14570,425,0,3
14413,426,0,3
14572,426,0,3
14412,426,0,3
14571,426,0,3
14254,427,0,3
13936,427,0,3
14095,427,0,3
13935,427,0,3
14094,427,0,3
14253,427,0,3
14255,428,0,3
14414,428,0,3
14573,428,0,3
14254,428,0,3
14413,428,0,3
14572,428,0,3
14097,429,0,3
14256,429,0,3
14255,429,0,3
14254,429,0,3
14096,429,0,3
14095,429,0,3
14097,430,0,3
14256,430,0,3
14255,430,0,3
14096,430,0,3
14414,431,0,3
14573,431,0,3
14413,431,0,3
14572,431,0,3
14254,432,0,3
14413,432,0,3
14253,432,0,3
14412,432,0,3
14255,434,0,3
14414,434,0,3
14254,434,0,3
14413,434,0,3
14253,434,0,3
14412,434,0,3
14256,435,0,3
14255,435,0,3
14414,435,0,3
14254,435,0,3
14413,435,0,3
14096,435,0,3
14255,436,0,3
14414,436,0,3
14254,436,0,3
14413,436,0,3
13938,438,1,2
14097,438,1,2
13937,438,1,2
14096,438,1,2
13936,438,1,2
14095,438,1,2
13937,439,1,2
14255,439,1,2
14254,439,1,2
14096,439,1,2
13936,439,1,2
14095,439,1,2
14094,439,1,2
14254,440,0,3
14095,440,0,3
14094,440,0,3
14253,440,0,3
13936,441,0,3
14095,441,0,3
13935,441,0,3
14094,441,0,3
13937,442,1,2
14096,442,1,2
13936,442,1,2
14095,442,1,2
13935,442,1,2
14094,442,1,2
16315,470,0,3
16314,470,0,3
16156,470,0,3
16155,470,0,3
16314,471,0,3
16313,471,0,3
16312,471,0,3
16155,471,0,3
16154,471,0,3
16153,471,0,3
16314,472,0,3
16313,472,0,3
16472,472,0,3
16312,472,0,3
16155,472,0,3
16154,472,0,3
16153,472,0,3
16314,473,0,3
16313,473,0,3
16155,473,0,3
16154,473,0,3
16313,474,0,3
16472,474,0,3
16312,474,0,3
16471,474,0,3
16154,474,0,3
16153,474,0,3
16313,477,0,3
16472,477,0,3
16312,477,0,3
16471,477,0,3
16311,477,0,3
16470,477,0,3
16791,478,1,2
16632,478,1,2
16631,478,1,2
16790,478,1,2
16630,478,1,2
16315,479,0,3
16474,479,0,3
16314,479,0,3
16473,479,0,3
16156,479,0,3
16155,479,0,3
16313,480,0,3
16472,480,0,3
16312,480,0,3
16471,480,0,3
16154,480,0,3
16153,480,0,3
16314,481,0,3
16473,481,0,3
16313,481,0,3
16472,481,0,3
16313,482,0,3
16312,482,0,3
16154,482,0,3
16153,482,0,3
15999,498,0,3
16158,498,0,3
15998,498,0,3
16157,498,0,3
15999,499,0,3
16158,499,0,3
15839,499,0,3
15998,499,0,3
16157,499,0,3
15997,499,0,3
16156,499,0,3
16317,507,0,3
16316,507,0,3
16315,507,0,3
16158,507,0,3
16157,507,0,3
16156,507,0,3
15999,509,0,3
16158,509,0,3
15998,509,0,3
16157,509,0,3
16318,511,0,3
16317,511,0,3
16316,511,0,3
16159,511,0,3
15999,511,0,3
16158,511,0,3
16157,511,0,3
16322,512,0,3
16481,512,0,3
16321,512,0,3
16480,512,0,3
16320,512,0,3
16479,512,0,3
16639,512,0,3
16318,513,0,3
16317,513,0,3
16000,513,0,3
16159,513,0,3
15999,513,0,3
16158,513,0,3
15841,514,0,3
16000,514,0,3
15840,514,0,3
15999,514,0,3
16322,515,0,3
16481,515,0,3
16321,515,0,3
16480,515,0,3
16479,515,0,3
16639,515,0,3
16002,516,0,3
16161,516,0,3
16001,516,0,3
16160,516,0,3
16000,516,0,3
16159,516,0,3
16321,517,0,3
16480,517,0,3
16320,517,0,3
16479,517,0,3
16319,517,0,3
16478,517,0,3
16321,518,0,3
16480,518,0,3
16320,518,0,3
16479,518,0,3
16639,518,0,3
16638,518,0,3
16002,519,0,3
16161,519,0,3
16001,519,0,3
16160,519,0,3
16000,519,0,3
16159,519,0,3
15841,520,0,3
16000,520,0,3
16159,520,0,3
15840,520,0,3
15999,520,0,3
16158,520,0,3
16320,521,0,3
16479,521,0,3
16319,521,0,3
16478,521,0,3
16319,522,0,3
16478,522,0,3
16318,522,0,3
16477,522,0,3
16160,522,0,3
16159,522,0,3
15842,524,0,3
16001,524,0,3
15841,524,0,3
16000,524,0,3
16159,524,0,3
15840,524,0,3
15999,524,0,3
16319,526,0,3
16318,526,0,3
16317,526,0,3
16160,526,0,3
16159,526,0,3
16158,526,0,3
16320,527,0,3
16319,527,0,3
16002,527,0,3
16161,527,0,3
16001,527,0,3
16160,527,0,3
16000,528,0,3
15840,528,0,3
15999,528,0,3
15839,528,0,3
15998,528,0,3
16321,529,0,3
16320,529,0,3
16162,529,0,3
16161,529,0,3
16320,530,0,3
16479,530,0,3
16319,530,0,3
16478,530,0,3
16481,531,0,3
16321,531,0,3
16480,531,0,3
16320,531,0,3
16479,531,0,3
16639,531,0,3
16638,531,0,3
16322,533,0,3
16481,533,0,3
16321,533,0,3
16480,533,0,3
15842,534,0,3
16001,534,0,3
16160,534,0,3
15841,534,0,3
16000,534,0,3
16159,534,0,3
15841,535,0,3
16000,535,0,3
16159,535,0,3
15840,535,0,3
15999,535,0,3
16158,535,0,3
15998,535,0,3
15844,536,0,3
15526,536,0,3
15685,536,0,3
15525,536,0,3
15684,536,0,3
15843,536,0,3
15843,537,0,3
16002,537,0,3
15842,537,0,3
16001,537,0,3
15842,539,0,3
15841,539,0,3
16000,539,0,3
15840,539,0,3
15682,539,0,3
15681,539,0,3
15999,539,0,3
16003,548,0,3
16162,548,0,3
16002,548,0,3
16161,548,0,3
16321,549,0,3
16320,549,0,3
16003,549,0,3
16162,549,0,3
16002,549,0,3
16161,549,0,3
16640,565,0,3
16481,565,0,3
16480,565,0,3
16479,565,0,3
16639,565,0,3
16638,565,0,3
16469,566,0,3
16628,566,0,3
16468,566,0,3
16627,566,0,3
16311,567,0,3
16470,567,0,3
16310,567,0,3
16469,567,0,3
16310,568,0,3
16469,568,0,3
16628,568,0,3
16309,568,0,3
16468,568,0,3
16627,568,0,3
16788,570,0,3
16470,570,0,3
16629,570,0,3
16469,570,0,3
16628,570,0,3
16787,570,0,3
16311,571,0,3
16470,571,0,3
16629,571,0,3
16310,571,0,3
16469,571,0,3
16628,571,0,3
16788,572,0,3
16630,572,0,3
16470,572,0,3
16629,572,0,3
16628,572,0,3
16787,572,0,3
10909,610,0,3
10908,610,0,3
10907,610,0,3
10750,610,0,3
10749,610,0,3
10748,610,0,3
10426,613,0,3
10585,613,0,3
10425,613,0,3
10584,613,0,3
10398,617,0,3
10557,617,0,3
10397,617,0,3
10556,617,0,3
9790,622,0,3
9949,622,0,3
9789,622,0,3
9948,622,0,3
9947,622,0,3
11056,625,0,3
11215,625,0,3
10896,625,0,3
11055,625,0,3
11214,625,0,3
11054,625,0,3
11213,625,0,3
10260,627,0,3
10419,627,0,3
10259,627,0,3
10418,627,0,3
10258,627,0,3
10417,627,0,3
8348,631,1,2
8507,631,1,2
8347,631,1,2
8506,631,1,2
8348,632,0,3
8507,632,0,3
8347,632,0,3
8506,632,0,3
8349,633,2,1
8508,633,2,1
8348,633,2,1
8507,633,2,1
8347,633,2,1
8506,633,2,1
8507,634,0,3
8666,634,0,3
8506,634,0,3
8665,634,0,3
8505,634,0,3
8664,634,0,3
10428,644,0,3
10587,644,0,3
10427,644,0,3
10586,644,0,3
19176,653,0,3
19335,653,0,3
19175,653,0,3
19334,653,0,3
18389,656,0,3
18548,656,0,3
18388,656,0,3
18547,656,0,3
18549,659,0,3
18708,659,0,3
18389,659,0,3
18548,659,0,3
18707,659,0,3
18547,659,0,3
18706,659,0,3
18868,660,0,3
19027,660,0,3
18867,660,0,3
19026,660,0,3
19186,660,0,3
19185,660,0,3
25681,662,0,3
25840,662,0,3
25680,662,0,3
25839,662,0,3
25679,662,0,3
25838,662,0,3
20447,667,0,3
20606,667,0,3
20446,667,0,3
20605,667,0,3
20288,667,0,3
20287,667,0,3
20446,668,0,3
20445,668,0,3
20604,668,0,3
20444,668,0,3
20603,668,0,3
20286,668,0,3
20285,668,0,3
18400,691,0,3
18559,691,0,3
18399,691,0,3
18558,691,0,3
18398,691,0,3
18557,691,0,3
23307,709,0,3
23466,709,0,3
23625,709,0,3
23306,709,0,3
23465,709,0,3
23624,709,0,3
21587,719,0,3
21746,719,0,3
21586,719,0,3
21745,719,0,3
21904,719,0,3
21585,719,0,3
21744,719,0,3
21743,724,0,3
21902,724,0,3
22061,724,0,3
21742,724,0,3
21901,724,0,3
22060,724,0,3
21746,725,0,3
21905,725,0,3
21745,725,0,3
21904,725,0,3
19206,737,1,2
19205,737,1,2
19047,737,1,2
18887,737,1,2
19046,737,1,2
19204,737,1,2
19045,737,1,2
14099,755,0,3
14258,755,0,3
14257,755,0,3
14098,755,0,3
14097,755,0,3
14256,755,0,3
8341,776,0,3
8342,776,0,3
8183,776,0,3
8182,776,0,3
6584,779,0,3
6743,779,0,3
6583,779,0,3
6742,779,0,3
3882,872,0,3
3881,872,0,3
3723,872,0,3
3722,872,0,3
15839,905,0,3
15998,905,0,3
15838,905,0,3
15997,905,0,3
13768,907,0,3
13450,907,0,3
13609,907,0,3
13767,907,0,3
13449,907,0,3
13608,907,0,3
12497,909,0,3
12656,909,0,3
12815,909,0,3
12496,909,0,3
12655,909,0,3
12814,909,0,3
12975,913,0,3
12974,913,0,3
13134,913,0,3
13293,913,0,3
13133,913,0,3
13292,913,0,3
18225,927,0,3
18224,927,0,3
18384,927,0,3
18383,927,0,3
14254,935,0,3
14413,935,0,3
14095,935,0,3
14253,935,0,3
14412,935,0,3
13940,967,0,3
14099,967,0,3
14258,967,0,3
14257,967,0,3
13939,967,0,3
14098,967,0,3
7227,977,0,3
7226,977,0,3
7068,977,0,3
6908,977,0,3
7067,977,0,3
7225,977,0,3
7066,977,0,3
10584,1225,0,3
10743,1225,0,3
10583,1225,0,3
10742,1225,0,3
10584,1226,0,3
10743,1226,0,3
10583,1226,0,3
10742,1226,0,3
2761,1952,2,1
2760,1952,2,1
2602,1952,2,1
2601,1952,2,1
2283,1953,0,3
2442,1953,0,3
2282,1953,0,3
2441,1953,0,3
3081,1954,0,3
3240,1954,0,3
3399,1954,0,3
3080,1954,0,3
3239,1954,0,3
3398,1954,0,3
2441,1960,0,3
2600,1960,0,3
2440,1960,0,3
2599,1960,0,3
2439,1960,0,3
2598,1960,0,3
2599,1964,0,3
2758,1964,0,3
2598,1964,0,3
2757,1964,0,3
2441,1965,0,3
2600,1965,0,3
2440,1965,0,3
2599,1965,0,3
2758,1965,0,3
2599,1967,0,3
2758,1967,0,3
2598,1967,0,3
2757,1967,0,3
2443,1969,0,3
2602,1969,0,3
2442,1969,0,3
2601,1969,0,3
3075,1970,0,3
3234,1970,0,3
3393,1970,0,3
3233,1970,0,3
3392,1970,0,3
2282,1971,0,3
2441,1971,0,3
2600,1971,0,3
2281,1971,0,3
2440,1971,0,3
2599,1971,0,3
2282,1974,0,3
2441,1974,0,3
2600,1974,0,3
2281,1974,0,3
2440,1974,0,3
2599,1974,0,3
3076,1982,0,3
3235,1982,0,3
3075,1982,0,3
3234,1982,0,3
3395,1983,2,1
3554,1983,2,1
3394,1983,2,1
3553,1983,2,1
3393,1983,2,1
3552,1983,2,1
2440,1984,0,3
2599,1984,0,3
2439,1984,0,3
2598,1984,0,3
2762,1987,0,3
2921,1987,0,3
2761,1987,0,3
2920,1987,0,3
2440,1989,0,3
2599,1989,0,3
2758,1989,0,3
2439,1989,0,3
2598,1989,0,3
2757,1989,0,3
2283,1991,0,3
2442,1991,0,3
2282,1991,0,3
2441,1991,0,3
2281,1991,0,3
2440,1991,0,3
2921,1993,1,2
3080,1993,1,2
3239,1993,1,2
2920,1993,1,2
3079,1993,1,2
3238,1993,1,2
2282,1994,0,3
2441,1994,0,3
2281,1994,0,3
2440,1994,0,3
2599,1994,0,3
2280,1994,0,3
2439,1994,0,3
2282,1995,0,3
2441,1995,0,3
2281,1995,0,3
2440,1995,0,3
2442,1996,0,3
2601,1996,0,3
2441,1996,0,3
2600,1996,0,3
2440,1996,0,3
2599,1996,0,3
1965,1999,0,3
2124,1999,0,3
1964,1999,0,3
2123,1999,0,3
1963,1999,0,3
2122,1999,0,3
2441,2000,0,3
2600,2000,0,3
2440,2000,0,3
2599,2000,0,3
2599,2002,1,2
2758,2002,1,2
2439,2002,1,2
2598,2002,1,2
2757,2002,1,2
2597,2002,1,2
2599,2004,1,2
2758,2004,1,2
2598,2004,1,2
2757,2004,1,2
2597,2004,1,2
2756,2004,1,2
3076,2010,0,3
3235,2010,0,3
3075,2010,0,3
3234,2010,0,3
3074,2010,0,3
3233,2010,0,3
3235,2011,2,1
3394,2011,2,1
3234,2011,2,1
3393,2011,2,1
2762,2012,0,3
2921,2012,0,3
2761,2012,0,3
2920,2012,0,3
2760,2012,0,3
2919,2012,0,3
2762,2013,0,3
2603,2013,0,3
2761,2013,0,3
2602,2013,0,3
1806,2016,0,3
1965,2016,0,3
1805,2016,0,3
1964,2016,0,3
3240,2017,0,3
3399,2017,0,3
3239,2017,0,3
3398,2017,0,3
3557,2017,0,3
3238,2017,0,3
3397,2017,0,3
2440,2018,1,2
2599,2018,1,2
2439,2018,1,2
2598,2018,1,2
2438,2018,1,2
2597,2018,1,2
1966,2020,0,3
2125,2020,0,3
1965,2020,0,3
2124,2020,0,3
2283,2020,0,3
1964,2020,0,3
2123,2020,0,3
2441,2022,0,3
2600,2022,0,3
2440,2022,0,3
2599,2022,0,3
2123,2023,0,3
2282,2023,0,3
2441,2023,0,3
2122,2023,0,3
2281,2023,0,3
2440,2023,0,3
2599,2024,1,2
2439,2024,1,2
2598,2024,1,2
2757,2024,1,2
2438,2024,1,2
2597,2024,1,2
2598,2025,1,2
2757,2025,1,2
2597,2025,1,2
2756,2025,1,2
2440,2027,0,3
2599,2027,0,3
2439,2027,0,3
2598,2027,0,3
2124,2030,0,3
2283,2030,0,3
2123,2030,0,3
2282,2030,0,3
2762,2032,0,3
2603,2032,0,3
2761,2032,0,3
2760,2032,0,3
2443,2032,0,3
2602,2032,0,3
2601,2032,0,3
3081,2033,0,3
3240,2033,0,3
3080,2033,0,3
3239,2033,0,3
3079,2033,0,3
3238,2033,0,3
2281,2036,0,3
2440,2036,0,3
2599,2036,0,3
2280,2036,0,3
2439,2036,0,3
2598,2036,0,3
2441,2038,0,3
2600,2038,0,3
2440,2038,0,3
2599,2038,0,3
2917,2039,0,3
3076,2039,0,3
2916,2039,0,3
3075,2039,0,3
3234,2039,0,3
2915,2039,0,3
3074,2039,0,3
2600,2040,0,3
2759,2040,0,3
2599,2040,0,3
2758,2040,0,3
3076,2041,0,3
3235,2041,0,3
3075,2041,0,3
3234,2041,0,3
3074,2041,0,3
3233,2041,0,3
2440,2044,0,3
2599,2044,0,3
2439,2044,0,3
2598,2044,0,3
2438,2044,0,3
2597,2044,0,3
3235,2045,2,1
3394,2045,2,1
3553,2045,2,1
3234,2045,2,1
3393,2045,2,1
3552,2045,2,1
2441,2046,0,3
2600,2046,0,3
2759,2046,0,3
2440,2046,0,3
2599,2046,0,3
2758,2046,0,3
2762,2047,0,3
2921,2047,0,3
2603,2047,0,3
2761,2047,0,3
2920,2047,0,3
2602,2047,0,3
2442,2048,0,3
2601,2048,0,3
2441,2048,0,3
2600,2048,0,3
2441,2052,0,3
2600,2052,0,3
2281,2052,0,3
2440,2052,0,3
2599,2052,0,3
2439,2052,0,3
3076,2053,0,3
3235,2053,0,3
3394,2053,0,3
3075,2053,0,3
3234,2053,0,3
3393,2053,0,3
2284,2055,0,3
2443,2055,0,3
2283,2055,0,3
2442,2055,0,3
2282,2055,0,3
2441,2055,0,3
2599,2057,1,2
2439,2057,1,2
2598,2057,1,2
2757,2057,1,2
2438,2057,1,2
2597,2057,1,2
2756,2057,1,2
2917,2058,0,3
3076,2058,0,3
2916,2058,0,3
3075,2058,0,3
2915,2058,0,3
3074,2058,0,3
3398,2059,0,3
3557,2059,0,3
3397,2059,0,3
3556,2059,0,3
3396,2059,0,3
3555,2059,0,3
2124,2060,0,3
2283,2060,0,3
2123,2060,0,3
2282,2060,0,3
2122,2060,0,3
2281,2060,0,3
2444,2062,0,3
2603,2062,0,3
2443,2062,0,3
2602,2062,0,3
2442,2062,0,3
2601,2062,0,3
2762,2063,0,3
2603,2063,0,3
2761,2063,0,3
2760,2063,0,3
2602,2063,0,3
2601,2063,0,3
2441,2065,0,3
2600,2065,0,3
2440,2065,0,3
2599,2065,0,3
1806,2070,0,3
1965,2070,0,3
2124,2070,0,3
1805,2070,0,3
1964,2070,0,3
2123,2070,0,3
2441,2071,0,3
2600,2071,0,3
2759,2071,0,3
2440,2071,0,3
2599,2071,0,3
2758,2071,0,3
2598,2071,0,3
2440,2074,0,3
2599,2074,0,3
2758,2074,0,3
2439,2074,0,3
2598,2074,0,3
2757,2074,0,3
2760,2076,2,1
2442,2076,2,1
2601,2076,2,1
2441,2076,2,1
2600,2076,2,1
2759,2076,2,1
2125,2079,0,3
2284,2079,0,3
2124,2079,0,3
2283,2079,0,3
2123,2079,0,3
2282,2079,0,3
2763,2080,0,3
2762,2080,0,3
2921,2080,0,3
2603,2080,0,3
2761,2080,0,3
2602,2080,0,3
2443,2081,0,3
2602,2081,0,3
2442,2081,0,3
2601,2081,0,3
3235,2082,0,3
3394,2082,0,3
3234,2082,0,3
3393,2082,0,3
3233,2082,0,3
3392,2082,0,3
2442,2083,0,3
2601,2083,0,3
2441,2083,0,3
2600,2083,0,3
2281,2084,0,3
2440,2084,0,3
2599,2084,0,3
2280,2084,0,3
2439,2084,0,3
2598,2084,0,3
2441,2085,0,3
2600,2085,0,3
2440,2085,0,3
2599,2085,0,3
3076,2086,1,2
3235,2086,1,2
3394,2086,1,2
3075,2086,1,2
3234,2086,1,2
3393,2086,1,2
2284,2087,0,3
2443,2087,0,3
2283,2087,0,3
2442,2087,0,3
2441,2087,0,3
2917,2088,0,3
3076,2088,0,3
2916,2088,0,3
3075,2088,0,3
2915,2088,0,3
3074,2088,0,3
3081,2089,0,3
3240,2089,0,3
3080,2089,0,3
3239,2089,0,3
3235,2094,0,3
3394,2094,0,3
3234,2094,0,3
3393,2094,0,3
3394,2097,0,3
3553,2097,0,3
3712,2097,0,3
3393,2097,0,3
3552,2097,0,3
3711,2097,0,3
2762,2098,0,3
2921,2098,0,3
3080,2098,0,3
2761,2098,0,3
2920,2098,0,3
3076,2100,0,3
3235,2100,0,3
3075,2100,0,3
3234,2100,0,3
3080,2101,0,3
3239,2101,0,3
3398,2101,0,3
3079,2101,0,3
3238,2101,0,3
3397,2101,0,3
2921,2106,1,2
3080,2106,1,2
2920,2106,1,2
3079,2106,1,2
3076,2107,0,3
3235,2107,0,3
2916,2107,0,3
3075,2107,0,3
3234,2107,0,3
3074,2107,0,3
2762,2109,0,3
2603,2109,0,3
2761,2109,0,3
2760,2109,0,3
2602,2109,0,3
2601,2109,0,3
2760,2111,0,3
2442,2111,0,3
2601,2111,0,3
2441,2111,0,3
2600,2111,0,3
2759,2111,0,3
2599,2111,0,3
3239,2112,0,3
3398,2112,0,3
3238,2112,0,3
3397,2112,0,3
3080,2114,0,3
3239,2114,0,3
3079,2114,0,3
3238,2114,0,3
3081,2115,0,3
3240,2115,0,3
3080,2115,0,3
3239,2115,0,3
3079,2115,0,3
3238,2115,0,3
2920,2116,1,2
3079,2116,1,2
2919,2116,1,2
3078,2116,1,2
1965,2120,0,3
2124,2120,0,3
1964,2120,0,3
2123,2120,0,3
1963,2120,0,3
3076,2121,0,3
3235,2121,0,3
3394,2121,0,3
3075,2121,0,3
3234,2121,0,3
3393,2121,0,3
2439,2123,1,2
2598,2123,1,2
2757,2123,1,2
2438,2123,1,2
2597,2123,1,2
2756,2123,1,2
2596,2123,1,2
2124,2127,0,3
2283,2127,0,3
2442,2127,0,3
2123,2127,0,3
2282,2127,0,3
2441,2127,0,3
2600,2137,0,3
2759,2137,0,3
2599,2137,0,3
2758,2137,0,3
1965,2144,0,3
2124,2144,0,3
1964,2144,0,3
2123,2144,0,3
1965,2152,0,3
2124,2152,0,3
1964,2152,0,3
2123,2152,0,3
1965,2154,0,3
2124,2154,0,3
2283,2154,0,3
1964,2154,0,3
2123,2154,0,3
2282,2154,0,3
2124,2158,0,3
1964,2158,0,3
2123,2158,0,3
2282,2158,0,3
1963,2158,0,3
2122,2158,0,3
2281,2158,0,3
3239,2159,0,3
3398,2159,0,3
3557,2159,0,3
3238,2159,0,3
3397,2159,0,3
3556,2159,0,3
1806,2160,0,3
1965,2160,0,3
1805,2160,0,3
1964,2160,0,3
2123,2160,0,3
1804,2160,0,3
1963,2160,0,3
2916,2167,0,3
3075,2167,0,3
2915,2167,0,3
3074,2167,0,3
2915,2168,0,3
3074,2168,0,3
2914,2168,0,3
3073,2168,0,3
3085,2196,0,3
3244,2196,0,3
3403,2196,0,3
3084,2196,0,3
3243,2196,0,3
3402,2196,0,3
3874,2197,0,3
3716,2197,0,3
3556,2197,0,3
3715,2197,0,3
3555,2197,0,3
3714,2197,0,3
2916,2204,0,3
3075,2204,0,3
2757,2204,0,3
2915,2204,0,3
3074,2204,0,3
2756,2204,0,3
2916,2205,0,3
3075,2205,0,3
2915,2205,0,3
3074,2205,0,3
2756,2205,0,3
2914,2205,0,3
2916,2214,0,3
2757,2214,0,3
2915,2214,0,3
2756,2214,0,3
2755,2214,0,3
2914,2214,0,3
2916,2216,0,3
2757,2216,0,3
2915,2216,0,3
2756,2216,0,3
2755,2216,0,3
2914,2216,0,3
2916,2221,0,3
2757,2221,0,3
2915,2221,0,3
2756,2221,0,3
3874,2224,0,3
3556,2224,0,3
3715,2224,0,3
3873,2224,0,3
3555,2224,0,3
3714,2224,0,3
3405,2230,2,1
3564,2230,2,1
3723,2230,2,1
3404,2230,2,1
3563,2230,2,1
3722,2230,2,1
3874,2235,1,2
3557,2235,1,2
3716,2235,1,2
3556,2235,1,2
3715,2235,1,2
3404,2243,2,1
3563,2243,2,1
3403,2243,2,1
3562,2243,2,1
2916,2244,0,3
3075,2244,0,3
3234,2244,0,3
2915,2244,0,3
3074,2244,0,3
3233,2244,0,3
3073,2244,0,3
2916,2247,0,3
2598,2247,0,3
2757,2247,0,3
2915,2247,0,3
2597,2247,0,3
2756,2247,0,3
2915,2250,0,3
2756,2250,0,3
2755,2250,0,3
2914,2250,0,3
3874,2263,0,3
3715,2263,0,3
3873,2263,0,3
3714,2263,0,3
3074,2271,0,3
3233,2271,0,3
3073,2271,0,3
3232,2271,0,3
3245,2275,1,2
3404,2275,1,2
3244,2275,1,2
3403,2275,1,2
3243,2275,1,2
3402,2275,1,2
2916,2281,0,3
2757,2281,0,3
2915,2281,0,3
2756,2281,0,3
2755,2281,0,3
2914,2281,0,3
2915,2282,0,3
3074,2282,0,3
2756,2282,0,3
2755,2282,0,3
2914,2282,0,3
3073,2282,0,3
3075,2286,0,3
3234,2286,0,3
3074,2286,0,3
3233,2286,0,3
2916,2289,0,3
3075,2289,0,3
2915,2289,0,3
3074,2289,0,3
2914,2289,0,3
3073,2289,0,3
2915,2295,0,3
3074,2295,0,3
2914,2295,0,3
3073,2295,0,3
3087,2309,2,1
3246,2309,2,1
3086,2309,2,1
3245,2309,2,1
3085,2309,2,1
3244,2309,2,1
3875,2310,0,3
3874,2310,0,3
3716,2310,0,3
3556,2310,0,3
3715,2310,0,3
3873,2310,0,3
3714,2310,0,3
3558,2315,1,2
3717,2315,1,2
3557,2315,1,2
3716,2315,1,2
3075,2326,0,3
2915,2326,0,3
3074,2326,0,3
3233,2326,0,3
2914,2326,0,3
3073,2326,0,3
3232,2326,0,3
2915,2340,0,3
3074,2340,0,3
3233,2340,0,3
2914,2340,0,3
3073,2340,0,3
3232,2340,0,3
2916,2341,0,3
3075,2341,0,3
3234,2341,0,3
2915,2341,0,3
3074,2341,0,3
3233,2341,0,3
2597,2352,0,3
2756,2352,0,3
2596,2352,0,3
2755,2352,0,3
2916,2356,0,3
2757,2356,0,3
2915,2356,0,3
2756,2356,0,3
2915,2357,0,3
2756,2357,0,3
2755,2357,0,3
2914,2357,0,3
3076,2360,0,3
3235,2360,0,3
3075,2360,0,3
3234,2360,0,3
3074,2360,0,3
3233,2360,0,3
3876,2368,1,2
3717,2368,1,2
3875,2368,1,2
3874,2368,1,2
3557,2368,1,2
3716,2368,1,2
3715,2368,1,2
3879,2376,0,3
3878,2376,0,3
3720,2376,0,3
3719,2376,0,3
3558,2378,1,2
3717,2378,1,2
3557,2378,1,2
3716,2378,1,2
3715,2378,1,2
2757,2380,0,3
2915,2380,0,3
2597,2380,0,3
2756,2380,0,3
2596,2380,0,3
2755,2380,0,3
2914,2380,0,3
3075,2381,0,3
3234,2381,0,3
3074,2381,0,3
3233,2381,0,3
3875,2389,1,2
3874,2389,1,2
3557,2389,1,2
3716,2389,1,2
3556,2389,1,2
3715,2389,1,2
3718,2390,0,3
3876,2390,0,3
3558,2390,0,3
3717,2390,0,3
3557,2390,0,3
3716,2390,0,3
2916,2398,0,3
3075,2398,0,3
3234,2398,0,3
2915,2398,0,3
3074,2398,0,3
3233,2398,0,3
3883,2467,0,3
4042,2467,0,3
3882,2467,0,3
4041,2467,0,3
3881,2467,0,3
4040,2467,0,3
3883,2581,2,1
3724,2581,2,1
3882,2581,2,1
3723,2581,2,1
3883,2621,0,3
4042,2621,0,3
3724,2621,0,3
3882,2621,0,3
4041,2621,0,3
3723,2621,0,3
3564,2645,0,3
3723,2645,0,3
3563,2645,0,3
3722,2645,0,3
3562,2645,0,3
3721,2645,0,3
3561,2672,2,1
3720,2672,2,1
3560,2672,2,1
3719,2672,2,1
3560,2675,2,1
3719,2675,2,1
3559,2675,2,1
3718,2675,2,1
3558,2675,2,1
3717,2675,2,1
3561,2685,0,3
3720,2685,0,3
3560,2685,0,3
3719,2685,0,3
2943,2686,0,3
3102,2686,0,3
2942,2686,0,3
3101,2686,0,3
2787,2700,1,2
2786,2700,1,2
2628,2700,1,2
2627,2700,1,2
2626,2700,1,2
2785,2700,1,2
2943,2719,0,3
3102,2719,0,3
2942,2719,0,3
3101,2719,0,3
2941,2719,0,3
3100,2719,0,3
2944,2724,1,2
3103,2724,1,2
2943,2724,1,2
3102,2724,1,2
2942,2724,1,2
3101,2724,1,2
2943,2727,0,3
3102,2727,0,3
3261,2727,0,3
2942,2727,0,3
3101,2727,0,3
3260,2727,0,3
3103,2739,0,3
3262,2739,0,3
3102,2739,0,3
3261,2739,0,3
3101,2739,0,3
3260,2739,0,3
3103,2744,0,3
3262,2744,0,3
3102,2744,0,3
3261,2744,0,3
3101,2744,0,3
3260,2744,0,3
2943,2771,0,3
3102,2771,0,3
3261,2771,0,3
2942,2771,0,3
3101,2771,0,3
3260,2771,0,3
3102,2801,2,1
3261,2801,2,1
3101,2801,2,1
3260,2801,2,1
3101,2812,0,3
3260,2812,0,3
3100,2812,0,3
3259,2812,0,3
2755,2824,0,3
2914,2824,0,3
2913,2824,0,3
2754,2824,0,3
842,2827,0,3
1001,2827,0,3
841,2827,0,3
1000,2827,0,3
842,2828,1,2
1001,2828,1,2
1160,2828,1,2
841,2828,1,2
1000,2828,1,2
1159,2828,1,2
524,2829,0,3
683,2829,0,3
842,2829,0,3
523,2829,0,3
682,2829,0,3
841,2829,0,3
1002,2833,0,3
1161,2833,0,3
1001,2833,0,3
1160,2833,0,3
2755,2839,0,3
2914,2839,0,3
2913,2839,0,3
2754,2839,0,3
2913,2843,0,3
2595,2843,0,3
2754,2843,0,3
2912,2843,0,3
2594,2843,0,3
2753,2843,0,3
2915,2847,0,3
2756,2847,0,3
2755,2847,0,3
2914,2847,0,3
2913,2847,0,3
2754,2847,0,3
2915,2852,0,3
2597,2852,0,3
2756,2852,0,3
2596,2852,0,3
2755,2852,0,3
2914,2852,0,3
2596,2866,0,3
2755,2866,0,3
2595,2866,0,3
2754,2866,0,3
2915,2868,0,3
3074,2868,0,3
2914,2868,0,3
3073,2868,0,3
2913,2868,0,3
3072,2868,0,3
2596,2878,0,3
2755,2878,0,3
2595,2878,0,3
2754,2878,0,3
2595,2890,0,3
2754,2890,0,3
2594,2890,0,3
2753,2890,0,3
2915,2894,0,3
2756,2894,0,3
2755,2894,0,3
2914,2894,0,3
2755,2896,1,2
2914,2896,1,2
2913,2896,1,2
2754,2896,1,2
3072,2896,1,2
2912,2896,1,2
2753,2896,1,2
2914,2898,0,3
3073,2898,0,3
3232,2898,0,3
2913,2898,0,3
3072,2898,0,3
3231,2898,0,3
3071,2898,0,3
2596,2902,0,3
2755,2902,0,3
2595,2902,0,3
2754,2902,0,3
3073,2907,1,2
2913,2907,1,2
3072,2907,1,2
2912,2907,1,2
3071,2907,1,2
2913,2914,0,3
2754,2914,0,3
2912,2914,0,3
2753,2914,0,3
2438,2915,0,3
2597,2915,0,3
2756,2915,0,3
2437,2915,0,3
2596,2915,0,3
2755,2915,0,3
2596,2920,0,3
2755,2920,0,3
2914,2920,0,3
2913,2920,0,3
2595,2920,0,3
2754,2920,0,3
2753,2920,0,3
2597,2921,0,3
2756,2921,0,3
2596,2921,0,3
2755,2921,0,3
2595,2921,0,3
2754,2921,0,3
2755,2923,0,3
2914,2923,0,3
2913,2923,0,3
2754,2923,0,3
2596,2926,0,3
2755,2926,0,3
2914,2926,0,3
2913,2926,0,3
2595,2926,0,3
2754,2926,0,3
2755,2930,0,3
2914,2930,0,3
2913,2930,0,3
2754,2930,0,3
2912,2930,0,3
2753,2930,0,3
3233,2944,0,3
3073,2944,0,3
3232,2944,0,3
3391,2944,0,3
3072,2944,0,3
3231,2944,0,3
3390,2944,0,3
3073,2948,0,3
3232,2948,0,3
3072,2948,0,3
3231,2948,0,3
2914,2949,0,3
3073,2949,0,3
3232,2949,0,3
2913,2949,0,3
3072,2949,0,3
3231,2949,0,3
2913,2955,1,2
2754,2955,1,2
3072,2955,1,2
2912,2955,1,2
3071,2955,1,2
2753,2955,1,2
2913,2960,0,3
2754,2960,0,3
2912,2960,0,3
2911,2960,0,3
2753,2960,0,3
2752,2960,0,3
2914,2975,0,3
3073,2975,0,3
2913,2975,0,3
3072,2975,0,3
2915,2988,0,3
3074,2988,0,3
2914,2988,0,3
3073,2988,0,3
2913,2988,0,3
3072,2988,0,3
3074,2997,0,3
3233,2997,0,3
3073,2997,0,3
3232,2997,0,3
3391,2997,0,3
3231,2997,0,3
1319,2998,1,2
1478,2998,1,2
1636,2998,1,2
1318,2998,1,2
1477,2998,1,2
1317,2998,1,2
2914,3001,0,3
3073,3001,0,3
2913,3001,0,3
3072,3001,0,3
2914,3022,0,3
3073,3022,0,3
2913,3022,0,3
3072,3022,0,3
2915,3036,0,3
3074,3036,0,3
2756,3036,0,3
2755,3036,0,3
2914,3036,0,3
3073,3036,0,3
2915,3043,0,3
2756,3043,0,3
2755,3043,0,3
2914,3043,0,3
3073,3043,0,3
2913,3043,0,3
2754,3043,0,3
2915,3045,0,3
2756,3045,0,3
2755,3045,0,3
2914,3045,0,3
3073,3045,0,3
2596,3050,0,3
2755,3050,0,3
2595,3050,0,3
2754,3050,0,3
2594,3050,0,3
2753,3050,0,3
2915,3051,0,3
2756,3051,0,3
2596,3051,0,3
2755,3051,0,3
2914,3051,0,3
2913,3051,0,3
2754,3051,0,3
2915,3061,0,3
2756,3061,0,3
2755,3061,0,3
2914,3061,0,3
2913,3061,0,3
2754,3061,0,3
2914,3063,1,2
3073,3063,1,2
2913,3063,1,2
2754,3063,1,2
3072,3063,1,2
2912,3063,1,2
3071,3063,1,2
2915,3064,0,3
2756,3064,0,3
2755,3064,0,3
2914,3064,0,3
2755,3066,0,3
2914,3066,0,3
2913,3066,0,3
2754,3066,0,3
2914,3070,0,3
3073,3070,0,3
2913,3070,0,3
3072,3070,0,3
2912,3070,0,3
3071,3070,0,3
2597,3071,0,3
2756,3071,0,3
2596,3071,0,3
2755,3071,0,3
2595,3071,0,3
2754,3071,0,3
2913,3074,1,2
2754,3074,1,2
3072,3074,1,2
2912,3074,1,2
3071,3074,1,2
2753,3074,1,2
2915,3078,0,3
3074,3078,0,3
2914,3078,0,3
3073,3078,0,3
2913,3078,0,3
3072,3078,0,3
2755,3107,0,3
2914,3107,0,3
3073,3107,0,3
2913,3107,0,3
2754,3107,0,3
3072,3107,0,3
2914,3110,0,3
3073,3110,0,3
3232,3110,0,3
2913,3110,0,3
3072,3110,0,3
3231,3110,0,3
28525,3751,0,3
28684,3751,0,3
28843,3751,0,3
28524,3751,0,3
28683,3751,0,3
28842,3751,0,3
28682,3751,0,3
28525,3752,0,3
28684,3752,0,3
28524,3752,0,3
28683,3752,0,3
28525,3753,0,3
28684,3753,0,3
28843,3753,0,3
28524,3753,0,3
28683,3753,0,3
28842,3753,0,3
28053,3757,0,3
28212,3757,0,3
28052,3757,0,3
28211,3757,0,3
27100,3766,0,3
27259,3766,0,3
27099,3766,0,3
27258,3766,0,3
27735,3767,0,3
27894,3767,0,3
28053,3767,0,3
27734,3767,0,3
27893,3767,0,3
28052,3767,0,3
27892,3767,0,3
29164,3768,0,3
29163,3768,0,3
29322,3768,0,3
29162,3768,0,3
29321,3768,0,3
28685,3769,0,3
28844,3769,0,3
28684,3769,0,3
28843,3769,0,3
28846,3771,0,3
29005,3771,0,3
29164,3771,0,3
28845,3771,0,3
29004,3771,0,3
29163,3771,0,3
29003,3771,0,3
27577,3772,0,3
27736,3772,0,3
27576,3772,0,3
27735,3772,0,3
27575,3772,0,3
27734,3772,0,3
29162,3773,0,3
29321,3773,0,3
29161,3773,0,3
29320,3773,0,3
29160,3773,0,3
29319,3773,0,3
29322,3774,0,3
29481,3774,0,3
29162,3774,0,3
29321,3774,0,3
29480,3774,0,3
28685,3775,0,3
28844,3775,0,3
28684,3775,0,3
28843,3775,0,3
26622,3779,0,3
26781,3779,0,3
26940,3779,0,3
26621,3779,0,3
26780,3779,0,3
26939,3779,0,3
23923,3780,0,3
24082,3780,0,3
23922,3780,0,3
24081,3780,0,3
23921,3780,0,3
24080,3780,0,3
29323,3781,0,3
29482,3781,0,3
29322,3781,0,3
29481,3781,0,3
29321,3781,0,3
29480,3781,0,3
28369,3783,0,3
28209,3783,0,3
28368,3783,0,3
28527,3783,0,3
28208,3783,0,3
28367,3783,0,3
28526,3783,0,3
28692,3784,0,3
28851,3784,0,3
28691,3784,0,3
28850,3784,0,3
28690,3784,0,3
28849,3784,0,3
28846,3786,0,3
29005,3786,0,3
28845,3786,0,3
29004,3786,0,3
28844,3786,0,3
29003,3786,0,3
26941,3787,0,3
27100,3787,0,3
26940,3787,0,3
27099,3787,0,3
28051,3790,0,3
28210,3790,0,3
28050,3790,0,3
28209,3790,0,3
28692,3793,0,3
28851,3793,0,3
28691,3793,0,3
28850,3793,0,3
29009,3793,0,3
29322,3794,0,3
29481,3794,0,3
29321,3794,0,3
29480,3794,0,3
28051,3796,0,3
28210,3796,0,3
28050,3796,0,3
28209,3796,0,3
28049,3796,0,3
28208,3796,0,3
26941,3798,0,3
27100,3798,0,3
26940,3798,0,3
27099,3798,0,3
29323,3801,0,3
29482,3801,0,3
29322,3801,0,3
29481,3801,0,3
29321,3801,0,3
29480,3801,0,3
27100,3805,0,3
27259,3805,0,3
27099,3805,0,3
27258,3805,0,3
24240,3806,0,3
24399,3806,0,3
24239,3806,0,3
24398,3806,0,3
29323,3807,0,3
29482,3807,0,3
29322,3807,0,3
29481,3807,0,3
29321,3807,0,3
29480,3807,0,3
26463,3808,0,3
26622,3808,0,3
26781,3808,0,3
26462,3808,0,3
26621,3808,0,3
26780,3808,0,3
28051,3809,0,3
28210,3809,0,3
28050,3809,0,3
28209,3809,0,3
27577,3810,0,3
27736,3810,0,3
27576,3810,0,3
27735,3810,0,3
27575,3810,0,3
27734,3810,0,3
29163,3811,0,3
29322,3811,0,3
29003,3811,0,3
29162,3811,0,3
29321,3811,0,3
29161,3811,0,3
29320,3811,0,3
29005,3812,0,3
29164,3812,0,3
29004,3812,0,3
29163,3812,0,3
29003,3812,0,3
29162,3812,0,3
29322,3813,0,3
29481,3813,0,3
29321,3813,0,3
29480,3813,0,3
28847,3815,0,3
29006,3815,0,3
28846,3815,0,3
29005,3815,0,3
28525,3816,0,3
28684,3816,0,3
28524,3816,0,3
28683,3816,0,3
28523,3816,0,3
28682,3816,0,3
28684,3817,0,3
28843,3817,0,3
28683,3817,0,3
28842,3817,0,3
28682,3817,0,3
28841,3817,0,3
28211,3818,0,3
28370,3818,0,3
28210,3818,0,3
28369,3818,0,3
28689,3819,0,3
28848,3819,0,3
28688,3819,0,3
28847,3819,0,3
28847,3822,0,3
29006,3822,0,3
29165,3822,0,3
28846,3822,0,3
29005,3822,0,3
29164,3822,0,3
29006,3823,0,3
29165,3823,0,3
29005,3823,0,3
29164,3823,0,3
29004,3823,0,3
29163,3823,0,3
29165,3824,0,3
29324,3824,0,3
29005,3824,0,3
29164,3824,0,3
29323,3824,0,3
29163,3824,0,3
29322,3824,0,3
28526,3825,0,3
28685,3825,0,3
28525,3825,0,3
28684,3825,0,3
28843,3825,0,3
28524,3825,0,3
28683,3825,0,3
28370,3826,0,3
28529,3826,0,3
28369,3826,0,3
28528,3826,0,3
28688,3827,0,3
28847,3827,0,3
28687,3827,0,3
28846,3827,0,3
28684,3829,0,3
28843,3829,0,3
28683,3829,0,3
28842,3829,0,3
28530,3831,0,3
28689,3831,0,3
28529,3831,0,3
28688,3831,0,3
28528,3831,0,3
28687,3831,0,3
23446,3832,0,3
23605,3832,0,3
23445,3832,0,3
23604,3832,0,3
23444,3832,0,3
23603,3832,0,3
24241,3833,0,3
24400,3833,0,3
24240,3833,0,3
24399,3833,0,3
24239,3833,0,3
24398,3833,0,3
23605,3837,0,3
23764,3837,0,3
23604,3837,0,3
23763,3837,0,3
23603,3837,0,3
23762,3837,0,3
24241,3838,0,3
24400,3838,0,3
24240,3838,0,3
24399,3838,0,3
17911,3909,0,3
18070,3909,0,3
17910,3909,0,3
18069,3909,0,3
17909,3909,0,3
18068,3909,0,3
17751,3912,0,3
17910,3912,0,3
18069,3912,0,3
17750,3912,0,3
17909,3912,0,3
18068,3912,0,3
17910,3913,0,3
18069,3913,0,3
17909,3913,0,3
18068,3913,0,3
17751,3914,0,3
17910,3914,0,3
17750,3914,0,3
17909,3914,0,3
17910,3915,0,3
18069,3915,0,3
17909,3915,0,3
18068,3915,0,3
18227,3915,0,3
17908,3915,0,3
18067,3915,0,3
17751,3916,0,3
17910,3916,0,3
17592,3916,0,3
17591,3916,0,3
17750,3916,0,3
17909,3916,0,3
17749,3916,0,3
17910,3919,0,3
18069,3919,0,3
18228,3919,0,3
17909,3919,0,3
18068,3919,0,3
18227,3919,0,3
18067,3919,0,3
17908,3922,0,3
18067,3922,0,3
17907,3922,0,3
18066,3922,0,3
17906,3922,0,3
18065,3922,0,3
17750,3923,0,3
17909,3923,0,3
17749,3923,0,3
17908,3923,0,3
17909,3924,0,3
18068,3924,0,3
18227,3924,0,3
17908,3924,0,3
18067,3924,0,3
18226,3924,0,3
17910,3926,0,3
18069,3926,0,3
17909,3926,0,3
18068,3926,0,3
18066,3928,0,3
18225,3928,0,3
18065,3928,0,3
18224,3928,0,3
17907,3930,0,3
18066,3930,0,3
17747,3930,0,3
17906,3930,0,3
18065,3930,0,3
17905,3930,0,3
18064,3930,0,3
18067,3932,0,3
17907,3932,0,3
18066,3932,0,3
18225,3932,0,3
17906,3932,0,3
18065,3932,0,3
17591,3940,0,3
17590,3940,0,3
17750,3940,0,3
17909,3940,0,3
17749,3940,0,3
17908,3940,0,3
17908,3945,0,3
18067,3945,0,3
17748,3945,0,3
17907,3945,0,3
18066,3945,0,3
17906,3945,0,3
18065,3945,0,3
17748,3947,0,3
17907,3947,0,3
17747,3947,0,3
17906,3947,0,3
17908,3948,0,3
18067,3948,0,3
17907,3948,0,3
18066,3948,0,3
17906,3948,0,3
18065,3948,0,3
17910,3950,0,3
18069,3950,0,3
17909,3950,0,3
18068,3950,0,3
17750,3952,0,3
17909,3952,0,3
17749,3952,0,3
17908,3952,0,3
17751,3955,0,3
17910,3955,0,3
17592,3955,0,3
17591,3955,0,3
17750,3955,0,3
17909,3955,0,3
17749,3955,0,3
17905,3956,0,3
18064,3956,0,3
17904,3956,0,3
18063,3956,0,3
17751,3959,0,3
17592,3959,0,3
17591,3959,0,3
17590,3959,0,3
17750,3959,0,3
17909,3959,0,3
17749,3959,0,3
17751,3962,0,3
17910,3962,0,3
17750,3962,0,3
17909,3962,0,3
17749,3962,0,3
17908,3962,0,3
17590,3965,0,3
17750,3965,0,3
17909,3965,0,3
17749,3965,0,3
17908,3965,0,3
17908,3966,0,3
18067,3966,0,3
17907,3966,0,3
18066,3966,0,3
17906,3966,0,3
18065,3966,0,3
18067,3972,0,3
18226,3972,0,3
18066,3972,0,3
18225,3972,0,3
18066,3976,0,3
18225,3976,0,3
18065,3976,0,3
18224,3976,0,3
17910,3978,0,3
18069,3978,0,3
17909,3978,0,3
18068,3978,0,3
17908,3980,0,3
18067,3980,0,3
18226,3980,0,3
17907,3980,0,3
18066,3980,0,3
18225,3980,0,3
17751,3982,0,3
17591,3982,0,3
17590,3982,0,3
17750,3982,0,3
17909,3982,0,3
17749,3982,0,3
17908,3982,0,3
17751,3985,0,3
17591,3985,0,3
17590,3985,0,3
17750,3985,0,3
17909,3985,0,3
17749,3985,0,3
17908,3985,0,3
17751,3988,0,3
17910,3988,0,3
17592,3988,0,3
17591,3988,0,3
17750,3988,0,3
17909,3988,0,3
17749,3988,0,3
17751,3990,0,3
17910,3990,0,3
17592,3990,0,3
17591,3990,0,3
17750,3990,0,3
17909,3990,0,3
17749,3990,0,3
17908,3998,0,3
18067,3998,0,3
17907,3998,0,3
18066,3998,0,3
17906,3999,0,3
18065,3999,0,3
17905,3999,0,3
18064,3999,0,3
17904,3999,0,3
18063,3999,0,3
17910,4004,0,3
18069,4004,0,3
18228,4004,0,3
17909,4004,0,3
18068,4004,0,3
18227,4004,0,3
17907,4006,0,3
18066,4006,0,3
18225,4006,0,3
17906,4006,0,3
18065,4006,0,3
18224,4006,0,3
17590,4007,0,3
17750,4007,0,3
17909,4007,0,3
17749,4007,0,3
17908,4007,0,3
17748,4007,0,3
17907,4007,0,3
17751,4012,0,3
17591,4012,0,3
17590,4012,0,3
17750,4012,0,3
17909,4012,0,3
17749,4012,0,3
17908,4012,0,3
17910,4013,0,3
18069,4013,0,3
17909,4013,0,3
18068,4013,0,3
17750,4018,0,3
17909,4018,0,3
18068,4018,0,3
17749,4018,0,3
17908,4018,0,3
18067,4018,0,3
18066,4020,0,3
18225,4020,0,3
18065,4020,0,3
18224,4020,0,3
17591,4024,0,3
17590,4024,0,3
17750,4024,0,3
17909,4024,0,3
17749,4024,0,3
17908,4024,0,3
17591,4028,0,3
17750,4028,0,3
17909,4028,0,3
17749,4028,0,3
17908,4028,0,3
17751,4030,0,3
17591,4030,0,3
17590,4030,0,3
17750,4030,0,3
17909,4030,0,3
17749,4030,0,3
17908,4030,0,3
17911,4031,0,3
18070,4031,0,3
17910,4031,0,3
18069,4031,0,3
17909,4031,0,3
18068,4031,0,3
17907,4032,0,3
18066,4032,0,3
17906,4032,0,3
18065,4032,0,3
17748,4033,0,3
17907,4033,0,3
18066,4033,0,3
17747,4033,0,3
17906,4033,0,3
18065,4033,0,3
17905,4033,0,3
17905,4038,0,3
18064,4038,0,3
17904,4038,0,3
18063,4038,0,3
18222,4038,0,3
17910,4040,0,3
18069,4040,0,3
17909,4040,0,3
18068,4040,0,3
17908,4040,0,3
18067,4040,0,3
17750,4045,0,3
17909,4045,0,3
17749,4045,0,3
17908,4045,0,3
17907,4047,0,3
18066,4047,0,3
18225,4047,0,3
17906,4047,0,3
18065,4047,0,3
18224,4047,0,3
17910,4055,0,3
18069,4055,0,3
17909,4055,0,3
18068,4055,0,3
18227,4055,0,3
17908,4055,0,3
18067,4055,0,3
17748,4059,0,3
17907,4059,0,3
17747,4059,0,3
17906,4059,0,3
17746,4059,0,3
17905,4059,0,3
13135,4061,0,3
13294,4061,0,3
13453,4061,0,3
13134,4061,0,3
13293,4061,0,3
13452,4061,0,3
13292,4061,0,3
13134,4062,0,3
13293,4062,0,3
13452,4062,0,3
13133,4062,0,3
13292,4062,0,3
13451,4062,0,3
12975,4064,0,3
13135,4064,0,3
13294,4064,0,3
13134,4064,0,3
13293,4064,0,3
13133,4064,0,3
12975,4065,0,3
12974,4065,0,3
13134,4065,0,3
13293,4065,0,3
13133,4065,0,3
13292,4065,0,3
13132,4065,0,3
13133,4067,0,3
13292,4067,0,3
13132,4067,0,3
13291,4067,0,3
13134,4068,0,3
13293,4068,0,3
13452,4068,0,3
13133,4068,0,3
13292,4068,0,3
13451,4068,0,3
13133,4069,0,3
13292,4069,0,3
13132,4069,0,3
13291,4069,0,3
13135,4070,0,3
13294,4070,0,3
13134,4070,0,3
13293,4070,0,3
13452,4070,0,3
13134,4071,0,3
13293,4071,0,3
13133,4071,0,3
13292,4071,0,3
13132,4071,0,3
13291,4071,0,3
13135,4072,0,3
13294,4072,0,3
13453,4072,0,3
13134,4072,0,3
13293,4072,0,3
13452,4072,0,3
13133,4073,0,3
13292,4073,0,3
13132,4073,0,3
13291,4073,0,3
13134,4074,0,3
13293,4074,0,3
13133,4074,0,3
13292,4074,0,3
13135,4075,0,3
13294,4075,0,3
13134,4075,0,3
13293,4075,0,3
12975,4076,0,3
12974,4076,0,3
13135,4076,0,3
13134,4076,0,3
13293,4076,0,3
13133,4076,0,3
13292,4076,0,3
12974,4077,1,2
12973,4077,1,2
13133,4077,1,2
13132,4077,1,2
12976,4078,2,1
12975,4078,2,1
13135,4078,2,1
13134,4078,2,1
13293,4078,2,1
13133,4078,2,1
13135,4079,0,3
13294,4079,0,3
13134,4079,0,3
13293,4079,0,3
13133,4079,0,3
13292,4079,0,3
13294,4082,0,3
13453,4082,0,3
13134,4082,0,3
13293,4082,0,3
13452,4082,0,3
13292,4082,0,3
13451,4082,0,3
13133,4083,0,3
13292,4083,0,3
13132,4083,0,3
13291,4083,0,3
12974,4084,0,3
13134,4084,0,3
13133,4084,0,3
13292,4084,0,3
13132,4084,0,3
13291,4084,0,3
13135,4085,0,3
13294,4085,0,3
13134,4085,0,3
13293,4085,0,3
12815,4087,0,3
12655,4087,0,3
12814,4087,0,3
12973,4087,0,3
12654,4087,0,3
12813,4087,0,3
12972,4087,0,3
12975,4089,0,3
12974,4089,0,3
13134,4089,0,3
13293,4089,0,3
13133,4089,0,3
13292,4089,0,3
13134,4090,0,3
13293,4090,0,3
13133,4090,0,3
13292,4090,0,3
12976,4091,0,3
12975,4091,0,3
13135,4091,0,3
13294,4091,0,3
13134,4091,0,3
13293,4091,0,3
13134,4093,0,3
13293,4093,0,3
13133,4093,0,3
13292,4093,0,3
13132,4093,0,3
13291,4093,0,3
12975,4094,0,3
12974,4094,0,3
13134,4094,0,3
13133,4094,0,3
13134,4095,0,3
13293,4095,0,3
13133,4095,0,3
13292,4095,0,3
13132,4095,0,3
13291,4095,0,3
12974,4096,0,3
12973,4096,0,3
13133,4096,0,3
13132,4096,0,3
12975,4097,0,3
12974,4097,0,3
13135,4097,0,3
13134,4097,0,3
13293,4097,0,3
13133,4097,0,3
13292,4097,0,3
13294,4098,0,3
13453,4098,0,3
13134,4098,0,3
13293,4098,0,3
13452,4098,0,3
13135,4099,0,3
13294,4099,0,3
13134,4099,0,3
13293,4099,0,3
12975,4100,0,3
13135,4100,0,3
13294,4100,0,3
13134,4100,0,3
13293,4100,0,3
13133,4100,0,3
13292,4100,0,3
13134,4103,0,3
13293,4103,0,3
13133,4103,0,3
13292,4103,0,3
13132,4103,0,3
13291,4103,0,3
13133,4104,0,3
13292,4104,0,3
13132,4104,0,3
13291,4104,0,3
13134,4107,0,3
13293,4107,0,3
13133,4107,0,3
13292,4107,0,3
13132,4107,0,3
13291,4107,0,3
12976,4108,1,2
12975,4108,1,2
13135,4108,1,2
13134,4108,1,2
13293,4108,1,2
13133,4108,1,2
13135,4109,0,3
13294,4109,0,3
13134,4109,0,3
13293,4109,0,3
13135,4110,0,3
13294,4110,0,3
13134,4110,0,3
13293,4110,0,3
13292,4110,0,3
12974,4111,0,3
12973,4111,0,3
13133,4111,0,3
13292,4111,0,3
13132,4111,0,3
13291,4111,0,3
13134,4113,0,3
13293,4113,0,3
13133,4113,0,3
13292,4113,0,3
13133,4117,0,3
13292,4117,0,3
13132,4117,0,3
13291,4117,0,3
13133,4118,0,3
13292,4118,0,3
13132,4118,0,3
13291,4118,0,3
13135,4119,0,3
13294,4119,0,3
13453,4119,0,3
13134,4119,0,3
13293,4119,0,3
13452,4119,0,3
13134,4120,0,3
13293,4120,0,3
13452,4120,0,3
13133,4120,0,3
13292,4120,0,3
13451,4120,0,3
13134,4121,0,3
13293,4121,0,3
13452,4121,0,3
13133,4121,0,3
13292,4121,0,3
13451,4121,0,3
12974,4122,0,3
13134,4122,0,3
13293,4122,0,3
13133,4122,0,3
13292,4122,0,3
13132,4122,0,3
13134,4123,0,3
13293,4123,0,3
13133,4123,0,3
13292,4123,0,3
13135,4124,0,3
13294,4124,0,3
13134,4124,0,3
13293,4124,0,3
13292,4124,0,3
12656,4126,0,3
12815,4126,0,3
12655,4126,0,3
12814,4126,0,3
12654,4126,0,3
12813,4126,0,3
12975,4127,0,3
12974,4127,0,3
13135,4127,0,3
13134,4127,0,3
13293,4127,0,3
13133,4127,0,3
13292,4127,0,3
13135,4128,0,3
13294,4128,0,3
13134,4128,0,3
13293,4128,0,3
13133,4128,0,3
13292,4128,0,3
13135,4129,0,3
13294,4129,0,3
13134,4129,0,3
13293,4129,0,3
12656,4131,1,2
12815,4131,1,2
12655,4131,1,2
12814,4131,1,2
12654,4131,1,2
12813,4131,1,2
12975,4134,0,3
12974,4134,0,3
13134,4134,0,3
13293,4134,0,3
13133,4134,0,3
13292,4134,0,3
13135,4135,0,3
13294,4135,0,3
13134,4135,0,3
13293,4135,0,3
12974,4137,0,3
13134,4137,0,3
13133,4137,0,3
13292,4137,0,3
13132,4137,0,3
13291,4137,0,3
13134,4138,0,3
13293,4138,0,3
13133,4138,0,3
13292,4138,0,3
13135,4139,0,3
13294,4139,0,3
13453,4139,0,3
13134,4139,0,3
13293,4139,0,3
13452,4139,0,3
13135,4140,0,3
13294,4140,0,3
13453,4140,0,3
13134,4140,0,3
13293,4140,0,3
13452,4140,0,3
13135,4141,0,3
13294,4141,0,3
13453,4141,0,3
13134,4141,0,3
13293,4141,0,3
13452,4141,0,3
13133,4142,0,3
13292,4142,0,3
13132,4142,0,3
13291,4142,0,3
13135,4145,0,3
13294,4145,0,3
13134,4145,0,3
13293,4145,0,3
13133,4148,0,3
13292,4148,0,3
13132,4148,0,3
13291,4148,0,3
13135,4149,0,3
13294,4149,0,3
13134,4149,0,3
13293,4149,0,3
13452,4149,0,3
13133,4149,0,3
13292,4149,0,3
13134,4150,0,3
13293,4150,0,3
13133,4150,0,3
13292,4150,0,3
13132,4150,0,3
13135,4153,0,3
13294,4153,0,3
13453,4153,0,3
13134,4153,0,3
13293,4153,0,3
13452,4153,0,3
13292,4153,0,3
13134,4155,0,3
13293,4155,0,3
13133,4155,0,3
13292,4155,0,3
13134,4157,0,3
13293,4157,0,3
13133,4157,0,3
13292,4157,0,3
13133,4158,0,3
13292,4158,0,3
13132,4158,0,3
13291,4158,0,3
12656,4159,2,1
12815,4159,2,1
12655,4159,2,1
12814,4159,2,1
12973,4159,2,1
12654,4159,2,1
12813,4159,2,1
12976,4160,0,3
12975,4160,0,3
13135,4160,0,3
13294,4160,0,3
13134,4160,0,3
13293,4160,0,3
13134,4162,0,3
13293,4162,0,3
13133,4162,0,3
13292,4162,0,3
13294,4163,0,3
13453,4163,0,3
13293,4163,0,3
13452,4163,0,3
13135,4164,0,3
13294,4164,0,3
13134,4164,0,3
13293,4164,0,3
13134,4165,0,3
13293,4165,0,3
13452,4165,0,3
13133,4165,0,3
13292,4165,0,3
13451,4165,0,3
13134,4166,0,3
13293,4166,0,3
13133,4166,0,3
13292,4166,0,3
13133,4167,0,3
13292,4167,0,3
13132,4167,0,3
13291,4167,0,3
13135,4168,0,3
13294,4168,0,3
13453,4168,0,3
13134,4168,0,3
13293,4168,0,3
13452,4168,0,3
13135,4169,0,3
13294,4169,0,3
13134,4169,0,3
13293,4169,0,3
13452,4169,0,3
13133,4169,0,3
13292,4169,0,3
13135,4170,0,3
13294,4170,0,3
13134,4170,0,3
13293,4170,0,3
13133,4170,0,3
13135,4171,0,3
13294,4171,0,3
13453,4171,0,3
13134,4171,0,3
13293,4171,0,3
13452,4171,0,3
13135,4172,0,3
13294,4172,0,3
13134,4172,0,3
13293,4172,0,3
13452,4172,0,3
13133,4172,0,3
13292,4172,0,3
13134,4173,0,3
13293,4173,0,3
13133,4173,0,3
13292,4173,0,3
13132,4173,0,3
13291,4173,0,3
12975,4174,0,3
13135,4174,0,3
13294,4174,0,3
13134,4174,0,3
13293,4174,0,3
13135,4175,0,3
13294,4175,0,3
13134,4175,0,3
13293,4175,0,3
13135,4176,0,3
13294,4176,0,3
13134,4176,0,3
13293,4176,0,3
12974,4177,0,3
12973,4177,0,3
13133,4177,0,3
13132,4177,0,3
13135,4179,0,3
13294,4179,0,3
13134,4179,0,3
13293,4179,0,3
13133,4179,0,3
13292,4179,0,3
12974,4180,0,3
12973,4180,0,3
13133,4180,0,3
13132,4180,0,3
12974,4181,2,1
12973,4181,2,1
13133,4181,2,1
13132,4181,2,1
13137,4183,0,3
13136,4183,0,3
12978,4183,0,3
12977,4183,0,3
13137,4184,0,3
13136,4184,0,3
12819,4184,0,3
12978,4184,0,3
12818,4184,0,3
12977,4184,0,3
13137,4185,0,3
13136,4185,0,3
12978,4185,0,3
12977,4185,0,3
13137,4186,0,3
13136,4186,0,3
12978,4186,0,3
12977,4186,0,3
13137,4187,0,3
13136,4187,0,3
12978,4187,0,3
12977,4187,0,3
13136,4188,0,3
12818,4188,0,3
12977,4188,0,3
12817,4188,0,3
12976,4188,0,3
13135,4188,0,3
13136,4190,0,3
12977,4190,0,3
12976,4190,0,3
12975,4190,0,3
13135,4190,0,3
13134,4190,0,3
13136,4195,0,3
12977,4195,0,3
12976,4195,0,3
13135,4195,0,3
13136,4196,0,3
12977,4196,0,3
12976,4196,0,3
12975,4196,0,3
13135,4196,0,3
13134,4196,0,3
13136,4198,0,3
12977,4198,0,3
12976,4198,0,3
13135,4198,0,3
13136,4200,0,3
12977,4200,0,3
12976,4200,0,3
12975,4200,0,3
13135,4200,0,3
13134,4200,0,3
13137,4204,1,2
13136,4204,1,2
12979,4204,1,2
12819,4204,1,2
12978,4204,1,2
12818,4204,1,2
12977,4204,1,2
12976,4205,0,3
12975,4205,0,3
13135,4205,0,3
13294,4205,0,3
13134,4205,0,3
13293,4205,0,3
13136,4209,0,3
12977,4209,0,3
12976,4209,0,3
12975,4209,0,3
13135,4209,0,3
13294,4209,0,3
13134,4209,0,3
13137,4215,0,3
12979,4215,0,3
12819,4215,0,3
12978,4215,0,3
12818,4215,0,3
12977,4215,0,3
12819,4217,0,3
12978,4217,0,3
12818,4217,0,3
12977,4217,0,3
12817,4217,0,3
12976,4217,0,3
12817,4226,0,3
12976,4226,0,3
12816,4226,0,3
12975,4226,0,3
12819,4228,0,3
12978,4228,0,3
12818,4228,0,3
12977,4228,0,3
12817,4228,0,3
12976,4228,0,3
13137,4230,1,2
12820,4230,1,2
12979,4230,1,2
12819,4230,1,2
12978,4230,1,2
12818,4230,1,2
12977,4230,1,2
13136,4232,0,3
12818,4232,0,3
12977,4232,0,3
12817,4232,0,3
12976,4232,0,3
13135,4232,0,3
13136,4233,0,3
12977,4233,0,3
12976,4233,0,3
12975,4233,0,3
13135,4233,0,3
13134,4233,0,3
12819,4235,0,3
12978,4235,0,3
12818,4235,0,3
12977,4235,0,3
13136,4238,0,3
12977,4238,0,3
12976,4238,0,3
13135,4238,0,3
13136,4239,0,3
12977,4239,0,3
12976,4239,0,3
13135,4239,0,3
13136,4242,0,3
12977,4242,0,3
12976,4242,0,3
13135,4242,0,3
13137,4245,0,3
13136,4245,0,3
12978,4245,0,3
12818,4245,0,3
12977,4245,0,3
12976,4245,0,3
13135,4245,0,3
13136,4246,0,3
12977,4246,0,3
12976,4246,0,3
13135,4246,0,3
13136,4248,0,3
12977,4248,0,3
12976,4248,0,3
12975,4248,0,3
13135,4248,0,3
13134,4248,0,3
13136,4249,0,3
12977,4249,0,3
12976,4249,0,3
12975,4249,0,3
13135,4249,0,3
13134,4249,0,3
12817,4250,0,3
12976,4250,0,3
12816,4250,0,3
12975,4250,0,3
13136,4251,0,3
12818,4251,0,3
12977,4251,0,3
12817,4251,0,3
12976,4251,0,3
13135,4251,0,3
13137,4256,0,3
13136,4256,0,3
12819,4256,0,3
12978,4256,0,3
12818,4256,0,3
12977,4256,0,3
12658,4260,0,3
12817,4260,0,3
12976,4260,0,3
12657,4260,0,3
12816,4260,0,3
12975,4260,0,3
12817,4262,2,1
12976,4262,2,1
12816,4262,2,1
12975,4262,2,1
13137,4265,0,3
13136,4265,0,3
12978,4265,0,3
12977,4265,0,3
13136,4266,0,3
12977,4266,0,3
12976,4266,0,3
13135,4266,0,3
13136,4268,0,3
12977,4268,0,3
12976,4268,0,3
12975,4268,0,3
13135,4268,0,3
13294,4268,0,3
13134,4268,0,3
13137,4271,0,3
13136,4271,0,3
12978,4271,0,3
12977,4271,0,3
12976,4271,0,3
13136,4272,0,3
13295,4272,0,3
12977,4272,0,3
12976,4272,0,3
13135,4272,0,3
13294,4272,0,3
13134,4272,0,3
12818,4274,0,3
12977,4274,0,3
12817,4274,0,3
12976,4274,0,3
13137,4275,0,3
13136,4275,0,3
12978,4275,0,3
12977,4275,0,3
12976,4275,0,3
12976,4276,2,1
12975,4276,2,1
13135,4276,2,1
13134,4276,2,1
13137,4277,0,3
13136,4277,0,3
12978,4277,0,3
12977,4277,0,3
12976,4278,0,3
12975,4278,0,3
13135,4278,0,3
13134,4278,0,3
13137,4280,0,3
13136,4280,0,3
12819,4280,0,3
12978,4280,0,3
12818,4280,0,3
12977,4280,0,3
12817,4282,1,2
12976,4282,1,2
12816,4282,1,2
12975,4282,1,2
12976,4283,0,3
12975,4283,0,3
13135,4283,0,3
13294,4283,0,3
13134,4283,0,3
13293,4283,0,3
13138,4286,1,2
13137,4286,1,2
13136,4286,1,2
12979,4286,1,2
12978,4286,1,2
12977,4286,1,2
12656,4291,0,3
12815,4291,0,3
12655,4291,0,3
12814,4291,0,3
12656,4292,0,3
12815,4292,0,3
12496,4292,0,3
12655,4292,0,3
12814,4292,0,3
12654,4292,0,3
12813,4292,0,3
12498,4295,0,3
12657,4295,0,3
12497,4295,0,3
12656,4295,0,3
12496,4295,0,3
12655,4295,0,3
12498,4300,0,3
12657,4300,0,3
12497,4300,0,3
12656,4300,0,3
12496,4300,0,3
12655,4300,0,3
12656,4301,0,3
12815,4301,0,3
12655,4301,0,3
12814,4301,0,3
12654,4301,0,3
12813,4301,0,3
12498,4302,0,3
12497,4302,0,3
12656,4302,0,3
12338,4302,0,3
12496,4302,0,3
12655,4302,0,3
12498,4304,0,3
12657,4304,0,3
12497,4304,0,3
12656,4304,0,3
12339,4304,0,3
12338,4304,0,3
12497,4305,0,3
12656,4305,0,3
12496,4305,0,3
12655,4305,0,3
12498,4311,0,3
12657,4311,0,3
12497,4311,0,3
12656,4311,0,3
12179,4316,0,3
12338,4316,0,3
12178,4316,0,3
12337,4316,0,3
12657,4322,0,3
12497,4322,0,3
12656,4322,0,3
12815,4322,0,3
12496,4322,0,3
12655,4322,0,3
12814,4322,0,3
12498,4323,0,3
12657,4323,0,3
12497,4323,0,3
12656,4323,0,3
12498,4327,0,3
12657,4327,0,3
12497,4327,0,3
12656,4327,0,3
12339,4327,0,3
12338,4327,0,3
12498,4329,0,3
12657,4329,0,3
12497,4329,0,3
12656,4329,0,3
12655,4330,0,3
12814,4330,0,3
12654,4330,0,3
12813,4330,0,3
12498,4334,0,3
12657,4334,0,3
12497,4334,0,3
12656,4334,0,3
12339,4334,0,3
12338,4334,0,3
12498,4338,0,3
12657,4338,0,3
12497,4338,0,3
12656,4338,0,3
12339,4338,0,3
12338,4338,0,3
12179,4339,0,3
12338,4339,0,3
12178,4339,0,3
12337,4339,0,3
12499,4341,0,3
12658,4341,0,3
12498,4341,0,3
12657,4341,0,3
12497,4341,0,3
12656,4341,0,3
12656,4347,0,3
12815,4347,0,3
12655,4347,0,3
12814,4347,0,3
12654,4347,0,3
12813,4347,0,3
12656,4348,0,3
12815,4348,0,3
12655,4348,0,3
12814,4348,0,3
12654,4348,0,3
12813,4348,0,3
12655,4352,0,3
12814,4352,0,3
12654,4352,0,3
12813,4352,0,3
12656,4353,0,3
12815,4353,0,3
12655,4353,0,3
12814,4353,0,3
12654,4353,0,3
12813,4353,0,3
12656,4354,0,3
12815,4354,0,3
12655,4354,0,3
12814,4354,0,3
12654,4354,0,3
12813,4354,0,3
12499,4355,0,3
12658,4355,0,3
12498,4355,0,3
12657,4355,0,3
12497,4355,0,3
12656,4355,0,3
12656,4359,0,3
12815,4359,0,3
12655,4359,0,3
12814,4359,0,3
12654,4359,0,3
12813,4359,0,3
12497,4360,0,3
12656,4360,0,3
12496,4360,0,3
12655,4360,0,3
12656,4361,0,3
12815,4361,0,3
12655,4361,0,3
12814,4361,0,3
12654,4361,0,3
12813,4361,0,3
12498,4362,0,3
12657,4362,0,3
12497,4362,0,3
12656,4362,0,3
12496,4362,0,3
12655,4362,0,3
12656,4363,0,3
12815,4363,0,3
12655,4363,0,3
12814,4363,0,3
12654,4363,0,3
12813,4363,0,3
12498,4366,0,3
12657,4366,0,3
12497,4366,0,3
12656,4366,0,3
12496,4366,0,3
12655,4366,0,3
12657,4367,0,3
12497,4367,0,3
12656,4367,0,3
12496,4367,0,3
12655,4367,0,3
12498,4369,0,3
12657,4369,0,3
12497,4369,0,3
12656,4369,0,3
12338,4369,0,3
12496,4369,0,3
12498,4371,0,3
12657,4371,0,3
12497,4371,0,3
12656,4371,0,3
12339,4371,0,3
12338,4371,0,3
12498,4377,0,3
12657,4377,0,3
12497,4377,0,3
12656,4377,0,3
12338,4377,0,3
12496,4377,0,3
12655,4377,0,3
12655,4379,0,3
12814,4379,0,3
12654,4379,0,3
12813,4379,0,3
12656,4389,0,3
12815,4389,0,3
12496,4389,0,3
12655,4389,0,3
12814,4389,0,3
12654,4389,0,3
12813,4389,0,3
12497,4391,0,3
12656,4391,0,3
12496,4391,0,3
12655,4391,0,3
12656,4392,0,3
12496,4392,0,3
12655,4392,0,3
12814,4392,0,3
12654,4392,0,3
12813,4392,0,3
12498,4393,0,3
12657,4393,0,3
12497,4393,0,3
12656,4393,0,3
12498,4395,0,3
12657,4395,0,3
12497,4395,0,3
12656,4395,0,3
12643,4402,0,3
12802,4402,0,3
12642,4402,0,3
12801,4402,0,3
12488,4522,1,2
12647,4522,1,2
12487,4522,1,2
12646,4522,1,2
12643,4534,0,3
12802,4534,0,3
12642,4534,0,3
12801,4534,0,3
12658,4551,0,3
12817,4551,0,3
12657,4551,0,3
12816,4551,0,3
12658,4556,0,3
12817,4556,0,3
12976,4556,0,3
12657,4556,0,3
12816,4556,0,3
12975,4556,0,3
12658,4560,0,3
12817,4560,0,3
12657,4560,0,3
12816,4560,0,3
12658,4561,0,3
12817,4561,0,3
12976,4561,0,3
12657,4561,0,3
12816,4561,0,3
12975,4561,0,3
12658,4564,0,3
12817,4564,0,3
12657,4564,0,3
12816,4564,0,3
12656,4564,0,3
12815,4564,0,3
12658,4575,0,3
12817,4575,0,3
12657,4575,0,3
12816,4575,0,3
12658,4577,0,3
12817,4577,0,3
12657,4577,0,3
12816,4577,0,3
12658,4580,0,3
12817,4580,0,3
12657,4580,0,3
12816,4580,0,3
12498,4584,0,3
12657,4584,0,3
12816,4584,0,3
12497,4584,0,3
12656,4584,0,3
12815,4584,0,3
12498,4588,0,3
12657,4588,0,3
12816,4588,0,3
12497,4588,0,3
12656,4588,0,3
12815,4588,0,3
12499,4590,0,3
12658,4590,0,3
12498,4590,0,3
12657,4590,0,3
12816,4590,0,3
12497,4590,0,3
12656,4590,0,3
12498,4593,1,2
12657,4593,1,2
12816,4593,1,2
12497,4593,1,2
12656,4593,1,2
12815,4593,1,2
12658,4598,0,3
12817,4598,0,3
12976,4598,0,3
12657,4598,0,3
12816,4598,0,3
12975,4598,0,3
12658,4603,0,3
12817,4603,0,3
12976,4603,0,3
12657,4603,0,3
12816,4603,0,3
12975,4603,0,3
12658,4604,1,2
12817,4604,1,2
12657,4604,1,2
12816,4604,1,2
12656,4604,1,2
12815,4604,1,2
12658,4615,0,3
12817,4615,0,3
12657,4615,0,3
12816,4615,0,3
12656,4615,0,3
12815,4615,0,3
13294,4624,0,3
13453,4624,0,3
13293,4624,0,3
13452,4624,0,3
13137,4625,0,3
13136,4625,0,3
12978,4625,0,3
12977,4625,0,3
13137,4626,0,3
13296,4626,0,3
13455,4626,0,3
13136,4626,0,3
13295,4626,0,3
13454,4626,0,3
13295,4627,0,3
13454,4627,0,3
13294,4627,0,3
13453,4627,0,3
13293,4627,0,3
13452,4627,0,3
13137,4628,0,3
13296,4628,0,3
13136,4628,0,3
13295,4628,0,3
12978,4628,0,3
12977,4628,0,3
13136,4629,0,3
13295,4629,0,3
13135,4629,0,3
13294,4629,0,3
13137,4630,0,3
13296,4630,0,3
13136,4630,0,3
13295,4630,0,3
13138,4631,0,3
13137,4631,0,3
13296,4631,0,3
13136,4631,0,3
12978,4631,0,3
12977,4631,0,3
13136,4632,0,3
13295,4632,0,3
13135,4632,0,3
13294,4632,0,3
13295,4633,0,3
13454,4633,0,3
13294,4633,0,3
13453,4633,0,3
13293,4633,0,3
13297,4634,0,3
13137,4634,0,3
13296,4634,0,3
13455,4634,0,3
13136,4634,0,3
13295,4634,0,3
13454,4634,0,3
13296,4635,0,3
13455,4635,0,3
13136,4635,0,3
13295,4635,0,3
13454,4635,0,3
13294,4635,0,3
13295,4636,0,3
13454,4636,0,3
13294,4636,0,3
13453,4636,0,3
13293,4636,0,3
13452,4636,0,3
13296,4637,0,3
13455,4637,0,3
13295,4637,0,3
13454,4637,0,3
13294,4637,0,3
13453,4637,0,3
13295,4638,0,3
13454,4638,0,3
13294,4638,0,3
13453,4638,0,3
13293,4638,0,3
13452,4638,0,3
13138,4639,0,3
13297,4639,0,3
13137,4639,0,3
13296,4639,0,3
13136,4639,0,3
13295,4639,0,3
13138,4640,0,3
13137,4640,0,3
13136,4640,0,3
12979,4640,0,3
12978,4640,0,3
12977,4640,0,3
13136,4641,0,3
13295,4641,0,3
12977,4641,0,3
12976,4641,0,3
13135,4641,0,3
13294,4641,0,3
13296,4642,0,3
13455,4642,0,3
13295,4642,0,3
13454,4642,0,3
13294,4642,0,3
13453,4642,0,3
13138,4643,0,3
13297,4643,0,3
13137,4643,0,3
13296,4643,0,3
13136,4643,0,3
13295,4643,0,3
12978,4643,0,3
13295,4644,0,3
13454,4644,0,3
13294,4644,0,3
13453,4644,0,3
13295,4645,0,3
13454,4645,0,3
13294,4645,0,3
13453,4645,0,3
13136,4646,0,3
13295,4646,0,3
13135,4646,0,3
13294,4646,0,3
13296,4647,0,3
13136,4647,0,3
13295,4647,0,3
13454,4647,0,3
13135,4647,0,3
13294,4647,0,3
13453,4647,0,3
13136,4648,0,3
13295,4648,0,3
13454,4648,0,3
13135,4648,0,3
13294,4648,0,3
13453,4648,0,3
13295,4649,0,3
13294,4649,0,3
13453,4649,0,3
13293,4649,0,3
13452,4649,0,3
13136,4650,0,3
13295,4650,0,3
13135,4650,0,3
13294,4650,0,3
13136,4651,0,3
13295,4651,0,3
13454,4651,0,3
13135,4651,0,3
13294,4651,0,3
13453,4651,0,3
13137,4652,0,3
13296,4652,0,3
13136,4652,0,3
13295,4652,0,3
13295,4653,0,3
13454,4653,0,3
13294,4653,0,3
13453,4653,0,3
13293,4653,0,3
13452,4653,0,3
12976,4654,0,3
13135,4654,0,3
13294,4654,0,3
13134,4654,0,3
13293,4654,0,3
13137,4655,0,3
13296,4655,0,3
13136,4655,0,3
13295,4655,0,3
13135,4655,0,3
13294,4655,0,3
13135,4656,0,3
13294,4656,0,3
13134,4656,0,3
13293,4656,0,3
13137,4657,0,3
13296,4657,0,3
13136,4657,0,3
13295,4657,0,3
12978,4657,0,3
12977,4657,0,3
13138,4658,0,3
13297,4658,0,3
13137,4658,0,3
13296,4658,0,3
13136,4658,0,3
13295,4658,0,3
13295,4659,0,3
13454,4659,0,3
13294,4659,0,3
13453,4659,0,3
13295,4660,0,3
13135,4660,0,3
13294,4660,0,3
13453,4660,0,3
13134,4660,0,3
13293,4660,0,3
13452,4660,0,3
13137,4661,0,3
13296,4661,0,3
13136,4661,0,3
13295,4661,0,3
13135,4661,0,3
13295,4662,0,3
13454,4662,0,3
13294,4662,0,3
13453,4662,0,3
13293,4662,0,3
13452,4662,0,3
13296,4663,0,3
13455,4663,0,3
13295,4663,0,3
13454,4663,0,3
13294,4663,0,3
13453,4663,0,3
13295,4664,0,3
13454,4664,0,3
13294,4664,0,3
13453,4664,0,3
13297,4665,0,3
13137,4665,0,3
13296,4665,0,3
13455,4665,0,3
13136,4665,0,3
13295,4665,0,3
13454,4665,0,3
13137,4666,0,3
13296,4666,0,3
13455,4666,0,3
13136,4666,0,3
13295,4666,0,3
13454,4666,0,3
13138,4667,0,3
13297,4667,0,3
13137,4667,0,3
13296,4667,0,3
13136,4667,0,3
13295,4667,0,3
13135,4668,0,3
13294,4668,0,3
13453,4668,0,3
13134,4668,0,3
13293,4668,0,3
13136,4669,0,3
13295,4669,0,3
13454,4669,0,3
13135,4669,0,3
13294,4669,0,3
13453,4669,0,3
13135,4670,0,3
13294,4670,0,3
13134,4670,0,3
13293,4670,0,3
13137,4671,0,3
13136,4671,0,3
13295,4671,0,3
12977,4671,0,3
12976,4671,0,3
13135,4671,0,3
13294,4671,0,3
13296,4672,0,3
13136,4672,0,3
13295,4672,0,3
13454,4672,0,3
13135,4672,0,3
13294,4672,0,3
13453,4672,0,3
13138,4673,0,3
13297,4673,0,3
13137,4673,0,3
13296,4673,0,3
13136,4673,0,3
13295,4673,0,3
13295,4674,0,3
13454,4674,0,3
13294,4674,0,3
13453,4674,0,3
13293,4674,0,3
13452,4674,0,3
13137,4675,0,3
13296,4675,0,3
13136,4675,0,3
13295,4675,0,3
13296,4676,0,3
13136,4676,0,3
13295,4676,0,3
13454,4676,0,3
13294,4676,0,3
13453,4676,0,3
13136,4677,0,3
13295,4677,0,3
13135,4677,0,3
13294,4677,0,3
13134,4677,0,3
13293,4677,0,3
13136,4678,0,3
13295,4678,0,3
13135,4678,0,3
13294,4678,0,3
13134,4678,0,3
13293,4678,0,3
13137,4679,0,3
13296,4679,0,3
13136,4679,0,3
13295,4679,0,3
12978,4679,0,3
12977,4679,0,3
13136,4680,0,3
13295,4680,0,3
13454,4680,0,3
13135,4680,0,3
13294,4680,0,3
13453,4680,0,3
13136,4681,0,3
13295,4681,0,3
13135,4681,0,3
13294,4681,0,3
13137,4682,0,3
13296,4682,0,3
13136,4682,0,3
13295,4682,0,3
12978,4682,0,3
12977,4682,0,3
13135,4682,0,3
13296,4683,0,3
13295,4683,0,3
13454,4683,0,3
13294,4683,0,3
13453,4683,0,3
13138,4684,0,3
13137,4684,0,3
13296,4684,0,3
13136,4684,0,3
12979,4684,0,3
12978,4684,0,3
12977,4684,0,3
13136,4685,0,3
13295,4685,0,3
13135,4685,0,3
13294,4685,0,3
13138,4686,0,3
13297,4686,0,3
13137,4686,0,3
13296,4686,0,3
13136,4686,0,3
13295,4686,0,3
13136,4687,0,3
13295,4687,0,3
13135,4687,0,3
13294,4687,0,3
13137,4688,0,3
13296,4688,0,3
13136,4688,0,3
13295,4688,0,3
13296,4689,0,3
13455,4689,0,3
13136,4689,0,3
13295,4689,0,3
13454,4689,0,3
13294,4689,0,3
13453,4689,0,3
13295,4690,0,3
13135,4690,0,3
13294,4690,0,3
13453,4690,0,3
13134,4690,0,3
13293,4690,0,3
13452,4690,0,3
13135,4691,0,3
13294,4691,0,3
13453,4691,0,3
13134,4691,0,3
13293,4691,0,3
13452,4691,0,3
13136,4692,0,3
13295,4692,0,3
12977,4692,0,3
12976,4692,0,3
13135,4692,0,3
13294,4692,0,3
13137,4693,0,3
13136,4693,0,3
12978,4693,0,3
12977,4693,0,3
13137,4694,0,3
13296,4694,0,3
13136,4694,0,3
13295,4694,0,3
12978,4694,0,3
12977,4694,0,3
13135,4694,0,3
13135,4695,0,3
13294,4695,0,3
13134,4695,0,3
13293,4695,0,3
13136,4696,0,3
13295,4696,0,3
12976,4696,0,3
13135,4696,0,3
13294,4696,0,3
13134,4696,0,3
13293,4696,0,3
13296,4697,0,3
13455,4697,0,3
13295,4697,0,3
13454,4697,0,3
13137,4698,0,3
13296,4698,0,3
13455,4698,0,3
13136,4698,0,3
13295,4698,0,3
13454,4698,0,3
13294,4699,0,3
13453,4699,0,3
13293,4699,0,3
13452,4699,0,3
13137,4700,0,3
13136,4700,0,3
12978,4700,0,3
12977,4700,0,3
13295,4701,0,3
13454,4701,0,3
13294,4701,0,3
13453,4701,0,3
13137,4702,0,3
13136,4702,0,3
12978,4702,0,3
12977,4702,0,3
13135,4703,0,3
13294,4703,0,3
13134,4703,0,3
13293,4703,0,3
13296,4704,0,3
13455,4704,0,3
13136,4704,0,3
13295,4704,0,3
13454,4704,0,3
13294,4704,0,3
13453,4704,0,3
13295,4705,0,3
13454,4705,0,3
13294,4705,0,3
13453,4705,0,3
13136,4706,0,3
13295,4706,0,3
13454,4706,0,3
13135,4706,0,3
13294,4706,0,3
13453,4706,0,3
13138,4707,0,3
13137,4707,0,3
13136,4707,0,3
12979,4707,0,3
12978,4707,0,3
12977,4707,0,3
13295,4708,0,3
13454,4708,0,3
13294,4708,0,3
13453,4708,0,3
13136,4709,0,3
13295,4709,0,3
12977,4709,0,3
12976,4709,0,3
13135,4709,0,3
13294,4709,0,3
13138,4710,0,3
13297,4710,0,3
13137,4710,0,3
13296,4710,0,3
13136,4710,0,3
13295,4710,0,3
13297,4711,0,3
13137,4711,0,3
13296,4711,0,3
13455,4711,0,3
13295,4711,0,3
13454,4711,0,3
13295,4712,0,3
13454,4712,0,3
13135,4712,0,3
13294,4712,0,3
13453,4712,0,3
13293,4712,0,3
14071,5060,0,3
14230,5060,0,3
13911,5060,0,3
14070,5060,0,3
14229,5060,0,3
14069,5060,0,3
14228,5060,0,3
13911,5061,0,3
14070,5061,0,3
13910,5061,0,3
14069,5061,0,3
13909,5078,1,2
14068,5078,1,2
13908,5078,1,2
14067,5078,1,2
13911,5085,0,3
14070,5085,0,3
13910,5085,0,3
14069,5085,0,3
13909,5085,0,3
14068,5085,0,3
13751,5092,2,1
13910,5092,2,1
13750,5092,2,1
13909,5092,2,1
13749,5092,2,1
13908,5092,2,1
13911,5093,0,3
14070,5093,0,3
14229,5093,0,3
13910,5093,0,3
14069,5093,0,3
14228,5093,0,3
13911,5096,0,3
14070,5096,0,3
13910,5096,0,3
14069,5096,0,3
13912,5097,0,3
14071,5097,0,3
13752,5097,0,3
13911,5097,0,3
14070,5097,0,3
13910,5097,0,3
14069,5097,0,3
14070,5099,0,3
14229,5099,0,3
14069,5099,0,3
14228,5099,0,3
14068,5099,0,3
14227,5099,0,3
13912,5100,0,3
14071,5100,0,3
14230,5100,0,3
13911,5100,0,3
14070,5100,0,3
14229,5100,0,3
14069,5100,0,3
13909,5102,0,3
14068,5102,0,3
14227,5102,0,3
13908,5102,0,3
14067,5102,0,3
14226,5102,0,3
13909,5104,0,3
14068,5104,0,3
13908,5104,0,3
14067,5104,0,3
13752,5105,2,1
13911,5105,2,1
14070,5105,2,1
13751,5105,2,1
13910,5105,2,1
14069,5105,2,1
13910,5107,1,2
13750,5107,1,2
13909,5107,1,2
14068,5107,1,2
13749,5107,1,2
13908,5107,1,2
14067,5107,1,2
13912,5108,0,3
14071,5108,0,3
14230,5108,0,3
13911,5108,0,3
14070,5108,0,3
14229,5108,0,3
14069,5108,0,3
14070,5112,0,3
14229,5112,0,3
14069,5112,0,3
14228,5112,0,3
14070,5115,1,2
14229,5115,1,2
14069,5115,1,2
14228,5115,1,2
14068,5115,1,2
14227,5115,1,2
13912,5118,0,3
14071,5118,0,3
14230,5118,0,3
13911,5118,0,3
14070,5118,0,3
14229,5118,0,3
13912,5122,0,3
14071,5122,0,3
13911,5122,0,3
14070,5122,0,3
13910,5122,0,3
14069,5122,0,3
14068,5124,0,3
14227,5124,0,3
14067,5124,0,3
14226,5124,0,3
14070,5126,1,2
14229,5126,1,2
13910,5126,1,2
14069,5126,1,2
14228,5126,1,2
14068,5126,1,2
14227,5126,1,2
13910,5130,1,2
13750,5130,1,2
13909,5130,1,2
14068,5130,1,2
13749,5130,1,2
13908,5130,1,2
14067,5130,1,2
13912,5133,0,3
14071,5133,0,3
13911,5133,0,3
14070,5133,0,3
13910,5133,0,3
14069,5133,0,3
13911,5137,0,3
14070,5137,0,3
14229,5137,0,3
13910,5137,0,3
14069,5137,0,3
14228,5137,0,3
14071,5142,0,3
13911,5142,0,3
14070,5142,0,3
14229,5142,0,3
13910,5142,0,3
14069,5142,0,3
13912,5144,0,3
14071,5144,0,3
13911,5144,0,3
14070,5144,0,3
13910,5144,0,3
14069,5144,0,3
13913,5149,0,3
13753,5149,0,3
13912,5149,0,3
14071,5149,0,3
13911,5149,0,3
14070,5149,0,3
14070,5152,0,3
14229,5152,0,3
14069,5152,0,3
14228,5152,0,3
14236,5153,0,3
14395,5153,0,3
14394,5153,0,3
14235,5153,0,3
14236,5167,0,3
14395,5167,0,3
14394,5167,0,3
14235,5167,0,3
14236,5256,0,3
14395,5256,0,3
14394,5256,0,3
14235,5256,0,3
14236,5281,0,3
14395,5281,0,3
14394,5281,0,3
14235,5281,0,3
14236,5287,0,3
14237,5287,0,3
14395,5287,0,3
14394,5287,0,3
14235,5287,0,3
14236,5330,0,3
14395,5330,0,3
14394,5330,0,3
14235,5330,0,3
14236,5338,0,3
14395,5338,0,3
14394,5338,0,3
14235,5338,0,3
14236,5339,0,3
14395,5339,0,3
14394,5339,0,3
14235,5339,0,3
14234,5339,0,3
14393,5339,0,3
14236,5353,0,3
14395,5353,0,3
14394,5353,0,3
14235,5353,0,3
14234,5353,0,3
14393,5353,0,3
14236,5357,0,3
14395,5357,0,3
14394,5357,0,3
14235,5357,0,3
14236,5374,0,3
14395,5374,0,3
14394,5374,0,3
14235,5374,0,3
14234,5374,0,3
14393,5374,0,3
12813,5738,0,3
12972,5738,0,3
12812,5738,0,3
12971,5738,0,3
12814,5745,0,3
12973,5745,0,3
12813,5745,0,3
12972,5745,0,3
13130,5746,0,3
13129,5746,0,3
12812,5746,0,3
12971,5746,0,3
12811,5746,0,3
12970,5746,0,3
12814,5748,0,3
12973,5748,0,3
12813,5748,0,3
12972,5748,0,3
12812,5748,0,3
12971,5748,0,3
13129,5752,0,3
12812,5752,0,3
12971,5752,0,3
12811,5752,0,3
12970,5752,0,3
12969,5752,0,3
12813,5755,0,3
12972,5755,0,3
13131,5755,0,3
13130,5755,0,3
12812,5755,0,3
12971,5755,0,3
12655,5757,0,3
12814,5757,0,3
12973,5757,0,3
12654,5757,0,3
12813,5757,0,3
12972,5757,0,3
12814,5758,0,3
12973,5758,0,3
12813,5758,0,3
12972,5758,0,3
13132,5758,0,3
13131,5758,0,3
12814,5762,0,3
12973,5762,0,3
12654,5762,0,3
12813,5762,0,3
12972,5762,0,3
12812,5762,0,3
12971,5762,0,3
12972,5764,0,3
13130,5764,0,3
13129,5764,0,3
12812,5764,0,3
12971,5764,0,3
12811,5764,0,3
12970,5764,0,3
12972,5767,2,1
13131,5767,2,1
13130,5767,2,1
12971,5767,2,1
12814,5775,0,3
12973,5775,0,3
12654,5775,0,3
12813,5775,0,3
12972,5775,0,3
12812,5775,0,3
12971,5775,0,3
12814,5780,0,3
12973,5780,0,3
12813,5780,0,3
12972,5780,0,3
12813,5789,0,3
12972,5789,0,3
13131,5789,0,3
13130,5789,0,3
12812,5789,0,3
12971,5789,0,3
12813,5790,0,3
12972,5790,0,3
12812,5790,0,3
12971,5790,0,3
13130,5797,2,1
13129,5797,2,1
12812,5797,2,1
12971,5797,2,1
12811,5797,2,1
12970,5797,2,1
12813,5804,0,3
12972,5804,0,3
12812,5804,0,3
12971,5804,0,3
12814,5805,0,3
12973,5805,0,3
12654,5805,0,3
12813,5805,0,3
12972,5805,0,3
12812,5805,0,3
12813,5809,0,3
12972,5809,0,3
13131,5809,0,3
13130,5809,0,3
12812,5809,0,3
12971,5809,0,3
12813,5814,0,3
12972,5814,0,3
13131,5814,0,3
13130,5814,0,3
12812,5814,0,3
12971,5814,0,3
12813,5816,0,3
12972,5816,0,3
12812,5816,0,3
12971,5816,0,3
12811,5816,0,3
12970,5816,0,3
12814,5822,0,3
12973,5822,0,3
12813,5822,0,3
12972,5822,0,3
13132,5822,0,3
13131,5822,0,3
12814,5824,0,3
12973,5824,0,3
12813,5824,0,3
12972,5824,0,3
12812,5824,0,3
12971,5824,0,3
12813,5830,0,3
12972,5830,0,3
13131,5830,0,3
13130,5830,0,3
12812,5830,0,3
12971,5830,0,3
12813,5831,0,3
12972,5831,0,3
12812,5831,0,3
12971,5831,0,3
12811,5831,0,3
12970,5831,0,3
12814,5834,0,3
12973,5834,0,3
12813,5834,0,3
12972,5834,0,3
13131,5834,0,3
12971,5834,0,3
12814,5836,0,3
12973,5836,0,3
12813,5836,0,3
12972,5836,0,3
13132,5836,0,3
13131,5836,0,3
12813,5838,0,3
12972,5838,0,3
13131,5838,0,3
13130,5838,0,3
12812,5838,0,3
12971,5838,0,3
12970,5838,0,3
12655,5839,0,3
12814,5839,0,3
12973,5839,0,3
12654,5839,0,3
12813,5839,0,3
12972,5839,0,3
12655,5842,0,3
12814,5842,0,3
12973,5842,0,3
12654,5842,0,3
12813,5842,0,3
12972,5842,0,3
12813,5845,0,3
12972,5845,0,3
13131,5845,0,3
13130,5845,0,3
12812,5845,0,3
12971,5845,0,3
12813,5848,0,3
12972,5848,0,3
12812,5848,0,3
12971,5848,0,3
12814,5853,0,3
12973,5853,0,3
12813,5853,0,3
12972,5853,0,3
12814,5854,0,3
12973,5854,0,3
12813,5854,0,3
12972,5854,0,3
12812,5854,0,3
12971,5854,0,3
12814,5855,0,3
12654,5855,0,3
12813,5855,0,3
12972,5855,0,3
12812,5855,0,3
12971,5855,0,3
12655,5861,0,3
12814,5861,0,3
12973,5861,0,3
12654,5861,0,3
12813,5861,0,3
12972,5861,0,3
12812,5861,0,3
12814,5862,0,3
12973,5862,0,3
12813,5862,0,3
12972,5862,0,3
13132,5862,0,3
13131,5862,0,3
12814,5865,0,3
12973,5865,0,3
12813,5865,0,3
12972,5865,0,3
13132,5865,0,3
13131,5865,0,3
12813,5867,0,3
12972,5867,0,3
12812,5867,0,3
12971,5867,0,3
12655,5868,0,3
12814,5868,0,3
12654,5868,0,3
12813,5868,0,3
12972,5868,0,3
12814,5870,0,3
12973,5870,0,3
12813,5870,0,3
12972,5870,0,3
12812,5870,0,3
12971,5870,0,3
12972,5873,2,1
13130,5873,2,1
13129,5873,2,1
12812,5873,2,1
12971,5873,2,1
12811,5873,2,1
12970,5873,2,1
12813,5877,0,3
12972,5877,0,3
12812,5877,0,3
12971,5877,0,3
13130,5878,0,3
13129,5878,0,3
12812,5878,0,3
12971,5878,0,3
12811,5878,0,3
12970,5878,0,3
12973,5883,0,3
12972,5883,0,3
13132,5883,0,3
13131,5883,0,3
13130,5886,2,1
13129,5886,2,1
12812,5886,2,1
12971,5886,2,1
12970,5886,2,1
13130,5888,2,1
13129,5888,2,1
12812,5888,2,1
12971,5888,2,1
12811,5888,2,1
12970,5888,2,1
12814,5889,0,3
12973,5889,0,3
12813,5889,0,3
12972,5889,0,3
12813,5890,0,3
12972,5890,0,3
13131,5890,0,3
13130,5890,0,3
12812,5890,0,3
12971,5890,0,3
12814,5896,2,1
12973,5896,2,1
12813,5896,2,1
12972,5896,2,1
12814,5898,0,3
12973,5898,0,3
12813,5898,0,3
12972,5898,0,3
12814,5899,0,3
12973,5899,0,3
12813,5899,0,3
12972,5899,0,3
13132,5899,0,3
13131,5899,0,3
12969,5910,0,3
12968,5910,0,3
13128,5910,0,3
13127,5910,0,3
12810,5922,0,3
12969,5922,0,3
12809,5922,0,3
12968,5922,0,3
12967,5922,0,3
13128,5922,0,3
13127,5922,0,3
13129,5925,0,3
12970,5925,0,3
12969,5925,0,3
12968,5925,0,3
13128,5925,0,3
13127,5925,0,3
12969,5932,0,3
12968,5932,0,3
13128,5932,0,3
13127,5932,0,3
12969,5942,0,3
12968,5942,0,3
13128,5942,0,3
13127,5942,0,3
13129,5950,0,3
12811,5950,0,3
12970,5950,0,3
12810,5950,0,3
12969,5950,0,3
13128,5950,0,3
13129,5952,0,3
12970,5952,0,3
12969,5952,0,3
13128,5952,0,3
13129,5956,0,3
12970,5956,0,3
12969,5956,0,3
12968,5956,0,3
13128,5956,0,3
13127,5956,0,3
13129,5963,0,3
12811,5963,0,3
12970,5963,0,3
12810,5963,0,3
12969,5963,0,3
13128,5963,0,3
12969,5967,0,3
12968,5967,0,3
13128,5967,0,3
13127,5967,0,3
13129,5969,0,3
12970,5969,0,3
12969,5969,0,3
13128,5969,0,3
13129,5974,0,3
12811,5974,0,3
12970,5974,0,3
12810,5974,0,3
12969,5974,0,3
13128,5974,0,3
12969,6008,0,3
12968,6008,0,3
13128,6008,0,3
13127,6008,0,3
12969,6023,0,3
12968,6023,0,3
13128,6023,0,3
13127,6023,0,3
12969,6029,0,3
12968,6029,0,3
13128,6029,0,3
13127,6029,0,3
13129,6032,0,3
12811,6032,0,3
12970,6032,0,3
12810,6032,0,3
12969,6032,0,3
13128,6032,0,3
13129,6036,0,3
12970,6036,0,3
12969,6036,0,3
13128,6036,0,3
13447,6087,0,3
13287,6087,0,3
13446,6087,0,3
13605,6087,0,3
13286,6087,0,3
13445,6087,0,3
13604,6087,0,3
13447,6096,0,3
13606,6096,0,3
13287,6096,0,3
13446,6096,0,3
13605,6096,0,3
13445,6096,0,3
13604,6096,0,3
13288,6130,0,3
13287,6130,0,3
13446,6130,0,3
13286,6130,0,3
13445,6130,0,3
13288,6155,0,3
13447,6155,0,3
13287,6155,0,3
13446,6155,0,3
13286,6155,0,3
13445,6155,0,3
12648,6170,0,3
12807,6170,0,3
12647,6170,0,3
12806,6170,0,3
13288,6247,0,3
13447,6247,0,3
13606,6247,0,3
13287,6247,0,3
13446,6247,0,3
13605,6247,0,3
13445,6247,0,3
13447,6281,0,3
13606,6281,0,3
13446,6281,0,3
13605,6281,0,3
13445,6281,0,3
13604,6281,0,3
13288,6285,0,3
13447,6285,0,3
13287,6285,0,3
13446,6285,0,3
13286,6285,0,3
13445,6285,0,3
16310,6646,0,3
16469,6646,0,3
16309,6646,0,3
16468,6646,0,3
16308,6646,0,3
16467,6646,0,3
16310,6705,0,3
16469,6705,0,3
16309,6705,0,3
16468,6705,0,3
16311,6743,0,3
16470,6743,0,3
16310,6743,0,3
16469,6743,0,3
16310,6744,0,3
16469,6744,0,3
16309,6744,0,3
16468,6744,0,3
16310,6776,0,3
16469,6776,0,3
16309,6776,0,3
16468,6776,0,3
16469,6781,0,3
16309,6781,0,3
16468,6781,0,3
16308,6781,0,3
16467,6781,0,3
16310,6787,0,3
16469,6787,0,3
16309,6787,0,3
16468,6787,0,3
16467,6787,0,3
16312,6797,0,3
16471,6797,0,3
16311,6797,0,3
16470,6797,0,3
16310,6797,0,3
16469,6797,0,3
13765,6800,0,3
13606,6800,0,3
13605,6800,0,3
13604,6800,0,3
13764,6800,0,3
13763,6800,0,3
13764,6802,0,3
13923,6802,0,3
13763,6802,0,3
13922,6802,0,3
13762,6802,0,3
13921,6802,0,3
13764,6808,0,3
13923,6808,0,3
13763,6808,0,3
13922,6808,0,3
13447,6810,0,3
13606,6810,0,3
13446,6810,0,3
13605,6810,0,3
13445,6810,0,3
13604,6810,0,3
13764,6810,0,3
13764,6812,0,3
13923,6812,0,3
13763,6812,0,3
13922,6812,0,3
13765,6822,0,3
13924,6822,0,3
13764,6822,0,3
13923,6822,0,3
13763,6822,0,3
13922,6822,0,3
13765,6826,0,3
13606,6826,0,3
13605,6826,0,3
13764,6826,0,3
13764,6828,0,3
13923,6828,0,3
13763,6828,0,3
13922,6828,0,3
13765,6831,0,3
13764,6831,0,3
13923,6831,0,3
13763,6831,0,3
13922,6831,0,3
13605,6832,0,3
13604,6832,0,3
13764,6832,0,3
13763,6832,0,3
13765,6836,0,3
13606,6836,0,3
13605,6836,0,3
13764,6836,0,3
13923,6836,0,3
13447,6843,0,3
13606,6843,0,3
13446,6843,0,3
13605,6843,0,3
13445,6843,0,3
13604,6843,0,3
13765,6845,0,3
13447,6845,0,3
13606,6845,0,3
13446,6845,0,3
13605,6845,0,3
13604,6845,0,3
13764,6845,0,3
13764,6847,0,3
13923,6847,0,3
13763,6847,0,3
13922,6847,0,3
13764,6849,0,3
13923,6849,0,3
13763,6849,0,3
13922,6849,0,3
13765,6850,0,3
13606,6850,0,3
13605,6850,0,3
13604,6850,0,3
13764,6850,0,3
13763,6850,0,3
13765,6852,0,3
13606,6852,0,3
13605,6852,0,3
13604,6852,0,3
13764,6852,0,3
13923,6852,0,3
13763,6852,0,3
13765,6853,0,3
13606,6853,0,3
13605,6853,0,3
13604,6853,0,3
13764,6853,0,3
13763,6853,0,3
13446,6855,0,3
13605,6855,0,3
13445,6855,0,3
13604,6855,0,3
13764,6855,0,3
13763,6855,0,3
13764,6857,0,3
13923,6857,0,3
13763,6857,0,3
13922,6857,0,3
13762,6857,0,3
13921,6857,0,3
13765,6860,0,3
13606,6860,0,3
13605,6860,0,3
13764,6860,0,3
13923,6860,0,3
13763,6860,0,3
13764,6864,0,3
13923,6864,0,3
13763,6864,0,3
13922,6864,0,3
13765,6867,0,3
13605,6867,0,3
13764,6867,0,3
13923,6867,0,3
13763,6867,0,3
13922,6867,0,3
13764,6877,0,3
13923,6877,0,3
13763,6877,0,3
13922,6877,0,3
13765,6878,0,3
13606,6878,0,3
13605,6878,0,3
13764,6878,0,3
13606,6882,0,3
13446,6882,0,3
13605,6882,0,3
13445,6882,0,3
13604,6882,0,3
13764,6882,0,3
13764,6888,0,3
13923,6888,0,3
13763,6888,0,3
13922,6888,0,3
13765,6896,0,3
13924,6896,0,3
13764,6896,0,3
13923,6896,0,3
13763,6896,0,3
13922,6896,0,3
13765,6898,0,3
13606,6898,0,3
13605,6898,0,3
13764,6898,0,3
13606,6900,0,3
13446,6900,0,3
13605,6900,0,3
13445,6900,0,3
13604,6900,0,3
13764,6900,0,3
13763,6900,0,3
13447,6903,0,3
13606,6903,0,3
13446,6903,0,3
13605,6903,0,3
13604,6903,0,3
13764,6903,0,3
13765,6910,0,3
13606,6910,0,3
13605,6910,0,3
13604,6910,0,3
13764,6910,0,3
13763,6910,0,3
13764,6913,0,3
13923,6913,0,3
13763,6913,0,3
13922,6913,0,3
15041,7056,0,3
15200,7056,0,3
15040,7056,0,3
15199,7056,0,3
15359,7056,0,3
15358,7056,0,3
15042,7057,0,3
15201,7057,0,3
15041,7057,0,3
15200,7057,0,3
15199,7057,0,3
15360,7057,0,3
15359,7057,0,3
15041,7058,0,3
15200,7058,0,3
15040,7058,0,3
15199,7058,0,3
15359,7058,0,3
15358,7058,0,3
15201,7059,0,3
15200,7059,0,3
15360,7059,0,3
15359,7059,0,3
15200,7061,0,3
15199,7061,0,3
15359,7061,0,3
15358,7061,0,3
15202,7064,0,3
15201,7064,0,3
15361,7064,0,3
15520,7064,0,3
15360,7064,0,3
15519,7064,0,3
15359,7064,0,3
15362,7065,0,3
15521,7065,0,3
15361,7065,0,3
15520,7065,0,3
15360,7065,0,3
15519,7065,0,3
15361,7066,2,1
15520,7066,2,1
15360,7066,2,1
15519,7066,2,1
15362,7067,0,3
15202,7067,0,3
15201,7067,0,3
15361,7067,0,3
15360,7067,0,3
15203,7068,0,3
15043,7068,0,3
15202,7068,0,3
15042,7068,0,3
15201,7068,0,3
15361,7068,0,3
15360,7068,0,3
15361,7069,0,3
15520,7069,0,3
15360,7069,0,3
15519,7069,0,3
15201,7070,0,3
15041,7070,0,3
15200,7070,0,3
15199,7070,0,3
15360,7070,0,3
15359,7070,0,3
15358,7070,0,3
15202,7073,0,3
15201,7073,0,3
15361,7073,0,3
15520,7073,0,3
15360,7073,0,3
15519,7073,0,3
15362,7074,0,3
15203,7074,0,3
15202,7074,0,3
15201,7074,0,3
15361,7074,0,3
15360,7074,0,3
15202,7076,0,3
15201,7076,0,3
15361,7076,0,3
15520,7076,0,3
15360,7076,0,3
15519,7076,0,3
15201,7077,0,3
15200,7077,0,3
15360,7077,0,3
15519,7077,0,3
15359,7077,0,3
15518,7077,0,3
15041,7078,0,3
15200,7078,0,3
15040,7078,0,3
15199,7078,0,3
15359,7078,0,3
15358,7078,0,3
15200,7079,0,3
15199,7079,0,3
15359,7079,0,3
15358,7079,0,3
15201,7080,0,3
15361,7080,0,3
15520,7080,0,3
15360,7080,0,3
15519,7080,0,3
15359,7080,0,3
15518,7080,0,3
15042,7081,0,3
15201,7081,0,3
15041,7081,0,3
15200,7081,0,3
15360,7081,0,3
15359,7081,0,3
15201,7082,0,3
15041,7082,0,3
15200,7082,0,3
15199,7082,0,3
15359,7082,0,3
15358,7082,0,3
15042,7083,0,3
15201,7083,0,3
15041,7083,0,3
15200,7083,0,3
15040,7083,0,3
15199,7083,0,3
15359,7083,0,3
15042,7084,0,3
15201,7084,0,3
15041,7084,0,3
15200,7084,0,3
15360,7084,0,3
15359,7084,0,3
15362,7085,0,3
15521,7085,0,3
15361,7085,0,3
15520,7085,0,3
15360,7085,0,3
15519,7085,0,3
15043,7087,0,3
15202,7087,0,3
15042,7087,0,3
15201,7087,0,3
15041,7087,0,3
15200,7087,0,3
15360,7087,0,3
15202,7088,0,3
15201,7088,0,3
15200,7088,0,3
15361,7088,0,3
15360,7088,0,3
15359,7088,0,3
15202,7089,0,3
15201,7089,0,3
15361,7089,0,3
15360,7089,0,3
15202,7090,0,3
15201,7090,0,3
15361,7090,0,3
15360,7090,0,3
15202,7092,0,3
15201,7092,0,3
15361,7092,0,3
15360,7092,0,3
15359,7092,0,3
15201,7093,0,3
15200,7093,0,3
15360,7093,0,3
15359,7093,0,3
15202,7095,0,3
15201,7095,0,3
15361,7095,0,3
15360,7095,0,3
15519,7095,0,3
15361,7097,0,3
15520,7097,0,3
15360,7097,0,3
15519,7097,0,3
15202,7099,0,3
15201,7099,0,3
15200,7099,0,3
15361,7099,0,3
15360,7099,0,3
15359,7099,0,3
15043,7100,2,1
15202,7100,2,1
15042,7100,2,1
15201,7100,2,1
15202,7101,0,3
15201,7101,0,3
15361,7101,0,3
15520,7101,0,3
15360,7101,0,3
15519,7101,0,3
15202,7102,0,3
15201,7102,0,3
15361,7102,0,3
15360,7102,0,3
15202,7103,0,3
15201,7103,0,3
15361,7103,0,3
15360,7103,0,3
15202,7104,0,3
15201,7104,0,3
15200,7104,0,3
15361,7104,0,3
15360,7104,0,3
15359,7104,0,3
15361,7105,0,3
15520,7105,0,3
15360,7105,0,3
15519,7105,0,3
15042,7106,0,3
15201,7106,0,3
15041,7106,0,3
15200,7106,0,3
15201,7107,0,3
15200,7107,0,3
15360,7107,0,3
15359,7107,0,3
15202,7108,0,3
15201,7108,0,3
15361,7108,0,3
15360,7108,0,3
15202,7109,0,3
15201,7109,0,3
15361,7109,0,3
15360,7109,0,3
15042,7110,0,3
15201,7110,0,3
15041,7110,0,3
15200,7110,0,3
15359,7110,0,3
15362,7111,0,3
15203,7111,0,3
15202,7111,0,3
15201,7111,0,3
15361,7111,0,3
15360,7111,0,3
15201,7112,0,3
15200,7112,0,3
15361,7112,0,3
15360,7112,0,3
15359,7112,0,3
15202,7113,0,3
15201,7113,0,3
15200,7113,0,3
15361,7113,0,3
15360,7113,0,3
15359,7113,0,3
15201,7114,0,3
15200,7114,0,3
15360,7114,0,3
15359,7114,0,3
15201,7115,0,3
15200,7115,0,3
15360,7115,0,3
15519,7115,0,3
15359,7115,0,3
15518,7115,0,3
15041,7116,0,3
15200,7116,0,3
15040,7116,0,3
15199,7116,0,3
15359,7116,0,3
15358,7116,0,3
15362,7117,0,3
15202,7117,0,3
15201,7117,0,3
15361,7117,0,3
15520,7117,0,3
15360,7117,0,3
15041,7119,0,3
15200,7119,0,3
15040,7119,0,3
15199,7119,0,3
15359,7119,0,3
15358,7119,0,3
15043,7120,0,3
15202,7120,0,3
15042,7120,0,3
15201,7120,0,3
15200,7120,0,3
15361,7120,0,3
15360,7120,0,3
15041,7121,0,3
15200,7121,0,3
15040,7121,0,3
15199,7121,0,3
15359,7121,0,3
15358,7121,0,3
15201,7122,0,3
15041,7122,0,3
15200,7122,0,3
15040,7122,0,3
15199,7122,0,3
15359,7122,0,3
15358,7122,0,3
15202,7124,0,3
15201,7124,0,3
15361,7124,0,3
15360,7124,0,3
15359,7124,0,3
15202,7125,0,3
15201,7125,0,3
15361,7125,0,3
15360,7125,0,3
15519,7125,0,3
15359,7125,0,3
15042,7126,0,3
15201,7126,0,3
15041,7126,0,3
15200,7126,0,3
15199,7126,0,3
15359,7126,0,3
15362,7128,0,3
15203,7128,0,3
15202,7128,0,3
15201,7128,0,3
15361,7128,0,3
15360,7128,0,3
15202,7129,0,3
15042,7129,0,3
15201,7129,0,3
15200,7129,0,3
15361,7129,0,3
15360,7129,0,3
15359,7129,0,3
15201,7130,0,3
15200,7130,0,3
15360,7130,0,3
15359,7130,0,3
15202,7131,0,3
15201,7131,0,3
15361,7131,0,3
15360,7131,0,3
15362,7132,0,3
15521,7132,0,3
15203,7132,0,3
15202,7132,0,3
15361,7132,0,3
15520,7132,0,3
15360,7132,0,3
15361,7133,0,3
15520,7133,0,3
15360,7133,0,3
15519,7133,0,3
15202,7134,0,3
15201,7134,0,3
15361,7134,0,3
15360,7134,0,3
15201,7135,0,3
15200,7135,0,3
15360,7135,0,3
15359,7135,0,3
15362,7136,0,3
15521,7136,0,3
15361,7136,0,3
15520,7136,0,3
15360,7136,0,3
15519,7136,0,3
15202,7139,0,3
15201,7139,0,3
15361,7139,0,3
15360,7139,0,3
15362,7142,0,3
15202,7142,0,3
15201,7142,0,3
15361,7142,0,3
15520,7142,0,3
15360,7142,0,3
15519,7142,0,3
15202,7143,0,3
15201,7143,0,3
15200,7143,0,3
15361,7143,0,3
15360,7143,0,3
15519,7143,0,3
15359,7143,0,3
15043,7144,0,3
15202,7144,0,3
15042,7144,0,3
15201,7144,0,3
15361,7144,0,3
15360,7144,0,3
15202,7145,0,3
15201,7145,0,3
15361,7145,0,3
15520,7145,0,3
15360,7145,0,3
15519,7145,0,3
15359,7145,0,3
15201,7146,0,3
15200,7146,0,3
15199,7146,0,3
15360,7146,0,3
15359,7146,0,3
15361,7147,0,3
15520,7147,0,3
15360,7147,0,3
15519,7147,0,3
15359,7147,0,3
15518,7147,0,3
15837,7149,0,3
15996,7149,0,3
15836,7149,0,3
15995,7149,0,3
15837,7150,0,3
15996,7150,0,3
15678,7150,0,3
15677,7150,0,3
15836,7150,0,3
15995,7150,0,3
15360,7151,0,3
15519,7151,0,3
15359,7151,0,3
15518,7151,0,3
15838,7157,0,3
15997,7157,0,3
15837,7157,0,3
15996,7157,0,3
15679,7157,0,3
15678,7157,0,3
15837,7158,0,3
15996,7158,0,3
15836,7158,0,3
15995,7158,0,3
15838,7161,0,3
15837,7161,0,3
15996,7161,0,3
15679,7161,0,3
15678,7161,0,3
15677,7161,0,3
15836,7161,0,3
15837,7163,0,3
15996,7163,0,3
15836,7163,0,3
15995,7163,0,3
15838,7171,0,3
15997,7171,0,3
15837,7171,0,3
15996,7171,0,3
15836,7171,0,3
15995,7171,0,3
15837,7179,0,3
15996,7179,0,3
15678,7179,0,3
15677,7179,0,3
15836,7179,0,3
15995,7179,0,3
15837,7183,0,3
15996,7183,0,3
15678,7183,0,3
15677,7183,0,3
15836,7183,0,3
15995,7183,0,3
15838,7186,0,3
15837,7186,0,3
15996,7186,0,3
15679,7186,0,3
15678,7186,0,3
15677,7186,0,3
15836,7186,0,3
15838,7190,0,3
15837,7190,0,3
15679,7190,0,3
15678,7190,0,3
15677,7190,0,3
15836,7190,0,3
15837,7192,0,3
15996,7192,0,3
15836,7192,0,3
15995,7192,0,3
15837,7195,0,3
15519,7195,0,3
15678,7195,0,3
15518,7195,0,3
15677,7195,0,3
15836,7195,0,3
15837,7198,0,3
15678,7198,0,3
15677,7198,0,3
15836,7198,0,3
15838,7206,0,3
15837,7206,0,3
15679,7206,0,3
15678,7206,0,3
15677,7206,0,3
15836,7206,0,3
15838,7210,0,3
15997,7210,0,3
15837,7210,0,3
15996,7210,0,3
15679,7210,0,3
15678,7210,0,3
15837,7212,0,3
15996,7212,0,3
15678,7212,0,3
15836,7212,0,3
15995,7212,0,3
15837,7216,0,3
15996,7216,0,3
15678,7216,0,3
15677,7216,0,3
15836,7216,0,3
15995,7216,0,3
15837,7217,0,3
15679,7217,0,3
15519,7217,0,3
15678,7217,0,3
15677,7217,0,3
15836,7217,0,3
15838,7219,0,3
15837,7219,0,3
15679,7219,0,3
15678,7219,0,3
15677,7219,0,3
15836,7219,0,3
15838,7220,0,3
15837,7220,0,3
15679,7220,0,3
15678,7220,0,3
15677,7220,0,3
15836,7220,0,3
15837,7221,0,3
15678,7221,0,3
15677,7221,0,3
15836,7221,0,3
15838,7223,0,3
15837,7223,0,3
15679,7223,0,3
15678,7223,0,3
15677,7223,0,3
15836,7223,0,3
15837,7225,0,3
15996,7225,0,3
15836,7225,0,3
15995,7225,0,3
15360,7227,0,3
15519,7227,0,3
15359,7227,0,3
15518,7227,0,3
15838,7228,0,3
15997,7228,0,3
15837,7228,0,3
15996,7228,0,3
15836,7228,0,3
15995,7228,0,3
15360,7229,0,3
15519,7229,0,3
15359,7229,0,3
15518,7229,0,3
15837,7232,0,3
15996,7232,0,3
15678,7232,0,3
15677,7232,0,3
15836,7232,0,3
15995,7232,0,3
15837,7244,0,3
15996,7244,0,3
15836,7244,0,3
15995,7244,0,3
15837,7246,0,3
15996,7246,0,3
15678,7246,0,3
15677,7246,0,3
15836,7246,0,3
15995,7246,0,3
15838,7247,0,3
15997,7247,0,3
15837,7247,0,3
15996,7247,0,3
15838,7248,0,3
15997,7248,0,3
15837,7248,0,3
15996,7248,0,3
15679,7248,0,3
15678,7248,0,3
15836,7248,0,3
15837,7250,1,2
15679,7250,1,2
15519,7250,1,2
15678,7250,1,2
15518,7250,1,2
15677,7250,1,2
15836,7250,1,2
15837,7253,0,3
15519,7253,0,3
15678,7253,0,3
15518,7253,0,3
15677,7253,0,3
15836,7253,0,3
15837,7264,0,3
15519,7264,0,3
15678,7264,0,3
15518,7264,0,3
15677,7264,0,3
15836,7264,0,3
15838,7279,0,3
15837,7279,0,3
15679,7279,0,3
15678,7279,0,3
15836,7279,0,3
15838,7280,0,3
15997,7280,0,3
15837,7280,0,3
15996,7280,0,3
15839,7286,0,3
15998,7286,0,3
15838,7286,0,3
15997,7286,0,3
15837,7286,0,3
15996,7286,0,3
15839,7287,0,3
15998,7287,0,3
16157,7287,0,3
15838,7287,0,3
15997,7287,0,3
16156,7287,0,3
15840,7288,0,3
15681,7288,0,3
15680,7288,0,3
15839,7288,0,3
15998,7288,0,3
15838,7288,0,3
15839,7289,0,3
15838,7289,0,3
15997,7289,0,3
15837,7289,0,3
15679,7289,0,3
15678,7289,0,3
15840,7290,0,3
15681,7290,0,3
15680,7290,0,3
15999,7290,0,3
15839,7290,0,3
15998,7290,0,3
15839,7291,0,3
15998,7291,0,3
15838,7291,0,3
15997,7291,0,3
15837,7291,0,3
15679,7291,0,3
15680,7292,0,3
15839,7292,0,3
15838,7292,0,3
15837,7292,0,3
15679,7292,0,3
15678,7292,0,3
15838,7293,0,3
15997,7293,0,3
15837,7293,0,3
15996,7293,0,3
15841,7294,0,3
16000,7294,0,3
15840,7294,0,3
15681,7294,0,3
15999,7294,0,3
15838,7295,0,3
15997,7295,0,3
15837,7295,0,3
15996,7295,0,3
15998,7296,0,3
16157,7296,0,3
15997,7296,0,3
16156,7296,0,3
15996,7296,0,3
16155,7296,0,3
15841,7297,0,3
16000,7297,0,3
15840,7297,0,3
15999,7297,0,3
15839,7297,0,3
15998,7297,0,3
15680,7298,0,3
15839,7298,0,3
15998,7298,0,3
15838,7298,0,3
15997,7298,0,3
15837,7298,0,3
15679,7298,0,3
15839,7299,0,3
15838,7299,0,3
15997,7299,0,3
15837,7299,0,3
15996,7299,0,3
15679,7299,0,3
15680,7300,0,3
15839,7300,0,3
15998,7300,0,3
15838,7300,0,3
15997,7300,0,3
15679,7300,0,3
15838,7301,0,3
15997,7301,0,3
15837,7301,0,3
15996,7301,0,3
15840,7302,0,3
15999,7302,0,3
15839,7302,0,3
15998,7302,0,3
15838,7302,0,3
15997,7302,0,3
15839,7303,0,3
15998,7303,0,3
15838,7303,0,3
15997,7303,0,3
16156,7303,0,3
15837,7303,0,3
15996,7303,0,3
15839,7304,0,3
15998,7304,0,3
15838,7304,0,3
15997,7304,0,3
15680,7305,0,3
15839,7305,0,3
15838,7305,0,3
15997,7305,0,3
15837,7305,0,3
15679,7305,0,3
15678,7305,0,3
15839,7306,0,3
15998,7306,0,3
16157,7306,0,3
15838,7306,0,3
15997,7306,0,3
16156,7306,0,3
15840,7307,0,3
15681,7307,0,3
15680,7307,0,3
15999,7307,0,3
15839,7307,0,3
15998,7307,0,3
15838,7307,0,3
15840,7308,0,3
15999,7308,0,3
15839,7308,0,3
15998,7308,0,3
15839,7309,0,3
15998,7309,0,3
15838,7309,0,3
15997,7309,0,3
15837,7309,0,3
15996,7309,0,3
15838,7310,0,3
15997,7310,0,3
16156,7310,0,3
15837,7310,0,3
15996,7310,0,3
16155,7310,0,3
15841,7311,0,3
16000,7311,0,3
15840,7311,0,3
15681,7311,0,3
15999,7311,0,3
15839,7311,0,3
15998,7311,0,3
15839,7312,0,3
15998,7312,0,3
15838,7312,0,3
15997,7312,0,3
15837,7312,0,3
15521,7313,2,1
15680,7313,2,1
15838,7313,2,1
15520,7313,2,1
15679,7313,2,1
15838,7314,0,3
15997,7314,0,3
15837,7314,0,3
15996,7314,0,3
15838,7315,0,3
15997,7315,0,3
15837,7315,0,3
15996,7315,0,3
15995,7315,0,3
15997,7316,0,3
16156,7316,0,3
15996,7316,0,3
16155,7316,0,3
15838,7317,0,3
15837,7317,0,3
15679,7317,0,3
15519,7317,0,3
15678,7317,0,3
15677,7317,0,3
15521,7318,2,1
15680,7318,2,1
15520,7318,2,1
15679,7318,2,1
15997,7319,0,3
16156,7319,0,3
15996,7319,0,3
16155,7319,0,3
15995,7319,0,3
16154,7319,0,3
15839,7320,0,3
15998,7320,0,3
15838,7320,0,3
15997,7320,0,3
15521,7321,1,2
15680,7321,1,2
15839,7321,1,2
15838,7321,1,2
15520,7321,1,2
15679,7321,1,2
15840,7322,0,3
15681,7322,0,3
15680,7322,0,3
15839,7322,0,3
15838,7322,0,3
15679,7322,0,3
15680,7323,0,3
15839,7323,0,3
15998,7323,0,3
15838,7323,0,3
15997,7323,0,3
15679,7323,0,3
15840,7324,0,3
15681,7324,0,3
15680,7324,0,3
15839,7324,0,3
15838,7325,0,3
15997,7325,0,3
16156,7325,0,3
15837,7325,0,3
15996,7325,0,3
16155,7325,0,3
15840,7326,0,3
15681,7326,0,3
15680,7326,0,3
15839,7326,0,3
15839,7327,0,3
15998,7327,0,3
16157,7327,0,3
15838,7327,0,3
15997,7327,0,3
16156,7327,0,3
15997,7328,0,3
15837,7328,0,3
15996,7328,0,3
16155,7328,0,3
15836,7328,0,3
15995,7328,0,3
16154,7328,0,3
15840,7329,0,3
15999,7329,0,3
15839,7329,0,3
15998,7329,0,3
15839,7330,0,3
15838,7330,0,3
15997,7330,0,3
15837,7330,0,3
15679,7330,0,3
15678,7330,0,3
15838,7331,0,3
15997,7331,0,3
15837,7331,0,3
15996,7331,0,3
15679,7331,0,3
15678,7331,0,3
15680,7332,0,3
15839,7332,0,3
15838,7332,0,3
15679,7332,0,3
15839,7333,0,3
15998,7333,0,3
16157,7333,0,3
15838,7333,0,3
15997,7333,0,3
16156,7333,0,3
15680,7334,0,3
15839,7334,0,3
15838,7334,0,3
15679,7334,0,3
15840,7335,0,3
15681,7335,0,3
15680,7335,0,3
15839,7335,0,3
15838,7336,0,3
15997,7336,0,3
16156,7336,0,3
15837,7336,0,3
15996,7336,0,3
16155,7336,0,3
15995,7336,0,3
15838,7337,0,3
15837,7337,0,3
15679,7337,0,3
15678,7337,0,3
15838,7338,0,3
15997,7338,0,3
15837,7338,0,3
15996,7338,0,3
15838,7339,0,3
15837,7339,0,3
15679,7339,0,3
15678,7339,0,3
15839,7340,0,3
15998,7340,0,3
16157,7340,0,3
15838,7340,0,3
15997,7340,0,3
16156,7340,0,3
15840,7341,0,3
15999,7341,0,3
15839,7341,0,3
15998,7341,0,3
15840,7342,0,3
15681,7342,0,3
15680,7342,0,3
15999,7342,0,3
15839,7342,0,3
15998,7342,0,3
15838,7343,0,3
15997,7343,0,3
15837,7343,0,3
15996,7343,0,3
15836,7343,0,3
15995,7343,0,3
15838,7344,0,3
15997,7344,0,3
16156,7344,0,3
15837,7344,0,3
15996,7344,0,3
15840,7345,0,3
15999,7345,0,3
15839,7345,0,3
15998,7345,0,3
15838,7346,0,3
15837,7346,0,3
15679,7346,0,3
15678,7346,0,3
15680,7347,0,3
15839,7347,0,3
15838,7347,0,3
15679,7347,0,3
15840,7348,0,3
15681,7348,0,3
15680,7348,0,3
15839,7348,0,3
15840,7349,0,3
15681,7349,0,3
15680,7349,0,3
15839,7349,0,3
15838,7349,0,3
15679,7349,0,3
15839,7350,0,3
15998,7350,0,3
16157,7350,0,3
15838,7350,0,3
15997,7350,0,3
16156,7350,0,3
15840,7351,0,3
15999,7351,0,3
15839,7351,0,3
15998,7351,0,3
15838,7351,0,3
15997,7351,0,3
15839,7352,0,3
15998,7352,0,3
15838,7352,0,3
15997,7352,0,3
15837,7352,0,3
15996,7352,0,3
15997,7353,0,3
16156,7353,0,3
15996,7353,0,3
16155,7353,0,3
15995,7353,0,3
16154,7353,0,3
15838,7354,0,3
15997,7354,0,3
15837,7354,0,3
15679,7354,0,3
15678,7354,0,3
15997,7355,0,3
16156,7355,0,3
15996,7355,0,3
16155,7355,0,3
15840,7356,0,3
15681,7356,0,3
15680,7356,0,3
15999,7356,0,3
15839,7356,0,3
15998,7356,0,3
15838,7357,0,3
15997,7357,0,3
15837,7357,0,3
15996,7357,0,3
15840,7358,0,3
15681,7358,0,3
15680,7358,0,3
15999,7358,0,3
15839,7358,0,3
15998,7358,0,3
15838,7358,0,3
15680,7359,0,3
15839,7359,0,3
15998,7359,0,3
15838,7359,0,3
15997,7359,0,3
15679,7359,0,3
15840,7360,0,3
15681,7360,0,3
15521,7360,0,3
15680,7360,0,3
15839,7360,0,3
15838,7360,0,3
15679,7360,0,3
15840,7361,0,3
15681,7361,0,3
15680,7361,0,3
15999,7361,0,3
15839,7361,0,3
15998,7361,0,3
15839,7363,0,3
15998,7363,0,3
15838,7363,0,3
15997,7363,0,3
15837,7363,0,3
15996,7363,0,3
15680,7364,0,3
15839,7364,0,3
15838,7364,0,3
15997,7364,0,3
15837,7364,0,3
15679,7364,0,3
15678,7364,0,3
15838,7365,0,3
15997,7365,0,3
16156,7365,0,3
15837,7365,0,3
15996,7365,0,3
16155,7365,0,3
15997,7366,0,3
16156,7366,0,3
15996,7366,0,3
16155,7366,0,3
15838,7367,0,3
15837,7367,0,3
15520,7367,0,3
15679,7367,0,3
15519,7367,0,3
15678,7367,0,3
15839,7368,0,3
15998,7368,0,3
15838,7368,0,3
15997,7368,0,3
15837,7368,0,3
15996,7368,0,3
15839,7369,0,3
15998,7369,0,3
16157,7369,0,3
15838,7369,0,3
15997,7369,0,3
16156,7369,0,3
15996,7369,0,3
15840,7370,0,3
15681,7370,0,3
15680,7370,0,3
15999,7370,0,3
15839,7370,0,3
15998,7370,0,3
15838,7370,0,3
15839,7371,0,3
15998,7371,0,3
15838,7371,0,3
15997,7371,0,3
15837,7371,0,3
15996,7371,0,3
15840,7372,0,3
15999,7372,0,3
15839,7372,0,3
15998,7372,0,3
15841,7373,0,3
15840,7373,0,3
15682,7373,0,3
15681,7373,0,3
15680,7373,0,3
15999,7373,0,3
15839,7373,0,3
15839,7374,0,3
15998,7374,0,3
15838,7374,0,3
15997,7374,0,3
15839,7375,0,3
15998,7375,0,3
16157,7375,0,3
15838,7375,0,3
15997,7375,0,3
16156,7375,0,3
15996,7375,0,3
15839,7376,0,3
15998,7376,0,3
15838,7376,0,3
15997,7376,0,3
15837,7376,0,3
15996,7376,0,3
15840,7377,0,3
15681,7377,0,3
15680,7377,0,3
15999,7377,0,3
15839,7377,0,3
15998,7377,0,3
15838,7377,0,3
15841,7378,0,3
15840,7378,0,3
15681,7378,0,3
15680,7378,0,3
15999,7378,0,3
15839,7378,0,3
15840,7379,0,3
15999,7379,0,3
15839,7379,0,3
15998,7379,0,3
15840,7380,0,3
15680,7380,0,3
15839,7380,0,3
15998,7380,0,3
15838,7380,0,3
15997,7380,0,3
15841,7381,0,3
16000,7381,0,3
15840,7381,0,3
15681,7381,0,3
15999,7381,0,3
15839,7382,0,3
15998,7382,0,3
15838,7382,0,3
15997,7382,0,3
15837,7382,0,3
15996,7382,0,3
15679,7382,0,3
15680,7383,0,3
15839,7383,0,3
15998,7383,0,3
15838,7383,0,3
15997,7383,0,3
15679,7383,0,3
15840,7384,0,3
15999,7384,0,3
15839,7384,0,3
15998,7384,0,3
15841,7385,0,3
15840,7385,0,3
15681,7385,0,3
15680,7385,0,3
15999,7385,0,3
15839,7385,0,3
15998,7385,0,3
15841,7386,0,3
16000,7386,0,3
15840,7386,0,3
15682,7386,0,3
15681,7386,0,3
15999,7386,0,3
15839,7386,0,3
15839,7387,0,3
15998,7387,0,3
15838,7387,0,3
15997,7387,0,3
15680,7388,0,3
15839,7388,0,3
15998,7388,0,3
15838,7388,0,3
15997,7388,0,3
15679,7388,0,3
15521,7389,2,1
15680,7389,2,1
15839,7389,2,1
15838,7389,2,1
15520,7389,2,1
15679,7389,2,1
15840,7390,0,3
15999,7390,0,3
15839,7390,0,3
15998,7390,0,3
15838,7390,0,3
15997,7390,0,3
15997,7391,0,3
16156,7391,0,3
15996,7391,0,3
16155,7391,0,3
15680,7392,0,3
15839,7392,0,3
15838,7392,0,3
15679,7392,0,3
15840,7393,0,3
15680,7393,0,3
15999,7393,0,3
15839,7393,0,3
15998,7393,0,3
15838,7393,0,3
15997,7393,0,3
15840,7394,0,3
15999,7394,0,3
15839,7394,0,3
15998,7394,0,3
15838,7395,0,3
15997,7395,0,3
15837,7395,0,3
15996,7395,0,3
15839,7397,0,3
15838,7397,0,3
15997,7397,0,3
15837,7397,0,3
15996,7397,0,3
15679,7397,0,3
15678,7397,0,3
15521,7398,2,1
15680,7398,2,1
15839,7398,2,1
15838,7398,2,1
15520,7398,2,1
15679,7398,2,1
15840,7399,0,3
15999,7399,0,3
15839,7399,0,3
15998,7399,0,3
15680,7400,0,3
15839,7400,0,3
15838,7400,0,3
15837,7400,0,3
15679,7400,0,3
15678,7400,0,3
15840,7401,0,3
15681,7401,0,3
15680,7401,0,3
15999,7401,0,3
15839,7401,0,3
15998,7401,0,3
15839,7402,0,3
15998,7402,0,3
15838,7402,0,3
15997,7402,0,3
15837,7402,0,3
15996,7402,0,3
15840,7403,0,3
15681,7403,0,3
15680,7403,0,3
15839,7403,0,3
15838,7403,0,3
15679,7403,0,3
15998,7404,0,3
16157,7404,0,3
15838,7404,0,3
15997,7404,0,3
16156,7404,0,3
15996,7404,0,3
16155,7404,0,3
15840,7405,0,3
15681,7405,0,3
15680,7405,0,3
15999,7405,0,3
15839,7405,0,3
15998,7405,0,3
15838,7406,0,3
15997,7406,0,3
15837,7406,0,3
15996,7406,0,3
15838,7407,0,3
15997,7407,0,3
16156,7407,0,3
15837,7407,0,3
15996,7407,0,3
16155,7407,0,3
15839,7408,0,3
15998,7408,0,3
15838,7408,0,3
15997,7408,0,3
15837,7408,0,3
15996,7408,0,3
15838,7409,0,3
15997,7409,0,3
16156,7409,0,3
15996,7409,0,3
16155,7409,0,3
15521,7410,2,1
15680,7410,2,1
15839,7410,2,1
15838,7410,2,1
15520,7410,2,1
15679,7410,2,1
15838,7411,0,3
15997,7411,0,3
15837,7411,0,3
15996,7411,0,3
15680,7412,0,3
15839,7412,0,3
15838,7412,0,3
15997,7412,0,3
15837,7412,0,3
15679,7412,0,3
15678,7412,0,3
15839,7413,0,3
15998,7413,0,3
16157,7413,0,3
15838,7413,0,3
15997,7413,0,3
16156,7413,0,3
15838,7414,0,3
15837,7414,0,3
15679,7414,0,3
15678,7414,0,3
15839,7415,0,3
15998,7415,0,3
15838,7415,0,3
15997,7415,0,3
15998,7416,0,3
15838,7416,0,3
15997,7416,0,3
16156,7416,0,3
15837,7416,0,3
15996,7416,0,3
16155,7416,0,3
15841,7417,0,3
16000,7417,0,3
15840,7417,0,3
15682,7417,0,3
15681,7417,0,3
15999,7417,0,3
15839,7417,0,3
15841,7418,0,3
15840,7418,0,3
15682,7418,0,3
15681,7418,0,3
15680,7418,0,3
15999,7418,0,3
15839,7418,0,3
15839,7419,0,3
15998,7419,0,3
15838,7419,0,3
15997,7419,0,3
15840,7420,0,3
15999,7420,0,3
15839,7420,0,3
15998,7420,0,3
15838,7420,0,3
15997,7420,0,3
15840,7421,0,3
15681,7421,0,3
15680,7421,0,3
15839,7421,0,3
15998,7421,0,3
15838,7421,0,3
15679,7421,0,3
15521,7422,1,2
15680,7422,1,2
15839,7422,1,2
15838,7422,1,2
15520,7422,1,2
15679,7422,1,2
15839,7423,0,3
15998,7423,0,3
15838,7423,0,3
15997,7423,0,3
15837,7423,0,3
15996,7423,0,3
15840,7424,0,3
15999,7424,0,3
15839,7424,0,3
15998,7424,0,3
15838,7424,0,3
15997,7424,0,3
15998,7425,0,3
16157,7425,0,3
15838,7425,0,3
15997,7425,0,3
16156,7425,0,3
15996,7425,0,3
16155,7425,0,3
15997,7426,0,3
16156,7426,0,3
15996,7426,0,3
16155,7426,0,3
15840,7427,0,3
15681,7427,0,3
15680,7427,0,3
15999,7427,0,3
15839,7427,0,3
15998,7427,0,3
15839,7428,0,3
15998,7428,0,3
15838,7428,0,3
15997,7428,0,3
15837,7428,0,3
15996,7428,0,3
15680,7429,0,3
15839,7429,0,3
15838,7429,0,3
15837,7429,0,3
15679,7429,0,3
15678,7429,0,3
15839,7430,0,3
15998,7430,0,3
15838,7430,0,3
15997,7430,0,3
15840,7432,0,3
15999,7432,0,3
15839,7432,0,3
15998,7432,0,3
15680,7434,2,1
15838,7434,2,1
15837,7434,2,1
15520,7434,2,1
15679,7434,2,1
15519,7434,2,1
15678,7434,2,1
15680,7437,0,3
15838,7437,0,3
15837,7437,0,3
15679,7437,0,3
15678,7437,0,3
15680,7438,0,3
15839,7438,0,3
15838,7438,0,3
15679,7438,0,3
15998,7439,0,3
15838,7439,0,3
15997,7439,0,3
15837,7439,0,3
15996,7439,0,3
15840,7440,0,3
15681,7440,0,3
15680,7440,0,3
15839,7440,0,3
15838,7440,0,3
15679,7440,0,3
15840,7442,0,3
15999,7442,0,3
15839,7442,0,3
15998,7442,0,3
13129,7444,0,3
13288,7444,0,3
13128,7444,0,3
13287,7444,0,3
13129,7445,0,3
13288,7445,0,3
13128,7445,0,3
13287,7445,0,3
13129,7448,0,3
13288,7448,0,3
12970,7448,0,3
12969,7448,0,3
13128,7448,0,3
13287,7448,0,3
13127,7448,0,3
12973,7449,0,3
12972,7449,0,3
13132,7449,0,3
13131,7449,0,3
12973,7450,0,3
12972,7450,0,3
13132,7450,0,3
13131,7450,0,3
13133,7452,0,3
13292,7452,0,3
13132,7452,0,3
13291,7452,0,3
13131,7452,0,3
13290,7452,0,3
13288,7453,0,3
13447,7453,0,3
13287,7453,0,3
13446,7453,0,3
13286,7453,0,3
13445,7453,0,3
12973,7458,0,3
12972,7458,0,3
13132,7458,0,3
13131,7458,0,3
13132,7459,0,3
13291,7459,0,3
13131,7459,0,3
13290,7459,0,3
13129,7460,2,1
13288,7460,2,1
13447,7460,2,1
13128,7460,2,1
13287,7460,2,1
13446,7460,2,1
13288,7462,0,3
13447,7462,0,3
13287,7462,0,3
13446,7462,0,3
13129,7465,0,3
13288,7465,0,3
13128,7465,0,3
13287,7465,0,3
13446,7465,0,3
13127,7465,0,3
13286,7465,0,3
13132,7466,0,3
13291,7466,0,3
13131,7466,0,3
13290,7466,0,3
13288,7467,0,3
13447,7467,0,3
13287,7467,0,3
13446,7467,0,3
13129,7471,1,2
13288,7471,1,2
13128,7471,1,2
13287,7471,1,2
13288,7474,0,3
13447,7474,0,3
13287,7474,0,3
13446,7474,0,3
13286,7474,0,3
13288,7476,0,3
13447,7476,0,3
13606,7476,0,3
13287,7476,0,3
13446,7476,0,3
13605,7476,0,3
13129,7477,0,3
13288,7477,0,3
13128,7477,0,3
13287,7477,0,3
13288,7478,0,3
13447,7478,0,3
13287,7478,0,3
13446,7478,0,3
13288,7480,0,3
13447,7480,0,3
13287,7480,0,3
13446,7480,0,3
13129,7481,0,3
13288,7481,0,3
13128,7481,0,3
13287,7481,0,3
13127,7481,0,3
13286,7481,0,3
13288,7482,0,3
13447,7482,0,3
13287,7482,0,3
13446,7482,0,3
13132,7483,1,2
13291,7483,1,2
13450,7483,1,2
13131,7483,1,2
13290,7483,1,2
13129,7484,0,3
13288,7484,0,3
13447,7484,0,3
13128,7484,0,3
13287,7484,0,3
13446,7484,0,3
13129,7486,0,3
13288,7486,0,3
13128,7486,0,3
13287,7486,0,3
13446,7486,0,3
13127,7486,0,3
13286,7486,0,3
13132,7487,1,2
13291,7487,1,2
13131,7487,1,2
13290,7487,1,2
13130,7487,1,2
13289,7487,1,2
13129,7488,0,3
13288,7488,0,3
13447,7488,0,3
13128,7488,0,3
13287,7488,0,3
13446,7488,0,3
13286,7488,0,3
13288,7489,0,3
13447,7489,0,3
13128,7489,0,3
13287,7489,0,3
13446,7489,0,3
13286,7489,0,3
13129,7491,2,1
13288,7491,2,1
13128,7491,2,1
13287,7491,2,1
13132,7492,2,1
13291,7492,2,1
13131,7492,2,1
13290,7492,2,1
13449,7492,2,1
13133,7493,0,3
13292,7493,0,3
13132,7493,0,3
13291,7493,0,3
13450,7493,0,3
13290,7493,0,3
13132,7495,0,3
13291,7495,0,3
13131,7495,0,3
13290,7495,0,3
12969,7498,0,3
12968,7498,0,3
13128,7498,0,3
13287,7498,0,3
13127,7498,0,3
13286,7498,0,3
13288,7499,0,3
13447,7499,0,3
13287,7499,0,3
13446,7499,0,3
12973,7500,0,3
12972,7500,0,3
13132,7500,0,3
13131,7500,0,3
13130,7500,0,3
12971,7500,0,3
13133,7502,0,3
13292,7502,0,3
13132,7502,0,3
13291,7502,0,3
13131,7502,0,3
13290,7502,0,3
13288,7503,0,3
13447,7503,0,3
13287,7503,0,3
13446,7503,0,3
13133,7504,0,3
13292,7504,0,3
13132,7504,0,3
13291,7504,0,3
13290,7504,0,3
13288,7505,0,3
13447,7505,0,3
13287,7505,0,3
13446,7505,0,3
13286,7505,0,3
13445,7505,0,3
13128,7508,0,3
13287,7508,0,3
13446,7508,0,3
13127,7508,0,3
13286,7508,0,3
13445,7508,0,3
12973,7509,0,3
12972,7509,0,3
13133,7509,0,3
13132,7509,0,3
13291,7509,0,3
13131,7509,0,3
13290,7509,0,3
13129,7511,0,3
13288,7511,0,3
13447,7511,0,3
13128,7511,0,3
13287,7511,0,3
13446,7511,0,3
13129,7516,0,3
13288,7516,0,3
13128,7516,0,3
13287,7516,0,3
13129,7517,0,3
13288,7517,0,3
13128,7517,0,3
13287,7517,0,3
13288,7518,0,3
13447,7518,0,3
13287,7518,0,3
13446,7518,0,3
13286,7518,0,3
13445,7518,0,3
12973,7519,0,3
12972,7519,0,3
13132,7519,0,3
13291,7519,0,3
13131,7519,0,3
13290,7519,0,3
13133,7520,0,3
13292,7520,0,3
13132,7520,0,3
13291,7520,0,3
13450,7520,0,3
13129,7522,0,3
13288,7522,0,3
13128,7522,0,3
13287,7522,0,3
13127,7522,0,3
13286,7522,0,3
13129,7523,0,3
13288,7523,0,3
13128,7523,0,3
13287,7523,0,3
13446,7523,0,3
13286,7523,0,3
13129,7524,0,3
13288,7524,0,3
13128,7524,0,3
13287,7524,0,3
13446,7524,0,3
13127,7524,0,3
13286,7524,0,3
13129,7525,0,3
13288,7525,0,3
13128,7525,0,3
13287,7525,0,3
13288,7527,0,3
13447,7527,0,3
13606,7527,0,3
13287,7527,0,3
13446,7527,0,3
13605,7527,0,3
13129,7528,0,3
13288,7528,0,3
13128,7528,0,3
13287,7528,0,3
12973,7529,0,3
12972,7529,0,3
13132,7529,0,3
13291,7529,0,3
13131,7529,0,3
13290,7529,0,3
13129,7530,0,3
13288,7530,0,3
13128,7530,0,3
13287,7530,0,3
13132,7533,1,2
13291,7533,1,2
13450,7533,1,2
13131,7533,1,2
13290,7533,1,2
13449,7533,1,2
13129,7534,0,3
13288,7534,0,3
13128,7534,0,3
13287,7534,0,3
13288,7535,0,3
13447,7535,0,3
13287,7535,0,3
13446,7535,0,3
12973,7536,0,3
12972,7536,0,3
13132,7536,0,3
13131,7536,0,3
13129,7537,0,3
13288,7537,0,3
13128,7537,0,3
13287,7537,0,3
13129,7541,0,3
13288,7541,0,3
13128,7541,0,3
13287,7541,0,3
13127,7541,0,3
13286,7541,0,3
13133,7542,0,3
13292,7542,0,3
13132,7542,0,3
13291,7542,0,3
13131,7542,0,3
13290,7542,0,3
12973,7544,0,3
12972,7544,0,3
13133,7544,0,3
13132,7544,0,3
13291,7544,0,3
13131,7544,0,3
13290,7544,0,3
13288,7545,0,3
13447,7545,0,3
13287,7545,0,3
13446,7545,0,3
13286,7545,0,3
13445,7545,0,3
13131,7546,1,2
13290,7546,1,2
13130,7546,1,2
13289,7546,1,2
13132,7549,0,3
13291,7549,0,3
13131,7549,0,3
13290,7549,0,3
12973,7550,1,2
12972,7550,1,2
13132,7550,1,2
13131,7550,1,2
13129,7551,0,3
13288,7551,0,3
13128,7551,0,3
13287,7551,0,3
13127,7551,0,3
13286,7551,0,3
13129,7553,0,3
13288,7553,0,3
13128,7553,0,3
13287,7553,0,3
13129,7556,0,3
13288,7556,0,3
13447,7556,0,3
13128,7556,0,3
13287,7556,0,3
13446,7556,0,3
13133,7557,0,3
13292,7557,0,3
13132,7557,0,3
13291,7557,0,3
13450,7557,0,3
13131,7557,0,3
13290,7557,0,3
13133,7558,0,3
13292,7558,0,3
13132,7558,0,3
13291,7558,0,3
13131,7558,0,3
13290,7558,0,3
12973,7559,0,3
13133,7559,0,3
13132,7559,0,3
13291,7559,0,3
13131,7559,0,3
13290,7559,0,3
13129,7560,0,3
13288,7560,0,3
13128,7560,0,3
13287,7560,0,3
13129,7561,0,3
13288,7561,0,3
13447,7561,0,3
13128,7561,0,3
13287,7561,0,3
13446,7561,0,3
13129,7562,0,3
13288,7562,0,3
13447,7562,0,3
13128,7562,0,3
13287,7562,0,3
13446,7562,0,3
13129,7565,0,3
13288,7565,0,3
13128,7565,0,3
13287,7565,0,3
13129,7566,0,3
13288,7566,0,3
12969,7566,0,3
13128,7566,0,3
13287,7566,0,3
13127,7566,0,3
13286,7566,0,3
13288,7567,0,3
13447,7567,0,3
13287,7567,0,3
13446,7567,0,3
13129,7568,0,3
13288,7568,0,3
13447,7568,0,3
13128,7568,0,3
13287,7568,0,3
13446,7568,0,3
13129,7569,0,3
13288,7569,0,3
13128,7569,0,3
13287,7569,0,3
13288,7570,0,3
13447,7570,0,3
13606,7570,0,3
13287,7570,0,3
13446,7570,0,3
13605,7570,0,3
13767,7574,0,3
13926,7574,0,3
13766,7574,0,3
13925,7574,0,3
13765,7574,0,3
13924,7574,0,3
13768,7575,0,3
13767,7575,0,3
13926,7575,0,3
13766,7575,0,3
13608,7575,0,3
13607,7575,0,3
13767,7577,0,3
13926,7577,0,3
14085,7577,0,3
13766,7577,0,3
13925,7577,0,3
14084,7577,0,3
13767,7579,0,3
13926,7579,0,3
14085,7579,0,3
13766,7579,0,3
13925,7579,0,3
14084,7579,0,3
13767,7580,0,3
13926,7580,0,3
13766,7580,0,3
13925,7580,0,3
13449,7581,0,3
13608,7581,0,3
13448,7581,0,3
13607,7581,0,3
13447,7581,0,3
13606,7581,0,3
13767,7582,0,3
13926,7582,0,3
13766,7582,0,3
13925,7582,0,3
13765,7582,0,3
13924,7582,0,3
13767,7583,0,3
13926,7583,0,3
13766,7583,0,3
13925,7583,0,3
14084,7583,0,3
13765,7583,0,3
13924,7583,0,3
13291,7584,2,1
13450,7584,2,1
13609,7584,2,1
13290,7584,2,1
13449,7584,2,1
13766,7585,0,3
13765,7585,0,3
13924,7585,0,3
13607,7585,0,3
13606,7585,0,3
13766,7586,0,3
13925,7586,0,3
13765,7586,0,3
13924,7586,0,3
13607,7586,0,3
13606,7586,0,3
13766,7587,0,3
13925,7587,0,3
13765,7587,0,3
13924,7587,0,3
13766,7588,0,3
13765,7588,0,3
13607,7588,0,3
13606,7588,0,3
13766,7589,0,3
13765,7589,0,3
13607,7589,0,3
13606,7589,0,3
13605,7589,0,3
13764,7589,0,3
13448,7591,0,3
13607,7591,0,3
13447,7591,0,3
13606,7591,0,3
13768,7592,0,3
13767,7592,0,3
13766,7592,0,3
13608,7592,0,3
13607,7592,0,3
13767,7593,0,3
13766,7593,0,3
13449,7593,0,3
13608,7593,0,3
13448,7593,0,3
13607,7593,0,3
13767,7594,0,3
13926,7594,0,3
13766,7594,0,3
13925,7594,0,3
13608,7594,0,3
13607,7594,0,3
13766,7595,0,3
13925,7595,0,3
13765,7595,0,3
13924,7595,0,3
13766,7596,0,3
13925,7596,0,3
13765,7596,0,3
13924,7596,0,3
13764,7596,0,3
13923,7596,0,3
13927,7597,0,3
13767,7597,0,3
13926,7597,0,3
13766,7597,0,3
13925,7597,0,3
13767,7598,0,3
13926,7598,0,3
13766,7598,0,3
13925,7598,0,3
13608,7598,0,3
13607,7598,0,3
13292,7599,0,3
13451,7599,0,3
13291,7599,0,3
13450,7599,0,3
13767,7600,0,3
13766,7600,0,3
13608,7600,0,3
13607,7600,0,3
13767,7601,0,3
13926,7601,0,3
13766,7601,0,3
13925,7601,0,3
13765,7601,0,3
13924,7601,0,3
13926,7602,0,3
14085,7602,0,3
13925,7602,0,3
14084,7602,0,3
13924,7602,0,3
14083,7602,0,3
13767,7603,0,3
13766,7603,0,3
13608,7603,0,3
13607,7603,0,3
13767,7604,0,3
13766,7604,0,3
13765,7604,0,3
13608,7604,0,3
13607,7604,0,3
13606,7604,0,3
13767,7606,0,3
13766,7606,0,3
13608,7606,0,3
13607,7606,0,3
13767,7607,0,3
13766,7607,0,3
13765,7607,0,3
13608,7607,0,3
13607,7607,0,3
13606,7607,0,3
13767,7608,0,3
13926,7608,0,3
13766,7608,0,3
13925,7608,0,3
13766,7609,0,3
13925,7609,0,3
13765,7609,0,3
13924,7609,0,3
13607,7609,0,3
13606,7609,0,3
13767,7610,0,3
13926,7610,0,3
13766,7610,0,3
13925,7610,0,3
13765,7610,0,3
13924,7610,0,3
13607,7610,0,3
13766,7611,0,3
13448,7611,0,3
13607,7611,0,3
13447,7611,0,3
13606,7611,0,3
13766,7613,0,3
13925,7613,0,3
14084,7613,0,3
13765,7613,0,3
13924,7613,0,3
14083,7613,0,3
13767,7614,0,3
13766,7614,0,3
13608,7614,0,3
13448,7614,0,3
13607,7614,0,3
13448,7615,0,3
13607,7615,0,3
13447,7615,0,3
13606,7615,0,3
13926,7616,0,3
14085,7616,0,3
13925,7616,0,3
14084,7616,0,3
13292,7617,2,1
13451,7617,2,1
13291,7617,2,1
13450,7617,2,1
13290,7617,2,1
13449,7617,2,1
13766,7618,0,3
13765,7618,0,3
13607,7618,0,3
13606,7618,0,3
13605,7618,0,3
13764,7618,0,3
13767,7619,0,3
13926,7619,0,3
14085,7619,0,3
13766,7619,0,3
13925,7619,0,3
14084,7619,0,3
13924,7619,0,3
13766,7620,0,3
13765,7620,0,3
13607,7620,0,3
13606,7620,0,3
13605,7620,0,3
13764,7620,0,3
13767,7621,0,3
13926,7621,0,3
13766,7621,0,3
13925,7621,0,3
13765,7621,0,3
13924,7621,0,3
13927,7622,0,3
14086,7622,0,3
13926,7622,0,3
14085,7622,0,3
13925,7622,0,3
14084,7622,0,3
13449,7623,0,3
13608,7623,0,3
13448,7623,0,3
13607,7623,0,3
13447,7623,0,3
13606,7623,0,3
13766,7625,0,3
13925,7625,0,3
13765,7625,0,3
13924,7625,0,3
13448,7626,0,3
13607,7626,0,3
13447,7626,0,3
13606,7626,0,3
13767,7627,0,3
13926,7627,0,3
13766,7627,0,3
13925,7627,0,3
13292,7628,0,3
13451,7628,0,3
13291,7628,0,3
13450,7628,0,3
13449,7629,0,3
13608,7629,0,3
13448,7629,0,3
13607,7629,0,3
13447,7629,0,3
13606,7629,0,3
13766,7630,0,3
13925,7630,0,3
13765,7630,0,3
13924,7630,0,3
13292,7631,0,3
13451,7631,0,3
13291,7631,0,3
13450,7631,0,3
13292,7632,0,3
13451,7632,0,3
13291,7632,0,3
13450,7632,0,3
13448,7633,0,3
13607,7633,0,3
13447,7633,0,3
13606,7633,0,3
13766,7634,0,3
13925,7634,0,3
13765,7634,0,3
13924,7634,0,3
13607,7634,0,3
13606,7634,0,3
13766,7635,0,3
13765,7635,0,3
13607,7635,0,3
13606,7635,0,3
13605,7635,0,3
13764,7635,0,3
13448,7637,0,3
13607,7637,0,3
13447,7637,0,3
13606,7637,0,3
13449,7638,0,3
13608,7638,0,3
13448,7638,0,3
13607,7638,0,3
13767,7639,0,3
13926,7639,0,3
14085,7639,0,3
13766,7639,0,3
13925,7639,0,3
14084,7639,0,3
13924,7639,0,3
13766,7640,0,3
13925,7640,0,3
13765,7640,0,3
13924,7640,0,3
13607,7640,0,3
13606,7640,0,3
13292,7641,0,3
13451,7641,0,3
13291,7641,0,3
13450,7641,0,3
13766,7642,0,3
13925,7642,0,3
14084,7642,0,3
13765,7642,0,3
13924,7642,0,3
14083,7642,0,3
13767,7643,0,3
13926,7643,0,3
14085,7643,0,3
13766,7643,0,3
13925,7643,0,3
14084,7643,0,3
13924,7643,0,3
13767,7644,0,3
13766,7644,0,3
13765,7644,0,3
13608,7644,0,3
13607,7644,0,3
13606,7644,0,3
13926,7645,0,3
14085,7645,0,3
13925,7645,0,3
14084,7645,0,3
13766,7646,0,3
13765,7646,0,3
13607,7646,0,3
13606,7646,0,3
13767,7648,0,3
13766,7648,0,3
13608,7648,0,3
13607,7648,0,3
13766,7649,0,3
13925,7649,0,3
13765,7649,0,3
13924,7649,0,3
13606,7649,0,3
13764,7649,0,3
13926,7650,0,3
13766,7650,0,3
13925,7650,0,3
14084,7650,0,3
13765,7650,0,3
13924,7650,0,3
14083,7650,0,3
13767,7651,0,3
13766,7651,0,3
13449,7651,0,3
13608,7651,0,3
13448,7651,0,3
13607,7651,0,3
13926,7652,0,3
14085,7652,0,3
13925,7652,0,3
14084,7652,0,3
13767,7653,0,3
13926,7653,0,3
14085,7653,0,3
13766,7653,0,3
13925,7653,0,3
14084,7653,0,3
13449,7654,0,3
13608,7654,0,3
13448,7654,0,3
13607,7654,0,3
13926,7655,0,3
13766,7655,0,3
13925,7655,0,3
13765,7655,0,3
13924,7655,0,3
13766,7656,0,3
13765,7656,0,3
13607,7656,0,3
13606,7656,0,3
13767,7657,0,3
13766,7657,0,3
13449,7657,0,3
13608,7657,0,3
13448,7657,0,3
13607,7657,0,3
13926,7658,0,3
13766,7658,0,3
13925,7658,0,3
13765,7658,0,3
13924,7658,0,3
13766,7660,0,3
13925,7660,0,3
13765,7660,0,3
13924,7660,0,3
13449,7661,0,3
13608,7661,0,3
13448,7661,0,3
13607,7661,0,3
13767,7663,0,3
13766,7663,0,3
13765,7663,0,3
13608,7663,0,3
13607,7663,0,3
13606,7663,0,3
13767,7665,0,3
13926,7665,0,3
13766,7665,0,3
13925,7665,0,3
13765,7665,0,3
13924,7665,0,3
13767,7667,0,3
13766,7667,0,3
13765,7667,0,3
13608,7667,0,3
13607,7667,0,3
13606,7667,0,3
13766,7668,0,3
13925,7668,0,3
13765,7668,0,3
13924,7668,0,3
13767,7669,0,3
13766,7669,0,3
13765,7669,0,3
13608,7669,0,3
13607,7669,0,3
13606,7669,0,3
13766,7670,0,3
13925,7670,0,3
13765,7670,0,3
13924,7670,0,3
13767,7671,0,3
13926,7671,0,3
13766,7671,0,3
13925,7671,0,3
13766,7672,0,3
13925,7672,0,3
13765,7672,0,3
13924,7672,0,3
13607,7672,0,3
13606,7672,0,3
13766,7673,0,3
13925,7673,0,3
13765,7673,0,3
13924,7673,0,3
13607,7673,0,3
13606,7673,0,3
13767,7674,0,3
13926,7674,0,3
14085,7674,0,3
13766,7674,0,3
13925,7674,0,3
14084,7674,0,3
13766,7675,0,3
13925,7675,0,3
13765,7675,0,3
13924,7675,0,3
13768,7676,0,3
13767,7676,0,3
13926,7676,0,3
13766,7676,0,3
13925,7676,0,3
13608,7676,0,3
13607,7676,0,3
13766,7677,0,3
13925,7677,0,3
13765,7677,0,3
13924,7677,0,3
13449,7678,0,3
13608,7678,0,3
13448,7678,0,3
13607,7678,0,3
13447,7678,0,3
13606,7678,0,3
13767,7679,0,3
13926,7679,0,3
13766,7679,0,3
13925,7679,0,3
13608,7679,0,3
13607,7679,0,3
13767,7680,0,3
13926,7680,0,3
13766,7680,0,3
13925,7680,0,3
13926,7681,0,3
14085,7681,0,3
13766,7681,0,3
13925,7681,0,3
14084,7681,0,3
13924,7681,0,3
14083,7681,0,3
13767,7682,0,3
13766,7682,0,3
13449,7682,0,3
13608,7682,0,3
13448,7682,0,3
13607,7682,0,3
13449,7683,0,3
13608,7683,0,3
13448,7683,0,3
13607,7683,0,3
13766,7684,0,3
13765,7684,0,3
13607,7684,0,3
13606,7684,0,3
13605,7684,0,3
13764,7684,0,3
13766,7685,0,3
13925,7685,0,3
14084,7685,0,3
13765,7685,0,3
13924,7685,0,3
13766,7686,0,3
13925,7686,0,3
13765,7686,0,3
13924,7686,0,3
13767,7687,0,3
13766,7687,0,3
13608,7687,0,3
13607,7687,0,3
13449,7688,0,3
13608,7688,0,3
13448,7688,0,3
13607,7688,0,3
13449,7690,0,3
13608,7690,0,3
13448,7690,0,3
13607,7690,0,3
13447,7690,0,3
13606,7690,0,3
13926,7691,0,3
14085,7691,0,3
13766,7691,0,3
13925,7691,0,3
14084,7691,0,3
13924,7691,0,3
14083,7691,0,3
13292,7692,1,2
13451,7692,1,2
13291,7692,1,2
13450,7692,1,2
13290,7692,1,2
13449,7692,1,2
13767,7693,0,3
13766,7693,0,3
13608,7693,0,3
13607,7693,0,3
13292,7694,0,3
13451,7694,0,3
13291,7694,0,3
13450,7694,0,3
13767,7695,0,3
13926,7695,0,3
13766,7695,0,3
13925,7695,0,3
13765,7695,0,3
13924,7695,0,3
13767,7696,0,3
13766,7696,0,3
13608,7696,0,3
13607,7696,0,3
13927,7697,0,3
14086,7697,0,3
13767,7697,0,3
13926,7697,0,3
14085,7697,0,3
13925,7697,0,3
14084,7697,0,3
13767,7699,0,3
13766,7699,0,3
13608,7699,0,3
13607,7699,0,3
13768,7700,0,3
13609,7700,0,3
13767,7700,0,3
13608,7700,0,3
13768,7701,0,3
13609,7701,0,3
13767,7701,0,3
13449,7701,0,3
13608,7701,0,3
13450,7702,0,3
13609,7702,0,3
13767,7702,0,3
13449,7702,0,3
13608,7702,0,3
13448,7702,0,3
13607,7702,0,3
13612,7703,0,3
13452,7703,0,3
13611,7703,0,3
13770,7703,0,3
13769,7703,0,3
13451,7703,0,3
13610,7703,0,3
13611,7704,0,3
13770,7704,0,3
13769,7704,0,3
13610,7704,0,3
13611,7705,0,3
13770,7705,0,3
13769,7705,0,3
13451,7705,0,3
13610,7705,0,3
13609,7705,0,3
13452,7706,0,3
13611,7706,0,3
13770,7706,0,3
13769,7706,0,3
13451,7706,0,3
13610,7706,0,3
13768,7707,0,3
13609,7707,0,3
13767,7707,0,3
13608,7707,0,3
13452,7708,0,3
13611,7708,0,3
13451,7708,0,3
13610,7708,0,3
13609,7708,0,3
13768,7709,0,3
13609,7709,0,3
13767,7709,0,3
13608,7709,0,3
13450,7710,0,3
13609,7710,0,3
13449,7710,0,3
13608,7710,0,3
13768,7711,0,3
13450,7711,0,3
13609,7711,0,3
13767,7711,0,3
13449,7711,0,3
13608,7711,0,3
13609,7712,0,3
13767,7712,0,3
13766,7712,0,3
13449,7712,0,3
13608,7712,0,3
13448,7712,0,3
13607,7712,0,3
13452,7713,0,3
13611,7713,0,3
13451,7713,0,3
13610,7713,0,3
13769,7715,0,3
13768,7715,0,3
13927,7715,0,3
13609,7715,0,3
13767,7715,0,3
13926,7715,0,3
13768,7716,0,3
13609,7716,0,3
13767,7716,0,3
13608,7716,0,3
13611,7717,0,3
13770,7717,0,3
13769,7717,0,3
13610,7717,0,3
13450,7718,0,3
13609,7718,0,3
13449,7718,0,3
13608,7718,0,3
13450,7719,0,3
13609,7719,0,3
13449,7719,0,3
13608,7719,0,3
13448,7719,0,3
13452,7720,0,3
13611,7720,0,3
13451,7720,0,3
13610,7720,0,3
13451,7721,0,3
13610,7721,0,3
13450,7721,0,3
13609,7721,0,3
13768,7722,0,3
13450,7722,0,3
13609,7722,0,3
13767,7722,0,3
13449,7722,0,3
13608,7722,0,3
13768,7723,0,3
13610,7723,0,3
13450,7723,0,3
13609,7723,0,3
13767,7723,0,3
13608,7723,0,3
13292,7724,0,3
13451,7724,0,3
13291,7724,0,3
13450,7724,0,3
13769,7725,0,3
13768,7725,0,3
13610,7725,0,3
13609,7725,0,3
13611,7726,0,3
13770,7726,0,3
13769,7726,0,3
13768,7726,0,3
13610,7726,0,3
13609,7726,0,3
13768,7727,0,3
13450,7727,0,3
13609,7727,0,3
13767,7727,0,3
13449,7727,0,3
13608,7727,0,3
13452,7728,0,3
13611,7728,0,3
13451,7728,0,3
13610,7728,0,3
13768,7729,0,3
13450,7729,0,3
13609,7729,0,3
13767,7729,0,3
13449,7729,0,3
13608,7729,0,3
13607,7729,0,3
13768,7730,0,3
13609,7730,0,3
13767,7730,0,3
13608,7730,0,3
13450,7731,2,1
13609,7731,2,1
13449,7731,2,1
13608,7731,2,1
13448,7731,2,1
13607,7731,2,1
13769,7732,0,3
13928,7732,0,3
13768,7732,0,3
13927,7732,0,3
13609,7732,0,3
13767,7732,0,3
13926,7732,0,3
13769,7733,0,3
13928,7733,0,3
13768,7733,0,3
13927,7733,0,3
13292,7734,0,3
13451,7734,0,3
13610,7734,0,3
13291,7734,0,3
13450,7734,0,3
13609,7734,0,3
13450,7735,0,3
13609,7735,0,3
13767,7735,0,3
13449,7735,0,3
13608,7735,0,3
13448,7735,0,3
13607,7735,0,3
13768,7736,0,3
13609,7736,0,3
13767,7736,0,3
13608,7736,0,3
13768,7737,0,3
13609,7737,0,3
13767,7737,0,3
13766,7737,0,3
13608,7737,0,3
13607,7737,0,3
13768,7738,0,3
13927,7738,0,3
13609,7738,0,3
13767,7738,0,3
13926,7738,0,3
13608,7738,0,3
13452,7739,0,3
13611,7739,0,3
13451,7739,0,3
13610,7739,0,3
13451,7741,0,3
13610,7741,0,3
13450,7741,0,3
13609,7741,0,3
13450,7742,0,3
13609,7742,0,3
13449,7742,0,3
13608,7742,0,3
13448,7742,0,3
13607,7742,0,3
13768,7743,0,3
13451,7743,0,3
13610,7743,0,3
13450,7743,0,3
13609,7743,0,3
13449,7743,0,3
13608,7743,0,3
13450,7744,0,3
13609,7744,0,3
13449,7744,0,3
13608,7744,0,3
13448,7744,0,3
13607,7744,0,3
13768,7745,0,3
13610,7745,0,3
13450,7745,0,3
13609,7745,0,3
13767,7745,0,3
13449,7745,0,3
13608,7745,0,3
13450,7746,0,3
13609,7746,0,3
13449,7746,0,3
13608,7746,0,3
13451,7747,0,3
13610,7747,0,3
13450,7747,0,3
13609,7747,0,3
13449,7747,0,3
13608,7747,0,3
13769,7748,0,3
13768,7748,0,3
13610,7748,0,3
13609,7748,0,3
13611,7749,0,3
13770,7749,0,3
13769,7749,0,3
13768,7749,0,3
13610,7749,0,3
13609,7749,0,3
13292,7750,0,3
13451,7750,0,3
13610,7750,0,3
13291,7750,0,3
13450,7750,0,3
13609,7750,0,3
13452,7751,0,3
13611,7751,0,3
13451,7751,0,3
13610,7751,0,3
13768,7752,0,3
13609,7752,0,3
13767,7752,0,3
13608,7752,0,3
13768,7753,0,3
13450,7753,0,3
13609,7753,0,3
13767,7753,0,3
13449,7753,0,3
13608,7753,0,3
13611,7754,0,3
13769,7754,0,3
13768,7754,0,3
13610,7754,0,3
13609,7754,0,3
13769,7755,0,3
13768,7755,0,3
13610,7755,0,3
13609,7755,0,3
13611,7756,0,3
13770,7756,0,3
13769,7756,0,3
13768,7756,0,3
13610,7756,0,3
13609,7756,0,3
13452,7757,0,3
13611,7757,0,3
13451,7757,0,3
13610,7757,0,3
13292,7758,0,3
13451,7758,0,3
13610,7758,0,3
13291,7758,0,3
13450,7758,0,3
13609,7758,0,3
13450,7759,0,3
13609,7759,0,3
13449,7759,0,3
13608,7759,0,3
13448,7759,0,3
13607,7759,0,3
13450,7760,0,3
13609,7760,0,3
13449,7760,0,3
13608,7760,0,3
13768,7761,0,3
13450,7761,0,3
13609,7761,0,3
13767,7761,0,3
13449,7761,0,3
13608,7761,0,3
13768,7762,0,3
13609,7762,0,3
13767,7762,0,3
13608,7762,0,3
13768,7763,0,3
13609,7763,0,3
13767,7763,0,3
13608,7763,0,3
13768,7764,0,3
13927,7764,0,3
13609,7764,0,3
13767,7764,0,3
13926,7764,0,3
13608,7764,0,3
13451,7765,0,3
13610,7765,0,3
13450,7765,0,3
13609,7765,0,3
13768,7766,0,3
13609,7766,0,3
13767,7766,0,3
13608,7766,0,3
13769,7767,0,3
13768,7767,0,3
13451,7767,0,3
13610,7767,0,3
13450,7767,0,3
13609,7767,0,3
13769,7768,0,3
13768,7768,0,3
13610,7768,0,3
13609,7768,0,3
13767,7768,0,3
13608,7768,0,3
13768,7769,0,3
13451,7769,0,3
13610,7769,0,3
13450,7769,0,3
13609,7769,0,3
13449,7769,0,3
13608,7769,0,3
13291,7770,2,1
13450,7770,2,1
13609,7770,2,1
13290,7770,2,1
13449,7770,2,1
13608,7770,2,1
13451,7771,0,3
13610,7771,0,3
13450,7771,0,3
13609,7771,0,3
13449,7771,0,3
13608,7771,0,3
13452,7773,0,3
13611,7773,0,3
13451,7773,0,3
13610,7773,0,3
13292,7774,0,3
13451,7774,0,3
13610,7774,0,3
13291,7774,0,3
13450,7774,0,3
13609,7774,0,3
13449,7774,0,3
13769,7775,0,3
13768,7775,0,3
13451,7775,0,3
13610,7775,0,3
13450,7775,0,3
13609,7775,0,3
13450,7777,0,3
13609,7777,0,3
13449,7777,0,3
13608,7777,0,3
13770,7778,0,3
13929,7778,0,3
13769,7778,0,3
13928,7778,0,3
13768,7778,0,3
13927,7778,0,3
13769,7779,0,3
13768,7779,0,3
13451,7779,0,3
13610,7779,0,3
13450,7779,0,3
13609,7779,0,3
13768,7780,0,3
13609,7780,0,3
13767,7780,0,3
13608,7780,0,3
13450,7781,2,1
13609,7781,2,1
13449,7781,2,1
13608,7781,2,1
13451,7782,0,3
13291,7782,0,3
13450,7782,0,3
13609,7782,0,3
13290,7782,0,3
13449,7782,0,3
13608,7782,0,3
13450,7783,0,3
13609,7783,0,3
13449,7783,0,3
13608,7783,0,3
13768,7784,0,3
13609,7784,0,3
13767,7784,0,3
13608,7784,0,3
13452,7785,0,3
13611,7785,0,3
13451,7785,0,3
13610,7785,0,3
13450,7785,0,3
13609,7785,0,3
13450,7786,0,3
13609,7786,0,3
13449,7786,0,3
13608,7786,0,3
13450,7787,0,3
13609,7787,0,3
13449,7787,0,3
13608,7787,0,3
13450,7788,0,3
13609,7788,0,3
13449,7788,0,3
13608,7788,0,3
13448,7788,0,3
13607,7788,0,3
13769,7789,0,3
13768,7789,0,3
13610,7789,0,3
13609,7789,0,3
13291,7791,2,1
13450,7791,2,1
13609,7791,2,1
13290,7791,2,1
13449,7791,2,1
13608,7791,2,1
13291,7792,1,2
13450,7792,1,2
13609,7792,1,2
13290,7792,1,2
13449,7792,1,2
13608,7792,1,2
13452,7793,0,3
13611,7793,0,3
13770,7793,0,3
13769,7793,0,3
13451,7793,0,3
13610,7793,0,3
13768,7795,0,3
13451,7795,0,3
13610,7795,0,3
13450,7795,0,3
13609,7795,0,3
13608,7795,0,3
13769,7796,0,3
13768,7796,0,3
13451,7796,0,3
13610,7796,0,3
13450,7796,0,3
13609,7796,0,3
13768,7797,0,3
13450,7797,0,3
13609,7797,0,3
13767,7797,0,3
13449,7797,0,3
13608,7797,0,3
13450,7798,0,3
13609,7798,0,3
13449,7798,0,3
13608,7798,0,3
13768,7799,0,3
13609,7799,0,3
13767,7799,0,3
13608,7799,0,3
13607,7799,0,3
13611,7800,0,3
13770,7800,0,3
13769,7800,0,3
13768,7800,0,3
13451,7800,0,3
13610,7800,0,3
13609,7800,0,3
13451,7801,0,3
13610,7801,0,3
13450,7801,0,3
13609,7801,0,3
13769,7802,0,3
13768,7802,0,3
13451,7802,0,3
13610,7802,0,3
13450,7802,0,3
13609,7802,0,3
13452,7803,0,3
13611,7803,0,3
13770,7803,0,3
13769,7803,0,3
13451,7803,0,3
13610,7803,0,3
13609,7803,0,3
13450,7804,0,3
13609,7804,0,3
13449,7804,0,3
13608,7804,0,3
13452,7805,0,3
13292,7805,0,3
13451,7805,0,3
13610,7805,0,3
13291,7805,0,3
13450,7805,0,3
13609,7805,0,3
13452,7806,0,3
13611,7806,0,3
13451,7806,0,3
13610,7806,0,3
13450,7806,0,3
13451,7807,0,3
13610,7807,0,3
13450,7807,0,3
13609,7807,0,3
13449,7807,0,3
13608,7807,0,3
13768,7808,0,3
13609,7808,0,3
13767,7808,0,3
13608,7808,0,3
13291,7809,0,3
13450,7809,0,3
13609,7809,0,3
13449,7809,0,3
13608,7809,0,3
13451,7810,0,3
13610,7810,0,3
13450,7810,0,3
13609,7810,0,3
13611,7811,0,3
13770,7811,0,3
13769,7811,0,3
13768,7811,0,3
13610,7811,0,3
13609,7811,0,3
13451,7812,0,3
13610,7812,0,3
13450,7812,0,3
13609,7812,0,3
13768,7813,0,3
13609,7813,0,3
13767,7813,0,3
13766,7813,0,3
13449,7813,0,3
13608,7813,0,3
13607,7813,0,3
13769,7814,0,3
13928,7814,0,3
13768,7814,0,3
13927,7814,0,3
13452,7815,0,3
13611,7815,0,3
13451,7815,0,3
13610,7815,0,3
13450,7815,0,3
13609,7815,0,3
13450,7816,0,3
13609,7816,0,3
13449,7816,0,3
13608,7816,0,3
13448,7816,0,3
13607,7816,0,3
13451,7817,0,3
13610,7817,0,3
13450,7817,0,3
13609,7817,0,3
13449,7817,0,3
13608,7817,0,3
13769,7818,0,3
13928,7818,0,3
13768,7818,0,3
13927,7818,0,3
13767,7818,0,3
13926,7818,0,3
13450,7819,0,3
13609,7819,0,3
13449,7819,0,3
13608,7819,0,3
13450,7820,0,3
13609,7820,0,3
13449,7820,0,3
13608,7820,0,3
13448,7820,0,3
13607,7820,0,3
13451,7821,0,3
13610,7821,0,3
13450,7821,0,3
13609,7821,0,3
13768,7822,0,3
13609,7822,0,3
13767,7822,0,3
13608,7822,0,3
13452,7823,0,3
13611,7823,0,3
13770,7823,0,3
13769,7823,0,3
13451,7823,0,3
13610,7823,0,3
13452,7824,0,3
13611,7824,0,3
13770,7824,0,3
13769,7824,0,3
13451,7824,0,3
13610,7824,0,3
13769,7825,0,3
13768,7825,0,3
13451,7825,0,3
13610,7825,0,3
13609,7825,0,3
15996,8050,0,3
16155,8050,0,3
15995,8050,0,3
16154,8050,0,3
15994,8050,0,3
16153,8050,0,3
15996,8070,0,3
16155,8070,0,3
15995,8070,0,3
16154,8070,0,3
15837,8134,0,3
15996,8134,0,3
15836,8134,0,3
15995,8134,0,3
15837,8169,0,3
15996,8169,0,3
16155,8169,0,3
15836,8169,0,3
15995,8169,0,3
16154,8169,0,3
15837,8216,0,3
15996,8216,0,3
16155,8216,0,3
15836,8216,0,3
15995,8216,0,3
16154,8216,0,3
15996,8259,0,3
16155,8259,0,3
15995,8259,0,3
16154,8259,0,3
15837,8345,0,3
15996,8345,0,3
16155,8345,0,3
15836,8345,0,3
15995,8345,0,3
16154,8345,0,3
15994,8345,0,3
15497,8368,0,3
15815,8368,0,3
15814,8368,0,3
15656,8368,0,3
15496,8368,0,3
15655,8368,0,3
15491,8371,2,1
15490,8371,2,1
15173,8371,2,1
15332,8371,2,1
15172,8371,2,1
15331,8371,2,1
14540,8373,0,3
14699,8373,0,3
14539,8373,0,3
14698,8373,0,3
15014,8374,0,3
15173,8374,0,3
15332,8374,0,3
15013,8374,0,3
15172,8374,0,3
15331,8374,0,3
15175,8386,1,2
15334,8386,1,2
15174,8386,1,2
15333,8386,1,2
15493,8387,2,1
15492,8387,2,1
15334,8387,2,1
15174,8387,2,1
15333,8387,2,1
15173,8391,0,3
15332,8391,0,3
15172,8391,0,3
15331,8391,0,3
15177,8421,0,3
15336,8421,0,3
15176,8421,0,3
15335,8421,0,3
15175,8421,0,3
15334,8421,0,3
14542,8422,0,3
14701,8422,0,3
14382,8422,0,3
14541,8422,0,3
14700,8422,0,3
14540,8422,0,3
14699,8422,0,3
15491,8432,2,1
15490,8432,2,1
15330,8432,2,1
15332,8432,2,1
15331,8432,2,1
15497,8453,0,3
15338,8453,0,3
15337,8453,0,3
15496,8453,0,3
15495,8453,0,3
15016,8458,1,2
15175,8458,1,2
15015,8458,1,2
15174,8458,1,2
15490,8461,1,2
15173,8461,1,2
15332,8461,1,2
15172,8461,1,2
15331,8461,1,2
15497,8476,0,3
15656,8476,0,3
15496,8476,0,3
15655,8476,0,3
15177,8483,0,3
15336,8483,0,3
15176,8483,0,3
15335,8483,0,3
15175,8483,0,3
15334,8483,0,3
15815,8491,0,3
15814,8491,0,3
15656,8491,0,3
15496,8491,0,3
15655,8491,0,3
15654,8491,0,3
13904,8497,1,2
14063,8497,1,2
13903,8497,1,2
14062,8497,1,2
13902,8497,1,2
14061,8497,1,2
15176,8499,0,3
15335,8499,0,3
15175,8499,0,3
15334,8499,0,3
15017,8506,0,3
15176,8506,0,3
15016,8506,0,3
15175,8506,0,3
15016,8517,0,3
15175,8517,0,3
15015,8517,0,3
15174,8517,0,3
15494,8540,0,3
15493,8540,0,3
15176,8540,0,3
15335,8540,0,3
15175,8540,0,3
15334,8540,0,3
15333,8540,0,3
14860,8558,0,3
15019,8558,0,3
15178,8558,0,3
14859,8558,0,3
15018,8558,0,3
15177,8558,0,3
15016,8560,0,3
15175,8560,0,3
15015,8560,0,3
15174,8560,0,3
15497,8567,0,3
15656,8567,0,3
15496,8567,0,3
15655,8567,0,3
15493,8569,0,3
15492,8569,0,3
15175,8569,0,3
15334,8569,0,3
15174,8569,0,3
15333,8569,0,3
14541,8584,2,1
14700,8584,2,1
14540,8584,2,1
14699,8584,2,1
14540,8587,0,3
14699,8587,0,3
14539,8587,0,3
14698,8587,0,3
15490,8613,1,2
15489,8613,1,2
15330,8613,1,2
15331,8613,1,2
15493,8617,0,3
15176,8617,0,3
15335,8617,0,3
15175,8617,0,3
15334,8617,0,3
15178,8619,2,1
15337,8619,2,1
15177,8619,2,1
15336,8619,2,1
15017,8628,0,3
15176,8628,0,3
15335,8628,0,3
15016,8628,0,3
15175,8628,0,3
15334,8628,0,3
14218,8635,0,3
14377,8635,0,3
14536,8635,0,3
14376,8635,0,3
14535,8635,0,3
14217,8635,0,3
13746,8644,0,3
13905,8644,0,3
14064,8644,0,3
13745,8644,0,3
13904,8644,0,3
14063,8644,0,3
14064,8651,0,3
14223,8651,0,3
14063,8651,0,3
14222,8651,0,3
15176,8659,0,3
15335,8659,0,3
15175,8659,0,3
15334,8659,0,3
15177,8663,0,3
15336,8663,0,3
15176,8663,0,3
15335,8663,0,3
15175,8663,0,3
15334,8663,0,3
14383,8675,2,1
14542,8675,2,1
14382,8675,2,1
14541,8675,2,1
14381,8675,2,1
14540,8675,2,1
15494,8683,0,3
15176,8683,0,3
15335,8683,0,3
15175,8683,0,3
15334,8683,0,3
14382,8704,0,3
14541,8704,0,3
14700,8704,0,3
14381,8704,0,3
14540,8704,0,3
14699,8704,0,3
15497,8707,0,3
15656,8707,0,3
15496,8707,0,3
15655,8707,0,3
14381,8708,2,1
14540,8708,2,1
14699,8708,2,1
14380,8708,2,1
14539,8708,2,1
14698,8708,2,1
14383,8709,0,3
14542,8709,0,3
14701,8709,0,3
14382,8709,0,3
14541,8709,0,3
14700,8709,0,3
15176,8712,0,3
15335,8712,0,3
15175,8712,0,3
15334,8712,0,3
14540,8715,0,3
14699,8715,0,3
14539,8715,0,3
14698,8715,0,3
14538,8715,0,3
14697,8715,0,3
13905,8718,0,3
14064,8718,0,3
13904,8718,0,3
14063,8718,0,3
15017,8730,0,3
15176,8730,0,3
15016,8730,0,3
15175,8730,0,3
15015,8730,0,3
15174,8730,0,3
15176,8731,0,3
15335,8731,0,3
15175,8731,0,3
15334,8731,0,3
14541,8739,0,3
14700,8739,0,3
14540,8739,0,3
14699,8739,0,3
14540,8740,0,3
14699,8740,0,3
14539,8740,0,3
14698,8740,0,3
15497,8744,0,3
15338,8744,0,3
15337,8744,0,3
15656,8744,0,3
15496,8744,0,3
15655,8744,0,3
14860,8751,0,3
15019,8751,0,3
14859,8751,0,3
15018,8751,0,3
15176,8777,0,3
15335,8777,0,3
15175,8777,0,3
15334,8777,0,3
15174,8777,0,3
15333,8777,0,3
15493,8797,0,3
15492,8797,0,3
15334,8797,0,3
15333,8797,0,3
15016,8808,0,3
15175,8808,0,3
15015,8808,0,3
15174,8808,0,3
15016,8810,0,3
15175,8810,0,3
15015,8810,0,3
15174,8810,0,3
15017,8811,0,3
15176,8811,0,3
15335,8811,0,3
15016,8811,0,3
15175,8811,0,3
15334,8811,0,3
15177,8821,0,3
15336,8821,0,3
15176,8821,0,3
15335,8821,0,3
15175,8821,0,3
15334,8821,0,3
15016,8837,2,1
14856,8837,2,1
15015,8837,2,1
15174,8837,2,1
14855,8837,2,1
15014,8837,2,1
14224,8840,0,3
14064,8840,0,3
14382,8840,0,3
14381,8840,0,3
14223,8840,0,3
14222,8840,0,3
15494,8843,0,3
15493,8843,0,3
15176,8843,0,3
15335,8843,0,3
15175,8843,0,3
15334,8843,0,3
15494,8849,0,3
15493,8849,0,3
15176,8849,0,3
15335,8849,0,3
15175,8849,0,3
15334,8849,0,3
15336,8852,0,3
15494,8852,0,3
15493,8852,0,3
15176,8852,0,3
15335,8852,0,3
15175,8852,0,3
15334,8852,0,3
14382,8853,0,3
14541,8853,0,3
14700,8853,0,3
14381,8853,0,3
14540,8853,0,3
14699,8853,0,3
14541,8873,0,3
14700,8873,0,3
14540,8873,0,3
14699,8873,0,3
14539,8873,0,3
14698,8873,0,3
15175,8874,2,1
15334,8874,2,1
15174,8874,2,1
15333,8874,2,1
15175,8877,0,3
15334,8877,0,3
15174,8877,0,3
15333,8877,0,3
15497,8883,0,3
15656,8883,0,3
15496,8883,0,3
15655,8883,0,3
14541,8904,0,3
14700,8904,0,3
14540,8904,0,3
14699,8904,0,3
14857,8914,2,1
15016,8914,2,1
15175,8914,2,1
14856,8914,2,1
15015,8914,2,1
15174,8914,2,1
15014,8914,2,1
15173,8919,2,1
15332,8919,2,1
15172,8919,2,1
15331,8919,2,1
15493,8927,0,3
15492,8927,0,3
15334,8927,0,3
15333,8927,0,3
15497,8939,0,3
15338,8939,0,3
15337,8939,0,3
15336,8939,0,3
15496,8939,0,3
15495,8939,0,3
15017,8953,0,3
15176,8953,0,3
15016,8953,0,3
15175,8953,0,3
15015,8953,0,3
15174,8953,0,3
15173,8954,2,1
15332,8954,2,1
15172,8954,2,1
15331,8954,2,1
15016,8980,1,2
15175,8980,1,2
15015,8980,1,2
15174,8980,1,2
15016,8981,0,3
15175,8981,0,3
15015,8981,0,3
15174,8981,0,3
15497,8985,0,3
15656,8985,0,3
15496,8985,0,3
15655,8985,0,3
15494,8991,0,3
15493,8991,0,3
15176,8991,0,3
15335,8991,0,3
15175,8991,0,3
15334,8991,0,3
15016,8998,0,3
15175,8998,0,3
15334,8998,0,3
15015,8998,0,3
15174,8998,0,3
15333,8998,0,3
15493,8999,0,3
15176,8999,0,3
15335,8999,0,3
15175,8999,0,3
15334,8999,0,3
15333,8999,0,3
15336,9003,0,3
15495,9003,0,3
15494,9003,0,3
15176,9003,0,3
15335,9003,0,3
15334,9003,0,3
15017,9005,0,3
15176,9005,0,3
15335,9005,0,3
15016,9005,0,3
15175,9005,0,3
15334,9005,0,3
15176,9012,0,3
15335,9012,0,3
15175,9012,0,3
15334,9012,0,3
15017,9022,0,3
15176,9022,0,3
15016,9022,0,3
15175,9022,0,3
15176,9034,0,3
15335,9034,0,3
15175,9034,0,3
15334,9034,0,3
15176,9049,0,3
15335,9049,0,3
15175,9049,0,3
15334,9049,0,3
15174,9049,0,3
15333,9049,0,3
15351,9051,0,3
15350,9051,0,3
15192,9051,0,3
15191,9051,0,3
15352,9053,0,3
15351,9053,0,3
15350,9053,0,3
15193,9053,0,3
15192,9053,0,3
15191,9053,0,3
15352,9060,0,3
15351,9060,0,3
15350,9060,0,3
15193,9060,0,3
15192,9060,0,3
15191,9060,0,3
15352,9100,0,3
15351,9100,0,3
15193,9100,0,3
15192,9100,0,3
15352,9114,0,3
15351,9114,0,3
15350,9114,0,3
15193,9114,0,3
15192,9114,0,3
15191,9114,0,3
15352,9121,0,3
15351,9121,0,3
15350,9121,0,3
15193,9121,0,3
15192,9121,0,3
15191,9121,0,3
15352,9124,0,3
15351,9124,0,3
15350,9124,0,3
15193,9124,0,3
15192,9124,0,3
15191,9124,0,3
15352,9133,0,3
15351,9133,0,3
15350,9133,0,3
15193,9133,0,3
15192,9133,0,3
15191,9133,0,3
15352,9134,0,3
15351,9134,0,3
15350,9134,0,3
15193,9134,0,3
15192,9134,0,3
15191,9134,0,3
15351,9138,0,3
15350,9138,0,3
15193,9138,0,3
15033,9138,0,3
15192,9138,0,3
15191,9138,0,3
15351,9142,0,3
15350,9142,0,3
15033,9142,0,3
15192,9142,0,3
15032,9142,0,3
15191,9142,0,3
15351,9148,0,3
15350,9148,0,3
15033,9148,0,3
15192,9148,0,3
15032,9148,0,3
15191,9148,0,3
15352,9162,0,3
15351,9162,0,3
15193,9162,0,3
15192,9162,0,3
15352,9174,0,3
15351,9174,0,3
15350,9174,0,3
15193,9174,0,3
15192,9174,0,3
15191,9174,0,3
13765,9223,0,3
13924,9223,0,3
14083,9223,0,3
13764,9223,0,3
13923,9223,0,3
14082,9223,0,3
14723,9309,0,3
14722,9309,0,3
14882,9309,0,3
15041,9309,0,3
14881,9309,0,3
15040,9309,0,3
14883,9310,1,2
15042,9310,1,2
14882,9310,1,2
15041,9310,1,2
15041,9311,0,3
15200,9311,0,3
15040,9311,0,3
15199,9311,0,3
14882,9313,0,3
15041,9313,0,3
15200,9313,0,3
14881,9313,0,3
15040,9313,0,3
15199,9313,0,3
15039,9313,0,3
14724,9314,1,2
14723,9314,1,2
14883,9314,1,2
15042,9314,1,2
14882,9314,1,2
15041,9314,1,2
15041,9315,0,3
15200,9315,0,3
15040,9315,0,3
15199,9315,0,3
15039,9315,0,3
15198,9315,0,3
14882,9316,0,3
15041,9316,0,3
14881,9316,0,3
15040,9316,0,3
14723,9317,0,3
14563,9317,0,3
14722,9317,0,3
14721,9317,0,3
14882,9317,0,3
14881,9317,0,3
14882,9318,2,1
15041,9318,2,1
14881,9318,2,1
15040,9318,2,1
14880,9318,2,1
15039,9318,2,1
15041,9319,0,3
15200,9319,0,3
15040,9319,0,3
15199,9319,0,3
14723,9320,0,3
14722,9320,0,3
14882,9320,0,3
15041,9320,0,3
14881,9320,0,3
15040,9320,0,3
14880,9320,0,3
14883,9321,0,3
15042,9321,0,3
14882,9321,0,3
15041,9321,0,3
15041,9322,0,3
15200,9322,0,3
15040,9322,0,3
15199,9322,0,3
15039,9322,0,3
15198,9322,0,3
14565,9323,0,3
14724,9323,0,3
14564,9323,0,3
14723,9323,0,3
14883,9323,0,3
14882,9323,0,3
14882,9324,0,3
15041,9324,0,3
14881,9324,0,3
15040,9324,0,3
14723,9325,0,3
14722,9325,0,3
14882,9325,0,3
14881,9325,0,3
14723,9326,0,3
14722,9326,0,3
14882,9326,0,3
14881,9326,0,3
14882,9328,1,2
15041,9328,1,2
14881,9328,1,2
15040,9328,1,2
14880,9328,1,2
15039,9328,1,2
14884,9329,0,3
14566,9329,0,3
14725,9329,0,3
14724,9329,0,3
14883,9329,0,3
14882,9331,0,3
15041,9331,0,3
14881,9331,0,3
15040,9331,0,3
14880,9331,0,3
15039,9331,0,3
14884,9333,1,2
14725,9333,1,2
14724,9333,1,2
14883,9333,1,2
14881,9334,2,1
15040,9334,2,1
14880,9334,2,1
15039,9334,2,1
14724,9336,0,3
14723,9336,0,3
14883,9336,0,3
14882,9336,0,3
14723,9337,0,3
14563,9337,0,3
14722,9337,0,3
14721,9337,0,3
14881,9337,0,3
14880,9337,0,3
15041,9338,0,3
15200,9338,0,3
15040,9338,0,3
15199,9338,0,3
14882,9339,0,3
15041,9339,0,3
14881,9339,0,3
15040,9339,0,3
15199,9339,0,3
14880,9339,0,3
15039,9339,0,3
14882,9343,0,3
15041,9343,0,3
14881,9343,0,3
15040,9343,0,3
14880,9343,0,3
15039,9343,0,3
15041,9344,0,3
15200,9344,0,3
14881,9344,0,3
15040,9344,0,3
15199,9344,0,3
15039,9344,0,3
15198,9344,0,3
14564,9346,0,3
14723,9346,0,3
14563,9346,0,3
14722,9346,0,3
14882,9346,0,3
14881,9346,0,3
15043,9347,0,3
15202,9347,0,3
15042,9347,0,3
15201,9347,0,3
15041,9347,0,3
15200,9347,0,3
14724,9348,1,2
14723,9348,1,2
14883,9348,1,2
14882,9348,1,2
15041,9349,0,3
15200,9349,0,3
15040,9349,0,3
15199,9349,0,3
15039,9349,0,3
15198,9349,0,3
14723,9350,0,3
14722,9350,0,3
14882,9350,0,3
14881,9350,0,3
14884,9351,1,2
14725,9351,1,2
14724,9351,1,2
14883,9351,1,2
14882,9352,0,3
15041,9352,0,3
14881,9352,0,3
15040,9352,0,3
14726,9354,1,2
14566,9354,1,2
14725,9354,1,2
14565,9354,1,2
14724,9354,1,2
14724,9356,0,3
14723,9356,0,3
14883,9356,0,3
15042,9356,0,3
14882,9356,0,3
15041,9356,0,3
15041,9357,0,3
15200,9357,0,3
15040,9357,0,3
15199,9357,0,3
14884,9359,1,2
14725,9359,1,2
14724,9359,1,2
14883,9359,1,2
14884,9364,1,2
14725,9364,1,2
14724,9364,1,2
14723,9364,1,2
14883,9364,1,2
14882,9364,1,2
15041,9366,0,3
15200,9366,0,3
15040,9366,0,3
15199,9366,0,3
15039,9366,0,3
15198,9366,0,3
14885,9367,1,2
14884,9367,1,2
14726,9367,1,2
14725,9367,1,2
14724,9367,1,2
14883,9367,1,2
14723,9368,0,3
14722,9368,0,3
14882,9368,0,3
15041,9368,0,3
14881,9368,0,3
15040,9368,0,3
15042,9369,0,3
15201,9369,0,3
15041,9369,0,3
15200,9369,0,3
14883,9371,1,2
15042,9371,1,2
14882,9371,1,2
15041,9371,1,2
14883,9372,0,3
15042,9372,0,3
14882,9372,0,3
15041,9372,0,3
14881,9372,0,3
15040,9372,0,3
15041,9375,0,3
14881,9375,0,3
15040,9375,0,3
14880,9375,0,3
15039,9375,0,3
14883,9376,0,3
15042,9376,0,3
14882,9376,0,3
15041,9376,0,3
14881,9376,0,3
15040,9376,0,3
14566,9377,0,3
14725,9377,0,3
14565,9377,0,3
14724,9377,0,3
14564,9377,0,3
14723,9377,0,3
14723,9378,0,3
14563,9378,0,3
14722,9378,0,3
14882,9378,0,3
14881,9378,0,3
14883,9380,0,3
15042,9380,0,3
14882,9380,0,3
15041,9380,0,3
14723,9381,0,3
14722,9381,0,3
14882,9381,0,3
14881,9381,0,3
14882,9384,0,3
15041,9384,0,3
14881,9384,0,3
15040,9384,0,3
15041,9385,0,3
15200,9385,0,3
15040,9385,0,3
15199,9385,0,3
15039,9385,0,3
15198,9385,0,3
14883,9387,0,3
15042,9387,0,3
14882,9387,0,3
15041,9387,0,3
14881,9387,0,3
15040,9387,0,3
14723,9388,0,3
14722,9388,0,3
14882,9388,0,3
14881,9388,0,3
14882,9389,0,3
15041,9389,0,3
14881,9389,0,3
15040,9389,0,3
14880,9389,0,3
15039,9389,0,3
14564,9390,0,3
14723,9390,0,3
14563,9390,0,3
14722,9390,0,3
14882,9390,0,3
14881,9390,0,3
14882,9391,0,3
15041,9391,0,3
14881,9391,0,3
15040,9391,0,3
14880,9391,0,3
15039,9391,0,3
14882,9392,0,3
15041,9392,0,3
14881,9392,0,3
15040,9392,0,3
14880,9392,0,3
15039,9392,0,3
14884,9393,0,3
14566,9393,0,3
14725,9393,0,3
14565,9393,0,3
14724,9393,0,3
14883,9393,0,3
14564,9394,0,3
14723,9394,0,3
14563,9394,0,3
14722,9394,0,3
14882,9394,0,3
14881,9394,0,3
14883,9396,0,3
15042,9396,0,3
14882,9396,0,3
15041,9396,0,3
14881,9396,0,3
15040,9396,0,3
14881,9398,0,3
15040,9398,0,3
15199,9398,0,3
14880,9398,0,3
15039,9398,0,3
15198,9398,0,3
14565,9399,0,3
14724,9399,0,3
14564,9399,0,3
14723,9399,0,3
14882,9399,0,3
14882,9401,0,3
15041,9401,0,3
15200,9401,0,3
14881,9401,0,3
15040,9401,0,3
15199,9401,0,3
14723,9403,0,3
14563,9403,0,3
14722,9403,0,3
14721,9403,0,3
14882,9403,0,3
14881,9403,0,3
14880,9403,0,3
14724,9404,0,3
14723,9404,0,3
14883,9404,0,3
15042,9404,0,3
14882,9404,0,3
15041,9404,0,3
14882,9405,0,3
15041,9405,0,3
15200,9405,0,3
14881,9405,0,3
15040,9405,0,3
15199,9405,0,3
14723,9406,0,3
14722,9406,0,3
14882,9406,0,3
14881,9406,0,3
14724,9407,0,3
14723,9407,0,3
14722,9407,0,3
14883,9407,0,3
14882,9407,0,3
14881,9407,0,3
14882,9408,0,3
15041,9408,0,3
14881,9408,0,3
15040,9408,0,3
15042,9409,0,3
15201,9409,0,3
15041,9409,0,3
15200,9409,0,3
15040,9409,0,3
15199,9409,0,3
15041,9410,0,3
15200,9410,0,3
15040,9410,0,3
15199,9410,0,3
14882,9412,1,2
15041,9412,1,2
14881,9412,1,2
15040,9412,1,2
14880,9412,1,2
15039,9412,1,2
14883,9413,0,3
15042,9413,0,3
14882,9413,0,3
15041,9413,0,3
14884,9414,2,1
14566,9414,2,1
14725,9414,2,1
14565,9414,2,1
14724,9414,2,1
14883,9414,2,1
14723,9415,0,3
14722,9415,0,3
14882,9415,0,3
14881,9415,0,3
14881,9416,1,2
15040,9416,1,2
15199,9416,1,2
14880,9416,1,2
15039,9416,1,2
15198,9416,1,2
14564,9417,0,3
14723,9417,0,3
14563,9417,0,3
14722,9417,0,3
14882,9417,0,3
14881,9417,0,3
14882,9419,0,3
15041,9419,0,3
15200,9419,0,3
14881,9419,0,3
15040,9419,0,3
15199,9419,0,3
14723,9421,0,3
14563,9421,0,3
14722,9421,0,3
14721,9421,0,3
14882,9421,0,3
14881,9421,0,3
14880,9421,0,3
14884,9422,0,3
14566,9422,0,3
14725,9422,0,3
14565,9422,0,3
14724,9422,0,3
14883,9422,0,3
14723,9423,0,3
14722,9423,0,3
14721,9423,0,3
14882,9423,0,3
14881,9423,0,3
14880,9423,0,3
15040,9425,0,3
15199,9425,0,3
14880,9425,0,3
15039,9425,0,3
15198,9425,0,3
15038,9425,0,3
14882,9426,0,3
15041,9426,0,3
14881,9426,0,3
15040,9426,0,3
14724,9427,0,3
14723,9427,0,3
14883,9427,0,3
14882,9427,0,3
14884,9429,0,3
14566,9429,0,3
14725,9429,0,3
14565,9429,0,3
14724,9429,0,3
14883,9429,0,3
15043,9430,0,3
15202,9430,0,3
14883,9430,0,3
15042,9430,0,3
15201,9430,0,3
15041,9430,0,3
15200,9430,0,3
14725,9432,0,3
14724,9432,0,3
14723,9432,0,3
14883,9432,0,3
14882,9432,0,3
14882,9433,0,3
15041,9433,0,3
14881,9433,0,3
15040,9433,0,3
14723,9436,0,3
14722,9436,0,3
14882,9436,0,3
14881,9436,0,3
14882,9437,0,3
15041,9437,0,3
15200,9437,0,3
14881,9437,0,3
15040,9437,0,3
15199,9437,0,3
15043,9438,1,2
14883,9438,1,2
15042,9438,1,2
15201,9438,1,2
14882,9438,1,2
15041,9438,1,2
14723,9439,0,3
14722,9439,0,3
14721,9439,0,3
14882,9439,0,3
14881,9439,0,3
14880,9439,0,3
15041,9440,0,3
15200,9440,0,3
15040,9440,0,3
15199,9440,0,3
14882,9441,0,3
15041,9441,0,3
15200,9441,0,3
14881,9441,0,3
15040,9441,0,3
15199,9441,0,3
14723,9442,0,3
14722,9442,0,3
14883,9442,0,3
14882,9442,0,3
15041,9442,0,3
14881,9442,0,3
15040,9442,0,3
15041,9443,0,3
15200,9443,0,3
14881,9443,0,3
15040,9443,0,3
15199,9443,0,3
15039,9443,0,3
15198,9443,0,3
14882,9445,0,3
15041,9445,0,3
15200,9445,0,3
14881,9445,0,3
15040,9445,0,3
15199,9445,0,3
14724,9446,0,3
14723,9446,0,3
14722,9446,0,3
14883,9446,0,3
14882,9446,0,3
14881,9446,0,3
14881,9448,1,2
15040,9448,1,2
15199,9448,1,2
14880,9448,1,2
15039,9448,1,2
15198,9448,1,2
15038,9448,1,2
14883,9449,0,3
15042,9449,0,3
15201,9449,0,3
14882,9449,0,3
15041,9449,0,3
15200,9449,0,3
15040,9449,0,3
14883,9450,0,3
15042,9450,0,3
15201,9450,0,3
14882,9450,0,3
15041,9450,0,3
15200,9450,0,3
14724,9451,0,3
14723,9451,0,3
14883,9451,0,3
14882,9451,0,3
14882,9452,0,3
15041,9452,0,3
14881,9452,0,3
15040,9452,0,3
14566,9453,0,3
14725,9453,0,3
14565,9453,0,3
14724,9453,0,3
15042,9454,0,3
15201,9454,0,3
15041,9454,0,3
15200,9454,0,3
15041,9455,0,3
15200,9455,0,3
15040,9455,0,3
15199,9455,0,3
14884,9456,2,1
15043,9456,2,1
14725,9456,2,1
14724,9456,2,1
14883,9456,2,1
15042,9456,2,1
14882,9456,2,1
14723,9458,0,3
14563,9458,0,3
14722,9458,0,3
14562,9458,0,3
14721,9458,0,3
14881,9458,0,3
14880,9458,0,3
15041,9459,0,3
15200,9459,0,3
15040,9459,0,3
15199,9459,0,3
14882,9462,0,3
15041,9462,0,3
14881,9462,0,3
15040,9462,0,3
14884,9463,1,2
14566,9463,1,2
14725,9463,1,2
14565,9463,1,2
14724,9463,1,2
14883,9463,1,2
14881,9465,1,2
15040,9465,1,2
15199,9465,1,2
14880,9465,1,2
15039,9465,1,2
15198,9465,1,2
14885,9466,1,2
14884,9466,1,2
14726,9466,1,2
14725,9466,1,2
14724,9466,1,2
14883,9466,1,2
14882,9467,0,3
15041,9467,0,3
15200,9467,0,3
14881,9467,0,3
15040,9467,0,3
15199,9467,0,3
15041,9468,0,3
15200,9468,0,3
15040,9468,0,3
15199,9468,0,3
14881,9469,1,2
15040,9469,1,2
14880,9469,1,2
15039,9469,1,2
15198,9469,1,2
14879,9469,1,2
15038,9469,1,2
14884,9470,1,2
14725,9470,1,2
14724,9470,1,2
14723,9470,1,2
14883,9470,1,2
14882,9470,1,2
14881,9471,1,2
15040,9471,1,2
14880,9471,1,2
15039,9471,1,2
15041,9472,0,3
15200,9472,0,3
15040,9472,0,3
15199,9472,0,3
15039,9472,0,3
15198,9472,0,3
15041,9475,0,3
14881,9475,0,3
15040,9475,0,3
15199,9475,0,3
14880,9475,0,3
15039,9475,0,3
14882,9477,0,3
15041,9477,0,3
14881,9477,0,3
15040,9477,0,3
14880,9477,0,3
15039,9477,0,3
15042,9478,0,3
15201,9478,0,3
15041,9478,0,3
15200,9478,0,3
15040,9478,0,3
15199,9478,0,3
14564,9479,0,3
14723,9479,0,3
14563,9479,0,3
14722,9479,0,3
14721,9479,0,3
14882,9479,0,3
14881,9479,0,3
14881,9480,2,1
15040,9480,2,1
15199,9480,2,1
14880,9480,2,1
15039,9480,2,1
15198,9480,2,1
15038,9480,2,1
15041,9482,0,3
15200,9482,0,3
15040,9482,0,3
15199,9482,0,3
15039,9482,0,3
15198,9482,0,3
14564,9483,0,3
14723,9483,0,3
14563,9483,0,3
14722,9483,0,3
14882,9483,0,3
14881,9483,0,3
14882,9484,0,3
15041,9484,0,3
14881,9484,0,3
15040,9484,0,3
14724,9485,1,2
14723,9485,1,2
14883,9485,1,2
14882,9485,1,2
14566,9486,0,3
14725,9486,0,3
14565,9486,0,3
14724,9486,0,3
14564,9486,0,3
14723,9486,0,3
14567,9488,2,1
14726,9488,2,1
14566,9488,2,1
14725,9488,2,1
14565,9488,2,1
14724,9488,2,1
14884,9491,1,2
14725,9491,1,2
14724,9491,1,2
14883,9491,1,2
14725,9492,0,3
14565,9492,0,3
14724,9492,0,3
14564,9492,0,3
14723,9492,0,3
14883,9493,0,3
15042,9493,0,3
14882,9493,0,3
15041,9493,0,3
14881,9493,0,3
15040,9493,0,3
14564,9495,0,3
14723,9495,0,3
14563,9495,0,3
14722,9495,0,3
14882,9495,0,3
14881,9495,0,3
14884,9499,0,3
14566,9499,0,3
14725,9499,0,3
14565,9499,0,3
14724,9499,0,3
14883,9499,0,3
14883,9500,0,3
15042,9500,0,3
14882,9500,0,3
15041,9500,0,3
15200,9500,0,3
14881,9500,0,3
15040,9500,0,3
14884,9501,1,2
14725,9501,1,2
14724,9501,1,2
14723,9501,1,2
14883,9501,1,2
14882,9501,1,2
14722,9502,0,3
14882,9502,0,3
15041,9502,0,3
14881,9502,0,3
15040,9502,0,3
14884,9503,1,2
14725,9503,1,2
14724,9503,1,2
14883,9503,1,2
14373,9509,0,3
14372,9509,0,3
14214,9509,0,3
14054,9509,0,3
14213,9509,0,3
14212,9509,0,3
14371,9509,0,3
14373,9514,0,3
14372,9514,0,3
14214,9514,0,3
14213,9514,0,3
14212,9514,0,3
14371,9514,0,3
13895,9523,0,3
13894,9523,0,3
13893,9523,0,3
13736,9523,0,3
13735,9523,0,3
13734,9523,0,3
13894,9525,0,3
14053,9525,0,3
13893,9525,0,3
14052,9525,0,3
13896,9531,0,3
14055,9531,0,3
13895,9531,0,3
14054,9531,0,3
13896,9534,0,3
14055,9534,0,3
14214,9534,0,3
13895,9534,0,3
14054,9534,0,3
14213,9534,0,3
14054,9537,0,3
14213,9537,0,3
14053,9537,0,3
14212,9537,0,3
14215,9561,1,2
14373,9561,1,2
14372,9561,1,2
14055,9561,1,2
14214,9561,1,2
14213,9561,1,2
14053,9571,0,3
14212,9571,0,3
14052,9571,0,3
14211,9571,0,3
14054,9575,0,3
14213,9575,0,3
14053,9575,0,3
14212,9575,0,3
14052,9575,0,3
14211,9575,0,3
14053,9591,0,3
14212,9591,0,3
14052,9591,0,3
14211,9591,0,3
14372,9593,0,3
14213,9593,0,3
14212,9593,0,3
14371,9593,0,3
14053,9596,0,3
14212,9596,0,3
14052,9596,0,3
14211,9596,0,3
14053,9597,0,3
14212,9597,0,3
14052,9597,0,3
14211,9597,0,3
13894,9620,1,2
13893,9620,1,2
13735,9620,1,2
13734,9620,1,2
14372,9622,0,3
14213,9622,0,3
14212,9622,0,3
14371,9622,0,3
14370,9622,0,3
14211,9622,0,3
14053,9630,1,2
14212,9630,1,2
14052,9630,1,2
14211,9630,1,2
13896,9634,0,3
13737,9634,0,3
13895,9634,0,3
13894,9634,0,3
13736,9634,0,3
13735,9634,0,3
14054,9638,0,3
14213,9638,0,3
14053,9638,0,3
14212,9638,0,3
14054,9639,0,3
14213,9639,0,3
14053,9639,0,3
14212,9639,0,3
14052,9639,0,3
14371,9639,0,3
14211,9639,0,3
13895,9645,0,3
14054,9645,0,3
14213,9645,0,3
13894,9645,0,3
14053,9645,0,3
14212,9645,0,3
13895,9646,0,3
14054,9646,0,3
14213,9646,0,3
13894,9646,0,3
14053,9646,0,3
14212,9646,0,3
13894,9650,0,3
13893,9650,0,3
13734,9650,0,3
13892,9650,0,3
13733,9650,0,3
14372,9656,0,3
14213,9656,0,3
14212,9656,0,3
14371,9656,0,3
14212,9657,0,3
14371,9657,0,3
14370,9657,0,3
14211,9657,0,3
13895,9660,0,3
13894,9660,0,3
13736,9660,0,3
13735,9660,0,3
13895,9665,0,3
13894,9665,0,3
13736,9665,0,3
13735,9665,0,3
14372,9666,0,3
14213,9666,0,3
14212,9666,0,3
14371,9666,0,3
14370,9666,0,3
14211,9666,0,3
14054,9667,0,3
13894,9667,0,3
14053,9667,0,3
14212,9667,0,3
13893,9667,0,3
14052,9667,0,3
14211,9667,0,3
13895,9678,0,3
14054,9678,0,3
13894,9678,0,3
14053,9678,0,3
13736,9678,0,3
13735,9678,0,3
13894,9692,0,3
14053,9692,0,3
14212,9692,0,3
13893,9692,0,3
14052,9692,0,3
14211,9692,0,3
13894,9695,2,1
14053,9695,2,1
14212,9695,2,1
13893,9695,2,1
14052,9695,2,1
14211,9695,2,1
14053,9698,0,3
14212,9698,0,3
14052,9698,0,3
14211,9698,0,3
13896,9701,0,3
14055,9701,0,3
13895,9701,0,3
14054,9701,0,3
13894,9701,0,3
14053,9701,0,3
13895,9708,0,3
14054,9708,0,3
13894,9708,0,3
14053,9708,0,3
13736,9708,0,3
13735,9708,0,3
14373,9710,1,2
14372,9710,1,2
14214,9710,1,2
14213,9710,1,2
14372,9718,0,3
14054,9718,0,3
14213,9718,0,3
14053,9718,0,3
14212,9718,0,3
13895,9719,0,3
13894,9719,0,3
13736,9719,0,3
13735,9719,0,3
14055,9720,0,3
14214,9720,0,3
14054,9720,0,3
14213,9720,0,3
14053,9720,0,3
14212,9720,0,3
13895,9722,0,3
13894,9722,0,3
13893,9722,0,3
13736,9722,0,3
13735,9722,0,3
13734,9722,0,3
13895,9733,0,3
13894,9733,0,3
13736,9733,0,3
13735,9733,0,3
13894,9734,0,3
13893,9734,0,3
13736,9734,0,3
13576,9734,0,3
13735,9734,0,3
13734,9734,0,3
14373,9735,0,3
14372,9735,0,3
14055,9735,0,3
14214,9735,0,3
14054,9735,0,3
14213,9735,0,3
13895,9737,0,3
13894,9737,0,3
13577,9737,0,3
13736,9737,0,3
13576,9737,0,3
13735,9737,0,3
13894,9740,0,3
14053,9740,0,3
13893,9740,0,3
14052,9740,0,3
14055,9741,0,3
14214,9741,0,3
14054,9741,0,3
14213,9741,0,3
14053,9741,0,3
14212,9741,0,3
13895,9742,0,3
13894,9742,0,3
13893,9742,0,3
13736,9742,0,3
13735,9742,0,3
13895,9750,0,3
13894,9750,0,3
13736,9750,0,3
13735,9750,0,3
14372,9764,0,3
14054,9764,0,3
14213,9764,0,3
14053,9764,0,3
14212,9764,0,3
14371,9764,0,3
14372,9765,0,3
14055,9765,0,3
14214,9765,0,3
14054,9765,0,3
14213,9765,0,3
14212,9765,0,3
13895,9766,0,3
14054,9766,0,3
13894,9766,0,3
14053,9766,0,3
13736,9766,0,3
13735,9766,0,3
14054,9771,0,3
14213,9771,0,3
14053,9771,0,3
14212,9771,0,3
14212,9772,0,3
14371,9772,0,3
14370,9772,0,3
14211,9772,0,3
14212,9776,1,2
14371,9776,1,2
14530,9776,1,2
14370,9776,1,2
14529,9776,1,2
14211,9776,1,2
14372,9777,0,3
14213,9777,0,3
14212,9777,0,3
14371,9777,0,3
14055,9778,0,3
13895,9778,0,3
14054,9778,0,3
14213,9778,0,3
13894,9778,0,3
14053,9778,0,3
13896,9779,0,3
13737,9779,0,3
14055,9779,0,3
13895,9779,0,3
14054,9779,0,3
13736,9779,0,3
14054,9780,0,3
14213,9780,0,3
14053,9780,0,3
14212,9780,0,3
14055,9781,0,3
14214,9781,0,3
14054,9781,0,3
14213,9781,0,3
14053,9781,0,3
14212,9781,0,3
14055,9783,0,3
14214,9783,0,3
14054,9783,0,3
14213,9783,0,3
14372,9786,0,3
14214,9786,0,3
14054,9786,0,3
14213,9786,0,3
14053,9786,0,3
14212,9786,0,3
14371,9786,0,3
13894,9791,1,2
14053,9791,1,2
13893,9791,1,2
14052,9791,1,2
13734,9791,1,2
13892,9791,1,2
14051,9791,1,2
14372,9795,0,3
14213,9795,0,3
14212,9795,0,3
14371,9795,0,3
14370,9795,0,3
14211,9795,0,3
13895,9800,0,3
14054,9800,0,3
13894,9800,0,3
14053,9800,0,3
13893,9800,0,3
14052,9800,0,3
14373,9801,1,2
14372,9801,1,2
14214,9801,1,2
14213,9801,1,2
14373,9803,0,3
14372,9803,0,3
14055,9803,0,3
14214,9803,0,3
14054,9803,0,3
14213,9803,0,3
14212,9803,0,3
13894,9811,2,1
13893,9811,2,1
13735,9811,2,1
13734,9811,2,1
13892,9811,2,1
13733,9811,2,1
11522,9813,0,3
11681,9813,0,3
11521,9813,0,3
11680,9813,0,3
11365,9817,0,3
11524,9817,0,3
11683,9817,0,3
11364,9817,0,3
11523,9817,0,3
11682,9817,0,3
10086,9820,0,3
10245,9820,0,3
10085,9820,0,3
10244,9820,0,3
10084,9820,0,3
11843,9826,0,3
11684,9826,0,3
11683,9826,0,3
11842,9826,0,3
11841,9826,0,3
11682,9826,0,3
11366,9827,0,3
11525,9827,0,3
11365,9827,0,3
11524,9827,0,3
11367,9831,1,2
11526,9831,1,2
11366,9831,1,2
11525,9831,1,2
11205,9832,0,3
11364,9832,0,3
11523,9832,0,3
11204,9832,0,3
11363,9832,0,3
11522,9832,0,3
11841,9833,0,3
12000,9833,0,3
11840,9833,0,3
11999,9833,0,3
10884,9834,0,3
10725,9834,0,3
10883,9834,0,3
10724,9834,0,3
11367,9836,0,3
11526,9836,0,3
11366,9836,0,3
11525,9836,0,3
11365,9836,0,3
11524,9836,0,3
11204,9840,0,3
11363,9840,0,3
11203,9840,0,3
11362,9840,0,3
11366,9843,0,3
11525,9843,0,3
11365,9843,0,3
11524,9843,0,3
10565,9847,0,3
10724,9847,0,3
10564,9847,0,3
10723,9847,0,3
11367,9848,1,2
11526,9848,1,2
11366,9848,1,2
11525,9848,1,2
10568,9850,0,3
10727,9850,0,3
10567,9850,0,3
10726,9850,0,3
10566,9850,0,3
10725,9850,0,3
10886,9852,0,3
11045,9852,0,3
11204,9852,0,3
10885,9852,0,3
11044,9852,0,3
11203,9852,0,3
11043,9852,0,3
11524,9854,0,3
11683,9854,0,3
11364,9854,0,3
11523,9854,0,3
11682,9854,0,3
10566,9856,0,3
10725,9856,0,3
10565,9856,0,3
10724,9856,0,3
11367,9857,1,2
11526,9857,1,2
11366,9857,1,2
11525,9857,1,2
11365,9857,1,2
11524,9857,1,2
10886,9860,0,3
11045,9860,0,3
10885,9860,0,3
11044,9860,0,3
10884,9860,0,3
11043,9860,0,3
11045,9867,0,3
11204,9867,0,3
11363,9867,0,3
11044,9867,0,3
11203,9867,0,3
11362,9867,0,3
11202,9867,0,3
11524,9869,0,3
11683,9869,0,3
11523,9869,0,3
11682,9869,0,3
11522,9869,0,3
11681,9869,0,3
11842,9870,0,3
12001,9870,0,3
11841,9870,0,3
12000,9870,0,3
11840,9870,0,3
11999,9870,0,3
11841,9871,0,3
12000,9871,0,3
11840,9871,0,3
11999,9871,0,3
11839,9871,0,3
11998,9871,0,3
15004,9882,0,3
15163,9882,0,3
15003,9882,0,3
15162,9882,0,3
15476,9883,0,3
15475,9883,0,3
15158,9883,0,3
15317,9883,0,3
15157,9883,0,3
15316,9883,0,3
15004,9886,0,3
15163,9886,0,3
15003,9886,0,3
15162,9886,0,3
14845,9886,0,3
14844,9886,0,3
14997,9887,0,3
14996,9887,0,3
14679,9887,0,3
14838,9887,0,3
14678,9887,0,3
14837,9887,0,3
14997,9888,0,3
14680,9888,0,3
14839,9888,0,3
14679,9888,0,3
14838,9888,0,3
14678,9888,0,3
14837,9888,0,3
15004,9900,0,3
15163,9900,0,3
15003,9900,0,3
15162,9900,0,3
14845,9900,0,3
14844,9900,0,3
14998,9905,0,3
15157,9905,0,3
14997,9905,0,3
15156,9905,0,3
14090,9922,0,3
14249,9922,0,3
14248,9922,0,3
14247,9922,0,3
14089,9922,0,3
14088,9922,0,3
14247,9925,0,3
14406,9925,0,3
14246,9925,0,3
14405,9925,0,3
14245,9925,0,3
14404,9925,0,3
14681,9926,0,3
14840,9926,0,3
14680,9926,0,3
14839,9926,0,3
14679,9926,0,3
14838,9926,0,3
14680,9927,0,3
14839,9927,0,3
14679,9927,0,3
14838,9927,0,3
14246,9928,0,3
14405,9928,0,3
14245,9928,0,3
14404,9928,0,3
14247,9931,0,3
14406,9931,0,3
14246,9931,0,3
14405,9931,0,3
14088,9931,0,3
14087,9931,0,3
14246,9932,0,3
14405,9932,0,3
14245,9932,0,3
14404,9932,0,3
14244,9932,0,3
14403,9932,0,3
14248,9938,0,3
14407,9938,0,3
14247,9938,0,3
14406,9938,0,3
14247,9939,0,3
14406,9939,0,3
14246,9939,0,3
14405,9939,0,3
14245,9939,0,3
14404,9939,0,3
14247,9941,0,3
14246,9941,0,3
14088,9941,0,3
14087,9941,0,3
13931,9943,0,3
14090,9943,0,3
14249,9943,0,3
14248,9943,0,3
13930,9943,0,3
14089,9943,0,3
14247,9946,0,3
14406,9946,0,3
14246,9946,0,3
14405,9946,0,3
14245,9946,0,3
14404,9946,0,3
14408,9947,0,3
14567,9947,0,3
14407,9947,0,3
14566,9947,0,3
14406,9947,0,3
14565,9947,0,3
14407,9950,0,3
14566,9950,0,3
14406,9950,0,3
14565,9950,0,3
14245,9951,0,3
14404,9951,0,3
14244,9951,0,3
14403,9951,0,3
14246,9955,0,3
14405,9955,0,3
14245,9955,0,3
14404,9955,0,3
14680,9957,0,3
14839,9957,0,3
14679,9957,0,3
14838,9957,0,3
14248,9959,0,3
14407,9959,0,3
14247,9959,0,3
14406,9959,0,3
14246,9959,0,3
14406,9960,0,3
14246,9960,0,3
14405,9960,0,3
14564,9960,0,3
14404,9960,0,3
14563,9960,0,3
14247,9963,0,3
14406,9963,0,3
14565,9963,0,3
14246,9963,0,3
14405,9963,0,3
14564,9963,0,3
14406,9969,0,3
14246,9969,0,3
14405,9969,0,3
14564,9969,0,3
14404,9969,0,3
14563,9969,0,3
14246,9970,0,3
14405,9970,0,3
14564,9970,0,3
14245,9970,0,3
14404,9970,0,3
14563,9970,0,3
14680,9972,0,3
14839,9972,0,3
14679,9972,0,3
14838,9972,0,3
14248,9973,0,3
14247,9973,0,3
13930,9973,0,3
14089,9973,0,3
13929,9973,0,3
14088,9973,0,3
15004,9974,0,3
15003,9974,0,3
14845,9974,0,3
14844,9974,0,3
14248,9975,0,3
14247,9975,0,3
14089,9975,0,3
14088,9975,0,3
14090,9977,0,3
14249,9977,0,3
14248,9977,0,3
14407,9977,0,3
14247,9977,0,3
14089,9977,0,3
14248,9979,0,3
14247,9979,0,3
14089,9979,0,3
14088,9979,0,3
14087,9979,0,3
14246,9981,0,3
14405,9981,0,3
14245,9981,0,3
14404,9981,0,3
15004,9985,1,2
15163,9985,1,2
15003,9985,1,2
15162,9985,1,2
14248,9986,0,3
14247,9986,0,3
14089,9986,0,3
14088,9986,0,3
14246,9990,0,3
14405,9990,0,3
14245,9990,0,3
14404,9990,0,3
14247,9991,0,3
14406,9991,0,3
14246,9991,0,3
14405,9991,0,3
14090,9995,0,3
14249,9995,0,3
14248,9995,0,3
14247,9995,0,3
14089,9995,0,3
14088,9995,0,3
14246,9996,0,3
14405,9996,0,3
14245,9996,0,3
14404,9996,0,3
14244,9996,0,3
14403,9996,0,3
14248,10000,0,3
14407,10000,0,3
14247,10000,0,3
14406,10000,0,3
14089,10000,0,3
14088,10000,0,3
15475,10002,0,3
15474,10002,0,3
15317,10002,0,3
15157,10002,0,3
15316,10002,0,3
15156,10002,0,3
15315,10002,0,3
14406,10003,0,3
14565,10003,0,3
14405,10003,0,3
14564,10003,0,3
14404,10003,0,3
14563,10003,0,3
13931,10005,0,3
14090,10005,0,3
14248,10005,0,3
13930,10005,0,3
14089,10005,0,3
13929,10005,0,3
14088,10005,0,3
14246,10006,0,3
14405,10006,0,3
14245,10006,0,3
14404,10006,0,3
15004,10010,0,3
15163,10010,0,3
15003,10010,0,3
15162,10010,0,3
14845,10010,0,3
14844,10010,0,3
14246,10011,0,3
14405,10011,0,3
14087,10011,0,3
14245,10011,0,3
14404,10011,0,3
14086,10011,0,3
14408,10012,0,3
14248,10012,0,3
14407,10012,0,3
14566,10012,0,3
14406,10012,0,3
14565,10012,0,3
14407,10016,0,3
14566,10016,0,3
14406,10016,0,3
14565,10016,0,3
14405,10016,0,3
14564,10016,0,3
14247,10017,0,3
14406,10017,0,3
14246,10017,0,3
14405,10017,0,3
14245,10017,0,3
14404,10017,0,3
14248,10021,0,3
14247,10021,0,3
13930,10021,0,3
14089,10021,0,3
13929,10021,0,3
14088,10021,0,3
14246,10025,0,3
14405,10025,0,3
14245,10025,0,3
14404,10025,0,3
14248,10027,0,3
14247,10027,0,3
14089,10027,0,3
14088,10027,0,3
14248,10031,0,3
14247,10031,0,3
14246,10031,0,3
14088,10031,0,3
14087,10031,0,3
14407,10034,0,3
14566,10034,0,3
14406,10034,0,3
14565,10034,0,3
14405,10034,0,3
14564,10034,0,3
14998,10035,0,3
14997,10035,0,3
14680,10035,0,3
14839,10035,0,3
14679,10035,0,3
14838,10035,0,3
14407,10036,0,3
14566,10036,0,3
14247,10036,0,3
14406,10036,0,3
14565,10036,0,3
14405,10036,0,3
14564,10036,0,3
15004,10041,0,3
15163,10041,0,3
15003,10041,0,3
15162,10041,0,3
14247,10042,0,3
14406,10042,0,3
14565,10042,0,3
14246,10042,0,3
14405,10042,0,3
14564,10042,0,3
14090,10046,0,3
14249,10046,0,3
14248,10046,0,3
14247,10046,0,3
13930,10046,0,3
14089,10046,0,3
14088,10046,0,3
14248,10054,0,3
14407,10054,0,3
14247,10054,0,3
14406,10054,0,3
14089,10054,0,3
14088,10054,0,3
15159,10058,0,3
15318,10058,0,3
15158,10058,0,3
15317,10058,0,3
15157,10058,0,3
15316,10058,0,3
14248,10063,0,3
14407,10063,0,3
14566,10063,0,3
14247,10063,0,3
14406,10063,0,3
14565,10063,0,3
14408,10067,0,3
14567,10067,0,3
14407,10067,0,3
14566,10067,0,3
14406,10067,0,3
14998,10070,0,3
14997,10070,0,3
15156,10070,0,3
14996,10070,0,3
14839,10070,0,3
14838,10070,0,3
14837,10070,0,3
14247,10072,0,3
14406,10072,0,3
14246,10072,0,3
14405,10072,0,3
14088,10072,0,3
14087,10072,0,3
15004,10076,1,2
15163,10076,1,2
15003,10076,1,2
15162,10076,1,2
14408,10079,0,3
14567,10079,0,3
14248,10079,0,3
14407,10079,0,3
14566,10079,0,3
14406,10079,0,3
14248,10082,0,3
14407,10082,0,3
14566,10082,0,3
14247,10082,0,3
14406,10082,0,3
14565,10082,0,3
14405,10082,0,3
13931,10087,0,3
14090,10087,0,3
14249,10087,0,3
14248,10087,0,3
13930,10087,0,3
14089,10087,0,3
14088,10087,0,3
14248,10089,0,3
14247,10089,0,3
14246,10089,0,3
14089,10089,0,3
14088,10089,0,3
14087,10089,0,3
14246,10092,0,3
14405,10092,0,3
14245,10092,0,3
14404,10092,0,3
14244,10092,0,3
14403,10092,0,3
14249,10093,0,3
14408,10093,0,3
14248,10093,0,3
14407,10093,0,3
14566,10093,0,3
14406,10093,0,3
14245,10096,1,2
14404,10096,1,2
14244,10096,1,2
14403,10096,1,2
14247,10097,0,3
14406,10097,0,3
14565,10097,0,3
14246,10097,0,3
14405,10097,0,3
14564,10097,0,3
14246,10099,0,3
14405,10099,0,3
14245,10099,0,3
14404,10099,0,3
14248,10101,0,3
14407,10101,0,3
14247,10101,0,3
14406,10101,0,3
14090,10103,0,3
14249,10103,0,3
14408,10103,0,3
14248,10103,0,3
14407,10103,0,3
14247,10103,0,3
14089,10103,0,3
14090,10108,0,3
14249,10108,0,3
14248,10108,0,3
14247,10108,0,3
14089,10108,0,3
14088,10108,0,3
14248,10112,0,3
14407,10112,0,3
14247,10112,0,3
14406,10112,0,3
14246,10112,0,3
14405,10112,0,3
15004,10113,0,3
15163,10113,0,3
15003,10113,0,3
15162,10113,0,3
15002,10113,0,3
14844,10113,0,3
14247,10115,0,3
14406,10115,0,3
14246,10115,0,3
14405,10115,0,3
14088,10115,0,3
14087,10115,0,3
14090,10120,0,3
14249,10120,0,3
14408,10120,0,3
14248,10120,0,3
14407,10120,0,3
14247,10120,0,3
14089,10120,0,3
14246,10125,0,3
14405,10125,0,3
14245,10125,0,3
14404,10125,0,3
14246,10127,0,3
14405,10127,0,3
14245,10127,0,3
14404,10127,0,3
14244,10127,0,3
14403,10127,0,3
15004,10128,0,3
15163,10128,0,3
15003,10128,0,3
15162,10128,0,3
15002,10128,0,3
14248,10130,0,3
14247,10130,0,3
14089,10130,0,3
14088,10130,0,3
15475,10133,0,3
15158,10133,0,3
15317,10133,0,3
15157,10133,0,3
15316,10133,0,3
15156,10133,0,3
15315,10133,0,3
14247,10135,0,3
14406,10135,0,3
14565,10135,0,3
14246,10135,0,3
14405,10135,0,3
14564,10135,0,3
14404,10135,0,3
15475,10136,1,2
15474,10136,1,2
15317,10136,1,2
15157,10136,1,2
15316,10136,1,2
15156,10136,1,2
15315,10136,1,2
14248,10137,0,3
14247,10137,0,3
14089,10137,0,3
14088,10137,0,3
14248,10139,0,3
14247,10139,0,3
14406,10139,0,3
14246,10139,0,3
14088,10139,0,3
14087,10139,0,3
14090,10142,0,3
14248,10142,0,3
14247,10142,0,3
13930,10142,0,3
14089,10142,0,3
13929,10142,0,3
14088,10142,0,3
14405,10143,0,3
14564,10143,0,3
14404,10143,0,3
14563,10143,0,3
14407,10147,0,3
14566,10147,0,3
14406,10147,0,3
14565,10147,0,3
14246,10149,0,3
14405,10149,0,3
14245,10149,0,3
14404,10149,0,3
14247,10152,0,3
14406,10152,0,3
14246,10152,0,3
14405,10152,0,3
14245,10152,0,3
14404,10152,0,3
14248,10157,0,3
14407,10157,0,3
14566,10157,0,3
14406,10157,0,3
14565,10157,0,3
14090,10158,0,3
14249,10158,0,3
14248,10158,0,3
14247,10158,0,3
14089,10158,0,3
14088,10158,0,3
14247,10160,0,3
14406,10160,0,3
14246,10160,0,3
14405,10160,0,3
14088,10160,0,3
14087,10160,0,3
14246,10162,0,3
14405,10162,0,3
14564,10162,0,3
14245,10162,0,3
14404,10162,0,3
14563,10162,0,3
14406,10163,0,3
14565,10163,0,3
14405,10163,0,3
14564,10163,0,3
14404,10163,0,3
14563,10163,0,3
14247,10169,0,3
14406,10169,0,3
14246,10169,0,3
14405,10169,0,3
14564,10169,0,3
14404,10169,0,3
14246,10170,0,3
14405,10170,0,3
14245,10170,0,3
14404,10170,0,3
14244,10170,0,3
14403,10170,0,3
14247,10172,0,3
14406,10172,0,3
14246,10172,0,3
14405,10172,0,3
14408,10173,0,3
14567,10173,0,3
14248,10173,0,3
14407,10173,0,3
14566,10173,0,3
14245,10174,2,1
14404,10174,2,1
14244,10174,2,1
14403,10174,2,1
14407,10180,0,3
14566,10180,0,3
14406,10180,0,3
14565,10180,0,3
14247,10183,0,3
14406,10183,0,3
14246,10183,0,3
14405,10183,0,3
14088,10183,0,3
14087,10183,0,3
14247,10186,0,3
14406,10186,0,3
14565,10186,0,3
14246,10186,0,3
14405,10186,0,3
14564,10186,0,3
14248,10187,0,3
14407,10187,0,3
14247,10187,0,3
14406,10187,0,3
14247,10190,0,3
14406,10190,0,3
14246,10190,0,3
14405,10190,0,3
14247,10192,0,3
14406,10192,0,3
14246,10192,0,3
14405,10192,0,3
13930,10193,0,3
14089,10193,0,3
13929,10193,0,3
14088,10193,0,3
14246,10194,0,3
14405,10194,0,3
14245,10194,0,3
14404,10194,0,3
14244,10194,0,3
14403,10194,0,3
14407,10204,0,3
14566,10204,0,3
14406,10204,0,3
14565,10204,0,3
14405,10204,0,3
14248,10208,0,3
14407,10208,0,3
14566,10208,0,3
14247,10208,0,3
14406,10208,0,3
14565,10208,0,3
14248,10211,0,3
14407,10211,0,3
14247,10211,0,3
14406,10211,0,3
14407,10213,0,3
14566,10213,0,3
14406,10213,0,3
14565,10213,0,3
14246,10215,0,3
14405,10215,0,3
14564,10215,0,3
14245,10215,0,3
14404,10215,0,3
14563,10215,0,3
14403,10215,0,3
14407,10217,0,3
14566,10217,0,3
14406,10217,0,3
14565,10217,0,3
14405,10217,0,3
14564,10217,0,3
14248,10219,0,3
14247,10219,0,3
13930,10219,0,3
14089,10219,0,3
13929,10219,0,3
14088,10219,0,3
14248,10222,0,3
14247,10222,0,3
13930,10222,0,3
14089,10222,0,3
13929,10222,0,3
14088,10222,0,3
14087,10222,0,3
14248,10224,0,3
14407,10224,0,3
14247,10224,0,3
14406,10224,0,3
14247,10226,0,3
14406,10226,0,3
14246,10226,0,3
14405,10226,0,3
14088,10226,0,3
14087,10226,0,3
14090,10227,0,3
14249,10227,0,3
14248,10227,0,3
14089,10227,0,3
14406,10228,0,3
14565,10228,0,3
14405,10228,0,3
14564,10228,0,3
14090,10232,0,3
14249,10232,0,3
14248,10232,0,3
14247,10232,0,3
14089,10232,0,3
14088,10232,0,3
14247,10235,0,3
14406,10235,0,3
14246,10235,0,3
14405,10235,0,3
14245,10235,0,3
14404,10235,0,3
14247,10236,0,3
14406,10236,0,3
14246,10236,0,3
14405,10236,0,3
14245,10236,0,3
14404,10236,0,3
14090,10237,0,3
14249,10237,0,3
14248,10237,0,3
13930,10237,0,3
14089,10237,0,3
14088,10237,0,3
14246,10238,0,3
14405,10238,0,3
14245,10238,0,3
14404,10238,0,3
14246,10240,0,3
14405,10240,0,3
14245,10240,0,3
14404,10240,0,3
14244,10240,0,3
14403,10240,0,3
14998,10243,0,3
14997,10243,0,3
14996,10243,0,3
14839,10243,0,3
14838,10243,0,3
14837,10243,0,3
14407,10244,0,3
14566,10244,0,3
14406,10244,0,3
14565,10244,0,3
14405,10244,0,3
14564,10244,0,3
14246,10246,0,3
14405,10246,0,3
14245,10246,0,3
14404,10246,0,3
14248,10247,0,3
14407,10247,0,3
14247,10247,0,3
14406,10247,0,3
14565,10247,0,3
14246,10247,0,3
14405,10247,0,3
14090,10251,0,3
14249,10251,0,3
14248,10251,0,3
14247,10251,0,3
14089,10251,0,3
14088,10251,0,3
14408,10255,0,3
14567,10255,0,3
14407,10255,0,3
14566,10255,0,3
14406,10255,0,3
14565,10255,0,3
15004,10256,0,3
15163,10256,0,3
15003,10256,0,3
15162,10256,0,3
14248,10258,0,3
14247,10258,0,3
13930,10258,0,3
14089,10258,0,3
13929,10258,0,3
14088,10258,0,3
14408,10260,0,3
14567,10260,0,3
14248,10260,0,3
14407,10260,0,3
14566,10260,0,3
14406,10260,0,3
14249,10262,0,3
14248,10262,0,3
14407,10262,0,3
14247,10262,0,3
14406,10262,0,3
14089,10262,0,3
14406,10264,0,3
14565,10264,0,3
14405,10264,0,3
14564,10264,0,3
14407,10267,0,3
14566,10267,0,3
14247,10267,0,3
14406,10267,0,3
14565,10267,0,3
14405,10267,0,3
14407,10268,0,3
14247,10268,0,3
14406,10268,0,3
14565,10268,0,3
14246,10268,0,3
14405,10268,0,3
14564,10268,0,3
14247,10271,0,3
14246,10271,0,3
14088,10271,0,3
14087,10271,0,3
14246,10272,0,3
14405,10272,0,3
14245,10272,0,3
14404,10272,0,3
14405,10276,0,3
14564,10276,0,3
14404,10276,0,3
14563,10276,0,3
14403,10276,0,3
14562,10276,0,3
14407,10278,0,3
14566,10278,0,3
14406,10278,0,3
14565,10278,0,3
14405,10278,0,3
14564,10278,0,3
14247,10280,0,3
14406,10280,0,3
14246,10280,0,3
14405,10280,0,3
14088,10280,0,3
14087,10280,0,3
14407,10282,0,3
14566,10282,0,3
14406,10282,0,3
14565,10282,0,3
14406,10283,0,3
14565,10283,0,3
14405,10283,0,3
14564,10283,0,3
14404,10283,0,3
14563,10283,0,3
14245,10285,0,3
14404,10285,0,3
14563,10285,0,3
14244,10285,0,3
14403,10285,0,3
14248,10288,0,3
14407,10288,0,3
14247,10288,0,3
14406,10288,0,3
14247,10289,0,3
14406,10289,0,3
14246,10289,0,3
14405,10289,0,3
14245,10289,0,3
14404,10289,0,3
14248,10290,0,3
14247,10290,0,3
14246,10290,0,3
14089,10290,0,3
14088,10290,0,3
14087,10290,0,3
14248,10292,0,3
14407,10292,0,3
14247,10292,0,3
14406,10292,0,3
14408,10297,0,3
14248,10297,0,3
14407,10297,0,3
14566,10297,0,3
14247,10297,0,3
14406,10297,0,3
14247,10299,0,3
14246,10299,0,3
14088,10299,0,3
14087,10299,0,3
15002,10300,0,3
15161,10300,0,3
15001,10300,0,3
15160,10300,0,3
14247,10302,0,3
14246,10302,0,3
14089,10302,0,3
13929,10302,0,3
14088,10302,0,3
14087,10302,0,3
14248,10311,0,3
14407,10311,0,3
14247,10311,0,3
14406,10311,0,3
14245,10315,0,3
14404,10315,0,3
14563,10315,0,3
14244,10315,0,3
14403,10315,0,3
14562,10315,0,3
16910,10319,0,3
16909,10319,0,3
16752,10319,0,3
16592,10319,0,3
16751,10319,0,3
16591,10319,0,3
16750,10319,0,3
15958,10320,0,3
16117,10320,0,3
15957,10320,0,3
16116,10320,0,3
15956,10320,0,3
16115,10320,0,3
15957,10324,0,3
16116,10324,0,3
16275,10324,0,3
15956,10324,0,3
16115,10324,0,3
16274,10324,0,3
15956,10325,0,3
16115,10325,0,3
15955,10325,0,3
16114,10325,0,3
15954,10325,0,3
16113,10325,0,3
16430,10326,0,3
16271,10326,0,3
16270,10326,0,3
16429,10326,0,3
16593,10328,0,3
16752,10328,0,3
16592,10328,0,3
16751,10328,0,3
15955,10329,0,3
16114,10329,0,3
15954,10329,0,3
16113,10329,0,3
16431,10330,0,3
16430,10330,0,3
16113,10330,0,3
16272,10330,0,3
16112,10330,0,3
16271,10330,0,3
16270,10330,0,3
16431,10332,0,3
16590,10332,0,3
16430,10332,0,3
16589,10332,0,3
16432,10335,0,3
16431,10335,0,3
16430,10335,0,3
16273,10335,0,3
16272,10335,0,3
16271,10335,0,3
16431,10336,0,3
16273,10336,0,3
16113,10336,0,3
16272,10336,0,3
16112,10336,0,3
16271,10336,0,3
15799,10337,2,1
15958,10337,2,1
15957,10337,2,1
15798,10337,2,1
15957,10339,0,3
16116,10339,0,3
15956,10339,0,3
16115,10339,0,3
15798,10339,0,3
15797,10339,0,3
16432,10340,0,3
16591,10340,0,3
16431,10340,0,3
16590,10340,0,3
16749,10340,0,3
16430,10340,0,3
16589,10340,0,3
16113,10341,0,3
16272,10341,0,3
16112,10341,0,3
16271,10341,0,3
16111,10341,0,3
16270,10341,0,3
16432,10342,0,3
16431,10342,0,3
16430,10342,0,3
16273,10342,0,3
16113,10342,0,3
16272,10342,0,3
16271,10342,0,3
16113,10343,0,3
16112,10343,0,3
16271,10343,0,3
16111,10343,0,3
16270,10343,0,3
16116,10344,0,3
16275,10344,0,3
16115,10344,0,3
16274,10344,0,3
16114,10344,0,3
16273,10344,0,3
15953,10346,0,3
16112,10346,0,3
15952,10346,0,3
15794,10346,0,3
15793,10346,0,3
16111,10346,0,3
15958,10348,1,2
16117,10348,1,2
15957,10348,1,2
16116,10348,1,2
15956,10348,1,2
16115,10348,1,2
15799,10349,1,2
15958,10349,1,2
16117,10349,1,2
15957,10349,1,2
16116,10349,1,2
15798,10349,1,2
15323,10350,2,1
15322,10350,2,1
15321,10350,2,1
15482,10350,2,1
15481,10350,2,1
15480,10350,2,1
15322,10351,0,3
15321,10351,0,3
15481,10351,0,3
15480,10351,0,3
16592,10352,0,3
16751,10352,0,3
16591,10352,0,3
16750,10352,0,3
16590,10352,0,3
16749,10352,0,3
15952,10354,0,3
16111,10354,0,3
15951,10354,0,3
16110,10354,0,3
16430,10356,0,3
16112,10356,0,3
16271,10356,0,3
16111,10356,0,3
16270,10356,0,3
16429,10356,0,3
16115,10357,0,3
16274,10357,0,3
16433,10357,0,3
16432,10357,0,3
16114,10357,0,3
16273,10357,0,3
16112,10358,0,3
16271,10358,0,3
16111,10358,0,3
16270,10358,0,3
16110,10358,0,3
15322,10359,0,3
15321,10359,0,3
15481,10359,0,3
15640,10359,0,3
15480,10359,0,3
15639,10359,0,3
15479,10359,0,3
16116,10360,0,3
16275,10360,0,3
16115,10360,0,3
16274,10360,0,3
16434,10360,0,3
16433,10360,0,3
16431,10361,0,3
16590,10361,0,3
16430,10361,0,3
16589,10361,0,3
16272,10361,0,3
16271,10361,0,3
16275,10362,0,3
16274,10362,0,3
16434,10362,0,3
16433,10362,0,3
16431,10363,0,3
16430,10363,0,3
16272,10363,0,3
16271,10363,0,3
15957,10364,0,3
16116,10364,0,3
15956,10364,0,3
16115,10364,0,3
15955,10364,0,3
16114,10364,0,3
15959,10365,0,3
15800,10365,0,3
15799,10365,0,3
15958,10365,0,3
15957,10365,0,3
15798,10365,0,3
16908,10366,0,3
16907,10366,0,3
16590,10366,0,3
16749,10366,0,3
16589,10366,0,3
16748,10366,0,3
15322,10367,0,3
15321,10367,0,3
15481,10367,0,3
15640,10367,0,3
15480,10367,0,3
15953,10368,0,3
16112,10368,0,3
15952,10368,0,3
16111,10368,0,3
16908,10370,0,3
16907,10370,0,3
16590,10370,0,3
16749,10370,0,3
16589,10370,0,3
16748,10370,0,3
16435,10371,0,3
16594,10371,0,3
16434,10371,0,3
16593,10371,0,3
16433,10371,0,3
16592,10371,0,3
15796,10372,0,3
15795,10372,0,3
15955,10372,0,3
15954,10372,0,3
15954,10373,0,3
16113,10373,0,3
15953,10373,0,3
16112,10373,0,3
16431,10374,0,3
16430,10374,0,3
16272,10374,0,3
16271,10374,0,3
16114,10375,0,3
16273,10375,0,3
16113,10375,0,3
16272,10375,0,3
16112,10375,0,3
16271,10375,0,3
15796,10376,0,3
15795,10376,0,3
15955,10376,0,3
16114,10376,0,3
15954,10376,0,3
16113,10376,0,3
15953,10376,0,3
16116,10377,0,3
16275,10377,0,3
16115,10377,0,3
16274,10377,0,3
16275,10378,0,3
16274,10378,0,3
16434,10378,0,3
16593,10378,0,3
16433,10378,0,3
16592,10378,0,3
15481,10379,2,1
15640,10379,2,1
15480,10379,2,1
15639,10379,2,1
15479,10379,2,1
15638,10379,2,1
15952,10380,0,3
16111,10380,0,3
15951,10380,0,3
16110,10380,0,3
15958,10384,0,3
15957,10384,0,3
16116,10384,0,3
15956,10384,0,3
16115,10384,0,3
15798,10384,0,3
16592,10385,0,3
16751,10385,0,3
16591,10385,0,3
16750,10385,0,3
16431,10386,0,3
16430,10386,0,3
16272,10386,0,3
16271,10386,0,3
16270,10386,0,3
16429,10386,0,3
16112,10387,0,3
16271,10387,0,3
16111,10387,0,3
16270,10387,0,3
16430,10389,0,3
16271,10389,0,3
16270,10389,0,3
16429,10389,0,3
15640,10391,0,3
15799,10391,0,3
15958,10391,0,3
15957,10391,0,3
15798,10391,0,3
15322,10392,0,3
15321,10392,0,3
15482,10392,0,3
15481,10392,0,3
15640,10392,0,3
15480,10392,0,3
15639,10392,0,3
15795,10394,0,3
15954,10394,0,3
16113,10394,0,3
15953,10394,0,3
16112,10394,0,3
15794,10394,0,3
16435,10395,0,3
16594,10395,0,3
16434,10395,0,3
16593,10395,0,3
16433,10395,0,3
16592,10395,0,3
16274,10396,0,3
16433,10396,0,3
16432,10396,0,3
16273,10396,0,3
16272,10396,0,3
15800,10397,0,3
15640,10397,0,3
15799,10397,0,3
15639,10397,0,3
15958,10397,0,3
15798,10397,0,3
16274,10399,0,3
16433,10399,0,3
16432,10399,0,3
16273,10399,0,3
15954,10400,0,3
16113,10400,0,3
15953,10400,0,3
16112,10400,0,3
15481,10402,0,3
15640,10402,0,3
15480,10402,0,3
15639,10402,0,3
16909,10403,0,3
16908,10403,0,3
16591,10403,0,3
16750,10403,0,3
16590,10403,0,3
16749,10403,0,3
15951,10404,0,3
16110,10404,0,3
15950,10404,0,3
16109,10404,0,3
16433,10405,0,3
16592,10405,0,3
16432,10405,0,3
16591,10405,0,3
15640,10406,0,3
15799,10406,0,3
15639,10406,0,3
15798,10406,0,3
16434,10407,0,3
16593,10407,0,3
16433,10407,0,3
16592,10407,0,3
16432,10407,0,3
16591,10407,0,3
16909,10408,0,3
16592,10408,0,3
16751,10408,0,3
16591,10408,0,3
16750,10408,0,3
16590,10408,0,3
16749,10408,0,3
15958,10409,0,3
16117,10409,0,3
16276,10409,0,3
15957,10409,0,3
16116,10409,0,3
16275,10409,0,3
16435,10412,0,3
16594,10412,0,3
16434,10412,0,3
16593,10412,0,3
16433,10412,0,3
16592,10412,0,3
16115,10414,0,3
16274,10414,0,3
16114,10414,0,3
16273,10414,0,3
16113,10414,0,3
16272,10414,0,3
15795,10415,0,3
15954,10415,0,3
15953,10415,0,3
15794,10415,0,3
16430,10417,0,3
16589,10417,0,3
16271,10417,0,3
16270,10417,0,3
16429,10417,0,3
16588,10417,0,3
16432,10418,0,3
16591,10418,0,3
16431,10418,0,3
16590,10418,0,3
16273,10418,0,3
16272,10418,0,3
16432,10419,0,3
16431,10419,0,3
16273,10419,0,3
16272,10419,0,3
15796,10420,0,3
15795,10420,0,3
15955,10420,0,3
15954,10420,0,3
15953,10420,0,3
15794,10420,0,3
15795,10421,0,3
15954,10421,0,3
16113,10421,0,3
15953,10421,0,3
16112,10421,0,3
15794,10421,0,3
16116,10423,0,3
16275,10423,0,3
16115,10423,0,3
16274,10423,0,3
16434,10423,0,3
16433,10423,0,3
16431,10424,0,3
16430,10424,0,3
16272,10424,0,3
16271,10424,0,3
16270,10424,0,3
16429,10424,0,3
15956,10426,0,3
16115,10426,0,3
15955,10426,0,3
16114,10426,0,3
15954,10426,0,3
16113,10426,0,3
15954,10428,0,3
16113,10428,0,3
16272,10428,0,3
15953,10428,0,3
16112,10428,0,3
16271,10428,0,3
16275,10429,0,3
16274,10429,0,3
16434,10429,0,3
16593,10429,0,3
16433,10429,0,3
16117,10430,1,2
16276,10430,1,2
16116,10430,1,2
16275,10430,1,2
16433,10431,0,3
16592,10431,0,3
16432,10431,0,3
16591,10431,0,3
15958,10433,0,3
16117,10433,0,3
15957,10433,0,3
16116,10433,0,3
15956,10433,0,3
16115,10433,0,3
15953,10436,0,3
16112,10436,0,3
16271,10436,0,3
15952,10436,0,3
16111,10436,0,3
16270,10436,0,3
15959,10437,0,3
15800,10437,0,3
15799,10437,0,3
15958,10437,0,3
15957,10437,0,3
15798,10437,0,3
15954,10440,0,3
16113,10440,0,3
15953,10440,0,3
16112,10440,0,3
16908,10441,0,3
16907,10441,0,3
16590,10441,0,3
16749,10441,0,3
16589,10441,0,3
16748,10441,0,3
16747,10441,0,3
16432,10443,0,3
16591,10443,0,3
16431,10443,0,3
16590,10443,0,3
16430,10443,0,3
16589,10443,0,3
16431,10444,0,3
16590,10444,0,3
16430,10444,0,3
16589,10444,0,3
16272,10444,0,3
16271,10444,0,3
15796,10445,0,3
15795,10445,0,3
15955,10445,0,3
15954,10445,0,3
15953,10445,0,3
15794,10445,0,3
16116,10446,0,3
16275,10446,0,3
16115,10446,0,3
16274,10446,0,3
15955,10449,0,3
16114,10449,0,3
15954,10449,0,3
16113,10449,0,3
16115,10450,0,3
15955,10450,0,3
16114,10450,0,3
16273,10450,0,3
16113,10450,0,3
16272,10450,0,3
16115,10451,0,3
16274,10451,0,3
16433,10451,0,3
16432,10451,0,3
16114,10451,0,3
16273,10451,0,3
16272,10451,0,3
15481,10452,0,3
15640,10452,0,3
15480,10452,0,3
15639,10452,0,3
15479,10452,0,3
15638,10452,0,3
16432,10453,0,3
16591,10453,0,3
16431,10453,0,3
16590,10453,0,3
15323,10454,0,3
15322,10454,0,3
15321,10454,0,3
15482,10454,0,3
15481,10454,0,3
15480,10454,0,3
15956,10456,0,3
16115,10456,0,3
15955,10456,0,3
16114,10456,0,3
15954,10456,0,3
16113,10456,0,3
16434,10458,0,3
16593,10458,0,3
16433,10458,0,3
16592,10458,0,3
16432,10458,0,3
16591,10458,0,3
16435,10459,0,3
16594,10459,0,3
16434,10459,0,3
16593,10459,0,3
16433,10459,0,3
16592,10459,0,3
15956,10462,0,3
16115,10462,0,3
15955,10462,0,3
16114,10462,0,3
15481,10464,0,3
15640,10464,0,3
15799,10464,0,3
15480,10464,0,3
15639,10464,0,3
15798,10464,0,3
16590,10467,0,3
16749,10467,0,3
16589,10467,0,3
16748,10467,0,3
15952,10468,0,3
15793,10468,0,3
15792,10468,0,3
15951,10468,0,3
16592,10471,0,3
16751,10471,0,3
16591,10471,0,3
16750,10471,0,3
15955,10472,0,3
16114,10472,0,3
15954,10472,0,3
16113,10472,0,3
15953,10472,0,3
16112,10472,0,3
15481,10475,0,3
15640,10475,0,3
15480,10475,0,3
15639,10475,0,3
16909,10476,0,3
16908,10476,0,3
16907,10476,0,3
16750,10476,0,3
16749,10476,0,3
16748,10476,0,3
16432,10477,0,3
16431,10477,0,3
16114,10477,0,3
16273,10477,0,3
16113,10477,0,3
16272,10477,0,3
16271,10477,0,3
15956,10478,0,3
15796,10478,0,3
15795,10478,0,3
15955,10478,0,3
16114,10478,0,3
15954,10478,0,3
16113,10478,0,3
15958,10479,0,3
16117,10479,0,3
16276,10479,0,3
15957,10479,0,3
16116,10479,0,3
16275,10479,0,3
16434,10480,0,3
16593,10480,0,3
16752,10480,0,3
16433,10480,0,3
16592,10480,0,3
16751,10480,0,3
16908,10483,0,3
16907,10483,0,3
16750,10483,0,3
16590,10483,0,3
16749,10483,0,3
16589,10483,0,3
16748,10483,0,3
15952,10488,0,3
16111,10488,0,3
15951,10488,0,3
16110,10488,0,3
15950,10488,0,3
16109,10488,0,3
16117,10489,0,3
16276,10489,0,3
16116,10489,0,3
16275,10489,0,3
16592,10490,0,3
16751,10490,0,3
16591,10490,0,3
16750,10490,0,3
15795,10491,0,3
15954,10491,0,3
15953,10491,0,3
15794,10491,0,3
16116,10492,0,3
16275,10492,0,3
16115,10492,0,3
16274,10492,0,3
15952,10493,0,3
16111,10493,0,3
16270,10493,0,3
15951,10493,0,3
16110,10493,0,3
16269,10493,0,3
15796,10494,0,3
15795,10494,0,3
15955,10494,0,3
15954,10494,0,3
16113,10494,0,3
15953,10494,0,3
15794,10494,0,3
16110,10495,0,3
16269,10495,0,3
16109,10495,0,3
16268,10495,0,3
16909,10496,1,2
16908,10496,1,2
16750,10496,1,2
16749,10496,1,2
16432,10499,0,3
16431,10499,0,3
16273,10499,0,3
16272,10499,0,3
15796,10500,0,3
15795,10500,0,3
15955,10500,0,3
15954,10500,0,3
15953,10500,0,3
15794,10500,0,3
16431,10501,0,3
16590,10501,0,3
16430,10501,0,3
16589,10501,0,3
16908,10502,0,3
16907,10502,0,3
16590,10502,0,3
16749,10502,0,3
16589,10502,0,3
16748,10502,0,3
15953,10503,0,3
15952,10503,0,3
16111,10503,0,3
15951,10503,0,3
16110,10503,0,3
16432,10504,0,3
16431,10504,0,3
16273,10504,0,3
16272,10504,0,3
16275,10505,0,3
16274,10505,0,3
16434,10505,0,3
16433,10505,0,3
16432,10505,0,3
16273,10505,0,3
16431,10506,0,3
16430,10506,0,3
16589,10506,0,3
16272,10506,0,3
16271,10506,0,3
16270,10506,0,3
16429,10506,0,3
16430,10509,0,3
16112,10509,0,3
16271,10509,0,3
16111,10509,0,3
16270,10509,0,3
16429,10509,0,3
16590,10510,0,3
16749,10510,0,3
16589,10510,0,3
16748,10510,0,3
15322,10511,0,3
15321,10511,0,3
15481,10511,0,3
15640,10511,0,3
15480,10511,0,3
15639,10511,0,3
16433,10512,0,3
16592,10512,0,3
16432,10512,0,3
16591,10512,0,3
16431,10512,0,3
16590,10512,0,3
15953,10514,0,3
16112,10514,0,3
16271,10514,0,3
15952,10514,0,3
16111,10514,0,3
16270,10514,0,3
16431,10515,0,3
16430,10515,0,3
16272,10515,0,3
16271,10515,0,3
16270,10515,0,3
16429,10515,0,3
16271,10516,0,3
16111,10516,0,3
16270,10516,0,3
16110,10516,0,3
16269,10516,0,3
15952,10517,0,3
15793,10517,0,3
15792,10517,0,3
16111,10517,0,3
15951,10517,0,3
16110,10517,0,3
15955,10518,0,3
16114,10518,0,3
15954,10518,0,3
16113,10518,0,3
16910,10519,0,3
16909,10519,0,3
16592,10519,0,3
16751,10519,0,3
16591,10519,0,3
16750,10519,0,3
15958,10520,1,2
16117,10520,1,2
16276,10520,1,2
15957,10520,1,2
16116,10520,1,2
16275,10520,1,2
16112,10521,0,3
16271,10521,0,3
16111,10521,0,3
16270,10521,0,3
15799,10524,1,2
15958,10524,1,2
15957,10524,1,2
15798,10524,1,2
16591,10525,0,3
16750,10525,0,3
16590,10525,0,3
16749,10525,0,3
16589,10525,0,3
16748,10525,0,3
15955,10526,0,3
16114,10526,0,3
15954,10526,0,3
16113,10526,0,3
15641,10527,0,3
15800,10527,0,3
15640,10527,0,3
15799,10527,0,3
15639,10527,0,3
15958,10527,0,3
15798,10527,0,3
15322,10528,0,3
15321,10528,0,3
15481,10528,0,3
15640,10528,0,3
15480,10528,0,3
15639,10528,0,3
16114,10529,0,3
16273,10529,0,3
16113,10529,0,3
16272,10529,0,3
16112,10529,0,3
16271,10529,0,3
15957,10533,0,3
16116,10533,0,3
15956,10533,0,3
16115,10533,0,3
15795,10534,0,3
15954,10534,0,3
15953,10534,0,3
15794,10534,0,3
16432,10535,0,3
16431,10535,0,3
16114,10535,0,3
16273,10535,0,3
16113,10535,0,3
16272,10535,0,3
16432,10536,0,3
16431,10536,0,3
16114,10536,0,3
16273,10536,0,3
16113,10536,0,3
16272,10536,0,3
16113,10538,0,3
16272,10538,0,3
16112,10538,0,3
16271,10538,0,3
16909,10539,0,3
16908,10539,0,3
16907,10539,0,3
16750,10539,0,3
16749,10539,0,3
16748,10539,0,3
16430,10540,0,3
16271,10540,0,3
16270,10540,0,3
16429,10540,0,3
16117,10541,0,3
16276,10541,0,3
16116,10541,0,3
16275,10541,0,3
16115,10541,0,3
16274,10541,0,3
15952,10542,0,3
16111,10542,0,3
15951,10542,0,3
16110,10542,0,3
15799,10545,0,3
15958,10545,0,3
15957,10545,0,3
15798,10545,0,3
15955,10546,0,3
16114,10546,0,3
15954,10546,0,3
16113,10546,0,3
15953,10546,0,3
16112,10546,0,3
16116,10548,0,3
16275,10548,0,3
16115,10548,0,3
16274,10548,0,3
15956,10550,0,3
15797,10550,0,3
15796,10550,0,3
15955,10550,0,3
15799,10551,0,3
15958,10551,0,3
15957,10551,0,3
15798,10551,0,3
15482,10553,0,3
15641,10553,0,3
15481,10553,0,3
15640,10553,0,3
15480,10553,0,3
15639,10553,0,3
16432,10557,0,3
16431,10557,0,3
16114,10557,0,3
16273,10557,0,3
16113,10557,0,3
16272,10557,0,3
16117,10558,0,3
16276,10558,0,3
15957,10558,0,3
16116,10558,0,3
16275,10558,0,3
15957,10560,0,3
16116,10560,0,3
15956,10560,0,3
16115,10560,0,3
15797,10560,0,3
15952,10562,0,3
15793,10562,0,3
15792,10562,0,3
15951,10562,0,3
15953,10564,0,3
16112,10564,0,3
15952,10564,0,3
15793,10564,0,3
16111,10564,0,3
15951,10564,0,3
16433,10565,0,3
16592,10565,0,3
16432,10565,0,3
16591,10565,0,3
16750,10565,0,3
15956,10567,0,3
16115,10567,0,3
15955,10567,0,3
16114,10567,0,3
15954,10567,0,3
16113,10567,0,3
16274,10570,0,3
16434,10570,0,3
16593,10570,0,3
16433,10570,0,3
16592,10570,0,3
16432,10570,0,3
16591,10570,0,3
16432,10571,0,3
16591,10571,0,3
16431,10571,0,3
16590,10571,0,3
16433,10572,0,3
16592,10572,0,3
16432,10572,0,3
16591,10572,0,3
16431,10572,0,3
16590,10572,0,3
15482,10573,0,3
15641,10573,0,3
15481,10573,0,3
15640,10573,0,3
15480,10573,0,3
15639,10573,0,3
16117,10575,1,2
16276,10575,1,2
16116,10575,1,2
16275,10575,1,2
15796,10578,0,3
15795,10578,0,3
15955,10578,0,3
15954,10578,0,3
15641,10580,0,3
15800,10580,0,3
15640,10580,0,3
15799,10580,0,3
15639,10580,0,3
15798,10580,0,3
16910,10581,0,3
16909,10581,0,3
16751,10581,0,3
16750,10581,0,3
15958,10582,0,3
15957,10582,0,3
15956,10582,0,3
15798,10582,0,3
15797,10582,0,3
16432,10584,0,3
16591,10584,0,3
16431,10584,0,3
16590,10584,0,3
16273,10584,0,3
16272,10584,0,3
16432,10585,0,3
16591,10585,0,3
16750,10585,0,3
16431,10585,0,3
16590,10585,0,3
16749,10585,0,3
15957,10587,0,3
16116,10587,0,3
15956,10587,0,3
16115,10587,0,3
15959,10588,0,3
15800,10588,0,3
15799,10588,0,3
15958,10588,0,3
15957,10588,0,3
15798,10588,0,3
16910,10589,0,3
16909,10589,0,3
16751,10589,0,3
16750,10589,0,3
16435,10590,0,3
16594,10590,0,3
16434,10590,0,3
16593,10590,0,3
16433,10590,0,3
16592,10590,0,3
15957,10591,0,3
16116,10591,0,3
15956,10591,0,3
16115,10591,0,3
15798,10591,0,3
15797,10591,0,3
16114,10593,0,3
16273,10593,0,3
16113,10593,0,3
16272,10593,0,3
16112,10593,0,3
16271,10593,0,3
16274,10595,0,3
16433,10595,0,3
16432,10595,0,3
16273,10595,0,3
16433,10596,0,3
16592,10596,0,3
16432,10596,0,3
16591,10596,0,3
16270,10597,0,3
16269,10597,0,3
16429,10597,0,3
16588,10597,0,3
16428,10597,0,3
16587,10597,0,3
15322,10598,0,3
15321,10598,0,3
15482,10598,0,3
15481,10598,0,3
15640,10598,0,3
15480,10598,0,3
15639,10598,0,3
16275,10599,0,3
16274,10599,0,3
16434,10599,0,3
16433,10599,0,3
15482,10600,0,3
15641,10600,0,3
15481,10600,0,3
15640,10600,0,3
15799,10600,0,3
15480,10600,0,3
15639,10600,0,3
15958,10602,1,2
16117,10602,1,2
15957,10602,1,2
16116,10602,1,2
15956,10602,1,2
15798,10602,1,2
16434,10603,0,3
16593,10603,0,3
16752,10603,0,3
16433,10603,0,3
16592,10603,0,3
16751,10603,0,3
16432,10605,0,3
16591,10605,0,3
16431,10605,0,3
16590,10605,0,3
16273,10605,0,3
16272,10605,0,3
16116,10607,0,3
16275,10607,0,3
16115,10607,0,3
16274,10607,0,3
15958,10608,1,2
16117,10608,1,2
16276,10608,1,2
15957,10608,1,2
16116,10608,1,2
16275,10608,1,2
16432,10609,0,3
16431,10609,0,3
16273,10609,0,3
16272,10609,0,3
15795,10610,0,3
15954,10610,0,3
15953,10610,0,3
15952,10610,0,3
15794,10610,0,3
15793,10610,0,3
16593,10611,0,3
16752,10611,0,3
16433,10611,0,3
16592,10611,0,3
16751,10611,0,3
16591,10611,0,3
16750,10611,0,3
15956,10612,2,1
15797,10612,2,1
15796,10612,2,1
15795,10612,2,1
15955,10612,2,1
15954,10612,2,1
15795,10614,0,3
15954,10614,0,3
15953,10614,0,3
15794,10614,0,3
16113,10615,0,3
16272,10615,0,3
16112,10615,0,3
16271,10615,0,3
15796,10616,0,3
15795,10616,0,3
15955,10616,0,3
16114,10616,0,3
15954,10616,0,3
16113,10616,0,3
16432,10618,0,3
16431,10618,0,3
16273,10618,0,3
16272,10618,0,3
16275,10620,0,3
16274,10620,0,3
16434,10620,0,3
16433,10620,0,3
16432,10620,0,3
16273,10620,0,3
15481,10621,0,3
15640,10621,0,3
15799,10621,0,3
15480,10621,0,3
15639,10621,0,3
15798,10621,0,3
16434,10624,0,3
16593,10624,0,3
16752,10624,0,3
16433,10624,0,3
16592,10624,0,3
16751,10624,0,3
16432,10625,0,3
16591,10625,0,3
16431,10625,0,3
16590,10625,0,3
16590,10628,0,3
16749,10628,0,3
16589,10628,0,3
16748,10628,0,3
16433,10631,0,3
16592,10631,0,3
16432,10631,0,3
16591,10631,0,3
16431,10631,0,3
16273,10631,0,3
16275,10632,0,3
16274,10632,0,3
16434,10632,0,3
16433,10632,0,3
16592,10632,0,3
16432,10632,0,3
16273,10632,0,3
15952,10633,0,3
15793,10633,0,3
15792,10633,0,3
16111,10633,0,3
15951,10633,0,3
16110,10633,0,3
16432,10634,0,3
16431,10634,0,3
16114,10634,0,3
16273,10634,0,3
16113,10634,0,3
16272,10634,0,3
15952,10636,0,3
15793,10636,0,3
15792,10636,0,3
15951,10636,0,3
15955,10639,0,3
16114,10639,0,3
15954,10639,0,3
16113,10639,0,3
15957,10641,0,3
16116,10641,0,3
15956,10641,0,3
16115,10641,0,3
15796,10642,0,3
15795,10642,0,3
15955,10642,0,3
15954,10642,0,3
15953,10642,0,3
15794,10642,0,3
16591,10643,0,3
16750,10643,0,3
16590,10643,0,3
16749,10643,0,3
16589,10643,0,3
16748,10643,0,3
15957,10644,0,3
16116,10644,0,3
15956,10644,0,3
16115,10644,0,3
15796,10645,0,3
15795,10645,0,3
15955,10645,0,3
15954,10645,0,3
15957,10646,0,3
16116,10646,0,3
15956,10646,0,3
16115,10646,0,3
15798,10646,0,3
15797,10646,0,3
16434,10648,0,3
16593,10648,0,3
16752,10648,0,3
16433,10648,0,3
16592,10648,0,3
16751,10648,0,3
16433,10649,0,3
16432,10649,0,3
16591,10649,0,3
16431,10649,0,3
16273,10649,0,3
16272,10649,0,3
16433,10651,0,3
16592,10651,0,3
16432,10651,0,3
16591,10651,0,3
16431,10651,0,3
16590,10651,0,3
16433,10653,0,3
16592,10653,0,3
16432,10653,0,3
16591,10653,0,3
16431,10653,0,3
16590,10653,0,3
16434,10654,0,3
16593,10654,0,3
16433,10654,0,3
16592,10654,0,3
15481,10655,0,3
15640,10655,0,3
15480,10655,0,3
15639,10655,0,3
16593,10656,0,3
16752,10656,0,3
16592,10656,0,3
16751,10656,0,3
16592,10657,0,3
16432,10657,0,3
16591,10657,0,3
16750,10657,0,3
16431,10657,0,3
16590,10657,0,3
16749,10657,0,3
16274,10658,0,3
16433,10658,0,3
16592,10658,0,3
16432,10658,0,3
16591,10658,0,3
16273,10658,0,3
15641,10660,0,3
15800,10660,0,3
15640,10660,0,3
15799,10660,0,3
15639,10660,0,3
15798,10660,0,3
16430,10661,0,3
16271,10661,0,3
16270,10661,0,3
16429,10661,0,3
16434,10662,0,3
16593,10662,0,3
16433,10662,0,3
16592,10662,0,3
16433,10664,0,3
16592,10664,0,3
16432,10664,0,3
16591,10664,0,3
16431,10664,0,3
16590,10664,0,3
15481,10665,1,2
15640,10665,1,2
15799,10665,1,2
15480,10665,1,2
15639,10665,1,2
15798,10665,1,2
16115,10667,0,3
16274,10667,0,3
16114,10667,0,3
16273,10667,0,3
15795,10668,0,3
15954,10668,0,3
15953,10668,0,3
15794,10668,0,3
15952,10671,0,3
15793,10671,0,3
15792,10671,0,3
16111,10671,0,3
15951,10671,0,3
16110,10671,0,3
15950,10671,0,3
15796,10672,0,3
15795,10672,0,3
15955,10672,0,3
15954,10672,0,3
15956,10673,0,3
15797,10673,0,3
15796,10673,0,3
15955,10673,0,3
15481,10674,0,3
15640,10674,0,3
15480,10674,0,3
15639,10674,0,3
16115,10676,0,3
16114,10676,0,3
16273,10676,0,3
16113,10676,0,3
16272,10676,0,3
16114,10678,0,3
16273,10678,0,3
16113,10678,0,3
16272,10678,0,3
15953,10679,0,3
16112,10679,0,3
15952,10679,0,3
16111,10679,0,3
15951,10679,0,3
16110,10679,0,3
15956,10680,0,3
16115,10680,0,3
16274,10680,0,3
15955,10680,0,3
16114,10680,0,3
16273,10680,0,3
15955,10681,0,3
16114,10681,0,3
16273,10681,0,3
15954,10681,0,3
16113,10681,0,3
16272,10681,0,3
16112,10681,0,3
15957,10683,0,3
16116,10683,0,3
15956,10683,0,3
16115,10683,0,3
16274,10683,0,3
15955,10683,0,3
16114,10683,0,3
16275,10684,0,3
16274,10684,0,3
16434,10684,0,3
16593,10684,0,3
16433,10684,0,3
16592,10684,0,3
16434,10685,0,3
16593,10685,0,3
16433,10685,0,3
16592,10685,0,3
16751,10685,0,3
16432,10685,0,3
16591,10685,0,3
15796,10686,0,3
15795,10686,0,3
15955,10686,0,3
15954,10686,0,3
15953,10686,0,3
15794,10686,0,3
15796,10687,0,3
15795,10687,0,3
15955,10687,0,3
16114,10687,0,3
15954,10687,0,3
16113,10687,0,3
15007,10689,0,3
15006,10689,0,3
15005,10689,0,3
14848,10689,0,3
14688,10689,0,3
14847,10689,0,3
14846,10689,0,3
15167,10692,0,3
15326,10692,0,3
15166,10692,0,3
15325,10692,0,3
15325,10693,0,3
15484,10693,0,3
15483,10693,0,3
15324,10693,0,3
15323,10693,0,3
15482,10693,0,3
15006,10697,0,3
15165,10697,0,3
15324,10697,0,3
15005,10697,0,3
15164,10697,0,3
15323,10697,0,3
15168,10698,2,1
15008,10698,2,1
15167,10698,2,1
15010,10698,2,1
15009,10698,2,1
14850,10698,2,1
14849,10698,2,1
15167,10701,0,3
15326,10701,0,3
15166,10701,0,3
15325,10701,0,3
15165,10701,0,3
15324,10701,0,3
15166,10702,0,3
15325,10702,0,3
15165,10702,0,3
15324,10702,0,3
15008,10707,0,3
15007,10707,0,3
15006,10707,0,3
14849,10707,0,3
14848,10707,0,3
14847,10707,0,3
15008,10708,0,3
15167,10708,0,3
15007,10708,0,3
15166,10708,0,3
15006,10711,0,3
15165,10711,0,3
15005,10711,0,3
15164,10711,0,3
14847,10711,0,3
14846,10711,0,3
15006,10714,0,3
15165,10714,0,3
15005,10714,0,3
14847,10714,0,3
14846,10714,0,3
15006,10716,0,3
15165,10716,0,3
15005,10716,0,3
15164,10716,0,3
15165,10721,0,3
15324,10721,0,3
15164,10721,0,3
15323,10721,0,3
15959,10723,0,3
15800,10723,0,3
15799,10723,0,3
15958,10723,0,3
15008,10725,0,3
15009,10725,0,3
14850,10725,0,3
14849,10725,0,3
15483,10726,0,3
15324,10726,0,3
15323,10726,0,3
15322,10726,0,3
15482,10726,0,3
15481,10726,0,3
15008,10728,0,3
15007,10728,0,3
15006,10728,0,3
14849,10728,0,3
14848,10728,0,3
14847,10728,0,3
15164,10729,0,3
15323,10729,0,3
15163,10729,0,3
15322,10729,0,3
15007,10730,0,3
15166,10730,0,3
15006,10730,0,3
15165,10730,0,3
15483,10731,0,3
15324,10731,0,3
15323,10731,0,3
15482,10731,0,3
15006,10733,0,3
15165,10733,0,3
15005,10733,0,3
15164,10733,0,3
15168,10735,1,2
15327,10735,1,2
15010,10735,1,2
15169,10735,1,2
15328,10735,1,2
15009,10735,1,2
15168,10737,0,3
15327,10737,0,3
15167,10737,0,3
15326,10737,0,3
15166,10737,0,3
15325,10737,0,3
15008,10740,0,3
14850,10740,0,3
14690,10740,0,3
14849,10740,0,3
14689,10740,0,3
14848,10740,0,3
15166,10744,0,3
15325,10744,0,3
15165,10744,0,3
15324,10744,0,3
15164,10745,0,3
15323,10745,0,3
15163,10745,0,3
15322,10745,0,3
15006,10746,0,3
15165,10746,0,3
15324,10746,0,3
15005,10746,0,3
15164,10746,0,3
15323,10746,0,3
15008,10747,0,3
15007,10747,0,3
14849,10747,0,3
14848,10747,0,3
15168,10748,0,3
15327,10748,0,3
15167,10748,0,3
15010,10748,0,3
15169,10748,0,3
15009,10748,0,3
15008,10749,0,3
15007,10749,0,3
15006,10749,0,3
14849,10749,0,3
14848,10749,0,3
14847,10749,0,3
15323,10754,0,3
15322,10754,0,3
15482,10754,0,3
15641,10754,0,3
15481,10754,0,3
15640,10754,0,3
15007,10756,0,3
15166,10756,0,3
15006,10756,0,3
15165,10756,0,3
15005,10756,0,3
15164,10756,0,3
14371,10757,0,3
14530,10757,0,3
14370,10757,0,3
14529,10757,0,3
15166,10764,0,3
15325,10764,0,3
15165,10764,0,3
15324,10764,0,3
15164,10764,0,3
15323,10764,0,3
15008,10772,2,1
15010,10772,2,1
15009,10772,2,1
14850,10772,2,1
14849,10772,2,1
15006,10774,0,3
15165,10774,0,3
15324,10774,0,3
15005,10774,0,3
15164,10774,0,3
15323,10774,0,3
15006,10776,0,3
15005,10776,0,3
14688,10776,0,3
14847,10776,0,3
14687,10776,0,3
14846,10776,0,3
14692,10780,0,3
14851,10780,0,3
14691,10780,0,3
14850,10780,0,3
14690,10780,0,3
14849,10780,0,3
15168,10781,0,3
15327,10781,0,3
15167,10781,0,3
15326,10781,0,3
15166,10781,0,3
15168,10785,1,2
15008,10785,1,2
15167,10785,1,2
15009,10785,1,2
14850,10785,1,2
14849,10785,1,2
15005,10787,0,3
15164,10787,0,3
15004,10787,0,3
15163,10787,0,3
14846,10787,0,3
14845,10787,0,3
15008,10790,0,3
15167,10790,0,3
15007,10790,0,3
15166,10790,0,3
14849,10790,0,3
14848,10790,0,3
15164,10793,0,3
15323,10793,0,3
15163,10793,0,3
15322,10793,0,3
15482,10793,0,3
15481,10793,0,3
15005,10795,0,3
15164,10795,0,3
15323,10795,0,3
15004,10795,0,3
15163,10795,0,3
15322,10795,0,3
14530,10796,0,3
14689,10796,0,3
14848,10796,0,3
14529,10796,0,3
14688,10796,0,3
14847,10796,0,3
15010,10801,0,3
14852,10801,0,3
14692,10801,0,3
14851,10801,0,3
14691,10801,0,3
14850,10801,0,3
15007,10803,0,3
15166,10803,0,3
15006,10803,0,3
15165,10803,0,3
15005,10803,0,3
15164,10803,0,3
15005,10805,0,3
15164,10805,0,3
15004,10805,0,3
15163,10805,0,3
15483,10806,0,3
15324,10806,0,3
15323,10806,0,3
15322,10806,0,3
15482,10806,0,3
15641,10806,0,3
15481,10806,0,3
14530,10807,0,3
14689,10807,0,3
14848,10807,0,3
14529,10807,0,3
14688,10807,0,3
14847,10807,0,3
14687,10807,0,3
14690,10808,0,3
14849,10808,0,3
14689,10808,0,3
14848,10808,0,3
14688,10808,0,3
14847,10808,0,3
15005,10814,0,3
15004,10814,0,3
14846,10814,0,3
14845,10814,0,3
15010,10817,0,3
15009,10817,0,3
14692,10817,0,3
14851,10817,0,3
14691,10817,0,3
14850,10817,0,3
15166,10818,0,3
15325,10818,0,3
15165,10818,0,3
15324,10818,0,3
15164,10818,0,3
15323,10818,0,3
15005,10821,0,3
15004,10821,0,3
14846,10821,0,3
14845,10821,0,3
15007,10828,0,3
15006,10828,0,3
15005,10828,0,3
14848,10828,0,3
14688,10828,0,3
14847,10828,0,3
14846,10828,0,3
15641,10832,0,3
15800,10832,0,3
15640,10832,0,3
15799,10832,0,3
15007,10834,0,3
15006,10834,0,3
15005,10834,0,3
14848,10834,0,3
14847,10834,0,3
14846,10834,0,3
15168,10835,2,1
15008,10835,2,1
15167,10835,2,1
15010,10835,2,1
15169,10835,2,1
15009,10835,2,1
14371,10838,0,3
14530,10838,0,3
14689,10838,0,3
14370,10838,0,3
14529,10838,0,3
14688,10838,0,3
15008,10840,0,3
15167,10840,0,3
15326,10840,0,3
15007,10840,0,3
15166,10840,0,3
15325,10840,0,3
15323,10841,0,3
15322,10841,0,3
15482,10841,0,3
15481,10841,0,3
14691,10843,0,3
14850,10843,0,3
14690,10843,0,3
14849,10843,0,3
15005,10844,0,3
15004,10844,0,3
15003,10844,0,3
14846,10844,0,3
14845,10844,0,3
14844,10844,0,3
15008,10845,0,3
14850,10845,0,3
14690,10845,0,3
14849,10845,0,3
14848,10845,0,3
15168,10846,0,3
15327,10846,0,3
15167,10846,0,3
15326,10846,0,3
15483,10848,0,3
15642,10848,0,3
15482,10848,0,3
15641,10848,0,3
15481,10848,0,3
15640,10848,0,3
14529,10850,0,3
14688,10850,0,3
14847,10850,0,3
14528,10850,0,3
14687,10850,0,3
14846,10850,0,3
15959,10851,0,3
15641,10851,0,3
15800,10851,0,3
15640,10851,0,3
15799,10851,0,3
15958,10851,0,3
15641,10852,0,3
15800,10852,0,3
15640,10852,0,3
15799,10852,0,3
15168,10856,0,3
15008,10856,0,3
15167,10856,0,3
15009,10856,0,3
14850,10856,0,3
14849,10856,0,3
15168,10857,0,3
15008,10857,0,3
15167,10857,0,3
15009,10857,0,3
14850,10857,0,3
14849,10857,0,3
15007,10859,0,3
15006,10859,0,3
15165,10859,0,3
15005,10859,0,3
14848,10859,0,3
14847,10859,0,3
14846,10859,0,3
15482,10860,0,3
15641,10860,0,3
15481,10860,0,3
15640,10860,0,3
15007,10861,0,3
15006,10861,0,3
15005,10861,0,3
14848,10861,0,3
14847,10861,0,3
14846,10861,0,3
15007,10862,0,3
15166,10862,0,3
15006,10862,0,3
15165,10862,0,3
15005,10862,0,3
15164,10862,0,3
15168,10865,0,3
15327,10865,0,3
15167,10865,0,3
15326,10865,0,3
15169,10865,0,3
15328,10865,0,3
15009,10865,0,3
15006,10866,0,3
15005,10866,0,3
15004,10866,0,3
14847,10866,0,3
14846,10866,0,3
14845,10866,0,3
14372,10869,0,3
14531,10869,0,3
14371,10869,0,3
14530,10869,0,3
14370,10869,0,3
14529,10869,0,3
15008,10870,0,3
15009,10870,0,3
14850,10870,0,3
14849,10870,0,3
15006,10871,0,3
15005,10871,0,3
14688,10871,0,3
14847,10871,0,3
14687,10871,0,3
14846,10871,0,3
15008,10872,0,3
15007,10872,0,3
15009,10872,0,3
14850,10872,0,3
14849,10872,0,3
14848,10872,0,3
15959,10873,0,3
15641,10873,0,3
15800,10873,0,3
15640,10873,0,3
15799,10873,0,3
15958,10873,0,3
15168,10880,0,3
15008,10880,0,3
15167,10880,0,3
15007,10880,0,3
15166,10880,0,3
15009,10880,0,3
15007,10882,0,3
15166,10882,0,3
15325,10882,0,3
15006,10882,0,3
15165,10882,0,3
15324,10882,0,3
15325,10886,0,3
15484,10886,0,3
15483,10886,0,3
15324,10886,0,3
15323,10886,0,3
15482,10886,0,3
15008,10889,0,3
15007,10889,0,3
14690,10889,0,3
14849,10889,0,3
14689,10889,0,3
14848,10889,0,3
14371,10895,0,3
14530,10895,0,3
14370,10895,0,3
14529,10895,0,3
15005,10896,0,3
15164,10896,0,3
15004,10896,0,3
15163,10896,0,3
15168,10905,0,3
15008,10905,0,3
15167,10905,0,3
15009,10905,0,3
15008,10909,0,3
15167,10909,0,3
15007,10909,0,3
15009,10909,0,3
14850,10909,0,3
14849,10909,0,3
14848,10909,0,3
15008,10911,0,3
15007,10911,0,3
14690,10911,0,3
14849,10911,0,3
14689,10911,0,3
14848,10911,0,3
15323,10912,0,3
15322,10912,0,3
15482,10912,0,3
15481,10912,0,3
15168,10913,0,3
15008,10913,0,3
15167,10913,0,3
15010,10913,0,3
15169,10913,0,3
15009,10913,0,3
15008,10914,0,3
15007,10914,0,3
15006,10914,0,3
14849,10914,0,3
14848,10914,0,3
14847,10914,0,3
15168,10916,0,3
15008,10916,0,3
15167,10916,0,3
15007,10916,0,3
15166,10916,0,3
15009,10916,0,3
14849,10916,0,3
15323,10918,0,3
15322,10918,0,3
15482,10918,0,3
15481,10918,0,3
15006,10920,0,3
14689,10920,0,3
14848,10920,0,3
14688,10920,0,3
14847,10920,0,3
14687,10920,0,3
14846,10920,0,3
15005,10922,0,3
15164,10922,0,3
15004,10922,0,3
15163,10922,0,3
14846,10922,0,3
14845,10922,0,3
15483,10925,0,3
15482,10925,0,3
15641,10925,0,3
15481,10925,0,3
15640,10925,0,3
15167,10927,0,3
15326,10927,0,3
15166,10927,0,3
15325,10927,0,3
15006,10932,0,3
15165,10932,0,3
15324,10932,0,3
15005,10932,0,3
15164,10932,0,3
15323,10932,0,3
15006,10933,0,3
15165,10933,0,3
15005,10933,0,3
15164,10933,0,3
14847,10933,0,3
14846,10933,0,3
15005,10934,0,3
15164,10934,0,3
15004,10934,0,3
15163,10934,0,3
15162,10934,0,3
15168,10937,0,3
15327,10937,0,3
15167,10937,0,3
15326,10937,0,3
15169,10937,0,3
15328,10937,0,3
14372,10943,0,3
14531,10943,0,3
14371,10943,0,3
14530,10943,0,3
14370,10943,0,3
14529,10943,0,3
15168,10949,0,3
15008,10949,0,3
15167,10949,0,3
15326,10949,0,3
15166,10949,0,3
15325,10949,0,3
15007,10954,0,3
15166,10954,0,3
15006,10954,0,3
15165,10954,0,3
15005,10954,0,3
14848,10954,0,3
14847,10954,0,3
15008,10961,0,3
15167,10961,0,3
15007,10961,0,3
15166,10961,0,3
15006,10961,0,3
15165,10961,0,3
14371,10962,0,3
14530,10962,0,3
14370,10962,0,3
14529,10962,0,3
14372,10963,0,3
14531,10963,0,3
14371,10963,0,3
14530,10963,0,3
14370,10963,0,3
14529,10963,0,3
15483,10964,0,3
15324,10964,0,3
15323,10964,0,3
15642,10964,0,3
15482,10964,0,3
15641,10964,0,3
15008,10965,0,3
15167,10965,0,3
15007,10965,0,3
15166,10965,0,3
15641,10966,0,3
15800,10966,0,3
15640,10966,0,3
15799,10966,0,3
14372,10974,0,3
14531,10974,0,3
14371,10974,0,3
14530,10974,0,3
14370,10974,0,3
14529,10974,0,3
15008,10975,0,3
15167,10975,0,3
15007,10975,0,3
15166,10975,0,3
15325,10975,0,3
15165,10975,0,3
15008,10979,0,3
15167,10979,0,3
15326,10979,0,3
15007,10979,0,3
15166,10979,0,3
15325,10979,0,3
15006,10980,0,3
15165,10980,0,3
15005,10980,0,3
15164,10980,0,3
15004,10980,0,3
15163,10980,0,3
14371,10981,0,3
14530,10981,0,3
14370,10981,0,3
14529,10981,0,3
14372,10989,0,3
14531,10989,0,3
14371,10989,0,3
14530,10989,0,3
14370,10989,0,3
14529,10989,0,3
15482,10994,0,3
15641,10994,0,3
15481,10994,0,3
15640,10994,0,3
14692,10995,0,3
14851,10995,0,3
14691,10995,0,3
14850,10995,0,3
14371,10996,0,3
14530,10996,0,3
14370,10996,0,3
14529,10996,0,3
15008,11000,0,3
15167,11000,0,3
15007,11000,0,3
15166,11000,0,3
15006,11000,0,3
15165,11000,0,3
15168,11003,0,3
15008,11003,0,3
15167,11003,0,3
15010,11003,0,3
15169,11003,0,3
15009,11003,0,3
14372,11011,0,3
14531,11011,0,3
14371,11011,0,3
14530,11011,0,3
14370,11011,0,3
14529,11011,0,3
14530,11014,0,3
14689,11014,0,3
14529,11014,0,3
14688,11014,0,3
15483,11021,0,3
15642,11021,0,3
15482,11021,0,3
15641,11021,0,3
15481,11021,0,3
15640,11021,0,3
15010,11022,0,3
15009,11022,0,3
14692,11022,0,3
14851,11022,0,3
14691,11022,0,3
14850,11022,0,3
14530,11024,0,3
14689,11024,0,3
14529,11024,0,3
14688,11024,0,3
15005,11026,0,3
15004,11026,0,3
14846,11026,0,3
14845,11026,0,3
14371,11027,0,3
14530,11027,0,3
14370,11027,0,3
14529,11027,0,3
15483,11030,0,3
15324,11030,0,3
15323,11030,0,3
15482,11030,0,3
15005,11031,0,3
15164,11031,0,3
15004,11031,0,3
15163,11031,0,3
14846,11031,0,3
14845,11031,0,3
14372,11035,0,3
14531,11035,0,3
14690,11035,0,3
14371,11035,0,3
14530,11035,0,3
14689,11035,0,3
15482,11037,0,3
15641,11037,0,3
15481,11037,0,3
15640,11037,0,3
14372,11040,0,3
14531,11040,0,3
14371,11040,0,3
14530,11040,0,3
14370,11040,0,3
14529,11040,0,3
15168,11041,0,3
15008,11041,0,3
15167,11041,0,3
15010,11041,0,3
15169,11041,0,3
15009,11041,0,3
15008,11042,0,3
15167,11042,0,3
15007,11042,0,3
15166,11042,0,3
15006,11042,0,3
15165,11042,0,3
15641,11047,0,3
15800,11047,0,3
15640,11047,0,3
15799,11047,0,3
15008,11050,0,3
15009,11050,0,3
14691,11050,0,3
14850,11050,0,3
14690,11050,0,3
14849,11050,0,3
15323,11054,0,3
15322,11054,0,3
15482,11054,0,3
15641,11054,0,3
15481,11054,0,3
15640,11054,0,3
14372,11055,0,3
14531,11055,0,3
14371,11055,0,3
14530,11055,0,3
14370,11055,0,3
14529,11055,0,3
15005,11058,0,3
15164,11058,0,3
15004,11058,0,3
15163,11058,0,3
15165,11060,0,3
15005,11060,0,3
15164,11060,0,3
15323,11060,0,3
15163,11060,0,3
15322,11060,0,3
15165,11061,0,3
15324,11061,0,3
15164,11061,0,3
15323,11061,0,3
15641,11063,0,3
15800,11063,0,3
15640,11063,0,3
15799,11063,0,3
15168,11067,0,3
15327,11067,0,3
15167,11067,0,3
15326,11067,0,3
15482,11068,0,3
15641,11068,0,3
15481,11068,0,3
15640,11068,0,3
15323,11069,0,3
15322,11069,0,3
15482,11069,0,3
15641,11069,0,3
15481,11069,0,3
15640,11069,0,3
15006,11070,0,3
15165,11070,0,3
15005,11070,0,3
15164,11070,0,3
14690,11071,2,1
14849,11071,2,1
14689,11071,2,1
14848,11071,2,1
15165,11072,0,3
15324,11072,0,3
15164,11072,0,3
15323,11072,0,3
15482,11075,0,3
15641,11075,0,3
15481,11075,0,3
15640,11075,0,3
15323,11076,0,3
15322,11076,0,3
15482,11076,0,3
15641,11076,0,3
15481,11076,0,3
15640,11076,0,3
14529,11077,0,3
14688,11077,0,3
14847,11077,0,3
14528,11077,0,3
14687,11077,0,3
14846,11077,0,3
15008,11078,0,3
15167,11078,0,3
15007,11078,0,3
15166,11078,0,3
15008,11082,0,3
15009,11082,0,3
14850,11082,0,3
14849,11082,0,3
15006,11085,0,3
15165,11085,0,3
15324,11085,0,3
15005,11085,0,3
15164,11085,0,3
15323,11085,0,3
15167,11087,0,3
15007,11087,0,3
15166,11087,0,3
15325,11087,0,3
15165,11087,0,3
15324,11087,0,3
14529,11094,0,3
14688,11094,0,3
14847,11094,0,3
14528,11094,0,3
14687,11094,0,3
14846,11094,0,3
15006,11099,0,3
15005,11099,0,3
14847,11099,0,3
14846,11099,0,3
15008,11101,0,3
15167,11101,0,3
15007,11101,0,3
15009,11101,0,3
14849,11101,0,3
14848,11101,0,3
15168,11102,0,3
15008,11102,0,3
15167,11102,0,3
15326,11102,0,3
15166,11102,0,3
15009,11102,0,3
14688,11104,0,3
14847,11104,0,3
14687,11104,0,3
14846,11104,0,3
15008,11106,0,3
15009,11106,0,3
14850,11106,0,3
14849,11106,0,3
15005,11109,0,3
15164,11109,0,3
15004,11109,0,3
15163,11109,0,3
14846,11109,0,3
14845,11109,0,3
15008,11113,0,3
15007,11113,0,3
14690,11113,0,3
14849,11113,0,3
14689,11113,0,3
14848,11113,0,3
15008,11114,0,3
15009,11114,0,3
14850,11114,0,3
14849,11114,0,3
15006,11116,0,3
15005,11116,0,3
15164,11116,0,3
15004,11116,0,3
14846,11116,0,3
14845,11116,0,3
15008,11117,0,3
15009,11117,0,3
14691,11117,0,3
14850,11117,0,3
14690,11117,0,3
14849,11117,0,3
15164,11119,0,3
15323,11119,0,3
15163,11119,0,3
15322,11119,0,3
15959,11121,0,3
15800,11121,0,3
15799,11121,0,3
15958,11121,0,3
15483,11122,0,3
15642,11122,0,3
15482,11122,0,3
15641,11122,0,3
15481,11122,0,3
15640,11122,0,3
15006,11124,0,3
15165,11124,0,3
15005,11124,0,3
15164,11124,0,3
15004,11124,0,3
14847,11124,0,3
14846,11124,0,3
14691,11127,0,3
14850,11127,0,3
14690,11127,0,3
14849,11127,0,3
14689,11127,0,3
14848,11127,0,3
15167,11129,0,3
15326,11129,0,3
15166,11129,0,3
15325,11129,0,3
15165,11129,0,3
15484,11129,0,3
15324,11129,0,3
15167,11130,0,3
15326,11130,0,3
15166,11130,0,3
15325,11130,0,3
15165,11130,0,3
15324,11130,0,3
15007,11133,0,3
15166,11133,0,3
15006,11133,0,3
14848,11133,0,3
14847,11133,0,3
15005,11135,0,3
15164,11135,0,3
15004,11135,0,3
15163,11135,0,3
15008,11137,0,3
15167,11137,0,3
15326,11137,0,3
15007,11137,0,3
15166,11137,0,3
15325,11137,0,3
14371,11138,0,3
14530,11138,0,3
14370,11138,0,3
14529,11138,0,3
15166,11139,0,3
15325,11139,0,3
15165,11139,0,3
15324,11139,0,3
15164,11139,0,3
15323,11139,0,3
15005,11140,0,3
15164,11140,0,3
15004,11140,0,3
15163,11140,0,3
14846,11140,0,3
14845,11140,0,3
15008,11141,0,3
15007,11141,0,3
15166,11141,0,3
15006,11141,0,3
15165,11141,0,3
14848,11141,0,3
14847,11141,0,3
15006,11143,0,3
15005,11143,0,3
15004,11143,0,3
14847,11143,0,3
14846,11143,0,3
14845,11143,0,3
15006,11144,0,3
15165,11144,0,3
15005,11144,0,3
15164,11144,0,3
14847,11144,0,3
14846,11144,0,3
14371,11146,0,3
14530,11146,0,3
14689,11146,0,3
14370,11146,0,3
14529,11146,0,3
14688,11146,0,3
15005,11149,0,3
15004,11149,0,3
14846,11149,0,3
14845,11149,0,3
14530,11153,0,3
14689,11153,0,3
14529,11153,0,3
14688,11153,0,3
14847,11153,0,3
14528,11153,0,3
14687,11153,0,3
15164,11157,0,3
15323,11157,0,3
15163,11157,0,3
15322,11157,0,3
14372,11158,0,3
14531,11158,0,3
14371,11158,0,3
14530,11158,0,3
14370,11158,0,3
14529,11158,0,3
15168,11160,0,3
15008,11160,0,3
15167,11160,0,3
15326,11160,0,3
15009,11160,0,3
15008,11161,0,3
15007,11161,0,3
15166,11161,0,3
15006,11161,0,3
14848,11161,0,3
14847,11161,0,3
15005,11164,0,3
15164,11164,0,3
15004,11164,0,3
15163,11164,0,3
14846,11164,0,3
14845,11164,0,3
14690,11165,1,2
14849,11165,1,2
14530,11165,1,2
14689,11165,1,2
14848,11165,1,2
15167,11169,0,3
15326,11169,0,3
15166,11169,0,3
15325,11169,0,3
15165,11169,0,3
15324,11169,0,3
15006,11171,0,3
15005,11171,0,3
14688,11171,0,3
14847,11171,0,3
14687,11171,0,3
14846,11171,0,3
14692,11172,0,3
14851,11172,0,3
14691,11172,0,3
14850,11172,0,3
15006,11173,0,3
15005,11173,0,3
15164,11173,0,3
15004,11173,0,3
15163,11173,0,3
14846,11173,0,3
14845,11173,0,3
15005,11174,0,3
15164,11174,0,3
15004,11174,0,3
15163,11174,0,3
14846,11174,0,3
14845,11174,0,3
15167,11178,0,3
15007,11178,0,3
15166,11178,0,3
15325,11178,0,3
15006,11178,0,3
15165,11178,0,3
15324,11178,0,3
14530,11179,0,3
14689,11179,0,3
14529,11179,0,3
14688,11179,0,3
15165,11180,0,3
15324,11180,0,3
15164,11180,0,3
15323,11180,0,3
15008,11183,0,3
15009,11183,0,3
14851,11183,0,3
14691,11183,0,3
14850,11183,0,3
14690,11183,0,3
14849,11183,0,3
15165,11184,0,3
15324,11184,0,3
15164,11184,0,3
15323,11184,0,3
15959,11187,0,3
15641,11187,0,3
15800,11187,0,3
15640,11187,0,3
15799,11187,0,3
15958,11187,0,3
15006,11188,0,3
15005,11188,0,3
14847,11188,0,3
14846,11188,0,3
15006,11191,0,3
15165,11191,0,3
15005,11191,0,3
15164,11191,0,3
14847,11191,0,3
14846,11191,0,3
15008,11192,0,3
15167,11192,0,3
15007,11192,0,3
15166,11192,0,3
15482,11193,0,3
15641,11193,0,3
15800,11193,0,3
15481,11193,0,3
15640,11193,0,3
15799,11193,0,3
15006,11194,0,3
15005,11194,0,3
14847,11194,0,3
14846,11194,0,3
15168,11199,0,3
15008,11199,0,3
15167,11199,0,3
15009,11199,0,3
14850,11199,0,3
14849,11199,0,3
15005,11202,0,3
15004,11202,0,3
14846,11202,0,3
14845,11202,0,3
15325,11204,0,3
15484,11204,0,3
15483,11204,0,3
15324,11204,0,3
15323,11204,0,3
15482,11204,0,3
15165,11205,0,3
15483,11205,0,3
15324,11205,0,3
15164,11205,0,3
15323,11205,0,3
15482,11205,0,3
15167,11206,0,3
15326,11206,0,3
15166,11206,0,3
15325,11206,0,3
15006,11214,0,3
15165,11214,0,3
15005,11214,0,3
15164,11214,0,3
14847,11214,0,3
14846,11214,0,3
15483,11215,0,3
15323,11215,0,3
15642,11215,0,3
15482,11215,0,3
15641,11215,0,3
15481,11215,0,3
15640,11215,0,3
15008,11216,0,3
15009,11216,0,3
14850,11216,0,3
14849,11216,0,3
15008,11217,0,3
15167,11217,0,3
15007,11217,0,3
15166,11217,0,3
15166,11218,0,3
15325,11218,0,3
15165,11218,0,3
15324,11218,0,3
15164,11218,0,3
15323,11218,0,3
15482,11219,0,3
15641,11219,0,3
15800,11219,0,3
15640,11219,0,3
15799,11219,0,3
15008,11222,0,3
15167,11222,0,3
15007,11222,0,3
15166,11222,0,3
14849,11222,0,3
14848,11222,0,3
15007,11223,0,3
15166,11223,0,3
15006,11223,0,3
15165,11223,0,3
14848,11223,0,3
14847,11223,0,3
14690,11225,0,3
14849,11225,0,3
14689,11225,0,3
14848,11225,0,3
14530,11228,0,3
14689,11228,0,3
14529,11228,0,3
14688,11228,0,3
14528,11228,0,3
14687,11228,0,3
15168,11233,0,3
15327,11233,0,3
15167,11233,0,3
15326,11233,0,3
15169,11233,0,3
15328,11233,0,3
15009,11233,0,3
15325,11235,0,3
15484,11235,0,3
15483,11235,0,3
15324,11235,0,3
15005,11237,0,3
15164,11237,0,3
15004,11237,0,3
15163,11237,0,3
15003,11237,0,3
14846,11237,0,3
14845,11237,0,3
15166,11241,0,3
15325,11241,0,3
15165,11241,0,3
15324,11241,0,3
15008,11242,0,3
15167,11242,0,3
15007,11242,0,3
15166,11242,0,3
14849,11242,0,3
14848,11242,0,3
15006,11245,0,3
15005,11245,0,3
15004,11245,0,3
14847,11245,0,3
14846,11245,0,3
14845,11245,0,3
15005,11247,0,3
15164,11247,0,3
15004,11247,0,3
15163,11247,0,3
15003,11247,0,3
15162,11247,0,3
15005,11248,0,3
15004,11248,0,3
15003,11248,0,3
14846,11248,0,3
14845,11248,0,3
14844,11248,0,3
15006,11256,0,3
15005,11256,0,3
14688,11256,0,3
14847,11256,0,3
14687,11256,0,3
14846,11256,0,3
15007,11257,0,3
15006,11257,0,3
14848,11257,0,3
14847,11257,0,3
15166,11258,0,3
15325,11258,0,3
15165,11258,0,3
15324,11258,0,3
15164,11258,0,3
15323,11258,0,3
15482,11264,0,3
15641,11264,0,3
15800,11264,0,3
15481,11264,0,3
15640,11264,0,3
15799,11264,0,3
15959,11269,0,3
15641,11269,0,3
15800,11269,0,3
15640,11269,0,3
15799,11269,0,3
15958,11269,0,3
15167,11270,0,3
15326,11270,0,3
15166,11270,0,3
15325,11270,0,3
15324,11270,0,3
15006,11271,0,3
15165,11271,0,3
15005,11271,0,3
15164,11271,0,3
15004,11271,0,3
15163,11271,0,3
14529,11274,0,3
14688,11274,0,3
14847,11274,0,3
14528,11274,0,3
14687,11274,0,3
14846,11274,0,3
15007,11278,0,3
15166,11278,0,3
15006,11278,0,3
15165,11278,0,3
15324,11278,0,3
15005,11278,0,3
15164,11278,0,3
15166,11288,0,3
15325,11288,0,3
15165,11288,0,3
15484,11288,0,3
15483,11288,0,3
15324,11288,0,3
15008,11291,0,3
15167,11291,0,3
15326,11291,0,3
15007,11291,0,3
15166,11291,0,3
15325,11291,0,3
15165,11291,0,3
15488,11292,1,2
15487,11292,1,2
15170,11292,1,2
15329,11292,1,2
15169,11292,1,2
15328,11292,1,2
15005,11294,0,3
15164,11294,0,3
15004,11294,0,3
15163,11294,0,3
14846,11294,0,3
14845,11294,0,3
15168,11296,0,3
15008,11296,0,3
15167,11296,0,3
15009,11296,0,3
14850,11296,0,3
14849,11296,0,3
15165,11297,0,3
15483,11297,0,3
15324,11297,0,3
15164,11297,0,3
15323,11297,0,3
15482,11297,0,3
15006,11300,0,3
15005,11300,0,3
15164,11300,0,3
15004,11300,0,3
14847,11300,0,3
14846,11300,0,3
15006,11301,0,3
15005,11301,0,3
14847,11301,0,3
14846,11301,0,3
15165,11303,0,3
15324,11303,0,3
15164,11303,0,3
15323,11303,0,3
15482,11303,0,3
15006,11304,0,3
15005,11304,0,3
14688,11304,0,3
14847,11304,0,3
14687,11304,0,3
14846,11304,0,3
15168,11307,0,3
15327,11307,0,3
15008,11307,0,3
15167,11307,0,3
15326,11307,0,3
15166,11307,0,3
15325,11307,0,3
15164,11309,0,3
15323,11309,0,3
15163,11309,0,3
15322,11309,0,3
15006,11311,0,3
15165,11311,0,3
15005,11311,0,3
15164,11311,0,3
14847,11311,0,3
14846,11311,0,3
15642,11312,0,3
15482,11312,0,3
15641,11312,0,3
15800,11312,0,3
15481,11312,0,3
15640,11312,0,3
15799,11312,0,3
15325,11314,0,3
15484,11314,0,3
15483,11314,0,3
15324,11314,0,3
15007,11316,0,3
15006,11316,0,3
14848,11316,0,3
14847,11316,0,3
15641,11318,0,3
15800,11318,0,3
15640,11318,0,3
15799,11318,0,3
15008,11319,0,3
15007,11319,0,3
15009,11319,0,3
14850,11319,0,3
14690,11319,0,3
14849,11319,0,3
14848,11319,0,3
15005,11320,0,3
15164,11320,0,3
15323,11320,0,3
15004,11320,0,3
15163,11320,0,3
15322,11320,0,3
15008,11321,0,3
15167,11321,0,3
15007,11321,0,3
15166,11321,0,3
14849,11321,0,3
14848,11321,0,3
15167,11324,0,3
15326,11324,0,3
15166,11324,0,3
15325,11324,0,3
15165,11324,0,3
15324,11324,0,3
14371,11325,0,3
14530,11325,0,3
14370,11325,0,3
14529,11325,0,3
15168,11326,0,3
15170,11326,0,3
15329,11326,0,3
15010,11326,0,3
15169,11326,0,3
15328,11326,0,3
15323,11332,0,3
15322,11332,0,3
15482,11332,0,3
15481,11332,0,3
15005,11333,0,3
15004,11333,0,3
14846,11333,0,3
14845,11333,0,3
15007,11335,0,3
15166,11335,0,3
15006,11335,0,3
15165,11335,0,3
15006,11336,0,3
15005,11336,0,3
14688,11336,0,3
14847,11336,0,3
14687,11336,0,3
14846,11336,0,3
15005,11339,0,3
15164,11339,0,3
15323,11339,0,3
15004,11339,0,3
15163,11339,0,3
15322,11339,0,3
15482,11340,0,3
15641,11340,0,3
15800,11340,0,3
15481,11340,0,3
15640,11340,0,3
15799,11340,0,3
15323,11342,0,3
15322,11342,0,3
15482,11342,0,3
15481,11342,0,3
15166,11344,0,3
15325,11344,0,3
15165,11344,0,3
15324,11344,0,3
15483,11346,0,3
15324,11346,0,3
15323,11346,0,3
15482,11346,0,3
15005,11347,0,3
15004,11347,0,3
15003,11347,0,3
14846,11347,0,3
14845,11347,0,3
14844,11347,0,3
15006,11348,0,3
15165,11348,0,3
15005,11348,0,3
15164,11348,0,3
15006,11350,0,3
15165,11350,0,3
15324,11350,0,3
15005,11350,0,3
15164,11350,0,3
15323,11350,0,3
15166,11353,0,3
15325,11353,0,3
15165,11353,0,3
15484,11353,0,3
15483,11353,0,3
15324,11353,0,3
14689,11356,0,3
14848,11356,0,3
14688,11356,0,3
14847,11356,0,3
14687,11356,0,3
14846,11356,0,3
15166,11357,0,3
15325,11357,0,3
15165,11357,0,3
15324,11357,0,3
15005,11358,0,3
15004,11358,0,3
14846,11358,0,3
14845,11358,0,3
15006,11360,0,3
15005,11360,0,3
15004,11360,0,3
14847,11360,0,3
14846,11360,0,3
14845,11360,0,3
15165,11361,0,3
15324,11361,0,3
15164,11361,0,3
15323,11361,0,3
15168,11362,0,3
15327,11362,0,3
15008,11362,0,3
15167,11362,0,3
15326,11362,0,3
15009,11362,0,3
15008,11364,0,3
15167,11364,0,3
15007,11364,0,3
15166,11364,0,3
15006,11364,0,3
14691,11365,0,3
14850,11365,0,3
14690,11365,0,3
14849,11365,0,3
15006,11366,0,3
15005,11366,0,3
14847,11366,0,3
14846,11366,0,3
14692,11367,0,3
14851,11367,0,3
14691,11367,0,3
14850,11367,0,3
15006,11370,0,3
15165,11370,0,3
15005,11370,0,3
15164,11370,0,3
14847,11370,0,3
14846,11370,0,3
15007,11371,0,3
15006,11371,0,3
14848,11371,0,3
14847,11371,0,3
15008,11372,0,3
15009,11372,0,3
14850,11372,0,3
14849,11372,0,3
15641,11373,0,3
15800,11373,0,3
15481,11373,0,3
15640,11373,0,3
15799,11373,0,3
14692,11374,0,3
14851,11374,0,3
14691,11374,0,3
14850,11374,0,3
14690,11374,0,3
14849,11374,0,3
15170,11377,2,1
15329,11377,2,1
15169,11377,2,1
15328,11377,2,1
15008,11382,0,3
15167,11382,0,3
15326,11382,0,3
15007,11382,0,3
15166,11382,0,3
15325,11382,0,3
15007,11383,0,3
15166,11383,0,3
15325,11383,0,3
15006,11383,0,3
15165,11383,0,3
15324,11383,0,3
15164,11383,0,3
14530,11385,0,3
14689,11385,0,3
14529,11385,0,3
14688,11385,0,3
15007,11387,0,3
15166,11387,0,3
15006,11387,0,3
15165,11387,0,3
15005,11387,0,3
15164,11387,0,3
14847,11387,0,3
15165,11388,0,3
15483,11388,0,3
15324,11388,0,3
15164,11388,0,3
15323,11388,0,3
15482,11388,0,3
15007,11389,0,3
15166,11389,0,3
15006,11389,0,3
15165,11389,0,3
14848,11389,0,3
14847,11389,0,3
14374,11397,0,3
14533,11397,0,3
14373,11397,0,3
14532,11397,0,3
14691,11398,0,3
14850,11398,0,3
14690,11398,0,3
14849,11398,0,3
14689,11398,0,3
14848,11398,0,3
15323,11399,0,3
15322,11399,0,3
15482,11399,0,3
15641,11399,0,3
15481,11399,0,3
15640,11399,0,3
15323,11400,0,3
15322,11400,0,3
15482,11400,0,3
15481,11400,0,3
15008,11403,0,3
15007,11403,0,3
15006,11403,0,3
14849,11403,0,3
14848,11403,0,3
14847,11403,0,3
15168,11404,1,2
15008,11404,1,2
15167,11404,1,2
15009,11404,1,2
14850,11404,1,2
14849,11404,1,2
15170,11406,1,2
15329,11406,1,2
15169,11406,1,2
15328,11406,1,2
15006,11418,0,3
15165,11418,0,3
15005,11418,0,3
15164,11418,0,3
15007,11419,0,3
15006,11419,0,3
15005,11419,0,3
14848,11419,0,3
14847,11419,0,3
14846,11419,0,3
14530,11425,0,3
14689,11425,0,3
14529,11425,0,3
14688,11425,0,3
15168,11426,0,3
15008,11426,0,3
15167,11426,0,3
15009,11426,0,3
15006,11430,0,3
15165,11430,0,3
15005,11430,0,3
15164,11430,0,3
15004,11430,0,3
15163,11430,0,3
15323,11431,0,3
15322,11431,0,3
15482,11431,0,3
15481,11431,0,3
15166,11435,0,3
15325,11435,0,3
15165,11435,0,3
15483,11435,0,3
15324,11435,0,3
15326,11437,0,3
15166,11437,0,3
15325,11437,0,3
15165,11437,0,3
15484,11437,0,3
15324,11437,0,3
15165,11438,0,3
15324,11438,0,3
15164,11438,0,3
15323,11438,0,3
15165,11439,0,3
15324,11439,0,3
15164,11439,0,3
15323,11439,0,3
15165,11446,0,3
15324,11446,0,3
15164,11446,0,3
15323,11446,0,3
15163,11446,0,3
15322,11446,0,3
17072,11501,0,3
17231,11501,0,3
17071,11501,0,3
17230,11501,0,3
13775,11611,0,3
13457,11611,0,3
13616,11611,0,3
13456,11611,0,3
13615,11611,0,3
13774,11611,0,3
13139,11612,0,3
13298,11612,0,3
13138,11612,0,3
13297,11612,0,3
13138,11615,0,3
13297,11615,0,3
13456,11615,0,3
13137,11615,0,3
13296,11615,0,3
13455,11615,0,3
13778,11616,1,2
13937,11616,1,2
14096,11616,1,2
13777,11616,1,2
13936,11616,1,2
14095,11616,1,2
13457,11617,1,2
13616,11617,1,2
13456,11617,1,2
13615,11617,1,2
13457,11619,0,3
13616,11619,0,3
13456,11619,0,3
13615,11619,0,3
13457,11622,0,3
13616,11622,0,3
13456,11622,0,3
13615,11622,0,3
13455,11622,0,3
13614,11622,0,3
13457,11623,0,3
13616,11623,0,3
13456,11623,0,3
13615,11623,0,3
13457,11624,0,3
13616,11624,0,3
13456,11624,0,3
13615,11624,0,3
13455,11624,0,3
13614,11624,0,3
13457,11625,0,3
13616,11625,0,3
13456,11625,0,3
13615,11625,0,3
13457,11626,0,3
13616,11626,0,3
13456,11626,0,3
13615,11626,0,3
13298,11627,0,3
13457,11627,0,3
13616,11627,0,3
13297,11627,0,3
13456,11627,0,3
13615,11627,0,3
13933,11630,0,3
14092,11630,0,3
13932,11630,0,3
14091,11630,0,3
13139,11632,1,2
13298,11632,1,2
13457,11632,1,2
13138,11632,1,2
13297,11632,1,2
13456,11632,1,2
13139,11633,0,3
13298,11633,0,3
13138,11633,0,3
13297,11633,0,3
13138,11634,0,3
13297,11634,0,3
13456,11634,0,3
13137,11634,0,3
13296,11634,0,3
13455,11634,0,3
13775,11635,0,3
13616,11635,0,3
13615,11635,0,3
13614,11635,0,3
13774,11635,0,3
13138,11636,0,3
13297,11636,0,3
13137,11636,0,3
13296,11636,0,3
12979,11636,0,3
12978,11636,0,3
13778,11637,0,3
13937,11637,0,3
14096,11637,0,3
13777,11637,0,3
13936,11637,0,3
14095,11637,0,3
13138,11639,0,3
13297,11639,0,3
13137,11639,0,3
13296,11639,0,3
13457,11640,0,3
13616,11640,0,3
13456,11640,0,3
13615,11640,0,3
13457,11641,0,3
13616,11641,0,3
13456,11641,0,3
13615,11641,0,3
13775,11642,0,3
13457,11642,0,3
13616,11642,0,3
13456,11642,0,3
13615,11642,0,3
13774,11642,0,3
13615,11643,0,3
13614,11643,0,3
13774,11643,0,3
13773,11643,0,3
13456,11644,0,3
13615,11644,0,3
13455,11644,0,3
13614,11644,0,3
13773,11644,0,3
13457,11645,0,3
13616,11645,0,3
13456,11645,0,3
13615,11645,0,3
13297,11646,0,3
13456,11646,0,3
13615,11646,0,3
13296,11646,0,3
13455,11646,0,3
13614,11646,0,3
13454,11646,0,3
13457,11647,0,3
13616,11647,0,3
13456,11647,0,3
13615,11647,0,3
13455,11647,0,3
13614,11647,0,3
13775,11649,0,3
13934,11649,0,3
14093,11649,0,3
13774,11649,0,3
13933,11649,0,3
14092,11649,0,3
13615,11650,0,3
13614,11650,0,3
13774,11650,0,3
13773,11650,0,3
13139,11652,0,3
13298,11652,0,3
13138,11652,0,3
13297,11652,0,3
13456,11652,0,3
13138,11653,0,3
13297,11653,0,3
13137,11653,0,3
13296,11653,0,3
13615,11654,0,3
13614,11654,0,3
13774,11654,0,3
13933,11654,0,3
13773,11654,0,3
13932,11654,0,3
13456,11655,0,3
13615,11655,0,3
13455,11655,0,3
13614,11655,0,3
13773,11655,0,3
13613,11655,0,3
13777,11656,0,3
13776,11656,0,3
13459,11656,0,3
13618,11656,0,3
13458,11656,0,3
13617,11656,0,3
13457,11659,0,3
13616,11659,0,3
13456,11659,0,3
13615,11659,0,3
13457,11663,0,3
13616,11663,0,3
13456,11663,0,3
13615,11663,0,3
13455,11663,0,3
13614,11663,0,3
13615,11664,0,3
13614,11664,0,3
13774,11664,0,3
13773,11664,0,3
13613,11664,0,3
13138,11666,0,3
13297,11666,0,3
13456,11666,0,3
13137,11666,0,3
13296,11666,0,3
13455,11666,0,3
13775,11667,0,3
13934,11667,0,3
14093,11667,0,3
13774,11667,0,3
13933,11667,0,3
14092,11667,0,3
13932,11667,0,3
13138,11668,0,3
13297,11668,0,3
13137,11668,0,3
13296,11668,0,3
13138,11669,0,3
13297,11669,0,3
13137,11669,0,3
13296,11669,0,3
12979,11669,0,3
12978,11669,0,3
13777,11670,0,3
13776,11670,0,3
13775,11670,0,3
13618,11670,0,3
13617,11670,0,3
13616,11670,0,3
13777,11671,0,3
13776,11671,0,3
13459,11671,0,3
13618,11671,0,3
13458,11671,0,3
13617,11671,0,3
13456,11672,0,3
13615,11672,0,3
13455,11672,0,3
13614,11672,0,3
13613,11672,0,3
12980,11674,0,3
13140,11674,0,3
13139,11674,0,3
13298,11674,0,3
13138,11674,0,3
13297,11674,0,3
12979,11674,0,3
13933,11678,0,3
14092,11678,0,3
13932,11678,0,3
14091,11678,0,3
13775,11679,0,3
13616,11679,0,3
13615,11679,0,3
13774,11679,0,3
13777,11681,0,3
13936,11681,0,3
13776,11681,0,3
13935,11681,0,3
13457,11682,0,3
13616,11682,0,3
13456,11682,0,3
13615,11682,0,3
13775,11683,0,3
13458,11683,0,3
13617,11683,0,3
13457,11683,0,3
13616,11683,0,3
13456,11683,0,3
13615,11683,0,3
13615,11685,0,3
13614,11685,0,3
13774,11685,0,3
13773,11685,0,3
13775,11686,0,3
13457,11686,0,3
13616,11686,0,3
13456,11686,0,3
13615,11686,0,3
13774,11686,0,3
12980,11689,0,3
13139,11689,0,3
13138,11689,0,3
12979,11689,0,3
13775,11690,0,3
13457,11690,0,3
13616,11690,0,3
13456,11690,0,3
13615,11690,0,3
13774,11690,0,3
13775,11691,0,3
13457,11691,0,3
13616,11691,0,3
13456,11691,0,3
13615,11691,0,3
13774,11691,0,3
13458,11692,0,3
13617,11692,0,3
13457,11692,0,3
13616,11692,0,3
13456,11692,0,3
13615,11692,0,3
13457,11693,0,3
13616,11693,0,3
13456,11693,0,3
13615,11693,0,3
13457,11694,0,3
13616,11694,0,3
13456,11694,0,3
13615,11694,0,3
13777,11697,0,3
13776,11697,0,3
13618,11697,0,3
13617,11697,0,3
13139,11700,0,3
13298,11700,0,3
13138,11700,0,3
13297,11700,0,3
13137,11700,0,3
13296,11700,0,3
13139,11703,0,3
13298,11703,0,3
13138,11703,0,3
13297,11703,0,3
13137,11703,0,3
13296,11703,0,3
13775,11704,0,3
13616,11704,0,3
13615,11704,0,3
13774,11704,0,3
13774,11705,0,3
13933,11705,0,3
13773,11705,0,3
13932,11705,0,3
13456,11706,0,3
13615,11706,0,3
13455,11706,0,3
13614,11706,0,3
13774,11706,0,3
13773,11706,0,3
13613,11706,0,3
13459,11707,0,3
13618,11707,0,3
13458,11707,0,3
13617,11707,0,3
13457,11707,0,3
13616,11707,0,3
13775,11708,0,3
13457,11708,0,3
13616,11708,0,3
13456,11708,0,3
13615,11708,0,3
13774,11708,0,3
13457,11710,0,3
13616,11710,0,3
13456,11710,0,3
13615,11710,0,3
13619,11711,0,3
13778,11711,0,3
13777,11711,0,3
13776,11711,0,3
13618,11711,0,3
13617,11711,0,3
12981,11714,0,3
12980,11714,0,3
13140,11714,0,3
13299,11714,0,3
13139,11714,0,3
13298,11714,0,3
13139,11715,0,3
13298,11715,0,3
13138,11715,0,3
13297,11715,0,3
12981,11717,0,3
12980,11717,0,3
13140,11717,0,3
13139,11717,0,3
13138,11717,0,3
12979,11717,0,3
13297,11718,0,3
13456,11718,0,3
13615,11718,0,3
13296,11718,0,3
13455,11718,0,3
13614,11718,0,3
13139,11719,0,3
13298,11719,0,3
13138,11719,0,3
13297,11719,0,3
13137,11719,0,3
13296,11719,0,3
13775,11720,0,3
13616,11720,0,3
13456,11720,0,3
13615,11720,0,3
13614,11720,0,3
13774,11720,0,3
13773,11720,0,3
13778,11721,0,3
13777,11721,0,3
13936,11721,0,3
13776,11721,0,3
13618,11721,0,3
13617,11721,0,3
12980,11723,0,3
13139,11723,0,3
13138,11723,0,3
12979,11723,0,3
13139,11725,0,3
13138,11725,0,3
13297,11725,0,3
13137,11725,0,3
13296,11725,0,3
13139,11727,0,3
13298,11727,0,3
13138,11727,0,3
13297,11727,0,3
13299,11729,0,3
13139,11729,0,3
13298,11729,0,3
13457,11729,0,3
13138,11729,0,3
13297,11729,0,3
13456,11729,0,3
13138,11730,0,3
13297,11730,0,3
13137,11730,0,3
13296,11730,0,3
12979,11730,0,3
12978,11730,0,3
13138,11731,0,3
13297,11731,0,3
13137,11731,0,3
13296,11731,0,3
13456,11732,0,3
13615,11732,0,3
13455,11732,0,3
13614,11732,0,3
13774,11732,0,3
13773,11732,0,3
13456,11734,0,3
13615,11734,0,3
13455,11734,0,3
13614,11734,0,3
13140,11735,0,3
13299,11735,0,3
13139,11735,0,3
13298,11735,0,3
13138,11735,0,3
13297,11735,0,3
13298,11736,1,2
13457,11736,1,2
13297,11736,1,2
13456,11736,1,2
13139,11737,0,3
13298,11737,0,3
13138,11737,0,3
13297,11737,0,3
13137,11737,0,3
13296,11737,0,3
13138,11738,0,3
13297,11738,0,3
13137,11738,0,3
13296,11738,0,3
13458,11739,0,3
13298,11739,0,3
13457,11739,0,3
13297,11739,0,3
13456,11739,0,3
13299,11740,0,3
13458,11740,0,3
13298,11740,0,3
13457,11740,0,3
13297,11740,0,3
13456,11740,0,3
13299,11742,0,3
13458,11742,0,3
13298,11742,0,3
13457,11742,0,3
13297,11742,0,3
13456,11742,0,3
13456,11743,0,3
13615,11743,0,3
13455,11743,0,3
13614,11743,0,3
13139,11744,1,2
13298,11744,1,2
13138,11744,1,2
13297,11744,1,2
13456,11744,1,2
13137,11744,1,2
13296,11744,1,2
13777,11745,0,3
13936,11745,0,3
13776,11745,0,3
13935,11745,0,3
13138,11747,0,3
13297,11747,0,3
13456,11747,0,3
13137,11747,0,3
13296,11747,0,3
13455,11747,0,3
13457,11751,0,3
13616,11751,0,3
13456,11751,0,3
13615,11751,0,3
13775,11756,0,3
13457,11756,0,3
13616,11756,0,3
13456,11756,0,3
13615,11756,0,3
13774,11756,0,3
13619,11758,0,3
13778,11758,0,3
13777,11758,0,3
13776,11758,0,3
13618,11758,0,3
13617,11758,0,3
13775,11760,0,3
13934,11760,0,3
14093,11760,0,3
13774,11760,0,3
13933,11760,0,3
14092,11760,0,3
13457,11762,0,3
13616,11762,0,3
13456,11762,0,3
13615,11762,0,3
13140,11764,0,3
13299,11764,0,3
13139,11764,0,3
13298,11764,0,3
13138,11764,0,3
13297,11764,0,3
13775,11765,0,3
13616,11765,0,3
13615,11765,0,3
13774,11765,0,3
13619,11766,1,2
13778,11766,1,2
13777,11766,1,2
13618,11766,1,2
12981,11767,0,3
12980,11767,0,3
13140,11767,0,3
13139,11767,0,3
13138,11767,0,3
12979,11767,0,3
13139,11768,0,3
13298,11768,0,3
13138,11768,0,3
13297,11768,0,3
13456,11768,0,3
13457,11771,0,3
13616,11771,0,3
13456,11771,0,3
13615,11771,0,3
13457,11774,0,3
13616,11774,0,3
13456,11774,0,3
13615,11774,0,3
13459,11775,0,3
13618,11775,0,3
13458,11775,0,3
13617,11775,0,3
13457,11778,0,3
13616,11778,0,3
13456,11778,0,3
13615,11778,0,3
13456,11779,0,3
13615,11779,0,3
13455,11779,0,3
13614,11779,0,3
13933,11781,0,3
14092,11781,0,3
13932,11781,0,3
14091,11781,0,3
13299,11782,0,3
13458,11782,0,3
13298,11782,0,3
13457,11782,0,3
13297,11782,0,3
13456,11782,0,3
13298,11783,1,2
13457,11783,1,2
13616,11783,1,2
13297,11783,1,2
13456,11783,1,2
13615,11783,1,2
13777,11784,0,3
13936,11784,0,3
13776,11784,0,3
13935,11784,0,3
13618,11784,0,3
13617,11784,0,3
13458,11786,0,3
13617,11786,0,3
13457,11786,0,3
13616,11786,0,3
13456,11786,0,3
13615,11786,0,3
13139,11787,0,3
13298,11787,0,3
13457,11787,0,3
13138,11787,0,3
13297,11787,0,3
13456,11787,0,3
13138,11788,0,3
13297,11788,0,3
13137,11788,0,3
13296,11788,0,3
12979,11788,0,3
12978,11788,0,3
13619,11791,0,3
13778,11791,0,3
13777,11791,0,3
13776,11791,0,3
13618,11791,0,3
13617,11791,0,3
13775,11792,0,3
13616,11792,0,3
13615,11792,0,3
13774,11792,0,3
13778,11794,0,3
13937,11794,0,3
13777,11794,0,3
13936,11794,0,3
13776,11794,0,3
13935,11794,0,3
13139,11795,0,3
13298,11795,0,3
13138,11795,0,3
13297,11795,0,3
13137,11795,0,3
13296,11795,0,3
13456,11797,0,3
13615,11797,0,3
13455,11797,0,3
13614,11797,0,3
13454,11797,0,3
13613,11797,0,3
13139,11800,0,3
13298,11800,0,3
13138,11800,0,3
13297,11800,0,3
13457,11802,0,3
13616,11802,0,3
13456,11802,0,3
13615,11802,0,3
13459,11805,0,3
13618,11805,0,3
13458,11805,0,3
13617,11805,0,3
13457,11806,0,3
13616,11806,0,3
13456,11806,0,3
13615,11806,0,3
13455,11806,0,3
13614,11806,0,3
13615,11807,0,3
13614,11807,0,3
13774,11807,0,3
13933,11807,0,3
13773,11807,0,3
13932,11807,0,3
13138,11809,0,3
13297,11809,0,3
13456,11809,0,3
13137,11809,0,3
13296,11809,0,3
13455,11809,0,3
13456,11811,0,3
13615,11811,0,3
13455,11811,0,3
13614,11811,0,3
13299,11814,0,3
13458,11814,0,3
13298,11814,0,3
13457,11814,0,3
13616,11814,0,3
13297,11814,0,3
13456,11814,0,3
13299,11817,0,3
13458,11817,0,3
13298,11817,0,3
13457,11817,0,3
13297,11817,0,3
13456,11817,0,3
13457,11821,1,2
13616,11821,1,2
13456,11821,1,2
13615,11821,1,2
13455,11821,1,2
13614,11821,1,2
13456,11823,0,3
13615,11823,0,3
13455,11823,0,3
13614,11823,0,3
13777,11824,0,3
13776,11824,0,3
13618,11824,0,3
13617,11824,0,3
13139,11826,0,3
13298,11826,0,3
13138,11826,0,3
13297,11826,0,3
17379,11830,0,3
17378,11830,0,3
17220,11830,0,3
17219,11830,0,3
14673,11831,2,1
14832,11831,2,1
14672,11831,2,1
14831,11831,2,1
14830,11831,2,1
14991,11831,2,1
14990,11831,2,1
13874,11838,0,3
14033,11838,0,3
13873,11838,0,3
14032,11838,0,3
13872,11838,0,3
14031,11838,0,3
14515,11850,0,3
14674,11850,0,3
14833,11850,0,3
14514,11850,0,3
14673,11850,0,3
14832,11850,0,3
14674,11858,0,3
14833,11858,0,3
14673,11858,0,3
14832,11858,0,3
14038,11863,0,3
14197,11863,0,3
14037,11863,0,3
14196,11863,0,3
14036,11863,0,3
14195,11863,0,3
17221,11884,0,3
17380,11884,0,3
17379,11884,0,3
17378,11884,0,3
17220,11884,0,3
17219,11884,0,3
13878,11888,0,3
14037,11888,0,3
14196,11888,0,3
13877,11888,0,3
14036,11888,0,3
14195,11888,0,3
14674,11892,0,3
14833,11892,0,3
14673,11892,0,3
14832,11892,0,3
14194,11894,0,3
14353,11894,0,3
14193,11894,0,3
14352,11894,0,3
14675,11897,0,3
14834,11897,0,3
14674,11897,0,3
14833,11897,0,3
14514,11899,0,3
14513,11899,0,3
14196,11899,0,3
14355,11899,0,3
14195,11899,0,3
14354,11899,0,3
14674,11901,0,3
14833,11901,0,3
14673,11901,0,3
14832,11901,0,3
14672,11901,0,3
14831,11901,0,3
13877,11907,0,3
14036,11907,0,3
14195,11907,0,3
13876,11907,0,3
14035,11907,0,3
14194,11907,0,3
14036,11908,0,3
14195,11908,0,3
14035,11908,0,3
14194,11908,0,3
13877,11911,0,3
14036,11911,0,3
14195,11911,0,3
13876,11911,0,3
14035,11911,0,3
14194,11911,0,3
14036,11922,0,3
14195,11922,0,3
14035,11922,0,3
14194,11922,0,3
14512,11931,2,1
14353,11931,2,1
14352,11931,2,1
14511,11931,2,1
14515,11940,0,3
14674,11940,0,3
14833,11940,0,3
14514,11940,0,3
14673,11940,0,3
14832,11940,0,3
14831,11950,0,3
14830,11950,0,3
14990,11950,0,3
14989,11950,0,3
14988,11950,0,3
14829,11950,0,3
14514,11951,0,3
14673,11951,0,3
14832,11951,0,3
14513,11951,0,3
14672,11951,0,3
14831,11951,0,3
14671,11951,0,3
17379,11954,0,3
17378,11954,0,3
17220,11954,0,3
17219,11954,0,3
14038,11958,0,3
14197,11958,0,3
14037,11958,0,3
14196,11958,0,3
14514,11960,0,3
14513,11960,0,3
14355,11960,0,3
14354,11960,0,3
14038,11964,0,3
14197,11964,0,3
14037,11964,0,3
14196,11964,0,3
14036,11964,0,3
14195,11964,0,3
14673,11976,0,3
14832,11976,0,3
14672,11976,0,3
14831,11976,0,3
14671,11976,0,3
14830,11976,0,3
14674,11978,0,3
14833,11978,0,3
14673,11978,0,3
14832,11978,0,3
14672,11978,0,3
14831,11978,0,3
17379,11983,0,3
17378,11983,0,3
17220,11983,0,3
17219,11983,0,3
14674,11985,0,3
14833,11985,0,3
14673,11985,0,3
14832,11985,0,3
14038,11987,0,3
14197,11987,0,3
14037,11987,0,3
14196,11987,0,3
14036,11987,0,3
14195,11987,0,3
14513,11990,0,3
14512,11990,0,3
14355,11990,0,3
14195,11990,0,3
14354,11990,0,3
14194,11990,0,3
14353,11990,0,3
14038,11992,0,3
14197,11992,0,3
14037,11992,0,3
14196,11992,0,3
13874,11993,1,2
14033,11993,1,2
13873,11993,1,2
14032,11993,1,2
14192,12004,0,3
14351,12004,0,3
14510,12004,0,3
14509,12004,0,3
14191,12004,0,3
14350,12004,0,3
13877,12007,0,3
14036,12007,0,3
14195,12007,0,3
14035,12007,0,3
14194,12007,0,3
17379,12010,0,3
17538,12010,0,3
17378,12010,0,3
17220,12010,0,3
17219,12010,0,3
17537,12010,0,3
13874,12012,0,3
14033,12012,0,3
13873,12012,0,3
14032,12012,0,3
13872,12012,0,3
14031,12012,0,3
14038,12014,0,3
14197,12014,0,3
14037,12014,0,3
14196,12014,0,3
14674,12023,0,3
14833,12023,0,3
14673,12023,0,3
14832,12023,0,3
14672,12023,0,3
14831,12023,0,3
14674,12028,0,3
14833,12028,0,3
14514,12028,0,3
14673,12028,0,3
14832,12028,0,3
14672,12028,0,3
14831,12028,0,3
17379,12029,0,3
17378,12029,0,3
17220,12029,0,3
17219,12029,0,3
17377,12029,0,3
14515,12039,0,3
14674,12039,0,3
14514,12039,0,3
14673,12039,0,3
14672,12039,0,3
14515,12055,0,3
14674,12055,0,3
14514,12055,0,3
14673,12055,0,3
14513,12055,0,3
14672,12055,0,3
13874,12071,0,3
14033,12071,0,3
13873,12071,0,3
14032,12071,0,3
14830,12084,2,1
14989,12084,2,1
14988,12084,2,1
14829,12084,2,1
14674,12092,0,3
14833,12092,0,3
14673,12092,0,3
14832,12092,0,3
13874,12093,1,2
14033,12093,1,2
13873,12093,1,2
14032,12093,1,2
17379,12097,0,3
17378,12097,0,3
17061,12097,0,3
17220,12097,0,3
17060,12097,0,3
17219,12097,0,3
14515,12110,0,3
14674,12110,0,3
14833,12110,0,3
14514,12110,0,3
14673,12110,0,3
14832,12110,0,3
12605,12179,0,3
12764,12179,0,3
12923,12179,0,3
12604,12179,0,3
12763,12179,0,3
12922,12179,0,3
12762,12179,0,3
12443,12198,0,3
12602,12198,0,3
12442,12198,0,3
12601,12198,0,3
12605,12204,0,3
12446,12204,0,3
12445,12204,0,3
12604,12204,0,3
12444,12230,0,3
12603,12230,0,3
12443,12230,0,3
12602,12230,0,3
12445,12242,0,3
12444,12242,0,3
12603,12242,0,3
12604,12242,0,3
12443,12242,0,3
12602,12242,0,3
12444,12255,0,3
12603,12255,0,3
12443,12255,0,3
12602,12255,0,3
12443,12270,0,3
12602,12270,0,3
12442,12270,0,3
12601,12270,0,3
12605,12284,0,3
12446,12284,0,3
12445,12284,0,3
12604,12284,0,3
12605,12288,0,3
12446,12288,0,3
12445,12288,0,3
12604,12288,0,3
12605,12289,0,3
12446,12289,0,3
12445,12289,0,3
12604,12289,0,3
12605,12302,0,3
12446,12302,0,3
12445,12302,0,3
12604,12302,0,3
12444,12334,0,3
12603,12334,0,3
12443,12334,0,3
12602,12334,0,3
12605,12336,0,3
12446,12336,0,3
12445,12336,0,3
12604,12336,0,3
12605,12375,0,3
12446,12375,0,3
12445,12375,0,3
12444,12375,0,3
12603,12375,0,3
12604,12375,0,3
12444,12416,0,3
12603,12416,0,3
12443,12416,0,3
12602,12416,0,3
13716,12452,2,1
13556,12452,2,1
13874,12452,2,1
13873,12452,2,1
13715,12452,2,1
13714,12452,2,1
13716,12456,2,1
13875,12456,2,1
13874,12456,2,1
13715,12456,2,1
10858,12466,2,1
10698,12466,2,1
10857,12466,2,1
10856,12466,2,1
11017,12466,2,1
11016,12466,2,1
10380,12476,0,3
10539,12476,0,3
10379,12476,0,3
10538,12476,0,3
10380,12477,0,3
10539,12477,0,3
10379,12477,0,3
10538,12477,0,3
10379,12504,0,3
10538,12504,0,3
10378,12504,0,3
10537,12504,0,3
10697,12506,0,3
10856,12506,0,3
10855,12506,0,3
10696,12506,0,3
13874,12508,1,2
13873,12508,1,2
13715,12508,1,2
13714,12508,1,2
11018,12512,0,3
11177,12512,0,3
11017,12512,0,3
11176,12512,0,3
13716,12533,2,1
13875,12533,2,1
13874,12533,2,1
13715,12533,2,1
13716,12536,2,1
13875,12536,2,1
13874,12536,2,1
13873,12536,2,1
13715,12536,2,1
13714,12536,2,1
10697,12538,0,3
10856,12538,0,3
10855,12538,0,3
10696,12538,0,3
11018,12540,0,3
11177,12540,0,3
11017,12540,0,3
11176,12540,0,3
13557,12541,2,1
13716,12541,2,1
13556,12541,2,1
13875,12541,2,1
13715,12541,2,1
10856,12543,0,3
11015,12543,0,3
13874,12565,1,2
13873,12565,1,2
13714,12565,1,2
13713,12565,1,2
13872,12565,1,2
11018,12566,0,3
11177,12566,0,3
11017,12566,0,3
11176,12566,0,3
11970,12570,0,3
12129,12570,0,3
12288,12570,0,3
11969,12570,0,3
12128,12570,0,3
12287,12570,0,3
13716,12571,2,1
13875,12571,2,1
13874,12571,2,1
13715,12571,2,1
11971,12573,0,3
12130,12573,0,3
11970,12573,0,3
12129,12573,0,3
11969,12573,0,3
12128,12573,0,3
12599,12577,0,3
12758,12577,0,3
12598,12577,0,3
12757,12577,0,3
13557,12578,2,1
13716,12578,2,1
13556,12578,2,1
13875,12578,2,1
13874,12578,2,1
13715,12578,2,1
12442,12580,0,3
12601,12580,0,3
12441,12580,0,3
12600,12580,0,3
12756,12581,0,3
12915,12581,0,3
12129,12587,0,3
12288,12587,0,3
12128,12587,0,3
12287,12587,0,3
10697,12594,0,3
10856,12594,0,3
10855,12594,0,3
10696,12594,0,3
11015,12594,0,3
11019,12611,0,3
10859,12611,0,3
11018,12611,0,3
11177,12611,0,3
11017,12611,0,3
11176,12611,0,3
11971,12612,0,3
12130,12612,0,3
12289,12612,0,3
11970,12612,0,3
12129,12612,0,3
12288,12612,0,3
12128,12612,0,3
12757,12615,0,3
12756,12615,0,3
12915,12615,0,3
12442,12627,0,3
12601,12627,0,3
12441,12627,0,3
12600,12627,0,3
11018,12634,0,3
11177,12634,0,3
11017,12634,0,3
11176,12634,0,3
13873,12636,0,3
13714,12636,0,3
13713,12636,0,3
13872,12636,0,3
10697,12638,0,3
10856,12638,0,3
10855,12638,0,3
10696,12638,0,3
12442,12639,0,3
12601,12639,0,3
12441,12639,0,3
12600,12639,0,3
13873,12643,1,2
13714,12643,1,2
13713,12643,1,2
13872,12643,1,2
10698,12645,0,3
10857,12645,0,3
10697,12645,0,3
10856,12645,0,3
10855,12645,0,3
13557,12651,1,2
13716,12651,1,2
13875,12651,1,2
13874,12651,1,2
13715,12651,1,2
10698,12652,2,1
10857,12652,2,1
10697,12652,2,1
10856,12652,2,1
10855,12652,2,1
10696,12652,2,1
10857,12654,0,3
10697,12654,0,3
10856,12654,0,3
10855,12654,0,3
11016,12654,0,3
11015,12654,0,3
12284,12655,0,3
12443,12655,0,3
12283,12655,0,3
12442,12655,0,3
13397,12662,0,3
13556,12662,0,3
13715,12662,0,3
13396,12662,0,3
13555,12662,0,3
13714,12662,0,3
13554,12662,0,3
10857,12665,0,3
10697,12665,0,3
10856,12665,0,3
10855,12665,0,3
11016,12665,0,3
11015,12665,0,3
11018,12666,1,2
11177,12666,1,2
11017,12666,1,2
11176,12666,1,2
13874,12669,1,2
13873,12669,1,2
13715,12669,1,2
13714,12669,1,2
12599,12675,0,3
12758,12675,0,3
12917,12675,0,3
12598,12675,0,3
12757,12675,0,3
12916,12675,0,3
12284,12679,0,3
12443,12679,0,3
12283,12679,0,3
12442,12679,0,3
10698,12682,0,3
10857,12682,0,3
10697,12682,0,3
10856,12682,0,3
11016,12682,0,3
11015,12682,0,3
13397,12691,2,1
13556,12691,2,1
13396,12691,2,1
13555,12691,2,1
12757,12703,0,3
12916,12703,0,3
12756,12703,0,3
12915,12703,0,3
10857,12708,0,3
10856,12708,0,3
10855,12708,0,3
11016,12708,0,3
11015,12708,0,3
11015,12726,0,3
13716,12731,2,1
13875,12731,2,1
13874,12731,2,1
13715,12731,2,1
13716,12745,2,1
13556,12745,2,1
13875,12745,2,1
13874,12745,2,1
13715,12745,2,1
12442,12759,0,3
12601,12759,0,3
12441,12759,0,3
12600,12759,0,3
10856,12768,0,3
10855,12768,0,3
11015,12768,0,3
10857,12777,0,3
10697,12777,0,3
10856,12777,0,3
10855,12777,0,3
10696,12777,0,3
11015,12777,0,3
13874,12785,1,2
13873,12785,1,2
13715,12785,1,2
13714,12785,1,2
13874,12786,2,1
13873,12786,2,1
13715,12786,2,1
13714,12786,2,1
13716,12791,2,1
13874,12791,2,1
13873,12791,2,1
13715,12791,2,1
13714,12791,2,1
11018,12823,0,3
11177,12823,0,3
11017,12823,0,3
11176,12823,0,3
11018,12827,1,2
11177,12827,1,2
11017,12827,1,2
11176,12827,1,2
11016,12827,1,2
11175,12827,1,2
10698,12833,0,3
10857,12833,0,3
10697,12833,0,3
10856,12833,0,3
10855,12833,0,3
10696,12833,0,3
11015,12833,0,3
13397,12847,0,3
13556,12847,0,3
13396,12847,0,3
13555,12847,0,3
13395,12847,0,3
13554,12847,0,3
10704,12850,0,3
10863,12850,0,3
10703,12850,0,3
10862,12850,0,3
10702,12850,0,3
10861,12850,0,3
10857,12858,0,3
10856,12858,0,3
10855,12858,0,3
11016,12858,0,3
11015,12858,0,3
10857,12864,0,3
10697,12864,0,3
10856,12864,0,3
10855,12864,0,3
10696,12864,0,3
19316,12929,0,3
19157,12929,0,3
19315,12929,0,3
19156,12929,0,3
19316,12960,0,3
18998,12960,0,3
19157,12960,0,3
19315,12960,0,3
18997,12960,0,3
19156,12960,0,3
19317,13110,0,3
19316,13110,0,3
19158,13110,0,3
19157,13110,0,3
19315,13110,0,3
19156,13110,0,3
19317,13222,2,1
19316,13222,2,1
18999,13222,2,1
19158,13222,2,1
18998,13222,2,1
19157,13222,2,1
19156,13222,2,1
13770,14326,0,3
13929,14326,0,3
13769,14326,0,3
13928,14326,0,3
14245,14327,0,3
14244,14327,0,3
14086,14327,0,3
14085,14327,0,3
13768,14328,0,3
13927,14328,0,3
14086,14328,0,3
13926,14328,0,3
14085,14328,0,3
13771,14329,0,3
13930,14329,0,3
13770,14329,0,3
13929,14329,0,3
13769,14329,0,3
13928,14329,0,3
13611,14330,0,3
13770,14330,0,3
13929,14330,0,3
13769,14330,0,3
13610,14330,0,3
13771,14331,0,3
13930,14331,0,3
13770,14331,0,3
13929,14331,0,3
13769,14331,0,3
13928,14331,0,3
13931,14332,0,3
14090,14332,0,3
13930,14332,0,3
14089,14332,0,3
13929,14332,0,3
14088,14332,0,3
13771,14333,0,3
13930,14333,0,3
14089,14333,0,3
13770,14333,0,3
13929,14333,0,3
14088,14333,0,3
13771,14334,0,3
13612,14334,0,3
13611,14334,0,3
13930,14334,0,3
13770,14334,0,3
13929,14334,0,3
13769,14334,0,3
13771,14335,0,3
13930,14335,0,3
13770,14335,0,3
13929,14335,0,3
13929,14336,0,3
14088,14336,0,3
13928,14336,0,3
14087,14336,0,3
13611,14337,0,3
13770,14337,0,3
13769,14337,0,3
13610,14337,0,3
13771,14338,0,3
13930,14338,0,3
14089,14338,0,3
13770,14338,0,3
13929,14338,0,3
14088,14338,0,3
13611,14339,0,3
13770,14339,0,3
13929,14339,0,3
13769,14339,0,3
13928,14339,0,3
13610,14339,0,3
13931,14340,0,3
13771,14340,0,3
13930,14340,0,3
14089,14340,0,3
13770,14340,0,3
13929,14340,0,3
13771,14341,0,3
13612,14341,0,3
13611,14341,0,3
13770,14341,0,3
13769,14341,0,3
13610,14341,0,3
13928,14343,0,3
14087,14343,0,3
13927,14343,0,3
14086,14343,0,3
13770,14344,0,3
13929,14344,0,3
13769,14344,0,3
13928,14344,0,3
13931,14345,0,3
14090,14345,0,3
13930,14345,0,3
14089,14345,0,3
13929,14345,0,3
14088,14345,0,3
13771,14346,0,3
13930,14346,0,3
13770,14346,0,3
13929,14346,0,3
13769,14346,0,3
13928,14346,0,3
13930,14347,0,3
14089,14347,0,3
13929,14347,0,3
14088,14347,0,3
13928,14347,0,3
14087,14347,0,3
13770,14348,0,3
13929,14348,0,3
14088,14348,0,3
13769,14348,0,3
13928,14348,0,3
14087,14348,0,3
13927,14349,0,3
14086,14349,0,3
13926,14349,0,3
14085,14349,0,3
13927,14350,0,3
14086,14350,0,3
13926,14350,0,3
14085,14350,0,3
13930,14351,0,3
14089,14351,0,3
13929,14351,0,3
14088,14351,0,3
13927,14352,0,3
14086,14352,0,3
13926,14352,0,3
14085,14352,0,3
13611,14353,0,3
13770,14353,0,3
13929,14353,0,3
13769,14353,0,3
13928,14353,0,3
13610,14353,0,3
13929,14354,0,3
14088,14354,0,3
13928,14354,0,3
14087,14354,0,3
13927,14354,0,3
14086,14354,0,3
13770,14355,0,3
13929,14355,0,3
13769,14355,0,3
13928,14355,0,3
13770,14356,0,3
13929,14356,0,3
14088,14356,0,3
13769,14356,0,3
13928,14356,0,3
14087,14356,0,3
13771,14358,0,3
13612,14358,0,3
13611,14358,0,3
13770,14358,0,3
13769,14358,0,3
13610,14358,0,3
13927,14359,0,3
14245,14359,0,3
14244,14359,0,3
14086,14359,0,3
13926,14359,0,3
14085,14359,0,3
13771,14361,0,3
13612,14361,0,3
13611,14361,0,3
13770,14361,0,3
13770,14363,0,3
13929,14363,0,3
14088,14363,0,3
13769,14363,0,3
13928,14363,0,3
14087,14363,0,3
13771,14364,0,3
13930,14364,0,3
13770,14364,0,3
13929,14364,0,3
13770,14365,0,3
13929,14365,0,3
14088,14365,0,3
13769,14365,0,3
13928,14365,0,3
14087,14365,0,3
13930,14366,0,3
14089,14366,0,3
13929,14366,0,3
14088,14366,0,3
13930,14367,0,3
14089,14367,0,3
13929,14367,0,3
14088,14367,0,3
13928,14367,0,3
14087,14367,0,3
13929,14368,0,3
14088,14368,0,3
13928,14368,0,3
14087,14368,0,3
13927,14368,0,3
14086,14368,0,3
13769,14369,0,3
13928,14369,0,3
14087,14369,0,3
13768,14369,0,3
13927,14369,0,3
14086,14369,0,3
13928,14370,0,3
14087,14370,0,3
13927,14370,0,3
14086,14370,0,3
13926,14370,0,3
14085,14370,0,3
13928,14371,0,3
14087,14371,0,3
13927,14371,0,3
14086,14371,0,3
13771,14372,0,3
13930,14372,0,3
13770,14372,0,3
13929,14372,0,3
13927,14373,0,3
14086,14373,0,3
13926,14373,0,3
14085,14373,0,3
13771,14375,0,3
13930,14375,0,3
13770,14375,0,3
13929,14375,0,3
13769,14375,0,3
13928,14375,0,3
13928,14377,0,3
14087,14377,0,3
13768,14377,0,3
13927,14377,0,3
14086,14377,0,3
13926,14377,0,3
14085,14377,0,3
13930,14378,0,3
14089,14378,0,3
13929,14378,0,3
14088,14378,0,3
13929,14380,0,3
14088,14380,0,3
13928,14380,0,3
14087,14380,0,3
13928,14381,0,3
14087,14381,0,3
13927,14381,0,3
14086,14381,0,3
13771,14382,0,3
13930,14382,0,3
13770,14382,0,3
13929,14382,0,3
13927,14383,0,3
14086,14383,0,3
13926,14383,0,3
14085,14383,0,3
13930,14384,0,3
14089,14384,0,3
13929,14384,0,3
14088,14384,0,3
13611,14386,0,3
13770,14386,0,3
13769,14386,0,3
13610,14386,0,3
13927,14387,0,3
14245,14387,0,3
14244,14387,0,3
14086,14387,0,3
13926,14387,0,3
14085,14387,0,3
13770,14388,0,3
13929,14388,0,3
13769,14388,0,3
13928,14388,0,3
13770,14389,0,3
13929,14389,0,3
13769,14389,0,3
13928,14389,0,3
13771,14390,0,3
13930,14390,0,3
14089,14390,0,3
13770,14390,0,3
13929,14390,0,3
14088,14390,0,3
13930,14391,0,3
13770,14391,0,3
13929,14391,0,3
14088,14391,0,3
13769,14391,0,3
13928,14391,0,3
14087,14391,0,3
13928,14393,0,3
14087,14393,0,3
13927,14393,0,3
14086,14393,0,3
13926,14393,0,3
14085,14393,0,3
13928,14394,0,3
14087,14394,0,3
13927,14394,0,3
14086,14394,0,3
13771,14396,0,3
13930,14396,0,3
13770,14396,0,3
13929,14396,0,3
13928,14397,0,3
14087,14397,0,3
13927,14397,0,3
14086,14397,0,3
13926,14397,0,3
14085,14397,0,3
13929,14398,0,3
14088,14398,0,3
13928,14398,0,3
14087,14398,0,3
13927,14398,0,3
14086,14398,0,3
13930,14399,0,3
14089,14399,0,3
13929,14399,0,3
14088,14399,0,3
13931,14400,0,3
14090,14400,0,3
13930,14400,0,3
14089,14400,0,3
13929,14400,0,3
14088,14400,0,3
13769,14401,0,3
13928,14401,0,3
14087,14401,0,3
13768,14401,0,3
13927,14401,0,3
14086,14401,0,3
13929,14402,0,3
14088,14402,0,3
13928,14402,0,3
14087,14402,0,3
13771,14403,0,3
13930,14403,0,3
13770,14403,0,3
13929,14403,0,3
13771,14404,0,3
13930,14404,0,3
13770,14404,0,3
13929,14404,0,3
13769,14404,0,3
13928,14404,0,3
13770,14405,0,3
13929,14405,0,3
13769,14405,0,3
13928,14405,0,3
13927,14406,0,3
14086,14406,0,3
13926,14406,0,3
14085,14406,0,3
13611,14407,0,3
13770,14407,0,3
13929,14407,0,3
13769,14407,0,3
13928,14407,0,3
13768,14407,0,3
13610,14407,0,3
13930,14408,0,3
14089,14408,0,3
13929,14408,0,3
14088,14408,0,3
13928,14408,0,3
14087,14408,0,3
13771,14409,0,3
13930,14409,0,3
13770,14409,0,3
13929,14409,0,3
13930,14410,0,3
13770,14410,0,3
13929,14410,0,3
14088,14410,0,3
13769,14410,0,3
13928,14410,0,3
13770,14411,0,3
13929,14411,0,3
13769,14411,0,3
13928,14411,0,3
13771,14412,0,3
13612,14412,0,3
13611,14412,0,3
13930,14412,0,3
13770,14412,0,3
13929,14412,0,3
13771,14413,0,3
13930,14413,0,3
13770,14413,0,3
13929,14413,0,3
13769,14414,0,3
13928,14414,0,3
14087,14414,0,3
13768,14414,0,3
13927,14414,0,3
14086,14414,0,3
13927,14415,0,3
14086,14415,0,3
13926,14415,0,3
14085,14415,0,3
13771,14416,0,3
13930,14416,0,3
13770,14416,0,3
13929,14416,0,3
14088,14416,0,3
13769,14416,0,3
13928,14416,0,3
13927,14417,0,3
14086,14417,0,3
13926,14417,0,3
14085,14417,0,3
13771,14418,0,3
13612,14418,0,3
13611,14418,0,3
13770,14418,0,3
13769,14418,0,3
13610,14418,0,3
13771,14419,0,3
13930,14419,0,3
13770,14419,0,3
13929,14419,0,3
13770,14420,0,3
13929,14420,0,3
13769,14420,0,3
13928,14420,0,3
13770,14421,0,3
13929,14421,0,3
13769,14421,0,3
13928,14421,0,3
13768,14421,0,3
13610,14421,0,3
13771,14422,0,3
13930,14422,0,3
13770,14422,0,3
13929,14422,0,3
14088,14422,0,3
13769,14422,0,3
13928,14422,0,3
13611,14423,0,3
13770,14423,0,3
13929,14423,0,3
13769,14423,0,3
13928,14423,0,3
13610,14423,0,3
13930,14424,0,3
14089,14424,0,3
13929,14424,0,3
14088,14424,0,3
13928,14424,0,3
14087,14424,0,3
13929,14425,0,3
14088,14425,0,3
13928,14425,0,3
14087,14425,0,3
13771,14426,0,3
13930,14426,0,3
13770,14426,0,3
13929,14426,0,3
13771,14427,0,3
13930,14427,0,3
14089,14427,0,3
13770,14427,0,3
13929,14427,0,3
14088,14427,0,3
13928,14428,0,3
14087,14428,0,3
13927,14428,0,3
14086,14428,0,3
13926,14428,0,3
14085,14428,0,3
13928,14429,0,3
14087,14429,0,3
13927,14429,0,3
14086,14429,0,3
13926,14429,0,3
14085,14429,0,3
13928,14430,0,3
14087,14430,0,3
13927,14430,0,3
14086,14430,0,3
13771,14431,0,3
13930,14431,0,3
13770,14431,0,3
13929,14431,0,3
13928,14433,2,1
14087,14433,2,1
13927,14433,2,1
14086,14433,2,1
13927,14434,0,3
14086,14434,0,3
13926,14434,0,3
14085,14434,0,3
13771,14435,0,3
13930,14435,0,3
14089,14435,0,3
13770,14435,0,3
13929,14435,0,3
14088,14435,0,3
13928,14435,0,3
13770,14436,0,3
13929,14436,0,3
13769,14436,0,3
13928,14436,0,3
13771,14437,0,3
13612,14437,0,3
13611,14437,0,3
13770,14437,0,3
13929,14437,0,3
13769,14437,0,3
13610,14437,0,3
13611,14438,0,3
13770,14438,0,3
13769,14438,0,3
13610,14438,0,3
13930,14440,0,3
14089,14440,0,3
13929,14440,0,3
14088,14440,0,3
13771,14441,0,3
13930,14441,0,3
13770,14441,0,3
13929,14441,0,3
13930,14442,0,3
14089,14442,0,3
13929,14442,0,3
14088,14442,0,3
13930,14443,0,3
14089,14443,0,3
13929,14443,0,3
14088,14443,0,3
13930,14444,0,3
14089,14444,0,3
13929,14444,0,3
14088,14444,0,3
13928,14445,0,3
14087,14445,0,3
13927,14445,0,3
14086,14445,0,3
13926,14445,0,3
14085,14445,0,3
13928,14448,0,3
14087,14448,0,3
13927,14448,0,3
14086,14448,0,3
13929,14450,1,2
14088,14450,1,2
13928,14450,1,2
14087,14450,1,2
13927,14450,1,2
14086,14450,1,2
13931,14451,0,3
14090,14451,0,3
13930,14451,0,3
14089,14451,0,3
13929,14451,0,3
14088,14451,0,3
13772,14452,0,3
13931,14452,0,3
13771,14452,0,3
13930,14452,0,3
13770,14452,0,3
13929,14452,0,3
13453,14453,0,3
13612,14453,0,3
13452,14453,0,3
13611,14453,0,3
13772,14454,0,3
13771,14454,0,3
13613,14454,0,3
13612,14454,0,3
13930,14454,0,3
13772,14455,0,3
13931,14455,0,3
13771,14455,0,3
13930,14455,0,3
13614,14456,0,3
13772,14456,0,3
13771,14456,0,3
13613,14456,0,3
13612,14456,0,3
13295,14457,0,3
13454,14457,0,3
13613,14457,0,3
13294,14457,0,3
13453,14457,0,3
13612,14457,0,3
13455,14458,0,3
13614,14458,0,3
13454,14458,0,3
13613,14458,0,3
13772,14459,0,3
13931,14459,0,3
14090,14459,0,3
13771,14459,0,3
13930,14459,0,3
14089,14459,0,3
13293,14460,0,3
13452,14460,0,3
13292,14460,0,3
13451,14460,0,3
13453,14461,0,3
13293,14461,0,3
13452,14461,0,3
13611,14461,0,3
13292,14461,0,3
13451,14461,0,3
13933,14462,0,3
13773,14462,0,3
13932,14462,0,3
14091,14462,0,3
13931,14462,0,3
14090,14462,0,3
13293,14463,0,3
13452,14463,0,3
13133,14463,0,3
13292,14463,0,3
13451,14463,0,3
13291,14463,0,3
13450,14463,0,3
13932,14464,0,3
14091,14464,0,3
13772,14464,0,3
13931,14464,0,3
14090,14464,0,3
13453,14465,0,3
13612,14465,0,3
13452,14465,0,3
13611,14465,0,3
13770,14465,0,3
13610,14465,0,3
13453,14466,0,3
13612,14466,0,3
13452,14466,0,3
13611,14466,0,3
13451,14466,0,3
13610,14466,0,3
13772,14467,0,3
13931,14467,0,3
13771,14467,0,3
13613,14467,0,3
13612,14467,0,3
13930,14467,0,3
13772,14468,0,3
13931,14468,0,3
13771,14468,0,3
13613,14468,0,3
13612,14468,0,3
13930,14468,0,3
13933,14469,0,3
14092,14469,0,3
13932,14469,0,3
14091,14469,0,3
13931,14469,0,3
14090,14469,0,3
13771,14470,0,3
13612,14470,0,3
13611,14470,0,3
13770,14470,0,3
13772,14471,0,3
13771,14471,0,3
13612,14471,0,3
13611,14471,0,3
13930,14471,0,3
13770,14471,0,3
13772,14472,0,3
13771,14472,0,3
13613,14472,0,3
13612,14472,0,3
13454,14473,0,3
13613,14473,0,3
13294,14473,0,3
13453,14473,0,3
13612,14473,0,3
13452,14473,0,3
13611,14473,0,3
13295,14474,0,3
13454,14474,0,3
13294,14474,0,3
13453,14474,0,3
13612,14474,0,3
13293,14474,0,3
13452,14474,0,3
13772,14475,0,3
13771,14475,0,3
13613,14475,0,3
13612,14475,0,3
13614,14476,0,3
13773,14476,0,3
13772,14476,0,3
13613,14476,0,3
13931,14477,0,3
14090,14477,0,3
13930,14477,0,3
14089,14477,0,3
13614,14478,0,3
13773,14478,0,3
13772,14478,0,3
13613,14478,0,3
13453,14479,0,3
13612,14479,0,3
13452,14479,0,3
13611,14479,0,3
13455,14480,0,3
13614,14480,0,3
13773,14480,0,3
13772,14480,0,3
13454,14480,0,3
13613,14480,0,3
13455,14481,0,3
13614,14481,0,3
13454,14481,0,3
13613,14481,0,3
13772,14482,0,3
13771,14482,0,3
13613,14482,0,3
13612,14482,0,3
13932,14483,0,3
14091,14483,0,3
13931,14483,0,3
14090,14483,0,3
13774,14484,0,3
13933,14484,0,3
14092,14484,0,3
13773,14484,0,3
13932,14484,0,3
14091,14484,0,3
13931,14484,0,3
13771,14485,0,3
13612,14485,0,3
13611,14485,0,3
13770,14485,0,3
13771,14486,0,3
13612,14486,0,3
13611,14486,0,3
13770,14486,0,3
13771,14487,0,3
13612,14487,0,3
13611,14487,0,3
13770,14487,0,3
13614,14488,0,3
13773,14488,0,3
13772,14488,0,3
13931,14488,0,3
13771,14488,0,3
13613,14488,0,3
13612,14488,0,3
13455,14489,0,3
13614,14489,0,3
13454,14489,0,3
13613,14489,0,3
13933,14490,0,3
14092,14490,0,3
13932,14490,0,3
14091,14490,0,3
13931,14490,0,3
14090,14490,0,3
13773,14491,0,3
13932,14491,0,3
13772,14491,0,3
13931,14491,0,3
13771,14491,0,3
13930,14491,0,3
13294,14492,0,3
13453,14492,0,3
13612,14492,0,3
13293,14492,0,3
13452,14492,0,3
13611,14492,0,3
13932,14493,0,3
14091,14493,0,3
13931,14493,0,3
14090,14493,0,3
13614,14494,0,3
13773,14494,0,3
13772,14494,0,3
13613,14494,0,3
13771,14495,0,3
13453,14495,0,3
13612,14495,0,3
13452,14495,0,3
13611,14495,0,3
13770,14495,0,3
13772,14496,0,3
13771,14496,0,3
13613,14496,0,3
13612,14496,0,3
13611,14496,0,3
13770,14496,0,3
13614,14497,0,3
13773,14497,0,3
13772,14497,0,3
13613,14497,0,3
13294,14498,0,3
13453,14498,0,3
13293,14498,0,3
13452,14498,0,3
13773,14499,0,3
13932,14499,0,3
13772,14499,0,3
13931,14499,0,3
13771,14499,0,3
13930,14499,0,3
13614,14500,0,3
13773,14500,0,3
13772,14500,0,3
13771,14500,0,3
13613,14500,0,3
13612,14500,0,3
13772,14501,0,3
13771,14501,0,3
13613,14501,0,3
13453,14501,0,3
13612,14501,0,3
13611,14501,0,3
13770,14501,0,3
13293,14502,0,3
13452,14502,0,3
13611,14502,0,3
13292,14502,0,3
13451,14502,0,3
13610,14502,0,3
13773,14503,0,3
13932,14503,0,3
13772,14503,0,3
13931,14503,0,3
14090,14503,0,3
13771,14503,0,3
13930,14503,0,3
13772,14504,0,3
13931,14504,0,3
13771,14504,0,3
13930,14504,0,3
13774,14505,0,3
13933,14505,0,3
13773,14505,0,3
13932,14505,0,3
14091,14505,0,3
13772,14505,0,3
13931,14505,0,3
13771,14506,0,3
13453,14506,0,3
13612,14506,0,3
13611,14506,0,3
13770,14506,0,3
13455,14507,0,3
13614,14507,0,3
13773,14507,0,3
13772,14507,0,3
13454,14507,0,3
13613,14507,0,3
13293,14508,0,3
13452,14508,0,3
13611,14508,0,3
13292,14508,0,3
13451,14508,0,3
13610,14508,0,3
13453,14509,0,3
13612,14509,0,3
13452,14509,0,3
13611,14509,0,3
13772,14510,0,3
13771,14510,0,3
13613,14510,0,3
13612,14510,0,3
13296,14511,0,3
13455,14511,0,3
13614,14511,0,3
13295,14511,0,3
13454,14511,0,3
13613,14511,0,3
13293,14512,0,3
13452,14512,0,3
13292,14512,0,3
13451,14512,0,3
13932,14513,0,3
14091,14513,0,3
13931,14513,0,3
14090,14513,0,3
13930,14513,0,3
13932,14514,0,3
14091,14514,0,3
13931,14514,0,3
14090,14514,0,3
13772,14515,0,3
13931,14515,0,3
14090,14515,0,3
13771,14515,0,3
13930,14515,0,3
14089,14515,0,3
13293,14516,0,3
13133,14516,0,3
13292,14516,0,3
13451,14516,0,3
13132,14516,0,3
13291,14516,0,3
13450,14516,0,3
13931,14517,0,3
14090,14517,0,3
13930,14517,0,3
14089,14517,0,3
13772,14518,0,3
13931,14518,0,3
13771,14518,0,3
13930,14518,0,3
13772,14519,0,3
13771,14519,0,3
13613,14519,0,3
13612,14519,0,3
13611,14519,0,3
13770,14519,0,3
13772,14520,0,3
13931,14520,0,3
13771,14520,0,3
13930,14520,0,3
13614,14521,0,3
13773,14521,0,3
13772,14521,0,3
13771,14521,0,3
13613,14521,0,3
13612,14521,0,3
13773,14522,0,3
13772,14522,0,3
13931,14522,0,3
13771,14522,0,3
13613,14522,0,3
13612,14522,0,3
13773,14523,0,3
13932,14523,0,3
13772,14523,0,3
13931,14523,0,3
13772,14524,0,3
13771,14524,0,3
13454,14524,0,3
13613,14524,0,3
13453,14524,0,3
13612,14524,0,3
13773,14525,0,3
13932,14525,0,3
13772,14525,0,3
13931,14525,0,3
13771,14525,0,3
13930,14525,0,3
13295,14526,0,3
13454,14526,0,3
13294,14526,0,3
13453,14526,0,3
13612,14526,0,3
13293,14526,0,3
13452,14526,0,3
13453,14527,0,3
13612,14527,0,3
13452,14527,0,3
13611,14527,0,3
13454,14528,0,3
13294,14528,0,3
13453,14528,0,3
13612,14528,0,3
13293,14528,0,3
13452,14528,0,3
13773,14529,0,3
13932,14529,0,3
14091,14529,0,3
13772,14529,0,3
13931,14529,0,3
14090,14529,0,3
13772,14530,0,3
13771,14530,0,3
13613,14530,0,3
13612,14530,0,3
13614,14531,0,3
13773,14531,0,3
13932,14531,0,3
13772,14531,0,3
13931,14531,0,3
13771,14531,0,3
13613,14531,0,3
13771,14532,0,3
13454,14532,0,3
13613,14532,0,3
13453,14532,0,3
13612,14532,0,3
13611,14532,0,3
13614,14533,0,3
13773,14533,0,3
13772,14533,0,3
13771,14533,0,3
13613,14533,0,3
13612,14533,0,3
13293,14534,0,3
13452,14534,0,3
13292,14534,0,3
13451,14534,0,3
13933,14535,0,3
13773,14535,0,3
13932,14535,0,3
14091,14535,0,3
13772,14535,0,3
13931,14535,0,3
14090,14535,0,3
13293,14536,0,3
13452,14536,0,3
13292,14536,0,3
13451,14536,0,3
13291,14536,0,3
13772,14537,0,3
13771,14537,0,3
13613,14537,0,3
13612,14537,0,3
13296,14538,0,3
13455,14538,0,3
13295,14538,0,3
13454,14538,0,3
13294,14538,0,3
13453,14538,0,3
13772,14539,0,3
13771,14539,0,3
13454,14539,0,3
13613,14539,0,3
13453,14539,0,3
13612,14539,0,3
13611,14539,0,3
13454,14540,0,3
13613,14540,0,3
13453,14540,0,3
13612,14540,0,3
13455,14541,0,3
13614,14541,0,3
13454,14541,0,3
13613,14541,0,3
13772,14542,0,3
13931,14542,0,3
13771,14542,0,3
13612,14542,0,3
13930,14542,0,3
13770,14542,0,3
13293,14543,0,3
13452,14543,0,3
13611,14543,0,3
13292,14543,0,3
13451,14543,0,3
13610,14543,0,3
13456,14544,0,3
13615,14544,0,3
13455,14544,0,3
13614,14544,0,3
13454,14544,0,3
13613,14544,0,3
13614,14545,0,3
13773,14545,0,3
13772,14545,0,3
13771,14545,0,3
13613,14545,0,3
13612,14545,0,3
13293,14546,0,3
13452,14546,0,3
13611,14546,0,3
13292,14546,0,3
13451,14546,0,3
13610,14546,0,3
13772,14547,0,3
13931,14547,0,3
13771,14547,0,3
13930,14547,0,3
13770,14547,0,3
13929,14547,0,3
13772,14548,0,3
13931,14548,0,3
13771,14548,0,3
13930,14548,0,3
13770,14548,0,3
13929,14548,0,3
13771,14549,0,3
13612,14549,0,3
13611,14549,0,3
13770,14549,0,3
13772,14550,0,3
13931,14550,0,3
14090,14550,0,3
13771,14550,0,3
13930,14550,0,3
14089,14550,0,3
13455,14551,0,3
13614,14551,0,3
13454,14551,0,3
13613,14551,0,3
13455,14552,0,3
13614,14552,0,3
13454,14552,0,3
13613,14552,0,3
13772,14553,0,3
13771,14553,0,3
13454,14553,0,3
13613,14553,0,3
13453,14553,0,3
13612,14553,0,3
13771,14554,0,3
13612,14554,0,3
13611,14554,0,3
13770,14554,0,3
13453,14555,0,3
13612,14555,0,3
13452,14555,0,3
13611,14555,0,3
13770,14555,0,3
13610,14555,0,3
13455,14556,0,3
13614,14556,0,3
13454,14556,0,3
13613,14556,0,3
13772,14557,0,3
13771,14557,0,3
13613,14557,0,3
13612,14557,0,3
13453,14558,0,3
13612,14558,0,3
13452,14558,0,3
13611,14558,0,3
13451,14558,0,3
13772,14559,0,3
13771,14559,0,3
13612,14559,0,3
13611,14559,0,3
13930,14559,0,3
13770,14559,0,3
13929,14559,0,3
13772,14560,0,3
13931,14560,0,3
13771,14560,0,3
13930,14560,0,3
13294,14561,0,3
13453,14561,0,3
13612,14561,0,3
13293,14561,0,3
13452,14561,0,3
13611,14561,0,3
13772,14562,0,3
13771,14562,0,3
13613,14562,0,3
13612,14562,0,3
13772,14563,0,3
13454,14563,0,3
13613,14563,0,3
13453,14563,0,3
13612,14563,0,3
13614,14564,0,3
13773,14564,0,3
13772,14564,0,3
13613,14564,0,3
13455,14565,0,3
13614,14565,0,3
13454,14565,0,3
13613,14565,0,3
13453,14565,0,3
13612,14565,0,3
13772,14566,0,3
13931,14566,0,3
13771,14566,0,3
13612,14566,0,3
13930,14566,0,3
13772,14567,0,3
13771,14567,0,3
13454,14567,0,3
13613,14567,0,3
13453,14567,0,3
13612,14567,0,3
13455,14568,0,3
13614,14568,0,3
13454,14568,0,3
13613,14568,0,3
13933,14569,0,3
14092,14569,0,3
13932,14569,0,3
14091,14569,0,3
13931,14569,0,3
14090,14569,0,3
13614,14570,0,3
13773,14570,0,3
13772,14570,0,3
13771,14570,0,3
13613,14570,0,3
13612,14570,0,3
13773,14571,0,3
13772,14571,0,3
13931,14571,0,3
13771,14571,0,3
13613,14571,0,3
13612,14571,0,3
13772,14572,0,3
13771,14572,0,3
13613,14572,0,3
13612,14572,0,3
13773,14573,0,3
13932,14573,0,3
13772,14573,0,3
13931,14573,0,3
13771,14573,0,3
13930,14573,0,3
13453,14574,0,3
13612,14574,0,3
13452,14574,0,3
13611,14574,0,3
13451,14574,0,3
13610,14574,0,3
13932,14575,0,3
14091,14575,0,3
13931,14575,0,3
14090,14575,0,3
13455,14576,0,3
13614,14576,0,3
13454,14576,0,3
13613,14576,0,3
13453,14576,0,3
13612,14576,0,3
13294,14577,0,3
13453,14577,0,3
13612,14577,0,3
13293,14577,0,3
13452,14577,0,3
13611,14577,0,3
13451,14577,0,3
13614,14578,0,3
13773,14578,0,3
13772,14578,0,3
13771,14578,0,3
13613,14578,0,3
13612,14578,0,3
13771,14579,0,3
13453,14579,0,3
13612,14579,0,3
13611,14579,0,3
13770,14579,0,3
13771,14580,0,3
13612,14580,0,3
13611,14580,0,3
13770,14580,0,3
13772,14581,0,3
13771,14581,0,3
13454,14581,0,3
13613,14581,0,3
13453,14581,0,3
13612,14581,0,3
13454,14582,0,3
13453,14582,0,3
13612,14582,0,3
13452,14582,0,3
13611,14582,0,3
13614,14583,0,3
13773,14583,0,3
13772,14583,0,3
13613,14583,0,3
13293,14584,0,3
13452,14584,0,3
13292,14584,0,3
13451,14584,0,3
13291,14584,0,3
13450,14584,0,3
13293,14585,0,3
13452,14585,0,3
13292,14585,0,3
13451,14585,0,3
13933,14586,0,3
14092,14586,0,3
13932,14586,0,3
14091,14586,0,3
13931,14586,0,3
14090,14586,0,3
13771,14587,0,3
13453,14587,0,3
13612,14587,0,3
13452,14587,0,3
13611,14587,0,3
13770,14587,0,3
13454,14588,0,3
13294,14588,0,3
13453,14588,0,3
13612,14588,0,3
13293,14588,0,3
13452,14588,0,3
13611,14588,0,3
13453,14589,0,3
13612,14589,0,3
13293,14589,0,3
13452,14589,0,3
13611,14589,0,3
13451,14589,0,3
13772,14590,0,3
13771,14590,0,3
13613,14590,0,3
13612,14590,0,3
13932,14591,0,3
14091,14591,0,3
13931,14591,0,3
14090,14591,0,3
13771,14592,0,3
13612,14592,0,3
13611,14592,0,3
13770,14592,0,3
13773,14593,0,3
13932,14593,0,3
13772,14593,0,3
13931,14593,0,3
13771,14593,0,3
13613,14593,0,3
13930,14593,0,3
13293,14594,0,3
13452,14594,0,3
13292,14594,0,3
13451,14594,0,3
13291,14594,0,3
13450,14594,0,3
13772,14595,0,3
13931,14595,0,3
14090,14595,0,3
13771,14595,0,3
13930,14595,0,3
14089,14595,0,3
13453,14596,0,3
13612,14596,0,3
13452,14596,0,3
13611,14596,0,3
13773,14597,0,3
13772,14597,0,3
13931,14597,0,3
13771,14597,0,3
13613,14597,0,3
13612,14597,0,3
13930,14597,0,3
13772,14598,0,3
13771,14598,0,3
13613,14598,0,3
13612,14598,0,3
13294,14599,0,3
13453,14599,0,3
13293,14599,0,3
13452,14599,0,3
13772,14600,0,3
13771,14600,0,3
13613,14600,0,3
13612,14600,0,3
13772,14601,0,3
13931,14601,0,3
14090,14601,0,3
13771,14601,0,3
13930,14601,0,3
14089,14601,0,3
13614,14602,0,3
13773,14602,0,3
13772,14602,0,3
13613,14602,0,3
13614,14603,0,3
13773,14603,0,3
13772,14603,0,3
13771,14603,0,3
13613,14603,0,3
13612,14603,0,3
13293,14604,0,3
13452,14604,0,3
13292,14604,0,3
13451,14604,0,3
13931,14605,0,3
14090,14605,0,3
13930,14605,0,3
14089,14605,0,3
13453,14606,0,3
13612,14606,0,3
13452,14606,0,3
13611,14606,0,3
13772,14607,0,3
13931,14607,0,3
13771,14607,0,3
13612,14607,0,3
13930,14607,0,3
13770,14607,0,3
13929,14607,0,3
13773,14608,0,3
13932,14608,0,3
14091,14608,0,3
13772,14608,0,3
13931,14608,0,3
14090,14608,0,3
13456,14609,0,3
13615,14609,0,3
13455,14609,0,3
13614,14609,0,3
13454,14609,0,3
13613,14609,0,3
13453,14610,0,3
13612,14610,0,3
13452,14610,0,3
13611,14610,0,3
13773,14611,0,3
13932,14611,0,3
14091,14611,0,3
13772,14611,0,3
13931,14611,0,3
14090,14611,0,3
13454,14612,0,3
13613,14612,0,3
13453,14612,0,3
13612,14612,0,3
13452,14612,0,3
13611,14612,0,3
13455,14613,0,3
13614,14613,0,3
13772,14613,0,3
13454,14613,0,3
13613,14613,0,3
13453,14613,0,3
13612,14613,0,3
13294,14614,0,3
13453,14614,0,3
13612,14614,0,3
13452,14614,0,3
13611,14614,0,3
13614,14615,0,3
13773,14615,0,3
13772,14615,0,3
13613,14615,0,3
13455,14616,0,3
13614,14616,0,3
13454,14616,0,3
13613,14616,0,3
13294,14617,0,3
13453,14617,0,3
13612,14617,0,3
13293,14617,0,3
13452,14617,0,3
13611,14617,0,3
13451,14617,0,3
13614,14618,0,3
13773,14618,0,3
13772,14618,0,3
13771,14618,0,3
13613,14618,0,3
13612,14618,0,3
13614,14619,0,3
13773,14619,0,3
13772,14619,0,3
13771,14619,0,3
13613,14619,0,3
13612,14619,0,3
13614,14620,0,3
13773,14620,0,3
13772,14620,0,3
13771,14620,0,3
13613,14620,0,3
13612,14620,0,3
13772,14621,0,3
13931,14621,0,3
13771,14621,0,3
13612,14621,0,3
13930,14621,0,3
13770,14621,0,3
13929,14621,0,3
13293,14622,0,3
13133,14622,0,3
13292,14622,0,3
13451,14622,0,3
13132,14622,0,3
13291,14622,0,3
13450,14622,0,3
13933,14623,0,3
14092,14623,0,3
13932,14623,0,3
14091,14623,0,3
13931,14623,0,3
14090,14623,0,3
13772,14624,0,3
13771,14624,0,3
13613,14624,0,3
13612,14624,0,3
13293,14625,0,3
13452,14625,0,3
13611,14625,0,3
13292,14625,0,3
13451,14625,0,3
13610,14625,0,3
13773,14626,0,3
13932,14626,0,3
13772,14626,0,3
13931,14626,0,3
14251,14627,0,3
14092,14627,0,3
14091,14627,0,3
14090,14627,0,3
14250,14627,0,3
14249,14627,0,3
14090,14628,0,3
14249,14628,0,3
14248,14628,0,3
14089,14628,0,3
13931,14629,0,3
14090,14629,0,3
14249,14629,0,3
14248,14629,0,3
13930,14629,0,3
14089,14629,0,3
14251,14630,0,3
14410,14630,0,3
14569,14630,0,3
14250,14630,0,3
14409,14630,0,3
14568,14630,0,3
13932,14631,0,3
14091,14631,0,3
13931,14631,0,3
14090,14631,0,3
14250,14631,0,3
14249,14631,0,3
14408,14632,0,3
14567,14632,0,3
14407,14632,0,3
14566,14632,0,3
14091,14633,0,3
14090,14633,0,3
14250,14633,0,3
14249,14633,0,3
14090,14634,0,3
14249,14634,0,3
14248,14634,0,3
14089,14634,0,3
14091,14635,0,3
14090,14635,0,3
14250,14635,0,3
14249,14635,0,3
14248,14635,0,3
14089,14635,0,3
14410,14636,0,3
14569,14636,0,3
14409,14636,0,3
14568,14636,0,3
14408,14636,0,3
14567,14636,0,3
14410,14637,0,3
14569,14637,0,3
14409,14637,0,3
14568,14637,0,3
14408,14637,0,3
14567,14637,0,3
14250,14638,0,3
14409,14638,0,3
14249,14638,0,3
14408,14638,0,3
13932,14639,0,3
14091,14639,0,3
13931,14639,0,3
14090,14639,0,3
14250,14639,0,3
14249,14639,0,3
14251,14640,0,3
14410,14640,0,3
14250,14640,0,3
14409,14640,0,3
14249,14640,0,3
14408,14640,0,3
13933,14641,0,3
14092,14641,0,3
13932,14641,0,3
14091,14641,0,3
13931,14641,0,3
14090,14641,0,3
14250,14641,0,3
14251,14642,0,3
14410,14642,0,3
14250,14642,0,3
14409,14642,0,3
14091,14643,0,3
14090,14643,0,3
14250,14643,0,3
14249,14643,0,3
14090,14644,0,3
14249,14644,0,3
14248,14644,0,3
14089,14644,0,3
14250,14645,0,3
14409,14645,0,3
14249,14645,0,3
14408,14645,0,3
14410,14646,0,3
14569,14646,0,3
14409,14646,0,3
14568,14646,0,3
14410,14647,0,3
14569,14647,0,3
14250,14647,0,3
14409,14647,0,3
14568,14647,0,3
14408,14647,0,3
14567,14647,0,3
14409,14649,0,3
14568,14649,0,3
14408,14649,0,3
14567,14649,0,3
13931,14650,0,3
14090,14650,0,3
14249,14650,0,3
14248,14650,0,3
13930,14650,0,3
14089,14650,0,3
14250,14651,0,3
14409,14651,0,3
14249,14651,0,3
14408,14651,0,3
14251,14652,0,3
14092,14652,0,3
14091,14652,0,3
14250,14652,0,3
14410,14653,0,3
14569,14653,0,3
14409,14653,0,3
14568,14653,0,3
14410,14654,0,3
14569,14654,0,3
14250,14654,0,3
14409,14654,0,3
14568,14654,0,3
14409,14655,0,3
14568,14655,0,3
14408,14655,0,3
14567,14655,0,3
14251,14656,0,3
14410,14656,0,3
14569,14656,0,3
14250,14656,0,3
14409,14656,0,3
14568,14656,0,3
14250,14657,0,3
14409,14657,0,3
14249,14657,0,3
14408,14657,0,3
14248,14657,0,3
14407,14657,0,3
14250,14658,0,3
14409,14658,0,3
14568,14658,0,3
14249,14658,0,3
14408,14658,0,3
14567,14658,0,3
14090,14659,0,3
14249,14659,0,3
14408,14659,0,3
14248,14659,0,3
14407,14659,0,3
14089,14659,0,3
14090,14660,0,3
14249,14660,0,3
14248,14660,0,3
14089,14660,0,3
14251,14661,0,3
14410,14661,0,3
14569,14661,0,3
14250,14661,0,3
14409,14661,0,3
14568,14661,0,3
14251,14662,0,3
14410,14662,0,3
14250,14662,0,3
14409,14662,0,3
14249,14662,0,3
14408,14662,0,3
14409,14663,0,3
14568,14663,0,3
14249,14663,0,3
14408,14663,0,3
14567,14663,0,3
14407,14663,0,3
14566,14663,0,3
14409,14664,0,3
14568,14664,0,3
14408,14664,0,3
14567,14664,0,3
14726,14664,0,3
14407,14664,0,3
14566,14664,0,3
14251,14665,0,3
14410,14665,0,3
14250,14665,0,3
14409,14665,0,3
14091,14666,0,3
14090,14666,0,3
14250,14666,0,3
14249,14666,0,3
14248,14666,0,3
14089,14666,0,3
14250,14667,0,3
14409,14667,0,3
14249,14667,0,3
14408,14667,0,3
13931,14668,0,3
14090,14668,0,3
14249,14668,0,3
14248,14668,0,3
13930,14668,0,3
14089,14668,0,3
14250,14670,0,3
14409,14670,0,3
14568,14670,0,3
14249,14670,0,3
14408,14670,0,3
14567,14670,0,3
14091,14671,0,3
14090,14671,0,3
14250,14671,0,3
14249,14671,0,3
14410,14672,0,3
14569,14672,0,3
14409,14672,0,3
14568,14672,0,3
14408,14672,0,3
14567,14672,0,3
13932,14673,0,3
14091,14673,0,3
13931,14673,0,3
14090,14673,0,3
14249,14673,0,3
13932,14674,0,3
14091,14674,0,3
13931,14674,0,3
14090,14674,0,3
14249,14674,0,3
13930,14674,0,3
14089,14674,0,3
14250,14675,0,3
14409,14675,0,3
14249,14675,0,3
14408,14675,0,3
14251,14676,0,3
14410,14676,0,3
14250,14676,0,3
14409,14676,0,3
14249,14676,0,3
14408,14676,0,3
14408,14677,0,3
14567,14677,0,3
14407,14677,0,3
14566,14677,0,3
14410,14678,0,3
14569,14678,0,3
14409,14678,0,3
14568,14678,0,3
14410,14679,0,3
14569,14679,0,3
14409,14679,0,3
14568,14679,0,3
14409,14681,1,2
14568,14681,1,2
14727,14681,1,2
14408,14681,1,2
14567,14681,1,2
14726,14681,1,2
14090,14682,0,3
14249,14682,0,3
14408,14682,0,3
14248,14682,0,3
14407,14682,0,3
14089,14682,0,3
14251,14683,0,3
14410,14683,0,3
14250,14683,0,3
14409,14683,0,3
14251,14684,0,3
14410,14684,0,3
14250,14684,0,3
14409,14684,0,3
14249,14684,0,3
14408,14684,0,3
14091,14685,0,3
14090,14685,0,3
14250,14685,0,3
14409,14685,0,3
14249,14685,0,3
14408,14685,0,3
14248,14685,0,3
14251,14686,0,3
14410,14686,0,3
14250,14686,0,3
14409,14686,0,3
14249,14686,0,3
14408,14686,0,3
14251,14687,0,3
14410,14687,0,3
14250,14687,0,3
14409,14687,0,3
14249,14687,0,3
14408,14687,0,3
14090,14688,0,3
14249,14688,0,3
14248,14688,0,3
14089,14688,0,3
14091,14689,0,3
14090,14689,0,3
14250,14689,0,3
14249,14689,0,3
14248,14689,0,3
14089,14689,0,3
14251,14690,0,3
14410,14690,0,3
14569,14690,0,3
14250,14690,0,3
14409,14690,0,3
14568,14690,0,3
14408,14690,0,3
14408,14691,0,3
14567,14691,0,3
14407,14691,0,3
14566,14691,0,3
14092,14692,0,3
13932,14692,0,3
14091,14692,0,3
13931,14692,0,3
14090,14692,0,3
14250,14692,0,3
14410,14693,0,3
14569,14693,0,3
14409,14693,0,3
14568,14693,0,3
14408,14693,0,3
14567,14693,0,3
13932,14694,0,3
14091,14694,0,3
13931,14694,0,3
14090,14694,0,3
14250,14694,0,3
14249,14694,0,3
14090,14695,0,3
14250,14695,0,3
14249,14695,0,3
14408,14695,0,3
14248,14695,0,3
14407,14695,0,3
14089,14695,0,3
14410,14697,0,3
14250,14697,0,3
14409,14697,0,3
14568,14697,0,3
14249,14697,0,3
14408,14697,0,3
14567,14697,0,3
14251,14698,0,3
14410,14698,0,3
14250,14698,0,3
14409,14698,0,3
14090,14699,0,3
14250,14699,0,3
14249,14699,0,3
14408,14699,0,3
14248,14699,0,3
14407,14699,0,3
14089,14699,0,3
13931,14700,0,3
14090,14700,0,3
14249,14700,0,3
14248,14700,0,3
13930,14700,0,3
14089,14700,0,3
14250,14701,0,3
14409,14701,0,3
14249,14701,0,3
14408,14701,0,3
13931,14702,0,3
14090,14702,0,3
14249,14702,0,3
14248,14702,0,3
13930,14702,0,3
14089,14702,0,3
14250,14703,0,3
14409,14703,0,3
14249,14703,0,3
14408,14703,0,3
14407,14703,0,3
14409,14704,0,3
14568,14704,0,3
14727,14704,0,3
14408,14704,0,3
14567,14704,0,3
14726,14704,0,3
14409,14705,0,3
14568,14705,0,3
14408,14705,0,3
14567,14705,0,3
14091,14706,0,3
14090,14706,0,3
14250,14706,0,3
14249,14706,0,3
14248,14706,0,3
14089,14706,0,3
14091,14707,0,3
13931,14707,0,3
14090,14707,0,3
14250,14707,0,3
14249,14707,0,3
14248,14707,0,3
14089,14707,0,3
14410,14708,0,3
14569,14708,0,3
14409,14708,0,3
14568,14708,0,3
14408,14708,0,3
14567,14708,0,3
14249,14709,0,3
14408,14709,0,3
14248,14709,0,3
14407,14709,0,3
14250,14710,0,3
14409,14710,0,3
14249,14710,0,3
14408,14710,0,3
14409,14711,2,1
14568,14711,2,1
14727,14711,2,1
14408,14711,2,1
14567,14711,2,1
14726,14711,2,1
14091,14712,0,3
14090,14712,0,3
14250,14712,0,3
14249,14712,0,3
14408,14712,0,3
14250,14713,0,3
14409,14713,0,3
14568,14713,0,3
14249,14713,0,3
14408,14713,0,3
14567,14713,0,3
14409,14714,0,3
14408,14714,0,3
14567,14714,0,3
14407,14714,0,3
14566,14714,0,3
14090,14715,0,3
14249,14715,0,3
14408,14715,0,3
14248,14715,0,3
14407,14715,0,3
14089,14715,0,3
14090,14717,0,3
14250,14717,0,3
14249,14717,0,3
14408,14717,0,3
14248,14717,0,3
14089,14717,0,3
14249,14718,0,3
14408,14718,0,3
14248,14718,0,3
14407,14718,0,3
14410,14719,0,3
14569,14719,0,3
14409,14719,0,3
14568,14719,0,3
14408,14719,0,3
14250,14720,0,3
14409,14720,0,3
14249,14720,0,3
14408,14720,0,3
14408,14722,0,3
14567,14722,0,3
14407,14722,0,3
14566,14722,0,3
14251,14724,0,3
14410,14724,0,3
14569,14724,0,3
14250,14724,0,3
14409,14724,0,3
14568,14724,0,3
14251,14725,0,3
14092,14725,0,3
14091,14725,0,3
14090,14725,0,3
14250,14725,0,3
14249,14725,0,3
14410,14726,0,3
14250,14726,0,3
14409,14726,0,3
14568,14726,0,3
14249,14726,0,3
14408,14726,0,3
14567,14726,0,3
14251,14727,0,3
14410,14727,0,3
14250,14727,0,3
14409,14727,0,3
14250,14728,0,3
14409,14728,0,3
14568,14728,0,3
14249,14728,0,3
14408,14728,0,3
14567,14728,0,3
14251,14729,0,3
14410,14729,0,3
14250,14729,0,3
14409,14729,0,3
14249,14729,0,3
14408,14729,0,3
14251,14730,0,3
14410,14730,0,3
14569,14730,0,3
14250,14730,0,3
14409,14730,0,3
14568,14730,0,3
14250,14732,0,3
14409,14732,0,3
14249,14732,0,3
14408,14732,0,3
15048,14737,0,3
15207,14737,0,3
15047,14737,0,3
15206,14737,0,3
14887,14744,0,3
15046,14744,0,3
14886,14744,0,3
15045,14744,0,3
14885,14744,0,3
15044,14744,0,3
14889,14746,0,3
15048,14746,0,3
15207,14746,0,3
14888,14746,0,3
15047,14746,0,3
15206,14746,0,3
15046,14748,0,3
15205,14748,0,3
14886,14748,0,3
15045,14748,0,3
15204,14748,0,3
15044,14748,0,3
15203,14748,0,3
15206,14751,0,3
15365,14751,0,3
15364,14751,0,3
15363,14751,0,3
15205,14751,0,3
15204,14751,0,3
15045,14752,0,3
15204,14752,0,3
14885,14752,0,3
15044,14752,0,3
15203,14752,0,3
15046,14753,0,3
15205,14753,0,3
15045,14753,0,3
15204,14753,0,3
15046,14754,0,3
15205,14754,0,3
15045,14754,0,3
15204,14754,0,3
15044,14754,0,3
15203,14754,0,3
15207,14755,0,3
15206,14755,0,3
15366,14755,0,3
15365,14755,0,3
15364,14755,0,3
15205,14755,0,3
14885,14757,2,1
15044,14757,2,1
15203,14757,2,1
14884,14757,2,1
15043,14757,2,1
15202,14757,2,1
15046,14758,0,3
15205,14758,0,3
15045,14758,0,3
15204,14758,0,3
14885,14760,1,2
15044,14760,1,2
15203,14760,1,2
14884,14760,1,2
15043,14760,1,2
15202,14760,1,2
14889,14763,0,3
15048,14763,0,3
14888,14763,0,3
15047,14763,0,3
15046,14763,0,3
15363,14765,0,3
15046,14765,0,3
15205,14765,0,3
15045,14765,0,3
15204,14765,0,3
15047,14766,0,3
15206,14766,0,3
15365,14766,0,3
15364,14766,0,3
15046,14766,0,3
15205,14766,0,3
14889,14767,0,3
15048,14767,0,3
14888,14767,0,3
15047,14767,0,3
14887,14767,0,3
15046,14767,0,3
14886,14770,0,3
15045,14770,0,3
15204,14770,0,3
14885,14770,0,3
15044,14770,0,3
15203,14770,0,3
15043,14770,0,3
14889,14771,0,3
15048,14771,0,3
14888,14771,0,3
15047,14771,0,3
14887,14771,0,3
15046,14771,0,3
14886,14772,0,3
15045,14772,0,3
14885,14772,0,3
15044,14772,0,3
14886,14773,0,3
15045,14773,0,3
15204,14773,0,3
14885,14773,0,3
15044,14773,0,3
15203,14773,0,3
14885,14775,0,3
15044,14775,0,3
15203,14775,0,3
15043,14775,0,3
15202,14775,0,3
15045,14777,0,3
15204,14777,0,3
15044,14777,0,3
15203,14777,0,3
15206,14778,0,3
15365,14778,0,3
15364,14778,0,3
15205,14778,0,3
15207,14779,0,3
15206,14779,0,3
15365,14779,0,3
15364,14779,0,3
15205,14779,0,3
15045,14780,0,3
15204,14780,0,3
15044,14780,0,3
15203,14780,0,3
15043,14780,0,3
15202,14780,0,3
15364,14782,0,3
15363,14782,0,3
15046,14782,0,3
15205,14782,0,3
15045,14782,0,3
15204,14782,0,3
15206,14784,0,3
15365,14784,0,3
15364,14784,0,3
15205,14784,0,3
15364,14788,0,3
15363,14788,0,3
15046,14788,0,3
15205,14788,0,3
15045,14788,0,3
15204,14788,0,3
15045,14790,0,3
15204,14790,0,3
15044,14790,0,3
15203,14790,0,3
15047,14791,0,3
15046,14791,0,3
15205,14791,0,3
15045,14791,0,3
15204,14791,0,3
14887,14793,1,2
15046,14793,1,2
14886,14793,1,2
15045,14793,1,2
14885,14793,1,2
15044,14793,1,2
15047,14795,0,3
15206,14795,0,3
15364,14795,0,3
15046,14795,0,3
15205,14795,0,3
15204,14795,0,3
15207,14797,0,3
15206,14797,0,3
15366,14797,0,3
15365,14797,0,3
15364,14797,0,3
15205,14797,0,3
15044,14801,0,3
15203,14801,0,3
15043,14801,0,3
15202,14801,0,3
15047,14802,0,3
15206,14802,0,3
15046,14802,0,3
15205,14802,0,3
14886,14803,0,3
15045,14803,0,3
15204,14803,0,3
14885,14803,0,3
15044,14803,0,3
15203,14803,0,3
15206,14806,0,3
15365,14806,0,3
15364,14806,0,3
15205,14806,0,3
15046,14807,0,3
15205,14807,0,3
15045,14807,0,3
15204,14807,0,3
15044,14811,0,3
15203,14811,0,3
15043,14811,0,3
15202,14811,0,3
15206,14812,0,3
15364,14812,0,3
15363,14812,0,3
15046,14812,0,3
15205,14812,0,3
15045,14812,0,3
15204,14812,0,3
15047,14813,0,3
15206,14813,0,3
15364,14813,0,3
15046,14813,0,3
15205,14813,0,3
15045,14813,0,3
15204,14813,0,3
14889,14814,0,3
15048,14814,0,3
15207,14814,0,3
14888,14814,0,3
15047,14814,0,3
15206,14814,0,3
15046,14814,0,3
15046,14816,0,3
15205,14816,0,3
15045,14816,0,3
15204,14816,0,3
15046,14817,0,3
15205,14817,0,3
15045,14817,0,3
15204,14817,0,3
15044,14817,0,3
15203,14817,0,3
15045,14819,0,3
14885,14819,0,3
15044,14819,0,3
15203,14819,0,3
14884,14819,0,3
15043,14819,0,3
15202,14819,0,3
15363,14820,0,3
15046,14820,0,3
15205,14820,0,3
15045,14820,0,3
15204,14820,0,3
15044,14820,0,3
15203,14820,0,3
14730,14822,0,3
14889,14822,0,3
15048,14822,0,3
14729,14822,0,3
14888,14822,0,3
15047,14822,0,3
14887,14823,1,2
15046,14823,1,2
15205,14823,1,2
14886,14823,1,2
15045,14823,1,2
15204,14823,1,2
15046,14825,0,3
15205,14825,0,3
15045,14825,0,3
15204,14825,0,3
15046,14828,0,3
15205,14828,0,3
15045,14828,0,3
15204,14828,0,3
15044,14828,0,3
15203,14828,0,3
15047,14829,0,3
15206,14829,0,3
15365,14829,0,3
15364,14829,0,3
15046,14829,0,3
15205,14829,0,3
15207,14832,0,3
15206,14832,0,3
15366,14832,0,3
15365,14832,0,3
15364,14832,0,3
15205,14832,0,3
15047,14833,0,3
15206,14833,0,3
15365,14833,0,3
15364,14833,0,3
15046,14833,0,3
15205,14833,0,3
15362,14835,0,3
15045,14835,0,3
15204,14835,0,3
15044,14835,0,3
15203,14835,0,3
15043,14835,0,3
15202,14835,0,3
15364,14836,0,3
15363,14836,0,3
15046,14836,0,3
15205,14836,0,3
15045,14836,0,3
15204,14836,0,3
15044,14838,0,3
15203,14838,0,3
15043,14838,0,3
15202,14838,0,3
14887,14839,1,2
15046,14839,1,2
15205,14839,1,2
14886,14839,1,2
15045,14839,1,2
15204,14839,1,2
14889,14840,0,3
15048,14840,0,3
15207,14840,0,3
14888,14840,0,3
15047,14840,0,3
15206,14840,0,3
15046,14847,0,3
15205,14847,0,3
15045,14847,0,3
15204,14847,0,3
15364,14850,0,3
15363,14850,0,3
15046,14850,0,3
15205,14850,0,3
15045,14850,0,3
15204,14850,0,3
14886,14852,0,3
15045,14852,0,3
15204,14852,0,3
14885,14852,0,3
15044,14852,0,3
15203,14852,0,3
15206,14853,0,3
15365,14853,0,3
15364,14853,0,3
15205,14853,0,3
15364,14855,0,3
15363,14855,0,3
15046,14855,0,3
15205,14855,0,3
15045,14855,0,3
15204,14855,0,3
14889,14856,0,3
14729,14856,0,3
14888,14856,0,3
15047,14856,0,3
14887,14856,0,3
15046,14856,0,3
15046,14860,0,3
15205,14860,0,3
15045,14860,0,3
15204,14860,0,3
15203,14860,0,3
15047,14861,0,3
15206,14861,0,3
15365,14861,0,3
15364,14861,0,3
15046,14861,0,3
15205,14861,0,3
14889,14862,0,3
15048,14862,0,3
14888,14862,0,3
15047,14862,0,3
15046,14862,0,3
15044,14865,0,3
15203,14865,0,3
15043,14865,0,3
15202,14865,0,3
15046,14866,0,3
15205,14866,0,3
15045,14866,0,3
15204,14866,0,3
15044,14866,0,3
15203,14866,0,3
15207,14868,0,3
15206,14868,0,3
15366,14868,0,3
15365,14868,0,3
15364,14868,0,3
15205,14868,0,3
15206,14870,0,3
15365,14870,0,3
15364,14870,0,3
15363,14870,0,3
15046,14870,0,3
15205,14870,0,3
15204,14870,0,3
15046,14876,0,3
15205,14876,0,3
15045,14876,0,3
15204,14876,0,3
14887,14877,1,2
15046,14877,1,2
15205,14877,1,2
14886,14877,1,2
15045,14877,1,2
15204,14877,1,2
14886,14878,0,3
15045,14878,0,3
15204,14878,0,3
14885,14878,0,3
15044,14878,0,3
15203,14878,0,3
14887,14882,0,3
15046,14882,0,3
14886,14882,0,3
15045,14882,0,3
15204,14882,0,3
15044,14882,0,3
15045,14883,0,3
15204,14883,0,3
14885,14883,0,3
15044,14883,0,3
15203,14883,0,3
15043,14883,0,3
15202,14883,0,3
14886,14886,0,3
15045,14886,0,3
15204,14886,0,3
14885,14886,0,3
15044,14886,0,3
15203,14886,0,3
15207,14887,0,3
15047,14887,0,3
15206,14887,0,3
15365,14887,0,3
15046,14887,0,3
15205,14887,0,3
15363,14890,0,3
15046,14890,0,3
15205,14890,0,3
15045,14890,0,3
15204,14890,0,3
15044,14890,0,3
15203,14890,0,3
15363,14897,0,3
15362,14897,0,3
15204,14897,0,3
15203,14897,0,3
15524,14898,0,3
15842,14898,0,3
15841,14898,0,3
15683,14898,0,3
15523,14898,0,3
15682,14898,0,3
15363,14899,0,3
15522,14899,0,3
15362,14899,0,3
15521,14899,0,3
15361,14899,0,3
15520,14899,0,3
15365,14900,0,3
15524,14900,0,3
15683,14900,0,3
15364,14900,0,3
15523,14900,0,3
15682,14900,0,3
15362,14901,0,3
15044,14901,0,3
15203,14901,0,3
15043,14901,0,3
15202,14901,0,3
15361,14901,0,3
15363,14902,0,3
15522,14902,0,3
15362,14902,0,3
15521,14902,0,3
15361,14902,0,3
15520,14902,0,3
15208,14903,0,3
15207,14903,0,3
15206,14903,0,3
15367,14903,0,3
15366,14903,0,3
15365,14903,0,3
15365,14904,0,3
15364,14904,0,3
15523,14904,0,3
15363,14904,0,3
15522,14904,0,3
15205,14904,0,3
15204,14904,0,3
15364,14905,0,3
15523,14905,0,3
15363,14905,0,3
15522,14905,0,3
15362,14905,0,3
15521,14905,0,3
15365,14906,0,3
15524,14906,0,3
15683,14906,0,3
15364,14906,0,3
15523,14906,0,3
15682,14906,0,3
15363,14907,0,3
15522,14907,0,3
15362,14907,0,3
15521,14907,0,3
15361,14907,0,3
15520,14907,0,3
15366,14908,0,3
15525,14908,0,3
15365,14908,0,3
15524,14908,0,3
15364,14908,0,3
15523,14908,0,3
15523,14909,0,3
15682,14909,0,3
15522,14909,0,3
15681,14909,0,3
15364,14910,0,3
15523,14910,0,3
15682,14910,0,3
15363,14910,0,3
15522,14910,0,3
15681,14910,0,3
15362,14911,0,3
15203,14911,0,3
15202,14911,0,3
15361,14911,0,3
15049,14912,0,3
15208,14912,0,3
15048,14912,0,3
15207,14912,0,3
15047,14912,0,3
15206,14912,0,3
15364,14913,0,3
15523,14913,0,3
15363,14913,0,3
15522,14913,0,3
15205,14913,0,3
15204,14913,0,3
15366,14914,0,3
15525,14914,0,3
15365,14914,0,3
15524,14914,0,3
15362,14915,0,3
15521,14915,0,3
15203,14915,0,3
15202,14915,0,3
15361,14915,0,3
15520,14915,0,3
15362,14916,0,3
15203,14916,0,3
15202,14916,0,3
15361,14916,0,3
15362,14917,0,3
15521,14917,0,3
15361,14917,0,3
15520,14917,0,3
15364,14918,0,3
15523,14918,0,3
15363,14918,0,3
15522,14918,0,3
15363,14919,0,3
15362,14919,0,3
15204,14919,0,3
15203,14919,0,3
15202,14919,0,3
15361,14919,0,3
15523,14920,0,3
15682,14920,0,3
15522,14920,0,3
15681,14920,0,3
15521,14920,0,3
15680,14920,0,3
15364,14921,0,3
15363,14921,0,3
15205,14921,0,3
15204,14921,0,3
15525,14922,0,3
15684,14922,0,3
15524,14922,0,3
15683,14922,0,3
15523,14922,0,3
15682,14922,0,3
15841,14923,0,3
15840,14923,0,3
15682,14923,0,3
15681,14923,0,3
15367,14924,0,3
15526,14924,0,3
15366,14924,0,3
15525,14924,0,3
15208,14925,0,3
15048,14925,0,3
15207,14925,0,3
15206,14925,0,3
15367,14925,0,3
15366,14925,0,3
15049,14926,0,3
15208,14926,0,3
15048,14926,0,3
15207,14926,0,3
15047,14926,0,3
15206,14926,0,3
15366,14926,0,3
15367,14927,0,3
15526,14927,0,3
15366,14927,0,3
15525,14927,0,3
15842,14928,0,3
15841,14928,0,3
15840,14928,0,3
15683,14928,0,3
15682,14928,0,3
15681,14928,0,3
15840,14929,0,3
15522,14929,0,3
15681,14929,0,3
15521,14929,0,3
15680,14929,0,3
15839,14929,0,3
15363,14930,0,3
15522,14930,0,3
15362,14930,0,3
15521,14930,0,3
15203,14930,0,3
15361,14930,0,3
15520,14930,0,3
15206,14931,0,3
15365,14931,0,3
15364,14931,0,3
15363,14931,0,3
15205,14931,0,3
15204,14931,0,3
15842,14932,0,3
15841,14932,0,3
15840,14932,0,3
15683,14932,0,3
15682,14932,0,3
15681,14932,0,3
15363,14933,0,3
15362,14933,0,3
15204,14933,0,3
15203,14933,0,3
15523,14934,0,3
15682,14934,0,3
15522,14934,0,3
15681,14934,0,3
15521,14934,0,3
15680,14934,0,3
15840,14935,0,3
15682,14935,0,3
15522,14935,0,3
15681,14935,0,3
15521,14935,0,3
15680,14935,0,3
15207,14936,0,3
15206,14936,0,3
15366,14936,0,3
15525,14936,0,3
15365,14936,0,3
15524,14936,0,3
15208,14937,0,3
15207,14937,0,3
15367,14937,0,3
15526,14937,0,3
15366,14937,0,3
15525,14937,0,3
14890,14938,2,1
15049,14938,2,1
15208,14938,2,1
14889,14938,2,1
15048,14938,2,1
15207,14938,2,1
15842,14939,0,3
15841,14939,0,3
15840,14939,0,3
15683,14939,0,3
15682,14939,0,3
15681,14939,0,3
15363,14940,0,3
15362,14940,0,3
15204,14940,0,3
15203,14940,0,3
15202,14940,0,3
15361,14940,0,3
15207,14941,0,3
15206,14941,0,3
15366,14941,0,3
15365,14941,0,3
15362,14942,0,3
15521,14942,0,3
15361,14942,0,3
15520,14942,0,3
15363,14943,0,3
15522,14943,0,3
15362,14943,0,3
15521,14943,0,3
15204,14943,0,3
15203,14943,0,3
15361,14943,0,3
15841,14944,0,3
15840,14944,0,3
15682,14944,0,3
15681,14944,0,3
15362,14945,0,3
15521,14945,0,3
15680,14945,0,3
15361,14945,0,3
15520,14945,0,3
15521,14946,2,1
15680,14946,2,1
15520,14946,2,1
15679,14946,2,1
15364,14947,0,3
15523,14947,0,3
15363,14947,0,3
15522,14947,0,3
15364,14948,0,3
15523,14948,0,3
15363,14948,0,3
15522,14948,0,3
15205,14948,0,3
15204,14948,0,3
15365,14949,0,3
15524,14949,0,3
15364,14949,0,3
15523,14949,0,3
15206,14950,0,3
15365,14950,0,3
15364,14950,0,3
15523,14950,0,3
15363,14950,0,3
15205,14950,0,3
15204,14950,0,3
15524,14951,0,3
15842,14951,0,3
15841,14951,0,3
15683,14951,0,3
15523,14951,0,3
15682,14951,0,3
15525,14952,0,3
15684,14952,0,3
15524,14952,0,3
15683,14952,0,3
15523,14952,0,3
15682,14952,0,3
15524,14953,0,3
15683,14953,0,3
15523,14953,0,3
15682,14953,0,3
15048,14954,0,3
15207,14954,0,3
15047,14954,0,3
15206,14954,0,3
15363,14955,0,3
15522,14955,0,3
15362,14955,0,3
15521,14955,0,3
15361,14955,0,3
15520,14955,0,3
15208,14956,0,3
15207,14956,0,3
15367,14956,0,3
15366,14956,0,3
15522,14957,2,1
15521,14957,2,1
15680,14957,2,1
15520,14957,2,1
15679,14957,2,1
15365,14958,0,3
15524,14958,0,3
15683,14958,0,3
15364,14958,0,3
15523,14958,0,3
15682,14958,0,3
15521,14960,2,1
15680,14960,2,1
15520,14960,2,1
15679,14960,2,1
15524,14961,0,3
15683,14961,0,3
15523,14961,0,3
15682,14961,0,3
15206,14962,0,3
15365,14962,0,3
15364,14962,0,3
15363,14962,0,3
15205,14962,0,3
15204,14962,0,3
15362,14963,0,3
15203,14963,0,3
15202,14963,0,3
15361,14963,0,3
15840,14964,0,3
15682,14964,0,3
15522,14964,0,3
15681,14964,0,3
15521,14964,0,3
15680,14964,0,3
15839,14964,0,3
15841,14965,0,3
15840,14965,0,3
15682,14965,0,3
15681,14965,0,3
15362,14966,0,3
15521,14966,0,3
15203,14966,0,3
15202,14966,0,3
15361,14966,0,3
15520,14966,0,3
15841,14967,0,3
15840,14967,0,3
15683,14967,0,3
15523,14967,0,3
15682,14967,0,3
15681,14967,0,3
15362,14968,0,3
15521,14968,0,3
15203,14968,0,3
15202,14968,0,3
15361,14968,0,3
15520,14968,0,3
15362,14969,0,3
15044,14969,0,3
15203,14969,0,3
15202,14969,0,3
15361,14969,0,3
15364,14970,0,3
15523,14970,0,3
15363,14970,0,3
15522,14970,0,3
15363,14971,0,3
15522,14971,0,3
15362,14971,0,3
15521,14971,0,3
15204,14971,0,3
15203,14971,0,3
15524,14972,0,3
15842,14972,0,3
15841,14972,0,3
15683,14972,0,3
15523,14972,0,3
15682,14972,0,3
15364,14973,0,3
15523,14973,0,3
15682,14973,0,3
15363,14973,0,3
15522,14973,0,3
15681,14973,0,3
15842,14974,0,3
15841,14974,0,3
15683,14974,0,3
15523,14974,0,3
15682,14974,0,3
15681,14974,0,3
15365,14975,0,3
15524,14975,0,3
15364,14975,0,3
15523,14975,0,3
15049,14976,0,3
15208,14976,0,3
15048,14976,0,3
15207,14976,0,3
15367,14976,0,3
15366,14976,0,3
15364,14977,0,3
15523,14977,0,3
15363,14977,0,3
15522,14977,0,3
15362,14977,0,3
15521,14977,0,3
15362,14978,0,3
15203,14978,0,3
15202,14978,0,3
15361,14978,0,3
15207,14979,0,3
15206,14979,0,3
15366,14979,0,3
15365,14979,0,3
15048,14980,0,3
15207,14980,0,3
15047,14980,0,3
15206,14980,0,3
15363,14981,0,3
15362,14981,0,3
15204,14981,0,3
15203,14981,0,3
15365,14982,0,3
15524,14982,0,3
15364,14982,0,3
15523,14982,0,3
15525,14983,0,3
15684,14983,0,3
15524,14983,0,3
15683,14983,0,3
15842,14984,0,3
15841,14984,0,3
15840,14984,0,3
15683,14984,0,3
15682,14984,0,3
15681,14984,0,3
15049,14985,0,3
15208,14985,0,3
15048,14985,0,3
15207,14985,0,3
15522,14986,0,3
15681,14986,0,3
15521,14986,0,3
15680,14986,0,3
15520,14986,0,3
15679,14986,0,3
15364,14987,0,3
15523,14987,0,3
15363,14987,0,3
15522,14987,0,3
15681,14987,0,3
15521,14987,0,3
15049,14988,0,3
15208,14988,0,3
15048,14988,0,3
15207,14988,0,3
15047,14988,0,3
15206,14988,0,3
15366,14988,0,3
15841,14989,0,3
15840,14989,0,3
15682,14989,0,3
15681,14989,0,3
15680,14989,0,3
15525,14990,0,3
15365,14990,0,3
15524,14990,0,3
15364,14990,0,3
15523,14990,0,3
15364,14991,0,3
15523,14991,0,3
15363,14991,0,3
15522,14991,0,3
15841,14992,0,3
15840,14992,0,3
15682,14992,0,3
15681,14992,0,3
15840,14993,0,3
15522,14993,0,3
15681,14993,0,3
15521,14993,0,3
15680,14993,0,3
15839,14993,0,3
15523,14994,0,3
15682,14994,0,3
15522,14994,0,3
15681,14994,0,3
15522,14995,1,2
15681,14995,1,2
15521,14995,1,2
15680,14995,1,2
15520,14995,1,2
15679,14995,1,2
15364,14996,0,3
15523,14996,0,3
15363,14996,0,3
15522,14996,0,3
15681,14996,0,3
15364,14997,0,3
15523,14997,0,3
15682,14997,0,3
15363,14997,0,3
15522,14997,0,3
15681,14997,0,3
15842,14998,0,3
15841,14998,0,3
15683,14998,0,3
15523,14998,0,3
15682,14998,0,3
15681,14998,0,3
15366,14999,0,3
15525,14999,0,3
15365,14999,0,3
15524,14999,0,3
15363,15000,0,3
15362,15000,0,3
15204,15000,0,3
15203,15000,0,3
15361,15000,0,3
15364,15001,0,3
15363,15001,0,3
15205,15001,0,3
15204,15001,0,3
15364,15002,0,3
15363,15002,0,3
15522,15002,0,3
15362,15002,0,3
15521,15002,0,3
15204,15002,0,3
15365,15003,0,3
15524,15003,0,3
15683,15003,0,3
15364,15003,0,3
15523,15003,0,3
15682,15003,0,3
15841,15004,0,3
15840,15004,0,3
15523,15004,0,3
15682,15004,0,3
15522,15004,0,3
15681,15004,0,3
15680,15004,0,3
15362,15005,0,3
15203,15005,0,3
15202,15005,0,3
15361,15005,0,3
15524,15006,0,3
15683,15006,0,3
15523,15006,0,3
15682,15006,0,3
15522,15006,0,3
15681,15006,0,3
15524,15007,0,3
15683,15007,0,3
15523,15007,0,3
15682,15007,0,3
15364,15008,0,3
15363,15008,0,3
15205,15008,0,3
15204,15008,0,3
15364,15009,0,3
15523,15009,0,3
15363,15009,0,3
15522,15009,0,3
15366,15010,0,3
15525,15010,0,3
15365,15010,0,3
15524,15010,0,3
15365,15011,0,3
15524,15011,0,3
15683,15011,0,3
15364,15011,0,3
15523,15011,0,3
15682,15011,0,3
15049,15012,0,3
15208,15012,0,3
15048,15012,0,3
15207,15012,0,3
15367,15012,0,3
15366,15012,0,3
15364,15013,0,3
15523,15013,0,3
15363,15013,0,3
15522,15013,0,3
15362,15013,0,3
15521,15013,0,3
15525,15014,0,3
15684,15014,0,3
15524,15014,0,3
15683,15014,0,3
15048,15015,0,3
15207,15015,0,3
15047,15015,0,3
15206,15015,0,3
15366,15015,0,3
15365,15015,0,3
15206,15016,0,3
15365,15016,0,3
15364,15016,0,3
15363,15016,0,3
15205,15016,0,3
15204,15016,0,3
15364,15017,0,3
15523,15017,0,3
15363,15017,0,3
15522,15017,0,3
15362,15017,0,3
15205,15017,0,3
15204,15017,0,3
15842,15018,0,3
15841,15018,0,3
15683,15018,0,3
15682,15018,0,3
15523,15019,0,3
15682,15019,0,3
15363,15019,0,3
15522,15019,0,3
15681,15019,0,3
15521,15019,0,3
15680,15019,0,3
15525,15020,0,3
15365,15020,0,3
15524,15020,0,3
15683,15020,0,3
15364,15020,0,3
15523,15020,0,3
15682,15020,0,3
15364,15021,0,3
15363,15021,0,3
15205,15021,0,3
15204,15021,0,3
15364,15022,0,3
15363,15022,0,3
15522,15022,0,3
15362,15022,0,3
15521,15022,0,3
15204,15022,0,3
15203,15022,0,3
15364,15023,0,3
15523,15023,0,3
15363,15023,0,3
15522,15023,0,3
15362,15023,0,3
15521,15023,0,3
15363,15024,0,3
15522,15024,0,3
15362,15024,0,3
15521,15024,0,3
15841,15025,0,3
15840,15025,0,3
15682,15025,0,3
15681,15025,0,3
15362,15026,0,3
15203,15026,0,3
15202,15026,0,3
15361,15026,0,3
15364,15027,0,3
15523,15027,0,3
15682,15027,0,3
15363,15027,0,3
15522,15027,0,3
15681,15027,0,3
15521,15027,0,3
15524,15028,0,3
15842,15028,0,3
15841,15028,0,3
15683,15028,0,3
15523,15028,0,3
15682,15028,0,3
15840,15029,0,3
15522,15029,0,3
15681,15029,0,3
15521,15029,0,3
15680,15029,0,3
15839,15029,0,3
15364,15030,0,3
15523,15030,0,3
15363,15030,0,3
15522,15030,0,3
15362,15030,0,3
15521,15030,0,3
15522,15031,0,3
15362,15031,0,3
15521,15031,0,3
15361,15031,0,3
15520,15031,0,3
15364,15032,0,3
15523,15032,0,3
15363,15032,0,3
15522,15032,0,3
15363,15033,0,3
15362,15033,0,3
15204,15033,0,3
15044,15033,0,3
15203,15033,0,3
15362,15034,0,3
15044,15034,0,3
15203,15034,0,3
15043,15034,0,3
15202,15034,0,3
15361,15034,0,3
15364,15035,0,3
15523,15035,0,3
15363,15035,0,3
15522,15035,0,3
15362,15035,0,3
15205,15035,0,3
15204,15035,0,3
15363,15036,0,3
15362,15036,0,3
15204,15036,0,3
15203,15036,0,3
15363,15037,0,3
15362,15037,0,3
15204,15037,0,3
15203,15037,0,3
15202,15037,0,3
15361,15037,0,3
15363,15038,0,3
15362,15038,0,3
15204,15038,0,3
15044,15038,0,3
15203,15038,0,3
15202,15038,0,3
15364,15039,0,3
15523,15039,0,3
15682,15039,0,3
15363,15039,0,3
15522,15039,0,3
15681,15039,0,3
15364,15040,0,3
15363,15040,0,3
15205,15040,0,3
15204,15040,0,3
15842,15041,0,3
15841,15041,0,3
15840,15041,0,3
15683,15041,0,3
15523,15041,0,3
15682,15041,0,3
15681,15041,0,3
15364,15042,0,3
15523,15042,0,3
15682,15042,0,3
15363,15042,0,3
15522,15042,0,3
15681,15042,0,3
15524,15043,0,3
15683,15043,0,3
15523,15043,0,3
15682,15043,0,3
15525,15044,0,3
15684,15044,0,3
15524,15044,0,3
15683,15044,0,3
15523,15044,0,3
15682,15044,0,3
15842,15045,0,3
15841,15045,0,3
15840,15045,0,3
15683,15045,0,3
15682,15045,0,3
15681,15045,0,3
15524,15046,0,3
15683,15046,0,3
15523,15046,0,3
15682,15046,0,3
15363,15047,0,3
15362,15047,0,3
15521,15047,0,3
15203,15047,0,3
15202,15047,0,3
15361,15047,0,3
15524,15048,0,3
15683,15048,0,3
15523,15048,0,3
15682,15048,0,3
15362,15049,0,3
15521,15049,0,3
15361,15049,0,3
15520,15049,0,3
15365,15050,0,3
15524,15050,0,3
15364,15050,0,3
15523,15050,0,3
15365,15051,0,3
15524,15051,0,3
15683,15051,0,3
15364,15051,0,3
15523,15051,0,3
15682,15051,0,3
15842,15052,0,3
15841,15052,0,3
15840,15052,0,3
15683,15052,0,3
15682,15052,0,3
15681,15052,0,3
15842,15053,0,3
15841,15053,0,3
15840,15053,0,3
15683,15053,0,3
15523,15053,0,3
15682,15053,0,3
15681,15053,0,3
15842,15054,0,3
15841,15054,0,3
15840,15054,0,3
15682,15054,0,3
15681,15054,0,3
15048,15055,0,3
15207,15055,0,3
15047,15055,0,3
15206,15055,0,3
15366,15055,0,3
15365,15055,0,3
15208,15056,0,3
15207,15056,0,3
15367,15056,0,3
15366,15056,0,3
15363,15057,0,3
15522,15057,0,3
15362,15057,0,3
15521,15057,0,3
15363,15058,0,3
15522,15058,0,3
15362,15058,0,3
15521,15058,0,3
15204,15058,0,3
15203,15058,0,3
15840,15059,0,3
15681,15059,0,3
15680,15059,0,3
15839,15059,0,3
15364,15060,0,3
15363,15060,0,3
15362,15060,0,3
15205,15060,0,3
15204,15060,0,3
15203,15060,0,3
15841,15061,0,3
15840,15061,0,3
15682,15061,0,3
15681,15061,0,3
15363,15062,0,3
15522,15062,0,3
15362,15062,0,3
15521,15062,0,3
15204,15062,0,3
15203,15062,0,3
15364,15063,0,3
15523,15063,0,3
15682,15063,0,3
15363,15063,0,3
15522,15063,0,3
15681,15063,0,3
15208,15064,0,3
15207,15064,0,3
15206,15064,0,3
15367,15064,0,3
15366,15064,0,3
15365,15064,0,3
15522,15065,2,1
15681,15065,2,1
15521,15065,2,1
15680,15065,2,1
15520,15065,2,1
15679,15065,2,1
15362,15066,0,3
15204,15066,0,3
15044,15066,0,3
15203,15066,0,3
15202,15066,0,3
15361,15066,0,3
15367,15067,0,3
15526,15067,0,3
15685,15067,0,3
15366,15067,0,3
15525,15067,0,3
15684,15067,0,3
15207,15068,0,3
15206,15068,0,3
15367,15068,0,3
15366,15068,0,3
15525,15068,0,3
15365,15068,0,3
15524,15068,0,3
15364,15069,0,3
15523,15069,0,3
15682,15069,0,3
15363,15069,0,3
15522,15069,0,3
15681,15069,0,3
15364,15070,0,3
15523,15070,0,3
15363,15070,0,3
15522,15070,0,3
15363,15071,0,3
15362,15071,0,3
15521,15071,0,3
15204,15071,0,3
15203,15071,0,3
15202,15071,0,3
15361,15071,0,3
15048,15072,0,3
15207,15072,0,3
15047,15072,0,3
15206,15072,0,3
15365,15073,0,3
15524,15073,0,3
15683,15073,0,3
15364,15073,0,3
15523,15073,0,3
15682,15073,0,3
15522,15073,0,3
15364,15074,0,3
15523,15074,0,3
15363,15074,0,3
15522,15074,0,3
15362,15074,0,3
15521,15074,0,3
15842,15075,0,3
15841,15075,0,3
15840,15075,0,3
15683,15075,0,3
15682,15075,0,3
15681,15075,0,3
15207,15076,0,3
15206,15076,0,3
15366,15076,0,3
15365,15076,0,3
15364,15076,0,3
15208,15077,0,3
15207,15077,0,3
15367,15077,0,3
15366,15077,0,3
15524,15078,0,3
15841,15078,0,3
15683,15078,0,3
15523,15078,0,3
15682,15078,0,3
15522,15078,0,3
15681,15078,0,3
15366,15079,0,3
15525,15079,0,3
15365,15079,0,3
15524,15079,0,3
15364,15079,0,3
15523,15079,0,3
15363,15080,0,3
15362,15080,0,3
15045,15080,0,3
15204,15080,0,3
15044,15080,0,3
15203,15080,0,3
15524,15081,0,3
15842,15081,0,3
15841,15081,0,3
15683,15081,0,3
15523,15081,0,3
15682,15081,0,3
15681,15081,0,3
15525,15082,0,3
15684,15082,0,3
15524,15082,0,3
15683,15082,0,3
15841,15083,0,3
15840,15083,0,3
15682,15083,0,3
15681,15083,0,3
15364,15084,0,3
15523,15084,0,3
15682,15084,0,3
15522,15084,0,3
15681,15084,0,3
15362,15085,0,3
15521,15085,0,3
15361,15085,0,3
15520,15085,0,3
15842,15086,0,3
15841,15086,0,3
15840,15086,0,3
15683,15086,0,3
15523,15086,0,3
15682,15086,0,3
15681,15086,0,3
15524,15087,0,3
15683,15087,0,3
15523,15087,0,3
15682,15087,0,3
15525,15088,0,3
15684,15088,0,3
15524,15088,0,3
15683,15088,0,3
15049,15089,0,3
15208,15089,0,3
15048,15089,0,3
15207,15089,0,3
15047,15089,0,3
15206,15089,0,3
15366,15089,0,3
15364,15090,0,3
15363,15090,0,3
15522,15090,0,3
15362,15090,0,3
15205,15090,0,3
15204,15090,0,3
15203,15090,0,3
15048,15091,0,3
15207,15091,0,3
15047,15091,0,3
15206,15091,0,3
15366,15091,0,3
15365,15091,0,3
15525,15092,0,3
15684,15092,0,3
15524,15092,0,3
15683,15092,0,3
15208,15093,0,3
15207,15093,0,3
15367,15093,0,3
15366,15093,0,3
15364,15094,0,3
15363,15094,0,3
15205,15094,0,3
15204,15094,0,3
15367,15096,0,3
15526,15096,0,3
15366,15096,0,3
15525,15096,0,3
15365,15096,0,3
15524,15096,0,3
15364,15097,0,3
15523,15097,0,3
15363,15097,0,3
15522,15097,0,3
15362,15097,0,3
15521,15097,0,3
15362,15098,0,3
15521,15098,0,3
15203,15098,0,3
15202,15098,0,3
15361,15098,0,3
15520,15098,0,3
15362,15099,0,3
15521,15099,0,3
15361,15099,0,3
15520,15099,0,3
15362,15100,0,3
15203,15100,0,3
15202,15100,0,3
15361,15100,0,3
15840,15101,0,3
15523,15101,0,3
15682,15101,0,3
15522,15101,0,3
15681,15101,0,3
15521,15101,0,3
15680,15101,0,3
15525,15102,0,3
15684,15102,0,3
15524,15102,0,3
15683,15102,0,3
15523,15102,0,3
15363,15103,0,3
15362,15103,0,3
15204,15103,0,3
15203,15103,0,3
15364,15104,0,3
15363,15104,0,3
15522,15104,0,3
15362,15104,0,3
15205,15104,0,3
15204,15104,0,3
15203,15104,0,3
15048,15105,0,3
15207,15105,0,3
15047,15105,0,3
15206,15105,0,3
15366,15105,0,3
15365,15105,0,3
15522,15106,0,3
15681,15106,0,3
15521,15106,0,3
15680,15106,0,3
15520,15106,0,3
15679,15106,0,3
15841,15107,0,3
15840,15107,0,3
15682,15107,0,3
15681,15107,0,3
15525,15108,0,3
15684,15108,0,3
15524,15108,0,3
15683,15108,0,3
15523,15108,0,3
15682,15108,0,3
15524,15109,0,3
15683,15109,0,3
15523,15109,0,3
15682,15109,0,3
15522,15110,0,3
15681,15110,0,3
15521,15110,0,3
15680,15110,0,3
15364,15111,0,3
15523,15111,0,3
15363,15111,0,3
15205,15111,0,3
15204,15111,0,3
15363,15112,0,3
15522,15112,0,3
15362,15112,0,3
15521,15112,0,3
15204,15112,0,3
15203,15112,0,3
15525,15113,0,3
15684,15113,0,3
15524,15113,0,3
15683,15113,0,3
15523,15113,0,3
15682,15113,0,3
15366,15114,0,3
15525,15114,0,3
15365,15114,0,3
15524,15114,0,3
15683,15114,0,3
15364,15114,0,3
15523,15114,0,3
15364,15115,0,3
15363,15115,0,3
15362,15115,0,3
15205,15115,0,3
15204,15115,0,3
15203,15115,0,3
15524,15116,0,3
15683,15116,0,3
15523,15116,0,3
15682,15116,0,3
15841,15117,0,3
15840,15117,0,3
15682,15117,0,3
15681,15117,0,3
15362,15118,0,3
15203,15118,0,3
15202,15118,0,3
15361,15118,0,3
15522,15119,0,3
15681,15119,0,3
15521,15119,0,3
15680,15119,0,3
15840,15120,0,3
15522,15120,0,3
15681,15120,0,3
15521,15120,0,3
15680,15120,0,3
15839,15120,0,3
15679,15120,0,3
15525,15121,0,3
15684,15121,0,3
15524,15121,0,3
15683,15121,0,3
15523,15121,0,3
15682,15121,0,3
15363,15122,0,3
15362,15122,0,3
15204,15122,0,3
15203,15122,0,3
15525,15123,0,3
15684,15123,0,3
15524,15123,0,3
15683,15123,0,3
15523,15123,0,3
15682,15123,0,3
15364,15124,0,3
15523,15124,0,3
15363,15124,0,3
15522,15124,0,3
15364,15125,0,3
15363,15125,0,3
15205,15125,0,3
15204,15125,0,3
15364,15126,0,3
15363,15126,0,3
15205,15126,0,3
15204,15126,0,3
15522,15127,2,1
15681,15127,2,1
15521,15127,2,1
15680,15127,2,1
15520,15127,2,1
15679,15127,2,1
15364,15128,0,3
15523,15128,0,3
15363,15128,0,3
15522,15128,0,3
15362,15128,0,3
15521,15128,0,3
15524,15129,0,3
15842,15129,0,3
15841,15129,0,3
15683,15129,0,3
15523,15129,0,3
15682,15129,0,3
15681,15129,0,3
15841,15130,0,3
16000,15130,0,3
15840,15130,0,3
15682,15130,0,3
15681,15130,0,3
15999,15130,0,3
15841,15131,0,3
15840,15131,0,3
15682,15131,0,3
15681,15131,0,3
15362,15132,0,3
15521,15132,0,3
15680,15132,0,3
15361,15132,0,3
15520,15132,0,3
15679,15132,0,3
15363,15133,0,3
15362,15133,0,3
15045,15133,0,3
15204,15133,0,3
15044,15133,0,3
15203,15133,0,3
15207,15134,0,3
15206,15134,0,3
15366,15134,0,3
15525,15134,0,3
15365,15134,0,3
15524,15134,0,3
15207,15135,0,3
15206,15135,0,3
15366,15135,0,3
15365,15135,0,3
15524,15136,0,3
15683,15136,0,3
15523,15136,0,3
15682,15136,0,3
15524,15137,0,3
15842,15137,0,3
15841,15137,0,3
15683,15137,0,3
15523,15137,0,3
15682,15137,0,3
15048,15138,0,3
15207,15138,0,3
15047,15138,0,3
15206,15138,0,3
15363,15139,0,3
15362,15139,0,3
15204,15139,0,3
15203,15139,0,3
15048,15140,0,3
15207,15140,0,3
15047,15140,0,3
15206,15140,0,3
15525,15142,0,3
15684,15142,0,3
15524,15142,0,3
15683,15142,0,3
15523,15142,0,3
15682,15142,0,3
15209,15146,0,3
15208,15146,0,3
15368,15146,0,3
15367,15146,0,3
15209,15149,0,3
15049,15149,0,3
15208,15149,0,3
15048,15149,0,3
15207,15149,0,3
15367,15149,0,3
15366,15149,0,3
15526,15150,0,3
15685,15150,0,3
15525,15150,0,3
15684,15150,0,3
15209,15151,0,3
15049,15151,0,3
15208,15151,0,3
15048,15151,0,3
15207,15151,0,3
15367,15151,0,3
15526,15152,0,3
15685,15152,0,3
15525,15152,0,3
15684,15152,0,3
15050,15153,0,3
15209,15153,0,3
15049,15153,0,3
15208,15153,0,3
15525,15155,0,3
15684,15155,0,3
15524,15155,0,3
15843,15155,0,3
15683,15155,0,3
15050,15156,0,3
15209,15156,0,3
15049,15156,0,3
15208,15156,0,3
15368,15156,0,3
15367,15156,0,3
15050,15157,0,3
15209,15157,0,3
15049,15157,0,3
15208,15157,0,3
15048,15157,0,3
15207,15157,0,3
15368,15158,0,3
15527,15158,0,3
15367,15158,0,3
15526,15158,0,3
15685,15158,0,3
15366,15158,0,3
15525,15158,0,3
15050,15159,0,3
15209,15159,0,3
15049,15159,0,3
15208,15159,0,3
15048,15159,0,3
15207,15159,0,3
15208,15160,0,3
15207,15160,0,3
15367,15160,0,3
15366,15160,0,3
15526,15162,0,3
15685,15162,0,3
15525,15162,0,3
15684,15162,0,3
15524,15162,0,3
15683,15162,0,3
15526,15164,0,3
15685,15164,0,3
15525,15164,0,3
15684,15164,0,3
15525,15166,0,3
15684,15166,0,3
15524,15166,0,3
15683,15166,0,3
15208,15167,0,3
15207,15167,0,3
15368,15167,0,3
15367,15167,0,3
15526,15167,0,3
15366,15167,0,3
15525,15167,0,3
15209,15168,0,3
15208,15168,0,3
15207,15168,0,3
15368,15168,0,3
15367,15168,0,3
15366,15168,0,3
15524,15170,0,3
15842,15170,0,3
15841,15170,0,3
15683,15170,0,3
15682,15170,0,3
15209,15171,0,3
15208,15171,0,3
15207,15171,0,3
15368,15171,0,3
15367,15171,0,3
15526,15171,0,3
15366,15171,0,3
15209,15172,0,3
15208,15172,0,3
15207,15172,0,3
15368,15172,0,3
15367,15172,0,3
15366,15172,0,3
15525,15173,0,3
15684,15173,0,3
15524,15173,0,3
15683,15173,0,3
15050,15174,0,3
15209,15174,0,3
15049,15174,0,3
15208,15174,0,3
15048,15174,0,3
15207,15174,0,3
15367,15174,0,3
15208,15176,0,3
15207,15176,0,3
15367,15176,0,3
15526,15176,0,3
15366,15176,0,3
15525,15176,0,3
15050,15178,0,3
15209,15178,0,3
15049,15178,0,3
15208,15178,0,3
15368,15178,0,3
15367,15178,0,3
15209,15179,0,3
15049,15179,0,3
15208,15179,0,3
15048,15179,0,3
15207,15179,0,3
15367,15179,0,3
15366,15179,0,3
15526,15180,0,3
15685,15180,0,3
15525,15180,0,3
15684,15180,0,3
15524,15180,0,3
15683,15180,0,3
15526,15181,0,3
15685,15181,0,3
15366,15181,0,3
15525,15181,0,3
15684,15181,0,3
15526,15182,0,3
15685,15182,0,3
15525,15182,0,3
15684,15182,0,3
15684,15183,0,3
15524,15183,0,3
15843,15183,0,3
15842,15183,0,3
15841,15183,0,3
15683,15183,0,3
15682,15183,0,3
15050,15185,0,3
15049,15185,0,3
15208,15185,0,3
15048,15185,0,3
15207,15185,0,3
15525,15186,0,3
15684,15186,0,3
15524,15186,0,3
15683,15186,0,3
15526,15188,0,3
15685,15188,0,3
15525,15188,0,3
15684,15188,0,3
15524,15188,0,3
15683,15188,0,3
15526,15190,0,3
15685,15190,0,3
15525,15190,0,3
15684,15190,0,3
15525,15191,0,3
15684,15191,0,3
15524,15191,0,3
15683,15191,0,3
15208,15193,0,3
15368,15193,0,3
15367,15193,0,3
15526,15193,0,3
15366,15193,0,3
15525,15193,0,3
15050,15195,2,1
15209,15195,2,1
15049,15195,2,1
15208,15195,2,1
14252,15197,0,3
14251,15197,0,3
14410,15197,0,3
14092,15197,0,3
14091,15197,0,3
14250,15197,0,3
14409,15197,0,3
14094,15205,1,2
14093,15205,1,2
14253,15205,1,2
14252,15205,1,2
14251,15205,1,2
14092,15205,1,2
14411,15206,2,1
14570,15206,2,1
14251,15206,2,1
14410,15206,2,1
14569,15206,2,1
14409,15206,2,1
14568,15206,2,1
14093,15208,0,3
14252,15208,0,3
14251,15208,0,3
14410,15208,0,3
14092,15208,0,3
14091,15208,0,3
14250,15208,0,3
14254,15209,0,3
14413,15209,0,3
14253,15209,0,3
14412,15209,0,3
14252,15209,0,3
14411,15209,0,3
14094,15210,0,3
14093,15210,0,3
14253,15210,0,3
14252,15210,0,3
14254,15213,0,3
14095,15213,0,3
14094,15213,0,3
14093,15213,0,3
14253,15213,0,3
14252,15213,0,3
14094,15214,0,3
14093,15214,0,3
14253,15214,0,3
14252,15214,0,3
14254,15216,0,3
14413,15216,0,3
14253,15216,0,3
14412,15216,0,3
14252,15216,0,3
14093,15219,0,3
14252,15219,0,3
14411,15219,0,3
14251,15219,0,3
14410,15219,0,3
14092,15219,0,3
14250,15219,0,3
14254,15220,0,3
14413,15220,0,3
14572,15220,0,3
14253,15220,0,3
14412,15220,0,3
14571,15220,0,3
14411,15223,1,2
14251,15223,1,2
14410,15223,1,2
14569,15223,1,2
14250,15223,1,2
14409,15223,1,2
14568,15223,1,2
14094,15224,0,3
14093,15224,0,3
14253,15224,0,3
14412,15224,0,3
14252,15224,0,3
14411,15224,0,3
14093,15227,0,3
14252,15227,0,3
14251,15227,0,3
14092,15227,0,3
14091,15227,0,3
14250,15227,0,3
14254,15229,0,3
14413,15229,0,3
14253,15229,0,3
14412,15229,0,3
14252,15229,0,3
14411,15229,0,3
13933,15230,0,3
14092,15230,0,3
13932,15230,0,3
14091,15230,0,3
14251,15231,0,3
14410,15231,0,3
14092,15231,0,3
14091,15231,0,3
14250,15231,0,3
14409,15231,0,3
14251,15233,0,3
13933,15233,0,3
14092,15233,0,3
13932,15233,0,3
14091,15233,0,3
14250,15233,0,3
14254,15235,0,3
14413,15235,0,3
14253,15235,0,3
14412,15235,0,3
14411,15236,1,2
14251,15236,1,2
14410,15236,1,2
14250,15236,1,2
14409,15236,1,2
14254,15237,1,2
14413,15237,1,2
14253,15237,1,2
14412,15237,1,2
14252,15237,1,2
14411,15237,1,2
14252,15238,0,3
14411,15238,0,3
14251,15238,0,3
14410,15238,0,3
14092,15238,0,3
14250,15238,0,3
14409,15238,0,3
14254,15239,0,3
14413,15239,0,3
14253,15239,0,3
14412,15239,0,3
14254,15240,0,3
14413,15240,0,3
14253,15240,0,3
14412,15240,0,3
14571,15240,0,3
14411,15240,0,3
14254,15241,0,3
14413,15241,0,3
14094,15241,0,3
14253,15241,0,3
14412,15241,0,3
14252,15241,0,3
14411,15241,0,3
13935,15243,2,1
14094,15243,2,1
13934,15243,2,1
14093,15243,2,1
14253,15243,2,1
14252,15243,2,1
14094,15247,0,3
14093,15247,0,3
14253,15247,0,3
14252,15247,0,3
14251,15247,0,3
14092,15247,0,3
13934,15252,0,3
14093,15252,0,3
14252,15252,0,3
14251,15252,0,3
13933,15252,0,3
14092,15252,0,3
14251,15253,0,3
14410,15253,0,3
14569,15253,0,3
14250,15253,0,3
14409,15253,0,3
14568,15253,0,3
14094,15254,0,3
14093,15254,0,3
14253,15254,0,3
14252,15254,0,3
14413,15256,0,3
14572,15256,0,3
14412,15256,0,3
14571,15256,0,3
14570,15256,0,3
14094,15257,0,3
14093,15257,0,3
14253,15257,0,3
14252,15257,0,3
14252,15259,0,3
14411,15259,0,3
14251,15259,0,3
14410,15259,0,3
14250,15259,0,3
14409,15259,0,3
13933,15260,0,3
14092,15260,0,3
13932,15260,0,3
14091,15260,0,3
14251,15261,0,3
13933,15261,0,3
14092,15261,0,3
13932,15261,0,3
14091,15261,0,3
14250,15261,0,3
14411,15263,0,3
14570,15263,0,3
14410,15263,0,3
14569,15263,0,3
14409,15263,0,3
14568,15263,0,3
13934,15264,0,3
14093,15264,0,3
13933,15264,0,3
14092,15264,0,3
14094,15265,0,3
14093,15265,0,3
14253,15265,0,3
14252,15265,0,3
14093,15268,0,3
14251,15268,0,3
13933,15268,0,3
14092,15268,0,3
13932,15268,0,3
14091,15268,0,3
14250,15268,0,3
13934,15269,0,3
14093,15269,0,3
14252,15269,0,3
14251,15269,0,3
13933,15269,0,3
14092,15269,0,3
14094,15270,0,3
14093,15270,0,3
14253,15270,0,3
14252,15270,0,3
14094,15271,0,3
14093,15271,0,3
14253,15271,0,3
14252,15271,0,3
14251,15271,0,3
14092,15271,0,3
13934,15272,0,3
14093,15272,0,3
13933,15272,0,3
14092,15272,0,3
13932,15272,0,3
14091,15272,0,3
14251,15273,0,3
13933,15273,0,3
14092,15273,0,3
13932,15273,0,3
14091,15273,0,3
14250,15273,0,3
14251,15274,0,3
14410,15274,0,3
14569,15274,0,3
14250,15274,0,3
14409,15274,0,3
14568,15274,0,3
14413,15279,0,3
14572,15279,0,3
14412,15279,0,3
14571,15279,0,3
14411,15279,0,3
14570,15279,0,3
13934,15281,2,1
14093,15281,2,1
13933,15281,2,1
14092,15281,2,1
14251,15284,0,3
14092,15284,0,3
14091,15284,0,3
14250,15284,0,3
14251,15285,0,3
13933,15285,0,3
14092,15285,0,3
13932,15285,0,3
14091,15285,0,3
14250,15285,0,3
14251,15286,0,3
14092,15286,0,3
14091,15286,0,3
14250,15286,0,3
14094,15288,2,1
13934,15288,2,1
14093,15288,2,1
14252,15288,2,1
13933,15288,2,1
14092,15288,2,1
14093,15291,0,3
14252,15291,0,3
14251,15291,0,3
14092,15291,0,3
14413,15292,2,1
14572,15292,2,1
14253,15292,2,1
14412,15292,2,1
14571,15292,2,1
14411,15292,2,1
14094,15293,0,3
14093,15293,0,3
14253,15293,0,3
14252,15293,0,3
14254,15294,0,3
14095,15294,0,3
14094,15294,0,3
14093,15294,0,3
14253,15294,0,3
14412,15294,0,3
14252,15294,0,3
13934,15295,2,1
14093,15295,2,1
13933,15295,2,1
14092,15295,2,1
14093,15296,0,3
14252,15296,0,3
14251,15296,0,3
14410,15296,0,3
14092,15296,0,3
14091,15296,0,3
14250,15296,0,3
14413,15298,0,3
14572,15298,0,3
14412,15298,0,3
14571,15298,0,3
14254,15299,0,3
14413,15299,0,3
14253,15299,0,3
14412,15299,0,3
14254,15300,0,3
14413,15300,0,3
14572,15300,0,3
14253,15300,0,3
14412,15300,0,3
14571,15300,0,3
14413,15301,0,3
14572,15301,0,3
14412,15301,0,3
14571,15301,0,3
14251,15302,0,3
14410,15302,0,3
14250,15302,0,3
14409,15302,0,3
14252,15304,0,3
14251,15304,0,3
14410,15304,0,3
14092,15304,0,3
14091,15304,0,3
14250,15304,0,3
14409,15304,0,3
14413,15305,0,3
14572,15305,0,3
14412,15305,0,3
14571,15305,0,3
13935,15306,2,1
14094,15306,2,1
13934,15306,2,1
14093,15306,2,1
14253,15306,2,1
14252,15306,2,1
14094,15307,0,3
14093,15307,0,3
14253,15307,0,3
14252,15307,0,3
14251,15307,0,3
14092,15307,0,3
13934,15308,2,1
14093,15308,2,1
14252,15308,2,1
14251,15308,2,1
13933,15308,2,1
14092,15308,2,1
14094,15309,0,3
14093,15309,0,3
14253,15309,0,3
14252,15309,0,3
14093,15310,0,3
14252,15310,0,3
14251,15310,0,3
14092,15310,0,3
14091,15310,0,3
14250,15310,0,3
14093,15312,0,3
14252,15312,0,3
14411,15312,0,3
14251,15312,0,3
14410,15312,0,3
14092,15312,0,3
14250,15312,0,3
14251,15313,0,3
14092,15313,0,3
14091,15313,0,3
14250,15313,0,3
14097,15315,0,3
14256,15315,0,3
14415,15315,0,3
14255,15315,0,3
14414,15315,0,3
14096,15315,0,3
14256,15321,0,3
14415,15321,0,3
14574,15321,0,3
14255,15321,0,3
14414,15321,0,3
14573,15321,0,3
14256,15322,0,3
14415,15322,0,3
14574,15322,0,3
14255,15322,0,3
14414,15322,0,3
14573,15322,0,3
14413,15322,0,3
14255,15323,0,3
14254,15323,0,3
14096,15323,0,3
14095,15323,0,3
14097,15325,0,3
14256,15325,0,3
14255,15325,0,3
14254,15325,0,3
14096,15325,0,3
14095,15325,0,3
14414,15326,0,3
14573,15326,0,3
14413,15326,0,3
14572,15326,0,3
14255,15328,0,3
14414,15328,0,3
14573,15328,0,3
14254,15328,0,3
14413,15328,0,3
14572,15328,0,3
14255,15330,0,3
14414,15330,0,3
14254,15330,0,3
14413,15330,0,3
14096,15330,0,3
14095,15330,0,3
13937,15332,1,2
14096,15332,1,2
13936,15332,1,2
14095,15332,1,2
14097,15333,0,3
14256,15333,0,3
14255,15333,0,3
14414,15333,0,3
14254,15333,0,3
14096,15333,0,3
14415,15335,0,3
14574,15335,0,3
14414,15335,0,3
14573,15335,0,3
14255,15336,0,3
14254,15336,0,3
14096,15336,0,3
14095,15336,0,3
14256,15337,0,3
14415,15337,0,3
14255,15337,0,3
14414,15337,0,3
14415,15338,0,3
14574,15338,0,3
14414,15338,0,3
14573,15338,0,3
14413,15338,0,3
14572,15338,0,3
13937,15339,1,2
14255,15339,1,2
14254,15339,1,2
14096,15339,1,2
13936,15339,1,2
14095,15339,1,2
14256,15341,0,3
14415,15341,0,3
14255,15341,0,3
14414,15341,0,3
14254,15341,0,3
14413,15341,0,3
14255,15342,0,3
14254,15342,0,3
14096,15342,0,3
14095,15342,0,3
14094,15342,0,3
14253,15342,0,3
14255,15343,0,3
14414,15343,0,3
14254,15343,0,3
14413,15343,0,3
14253,15343,0,3
14412,15343,0,3
14255,15345,0,3
14254,15345,0,3
14096,15345,0,3
14095,15345,0,3
14414,15346,0,3
14573,15346,0,3
14413,15346,0,3
14732,15346,0,3
14731,15346,0,3
14572,15346,0,3
14255,15347,0,3
14414,15347,0,3
14254,15347,0,3
14413,15347,0,3
14254,15349,0,3
13936,15349,0,3
14095,15349,0,3
13935,15349,0,3
14094,15349,0,3
14093,15349,0,3
14253,15349,0,3
14414,15350,0,3
14573,15350,0,3
14254,15350,0,3
14413,15350,0,3
14572,15350,0,3
14412,15350,0,3
14571,15350,0,3
14414,15352,0,3
14573,15352,0,3
14413,15352,0,3
14732,15352,0,3
14731,15352,0,3
14572,15352,0,3
14255,15353,0,3
14414,15353,0,3
14573,15353,0,3
14254,15353,0,3
14413,15353,0,3
14572,15353,0,3
14097,15355,0,3
14256,15355,0,3
14255,15355,0,3
14254,15355,0,3
14096,15355,0,3
14095,15355,0,3
14414,15358,0,3
14573,15358,0,3
14413,15358,0,3
14572,15358,0,3
14256,15359,0,3
14415,15359,0,3
14255,15359,0,3
14414,15359,0,3
14254,15359,0,3
14413,15359,0,3
14256,15361,0,3
14415,15361,0,3
14255,15361,0,3
14414,15361,0,3
14573,15361,0,3
14254,15361,0,3
14413,15361,0,3
14256,15362,0,3
14415,15362,0,3
14574,15362,0,3
14255,15362,0,3
14414,15362,0,3
14573,15362,0,3
14414,15363,0,3
14573,15363,0,3
14413,15363,0,3
14572,15363,0,3
14097,15364,0,3
14256,15364,0,3
14255,15364,0,3
14254,15364,0,3
14096,15364,0,3
14095,15364,0,3
14256,15365,0,3
14415,15365,0,3
14255,15365,0,3
14414,15365,0,3
14255,15366,0,3
14414,15366,0,3
14254,15366,0,3
14413,15366,0,3
14253,15366,0,3
14412,15366,0,3
14254,15370,0,3
13936,15370,0,3
14095,15370,0,3
13935,15370,0,3
14094,15370,0,3
14253,15370,0,3
14097,15373,0,3
14256,15373,0,3
14415,15373,0,3
14255,15373,0,3
14414,15373,0,3
14096,15373,0,3
14414,15376,0,3
14573,15376,0,3
14254,15376,0,3
14413,15376,0,3
14572,15376,0,3
14412,15376,0,3
13936,15377,0,3
14095,15377,0,3
13935,15377,0,3
14094,15377,0,3
14093,15377,0,3
14254,15378,0,3
14413,15378,0,3
14253,15378,0,3
14412,15378,0,3
14097,15381,0,3
14256,15381,0,3
14255,15381,0,3
14254,15381,0,3
14096,15381,0,3
14095,15381,0,3
14256,15384,0,3
14415,15384,0,3
14255,15384,0,3
14414,15384,0,3
14254,15384,0,3
14413,15384,0,3
14096,15384,0,3
14097,15386,0,3
14256,15386,0,3
14255,15386,0,3
14096,15386,0,3
14255,15387,0,3
14254,15387,0,3
14096,15387,0,3
14095,15387,0,3
14094,15387,0,3
14253,15387,0,3
14255,15388,0,3
14254,15388,0,3
14096,15388,0,3
14095,15388,0,3
14414,15389,0,3
14573,15389,0,3
14413,15389,0,3
14572,15389,0,3
14255,15390,0,3
14254,15390,0,3
14096,15390,0,3
14095,15390,0,3
14094,15390,0,3
14253,15390,0,3
14255,15391,0,3
14254,15391,0,3
14096,15391,0,3
14095,15391,0,3
14255,15392,0,3
14414,15392,0,3
14254,15392,0,3
14413,15392,0,3
14253,15392,0,3
14412,15392,0,3
14256,15393,0,3
14415,15393,0,3
14255,15393,0,3
14414,15393,0,3
14414,15394,0,3
14573,15394,0,3
14413,15394,0,3
14572,15394,0,3
14097,15395,0,3
14256,15395,0,3
14255,15395,0,3
14254,15395,0,3
14096,15395,0,3
14095,15395,0,3
14256,15397,0,3
14415,15397,0,3
14255,15397,0,3
14414,15397,0,3
14255,15398,0,3
14414,15398,0,3
14254,15398,0,3
14413,15398,0,3
14097,15399,0,3
14256,15399,0,3
14415,15399,0,3
14255,15399,0,3
14414,15399,0,3
14096,15399,0,3
14255,15400,0,3
14414,15400,0,3
14573,15400,0,3
14254,15400,0,3
14413,15400,0,3
14572,15400,0,3
14255,15401,0,3
14254,15401,0,3
14096,15401,0,3
14095,15401,0,3
14094,15401,0,3
14253,15401,0,3
14255,15402,0,3
14414,15402,0,3
14254,15402,0,3
14413,15402,0,3
14255,15403,0,3
14254,15403,0,3
14096,15403,0,3
14095,15403,0,3
14256,15404,0,3
14415,15404,0,3
14255,15404,0,3
14414,15404,0,3
14254,15404,0,3
14413,15404,0,3
15351,15683,0,3
15510,15683,0,3
15350,15683,0,3
15509,15683,0,3
15192,15683,0,3
15191,15683,0,3
15351,15684,0,3
15510,15684,0,3
15350,15684,0,3
15509,15684,0,3
15351,15738,0,3
15510,15738,0,3
15350,15738,0,3
15509,15738,0,3
15192,15738,0,3
15191,15738,0,3
16315,15987,0,3
16314,15987,0,3
16313,15987,0,3
16156,15987,0,3
16155,15987,0,3
16154,15987,0,3
16312,15990,0,3
16471,15990,0,3
16311,15990,0,3
16470,15990,0,3
16153,15990,0,3
16152,15990,0,3
16473,15993,1,2
16632,15993,1,2
16472,15993,1,2
16631,15993,1,2
16471,15994,0,3
16789,15994,0,3
16788,15994,0,3
16630,15994,0,3
16470,15994,0,3
16629,15994,0,3
16313,15996,0,3
16472,15996,0,3
16312,15996,0,3
16471,15996,0,3
16311,15996,0,3
16154,15996,0,3
16153,15996,0,3
16315,15998,0,3
16314,15998,0,3
16473,15998,0,3
16313,15998,0,3
16155,15998,0,3
16154,15998,0,3
16313,16000,0,3
16472,16000,0,3
16312,16000,0,3
16471,16000,0,3
16154,16000,0,3
16153,16000,0,3
16312,16002,0,3
16471,16002,0,3
16311,16002,0,3
16470,16002,0,3
16313,16003,0,3
16312,16003,0,3
16471,16003,0,3
16311,16003,0,3
16154,16003,0,3
16153,16003,0,3
16152,16003,0,3
16315,16004,0,3
16314,16004,0,3
16156,16004,0,3
16155,16004,0,3
16313,16005,0,3
16472,16005,0,3
16312,16005,0,3
16471,16005,0,3
16154,16005,0,3
16153,16005,0,3
16315,16007,0,3
16474,16007,0,3
16314,16007,0,3
16473,16007,0,3
16314,16009,0,3
16473,16009,0,3
16313,16009,0,3
16472,16009,0,3
16155,16009,0,3
16154,16009,0,3
16312,16012,0,3
16471,16012,0,3
16311,16012,0,3
16470,16012,0,3
16153,16012,0,3
16152,16012,0,3
16314,16013,1,2
16473,16013,1,2
16632,16013,1,2
16313,16013,1,2
16472,16013,1,2
16631,16013,1,2
16471,16013,1,2
16313,16017,0,3
16312,16017,0,3
16311,16017,0,3
16154,16017,0,3
16153,16017,0,3
16152,16017,0,3
16313,16019,0,3
16472,16019,0,3
16312,16019,0,3
16471,16019,0,3
16315,16022,0,3
16474,16022,0,3
16314,16022,0,3
16473,16022,0,3
16313,16022,0,3
16156,16022,0,3
16155,16022,0,3
16313,16024,2,1
16472,16024,2,1
16631,16024,2,1
16312,16024,2,1
16471,16024,2,1
16630,16024,2,1
16315,16026,0,3
16474,16026,0,3
16314,16026,0,3
16473,16026,0,3
16313,16026,0,3
16472,16026,0,3
16313,16029,0,3
16312,16029,0,3
16154,16029,0,3
16153,16029,0,3
16313,16032,2,1
16312,16032,2,1
16154,16032,2,1
16153,16032,2,1
16312,16035,0,3
16471,16035,0,3
16311,16035,0,3
16470,16035,0,3
16312,16037,0,3
16471,16037,0,3
16311,16037,0,3
16470,16037,0,3
16471,16038,0,3
16630,16038,0,3
16470,16038,0,3
16629,16038,0,3
16312,16040,0,3
16471,16040,0,3
16311,16040,0,3
16470,16040,0,3
16153,16040,0,3
16152,16040,0,3
16312,16046,0,3
16471,16046,0,3
16311,16046,0,3
16470,16046,0,3
16153,16046,0,3
16152,16046,0,3
16313,16047,0,3
16472,16047,0,3
16312,16047,0,3
16471,16047,0,3
16311,16047,0,3
16470,16047,0,3
16312,16048,0,3
16471,16048,0,3
16311,16048,0,3
16470,16048,0,3
16314,16052,0,3
16313,16052,0,3
16155,16052,0,3
16154,16052,0,3
16313,16054,0,3
16312,16054,0,3
16154,16054,0,3
16153,16054,0,3
16315,16055,0,3
16314,16055,0,3
16313,16055,0,3
16156,16055,0,3
16155,16055,0,3
16154,16055,0,3
16314,16058,1,2
16473,16058,1,2
16313,16058,1,2
16472,16058,1,2
16312,16060,0,3
16471,16060,0,3
16630,16060,0,3
16311,16060,0,3
16470,16060,0,3
16629,16060,0,3
16313,16063,0,3
16472,16063,0,3
16312,16063,0,3
16471,16063,0,3
16630,16063,0,3
16311,16063,0,3
16470,16063,0,3
16314,16064,0,3
16473,16064,0,3
16313,16064,0,3
16472,16064,0,3
16313,16065,0,3
16312,16065,0,3
16311,16065,0,3
16154,16065,0,3
16153,16065,0,3
16152,16065,0,3
16312,16066,0,3
16471,16066,0,3
16311,16066,0,3
16470,16066,0,3
16315,16067,0,3
16314,16067,0,3
16156,16067,0,3
16155,16067,0,3
16314,16070,0,3
16313,16070,0,3
15996,16070,0,3
16155,16070,0,3
15995,16070,0,3
16154,16070,0,3
16315,16072,0,3
16474,16072,0,3
16314,16072,0,3
16473,16072,0,3
16472,16072,0,3
16314,16073,0,3
16473,16073,0,3
16313,16073,0,3
16472,16073,0,3
16312,16073,0,3
16471,16073,0,3
16313,16074,1,2
16312,16074,1,2
16155,16074,1,2
15995,16074,1,2
16154,16074,1,2
15994,16074,1,2
16153,16074,1,2
16631,16075,1,2
16790,16075,1,2
16789,16075,1,2
16788,16075,1,2
16630,16075,1,2
16629,16075,1,2
16315,16076,0,3
16474,16076,0,3
16314,16076,0,3
16473,16076,0,3
16155,16076,0,3
16791,16077,2,1
16632,16077,2,1
16631,16077,2,1
16790,16077,2,1
16789,16077,2,1
16630,16077,2,1
16471,16078,0,3
16789,16078,0,3
16788,16078,0,3
16630,16078,0,3
16470,16078,0,3
16629,16078,0,3
16631,16080,0,3
16790,16080,0,3
16789,16080,0,3
16630,16080,0,3
16313,16081,0,3
16472,16081,0,3
16312,16081,0,3
16471,16081,0,3
16630,16081,0,3
16311,16081,0,3
16470,16081,0,3
16314,16083,0,3
16313,16083,0,3
15996,16083,0,3
16155,16083,0,3
15995,16083,0,3
16154,16083,0,3
16312,16086,0,3
16471,16086,0,3
16311,16086,0,3
16470,16086,0,3
16153,16086,0,3
16152,16086,0,3
16471,16087,0,3
16630,16087,0,3
16470,16087,0,3
16629,16087,0,3
16314,16088,0,3
16313,16088,0,3
16155,16088,0,3
16154,16088,0,3
16313,16089,0,3
16312,16089,0,3
16154,16089,0,3
16153,16089,0,3
16313,16090,0,3
16472,16090,0,3
16312,16090,0,3
16471,16090,0,3
16313,16091,0,3
16472,16091,0,3
16312,16091,0,3
16471,16091,0,3
16311,16091,0,3
16470,16091,0,3
16315,16092,0,3
16314,16092,0,3
16156,16092,0,3
16155,16092,0,3
16315,16093,0,3
16314,16093,0,3
16156,16093,0,3
16155,16093,0,3
16313,16096,0,3
16312,16096,0,3
16471,16096,0,3
16311,16096,0,3
16154,16096,0,3
16153,16096,0,3
16152,16096,0,3
16315,16097,0,3
16474,16097,0,3
16314,16097,0,3
16473,16097,0,3
16313,16098,0,3
16312,16098,0,3
16311,16098,0,3
16154,16098,0,3
16153,16098,0,3
16152,16098,0,3
16314,16099,0,3
16473,16099,0,3
16313,16099,0,3
16472,16099,0,3
16314,16100,0,3
16473,16100,0,3
16313,16100,0,3
16472,16100,0,3
16155,16100,0,3
16154,16100,0,3
16313,16101,0,3
16472,16101,0,3
16312,16101,0,3
16471,16101,0,3
16473,16104,2,1
16632,16104,2,1
16472,16104,2,1
16631,16104,2,1
16473,16105,1,2
16632,16105,1,2
16472,16105,1,2
16631,16105,1,2
16471,16106,0,3
16630,16106,0,3
16470,16106,0,3
16629,16106,0,3
16315,16108,0,3
16474,16108,0,3
16633,16108,0,3
16314,16108,0,3
16473,16108,0,3
16632,16108,0,3
16314,16109,0,3
16313,16109,0,3
16312,16109,0,3
16155,16109,0,3
16154,16109,0,3
16153,16109,0,3
16315,16111,0,3
16314,16111,0,3
16313,16111,0,3
16156,16111,0,3
16155,16111,0,3
16154,16111,0,3
16473,16112,1,2
16632,16112,1,2
16472,16112,1,2
16631,16112,1,2
16315,16114,0,3
16474,16114,0,3
16314,16114,0,3
16473,16114,0,3
16313,16114,0,3
16472,16114,0,3
16315,16117,0,3
16474,16117,0,3
16314,16117,0,3
16473,16117,0,3
16156,16117,0,3
16155,16117,0,3
16315,16118,0,3
16474,16118,0,3
16314,16118,0,3
16473,16118,0,3
16315,16119,0,3
16314,16119,0,3
16156,16119,0,3
16155,16119,0,3
16315,16121,0,3
16314,16121,0,3
16473,16121,0,3
16313,16121,0,3
16156,16121,0,3
16155,16121,0,3
16154,16121,0,3
16312,16126,0,3
16471,16126,0,3
16311,16126,0,3
16470,16126,0,3
16313,16127,0,3
16472,16127,0,3
16312,16127,0,3
16471,16127,0,3
16471,16129,0,3
16789,16129,0,3
16788,16129,0,3
16630,16129,0,3
16470,16129,0,3
16629,16129,0,3
16315,16133,0,3
16474,16133,0,3
16314,16133,0,3
16473,16133,0,3
16313,16134,0,3
16472,16134,0,3
16312,16134,0,3
16471,16134,0,3
16313,16135,0,3
16312,16135,0,3
16311,16135,0,3
16154,16135,0,3
16153,16135,0,3
16152,16135,0,3
16315,16136,0,3
16314,16136,0,3
16313,16136,0,3
16156,16136,0,3
16155,16136,0,3
16154,16136,0,3
16315,16138,0,3
16314,16138,0,3
16313,16138,0,3
16156,16138,0,3
16155,16138,0,3
16154,16138,0,3
16313,16139,0,3
16472,16139,0,3
16312,16139,0,3
16471,16139,0,3
16631,16141,1,2
16790,16141,1,2
16789,16141,1,2
16788,16141,1,2
16630,16141,1,2
16629,16141,1,2
16791,16143,0,3
16473,16143,0,3
16632,16143,0,3
16472,16143,0,3
16631,16143,0,3
16790,16143,0,3
16313,16144,0,3
16312,16144,0,3
16154,16144,0,3
16153,16144,0,3
16314,16146,0,3
16313,16146,0,3
16312,16146,0,3
16155,16146,0,3
16154,16146,0,3
16153,16146,0,3
16791,16148,0,3
16473,16148,0,3
16632,16148,0,3
16472,16148,0,3
16631,16148,0,3
16790,16148,0,3
16314,16149,0,3
16473,16149,0,3
16313,16149,0,3
16472,16149,0,3
16312,16149,0,3
16471,16149,0,3
16631,16150,0,3
16790,16150,0,3
16789,16150,0,3
16630,16150,0,3
16313,16151,0,3
16472,16151,0,3
16312,16151,0,3
16471,16151,0,3
16312,16152,0,3
16471,16152,0,3
16311,16152,0,3
16470,16152,0,3
16153,16152,0,3
16152,16152,0,3
16312,16153,0,3
16471,16153,0,3
16311,16153,0,3
16470,16153,0,3
16315,16154,0,3
16474,16154,0,3
16314,16154,0,3
16473,16154,0,3
16314,16155,0,3
16473,16155,0,3
16632,16155,0,3
16313,16155,0,3
16472,16155,0,3
16631,16155,0,3
16313,16156,0,3
16472,16156,0,3
16312,16156,0,3
16471,16156,0,3
16315,16158,0,3
16474,16158,0,3
16633,16158,0,3
16314,16158,0,3
16473,16158,0,3
16632,16158,0,3
16313,16159,0,3
16312,16159,0,3
16154,16159,0,3
16153,16159,0,3
16313,16160,0,3
16472,16160,0,3
16312,16160,0,3
16471,16160,0,3
16473,16162,0,3
16632,16162,0,3
16472,16162,0,3
16631,16162,0,3
16789,16163,0,3
16788,16163,0,3
16630,16163,0,3
16629,16163,0,3
16314,16164,0,3
16473,16164,0,3
16313,16164,0,3
16472,16164,0,3
16313,16166,0,3
16312,16166,0,3
16154,16166,0,3
16153,16166,0,3
16314,16167,0,3
16313,16167,0,3
16312,16167,0,3
16155,16167,0,3
15995,16167,0,3
16154,16167,0,3
16153,16167,0,3
16791,16168,0,3
16632,16168,0,3
16472,16168,0,3
16631,16168,0,3
16790,16168,0,3
16313,16170,0,3
16312,16170,0,3
16154,16170,0,3
16153,16170,0,3
16315,16172,0,3
16314,16172,0,3
16156,16172,0,3
16155,16172,0,3
16314,16174,0,3
16473,16174,0,3
16313,16174,0,3
16472,16174,0,3
16312,16174,0,3
16154,16174,0,3
16315,16175,0,3
16474,16175,0,3
16314,16175,0,3
16473,16175,0,3
16473,16176,1,2
16632,16176,1,2
16472,16176,1,2
16631,16176,1,2
16315,16177,0,3
16474,16177,0,3
16633,16177,0,3
16314,16177,0,3
16473,16177,0,3
16632,16177,0,3
16314,16178,0,3
16313,16178,0,3
16155,16178,0,3
16154,16178,0,3
16315,16182,0,3
16314,16182,0,3
16473,16182,0,3
16313,16182,0,3
16472,16182,0,3
16155,16182,0,3
16154,16182,0,3
16313,16183,0,3
16472,16183,0,3
16631,16183,0,3
16312,16183,0,3
16471,16183,0,3
16630,16183,0,3
16791,16185,1,2
16632,16185,1,2
16631,16185,1,2
16790,16185,1,2
16789,16185,1,2
16630,16185,1,2
16314,16189,0,3
16473,16189,0,3
16313,16189,0,3
16472,16189,0,3
16312,16189,0,3
16471,16189,0,3
16471,16193,0,3
16630,16193,0,3
16470,16193,0,3
16629,16193,0,3
16312,16197,0,3
16471,16197,0,3
16630,16197,0,3
16311,16197,0,3
16470,16197,0,3
16314,16199,0,3
16473,16199,0,3
16313,16199,0,3
16472,16199,0,3
16312,16199,0,3
16155,16199,0,3
16154,16199,0,3
16314,16200,0,3
16313,16200,0,3
16155,16200,0,3
16154,16200,0,3
16312,16201,0,3
16471,16201,0,3
16311,16201,0,3
16470,16201,0,3
16312,16204,0,3
16471,16204,0,3
16311,16204,0,3
16470,16204,0,3
16312,16205,0,3
16471,16205,0,3
16630,16205,0,3
16311,16205,0,3
16470,16205,0,3
16629,16205,0,3
16312,16207,0,3
16471,16207,0,3
16630,16207,0,3
16311,16207,0,3
16470,16207,0,3
16629,16207,0,3
16314,16208,2,1
16473,16208,2,1
16632,16208,2,1
16313,16208,2,1
16472,16208,2,1
16631,16208,2,1
16471,16208,2,1
16631,16209,0,3
16790,16209,0,3
16789,16209,0,3
16630,16209,0,3
16313,16212,0,3
16312,16212,0,3
16311,16212,0,3
16154,16212,0,3
16153,16212,0,3
16152,16212,0,3
16312,16213,0,3
16471,16213,0,3
16630,16213,0,3
16311,16213,0,3
16470,16213,0,3
16629,16213,0,3
16314,16216,0,3
16313,16216,0,3
16155,16216,0,3
16154,16216,0,3
16312,16220,0,3
16471,16220,0,3
16311,16220,0,3
16470,16220,0,3
16314,16223,0,3
16313,16223,0,3
16472,16223,0,3
16312,16223,0,3
16155,16223,0,3
16154,16223,0,3
16153,16223,0,3
16314,16226,0,3
16473,16226,0,3
16313,16226,0,3
16472,16226,0,3
16155,16226,0,3
16154,16226,0,3
16315,16227,0,3
16474,16227,0,3
16314,16227,0,3
16473,16227,0,3
16315,16230,0,3
16474,16230,0,3
16314,16230,0,3
16473,16230,0,3
16156,16230,0,3
16155,16230,0,3
16471,16232,0,3
16789,16232,0,3
16788,16232,0,3
16630,16232,0,3
16470,16232,0,3
16629,16232,0,3
16313,16234,0,3
16472,16234,0,3
16312,16234,0,3
16471,16234,0,3
16315,16235,0,3
16474,16235,0,3
16314,16235,0,3
16473,16235,0,3
16313,16236,0,3
16472,16236,0,3
16312,16236,0,3
16471,16236,0,3
16314,16237,0,3
16473,16237,0,3
16632,16237,0,3
16313,16237,0,3
16472,16237,0,3
16631,16237,0,3
16315,16239,1,2
16474,16239,1,2
16314,16239,1,2
16473,16239,1,2
16312,16240,0,3
16471,16240,0,3
16311,16240,0,3
16470,16240,0,3
16314,16241,0,3
16473,16241,0,3
16313,16241,0,3
16472,16241,0,3
16473,16243,1,2
16632,16243,1,2
16472,16243,1,2
16631,16243,1,2
16313,16245,0,3
16312,16245,0,3
16155,16245,0,3
15995,16245,0,3
16154,16245,0,3
16153,16245,0,3
16314,16247,0,3
16313,16247,0,3
16155,16247,0,3
16154,16247,0,3
16471,16248,0,3
16789,16248,0,3
16788,16248,0,3
16630,16248,0,3
16470,16248,0,3
16629,16248,0,3
16791,16249,0,3
16632,16249,0,3
16631,16249,0,3
16790,16249,0,3
16314,16250,0,3
16313,16250,0,3
16312,16250,0,3
16155,16250,0,3
16154,16250,0,3
16153,16250,0,3
16312,16251,0,3
16471,16251,0,3
16311,16251,0,3
16470,16251,0,3
16153,16251,0,3
16152,16251,0,3
16314,16252,0,3
16473,16252,0,3
16313,16252,0,3
16472,16252,0,3
16312,16252,0,3
16471,16252,0,3
16313,16255,2,1
16312,16255,2,1
16154,16255,2,1
16153,16255,2,1
16471,16256,0,3
16789,16256,0,3
16788,16256,0,3
16630,16256,0,3
16470,16256,0,3
16629,16256,0,3
16631,16257,0,3
16790,16257,0,3
16789,16257,0,3
16630,16257,0,3
16314,16258,0,3
16473,16258,0,3
16313,16258,0,3
16472,16258,0,3
16314,16262,0,3
16313,16262,0,3
16312,16262,0,3
16155,16262,0,3
16154,16262,0,3
16153,16262,0,3
16312,16265,0,3
16471,16265,0,3
16311,16265,0,3
16470,16265,0,3
16153,16265,0,3
16152,16265,0,3
16313,16267,0,3
16312,16267,0,3
16154,16267,0,3
16153,16267,0,3
16314,16269,0,3
16313,16269,0,3
15996,16269,0,3
16155,16269,0,3
15995,16269,0,3
16154,16269,0,3
16313,16271,0,3
16312,16271,0,3
16471,16271,0,3
16311,16271,0,3
16154,16271,0,3
16153,16271,0,3
16313,16274,0,3
16312,16274,0,3
16154,16274,0,3
16153,16274,0,3
16313,16275,0,3
16312,16275,0,3
16154,16275,0,3
16153,16275,0,3
16313,16276,0,3
16312,16276,0,3
16154,16276,0,3
16153,16276,0,3
16791,16278,1,2
16473,16278,1,2
16632,16278,1,2
16472,16278,1,2
16631,16278,1,2
16790,16278,1,2
16314,16282,0,3
16473,16282,0,3
16313,16282,0,3
16472,16282,0,3
16312,16282,0,3
16471,16282,0,3
16791,16303,0,3
16631,16303,0,3
16790,16303,0,3
16949,16303,0,3
16789,16303,0,3
16948,16303,0,3
16630,16303,0,3
16631,16330,0,3
16790,16330,0,3
16949,16330,0,3
16789,16330,0,3
16948,16330,0,3
16630,16330,0,3
16791,16360,0,3
16631,16360,0,3
16790,16360,0,3
16949,16360,0,3
16789,16360,0,3
16948,16360,0,3
16631,16363,0,3
16790,16363,0,3
16789,16363,0,3
16630,16363,0,3
16791,16407,0,3
16631,16407,0,3
16790,16407,0,3
16949,16407,0,3
16789,16407,0,3
16630,16407,0,3
16791,16410,0,3
16631,16410,0,3
16790,16410,0,3
16949,16410,0,3
16789,16410,0,3
16630,16410,0,3
16791,16428,0,3
16631,16428,0,3
16790,16428,0,3
16789,16428,0,3
16630,16428,0,3
16631,16437,0,3
16790,16437,0,3
16789,16437,0,3
16630,16437,0,3
16631,16450,0,3
16790,16450,0,3
16949,16450,0,3
16789,16450,0,3
16948,16450,0,3
16630,16450,0,3
16631,16464,0,3
16790,16464,0,3
16949,16464,0,3
16789,16464,0,3
16948,16464,0,3
16630,16464,0,3
16791,16478,0,3
16632,16478,0,3
16631,16478,0,3
16790,16478,0,3
16949,16478,0,3
16789,16478,0,3
16630,16478,0,3
16631,16491,0,3
16790,16491,0,3
16949,16491,0,3
16789,16491,0,3
16948,16491,0,3
16630,16491,0,3
16791,16504,0,3
16632,16504,0,3
16631,16504,0,3
16790,16504,0,3
16949,16504,0,3
16789,16504,0,3
16630,16504,0,3
16631,16527,0,3
16790,16527,0,3
16949,16527,0,3
16789,16527,0,3
16948,16527,0,3
16630,16527,0,3
16318,16539,0,3
16317,16539,0,3
16316,16539,0,3
16159,16539,0,3
16158,16539,0,3
16157,16539,0,3
15840,16542,0,3
15999,16542,0,3
16158,16542,0,3
15839,16542,0,3
15998,16542,0,3
16157,16542,0,3
16317,16549,0,3
16316,16549,0,3
15999,16549,0,3
16158,16549,0,3
15998,16549,0,3
16157,16549,0,3
16317,16561,0,3
16476,16561,0,3
16316,16561,0,3
16158,16561,0,3
16157,16561,0,3
16316,16564,0,3
15999,16564,0,3
16158,16564,0,3
15998,16564,0,3
16157,16564,0,3
15997,16564,0,3
16156,16564,0,3
15999,16566,0,3
16158,16566,0,3
15998,16566,0,3
16157,16566,0,3
16317,16567,0,3
16316,16567,0,3
16158,16567,0,3
16157,16567,0,3
16316,16568,0,3
16315,16568,0,3
16314,16568,0,3
16157,16568,0,3
16156,16568,0,3
16155,16568,0,3
16317,16569,0,3
16316,16569,0,3
16158,16569,0,3
16157,16569,0,3
15998,16570,0,3
16157,16570,0,3
15997,16570,0,3
16156,16570,0,3
16318,16576,0,3
16317,16576,0,3
16159,16576,0,3
16158,16576,0,3
16318,16581,0,3
16317,16581,0,3
16159,16581,0,3
16158,16581,0,3
16317,16583,0,3
16316,16583,0,3
16158,16583,0,3
16157,16583,0,3
16317,16585,0,3
16316,16585,0,3
15999,16585,0,3
16158,16585,0,3
15998,16585,0,3
16157,16585,0,3
15999,16588,0,3
16158,16588,0,3
15998,16588,0,3
16157,16588,0,3
15997,16588,0,3
16156,16588,0,3
16317,16589,0,3
16476,16589,0,3
16316,16589,0,3
16475,16589,0,3
16158,16589,0,3
16315,16592,0,3
16314,16592,0,3
16156,16592,0,3
16155,16592,0,3
16317,16596,0,3
16476,16596,0,3
16316,16596,0,3
16475,16596,0,3
16316,16598,0,3
16315,16598,0,3
16158,16598,0,3
15998,16598,0,3
16157,16598,0,3
16156,16598,0,3
16317,16599,0,3
16316,16599,0,3
15999,16599,0,3
16158,16599,0,3
15998,16599,0,3
16157,16599,0,3
16317,16602,0,3
16476,16602,0,3
16316,16602,0,3
16475,16602,0,3
16315,16602,0,3
16158,16602,0,3
16157,16602,0,3
15999,16607,0,3
16158,16607,0,3
15839,16607,0,3
15998,16607,0,3
16157,16607,0,3
15997,16607,0,3
15999,16608,0,3
16158,16608,0,3
15998,16608,0,3
16157,16608,0,3
15997,16608,0,3
16156,16608,0,3
16319,16612,0,3
16478,16612,0,3
16318,16612,0,3
16477,16612,0,3
16317,16612,0,3
16476,16612,0,3
16317,16613,0,3
16476,16613,0,3
16316,16613,0,3
16475,16613,0,3
16158,16613,0,3
16157,16613,0,3
15840,16616,0,3
15999,16616,0,3
16158,16616,0,3
15839,16616,0,3
15998,16616,0,3
16157,16616,0,3
16318,16625,0,3
16317,16625,0,3
16159,16625,0,3
16158,16625,0,3
16318,16628,0,3
16317,16628,0,3
16316,16628,0,3
16159,16628,0,3
16158,16628,0,3
16157,16628,0,3
16317,16632,0,3
16316,16632,0,3
16158,16632,0,3
16157,16632,0,3
16318,16633,0,3
16317,16633,0,3
16316,16633,0,3
16159,16633,0,3
16158,16633,0,3
16157,16633,0,3
16316,16636,0,3
16315,16636,0,3
15998,16636,0,3
16157,16636,0,3
15997,16636,0,3
16156,16636,0,3
15999,16641,0,3
16158,16641,0,3
15998,16641,0,3
16157,16641,0,3
15997,16641,0,3
16156,16641,0,3
15999,16643,0,3
16158,16643,0,3
15998,16643,0,3
16157,16643,0,3
15997,16643,0,3
16156,16643,0,3
16317,16644,0,3
16316,16644,0,3
15999,16644,0,3
16158,16644,0,3
15998,16644,0,3
16157,16644,0,3
15999,16646,0,3
16158,16646,0,3
15839,16646,0,3
15998,16646,0,3
16157,16646,0,3
15997,16646,0,3
16156,16646,0,3
15999,16647,0,3
16158,16647,0,3
15998,16647,0,3
16157,16647,0,3
15997,16647,0,3
16156,16647,0,3
16317,16648,0,3
16476,16648,0,3
16316,16648,0,3
16475,16648,0,3
16158,16648,0,3
16318,16651,0,3
16317,16651,0,3
16476,16651,0,3
16316,16651,0,3
16159,16651,0,3
16158,16651,0,3
16157,16651,0,3
16317,16654,0,3
16476,16654,0,3
16316,16654,0,3
16475,16654,0,3
16158,16654,0,3
16157,16654,0,3
16318,16656,0,3
16317,16656,0,3
16316,16656,0,3
16159,16656,0,3
16158,16656,0,3
16157,16656,0,3
15999,16658,0,3
16158,16658,0,3
15998,16658,0,3
16157,16658,0,3
15997,16658,0,3
16156,16658,0,3
16317,16659,0,3
16316,16659,0,3
16158,16659,0,3
16157,16659,0,3
15999,16666,0,3
16158,16666,0,3
15998,16666,0,3
16157,16666,0,3
15997,16666,0,3
16156,16666,0,3
16318,16670,0,3
16317,16670,0,3
16316,16670,0,3
16159,16670,0,3
16158,16670,0,3
16157,16670,0,3
16317,16671,0,3
16476,16671,0,3
16316,16671,0,3
16475,16671,0,3
16317,16672,0,3
16316,16672,0,3
16158,16672,0,3
16157,16672,0,3
15999,16674,0,3
16158,16674,0,3
15998,16674,0,3
16157,16674,0,3
15840,16678,0,3
15999,16678,0,3
16158,16678,0,3
15839,16678,0,3
15998,16678,0,3
16157,16678,0,3
15840,16679,0,3
15999,16679,0,3
16158,16679,0,3
15839,16679,0,3
15998,16679,0,3
16157,16679,0,3
16317,16681,0,3
16316,16681,0,3
16158,16681,0,3
16157,16681,0,3
15999,16683,0,3
16158,16683,0,3
15998,16683,0,3
16157,16683,0,3
15997,16683,0,3
16156,16683,0,3
15999,16685,0,3
16158,16685,0,3
15998,16685,0,3
16157,16685,0,3
15997,16685,0,3
16156,16685,0,3
16317,16686,0,3
16316,16686,0,3
16315,16686,0,3
16158,16686,0,3
16157,16686,0,3
16156,16686,0,3
16317,16687,0,3
16316,16687,0,3
16315,16687,0,3
16158,16687,0,3
15998,16687,0,3
16157,16687,0,3
16156,16687,0,3
15999,16692,0,3
16158,16692,0,3
15998,16692,0,3
16157,16692,0,3
16001,16694,0,3
16160,16694,0,3
16000,16694,0,3
16159,16694,0,3
16001,16695,0,3
15841,16695,0,3
16000,16695,0,3
16159,16695,0,3
15840,16695,0,3
15999,16695,0,3
16322,16698,0,3
16481,16698,0,3
16321,16698,0,3
16480,16698,0,3
16000,16699,0,3
16159,16699,0,3
15999,16699,0,3
16158,16699,0,3
15998,16699,0,3
15841,16700,0,3
16000,16700,0,3
15840,16700,0,3
15999,16700,0,3
15839,16700,0,3
15998,16700,0,3
16318,16701,0,3
16317,16701,0,3
16159,16701,0,3
16158,16701,0,3
16002,16702,0,3
16161,16702,0,3
16001,16702,0,3
16160,16702,0,3
15841,16703,0,3
16000,16703,0,3
15840,16703,0,3
15999,16703,0,3
15839,16703,0,3
15998,16703,0,3
16320,16704,0,3
16479,16704,0,3
16319,16704,0,3
16478,16704,0,3
16161,16704,0,3
16160,16704,0,3
16319,16705,0,3
16478,16705,0,3
16318,16705,0,3
16477,16705,0,3
16160,16705,0,3
16159,16705,0,3
16321,16707,0,3
16320,16707,0,3
16319,16707,0,3
16162,16707,0,3
16161,16707,0,3
16160,16707,0,3
16321,16708,0,3
16480,16708,0,3
16320,16708,0,3
16479,16708,0,3
16162,16708,0,3
16161,16708,0,3
16321,16710,0,3
16480,16710,0,3
16320,16710,0,3
16479,16710,0,3
16321,16711,0,3
16320,16711,0,3
16319,16711,0,3
16162,16711,0,3
16161,16711,0,3
16160,16711,0,3
16320,16712,0,3
16319,16712,0,3
16162,16712,0,3
16002,16712,0,3
16161,16712,0,3
16160,16712,0,3
16322,16714,0,3
16321,16714,0,3
16480,16714,0,3
16320,16714,0,3
16163,16714,0,3
16162,16714,0,3
16161,16714,0,3
16321,16715,0,3
16320,16715,0,3
16319,16715,0,3
16162,16715,0,3
16161,16715,0,3
16160,16715,0,3
16321,16716,0,3
16320,16716,0,3
16319,16716,0,3
16162,16716,0,3
16161,16716,0,3
16160,16716,0,3
16322,16718,0,3
16481,16718,0,3
16321,16718,0,3
16480,16718,0,3
16321,16719,0,3
16320,16719,0,3
16162,16719,0,3
16002,16719,0,3
16161,16719,0,3
16160,16719,0,3
16319,16720,0,3
16478,16720,0,3
16318,16720,0,3
16477,16720,0,3
16317,16720,0,3
16159,16720,0,3
16319,16721,0,3
16478,16721,0,3
16318,16721,0,3
16477,16721,0,3
16321,16722,0,3
16480,16722,0,3
16320,16722,0,3
16479,16722,0,3
16319,16722,0,3
16162,16722,0,3
16161,16722,0,3
15841,16723,0,3
16000,16723,0,3
15840,16723,0,3
15999,16723,0,3
16321,16728,0,3
16320,16728,0,3
16162,16728,0,3
16161,16728,0,3
16319,16729,0,3
16478,16729,0,3
16318,16729,0,3
16477,16729,0,3
16160,16729,0,3
16159,16729,0,3
16321,16730,0,3
16480,16730,0,3
16320,16730,0,3
16479,16730,0,3
16321,16731,0,3
16320,16731,0,3
16319,16731,0,3
16161,16731,0,3
16160,16731,0,3
16320,16732,0,3
16479,16732,0,3
16319,16732,0,3
16478,16732,0,3
16477,16732,0,3
15840,16733,0,3
15999,16733,0,3
16158,16733,0,3
15839,16733,0,3
15998,16733,0,3
16157,16733,0,3
16319,16734,0,3
16318,16734,0,3
16317,16734,0,3
16160,16734,0,3
16000,16734,0,3
16159,16734,0,3
16158,16734,0,3
16321,16735,1,2
16480,16735,1,2
16320,16735,1,2
16479,16735,1,2
16639,16735,1,2
16638,16735,1,2
16320,16736,0,3
16319,16736,0,3
16002,16736,0,3
16161,16736,0,3
16001,16736,0,3
16160,16736,0,3
16319,16737,0,3
16478,16737,0,3
16318,16737,0,3
16477,16737,0,3
16321,16739,0,3
16480,16739,0,3
16320,16739,0,3
16479,16739,0,3
16162,16739,0,3
16161,16739,0,3
16321,16740,0,3
16320,16740,0,3
16479,16740,0,3
16319,16740,0,3
16162,16740,0,3
16161,16740,0,3
16160,16740,0,3
16320,16741,0,3
16319,16741,0,3
16002,16741,0,3
16161,16741,0,3
16001,16741,0,3
16160,16741,0,3
16321,16742,0,3
16480,16742,0,3
16320,16742,0,3
16479,16742,0,3
16001,16743,0,3
16160,16743,0,3
16000,16743,0,3
16159,16743,0,3
16001,16744,0,3
16160,16744,0,3
16000,16744,0,3
16159,16744,0,3
16001,16745,0,3
16160,16745,0,3
16000,16745,0,3
16159,16745,0,3
15999,16745,0,3
16000,16746,0,3
16159,16746,0,3
15999,16746,0,3
16158,16746,0,3
16001,16747,0,3
16160,16747,0,3
16000,16747,0,3
16159,16747,0,3
16321,16748,0,3
16480,16748,0,3
16320,16748,0,3
16479,16748,0,3
16319,16748,0,3
16478,16748,0,3
16322,16749,0,3
16481,16749,0,3
16321,16749,0,3
16480,16749,0,3
16320,16749,0,3
16479,16749,0,3
16320,16750,0,3
16479,16750,0,3
16319,16750,0,3
16478,16750,0,3
16161,16750,0,3
16160,16750,0,3
15842,16753,0,3
16001,16753,0,3
16160,16753,0,3
16000,16753,0,3
16159,16753,0,3
16321,16755,0,3
16480,16755,0,3
16320,16755,0,3
16479,16755,0,3
16319,16755,0,3
16478,16755,0,3
16319,16756,0,3
16478,16756,0,3
16318,16756,0,3
16477,16756,0,3
16160,16756,0,3
16159,16756,0,3
16320,16757,0,3
16319,16757,0,3
16162,16757,0,3
16161,16757,0,3
16160,16757,0,3
16322,16759,0,3
16481,16759,0,3
16321,16759,0,3
16480,16759,0,3
16320,16759,0,3
16479,16759,0,3
16162,16759,0,3
16321,16761,0,3
16480,16761,0,3
16320,16761,0,3
16479,16761,0,3
16639,16761,0,3
16638,16761,0,3
16002,16763,0,3
16161,16763,0,3
16001,16763,0,3
16160,16763,0,3
16321,16764,0,3
16320,16764,0,3
16319,16764,0,3
16162,16764,0,3
16161,16764,0,3
16160,16764,0,3
16322,16765,0,3
16481,16765,0,3
16321,16765,0,3
16480,16765,0,3
16319,16766,0,3
16478,16766,0,3
16318,16766,0,3
16477,16766,0,3
16001,16767,0,3
16160,16767,0,3
16000,16767,0,3
16159,16767,0,3
15999,16767,0,3
16158,16767,0,3
15840,16768,0,3
15999,16768,0,3
15839,16768,0,3
15998,16768,0,3
16001,16769,0,3
16160,16769,0,3
16000,16769,0,3
16159,16769,0,3
16318,16770,0,3
16317,16770,0,3
16159,16770,0,3
16158,16770,0,3
16319,16771,0,3
16478,16771,0,3
16318,16771,0,3
16477,16771,0,3
16321,16772,2,1
16480,16772,2,1
16320,16772,2,1
16479,16772,2,1
16639,16772,2,1
16638,16772,2,1
16320,16773,0,3
16479,16773,0,3
16319,16773,0,3
16478,16773,0,3
16318,16773,0,3
16477,16773,0,3
16319,16774,0,3
16478,16774,0,3
16318,16774,0,3
16477,16774,0,3
16160,16774,0,3
16159,16774,0,3
16000,16776,0,3
15999,16776,0,3
16158,16776,0,3
15998,16776,0,3
16157,16776,0,3
16319,16777,0,3
16318,16777,0,3
16161,16777,0,3
16001,16777,0,3
16160,16777,0,3
16000,16777,0,3
16159,16777,0,3
16320,16779,0,3
16479,16779,0,3
16319,16779,0,3
16478,16779,0,3
16319,16780,0,3
16478,16780,0,3
16318,16780,0,3
16477,16780,0,3
16160,16780,0,3
16320,16781,0,3
16319,16781,0,3
16478,16781,0,3
16318,16781,0,3
16161,16781,0,3
16160,16781,0,3
16321,16783,0,3
16320,16783,0,3
16162,16783,0,3
16161,16783,0,3
16001,16784,0,3
16160,16784,0,3
16000,16784,0,3
16159,16784,0,3
16321,16785,0,3
16480,16785,0,3
16320,16785,0,3
16479,16785,0,3
16000,16787,0,3
16159,16787,0,3
15999,16787,0,3
16158,16787,0,3
15998,16787,0,3
16157,16787,0,3
16321,16788,0,3
16480,16788,0,3
16320,16788,0,3
16479,16788,0,3
16319,16789,0,3
16478,16789,0,3
16318,16789,0,3
16477,16789,0,3
16319,16790,0,3
16478,16790,0,3
16318,16790,0,3
16477,16790,0,3
16320,16791,0,3
16479,16791,0,3
16319,16791,0,3
16478,16791,0,3
16318,16791,0,3
16477,16791,0,3
16321,16792,0,3
16320,16792,0,3
16162,16792,0,3
16161,16792,0,3
16000,16793,0,3
16159,16793,0,3
15999,16793,0,3
16158,16793,0,3
15842,16795,0,3
16001,16795,0,3
15841,16795,0,3
16000,16795,0,3
16159,16795,0,3
15840,16795,0,3
15999,16795,0,3
16000,16796,0,3
15840,16796,0,3
15999,16796,0,3
16158,16796,0,3
15839,16796,0,3
15998,16796,0,3
16157,16796,0,3
16001,16797,0,3
15841,16797,0,3
16000,16797,0,3
16159,16797,0,3
15840,16797,0,3
15999,16797,0,3
16158,16797,0,3
16321,16798,0,3
16480,16798,0,3
16320,16798,0,3
16479,16798,0,3
16319,16798,0,3
16478,16798,0,3
16322,16800,0,3
16321,16800,0,3
16320,16800,0,3
16163,16800,0,3
16162,16800,0,3
16161,16800,0,3
16321,16801,0,3
16480,16801,0,3
16320,16801,0,3
16479,16801,0,3
16319,16801,0,3
16478,16801,0,3
16000,16802,0,3
15840,16802,0,3
15999,16802,0,3
16158,16802,0,3
15839,16802,0,3
15998,16802,0,3
16157,16802,0,3
16322,16803,0,3
16481,16803,0,3
16321,16803,0,3
16480,16803,0,3
16320,16803,0,3
16479,16803,0,3
16322,16806,0,3
16481,16806,0,3
16321,16806,0,3
16480,16806,0,3
16320,16806,0,3
16479,16806,0,3
16319,16808,0,3
16478,16808,0,3
16318,16808,0,3
16477,16808,0,3
16318,16809,0,3
16317,16809,0,3
16159,16809,0,3
16158,16809,0,3
16321,16810,0,3
16480,16810,0,3
16320,16810,0,3
16479,16810,0,3
16639,16810,0,3
16638,16810,0,3
16318,16812,0,3
16317,16812,0,3
16160,16812,0,3
16000,16812,0,3
16159,16812,0,3
15999,16812,0,3
16158,16812,0,3
16322,16813,0,3
16481,16813,0,3
16321,16813,0,3
16480,16813,0,3
16319,16814,0,3
16318,16814,0,3
16001,16814,0,3
16160,16814,0,3
16000,16814,0,3
16159,16814,0,3
16321,16815,0,3
16480,16815,0,3
16320,16815,0,3
16479,16815,0,3
16319,16815,0,3
16478,16815,0,3
16161,16815,0,3
15841,16816,0,3
16000,16816,0,3
15840,16816,0,3
15999,16816,0,3
15839,16816,0,3
15998,16816,0,3
16318,16818,0,3
16317,16818,0,3
16000,16818,0,3
16159,16818,0,3
15999,16818,0,3
16158,16818,0,3
16002,16820,0,3
16161,16820,0,3
16001,16820,0,3
16160,16820,0,3
16319,16821,0,3
16478,16821,0,3
16318,16821,0,3
16477,16821,0,3
16321,16822,0,3
16480,16822,0,3
16320,16822,0,3
16479,16822,0,3
16639,16822,0,3
16638,16822,0,3
16320,16823,0,3
16479,16823,0,3
16319,16823,0,3
16478,16823,0,3
16318,16823,0,3
16477,16823,0,3
16319,16824,0,3
16478,16824,0,3
16318,16824,0,3
16477,16824,0,3
16160,16824,0,3
16159,16824,0,3
16321,16825,0,3
16320,16825,0,3
16162,16825,0,3
16161,16825,0,3
16321,16826,0,3
16480,16826,0,3
16320,16826,0,3
16479,16826,0,3
16639,16826,0,3
16638,16826,0,3
16320,16827,0,3
16319,16827,0,3
16002,16827,0,3
16161,16827,0,3
16001,16827,0,3
16160,16827,0,3
15840,16830,0,3
15999,16830,0,3
16158,16830,0,3
15839,16830,0,3
15998,16830,0,3
16157,16830,0,3
16002,16831,0,3
16161,16831,0,3
16001,16831,0,3
16160,16831,0,3
16000,16832,0,3
16159,16832,0,3
15999,16832,0,3
16158,16832,0,3
16000,16833,0,3
16159,16833,0,3
15999,16833,0,3
16158,16833,0,3
15840,16834,0,3
15999,16834,0,3
16158,16834,0,3
15839,16834,0,3
15998,16834,0,3
16157,16834,0,3
15842,16835,0,3
16001,16835,0,3
16160,16835,0,3
15841,16835,0,3
16000,16835,0,3
16159,16835,0,3
16000,16836,0,3
15840,16836,0,3
15999,16836,0,3
16158,16836,0,3
15998,16836,0,3
16157,16836,0,3
16320,16837,0,3
16479,16837,0,3
16319,16837,0,3
16478,16837,0,3
16637,16837,0,3
16638,16837,0,3
16322,16839,0,3
16481,16839,0,3
16321,16839,0,3
16480,16839,0,3
16320,16839,0,3
16479,16839,0,3
15841,16841,0,3
16000,16841,0,3
15840,16841,0,3
15999,16841,0,3
16001,16842,0,3
16160,16842,0,3
16000,16842,0,3
16159,16842,0,3
16321,16844,0,3
16320,16844,0,3
16479,16844,0,3
16319,16844,0,3
16161,16844,0,3
16160,16844,0,3
15842,16845,0,3
16001,16845,0,3
15841,16845,0,3
16000,16845,0,3
15840,16845,0,3
15999,16845,0,3
16319,16847,0,3
16318,16847,0,3
16317,16847,0,3
16160,16847,0,3
16159,16847,0,3
16321,16848,0,3
16320,16848,0,3
16319,16848,0,3
16162,16848,0,3
16161,16848,0,3
16160,16848,0,3
16001,16850,0,3
16160,16850,0,3
16000,16850,0,3
16159,16850,0,3
16319,16851,0,3
16318,16851,0,3
16001,16851,0,3
16160,16851,0,3
16000,16851,0,3
16159,16851,0,3
16320,16852,0,3
16319,16852,0,3
16161,16852,0,3
16160,16852,0,3
16322,16853,0,3
16481,16853,0,3
16321,16853,0,3
16480,16853,0,3
16321,16854,0,3
16480,16854,0,3
16320,16854,0,3
16479,16854,0,3
16638,16854,0,3
16318,16857,0,3
16317,16857,0,3
16159,16857,0,3
16158,16857,0,3
16322,16858,0,3
16481,16858,0,3
16321,16858,0,3
16480,16858,0,3
16320,16858,0,3
16163,16858,0,3
16162,16858,0,3
16319,16859,0,3
16478,16859,0,3
16318,16859,0,3
16477,16859,0,3
16322,16861,0,3
16321,16861,0,3
16480,16861,0,3
16320,16861,0,3
16479,16861,0,3
16162,16861,0,3
16161,16861,0,3
16321,16862,0,3
16320,16862,0,3
16479,16862,0,3
16319,16862,0,3
16478,16862,0,3
16161,16862,0,3
16160,16862,0,3
16321,16863,0,3
16320,16863,0,3
16162,16863,0,3
16161,16863,0,3
16320,16865,0,3
16319,16865,0,3
16478,16865,0,3
16318,16865,0,3
16477,16865,0,3
16160,16865,0,3
16159,16865,0,3
16322,16866,0,3
16481,16866,0,3
16321,16866,0,3
16480,16866,0,3
16320,16866,0,3
16479,16866,0,3
16322,16868,0,3
16481,16868,0,3
16321,16868,0,3
16480,16868,0,3
16479,16868,0,3
16320,16869,0,3
16479,16869,0,3
16319,16869,0,3
16478,16869,0,3
16161,16869,0,3
16160,16869,0,3
16319,16871,0,3
16478,16871,0,3
16318,16871,0,3
16477,16871,0,3
16317,16871,0,3
16320,16873,0,3
16479,16873,0,3
16319,16873,0,3
16478,16873,0,3
16161,16873,0,3
16160,16873,0,3
16321,16874,0,3
16320,16874,0,3
16162,16874,0,3
16161,16874,0,3
16319,16875,0,3
16478,16875,0,3
16318,16875,0,3
16477,16875,0,3
16322,16877,0,3
16481,16877,0,3
16321,16877,0,3
16480,16877,0,3
16320,16877,0,3
16479,16877,0,3
16319,16878,0,3
16318,16878,0,3
16160,16878,0,3
16159,16878,0,3
16321,16879,0,3
16320,16879,0,3
16319,16879,0,3
16162,16879,0,3
16161,16879,0,3
16160,16879,0,3
16321,16880,0,3
16320,16880,0,3
16162,16880,0,3
16161,16880,0,3
16322,16881,0,3
16321,16881,0,3
16480,16881,0,3
16320,16881,0,3
16163,16881,0,3
16162,16881,0,3
16320,16882,0,3
16479,16882,0,3
16319,16882,0,3
16478,16882,0,3
16161,16882,0,3
16160,16882,0,3
16000,16883,0,3
16159,16883,0,3
15999,16883,0,3
16158,16883,0,3
16318,16887,0,3
16317,16887,0,3
16000,16887,0,3
16159,16887,0,3
15999,16887,0,3
16158,16887,0,3
16320,16888,0,3
16319,16888,0,3
16318,16888,0,3
16161,16888,0,3
16160,16888,0,3
16159,16888,0,3
16321,16889,0,3
16320,16889,0,3
16162,16889,0,3
16161,16889,0,3
16319,16890,0,3
16478,16890,0,3
16318,16890,0,3
16477,16890,0,3
16001,16891,0,3
16160,16891,0,3
15841,16891,0,3
16000,16891,0,3
16159,16891,0,3
15999,16891,0,3
16158,16891,0,3
16322,16892,0,3
16321,16892,0,3
16480,16892,0,3
16320,16892,0,3
16163,16892,0,3
16162,16892,0,3
16320,16893,0,3
16479,16893,0,3
16319,16893,0,3
16478,16893,0,3
16001,16894,0,3
16160,16894,0,3
16000,16894,0,3
16159,16894,0,3
15841,16896,0,3
16000,16896,0,3
15840,16896,0,3
15999,16896,0,3
16321,16897,0,3
16480,16897,0,3
16320,16897,0,3
16479,16897,0,3
16319,16897,0,3
16161,16897,0,3
16319,16898,0,3
16478,16898,0,3
16318,16898,0,3
16477,16898,0,3
16318,16899,0,3
16317,16899,0,3
16159,16899,0,3
16158,16899,0,3
16319,16900,0,3
16318,16900,0,3
16001,16900,0,3
16160,16900,0,3
16000,16900,0,3
16159,16900,0,3
16322,16901,0,3
16481,16901,0,3
16321,16901,0,3
16480,16901,0,3
16320,16901,0,3
16479,16901,0,3
16320,16902,0,3
16479,16902,0,3
16319,16902,0,3
16478,16902,0,3
16318,16902,0,3
16477,16902,0,3
16160,16902,0,3
16000,16903,0,3
16159,16903,0,3
15999,16903,0,3
16158,16903,0,3
15998,16903,0,3
16157,16903,0,3
15844,16904,0,3
15685,16904,0,3
15684,16904,0,3
15843,16904,0,3
15842,16904,0,3
15683,16904,0,3
15684,16905,0,3
15843,16905,0,3
15842,16905,0,3
15841,16905,0,3
15683,16905,0,3
15682,16905,0,3
16004,16909,0,3
15844,16909,0,3
16003,16909,0,3
16162,16909,0,3
15843,16909,0,3
16002,16909,0,3
16161,16909,0,3
15842,16910,0,3
15841,16910,0,3
15683,16910,0,3
15682,16910,0,3
15844,16914,0,3
15685,16914,0,3
15684,16914,0,3
15843,16914,0,3
16163,16915,0,3
16003,16915,0,3
16162,16915,0,3
16002,16915,0,3
16161,16915,0,3
15684,16916,0,3
15843,16916,0,3
15842,16916,0,3
15683,16916,0,3
15843,16918,0,3
16002,16918,0,3
15842,16918,0,3
16001,16918,0,3
15841,16918,0,3
16000,16918,0,3
15842,16919,0,3
16001,16919,0,3
15841,16919,0,3
16000,16919,0,3
15843,16922,0,3
16002,16922,0,3
16161,16922,0,3
15842,16922,0,3
16001,16922,0,3
16160,16922,0,3
15844,16934,0,3
15685,16934,0,3
15684,16934,0,3
15843,16934,0,3
15843,16935,0,3
16002,16935,0,3
15842,16935,0,3
16001,16935,0,3
16321,16939,0,3
16320,16939,0,3
16163,16939,0,3
16003,16939,0,3
16162,16939,0,3
16161,16939,0,3
15526,16940,0,3
15685,16940,0,3
15525,16940,0,3
15684,16940,0,3
15842,16941,0,3
15841,16941,0,3
16000,16941,0,3
15840,16941,0,3
15683,16941,0,3
15682,16941,0,3
15681,16941,0,3
15842,16945,0,3
16001,16945,0,3
15841,16945,0,3
16000,16945,0,3
15840,16945,0,3
15682,16945,0,3
15684,16946,0,3
15843,16946,0,3
15842,16946,0,3
15683,16946,0,3
15842,16947,0,3
16001,16947,0,3
15841,16947,0,3
16000,16947,0,3
15683,16947,0,3
15682,16947,0,3
15685,16948,0,3
15525,16948,0,3
15684,16948,0,3
15524,16948,0,3
15843,16948,0,3
15842,16948,0,3
15683,16948,0,3
16322,16949,0,3
16321,16949,0,3
16320,16949,0,3
16163,16949,0,3
16162,16949,0,3
16161,16949,0,3
15844,16950,0,3
16003,16950,0,3
16162,16950,0,3
15843,16950,0,3
16002,16950,0,3
16161,16950,0,3
15842,16951,0,3
16001,16951,0,3
15841,16951,0,3
16000,16951,0,3
15683,16951,0,3
15682,16951,0,3
15684,16954,0,3
15843,16954,0,3
16002,16954,0,3
15842,16954,0,3
16001,16954,0,3
15683,16954,0,3
15842,16960,0,3
16001,16960,0,3
15841,16960,0,3
16000,16960,0,3
16003,16961,0,3
16162,16961,0,3
16002,16961,0,3
16161,16961,0,3
16001,16961,0,3
15842,16967,0,3
15841,16967,0,3
15683,16967,0,3
15682,16967,0,3
15844,16968,0,3
15685,16968,0,3
15684,16968,0,3
15843,16968,0,3
15842,16968,0,3
15683,16968,0,3
15684,16969,0,3
15843,16969,0,3
15842,16969,0,3
15841,16969,0,3
15683,16969,0,3
15682,16969,0,3
15843,16971,0,3
16002,16971,0,3
15842,16971,0,3
16001,16971,0,3
15841,16971,0,3
16000,16971,0,3
15684,16972,0,3
15843,16972,0,3
15842,16972,0,3
15683,16972,0,3
16003,16973,0,3
16002,16973,0,3
16161,16973,0,3
16001,16973,0,3
16160,16973,0,3
15843,16974,0,3
16002,16974,0,3
16161,16974,0,3
15842,16974,0,3
16001,16974,0,3
16160,16974,0,3
15843,16976,0,3
16002,16976,0,3
15842,16976,0,3
16001,16976,0,3
15841,16976,0,3
16000,16976,0,3
15842,16978,0,3
16001,16978,0,3
15841,16978,0,3
16000,16978,0,3
15684,16985,0,3
15843,16985,0,3
15842,16985,0,3
15841,16985,0,3
15683,16985,0,3
15682,16985,0,3
15844,16986,0,3
15526,16986,0,3
15685,16986,0,3
15525,16986,0,3
15684,16986,0,3
15684,16987,0,3
15843,16987,0,3
15842,16987,0,3
15683,16987,0,3
16003,16988,0,3
16162,16988,0,3
16002,16988,0,3
16161,16988,0,3
15844,16991,0,3
16003,16991,0,3
15685,16991,0,3
15684,16991,0,3
15843,16991,0,3
16002,16991,0,3
15844,16992,0,3
15685,16992,0,3
15684,16992,0,3
15843,16992,0,3
16003,16995,0,3
16162,16995,0,3
16002,16995,0,3
16161,16995,0,3
16321,16996,0,3
16320,16996,0,3
16163,16996,0,3
16003,16996,0,3
16162,16996,0,3
16002,16996,0,3
16161,16996,0,3
15843,16997,0,3
16002,16997,0,3
15842,16997,0,3
16001,16997,0,3
15841,16997,0,3
16000,16997,0,3
15684,16998,0,3
15843,16998,0,3
15842,16998,0,3
15683,16998,0,3
16003,17000,0,3
16162,17000,0,3
16002,17000,0,3
16161,17000,0,3
15684,17001,0,3
15843,17001,0,3
16002,17001,0,3
15842,17001,0,3
16001,17001,0,3
15844,17002,0,3
15685,17002,0,3
15525,17002,0,3
15684,17002,0,3
15843,17002,0,3
15842,17002,0,3
15683,17002,0,3
16322,17003,0,3
16321,17003,0,3
16320,17003,0,3
16163,17003,0,3
16162,17003,0,3
16161,17003,0,3
15842,17004,0,3
16001,17004,0,3
15841,17004,0,3
16000,17004,0,3
15842,17007,0,3
15841,17007,0,3
16000,17007,0,3
15840,17007,0,3
15682,17007,0,3
15681,17007,0,3
16003,17008,0,3
16162,17008,0,3
16002,17008,0,3
16161,17008,0,3
16003,17014,0,3
16162,17014,0,3
16002,17014,0,3
16161,17014,0,3
15844,17015,0,3
16003,17015,0,3
15843,17015,0,3
16002,17015,0,3
16321,17018,0,3
16320,17018,0,3
16163,17018,0,3
16003,17018,0,3
16162,17018,0,3
16002,17018,0,3
16161,17018,0,3
15841,17019,0,3
16000,17019,0,3
15840,17019,0,3
15682,17019,0,3
15681,17019,0,3
15999,17019,0,3
15526,17021,0,3
15685,17021,0,3
15525,17021,0,3
15684,17021,0,3
15843,17021,0,3
15843,17029,0,3
16002,17029,0,3
15842,17029,0,3
16001,17029,0,3
15685,17031,0,3
15684,17031,0,3
15843,17031,0,3
15842,17031,0,3
15683,17031,0,3
15844,17044,0,3
15685,17044,0,3
15684,17044,0,3
15843,17044,0,3
15842,17044,0,3
15683,17044,0,3
15844,17045,0,3
16003,17045,0,3
15843,17045,0,3
16002,17045,0,3
15844,17049,0,3
15685,17049,0,3
15525,17049,0,3
15684,17049,0,3
15843,17049,0,3
15842,17049,0,3
15683,17049,0,3
15844,17056,0,3
16003,17056,0,3
15843,17056,0,3
16002,17056,0,3
15844,17065,0,3
16003,17065,0,3
15843,17065,0,3
16002,17065,0,3
16002,17071,0,3
16161,17071,0,3
16001,17071,0,3
16160,17071,0,3
15844,17072,0,3
15685,17072,0,3
15684,17072,0,3
15843,17072,0,3
15844,17073,0,3
16003,17073,0,3
15685,17073,0,3
15684,17073,0,3
15843,17073,0,3
16002,17073,0,3
15842,17073,0,3
15684,17076,0,3
15843,17076,0,3
15842,17076,0,3
15683,17076,0,3
15684,17077,0,3
15843,17077,0,3
16002,17077,0,3
15842,17077,0,3
16001,17077,0,3
15683,17077,0,3
15844,17079,0,3
16003,17079,0,3
15684,17079,0,3
15843,17079,0,3
16002,17079,0,3
15842,17080,0,3
16001,17080,0,3
15841,17080,0,3
16000,17080,0,3
15844,17081,0,3
15685,17081,0,3
15684,17081,0,3
15843,17081,0,3
16003,17083,0,3
16162,17083,0,3
16002,17083,0,3
16161,17083,0,3
15842,17086,0,3
16001,17086,0,3
15841,17086,0,3
16000,17086,0,3
15842,17088,0,3
16001,17088,0,3
15841,17088,0,3
16000,17088,0,3
15842,17091,0,3
15841,17091,0,3
15683,17091,0,3
15682,17091,0,3
16321,17093,0,3
16320,17093,0,3
16003,17093,0,3
16162,17093,0,3
16002,17093,0,3
16161,17093,0,3
16004,17095,0,3
16163,17095,0,3
16003,17095,0,3
16162,17095,0,3
16002,17095,0,3
16161,17095,0,3
15844,17097,0,3
15526,17097,0,3
15685,17097,0,3
15525,17097,0,3
15684,17097,0,3
15843,17097,0,3
15842,17101,0,3
15841,17101,0,3
16000,17101,0,3
15840,17101,0,3
15683,17101,0,3
15682,17101,0,3
15681,17101,0,3
15842,17103,0,3
16001,17103,0,3
15841,17103,0,3
16000,17103,0,3
16321,17106,0,3
16163,17106,0,3
16003,17106,0,3
16162,17106,0,3
16002,17106,0,3
16161,17106,0,3
16003,17109,0,3
16162,17109,0,3
16002,17109,0,3
16161,17109,0,3
15842,17114,0,3
16001,17114,0,3
15841,17114,0,3
16000,17114,0,3
15840,17114,0,3
15999,17114,0,3
16003,17115,0,3
16162,17115,0,3
16002,17115,0,3
16161,17115,0,3
15844,17117,0,3
16003,17117,0,3
16162,17117,0,3
15843,17117,0,3
16002,17117,0,3
16161,17117,0,3
15684,17118,0,3
15843,17118,0,3
16002,17118,0,3
15842,17118,0,3
16001,17118,0,3
15683,17118,0,3
15843,17120,0,3
16002,17120,0,3
16161,17120,0,3
15842,17120,0,3
16001,17120,0,3
16160,17120,0,3
16000,17120,0,3
15842,17122,0,3
16001,17122,0,3
15841,17122,0,3
16000,17122,0,3
16003,17123,0,3
16162,17123,0,3
15843,17123,0,3
16002,17123,0,3
16161,17123,0,3
16001,17123,0,3
16160,17123,0,3
15525,17125,0,3
15684,17125,0,3
15843,17125,0,3
15842,17125,0,3
15683,17125,0,3
15684,17128,0,3
15843,17128,0,3
15842,17128,0,3
16001,17128,0,3
15841,17128,0,3
15683,17128,0,3
15682,17128,0,3
15844,17131,0,3
16003,17131,0,3
15685,17131,0,3
15684,17131,0,3
15843,17131,0,3
16002,17131,0,3
15842,17136,0,3
16001,17136,0,3
15841,17136,0,3
16000,17136,0,3
15844,17140,0,3
16003,17140,0,3
15685,17140,0,3
15684,17140,0,3
15843,17140,0,3
16002,17140,0,3
15842,17144,0,3
16001,17144,0,3
15841,17144,0,3
16000,17144,0,3
15844,17147,0,3
15685,17147,0,3
15684,17147,0,3
15843,17147,0,3
15843,17151,0,3
16002,17151,0,3
15842,17151,0,3
16001,17151,0,3
16160,17151,0,3
15841,17151,0,3
16000,17151,0,3
15845,17153,0,3
16004,17153,0,3
15844,17153,0,3
16003,17153,0,3
15843,17153,0,3
16002,17153,0,3
15684,17154,0,3
15843,17154,0,3
15842,17154,0,3
15841,17154,0,3
15683,17154,0,3
15682,17154,0,3
16640,17476,2,1
16481,17476,2,1
16480,17476,2,1
16639,17476,2,1
16640,17485,0,3
16481,17485,0,3
16480,17485,0,3
16479,17485,0,3
16639,17485,0,3
16638,17485,0,3
16640,17501,0,3
16481,17501,0,3
16480,17501,0,3
16479,17501,0,3
16639,17501,0,3
16638,17501,0,3
16481,17511,1,2
16480,17511,1,2
16479,17511,1,2
16639,17511,1,2
16638,17511,1,2
16640,17552,0,3
16322,17552,0,3
16481,17552,0,3
16321,17552,0,3
16480,17552,0,3
16479,17552,0,3
16639,17552,0,3
16640,17559,0,3
16481,17559,0,3
16480,17559,0,3
16639,17559,0,3
16640,17572,0,3
16481,17572,0,3
16480,17572,0,3
16479,17572,0,3
16639,17572,0,3
16638,17572,0,3
16480,17629,2,1
16479,17629,2,1
16639,17629,2,1
16638,17629,2,1
16788,17637,0,3
16470,17637,0,3
16629,17637,0,3
16469,17637,0,3
16628,17637,0,3
16787,17637,0,3
16470,17639,0,3
16629,17639,0,3
16469,17639,0,3
16628,17639,0,3
16469,17641,1,2
16628,17641,1,2
16468,17641,1,2
16627,17641,1,2
16787,17641,1,2
16786,17641,1,2
16469,17642,0,3
16628,17642,0,3
16468,17642,0,3
16627,17642,0,3
16469,17643,0,3
16628,17643,0,3
16468,17643,0,3
16627,17643,0,3
16787,17643,0,3
16786,17643,0,3
16629,17644,0,3
16469,17644,0,3
16628,17644,0,3
16468,17644,0,3
16627,17644,0,3
16312,17645,0,3
16471,17645,0,3
16311,17645,0,3
16470,17645,0,3
16310,17645,0,3
16469,17645,0,3
16788,17647,0,3
16630,17647,0,3
16470,17647,0,3
16629,17647,0,3
16469,17647,0,3
16628,17647,0,3
16787,17647,0,3
16310,17649,0,3
16469,17649,0,3
16628,17649,0,3
16309,17649,0,3
16468,17649,0,3
16627,17649,0,3
16312,17650,0,3
16471,17650,0,3
16311,17650,0,3
16470,17650,0,3
16629,17650,0,3
16310,17650,0,3
16469,17650,0,3
16311,17651,0,3
16470,17651,0,3
16629,17651,0,3
16310,17651,0,3
16469,17651,0,3
16628,17651,0,3
16471,17652,0,3
16311,17652,0,3
16470,17652,0,3
16629,17652,0,3
16310,17652,0,3
16469,17652,0,3
16628,17652,0,3
16471,17653,0,3
16630,17653,0,3
16470,17653,0,3
16629,17653,0,3
16469,17653,0,3
16628,17653,0,3
16470,17654,0,3
16629,17654,0,3
16469,17654,0,3
16628,17654,0,3
16468,17654,0,3
16627,17654,0,3
16470,17655,0,3
16629,17655,0,3
16469,17655,0,3
16628,17655,0,3
16468,17655,0,3
16627,17655,0,3
16311,17656,0,3
16470,17656,0,3
16310,17656,0,3
16469,17656,0,3
16311,17657,0,3
16470,17657,0,3
16310,17657,0,3
16469,17657,0,3
16309,17657,0,3
16468,17657,0,3
16470,17658,0,3
16629,17658,0,3
16469,17658,0,3
16628,17658,0,3
16470,17659,0,3
16629,17659,0,3
16310,17659,0,3
16469,17659,0,3
16628,17659,0,3
16471,17660,0,3
16630,17660,0,3
16470,17660,0,3
16629,17660,0,3
16469,17660,0,3
16628,17660,0,3
16470,17665,0,3
16629,17665,0,3
16469,17665,0,3
16628,17665,0,3
16470,17666,0,3
16629,17666,0,3
16469,17666,0,3
16628,17666,0,3
16468,17666,0,3
16627,17666,0,3
16311,17667,0,3
16470,17667,0,3
16310,17667,0,3
16469,17667,0,3
16470,17668,0,3
16629,17668,0,3
16469,17668,0,3
16628,17668,0,3
16469,17674,0,3
16628,17674,0,3
16468,17674,0,3
16627,17674,0,3
16629,17675,0,3
16469,17675,0,3
16628,17675,0,3
16468,17675,0,3
16627,17675,0,3
16310,17676,0,3
16469,17676,0,3
16628,17676,0,3
16309,17676,0,3
16468,17676,0,3
16627,17676,0,3
16628,17677,2,1
16468,17677,2,1
16627,17677,2,1
16787,17677,2,1
16786,17677,2,1
16469,17678,0,3
16628,17678,0,3
16468,17678,0,3
16627,17678,0,3
16471,17679,0,3
16630,17679,0,3
16470,17679,0,3
16629,17679,0,3
16469,17679,0,3
16628,17679,0,3
16311,17680,0,3
16470,17680,0,3
16629,17680,0,3
16469,17680,0,3
16628,17680,0,3
16470,17681,0,3
16629,17681,0,3
16469,17681,0,3
16628,17681,0,3
16470,17682,0,3
16629,17682,0,3
16469,17682,0,3
16628,17682,0,3
16311,17683,0,3
16470,17683,0,3
16310,17683,0,3
16469,17683,0,3
16309,17683,0,3
16468,17683,0,3
16469,17684,2,1
16628,17684,2,1
16468,17684,2,1
16627,17684,2,1
16787,17684,2,1
16786,17684,2,1
16788,17688,0,3
16470,17688,0,3
16629,17688,0,3
16469,17688,0,3
16628,17688,0,3
16787,17688,0,3
16470,17689,0,3
16629,17689,0,3
16469,17689,0,3
16628,17689,0,3
16468,17689,0,3
16627,17689,0,3
16311,17690,0,3
16470,17690,0,3
16629,17690,0,3
16310,17690,0,3
16469,17690,0,3
16628,17690,0,3
16470,17691,0,3
16629,17691,0,3
16469,17691,0,3
16628,17691,0,3
16468,17691,0,3
16627,17691,0,3
16788,17692,2,1
16470,17692,2,1
16629,17692,2,1
16469,17692,2,1
16628,17692,2,1
16787,17692,2,1
16471,17693,0,3
16630,17693,0,3
16470,17693,0,3
16629,17693,0,3
16469,17693,0,3
16628,17693,0,3
16470,17694,0,3
16310,17694,0,3
16469,17694,0,3
16628,17694,0,3
16468,17694,0,3
16627,17694,0,3
16470,17696,0,3
16629,17696,0,3
16469,17696,0,3
16628,17696,0,3
16311,17697,0,3
16470,17697,0,3
16310,17697,0,3
16469,17697,0,3
16628,17697,0,3
16468,17697,0,3
16470,17699,0,3
16629,17699,0,3
16469,17699,0,3
16628,17699,0,3
16627,17699,0,3
16469,17700,2,1
16628,17700,2,1
16468,17700,2,1
16627,17700,2,1
16787,17700,2,1
16786,17700,2,1
16312,17701,0,3
16471,17701,0,3
16311,17701,0,3
16470,17701,0,3
16310,17701,0,3
16469,17701,0,3
16788,17704,0,3
16470,17704,0,3
16629,17704,0,3
16469,17704,0,3
16628,17704,0,3
16787,17704,0,3
16471,17705,0,3
16630,17705,0,3
16470,17705,0,3
16629,17705,0,3
16469,17705,0,3
16628,17705,0,3
16311,17707,0,3
16470,17707,0,3
16629,17707,0,3
16310,17707,0,3
16469,17707,0,3
16628,17707,0,3
16469,17708,0,3
16628,17708,0,3
16468,17708,0,3
16627,17708,0,3
16470,17709,0,3
16629,17709,0,3
16469,17709,0,3
16628,17709,0,3
16468,17709,0,3
16627,17709,0,3
16470,17712,2,1
16629,17712,2,1
16469,17712,2,1
16628,17712,2,1
16468,17712,2,1
16627,17712,2,1
16787,17712,2,1
16470,17713,0,3
16629,17713,0,3
16469,17713,0,3
16628,17713,0,3
16468,17713,0,3
16627,17713,0,3
16311,17714,0,3
16470,17714,0,3
16629,17714,0,3
16310,17714,0,3
16469,17714,0,3
16628,17714,0,3
16311,17715,0,3
16470,17715,0,3
16310,17715,0,3
16469,17715,0,3
16469,17716,0,3
16628,17716,0,3
16468,17716,0,3
16627,17716,0,3
16467,17716,0,3
16626,17716,0,3
16311,17717,0,3
16470,17717,0,3
16629,17717,0,3
16310,17717,0,3
16469,17717,0,3
16628,17717,0,3
16471,17719,0,3
16630,17719,0,3
16470,17719,0,3
16629,17719,0,3
16469,17719,0,3
16628,17719,0,3
16470,17720,0,3
16629,17720,0,3
16310,17720,0,3
16469,17720,0,3
16628,17720,0,3
16468,17720,0,3
16627,17720,0,3
16630,17721,0,3
16470,17721,0,3
16629,17721,0,3
16469,17721,0,3
16628,17721,0,3
16470,17722,0,3
16629,17722,0,3
16469,17722,0,3
16628,17722,0,3
16468,17722,0,3
16627,17722,0,3
16311,17724,0,3
16470,17724,0,3
16310,17724,0,3
16469,17724,0,3
16309,17724,0,3
16468,17724,0,3
16469,17726,0,3
16628,17726,0,3
16309,17726,0,3
16468,17726,0,3
16627,17726,0,3
16467,17726,0,3
16788,17727,0,3
16470,17727,0,3
16629,17727,0,3
16469,17727,0,3
16628,17727,0,3
16787,17727,0,3
16469,17730,0,3
16628,17730,0,3
16468,17730,0,3
16627,17730,0,3
16312,17731,0,3
16471,17731,0,3
16311,17731,0,3
16470,17731,0,3
16310,17731,0,3
16469,17731,0,3
16471,17732,0,3
16630,17732,0,3
16470,17732,0,3
16629,17732,0,3
16469,17732,0,3
16628,17732,0,3
16469,17735,0,3
16628,17735,0,3
16468,17735,0,3
16627,17735,0,3
16469,17736,0,3
16628,17736,0,3
16468,17736,0,3
16627,17736,0,3
16310,17737,0,3
16469,17737,0,3
16628,17737,0,3
16309,17737,0,3
16468,17737,0,3
16627,17737,0,3
16471,17738,0,3
16630,17738,0,3
16470,17738,0,3
16629,17738,0,3
16469,17738,0,3
16628,17738,0,3
16470,17739,0,3
16310,17739,0,3
16469,17739,0,3
16628,17739,0,3
16468,17739,0,3
16627,17739,0,3
16469,17740,0,3
16628,17740,0,3
16468,17740,0,3
16627,17740,0,3
16787,17740,0,3
16786,17740,0,3
16471,17744,0,3
16630,17744,0,3
16311,17744,0,3
16470,17744,0,3
16629,17744,0,3
16469,17744,0,3
16628,17744,0,3
16788,17747,0,3
16630,17747,0,3
16470,17747,0,3
16629,17747,0,3
16469,17747,0,3
16628,17747,0,3
16312,17748,0,3
16471,17748,0,3
16311,17748,0,3
16470,17748,0,3
16310,17748,0,3
16469,17748,0,3
16470,17749,0,3
16629,17749,0,3
16469,17749,0,3
16628,17749,0,3
16468,17749,0,3
16627,17749,0,3
16469,17751,0,3
16628,17751,0,3
16468,17751,0,3
16627,17751,0,3
16787,17751,0,3
16786,17751,0,3
16470,17752,0,3
16629,17752,0,3
16469,17752,0,3
16628,17752,0,3
16470,17754,0,3
16629,17754,0,3
16469,17754,0,3
16628,17754,0,3
16468,17754,0,3
16627,17754,0,3
16787,17754,0,3
16310,17755,0,3
16469,17755,0,3
16628,17755,0,3
16309,17755,0,3
16468,17755,0,3
16627,17755,0,3
16467,17755,0,3
16469,17757,0,3
16628,17757,0,3
16468,17757,0,3
16627,17757,0,3
16470,17758,0,3
16629,17758,0,3
16469,17758,0,3
16628,17758,0,3
16468,17758,0,3
16627,17758,0,3
16309,17762,0,3
16468,17762,0,3
16627,17762,0,3
16308,17762,0,3
16467,17762,0,3
16626,17762,0,3
16468,17766,0,3
16627,17766,0,3
16467,17766,0,3
16626,17766,0,3
16466,17766,0,3
16625,17766,0,3
16784,17768,0,3
16943,17768,0,3
16783,17768,0,3
16942,17768,0,3
16782,17768,0,3
16941,17768,0,3
16468,17773,0,3
16627,17773,0,3
16467,17773,0,3
16626,17773,0,3
16308,17774,0,3
16467,17774,0,3
16626,17774,0,3
16307,17774,0,3
16466,17774,0,3
16625,17774,0,3
16468,17775,0,3
16627,17775,0,3
16467,17775,0,3
16626,17775,0,3
16466,17775,0,3
16625,17775,0,3
16785,17777,0,3
16784,17777,0,3
16467,17777,0,3
16626,17777,0,3
16466,17777,0,3
16625,17777,0,3
16468,17783,0,3
16627,17783,0,3
16785,17783,0,3
16467,17783,0,3
16626,17783,0,3
16466,17783,0,3
16625,17783,0,3
16308,17785,0,3
16467,17785,0,3
16626,17785,0,3
16466,17785,0,3
16625,17785,0,3
16785,17787,0,3
16784,17787,0,3
16783,17787,0,3
16626,17787,0,3
16625,17787,0,3
16624,17787,0,3
16468,17788,0,3
16627,17788,0,3
16467,17788,0,3
16626,17788,0,3
16466,17788,0,3
16625,17788,0,3
16785,17794,0,3
16784,17794,0,3
16467,17794,0,3
16626,17794,0,3
16466,17794,0,3
16625,17794,0,3
16468,17796,0,3
16627,17796,0,3
16467,17796,0,3
16626,17796,0,3
16468,17808,0,3
16627,17808,0,3
16786,17808,0,3
16785,17808,0,3
16467,17808,0,3
16626,17808,0,3
16783,17815,1,2
16942,17815,1,2
16782,17815,1,2
16941,17815,1,2
16784,17817,0,3
16943,17817,0,3
16783,17817,0,3
16942,17817,0,3
16782,17817,0,3
16941,17817,0,3
16785,17819,0,3
16784,17819,0,3
16943,17819,0,3
16783,17819,0,3
16626,17819,0,3
16625,17819,0,3
16308,17820,0,3
16467,17820,0,3
16626,17820,0,3
16307,17820,0,3
16466,17820,0,3
16625,17820,0,3
16785,17823,0,3
16784,17823,0,3
16626,17823,0,3
16625,17823,0,3
16309,17825,0,3
16468,17825,0,3
16627,17825,0,3
16308,17825,0,3
16467,17825,0,3
16626,17825,0,3
16466,17825,0,3
16309,17826,0,3
16468,17826,0,3
16308,17826,0,3
16467,17826,0,3
16626,17826,0,3
16307,17826,0,3
16466,17826,0,3
16784,17827,0,3
16783,17827,0,3
16625,17827,0,3
16624,17827,0,3
16627,17828,0,3
16786,17828,0,3
16785,17828,0,3
16784,17828,0,3
16467,17828,0,3
16626,17828,0,3
16625,17828,0,3
16784,17834,0,3
16783,17834,0,3
16625,17834,0,3
16624,17834,0,3
16468,17847,0,3
16627,17847,0,3
16467,17847,0,3
16626,17847,0,3
16466,17847,0,3
16625,17847,0,3
16784,17849,0,3
16943,17849,0,3
16783,17849,0,3
16942,17849,0,3
16782,17849,0,3
16941,17849,0,3
16467,17855,0,3
16626,17855,0,3
16466,17855,0,3
16625,17855,0,3
16784,17857,0,3
16783,17857,0,3
16625,17857,0,3
16624,17857,0,3
16309,17860,0,3
16468,17860,0,3
16308,17860,0,3
16467,17860,0,3
16626,17860,0,3
16307,17860,0,3
16466,17860,0,3
16308,17861,0,3
16467,17861,0,3
16626,17861,0,3
16307,17861,0,3
16466,17861,0,3
16625,17861,0,3
16785,17863,0,3
16784,17863,0,3
16943,17863,0,3
16783,17863,0,3
16942,17863,0,3
16625,17863,0,3
16627,17869,0,3
16786,17869,0,3
16785,17869,0,3
16784,17869,0,3
16467,17869,0,3
16626,17869,0,3
16625,17869,0,3
16627,17870,0,3
16786,17870,0,3
16785,17870,0,3
16626,17870,0,3
16309,17871,0,3
16468,17871,0,3
16308,17871,0,3
16467,17871,0,3
16307,17871,0,3
16466,17871,0,3
17734,18343,0,3
17733,18343,0,3
17575,18343,0,3
17574,18343,0,3
17734,18351,2,1
17733,18351,2,1
17575,18351,2,1
17574,18351,2,1
17573,18351,2,1
17732,18351,2,1
17734,18355,2,1
17733,18355,2,1
17575,18355,2,1
17574,18355,2,1
17573,18355,2,1
17732,18355,2,1
17734,18382,2,1
17733,18382,2,1
17575,18382,2,1
17574,18382,2,1
17573,18382,2,1
17732,18382,2,1
17734,18385,2,1
17733,18385,2,1
17575,18385,2,1
17574,18385,2,1
17573,18385,2,1
17732,18385,2,1
17734,18387,2,1
17733,18387,2,1
17575,18387,2,1
17574,18387,2,1
17573,18387,2,1
17732,18387,2,1
17734,18447,2,1
17733,18447,2,1
17575,18447,2,1
17574,18447,2,1
17573,18447,2,1
17732,18447,2,1
17734,18541,2,1
17733,18541,2,1
17575,18541,2,1
17574,18541,2,1
17573,18541,2,1
17732,18541,2,1
17734,18549,1,2
17733,18549,1,2
17575,18549,1,2
17574,18549,1,2
19173,18577,0,3
19332,18577,0,3
19331,18577,0,3
19330,18577,0,3
19013,18577,0,3
19172,18577,0,3
19171,18577,0,3
19329,18578,0,3
19328,18578,0,3
19327,18578,0,3
19170,18578,0,3
19169,18578,0,3
19168,18578,0,3
19329,18580,0,3
19328,18580,0,3
19170,18580,0,3
19169,18580,0,3
19168,18580,0,3
19174,18581,0,3
19333,18581,0,3
19173,18581,0,3
19332,18581,0,3
19333,18582,0,3
19492,18582,0,3
19332,18582,0,3
19491,18582,0,3
19014,18583,0,3
19173,18583,0,3
19332,18583,0,3
19331,18583,0,3
19013,18583,0,3
19172,18583,0,3
19174,18584,0,3
19333,18584,0,3
19173,18584,0,3
19492,18584,0,3
19332,18584,0,3
19491,18584,0,3
19328,18590,0,3
19327,18590,0,3
19169,18590,0,3
19168,18590,0,3
19174,18592,0,3
19333,18592,0,3
19173,18592,0,3
19332,18592,0,3
19333,18593,0,3
19492,18593,0,3
19332,18593,0,3
19491,18593,0,3
19328,18595,0,3
19327,18595,0,3
19010,18595,0,3
19169,18595,0,3
19009,18595,0,3
19168,18595,0,3
19328,18596,0,3
19327,18596,0,3
19169,18596,0,3
19168,18596,0,3
19174,18597,0,3
19333,18597,0,3
19173,18597,0,3
19492,18597,0,3
19332,18597,0,3
19491,18597,0,3
19174,18610,0,3
19333,18610,0,3
19173,18610,0,3
19492,18610,0,3
19332,18610,0,3
19491,18610,0,3
19174,18611,1,2
19333,18611,1,2
19173,18611,1,2
19332,18611,1,2
19333,18612,0,3
19492,18612,0,3
19332,18612,0,3
19491,18612,0,3
19328,18614,0,3
19327,18614,0,3
19010,18614,0,3
19169,18614,0,3
19009,18614,0,3
19168,18614,0,3
19167,18614,0,3
19014,18618,0,3
19173,18618,0,3
19332,18618,0,3
19331,18618,0,3
19013,18618,0,3
19172,18618,0,3
19173,18623,0,3
19332,18623,0,3
19331,18623,0,3
19172,18623,0,3
19173,18634,0,3
19332,18634,0,3
19331,18634,0,3
19490,18634,0,3
19330,18634,0,3
19172,18634,0,3
19171,18634,0,3
19330,18636,0,3
19171,18636,0,3
19329,18636,0,3
19488,18636,0,3
19328,18636,0,3
19170,18636,0,3
19169,18636,0,3
18853,18638,0,3
19012,18638,0,3
19171,18638,0,3
18852,18638,0,3
19011,18638,0,3
19170,18638,0,3
19330,18639,0,3
19489,18639,0,3
19171,18639,0,3
19329,18639,0,3
19488,18639,0,3
19170,18639,0,3
18692,18640,0,3
18851,18640,0,3
19010,18640,0,3
18691,18640,0,3
18850,18640,0,3
19009,18640,0,3
19332,18643,0,3
19491,18643,0,3
19331,18643,0,3
19490,18643,0,3
19330,18643,0,3
19489,18643,0,3
19014,18646,1,2
19173,18646,1,2
19013,18646,1,2
19172,18646,1,2
19328,18654,0,3
19327,18654,0,3
19010,18654,0,3
19169,18654,0,3
19009,18654,0,3
19168,18654,0,3
19329,18657,0,3
19328,18657,0,3
19170,18657,0,3
19169,18657,0,3
18692,18661,0,3
18851,18661,0,3
19010,18661,0,3
18850,18661,0,3
19009,18661,0,3
19174,18664,0,3
19014,18664,0,3
19173,18664,0,3
19332,18664,0,3
19331,18664,0,3
19013,18664,0,3
19172,18664,0,3
19330,18665,0,3
19171,18665,0,3
19329,18665,0,3
19328,18665,0,3
19170,18665,0,3
19169,18665,0,3
18853,18667,0,3
19012,18667,0,3
19171,18667,0,3
18852,18667,0,3
19011,18667,0,3
19170,18667,0,3
19173,18669,0,3
19332,18669,0,3
19331,18669,0,3
19172,18669,0,3
19174,18670,0,3
19014,18670,0,3
19173,18670,0,3
19332,18670,0,3
19331,18670,0,3
19013,18670,0,3
19172,18670,0,3
18853,18672,0,3
19012,18672,0,3
19171,18672,0,3
18852,18672,0,3
19011,18672,0,3
19170,18672,0,3
19333,18674,0,3
19492,18674,0,3
19332,18674,0,3
19491,18674,0,3
19331,18674,0,3
19490,18674,0,3
19174,18675,0,3
19333,18675,0,3
19173,18675,0,3
19492,18675,0,3
19332,18675,0,3
19491,18675,0,3
19014,18677,0,3
19173,18677,0,3
19332,18677,0,3
19331,18677,0,3
19013,18677,0,3
19172,18677,0,3
19174,18678,0,3
19333,18678,0,3
19173,18678,0,3
19332,18678,0,3
19333,18679,0,3
19492,18679,0,3
19332,18679,0,3
19491,18679,0,3
18854,18680,0,3
19013,18680,0,3
18853,18680,0,3
19012,18680,0,3
19333,18682,0,3
19492,18682,0,3
19651,18682,0,3
19332,18682,0,3
19491,18682,0,3
19650,18682,0,3
19174,18684,0,3
19333,18684,0,3
19173,18684,0,3
19332,18684,0,3
18853,18685,2,1
19012,18685,2,1
18852,18685,2,1
19011,18685,2,1
18854,18687,0,3
19013,18687,0,3
18853,18687,0,3
19012,18687,0,3
19014,18691,0,3
19173,18691,0,3
19331,18691,0,3
19013,18691,0,3
19172,18691,0,3
19012,18691,0,3
19171,18691,0,3
18854,18692,0,3
19013,18692,0,3
18853,18692,0,3
19012,18692,0,3
19330,18694,0,3
19489,18694,0,3
19171,18694,0,3
19329,18694,0,3
19488,18694,0,3
19170,18694,0,3
19968,18695,0,3
20127,18695,0,3
20286,18695,0,3
19967,18695,0,3
20126,18695,0,3
20285,18695,0,3
20125,18695,0,3
19808,18696,0,3
19967,18696,0,3
19807,18696,0,3
19966,18696,0,3
19967,18699,0,3
20126,18699,0,3
19966,18699,0,3
20125,18699,0,3
19965,18699,0,3
20124,18699,0,3
19967,18700,0,3
20126,18700,0,3
19966,18700,0,3
20125,18700,0,3
19968,18702,0,3
20127,18702,0,3
20286,18702,0,3
19967,18702,0,3
20126,18702,0,3
20285,18702,0,3
20125,18702,0,3
19808,18703,0,3
19807,18703,0,3
19966,18703,0,3
19806,18703,0,3
19965,18703,0,3
19648,18703,0,3
19647,18703,0,3
19968,18704,1,2
20127,18704,1,2
19967,18704,1,2
20126,18704,1,2
19808,18706,0,3
19967,18706,0,3
19807,18706,0,3
19966,18706,0,3
19806,18706,0,3
19965,18706,0,3
19967,18707,0,3
20126,18707,0,3
19966,18707,0,3
20125,18707,0,3
19965,18707,0,3
20124,18707,0,3
19808,18708,2,1
19649,18708,2,1
19807,18708,2,1
19806,18708,2,1
19648,18708,2,1
19647,18708,2,1
19967,18709,0,3
20126,18709,0,3
20285,18709,0,3
19966,18709,0,3
20125,18709,0,3
20284,18709,0,3
20444,18710,0,3
20443,18710,0,3
20126,18710,0,3
20285,18710,0,3
20125,18710,0,3
20284,18710,0,3
19807,18711,0,3
19966,18711,0,3
19806,18711,0,3
19965,18711,0,3
19648,18711,0,3
19647,18711,0,3
20445,18712,0,3
20444,18712,0,3
20443,18712,0,3
20286,18712,0,3
20285,18712,0,3
20284,18712,0,3
19808,18713,0,3
19649,18713,0,3
19807,18713,0,3
19648,18713,0,3
19807,18714,1,2
19966,18714,1,2
19806,18714,1,2
19965,18714,1,2
19648,18714,1,2
19647,18714,1,2
19808,18715,0,3
19807,18715,0,3
19966,18715,0,3
19806,18715,0,3
19965,18715,0,3
19648,18715,0,3
19647,18715,0,3
19809,18716,2,1
19968,18716,2,1
20127,18716,2,1
19808,18716,2,1
19967,18716,2,1
20126,18716,2,1
19966,18716,2,1
20127,18717,0,3
19967,18717,0,3
20126,18717,0,3
20285,18717,0,3
19966,18717,0,3
20125,18717,0,3
19966,18718,0,3
20125,18718,0,3
19965,18718,0,3
20124,18718,0,3
20445,18719,0,3
20444,18719,0,3
20127,18719,0,3
20286,18719,0,3
20126,18719,0,3
20285,18719,0,3
19967,18720,0,3
20126,18720,0,3
20285,18720,0,3
19966,18720,0,3
20125,18720,0,3
20284,18720,0,3
19966,18721,0,3
20125,18721,0,3
19965,18721,0,3
20124,18721,0,3
21079,19111,0,3
21238,19111,0,3
21078,19111,0,3
21237,19111,0,3
20600,19113,0,3
20759,19113,0,3
20918,19113,0,3
20599,19113,0,3
20758,19113,0,3
20917,19113,0,3
20439,19119,0,3
20438,19119,0,3
20280,19119,0,3
20279,19119,0,3
20442,19121,0,3
20601,19121,0,3
20441,19121,0,3
20600,19121,0,3
20440,19121,0,3
20282,19121,0,3
20444,19122,0,3
20443,19122,0,3
20442,19122,0,3
20285,19122,0,3
20284,19122,0,3
20283,19122,0,3
20440,19123,0,3
20439,19123,0,3
20598,19123,0,3
20438,19123,0,3
20281,19123,0,3
20280,19123,0,3
20279,19123,0,3
20440,19126,0,3
20599,19126,0,3
20439,19126,0,3
20598,19126,0,3
20281,19126,0,3
20280,19126,0,3
21236,19127,0,3
21395,19127,0,3
21235,19127,0,3
21394,19127,0,3
20125,19128,0,3
20284,19128,0,3
20124,19128,0,3
20283,19128,0,3
20442,19130,0,3
20601,19130,0,3
20441,19130,0,3
20600,19130,0,3
20283,19130,0,3
20282,19130,0,3
21077,19131,0,3
21236,19131,0,3
21395,19131,0,3
21076,19131,0,3
21235,19131,0,3
21394,19131,0,3
21072,19132,0,3
21231,19132,0,3
21071,19132,0,3
21230,19132,0,3
20913,19132,0,3
20912,19132,0,3
20441,19133,0,3
20600,19133,0,3
20440,19133,0,3
20599,19133,0,3
21076,19134,0,3
21075,19134,0,3
20758,19134,0,3
20917,19134,0,3
20757,19134,0,3
20916,19134,0,3
21231,19136,0,3
21390,19136,0,3
21230,19136,0,3
21389,19136,0,3
20600,19137,0,3
20759,19137,0,3
20918,19137,0,3
20599,19137,0,3
20758,19137,0,3
20917,19137,0,3
21072,19138,0,3
21231,19138,0,3
21071,19138,0,3
21230,19138,0,3
20440,19139,0,3
20439,19139,0,3
20281,19139,0,3
20280,19139,0,3
21076,19140,0,3
21075,19140,0,3
20917,19140,0,3
20916,19140,0,3
21076,19142,0,3
21075,19142,0,3
20758,19142,0,3
20917,19142,0,3
20757,19142,0,3
20916,19142,0,3
21075,19143,0,3
20757,19143,0,3
20916,19143,0,3
21074,19143,0,3
20756,19143,0,3
20915,19143,0,3
20443,19144,0,3
20442,19144,0,3
20125,19144,0,3
20284,19144,0,3
20124,19144,0,3
20283,19144,0,3
21079,19147,0,3
21238,19147,0,3
21078,19147,0,3
21237,19147,0,3
21079,19150,0,3
21238,19150,0,3
21078,19150,0,3
21237,19150,0,3
21077,19150,0,3
21236,19150,0,3
21074,19152,0,3
21233,19152,0,3
21073,19152,0,3
21232,19152,0,3
20915,19152,0,3
20914,19152,0,3
21075,19157,0,3
20757,19157,0,3
20916,19157,0,3
21074,19157,0,3
20756,19157,0,3
20915,19157,0,3
21396,19158,1,2
21236,19158,1,2
21395,19158,1,2
21554,19158,1,2
21235,19158,1,2
21394,19158,1,2
21553,19158,1,2
20440,19161,0,3
20439,19161,0,3
20122,19161,0,3
20281,19161,0,3
20121,19161,0,3
20280,19161,0,3
21079,19162,0,3
21078,19162,0,3
20920,19162,0,3
20919,19162,0,3
21077,19162,0,3
20918,19162,0,3
21075,19163,0,3
20757,19163,0,3
20916,19163,0,3
21074,19163,0,3
20756,19163,0,3
20915,19163,0,3
20758,19164,0,3
20917,19164,0,3
20757,19164,0,3
20916,19164,0,3
20756,19164,0,3
20915,19164,0,3
21236,19165,0,3
21395,19165,0,3
21235,19165,0,3
21394,19165,0,3
20600,19166,0,3
20759,19166,0,3
20599,19166,0,3
20758,19166,0,3
21078,19167,0,3
21237,19167,0,3
21077,19167,0,3
21236,19167,0,3
21076,19167,0,3
21235,19167,0,3
21236,19168,0,3
21395,19168,0,3
21235,19168,0,3
21394,19168,0,3
21075,19171,0,3
20916,19171,0,3
21234,19171,0,3
21074,19171,0,3
21233,19171,0,3
20915,19171,0,3
20439,19172,0,3
20598,19172,0,3
20438,19172,0,3
20597,19172,0,3
20280,19172,0,3
20279,19172,0,3
21075,19175,0,3
20916,19175,0,3
21074,19175,0,3
21233,19175,0,3
21073,19175,0,3
20915,19175,0,3
21075,19176,0,3
20757,19176,0,3
20916,19176,0,3
21074,19176,0,3
20756,19176,0,3
20915,19176,0,3
20442,19182,0,3
20601,19182,0,3
20441,19182,0,3
20600,19182,0,3
20283,19182,0,3
20282,19182,0,3
21075,19183,0,3
20757,19183,0,3
20916,19183,0,3
21074,19183,0,3
20756,19183,0,3
20915,19183,0,3
21075,19185,0,3
21234,19185,0,3
21074,19185,0,3
21233,19185,0,3
21073,19185,0,3
21232,19185,0,3
20125,19186,0,3
20284,19186,0,3
20124,19186,0,3
20283,19186,0,3
20758,19187,0,3
20917,19187,0,3
20757,19187,0,3
20916,19187,0,3
20440,19188,0,3
20599,19188,0,3
20439,19188,0,3
20598,19188,0,3
20438,19188,0,3
20597,19188,0,3
20280,19188,0,3
20758,19189,0,3
20917,19189,0,3
20757,19189,0,3
20916,19189,0,3
20756,19189,0,3
20915,19189,0,3
21080,19190,0,3
20921,19190,0,3
21079,19190,0,3
20920,19190,0,3
20758,19191,0,3
20917,19191,0,3
20757,19191,0,3
20916,19191,0,3
20756,19191,0,3
20915,19191,0,3
20435,19192,0,3
20434,19192,0,3
20117,19192,0,3
20276,19192,0,3
20116,19192,0,3
20275,19192,0,3
21237,19193,0,3
21396,19193,0,3
21236,19193,0,3
21395,19193,0,3
21235,19193,0,3
21394,19193,0,3
20440,19194,0,3
20439,19194,0,3
20281,19194,0,3
20280,19194,0,3
21237,19200,0,3
21396,19200,0,3
21236,19200,0,3
21395,19200,0,3
21235,19200,0,3
21394,19200,0,3
21079,19202,0,3
21238,19202,0,3
21078,19202,0,3
21237,19202,0,3
20440,19205,0,3
20599,19205,0,3
20439,19205,0,3
20598,19205,0,3
20438,19205,0,3
20597,19205,0,3
20280,19205,0,3
21078,19208,0,3
21237,19208,0,3
20919,19208,0,3
21077,19208,0,3
21236,19208,0,3
20918,19208,0,3
21077,19209,0,3
21236,19209,0,3
21076,19209,0,3
21235,19209,0,3
20440,19210,0,3
20439,19210,0,3
20281,19210,0,3
20280,19210,0,3
21077,19211,0,3
21236,19211,0,3
21076,19211,0,3
21235,19211,0,3
21079,19212,0,3
21238,19212,0,3
21078,19212,0,3
21237,19212,0,3
21077,19212,0,3
21236,19212,0,3
20125,19213,0,3
20284,19213,0,3
20124,19213,0,3
20283,19213,0,3
20440,19215,0,3
20439,19215,0,3
20281,19215,0,3
20280,19215,0,3
20441,19218,0,3
20440,19218,0,3
20439,19218,0,3
20282,19218,0,3
20281,19218,0,3
20280,19218,0,3
20437,19220,0,3
20436,19220,0,3
20119,19220,0,3
20278,19220,0,3
20118,19220,0,3
20277,19220,0,3
20276,19220,0,3
20440,19221,0,3
20599,19221,0,3
20439,19221,0,3
20598,19221,0,3
20281,19221,0,3
20280,19221,0,3
20436,19222,0,3
20435,19222,0,3
20277,19222,0,3
20276,19222,0,3
20443,19224,0,3
20442,19224,0,3
20125,19224,0,3
20284,19224,0,3
20124,19224,0,3
20283,19224,0,3
21078,19225,0,3
21237,19225,0,3
21077,19225,0,3
21236,19225,0,3
21076,19225,0,3
21235,19225,0,3
21078,19231,0,3
20919,19231,0,3
21077,19231,0,3
20918,19231,0,3
20441,19232,0,3
20440,19232,0,3
20282,19232,0,3
20281,19232,0,3
21075,19233,0,3
20916,19233,0,3
21074,19233,0,3
20915,19233,0,3
20439,19234,0,3
20438,19234,0,3
20280,19234,0,3
20279,19234,0,3
20439,19235,0,3
20438,19235,0,3
20280,19235,0,3
20279,19235,0,3
21076,19236,0,3
21075,19236,0,3
20917,19236,0,3
20757,19236,0,3
20916,19236,0,3
20915,19236,0,3
20439,19238,0,3
20438,19238,0,3
20280,19238,0,3
20279,19238,0,3
21076,19239,0,3
21075,19239,0,3
20758,19239,0,3
20917,19239,0,3
20757,19239,0,3
20916,19239,0,3
20758,19240,2,1
20917,19240,2,1
20757,19240,2,1
20916,19240,2,1
20756,19240,2,1
20915,19240,2,1
21076,19241,0,3
21075,19241,0,3
20917,19241,0,3
20916,19241,0,3
20440,19242,0,3
20439,19242,0,3
20281,19242,0,3
20280,19242,0,3
20441,19243,0,3
20600,19243,0,3
20440,19243,0,3
20599,19243,0,3
21864,19393,0,3
22023,19393,0,3
21704,19393,0,3
21863,19393,0,3
22022,19393,0,3
21864,19414,0,3
22023,19414,0,3
21863,19414,0,3
22022,19414,0,3
21862,19414,0,3
22021,19414,0,3
14573,19535,0,3
14732,19535,0,3
14731,19535,0,3
14572,19535,0,3
14571,19535,0,3
14730,19535,0,3
14573,19546,0,3
14732,19546,0,3
14731,19546,0,3
14572,19546,0,3
14573,19556,0,3
14732,19556,0,3
14731,19556,0,3
14572,19556,0,3
14573,19560,0,3
14413,19560,0,3
14731,19560,0,3
14572,19560,0,3
14412,19560,0,3
14571,19560,0,3
14573,19566,1,2
14732,19566,1,2
14731,19566,1,2
14572,19566,1,2
14574,19570,1,2
14573,19570,1,2
14732,19570,1,2
14891,19570,1,2
14731,19570,1,2
14572,19570,1,2
14733,19570,1,2
14574,19572,0,3
14573,19572,0,3
14732,19572,0,3
14891,19572,0,3
14733,19572,0,3
14892,19572,0,3
14573,19573,1,2
14732,19573,1,2
14731,19573,1,2
14572,19573,1,2
14413,19580,0,3
14731,19580,0,3
14572,19580,0,3
14412,19580,0,3
14571,19580,0,3
14730,19580,0,3
15050,19585,1,2
15209,19585,1,2
15049,19585,1,2
15208,19585,1,2
15051,19591,0,3
15210,19591,0,3
15050,19591,0,3
15209,19591,0,3
15049,19591,0,3
15208,19591,0,3
15210,19604,0,3
15050,19604,0,3
15209,19604,0,3
15049,19604,0,3
15208,19604,0,3
15051,19611,1,2
15210,19611,1,2
15050,19611,1,2
15209,19611,1,2
15049,19611,1,2
15208,19611,1,2
15051,19620,0,3
15210,19620,0,3
15050,19620,0,3
15209,19620,0,3
15049,19620,0,3
15208,19620,0,3
15051,19634,0,3
15210,19634,0,3
15050,19634,0,3
15209,19634,0,3
15049,19634,0,3
15208,19634,0,3
15051,19637,0,3
15210,19637,0,3
14891,19637,0,3
15050,19637,0,3
15209,19637,0,3
14892,19637,0,3
15051,19638,2,1
14891,19638,2,1
15050,19638,2,1
15209,19638,2,1
14890,19638,2,1
15049,19638,2,1
15208,19638,2,1
15051,19641,0,3
15210,19641,0,3
15050,19641,0,3
15209,19641,0,3
15049,19641,0,3
15208,19641,0,3
11702,19749,0,3
11861,19749,0,3
12020,19749,0,3
11701,19749,0,3
11860,19749,0,3
12019,19749,0,3
11862,19774,0,3
11702,19774,0,3
11861,19774,0,3
12020,19774,0,3
11860,19774,0,3
12019,19774,0,3
11702,19780,0,3
11861,19780,0,3
12020,19780,0,3
11701,19780,0,3
11860,19780,0,3
12019,19780,0,3
11862,19858,0,3
12021,19858,0,3
11861,19858,0,3
12020,19858,0,3
11860,19858,0,3
12019,19858,0,3
11862,19860,0,3
11702,19860,0,3
11861,19860,0,3
12020,19860,0,3
11701,19860,0,3
11860,19860,0,3
12019,19860,0,3
11862,19878,0,3
11702,19878,0,3
11861,19878,0,3
12020,19878,0,3
11701,19878,0,3
11860,19878,0,3
12019,19878,0,3
11861,19879,0,3
12020,19879,0,3
11860,19879,0,3
12019,19879,0,3
11228,19891,0,3
11387,19891,0,3
11227,19891,0,3
11386,19891,0,3
11226,19891,0,3
11385,19891,0,3
11070,19899,0,3
11229,19899,0,3
11388,19899,0,3
11069,19899,0,3
11228,19899,0,3
11387,19899,0,3
11230,19900,0,3
11389,19900,0,3
11229,19900,0,3
11388,19900,0,3
11228,19900,0,3
11387,19900,0,3
11069,19919,0,3
11228,19919,0,3
11068,19919,0,3
11227,19919,0,3
11070,19940,0,3
11229,19940,0,3
11388,19940,0,3
11069,19940,0,3
11228,19940,0,3
11387,19940,0,3
11228,19949,0,3
11387,19949,0,3
11227,19949,0,3
11386,19949,0,3
11228,19958,0,3
11387,19958,0,3
11227,19958,0,3
11386,19958,0,3
10909,19971,0,3
11068,19971,0,3
10908,19971,0,3
11067,19971,0,3
11230,19985,0,3
11389,19985,0,3
11229,19985,0,3
11388,19985,0,3
11228,19985,0,3
11387,19985,0,3
10909,19986,0,3
11068,19986,0,3
10908,19986,0,3
11067,19986,0,3
10750,19986,0,3
10749,19986,0,3
11070,20003,0,3
11229,20003,0,3
11069,20003,0,3
11228,20003,0,3
11387,20003,0,3
11069,20013,0,3
11228,20013,0,3
11387,20013,0,3
11068,20013,0,3
11227,20013,0,3
11386,20013,0,3
11228,20016,0,3
11387,20016,0,3
11227,20016,0,3
11386,20016,0,3
10907,20033,0,3
11066,20033,0,3
10906,20033,0,3
11065,20033,0,3
10114,20073,0,3
9955,20073,0,3
9954,20073,0,3
10113,20073,0,3
10110,20317,0,3
9951,20317,0,3
10109,20317,0,3
10268,20317,0,3
10108,20317,0,3
9950,20317,0,3
9949,20317,0,3
10110,20330,0,3
9951,20330,0,3
10109,20330,0,3
9950,20330,0,3
10109,20335,0,3
10108,20335,0,3
9950,20335,0,3
9949,20335,0,3
10110,20348,0,3
9951,20348,0,3
10109,20348,0,3
10108,20348,0,3
9950,20348,0,3
9949,20348,0,3
9952,20349,0,3
10111,20349,0,3
10270,20349,0,3
10110,20349,0,3
10269,20349,0,3
9951,20349,0,3
10114,20355,0,3
9955,20355,0,3
9795,20355,0,3
9954,20355,0,3
10113,20355,0,3
9952,20356,0,3
10111,20356,0,3
10110,20356,0,3
9951,20356,0,3
10110,20360,0,3
9951,20360,0,3
10109,20360,0,3
9950,20360,0,3
9952,20361,0,3
10111,20361,0,3
10110,20361,0,3
9951,20361,0,3
9950,20361,0,3
9636,20363,0,3
9795,20363,0,3
9635,20363,0,3
9794,20363,0,3
9795,20364,0,3
9954,20364,0,3
9794,20364,0,3
9953,20364,0,3
10110,20368,0,3
9951,20368,0,3
10109,20368,0,3
10108,20368,0,3
9950,20368,0,3
9949,20368,0,3
9793,20369,2,1
9952,20369,2,1
10111,20369,2,1
10110,20369,2,1
9792,20369,2,1
9951,20369,2,1
10110,20373,0,3
9951,20373,0,3
10109,20373,0,3
9950,20373,0,3
10114,20375,0,3
10273,20375,0,3
9955,20375,0,3
9954,20375,0,3
10113,20375,0,3
10272,20375,0,3
9952,20376,0,3
10111,20376,0,3
10110,20376,0,3
9951,20376,0,3
10109,20376,0,3
9950,20376,0,3
10111,20383,0,3
10110,20383,0,3
10269,20383,0,3
9951,20383,0,3
10109,20383,0,3
10268,20383,0,3
9950,20383,0,3
10114,20391,0,3
9955,20391,0,3
9954,20391,0,3
10113,20391,0,3
9952,20392,0,3
10111,20392,0,3
10110,20392,0,3
9951,20392,0,3
9952,20393,0,3
10111,20393,0,3
10110,20393,0,3
9951,20393,0,3
10114,20398,0,3
9955,20398,0,3
9954,20398,0,3
10113,20398,0,3
10110,20399,0,3
9951,20399,0,3
10109,20399,0,3
10108,20399,0,3
9950,20399,0,3
9949,20399,0,3
10110,20400,0,3
9951,20400,0,3
10109,20400,0,3
9950,20400,0,3
10109,20401,2,1
10108,20401,2,1
9950,20401,2,1
9949,20401,2,1
10109,20404,2,1
10268,20404,2,1
10108,20404,2,1
10267,20404,2,1
9950,20404,2,1
9949,20404,2,1
10109,20408,0,3
10108,20408,0,3
9950,20408,0,3
9949,20408,0,3
10110,20411,0,3
9951,20411,0,3
10109,20411,0,3
10108,20411,0,3
9950,20411,0,3
9793,20412,0,3
9952,20412,0,3
10111,20412,0,3
10110,20412,0,3
9792,20412,0,3
9951,20412,0,3
9794,20413,0,3
9953,20413,0,3
9793,20413,0,3
9952,20413,0,3
10114,20418,0,3
9955,20418,0,3
9954,20418,0,3
10113,20418,0,3
10110,20420,0,3
10269,20420,0,3
9951,20420,0,3
10109,20420,0,3
10268,20420,0,3
9950,20420,0,3
9952,20421,0,3
10111,20421,0,3
10110,20421,0,3
10269,20421,0,3
9951,20421,0,3
9794,20422,0,3
9953,20422,0,3
9793,20422,0,3
9952,20422,0,3
10112,20423,0,3
9794,20423,0,3
9953,20423,0,3
9793,20423,0,3
9952,20423,0,3
10111,20423,0,3
10110,20434,0,3
9951,20434,0,3
10109,20434,0,3
10268,20434,0,3
10108,20434,0,3
9950,20434,0,3
9949,20434,0,3
10110,20436,0,3
10269,20436,0,3
9951,20436,0,3
10109,20436,0,3
10268,20436,0,3
10108,20436,0,3
9950,20436,0,3
10109,20438,0,3
10108,20438,0,3
9791,20438,0,3
9950,20438,0,3
9790,20438,0,3
9949,20438,0,3
9794,20440,0,3
9953,20440,0,3
9793,20440,0,3
9952,20440,0,3
9795,20445,0,3
9635,20445,0,3
9794,20445,0,3
9953,20445,0,3
9793,20445,0,3
9952,20445,0,3
9794,20448,0,3
9953,20448,0,3
9793,20448,0,3
9952,20448,0,3
10114,20456,0,3
9955,20456,0,3
9954,20456,0,3
10113,20456,0,3
10110,20459,0,3
9951,20459,0,3
10109,20459,0,3
10108,20459,0,3
9950,20459,0,3
9949,20459,0,3
10110,20466,2,1
9792,20466,2,1
9951,20466,2,1
10109,20466,2,1
9791,20466,2,1
9950,20466,2,1
12800,20502,0,3
12640,20502,0,3
12799,20502,0,3
12958,20502,0,3
12639,20502,0,3
12798,20502,0,3
12797,20503,0,3
12956,20503,0,3
12637,20503,0,3
12796,20503,0,3
12955,20503,0,3
12795,20503,0,3
12954,20503,0,3
12798,20505,0,3
12957,20505,0,3
12797,20505,0,3
12956,20505,0,3
12796,20505,0,3
12638,20507,0,3
12797,20507,0,3
12956,20507,0,3
12637,20507,0,3
12796,20507,0,3
12955,20507,0,3
13431,20508,0,3
13590,20508,0,3
13589,20508,0,3
13749,20508,0,3
13748,20508,0,3
12478,20509,2,1
12636,20509,2,1
12635,20509,2,1
12477,20509,2,1
12476,20509,2,1
13116,20512,0,3
13115,20512,0,3
13275,20512,0,3
13274,20512,0,3
12638,20515,2,1
12797,20515,2,1
12637,20515,2,1
12796,20515,2,1
12478,20515,2,1
12636,20515,2,1
12795,20515,2,1
12797,20521,0,3
12956,20521,0,3
12796,20521,0,3
12955,20521,0,3
13590,20523,0,3
13589,20523,0,3
13749,20523,0,3
13748,20523,0,3
13590,20528,0,3
13589,20528,0,3
13749,20528,0,3
13748,20528,0,3
12639,20529,0,3
12638,20529,0,3
12797,20529,0,3
12637,20529,0,3
12796,20529,0,3
12479,20529,0,3
12478,20529,0,3
12798,20535,0,3
12957,20535,0,3
12797,20535,0,3
12956,20535,0,3
12637,20553,1,2
12796,20553,1,2
12955,20553,1,2
12636,20553,1,2
12795,20553,1,2
12954,20553,1,2
12638,20556,0,3
12797,20556,0,3
12637,20556,0,3
12796,20556,0,3
12795,20564,0,3
12954,20564,0,3
13113,20564,0,3
12794,20564,0,3
12953,20564,0,3
13590,20565,0,3
13430,20565,0,3
13589,20565,0,3
13749,20565,0,3
13748,20565,0,3
13588,20565,0,3
12955,20567,0,3
13114,20567,0,3
12954,20567,0,3
13113,20567,0,3
13112,20567,0,3
13272,20567,0,3
12797,20575,0,3
12956,20575,0,3
12796,20575,0,3
12955,20575,0,3
12795,20575,0,3
12954,20575,0,3
12798,20589,0,3
12957,20589,0,3
12797,20589,0,3
12956,20589,0,3
12638,20596,0,3
12797,20596,0,3
12637,20596,0,3
12796,20596,0,3
12797,20598,0,3
12637,20598,0,3
12796,20598,0,3
12955,20598,0,3
12636,20598,0,3
12795,20598,0,3
12954,20598,0,3
13590,20606,0,3
13589,20606,0,3
13749,20606,0,3
13748,20606,0,3
12958,20610,0,3
13117,20610,0,3
12957,20610,0,3
13116,20610,0,3
12956,20610,0,3
13115,20610,0,3
13432,20612,0,3
13591,20612,0,3
13431,20612,0,3
13590,20612,0,3
12638,20613,0,3
12797,20613,0,3
12637,20613,0,3
12796,20613,0,3
12638,20617,0,3
12797,20617,0,3
12637,20617,0,3
12796,20617,0,3
12798,20618,0,3
12957,20618,0,3
12797,20618,0,3
12956,20618,0,3
12796,20618,0,3
12955,20618,0,3
13432,20622,0,3
13591,20622,0,3
13431,20622,0,3
13590,20622,0,3
13589,20622,0,3
13750,20622,0,3
13749,20622,0,3
12638,20626,1,2
12797,20626,1,2
12637,20626,1,2
12796,20626,1,2
12955,20626,1,2
12636,20626,1,2
12795,20626,1,2
12798,20639,0,3
12957,20639,0,3
13116,20639,0,3
12797,20639,0,3
12956,20639,0,3
13115,20639,0,3
12637,20641,2,1
12478,20641,2,1
12636,20641,2,1
12635,20641,2,1
12477,20641,2,1
12476,20641,2,1
12955,20643,0,3
13114,20643,0,3
12954,20643,0,3
13113,20643,0,3
12797,20645,0,3
12956,20645,0,3
12796,20645,0,3
12955,20645,0,3
12638,20646,0,3
12797,20646,0,3
12956,20646,0,3
12637,20646,0,3
12796,20646,0,3
12955,20646,0,3
12955,20647,0,3
13114,20647,0,3
12954,20647,0,3
13113,20647,0,3
13273,20647,0,3
13272,20647,0,3
13590,20651,0,3
13589,20651,0,3
13749,20651,0,3
13748,20651,0,3
12638,20652,0,3
12797,20652,0,3
12956,20652,0,3
12637,20652,0,3
12796,20652,0,3
12955,20652,0,3
12639,20656,0,3
12798,20656,0,3
12638,20656,0,3
12797,20656,0,3
12637,20656,0,3
12796,20656,0,3
11065,20662,0,3
11224,20662,0,3
11064,20662,0,3
11223,20662,0,3
11064,20665,0,3
11223,20665,0,3
11382,20665,0,3
11063,20665,0,3
11222,20665,0,3
11381,20665,0,3
11065,20668,0,3
11224,20668,0,3
11383,20668,0,3
11064,20668,0,3
11223,20668,0,3
11382,20668,0,3
11222,20668,0,3
11065,20680,0,3
11224,20680,0,3
11383,20680,0,3
11064,20680,0,3
11223,20680,0,3
11382,20680,0,3
11065,20683,0,3
11224,20683,0,3
11383,20683,0,3
11064,20683,0,3
11223,20683,0,3
11382,20683,0,3
10907,20684,0,3
11066,20684,0,3
10906,20684,0,3
11065,20684,0,3
11224,20684,0,3
10905,20684,0,3
11064,20684,0,3
11065,20691,0,3
11224,20691,0,3
11064,20691,0,3
11223,20691,0,3
11065,20698,0,3
11224,20698,0,3
11064,20698,0,3
11223,20698,0,3
11063,20698,0,3
11066,20705,2,1
11225,20705,2,1
11065,20705,2,1
11224,20705,2,1
11383,20705,2,1
11223,20705,2,1
11064,20721,0,3
11221,20721,0,3
11223,20721,0,3
11063,20721,0,3
11222,20721,0,3
11065,20733,0,3
11224,20733,0,3
11064,20733,0,3
11223,20733,0,3
11063,20733,0,3
11222,20733,0,3
11064,20736,0,3
11223,20736,0,3
11382,20736,0,3
11063,20736,0,3
11222,20736,0,3
11381,20736,0,3
11064,20746,0,3
11223,20746,0,3
11382,20746,0,3
11063,20746,0,3
11222,20746,0,3
11381,20746,0,3
11065,20747,0,3
11224,20747,0,3
11064,20747,0,3
11223,20747,0,3
11063,20747,0,3
11064,20754,0,3
11223,20754,0,3
11382,20754,0,3
11063,20754,0,3
11222,20754,0,3
11381,20754,0,3
11064,20757,0,3
11223,20757,0,3
11063,20757,0,3
11222,20757,0,3
11066,20767,0,3
11225,20767,0,3
11065,20767,0,3
11224,20767,0,3
11064,20767,0,3
11223,20767,0,3
10906,20777,0,3
11065,20777,0,3
11224,20777,0,3
10905,20777,0,3
11064,20777,0,3
11223,20777,0,3
10906,20778,0,3
11065,20778,0,3
11224,20778,0,3
10905,20778,0,3
11064,20778,0,3
11223,20778,0,3
11064,20782,0,3
11223,20782,0,3
11382,20782,0,3
11063,20782,0,3
11222,20782,0,3
11381,20782,0,3
11065,20784,0,3
11224,20784,0,3
11064,20784,0,3
11223,20784,0,3
11063,20784,0,3
11222,20784,0,3
10906,20789,0,3
11065,20789,0,3
11224,20789,0,3
10905,20789,0,3
11064,20789,0,3
11223,20789,0,3
11225,20799,0,3
11384,20799,0,3
11224,20799,0,3
11383,20799,0,3
11223,20799,0,3
11382,20799,0,3
11066,20804,0,3
11225,20804,0,3
11065,20804,0,3
11224,20804,0,3
11064,20804,0,3
11223,20804,0,3
10588,20814,0,3
10747,20814,0,3
10587,20814,0,3
10746,20814,0,3
10586,20814,0,3
10745,20814,0,3
10428,20815,0,3
10587,20815,0,3
10427,20815,0,3
10586,20815,0,3
10271,20818,0,3
10430,20818,0,3
10589,20818,0,3
10270,20818,0,3
10429,20818,0,3
10588,20818,0,3
10586,20821,0,3
10745,20821,0,3
10585,20821,0,3
10744,20821,0,3
10904,20821,0,3
10903,20821,0,3
10904,20822,0,3
11063,20822,0,3
10903,20822,0,3
11062,20822,0,3
10905,20823,0,3
10746,20823,0,3
10745,20823,0,3
10904,20823,0,3
11064,20824,0,3
11221,20824,0,3
11223,20824,0,3
11063,20824,0,3
11222,20824,0,3
11062,20824,0,3
10429,20825,0,3
10588,20825,0,3
10428,20825,0,3
10587,20825,0,3
10746,20825,0,3
10427,20825,0,3
10586,20825,0,3
10745,20826,0,3
10744,20826,0,3
10904,20826,0,3
11063,20826,0,3
10903,20826,0,3
11062,20826,0,3
10905,20827,0,3
10746,20827,0,3
10745,20827,0,3
10744,20827,0,3
10904,20827,0,3
11063,20827,0,3
10903,20827,0,3
10906,20828,0,3
11065,20828,0,3
10905,20828,0,3
11064,20828,0,3
10427,20831,0,3
10586,20831,0,3
10745,20831,0,3
10426,20831,0,3
10585,20831,0,3
10744,20831,0,3
10586,20832,0,3
10745,20832,0,3
10585,20832,0,3
10744,20832,0,3
10584,20832,0,3
10271,20833,0,3
10430,20833,0,3
10589,20833,0,3
10270,20833,0,3
10429,20833,0,3
10905,20834,0,3
11064,20834,0,3
10904,20834,0,3
11063,20834,0,3
10906,20835,2,1
10905,20835,2,1
10747,20835,2,1
10746,20835,2,1
10905,20837,0,3
11064,20837,0,3
10904,20837,0,3
11063,20837,0,3
10906,20838,0,3
11065,20838,0,3
10905,20838,0,3
11064,20838,0,3
10746,20838,0,3
10904,20838,0,3
10430,20839,1,2
10589,20839,1,2
10429,20839,1,2
10588,20839,1,2
10428,20839,1,2
10587,20839,1,2
10907,20840,1,2
10906,20840,1,2
10905,20840,1,2
10748,20840,1,2
10747,20840,1,2
10746,20840,1,2
10905,20842,0,3
10745,20842,0,3
10744,20842,0,3
10904,20842,0,3
11063,20842,0,3
10903,20842,0,3
11062,20842,0,3
11064,20843,0,3
11221,20843,0,3
11223,20843,0,3
11063,20843,0,3
11222,20843,0,3
11062,20843,0,3
10905,20844,0,3
11064,20844,0,3
11223,20844,0,3
10904,20844,0,3
11063,20844,0,3
11222,20844,0,3
10906,20846,0,3
10905,20846,0,3
10747,20846,0,3
10746,20846,0,3
10428,20848,0,3
10587,20848,0,3
10746,20848,0,3
10427,20848,0,3
10586,20848,0,3
10745,20848,0,3
10428,20852,0,3
10587,20852,0,3
10746,20852,0,3
10427,20852,0,3
10586,20852,0,3
10745,20852,0,3
10905,20853,0,3
10746,20853,0,3
10745,20853,0,3
10904,20853,0,3
10272,20856,0,3
10431,20856,0,3
10271,20856,0,3
10430,20856,0,3
10429,20856,0,3
10745,20858,0,3
10744,20858,0,3
10904,20858,0,3
10903,20858,0,3
10429,20859,1,2
10588,20859,1,2
10747,20859,1,2
10428,20859,1,2
10587,20859,1,2
10746,20859,1,2
10430,20860,2,1
10589,20860,2,1
10429,20860,2,1
10588,20860,2,1
10428,20860,2,1
10587,20860,2,1
10588,20863,0,3
10747,20863,0,3
10587,20863,0,3
10746,20863,0,3
10430,20865,0,3
10589,20865,0,3
10270,20865,0,3
10429,20865,0,3
10588,20865,0,3
10428,20865,0,3
10587,20865,0,3
10272,20868,0,3
10431,20868,0,3
10271,20868,0,3
10430,20868,0,3
10746,20872,0,3
10745,20872,0,3
10744,20872,0,3
10904,20872,0,3
10903,20872,0,3
10905,20874,0,3
10746,20874,0,3
10745,20874,0,3
10904,20874,0,3
10905,20876,0,3
11064,20876,0,3
11223,20876,0,3
10904,20876,0,3
11063,20876,0,3
11222,20876,0,3
10906,20877,0,3
10905,20877,0,3
10747,20877,0,3
10746,20877,0,3
10905,20879,0,3
10746,20879,0,3
10745,20879,0,3
10744,20879,0,3
10904,20879,0,3
10903,20879,0,3
10906,20883,0,3
10905,20883,0,3
10747,20883,0,3
10746,20883,0,3
10745,20883,0,3
10904,20883,0,3
10908,20884,0,3
10907,20884,0,3
10749,20884,0,3
10748,20884,0,3
10587,20885,0,3
10746,20885,0,3
10586,20885,0,3
10745,20885,0,3
10585,20885,0,3
10744,20885,0,3
10904,20885,0,3
10272,20888,0,3
10431,20888,0,3
10590,20888,0,3
10271,20888,0,3
10430,20888,0,3
10589,20888,0,3
10273,20889,0,3
10432,20889,0,3
10272,20889,0,3
10431,20889,0,3
10590,20889,0,3
10430,20889,0,3
10906,20893,1,2
11065,20893,1,2
10905,20893,1,2
10747,20893,1,2
10746,20893,1,2
10905,20894,0,3
11064,20894,0,3
11223,20894,0,3
10904,20894,0,3
11063,20894,0,3
11222,20894,0,3
10428,20895,0,3
10587,20895,0,3
10746,20895,0,3
10427,20895,0,3
10586,20895,0,3
10745,20895,0,3
10745,20898,0,3
10744,20898,0,3
10904,20898,0,3
11063,20898,0,3
10903,20898,0,3
11062,20898,0,3
11065,20904,0,3
10905,20904,0,3
11064,20904,0,3
11223,20904,0,3
10904,20904,0,3
11063,20904,0,3
11222,20904,0,3
10745,20905,0,3
10744,20905,0,3
10904,20905,0,3
10903,20905,0,3
10428,20907,0,3
10587,20907,0,3
10746,20907,0,3
10427,20907,0,3
10586,20907,0,3
10745,20907,0,3
10907,20908,0,3
11066,20908,0,3
10906,20908,0,3
11065,20908,0,3
10748,20908,0,3
10747,20908,0,3
10905,20909,0,3
11064,20909,0,3
11223,20909,0,3
10904,20909,0,3
11063,20909,0,3
11222,20909,0,3
10587,20911,0,3
10746,20911,0,3
10586,20911,0,3
10745,20911,0,3
10906,20913,0,3
11065,20913,0,3
10905,20913,0,3
11064,20913,0,3
10746,20913,0,3
10586,20914,0,3
10745,20914,0,3
10585,20914,0,3
10744,20914,0,3
10907,20915,2,1
11066,20915,2,1
10906,20915,2,1
11065,20915,2,1
10748,20915,2,1
10747,20915,2,1
10429,20916,0,3
10588,20916,0,3
10428,20916,0,3
10587,20916,0,3
10427,20916,0,3
10586,20916,0,3
10908,20917,2,1
10907,20917,2,1
10749,20917,2,1
10748,20917,2,1
10431,20918,0,3
10271,20918,0,3
10430,20918,0,3
10589,20918,0,3
10270,20918,0,3
10429,20918,0,3
11064,20920,0,3
11221,20920,0,3
11223,20920,0,3
10904,20920,0,3
11063,20920,0,3
11222,20920,0,3
11062,20920,0,3
10905,20922,0,3
10746,20922,0,3
10745,20922,0,3
10904,20922,0,3
10430,20926,0,3
10270,20926,0,3
10429,20926,0,3
10588,20926,0,3
10269,20926,0,3
10428,20926,0,3
10587,20926,0,3
10429,20927,0,3
10588,20927,0,3
10428,20927,0,3
10587,20927,0,3
10905,20928,0,3
10746,20928,0,3
10745,20928,0,3
10904,20928,0,3
10907,20929,1,2
10906,20929,1,2
10748,20929,1,2
10747,20929,1,2
10427,20931,0,3
10586,20931,0,3
10745,20931,0,3
10426,20931,0,3
10585,20931,0,3
10745,20932,0,3
10744,20932,0,3
10904,20932,0,3
10903,20932,0,3
10428,20933,0,3
10587,20933,0,3
10427,20933,0,3
10586,20933,0,3
10745,20935,0,3
10744,20935,0,3
10904,20935,0,3
10903,20935,0,3
10906,20937,0,3
11065,20937,0,3
10905,20937,0,3
11064,20937,0,3
10747,20937,0,3
10746,20937,0,3
10905,20939,0,3
11064,20939,0,3
11223,20939,0,3
10904,20939,0,3
11063,20939,0,3
11222,20939,0,3
10906,20940,0,3
10905,20940,0,3
10747,20940,0,3
10746,20940,0,3
10745,20940,0,3
10904,20940,0,3
10587,20942,0,3
10746,20942,0,3
10586,20942,0,3
10745,20942,0,3
10904,20942,0,3
10588,20943,0,3
10747,20943,0,3
10587,20943,0,3
10746,20943,0,3
10586,20943,0,3
10745,20943,0,3
10429,20945,0,3
10588,20945,0,3
10428,20945,0,3
10587,20945,0,3
10427,20945,0,3
10586,20945,0,3
10905,20947,0,3
10587,20947,0,3
10746,20947,0,3
10586,20947,0,3
10745,20947,0,3
10904,20947,0,3
10588,20948,0,3
10747,20948,0,3
10587,20948,0,3
10746,20948,0,3
10586,20948,0,3
10745,20948,0,3
10429,20949,0,3
10588,20949,0,3
10428,20949,0,3
10587,20949,0,3
10427,20949,0,3
10586,20949,0,3
10586,20950,0,3
10745,20950,0,3
10585,20950,0,3
10744,20950,0,3
10904,20950,0,3
10903,20950,0,3
10271,20951,2,1
10430,20951,2,1
10589,20951,2,1
10270,20951,2,1
10429,20951,2,1
10588,20951,2,1
10905,20952,0,3
11064,20952,0,3
10904,20952,0,3
11063,20952,0,3
10429,20953,2,1
10588,20953,2,1
10747,20953,2,1
10428,20953,2,1
10587,20953,2,1
10746,20953,2,1
10906,20955,0,3
11065,20955,0,3
10905,20955,0,3
11064,20955,0,3
10747,20955,0,3
10746,20955,0,3
10587,20957,0,3
10746,20957,0,3
10586,20957,0,3
10745,20957,0,3
10429,20958,1,2
10588,20958,1,2
10428,20958,1,2
10587,20958,1,2
10271,20959,0,3
10430,20959,0,3
10589,20959,0,3
10270,20959,0,3
10429,20959,0,3
10588,20959,0,3
10906,20961,0,3
10905,20961,0,3
10747,20961,0,3
10746,20961,0,3
10745,20961,0,3
10904,20961,0,3
10908,20962,0,3
10907,20962,0,3
10590,20962,0,3
10749,20962,0,3
10589,20962,0,3
10748,20962,0,3
11064,20963,0,3
11223,20963,0,3
11063,20963,0,3
11222,20963,0,3
10586,20964,0,3
10745,20964,0,3
10585,20964,0,3
10744,20964,0,3
10904,20964,0,3
10903,20964,0,3
10905,20965,0,3
10587,20965,0,3
10746,20965,0,3
10586,20965,0,3
10745,20965,0,3
10904,20965,0,3
10907,20966,1,2
11066,20966,1,2
10906,20966,1,2
11065,20966,1,2
10905,20966,1,2
10748,20966,1,2
10747,20966,1,2
10428,20967,0,3
10587,20967,0,3
10427,20967,0,3
10586,20967,0,3
10426,20967,0,3
10585,20967,0,3
10588,20974,0,3
10747,20974,0,3
10587,20974,0,3
10746,20974,0,3
10586,20974,0,3
10745,20974,0,3
10906,20979,0,3
10905,20979,0,3
10747,20979,0,3
10587,20979,0,3
10746,20979,0,3
10745,20979,0,3
10904,20979,0,3
10272,20985,0,3
10431,20985,0,3
10271,20985,0,3
10430,20985,0,3
10429,20986,0,3
10588,20986,0,3
10747,20986,0,3
10428,20986,0,3
10587,20986,0,3
10746,20986,0,3
10905,20987,0,3
10746,20987,0,3
10745,20987,0,3
10904,20987,0,3
10273,20988,0,3
10432,20988,0,3
10272,20988,0,3
10431,20988,0,3
10271,20988,0,3
10430,20988,0,3
10905,20989,0,3
10746,20989,0,3
10745,20989,0,3
10744,20989,0,3
10904,20989,0,3
10903,20989,0,3
10746,20990,0,3
10586,20990,0,3
10745,20990,0,3
10585,20990,0,3
10744,20990,0,3
10745,20991,0,3
10744,20991,0,3
10904,20991,0,3
10903,20991,0,3
10905,20993,0,3
11064,20993,0,3
11223,20993,0,3
10904,20993,0,3
11063,20993,0,3
11222,20993,0,3
10428,20995,0,3
10587,20995,0,3
10427,20995,0,3
10586,20995,0,3
10587,20996,0,3
10746,20996,0,3
10427,20996,0,3
10586,20996,0,3
10745,20996,0,3
10585,20996,0,3
10905,20997,0,3
10746,20997,0,3
10745,20997,0,3
10904,20997,0,3
10587,21000,0,3
10746,21000,0,3
10586,21000,0,3
10745,21000,0,3
10906,21001,0,3
11065,21001,0,3
10905,21001,0,3
11064,21001,0,3
10906,21009,0,3
10905,21009,0,3
10588,21009,0,3
10747,21009,0,3
10587,21009,0,3
10746,21009,0,3
10745,21009,0,3
10905,21010,0,3
11064,21010,0,3
10746,21010,0,3
10745,21010,0,3
10904,21010,0,3
11063,21010,0,3
10586,21012,0,3
10745,21012,0,3
10585,21012,0,3
10744,21012,0,3
10904,21012,0,3
10903,21012,0,3
10586,21013,0,3
10745,21013,0,3
10426,21013,0,3
10585,21013,0,3
10744,21013,0,3
10584,21013,0,3
10587,21014,0,3
10746,21014,0,3
10586,21014,0,3
10745,21014,0,3
10745,21016,0,3
10744,21016,0,3
10904,21016,0,3
11063,21016,0,3
10903,21016,0,3
11062,21016,0,3
10272,21017,0,3
10431,21017,0,3
10271,21017,0,3
10430,21017,0,3
10270,21017,0,3
10429,21017,0,3
10906,21019,0,3
11065,21019,0,3
10905,21019,0,3
11064,21019,0,3
10747,21019,0,3
10746,21019,0,3
11064,21020,0,3
11221,21020,0,3
11223,21020,0,3
11063,21020,0,3
11222,21020,0,3
11062,21020,0,3
10905,21021,0,3
11064,21021,0,3
11223,21021,0,3
10904,21021,0,3
11063,21021,0,3
11222,21021,0,3
10904,21022,0,3
11063,21022,0,3
10903,21022,0,3
11062,21022,0,3
10906,21024,0,3
11065,21024,0,3
10905,21024,0,3
11064,21024,0,3
10273,21026,0,3
10432,21026,0,3
10272,21026,0,3
10431,21026,0,3
10271,21026,0,3
10430,21026,0,3
10907,21027,0,3
11066,21027,0,3
10906,21027,0,3
11065,21027,0,3
10905,21027,0,3
11064,21027,0,3
10587,21028,0,3
10746,21028,0,3
10586,21028,0,3
10745,21028,0,3
10585,21028,0,3
10744,21028,0,3
10908,21029,0,3
10907,21029,0,3
10749,21029,0,3
10748,21029,0,3
10588,21030,0,3
10747,21030,0,3
10587,21030,0,3
10746,21030,0,3
10745,21031,0,3
10744,21031,0,3
10904,21031,0,3
10903,21031,0,3
10906,21032,0,3
11065,21032,0,3
10905,21032,0,3
11064,21032,0,3
11223,21032,0,3
11063,21032,0,3
10273,21033,0,3
10432,21033,0,3
10272,21033,0,3
10431,21033,0,3
10271,21033,0,3
10430,21033,0,3
10905,21036,0,3
11064,21036,0,3
10904,21036,0,3
11063,21036,0,3
11064,21037,0,3
11221,21037,0,3
10904,21037,0,3
11063,21037,0,3
11222,21037,0,3
10903,21037,0,3
11062,21037,0,3
10429,21041,0,3
10588,21041,0,3
10428,21041,0,3
10587,21041,0,3
10271,21042,0,3
10430,21042,0,3
10589,21042,0,3
10270,21042,0,3
10429,21042,0,3
10588,21042,0,3
10428,21042,0,3
10907,21045,0,3
11066,21045,0,3
10906,21045,0,3
11065,21045,0,3
10427,21048,0,3
10586,21048,0,3
10745,21048,0,3
10426,21048,0,3
10585,21048,0,3
10744,21048,0,3
10587,21051,0,3
10746,21051,0,3
10586,21051,0,3
10745,21051,0,3
10585,21051,0,3
10744,21051,0,3
10905,21053,0,3
11064,21053,0,3
10904,21053,0,3
11063,21053,0,3
10903,21053,0,3
11062,21053,0,3
10584,21054,0,3
10743,21054,0,3
10902,21054,0,3
10583,21054,0,3
10742,21054,0,3
10584,21055,2,1
10583,21055,2,1
10742,21055,2,1
10582,21055,2,1
10741,21055,2,1
11221,21056,0,3
10902,21056,0,3
11061,21056,0,3
11220,21056,0,3
10903,21056,0,3
11062,21056,0,3
10902,21058,0,3
11061,21058,0,3
10901,21058,0,3
11060,21058,0,3
10583,21060,2,1
10742,21060,2,1
10582,21060,2,1
10741,21060,2,1
10902,21067,0,3
11061,21067,0,3
10903,21067,0,3
11062,21067,0,3
10743,21068,0,3
10902,21068,0,3
11061,21068,0,3
10901,21068,0,3
11060,21068,0,3
10742,21068,0,3
10426,21073,0,3
10585,21073,0,3
10744,21073,0,3
10425,21073,0,3
10584,21073,0,3
10743,21073,0,3
10744,21074,0,3
10743,21074,0,3
10902,21074,0,3
11061,21074,0,3
10903,21074,0,3
11062,21074,0,3
10743,21079,0,3
10902,21079,0,3
10901,21079,0,3
10583,21079,0,3
10742,21079,0,3
10741,21079,0,3
10584,21081,0,3
10743,21081,0,3
10583,21081,0,3
10742,21081,0,3
10582,21081,0,3
10741,21081,0,3
10583,21082,2,1
10742,21082,2,1
10582,21082,2,1
10741,21082,2,1
10424,21083,0,3
10583,21083,0,3
10742,21083,0,3
10423,21083,0,3
10582,21083,0,3
10741,21083,0,3
10425,21084,0,3
10584,21084,0,3
10424,21084,0,3
10583,21084,0,3
10744,21087,0,3
10743,21087,0,3
10902,21087,0,3
10901,21087,0,3
10742,21087,0,3
10903,21087,0,3
10425,21090,0,3
10584,21090,0,3
10424,21090,0,3
10583,21090,0,3
10584,21091,0,3
10743,21091,0,3
10583,21091,0,3
10742,21091,0,3
10424,21100,0,3
10583,21100,0,3
10742,21100,0,3
10423,21100,0,3
10582,21100,0,3
10741,21100,0,3
10744,21102,0,3
10743,21102,0,3
10902,21102,0,3
11061,21102,0,3
10901,21102,0,3
10903,21102,0,3
11062,21102,0,3
10584,21104,0,3
10743,21104,0,3
10583,21104,0,3
10742,21104,0,3
10582,21104,0,3
10741,21104,0,3
10424,21105,1,2
10583,21105,1,2
10742,21105,1,2
10423,21105,1,2
10582,21105,1,2
10741,21105,1,2
10427,21106,0,3
10586,21106,0,3
10426,21106,0,3
10585,21106,0,3
10425,21106,0,3
10584,21106,0,3
10743,21111,0,3
10902,21111,0,3
10901,21111,0,3
10742,21111,0,3
10584,21112,0,3
10743,21112,0,3
10583,21112,0,3
10742,21112,0,3
10744,21113,0,3
10743,21113,0,3
10902,21113,0,3
10901,21113,0,3
10742,21113,0,3
10903,21113,0,3
10902,21114,0,3
11061,21114,0,3
10903,21114,0,3
11062,21114,0,3
10584,21116,0,3
10743,21116,0,3
10583,21116,0,3
10742,21116,0,3
10427,21118,0,3
10586,21118,0,3
10426,21118,0,3
10585,21118,0,3
10425,21118,0,3
10584,21118,0,3
10425,21119,0,3
10584,21119,0,3
10743,21119,0,3
10424,21119,0,3
10583,21119,0,3
10742,21119,0,3
10582,21119,0,3
10743,21122,0,3
10902,21122,0,3
10901,21122,0,3
10742,21122,0,3
10745,21124,0,3
10744,21124,0,3
10743,21124,0,3
10902,21124,0,3
10904,21124,0,3
10903,21124,0,3
10426,21126,0,3
10585,21126,0,3
10425,21126,0,3
10584,21126,0,3
10743,21127,0,3
10902,21127,0,3
10901,21127,0,3
10742,21127,0,3
10744,21129,0,3
10743,21129,0,3
10902,21129,0,3
10903,21129,0,3
10744,21134,0,3
10743,21134,0,3
10902,21134,0,3
10901,21134,0,3
10742,21134,0,3
10903,21134,0,3
10584,21135,0,3
10424,21135,0,3
10583,21135,0,3
10423,21135,0,3
10582,21135,0,3
11221,21136,0,3
10902,21136,0,3
11061,21136,0,3
10904,21136,0,3
11063,21136,0,3
10903,21136,0,3
11062,21136,0,3
10743,21137,0,3
10902,21137,0,3
10901,21137,0,3
10742,21137,0,3
10901,21148,2,1
10583,21148,2,1
10742,21148,2,1
10582,21148,2,1
10741,21148,2,1
10900,21148,2,1
10425,21149,0,3
10584,21149,0,3
10743,21149,0,3
10424,21149,0,3
10583,21149,0,3
10742,21149,0,3
10584,21154,0,3
10743,21154,0,3
10902,21154,0,3
10901,21154,0,3
10583,21154,0,3
10742,21154,0,3
10744,21155,0,3
10584,21155,0,3
10743,21155,0,3
10902,21155,0,3
10901,21155,0,3
10583,21155,0,3
10742,21155,0,3
10744,21158,0,3
10743,21158,0,3
10902,21158,0,3
10903,21158,0,3
10744,21159,0,3
10743,21159,0,3
10902,21159,0,3
10903,21159,0,3
10744,21169,0,3
10743,21169,0,3
10902,21169,0,3
11061,21169,0,3
10904,21169,0,3
10903,21169,0,3
11062,21169,0,3
10744,21172,0,3
10743,21172,0,3
10902,21172,0,3
10903,21172,0,3
10424,21173,0,3
10583,21173,0,3
10423,21173,0,3
10582,21173,0,3
11221,21174,0,3
10902,21174,0,3
11061,21174,0,3
11220,21174,0,3
10903,21174,0,3
11062,21174,0,3
10584,21177,0,3
10743,21177,0,3
10901,21177,0,3
10583,21177,0,3
10742,21177,0,3
10582,21177,0,3
10741,21177,0,3
10426,21179,0,3
10585,21179,0,3
10425,21179,0,3
10584,21179,0,3
10584,21181,0,3
10743,21181,0,3
10583,21181,0,3
10742,21181,0,3
10582,21181,0,3
10741,21181,0,3
10584,21182,0,3
10743,21182,0,3
10583,21182,0,3
10742,21182,0,3
10584,21186,0,3
10743,21186,0,3
10583,21186,0,3
10742,21186,0,3
10582,21186,0,3
10741,21186,0,3
10584,21189,0,3
10743,21189,0,3
10902,21189,0,3
10901,21189,0,3
10583,21189,0,3
10742,21189,0,3
10426,21191,0,3
10585,21191,0,3
10425,21191,0,3
10584,21191,0,3
10902,21194,0,3
11061,21194,0,3
10904,21194,0,3
11063,21194,0,3
10903,21194,0,3
11062,21194,0,3
10745,21195,0,3
10744,21195,0,3
10743,21195,0,3
10902,21195,0,3
10904,21195,0,3
10903,21195,0,3
11062,21195,0,3
10901,21201,2,1
10583,21201,2,1
10742,21201,2,1
10582,21201,2,1
10741,21201,2,1
10900,21201,2,1
10424,21203,0,3
10583,21203,0,3
10742,21203,0,3
10423,21203,0,3
10582,21203,0,3
10741,21203,0,3
10426,21204,0,3
10585,21204,0,3
10425,21204,0,3
10584,21204,0,3
10743,21205,1,2
10902,21205,1,2
10901,21205,1,2
10742,21205,1,2
10741,21205,1,2
10900,21205,1,2
10585,21206,0,3
10425,21206,0,3
10584,21206,0,3
10743,21206,0,3
10424,21206,0,3
10583,21206,0,3
10742,21206,0,3
10425,21207,0,3
10584,21207,0,3
10424,21207,0,3
10583,21207,0,3
10423,21207,0,3
10582,21207,0,3
10744,21208,0,3
10743,21208,0,3
10902,21208,0,3
10903,21208,0,3
10902,21214,0,3
11061,21214,0,3
10904,21214,0,3
11063,21214,0,3
10903,21214,0,3
11062,21214,0,3
10743,21215,0,3
10902,21215,0,3
10901,21215,0,3
10742,21215,0,3
10744,21218,0,3
10743,21218,0,3
10902,21218,0,3
10903,21218,0,3
10426,21219,0,3
10585,21219,0,3
10425,21219,0,3
10584,21219,0,3
10424,21219,0,3
10583,21219,0,3
10583,21220,2,1
10742,21220,2,1
10582,21220,2,1
10741,21220,2,1
10902,21222,0,3
11061,21222,0,3
10904,21222,0,3
11063,21222,0,3
10903,21222,0,3
11062,21222,0,3
10583,21226,2,1
10742,21226,2,1
10582,21226,2,1
10741,21226,2,1
10426,21227,0,3
10585,21227,0,3
10425,21227,0,3
10584,21227,0,3
10426,21228,0,3
10585,21228,0,3
10425,21228,0,3
10584,21228,0,3
10424,21228,0,3
10583,21228,0,3
10583,21232,1,2
10742,21232,1,2
10582,21232,1,2
10741,21232,1,2
10902,21233,0,3
11061,21233,0,3
10901,21233,0,3
11060,21233,0,3
10900,21233,0,3
11059,21233,0,3
10425,21235,0,3
10584,21235,0,3
10743,21235,0,3
10424,21235,0,3
10583,21235,0,3
10742,21235,0,3
10743,21238,0,3
10902,21238,0,3
11061,21238,0,3
10901,21238,0,3
11060,21238,0,3
10742,21238,0,3
10744,21240,0,3
10743,21240,0,3
10902,21240,0,3
10903,21240,0,3
10743,21241,1,2
10902,21241,1,2
10901,21241,1,2
10742,21241,1,2
10741,21241,1,2
10900,21241,1,2
10744,21246,0,3
10584,21246,0,3
10743,21246,0,3
10902,21246,0,3
10742,21246,0,3
10903,21246,0,3
10743,21250,0,3
10901,21250,0,3
10583,21250,0,3
10742,21250,0,3
10582,21250,0,3
10741,21250,0,3
10900,21250,0,3
10583,21251,2,1
10742,21251,2,1
10582,21251,2,1
10741,21251,2,1
10744,21254,0,3
10743,21254,0,3
10902,21254,0,3
11061,21254,0,3
10904,21254,0,3
10903,21254,0,3
11062,21254,0,3
10399,21256,0,3
10558,21256,0,3
10239,21256,0,3
10398,21256,0,3
10557,21256,0,3
10397,21256,0,3
10556,21256,0,3
10712,21257,0,3
10871,21257,0,3
10711,21257,0,3
10870,21257,0,3
10710,21257,0,3
10869,21257,0,3
10240,21283,0,3
10399,21283,0,3
10239,21283,0,3
10398,21283,0,3
11515,21284,0,3
11674,21284,0,3
11514,21284,0,3
11673,21284,0,3
11197,21288,0,3
11356,21288,0,3
11196,21288,0,3
11355,21288,0,3
11514,21288,0,3
11195,21288,0,3
11354,21288,0,3
10560,21296,0,3
10719,21296,0,3
10559,21296,0,3
10718,21296,0,3
10556,21297,0,3
10715,21297,0,3
10555,21297,0,3
10714,21297,0,3
10719,21299,1,2
10878,21299,1,2
10559,21299,1,2
10718,21299,1,2
10877,21299,1,2
10717,21299,1,2
10876,21299,1,2
10240,21315,0,3
10399,21315,0,3
10239,21315,0,3
10398,21315,0,3
9444,21317,0,3
9603,21317,0,3
9443,21317,0,3
9602,21317,0,3
11199,21319,0,3
11358,21319,0,3
11198,21319,0,3
11357,21319,0,3
11516,21319,0,3
11356,21319,0,3
10877,21330,0,3
10876,21330,0,3
11036,21330,0,3
11035,21330,0,3
11037,21332,0,3
11196,21332,0,3
11036,21332,0,3
11195,21332,0,3
10547,21338,0,3
10706,21338,0,3
10546,21338,0,3
10705,21338,0,3
10083,21340,0,3
10242,21340,0,3
10401,21340,0,3
10082,21340,0,3
10241,21340,0,3
10400,21340,0,3
10240,21340,0,3
11039,21342,0,3
11198,21342,0,3
11038,21342,0,3
11197,21342,0,3
10240,21343,0,3
10399,21343,0,3
10558,21343,0,3
10239,21343,0,3
10398,21343,0,3
10557,21343,0,3
10397,21343,0,3
11039,21345,0,3
11198,21345,0,3
11357,21345,0,3
11038,21345,0,3
11197,21345,0,3
11356,21345,0,3
10400,21352,0,3
10559,21352,0,3
10399,21352,0,3
10558,21352,0,3
10238,21373,0,3
10397,21373,0,3
10556,21373,0,3
10237,21373,0,3
10396,21373,0,3
10555,21373,0,3
10719,21377,1,2
10878,21377,1,2
10559,21377,1,2
10718,21377,1,2
10877,21377,1,2
10717,21377,1,2
10876,21377,1,2
9444,21383,0,3
9603,21383,0,3
9443,21383,0,3
9602,21383,0,3
10561,21385,0,3
10720,21385,0,3
10879,21385,0,3
10560,21385,0,3
10719,21385,0,3
10878,21385,0,3
10712,21388,0,3
10711,21388,0,3
10870,21388,0,3
10710,21388,0,3
10869,21388,0,3
10242,21397,0,3
10401,21397,0,3
10560,21397,0,3
10241,21397,0,3
10400,21397,0,3
10559,21397,0,3
10399,21397,0,3
10399,21399,0,3
10558,21399,0,3
10398,21399,0,3
10557,21399,0,3
9286,21401,0,3
9445,21401,0,3
9604,21401,0,3
9285,21401,0,3
9444,21401,0,3
9603,21401,0,3
10399,21433,0,3
10558,21433,0,3
10398,21433,0,3
10557,21433,0,3
10081,21436,0,3
10240,21436,0,3
10080,21436,0,3
10239,21436,0,3
10398,21436,0,3
10238,21436,0,3
11196,21440,0,3
11036,21440,0,3
11195,21440,0,3
11354,21440,0,3
11035,21440,0,3
11194,21440,0,3
11353,21440,0,3
10242,21446,0,3
10082,21446,0,3
10241,21446,0,3
10400,21446,0,3
10240,21446,0,3
10399,21446,0,3
10562,21449,0,3
10402,21449,0,3
10561,21449,0,3
10720,21449,0,3
10401,21449,0,3
10560,21449,0,3
10719,21449,0,3
11199,21455,0,3
11358,21455,0,3
11198,21455,0,3
11357,21455,0,3
11197,21455,0,3
11356,21455,0,3
10401,21456,0,3
10560,21456,0,3
10400,21456,0,3
10559,21456,0,3
10562,21458,0,3
10402,21458,0,3
10561,21458,0,3
10720,21458,0,3
10401,21458,0,3
10560,21458,0,3
10560,21464,0,3
10400,21464,0,3
10559,21464,0,3
10718,21464,0,3
10399,21464,0,3
10558,21464,0,3
10239,21472,0,3
10398,21472,0,3
10079,21472,0,3
10238,21472,0,3
10397,21472,0,3
11359,21473,0,3
11518,21473,0,3
11358,21473,0,3
11517,21473,0,3
11357,21473,0,3
11516,21473,0,3
11037,21474,0,3
10877,21474,0,3
10876,21474,0,3
11036,21474,0,3
11195,21474,0,3
11035,21474,0,3
10242,21481,0,3
10401,21481,0,3
10082,21481,0,3
10241,21481,0,3
10400,21481,0,3
10560,21488,0,3
10719,21488,0,3
10559,21488,0,3
10718,21488,0,3
10240,21503,0,3
10399,21503,0,3
10239,21503,0,3
10398,21503,0,3
10238,21503,0,3
10397,21503,0,3
9444,21504,0,3
9603,21504,0,3
9443,21504,0,3
9602,21504,0,3
11515,21506,0,3
11355,21506,0,3
11514,21506,0,3
11673,21506,0,3
11354,21506,0,3
11513,21506,0,3
11672,21506,0,3
10706,21507,1,2
10546,21507,1,2
10705,21507,1,2
10864,21507,1,2
10704,21507,1,2
10877,21517,0,3
10876,21517,0,3
11036,21517,0,3
11195,21517,0,3
11035,21517,0,3
11194,21517,0,3
10719,21520,1,2
10559,21520,1,2
10718,21520,1,2
10877,21520,1,2
10558,21520,1,2
10717,21520,1,2
10876,21520,1,2
10560,21527,0,3
10719,21527,0,3
10559,21527,0,3
10718,21527,0,3
10558,21527,0,3
10717,21527,0,3
10401,21529,0,3
10560,21529,0,3
10719,21529,0,3
10400,21529,0,3
10559,21529,0,3
10718,21529,0,3
10401,21530,0,3
10560,21530,0,3
10400,21530,0,3
10559,21530,0,3
10075,21540,0,3
10074,21540,0,3
10234,21540,0,3
10233,21540,0,3
11355,21542,0,3
11514,21542,0,3
11673,21542,0,3
11354,21542,0,3
11513,21542,0,3
11672,21542,0,3
10076,21545,0,3
9916,21545,0,3
10075,21545,0,3
10074,21545,0,3
10234,21545,0,3
10233,21545,0,3
10239,21548,0,3
10398,21548,0,3
10238,21548,0,3
10397,21548,0,3
11357,21558,0,3
11516,21558,0,3
11356,21558,0,3
11515,21558,0,3
10559,21565,1,2
10718,21565,1,2
10877,21565,1,2
10558,21565,1,2
10717,21565,1,2
10876,21565,1,2
10548,21566,0,3
10388,21566,0,3
10547,21566,0,3
10706,21566,0,3
10387,21566,0,3
10546,21566,0,3
10705,21566,0,3
10075,21572,0,3
10074,21572,0,3
10234,21572,0,3
10233,21572,0,3
11515,21576,0,3
11674,21576,0,3
11514,21576,0,3
11673,21576,0,3
11513,21576,0,3
11672,21576,0,3
10400,21588,0,3
10559,21588,0,3
10399,21588,0,3
10558,21588,0,3
11515,21591,0,3
11674,21591,0,3
11355,21591,0,3
11514,21591,0,3
11673,21591,0,3
11513,21591,0,3
11037,21592,0,3
11196,21592,0,3
11355,21592,0,3
11036,21592,0,3
11195,21592,0,3
11354,21592,0,3
9285,21596,0,3
9444,21596,0,3
9284,21596,0,3
9443,21596,0,3
10719,21597,1,2
10559,21597,1,2
10718,21597,1,2
10877,21597,1,2
10558,21597,1,2
10717,21597,1,2
9286,21598,0,3
9445,21598,0,3
9285,21598,0,3
9444,21598,0,3
9284,21598,0,3
9443,21598,0,3
10080,21600,0,3
10239,21600,0,3
10398,21600,0,3
10079,21600,0,3
10238,21600,0,3
10397,21600,0,3
10560,21603,0,3
10400,21603,0,3
10559,21603,0,3
10718,21603,0,3
10399,21603,0,3
10558,21603,0,3
10717,21603,0,3
11037,21605,0,3
11196,21605,0,3
10878,21605,0,3
10877,21605,0,3
11036,21605,0,3
11195,21605,0,3
9444,21606,0,3
9603,21606,0,3
9443,21606,0,3
9602,21606,0,3
11037,21614,0,3
11196,21614,0,3
11036,21614,0,3
11195,21614,0,3
10388,21621,0,3
10547,21621,0,3
10706,21621,0,3
10387,21621,0,3
10546,21621,0,3
10705,21621,0,3
10711,21647,0,3
10870,21647,0,3
10710,21647,0,3
10869,21647,0,3
10400,21656,0,3
10559,21656,0,3
10399,21656,0,3
10558,21656,0,3
10081,21658,0,3
10240,21658,0,3
10080,21658,0,3
10239,21658,0,3
10079,21658,0,3
10238,21658,0,3
10081,21659,0,3
10240,21659,0,3
10399,21659,0,3
10080,21659,0,3
10239,21659,0,3
10398,21659,0,3
11519,21661,0,3
11359,21661,0,3
11518,21661,0,3
11677,21661,0,3
11358,21661,0,3
11517,21661,0,3
11676,21661,0,3
10235,21669,0,3
10076,21669,0,3
9916,21669,0,3
10075,21669,0,3
10074,21669,0,3
10234,21669,0,3
10233,21669,0,3
10877,21671,0,3
10876,21671,0,3
11036,21671,0,3
11195,21671,0,3
11035,21671,0,3
11194,21671,0,3
10877,21677,0,3
10876,21677,0,3
11036,21677,0,3
11035,21677,0,3
11194,21677,0,3
11034,21677,0,3
10266,21689,0,3
10425,21689,0,3
10265,21689,0,3
10424,21689,0,3
10427,21690,0,3
10267,21690,0,3
10426,21690,0,3
10585,21690,0,3
10425,21690,0,3
10584,21690,0,3
10267,21707,0,3
10426,21707,0,3
10266,21707,0,3
10425,21707,0,3
10107,21712,1,2
10106,21712,1,2
9948,21712,1,2
9947,21712,1,2
10425,21714,0,3
10584,21714,0,3
10424,21714,0,3
10583,21714,0,3
10423,21714,0,3
10582,21714,0,3
10268,21715,0,3
10427,21715,0,3
10267,21715,0,3
10426,21715,0,3
10266,21715,0,3
10425,21715,0,3
10425,21717,0,3
10265,21717,0,3
10424,21717,0,3
10583,21717,0,3
10264,21717,0,3
10423,21717,0,3
10108,21724,0,3
10267,21724,0,3
10107,21724,0,3
10266,21724,0,3
10106,21724,0,3
10265,21724,0,3
10109,21729,0,3
10268,21729,0,3
10108,21729,0,3
10267,21729,0,3
10426,21729,0,3
10107,21729,0,3
10266,21729,0,3
10108,21734,0,3
10267,21734,0,3
10107,21734,0,3
10266,21734,0,3
10267,21735,0,3
10426,21735,0,3
10266,21735,0,3
10425,21735,0,3
10584,21735,0,3
10265,21735,0,3
10424,21735,0,3
10107,21736,0,3
10266,21736,0,3
10106,21736,0,3
10265,21736,0,3
9948,21736,0,3
9947,21736,0,3
10108,21738,0,3
10107,21738,0,3
10266,21738,0,3
10106,21738,0,3
10265,21738,0,3
9948,21738,0,3
9947,21738,0,3
10106,21743,0,3
9947,21743,0,3
10105,21743,0,3
9946,21743,0,3
10266,21744,0,3
10425,21744,0,3
10265,21744,0,3
10424,21744,0,3
10267,21745,0,3
10426,21745,0,3
10266,21745,0,3
10425,21745,0,3
10427,21746,0,3
10586,21746,0,3
10267,21746,0,3
10426,21746,0,3
10585,21746,0,3
10425,21746,0,3
10584,21746,0,3
10108,21749,0,3
9791,21749,0,3
9950,21749,0,3
9790,21749,0,3
9949,21749,0,3
9789,21749,0,3
9948,21749,0,3
10267,21752,0,3
10426,21752,0,3
10266,21752,0,3
10425,21752,0,3
10267,21753,0,3
10426,21753,0,3
10585,21753,0,3
10266,21753,0,3
10425,21753,0,3
10584,21753,0,3
10266,21754,0,3
10425,21754,0,3
10265,21754,0,3
10424,21754,0,3
10583,21754,0,3
10264,21754,0,3
10423,21754,0,3
10425,21755,0,3
10584,21755,0,3
10424,21755,0,3
10583,21755,0,3
10267,21756,0,3
10426,21756,0,3
10266,21756,0,3
10425,21756,0,3
9788,21759,2,1
9947,21759,2,1
9787,21759,2,1
9946,21759,2,1
10267,21764,0,3
10107,21764,0,3
10266,21764,0,3
10425,21764,0,3
10106,21764,0,3
10265,21764,0,3
10424,21764,0,3
10108,21767,0,3
9949,21767,0,3
10107,21767,0,3
10106,21767,0,3
9948,21767,0,3
9947,21767,0,3
10108,21775,0,3
10267,21775,0,3
10107,21775,0,3
10266,21775,0,3
10106,21775,0,3
10265,21775,0,3
9791,21778,0,3
9950,21778,0,3
9790,21778,0,3
9949,21778,0,3
10107,21779,0,3
10266,21779,0,3
10106,21779,0,3
10265,21779,0,3
10108,21780,0,3
10267,21780,0,3
10107,21780,0,3
10266,21780,0,3
10106,21780,0,3
9948,21780,0,3
10426,21785,0,3
10585,21785,0,3
10425,21785,0,3
10584,21785,0,3
10424,21785,0,3
10583,21785,0,3
10107,21788,1,2
10266,21788,1,2
10106,21788,1,2
10265,21788,1,2
10108,21796,0,3
10267,21796,0,3
10426,21796,0,3
10107,21796,0,3
10266,21796,0,3
10425,21796,0,3
10265,21796,0,3
10426,21798,0,3
10585,21798,0,3
10425,21798,0,3
10584,21798,0,3
10424,21798,0,3
10583,21798,0,3
10108,21801,0,3
10267,21801,0,3
10107,21801,0,3
10266,21801,0,3
10108,21811,0,3
10267,21811,0,3
10107,21811,0,3
10266,21811,0,3
10267,21812,0,3
10426,21812,0,3
10107,21812,0,3
10266,21812,0,3
10425,21812,0,3
10265,21812,0,3
10424,21812,0,3
10268,21814,0,3
10427,21814,0,3
10108,21814,0,3
10267,21814,0,3
10426,21814,0,3
10266,21814,0,3
10425,21814,0,3
10108,21815,0,3
10267,21815,0,3
10426,21815,0,3
10107,21815,0,3
10266,21815,0,3
10425,21815,0,3
9629,21821,2,1
9788,21821,2,1
9947,21821,2,1
9628,21821,2,1
9787,21821,2,1
9946,21821,2,1
10267,21826,0,3
10426,21826,0,3
10266,21826,0,3
10425,21826,0,3
10106,21827,1,2
9947,21827,1,2
10105,21827,1,2
9787,21827,1,2
9946,21827,1,2
10107,21834,0,3
10266,21834,0,3
10106,21834,0,3
10265,21834,0,3
9948,21834,0,3
9947,21834,0,3
10108,21835,0,3
10267,21835,0,3
10426,21835,0,3
10107,21835,0,3
10266,21835,0,3
10425,21835,0,3
10107,21844,0,3
10266,21844,0,3
10106,21844,0,3
10265,21844,0,3
10267,21845,0,3
10426,21845,0,3
10266,21845,0,3
10425,21845,0,3
10265,21845,0,3
10424,21845,0,3
10108,21848,0,3
10267,21848,0,3
10107,21848,0,3
10266,21848,0,3
10266,21850,0,3
10425,21850,0,3
10265,21850,0,3
10424,21850,0,3
10264,21850,0,3
10423,21850,0,3
10107,21851,1,2
10106,21851,1,2
9948,21851,1,2
9947,21851,1,2
10108,21852,0,3
10267,21852,0,3
10426,21852,0,3
10107,21852,0,3
10266,21852,0,3
10425,21852,0,3
10267,21854,0,3
10426,21854,0,3
10266,21854,0,3
10425,21854,0,3
10108,21855,0,3
10267,21855,0,3
10107,21855,0,3
10266,21855,0,3
10106,21855,0,3
10265,21855,0,3
10426,21856,0,3
10585,21856,0,3
10425,21856,0,3
10584,21856,0,3
10424,21856,0,3
10583,21856,0,3
10266,21858,0,3
10425,21858,0,3
10265,21858,0,3
10424,21858,0,3
10264,21858,0,3
10423,21858,0,3
10268,21862,0,3
10427,21862,0,3
10267,21862,0,3
10426,21862,0,3
10266,21862,0,3
10425,21862,0,3
10268,21864,0,3
10427,21864,0,3
10267,21864,0,3
10426,21864,0,3
10266,21864,0,3
10425,21864,0,3
9629,21865,2,1
9788,21865,2,1
9947,21865,2,1
9628,21865,2,1
9787,21865,2,1
9946,21865,2,1
10265,21867,0,3
10424,21867,0,3
10264,21867,0,3
10423,21867,0,3
10107,21870,0,3
10266,21870,0,3
10106,21870,0,3
10265,21870,0,3
10109,21877,0,3
10268,21877,0,3
10108,21877,0,3
10267,21877,0,3
10107,21877,0,3
10266,21877,0,3
10425,21880,0,3
10584,21880,0,3
10424,21880,0,3
10583,21880,0,3
10108,21881,0,3
10267,21881,0,3
10426,21881,0,3
10107,21881,0,3
10266,21881,0,3
10425,21881,0,3
9788,21883,2,1
9947,21883,2,1
9787,21883,2,1
9946,21883,2,1
10268,21886,0,3
10427,21886,0,3
10267,21886,0,3
10426,21886,0,3
10266,21886,0,3
10425,21886,0,3
10106,21887,0,3
9788,21887,0,3
9947,21887,0,3
10105,21887,0,3
9787,21887,0,3
9946,21887,0,3
10106,21889,0,3
9788,21889,0,3
9947,21889,0,3
10105,21889,0,3
9787,21889,0,3
9946,21889,0,3
10108,21890,0,3
10267,21890,0,3
10426,21890,0,3
10107,21890,0,3
10266,21890,0,3
10425,21890,0,3
10267,21891,0,3
10426,21891,0,3
10266,21891,0,3
10425,21891,0,3
10265,21891,0,3
10424,21891,0,3
10267,21895,0,3
10426,21895,0,3
10585,21895,0,3
10266,21895,0,3
10425,21895,0,3
10584,21895,0,3
10107,21897,0,3
10266,21897,0,3
10425,21897,0,3
10106,21897,0,3
10265,21897,0,3
10424,21897,0,3
10108,21900,0,3
10107,21900,0,3
10266,21900,0,3
10106,21900,0,3
10265,21900,0,3
9948,21900,0,3
9947,21900,0,3
10107,21901,0,3
10266,21901,0,3
10106,21901,0,3
10265,21901,0,3
10426,21905,0,3
10585,21905,0,3
10425,21905,0,3
10584,21905,0,3
10106,21906,0,3
9947,21906,0,3
10105,21906,0,3
9946,21906,0,3
10107,21913,0,3
10266,21913,0,3
10106,21913,0,3
10265,21913,0,3
9948,21913,0,3
9947,21913,0,3
10106,21915,0,3
9788,21915,0,3
9947,21915,0,3
10105,21915,0,3
9787,21915,0,3
9946,21915,0,3
10266,21917,0,3
10425,21917,0,3
10265,21917,0,3
10424,21917,0,3
10264,21917,0,3
10423,21917,0,3
10266,21926,0,3
10425,21926,0,3
10584,21926,0,3
10265,21926,0,3
10424,21926,0,3
9790,21927,0,3
9949,21927,0,3
9789,21927,0,3
9948,21927,0,3
9788,21927,0,3
9947,21927,0,3
10267,21929,0,3
10426,21929,0,3
10266,21929,0,3
10425,21929,0,3
10265,21929,0,3
10424,21929,0,3
9945,21934,0,3
10106,21934,0,3
9947,21934,0,3
10105,21934,0,3
9946,21934,0,3
10106,21935,0,3
9947,21935,0,3
10105,21935,0,3
9946,21935,0,3
10108,21936,1,2
9790,21936,1,2
9949,21936,1,2
10107,21936,1,2
9789,21936,1,2
9948,21936,1,2
10266,21938,2,1
10425,21938,2,1
10106,21938,2,1
10265,21938,2,1
10424,21938,2,1
10264,21938,2,1
10423,21938,2,1
10267,21939,0,3
10426,21939,0,3
10266,21939,0,3
10425,21939,0,3
10265,21939,0,3
10424,21939,0,3
10267,21941,0,3
10426,21941,0,3
10107,21941,0,3
10266,21941,0,3
10425,21941,0,3
10265,21941,0,3
10424,21941,0,3
10108,21945,0,3
9949,21945,0,3
10107,21945,0,3
10106,21945,0,3
9948,21945,0,3
9947,21945,0,3
10108,21951,0,3
10267,21951,0,3
10107,21951,0,3
10266,21951,0,3
10267,21953,0,3
10426,21953,0,3
10266,21953,0,3
10425,21953,0,3
10584,21953,0,3
10265,21953,0,3
10424,21953,0,3
10267,21955,0,3
10426,21955,0,3
10266,21955,0,3
10425,21955,0,3
10106,21957,0,3
9947,21957,0,3
10105,21957,0,3
9946,21957,0,3
10108,21965,0,3
10267,21965,0,3
10107,21965,0,3
10266,21965,0,3
10106,21965,0,3
9948,21965,0,3
10106,21966,0,3
9947,21966,0,3
10105,21966,0,3
9946,21966,0,3
10581,21968,0,3
10740,21968,0,3
10580,21968,0,3
10739,21968,0,3
10582,21968,0,3
10741,21968,0,3
10422,21968,0,3
10581,21971,1,2
10421,21971,1,2
10580,21971,1,2
10422,21971,1,2
10581,21974,2,1
10740,21974,2,1
10582,21974,2,1
10741,21974,2,1
10580,21975,1,2
10739,21975,1,2
10579,21975,1,2
10738,21975,1,2
10740,21978,0,3
10741,21978,0,3
10900,21978,0,3
10899,21978,0,3
10581,21979,0,3
10740,21979,0,3
10421,21979,0,3
10580,21979,0,3
10739,21979,0,3
10422,21979,0,3
10581,21980,2,1
10740,21980,2,1
10580,21980,2,1
10739,21980,2,1
10581,21984,0,3
10424,21984,0,3
10583,21984,0,3
10423,21984,0,3
10582,21984,0,3
10422,21984,0,3
10262,21985,0,3
10421,21985,0,3
10261,21985,0,3
10420,21985,0,3
10581,21986,0,3
10740,21986,0,3
10421,21986,0,3
10580,21986,0,3
10739,21986,0,3
10582,21986,0,3
10422,21986,0,3
10897,21989,1,2
11056,21989,1,2
10738,21989,1,2
10737,21989,1,2
10896,21989,1,2
11055,21989,1,2
10105,22000,0,3
10264,22000,0,3
10104,22000,0,3
10263,22000,0,3
10580,22006,2,1
10739,22006,2,1
10579,22006,2,1
10738,22006,2,1
10578,22006,2,1
10737,22006,2,1
10105,22010,2,1
10264,22010,2,1
10104,22010,2,1
10263,22010,2,1
10897,22016,0,3
11056,22016,0,3
10896,22016,0,3
11055,22016,0,3
11214,22016,0,3
10265,22019,0,3
10105,22019,0,3
10264,22019,0,3
10423,22019,0,3
10104,22019,0,3
10263,22019,0,3
10422,22019,0,3
10103,22022,0,3
10262,22022,0,3
10102,22022,0,3
10261,22022,0,3
10581,22028,0,3
10740,22028,0,3
10421,22028,0,3
10580,22028,0,3
10739,22028,0,3
10579,22028,0,3
10422,22028,0,3
10581,22029,0,3
10740,22029,0,3
10580,22029,0,3
10739,22029,0,3
10580,22032,2,1
10739,22032,2,1
10898,22032,2,1
10897,22032,2,1
10579,22032,2,1
10738,22032,2,1
10737,22032,2,1
10421,22036,2,1
10580,22036,2,1
10739,22036,2,1
10420,22036,2,1
10579,22036,2,1
10738,22036,2,1
10578,22036,2,1
10581,22040,2,1
10740,22040,2,1
10580,22040,2,1
10739,22040,2,1
10103,22047,0,3
10262,22047,0,3
10421,22047,0,3
10102,22047,0,3
10261,22047,0,3
10420,22047,0,3
10581,22052,0,3
10423,22052,0,3
10582,22052,0,3
10422,22052,0,3
10580,22053,0,3
10739,22053,0,3
10579,22053,0,3
10738,22053,0,3
10419,22058,1,2
10578,22058,1,2
10418,22058,1,2
10577,22058,1,2
10740,22059,0,3
10741,22059,0,3
10900,22059,0,3
10899,22059,0,3
10897,22061,0,3
10579,22061,0,3
10738,22061,0,3
10578,22061,0,3
10737,22061,0,3
10896,22061,0,3
10102,22062,0,3
10261,22062,0,3
10420,22062,0,3
10101,22062,0,3
10260,22062,0,3
10419,22062,0,3
10262,22066,2,1
10421,22066,2,1
10261,22066,2,1
10420,22066,2,1
10263,22066,2,1
10422,22066,2,1
10581,22073,2,1
10740,22073,2,1
10580,22073,2,1
10739,22073,2,1
10103,22074,0,3
10262,22074,0,3
10102,22074,0,3
10261,22074,0,3
10260,22077,0,3
10419,22077,0,3
10259,22077,0,3
10418,22077,0,3
10577,22077,0,3
10417,22077,0,3
10740,22078,2,1
10898,22078,2,1
10741,22078,2,1
10900,22078,2,1
11059,22078,2,1
10899,22078,2,1
11058,22078,2,1
11055,22082,0,3
11214,22082,0,3
11054,22082,0,3
11213,22082,0,3
10740,22083,2,1
10739,22083,2,1
10898,22083,2,1
10897,22083,2,1
10738,22083,2,1
10899,22083,2,1
10898,22086,0,3
11057,22086,0,3
10897,22086,0,3
11056,22086,0,3
10896,22086,0,3
11055,22086,0,3
10103,22088,0,3
10262,22088,0,3
10102,22088,0,3
10261,22088,0,3
10101,22088,0,3
10260,22088,0,3
10740,22090,2,1
10739,22090,2,1
10898,22090,2,1
11057,22090,2,1
10899,22090,2,1
11058,22090,2,1
10897,22092,0,3
11056,22092,0,3
10896,22092,0,3
11055,22092,0,3
10103,22093,0,3
10262,22093,0,3
10102,22093,0,3
10261,22093,0,3
10420,22093,0,3
10260,22093,0,3
10264,22094,2,1
10423,22094,2,1
10263,22094,2,1
10422,22094,2,1
10739,22095,0,3
10898,22095,0,3
11057,22095,0,3
10897,22095,0,3
11056,22095,0,3
10738,22095,0,3
10739,22096,0,3
10898,22096,0,3
11057,22096,0,3
10897,22096,0,3
11056,22096,0,3
10738,22096,0,3
10896,22096,0,3
10261,22098,0,3
10420,22098,0,3
10260,22098,0,3
10419,22098,0,3
10259,22098,0,3
10418,22098,0,3
10103,22099,0,3
10262,22099,0,3
10102,22099,0,3
10261,22099,0,3
10581,22100,0,3
10740,22100,0,3
10739,22100,0,3
10582,22100,0,3
10741,22100,0,3
10900,22100,0,3
10899,22100,0,3
10740,22101,2,1
10739,22101,2,1
10898,22101,2,1
10897,22101,2,1
10738,22101,2,1
10899,22101,2,1
10105,22102,2,1
10264,22102,2,1
10104,22102,2,1
10263,22102,2,1
10739,22103,2,1
10898,22103,2,1
10897,22103,2,1
10738,22103,2,1
10581,22104,0,3
10424,22104,0,3
10264,22104,0,3
10423,22104,0,3
10582,22104,0,3
10422,22104,0,3
10421,22106,1,2
10580,22106,1,2
10739,22106,1,2
10420,22106,1,2
10579,22106,1,2
10738,22106,1,2
10102,22108,0,3
10261,22108,0,3
10420,22108,0,3
10101,22108,0,3
10260,22108,0,3
10419,22108,0,3
10259,22108,0,3
10739,22109,2,1
10898,22109,2,1
10897,22109,2,1
10738,22109,2,1
10581,22111,1,2
10421,22111,1,2
10580,22111,1,2
10422,22111,1,2
10740,22112,2,1
10580,22112,2,1
10739,22112,2,1
10898,22112,2,1
10579,22112,2,1
10738,22112,2,1
10581,22113,2,1
10740,22113,2,1
10580,22113,2,1
10739,22113,2,1
10582,22113,2,1
10741,22113,2,1
10265,22115,0,3
10424,22115,0,3
10583,22115,0,3
10264,22115,0,3
10423,22115,0,3
10582,22115,0,3
10422,22115,0,3
10739,22121,2,1
10898,22121,2,1
11057,22121,2,1
10899,22121,2,1
11058,22121,2,1
10580,22123,2,1
10739,22123,2,1
10898,22123,2,1
10897,22123,2,1
10579,22123,2,1
10738,22123,2,1
10105,22124,0,3
10264,22124,0,3
10423,22124,0,3
10104,22124,0,3
10263,22124,0,3
10260,22126,0,3
10419,22126,0,3
10259,22126,0,3
10418,22126,0,3
10580,22128,2,1
10739,22128,2,1
10579,22128,2,1
10738,22128,2,1
10579,22129,2,1
10738,22129,2,1
10578,22129,2,1
10737,22129,2,1
10262,22130,0,3
10421,22130,0,3
10261,22130,0,3
10420,22130,0,3
10260,22130,0,3
10419,22130,0,3
10261,22131,0,3
10101,22131,0,3
10260,22131,0,3
10419,22131,0,3
10259,22131,0,3
10418,22131,0,3
10581,22135,0,3
10740,22135,0,3
10580,22135,0,3
10739,22135,0,3
10739,22137,2,1
10898,22137,2,1
11057,22137,2,1
10897,22137,2,1
10899,22137,2,1
11058,22137,2,1
10581,22139,0,3
10740,22139,0,3
10421,22139,0,3
10580,22139,0,3
10739,22139,0,3
10422,22139,0,3
10898,22140,1,2
10897,22140,1,2
11056,22140,1,2
10738,22140,1,2
10737,22140,1,2
10896,22140,1,2
11055,22140,1,2
10261,22141,0,3
10420,22141,0,3
10260,22141,0,3
10419,22141,0,3
10260,22143,0,3
10419,22143,0,3
10259,22143,0,3
10418,22143,0,3
10258,22143,0,3
10417,22143,0,3
10265,22144,0,3
10424,22144,0,3
10583,22144,0,3
10264,22144,0,3
10423,22144,0,3
10582,22144,0,3
10265,22148,0,3
10424,22148,0,3
10264,22148,0,3
10423,22148,0,3
10263,22148,0,3
10422,22148,0,3
10581,22149,2,1
10740,22149,2,1
10423,22149,2,1
10582,22149,2,1
10741,22149,2,1
10422,22149,2,1
10581,22150,0,3
10421,22150,0,3
10580,22150,0,3
10423,22150,0,3
10582,22150,0,3
10422,22150,0,3
10265,22153,0,3
10424,22153,0,3
10264,22153,0,3
10423,22153,0,3
10263,22153,0,3
10422,22153,0,3
10581,22159,2,1
10424,22159,2,1
10583,22159,2,1
10423,22159,2,1
10582,22159,2,1
10741,22159,2,1
10898,22164,0,3
11057,22164,0,3
10897,22164,0,3
11056,22164,0,3
10419,22166,0,3
10259,22166,0,3
10418,22166,0,3
10258,22166,0,3
10417,22166,0,3
10424,22167,0,3
10583,22167,0,3
10423,22167,0,3
10582,22167,0,3
10422,22167,0,3
10740,22168,0,3
10741,22168,0,3
10900,22168,0,3
11059,22168,0,3
10899,22168,0,3
11058,22168,0,3
10581,22171,2,1
10421,22171,2,1
10580,22171,2,1
10422,22171,2,1
10898,22172,0,3
11057,22172,0,3
10897,22172,0,3
11056,22172,0,3
10580,22176,2,1
10739,22176,2,1
10898,22176,2,1
10897,22176,2,1
10579,22176,2,1
10738,22176,2,1
10740,22177,2,1
10739,22177,2,1
10898,22177,2,1
10897,22177,2,1
10738,22177,2,1
10899,22177,2,1
11055,22179,0,3
11214,22179,0,3
11054,22179,0,3
11213,22179,0,3
10260,22182,1,2
10419,22182,1,2
10578,22182,1,2
10259,22182,1,2
10418,22182,1,2
10577,22182,1,2
10740,22186,0,3
10741,22186,0,3
10900,22186,0,3
10899,22186,0,3
10421,22187,0,3
10261,22187,0,3
10420,22187,0,3
10579,22187,0,3
10260,22187,0,3
10419,22187,0,3
10102,22190,0,3
10261,22190,0,3
10420,22190,0,3
10101,22190,0,3
10260,22190,0,3
10419,22190,0,3
10262,22192,0,3
10421,22192,0,3
10261,22192,0,3
10420,22192,0,3
10261,22193,0,3
10420,22193,0,3
10260,22193,0,3
10419,22193,0,3
10740,22194,2,1
10739,22194,2,1
10898,22194,2,1
11057,22194,2,1
10900,22194,2,1
10899,22194,2,1
11058,22194,2,1
10581,22195,0,3
10424,22195,0,3
10583,22195,0,3
10423,22195,0,3
10582,22195,0,3
10422,22195,0,3
10581,22198,2,1
10740,22198,2,1
10583,22198,2,1
10423,22198,2,1
10582,22198,2,1
10741,22198,2,1
10422,22198,2,1
11056,22204,0,3
11215,22204,0,3
11055,22204,0,3
11214,22204,0,3
11054,22204,0,3
11213,22204,0,3
10103,22210,0,3
10262,22210,0,3
10102,22210,0,3
10261,22210,0,3
10261,22219,1,2
10420,22219,1,2
10260,22219,1,2
10419,22219,1,2
10259,22219,1,2
10418,22219,1,2
10261,22221,0,3
10420,22221,0,3
10260,22221,0,3
10419,22221,0,3
10261,22223,0,3
10420,22223,0,3
10260,22223,0,3
10419,22223,0,3
10739,22224,2,1
10898,22224,2,1
10897,22224,2,1
11056,22224,2,1
10738,22224,2,1
10737,22224,2,1
10896,22224,2,1
10420,22225,2,1
10579,22225,2,1
10260,22225,2,1
10419,22225,2,1
10578,22225,2,1
10739,22227,2,1
10898,22227,2,1
10897,22227,2,1
10738,22227,2,1
10581,22228,0,3
10424,22228,0,3
10583,22228,0,3
10423,22228,0,3
10582,22228,0,3
10422,22228,0,3
10260,22229,0,3
10419,22229,0,3
10259,22229,0,3
10418,22229,0,3
10103,22232,1,2
10262,22232,1,2
10102,22232,1,2
10261,22232,1,2
10897,22234,1,2
11056,22234,1,2
10738,22234,1,2
10737,22234,1,2
10896,22234,1,2
11055,22234,1,2
10740,22238,0,3
10741,22238,0,3
10900,22238,0,3
10899,22238,0,3
10897,22239,0,3
11056,22239,0,3
10896,22239,0,3
11055,22239,0,3
10895,22239,0,3
11054,22239,0,3
10581,22246,2,1
10740,22246,2,1
10582,22246,2,1
10741,22246,2,1
10740,22247,2,1
10739,22247,2,1
10898,22247,2,1
10741,22247,2,1
10900,22247,2,1
10899,22247,2,1
10897,22249,0,3
11056,22249,0,3
10896,22249,0,3
11055,22249,0,3
10898,22251,0,3
11057,22251,0,3
10897,22251,0,3
11056,22251,0,3
10896,22251,0,3
11055,22251,0,3
10581,22253,2,1
10740,22253,2,1
10423,22253,2,1
10582,22253,2,1
10741,22253,2,1
10422,22253,2,1
10419,22256,1,2
10578,22256,1,2
10418,22256,1,2
10577,22256,1,2
10580,22258,2,1
10739,22258,2,1
10579,22258,2,1
10738,22258,2,1
10578,22258,2,1
10737,22258,2,1
10265,22264,0,3
10424,22264,0,3
10264,22264,0,3
10423,22264,0,3
10581,22269,2,1
10740,22269,2,1
10580,22269,2,1
10739,22269,2,1
10581,22270,0,3
10740,22270,0,3
10580,22270,0,3
10739,22270,0,3
10579,22270,0,3
10738,22270,0,3
10740,22273,0,3
10741,22273,0,3
10900,22273,0,3
11059,22273,0,3
10899,22273,0,3
11058,22273,0,3
10581,22278,2,1
10740,22278,2,1
10580,22278,2,1
10739,22278,2,1
10898,22278,2,1
10579,22278,2,1
10738,22278,2,1
10260,22288,0,3
10419,22288,0,3
10259,22288,0,3
10418,22288,0,3
10740,22297,2,1
10739,22297,2,1
10898,22297,2,1
11057,22297,2,1
10899,22297,2,1
11058,22297,2,1
10421,22300,2,1
10580,22300,2,1
10739,22300,2,1
10420,22300,2,1
10579,22300,2,1
10738,22300,2,1
10265,22304,0,3
10424,22304,0,3
10264,22304,0,3
10423,22304,0,3
10263,22304,0,3
10422,22304,0,3
20117,22312,2,1
19957,22312,2,1
20116,22312,2,1
20275,22312,2,1
20115,22312,2,1
20274,22312,2,1
19965,22321,0,3
20124,22321,0,3
19964,22321,0,3
20123,22321,0,3
19964,22326,0,3
20123,22326,0,3
19963,22326,0,3
20122,22326,0,3
19964,22331,0,3
20123,22331,0,3
20282,22331,0,3
19963,22331,0,3
20122,22331,0,3
20281,22331,0,3
19483,22332,0,3
19642,22332,0,3
19482,22332,0,3
19641,22332,0,3
19481,22332,0,3
19640,22332,0,3
19483,22345,0,3
19642,22345,0,3
19482,22345,0,3
19641,22345,0,3
19486,22352,0,3
19645,22352,0,3
19485,22352,0,3
19644,22352,0,3
19799,22353,0,3
19958,22353,0,3
19957,22353,0,3
19956,22353,0,3
19798,22353,0,3
19797,22353,0,3
8507,22357,0,3
8666,22357,0,3
8506,22357,0,3
8665,22357,0,3
19646,22365,0,3
19486,22365,0,3
19645,22365,0,3
19804,22365,0,3
19803,22365,0,3
19485,22365,0,3
19644,22365,0,3
8983,22366,0,3
8823,22366,0,3
8982,22366,0,3
9141,22366,0,3
8822,22366,0,3
8981,22366,0,3
9140,22366,0,3
8350,22367,2,1
8509,22367,2,1
8668,22367,2,1
8349,22367,2,1
8508,22367,2,1
8667,22367,2,1
8507,22371,0,3
8666,22371,0,3
8506,22371,0,3
8665,22371,0,3
8823,22388,0,3
8982,22388,0,3
9141,22388,0,3
8822,22388,0,3
8981,22388,0,3
9140,22388,0,3
8505,22393,0,3
8664,22393,0,3
8823,22393,0,3
8504,22393,0,3
8663,22393,0,3
8822,22393,0,3
8508,22410,2,1
8667,22410,2,1
8507,22410,2,1
8666,22410,2,1
8348,22427,0,3
8507,22427,0,3
8347,22427,0,3
8506,22427,0,3
8346,22427,0,3
8505,22427,0,3
8350,22429,0,3
8509,22429,0,3
8349,22429,0,3
8508,22429,0,3
19481,22431,2,1
19640,22431,2,1
19799,22431,2,1
19480,22431,2,1
19639,22431,2,1
19798,22431,2,1
19957,22440,0,3
19956,22440,0,3
19639,22440,0,3
19798,22440,0,3
19638,22440,0,3
19797,22440,0,3
19640,22445,0,3
19799,22445,0,3
19639,22445,0,3
19798,22445,0,3
19638,22445,0,3
19797,22445,0,3
8823,22454,0,3
8982,22454,0,3
9141,22454,0,3
8822,22454,0,3
8981,22454,0,3
9140,22454,0,3
8824,22458,0,3
8983,22458,0,3
8823,22458,0,3
8982,22458,0,3
8822,22458,0,3
8981,22458,0,3
19958,22465,2,1
20117,22465,2,1
19957,22465,2,1
20116,22465,2,1
19956,22465,2,1
20115,22465,2,1
19159,22466,0,3
19318,22466,0,3
19317,22466,0,3
19316,22466,0,3
19158,22466,0,3
19157,22466,0,3
8665,22467,1,2
8824,22467,1,2
8664,22467,1,2
8823,22467,1,2
8982,22467,1,2
8663,22467,1,2
8822,22467,1,2
8505,22469,0,3
8664,22469,0,3
8823,22469,0,3
8504,22469,0,3
8663,22469,0,3
8822,22469,0,3
8663,22483,0,3
8822,22483,0,3
8981,22483,0,3
8662,22483,0,3
8821,22483,0,3
8980,22483,0,3
8823,22488,0,3
8982,22488,0,3
8822,22488,0,3
8981,22488,0,3
8664,22499,0,3
8823,22499,0,3
8663,22499,0,3
8822,22499,0,3
8350,22501,0,3
8349,22501,0,3
8191,22501,0,3
8190,22501,0,3
8349,22502,1,2
8190,22502,1,2
8189,22502,1,2
8188,22502,1,2
8348,22502,1,2
8347,22502,1,2
19483,22514,0,3
19642,22514,0,3
19801,22514,0,3
19482,22514,0,3
19641,22514,0,3
19800,22514,0,3
8663,22528,0,3
8822,22528,0,3
8662,22528,0,3
8821,22528,0,3
8663,22530,0,3
8822,22530,0,3
8662,22530,0,3
8821,22530,0,3
8505,22536,0,3
8664,22536,0,3
8823,22536,0,3
8504,22536,0,3
8663,22536,0,3
8822,22536,0,3
8823,22540,0,3
8982,22540,0,3
8822,22540,0,3
8981,22540,0,3
8664,22546,0,3
8823,22546,0,3
8663,22546,0,3
8822,22546,0,3
8349,22553,2,1
8508,22553,2,1
8348,22553,2,1
8507,22553,2,1
8664,22556,0,3
8823,22556,0,3
8663,22556,0,3
8822,22556,0,3
8662,22556,0,3
8821,22556,0,3
20593,22557,0,3
20592,22557,0,3
20751,22557,0,3
20591,22557,0,3
20750,22557,0,3
8665,22561,0,3
8824,22561,0,3
8664,22561,0,3
8823,22561,0,3
8663,22561,0,3
8822,22561,0,3
19483,22565,0,3
19642,22565,0,3
19482,22565,0,3
19641,22565,0,3
8349,22566,2,1
8190,22566,2,1
8189,22566,2,1
8348,22566,2,1
8507,22566,2,1
8664,22568,0,3
8823,22568,0,3
8663,22568,0,3
8822,22568,0,3
8350,22569,0,3
8509,22569,0,3
8349,22569,0,3
8508,22569,0,3
19803,22585,2,1
19644,22585,2,1
19643,22585,2,1
19802,22585,2,1
8824,22593,0,3
8983,22593,0,3
8664,22593,0,3
8823,22593,0,3
8982,22593,0,3
8822,22593,0,3
8981,22593,0,3
8348,22599,0,3
8507,22599,0,3
8347,22599,0,3
8506,22599,0,3
8665,22599,0,3
8346,22599,0,3
8505,22599,0,3
20117,22601,2,1
20276,22601,2,1
19957,22601,2,1
20116,22601,2,1
20275,22601,2,1
20115,22601,2,1
18047,22605,0,3
18206,22605,0,3
18046,22605,0,3
18205,22605,0,3
19799,22609,0,3
19958,22609,0,3
20117,22609,0,3
19957,22609,0,3
20116,22609,0,3
19798,22609,0,3
8350,22616,2,1
8349,22616,2,1
8508,22616,2,1
8348,22616,2,1
8507,22616,2,1
8347,22641,0,3
8506,22641,0,3
8665,22641,0,3
8346,22641,0,3
8505,22641,0,3
8664,22641,0,3
8504,22641,0,3
21067,22654,0,3
21226,22654,0,3
21385,22654,0,3
21066,22654,0,3
21225,22654,0,3
21384,22654,0,3
8664,22655,0,3
8823,22655,0,3
8504,22655,0,3
8663,22655,0,3
8822,22655,0,3
8662,22655,0,3
8821,22655,0,3
19963,22665,0,3
20122,22665,0,3
19962,22665,0,3
20121,22665,0,3
19483,22669,0,3
19642,22669,0,3
19801,22669,0,3
19482,22669,0,3
19641,22669,0,3
19800,22669,0,3
19487,22670,0,3
19646,22670,0,3
19486,22670,0,3
19645,22670,0,3
19485,22670,0,3
19644,22670,0,3
8350,22671,1,2
8509,22671,1,2
8349,22671,1,2
8508,22671,1,2
8348,22671,1,2
8507,22671,1,2
19962,22673,0,3
20121,22673,0,3
19961,22673,0,3
20120,22673,0,3
20592,22675,0,3
20751,22675,0,3
20591,22675,0,3
20750,22675,0,3
20749,22675,0,3
8506,22678,2,1
8665,22678,2,1
8824,22678,2,1
8505,22678,2,1
8664,22678,2,1
8823,22678,2,1
19485,22681,0,3
19644,22681,0,3
19484,22681,0,3
19643,22681,0,3
19483,22681,0,3
19642,22681,0,3
19327,22683,0,3
19486,22683,0,3
19326,22683,0,3
19485,22683,0,3
18048,22684,0,3
18207,22684,0,3
18047,22684,0,3
18206,22684,0,3
18046,22684,0,3
18205,22684,0,3
8506,22700,0,3
8665,22700,0,3
8505,22700,0,3
8664,22700,0,3
8504,22700,0,3
8663,22700,0,3
19646,22702,0,3
19645,22702,0,3
19805,22702,0,3
19804,22702,0,3
19803,22702,0,3
19644,22702,0,3
8350,22704,0,3
8349,22704,0,3
8191,22704,0,3
8190,22704,0,3
8189,22704,0,3
8348,22704,0,3
8349,22705,2,1
8508,22705,2,1
8190,22705,2,1
8189,22705,2,1
8348,22705,2,1
8507,22705,2,1
19965,22710,0,3
20124,22710,0,3
20283,22710,0,3
19964,22710,0,3
20123,22710,0,3
20282,22710,0,3
19483,22711,0,3
19642,22711,0,3
19482,22711,0,3
19641,22711,0,3
19481,22711,0,3
19640,22711,0,3
8505,22712,0,3
8664,22712,0,3
8504,22712,0,3
8663,22712,0,3
8503,22712,0,3
8662,22712,0,3
8350,22732,0,3
8509,22732,0,3
8349,22732,0,3
8508,22732,0,3
8349,22743,0,3
8190,22743,0,3
8189,22743,0,3
8348,22743,0,3
19803,22746,0,3
19962,22746,0,3
20121,22746,0,3
19802,22746,0,3
19961,22746,0,3
20120,22746,0,3
8347,22751,0,3
8506,22751,0,3
8665,22751,0,3
8346,22751,0,3
8505,22751,0,3
8664,22751,0,3
8664,22756,0,3
8823,22756,0,3
8663,22756,0,3
8822,22756,0,3
8662,22756,0,3
8821,22756,0,3
19486,22772,0,3
19645,22772,0,3
19485,22772,0,3
19644,22772,0,3
8347,22784,0,3
8506,22784,0,3
8665,22784,0,3
8346,22784,0,3
8505,22784,0,3
8664,22784,0,3
19964,22785,0,3
20123,22785,0,3
19963,22785,0,3
20122,22785,0,3
19962,22785,0,3
20121,22785,0,3
8349,22787,2,1
8508,22787,2,1
8190,22787,2,1
8189,22787,2,1
8348,22787,2,1
8507,22787,2,1
8349,22788,1,2
8190,22788,1,2
8189,22788,1,2
8188,22788,1,2
8348,22788,1,2
8347,22788,1,2
8664,22793,0,3
8823,22793,0,3
8663,22793,0,3
8822,22793,0,3
8982,22797,0,3
9141,22797,0,3
8981,22797,0,3
9140,22797,0,3
19965,22798,0,3
20124,22798,0,3
19964,22798,0,3
20123,22798,0,3
8664,22800,0,3
8823,22800,0,3
8504,22800,0,3
8663,22800,0,3
8822,22800,0,3
19487,22803,0,3
19646,22803,0,3
19486,22803,0,3
19645,22803,0,3
19805,22803,0,3
19804,22803,0,3
20124,22806,0,3
19964,22806,0,3
20123,22806,0,3
19963,22806,0,3
20122,22806,0,3
19480,22812,1,2
19639,22812,1,2
19479,22812,1,2
19638,22812,1,2
19478,22812,1,2
19637,22812,1,2
18048,22815,0,3
18207,22815,0,3
18047,22815,0,3
18206,22815,0,3
18046,22815,0,3
18205,22815,0,3
8349,22823,2,1
8508,22823,2,1
8348,22823,2,1
8507,22823,2,1
19963,22831,0,3
20122,22831,0,3
20281,22831,0,3
19962,22831,0,3
20121,22831,0,3
20280,22831,0,3
8350,22832,0,3
8349,22832,0,3
8191,22832,0,3
8190,22832,0,3
8189,22832,0,3
8348,22832,0,3
19963,22838,0,3
19962,22838,0,3
20121,22838,0,3
19961,22838,0,3
20120,22838,0,3
19962,22843,0,3
20121,22843,0,3
20280,22843,0,3
19961,22843,0,3
20120,22843,0,3
20279,22843,0,3
19159,22845,0,3
19318,22845,0,3
19317,22845,0,3
19316,22845,0,3
19158,22845,0,3
19157,22845,0,3
20592,22849,0,3
20751,22849,0,3
20591,22849,0,3
20750,22849,0,3
8822,22850,0,3
8981,22850,0,3
8821,22850,0,3
8980,22850,0,3
8823,22855,0,3
8982,22855,0,3
8822,22855,0,3
8981,22855,0,3
8821,22855,0,3
8980,22855,0,3
19965,22856,0,3
20124,22856,0,3
20283,22856,0,3
19964,22856,0,3
20123,22856,0,3
20282,22856,0,3
19483,22857,0,3
19642,22857,0,3
19801,22857,0,3
19482,22857,0,3
19641,22857,0,3
19800,22857,0,3
19640,22857,0,3
19963,22862,0,3
20122,22862,0,3
19962,22862,0,3
20121,22862,0,3
19961,22862,0,3
20120,22862,0,3
20122,22872,0,3
20281,22872,0,3
19962,22872,0,3
20121,22872,0,3
20280,22872,0,3
20120,22872,0,3
20279,22872,0,3
21069,22876,0,3
20751,22876,0,3
20910,22876,0,3
20750,22876,0,3
20909,22876,0,3
21068,22876,0,3
19646,22880,0,3
19645,22880,0,3
19805,22880,0,3
19804,22880,0,3
19964,22886,0,3
20123,22886,0,3
19963,22886,0,3
20122,22886,0,3
19000,22889,0,3
19159,22889,0,3
19318,22889,0,3
19317,22889,0,3
18999,22889,0,3
19158,22889,0,3
19157,22889,0,3
21069,22893,0,3
20910,22893,0,3
20909,22893,0,3
21068,22893,0,3
19642,22897,0,3
19801,22897,0,3
19641,22897,0,3
19800,22897,0,3
19640,22897,0,3
19966,22899,0,3
20125,22899,0,3
20284,22899,0,3
19965,22899,0,3
20124,22899,0,3
20283,22899,0,3
20123,22899,0,3
8350,22906,0,3
8509,22906,0,3
8349,22906,0,3
8508,22906,0,3
8190,22906,0,3
8348,22906,0,3
8982,22909,0,3
9141,22909,0,3
8981,22909,0,3
9140,22909,0,3
8980,22909,0,3
9139,22909,0,3
8506,22911,0,3
8665,22911,0,3
8505,22911,0,3
8664,22911,0,3
8504,22911,0,3
8663,22911,0,3
18047,22914,0,3
18206,22914,0,3
18046,22914,0,3
18205,22914,0,3
19965,22918,0,3
20124,22918,0,3
20283,22918,0,3
19964,22918,0,3
20123,22918,0,3
20282,22918,0,3
8507,22919,0,3
8666,22919,0,3
8825,22919,0,3
8506,22919,0,3
8665,22919,0,3
8823,22923,0,3
8982,22923,0,3
9141,22923,0,3
8822,22923,0,3
8981,22923,0,3
9140,22923,0,3
19483,22926,0,3
19642,22926,0,3
19482,22926,0,3
19641,22926,0,3
19800,22926,0,3
19481,22926,0,3
19640,22926,0,3
19327,22927,0,3
19486,22927,0,3
19326,22927,0,3
19485,22927,0,3
8664,22928,0,3
8823,22928,0,3
8663,22928,0,3
8822,22928,0,3
8662,22928,0,3
19959,22935,2,1
20118,22935,2,1
20277,22935,2,1
19958,22935,2,1
20117,22935,2,1
20276,22935,2,1
8664,22944,0,3
8823,22944,0,3
8982,22944,0,3
8663,22944,0,3
8822,22944,0,3
8981,22944,0,3
8821,22944,0,3
18047,22951,0,3
18206,22951,0,3
18046,22951,0,3
18205,22951,0,3
18364,22951,0,3
18204,22951,0,3
19962,22963,0,3
20121,22963,0,3
20280,22963,0,3
19961,22963,0,3
20120,22963,0,3
20279,22963,0,3
20119,22963,0,3
19964,22970,0,3
20123,22970,0,3
19963,22970,0,3
20122,22970,0,3
21067,22978,0,3
21226,22978,0,3
21385,22978,0,3
21225,22978,0,3
21384,22978,0,3
19482,22979,0,3
19641,22979,0,3
19481,22979,0,3
19640,22979,0,3
21069,22980,0,3
20751,22980,0,3
20910,22980,0,3
20750,22980,0,3
20909,22980,0,3
21068,22980,0,3
19963,22984,0,3
20122,22984,0,3
19962,22984,0,3
20121,22984,0,3
19799,22985,1,2
19958,22985,1,2
20117,22985,1,2
19957,22985,1,2
20116,22985,1,2
19798,22985,1,2
18047,22987,0,3
18206,22987,0,3
18046,22987,0,3
18205,22987,0,3
19487,22989,0,3
19646,22989,0,3
19486,22989,0,3
19645,22989,0,3
19805,22989,0,3
19804,22989,0,3
19327,22991,0,3
19486,22991,0,3
19326,22991,0,3
19485,22991,0,3
19963,22992,0,3
20122,22992,0,3
20281,22992,0,3
19962,22992,0,3
20121,22992,0,3
20280,22992,0,3
19964,22995,0,3
20123,22995,0,3
20282,22995,0,3
19963,22995,0,3
20122,22995,0,3
20281,22995,0,3
20121,22996,0,3
20280,22996,0,3
20120,22996,0,3
20279,22996,0,3
20433,23004,0,3
20592,23004,0,3
20751,23004,0,3
20432,23004,0,3
20591,23004,0,3
20750,23004,0,3
19957,23009,1,2
20116,23009,1,2
19956,23009,1,2
20115,23009,1,2
19327,23014,0,3
19486,23014,0,3
19326,23014,0,3
19485,23014,0,3
19325,23014,0,3
19484,23014,0,3
19483,23016,0,3
19642,23016,0,3
19801,23016,0,3
19482,23016,0,3
19641,23016,0,3
19800,23016,0,3
19803,23022,0,3
19485,23022,0,3
19644,23022,0,3
19484,23022,0,3
19643,23022,0,3
19802,23022,0,3
19327,23023,0,3
19486,23023,0,3
19645,23023,0,3
19326,23023,0,3
19485,23023,0,3
19644,23023,0,3
19642,23026,0,3
19801,23026,0,3
19641,23026,0,3
19800,23026,0,3
19317,23030,0,3
19316,23030,0,3
18999,23030,0,3
19158,23030,0,3
18998,23030,0,3
19157,23030,0,3
21069,23033,0,3
20910,23033,0,3
20909,23033,0,3
21068,23033,0,3
19326,23042,0,3
19485,23042,0,3
19325,23042,0,3
19484,23042,0,3
18047,23044,0,3
18206,23044,0,3
18046,23044,0,3
18205,23044,0,3
18364,23044,0,3
18204,23044,0,3
19642,23049,0,3
19801,23049,0,3
19641,23049,0,3
19800,23049,0,3
19803,23051,0,3
19962,23051,0,3
20121,23051,0,3
19802,23051,0,3
19961,23051,0,3
20120,23051,0,3
19964,23055,0,3
20123,23055,0,3
19963,23055,0,3
20122,23055,0,3
19962,23055,0,3
20121,23055,0,3
19487,23063,0,3
19646,23063,0,3
19486,23063,0,3
19645,23063,0,3
19485,23063,0,3
19644,23063,0,3
18206,23068,0,3
18046,23068,0,3
18205,23068,0,3
18364,23068,0,3
18204,23068,0,3
18363,23068,0,3
19326,23072,0,3
19485,23072,0,3
19325,23072,0,3
19484,23072,0,3
19487,23080,0,3
19646,23080,0,3
19486,23080,0,3
19645,23080,0,3
19485,23080,0,3
19644,23080,0,3
19326,23089,0,3
19485,23089,0,3
19644,23089,0,3
19325,23089,0,3
19484,23089,0,3
19643,23089,0,3
19483,23089,0,3
19159,23096,0,3
19318,23096,0,3
19477,23096,0,3
19317,23096,0,3
19476,23096,0,3
19316,23096,0,3
19158,23096,0,3
19965,23101,0,3
20124,23101,0,3
19964,23101,0,3
20123,23101,0,3
19801,23104,0,3
19802,23104,0,3
19961,23104,0,3
20120,23104,0,3
19960,23104,0,3
20119,23104,0,3
19487,23106,0,3
19646,23106,0,3
19486,23106,0,3
19645,23106,0,3
19805,23106,0,3
19804,23106,0,3
19963,23111,0,3
20122,23111,0,3
19962,23111,0,3
20121,23111,0,3
19964,23115,0,3
20123,23115,0,3
20282,23115,0,3
19963,23115,0,3
20122,23115,0,3
20281,23115,0,3
20121,23115,0,3
19803,23122,0,3
19962,23122,0,3
20121,23122,0,3
19802,23122,0,3
19961,23122,0,3
20120,23122,0,3
19965,23132,0,3
20124,23132,0,3
19964,23132,0,3
20123,23132,0,3
19963,23132,0,3
20122,23132,0,3
19480,23138,0,3
19639,23138,0,3
19798,23138,0,3
19479,23138,0,3
19638,23138,0,3
19797,23138,0,3
19966,23143,0,3
20125,23143,0,3
19965,23143,0,3
20124,23143,0,3
19964,23143,0,3
20123,23143,0,3
19965,23149,0,3
20124,23149,0,3
19964,23149,0,3
20123,23149,0,3
19327,23153,0,3
19486,23153,0,3
19326,23153,0,3
19485,23153,0,3
19325,23153,0,3
19484,23153,0,3
19487,23162,0,3
19327,23162,0,3
19486,23162,0,3
19645,23162,0,3
19485,23162,0,3
19644,23162,0,3
19962,23168,0,3
20121,23168,0,3
20280,23168,0,3
19961,23168,0,3
20120,23168,0,3
20279,23168,0,3
19801,23170,0,3
19802,23170,0,3
19961,23170,0,3
19960,23170,0,3
19801,23178,0,3
19802,23178,0,3
19961,23178,0,3
20120,23178,0,3
19960,23178,0,3
20119,23178,0,3
20117,23179,2,1
20276,23179,2,1
20116,23179,2,1
20275,23179,2,1
20115,23179,2,1
20274,23179,2,1
19480,23190,0,3
19639,23190,0,3
19479,23190,0,3
19638,23190,0,3
19483,23191,0,3
19642,23191,0,3
19801,23191,0,3
19482,23191,0,3
19641,23191,0,3
19800,23191,0,3
20117,23194,1,2
20276,23194,1,2
20116,23194,1,2
20275,23194,1,2
20115,23194,1,2
20274,23194,1,2
19327,23200,0,3
19486,23200,0,3
19326,23200,0,3
19485,23200,0,3
20117,23207,1,2
20276,23207,1,2
20116,23207,1,2
20275,23207,1,2
20115,23207,1,2
20274,23207,1,2
19486,23210,0,3
19645,23210,0,3
19485,23210,0,3
19644,23210,0,3
19643,23210,0,3
19484,23217,0,3
19643,23217,0,3
19324,23217,0,3
19483,23217,0,3
19642,23217,0,3
19482,23217,0,3
19641,23217,0,3
19963,23222,0,3
20122,23222,0,3
20281,23222,0,3
19962,23222,0,3
20121,23222,0,3
20280,23222,0,3
19965,23226,0,3
20124,23226,0,3
20283,23226,0,3
19964,23226,0,3
20123,23226,0,3
20282,23226,0,3
19159,23230,0,3
19318,23230,0,3
19477,23230,0,3
19317,23230,0,3
19476,23230,0,3
19158,23230,0,3
19642,23233,0,3
19801,23233,0,3
19641,23233,0,3
19800,23233,0,3
19640,23233,0,3
19799,23233,0,3
19486,23243,0,3
19645,23243,0,3
19804,23243,0,3
19803,23243,0,3
19485,23243,0,3
19644,23243,0,3
20122,23244,0,3
19962,23244,0,3
20121,23244,0,3
20280,23244,0,3
19961,23244,0,3
20120,23244,0,3
19965,23262,0,3
20124,23262,0,3
19964,23262,0,3
20123,23262,0,3
19963,23262,0,3
20122,23262,0,3
19965,23269,0,3
20124,23269,0,3
20283,23269,0,3
19964,23269,0,3
20123,23269,0,3
20282,23269,0,3
19485,23270,0,3
19644,23270,0,3
19325,23270,0,3
19484,23270,0,3
19643,23270,0,3
19966,23271,0,3
20125,23271,0,3
19965,23271,0,3
20124,23271,0,3
19964,23271,0,3
20123,23271,0,3
20123,23274,0,3
20282,23274,0,3
19963,23274,0,3
20122,23274,0,3
20281,23274,0,3
20121,23274,0,3
20280,23274,0,3
19965,23278,0,3
20124,23278,0,3
19964,23278,0,3
20123,23278,0,3
19963,23278,0,3
20122,23278,0,3
19317,23283,0,3
19316,23283,0,3
18999,23283,0,3
19158,23283,0,3
18998,23283,0,3
19157,23283,0,3
19642,23287,0,3
19801,23287,0,3
19641,23287,0,3
19800,23287,0,3
19965,23310,0,3
20124,23310,0,3
20283,23310,0,3
19964,23310,0,3
20123,23310,0,3
20282,23310,0,3
19485,23311,2,1
19644,23311,2,1
19484,23311,2,1
19643,23311,2,1
19483,23311,2,1
19642,23311,2,1
19483,23325,0,3
19642,23325,0,3
19801,23325,0,3
19482,23325,0,3
19641,23325,0,3
19800,23325,0,3
19965,23331,0,3
20124,23331,0,3
19964,23331,0,3
20123,23331,0,3
19963,23336,0,3
20122,23336,0,3
20281,23336,0,3
19962,23336,0,3
20121,23336,0,3
20280,23336,0,3
19484,23345,1,2
19643,23345,1,2
19483,23345,1,2
19642,23345,1,2
19486,23351,0,3
19326,23351,0,3
19485,23351,0,3
19644,23351,0,3
19484,23351,0,3
19643,23351,0,3
19486,23352,0,3
19645,23352,0,3
19485,23352,0,3
19644,23352,0,3
19484,23352,0,3
19643,23352,0,3
19965,23353,0,3
20124,23353,0,3
20283,23353,0,3
19964,23353,0,3
20123,23353,0,3
20282,23353,0,3
20122,23353,0,3
19964,23354,0,3
20123,23354,0,3
20282,23354,0,3
19963,23354,0,3
20122,23354,0,3
20281,23354,0,3
19958,23358,2,1
20117,23358,2,1
19957,23358,2,1
20116,23358,2,1
19956,23358,2,1
20115,23358,2,1
17731,23359,0,3
17890,23359,0,3
18049,23359,0,3
17730,23359,0,3
17889,23359,0,3
18048,23359,0,3
19326,23366,0,3
19485,23366,0,3
19325,23366,0,3
19484,23366,0,3
19643,23366,0,3
19324,23366,0,3
19483,23366,0,3
19326,23367,0,3
19485,23367,0,3
19644,23367,0,3
19325,23367,0,3
19484,23367,0,3
19643,23367,0,3
18048,23372,0,3
17888,23372,0,3
18047,23372,0,3
18206,23372,0,3
17887,23372,0,3
18046,23372,0,3
19159,23396,0,3
19318,23396,0,3
19477,23396,0,3
19317,23396,0,3
19476,23396,0,3
19158,23396,0,3
19642,23406,0,3
19801,23406,0,3
19641,23406,0,3
19800,23406,0,3
20119,23412,2,1
20278,23412,2,1
20118,23412,2,1
20277,23412,2,1
19962,23413,0,3
20121,23413,0,3
19961,23413,0,3
20120,23413,0,3
19960,23413,0,3
20119,23413,0,3
20119,23418,0,3
20278,23418,0,3
19959,23418,0,3
20118,23418,0,3
20277,23418,0,3
20117,23418,0,3
20276,23418,0,3
9296,23420,0,3
9455,23420,0,3
9295,23420,0,3
9137,23420,0,3
9136,23420,0,3
9454,23420,0,3
9456,23421,0,3
9615,23421,0,3
9457,23421,0,3
9616,23421,0,3
10096,23422,0,3
9937,23422,0,3
9936,23422,0,3
10095,23422,0,3
10094,23422,0,3
9935,23422,0,3
9456,23423,0,3
9296,23423,0,3
9455,23423,0,3
9295,23423,0,3
9454,23423,0,3
9297,23423,0,3
9456,23424,0,3
9615,23424,0,3
9774,23424,0,3
9457,23424,0,3
9616,23424,0,3
9775,23424,0,3
9458,23425,0,3
9617,23425,0,3
9457,23425,0,3
9616,23425,0,3
9933,23426,0,3
10094,23426,0,3
9934,23426,0,3
10093,23426,0,3
10252,23426,0,3
10092,23426,0,3
9936,23429,0,3
10095,23429,0,3
10094,23429,0,3
9935,23429,0,3
9934,23429,0,3
10093,23429,0,3
9933,23430,0,3
10094,23430,0,3
9935,23430,0,3
9775,23430,0,3
9934,23430,0,3
10093,23430,0,3
10092,23430,0,3
9777,23431,0,3
9936,23431,0,3
9776,23431,0,3
9935,23431,0,3
9775,23431,0,3
9934,23431,0,3
9615,23432,0,3
9774,23432,0,3
9614,23432,0,3
9773,23432,0,3
9616,23432,0,3
9775,23432,0,3
9296,23433,0,3
9137,23433,0,3
9297,23433,0,3
9138,23433,0,3
9932,23434,0,3
10090,23434,0,3
9772,23434,0,3
9931,23434,0,3
9930,23434,0,3
10089,23434,0,3
9615,23435,0,3
9774,23435,0,3
9616,23435,0,3
9775,23435,0,3
9778,23436,0,3
9618,23436,0,3
9777,23436,0,3
9936,23436,0,3
9617,23436,0,3
9776,23436,0,3
9456,23437,0,3
9615,23437,0,3
9774,23437,0,3
9457,23437,0,3
9616,23437,0,3
9775,23437,0,3
9778,23439,0,3
9937,23439,0,3
9777,23439,0,3
9936,23439,0,3
9776,23439,0,3
9935,23439,0,3
9456,23440,0,3
9615,23440,0,3
9774,23440,0,3
9455,23440,0,3
9614,23440,0,3
9773,23440,0,3
9613,23440,0,3
9456,23441,0,3
9298,23441,0,3
9457,23441,0,3
9297,23441,0,3
9456,23443,0,3
9615,23443,0,3
9455,23443,0,3
9614,23443,0,3
9457,23443,0,3
9616,23443,0,3
9456,23444,0,3
9296,23444,0,3
9455,23444,0,3
9298,23444,0,3
9457,23444,0,3
9297,23444,0,3
9615,23446,0,3
9774,23446,0,3
9616,23446,0,3
9775,23446,0,3
9933,23448,0,3
10094,23448,0,3
9935,23448,0,3
9934,23448,0,3
10093,23448,0,3
10092,23448,0,3
9456,23450,0,3
9615,23450,0,3
9774,23450,0,3
9457,23450,0,3
9616,23450,0,3
9775,23450,0,3
9456,23452,0,3
9296,23452,0,3
9455,23452,0,3
9295,23452,0,3
9454,23452,0,3
9297,23452,0,3
9778,23453,0,3
9618,23453,0,3
9777,23453,0,3
9936,23453,0,3
9617,23453,0,3
9776,23453,0,3
9935,23453,0,3
9778,23455,0,3
9937,23455,0,3
9777,23455,0,3
9936,23455,0,3
9776,23455,0,3
9935,23455,0,3
9933,23456,0,3
10094,23456,0,3
9934,23456,0,3
10093,23456,0,3
10252,23456,0,3
10092,23456,0,3
10251,23456,0,3
9936,23457,0,3
10095,23457,0,3
10094,23457,0,3
9935,23457,0,3
9934,23457,0,3
10093,23457,0,3
9619,23458,0,3
9778,23458,0,3
9618,23458,0,3
9777,23458,0,3
9936,23458,0,3
9617,23458,0,3
9776,23458,0,3
9777,23459,0,3
9936,23459,0,3
9776,23459,0,3
9935,23459,0,3
9775,23459,0,3
9934,23459,0,3
9936,23460,0,3
10095,23460,0,3
10094,23460,0,3
9935,23460,0,3
9934,23460,0,3
10093,23460,0,3
9933,23462,0,3
10094,23462,0,3
9935,23462,0,3
9934,23462,0,3
10093,23462,0,3
10092,23462,0,3
9456,23463,0,3
9296,23463,0,3
9455,23463,0,3
9295,23463,0,3
9454,23463,0,3
9297,23463,0,3
9777,23464,0,3
9936,23464,0,3
9776,23464,0,3
9935,23464,0,3
9775,23464,0,3
9934,23464,0,3
9456,23465,0,3
9615,23465,0,3
9617,23465,0,3
9457,23465,0,3
9616,23465,0,3
9775,23465,0,3
9456,23466,0,3
9615,23466,0,3
9458,23466,0,3
9617,23466,0,3
9457,23466,0,3
9616,23466,0,3
9775,23466,0,3
9456,23467,2,1
9298,23467,2,1
9457,23467,2,1
9297,23467,2,1
9778,23468,0,3
9937,23468,0,3
9777,23468,0,3
9936,23468,0,3
9615,23469,0,3
9774,23469,0,3
9617,23469,0,3
9776,23469,0,3
9616,23469,0,3
9775,23469,0,3
9456,23470,0,3
9296,23470,0,3
9455,23470,0,3
9295,23470,0,3
9137,23470,0,3
9454,23470,0,3
9297,23470,0,3
9456,23471,0,3
9615,23471,0,3
9455,23471,0,3
9614,23471,0,3
9457,23471,0,3
9616,23471,0,3
9618,23472,0,3
9777,23472,0,3
9617,23472,0,3
9776,23472,0,3
9616,23472,0,3
9775,23472,0,3
9777,23473,0,3
9936,23473,0,3
10095,23473,0,3
10094,23473,0,3
9776,23473,0,3
9935,23473,0,3
10096,23474,0,3
9937,23474,0,3
9936,23474,0,3
10095,23474,0,3
9296,23475,0,3
9455,23475,0,3
9295,23475,0,3
9137,23475,0,3
9136,23475,0,3
9454,23475,0,3
9456,23476,0,3
9615,23476,0,3
9774,23476,0,3
9617,23476,0,3
9457,23476,0,3
9616,23476,0,3
9775,23476,0,3
9456,23477,0,3
9615,23477,0,3
9457,23477,0,3
9616,23477,0,3
10109,23478,0,3
10268,23478,0,3
10427,23478,0,3
10108,23478,0,3
10267,23478,0,3
10426,23478,0,3
10427,23479,0,3
10586,23479,0,3
10426,23479,0,3
10585,23479,0,3
10270,23480,0,3
10110,23480,0,3
10269,23480,0,3
10428,23480,0,3
10109,23480,0,3
10268,23480,0,3
10427,23480,0,3
10110,23481,0,3
10269,23481,0,3
10428,23481,0,3
10109,23481,0,3
10268,23481,0,3
10427,23481,0,3
10111,23482,0,3
10270,23482,0,3
10110,23482,0,3
10269,23482,0,3
10268,23484,0,3
10427,23484,0,3
10267,23484,0,3
10426,23484,0,3
10271,23485,0,3
10430,23485,0,3
10270,23485,0,3
10429,23485,0,3
10268,23486,0,3
10427,23486,0,3
10267,23486,0,3
10426,23486,0,3
10111,23487,0,3
10270,23487,0,3
10110,23487,0,3
10269,23487,0,3
10110,23488,0,3
10269,23488,0,3
10109,23488,0,3
10268,23488,0,3
10109,23489,0,3
10268,23489,0,3
10427,23489,0,3
10108,23489,0,3
10267,23489,0,3
10426,23489,0,3
10113,23490,0,3
10272,23490,0,3
10431,23490,0,3
10112,23490,0,3
10271,23490,0,3
10430,23490,0,3
10110,23491,0,3
10269,23491,0,3
10109,23491,0,3
10268,23491,0,3
10108,23491,0,3
10267,23491,0,3
10270,23492,0,3
10429,23492,0,3
10588,23492,0,3
10269,23492,0,3
10428,23492,0,3
10587,23492,0,3
10110,23493,0,3
10269,23493,0,3
10428,23493,0,3
10109,23493,0,3
10268,23493,0,3
10427,23493,0,3
10269,23494,0,3
10428,23494,0,3
10268,23494,0,3
10427,23494,0,3
10269,23495,0,3
10428,23495,0,3
10268,23495,0,3
10427,23495,0,3
10586,23495,0,3
10267,23495,0,3
10426,23495,0,3
10111,23496,0,3
10270,23496,0,3
10429,23496,0,3
10110,23496,0,3
10269,23496,0,3
10428,23496,0,3
10269,23497,0,3
10428,23497,0,3
10268,23497,0,3
10427,23497,0,3
10267,23497,0,3
10426,23497,0,3
10268,23498,0,3
10427,23498,0,3
10586,23498,0,3
10267,23498,0,3
10426,23498,0,3
10585,23498,0,3
10428,23499,0,3
10268,23499,0,3
10427,23499,0,3
10586,23499,0,3
10267,23499,0,3
10426,23499,0,3
10114,23500,0,3
10273,23500,0,3
10113,23500,0,3
10272,23500,0,3
10431,23500,0,3
10112,23500,0,3
10271,23500,0,3
10113,23501,0,3
10272,23501,0,3
10431,23501,0,3
10112,23501,0,3
10271,23501,0,3
10430,23501,0,3
10114,23502,0,3
10273,23502,0,3
10113,23502,0,3
10272,23502,0,3
10112,23502,0,3
10271,23502,0,3
10429,23503,0,3
10269,23503,0,3
10428,23503,0,3
10587,23503,0,3
10268,23503,0,3
10427,23503,0,3
10270,23504,0,3
10429,23504,0,3
10269,23504,0,3
10428,23504,0,3
10427,23505,0,3
10586,23505,0,3
10426,23505,0,3
10585,23505,0,3
10271,23506,0,3
10430,23506,0,3
10270,23506,0,3
10429,23506,0,3
10269,23506,0,3
10428,23506,0,3
10111,23507,0,3
10270,23507,0,3
10110,23507,0,3
10269,23507,0,3
10109,23507,0,3
10268,23507,0,3
10111,23508,0,3
10270,23508,0,3
10110,23508,0,3
10269,23508,0,3
10109,23508,0,3
10268,23508,0,3
10272,23509,0,3
10271,23509,0,3
10430,23509,0,3
10270,23509,0,3
10429,23509,0,3
10268,23510,0,3
10427,23510,0,3
10267,23510,0,3
10426,23510,0,3
10109,23511,0,3
10268,23511,0,3
10108,23511,0,3
10267,23511,0,3
10109,23512,0,3
10268,23512,0,3
10108,23512,0,3
10267,23512,0,3
10113,23513,0,3
10272,23513,0,3
10431,23513,0,3
10112,23513,0,3
10271,23513,0,3
10430,23513,0,3
10270,23513,0,3
10270,23514,0,3
10429,23514,0,3
10269,23514,0,3
10428,23514,0,3
10268,23514,0,3
10427,23514,0,3
10111,23515,0,3
10270,23515,0,3
10110,23515,0,3
10269,23515,0,3
10109,23515,0,3
10268,23515,0,3
10111,23516,0,3
10270,23516,0,3
10110,23516,0,3
10269,23516,0,3
10272,23517,0,3
10431,23517,0,3
10112,23517,0,3
10271,23517,0,3
10430,23517,0,3
10270,23517,0,3
10429,23517,0,3
10114,23518,0,3
10273,23518,0,3
10113,23518,0,3
10272,23518,0,3
10112,23518,0,3
10271,23518,0,3
10110,23519,0,3
10269,23519,0,3
10109,23519,0,3
10268,23519,0,3
10108,23519,0,3
10267,23519,0,3
10111,23520,0,3
10270,23520,0,3
10429,23520,0,3
10110,23520,0,3
10269,23520,0,3
10428,23520,0,3
10109,23521,0,3
10268,23521,0,3
10427,23521,0,3
10108,23521,0,3
10267,23521,0,3
10426,23521,0,3
10271,23522,0,3
10430,23522,0,3
10270,23522,0,3
10429,23522,0,3
10269,23522,0,3
10428,23522,0,3
10111,23523,0,3
10270,23523,0,3
10110,23523,0,3
10269,23523,0,3
10271,23524,0,3
10430,23524,0,3
10270,23524,0,3
10429,23524,0,3
10111,23525,0,3
10270,23525,0,3
10110,23525,0,3
10269,23525,0,3
10270,23526,0,3
10429,23526,0,3
10269,23526,0,3
10428,23526,0,3
10268,23526,0,3
10427,23526,0,3
10268,23527,0,3
10427,23527,0,3
10586,23527,0,3
10267,23527,0,3
10426,23527,0,3
10585,23527,0,3
10110,23528,0,3
10269,23528,0,3
10109,23528,0,3
10268,23528,0,3
10427,23528,0,3
10108,23528,0,3
10267,23528,0,3
10427,23529,0,3
10586,23529,0,3
10426,23529,0,3
10585,23529,0,3
10113,23530,0,3
10272,23530,0,3
10431,23530,0,3
10112,23530,0,3
10271,23530,0,3
10430,23530,0,3
10427,23531,0,3
10586,23531,0,3
10426,23531,0,3
10585,23531,0,3
10270,23532,0,3
10429,23532,0,3
10269,23532,0,3
10428,23532,0,3
10268,23532,0,3
10427,23532,0,3
10112,23534,0,3
10271,23534,0,3
10430,23534,0,3
10111,23534,0,3
10270,23534,0,3
10429,23534,0,3
10109,23535,0,3
10268,23535,0,3
10108,23535,0,3
10267,23535,0,3
10270,23536,0,3
10429,23536,0,3
10269,23536,0,3
10428,23536,0,3
10268,23536,0,3
10427,23536,0,3
10270,23537,0,3
10429,23537,0,3
10269,23537,0,3
10428,23537,0,3
10268,23537,0,3
10427,23537,0,3
10113,23538,0,3
10272,23538,0,3
10431,23538,0,3
10112,23538,0,3
10271,23538,0,3
10430,23538,0,3
10111,23539,0,3
10270,23539,0,3
10110,23539,0,3
10269,23539,0,3
9951,23539,0,3
10109,23539,0,3
10428,23540,0,3
10268,23540,0,3
10427,23540,0,3
10586,23540,0,3
10267,23540,0,3
10426,23540,0,3
10585,23540,0,3
10272,23541,0,3
10431,23541,0,3
10271,23541,0,3
10430,23541,0,3
10270,23541,0,3
10429,23541,0,3
10110,23542,0,3
10269,23542,0,3
10109,23542,0,3
10268,23542,0,3
10268,23543,0,3
10427,23543,0,3
10586,23543,0,3
10267,23543,0,3
10426,23543,0,3
10585,23543,0,3
10427,23544,0,3
10586,23544,0,3
10426,23544,0,3
10585,23544,0,3
10269,23545,0,3
10428,23545,0,3
10587,23545,0,3
10268,23545,0,3
10427,23545,0,3
10586,23545,0,3
10271,23546,0,3
10430,23546,0,3
10270,23546,0,3
10429,23546,0,3
10269,23546,0,3
10428,23546,0,3
10270,23547,0,3
10429,23547,0,3
10269,23547,0,3
10428,23547,0,3
10268,23547,0,3
10427,23547,0,3
10112,23548,0,3
10271,23548,0,3
10111,23548,0,3
10270,23548,0,3
10429,23548,0,3
10110,23548,0,3
10269,23548,0,3
10269,23549,0,3
10428,23549,0,3
10268,23549,0,3
10427,23549,0,3
10271,23550,0,3
10111,23550,0,3
10270,23550,0,3
10429,23550,0,3
10110,23550,0,3
10269,23550,0,3
10428,23550,0,3
10269,23551,0,3
10109,23551,0,3
10268,23551,0,3
10108,23551,0,3
10267,23551,0,3
10110,23552,0,3
10269,23552,0,3
10109,23552,0,3
10268,23552,0,3
10110,23553,0,3
10269,23553,0,3
10109,23553,0,3
10268,23553,0,3
10108,23553,0,3
10267,23553,0,3
10269,23554,0,3
10428,23554,0,3
10109,23554,0,3
10268,23554,0,3
10427,23554,0,3
10267,23554,0,3
10426,23554,0,3
10268,23555,0,3
10427,23555,0,3
10586,23555,0,3
10267,23555,0,3
10426,23555,0,3
10585,23555,0,3
10111,23556,0,3
10270,23556,0,3
10110,23556,0,3
10269,23556,0,3
10109,23556,0,3
10268,23556,0,3
10111,23557,0,3
10270,23557,0,3
10110,23557,0,3
10269,23557,0,3
9951,23557,0,3
10109,23557,0,3
10268,23557,0,3
10270,23558,0,3
10429,23558,0,3
10269,23558,0,3
10428,23558,0,3
10114,23559,0,3
10273,23559,0,3
10113,23559,0,3
10272,23559,0,3
10112,23559,0,3
10271,23559,0,3
10268,23560,0,3
10427,23560,0,3
10586,23560,0,3
10267,23560,0,3
10426,23560,0,3
10585,23560,0,3
10110,23561,0,3
10269,23561,0,3
10109,23561,0,3
10268,23561,0,3
10114,23562,0,3
10273,23562,0,3
10113,23562,0,3
10272,23562,0,3
10269,23563,0,3
10109,23563,0,3
10268,23563,0,3
10427,23563,0,3
10108,23563,0,3
10267,23563,0,3
10426,23563,0,3
10268,23564,0,3
10427,23564,0,3
10267,23564,0,3
10426,23564,0,3
10109,23566,0,3
10268,23566,0,3
10108,23566,0,3
10267,23566,0,3
10269,23567,0,3
10428,23567,0,3
10268,23567,0,3
10427,23567,0,3
10110,23568,0,3
10269,23568,0,3
10109,23568,0,3
10268,23568,0,3
10427,23569,0,3
10586,23569,0,3
10267,23569,0,3
10426,23569,0,3
10585,23569,0,3
10111,23570,0,3
10270,23570,0,3
10110,23570,0,3
10269,23570,0,3
10268,23571,0,3
10427,23571,0,3
10267,23571,0,3
10426,23571,0,3
10113,23572,0,3
10272,23572,0,3
10431,23572,0,3
10112,23572,0,3
10271,23572,0,3
10430,23572,0,3
10271,23573,0,3
10430,23573,0,3
10270,23573,0,3
10429,23573,0,3
10114,23574,1,2
10273,23574,1,2
10113,23574,1,2
10272,23574,1,2
10271,23575,0,3
10430,23575,0,3
10270,23575,0,3
10429,23575,0,3
10269,23575,0,3
10428,23575,0,3
10112,23577,0,3
10271,23577,0,3
10111,23577,0,3
10270,23577,0,3
10429,23577,0,3
10110,23577,0,3
10269,23577,0,3
10114,23578,0,3
10273,23578,0,3
10113,23578,0,3
10272,23578,0,3
10431,23578,0,3
10271,23578,0,3
12483,23588,0,3
12482,23588,0,3
12324,23588,0,3
12323,23588,0,3
11371,23610,0,3
11530,23610,0,3
11689,23610,0,3
11370,23610,0,3
11529,23610,0,3
11688,23610,0,3
12641,23632,0,3
12800,23632,0,3
12640,23632,0,3
12799,23632,0,3
12639,23632,0,3
12798,23632,0,3
12483,23647,2,1
12482,23647,2,1
12324,23647,2,1
12323,23647,2,1
12161,23664,2,1
12320,23664,2,1
12160,23664,2,1
12319,23664,2,1
12482,23697,0,3
12641,23697,0,3
12481,23697,0,3
12640,23697,0,3
12799,23697,0,3
12639,23697,0,3
12480,23697,0,3
12639,23726,0,3
12480,23726,0,3
12638,23726,0,3
12637,23726,0,3
12479,23726,0,3
12478,23726,0,3
12482,23763,0,3
12641,23763,0,3
12481,23763,0,3
12640,23763,0,3
12799,23763,0,3
12639,23763,0,3
12482,23770,0,3
12641,23770,0,3
12481,23770,0,3
12640,23770,0,3
12799,23770,0,3
12639,23770,0,3
12480,23770,0,3
12639,23776,2,1
12480,23776,2,1
12638,23776,2,1
12637,23776,2,1
12479,23776,2,1
12478,23776,2,1
12483,23831,0,3
12482,23831,0,3
12324,23831,0,3
12323,23831,0,3
12641,23857,0,3
12800,23857,0,3
12640,23857,0,3
12799,23857,0,3
12639,23857,0,3
12798,23857,0,3
12159,23865,0,3
12318,23865,0,3
12477,23865,0,3
12158,23865,0,3
12317,23865,0,3
12476,23865,0,3
20129,23887,0,3
19969,23887,0,3
20128,23887,0,3
20287,23887,0,3
20127,23887,0,3
20286,23887,0,3
19655,23889,0,3
19654,23889,0,3
19814,23889,0,3
19813,23889,0,3
19812,23889,0,3
19653,23889,0,3
19335,23890,0,3
19494,23890,0,3
19334,23890,0,3
19493,23890,0,3
19496,23893,0,3
19655,23893,0,3
19495,23893,0,3
19654,23893,0,3
20130,23895,0,3
20289,23895,0,3
20129,23895,0,3
20288,23895,0,3
19496,23897,0,3
19655,23897,0,3
19495,23897,0,3
19654,23897,0,3
19811,23898,0,3
19652,23898,0,3
19810,23898,0,3
19809,23898,0,3
19651,23898,0,3
19650,23898,0,3
20130,23901,0,3
20289,23901,0,3
20129,23901,0,3
20288,23901,0,3
20128,23901,0,3
20287,23901,0,3
20130,23902,0,3
20289,23902,0,3
20129,23902,0,3
20288,23902,0,3
20130,23904,0,3
20289,23904,0,3
20129,23904,0,3
20288,23904,0,3
20128,23904,0,3
20287,23904,0,3
19654,23905,0,3
19814,23905,0,3
19973,23905,0,3
19813,23905,0,3
19972,23905,0,3
19812,23905,0,3
19971,23905,0,3
19969,23906,2,1
20128,23906,2,1
20287,23906,2,1
19968,23906,2,1
20127,23906,2,1
20286,23906,2,1
20130,23908,0,3
20289,23908,0,3
20129,23908,0,3
20288,23908,0,3
20128,23908,0,3
20287,23908,0,3
19812,23909,0,3
19811,23909,0,3
19653,23909,0,3
19652,23909,0,3
19810,23909,0,3
19812,23911,0,3
19971,23911,0,3
19811,23911,0,3
19970,23911,0,3
19812,23914,0,3
19811,23914,0,3
19653,23914,0,3
19652,23914,0,3
19813,23915,0,3
19972,23915,0,3
19812,23915,0,3
19971,23915,0,3
19812,23917,0,3
19971,23917,0,3
19811,23917,0,3
19970,23917,0,3
20130,23918,0,3
20289,23918,0,3
20129,23918,0,3
20288,23918,0,3
18858,23919,0,3
19017,23919,0,3
18857,23919,0,3
19016,23919,0,3
19176,23919,0,3
19175,23919,0,3
19016,23921,0,3
19176,23921,0,3
19335,23921,0,3
19175,23921,0,3
19334,23921,0,3
19174,23921,0,3
19333,23921,0,3
19971,23922,0,3
20130,23922,0,3
19970,23922,0,3
20129,23922,0,3
20288,23922,0,3
19176,23926,0,3
19335,23926,0,3
19494,23926,0,3
19175,23926,0,3
19334,23926,0,3
19493,23926,0,3
19971,23927,0,3
20130,23927,0,3
19970,23927,0,3
20129,23927,0,3
20288,23927,0,3
19969,23927,0,3
20128,23927,0,3
19177,23928,0,3
19018,23928,0,3
19017,23928,0,3
19016,23928,0,3
19176,23928,0,3
19175,23928,0,3
19177,23931,0,3
19336,23931,0,3
19495,23931,0,3
19176,23931,0,3
19335,23931,0,3
19494,23931,0,3
19971,23932,0,3
20130,23932,0,3
20289,23932,0,3
19970,23932,0,3
20129,23932,0,3
20288,23932,0,3
19811,23934,0,3
19652,23934,0,3
19810,23934,0,3
19809,23934,0,3
19492,23934,0,3
19651,23934,0,3
19650,23934,0,3
19971,23936,0,3
20130,23936,0,3
20289,23936,0,3
19970,23936,0,3
20129,23936,0,3
20288,23936,0,3
19016,23937,1,2
19175,23937,1,2
19334,23937,1,2
19174,23937,1,2
19333,23937,1,2
19015,23937,1,2
19017,23940,0,3
19016,23940,0,3
19176,23940,0,3
19175,23940,0,3
18699,23942,0,3
18858,23942,0,3
19017,23942,0,3
18698,23942,0,3
18857,23942,0,3
19016,23942,0,3
19654,23943,0,3
19813,23943,0,3
19972,23943,0,3
19812,23943,0,3
19971,23943,0,3
19653,23943,0,3
19814,23947,0,3
19973,23947,0,3
19813,23947,0,3
19972,23947,0,3
19812,23947,0,3
19971,23947,0,3
18858,23948,0,3
19017,23948,0,3
18857,23948,0,3
19016,23948,0,3
19334,23950,0,3
19493,23950,0,3
19333,23950,0,3
19492,23950,0,3
19334,23957,0,3
19493,23957,0,3
19333,23957,0,3
19492,23957,0,3
19016,23959,0,3
19175,23959,0,3
19174,23959,0,3
19015,23959,0,3
19177,23961,0,3
19336,23961,0,3
19018,23961,0,3
19017,23961,0,3
19176,23961,0,3
19335,23961,0,3
19812,23962,0,3
19811,23962,0,3
19653,23962,0,3
19652,23962,0,3
19813,23963,0,3
19972,23963,0,3
20131,23963,0,3
19812,23963,0,3
19971,23963,0,3
20130,23963,0,3
19334,23966,0,3
19493,23966,0,3
19652,23966,0,3
19333,23966,0,3
19492,23966,0,3
19651,23966,0,3
19812,23968,0,3
19971,23968,0,3
19811,23968,0,3
19970,23968,0,3
19653,23968,0,3
19652,23968,0,3
19972,23969,0,3
19812,23969,0,3
19971,23969,0,3
20130,23969,0,3
19811,23969,0,3
19970,23969,0,3
19812,23970,0,3
19971,23970,0,3
19811,23970,0,3
19970,23970,0,3
19810,23973,2,1
19969,23973,2,1
19809,23973,2,1
19968,23973,2,1
19651,23973,2,1
19650,23973,2,1
19969,23974,0,3
20128,23974,0,3
20287,23974,0,3
19968,23974,0,3
20127,23974,0,3
20286,23974,0,3
19654,23975,0,3
19813,23975,0,3
19812,23975,0,3
19653,23975,0,3
19654,23977,0,3
19813,23977,0,3
19812,23977,0,3
19653,23977,0,3
19493,23980,0,3
19652,23980,0,3
19492,23980,0,3
19651,23980,0,3
19491,23980,0,3
19650,23980,0,3
19652,23985,0,3
19810,23985,0,3
19809,23985,0,3
19492,23985,0,3
19651,23985,0,3
19650,23985,0,3
19017,23989,0,3
19016,23989,0,3
19176,23989,0,3
19175,23989,0,3
19334,23993,0,3
19493,23993,0,3
19333,23993,0,3
19492,23993,0,3
20129,23995,0,3
20288,23995,0,3
20128,23995,0,3
20287,23995,0,3
19654,23997,0,3
19813,23997,0,3
19812,23997,0,3
19653,23997,0,3
19654,24000,0,3
19813,24000,0,3
19972,24000,0,3
19812,24000,0,3
19971,24000,0,3
19811,24000,0,3
19653,24000,0,3
20130,24002,0,3
20289,24002,0,3
20129,24002,0,3
20288,24002,0,3
19813,24004,0,3
19812,24004,0,3
19971,24004,0,3
19811,24004,0,3
19970,24004,0,3
19653,24004,0,3
19652,24004,0,3
19811,24005,1,2
19493,24005,1,2
19652,24005,1,2
19810,24005,1,2
19492,24005,1,2
19651,24005,1,2
19814,24008,0,3
19973,24008,0,3
19813,24008,0,3
19972,24008,0,3
19337,24009,0,3
19177,24009,0,3
19336,24009,0,3
19176,24009,0,3
19335,24009,0,3
20130,24011,0,3
20289,24011,0,3
20129,24011,0,3
20288,24011,0,3
19334,24012,0,3
19493,24012,0,3
19333,24012,0,3
19492,24012,0,3
19811,24017,0,3
19652,24017,0,3
19810,24017,0,3
19809,24017,0,3
19651,24017,0,3
19650,24017,0,3
19175,24020,0,3
19334,24020,0,3
19493,24020,0,3
19174,24020,0,3
19333,24020,0,3
19492,24020,0,3
19814,24025,0,3
19973,24025,0,3
19813,24025,0,3
19972,24025,0,3
19812,24025,0,3
19971,24025,0,3
19655,24026,0,3
19654,24026,0,3
19814,24026,0,3
19973,24026,0,3
19813,24026,0,3
19972,24026,0,3
19812,24026,0,3
19493,24029,1,2
19652,24029,1,2
19810,24029,1,2
19492,24029,1,2
19651,24029,1,2
19650,24029,1,2
19496,24030,0,3
19655,24030,0,3
19495,24030,0,3
19654,24030,0,3
19814,24030,0,3
19813,24030,0,3
19334,24033,0,3
19493,24033,0,3
19652,24033,0,3
19333,24033,0,3
19492,24033,0,3
19651,24033,0,3
19495,24034,0,3
19654,24034,0,3
19813,24034,0,3
19812,24034,0,3
19494,24034,0,3
19653,24034,0,3
19495,24035,0,3
19654,24035,0,3
19494,24035,0,3
19653,24035,0,3
19334,24039,0,3
19493,24039,0,3
19652,24039,0,3
19333,24039,0,3
19492,24039,0,3
19651,24039,0,3
19654,24041,0,3
19814,24041,0,3
19973,24041,0,3
19813,24041,0,3
19972,24041,0,3
19812,24041,0,3
19971,24041,0,3
19814,24043,0,3
19973,24043,0,3
19813,24043,0,3
19972,24043,0,3
20131,24043,0,3
19812,24043,0,3
19971,24043,0,3
19495,24045,0,3
19654,24045,0,3
19813,24045,0,3
19812,24045,0,3
19494,24045,0,3
19653,24045,0,3
19175,24046,0,3
19334,24046,0,3
19174,24046,0,3
19333,24046,0,3
20448,24050,0,3
20130,24050,0,3
20289,24050,0,3
20129,24050,0,3
20288,24050,0,3
19814,24052,0,3
19973,24052,0,3
19813,24052,0,3
19972,24052,0,3
19812,24052,0,3
19811,24055,0,3
19652,24055,0,3
19810,24055,0,3
19809,24055,0,3
19651,24055,0,3
19650,24055,0,3
19493,24056,1,2
19652,24056,1,2
19492,24056,1,2
19651,24056,1,2
19650,24056,1,2
19971,24057,0,3
20130,24057,0,3
19970,24057,0,3
20129,24057,0,3
19969,24058,0,3
20128,24058,0,3
20287,24058,0,3
19968,24058,0,3
20127,24058,0,3
20286,24058,0,3
18858,24059,0,3
19017,24059,0,3
18857,24059,0,3
19016,24059,0,3
18856,24059,0,3
19015,24059,0,3
19177,24061,0,3
19336,24061,0,3
19176,24061,0,3
19335,24061,0,3
19175,24061,0,3
19334,24061,0,3
19812,24062,0,3
19971,24062,0,3
19811,24062,0,3
19970,24062,0,3
19652,24062,0,3
19810,24062,0,3
19969,24062,0,3
19814,24066,0,3
19973,24066,0,3
19813,24066,0,3
19972,24066,0,3
19812,24066,0,3
19971,24066,0,3
18858,24067,0,3
19017,24067,0,3
18857,24067,0,3
19016,24067,0,3
19811,24069,0,3
19970,24069,0,3
19810,24069,0,3
19969,24069,0,3
19811,24075,0,3
19970,24075,0,3
19652,24075,0,3
19810,24075,0,3
19969,24075,0,3
19651,24075,0,3
19334,24077,0,3
19493,24077,0,3
19652,24077,0,3
19333,24077,0,3
19492,24077,0,3
19651,24077,0,3
19177,24079,0,3
19336,24079,0,3
19176,24079,0,3
19335,24079,0,3
19494,24079,0,3
19334,24079,0,3
18699,24081,0,3
18858,24081,0,3
19017,24081,0,3
18698,24081,0,3
18857,24081,0,3
19016,24081,0,3
19017,24086,0,3
19016,24086,0,3
19176,24086,0,3
19175,24086,0,3
19174,24086,0,3
19015,24086,0,3
19177,24089,0,3
19336,24089,0,3
19495,24089,0,3
19176,24089,0,3
19335,24089,0,3
19494,24089,0,3
19334,24089,0,3
19334,24092,0,3
19493,24092,0,3
19333,24092,0,3
19492,24092,0,3
19811,24093,1,2
19493,24093,1,2
19652,24093,1,2
19810,24093,1,2
19492,24093,1,2
19651,24093,1,2
19650,24093,1,2
19811,24094,0,3
19652,24094,0,3
19810,24094,0,3
19809,24094,0,3
19651,24094,0,3
19650,24094,0,3
19175,24097,0,3
19334,24097,0,3
19493,24097,0,3
19174,24097,0,3
19333,24097,0,3
19492,24097,0,3
19334,24099,0,3
19493,24099,0,3
19333,24099,0,3
19492,24099,0,3
19495,24100,0,3
19654,24100,0,3
19813,24100,0,3
19812,24100,0,3
19494,24100,0,3
19653,24100,0,3
19655,24102,0,3
19654,24102,0,3
19814,24102,0,3
19813,24102,0,3
19811,24105,0,3
19652,24105,0,3
19810,24105,0,3
19809,24105,0,3
19651,24105,0,3
19650,24105,0,3
18858,24107,0,3
19017,24107,0,3
18857,24107,0,3
19016,24107,0,3
18856,24107,0,3
19015,24107,0,3
19175,24108,0,3
19334,24108,0,3
19493,24108,0,3
19174,24108,0,3
19333,24108,0,3
19492,24108,0,3
19813,24111,0,3
19972,24111,0,3
20131,24111,0,3
19812,24111,0,3
19971,24111,0,3
20130,24111,0,3
19813,24112,0,3
19972,24112,0,3
19812,24112,0,3
19971,24112,0,3
19655,24115,0,3
19654,24115,0,3
19814,24115,0,3
19813,24115,0,3
19812,24115,0,3
19653,24115,0,3
19493,24116,0,3
19652,24116,0,3
19492,24116,0,3
19651,24116,0,3
19491,24116,0,3
19650,24116,0,3
19811,24117,0,3
19810,24117,0,3
19969,24117,0,3
19809,24117,0,3
19651,24117,0,3
19650,24117,0,3
19812,24118,0,3
19971,24118,0,3
20130,24118,0,3
19811,24118,0,3
19970,24118,0,3
20129,24118,0,3
19969,24118,0,3
19813,24119,0,3
19972,24119,0,3
20131,24119,0,3
19812,24119,0,3
19971,24119,0,3
20130,24119,0,3
19814,24120,0,3
19973,24120,0,3
19813,24120,0,3
19972,24120,0,3
19812,24120,0,3
19971,24120,0,3
19493,24123,0,3
19652,24123,0,3
19810,24123,0,3
19492,24123,0,3
19651,24123,0,3
19491,24123,0,3
19650,24123,0,3
19177,24124,0,3
19336,24124,0,3
19176,24124,0,3
19335,24124,0,3
18858,24125,0,3
19017,24125,0,3
18857,24125,0,3
19016,24125,0,3
18858,24127,0,3
18698,24127,0,3
18857,24127,0,3
19016,24127,0,3
18697,24127,0,3
18856,24127,0,3
19015,24127,0,3
19017,24132,0,3
19016,24132,0,3
19176,24132,0,3
19175,24132,0,3
18859,24133,0,3
19018,24133,0,3
18858,24133,0,3
19017,24133,0,3
18857,24133,0,3
19016,24133,0,3
19812,24134,0,3
19971,24134,0,3
19811,24134,0,3
19970,24134,0,3
19653,24134,0,3
19652,24134,0,3
18699,24135,0,3
18858,24135,0,3
18698,24135,0,3
18857,24135,0,3
18697,24135,0,3
18856,24135,0,3
19811,24136,0,3
19493,24136,0,3
19652,24136,0,3
19810,24136,0,3
19492,24136,0,3
19651,24136,0,3
19175,24137,0,3
19334,24137,0,3
19174,24137,0,3
19333,24137,0,3
19177,24139,0,3
19018,24139,0,3
19017,24139,0,3
19176,24139,0,3
19654,24141,0,3
19813,24141,0,3
19812,24141,0,3
19653,24141,0,3
19812,24142,0,3
19971,24142,0,3
19811,24142,0,3
19970,24142,0,3
19654,24143,0,3
19813,24143,0,3
19972,24143,0,3
19812,24143,0,3
19653,24143,0,3
19811,24144,0,3
19652,24144,0,3
19810,24144,0,3
19809,24144,0,3
19651,24144,0,3
19650,24144,0,3
19813,24146,0,3
19972,24146,0,3
20131,24146,0,3
19812,24146,0,3
19971,24146,0,3
20130,24146,0,3
19970,24146,0,3
19972,24148,0,3
20131,24148,0,3
20290,24148,0,3
19971,24148,0,3
20130,24148,0,3
20289,24148,0,3
20129,24148,0,3
19017,24149,0,3
18857,24149,0,3
19016,24149,0,3
19175,24149,0,3
19174,24149,0,3
19015,24149,0,3
19971,24150,0,3
20130,24150,0,3
19970,24150,0,3
20129,24150,0,3
19655,24151,0,3
19654,24151,0,3
19814,24151,0,3
19813,24151,0,3
19812,24151,0,3
19653,24151,0,3
19812,24153,0,3
19971,24153,0,3
20130,24153,0,3
19811,24153,0,3
19970,24153,0,3
20129,24153,0,3
19493,24158,1,2
19652,24158,1,2
19810,24158,1,2
19492,24158,1,2
19651,24158,1,2
19812,24159,0,3
19811,24159,0,3
19970,24159,0,3
19810,24159,0,3
19969,24159,0,3
18858,24161,0,3
19017,24161,0,3
18698,24161,0,3
18857,24161,0,3
19016,24161,0,3
18856,24161,0,3
19015,24161,0,3
19177,24163,0,3
19018,24163,0,3
18858,24163,0,3
19017,24163,0,3
19016,24163,0,3
19176,24163,0,3
19811,24164,0,3
19652,24164,0,3
19810,24164,0,3
19809,24164,0,3
19651,24164,0,3
19650,24164,0,3
18859,24166,0,3
19018,24166,0,3
18858,24166,0,3
19017,24166,0,3
18857,24166,0,3
19016,24166,0,3
19971,24167,0,3
20130,24167,0,3
20289,24167,0,3
19970,24167,0,3
20129,24167,0,3
20288,24167,0,3
19971,24169,0,3
20130,24169,0,3
20289,24169,0,3
19970,24169,0,3
20129,24169,0,3
20288,24169,0,3
19813,24174,0,3
19972,24174,0,3
19812,24174,0,3
19971,24174,0,3
19811,24174,0,3
19970,24174,0,3
20129,24175,0,3
20288,24175,0,3
20128,24175,0,3
20287,24175,0,3
19811,24177,1,2
19970,24177,1,2
19810,24177,1,2
19969,24177,1,2
19496,24178,0,3
19655,24178,0,3
19495,24178,0,3
19654,24178,0,3
19654,24179,0,3
19813,24179,0,3
19812,24179,0,3
19811,24179,0,3
19494,24179,0,3
19653,24179,0,3
19652,24179,0,3
19814,24180,0,3
19973,24180,0,3
19813,24180,0,3
19972,24180,0,3
19812,24180,0,3
19971,24180,0,3
19972,24185,0,3
20131,24185,0,3
19812,24185,0,3
19971,24185,0,3
20130,24185,0,3
19970,24185,0,3
20129,24185,0,3
19971,24187,0,3
20130,24187,0,3
19970,24187,0,3
20129,24187,0,3
19654,24191,0,3
19813,24191,0,3
19812,24191,0,3
19811,24191,0,3
19653,24191,0,3
19652,24191,0,3
19812,24192,0,3
19971,24192,0,3
19811,24192,0,3
19970,24192,0,3
19652,24192,0,3
19810,24192,0,3
19969,24192,0,3
19812,24193,0,3
19971,24193,0,3
19811,24193,0,3
19970,24193,0,3
19810,24193,0,3
19969,24193,0,3
19496,24194,0,3
19655,24194,0,3
19495,24194,0,3
19654,24194,0,3
19813,24194,0,3
19494,24194,0,3
19653,24194,0,3
19972,24195,0,3
20131,24195,0,3
19971,24195,0,3
20130,24195,0,3
19970,24195,0,3
20129,24195,0,3
19654,24198,0,3
19813,24198,0,3
19812,24198,0,3
19653,24198,0,3
19493,24199,0,3
19652,24199,0,3
19492,24199,0,3
19651,24199,0,3
19491,24199,0,3
19650,24199,0,3
19175,24200,0,3
19334,24200,0,3
19174,24200,0,3
19333,24200,0,3
19812,24202,0,3
19811,24202,0,3
19653,24202,0,3
19652,24202,0,3
19810,24202,0,3
19651,24202,0,3
19812,24203,0,3
19811,24203,0,3
19653,24203,0,3
19652,24203,0,3
19810,24203,0,3
19651,24203,0,3
19813,24207,0,3
19972,24207,0,3
20131,24207,0,3
19812,24207,0,3
19971,24207,0,3
20130,24207,0,3
19334,24210,0,3
19493,24210,0,3
19652,24210,0,3
19333,24210,0,3
19492,24210,0,3
19651,24210,0,3
20131,24213,0,3
19971,24213,0,3
20130,24213,0,3
20289,24213,0,3
19970,24213,0,3
20129,24213,0,3
19495,24214,0,3
19654,24214,0,3
19494,24214,0,3
19653,24214,0,3
19812,24216,0,3
19971,24216,0,3
20130,24216,0,3
19811,24216,0,3
19970,24216,0,3
20129,24216,0,3
19811,24218,0,3
19652,24218,0,3
19810,24218,0,3
19651,24218,0,3
18858,24220,0,3
19017,24220,0,3
18857,24220,0,3
19016,24220,0,3
18698,24221,2,1
18857,24221,2,1
19016,24221,2,1
18697,24221,2,1
18856,24221,2,1
19015,24221,2,1
18858,24222,0,3
19017,24222,0,3
18857,24222,0,3
19016,24222,0,3
19176,24222,0,3
19175,24222,0,3
19972,24224,0,3
20131,24224,0,3
19971,24224,0,3
20130,24224,0,3
19176,24225,0,3
19335,24225,0,3
19494,24225,0,3
19175,24225,0,3
19334,24225,0,3
19493,24225,0,3
18387,24228,0,3
18228,24228,0,3
18227,24228,0,3
18386,24228,0,3
18387,24231,0,3
18546,24231,0,3
18386,24231,0,3
18545,24231,0,3
18389,24232,0,3
18548,24232,0,3
18388,24232,0,3
18547,24232,0,3
18387,24232,0,3
18546,24232,0,3
19179,24234,0,3
19020,24234,0,3
19178,24234,0,3
19019,24234,0,3
18389,24237,0,3
18548,24237,0,3
18707,24237,0,3
18388,24237,0,3
18547,24237,0,3
18706,24237,0,3
18227,24239,0,3
18226,24239,0,3
18386,24239,0,3
18545,24239,0,3
18385,24239,0,3
18388,24246,0,3
18547,24246,0,3
18387,24246,0,3
18546,24246,0,3
18386,24246,0,3
18545,24246,0,3
19179,24247,0,3
19020,24247,0,3
19178,24247,0,3
19019,24247,0,3
18389,24250,2,1
18548,24250,2,1
18388,24250,2,1
18547,24250,2,1
18230,24250,2,1
18229,24250,2,1
18069,24253,0,3
18228,24253,0,3
18068,24253,0,3
18227,24253,0,3
18387,24255,0,3
18228,24255,0,3
18227,24255,0,3
18386,24255,0,3
18387,24257,0,3
18228,24257,0,3
18227,24257,0,3
18386,24257,0,3
18389,24259,1,2
18548,24259,1,2
18388,24259,1,2
18547,24259,1,2
18546,24260,0,3
18386,24260,0,3
18545,24260,0,3
18704,24260,0,3
18385,24260,0,3
18544,24260,0,3
18068,24261,0,3
18227,24261,0,3
18067,24261,0,3
18226,24261,0,3
18388,24262,0,3
18547,24262,0,3
18387,24262,0,3
18546,24262,0,3
18389,24267,2,1
18388,24267,2,1
18230,24267,2,1
18229,24267,2,1
18388,24269,0,3
18387,24269,0,3
18070,24269,0,3
18229,24269,0,3
18069,24269,0,3
18228,24269,0,3
19178,24272,0,3
19177,24272,0,3
19019,24272,0,3
19018,24272,0,3
18388,24274,0,3
18387,24274,0,3
18229,24274,0,3
18228,24274,0,3
18070,24281,0,3
18229,24281,0,3
18069,24281,0,3
18228,24281,0,3
18068,24281,0,3
18227,24281,0,3
18700,24283,0,3
18859,24283,0,3
19018,24283,0,3
18699,24283,0,3
18858,24283,0,3
19017,24283,0,3
18547,24285,0,3
18387,24285,0,3
18546,24285,0,3
18705,24285,0,3
18386,24285,0,3
18545,24285,0,3
18226,24288,0,3
18225,24288,0,3
18385,24288,0,3
18544,24288,0,3
18384,24288,0,3
18543,24288,0,3
18387,24289,0,3
18069,24289,0,3
18228,24289,0,3
18068,24289,0,3
18227,24289,0,3
18386,24289,0,3
18387,24296,0,3
18069,24296,0,3
18228,24296,0,3
18068,24296,0,3
18227,24296,0,3
18226,24296,0,3
18386,24296,0,3
18388,24297,0,3
18387,24297,0,3
18229,24297,0,3
18228,24297,0,3
18700,24298,0,3
18859,24298,0,3
18699,24298,0,3
18858,24298,0,3
18070,24302,0,3
18229,24302,0,3
18069,24302,0,3
18228,24302,0,3
18068,24302,0,3
18227,24302,0,3
17911,24305,0,3
18070,24305,0,3
18229,24305,0,3
17910,24305,0,3
18069,24305,0,3
18228,24305,0,3
18068,24305,0,3
18859,24306,0,3
19018,24306,0,3
18699,24306,0,3
18858,24306,0,3
19017,24306,0,3
18857,24306,0,3
19016,24306,0,3
18549,24309,0,3
18389,24309,0,3
18548,24309,0,3
18707,24309,0,3
18388,24309,0,3
18547,24309,0,3
18389,24312,2,1
18388,24312,2,1
18387,24312,2,1
18230,24312,2,1
18229,24312,2,1
18070,24313,0,3
18229,24313,0,3
18069,24313,0,3
18228,24313,0,3
18068,24313,0,3
18227,24313,0,3
18700,24316,0,3
18859,24316,0,3
18699,24316,0,3
18858,24316,0,3
18701,24317,0,3
18860,24317,0,3
19019,24317,0,3
18700,24317,0,3
18859,24317,0,3
19018,24317,0,3
18860,24319,0,3
19019,24319,0,3
18859,24319,0,3
19018,24319,0,3
18858,24319,0,3
19017,24319,0,3
19177,24321,0,3
18859,24321,0,3
19018,24321,0,3
18858,24321,0,3
19017,24321,0,3
19176,24321,0,3
18861,24324,0,3
18701,24324,0,3
18860,24324,0,3
19019,24324,0,3
18859,24324,0,3
19018,24324,0,3
18389,24326,0,3
18388,24326,0,3
18387,24326,0,3
18230,24326,0,3
18229,24326,0,3
18228,24326,0,3
18860,24329,0,3
19019,24329,0,3
18859,24329,0,3
19018,24329,0,3
18387,24330,0,3
18069,24330,0,3
18228,24330,0,3
18068,24330,0,3
18227,24330,0,3
18226,24330,0,3
18386,24330,0,3
18700,24331,2,1
18859,24331,2,1
18699,24331,2,1
18858,24331,2,1
18387,24332,0,3
18069,24332,0,3
18228,24332,0,3
18068,24332,0,3
18227,24332,0,3
18386,24332,0,3
19180,24334,0,3
19179,24334,0,3
19338,24334,0,3
19020,24334,0,3
19178,24334,0,3
19337,24334,0,3
19019,24334,0,3
19178,24335,0,3
19177,24335,0,3
19019,24335,0,3
19018,24335,0,3
18388,24337,0,3
18547,24337,0,3
18706,24337,0,3
18387,24337,0,3
18546,24337,0,3
18705,24337,0,3
18069,24338,0,3
18228,24338,0,3
18068,24338,0,3
18227,24338,0,3
18067,24338,0,3
18226,24338,0,3
19177,24339,0,3
19018,24339,0,3
19017,24339,0,3
19176,24339,0,3
19178,24341,0,3
19177,24341,0,3
19019,24341,0,3
19018,24341,0,3
19017,24341,0,3
19176,24341,0,3
18859,24345,0,3
19018,24345,0,3
18858,24345,0,3
19017,24345,0,3
18859,24346,0,3
19018,24346,0,3
18858,24346,0,3
19017,24346,0,3
18859,24347,0,3
19018,24347,0,3
18858,24347,0,3
19017,24347,0,3
17910,24349,0,3
18069,24349,0,3
18228,24349,0,3
17909,24349,0,3
18068,24349,0,3
18227,24349,0,3
19177,24350,0,3
19019,24350,0,3
18859,24350,0,3
19018,24350,0,3
18858,24350,0,3
19017,24350,0,3
19176,24350,0,3
18385,24353,0,3
18544,24353,0,3
18384,24353,0,3
18543,24353,0,3
18383,24353,0,3
18542,24353,0,3
18225,24356,0,3
18224,24356,0,3
18384,24356,0,3
18543,24356,0,3
18383,24356,0,3
18542,24356,0,3
18388,24358,0,3
18547,24358,0,3
18387,24358,0,3
18546,24358,0,3
18069,24359,0,3
18228,24359,0,3
18068,24359,0,3
18227,24359,0,3
18700,24360,0,3
18859,24360,0,3
19018,24360,0,3
18699,24360,0,3
18858,24360,0,3
19017,24360,0,3
19178,24361,0,3
19177,24361,0,3
19019,24361,0,3
19018,24361,0,3
18387,24362,0,3
18546,24362,0,3
18386,24362,0,3
18545,24362,0,3
18700,24364,0,3
18859,24364,0,3
19018,24364,0,3
18699,24364,0,3
18858,24364,0,3
19017,24364,0,3
18545,24366,2,1
18704,24366,2,1
18544,24366,2,1
18703,24366,2,1
18387,24368,0,3
18070,24368,0,3
18229,24368,0,3
18069,24368,0,3
18228,24368,0,3
18227,24368,0,3
18068,24372,0,3
18227,24372,0,3
18067,24372,0,3
18226,24372,0,3
18066,24372,0,3
18225,24372,0,3
19179,24373,0,3
18861,24373,0,3
19020,24373,0,3
19178,24373,0,3
18860,24373,0,3
19019,24373,0,3
19018,24373,0,3
19178,24374,0,3
19177,24374,0,3
18860,24374,0,3
19019,24374,0,3
18859,24374,0,3
19018,24374,0,3
18859,24376,0,3
19018,24376,0,3
18858,24376,0,3
19017,24376,0,3
18387,24377,0,3
18546,24377,0,3
18386,24377,0,3
18545,24377,0,3
18385,24377,0,3
18544,24377,0,3
18860,24378,0,3
19019,24378,0,3
18859,24378,0,3
19018,24378,0,3
18858,24378,0,3
19017,24378,0,3
18701,24380,0,3
18860,24380,0,3
18700,24380,0,3
18859,24380,0,3
18389,24381,0,3
18548,24381,0,3
18388,24381,0,3
18547,24381,0,3
18387,24381,0,3
18546,24381,0,3
18860,24387,0,3
19019,24387,0,3
18859,24387,0,3
19018,24387,0,3
19178,24388,0,3
19177,24388,0,3
19019,24388,0,3
19018,24388,0,3
19017,24388,0,3
19176,24388,0,3
17910,24390,0,3
18069,24390,0,3
18228,24390,0,3
17909,24390,0,3
18068,24390,0,3
18227,24390,0,3
19177,24392,0,3
18859,24392,0,3
19018,24392,0,3
18858,24392,0,3
19017,24392,0,3
19176,24392,0,3
18389,24394,0,3
18548,24394,0,3
18388,24394,0,3
18547,24394,0,3
18861,24395,0,3
19020,24395,0,3
18860,24395,0,3
19019,24395,0,3
18859,24395,0,3
19018,24395,0,3
18860,24396,0,3
19019,24396,0,3
18859,24396,0,3
19018,24396,0,3
18389,24399,0,3
18548,24399,0,3
18707,24399,0,3
18388,24399,0,3
18547,24399,0,3
18706,24399,0,3
18701,24401,0,3
18860,24401,0,3
19019,24401,0,3
18700,24401,0,3
18859,24401,0,3
19018,24401,0,3
19177,24405,0,3
18860,24405,0,3
19019,24405,0,3
18859,24405,0,3
19018,24405,0,3
18858,24405,0,3
19017,24405,0,3
18389,24406,0,3
18548,24406,0,3
18388,24406,0,3
18547,24406,0,3
18706,24406,0,3
18387,24406,0,3
18546,24406,0,3
18387,24410,0,3
18546,24410,0,3
18705,24410,0,3
18386,24410,0,3
18545,24410,0,3
18704,24410,0,3
18544,24410,0,3
19178,24411,0,3
19177,24411,0,3
19019,24411,0,3
19018,24411,0,3
19017,24411,0,3
19176,24411,0,3
17911,24412,0,3
18070,24412,0,3
17910,24412,0,3
18069,24412,0,3
18228,24412,0,3
17909,24412,0,3
18068,24412,0,3
18701,24413,0,3
18860,24413,0,3
18700,24413,0,3
18859,24413,0,3
18070,24414,0,3
18229,24414,0,3
18069,24414,0,3
18228,24414,0,3
18069,24415,0,3
18228,24415,0,3
18068,24415,0,3
18227,24415,0,3
18227,24416,0,3
18226,24416,0,3
18386,24416,0,3
18385,24416,0,3
18387,24417,2,1
18546,24417,2,1
18705,24417,2,1
18386,24417,2,1
18545,24417,2,1
18704,24417,2,1
18388,24418,0,3
18547,24418,0,3
18387,24418,0,3
18546,24418,0,3
18229,24418,0,3
18228,24418,0,3
18387,24420,0,3
18546,24420,0,3
18228,24420,0,3
18227,24420,0,3
18386,24420,0,3
18545,24420,0,3
18389,24423,0,3
18388,24423,0,3
18387,24423,0,3
18230,24423,0,3
18229,24423,0,3
18228,24423,0,3
18861,24425,0,3
19020,24425,0,3
18860,24425,0,3
19019,24425,0,3
18859,24425,0,3
19018,24425,0,3
17911,24426,0,3
18070,24426,0,3
18229,24426,0,3
17910,24426,0,3
18069,24426,0,3
18228,24426,0,3
18068,24426,0,3
18549,24427,0,3
18389,24427,0,3
18548,24427,0,3
18707,24427,0,3
18388,24427,0,3
18547,24427,0,3
18706,24427,0,3
19177,24433,0,3
19018,24433,0,3
19017,24433,0,3
19176,24433,0,3
18070,24434,0,3
18229,24434,0,3
18069,24434,0,3
18228,24434,0,3
18227,24437,0,3
18226,24437,0,3
18386,24437,0,3
18385,24437,0,3
18227,24438,0,3
18226,24438,0,3
18386,24438,0,3
18385,24438,0,3
19179,24439,0,3
19020,24439,0,3
19178,24439,0,3
19019,24439,0,3
18227,24440,0,3
18226,24440,0,3
18386,24440,0,3
18545,24440,0,3
18385,24440,0,3
18544,24440,0,3
18070,24442,0,3
17910,24442,0,3
18069,24442,0,3
18228,24442,0,3
17909,24442,0,3
18068,24442,0,3
18227,24442,0,3
18860,24443,0,3
19019,24443,0,3
18700,24443,0,3
18859,24443,0,3
19018,24443,0,3
18858,24443,0,3
19017,24443,0,3
18388,24448,0,3
18547,24448,0,3
18387,24448,0,3
18546,24448,0,3
18229,24448,0,3
18228,24448,0,3
18069,24449,0,3
18228,24449,0,3
18068,24449,0,3
18227,24449,0,3
18067,24449,0,3
18226,24449,0,3
18701,24452,0,3
18860,24452,0,3
18700,24452,0,3
18859,24452,0,3
18699,24452,0,3
18858,24452,0,3
18861,24453,0,3
18701,24453,0,3
18860,24453,0,3
18700,24453,0,3
18859,24453,0,3
18861,24454,0,3
19020,24454,0,3
18860,24454,0,3
19019,24454,0,3
18859,24454,0,3
19018,24454,0,3
18388,24457,0,3
18547,24457,0,3
18387,24457,0,3
18546,24457,0,3
18386,24457,0,3
18545,24457,0,3
18859,24458,0,3
19018,24458,0,3
18858,24458,0,3
19017,24458,0,3
18857,24458,0,3
19016,24458,0,3
18389,24459,1,2
18388,24459,1,2
18387,24459,1,2
18230,24459,1,2
18229,24459,1,2
18228,24459,1,2
18388,24464,0,3
18387,24464,0,3
18229,24464,0,3
18069,24464,0,3
18228,24464,0,3
18700,24465,0,3
18859,24465,0,3
18699,24465,0,3
18858,24465,0,3
18387,24468,0,3
18546,24468,0,3
18386,24468,0,3
18545,24468,0,3
18388,24471,0,3
18387,24471,0,3
18070,24471,0,3
18229,24471,0,3
18069,24471,0,3
18228,24471,0,3
18389,24472,0,3
18548,24472,0,3
18707,24472,0,3
18388,24472,0,3
18547,24472,0,3
18706,24472,0,3
18387,24474,0,3
18546,24474,0,3
18228,24474,0,3
18227,24474,0,3
18386,24474,0,3
18545,24474,0,3
18700,24476,0,3
18859,24476,0,3
18699,24476,0,3
18858,24476,0,3
18698,24476,0,3
18857,24476,0,3
18388,24481,0,3
18547,24481,0,3
18387,24481,0,3
18546,24481,0,3
18229,24481,0,3
18228,24481,0,3
18386,24481,0,3
18860,24485,0,3
19019,24485,0,3
18859,24485,0,3
19018,24485,0,3
18388,24486,0,3
18387,24486,0,3
18546,24486,0,3
18229,24486,0,3
18228,24486,0,3
18700,24489,0,3
18859,24489,0,3
18699,24489,0,3
18858,24489,0,3
18387,24491,0,3
18228,24491,0,3
18227,24491,0,3
18386,24491,0,3
18701,24492,0,3
18860,24492,0,3
18700,24492,0,3
18859,24492,0,3
18859,24493,0,3
19018,24493,0,3
18858,24493,0,3
19017,24493,0,3
18860,24497,0,3
18700,24497,0,3
18859,24497,0,3
19018,24497,0,3
18699,24497,0,3
18858,24497,0,3
18700,24498,0,3
18859,24498,0,3
18699,24498,0,3
18858,24498,0,3
18698,24498,0,3
18857,24498,0,3
18388,24499,0,3
18387,24499,0,3
18546,24499,0,3
18228,24499,0,3
18227,24499,0,3
18386,24499,0,3
17911,24503,0,3
18070,24503,0,3
18229,24503,0,3
17910,24503,0,3
18069,24503,0,3
18228,24503,0,3
18389,24507,2,1
18548,24507,2,1
18388,24507,2,1
18547,24507,2,1
18227,24508,0,3
18226,24508,0,3
18386,24508,0,3
18385,24508,0,3
18389,24511,2,1
18388,24511,2,1
18230,24511,2,1
18229,24511,2,1
18388,24513,0,3
18547,24513,0,3
18387,24513,0,3
18546,24513,0,3
18228,24513,0,3
18386,24513,0,3
18545,24513,0,3
18387,24516,0,3
18229,24516,0,3
18069,24516,0,3
18228,24516,0,3
18068,24516,0,3
18227,24516,0,3
18386,24516,0,3
18701,24517,0,3
18860,24517,0,3
18700,24517,0,3
18859,24517,0,3
18699,24517,0,3
18858,24517,0,3
18388,24522,0,3
18547,24522,0,3
18387,24522,0,3
18546,24522,0,3
18540,24525,2,1
18699,24525,2,1
18858,24525,2,1
18698,24525,2,1
18857,24525,2,1
18700,24528,0,3
18859,24528,0,3
18699,24528,0,3
18858,24528,0,3
18698,24528,0,3
18857,24528,0,3
18228,24529,0,3
18068,24529,0,3
18227,24529,0,3
18226,24529,0,3
18386,24529,0,3
18385,24529,0,3
18388,24530,0,3
18387,24530,0,3
18229,24530,0,3
18228,24530,0,3
18386,24531,0,3
18545,24531,0,3
18385,24531,0,3
18544,24531,0,3
18701,24535,0,3
18860,24535,0,3
18700,24535,0,3
18859,24535,0,3
18387,24536,0,3
18546,24536,0,3
18228,24536,0,3
18227,24536,0,3
18386,24536,0,3
18545,24536,0,3
18388,24538,0,3
18547,24538,0,3
18387,24538,0,3
18546,24538,0,3
18229,24538,0,3
18228,24538,0,3
18069,24539,0,3
18228,24539,0,3
18068,24539,0,3
18227,24539,0,3
19179,24542,0,3
19338,24542,0,3
19020,24542,0,3
19178,24542,0,3
19019,24542,0,3
18700,24543,0,3
18859,24543,0,3
18699,24543,0,3
18858,24543,0,3
18388,24545,0,3
18387,24545,0,3
18229,24545,0,3
18228,24545,0,3
18227,24545,0,3
18386,24545,0,3
18069,24546,0,3
18228,24546,0,3
18068,24546,0,3
18227,24546,0,3
18549,24549,0,3
18708,24549,0,3
18389,24549,0,3
18548,24549,0,3
18707,24549,0,3
18547,24549,0,3
18706,24549,0,3
18226,24550,0,3
18066,24550,0,3
18225,24550,0,3
18224,24550,0,3
18385,24550,0,3
18384,24550,0,3
18383,24550,0,3
18227,24551,0,3
18226,24551,0,3
18386,24551,0,3
18545,24551,0,3
18385,24551,0,3
18544,24551,0,3
18389,24552,0,3
18548,24552,0,3
18388,24552,0,3
18547,24552,0,3
18387,24552,0,3
18546,24552,0,3
18387,24553,0,3
18228,24553,0,3
18227,24553,0,3
18226,24553,0,3
18386,24553,0,3
18385,24553,0,3
19345,24564,0,3
19504,24564,0,3
19344,24564,0,3
19503,24564,0,3
19346,24568,0,3
19505,24568,0,3
19345,24568,0,3
19504,24568,0,3
19346,24587,0,3
19505,24587,0,3
19345,24587,0,3
19504,24587,0,3
19347,24591,0,3
19506,24591,0,3
19665,24591,0,3
19346,24591,0,3
19505,24591,0,3
19664,24591,0,3
19504,24591,0,3
19505,24598,0,3
19664,24598,0,3
19504,24598,0,3
19663,24598,0,3
19026,24601,0,3
19185,24601,0,3
19184,24601,0,3
19025,24601,0,3
19346,24628,0,3
19505,24628,0,3
19345,24628,0,3
19504,24628,0,3
19822,24631,0,3
19821,24631,0,3
19504,24631,0,3
19663,24631,0,3
19503,24631,0,3
19662,24631,0,3
19026,24637,0,3
19185,24637,0,3
19344,24637,0,3
19184,24637,0,3
19343,24637,0,3
19025,24637,0,3
19505,24641,0,3
19664,24641,0,3
19504,24641,0,3
19663,24641,0,3
19503,24641,0,3
19662,24641,0,3
19339,24667,1,2
19498,24667,1,2
19338,24667,1,2
19497,24667,1,2
19504,24671,0,3
19663,24671,0,3
19503,24671,0,3
19662,24671,0,3
19346,24681,0,3
19505,24681,0,3
19345,24681,0,3
19504,24681,0,3
19026,24698,2,1
19185,24698,2,1
19184,24698,2,1
19025,24698,2,1
19024,24698,2,1
19183,24698,2,1
19346,24700,0,3
19505,24700,0,3
19345,24700,0,3
19504,24700,0,3
19506,24701,0,3
19665,24701,0,3
19505,24701,0,3
19664,24701,0,3
19504,24701,0,3
19663,24701,0,3
19506,24705,0,3
19346,24705,0,3
19505,24705,0,3
19664,24705,0,3
19345,24705,0,3
19504,24705,0,3
19505,24708,0,3
19664,24708,0,3
19822,24708,0,3
19504,24708,0,3
19663,24708,0,3
19662,24708,0,3
19822,24709,0,3
19504,24709,0,3
19663,24709,0,3
19503,24709,0,3
19662,24709,0,3
19346,24717,0,3
19505,24717,0,3
19186,24717,0,3
19345,24717,0,3
19504,24717,0,3
19344,24717,0,3
19503,24717,0,3
19505,24724,0,3
19345,24724,0,3
19504,24724,0,3
19663,24724,0,3
19344,24724,0,3
19503,24724,0,3
19662,24724,0,3
19346,24727,0,3
19505,24727,0,3
19664,24727,0,3
19345,24727,0,3
19504,24727,0,3
19663,24727,0,3
19817,24736,0,3
19816,24736,0,3
19658,24736,0,3
19657,24736,0,3
19504,24737,0,3
19663,24737,0,3
19503,24737,0,3
19662,24737,0,3
19027,24754,0,3
19026,24754,0,3
19186,24754,0,3
19185,24754,0,3
19184,24754,0,3
19025,24754,0,3
19347,24769,0,3
19506,24769,0,3
19346,24769,0,3
19505,24769,0,3
19345,24769,0,3
19504,24769,0,3
19504,24772,0,3
19663,24772,0,3
19503,24772,0,3
19662,24772,0,3
19505,24776,0,3
19664,24776,0,3
19345,24776,0,3
19504,24776,0,3
19663,24776,0,3
19503,24776,0,3
19662,24776,0,3
19346,24785,0,3
19505,24785,0,3
19664,24785,0,3
19345,24785,0,3
19504,24785,0,3
19663,24785,0,3
19505,24794,0,3
19345,24794,0,3
19504,24794,0,3
19663,24794,0,3
19503,24794,0,3
19662,24794,0,3
19027,24802,0,3
19026,24802,0,3
19186,24802,0,3
19185,24802,0,3
19184,24802,0,3
19025,24802,0,3
19664,24824,0,3
19823,24824,0,3
19822,24824,0,3
19821,24824,0,3
19504,24824,0,3
19663,24824,0,3
19662,24824,0,3
19504,24827,0,3
19663,24827,0,3
19503,24827,0,3
19662,24827,0,3
19346,24830,0,3
19505,24830,0,3
19186,24830,0,3
19345,24830,0,3
19504,24830,0,3
19344,24830,0,3
19503,24830,0,3
19027,24833,0,3
19026,24833,0,3
19186,24833,0,3
19185,24833,0,3
19184,24833,0,3
19025,24833,0,3
19505,24836,0,3
19664,24836,0,3
19504,24836,0,3
19663,24836,0,3
19503,24836,0,3
19662,24836,0,3
19346,24837,0,3
19505,24837,0,3
19345,24837,0,3
19504,24837,0,3
19187,24839,0,3
19346,24839,0,3
19505,24839,0,3
19186,24839,0,3
19345,24839,0,3
19504,24839,0,3
27587,24845,0,3
27428,24845,0,3
27586,24845,0,3
27427,24845,0,3
27585,24845,0,3
27426,24845,0,3
24880,24850,0,3
25039,24850,0,3
24879,24850,0,3
25038,24850,0,3
27898,24851,0,3
28057,24851,0,3
27897,24851,0,3
28056,24851,0,3
27896,24851,0,3
28055,24851,0,3
25204,24860,0,3
25363,24860,0,3
25522,24860,0,3
25203,24860,0,3
25362,24860,0,3
27744,24869,0,3
27584,24869,0,3
27743,24869,0,3
27902,24869,0,3
27583,24869,0,3
27742,24869,0,3
27901,24869,0,3
26321,24870,0,3
26480,24870,0,3
26320,24870,0,3
26479,24870,0,3
26638,24870,0,3
26319,24870,0,3
26478,24870,0,3
28539,24876,0,3
28698,24876,0,3
28857,24876,0,3
28538,24876,0,3
28697,24876,0,3
28856,24876,0,3
27586,24879,1,2
27427,24879,1,2
27585,24879,1,2
27426,24879,1,2
29174,24881,0,3
29333,24881,0,3
29173,24881,0,3
29332,24881,0,3
25682,24882,0,3
25841,24882,0,3
25681,24882,0,3
25840,24882,0,3
25683,24887,0,3
25365,24887,0,3
25524,24887,0,3
25682,24887,0,3
25364,24887,0,3
25523,24887,0,3
26798,24890,0,3
26957,24890,0,3
26797,24890,0,3
26956,24890,0,3
26798,24894,0,3
26957,24894,0,3
26797,24894,0,3
26956,24894,0,3
26796,24894,0,3
26955,24894,0,3
25368,24898,0,3
25527,24898,0,3
25367,24898,0,3
25526,24898,0,3
25366,24898,0,3
25525,24898,0,3
27586,24899,1,2
27427,24899,1,2
27585,24899,1,2
27426,24899,1,2
27584,24899,1,2
27425,24899,1,2
25681,24901,1,2
25680,24901,1,2
25839,24901,1,2
25521,24901,1,2
25679,24901,1,2
25520,24901,1,2
25682,24905,0,3
25841,24905,0,3
25681,24905,0,3
25840,24905,0,3
25680,24905,0,3
25839,24905,0,3
25367,24906,0,3
25526,24906,0,3
25366,24906,0,3
25525,24906,0,3
25682,24907,1,2
25841,24907,1,2
25681,24907,1,2
25840,24907,1,2
25680,24907,1,2
25839,24907,1,2
29175,24910,0,3
29334,24910,0,3
29174,24910,0,3
29333,24910,0,3
29173,24910,0,3
29332,24910,0,3
25204,24918,1,2
25363,24918,1,2
25203,24918,1,2
25362,24918,1,2
25683,24925,0,3
25365,24925,0,3
25524,24925,0,3
25682,24925,0,3
25364,24925,0,3
25523,24925,0,3
26798,24927,0,3
26957,24927,0,3
26797,24927,0,3
26956,24927,0,3
25683,24933,0,3
25524,24933,0,3
25682,24933,0,3
25523,24933,0,3
27585,24935,0,3
27744,24935,0,3
27584,24935,0,3
27743,24935,0,3
27583,24935,0,3
27742,24935,0,3
27585,24936,0,3
27744,24936,0,3
27903,24936,0,3
27584,24936,0,3
27743,24936,0,3
27902,24936,0,3
27742,24936,0,3
27898,24937,0,3
27738,24937,0,3
27897,24937,0,3
28056,24937,0,3
27737,24937,0,3
27896,24937,0,3
28055,24937,0,3
25368,24938,0,3
25527,24938,0,3
25367,24938,0,3
25526,24938,0,3
24880,24939,0,3
25039,24939,0,3
24879,24939,0,3
25038,24939,0,3
27742,24940,1,2
27901,24940,1,2
27741,24940,1,2
27900,24940,1,2
28059,24940,1,2
27740,24940,1,2
27899,24940,1,2
27584,24941,0,3
27743,24941,0,3
27583,24941,0,3
27742,24941,0,3
27898,24942,0,3
28057,24942,0,3
27738,24942,0,3
27897,24942,0,3
28056,24942,0,3
27896,24942,0,3
28055,24942,0,3
27744,24943,0,3
27903,24943,0,3
27584,24943,0,3
27743,24943,0,3
27902,24943,0,3
27742,24943,0,3
27901,24943,0,3
27742,24946,0,3
27901,24946,0,3
27741,24946,0,3
27900,24946,0,3
25039,24949,0,3
25198,24949,0,3
25038,24949,0,3
25197,24949,0,3
25367,24957,0,3
25526,24957,0,3
25366,24957,0,3
25525,24957,0,3
26162,24960,2,1
26321,24960,2,1
26480,24960,2,1
26320,24960,2,1
26479,24960,2,1
24882,24962,0,3
25041,24962,0,3
24881,24962,0,3
25040,24962,0,3
26321,24968,0,3
26480,24968,0,3
26320,24968,0,3
26479,24968,0,3
26638,24968,0,3
26319,24968,0,3
26478,24968,0,3
24882,24979,2,1
25041,24979,2,1
24881,24979,2,1
25040,24979,2,1
24880,24979,2,1
25039,24979,2,1
27584,24984,0,3
27743,24984,0,3
27902,24984,0,3
27583,24984,0,3
27742,24984,0,3
27901,24984,0,3
24880,24989,0,3
25039,24989,0,3
25198,24989,0,3
24879,24989,0,3
25038,24989,0,3
25197,24989,0,3
27898,24998,0,3
28057,24998,0,3
27897,24998,0,3
28056,24998,0,3
27896,24998,0,3
28055,24998,0,3
21081,25001,0,3
21080,25001,0,3
20922,25001,0,3
20921,25001,0,3
21079,25001,0,3
20920,25001,0,3
21398,25009,1,2
21557,25009,1,2
21397,25009,1,2
21556,25009,1,2
21400,25010,0,3
21559,25010,0,3
21240,25010,0,3
21399,25010,0,3
21558,25010,0,3
21398,25010,0,3
21557,25010,0,3
21082,25011,0,3
21241,25011,0,3
21081,25011,0,3
21240,25011,0,3
21080,25011,0,3
21239,25011,0,3
21716,25014,0,3
21398,25014,0,3
21557,25014,0,3
21397,25014,0,3
21556,25014,0,3
21715,25014,0,3
21239,25019,1,2
21398,25019,1,2
21557,25019,1,2
21238,25019,1,2
21397,25019,1,2
21556,25019,1,2
21240,25021,0,3
21399,25021,0,3
21239,25021,0,3
21398,25021,0,3
21240,25024,0,3
21399,25024,0,3
21239,25024,0,3
21398,25024,0,3
21239,25025,0,3
21398,25025,0,3
21238,25025,0,3
21397,25025,0,3
21241,25028,0,3
21400,25028,0,3
21240,25028,0,3
21399,25028,0,3
21239,25028,0,3
21398,25028,0,3
21241,25030,0,3
21400,25030,0,3
21240,25030,0,3
21399,25030,0,3
20604,25031,0,3
20763,25031,0,3
20922,25031,0,3
20603,25031,0,3
20762,25031,0,3
20921,25031,0,3
20604,25039,0,3
20763,25039,0,3
20922,25039,0,3
20603,25039,0,3
20762,25039,0,3
20921,25039,0,3
20763,25048,0,3
20922,25048,0,3
20762,25048,0,3
20921,25048,0,3
22514,25050,0,3
22673,25050,0,3
22513,25050,0,3
22672,25050,0,3
22512,25050,0,3
22671,25050,0,3
21080,25056,0,3
21239,25056,0,3
21079,25056,0,3
21238,25056,0,3
20763,25059,0,3
20922,25059,0,3
20762,25059,0,3
20921,25059,0,3
21082,25061,0,3
21241,25061,0,3
21081,25061,0,3
21240,25061,0,3
21240,25062,2,1
21399,25062,2,1
21558,25062,2,1
21239,25062,2,1
21398,25062,2,1
21557,25062,2,1
21082,25064,0,3
21241,25064,0,3
21081,25064,0,3
21240,25064,0,3
21080,25064,0,3
21239,25064,0,3
21082,25068,0,3
21081,25068,0,3
20923,25068,0,3
20922,25068,0,3
21081,25070,0,3
21080,25070,0,3
20922,25070,0,3
20762,25070,0,3
20921,25070,0,3
21082,25073,0,3
21081,25073,0,3
20923,25073,0,3
20922,25073,0,3
21081,25074,0,3
21080,25074,0,3
20923,25074,0,3
20763,25074,0,3
20922,25074,0,3
20762,25074,0,3
20921,25074,0,3
21081,25078,0,3
21080,25078,0,3
20922,25078,0,3
20921,25078,0,3
22513,25084,0,3
22354,25084,0,3
22353,25084,0,3
22512,25084,0,3
20604,25086,0,3
20763,25086,0,3
20922,25086,0,3
20603,25086,0,3
20762,25086,0,3
20921,25086,0,3
21875,25088,0,3
22034,25088,0,3
21874,25088,0,3
22033,25088,0,3
22035,25092,0,3
22194,25092,0,3
22034,25092,0,3
22193,25092,0,3
21081,25094,0,3
21080,25094,0,3
20922,25094,0,3
20921,25094,0,3
21079,25094,0,3
20920,25094,0,3
21080,25097,0,3
21239,25097,0,3
21079,25097,0,3
21238,25097,0,3
22034,25113,0,3
22193,25113,0,3
21874,25113,0,3
22033,25113,0,3
22192,25113,0,3
21080,25114,0,3
20922,25114,0,3
20762,25114,0,3
20921,25114,0,3
21079,25114,0,3
20920,25114,0,3
22514,25117,0,3
22673,25117,0,3
22513,25117,0,3
22672,25117,0,3
22512,25117,0,3
22671,25117,0,3
21081,25118,0,3
21240,25118,0,3
21399,25118,0,3
21080,25118,0,3
21239,25118,0,3
21398,25118,0,3
21238,25118,0,3
22514,25120,0,3
22513,25120,0,3
22355,25120,0,3
22354,25120,0,3
22353,25120,0,3
22512,25120,0,3
20604,25122,0,3
20763,25122,0,3
20922,25122,0,3
20603,25122,0,3
20762,25122,0,3
20921,25122,0,3
21081,25124,0,3
21240,25124,0,3
21080,25124,0,3
20922,25124,0,3
20921,25124,0,3
21239,25124,0,3
21079,25124,0,3
21082,25125,0,3
21081,25125,0,3
21080,25125,0,3
20923,25125,0,3
20922,25125,0,3
20921,25125,0,3
20763,25127,0,3
20922,25127,0,3
20762,25127,0,3
20921,25127,0,3
20761,25127,0,3
20920,25127,0,3
21082,25128,0,3
21241,25128,0,3
21081,25128,0,3
21240,25128,0,3
21081,25133,0,3
21080,25133,0,3
20922,25133,0,3
20921,25133,0,3
20920,25133,0,3
21081,25135,0,3
21080,25135,0,3
20922,25135,0,3
20921,25135,0,3
21079,25135,0,3
20920,25135,0,3
21875,25136,0,3
22034,25136,0,3
21874,25136,0,3
22033,25136,0,3
22192,25136,0,3
21081,25137,0,3
21240,25137,0,3
21080,25137,0,3
20922,25137,0,3
20921,25137,0,3
21239,25137,0,3
21081,25138,0,3
21240,25138,0,3
21399,25138,0,3
21080,25138,0,3
21239,25138,0,3
21398,25138,0,3
21081,25139,0,3
21080,25139,0,3
20922,25139,0,3
20921,25139,0,3
21398,25144,0,3
21557,25144,0,3
21397,25144,0,3
21556,25144,0,3
21082,25145,0,3
21081,25145,0,3
21080,25145,0,3
20923,25145,0,3
20922,25145,0,3
20921,25145,0,3
22513,25147,0,3
22195,25147,0,3
22354,25147,0,3
22194,25147,0,3
22353,25147,0,3
22512,25147,0,3
21081,25148,0,3
21240,25148,0,3
21080,25148,0,3
21239,25148,0,3
21242,25153,0,3
21401,25153,0,3
21241,25153,0,3
21400,25153,0,3
21398,25156,2,1
21557,25156,2,1
21397,25156,2,1
21556,25156,2,1
21081,25157,0,3
21080,25157,0,3
20922,25157,0,3
20921,25157,0,3
21079,25157,0,3
20920,25157,0,3
21241,25166,0,3
21081,25166,0,3
21240,25166,0,3
21399,25166,0,3
21080,25166,0,3
21239,25166,0,3
20763,25175,0,3
20922,25175,0,3
20762,25175,0,3
20921,25175,0,3
21080,25176,0,3
21239,25176,0,3
21079,25176,0,3
21238,25176,0,3
20763,25182,0,3
20922,25182,0,3
20762,25182,0,3
20921,25182,0,3
20761,25182,0,3
20920,25182,0,3
21081,25183,0,3
21080,25183,0,3
20922,25183,0,3
20921,25183,0,3
20763,25185,0,3
20922,25185,0,3
20762,25185,0,3
20921,25185,0,3
20763,25196,0,3
20922,25196,0,3
20762,25196,0,3
20921,25196,0,3
21241,25197,0,3
21081,25197,0,3
21240,25197,0,3
21399,25197,0,3
21080,25197,0,3
21239,25197,0,3
21398,25197,0,3
20763,25203,0,3
20922,25203,0,3
20762,25203,0,3
20921,25203,0,3
21400,25205,0,3
21559,25205,0,3
21399,25205,0,3
21558,25205,0,3
21398,25205,0,3
21557,25205,0,3
22513,25206,0,3
22354,25206,0,3
22353,25206,0,3
22512,25206,0,3
21082,25207,0,3
21241,25207,0,3
21400,25207,0,3
21081,25207,0,3
21240,25207,0,3
21399,25207,0,3
21082,25210,0,3
21081,25210,0,3
21080,25210,0,3
20923,25210,0,3
20763,25210,0,3
20922,25210,0,3
20921,25210,0,3
21082,25212,0,3
21081,25212,0,3
21240,25212,0,3
21080,25212,0,3
20923,25212,0,3
20922,25212,0,3
20921,25212,0,3
21081,25213,0,3
21080,25213,0,3
20922,25213,0,3
20921,25213,0,3
21241,25216,0,3
21400,25216,0,3
21559,25216,0,3
21240,25216,0,3
21399,25216,0,3
21558,25216,0,3
21082,25219,0,3
21241,25219,0,3
21400,25219,0,3
21081,25219,0,3
21240,25219,0,3
21399,25219,0,3
21239,25219,0,3
22514,25222,0,3
22513,25222,0,3
22355,25222,0,3
22354,25222,0,3
22353,25222,0,3
22512,25222,0,3
21081,25226,0,3
21240,25226,0,3
21080,25226,0,3
21239,25226,0,3
21081,25227,0,3
21240,25227,0,3
21080,25227,0,3
21239,25227,0,3
21080,25230,0,3
20921,25230,0,3
21239,25230,0,3
21079,25230,0,3
21238,25230,0,3
20920,25230,0,3
21080,25231,0,3
20921,25231,0,3
21239,25231,0,3
21079,25231,0,3
21238,25231,0,3
20920,25231,0,3
21081,25232,0,3
21080,25232,0,3
20922,25232,0,3
20921,25232,0,3
21242,25241,0,3
21401,25241,0,3
21241,25241,0,3
21400,25241,0,3
21240,25241,0,3
21399,25241,0,3
21081,25242,0,3
21080,25242,0,3
20763,25242,0,3
20922,25242,0,3
20762,25242,0,3
20921,25242,0,3
20920,25242,0,3
21081,25247,0,3
21080,25247,0,3
20922,25247,0,3
20921,25247,0,3
21081,25248,0,3
21240,25248,0,3
21080,25248,0,3
21239,25248,0,3
21398,25248,0,3
21079,25248,0,3
21238,25248,0,3
21716,25249,1,2
21398,25249,1,2
21557,25249,1,2
21397,25249,1,2
21556,25249,1,2
21715,25249,1,2
21398,25250,2,1
21557,25250,2,1
21397,25250,2,1
21556,25250,2,1
21082,25252,0,3
21241,25252,0,3
21081,25252,0,3
21240,25252,0,3
21080,25252,0,3
20923,25252,0,3
20922,25252,0,3
22513,25262,0,3
22354,25262,0,3
22353,25262,0,3
22512,25262,0,3
21716,25263,0,3
21398,25263,0,3
21557,25263,0,3
21397,25263,0,3
21556,25263,0,3
21715,25263,0,3
21082,25264,0,3
21081,25264,0,3
21240,25264,0,3
21080,25264,0,3
20922,25264,0,3
21239,25264,0,3
21082,25265,0,3
21241,25265,0,3
21081,25265,0,3
21240,25265,0,3
20923,25265,0,3
20922,25265,0,3
21082,25266,0,3
21241,25266,0,3
21081,25266,0,3
21240,25266,0,3
21080,25266,0,3
21239,25266,0,3
20763,25267,0,3
20922,25267,0,3
20762,25267,0,3
20921,25267,0,3
21082,25270,0,3
21241,25270,0,3
21081,25270,0,3
21240,25270,0,3
20923,25270,0,3
20922,25270,0,3
21081,25271,0,3
21080,25271,0,3
20763,25271,0,3
20922,25271,0,3
20762,25271,0,3
20921,25271,0,3
21080,25275,0,3
21239,25275,0,3
21079,25275,0,3
21238,25275,0,3
21083,25276,0,3
21242,25276,0,3
21401,25276,0,3
21082,25276,0,3
21241,25276,0,3
21400,25276,0,3
21240,25276,0,3
21082,25277,0,3
21241,25277,0,3
21081,25277,0,3
21240,25277,0,3
21081,25280,0,3
21080,25280,0,3
20763,25280,0,3
20922,25280,0,3
20762,25280,0,3
20921,25280,0,3
21081,25285,0,3
21240,25285,0,3
21080,25285,0,3
20922,25285,0,3
20921,25285,0,3
21242,25291,0,3
21401,25291,0,3
21241,25291,0,3
21400,25291,0,3
21240,25291,0,3
21399,25291,0,3
20763,25296,0,3
20922,25296,0,3
20762,25296,0,3
20921,25296,0,3
20761,25296,0,3
20920,25296,0,3
21081,25298,0,3
21080,25298,0,3
20922,25298,0,3
20921,25298,0,3
21079,25298,0,3
20920,25298,0,3
21716,25299,0,3
21557,25299,0,3
21397,25299,0,3
21556,25299,0,3
21715,25299,0,3
21555,25299,0,3
21080,25314,1,2
21239,25314,1,2
21398,25314,1,2
21079,25314,1,2
21238,25314,1,2
21397,25314,1,2
21081,25323,0,3
21240,25323,0,3
21399,25323,0,3
21080,25323,0,3
21239,25323,0,3
21398,25323,0,3
21080,25327,0,3
21239,25327,0,3
21079,25327,0,3
21238,25327,0,3
22034,25336,0,3
22193,25336,0,3
22033,25336,0,3
22192,25336,0,3
22032,25336,0,3
22191,25336,0,3
21084,25362,0,3
21083,25362,0,3
20925,25362,0,3
20924,25362,0,3
20605,25370,0,3
20764,25370,0,3
20923,25370,0,3
20604,25370,0,3
20763,25370,0,3
20922,25370,0,3
20765,25373,2,1
20924,25373,2,1
20764,25373,2,1
20923,25373,2,1
21084,25375,0,3
21083,25375,0,3
20925,25375,0,3
20924,25375,0,3
21085,25376,0,3
21244,25376,0,3
21084,25376,0,3
21243,25376,0,3
21083,25376,0,3
21242,25376,0,3
20447,25379,0,3
20606,25379,0,3
20765,25379,0,3
20446,25379,0,3
20605,25379,0,3
20764,25379,0,3
20604,25379,0,3
20765,25380,0,3
20924,25380,0,3
21082,25380,0,3
20764,25380,0,3
20923,25380,0,3
20763,25380,0,3
20922,25380,0,3
21083,25381,0,3
20924,25381,0,3
21082,25381,0,3
21081,25381,0,3
20923,25381,0,3
20922,25381,0,3
20446,25387,0,3
20605,25387,0,3
20445,25387,0,3
20604,25387,0,3
20765,25389,0,3
20924,25389,0,3
20764,25389,0,3
20923,25389,0,3
20763,25389,0,3
20922,25389,0,3
21084,25390,0,3
21083,25390,0,3
20766,25390,0,3
20925,25390,0,3
20765,25390,0,3
20924,25390,0,3
20447,25391,0,3
20606,25391,0,3
20765,25391,0,3
20446,25391,0,3
20605,25391,0,3
20764,25391,0,3
20606,25395,0,3
20765,25395,0,3
20605,25395,0,3
20764,25395,0,3
20604,25395,0,3
20763,25395,0,3
20446,25400,0,3
20605,25400,0,3
20445,25400,0,3
20604,25400,0,3
20287,25400,0,3
20286,25400,0,3
20447,25401,0,3
20446,25401,0,3
20445,25401,0,3
20288,25401,0,3
20287,25401,0,3
20286,25401,0,3
20445,25402,0,3
20604,25402,0,3
20763,25402,0,3
20444,25402,0,3
20603,25402,0,3
20762,25402,0,3
21084,25403,0,3
21083,25403,0,3
20925,25403,0,3
20924,25403,0,3
20926,25404,0,3
21084,25404,0,3
21083,25404,0,3
20766,25404,0,3
20925,25404,0,3
20765,25404,0,3
20924,25404,0,3
20447,25407,0,3
20606,25407,0,3
20765,25407,0,3
20446,25407,0,3
20605,25407,0,3
20764,25407,0,3
20606,25408,0,3
20765,25408,0,3
20605,25408,0,3
20764,25408,0,3
20604,25408,0,3
20763,25408,0,3
21084,25410,0,3
21243,25410,0,3
21083,25410,0,3
21242,25410,0,3
20446,25418,0,3
20445,25418,0,3
20287,25418,0,3
20286,25418,0,3
20605,25423,0,3
20764,25423,0,3
20604,25423,0,3
20763,25423,0,3
20603,25423,0,3
20762,25423,0,3
20448,25425,0,3
20447,25425,0,3
20289,25425,0,3
20288,25425,0,3
20446,25427,0,3
20605,25427,0,3
20445,25427,0,3
20604,25427,0,3
20763,25427,0,3
20764,25428,0,3
20923,25428,0,3
20763,25428,0,3
20922,25428,0,3
21085,25429,0,3
20767,25429,0,3
20926,25429,0,3
21084,25429,0,3
20766,25429,0,3
20925,25429,0,3
20924,25429,0,3
20445,25430,0,3
20604,25430,0,3
20763,25430,0,3
20444,25430,0,3
20603,25430,0,3
20762,25430,0,3
21083,25433,0,3
21242,25433,0,3
20924,25433,0,3
21082,25433,0,3
21241,25433,0,3
21081,25433,0,3
20923,25433,0,3
21084,25434,0,3
21083,25434,0,3
20925,25434,0,3
20924,25434,0,3
20446,25435,0,3
20605,25435,0,3
20445,25435,0,3
20604,25435,0,3
20444,25435,0,3
20603,25435,0,3
20446,25436,0,3
20445,25436,0,3
20287,25436,0,3
20286,25436,0,3
21084,25437,0,3
21083,25437,0,3
20925,25437,0,3
20765,25437,0,3
20924,25437,0,3
21082,25437,0,3
20923,25437,0,3
21085,25439,0,3
20926,25439,0,3
21084,25439,0,3
21243,25439,0,3
21083,25439,0,3
20925,25439,0,3
20924,25439,0,3
20448,25440,0,3
20607,25440,0,3
20447,25440,0,3
20606,25440,0,3
20446,25440,0,3
20605,25440,0,3
21084,25442,0,3
20766,25442,0,3
20925,25442,0,3
20765,25442,0,3
20924,25442,0,3
20765,25449,0,3
20924,25449,0,3
20764,25449,0,3
20923,25449,0,3
20446,25450,0,3
20605,25450,0,3
20764,25450,0,3
20445,25450,0,3
20604,25450,0,3
20763,25450,0,3
20446,25451,0,3
20605,25451,0,3
20445,25451,0,3
20604,25451,0,3
20287,25451,0,3
20447,25460,0,3
20606,25460,0,3
20446,25460,0,3
20605,25460,0,3
20764,25460,0,3
20445,25460,0,3
20604,25460,0,3
20604,25461,0,3
20763,25461,0,3
20603,25461,0,3
20762,25461,0,3
21085,25464,0,3
20926,25464,0,3
21084,25464,0,3
21083,25464,0,3
20925,25464,0,3
20924,25464,0,3
21084,25468,0,3
21083,25468,0,3
20925,25468,0,3
20924,25468,0,3
20448,25470,0,3
20607,25470,0,3
20447,25470,0,3
20606,25470,0,3
20446,25470,0,3
20605,25470,0,3
20447,25471,0,3
20446,25471,0,3
20288,25471,0,3
20287,25471,0,3
20447,25473,0,3
20606,25473,0,3
20446,25473,0,3
20605,25473,0,3
20765,25474,0,3
20924,25474,0,3
20764,25474,0,3
20923,25474,0,3
20446,25476,0,3
20605,25476,0,3
20445,25476,0,3
20604,25476,0,3
21085,25477,0,3
20926,25477,0,3
21084,25477,0,3
21083,25477,0,3
20925,25477,0,3
20924,25477,0,3
20446,25478,0,3
20605,25478,0,3
20445,25478,0,3
20604,25478,0,3
20444,25478,0,3
20603,25478,0,3
20447,25480,0,3
20446,25480,0,3
20288,25480,0,3
20287,25480,0,3
21085,25481,0,3
20926,25481,0,3
21084,25481,0,3
21083,25481,0,3
20925,25481,0,3
20924,25481,0,3
20605,25482,0,3
20764,25482,0,3
20604,25482,0,3
20763,25482,0,3
20603,25482,0,3
20762,25482,0,3
20605,25483,0,3
20764,25483,0,3
20923,25483,0,3
20604,25483,0,3
20763,25483,0,3
20922,25483,0,3
21084,25485,0,3
21083,25485,0,3
20925,25485,0,3
20924,25485,0,3
21083,25486,0,3
20924,25486,0,3
21082,25486,0,3
20923,25486,0,3
20448,25487,0,3
20447,25487,0,3
20446,25487,0,3
20289,25487,0,3
20288,25487,0,3
20287,25487,0,3
20605,25488,0,3
20764,25488,0,3
20604,25488,0,3
20763,25488,0,3
20603,25488,0,3
20762,25488,0,3
20446,25495,0,3
20605,25495,0,3
20764,25495,0,3
20445,25495,0,3
20604,25495,0,3
20763,25495,0,3
20448,25496,0,3
20447,25496,0,3
20606,25496,0,3
20446,25496,0,3
20605,25496,0,3
20288,25496,0,3
20287,25496,0,3
20447,25503,0,3
20446,25503,0,3
20288,25503,0,3
20287,25503,0,3
20605,25504,0,3
20445,25504,0,3
20604,25504,0,3
20763,25504,0,3
20444,25504,0,3
20603,25504,0,3
20762,25504,0,3
21084,25509,0,3
21083,25509,0,3
20925,25509,0,3
20924,25509,0,3
20446,25511,0,3
20605,25511,0,3
20445,25511,0,3
20604,25511,0,3
20444,25511,0,3
20603,25511,0,3
20446,25512,0,3
20605,25512,0,3
20445,25512,0,3
20604,25512,0,3
20444,25512,0,3
20603,25512,0,3
20764,25513,0,3
20923,25513,0,3
20604,25513,0,3
20763,25513,0,3
20922,25513,0,3
20762,25513,0,3
20448,25520,0,3
20447,25520,0,3
20289,25520,0,3
20288,25520,0,3
20765,25521,2,1
20924,25521,2,1
20764,25521,2,1
20923,25521,2,1
21083,25522,0,3
20924,25522,0,3
21082,25522,0,3
21241,25522,0,3
21081,25522,0,3
20923,25522,0,3
20605,25523,0,3
20764,25523,0,3
20604,25523,0,3
20763,25523,0,3
20448,25524,0,3
20447,25524,0,3
20289,25524,0,3
20288,25524,0,3
21083,25525,0,3
20924,25525,0,3
21082,25525,0,3
20923,25525,0,3
20446,25526,0,3
20445,25526,0,3
20444,25526,0,3
20287,25526,0,3
20286,25526,0,3
20285,25526,0,3
20447,25527,0,3
20606,25527,0,3
20446,25527,0,3
20605,25527,0,3
20447,25529,0,3
20606,25529,0,3
20446,25529,0,3
20605,25529,0,3
20445,25529,0,3
20604,25529,0,3
21085,25531,0,3
20926,25531,0,3
21084,25531,0,3
21083,25531,0,3
20925,25531,0,3
20924,25531,0,3
21085,25539,0,3
20926,25539,0,3
21084,25539,0,3
21083,25539,0,3
20925,25539,0,3
20924,25539,0,3
20445,25540,0,3
20604,25540,0,3
20444,25540,0,3
20603,25540,0,3
20286,25540,0,3
20285,25540,0,3
20446,25541,0,3
20605,25541,0,3
20445,25541,0,3
20604,25541,0,3
20763,25541,0,3
20444,25541,0,3
20603,25541,0,3
20605,25543,0,3
20764,25543,0,3
20604,25543,0,3
20763,25543,0,3
20445,25549,0,3
20604,25549,0,3
20444,25549,0,3
20603,25549,0,3
21084,25550,0,3
21243,25550,0,3
21083,25550,0,3
21242,25550,0,3
20924,25550,0,3
20605,25555,0,3
20764,25555,0,3
20604,25555,0,3
20763,25555,0,3
20603,25555,0,3
20762,25555,0,3
20446,25559,0,3
20605,25559,0,3
20445,25559,0,3
20604,25559,0,3
20287,25559,0,3
20286,25559,0,3
20605,25560,0,3
20764,25560,0,3
20604,25560,0,3
20763,25560,0,3
20446,25569,0,3
20605,25569,0,3
20445,25569,0,3
20604,25569,0,3
20446,25570,0,3
20445,25570,0,3
20604,25570,0,3
20287,25570,0,3
20286,25570,0,3
21083,25571,0,3
20765,25571,0,3
20924,25571,0,3
21082,25571,0,3
20764,25571,0,3
20923,25571,0,3
20445,25573,0,3
20604,25573,0,3
20763,25573,0,3
20444,25573,0,3
20603,25573,0,3
20762,25573,0,3
20764,25574,0,3
20923,25574,0,3
20763,25574,0,3
20922,25574,0,3
20765,25575,2,1
20924,25575,2,1
20764,25575,2,1
20923,25575,2,1
20445,25578,0,3
20604,25578,0,3
20763,25578,0,3
20444,25578,0,3
20603,25578,0,3
20762,25578,0,3
20447,25579,0,3
20606,25579,0,3
20446,25579,0,3
20605,25579,0,3
20288,25579,0,3
20287,25579,0,3
21084,25581,0,3
21083,25581,0,3
20925,25581,0,3
20924,25581,0,3
20765,25585,0,3
20924,25585,0,3
20764,25585,0,3
20923,25585,0,3
20446,25586,0,3
20605,25586,0,3
20445,25586,0,3
20604,25586,0,3
20447,25588,0,3
20606,25588,0,3
20446,25588,0,3
20605,25588,0,3
20446,25589,0,3
20605,25589,0,3
20445,25589,0,3
20604,25589,0,3
20606,25590,1,2
20765,25590,1,2
20605,25590,1,2
20764,25590,1,2
20448,25593,0,3
20447,25593,0,3
20446,25593,0,3
20289,25593,0,3
20288,25593,0,3
20287,25593,0,3
20448,25596,0,3
20607,25596,0,3
20447,25596,0,3
20606,25596,0,3
20289,25596,0,3
20288,25596,0,3
20446,25600,0,3
20605,25600,0,3
20445,25600,0,3
20604,25600,0,3
20448,25603,0,3
20607,25603,0,3
20447,25603,0,3
20606,25603,0,3
20446,25603,0,3
20605,25603,0,3
21082,25605,0,3
21081,25605,0,3
20764,25605,0,3
20923,25605,0,3
20763,25605,0,3
20922,25605,0,3
20605,25614,0,3
20604,25614,0,3
20763,25614,0,3
20603,25614,0,3
20762,25614,0,3
20446,25615,0,3
20445,25615,0,3
20444,25615,0,3
20287,25615,0,3
20286,25615,0,3
20285,25615,0,3
20448,25616,0,3
20607,25616,0,3
20447,25616,0,3
20606,25616,0,3
20605,25617,0,3
20764,25617,0,3
20604,25617,0,3
20763,25617,0,3
20605,25619,0,3
20764,25619,0,3
20604,25619,0,3
20763,25619,0,3
20606,25620,0,3
20765,25620,0,3
20446,25620,0,3
20605,25620,0,3
20764,25620,0,3
20604,25620,0,3
20763,25620,0,3
20447,25621,0,3
20606,25621,0,3
20446,25621,0,3
20605,25621,0,3
20445,25621,0,3
20604,25621,0,3
21083,25623,0,3
21242,25623,0,3
20924,25623,0,3
21082,25623,0,3
21241,25623,0,3
20923,25623,0,3
20446,25624,0,3
20605,25624,0,3
20445,25624,0,3
20604,25624,0,3
19664,25638,0,3
19823,25638,0,3
19822,25638,0,3
19663,25638,0,3
19664,25675,0,3
19823,25675,0,3
19822,25675,0,3
19663,25675,0,3
19665,25678,0,3
19664,25678,0,3
19824,25678,0,3
19823,25678,0,3
19982,25678,0,3
19506,25686,0,3
19665,25686,0,3
19505,25686,0,3
19664,25686,0,3
19823,25686,0,3
19504,25686,0,3
19663,25686,0,3
19506,25703,0,3
19665,25703,0,3
19505,25703,0,3
19664,25703,0,3
19665,25704,0,3
19664,25704,0,3
19824,25704,0,3
19823,25704,0,3
19506,25707,0,3
19665,25707,0,3
19505,25707,0,3
19664,25707,0,3
19824,25707,0,3
19823,25707,0,3
19665,25708,0,3
19664,25708,0,3
19824,25708,0,3
19823,25708,0,3
19822,25708,0,3
19663,25708,0,3
19506,25724,0,3
19665,25724,0,3
19505,25724,0,3
19664,25724,0,3
19504,25724,0,3
19663,25724,0,3
19506,25734,0,3
19665,25734,0,3
19505,25734,0,3
19664,25734,0,3
19664,25738,0,3
19823,25738,0,3
19822,25738,0,3
19663,25738,0,3
19665,25745,0,3
19505,25745,0,3
19664,25745,0,3
19824,25745,0,3
19823,25745,0,3
19663,25745,0,3
19506,25760,0,3
19665,25760,0,3
19505,25760,0,3
19664,25760,0,3
19504,25760,0,3
19663,25760,0,3
19665,25761,0,3
19664,25761,0,3
19824,25761,0,3
19823,25761,0,3
19822,25761,0,3
19663,25761,0,3
21101,25789,0,3
21260,25789,0,3
21100,25789,0,3
21259,25789,0,3
21258,25789,0,3
21101,25823,0,3
21260,25823,0,3
21100,25823,0,3
21259,25823,0,3
20942,25829,0,3
21101,25829,0,3
21260,25829,0,3
20941,25829,0,3
21100,25829,0,3
21259,25829,0,3
20942,25870,0,3
21101,25870,0,3
21260,25870,0,3
20941,25870,0,3
21100,25870,0,3
21259,25870,0,3
21101,25909,0,3
21260,25909,0,3
21100,25909,0,3
21259,25909,0,3
21101,25915,0,3
21260,25915,0,3
21100,25915,0,3
21259,25915,0,3
21101,25930,0,3
21260,25930,0,3
21419,25930,0,3
21100,25930,0,3
21259,25930,0,3
21418,25930,0,3
21101,25931,0,3
21260,25931,0,3
21100,25931,0,3
21259,25931,0,3
21099,25931,0,3
21258,25931,0,3
21101,25961,0,3
21260,25961,0,3
21419,25961,0,3
21100,25961,0,3
21259,25961,0,3
21418,25961,0,3
21259,25963,0,3
21418,25963,0,3
21258,25963,0,3
21417,25963,0,3
21259,25967,0,3
21418,25967,0,3
21258,25967,0,3
21417,25967,0,3
21101,25974,0,3
21260,25974,0,3
21100,25974,0,3
21259,25974,0,3
21418,25974,0,3
21099,25974,0,3
21258,25974,0,3
21101,25978,0,3
21260,25978,0,3
21100,25978,0,3
21259,25978,0,3
21260,26037,0,3
21419,26037,0,3
21259,26037,0,3
21418,26037,0,3
21258,26037,0,3
21417,26037,0,3
18391,26151,0,3
18550,26151,0,3
18390,26151,0,3
18549,26151,0,3
18389,26151,0,3
18548,26151,0,3
18234,26158,0,3
18393,26158,0,3
18392,26158,0,3
18233,26158,0,3
18391,26163,0,3
18550,26163,0,3
18390,26163,0,3
18549,26163,0,3
18390,26177,0,3
18549,26177,0,3
18708,26177,0,3
18389,26177,0,3
18548,26177,0,3
18707,26177,0,3
18390,26186,0,3
18549,26186,0,3
18708,26186,0,3
18389,26186,0,3
18548,26186,0,3
18707,26186,0,3
17755,26188,0,3
17914,26188,0,3
18073,26188,0,3
17754,26188,0,3
17913,26188,0,3
18072,26188,0,3
17277,26194,0,3
17436,26194,0,3
17276,26194,0,3
17435,26194,0,3
17755,26195,0,3
17914,26195,0,3
18073,26195,0,3
17754,26195,0,3
17913,26195,0,3
18072,26195,0,3
18390,26201,0,3
18549,26201,0,3
18389,26201,0,3
18548,26201,0,3
18390,26212,0,3
18549,26212,0,3
18389,26212,0,3
18548,26212,0,3
18391,26215,0,3
18550,26215,0,3
18390,26215,0,3
18549,26215,0,3
18389,26215,0,3
18548,26215,0,3
18390,26220,0,3
18549,26220,0,3
18708,26220,0,3
18389,26220,0,3
18548,26220,0,3
18707,26220,0,3
18390,26235,0,3
18549,26235,0,3
18389,26235,0,3
18548,26235,0,3
18390,26253,0,3
18549,26253,0,3
18389,26253,0,3
18548,26253,0,3
18707,26253,0,3
17914,26289,0,3
18073,26289,0,3
17913,26289,0,3
18072,26289,0,3
18235,26291,0,3
18234,26291,0,3
18394,26291,0,3
18393,26291,0,3
18392,26291,0,3
18233,26291,0,3
18390,26327,1,2
18549,26327,1,2
18708,26327,1,2
18389,26327,1,2
18548,26327,1,2
18707,26327,1,2
17914,26367,0,3
18073,26367,0,3
17913,26367,0,3
18072,26367,0,3
18234,26371,1,2
18393,26371,1,2
18392,26371,1,2
18233,26371,1,2
18075,26421,0,3
18234,26421,0,3
18074,26421,0,3
18393,26421,0,3
18392,26421,0,3
18233,26421,0,3
18234,26424,0,3
18393,26424,0,3
18392,26424,0,3
18233,26424,0,3
18391,26426,0,3
18550,26426,0,3
18390,26426,0,3
18549,26426,0,3
17600,26478,0,3
17759,26478,0,3
17918,26478,0,3
17758,26478,0,3
17599,26478,0,3
17917,26478,0,3
17598,26502,0,3
17757,26502,0,3
17916,26502,0,3
17756,26502,0,3
17915,26502,0,3
17601,26503,0,3
17442,26503,0,3
17441,26503,0,3
17600,26503,0,3
17759,26503,0,3
17440,26503,0,3
17599,26503,0,3
17601,26509,0,3
17442,26509,0,3
17441,26509,0,3
17760,26509,0,3
17600,26509,0,3
17759,26509,0,3
17601,26512,0,3
17760,26512,0,3
17600,26512,0,3
17759,26512,0,3
17918,26512,0,3
17758,26512,0,3
17599,26512,0,3
17758,26515,0,3
17599,26515,0,3
17598,26515,0,3
17917,26515,0,3
17757,26515,0,3
17916,26515,0,3
17758,26524,0,3
17917,26524,0,3
17757,26524,0,3
17916,26524,0,3
18078,26532,0,3
18237,26532,0,3
18077,26532,0,3
18236,26532,0,3
18076,26532,0,3
18235,26532,0,3
17602,26533,0,3
17761,26533,0,3
17601,26533,0,3
17760,26533,0,3
17600,26533,0,3
17759,26533,0,3
17762,26546,0,3
17921,26546,0,3
18080,26546,0,3
17761,26546,0,3
17920,26546,0,3
18079,26546,0,3
17757,26558,1,2
17916,26558,1,2
17756,26558,1,2
17915,26558,1,2
17601,26588,0,3
17442,26588,0,3
17441,26588,0,3
17760,26588,0,3
17600,26588,0,3
17759,26588,0,3
17601,26597,0,3
17760,26597,0,3
17600,26597,0,3
17759,26597,0,3
17918,26601,0,3
18077,26601,0,3
18236,26601,0,3
17917,26601,0,3
18076,26601,0,3
18235,26601,0,3
17757,26613,0,3
17916,26613,0,3
17756,26613,0,3
17915,26613,0,3
17919,26615,2,1
18078,26615,2,1
17918,26615,2,1
18077,26615,2,1
17919,26636,0,3
18078,26636,0,3
17918,26636,0,3
18077,26636,0,3
17762,26643,0,3
17921,26643,0,3
17761,26643,0,3
17920,26643,0,3
17602,26647,0,3
17761,26647,0,3
17601,26647,0,3
17760,26647,0,3
17600,26647,0,3
17759,26647,0,3
17919,26650,0,3
18078,26650,0,3
17918,26650,0,3
18077,26650,0,3
17917,26650,0,3
18076,26650,0,3
17601,26655,0,3
17760,26655,0,3
17600,26655,0,3
17759,26655,0,3
17918,26655,0,3
17758,26655,0,3
17599,26655,0,3
17600,26660,0,3
17759,26660,0,3
17918,26660,0,3
17758,26660,0,3
17599,26660,0,3
17917,26660,0,3
17758,26663,0,3
17917,26663,0,3
17757,26663,0,3
17916,26663,0,3
17756,26663,0,3
17915,26663,0,3
17759,26664,0,3
17918,26664,0,3
17758,26664,0,3
17917,26664,0,3
17757,26664,0,3
17916,26664,0,3
17759,26666,0,3
17918,26666,0,3
17758,26666,0,3
17917,26666,0,3
17757,26666,0,3
17916,26666,0,3
17598,26669,0,3
17757,26669,0,3
17916,26669,0,3
17756,26669,0,3
17915,26669,0,3
17597,26669,0,3
17919,26674,0,3
18078,26674,0,3
17918,26674,0,3
18077,26674,0,3
17917,26674,0,3
18076,26674,0,3
17759,26679,0,3
17918,26679,0,3
17758,26679,0,3
17599,26679,0,3
17917,26679,0,3
17757,26679,0,3
17916,26679,0,3
17601,26681,0,3
17760,26681,0,3
17600,26681,0,3
17759,26681,0,3
17919,26692,0,3
18078,26692,0,3
18237,26692,0,3
17918,26692,0,3
18077,26692,0,3
18236,26692,0,3
17757,26700,0,3
17916,26700,0,3
17756,26700,0,3
17915,26700,0,3
17759,26702,0,3
17918,26702,0,3
17758,26702,0,3
17917,26702,0,3
17757,26702,0,3
17916,26702,0,3
17758,26707,0,3
17599,26707,0,3
17598,26707,0,3
17917,26707,0,3
17757,26707,0,3
17916,26707,0,3
17441,26713,1,2
17600,26713,1,2
17440,26713,1,2
17599,26713,1,2
18078,26724,0,3
18237,26724,0,3
18077,26724,0,3
18236,26724,0,3
18076,26724,0,3
18235,26724,0,3
18078,26735,0,3
18237,26735,0,3
18077,26735,0,3
18236,26735,0,3
18076,26735,0,3
17601,26741,0,3
17760,26741,0,3
17600,26741,0,3
17759,26741,0,3
17758,26751,0,3
17598,26751,0,3
17757,26751,0,3
17916,26751,0,3
17756,26751,0,3
17915,26751,0,3
17918,26752,0,3
18077,26752,0,3
18236,26752,0,3
17917,26752,0,3
18076,26752,0,3
18235,26752,0,3
17758,26756,0,3
17599,26756,0,3
17598,26756,0,3
17917,26756,0,3
17757,26756,0,3
17916,26756,0,3
17600,26762,0,3
17759,26762,0,3
17918,26762,0,3
17758,26762,0,3
17599,26762,0,3
17917,26762,0,3
17601,26767,0,3
17760,26767,0,3
17600,26767,0,3
17759,26767,0,3
17758,26768,0,3
17917,26768,0,3
17757,26768,0,3
17916,26768,0,3
17756,26768,0,3
17915,26768,0,3
17601,26770,0,3
17760,26770,0,3
17600,26770,0,3
17759,26770,0,3
17758,26770,0,3
17599,26770,0,3
17762,26779,0,3
17921,26779,0,3
17761,26779,0,3
17920,26779,0,3
17600,26787,0,3
17759,26787,0,3
17758,26787,0,3
17599,26787,0,3
17758,26792,0,3
17917,26792,0,3
17757,26792,0,3
17916,26792,0,3
17756,26792,0,3
17915,26792,0,3
19187,26805,0,3
18869,26805,0,3
19028,26805,0,3
18868,26805,0,3
19027,26805,0,3
19186,26805,0,3
18553,26840,1,2
18712,26840,1,2
18552,26840,1,2
18711,26840,1,2
18551,26840,1,2
18710,26840,1,2
18713,26843,0,3
18872,26843,0,3
18712,26843,0,3
18871,26843,0,3
18711,26843,0,3
18870,26843,0,3
18712,26848,0,3
18871,26848,0,3
19030,26848,0,3
18711,26848,0,3
18870,26848,0,3
19029,26848,0,3
19188,26913,0,3
19347,26913,0,3
19506,26913,0,3
19187,26913,0,3
19346,26913,0,3
19505,26913,0,3
19189,26917,0,3
19348,26917,0,3
19188,26917,0,3
19347,26917,0,3
19187,26917,0,3
19346,26917,0,3
18712,26924,0,3
18871,26924,0,3
19030,26924,0,3
18711,26924,0,3
18870,26924,0,3
19029,26924,0,3
19347,26942,0,3
19506,26942,0,3
19346,26942,0,3
19505,26942,0,3
19188,26955,0,3
19347,26955,0,3
19506,26955,0,3
19187,26955,0,3
19346,26955,0,3
19505,26955,0,3
19188,26971,0,3
19347,26971,0,3
19187,26971,0,3
19346,26971,0,3
19505,26971,0,3
19345,26971,0,3
19188,26973,0,3
19347,26973,0,3
19187,26973,0,3
19346,26973,0,3
18713,26974,0,3
18872,26974,0,3
18712,26974,0,3
18871,26974,0,3
19188,26985,0,3
19347,26985,0,3
19187,26985,0,3
19346,26985,0,3
19347,26990,0,3
19506,26990,0,3
19665,26990,0,3
19346,26990,0,3
19505,26990,0,3
19664,26990,0,3
18554,26992,1,2
18394,26992,1,2
18553,26992,1,2
18712,26992,1,2
18393,26992,1,2
18552,26992,1,2
18394,27003,2,1
18553,27003,2,1
18712,27003,2,1
18393,27003,2,1
18552,27003,2,1
18711,27003,2,1
18713,27019,0,3
18872,27019,0,3
18712,27019,0,3
18871,27019,0,3
18711,27019,0,3
18870,27019,0,3
19188,27025,0,3
19347,27025,0,3
19187,27025,0,3
19346,27025,0,3
19187,27027,0,3
18869,27027,0,3
19028,27027,0,3
18868,27027,0,3
19027,27027,0,3
19026,27027,0,3
19186,27027,0,3
19187,27029,0,3
18869,27029,0,3
19028,27029,0,3
18868,27029,0,3
19027,27029,0,3
19186,27029,0,3
19188,27032,0,3
19347,27032,0,3
19187,27032,0,3
19346,27032,0,3
19347,27033,0,3
19506,27033,0,3
19346,27033,0,3
19505,27033,0,3
18712,27040,0,3
18871,27040,0,3
19030,27040,0,3
18711,27040,0,3
18870,27040,0,3
19029,27040,0,3
18713,27046,1,2
18872,27046,1,2
18712,27046,1,2
18871,27046,1,2
18870,27051,0,3
19029,27051,0,3
18869,27051,0,3
19028,27051,0,3
18868,27051,0,3
19027,27051,0,3
19347,27057,0,3
19506,27057,0,3
19346,27057,0,3
19505,27057,0,3
18394,27065,0,3
18553,27065,0,3
18712,27065,0,3
18393,27065,0,3
18552,27065,0,3
18711,27065,0,3
18713,27072,0,3
18872,27072,0,3
18712,27072,0,3
18871,27072,0,3
19188,27078,0,3
19347,27078,0,3
19506,27078,0,3
19187,27078,0,3
19346,27078,0,3
19505,27078,0,3
18553,27082,2,1
18712,27082,2,1
18552,27082,2,1
18711,27082,2,1
18551,27082,2,1
19347,27095,0,3
19506,27095,0,3
19346,27095,0,3
19505,27095,0,3
18394,27116,1,2
18553,27116,1,2
18712,27116,1,2
18393,27116,1,2
18552,27116,1,2
18711,27116,1,2
19188,27118,0,3
19347,27118,0,3
19187,27118,0,3
19346,27118,0,3
19186,27118,0,3
19345,27118,0,3
18400,27135,0,3
18559,27135,0,3
18399,27135,0,3
18558,27135,0,3
18398,27135,0,3
18560,27138,0,3
18719,27138,0,3
18559,27138,0,3
18718,27138,0,3
18558,27138,0,3
18717,27138,0,3
18242,27143,0,3
18401,27143,0,3
18400,27143,0,3
18399,27143,0,3
18241,27143,0,3
18560,27146,0,3
18719,27146,0,3
18559,27146,0,3
18718,27146,0,3
18560,27164,1,2
18719,27164,1,2
18559,27164,1,2
18718,27164,1,2
18557,27194,0,3
18716,27194,0,3
18556,27194,0,3
18715,27194,0,3
18555,27194,0,3
18714,27194,0,3
18081,27195,0,3
18240,27195,0,3
18080,27195,0,3
18239,27195,0,3
18079,27195,0,3
18238,27195,0,3
18081,27222,0,3
18240,27222,0,3
18080,27222,0,3
18239,27222,0,3
18079,27222,0,3
18238,27222,0,3
18081,27236,0,3
18240,27236,0,3
18080,27236,0,3
18239,27236,0,3
18079,27236,0,3
18238,27236,0,3
18081,27248,0,3
18240,27248,0,3
18080,27248,0,3
18239,27248,0,3
18396,27254,0,3
18555,27254,0,3
18395,27254,0,3
18554,27254,0,3
18237,27254,0,3
18236,27254,0,3
18400,27262,0,3
18559,27262,0,3
18399,27262,0,3
18558,27262,0,3
18241,27262,0,3
18240,27262,0,3
18560,27276,0,3
18719,27276,0,3
18559,27276,0,3
18718,27276,0,3
18401,27282,0,3
18400,27282,0,3
18559,27282,0,3
18399,27282,0,3
18241,27282,0,3
18240,27282,0,3
18081,27297,0,3
18240,27297,0,3
18080,27297,0,3
18239,27297,0,3
18079,27297,0,3
18238,27297,0,3
18242,27344,0,3
18401,27344,0,3
18400,27344,0,3
18559,27344,0,3
18399,27344,0,3
18241,27344,0,3
18240,27344,0,3
18082,27352,0,3
18241,27352,0,3
18081,27352,0,3
18240,27352,0,3
18080,27352,0,3
18239,27352,0,3
17922,27371,0,3
18081,27371,0,3
18240,27371,0,3
17921,27371,0,3
18080,27371,0,3
18239,27371,0,3
18399,27399,0,3
18398,27399,0,3
18081,27399,0,3
18240,27399,0,3
18080,27399,0,3
18239,27399,0,3
18556,27404,0,3
18715,27404,0,3
18555,27404,0,3
18714,27404,0,3
18242,27408,0,3
18401,27408,0,3
18400,27408,0,3
18241,27408,0,3
18563,27428,0,3
18722,27428,0,3
18881,27428,0,3
18562,27428,0,3
18721,27428,0,3
18880,27428,0,3
18724,27438,0,3
18883,27438,0,3
19042,27438,0,3
18723,27438,0,3
18882,27438,0,3
19041,27438,0,3
18723,27439,0,3
18882,27439,0,3
18722,27439,0,3
18881,27439,0,3
19204,27441,0,3
19363,27441,0,3
19203,27441,0,3
19362,27441,0,3
19202,27441,0,3
19361,27441,0,3
19044,27441,0,3
19042,27452,0,3
19200,27452,0,3
18882,27452,0,3
19041,27452,0,3
18881,27452,0,3
19040,27452,0,3
18883,27461,0,3
19042,27461,0,3
18882,27461,0,3
19041,27461,0,3
18881,27461,0,3
19040,27461,0,3
18882,27466,0,3
19041,27466,0,3
18881,27466,0,3
19040,27466,0,3
18880,27466,0,3
19039,27466,0,3
18563,27469,1,2
18722,27469,1,2
18562,27469,1,2
18721,27469,1,2
18724,27471,0,3
18883,27471,0,3
18723,27471,0,3
18882,27471,0,3
19042,27482,0,3
19201,27482,0,3
19200,27482,0,3
19041,27482,0,3
18884,27483,1,2
19043,27483,1,2
18883,27483,1,2
19042,27483,1,2
19202,27484,0,3
19043,27484,0,3
18883,27484,0,3
19042,27484,0,3
19201,27484,0,3
19041,27484,0,3
19204,27486,0,3
19203,27486,0,3
18886,27486,0,3
19045,27486,0,3
18885,27486,0,3
19044,27486,0,3
19043,27486,0,3
18723,27487,0,3
18882,27487,0,3
18722,27487,0,3
18881,27487,0,3
18723,27509,0,3
18882,27509,0,3
18722,27509,0,3
18881,27509,0,3
18721,27509,0,3
18880,27509,0,3
18884,27513,1,2
19043,27513,1,2
18883,27513,1,2
19042,27513,1,2
19204,27514,2,1
19363,27514,2,1
19203,27514,2,1
19362,27514,2,1
19202,27514,2,1
19361,27514,2,1
19678,27516,2,1
19519,27516,2,1
19518,27516,2,1
19677,27516,2,1
18563,27525,0,3
18722,27525,0,3
18562,27525,0,3
18721,27525,0,3
18880,27525,0,3
18561,27525,0,3
18720,27525,0,3
19202,27533,0,3
19043,27533,0,3
19042,27533,0,3
19201,27533,0,3
18563,27541,0,3
18722,27541,0,3
18881,27541,0,3
18721,27541,0,3
18880,27541,0,3
18883,27549,0,3
19042,27549,0,3
18882,27549,0,3
19041,27549,0,3
18883,27578,0,3
19042,27578,0,3
18882,27578,0,3
19041,27578,0,3
18722,27587,0,3
18881,27587,0,3
18721,27587,0,3
18880,27587,0,3
19200,27591,0,3
19199,27591,0,3
19041,27591,0,3
19040,27591,0,3
18563,27594,2,1
18722,27594,2,1
18562,27594,2,1
18721,27594,2,1
18724,27599,0,3
18883,27599,0,3
19042,27599,0,3
18723,27599,0,3
18882,27599,0,3
19041,27599,0,3
18723,27606,0,3
18882,27606,0,3
18722,27606,0,3
18881,27606,0,3
19200,27620,0,3
19199,27620,0,3
19041,27620,0,3
19040,27620,0,3
19204,27623,2,1
19363,27623,2,1
19203,27623,2,1
19362,27623,2,1
19202,27624,0,3
18884,27624,0,3
19043,27624,0,3
18883,27624,0,3
19042,27624,0,3
19201,27624,0,3
19204,27625,2,1
19363,27625,2,1
19203,27625,2,1
19362,27625,2,1
18882,27634,0,3
19041,27634,0,3
18722,27634,0,3
18881,27634,0,3
19040,27634,0,3
18880,27634,0,3
19200,27636,0,3
19199,27636,0,3
18882,27636,0,3
19041,27636,0,3
18881,27636,0,3
19040,27636,0,3
18564,27638,0,3
18723,27638,0,3
18882,27638,0,3
18563,27638,0,3
18722,27638,0,3
18881,27638,0,3
18722,27646,0,3
18881,27646,0,3
18721,27646,0,3
18880,27646,0,3
19202,27649,2,1
18884,27649,2,1
19043,27649,2,1
18883,27649,2,1
19042,27649,2,1
19201,27649,2,1
18883,27654,0,3
19042,27654,0,3
18882,27654,0,3
19041,27654,0,3
18881,27654,0,3
19040,27654,0,3
19200,27656,0,3
19199,27656,0,3
19041,27656,0,3
19040,27656,0,3
19204,27661,0,3
19363,27661,0,3
19522,27661,0,3
19203,27661,0,3
19362,27661,0,3
19521,27661,0,3
19206,27662,1,2
19205,27662,1,2
19046,27662,1,2
19364,27662,1,2
19204,27662,1,2
19363,27662,1,2
19045,27662,1,2
19205,27669,2,1
19046,27669,2,1
19364,27669,2,1
19204,27669,2,1
19363,27669,2,1
19045,27669,2,1
19201,27673,0,3
19200,27673,0,3
19359,27673,0,3
19199,27673,0,3
19358,27673,0,3
19041,27673,0,3
19040,27673,0,3
19363,27676,0,3
19522,27676,0,3
19203,27676,0,3
19362,27676,0,3
19521,27676,0,3
19361,27676,0,3
18883,27677,0,3
19042,27677,0,3
18882,27677,0,3
19041,27677,0,3
18723,27678,0,3
18882,27678,0,3
19041,27678,0,3
18722,27678,0,3
18881,27678,0,3
19040,27678,0,3
19205,27682,2,1
19046,27682,2,1
19364,27682,2,1
19204,27682,2,1
19363,27682,2,1
19045,27682,2,1
18562,27685,0,3
18721,27685,0,3
18561,27685,0,3
18720,27685,0,3
18722,27687,0,3
18881,27687,0,3
18721,27687,0,3
18880,27687,0,3
18722,27694,0,3
18881,27694,0,3
18721,27694,0,3
18880,27694,0,3
18883,27704,0,3
19042,27704,0,3
18882,27704,0,3
19041,27704,0,3
19042,27707,0,3
19201,27707,0,3
19200,27707,0,3
18882,27707,0,3
19041,27707,0,3
18724,27717,0,3
18883,27717,0,3
19042,27717,0,3
18723,27717,0,3
18882,27717,0,3
19041,27717,0,3
18884,27718,1,2
19043,27718,1,2
18883,27718,1,2
19042,27718,1,2
18882,27718,1,2
19041,27718,1,2
18883,27719,0,3
19042,27719,0,3
18882,27719,0,3
19041,27719,0,3
18724,27720,0,3
18883,27720,0,3
19042,27720,0,3
18723,27720,0,3
18882,27720,0,3
19838,27722,0,3
19997,27722,0,3
20156,27722,0,3
19837,27722,0,3
19996,27722,0,3
20155,27722,0,3
19682,27727,0,3
19364,27727,0,3
19523,27727,0,3
19363,27727,0,3
19522,27727,0,3
19681,27727,0,3
19363,27728,0,3
19522,27728,0,3
19362,27728,0,3
19521,27728,0,3
19521,27730,0,3
19680,27730,0,3
19839,27730,0,3
19679,27730,0,3
19838,27730,0,3
19520,27730,0,3
19680,27731,0,3
19839,27731,0,3
19679,27731,0,3
19838,27731,0,3
19679,27733,0,3
19678,27733,0,3
19520,27733,0,3
19519,27733,0,3
19998,27736,0,3
20157,27736,0,3
19997,27736,0,3
20156,27736,0,3
19996,27736,0,3
20155,27736,0,3
20159,27737,0,3
20158,27737,0,3
20318,27737,0,3
20477,27737,0,3
20317,27737,0,3
20476,27737,0,3
19998,27738,0,3
20157,27738,0,3
19997,27738,0,3
20156,27738,0,3
19996,27738,0,3
20155,27738,0,3
19840,27739,0,3
19680,27739,0,3
19839,27739,0,3
19998,27739,0,3
19679,27739,0,3
19838,27739,0,3
19997,27739,0,3
19838,27741,0,3
19997,27741,0,3
19837,27741,0,3
19996,27741,0,3
19836,27741,0,3
19995,27741,0,3
19999,27744,0,3
20158,27744,0,3
19839,27744,0,3
19998,27744,0,3
20157,27744,0,3
19997,27744,0,3
20166,27745,1,2
20165,27745,1,2
20325,27745,1,2
20324,27745,1,2
19364,27748,0,3
19523,27748,0,3
19363,27748,0,3
19522,27748,0,3
19362,27748,0,3
19521,27748,0,3
20161,27752,0,3
20160,27752,0,3
20320,27752,0,3
20319,27752,0,3
19838,27753,0,3
19997,27753,0,3
20156,27753,0,3
19837,27753,0,3
19996,27753,0,3
20155,27753,0,3
19839,27759,0,3
19998,27759,0,3
19838,27759,0,3
19997,27759,0,3
19837,27759,0,3
19996,27759,0,3
20160,27762,0,3
20159,27762,0,3
20158,27762,0,3
20319,27762,0,3
20318,27762,0,3
20317,27762,0,3
19842,27767,0,3
20001,27767,0,3
19841,27767,0,3
20000,27767,0,3
19840,27767,0,3
19999,27767,0,3
19840,27768,0,3
19999,27768,0,3
19839,27768,0,3
19998,27768,0,3
19838,27768,0,3
19997,27768,0,3
20162,27774,0,3
20161,27774,0,3
20160,27774,0,3
20321,27774,0,3
20320,27774,0,3
20319,27774,0,3
19363,27776,0,3
19522,27776,0,3
19362,27776,0,3
19521,27776,0,3
19997,27779,0,3
20156,27779,0,3
19996,27779,0,3
20155,27779,0,3
19995,27779,0,3
20154,27779,0,3
19839,27780,0,3
19998,27780,0,3
19838,27780,0,3
19997,27780,0,3
19680,27788,0,3
19839,27788,0,3
19679,27788,0,3
19838,27788,0,3
19678,27788,0,3
19837,27788,0,3
19520,27788,0,3
19680,27795,0,3
19839,27795,0,3
19998,27795,0,3
19679,27795,0,3
19838,27795,0,3
19997,27795,0,3
19521,27801,0,3
19680,27801,0,3
19679,27801,0,3
19520,27801,0,3
19682,27803,0,3
19841,27803,0,3
19523,27803,0,3
19522,27803,0,3
19681,27803,0,3
19840,27803,0,3
19683,27805,0,3
19842,27805,0,3
19682,27805,0,3
19841,27805,0,3
19681,27805,0,3
19840,27805,0,3
19524,27806,0,3
19683,27806,0,3
19842,27806,0,3
19682,27806,0,3
19841,27806,0,3
19523,27806,0,3
19363,27807,0,3
19522,27807,0,3
19362,27807,0,3
19521,27807,0,3
19364,27808,0,3
19363,27808,0,3
19522,27808,0,3
19362,27808,0,3
19521,27808,0,3
20160,27809,0,3
20159,27809,0,3
20320,27809,0,3
20319,27809,0,3
20478,27809,0,3
20318,27809,0,3
20315,27810,0,3
20474,27810,0,3
20314,27810,0,3
20473,27810,0,3
20315,27812,0,3
20474,27812,0,3
20314,27812,0,3
20473,27812,0,3
19362,27815,0,3
19521,27815,0,3
19361,27815,0,3
19680,27815,0,3
19679,27815,0,3
19520,27815,0,3
20158,27819,2,1
20157,27819,2,1
20156,27819,2,1
20317,27819,2,1
20316,27819,2,1
20315,27819,2,1
19999,27820,0,3
20158,27820,0,3
19998,27820,0,3
20157,27820,0,3
19997,27820,0,3
20156,27820,0,3
20316,27820,0,3
19998,27821,1,2
20157,27821,1,2
20156,27821,1,2
20316,27821,1,2
20315,27821,1,2
19522,27823,0,3
19362,27823,0,3
19521,27823,0,3
19361,27823,0,3
19520,27823,0,3
19363,27824,0,3
19522,27824,0,3
19362,27824,0,3
19521,27824,0,3
19681,27824,0,3
19680,27824,0,3
19520,27824,0,3
19522,27827,0,3
19521,27827,0,3
19681,27827,0,3
19840,27827,0,3
19680,27827,0,3
19839,27827,0,3
19682,27828,0,3
19523,27828,0,3
19522,27828,0,3
19681,27828,0,3
20315,27829,2,1
20474,27829,2,1
20633,27829,2,1
20314,27829,2,1
20473,27829,2,1
19522,27830,0,3
19521,27830,0,3
19681,27830,0,3
19840,27830,0,3
19680,27830,0,3
19839,27830,0,3
19682,27832,0,3
19364,27832,0,3
19523,27832,0,3
19363,27832,0,3
19522,27832,0,3
19681,27832,0,3
19364,27839,0,3
19523,27839,0,3
19363,27839,0,3
19522,27839,0,3
19362,27839,0,3
19521,27839,0,3
19206,27840,0,3
19365,27840,0,3
19205,27840,0,3
19364,27840,0,3
19204,27840,0,3
19363,27840,0,3
19682,27841,0,3
19841,27841,0,3
19681,27841,0,3
19840,27841,0,3
19680,27841,0,3
19839,27841,0,3
19999,27842,0,3
20158,27842,0,3
19998,27842,0,3
20157,27842,0,3
19363,27843,0,3
19522,27843,0,3
19362,27843,0,3
19521,27843,0,3
19681,27843,0,3
19680,27843,0,3
19682,27846,0,3
19841,27846,0,3
19523,27846,0,3
19522,27846,0,3
19681,27846,0,3
19840,27846,0,3
19840,27847,0,3
19999,27847,0,3
20158,27847,0,3
19839,27847,0,3
19998,27847,0,3
20157,27847,0,3
19839,27848,0,3
19998,27848,0,3
19838,27848,0,3
19997,27848,0,3
19837,27848,0,3
19996,27848,0,3
19998,27849,2,1
20157,27849,2,1
19997,27849,2,1
20156,27849,2,1
20155,27849,2,1
20315,27849,2,1
19521,27850,0,3
19680,27850,0,3
19679,27850,0,3
19678,27850,0,3
19520,27850,0,3
19519,27850,0,3
19998,27853,0,3
20157,27853,0,3
19997,27853,0,3
20156,27853,0,3
19998,27855,0,3
20157,27855,0,3
19997,27855,0,3
20156,27855,0,3
19996,27855,0,3
20155,27855,0,3
20002,27856,0,3
20161,27856,0,3
20001,27856,0,3
20160,27856,0,3
19365,27857,0,3
19524,27857,0,3
19364,27857,0,3
19523,27857,0,3
19363,27857,0,3
19522,27857,0,3
19682,27860,0,3
19841,27860,0,3
19681,27860,0,3
19840,27860,0,3
19364,27862,0,3
19523,27862,0,3
19363,27862,0,3
19522,27862,0,3
19362,27862,0,3
19521,27862,0,3
19522,27864,0,3
19521,27864,0,3
19681,27864,0,3
19680,27864,0,3
19839,27864,0,3
19679,27864,0,3
19839,27865,0,3
19998,27865,0,3
19679,27865,0,3
19838,27865,0,3
19997,27865,0,3
19837,27865,0,3
19522,27866,0,3
19521,27866,0,3
19681,27866,0,3
19680,27866,0,3
19679,27866,0,3
19520,27866,0,3
19521,27868,0,3
19680,27868,0,3
19679,27868,0,3
19678,27868,0,3
19520,27868,0,3
19519,27868,0,3
19679,27869,0,3
19838,27869,0,3
19678,27869,0,3
19837,27869,0,3
19683,27870,0,3
19842,27870,0,3
19682,27870,0,3
19841,27870,0,3
19681,27870,0,3
19840,27870,0,3
19999,27872,0,3
20158,27872,0,3
19998,27872,0,3
20157,27872,0,3
19997,27872,0,3
20156,27872,0,3
20316,27872,0,3
19522,27873,0,3
19521,27873,0,3
19681,27873,0,3
19680,27873,0,3
19364,27875,0,3
19523,27875,0,3
19363,27875,0,3
19522,27875,0,3
19682,27879,0,3
19523,27879,0,3
19522,27879,0,3
19521,27879,0,3
19681,27879,0,3
19680,27879,0,3
19522,27886,0,3
19521,27886,0,3
19681,27886,0,3
19840,27886,0,3
19680,27886,0,3
19839,27886,0,3
19838,27887,0,3
19997,27887,0,3
19837,27887,0,3
19996,27887,0,3
19681,27890,0,3
19840,27890,0,3
19680,27890,0,3
19839,27890,0,3
19679,27890,0,3
19838,27890,0,3
19522,27892,0,3
19521,27892,0,3
19681,27892,0,3
19680,27892,0,3
19681,27893,0,3
19840,27893,0,3
19680,27893,0,3
19839,27893,0,3
19838,27893,0,3
19206,27895,0,3
19365,27895,0,3
19205,27895,0,3
19364,27895,0,3
19204,27895,0,3
19363,27895,0,3
19838,27896,0,3
19997,27896,0,3
19837,27896,0,3
19996,27896,0,3
19836,27896,0,3
19995,27896,0,3
19679,27898,0,3
19838,27898,0,3
19678,27898,0,3
19837,27898,0,3
19365,27899,0,3
19524,27899,0,3
19364,27899,0,3
19523,27899,0,3
19363,27899,0,3
19522,27899,0,3
19997,27901,1,2
20156,27901,1,2
19996,27901,1,2
20155,27901,1,2
19995,27901,1,2
20154,27901,1,2
19840,27902,0,3
19999,27902,0,3
19680,27902,0,3
19839,27902,0,3
19998,27902,0,3
19838,27902,0,3
19997,27902,0,3
19841,27903,0,3
20000,27903,0,3
19840,27903,0,3
19999,27903,0,3
19839,27903,0,3
19998,27903,0,3
19521,27907,0,3
19680,27907,0,3
19679,27907,0,3
19520,27907,0,3
19679,27908,0,3
19838,27908,0,3
19678,27908,0,3
19837,27908,0,3
19520,27908,0,3
19679,27909,0,3
19838,27909,0,3
19678,27909,0,3
19837,27909,0,3
19520,27909,0,3
19519,27909,0,3
19998,27911,0,3
20157,27911,0,3
19997,27911,0,3
20156,27911,0,3
19682,27915,0,3
19841,27915,0,3
19523,27915,0,3
19522,27915,0,3
19681,27915,0,3
19840,27915,0,3
19843,27917,0,3
20002,27917,0,3
19842,27917,0,3
20001,27917,0,3
19841,27917,0,3
20000,27917,0,3
19524,27918,0,3
19683,27918,0,3
19842,27918,0,3
19682,27918,0,3
19841,27918,0,3
19523,27918,0,3
19681,27918,0,3
19679,27919,0,3
19678,27919,0,3
19520,27919,0,3
19519,27919,0,3
19682,27920,0,3
19364,27920,0,3
19523,27920,0,3
19363,27920,0,3
19522,27920,0,3
19681,27920,0,3
19839,27922,0,3
19998,27922,0,3
19838,27922,0,3
19997,27922,0,3
19837,27922,0,3
19996,27922,0,3
19682,27923,0,3
19523,27923,0,3
19363,27923,0,3
19522,27923,0,3
19521,27923,0,3
19681,27923,0,3
19680,27923,0,3
19363,27924,0,3
19522,27924,0,3
19362,27924,0,3
19521,27924,0,3
19362,27926,0,3
19521,27926,0,3
19361,27926,0,3
19680,27926,0,3
19679,27926,0,3
19520,27926,0,3
19679,27932,0,3
19838,27932,0,3
19997,27932,0,3
19678,27932,0,3
19837,27932,0,3
19996,27932,0,3
19206,27934,0,3
19365,27934,0,3
19205,27934,0,3
19364,27934,0,3
19204,27934,0,3
19363,27934,0,3
19681,27935,0,3
19840,27935,0,3
19680,27935,0,3
19839,27935,0,3
20318,27937,0,3
20477,27937,0,3
20317,27937,0,3
20476,27937,0,3
19205,27938,0,3
19364,27938,0,3
19204,27938,0,3
19363,27938,0,3
20159,27939,0,3
20158,27939,0,3
20318,27939,0,3
20477,27939,0,3
20317,27939,0,3
20476,27939,0,3
20161,27940,0,3
20160,27940,0,3
20159,27940,0,3
20320,27940,0,3
20319,27940,0,3
20318,27940,0,3
19683,27942,0,3
19842,27942,0,3
19682,27942,0,3
19841,27942,0,3
19681,27942,0,3
19840,27942,0,3
19840,27943,0,3
19999,27943,0,3
19680,27943,0,3
19839,27943,0,3
19998,27943,0,3
19838,27943,0,3
19997,27943,0,3
19680,27945,0,3
19839,27945,0,3
19998,27945,0,3
19679,27945,0,3
19838,27945,0,3
19997,27945,0,3
19681,27947,0,3
19840,27947,0,3
19680,27947,0,3
19839,27947,0,3
19206,27948,0,3
19365,27948,0,3
19205,27948,0,3
19364,27948,0,3
19682,27949,0,3
19841,27949,0,3
20000,27949,0,3
19681,27949,0,3
19840,27949,0,3
19680,27951,0,3
19839,27951,0,3
19679,27951,0,3
19838,27951,0,3
19997,27951,0,3
19678,27951,0,3
19837,27951,0,3
19839,27953,0,3
19998,27953,0,3
19838,27953,0,3
19997,27953,0,3
19682,27954,0,3
19364,27954,0,3
19523,27954,0,3
19363,27954,0,3
19522,27954,0,3
19521,27954,0,3
19681,27954,0,3
19999,27955,0,3
20158,27955,0,3
19998,27955,0,3
20157,27955,0,3
20000,27956,0,3
20159,27956,0,3
19999,27956,0,3
20158,27956,0,3
19998,27956,0,3
20157,27956,0,3
19205,27957,0,3
19364,27957,0,3
19523,27957,0,3
19204,27957,0,3
19363,27957,0,3
19522,27957,0,3
19682,27958,0,3
19523,27958,0,3
19522,27958,0,3
19681,27958,0,3
19682,27959,0,3
19523,27959,0,3
19522,27959,0,3
19681,27959,0,3
19521,27963,0,3
19681,27963,0,3
19680,27963,0,3
19839,27963,0,3
19679,27963,0,3
19838,27963,0,3
19682,27964,0,3
19841,27964,0,3
19523,27964,0,3
19522,27964,0,3
19681,27964,0,3
19840,27964,0,3
20159,27967,0,3
20158,27967,0,3
20318,27967,0,3
20477,27967,0,3
20317,27967,0,3
20476,27967,0,3
19524,27968,0,3
19683,27968,0,3
19682,27968,0,3
19523,27968,0,3
19522,27968,0,3
19681,27968,0,3
19679,27969,0,3
19838,27969,0,3
19678,27969,0,3
19837,27969,0,3
19682,27970,0,3
19523,27970,0,3
19522,27970,0,3
19681,27970,0,3
19524,27971,0,3
19683,27971,0,3
19682,27971,0,3
19841,27971,0,3
19523,27971,0,3
20159,27972,0,3
20158,27972,0,3
20319,27972,0,3
20318,27972,0,3
20317,27972,0,3
19205,27975,0,3
19364,27975,0,3
19523,27975,0,3
19204,27975,0,3
19363,27975,0,3
19522,27975,0,3
19680,27976,0,3
19839,27976,0,3
19679,27976,0,3
19838,27976,0,3
19364,27977,0,3
19523,27977,0,3
19363,27977,0,3
19522,27977,0,3
19362,27977,0,3
19521,27977,0,3
19680,27979,0,3
19679,27979,0,3
19838,27979,0,3
19678,27979,0,3
19520,27979,0,3
19519,27979,0,3
20000,27980,0,3
20159,27980,0,3
19999,27980,0,3
20158,27980,0,3
19998,27980,0,3
20157,27980,0,3
19997,27981,0,3
20156,27981,0,3
19996,27981,0,3
20155,27981,0,3
19522,27983,0,3
19521,27983,0,3
19681,27983,0,3
19680,27983,0,3
20159,27985,0,3
20158,27985,0,3
20318,27985,0,3
20317,27985,0,3
19682,27988,0,3
19523,27988,0,3
19522,27988,0,3
19681,27988,0,3
19682,27989,0,3
19841,27989,0,3
20000,27989,0,3
19681,27989,0,3
19840,27989,0,3
19999,27989,0,3
20161,27990,0,3
20001,27990,0,3
20160,27990,0,3
20000,27990,0,3
20159,27990,0,3
20319,27990,0,3
19682,27991,0,3
19841,27991,0,3
19523,27991,0,3
19522,27991,0,3
19681,27991,0,3
19840,27991,0,3
19680,27991,0,3
19682,27992,0,3
19523,27992,0,3
19522,27992,0,3
19681,27992,0,3
20315,27994,0,3
20474,27994,0,3
20633,27994,0,3
20314,27994,0,3
20473,27994,0,3
20632,27994,0,3
19681,27995,0,3
19840,27995,0,3
19680,27995,0,3
19839,27995,0,3
19998,27995,0,3
19682,27996,0,3
19841,27996,0,3
19523,27996,0,3
19522,27996,0,3
19681,27996,0,3
19840,27996,0,3
19680,27996,0,3
19999,27997,0,3
20158,27997,0,3
19998,27997,0,3
20157,27997,0,3
20317,27997,0,3
20316,27997,0,3
19840,27998,0,3
19999,27998,0,3
20158,27998,0,3
19839,27998,0,3
19998,27998,0,3
20157,27998,0,3
19679,28000,0,3
19678,28000,0,3
19837,28000,0,3
19520,28000,0,3
19519,28000,0,3
19364,28002,0,3
19523,28002,0,3
19363,28002,0,3
19522,28002,0,3
19682,28007,0,3
19364,28007,0,3
19523,28007,0,3
19363,28007,0,3
19522,28007,0,3
19681,28007,0,3
19997,28008,0,3
20156,28008,0,3
19996,28008,0,3
20155,28008,0,3
19999,28011,0,3
20158,28011,0,3
19998,28011,0,3
20157,28011,0,3
20160,28012,0,3
20159,28012,0,3
20319,28012,0,3
20318,28012,0,3
19999,28013,0,3
20158,28013,0,3
19998,28013,0,3
20157,28013,0,3
19683,28014,0,3
19682,28014,0,3
19523,28014,0,3
19522,28014,0,3
19681,28014,0,3
19999,28017,0,3
20158,28017,0,3
19998,28017,0,3
20157,28017,0,3
19997,28018,0,3
20156,28018,0,3
19996,28018,0,3
20155,28018,0,3
19995,28018,0,3
20154,28018,0,3
19679,28021,0,3
19838,28021,0,3
19678,28021,0,3
19837,28021,0,3
20315,28022,0,3
20474,28022,0,3
20633,28022,0,3
20314,28022,0,3
20473,28022,0,3
20632,28022,0,3
19682,28023,0,3
19841,28023,0,3
19681,28023,0,3
19840,28023,0,3
19680,28023,0,3
19839,28023,0,3
20158,28024,0,3
20157,28024,0,3
20317,28024,0,3
20316,28024,0,3
19997,28025,0,3
19837,28025,0,3
19996,28025,0,3
20155,28025,0,3
19836,28025,0,3
19995,28025,0,3
20154,28025,0,3
19838,28029,0,3
19997,28029,0,3
19837,28029,0,3
19996,28029,0,3
20155,28029,0,3
19836,28029,0,3
19995,28029,0,3
19364,28031,0,3
19523,28031,0,3
19363,28031,0,3
19522,28031,0,3
19206,28033,0,3
19365,28033,0,3
19205,28033,0,3
19364,28033,0,3
19204,28033,0,3
19363,28033,0,3
20318,28034,0,3
20477,28034,0,3
20317,28034,0,3
20476,28034,0,3
19522,28035,0,3
19521,28035,0,3
19681,28035,0,3
19840,28035,0,3
19680,28035,0,3
19839,28035,0,3
19997,28036,0,3
20156,28036,0,3
19837,28036,0,3
19996,28036,0,3
20155,28036,0,3
19995,28036,0,3
20154,28036,0,3
19679,28037,0,3
19838,28037,0,3
19678,28037,0,3
19837,28037,0,3
19520,28037,0,3
19519,28037,0,3
19681,28038,0,3
19840,28038,0,3
19680,28038,0,3
19839,28038,0,3
20159,28039,1,2
20158,28039,1,2
20318,28039,1,2
20477,28039,1,2
20317,28039,1,2
20476,28039,1,2
19524,28043,0,3
19683,28043,0,3
19682,28043,0,3
19523,28043,0,3
19522,28043,0,3
19681,28043,0,3
19682,28044,0,3
19841,28044,0,3
20000,28044,0,3
19681,28044,0,3
19840,28044,0,3
19999,28044,0,3
19364,28045,0,3
19523,28045,0,3
19363,28045,0,3
19522,28045,0,3
19362,28045,0,3
19521,28045,0,3
19679,28049,0,3
19838,28049,0,3
19678,28049,0,3
19837,28049,0,3
19520,28049,0,3
19519,28049,0,3
20000,28056,0,3
20159,28056,0,3
19999,28056,0,3
20158,28056,0,3
20318,28056,0,3
20317,28056,0,3
19997,28060,0,3
20156,28060,0,3
19996,28060,0,3
20155,28060,0,3
19680,28063,0,3
19839,28063,0,3
19998,28063,0,3
19679,28063,0,3
19838,28063,0,3
19997,28063,0,3
19205,28065,0,3
19364,28065,0,3
19204,28065,0,3
19363,28065,0,3
19679,28071,0,3
19838,28071,0,3
19678,28071,0,3
19837,28071,0,3
19520,28071,0,3
19519,28071,0,3
19998,28073,0,3
20157,28073,0,3
19997,28073,0,3
20156,28073,0,3
19996,28073,0,3
20155,28073,0,3
19998,28076,0,3
20157,28076,0,3
19838,28076,0,3
19997,28076,0,3
20156,28076,0,3
19996,28076,0,3
19840,28078,0,3
19999,28078,0,3
20158,28078,0,3
19839,28078,0,3
19998,28078,0,3
20157,28078,0,3
19682,28080,0,3
19841,28080,0,3
19681,28080,0,3
19840,28080,0,3
19680,28080,0,3
19839,28080,0,3
19838,28081,0,3
19997,28081,0,3
19837,28081,0,3
19996,28081,0,3
20155,28081,0,3
19836,28081,0,3
19995,28081,0,3
19839,28082,0,3
19998,28082,0,3
19838,28082,0,3
19997,28082,0,3
19837,28082,0,3
19997,28084,0,3
20156,28084,0,3
19996,28084,0,3
20155,28084,0,3
20154,28084,0,3
20314,28084,0,3
20002,28085,0,3
20161,28085,0,3
20001,28085,0,3
20160,28085,0,3
20000,28085,0,3
20159,28085,0,3
19679,28088,1,2
19838,28088,1,2
19678,28088,1,2
19837,28088,1,2
19838,28089,1,2
19678,28089,1,2
19837,28089,1,2
19996,28089,1,2
19836,28089,1,2
19995,28089,1,2
19677,28089,1,2
19524,28090,0,3
19682,28090,0,3
19364,28090,0,3
19523,28090,0,3
19522,28090,0,3
19681,28090,0,3
20319,28091,0,3
20478,28091,0,3
20318,28091,0,3
20477,28091,0,3
20317,28091,0,3
20476,28091,0,3
19363,28092,0,3
19522,28092,0,3
19362,28092,0,3
19521,28092,0,3
19361,28092,0,3
19520,28092,0,3
19840,28093,0,3
19999,28093,0,3
20158,28093,0,3
19839,28093,0,3
19998,28093,0,3
20157,28093,0,3
19839,28094,0,3
19998,28094,0,3
20157,28094,0,3
19838,28094,0,3
19997,28094,0,3
20156,28094,0,3
19364,28095,0,3
19523,28095,0,3
19363,28095,0,3
19522,28095,0,3
19362,28095,0,3
19521,28095,0,3
19363,28096,0,3
19522,28096,0,3
19362,28096,0,3
19521,28096,0,3
19681,28096,0,3
19680,28096,0,3
19838,28097,0,3
19997,28097,0,3
20156,28097,0,3
19837,28097,0,3
19996,28097,0,3
20155,28097,0,3
19364,28098,0,3
19523,28098,0,3
19363,28098,0,3
19522,28098,0,3
19362,28098,0,3
19521,28098,0,3
19521,28099,0,3
19680,28099,0,3
19679,28099,0,3
19520,28099,0,3
19679,28102,0,3
19838,28102,0,3
19678,28102,0,3
19837,28102,0,3
19519,28102,0,3
19681,28103,0,3
19840,28103,0,3
19680,28103,0,3
19839,28103,0,3
19682,28104,0,3
19522,28104,0,3
19521,28104,0,3
19681,28104,0,3
19840,28104,0,3
19680,28104,0,3
19839,28104,0,3
19682,28105,0,3
19523,28105,0,3
19522,28105,0,3
19521,28105,0,3
19681,28105,0,3
19680,28105,0,3
19838,28106,0,3
19997,28106,0,3
19837,28106,0,3
19996,28106,0,3
20155,28107,1,2
20154,28107,1,2
20314,28107,1,2
20313,28107,1,2
20156,28108,0,3
20155,28108,0,3
20154,28108,0,3
20315,28108,0,3
20314,28108,0,3
20313,28108,0,3
19681,28111,0,3
19840,28111,0,3
19680,28111,0,3
19839,28111,0,3
19206,28115,0,3
19365,28115,0,3
19205,28115,0,3
19364,28115,0,3
19523,28115,0,3
19204,28115,0,3
19363,28115,0,3
19838,28116,0,3
19997,28116,0,3
19837,28116,0,3
19996,28116,0,3
17763,28148,1,2
17922,28148,1,2
18081,28148,1,2
17762,28148,1,2
17921,28148,1,2
18080,28148,1,2
17763,28186,0,3
17922,28186,0,3
17762,28186,0,3
17921,28186,0,3
17764,28193,0,3
17923,28193,0,3
17763,28193,0,3
17922,28193,0,3
17762,28193,0,3
17921,28193,0,3
17763,28208,0,3
17922,28208,0,3
17762,28208,0,3
17921,28208,0,3
17763,28282,0,3
17922,28282,0,3
17762,28282,0,3
17921,28282,0,3
17605,28287,0,3
17764,28287,0,3
17923,28287,0,3
17604,28287,0,3
17763,28287,0,3
17922,28287,0,3
17604,28292,0,3
17763,28292,0,3
17922,28292,0,3
17603,28292,0,3
17762,28292,0,3
17921,28292,0,3
17763,28294,0,3
17922,28294,0,3
17762,28294,0,3
17921,28294,0,3
17764,28322,0,3
17923,28322,0,3
17763,28322,0,3
17922,28322,0,3
17762,28322,0,3
17763,28323,0,3
17922,28323,0,3
17603,28323,0,3
17762,28323,0,3
17921,28323,0,3
17761,28323,0,3
17920,28323,0,3
17604,28342,0,3
17763,28342,0,3
17922,28342,0,3
17603,28342,0,3
17762,28342,0,3
17764,28356,0,3
17923,28356,0,3
17763,28356,0,3
17922,28356,0,3
17764,28369,0,3
17923,28369,0,3
17763,28369,0,3
17922,28369,0,3
17604,28375,0,3
17763,28375,0,3
17922,28375,0,3
17603,28375,0,3
17762,28375,0,3
17921,28375,0,3
17763,28385,0,3
17922,28385,0,3
17762,28385,0,3
17921,28385,0,3
17765,28394,0,3
17924,28394,0,3
17764,28394,0,3
17923,28394,0,3
17605,28410,0,3
17764,28410,0,3
17604,28410,0,3
17763,28410,0,3
17604,28515,0,3
17763,28515,0,3
17603,28515,0,3
17762,28515,0,3
17763,28523,0,3
17922,28523,0,3
17762,28523,0,3
17921,28523,0,3
17764,28530,0,3
17923,28530,0,3
17763,28530,0,3
17922,28530,0,3
17605,28537,0,3
17764,28537,0,3
17604,28537,0,3
17763,28537,0,3
17603,28537,0,3
17762,28537,0,3
17605,28542,0,3
17764,28542,0,3
17923,28542,0,3
17604,28542,0,3
17763,28542,0,3
17922,28542,0,3
17763,28552,0,3
17922,28552,0,3
17762,28552,0,3
17921,28552,0,3
17765,28556,0,3
17924,28556,0,3
17764,28556,0,3
17923,28556,0,3
17763,28556,0,3
17922,28556,0,3
17764,28564,0,3
17923,28564,0,3
17763,28564,0,3
17922,28564,0,3
17605,28573,0,3
17764,28573,0,3
17604,28573,0,3
17763,28573,0,3
17603,28573,0,3
17762,28573,0,3
17605,28587,0,3
17764,28587,0,3
17604,28587,0,3
17763,28587,0,3
17605,28595,0,3
17764,28595,0,3
17604,28595,0,3
17763,28595,0,3
17922,28595,0,3
17603,28595,0,3
17762,28595,0,3
17763,28602,0,3
17922,28602,0,3
17762,28602,0,3
17921,28602,0,3
17763,28607,0,3
17922,28607,0,3
17762,28607,0,3
17921,28607,0,3
17761,28607,0,3
17604,28609,0,3
17763,28609,0,3
17603,28609,0,3
17762,28609,0,3
17921,28609,0,3
17602,28609,0,3
17761,28609,0,3
17763,28613,0,3
17922,28613,0,3
17762,28613,0,3
17921,28613,0,3
17764,28623,0,3
17923,28623,0,3
17763,28623,0,3
17922,28623,0,3
17604,28648,0,3
17763,28648,0,3
17603,28648,0,3
17762,28648,0,3
17602,28648,0,3
17761,28648,0,3
17925,28651,1,2
18084,28651,1,2
17924,28651,1,2
18083,28651,1,2
18405,28658,0,3
18564,28658,0,3
18404,28658,0,3
18563,28658,0,3
18403,28658,0,3
18562,28658,0,3
18404,28660,0,3
18563,28660,0,3
18403,28660,0,3
18562,28660,0,3
18402,28660,0,3
18561,28660,0,3
17923,28665,0,3
18082,28665,0,3
18241,28665,0,3
17922,28665,0,3
18081,28665,0,3
18240,28665,0,3
18404,28666,2,1
18563,28666,2,1
18722,28666,2,1
18403,28666,2,1
18562,28666,2,1
18721,28666,2,1
18405,28667,2,1
18564,28667,2,1
18404,28667,2,1
18563,28667,2,1
18403,28667,2,1
18562,28667,2,1
18083,28668,1,2
18242,28668,1,2
18401,28668,1,2
18400,28668,1,2
18082,28668,1,2
18241,28668,1,2
18084,28676,0,3
17924,28676,0,3
18083,28676,0,3
18242,28676,0,3
17923,28676,0,3
18082,28676,0,3
18241,28676,0,3
18084,28677,0,3
18243,28677,0,3
18083,28677,0,3
18242,28677,0,3
18401,28677,0,3
18082,28677,0,3
18241,28677,0,3
18083,28679,0,3
18242,28679,0,3
18082,28679,0,3
18241,28679,0,3
18404,28685,0,3
18403,28685,0,3
18562,28685,0,3
18244,28685,0,3
18402,28685,0,3
18561,28685,0,3
18565,28687,0,3
18724,28687,0,3
18564,28687,0,3
18723,28687,0,3
18882,28687,0,3
18722,28687,0,3
18244,28690,0,3
18084,28690,0,3
18243,28690,0,3
18083,28690,0,3
18242,28690,0,3
18404,28694,0,3
18403,28694,0,3
18245,28694,0,3
18244,28694,0,3
17924,28695,0,3
18083,28695,0,3
17764,28695,0,3
17923,28695,0,3
18082,28695,0,3
17922,28695,0,3
18081,28695,0,3
17924,28698,0,3
18083,28698,0,3
17923,28698,0,3
18082,28698,0,3
18404,28700,0,3
18563,28700,0,3
18403,28700,0,3
18562,28700,0,3
17924,28705,0,3
18083,28705,0,3
17923,28705,0,3
18082,28705,0,3
17923,28711,0,3
18082,28711,0,3
17922,28711,0,3
18081,28711,0,3
17921,28711,0,3
18080,28711,0,3
17765,28712,0,3
17924,28712,0,3
17764,28712,0,3
17923,28712,0,3
18082,28712,0,3
18405,28722,0,3
18404,28722,0,3
18563,28722,0,3
18403,28722,0,3
18562,28722,0,3
18245,28722,0,3
18725,28729,0,3
18884,28729,0,3
18724,28729,0,3
18883,28729,0,3
18723,28729,0,3
18882,28729,0,3
18083,28731,0,3
18242,28731,0,3
18082,28731,0,3
18241,28731,0,3
18083,28734,0,3
18242,28734,0,3
18082,28734,0,3
18241,28734,0,3
18081,28734,0,3
18240,28734,0,3
18405,28737,0,3
18564,28737,0,3
18404,28737,0,3
18563,28737,0,3
18403,28737,0,3
18246,28737,0,3
18245,28737,0,3
17925,28740,0,3
18084,28740,0,3
18243,28740,0,3
17924,28740,0,3
18083,28740,0,3
18242,28740,0,3
17924,28742,0,3
18083,28742,0,3
17923,28742,0,3
18082,28742,0,3
17922,28742,0,3
18081,28742,0,3
18083,28754,0,3
18242,28754,0,3
18082,28754,0,3
18241,28754,0,3
17923,28757,0,3
18082,28757,0,3
18241,28757,0,3
17922,28757,0,3
18081,28757,0,3
18240,28757,0,3
17925,28760,0,3
18084,28760,0,3
17924,28760,0,3
18083,28760,0,3
17923,28760,0,3
18082,28760,0,3
18565,28763,0,3
18724,28763,0,3
18883,28763,0,3
18564,28763,0,3
18723,28763,0,3
18882,28763,0,3
18404,28764,0,3
18563,28764,0,3
18403,28764,0,3
18562,28764,0,3
17923,28770,0,3
18082,28770,0,3
18241,28770,0,3
17922,28770,0,3
18081,28770,0,3
18240,28770,0,3
18083,28771,0,3
18242,28771,0,3
18082,28771,0,3
18241,28771,0,3
18081,28771,0,3
18240,28771,0,3
18404,28773,2,1
18563,28773,2,1
18722,28773,2,1
18403,28773,2,1
18562,28773,2,1
18721,28773,2,1
18243,28776,0,3
18242,28776,0,3
18402,28776,0,3
18401,28776,0,3
18400,28776,0,3
18241,28776,0,3
18565,28779,0,3
18724,28779,0,3
18564,28779,0,3
18723,28779,0,3
18882,28779,0,3
18722,28779,0,3
17925,28781,0,3
18084,28781,0,3
17924,28781,0,3
18083,28781,0,3
17923,28781,0,3
18082,28781,0,3
17924,28785,0,3
18083,28785,0,3
17923,28785,0,3
18082,28785,0,3
18083,28794,0,3
18242,28794,0,3
18401,28794,0,3
18400,28794,0,3
18082,28794,0,3
18241,28794,0,3
18405,28795,2,1
18564,28795,2,1
18404,28795,2,1
18563,28795,2,1
18246,28795,2,1
18245,28795,2,1
18565,28800,0,3
18724,28800,0,3
18883,28800,0,3
18564,28800,0,3
18723,28800,0,3
18724,28803,0,3
18883,28803,0,3
18723,28803,0,3
18882,28803,0,3
18083,28807,0,3
18242,28807,0,3
18082,28807,0,3
18241,28807,0,3
18081,28807,0,3
18240,28807,0,3
18565,28808,0,3
18724,28808,0,3
18883,28808,0,3
18564,28808,0,3
18723,28808,0,3
18882,28808,0,3
18405,28810,0,3
18404,28810,0,3
18563,28810,0,3
18403,28810,0,3
18246,28810,0,3
18245,28810,0,3
18244,28810,0,3
17924,28813,0,3
18083,28813,0,3
17923,28813,0,3
18082,28813,0,3
17924,28814,0,3
18083,28814,0,3
17923,28814,0,3
18082,28814,0,3
17922,28814,0,3
18081,28814,0,3
18084,28816,0,3
18243,28816,0,3
18083,28816,0,3
18242,28816,0,3
18402,28816,0,3
18401,28816,0,3
18565,28820,0,3
18724,28820,0,3
18564,28820,0,3
18723,28820,0,3
18882,28820,0,3
18563,28820,0,3
18722,28820,0,3
17924,28825,0,3
17764,28825,0,3
17923,28825,0,3
18082,28825,0,3
17922,28825,0,3
18081,28825,0,3
17923,28834,0,3
18082,28834,0,3
17922,28834,0,3
18081,28834,0,3
18243,28835,0,3
18242,28835,0,3
18402,28835,0,3
18401,28835,0,3
18400,28835,0,3
18241,28835,0,3
17923,28838,0,3
18082,28838,0,3
17922,28838,0,3
18081,28838,0,3
17921,28838,0,3
18080,28838,0,3
18242,28841,0,3
18401,28841,0,3
18400,28841,0,3
18241,28841,0,3
18404,28843,0,3
18563,28843,0,3
18403,28843,0,3
18562,28843,0,3
18565,28852,0,3
18724,28852,0,3
18564,28852,0,3
18723,28852,0,3
18404,28854,0,3
18563,28854,0,3
18403,28854,0,3
18562,28854,0,3
18402,28854,0,3
18561,28854,0,3
18404,28856,0,3
18563,28856,0,3
18403,28856,0,3
18562,28856,0,3
18725,28862,0,3
18884,28862,0,3
18724,28862,0,3
18883,28862,0,3
18723,28862,0,3
18882,28862,0,3
18084,28866,0,3
18243,28866,0,3
18083,28866,0,3
18242,28866,0,3
18401,28866,0,3
18082,28866,0,3
18241,28866,0,3
17923,28868,0,3
18082,28868,0,3
17922,28868,0,3
18081,28868,0,3
17923,28871,0,3
18082,28871,0,3
17922,28871,0,3
18081,28871,0,3
18403,28873,0,3
18562,28873,0,3
18402,28873,0,3
18561,28873,0,3
18243,28880,0,3
18242,28880,0,3
18402,28880,0,3
18401,28880,0,3
18084,28883,0,3
18243,28883,0,3
18083,28883,0,3
18242,28883,0,3
18082,28883,0,3
18241,28883,0,3
17925,28885,0,3
18084,28885,0,3
18243,28885,0,3
17924,28885,0,3
18083,28885,0,3
18242,28885,0,3
18565,28888,0,3
18724,28888,0,3
18883,28888,0,3
18564,28888,0,3
18723,28888,0,3
18882,28888,0,3
18722,28888,0,3
18083,28889,0,3
18242,28889,0,3
18401,28889,0,3
18400,28889,0,3
18082,28889,0,3
18241,28889,0,3
18243,28894,2,1
18242,28894,2,1
18402,28894,2,1
18401,28894,2,1
18400,28894,2,1
18241,28894,2,1
17765,28896,0,3
17924,28896,0,3
18083,28896,0,3
17764,28896,0,3
17923,28896,0,3
18082,28896,0,3
18405,28899,0,3
18404,28899,0,3
18563,28899,0,3
18403,28899,0,3
18562,28899,0,3
18245,28899,0,3
18404,28908,0,3
18403,28908,0,3
18562,28908,0,3
18245,28908,0,3
18244,28908,0,3
18402,28908,0,3
18565,28914,0,3
18724,28914,0,3
18564,28914,0,3
18723,28914,0,3
18082,28919,2,1
18241,28919,2,1
18081,28919,2,1
18240,28919,2,1
17924,28922,0,3
18083,28922,0,3
17923,28922,0,3
18082,28922,0,3
17922,28922,0,3
18081,28922,0,3
18565,28928,0,3
18724,28928,0,3
18883,28928,0,3
18564,28928,0,3
18723,28928,0,3
18882,28928,0,3
18243,28935,0,3
18242,28935,0,3
18402,28935,0,3
18401,28935,0,3
18400,28935,0,3
18241,28935,0,3
18085,28938,0,3
18244,28938,0,3
18084,28938,0,3
18243,28938,0,3
18724,28941,0,3
18564,28941,0,3
18723,28941,0,3
18882,28941,0,3
18722,28941,0,3
17925,28942,0,3
18084,28942,0,3
17924,28942,0,3
18083,28942,0,3
17923,28942,0,3
18082,28942,0,3
17923,28947,0,3
18082,28947,0,3
17922,28947,0,3
18081,28947,0,3
17924,28959,0,3
18083,28959,0,3
18242,28959,0,3
17923,28959,0,3
18082,28959,0,3
18241,28959,0,3
18083,28961,2,1
18242,28961,2,1
18082,28961,2,1
18241,28961,2,1
18240,28961,2,1
24591,28980,0,3
24432,28980,0,3
24273,28980,0,3
24272,28980,0,3
24431,28980,0,3
24590,28980,0,3
24752,28985,0,3
24593,28985,0,3
24592,28985,0,3
24751,28985,0,3
24750,28985,0,3
24592,28988,0,3
24591,28988,0,3
24433,28988,0,3
24432,28988,0,3
24592,29028,0,3
24751,29028,0,3
24910,29028,0,3
24591,29028,0,3
24750,29028,0,3
24909,29028,0,3
24592,29030,0,3
24751,29030,0,3
24910,29030,0,3
24591,29030,0,3
24750,29030,0,3
24909,29030,0,3
24592,29035,0,3
24591,29035,0,3
24433,29035,0,3
24432,29035,0,3
24432,29036,0,3
24273,29036,0,3
24272,29036,0,3
24431,29036,0,3
24592,29040,0,3
24591,29040,0,3
24433,29040,0,3
24432,29040,0,3
24602,29042,0,3
24761,29042,0,3
24920,29042,0,3
24601,29042,0,3
24760,29042,0,3
24919,29042,0,3
24759,29042,0,3
23956,29043,0,3
23955,29043,0,3
24591,29051,0,3
24432,29051,0,3
24431,29051,0,3
24590,29051,0,3
23798,29053,0,3
23957,29053,0,3
23797,29053,0,3
23956,29053,0,3
24119,29058,1,2
23960,29058,1,2
24591,29065,0,3
24750,29065,0,3
24432,29065,0,3
24431,29065,0,3
24590,29065,0,3
24592,29074,0,3
24591,29074,0,3
24433,29074,0,3
24432,29074,0,3
24273,29074,0,3
24431,29074,0,3
24601,29075,0,3
24760,29075,0,3
24600,29075,0,3
24759,29075,0,3
24591,29076,0,3
24432,29076,0,3
24273,29076,0,3
24272,29076,0,3
24431,29076,0,3
24590,29076,0,3
24601,29077,0,3
24760,29077,0,3
24600,29077,0,3
24759,29077,0,3
24602,29078,0,3
24761,29078,0,3
24601,29078,0,3
24760,29078,0,3
24600,29078,0,3
24759,29078,0,3
24751,29081,2,1
24910,29081,2,1
24750,29081,2,1
24909,29081,2,1
24433,29083,0,3
24432,29083,0,3
24273,29083,0,3
24272,29083,0,3
24431,29083,0,3
25071,29089,1,2
24912,29089,1,2
24911,29089,1,2
25070,29089,1,2
24910,29089,1,2
25069,29089,1,2
24592,29091,0,3
24751,29091,0,3
24591,29091,0,3
24750,29091,0,3
24590,29091,0,3
24749,29091,0,3
25076,29093,0,3
24758,29093,0,3
24917,29093,0,3
24916,29093,0,3
24757,29093,0,3
24752,29095,0,3
24593,29095,0,3
24592,29095,0,3
24751,29095,0,3
24750,29095,0,3
24273,29106,0,3
24114,29106,0,3
24113,29106,0,3
24272,29106,0,3
24112,29106,0,3
24271,29106,0,3
24758,29107,1,2
24917,29107,1,2
24916,29107,1,2
24757,29107,1,2
24591,29109,0,3
24432,29109,0,3
24273,29109,0,3
24272,29109,0,3
24431,29109,0,3
24590,29109,0,3
24592,29114,0,3
24751,29114,0,3
24910,29114,0,3
24591,29114,0,3
24750,29114,0,3
24909,29114,0,3
24592,29115,0,3
24591,29115,0,3
24433,29115,0,3
24432,29115,0,3
24431,29115,0,3
24590,29115,0,3
24592,29119,0,3
24751,29119,0,3
24591,29119,0,3
24750,29119,0,3
24592,29127,0,3
24751,29127,0,3
24591,29127,0,3
24750,29127,0,3
24433,29127,0,3
24432,29127,0,3
24433,29128,0,3
24432,29128,0,3
24273,29128,0,3
24272,29128,0,3
24431,29128,0,3
24432,29133,0,3
24273,29133,0,3
24272,29133,0,3
24431,29133,0,3
24273,29135,0,3
24114,29135,0,3
24113,29135,0,3
24272,29135,0,3
24592,29141,0,3
24751,29141,0,3
24591,29141,0,3
24750,29141,0,3
24590,29141,0,3
24749,29141,0,3
24592,29142,0,3
24751,29142,0,3
24591,29142,0,3
24750,29142,0,3
24592,29143,0,3
24591,29143,0,3
24433,29143,0,3
24432,29143,0,3
24431,29143,0,3
24590,29143,0,3
24592,29146,0,3
24751,29146,0,3
24591,29146,0,3
24750,29146,0,3
24590,29146,0,3
24749,29146,0,3
24432,29148,0,3
24273,29148,0,3
24272,29148,0,3
24431,29148,0,3
24271,29148,0,3
24430,29148,0,3
24601,29151,0,3
24760,29151,0,3
24600,29151,0,3
24759,29151,0,3
24752,29152,0,3
24593,29152,0,3
24592,29152,0,3
24751,29152,0,3
24591,29152,0,3
24750,29152,0,3
23799,29214,0,3
23798,29214,0,3
23639,29214,0,3
23957,29214,0,3
23797,29214,0,3
23956,29214,0,3
23799,29268,0,3
23798,29268,0,3
23639,29268,0,3
23957,29268,0,3
23797,29268,0,3
23956,29268,0,3
23799,29304,0,3
23798,29304,0,3
23640,29304,0,3
23639,29304,0,3
23957,29304,0,3
20948,29474,0,3
20947,29474,0,3
20789,29474,0,3
20788,29474,0,3
21102,29475,0,3
21261,29475,0,3
21101,29475,0,3
21260,29475,0,3
20947,29476,2,1
20629,29476,2,1
20788,29476,2,1
20628,29476,2,1
20787,29476,2,1
20946,29476,2,1
20786,29476,2,1
20949,29477,0,3
20632,29477,0,3
20791,29477,0,3
20631,29477,0,3
20790,29477,0,3
20630,29477,0,3
20789,29477,0,3
20626,29478,0,3
20785,29478,0,3
20944,29478,0,3
20943,29478,0,3
20625,29478,0,3
20784,29478,0,3
21262,29480,0,3
21421,29480,0,3
21261,29480,0,3
21420,29480,0,3
20945,29481,0,3
20627,29481,0,3
20786,29481,0,3
20626,29481,0,3
20785,29481,0,3
20945,29483,0,3
20786,29483,0,3
20785,29483,0,3
20944,29483,0,3
21103,29483,0,3
20943,29483,0,3
20784,29483,0,3
20471,29484,0,3
20630,29484,0,3
20470,29484,0,3
20629,29484,0,3
20783,29485,0,3
20782,29485,0,3
20942,29485,0,3
20941,29485,0,3
20945,29486,0,3
20786,29486,0,3
20785,29486,0,3
20944,29486,0,3
20943,29486,0,3
20784,29486,0,3
20949,29487,0,3
20790,29487,0,3
20948,29487,0,3
20947,29487,0,3
20789,29487,0,3
20788,29487,0,3
20470,29488,0,3
20629,29488,0,3
20788,29488,0,3
20469,29488,0,3
20628,29488,0,3
20787,29488,0,3
20945,29490,0,3
20786,29490,0,3
20626,29490,0,3
20785,29490,0,3
20944,29490,0,3
20943,29490,0,3
20784,29490,0,3
20949,29491,0,3
20791,29491,0,3
20631,29491,0,3
20790,29491,0,3
20630,29491,0,3
20789,29491,0,3
20474,29492,0,3
20633,29492,0,3
20792,29492,0,3
20473,29492,0,3
20632,29492,0,3
20791,29492,0,3
20631,29492,0,3
21102,29494,0,3
21261,29494,0,3
21101,29494,0,3
21260,29494,0,3
21100,29494,0,3
21259,29494,0,3
20947,29496,0,3
21106,29496,0,3
20946,29496,0,3
21105,29496,0,3
20945,29496,0,3
21104,29496,0,3
20626,29499,0,3
20785,29499,0,3
20944,29499,0,3
20625,29499,0,3
20784,29499,0,3
20949,29500,0,3
20631,29500,0,3
20790,29500,0,3
20948,29500,0,3
20630,29500,0,3
20789,29500,0,3
20471,29501,0,3
20630,29501,0,3
20470,29501,0,3
20629,29501,0,3
20944,29503,0,3
21103,29503,0,3
20943,29503,0,3
21102,29503,0,3
20942,29503,0,3
20943,29504,0,3
21102,29504,0,3
21261,29504,0,3
20942,29504,0,3
21101,29504,0,3
21260,29504,0,3
20785,29507,2,1
20944,29507,2,1
20943,29507,2,1
20784,29507,2,1
20783,29507,2,1
20942,29507,2,1
20948,29509,2,1
21107,29509,2,1
20947,29509,2,1
21106,29509,2,1
20789,29509,2,1
20945,29510,0,3
20786,29510,0,3
20785,29510,0,3
20944,29510,0,3
20943,29510,0,3
20784,29510,0,3
20633,29512,0,3
20792,29512,0,3
20632,29512,0,3
20791,29512,0,3
20944,29513,0,3
21103,29513,0,3
20943,29513,0,3
21102,29513,0,3
20633,29515,0,3
20632,29515,0,3
20791,29515,0,3
20631,29515,0,3
20790,29515,0,3
20467,29517,0,3
20626,29517,0,3
20785,29517,0,3
20466,29517,0,3
20625,29517,0,3
20784,29517,0,3
20948,29518,2,1
20947,29518,2,1
20789,29518,2,1
20788,29518,2,1
20943,29519,0,3
21102,29519,0,3
21261,29519,0,3
20942,29519,0,3
21101,29519,0,3
21260,29519,0,3
20949,29520,2,1
21108,29520,2,1
20948,29520,2,1
21107,29520,2,1
20947,29520,2,1
21106,29520,2,1
20631,29523,0,3
20790,29523,0,3
20630,29523,0,3
20789,29523,0,3
20631,29527,0,3
20790,29527,0,3
20630,29527,0,3
20789,29527,0,3
20472,29529,0,3
20631,29529,0,3
20790,29529,0,3
20471,29529,0,3
20630,29529,0,3
20789,29529,0,3
20787,29530,0,3
20946,29530,0,3
21105,29530,0,3
20945,29530,0,3
21104,29530,0,3
20786,29530,0,3
20947,29531,0,3
20788,29531,0,3
20787,29531,0,3
20946,29531,0,3
21105,29531,0,3
20945,29531,0,3
20626,29532,0,3
20785,29532,0,3
20625,29532,0,3
20784,29532,0,3
21105,29533,0,3
21264,29533,0,3
20945,29533,0,3
21104,29533,0,3
21263,29533,0,3
21103,29533,0,3
21262,29533,0,3
20785,29534,0,3
20944,29534,0,3
20943,29534,0,3
20784,29534,0,3
20942,29536,0,3
21101,29536,0,3
21260,29536,0,3
20941,29536,0,3
21100,29536,0,3
21259,29536,0,3
21262,29537,0,3
21421,29537,0,3
21580,29537,0,3
21261,29537,0,3
21420,29537,0,3
21579,29537,0,3
20632,29539,0,3
20791,29539,0,3
20631,29539,0,3
20790,29539,0,3
21262,29540,0,3
21421,29540,0,3
21261,29540,0,3
21420,29540,0,3
21105,29542,0,3
20945,29542,0,3
21104,29542,0,3
21263,29542,0,3
20944,29542,0,3
21103,29542,0,3
21262,29542,0,3
20948,29544,0,3
20947,29544,0,3
20630,29544,0,3
20789,29544,0,3
20629,29544,0,3
20788,29544,0,3
20630,29545,2,1
20789,29545,2,1
20629,29545,2,1
20788,29545,2,1
20628,29545,2,1
20787,29545,2,1
20786,29546,0,3
20626,29546,0,3
20785,29546,0,3
20944,29546,0,3
20943,29546,0,3
20625,29546,0,3
20784,29546,0,3
20628,29547,0,3
20787,29547,0,3
20627,29547,0,3
20786,29547,0,3
21262,29549,0,3
21421,29549,0,3
21261,29549,0,3
21420,29549,0,3
20474,29550,0,3
20633,29550,0,3
20473,29550,0,3
20632,29550,0,3
20791,29550,0,3
20472,29550,0,3
20631,29550,0,3
20945,29551,0,3
20627,29551,0,3
20786,29551,0,3
20785,29551,0,3
20944,29551,0,3
20469,29552,0,3
20628,29552,0,3
20468,29552,0,3
20627,29552,0,3
20467,29552,0,3
20626,29552,0,3
20947,29557,0,3
21106,29557,0,3
20946,29557,0,3
21105,29557,0,3
20945,29557,0,3
21104,29557,0,3
21102,29561,2,1
21261,29561,2,1
21420,29561,2,1
21101,29561,2,1
21260,29561,2,1
21419,29561,2,1
21103,29562,0,3
21262,29562,0,3
21421,29562,0,3
21102,29562,0,3
21261,29562,0,3
20949,29571,0,3
20790,29571,0,3
20948,29571,0,3
20789,29571,0,3
20626,29572,0,3
20785,29572,0,3
20944,29572,0,3
20943,29572,0,3
20625,29572,0,3
20784,29572,0,3
20943,29573,0,3
21102,29573,0,3
21261,29573,0,3
20942,29573,0,3
21101,29573,0,3
21260,29573,0,3
20942,29577,0,3
21101,29577,0,3
20941,29577,0,3
21100,29577,0,3
20787,29579,0,3
20946,29579,0,3
21105,29579,0,3
20945,29579,0,3
21104,29579,0,3
20786,29579,0,3
20474,29583,0,3
20633,29583,0,3
20473,29583,0,3
20632,29583,0,3
20791,29583,0,3
20631,29583,0,3
20632,29585,0,3
20791,29585,0,3
20631,29585,0,3
20790,29585,0,3
20630,29585,0,3
20789,29585,0,3
20943,29586,0,3
21102,29586,0,3
20784,29586,0,3
20783,29586,0,3
20942,29586,0,3
21101,29586,0,3
20627,29590,0,3
20786,29590,0,3
20626,29590,0,3
20785,29590,0,3
20625,29590,0,3
20784,29590,0,3
20950,29591,0,3
20949,29591,0,3
20632,29591,0,3
20791,29591,0,3
20631,29591,0,3
20790,29591,0,3
20630,29597,0,3
20789,29597,0,3
20470,29597,0,3
20629,29597,0,3
20788,29597,0,3
20628,29597,0,3
20946,29599,0,3
21105,29599,0,3
20945,29599,0,3
21104,29599,0,3
20945,29603,0,3
21104,29603,0,3
20944,29603,0,3
21103,29603,0,3
20945,29609,0,3
21104,29609,0,3
21263,29609,0,3
20944,29609,0,3
21103,29609,0,3
21262,29609,0,3
21102,29609,0,3
20471,29613,0,3
20630,29613,0,3
20789,29613,0,3
20470,29613,0,3
20629,29613,0,3
20788,29613,0,3
21103,29615,0,3
21262,29615,0,3
21102,29615,0,3
21261,29615,0,3
20950,29617,0,3
20949,29617,0,3
20632,29617,0,3
20791,29617,0,3
20631,29617,0,3
20790,29617,0,3
20789,29617,0,3
20944,29621,0,3
21103,29621,0,3
21262,29621,0,3
20943,29621,0,3
21102,29621,0,3
21261,29621,0,3
20632,29622,0,3
20791,29622,0,3
20631,29622,0,3
20790,29622,0,3
20474,29626,0,3
20633,29626,0,3
20473,29626,0,3
20632,29626,0,3
20791,29626,0,3
20472,29626,0,3
20631,29626,0,3
20943,29628,0,3
21102,29628,0,3
20784,29628,0,3
20783,29628,0,3
20942,29628,0,3
21101,29628,0,3
21103,29631,0,3
21262,29631,0,3
21102,29631,0,3
21261,29631,0,3
20472,29632,0,3
20631,29632,0,3
20790,29632,0,3
20471,29632,0,3
20630,29632,0,3
20789,29632,0,3
21899,29635,0,3
22058,29635,0,3
21898,29635,0,3
22057,29635,0,3
21897,29635,0,3
22056,29635,0,3
21262,29637,0,3
21421,29637,0,3
21261,29637,0,3
21420,29637,0,3
20947,29638,0,3
21106,29638,0,3
20946,29638,0,3
21105,29638,0,3
20943,29641,0,3
21102,29641,0,3
20942,29641,0,3
21101,29641,0,3
21100,29641,0,3
21102,29646,0,3
21261,29646,0,3
21101,29646,0,3
21260,29646,0,3
20628,29648,0,3
20787,29648,0,3
20627,29648,0,3
20786,29648,0,3
20467,29653,0,3
20626,29653,0,3
20785,29653,0,3
20466,29653,0,3
20625,29653,0,3
20784,29653,0,3
20466,29658,0,3
20625,29658,0,3
20784,29658,0,3
20465,29658,0,3
20624,29658,0,3
20783,29658,0,3
20469,29662,0,3
20628,29662,0,3
20468,29662,0,3
20627,29662,0,3
20949,29664,0,3
20790,29664,0,3
20948,29664,0,3
20947,29664,0,3
20789,29664,0,3
20788,29664,0,3
20945,29665,0,3
20785,29665,0,3
20944,29665,0,3
21103,29665,0,3
20943,29665,0,3
21102,29665,0,3
20784,29665,0,3
20948,29668,2,1
20947,29668,2,1
20789,29668,2,1
20788,29668,2,1
20785,29669,0,3
20944,29669,0,3
21103,29669,0,3
20943,29669,0,3
21102,29669,0,3
20784,29669,0,3
20942,29669,0,3
20471,29671,0,3
20630,29671,0,3
20470,29671,0,3
20629,29671,0,3
20948,29673,0,3
20947,29673,0,3
20789,29673,0,3
20788,29673,0,3
20945,29674,0,3
21104,29674,0,3
20944,29674,0,3
21103,29674,0,3
20632,29677,0,3
20791,29677,0,3
20631,29677,0,3
20790,29677,0,3
20943,29678,0,3
21102,29678,0,3
20942,29678,0,3
21101,29678,0,3
20946,29679,0,3
21105,29679,0,3
21264,29679,0,3
20945,29679,0,3
21104,29679,0,3
21263,29679,0,3
20627,29681,0,3
20786,29681,0,3
20626,29681,0,3
20785,29681,0,3
20626,29682,0,3
20785,29682,0,3
20625,29682,0,3
20784,29682,0,3
20624,29682,0,3
20783,29682,0,3
22058,29683,0,3
22217,29683,0,3
22057,29683,0,3
22216,29683,0,3
20945,29687,0,3
21104,29687,0,3
20944,29687,0,3
21103,29687,0,3
20787,29690,0,3
20946,29690,0,3
20945,29690,0,3
20786,29690,0,3
20471,29691,0,3
20630,29691,0,3
20470,29691,0,3
20629,29691,0,3
20469,29691,0,3
20628,29691,0,3
21738,29693,0,3
21897,29693,0,3
22056,29693,0,3
21737,29693,0,3
21896,29693,0,3
22055,29693,0,3
22057,29694,0,3
22216,29694,0,3
22056,29694,0,3
22215,29694,0,3
22214,29694,0,3
22375,29694,0,3
22374,29694,0,3
21262,29695,0,3
21421,29695,0,3
21102,29695,0,3
21261,29695,0,3
21420,29695,0,3
21260,29695,0,3
21419,29695,0,3
20945,29697,0,3
21104,29697,0,3
21263,29697,0,3
20944,29697,0,3
21103,29697,0,3
21262,29697,0,3
20631,29703,0,3
20790,29703,0,3
20630,29703,0,3
20789,29703,0,3
20947,29705,0,3
21106,29705,0,3
20946,29705,0,3
21105,29705,0,3
22058,29708,0,3
22217,29708,0,3
22057,29708,0,3
22216,29708,0,3
20471,29709,0,3
20630,29709,0,3
20789,29709,0,3
20470,29709,0,3
20629,29709,0,3
20788,29709,0,3
20947,29712,0,3
20788,29712,0,3
20787,29712,0,3
20946,29712,0,3
20945,29712,0,3
20786,29712,0,3
22216,29713,0,3
22215,29713,0,3
22375,29713,0,3
22374,29713,0,3
20791,29716,0,3
20631,29716,0,3
20790,29716,0,3
20630,29716,0,3
20789,29716,0,3
20946,29717,0,3
21105,29717,0,3
20945,29717,0,3
21104,29717,0,3
20944,29717,0,3
21103,29717,0,3
22057,29718,0,3
22216,29718,0,3
22056,29718,0,3
22215,29718,0,3
22057,29720,0,3
22216,29720,0,3
22056,29720,0,3
22215,29720,0,3
22375,29720,0,3
20949,29723,0,3
20790,29723,0,3
20948,29723,0,3
20789,29723,0,3
21739,29725,0,3
21898,29725,0,3
22057,29725,0,3
21738,29725,0,3
21897,29725,0,3
22056,29725,0,3
20946,29726,0,3
21105,29726,0,3
20945,29726,0,3
21104,29726,0,3
20944,29726,0,3
21103,29726,0,3
22057,29727,0,3
21897,29727,0,3
22056,29727,0,3
22215,29727,0,3
21896,29727,0,3
22055,29727,0,3
22214,29727,0,3
21898,29728,0,3
22057,29728,0,3
22216,29728,0,3
21897,29728,0,3
22056,29728,0,3
22215,29728,0,3
21262,29732,0,3
21421,29732,0,3
21580,29732,0,3
21261,29732,0,3
21420,29732,0,3
21579,29732,0,3
20785,29733,0,3
20944,29733,0,3
20943,29733,0,3
20784,29733,0,3
20947,29738,0,3
20787,29738,0,3
20946,29738,0,3
21105,29738,0,3
20945,29738,0,3
21104,29738,0,3
20786,29738,0,3
20470,29743,0,3
20629,29743,0,3
20788,29743,0,3
20469,29743,0,3
20628,29743,0,3
20787,29743,0,3
20943,29744,0,3
21102,29744,0,3
20942,29744,0,3
21101,29744,0,3
21105,29748,1,2
21264,29748,1,2
21104,29748,1,2
21263,29748,1,2
20630,29751,0,3
20470,29751,0,3
20629,29751,0,3
20788,29751,0,3
20469,29751,0,3
20628,29751,0,3
20787,29751,0,3
21739,29754,0,3
21898,29754,0,3
21738,29754,0,3
21897,29754,0,3
21899,29755,0,3
22058,29755,0,3
21739,29755,0,3
21898,29755,0,3
22057,29755,0,3
21897,29755,0,3
20470,29756,1,2
20629,29756,1,2
20788,29756,1,2
20469,29756,1,2
20628,29756,1,2
20787,29756,1,2
21898,29761,0,3
21738,29761,0,3
21897,29761,0,3
22056,29761,0,3
21737,29761,0,3
21896,29761,0,3
20950,29764,2,1
20949,29764,2,1
20791,29764,2,1
20790,29764,2,1
20474,29765,0,3
20633,29765,0,3
20473,29765,0,3
20632,29765,0,3
20791,29765,0,3
20472,29765,0,3
20631,29765,0,3
20945,29768,0,3
20785,29768,0,3
20944,29768,0,3
21103,29768,0,3
20943,29768,0,3
21102,29768,0,3
20945,29769,0,3
21104,29769,0,3
20944,29769,0,3
21103,29769,0,3
20785,29770,0,3
20944,29770,0,3
20943,29770,0,3
20784,29770,0,3
22216,29773,0,3
22215,29773,0,3
22214,29773,0,3
22373,29773,0,3
22375,29773,0,3
22374,29773,0,3
22533,29773,0,3
20946,29774,0,3
21105,29774,0,3
20945,29774,0,3
21104,29774,0,3
20949,29779,0,3
20790,29779,0,3
20948,29779,0,3
20789,29779,0,3
20949,29782,0,3
20631,29782,0,3
20790,29782,0,3
20948,29782,0,3
20630,29782,0,3
20789,29782,0,3
20788,29782,0,3
21106,29783,0,3
20946,29783,0,3
21105,29783,0,3
21264,29783,0,3
20945,29783,0,3
21104,29783,0,3
20467,29785,0,3
20626,29785,0,3
20785,29785,0,3
20466,29785,0,3
20625,29785,0,3
20784,29785,0,3
21899,29786,0,3
22058,29786,0,3
21898,29786,0,3
22057,29786,0,3
20472,29787,0,3
20631,29787,0,3
20471,29787,0,3
20630,29787,0,3
20470,29787,0,3
20629,29787,0,3
20631,29788,0,3
20790,29788,0,3
20948,29788,0,3
20630,29788,0,3
20789,29788,0,3
20629,29788,0,3
20788,29788,0,3
21898,29790,0,3
22057,29790,0,3
21897,29790,0,3
22056,29790,0,3
22215,29790,0,3
21896,29790,0,3
22055,29790,0,3
20945,29793,0,3
20627,29793,0,3
20786,29793,0,3
20626,29793,0,3
20785,29793,0,3
20944,29793,0,3
20950,29795,1,2
20949,29795,1,2
20791,29795,1,2
20790,29795,1,2
22057,29796,0,3
22216,29796,0,3
22056,29796,0,3
22215,29796,0,3
20785,29798,0,3
20944,29798,0,3
20943,29798,0,3
20784,29798,0,3
21102,29799,0,3
21261,29799,0,3
21101,29799,0,3
21260,29799,0,3
21899,29802,0,3
22058,29802,0,3
22217,29802,0,3
21898,29802,0,3
22057,29802,0,3
22216,29802,0,3
20785,29803,0,3
20944,29803,0,3
20943,29803,0,3
20784,29803,0,3
20783,29803,0,3
20942,29803,0,3
21898,29805,0,3
22057,29805,0,3
22216,29805,0,3
21897,29805,0,3
22056,29805,0,3
22215,29805,0,3
22055,29805,0,3
20473,29806,0,3
20632,29806,0,3
20791,29806,0,3
20472,29806,0,3
20631,29806,0,3
20790,29806,0,3
21899,29808,0,3
22058,29808,0,3
21898,29808,0,3
22057,29808,0,3
21897,29808,0,3
22056,29808,0,3
20787,29809,0,3
20946,29809,0,3
20945,29809,0,3
20786,29809,0,3
21898,29810,0,3
22057,29810,0,3
21897,29810,0,3
22056,29810,0,3
20946,29816,0,3
20945,29816,0,3
21104,29816,0,3
20786,29816,0,3
20785,29816,0,3
20944,29816,0,3
21103,29816,0,3
20470,29818,0,3
20629,29818,0,3
20788,29818,0,3
20628,29818,0,3
20787,29818,0,3
21102,29823,0,3
21261,29823,0,3
21101,29823,0,3
21260,29823,0,3
20627,29828,0,3
20786,29828,0,3
20626,29828,0,3
20785,29828,0,3
20784,29828,0,3
21104,29829,0,3
21263,29829,0,3
21103,29829,0,3
21262,29829,0,3
21102,29829,0,3
21261,29829,0,3
20950,29833,0,3
20949,29833,0,3
20632,29833,0,3
20791,29833,0,3
20631,29833,0,3
20790,29833,0,3
20950,29834,0,3
20949,29834,0,3
20632,29834,0,3
20791,29834,0,3
20631,29834,0,3
20790,29834,0,3
21103,29835,0,3
21262,29835,0,3
21421,29835,0,3
21102,29835,0,3
21261,29835,0,3
21420,29835,0,3
21260,29835,0,3
20950,29840,0,3
20949,29840,0,3
20632,29840,0,3
20791,29840,0,3
20790,29840,0,3
20951,29844,0,3
20633,29844,0,3
20792,29844,0,3
20950,29844,0,3
20632,29844,0,3
20791,29844,0,3
20471,29846,0,3
20630,29846,0,3
20470,29846,0,3
20629,29846,0,3
20788,29846,0,3
20628,29846,0,3
21104,29849,0,3
21263,29849,0,3
21103,29849,0,3
21262,29849,0,3
21102,29849,0,3
21261,29849,0,3
21103,29852,0,3
21262,29852,0,3
21102,29852,0,3
21261,29852,0,3
21101,29852,0,3
21260,29852,0,3
22058,29854,0,3
22217,29854,0,3
22057,29854,0,3
22216,29854,0,3
22056,29854,0,3
20633,29859,0,3
20792,29859,0,3
20632,29859,0,3
20791,29859,0,3
22057,29860,0,3
22216,29860,0,3
22056,29860,0,3
22215,29860,0,3
22375,29860,0,3
22374,29860,0,3
22216,29866,0,3
22215,29866,0,3
22375,29866,0,3
22374,29866,0,3
20625,29867,2,1
20784,29867,2,1
20624,29867,2,1
20783,29867,2,1
20785,29871,0,3
20944,29871,0,3
21103,29871,0,3
20943,29871,0,3
21102,29871,0,3
20784,29871,0,3
20629,29872,2,1
20788,29872,2,1
20628,29872,2,1
20787,29872,2,1
21738,29876,0,3
21897,29876,0,3
22056,29876,0,3
21737,29876,0,3
21896,29876,0,3
22055,29876,0,3
21898,29878,0,3
22057,29878,0,3
21897,29878,0,3
22056,29878,0,3
21896,29878,0,3
22055,29878,0,3
21898,29879,0,3
22057,29879,0,3
21897,29879,0,3
22056,29879,0,3
21898,29884,0,3
22057,29884,0,3
22216,29884,0,3
21897,29884,0,3
22056,29884,0,3
22215,29884,0,3
20468,29885,0,3
20627,29885,0,3
20467,29885,0,3
20626,29885,0,3
20785,29885,0,3
20625,29885,0,3
22058,29887,0,3
22217,29887,0,3
22057,29887,0,3
22216,29887,0,3
22056,29887,0,3
22215,29887,0,3
20630,29888,0,3
20789,29888,0,3
20629,29888,0,3
20788,29888,0,3
20631,29889,0,3
20790,29889,0,3
20630,29889,0,3
20789,29889,0,3
20629,29889,0,3
20788,29889,0,3
21899,29890,0,3
22058,29890,0,3
22217,29890,0,3
21898,29890,0,3
22057,29890,0,3
22216,29890,0,3
20628,29892,0,3
20787,29892,0,3
20946,29892,0,3
20945,29892,0,3
20627,29892,0,3
20786,29892,0,3
20625,29893,2,1
20784,29893,2,1
20624,29893,2,1
20783,29893,2,1
20790,29897,0,3
20948,29897,0,3
20630,29897,0,3
20789,29897,0,3
20629,29897,0,3
20788,29897,0,3
20946,29898,0,3
20945,29898,0,3
21104,29898,0,3
20786,29898,0,3
20785,29898,0,3
20944,29898,0,3
21103,29898,0,3
20783,29900,0,3
20782,29900,0,3
20942,29900,0,3
20941,29900,0,3
21898,29902,0,3
22057,29902,0,3
21897,29902,0,3
22056,29902,0,3
22057,29903,0,3
22216,29903,0,3
22056,29903,0,3
22215,29903,0,3
20949,29905,0,3
20790,29905,0,3
20948,29905,0,3
20789,29905,0,3
22058,29906,0,3
22217,29906,0,3
22057,29906,0,3
22216,29906,0,3
22056,29906,0,3
22215,29906,0,3
21899,29907,0,3
22058,29907,0,3
21898,29907,0,3
22057,29907,0,3
20948,29908,0,3
20947,29908,0,3
20630,29908,0,3
20789,29908,0,3
20629,29908,0,3
20788,29908,0,3
22057,29909,0,3
22216,29909,0,3
22056,29909,0,3
22215,29909,0,3
21899,29910,0,3
22058,29910,0,3
22217,29910,0,3
21898,29910,0,3
22057,29910,0,3
22216,29910,0,3
20948,29911,0,3
20947,29911,0,3
20630,29911,0,3
20789,29911,0,3
20629,29911,0,3
20788,29911,0,3
20948,29912,1,2
20947,29912,1,2
20630,29912,1,2
20789,29912,1,2
20629,29912,1,2
20788,29912,1,2
20783,29917,0,3
20782,29917,0,3
20942,29917,0,3
21101,29917,0,3
20941,29917,0,3
21100,29917,0,3
22057,29919,0,3
21897,29919,0,3
22056,29919,0,3
21896,29919,0,3
22055,29919,0,3
22057,29920,0,3
22216,29920,0,3
22056,29920,0,3
22215,29920,0,3
21898,29921,0,3
22057,29921,0,3
21897,29921,0,3
22056,29921,0,3
20470,29922,0,3
20629,29922,0,3
20788,29922,0,3
20469,29922,0,3
20628,29922,0,3
20787,29922,0,3
21898,29924,0,3
22057,29924,0,3
21897,29924,0,3
22056,29924,0,3
21739,29926,0,3
21898,29926,0,3
22057,29926,0,3
21738,29926,0,3
21897,29926,0,3
22056,29926,0,3
20631,29927,0,3
20790,29927,0,3
20948,29927,0,3
20630,29927,0,3
20789,29927,0,3
20629,29927,0,3
20788,29927,0,3
20949,29929,0,3
20632,29929,0,3
20791,29929,0,3
20631,29929,0,3
20790,29929,0,3
20789,29929,0,3
21739,29931,0,3
21898,29931,0,3
21738,29931,0,3
21897,29931,0,3
20471,29933,0,3
20630,29933,0,3
20470,29933,0,3
20629,29933,0,3
20788,29933,0,3
20628,29933,0,3
22057,29935,0,3
22216,29935,0,3
22056,29935,0,3
22215,29935,0,3
22375,29935,0,3
22374,29935,0,3
20785,29938,0,3
20944,29938,0,3
20943,29938,0,3
20784,29938,0,3
21739,29940,0,3
21898,29940,0,3
21738,29940,0,3
21897,29940,0,3
21737,29940,0,3
21896,29940,0,3
22058,29941,0,3
22217,29941,0,3
22057,29941,0,3
22216,29941,0,3
20631,29942,0,3
20790,29942,0,3
20630,29942,0,3
20789,29942,0,3
21898,29944,0,3
22057,29944,0,3
21897,29944,0,3
22056,29944,0,3
21896,29944,0,3
22055,29944,0,3
20469,29948,0,3
20628,29948,0,3
20468,29948,0,3
20627,29948,0,3
21899,29949,0,3
22058,29949,0,3
21898,29949,0,3
22057,29949,0,3
21897,29949,0,3
22056,29949,0,3
22057,29950,0,3
22216,29950,0,3
22056,29950,0,3
22215,29950,0,3
22055,29950,0,3
22214,29950,0,3
22374,29950,0,3
20943,29952,0,3
21102,29952,0,3
20942,29952,0,3
21101,29952,0,3
20951,29958,0,3
20792,29958,0,3
20950,29958,0,3
20949,29958,0,3
20791,29958,0,3
20790,29958,0,3
21103,29962,0,3
21262,29962,0,3
21102,29962,0,3
21261,29962,0,3
20950,29963,1,2
20949,29963,1,2
20791,29963,1,2
20790,29963,1,2
21898,29964,0,3
22057,29964,0,3
21897,29964,0,3
22056,29964,0,3
22058,29965,0,3
22217,29965,0,3
21898,29965,0,3
22057,29965,0,3
22216,29965,0,3
22056,29965,0,3
20630,29967,0,3
20789,29967,0,3
20629,29967,0,3
20788,29967,0,3
20787,29971,0,3
20946,29971,0,3
20945,29971,0,3
20786,29971,0,3
20632,29972,0,3
20791,29972,0,3
20631,29972,0,3
20790,29972,0,3
20630,29972,0,3
20789,29972,0,3
20628,29976,0,3
20787,29976,0,3
20627,29976,0,3
20786,29976,0,3
20626,29976,0,3
20785,29976,0,3
21261,29978,2,1
21420,29978,2,1
21260,29978,2,1
21419,29978,2,1
20949,29981,0,3
20790,29981,0,3
20948,29981,0,3
20789,29981,0,3
20949,29983,1,2
21108,29983,1,2
20948,29983,1,2
21107,29983,1,2
20947,29983,1,2
21106,29983,1,2
20789,29983,1,2
21262,29987,0,3
21102,29987,0,3
21261,29987,0,3
21420,29987,0,3
21101,29987,0,3
21260,29987,0,3
21419,29987,0,3
21899,29993,0,3
22058,29993,0,3
21898,29993,0,3
22057,29993,0,3
22057,29997,0,3
22216,29997,0,3
22056,29997,0,3
22215,29997,0,3
21898,29998,0,3
22057,29998,0,3
21897,29998,0,3
22056,29998,0,3
20472,29999,0,3
20631,29999,0,3
20790,29999,0,3
20471,29999,0,3
20630,29999,0,3
20789,29999,0,3
21739,30001,0,3
21898,30001,0,3
21738,30001,0,3
21897,30001,0,3
21737,30001,0,3
21896,30001,0,3
22057,30002,0,3
22216,30002,0,3
22056,30002,0,3
22215,30002,0,3
22055,30002,0,3
22214,30002,0,3
21899,30003,0,3
22058,30003,0,3
21898,30003,0,3
22057,30003,0,3
21897,30003,0,3
22056,30003,0,3
20944,30004,0,3
21103,30004,0,3
20943,30004,0,3
21102,30004,0,3
20942,30004,0,3
21101,30004,0,3
20944,30005,0,3
21103,30005,0,3
21262,30005,0,3
21102,30005,0,3
21261,30005,0,3
21898,30006,0,3
22057,30006,0,3
21897,30006,0,3
22056,30006,0,3
20472,30007,0,3
20631,30007,0,3
20471,30007,0,3
20630,30007,0,3
20470,30007,0,3
20629,30007,0,3
22216,30008,0,3
22056,30008,0,3
22215,30008,0,3
22214,30008,0,3
22375,30008,0,3
22374,30008,0,3
20633,30011,0,3
20792,30011,0,3
20473,30011,0,3
20632,30011,0,3
20791,30011,0,3
20631,30011,0,3
21740,30012,0,3
21899,30012,0,3
21739,30012,0,3
21898,30012,0,3
21738,30012,0,3
21897,30012,0,3
21103,30013,0,3
21262,30013,0,3
21102,30013,0,3
21261,30013,0,3
21101,30013,0,3
21260,30013,0,3
21899,30014,0,3
22058,30014,0,3
22217,30014,0,3
21898,30014,0,3
22057,30014,0,3
22216,30014,0,3
20949,30017,0,3
20790,30017,0,3
20948,30017,0,3
20789,30017,0,3
20470,30020,0,3
20629,30020,0,3
20788,30020,0,3
20469,30020,0,3
20628,30020,0,3
20787,30020,0,3
20946,30021,0,3
21105,30021,0,3
20945,30021,0,3
21104,30021,0,3
20944,30021,0,3
21103,30021,0,3
20472,30026,0,3
20631,30026,0,3
20790,30026,0,3
20630,30026,0,3
20789,30026,0,3
20627,30030,0,3
20467,30030,0,3
20626,30030,0,3
20785,30030,0,3
20466,30030,0,3
20625,30030,0,3
20784,30030,0,3
21103,30031,0,3
21262,30031,0,3
21102,30031,0,3
21261,30031,0,3
21103,30033,0,3
20943,30033,0,3
21102,30033,0,3
21261,30033,0,3
20942,30033,0,3
21101,30033,0,3
21260,30033,0,3
20949,30035,0,3
20790,30035,0,3
20948,30035,0,3
21107,30035,0,3
20947,30035,0,3
20789,30035,0,3
20788,30035,0,3
20633,30039,0,3
20792,30039,0,3
20632,30039,0,3
20791,30039,0,3
20631,30039,0,3
20790,30039,0,3
21898,30041,0,3
22057,30041,0,3
21897,30041,0,3
22056,30041,0,3
22058,30042,0,3
22217,30042,0,3
22057,30042,0,3
22216,30042,0,3
22058,30043,0,3
22217,30043,0,3
22057,30043,0,3
22216,30043,0,3
22056,30043,0,3
22215,30043,0,3
21102,30044,0,3
21261,30044,0,3
21420,30044,0,3
21101,30044,0,3
21260,30044,0,3
21419,30044,0,3
21259,30044,0,3
20630,30045,0,3
20789,30045,0,3
20629,30045,0,3
20788,30045,0,3
21898,30046,0,3
22057,30046,0,3
21897,30046,0,3
22056,30046,0,3
21739,30048,0,3
21898,30048,0,3
21738,30048,0,3
21897,30048,0,3
20786,30050,0,3
20785,30050,0,3
20944,30050,0,3
20943,30050,0,3
20784,30050,0,3
21899,30051,0,3
22058,30051,0,3
21898,30051,0,3
22057,30051,0,3
21897,30051,0,3
22056,30051,0,3
20943,30053,0,3
21102,30053,0,3
21261,30053,0,3
20942,30053,0,3
21101,30053,0,3
21260,30053,0,3
21899,30054,0,3
22058,30054,0,3
21898,30054,0,3
22057,30054,0,3
20787,30055,0,3
20946,30055,0,3
20945,30055,0,3
20786,30055,0,3
20785,30055,0,3
20944,30055,0,3
22059,30056,0,3
22218,30056,0,3
22058,30056,0,3
22217,30056,0,3
22057,30056,0,3
22216,30056,0,3
20944,30057,0,3
21103,30057,0,3
21262,30057,0,3
20943,30057,0,3
21102,30057,0,3
21261,30057,0,3
20629,30063,1,2
20788,30063,1,2
20628,30063,1,2
20787,30063,1,2
20629,30064,1,2
20788,30064,1,2
20628,30064,1,2
20787,30064,1,2
21102,30068,0,3
21261,30068,0,3
21101,30068,0,3
21260,30068,0,3
20945,30069,0,3
21104,30069,0,3
20786,30069,0,3
20785,30069,0,3
20944,30069,0,3
21103,30069,0,3
20630,30070,1,2
20789,30070,1,2
20629,30070,1,2
20788,30070,1,2
20628,30070,1,2
20787,30070,1,2
21898,30073,0,3
22057,30073,0,3
22216,30073,0,3
21897,30073,0,3
22056,30073,0,3
22215,30073,0,3
22055,30073,0,3
20785,30074,0,3
20944,30074,0,3
20943,30074,0,3
20784,30074,0,3
22057,30075,0,3
22216,30075,0,3
22056,30075,0,3
22215,30075,0,3
20628,30076,0,3
20787,30076,0,3
20627,30076,0,3
20786,30076,0,3
22057,30078,0,3
22216,30078,0,3
22056,30078,0,3
22215,30078,0,3
20790,30080,0,3
20948,30080,0,3
20947,30080,0,3
20630,30080,0,3
20789,30080,0,3
20629,30080,0,3
20788,30080,0,3
20468,30081,0,3
20627,30081,0,3
20786,30081,0,3
20467,30081,0,3
20626,30081,0,3
20785,30081,0,3
20625,30081,0,3
21899,30083,0,3
22058,30083,0,3
21898,30083,0,3
22057,30083,0,3
21897,30083,0,3
22056,30083,0,3
20471,30086,0,3
20630,30086,0,3
20470,30086,0,3
20629,30086,0,3
20469,30086,0,3
20628,30086,0,3
20944,30087,0,3
21103,30087,0,3
20943,30087,0,3
21102,30087,0,3
21898,30089,0,3
22057,30089,0,3
21897,30089,0,3
22056,30089,0,3
20945,30091,0,3
20786,30091,0,3
20626,30091,0,3
20785,30091,0,3
20944,30091,0,3
20784,30091,0,3
20949,30094,0,3
20790,30094,0,3
20948,30094,0,3
20789,30094,0,3
20788,30094,0,3
20948,30095,1,2
20947,30095,1,2
20630,30095,1,2
20789,30095,1,2
20629,30095,1,2
20788,30095,1,2
20944,30096,0,3
21103,30096,0,3
20943,30096,0,3
21102,30096,0,3
21897,30099,0,3
22056,30099,0,3
21896,30099,0,3
22055,30099,0,3
20945,30100,0,3
20786,30100,0,3
20785,30100,0,3
20944,30100,0,3
20631,30101,0,3
20790,30101,0,3
20630,30101,0,3
20789,30101,0,3
20785,30102,0,3
20944,30102,0,3
21103,30102,0,3
20943,30102,0,3
21102,30102,0,3
20784,30102,0,3
20946,30104,0,3
21105,30104,0,3
20945,30104,0,3
21104,30104,0,3
20944,30104,0,3
21103,30104,0,3
20468,30105,0,3
20627,30105,0,3
20786,30105,0,3
20467,30105,0,3
20626,30105,0,3
20785,30105,0,3
20471,30106,0,3
20630,30106,0,3
20470,30106,0,3
20629,30106,0,3
20469,30106,0,3
20628,30106,0,3
20467,30107,0,3
20626,30107,0,3
20785,30107,0,3
20466,30107,0,3
20625,30107,0,3
20784,30107,0,3
20944,30108,0,3
21103,30108,0,3
20943,30108,0,3
21102,30108,0,3
21421,30112,2,1
21580,30112,2,1
21420,30112,2,1
21579,30112,2,1
20631,30113,0,3
20471,30113,0,3
20630,30113,0,3
20470,30113,0,3
20629,30113,0,3
20946,30116,0,3
21105,30116,0,3
20945,30116,0,3
21104,30116,0,3
21263,30116,0,3
21103,30116,0,3
21103,30118,0,3
21262,30118,0,3
20943,30118,0,3
21102,30118,0,3
21261,30118,0,3
21101,30118,0,3
21260,30118,0,3
20943,30119,0,3
21102,30119,0,3
20783,30119,0,3
20942,30119,0,3
21101,30119,0,3
20950,30120,0,3
20949,30120,0,3
20791,30120,0,3
20790,30120,0,3
20948,30120,0,3
20789,30120,0,3
20951,30121,0,3
20792,30121,0,3
20950,30121,0,3
20791,30121,0,3
20626,30122,0,3
20785,30122,0,3
20625,30122,0,3
20784,30122,0,3
20624,30122,0,3
20783,30122,0,3
20631,30123,0,3
20471,30123,0,3
20630,30123,0,3
20789,30123,0,3
20470,30123,0,3
20629,30123,0,3
20627,30124,0,3
20786,30124,0,3
20626,30124,0,3
20785,30124,0,3
20625,30124,0,3
20784,30124,0,3
21104,30125,0,3
21263,30125,0,3
21103,30125,0,3
21262,30125,0,3
20948,30126,0,3
20947,30126,0,3
20789,30126,0,3
20788,30126,0,3
20627,30127,0,3
20786,30127,0,3
20626,30127,0,3
20785,30127,0,3
20943,30131,0,3
21102,30131,0,3
20942,30131,0,3
21101,30131,0,3
20783,30133,0,3
20782,30133,0,3
20942,30133,0,3
20941,30133,0,3
21102,30136,0,3
21261,30136,0,3
21101,30136,0,3
21260,30136,0,3
21100,30136,0,3
21259,30136,0,3
21103,30137,0,3
21262,30137,0,3
21102,30137,0,3
21261,30137,0,3
21104,30139,0,3
21263,30139,0,3
21103,30139,0,3
21262,30139,0,3
21102,30139,0,3
21261,30139,0,3
20628,30140,0,3
20787,30140,0,3
20946,30140,0,3
20945,30140,0,3
20627,30140,0,3
20786,30140,0,3
20787,30141,0,3
20946,30141,0,3
20945,30141,0,3
20786,30141,0,3
20785,30141,0,3
20944,30141,0,3
20945,30142,0,3
21104,30142,0,3
21263,30142,0,3
20944,30142,0,3
21103,30142,0,3
21262,30142,0,3
20951,30143,0,3
20792,30143,0,3
20950,30143,0,3
20632,30143,0,3
20791,30143,0,3
20471,30144,0,3
20630,30144,0,3
20470,30144,0,3
20629,30144,0,3
20628,30144,0,3
20944,30145,0,3
21103,30145,0,3
21262,30145,0,3
20943,30145,0,3
21102,30145,0,3
21261,30145,0,3
20471,30146,0,3
20630,30146,0,3
20470,30146,0,3
20629,30146,0,3
20469,30146,0,3
20628,30146,0,3
20630,30147,0,3
20789,30147,0,3
20629,30147,0,3
20788,30147,0,3
21103,30150,0,3
21262,30150,0,3
21102,30150,0,3
21261,30150,0,3
21101,30150,0,3
21260,30150,0,3
20629,30152,1,2
20788,30152,1,2
20628,30152,1,2
20787,30152,1,2
20627,30152,1,2
20786,30152,1,2
20631,30153,0,3
20790,30153,0,3
20630,30153,0,3
20789,30153,0,3
20629,30153,0,3
20788,30153,0,3
20627,30154,0,3
20786,30154,0,3
20626,30154,0,3
20785,30154,0,3
20784,30154,0,3
20628,30155,0,3
20787,30155,0,3
20946,30155,0,3
20945,30155,0,3
20627,30155,0,3
20786,30155,0,3
20631,30157,0,3
20790,30157,0,3
20471,30157,0,3
20630,30157,0,3
20789,30157,0,3
20629,30157,0,3
20788,30157,0,3
20626,30158,0,3
20785,30158,0,3
20625,30158,0,3
20784,30158,0,3
20624,30158,0,3
20783,30158,0,3
20949,30159,0,3
20631,30159,0,3
20790,30159,0,3
20948,30159,0,3
20630,30159,0,3
20789,30159,0,3
20946,30160,0,3
21105,30160,0,3
20945,30160,0,3
21104,30160,0,3
21263,30160,0,3
20783,30161,0,3
20782,30161,0,3
20942,30161,0,3
21101,30161,0,3
20941,30161,0,3
21100,30161,0,3
20787,30162,0,3
20946,30162,0,3
20945,30162,0,3
20786,30162,0,3
21104,30163,0,3
21263,30163,0,3
21103,30163,0,3
21262,30163,0,3
20787,30164,0,3
20946,30164,0,3
21105,30164,0,3
20945,30164,0,3
21104,30164,0,3
20786,30164,0,3
21103,30165,0,3
21262,30165,0,3
21102,30165,0,3
21261,30165,0,3
21420,30165,0,3
20951,30166,0,3
20792,30166,0,3
20950,30166,0,3
20949,30166,0,3
20791,30166,0,3
20790,30166,0,3
20943,30167,0,3
20783,30167,0,3
20942,30167,0,3
21101,30167,0,3
20941,30167,0,3
21100,30167,0,3
21102,30170,0,3
21261,30170,0,3
21101,30170,0,3
21260,30170,0,3
21100,30170,0,3
21259,30170,0,3
23466,30177,0,3
23625,30177,0,3
23465,30177,0,3
23624,30177,0,3
26483,30178,0,3
26642,30178,0,3
26482,30178,0,3
26641,30178,0,3
25213,30180,0,3
25372,30180,0,3
25053,30180,0,3
25212,30180,0,3
25371,30180,0,3
25211,30180,0,3
25370,30180,0,3
26483,30181,0,3
26642,30181,0,3
26801,30181,0,3
26482,30181,0,3
26641,30181,0,3
26800,30181,0,3
23625,30184,0,3
23784,30184,0,3
23783,30184,0,3
23624,30184,0,3
23466,30185,0,3
23625,30185,0,3
23784,30185,0,3
23783,30185,0,3
23465,30185,0,3
23624,30185,0,3
26166,30186,0,3
26165,30186,0,3
26324,30186,0,3
26164,30186,0,3
26323,30186,0,3
24577,30188,0,3
24576,30188,0,3
24418,30188,0,3
24258,30188,0,3
24417,30188,0,3
24416,30188,0,3
27118,30189,0,3
27277,30189,0,3
27117,30189,0,3
27276,30189,0,3
25213,30192,0,3
25372,30192,0,3
25212,30192,0,3
25371,30192,0,3
26642,30193,1,2
26801,30193,1,2
26641,30193,1,2
26800,30193,1,2
26959,30193,1,2
23466,30196,0,3
23625,30196,0,3
23784,30196,0,3
23783,30196,0,3
23465,30196,0,3
23624,30196,0,3
26164,30198,0,3
26323,30198,0,3
26482,30198,0,3
26163,30198,0,3
26322,30198,0,3
26481,30198,0,3
26483,30200,0,3
26642,30200,0,3
26482,30200,0,3
26641,30200,0,3
26481,30200,0,3
26640,30200,0,3
26642,30201,0,3
26801,30201,0,3
26960,30201,0,3
26641,30201,0,3
26800,30201,0,3
26959,30201,0,3
25054,30202,1,2
25213,30202,1,2
25372,30202,1,2
25053,30202,1,2
25212,30202,1,2
25371,30202,1,2
26642,30203,0,3
26801,30203,0,3
26641,30203,0,3
26800,30203,0,3
23785,30204,0,3
23467,30204,0,3
23626,30204,0,3
23466,30204,0,3
23625,30204,0,3
23784,30204,0,3
25214,30206,0,3
25373,30206,0,3
25213,30206,0,3
25372,30206,0,3
25212,30206,0,3
25371,30206,0,3
26642,30207,0,3
26801,30207,0,3
26641,30207,0,3
26800,30207,0,3
23306,30208,0,3
23465,30208,0,3
23305,30208,0,3
23464,30208,0,3
26642,30209,1,2
26801,30209,1,2
26960,30209,1,2
26641,30209,1,2
26800,30209,1,2
26959,30209,1,2
26642,30210,0,3
26801,30210,0,3
26641,30210,0,3
26800,30210,0,3
25053,30215,0,3
25212,30215,0,3
25052,30215,0,3
25211,30215,0,3
27118,30216,0,3
27277,30216,0,3
27117,30216,0,3
27276,30216,0,3
26163,30217,0,3
26322,30217,0,3
26481,30217,0,3
26162,30217,0,3
26321,30217,0,3
26480,30217,0,3
27118,30218,0,3
27277,30218,0,3
27117,30218,0,3
27276,30218,0,3
27118,30220,0,3
27277,30220,0,3
27117,30220,0,3
27276,30220,0,3
26483,30221,0,3
26642,30221,0,3
26482,30221,0,3
26641,30221,0,3
25053,30222,0,3
25212,30222,0,3
25371,30222,0,3
25052,30222,0,3
25211,30222,0,3
25370,30222,0,3
25848,30224,0,3
26007,30224,0,3
26166,30224,0,3
25847,30224,0,3
26006,30224,0,3
26165,30224,0,3
23147,30225,0,3
23306,30225,0,3
23465,30225,0,3
23146,30225,0,3
23305,30225,0,3
23464,30225,0,3
23625,30226,0,3
23784,30226,0,3
23783,30226,0,3
23624,30226,0,3
27118,30227,0,3
27277,30227,0,3
27117,30227,0,3
27276,30227,0,3
25213,30228,0,3
25372,30228,0,3
25212,30228,0,3
25371,30228,0,3
26483,30229,0,3
26642,30229,0,3
26801,30229,0,3
26482,30229,0,3
26641,30229,0,3
26800,30229,0,3
25848,30230,0,3
26007,30230,0,3
26166,30230,0,3
25847,30230,0,3
26006,30230,0,3
26165,30230,0,3
26166,30231,0,3
26006,30231,0,3
26165,30231,0,3
26324,30231,0,3
26164,30231,0,3
26323,30231,0,3
23466,30232,0,3
23625,30232,0,3
23465,30232,0,3
23624,30232,0,3
26483,30234,0,3
26642,30234,0,3
26482,30234,0,3
26641,30234,0,3
25848,30235,0,3
26007,30235,0,3
26166,30235,0,3
25847,30235,0,3
26006,30235,0,3
26165,30235,0,3
23625,30238,0,3
23784,30238,0,3
23943,30238,0,3
23783,30238,0,3
23624,30238,0,3
23942,30238,0,3
26483,30241,0,3
26642,30241,0,3
26801,30241,0,3
26482,30241,0,3
26641,30241,0,3
26800,30241,0,3
25053,30242,0,3
25212,30242,0,3
25052,30242,0,3
25211,30242,0,3
26642,30244,0,3
26801,30244,0,3
26641,30244,0,3
26800,30244,0,3
26640,30244,0,3
26799,30244,0,3
25213,30247,0,3
25372,30247,0,3
25053,30247,0,3
25212,30247,0,3
25371,30247,0,3
25211,30247,0,3
26007,30248,0,3
26166,30248,0,3
26006,30248,0,3
26165,30248,0,3
17997,30644,0,3
17996,30644,0,3
17679,30644,0,3
17838,30644,0,3
17678,30644,0,3
17837,30644,0,3
16571,30661,0,3
16572,30661,0,3
16413,30661,0,3
16253,30661,0,3
16412,30661,0,3
16411,30661,0,3
17997,30689,0,3
17996,30689,0,3
17679,30689,0,3
17838,30689,0,3
17678,30689,0,3
17837,30689,0,3
15122,30859,0,3
15121,30859,0,3
15122,30884,2,1
15121,30884,2,1
15280,30884,2,1
15122,30927,0,3
15122,30947,0,3
15121,31054,0,3
15280,31054,0,3
21740,31532,2,1
21899,31532,2,1
21739,31532,2,1
21898,31532,2,1
21581,31532,2,1
21580,31532,2,1
21900,31537,0,3
22059,31537,0,3
22218,31537,0,3
21899,31537,0,3
22058,31537,0,3
22217,31537,0,3
21900,31538,0,3
22059,31538,0,3
22218,31538,0,3
21899,31538,0,3
22058,31538,0,3
22217,31538,0,3
21907,31539,0,3
22066,31539,0,3
22225,31539,0,3
21906,31539,0,3
22065,31539,0,3
22224,31539,0,3
21750,31541,2,1
21909,31541,2,1
21749,31541,2,1
21908,31541,2,1
21748,31541,2,1
21907,31541,2,1
21746,31542,0,3
21905,31542,0,3
21745,31542,0,3
21904,31542,0,3
21744,31542,0,3
21903,31542,0,3
21742,31549,0,3
21741,31549,0,3
21583,31549,0,3
21582,31549,0,3
21740,31549,0,3
21581,31549,0,3
22069,31551,0,3
22228,31551,0,3
22068,31551,0,3
22227,31551,0,3
22067,31551,0,3
22226,31551,0,3
21909,31552,0,3
21908,31552,0,3
22067,31552,0,3
21907,31552,0,3
22066,31552,0,3
21590,31553,0,3
21749,31553,0,3
21908,31553,0,3
21589,31553,0,3
21748,31553,0,3
21907,31553,0,3
22383,31555,0,3
22382,31555,0,3
22381,31555,0,3
22224,31555,0,3
22223,31555,0,3
22222,31555,0,3
21750,31556,0,3
21909,31556,0,3
21749,31556,0,3
21908,31556,0,3
22383,31560,0,3
22542,31560,0,3
22382,31560,0,3
22541,31560,0,3
22224,31560,0,3
22223,31560,0,3
21909,31563,0,3
22068,31563,0,3
21908,31563,0,3
22067,31563,0,3
21424,31566,0,3
21583,31566,0,3
21423,31566,0,3
21582,31566,0,3
21422,31566,0,3
21588,31570,0,3
21747,31570,0,3
21587,31570,0,3
21746,31570,0,3
21428,31570,0,3
21586,31570,0,3
21745,31570,0,3
21907,31571,0,3
22066,31571,0,3
21906,31571,0,3
22065,31571,0,3
21908,31576,0,3
21748,31576,0,3
21907,31576,0,3
22066,31576,0,3
21906,31576,0,3
22065,31576,0,3
21742,31577,0,3
21741,31577,0,3
21582,31577,0,3
21740,31577,0,3
21581,31577,0,3
21742,31580,0,3
21901,31580,0,3
21741,31580,0,3
21900,31580,0,3
21740,31580,0,3
21899,31580,0,3
21585,31581,1,2
21426,31581,1,2
21425,31581,1,2
21584,31581,1,2
21424,31581,1,2
21583,31581,1,2
21429,31588,0,3
21588,31588,0,3
21587,31588,0,3
21746,31588,0,3
21428,31588,0,3
22069,31589,0,3
22228,31589,0,3
21909,31589,0,3
22068,31589,0,3
22227,31589,0,3
22067,31589,0,3
22226,31589,0,3
21264,31591,1,2
21423,31591,1,2
21582,31591,1,2
21263,31591,1,2
21422,31591,1,2
21581,31591,1,2
21909,31600,0,3
22068,31600,0,3
22227,31600,0,3
21908,31600,0,3
22067,31600,0,3
22226,31600,0,3
21588,31604,0,3
21747,31604,0,3
21587,31604,0,3
21746,31604,0,3
21586,31604,0,3
21745,31604,0,3
21900,31607,2,1
22059,31607,2,1
21899,31607,2,1
22058,31607,2,1
21423,31609,0,3
21582,31609,0,3
21422,31609,0,3
21581,31609,0,3
21263,31611,0,3
21422,31611,0,3
21581,31611,0,3
21421,31611,0,3
21580,31611,0,3
21423,31612,0,3
21263,31612,0,3
21422,31612,0,3
21581,31612,0,3
21421,31612,0,3
21580,31612,0,3
21266,31614,0,3
21425,31614,0,3
21265,31614,0,3
21424,31614,0,3
21269,31616,0,3
21428,31616,0,3
21268,31616,0,3
21427,31616,0,3
21426,31616,0,3
21901,31626,0,3
22060,31626,0,3
21900,31626,0,3
22059,31626,0,3
21741,31627,0,3
21423,31627,0,3
21582,31627,0,3
21422,31627,0,3
21740,31627,0,3
21581,31627,0,3
22066,31629,0,3
22225,31629,0,3
22065,31629,0,3
22224,31629,0,3
22064,31629,0,3
21263,31631,0,3
21422,31631,0,3
21581,31631,0,3
21262,31631,0,3
21421,31631,0,3
21580,31631,0,3
21908,31634,0,3
22067,31634,0,3
22226,31634,0,3
21907,31634,0,3
22066,31634,0,3
22225,31634,0,3
22066,31638,0,3
22225,31638,0,3
22065,31638,0,3
22224,31638,0,3
21422,31639,0,3
21740,31639,0,3
21739,31639,0,3
21581,31639,0,3
21421,31639,0,3
21580,31639,0,3
21422,31644,0,3
21740,31644,0,3
21739,31644,0,3
21581,31644,0,3
21421,31644,0,3
21580,31644,0,3
21422,31645,0,3
21581,31645,0,3
21421,31645,0,3
21580,31645,0,3
21587,31646,1,2
21746,31646,1,2
21586,31646,1,2
21745,31646,1,2
21902,31648,0,3
22061,31648,0,3
21742,31648,0,3
21901,31648,0,3
22060,31648,0,3
21900,31648,0,3
22059,31648,0,3
21423,31650,0,3
21582,31650,0,3
21422,31650,0,3
21581,31650,0,3
21423,31651,0,3
21582,31651,0,3
21422,31651,0,3
21581,31651,0,3
21421,31651,0,3
21580,31651,0,3
21424,31654,0,3
21583,31654,0,3
21423,31654,0,3
21582,31654,0,3
21423,31655,0,3
21582,31655,0,3
21422,31655,0,3
21581,31655,0,3
21421,31655,0,3
21580,31655,0,3
21900,31656,0,3
22059,31656,0,3
21899,31656,0,3
22058,31656,0,3
22383,31657,0,3
22382,31657,0,3
22065,31657,0,3
22224,31657,0,3
22064,31657,0,3
22223,31657,0,3
22222,31657,0,3
21585,31658,0,3
21426,31658,0,3
21425,31658,0,3
21584,31658,0,3
22383,31661,0,3
22382,31661,0,3
22065,31661,0,3
22224,31661,0,3
22223,31661,0,3
21423,31662,0,3
21582,31662,0,3
21422,31662,0,3
21581,31662,0,3
21421,31662,0,3
21580,31662,0,3
21423,31663,0,3
21582,31663,0,3
21422,31663,0,3
21581,31663,0,3
21421,31663,0,3
21580,31663,0,3
21587,31667,0,3
21746,31667,0,3
21586,31667,0,3
21745,31667,0,3
21905,31669,0,3
22064,31669,0,3
21904,31669,0,3
22063,31669,0,3
21590,31670,0,3
21749,31670,0,3
21908,31670,0,3
21589,31670,0,3
21748,31670,0,3
21907,31670,0,3
21746,31673,2,1
21905,31673,2,1
22064,31673,2,1
21745,31673,2,1
21904,31673,2,1
22063,31673,2,1
21903,31673,2,1
21900,31674,1,2
22059,31674,1,2
21899,31674,1,2
22058,31674,1,2
21898,31674,1,2
22057,31674,1,2
21902,31678,0,3
22061,31678,0,3
21901,31678,0,3
22060,31678,0,3
21746,31679,0,3
21905,31679,0,3
22064,31679,0,3
21745,31679,0,3
21904,31679,0,3
22063,31679,0,3
21747,31680,0,3
21587,31680,0,3
21746,31680,0,3
21905,31680,0,3
21586,31680,0,3
21745,31680,0,3
21264,31681,0,3
21423,31681,0,3
21582,31681,0,3
21263,31681,0,3
21422,31681,0,3
21581,31681,0,3
21423,31682,0,3
21263,31682,0,3
21422,31682,0,3
21581,31682,0,3
21262,31682,0,3
21421,31682,0,3
21580,31682,0,3
22066,31684,0,3
22225,31684,0,3
22065,31684,0,3
22224,31684,0,3
22064,31684,0,3
22223,31684,0,3
21900,31685,2,1
22059,31685,2,1
21899,31685,2,1
22058,31685,2,1
22383,31686,0,3
22382,31686,0,3
22065,31686,0,3
22224,31686,0,3
22064,31686,0,3
22223,31686,0,3
21423,31687,0,3
21582,31687,0,3
21422,31687,0,3
21581,31687,0,3
21421,31687,0,3
21580,31687,0,3
21747,31689,0,3
21906,31689,0,3
21746,31689,0,3
21905,31689,0,3
21745,31689,0,3
21904,31689,0,3
21742,31693,0,3
21901,31693,0,3
22060,31693,0,3
21741,31693,0,3
21900,31693,0,3
22059,31693,0,3
21748,31698,0,3
21907,31698,0,3
22066,31698,0,3
21747,31698,0,3
21906,31698,0,3
22065,31698,0,3
21590,31701,0,3
21749,31701,0,3
21908,31701,0,3
21748,31701,0,3
21907,31701,0,3
22382,31702,2,1
22541,31702,2,1
22381,31702,2,1
22540,31702,2,1
22380,31702,2,1
22539,31702,2,1
21749,31707,0,3
21908,31707,0,3
21748,31707,0,3
21907,31707,0,3
21741,31708,0,3
21423,31708,0,3
21582,31708,0,3
21422,31708,0,3
21740,31708,0,3
21581,31708,0,3
21427,31711,1,2
21585,31711,1,2
21426,31711,1,2
21425,31711,1,2
21584,31711,1,2
22066,31714,0,3
22225,31714,0,3
22384,31714,0,3
22383,31714,0,3
22065,31714,0,3
22224,31714,0,3
21741,31716,2,1
21900,31716,2,1
22059,31716,2,1
21740,31716,2,1
21899,31716,2,1
22058,31716,2,1
21909,31718,0,3
22068,31718,0,3
21908,31718,0,3
22067,31718,0,3
21900,31721,0,3
22059,31721,0,3
21899,31721,0,3
22058,31721,0,3
21898,31721,0,3
22057,31721,0,3
22383,31723,0,3
22382,31723,0,3
22224,31723,0,3
22223,31723,0,3
22383,31730,0,3
22382,31730,0,3
22224,31730,0,3
22223,31730,0,3
21585,31733,1,2
21744,31733,1,2
21426,31733,1,2
21425,31733,1,2
21584,31733,1,2
21743,31733,1,2
22383,31736,0,3
22382,31736,0,3
22224,31736,0,3
22223,31736,0,3
21269,31737,1,2
21428,31737,1,2
21268,31737,1,2
21427,31737,1,2
21909,31739,1,2
22068,31739,1,2
21908,31739,1,2
22067,31739,1,2
21909,31740,0,3
22068,31740,0,3
22227,31740,0,3
21908,31740,0,3
22067,31740,0,3
22226,31740,0,3
21422,31742,0,3
21740,31742,0,3
21739,31742,0,3
21581,31742,0,3
21421,31742,0,3
21580,31742,0,3
21579,31742,0,3
22060,31745,0,3
22219,31745,0,3
22059,31745,0,3
22218,31745,0,3
21900,31750,2,1
22059,31750,2,1
21899,31750,2,1
22058,31750,2,1
21422,31754,0,3
21581,31754,0,3
21421,31754,0,3
21580,31754,0,3
21741,31756,0,3
21582,31756,0,3
21740,31756,0,3
21739,31756,0,3
21581,31756,0,3
21580,31756,0,3
21749,31758,0,3
21908,31758,0,3
22067,31758,0,3
21748,31758,0,3
21907,31758,0,3
22066,31758,0,3
22067,31759,0,3
22226,31759,0,3
22066,31759,0,3
22225,31759,0,3
22065,31759,0,3
21424,31761,0,3
21583,31761,0,3
21423,31761,0,3
21582,31761,0,3
21424,31762,0,3
21742,31762,0,3
21741,31762,0,3
21583,31762,0,3
21423,31762,0,3
21582,31762,0,3
21423,31764,0,3
21582,31764,0,3
21422,31764,0,3
21581,31764,0,3
22383,31765,0,3
22382,31765,0,3
22224,31765,0,3
22223,31765,0,3
21264,31767,0,3
21423,31767,0,3
21582,31767,0,3
21263,31767,0,3
21422,31767,0,3
21581,31767,0,3
21908,31769,0,3
22067,31769,0,3
21907,31769,0,3
22066,31769,0,3
21741,31770,0,3
21900,31770,0,3
21582,31770,0,3
21740,31770,0,3
21899,31770,0,3
21581,31770,0,3
21743,31771,2,1
21902,31771,2,1
21742,31771,2,1
21901,31771,2,1
21423,31772,0,3
21422,31772,0,3
21581,31772,0,3
21421,31772,0,3
21580,31772,0,3
22225,31775,0,3
22384,31775,0,3
22383,31775,0,3
22224,31775,0,3
21749,31777,0,3
21908,31777,0,3
21748,31777,0,3
21907,31777,0,3
21740,31779,0,3
21739,31779,0,3
21581,31779,0,3
21580,31779,0,3
22065,31785,0,3
22224,31785,0,3
22064,31785,0,3
22223,31785,0,3
21266,31786,0,3
21425,31786,0,3
21265,31786,0,3
21424,31786,0,3
21423,31787,0,3
21582,31787,0,3
21422,31787,0,3
21581,31787,0,3
21421,31787,0,3
21580,31787,0,3
22067,31788,0,3
22226,31788,0,3
22066,31788,0,3
22225,31788,0,3
22065,31788,0,3
22224,31788,0,3
21907,31790,0,3
22066,31790,0,3
21906,31790,0,3
22065,31790,0,3
21741,31792,0,3
21582,31792,0,3
21740,31792,0,3
21739,31792,0,3
21581,31792,0,3
21580,31792,0,3
22225,31794,0,3
22384,31794,0,3
22383,31794,0,3
22382,31794,0,3
22224,31794,0,3
22223,31794,0,3
21590,31795,0,3
21749,31795,0,3
21589,31795,0,3
21748,31795,0,3
21907,31795,0,3
21588,31795,0,3
21747,31795,0,3
22067,31796,0,3
22226,31796,0,3
22066,31796,0,3
22225,31796,0,3
22385,31796,0,3
22384,31796,0,3
21423,31799,0,3
21582,31799,0,3
21422,31799,0,3
21581,31799,0,3
21421,31799,0,3
22068,31800,0,3
22227,31800,0,3
22067,31800,0,3
22226,31800,0,3
21590,31802,0,3
21749,31802,0,3
21589,31802,0,3
21748,31802,0,3
21747,31802,0,3
22068,31804,0,3
22227,31804,0,3
21908,31804,0,3
22067,31804,0,3
22226,31804,0,3
22066,31804,0,3
22225,31804,0,3
21909,31805,0,3
22068,31805,0,3
21908,31805,0,3
22067,31805,0,3
21907,31805,0,3
22066,31805,0,3
21742,31806,1,2
21901,31806,1,2
21741,31806,1,2
21900,31806,1,2
21740,31806,1,2
21899,31806,1,2
21422,31807,0,3
21581,31807,0,3
21421,31807,0,3
21580,31807,0,3
21424,31812,0,3
21742,31812,0,3
21741,31812,0,3
21583,31812,0,3
21423,31812,0,3
21582,31812,0,3
21581,31812,0,3
21589,31813,0,3
21271,31813,0,3
21430,31813,0,3
21270,31813,0,3
21429,31813,0,3
21588,31813,0,3
22067,31814,0,3
21907,31814,0,3
22066,31814,0,3
22225,31814,0,3
21906,31814,0,3
22065,31814,0,3
22224,31814,0,3
21424,31816,0,3
21583,31816,0,3
21423,31816,0,3
21582,31816,0,3
21585,31817,0,3
21426,31817,0,3
21425,31817,0,3
21584,31817,0,3
22383,31818,0,3
22382,31818,0,3
22381,31818,0,3
22224,31818,0,3
22223,31818,0,3
22222,31818,0,3
22066,31819,0,3
22225,31819,0,3
22065,31819,0,3
22224,31819,0,3
22066,31820,0,3
22225,31820,0,3
22065,31820,0,3
22224,31820,0,3
21422,31822,0,3
21581,31822,0,3
21421,31822,0,3
21580,31822,0,3
21742,31824,1,2
21901,31824,1,2
21741,31824,1,2
21900,31824,1,2
21263,31826,0,3
21422,31826,0,3
21581,31826,0,3
21262,31826,0,3
21421,31826,0,3
21580,31826,0,3
21267,31828,1,2
21585,31828,1,2
21426,31828,1,2
21266,31828,1,2
21425,31828,1,2
21584,31828,1,2
21749,31834,0,3
21908,31834,0,3
21748,31834,0,3
21907,31834,0,3
21900,31835,0,3
22059,31835,0,3
21899,31835,0,3
22058,31835,0,3
21263,31836,0,3
21422,31836,0,3
21581,31836,0,3
21262,31836,0,3
21421,31836,0,3
21580,31836,0,3
21590,31840,0,3
21749,31840,0,3
21589,31840,0,3
21748,31840,0,3
21742,31841,0,3
21901,31841,0,3
21741,31841,0,3
21900,31841,0,3
21749,31843,0,3
21908,31843,0,3
21748,31843,0,3
21907,31843,0,3
21741,31844,0,3
21900,31844,0,3
21582,31844,0,3
21740,31844,0,3
21899,31844,0,3
21739,31844,0,3
21581,31844,0,3
21749,31845,0,3
21748,31845,0,3
21907,31845,0,3
21747,31845,0,3
21906,31845,0,3
21741,31850,0,3
21423,31850,0,3
21582,31850,0,3
21422,31850,0,3
21740,31850,0,3
21581,31850,0,3
21909,31853,0,3
22068,31853,0,3
22227,31853,0,3
21908,31853,0,3
22067,31853,0,3
22226,31853,0,3
21424,31856,0,3
21583,31856,0,3
21423,31856,0,3
21582,31856,0,3
21740,31857,0,3
21899,31857,0,3
21739,31857,0,3
21898,31857,0,3
21581,31857,0,3
21580,31857,0,3
21587,31860,0,3
21746,31860,0,3
21586,31860,0,3
21745,31860,0,3
21908,31864,0,3
22067,31864,0,3
21907,31864,0,3
22066,31864,0,3
21741,31865,0,3
21582,31865,0,3
21740,31865,0,3
21581,31865,0,3
21580,31865,0,3
22066,31866,0,3
22225,31866,0,3
22065,31866,0,3
22224,31866,0,3
21908,31869,0,3
22067,31869,0,3
21907,31869,0,3
22066,31869,0,3
21587,31876,0,3
21746,31876,0,3
21586,31876,0,3
21745,31876,0,3
21908,31883,0,3
22067,31883,0,3
21907,31883,0,3
22066,31883,0,3
21906,31883,0,3
22065,31883,0,3
22066,31884,0,3
22225,31884,0,3
22065,31884,0,3
22224,31884,0,3
22064,31884,0,3
22223,31884,0,3
21589,31885,2,1
21430,31885,2,1
21429,31885,2,1
21588,31885,2,1
21587,31885,2,1
21428,31885,2,1
21423,31887,0,3
21582,31887,0,3
21422,31887,0,3
21581,31887,0,3
21421,31887,0,3
21580,31887,0,3
21422,31888,0,3
21581,31888,0,3
21421,31888,0,3
21580,31888,0,3
21909,31890,0,3
22068,31890,0,3
21908,31890,0,3
22067,31890,0,3
21907,31890,0,3
22066,31890,0,3
21263,31893,0,3
21422,31893,0,3
21581,31893,0,3
21262,31893,0,3
21421,31893,0,3
21580,31893,0,3
21746,31896,0,3
21905,31896,0,3
21745,31896,0,3
21904,31896,0,3
21907,31897,0,3
22066,31897,0,3
22225,31897,0,3
21906,31897,0,3
22065,31897,0,3
22224,31897,0,3
22067,31898,0,3
22226,31898,0,3
22066,31898,0,3
22225,31898,0,3
22384,31898,0,3
22065,31898,0,3
22224,31898,0,3
22066,31899,0,3
22225,31899,0,3
22065,31899,0,3
22224,31899,0,3
22383,31901,0,3
22382,31901,0,3
22224,31901,0,3
22223,31901,0,3
21590,31904,0,3
21749,31904,0,3
21908,31904,0,3
21589,31904,0,3
21748,31904,0,3
21907,31904,0,3
21905,31912,0,3
22064,31912,0,3
21904,31912,0,3
22063,31912,0,3
21903,31912,0,3
22062,31912,0,3
21909,31915,0,3
22068,31915,0,3
21908,31915,0,3
22067,31915,0,3
21900,31916,0,3
22059,31916,0,3
22218,31916,0,3
21899,31916,0,3
22058,31916,0,3
22217,31916,0,3
22060,31921,0,3
22219,31921,0,3
22059,31921,0,3
22218,31921,0,3
22058,31921,0,3
22217,31921,0,3
21423,31924,0,3
21582,31924,0,3
21422,31924,0,3
21581,31924,0,3
21741,31926,0,3
21582,31926,0,3
21740,31926,0,3
21581,31926,0,3
21900,31927,0,3
22059,31927,0,3
22218,31927,0,3
21899,31927,0,3
22058,31927,0,3
22217,31927,0,3
22225,31929,0,3
22384,31929,0,3
22383,31929,0,3
22224,31929,0,3
21909,31931,0,3
22068,31931,0,3
21908,31931,0,3
22067,31931,0,3
21907,31931,0,3
22066,31931,0,3
21749,31933,0,3
21908,31933,0,3
22067,31933,0,3
21748,31933,0,3
21907,31933,0,3
21429,31936,0,3
21588,31936,0,3
21747,31936,0,3
21587,31936,0,3
21746,31936,0,3
21428,31936,0,3
22383,31940,0,3
22382,31940,0,3
22224,31940,0,3
22223,31940,0,3
21909,31941,0,3
22068,31941,0,3
21749,31941,0,3
21908,31941,0,3
22067,31941,0,3
21749,31943,0,3
21908,31943,0,3
21748,31943,0,3
21907,31943,0,3
21747,31943,0,3
21906,31943,0,3
21744,31944,0,3
21903,31944,0,3
21743,31944,0,3
21902,31944,0,3
21742,31944,0,3
21901,31944,0,3
21908,31945,0,3
22067,31945,0,3
21907,31945,0,3
22066,31945,0,3
21741,31947,0,3
21423,31947,0,3
21582,31947,0,3
21422,31947,0,3
21740,31947,0,3
21581,31947,0,3
22066,31948,0,3
22225,31948,0,3
22065,31948,0,3
22224,31948,0,3
22064,31948,0,3
22223,31948,0,3
22068,31949,0,3
22227,31949,0,3
22067,31949,0,3
22226,31949,0,3
21589,31955,0,3
21430,31955,0,3
21429,31955,0,3
21588,31955,0,3
21587,31955,0,3
21428,31955,0,3
21748,31965,0,3
21907,31965,0,3
21747,31965,0,3
21906,31965,0,3
21749,31966,0,3
21908,31966,0,3
21748,31966,0,3
21907,31966,0,3
21747,31966,0,3
21906,31966,0,3
21423,31969,0,3
21263,31969,0,3
21422,31969,0,3
21581,31969,0,3
21262,31969,0,3
21421,31969,0,3
21580,31969,0,3
21908,31970,0,3
22067,31970,0,3
22226,31970,0,3
21907,31970,0,3
22066,31970,0,3
22225,31970,0,3
21900,31972,0,3
22059,31972,0,3
22218,31972,0,3
21899,31972,0,3
22058,31972,0,3
22217,31972,0,3
22068,31973,0,3
22227,31973,0,3
22067,31973,0,3
22226,31973,0,3
21746,31976,0,3
21905,31976,0,3
21745,31976,0,3
21904,31976,0,3
21900,31977,0,3
22059,31977,0,3
21899,31977,0,3
22058,31977,0,3
21900,31979,0,3
22059,31979,0,3
21899,31979,0,3
22058,31979,0,3
21898,31979,0,3
22057,31979,0,3
21750,31982,0,3
21909,31982,0,3
21749,31982,0,3
21908,31982,0,3
21748,31982,0,3
21907,31982,0,3
21908,31986,0,3
22067,31986,0,3
21907,31986,0,3
22066,31986,0,3
21906,31986,0,3
22065,31986,0,3
21907,31987,0,3
22066,31987,0,3
21906,31987,0,3
22065,31987,0,3
21905,31987,0,3
22064,31987,0,3
22065,31988,0,3
22224,31988,0,3
22064,31988,0,3
22223,31988,0,3
21909,31989,0,3
22068,31989,0,3
22227,31989,0,3
21908,31989,0,3
22067,31989,0,3
22226,31989,0,3
22383,31993,0,3
22542,31993,0,3
22382,31993,0,3
22541,31993,0,3
22224,31993,0,3
22223,31993,0,3
22067,31995,0,3
22226,31995,0,3
22066,31995,0,3
22225,31995,0,3
22385,31995,0,3
22384,31995,0,3
22066,32000,0,3
22225,32000,0,3
22065,32000,0,3
22224,32000,0,3
22064,32000,0,3
22223,32000,0,3
21590,32001,0,3
21749,32001,0,3
21589,32001,0,3
21748,32001,0,3
21422,32005,0,3
21581,32005,0,3
21421,32005,0,3
21580,32005,0,3
21420,32005,0,3
21579,32005,0,3
21907,32007,0,3
22066,32007,0,3
22225,32007,0,3
21906,32007,0,3
22065,32007,0,3
22224,32007,0,3
21424,32008,0,3
21583,32008,0,3
21423,32008,0,3
21582,32008,0,3
21422,32008,0,3
21581,32008,0,3
21907,32010,0,3
22066,32010,0,3
21906,32010,0,3
22065,32010,0,3
21905,32010,0,3
22064,32010,0,3
22066,32011,0,3
22225,32011,0,3
22384,32011,0,3
22383,32011,0,3
22065,32011,0,3
22224,32011,0,3
22223,32011,0,3
22065,32020,0,3
22224,32020,0,3
22064,32020,0,3
22223,32020,0,3
22068,32021,0,3
22227,32021,0,3
22067,32021,0,3
22226,32021,0,3
22066,32021,0,3
22225,32021,0,3
21909,32023,0,3
21749,32023,0,3
21908,32023,0,3
22067,32023,0,3
21907,32023,0,3
22066,32023,0,3
22067,32028,0,3
22226,32028,0,3
22066,32028,0,3
22225,32028,0,3
21590,32029,0,3
21749,32029,0,3
21908,32029,0,3
21589,32029,0,3
21748,32029,0,3
21907,32029,0,3
22067,32030,0,3
22226,32030,0,3
22066,32030,0,3
22225,32030,0,3
22065,32030,0,3
22224,32030,0,3
21743,32033,2,1
21902,32033,2,1
21742,32033,2,1
21901,32033,2,1
21750,32037,0,3
21909,32037,0,3
22068,32037,0,3
21749,32037,0,3
21908,32037,0,3
22067,32037,0,3
21422,32038,0,3
21581,32038,0,3
21421,32038,0,3
21580,32038,0,3
22067,32040,0,3
22226,32040,0,3
22066,32040,0,3
22225,32040,0,3
22065,32040,0,3
22224,32040,0,3
21740,32041,0,3
21739,32041,0,3
21581,32041,0,3
21580,32041,0,3
22066,32042,0,3
22225,32042,0,3
22065,32042,0,3
22224,32042,0,3
21748,32044,0,3
21907,32044,0,3
21747,32044,0,3
21906,32044,0,3
21910,32045,0,3
22069,32045,0,3
21909,32045,0,3
22068,32045,0,3
22227,32045,0,3
21908,32045,0,3
22067,32045,0,3
22225,32046,0,3
22384,32046,0,3
22383,32046,0,3
22382,32046,0,3
22065,32046,0,3
22224,32046,0,3
22223,32046,0,3
21588,32049,0,3
21747,32049,0,3
21906,32049,0,3
21587,32049,0,3
21746,32049,0,3
21905,32049,0,3
21745,32049,0,3
21108,32052,0,3
21267,32052,0,3
21426,32052,0,3
21107,32052,0,3
21266,32052,0,3
21425,32052,0,3
21265,32052,0,3
20634,32061,0,3
20793,32061,0,3
20474,32061,0,3
20633,32061,0,3
20792,32061,0,3
20632,32061,0,3
20791,32061,0,3
21594,32098,0,3
21753,32098,0,3
21593,32098,0,3
21752,32098,0,3
20959,32100,1,2
21118,32100,1,2
20958,32100,1,2
21117,32100,1,2
20957,32100,1,2
21116,32100,1,2
20959,32101,0,3
21118,32101,0,3
20958,32101,0,3
21117,32101,0,3
20475,32134,1,2
20634,32134,1,2
20793,32134,1,2
20474,32134,1,2
20633,32134,1,2
20792,32134,1,2
20634,32163,2,1
20793,32163,2,1
20633,32163,2,1
20792,32163,2,1
20474,32169,0,3
20633,32169,0,3
20473,32169,0,3
20632,32169,0,3
21113,32194,2,1
21272,32194,2,1
21431,32194,2,1
21112,32194,2,1
21271,32194,2,1
21430,32194,2,1
21272,32205,1,2
21431,32205,1,2
21271,32205,1,2
21430,32205,1,2
20475,32218,2,1
20634,32218,2,1
20793,32218,2,1
20474,32218,2,1
20633,32218,2,1
20792,32218,2,1
21113,32228,1,2
21272,32228,1,2
21112,32228,1,2
21271,32228,1,2
21111,32228,1,2
21270,32228,1,2
20475,32233,0,3
20634,32233,0,3
20474,32233,0,3
20633,32233,0,3
20473,32233,0,3
20632,32233,0,3
20475,32235,0,3
20634,32235,0,3
20474,32235,0,3
20633,32235,0,3
20792,32235,0,3
20632,32235,0,3
19206,32288,1,2
19205,32288,1,2
19047,32288,1,2
19046,32288,1,2
19206,32413,0,3
19205,32413,0,3
18888,32413,0,3
19047,32413,0,3
18887,32413,0,3
19046,32413,0,3
19206,32417,0,3
19205,32417,0,3
18888,32417,0,3
19047,32417,0,3
18887,32417,0,3
19046,32417,0,3
18887,32428,1,2
19046,32428,1,2
18886,32428,1,2
19045,32428,1,2
19206,32436,1,2
19205,32436,1,2
19047,32436,1,2
18887,32436,1,2
19046,32436,1,2
19205,32458,1,2
18887,32458,1,2
19046,32458,1,2
19204,32458,1,2
18886,32458,1,2
19045,32458,1,2
19206,32529,1,2
19205,32529,1,2
18888,32529,1,2
19047,32529,1,2
18887,32529,1,2
19046,32529,1,2
19045,32529,1,2
19206,32533,1,2
19205,32533,1,2
19047,32533,1,2
18887,32533,1,2
19046,32533,1,2
19204,32533,1,2
19045,32533,1,2
19205,32579,1,2
19047,32579,1,2
18887,32579,1,2
19046,32579,1,2
19204,32579,1,2
18886,32579,1,2
19045,32579,1,2
20960,32613,0,3
21119,32613,0,3
20959,32613,0,3
21118,32613,0,3
20801,32613,0,3
20800,32613,0,3
20644,32616,0,3
20803,32616,0,3
20643,32616,0,3
20802,32616,0,3
20642,32616,0,3
20801,32616,0,3
20961,32622,0,3
20802,32622,0,3
20960,32622,0,3
20959,32622,0,3
20801,32622,0,3
20800,32622,0,3
20960,32628,0,3
20959,32628,0,3
20801,32628,0,3
20800,32628,0,3
20958,32628,0,3
20799,32628,0,3
20962,32655,0,3
20961,32655,0,3
20644,32655,0,3
20803,32655,0,3
20643,32655,0,3
20802,32655,0,3
20960,32733,0,3
21119,32733,0,3
20959,32733,0,3
21118,32733,0,3
20958,32733,0,3
21117,32733,0,3
20959,32737,0,3
20800,32737,0,3
20958,32737,0,3
20799,32737,0,3
20961,32739,0,3
20802,32739,0,3
20960,32739,0,3
20959,32739,0,3
20801,32739,0,3
20800,32739,0,3
20960,32745,0,3
21119,32745,0,3
20959,32745,0,3
21118,32745,0,3
20801,32745,0,3
20800,32745,0,3
20483,32768,0,3
20323,32768,0,3
20482,32768,0,3
20641,32768,0,3
20322,32768,0,3
20481,32768,0,3
20640,32768,0,3
20960,32782,0,3
20959,32782,0,3
20801,32782,0,3
20800,32782,0,3
20644,32805,0,3
20803,32805,0,3
20643,32805,0,3
20802,32805,0,3
20961,32887,0,3
20802,32887,0,3
20960,32887,0,3
20959,32887,0,3
20801,32887,0,3
20800,32887,0,3
20644,32892,0,3
20803,32892,0,3
20643,32892,0,3
20802,32892,0,3
20960,32930,0,3
20959,32930,0,3
20642,32930,0,3
20801,32930,0,3
20641,32930,0,3
20800,32930,0,3
20960,32942,0,3
20959,32942,0,3
20801,32942,0,3
20800,32942,0,3
20961,32956,0,3
20802,32956,0,3
20960,32956,0,3
20801,32956,0,3
20961,33018,0,3
20802,33018,0,3
20960,33018,0,3
20801,33018,0,3
14896,33563,0,3
15055,33563,0,3
14895,33563,0,3
15054,33563,0,3
14418,33582,0,3
14577,33582,0,3
14258,33582,0,3
14417,33582,0,3
14576,33582,0,3
14416,33582,0,3
14575,33582,0,3
14736,33588,0,3
14577,33588,0,3
14576,33588,0,3
14575,33588,0,3
14735,33588,0,3
14734,33588,0,3
14577,33590,0,3
14417,33590,0,3
14576,33590,0,3
14416,33590,0,3
14575,33590,0,3
14735,33590,0,3
14734,33590,0,3
14738,33593,0,3
14897,33593,0,3
14737,33593,0,3
14896,33593,0,3
14736,33593,0,3
14579,33593,0,3
14578,33593,0,3
14736,33598,0,3
14577,33598,0,3
14576,33598,0,3
14575,33598,0,3
14735,33598,0,3
14734,33598,0,3
14736,33600,0,3
14577,33600,0,3
14417,33600,0,3
14576,33600,0,3
14575,33600,0,3
14735,33600,0,3
14734,33600,0,3
13944,33640,0,3
14103,33640,0,3
13943,33640,0,3
14102,33640,0,3
13942,33640,0,3
14101,33640,0,3
14737,33646,0,3
14896,33646,0,3
14736,33646,0,3
14895,33646,0,3
14578,33646,0,3
14577,33646,0,3
14736,33685,0,3
14577,33685,0,3
14576,33685,0,3
14575,33685,0,3
14735,33685,0,3
14734,33685,0,3
13941,33717,0,3
14100,33717,0,3
13940,33717,0,3
14099,33717,0,3
13939,33717,0,3
14098,33717,0,3
13944,33726,2,1
14103,33726,2,1
13943,33726,2,1
14102,33726,2,1
13942,33726,2,1
14101,33726,2,1
14099,33727,0,3
14258,33727,0,3
14257,33727,0,3
14098,33727,0,3
14097,33727,0,3
14256,33727,0,3
14100,33737,2,1
14099,33737,2,1
14259,33737,2,1
14258,33737,2,1
14737,33763,0,3
14896,33763,0,3
14736,33763,0,3
14895,33763,0,3
14578,33763,0,3
14577,33763,0,3
14735,33763,0,3
14736,33795,0,3
14577,33795,0,3
14576,33795,0,3
14575,33795,0,3
14735,33795,0,3
14734,33795,0,3
14738,33857,0,3
14897,33857,0,3
14737,33857,0,3
14896,33857,0,3
14736,33857,0,3
14895,33857,0,3
15214,33858,0,3
14897,33858,0,3
15056,33858,0,3
14896,33858,0,3
15055,33858,0,3
14895,33858,0,3
15054,33858,0,3
29636,33934,0,3
29318,33934,0,3
29477,33934,0,3
29476,33934,0,3
29317,33934,0,3
29158,33938,0,3
29158,33957,0,3
29317,33957,0,3
19537,33966,0,3
19696,33966,0,3
19695,33966,0,3
19536,33966,0,3
19701,33986,0,3
19700,33986,0,3
19699,33986,0,3
19542,33986,0,3
19541,33986,0,3
19540,33986,0,3
19700,33988,0,3
19699,33988,0,3
19541,33988,0,3
19540,33988,0,3
19698,33988,0,3
19539,33988,0,3
19699,33992,0,3
19540,33992,0,3
19698,33992,0,3
19539,33992,0,3
19385,34000,0,3
19703,34000,0,3
19702,34000,0,3
19544,34000,0,3
19384,34000,0,3
19543,34000,0,3
19537,34003,0,3
19696,34003,0,3
19695,34003,0,3
19536,34003,0,3
19695,34005,0,3
19694,34005,0,3
19536,34005,0,3
19535,34005,0,3
19701,34009,0,3
19700,34009,0,3
19702,34009,0,3
19543,34009,0,3
19542,34009,0,3
19541,34009,0,3
19701,34010,0,3
19702,34010,0,3
19384,34010,0,3
19543,34010,0,3
19383,34010,0,3
19542,34010,0,3
19701,34016,0,3
19702,34016,0,3
19384,34016,0,3
19543,34016,0,3
19383,34016,0,3
19542,34016,0,3
19701,34028,0,3
19700,34028,0,3
19699,34028,0,3
19542,34028,0,3
19541,34028,0,3
19540,34028,0,3
19701,34033,0,3
19702,34033,0,3
19543,34033,0,3
19542,34033,0,3
19700,34039,2,1
19859,34039,2,1
19699,34039,2,1
19541,34039,2,1
19540,34039,2,1
19858,34039,2,1
19701,34042,0,3
19700,34042,0,3
19859,34042,0,3
19699,34042,0,3
19542,34042,0,3
19541,34042,0,3
19540,34042,0,3
19701,34043,0,3
19700,34043,0,3
19702,34043,0,3
19543,34043,0,3
19542,34043,0,3
19541,34043,0,3
19700,34044,2,1
19859,34044,2,1
19699,34044,2,1
19541,34044,2,1
19540,34044,2,1
19858,34044,2,1
20010,34049,0,3
20169,34049,0,3
20009,34049,0,3
20168,34049,0,3
19384,34050,0,3
19543,34050,0,3
19383,34050,0,3
19542,34050,0,3
19385,34051,0,3
19544,34051,0,3
19384,34051,0,3
19543,34051,0,3
19383,34051,0,3
19542,34051,0,3
19701,34059,0,3
19703,34059,0,3
19702,34059,0,3
19544,34059,0,3
19384,34059,0,3
19543,34059,0,3
19542,34059,0,3
19703,34061,0,3
19702,34061,0,3
19544,34061,0,3
19543,34061,0,3
19542,34061,0,3
19701,34070,0,3
19702,34070,0,3
19384,34070,0,3
19543,34070,0,3
19383,34070,0,3
19542,34070,0,3
19695,34074,0,3
19694,34074,0,3
19536,34074,0,3
19535,34074,0,3
19697,34076,0,3
19537,34076,0,3
19696,34076,0,3
19855,34076,0,3
19695,34076,0,3
19854,34076,0,3
19536,34076,0,3
19701,34078,0,3
19543,34078,0,3
19383,34078,0,3
19542,34078,0,3
19382,34078,0,3
19541,34078,0,3
19701,34081,0,3
19700,34081,0,3
19383,34081,0,3
19542,34081,0,3
19382,34081,0,3
19541,34081,0,3
19537,34087,0,3
19696,34087,0,3
19695,34087,0,3
19536,34087,0,3
19701,34097,0,3
19702,34097,0,3
19384,34097,0,3
19543,34097,0,3
19383,34097,0,3
19542,34097,0,3
19537,34099,0,3
19696,34099,0,3
19855,34099,0,3
19695,34099,0,3
19536,34099,0,3
19537,34103,0,3
19696,34103,0,3
19855,34103,0,3
19695,34103,0,3
19854,34103,0,3
19537,34107,0,3
19696,34107,0,3
19695,34107,0,3
19694,34107,0,3
19536,34107,0,3
19535,34107,0,3
19701,34119,0,3
19700,34119,0,3
19383,34119,0,3
19542,34119,0,3
19382,34119,0,3
19541,34119,0,3
19695,34122,0,3
19694,34122,0,3
19536,34122,0,3
19535,34122,0,3
19693,34122,0,3
19534,34122,0,3
19537,34135,0,3
19696,34135,0,3
19695,34135,0,3
19694,34135,0,3
19536,34135,0,3
19535,34135,0,3
19537,34139,0,3
19696,34139,0,3
19855,34139,0,3
19695,34139,0,3
19854,34139,0,3
19694,34139,0,3
19536,34139,0,3
19537,34146,0,3
19696,34146,0,3
19695,34146,0,3
19694,34146,0,3
19536,34146,0,3
19535,34146,0,3
19537,34153,0,3
19696,34153,0,3
19855,34153,0,3
19695,34153,0,3
19854,34153,0,3
19536,34153,0,3
20010,34156,0,3
20169,34156,0,3
20009,34156,0,3
20168,34156,0,3
20328,34156,0,3
20327,34156,0,3
19377,34183,0,3
19536,34183,0,3
19376,34183,0,3
19535,34183,0,3
19381,34287,0,3
19540,34287,0,3
19380,34287,0,3
19539,34287,0,3
19380,34297,0,3
19539,34297,0,3
19379,34297,0,3
19538,34297,0,3
19383,34307,0,3
19542,34307,0,3
19382,34307,0,3
19541,34307,0,3
19378,34331,0,3
19537,34331,0,3
19377,34331,0,3
19536,34331,0,3
19383,34380,0,3
19542,34380,0,3
19382,34380,0,3
19541,34380,0,3
19380,34413,1,2
19539,34413,1,2
19379,34413,1,2
19538,34413,1,2
19378,34413,1,2
19537,34413,1,2
19380,34419,0,3
19539,34419,0,3
19379,34419,0,3
19538,34419,0,3
19383,34432,0,3
19542,34432,0,3
19223,34432,0,3
19382,34432,0,3
19541,34432,0,3
19381,34432,0,3
19383,34443,0,3
19542,34443,0,3
19382,34443,0,3
19541,34443,0,3
19224,34473,0,3
19383,34473,0,3
19542,34473,0,3
19223,34473,0,3
19382,34473,0,3
19541,34473,0,3
19384,34485,0,3
19224,34485,0,3
19383,34485,0,3
19542,34485,0,3
19223,34485,0,3
19382,34485,0,3
19541,34485,0,3
19219,34516,0,3
19378,34516,0,3
19218,34516,0,3
19377,34516,0,3
19217,34516,0,3
19376,34516,0,3
19378,34521,0,3
19537,34521,0,3
19377,34521,0,3
19536,34521,0,3
19378,34558,0,3
19537,34558,0,3
19377,34558,0,3
19536,34558,0,3
19381,34561,0,3
19540,34561,0,3
19380,34561,0,3
19539,34561,0,3
19382,34600,0,3
19541,34600,0,3
19381,34600,0,3
19540,34600,0,3
19380,34600,0,3
19539,34600,0,3
19384,34648,0,3
19543,34648,0,3
19383,34648,0,3
19542,34648,0,3
19382,34648,0,3
19541,34648,0,3
19382,34664,0,3
19541,34664,0,3
19381,34664,0,3
19540,34664,0,3
19218,34678,0,3
19377,34678,0,3
19217,34678,0,3
19376,34678,0,3
19219,34707,0,3
19378,34707,0,3
19537,34707,0,3
19218,34707,0,3
19377,34707,0,3
19536,34707,0,3
19376,34707,0,3
19378,34714,0,3
19537,34714,0,3
19377,34714,0,3
19536,34714,0,3
19376,34714,0,3
19535,34714,0,3
19537,34725,0,3
19377,34725,0,3
19536,34725,0,3
19376,34725,0,3
19535,34725,0,3
19381,34728,0,3
19540,34728,0,3
19380,34728,0,3
19539,34728,0,3
19379,34728,0,3
19538,34728,0,3
19379,34732,2,1
19538,34732,2,1
19378,34732,2,1
19537,34732,2,1
19377,34732,2,1
19536,34732,2,1
19219,34750,0,3
19378,34750,0,3
19537,34750,0,3
19218,34750,0,3
19377,34750,0,3
19536,34750,0,3
19378,34761,0,3
19218,34761,0,3
19377,34761,0,3
19536,34761,0,3
19376,34761,0,3
19535,34761,0,3
19378,34771,0,3
19537,34771,0,3
19218,34771,0,3
19377,34771,0,3
19536,34771,0,3
11231,35423,0,3
11390,35423,0,3
11230,35423,0,3
11389,35423,0,3
11231,35491,0,3
11390,35491,0,3
11230,35491,0,3
11389,35491,0,3
11231,35530,0,3
11390,35530,0,3
11230,35530,0,3
11389,35530,0,3
11230,35551,0,3
11389,35551,0,3
11229,35551,0,3
11388,35551,0,3
11232,35585,0,3
11391,35585,0,3
11231,35585,0,3
11390,35585,0,3
11231,35613,0,3
11390,35613,0,3
11230,35613,0,3
11389,35613,0,3
11229,35613,0,3
11388,35613,0,3
11231,35630,0,3
11390,35630,0,3
11230,35630,0,3
11389,35630,0,3
11229,35630,0,3
11388,35630,0,3
11231,35684,0,3
11390,35684,0,3
11230,35684,0,3
11389,35684,0,3
16711,35953,0,3
16870,35953,0,3
16710,35953,0,3
16869,35953,0,3
16709,35953,0,3
16868,35953,0,3
16711,36113,0,3
16870,36113,0,3
16710,36113,0,3
16869,36113,0,3
16709,36113,0,3
16868,36113,0,3
17028,36114,0,3
16710,36114,0,3
16869,36114,0,3
16709,36114,0,3
16868,36114,0,3
17027,36114,0,3
16711,36130,0,3
16870,36130,0,3
16710,36130,0,3
16869,36130,0,3
16709,36130,0,3
16868,36130,0,3
19870,37875,0,3
20029,37875,0,3
19869,37875,0,3
20028,37875,0,3
19868,37875,0,3
20027,37875,0,3
19554,38083,0,3
19553,38083,0,3
19395,38083,0,3
19394,38083,0,3
19393,38083,0,3
19709,38107,0,3
19868,38107,0,3
19708,38107,0,3
19867,38107,0,3
19549,38107,0,3
18600,38221,0,3
18759,38221,0,3
18599,38221,0,3
18758,38221,0,3
19076,38240,0,3
19235,38240,0,3
19394,38240,0,3
19075,38240,0,3
19234,38240,0,3
19393,38240,0,3
19550,38259,0,3
19709,38259,0,3
19868,38259,0,3
19708,38259,0,3
19867,38259,0,3
19549,38259,0,3
19708,38264,2,1
19867,38264,2,1
19548,38264,2,1
19707,38264,2,1
19866,38264,2,1
19706,38264,2,1
19865,38264,2,1
19550,38276,0,3
19709,38276,0,3
19708,38276,0,3
19549,38276,0,3
19077,38278,0,3
18918,38278,0,3
19076,38278,0,3
19235,38278,0,3
19075,38278,0,3
18917,38278,0,3
18916,38278,0,3
19709,38301,0,3
19868,38301,0,3
19708,38301,0,3
19867,38301,0,3
19076,38310,0,3
19235,38310,0,3
19075,38310,0,3
19234,38310,0,3
19707,38315,2,1
19866,38315,2,1
20025,38315,2,1
19706,38315,2,1
19865,38315,2,1
20024,38315,2,1
19235,38342,0,3
19394,38342,0,3
19234,38342,0,3
19393,38342,0,3
19233,38342,0,3
19392,38342,0,3
19551,38343,1,2
19550,38343,1,2
19710,38343,1,2
19709,38343,1,2
19708,38343,1,2
19549,38343,1,2
19077,38345,0,3
18918,38345,0,3
19076,38345,0,3
19075,38345,0,3
18917,38345,0,3
18916,38345,0,3
19235,38358,0,3
19394,38358,0,3
19234,38358,0,3
19393,38358,0,3
19077,38364,0,3
18918,38364,0,3
19236,38364,0,3
19076,38364,0,3
19235,38364,0,3
18917,38364,0,3
19554,38397,2,1
19553,38397,2,1
19395,38397,2,1
19394,38397,2,1
19393,38397,2,1
19552,38397,2,1
19554,38417,0,3
19553,38417,0,3
19236,38417,0,3
19395,38417,0,3
19235,38417,0,3
19394,38417,0,3
19076,38422,0,3
19235,38422,0,3
19075,38422,0,3
19234,38422,0,3
19554,38430,0,3
19553,38430,0,3
19395,38430,0,3
19394,38430,0,3
19393,38430,0,3
19552,38430,0,3
19077,38432,0,3
18918,38432,0,3
19076,38432,0,3
19075,38432,0,3
18917,38432,0,3
18916,38432,0,3
19708,38458,0,3
19867,38458,0,3
19549,38458,0,3
19548,38458,0,3
19707,38458,0,3
19866,38458,0,3
19550,38473,0,3
19709,38473,0,3
19868,38473,0,3
19708,38473,0,3
19867,38473,0,3
19549,38473,0,3
19554,38528,0,3
19553,38528,0,3
19395,38528,0,3
19394,38528,0,3
19395,38532,0,3
19235,38532,0,3
19394,38532,0,3
19234,38532,0,3
19393,38532,0,3
19550,38533,0,3
19709,38533,0,3
19868,38533,0,3
19708,38533,0,3
19867,38533,0,3
19549,38533,0,3
19707,38533,0,3
19553,38544,0,3
19235,38544,0,3
19394,38544,0,3
19234,38544,0,3
19393,38544,0,3
19552,38544,0,3
19554,38563,0,3
19553,38563,0,3
19395,38563,0,3
19235,38563,0,3
19394,38563,0,3
19393,38563,0,3
19708,38564,0,3
19867,38564,0,3
19707,38564,0,3
19866,38564,0,3
19706,38564,0,3
19865,38564,0,3
19709,38566,0,3
19868,38566,0,3
19708,38566,0,3
19867,38566,0,3
19549,38566,0,3
19236,38661,0,3
19395,38661,0,3
19235,38661,0,3
19394,38661,0,3
19234,38661,0,3
19393,38661,0,3
19076,38677,0,3
19235,38677,0,3
19075,38677,0,3
19234,38677,0,3
19077,38694,0,3
18918,38694,0,3
19076,38694,0,3
19235,38694,0,3
19075,38694,0,3
18917,38694,0,3
18916,38694,0,3
19235,38699,0,3
19394,38699,0,3
19234,38699,0,3
19393,38699,0,3
13639,38808,0,3
13638,38808,0,3
13480,38808,0,3
13479,38808,0,3
13483,38814,0,3
13323,38814,0,3
13482,38814,0,3
13642,38814,0,3
13641,38814,0,3
13640,38814,0,3
13481,38814,0,3
13802,38837,0,3
13801,38837,0,3
13960,38837,0,3
13800,38837,0,3
13639,38866,0,3
13638,38866,0,3
13480,38866,0,3
13479,38866,0,3
13323,38892,0,3
13482,38892,0,3
13641,38892,0,3
13640,38892,0,3
13322,38892,0,3
13481,38892,0,3
14278,38914,0,3
14437,38914,0,3
14118,38914,0,3
14277,38914,0,3
14436,38914,0,3
14276,38914,0,3
14435,38914,0,3
13801,38933,0,3
13960,38933,0,3
13800,38933,0,3
13959,38933,0,3
13801,38938,0,3
13960,38938,0,3
13800,38938,0,3
13959,38938,0,3
13801,38939,0,3
13800,38939,0,3
13959,38939,0,3
13799,38939,0,3
13958,38939,0,3
13162,38953,0,3
13321,38953,0,3
13161,38953,0,3
13320,38953,0,3
13483,38960,0,3
13324,38960,0,3
13323,38960,0,3
13482,38960,0,3
13642,38960,0,3
13641,38960,0,3
13642,38962,0,3
13801,38962,0,3
13641,38962,0,3
13800,38962,0,3
13640,38962,0,3
13799,38962,0,3
13483,38965,0,3
13482,38965,0,3
13642,38965,0,3
13641,38965,0,3
13640,38976,1,2
13639,38976,1,2
13798,38976,1,2
13638,38976,1,2
13481,38976,1,2
13480,38976,1,2
13479,38976,1,2
6749,38985,0,3
6908,38985,0,3
7067,38985,0,3
6748,38985,0,3
6907,38985,0,3
7066,38985,0,3
6589,38987,0,3
6748,38987,0,3
6907,38987,0,3
6588,38987,0,3
6747,38987,0,3
6906,38987,0,3
6746,38987,0,3
13640,38989,0,3
13639,38989,0,3
13322,38989,0,3
13481,38989,0,3
13321,38989,0,3
13480,38989,0,3
6749,38992,1,2
6908,38992,1,2
6748,38992,1,2
6907,38992,1,2
7227,39009,0,3
7386,39009,0,3
7226,39009,0,3
7385,39009,0,3
7225,39009,0,3
7384,39009,0,3
13639,39010,0,3
13638,39010,0,3
13480,39010,0,3
13320,39010,0,3
13479,39010,0,3
13478,39010,0,3
6590,39013,0,3
6749,39013,0,3
6589,39013,0,3
6748,39013,0,3
6588,39013,0,3
6747,39013,0,3
6588,39017,0,3
6747,39017,0,3
6587,39017,0,3
6746,39017,0,3
7227,39034,0,3
7386,39034,0,3
7226,39034,0,3
7385,39034,0,3
7225,39034,0,3
7384,39034,0,3
6588,39035,0,3
6747,39035,0,3
6587,39035,0,3
6746,39035,0,3
6908,39038,0,3
7067,39038,0,3
6907,39038,0,3
7066,39038,0,3
6908,39049,0,3
7067,39049,0,3
6907,39049,0,3
7066,39049,0,3
6906,39049,0,3
7065,39049,0,3
13802,39050,0,3
13961,39050,0,3
13801,39050,0,3
13960,39050,0,3
13161,39064,0,3
13320,39064,0,3
13479,39064,0,3
13160,39064,0,3
13319,39064,0,3
13478,39064,0,3
13006,39069,0,3
12848,39069,0,3
12689,39069,0,3
12688,39069,0,3
12847,39069,0,3
7227,39075,0,3
7226,39075,0,3
7068,39075,0,3
7067,39075,0,3
7225,39075,0,3
7066,39075,0,3
8652,39079,0,3
8811,39079,0,3
8651,39079,0,3
8810,39079,0,3
6908,39098,0,3
7067,39098,0,3
6907,39098,0,3
7066,39098,0,3
13640,39105,0,3
13799,39105,0,3
13958,39105,0,3
13639,39105,0,3
13798,39105,0,3
13957,39105,0,3
14278,39109,0,3
14118,39109,0,3
14277,39109,0,3
14436,39109,0,3
14117,39109,0,3
14276,39109,0,3
14435,39109,0,3
6589,39117,0,3
6748,39117,0,3
6588,39117,0,3
6747,39117,0,3
6431,39119,0,3
6590,39119,0,3
6430,39119,0,3
6589,39119,0,3
6429,39119,0,3
6588,39119,0,3
8340,39126,0,3
8499,39126,0,3
8339,39126,0,3
8498,39126,0,3
8181,39126,0,3
8180,39126,0,3
6909,39137,0,3
7068,39137,0,3
6908,39137,0,3
7067,39137,0,3
6907,39137,0,3
7066,39137,0,3
6589,39144,0,3
6748,39144,0,3
6588,39144,0,3
6747,39144,0,3
8497,39153,0,3
8337,39153,0,3
8496,39153,0,3
8655,39153,0,3
8336,39153,0,3
8495,39153,0,3
8654,39153,0,3
14119,39156,0,3
14278,39156,0,3
14118,39156,0,3
14277,39156,0,3
6430,39160,0,3
6589,39160,0,3
6748,39160,0,3
6429,39160,0,3
6588,39160,0,3
6747,39160,0,3
8812,39174,0,3
8652,39174,0,3
8811,39174,0,3
8970,39174,0,3
8651,39174,0,3
8810,39174,0,3
8969,39174,0,3
8654,39176,0,3
8813,39176,0,3
8972,39176,0,3
8653,39176,0,3
8812,39176,0,3
8971,39176,0,3
8655,39178,0,3
8814,39178,0,3
8973,39178,0,3
8654,39178,0,3
8813,39178,0,3
8972,39178,0,3
8812,39178,0,3
8652,39182,0,3
8811,39182,0,3
8651,39182,0,3
8810,39182,0,3
7227,39185,0,3
7386,39185,0,3
7226,39185,0,3
7068,39185,0,3
7067,39185,0,3
7385,39185,0,3
7225,39185,0,3
6588,39200,0,3
6747,39200,0,3
6906,39200,0,3
6587,39200,0,3
6746,39200,0,3
6905,39200,0,3
9449,39209,0,3
9608,39209,0,3
9448,39209,0,3
9607,39209,0,3
9766,39209,0,3
9447,39209,0,3
9606,39209,0,3
6587,39214,0,3
6746,39214,0,3
6586,39214,0,3
6745,39214,0,3
6585,39214,0,3
6744,39214,0,3
6589,39217,0,3
6748,39217,0,3
6588,39217,0,3
6747,39217,0,3
6590,39219,0,3
6430,39219,0,3
6589,39219,0,3
6748,39219,0,3
6429,39219,0,3
6588,39219,0,3
6587,39229,0,3
6746,39229,0,3
6586,39229,0,3
6745,39229,0,3
8970,39233,0,3
9129,39233,0,3
8969,39233,0,3
9128,39233,0,3
7226,39234,0,3
6908,39234,0,3
7067,39234,0,3
7225,39234,0,3
6907,39234,0,3
7066,39234,0,3
7227,39235,0,3
7226,39235,0,3
7068,39235,0,3
6908,39235,0,3
7067,39235,0,3
7066,39235,0,3
13483,39237,0,3
13482,39237,0,3
13642,39237,0,3
13641,39237,0,3
6590,39241,0,3
6430,39241,0,3
6589,39241,0,3
6748,39241,0,3
6429,39241,0,3
6588,39241,0,3
6747,39241,0,3
12848,39243,0,3
12689,39243,0,3
12688,39243,0,3
12847,39243,0,3
12687,39243,0,3
12846,39243,0,3
13006,39249,0,3
13005,39249,0,3
12848,39249,0,3
12688,39249,0,3
12847,39249,0,3
12846,39249,0,3
14118,39260,0,3
14277,39260,0,3
14117,39260,0,3
14276,39260,0,3
6430,39279,0,3
6589,39279,0,3
6748,39279,0,3
6429,39279,0,3
6588,39279,0,3
6747,39279,0,3
8340,39283,0,3
8499,39283,0,3
8339,39283,0,3
8498,39283,0,3
8815,39289,0,3
8974,39289,0,3
8814,39289,0,3
8973,39289,0,3
8813,39289,0,3
8972,39289,0,3
8815,39295,0,3
8974,39295,0,3
8814,39295,0,3
8973,39295,0,3
6430,39301,0,3
6589,39301,0,3
6748,39301,0,3
6429,39301,0,3
6588,39301,0,3
6747,39301,0,3
13483,39306,0,3
13482,39306,0,3
13642,39306,0,3
13641,39306,0,3
6749,39313,0,3
6908,39313,0,3
6589,39313,0,3
6748,39313,0,3
6907,39313,0,3
6747,39313,0,3
6589,39318,0,3
6748,39318,0,3
6907,39318,0,3
6588,39318,0,3
6747,39318,0,3
6906,39318,0,3
8812,39322,0,3
8971,39322,0,3
8811,39322,0,3
8970,39322,0,3
8810,39322,0,3
8969,39322,0,3
9289,39323,0,3
9448,39323,0,3
9288,39323,0,3
9447,39323,0,3
14120,39325,0,3
14119,39325,0,3
14278,39325,0,3
14118,39325,0,3
13960,39325,0,3
13959,39325,0,3
6431,39331,0,3
6590,39331,0,3
6749,39331,0,3
6430,39331,0,3
6589,39331,0,3
6748,39331,0,3
9289,39334,0,3
9448,39334,0,3
9288,39334,0,3
9447,39334,0,3
6588,39341,0,3
6747,39341,0,3
6587,39341,0,3
6746,39341,0,3
6586,39341,0,3
6745,39341,0,3
6588,39343,0,3
6747,39343,0,3
6587,39343,0,3
6746,39343,0,3
6905,39343,0,3
6586,39343,0,3
6745,39343,0,3
6749,39354,0,3
6908,39354,0,3
7067,39354,0,3
6748,39354,0,3
6907,39354,0,3
7066,39354,0,3
8811,39356,0,3
8970,39356,0,3
9129,39356,0,3
8810,39356,0,3
8969,39356,0,3
9128,39356,0,3
7227,39360,0,3
7386,39360,0,3
7226,39360,0,3
7068,39360,0,3
7067,39360,0,3
7385,39360,0,3
6908,39365,0,3
7067,39365,0,3
6907,39365,0,3
7066,39365,0,3
9289,39366,0,3
9448,39366,0,3
9288,39366,0,3
9447,39366,0,3
13643,39372,0,3
13484,39372,0,3
13483,39372,0,3
13482,39372,0,3
13642,39372,0,3
13641,39372,0,3
7227,39374,0,3
7386,39374,0,3
7226,39374,0,3
7385,39374,0,3
7225,39374,0,3
7384,39374,0,3
7226,39379,0,3
6908,39379,0,3
7067,39379,0,3
7225,39379,0,3
6907,39379,0,3
7066,39379,0,3
6587,39381,0,3
6746,39381,0,3
6586,39381,0,3
6745,39381,0,3
9289,39385,0,3
9448,39385,0,3
9288,39385,0,3
9447,39385,0,3
13640,39387,2,1
13799,39387,2,1
13958,39387,2,1
13639,39387,2,1
13798,39387,2,1
13957,39387,2,1
13323,39399,0,3
13482,39399,0,3
13641,39399,0,3
13640,39399,0,3
13322,39399,0,3
13481,39399,0,3
9130,39401,0,3
9129,39401,0,3
9289,39401,0,3
9288,39401,0,3
9447,39401,0,3
6587,39406,0,3
6746,39406,0,3
6586,39406,0,3
6745,39406,0,3
7226,39410,0,3
7067,39410,0,3
7225,39410,0,3
7066,39410,0,3
8653,39414,0,3
8812,39414,0,3
8652,39414,0,3
8811,39414,0,3
8651,39414,0,3
8810,39414,0,3
8341,39418,0,3
8340,39418,0,3
8339,39418,0,3
8182,39418,0,3
8181,39418,0,3
8180,39418,0,3
14277,39426,0,3
14436,39426,0,3
14276,39426,0,3
14435,39426,0,3
8652,39428,0,3
8811,39428,0,3
8651,39428,0,3
8810,39428,0,3
8655,39433,0,3
8814,39433,0,3
8654,39433,0,3
8813,39433,0,3
14118,39446,0,3
14277,39446,0,3
14117,39446,0,3
14276,39446,0,3
6908,39447,0,3
7067,39447,0,3
6907,39447,0,3
7066,39447,0,3
6749,39448,0,3
6908,39448,0,3
6589,39448,0,3
6748,39448,0,3
6907,39448,0,3
6747,39448,0,3
6906,39448,0,3
7227,39450,0,3
7226,39450,0,3
7068,39450,0,3
7067,39450,0,3
7225,39450,0,3
7066,39450,0,3
13802,39451,0,3
13961,39451,0,3
13801,39451,0,3
13960,39451,0,3
14119,39459,0,3
14278,39459,0,3
14118,39459,0,3
14277,39459,0,3
14117,39459,0,3
14276,39459,0,3
13483,39461,0,3
13324,39461,0,3
13323,39461,0,3
13482,39461,0,3
13322,39461,0,3
13481,39461,0,3
6589,39471,0,3
6748,39471,0,3
6588,39471,0,3
6747,39471,0,3
13802,39472,0,3
13961,39472,0,3
13801,39472,0,3
13960,39472,0,3
9130,39477,0,3
9129,39477,0,3
9128,39477,0,3
9289,39477,0,3
9288,39477,0,3
9287,39477,0,3
13641,39486,2,1
13800,39486,2,1
13640,39486,2,1
13799,39486,2,1
14277,39489,0,3
14436,39489,0,3
14276,39489,0,3
14435,39489,0,3
7546,39497,0,3
7705,39497,0,3
7545,39497,0,3
7704,39497,0,3
7544,39497,0,3
7703,39497,0,3
7227,39500,0,3
7386,39500,0,3
7226,39500,0,3
7385,39500,0,3
13483,39502,0,3
13482,39502,0,3
13642,39502,0,3
13641,39502,0,3
6589,39532,0,3
6748,39532,0,3
6588,39532,0,3
6747,39532,0,3
6906,39532,0,3
6746,39532,0,3
6749,39534,0,3
6908,39534,0,3
6748,39534,0,3
6907,39534,0,3
6908,39541,0,3
7067,39541,0,3
6907,39541,0,3
7066,39541,0,3
13640,39545,0,3
13639,39545,0,3
13481,39545,0,3
13480,39545,0,3
13006,39554,0,3
12848,39554,0,3
12689,39554,0,3
12688,39554,0,3
12847,39554,0,3
6588,39556,0,3
6747,39556,0,3
6587,39556,0,3
6746,39556,0,3
9289,39560,0,3
9448,39560,0,3
9288,39560,0,3
9447,39560,0,3
8812,39569,0,3
8971,39569,0,3
8811,39569,0,3
8970,39569,0,3
9130,39574,0,3
9129,39574,0,3
9289,39574,0,3
9288,39574,0,3
9447,39574,0,3
9287,39574,0,3
6749,39589,0,3
6908,39589,0,3
7067,39589,0,3
6748,39589,0,3
6907,39589,0,3
7066,39589,0,3
6588,39600,0,3
6747,39600,0,3
6587,39600,0,3
6746,39600,0,3
8493,39605,0,3
8652,39605,0,3
8811,39605,0,3
8492,39605,0,3
8651,39605,0,3
8810,39605,0,3
6749,39616,0,3
6908,39616,0,3
6748,39616,0,3
6907,39616,0,3
6747,39616,0,3
6906,39616,0,3
8970,39619,0,3
9129,39619,0,3
8969,39619,0,3
9128,39619,0,3
8968,39619,0,3
9127,39619,0,3
6589,39628,0,3
6748,39628,0,3
6588,39628,0,3
6747,39628,0,3
9289,39645,0,3
9448,39645,0,3
9288,39645,0,3
9447,39645,0,3
13800,39657,1,2
13640,39657,1,2
13799,39657,1,2
13958,39657,1,2
13798,39657,1,2
13800,39658,0,3
13640,39658,0,3
13799,39658,0,3
13958,39658,0,3
13798,39658,0,3
9129,39677,0,3
9289,39677,0,3
9448,39677,0,3
9288,39677,0,3
9447,39677,0,3
9287,39677,0,3
9446,39677,0,3
8813,39688,0,3
8972,39688,0,3
8812,39688,0,3
8971,39688,0,3
8811,39688,0,3
8970,39688,0,3
7386,39691,0,3
7545,39691,0,3
7704,39691,0,3
7385,39691,0,3
7544,39691,0,3
7703,39691,0,3
7546,39695,0,3
7705,39695,0,3
7545,39695,0,3
7704,39695,0,3
7544,39695,0,3
7703,39695,0,3
8972,39704,0,3
9131,39704,0,3
8812,39704,0,3
8971,39704,0,3
9130,39704,0,3
8970,39704,0,3
9129,39704,0,3
6589,39708,0,3
6748,39708,0,3
6588,39708,0,3
6747,39708,0,3
6587,39708,0,3
6746,39708,0,3
6589,39716,0,3
6748,39716,0,3
6588,39716,0,3
6747,39716,0,3
6906,39716,0,3
6587,39716,0,3
6746,39716,0,3
8971,39718,0,3
9130,39718,0,3
8970,39718,0,3
9129,39718,0,3
7226,39736,0,3
7067,39736,0,3
7225,39736,0,3
7066,39736,0,3
13483,39737,0,3
13324,39737,0,3
13323,39737,0,3
13482,39737,0,3
13322,39737,0,3
13481,39737,0,3
13802,39747,0,3
13961,39747,0,3
13801,39747,0,3
13960,39747,0,3
13800,39747,0,3
13959,39747,0,3
8970,39749,0,3
9129,39749,0,3
8969,39749,0,3
9128,39749,0,3
6588,39753,0,3
6747,39753,0,3
6906,39753,0,3
6587,39753,0,3
6746,39753,0,3
6905,39753,0,3
13319,39761,0,3
13478,39761,0,3
13318,39761,0,3
13477,39761,0,3
7226,39775,0,3
7067,39775,0,3
7225,39775,0,3
7066,39775,0,3
13639,39784,0,3
13638,39784,0,3
13321,39784,0,3
13480,39784,0,3
13320,39784,0,3
13479,39784,0,3
7227,39792,0,3
7226,39792,0,3
7068,39792,0,3
7067,39792,0,3
7225,39792,0,3
7066,39792,0,3
13802,39793,0,3
13801,39793,0,3
13960,39793,0,3
6749,39796,0,3
6908,39796,0,3
7067,39796,0,3
6748,39796,0,3
6907,39796,0,3
7066,39796,0,3
13641,39798,0,3
13800,39798,0,3
13640,39798,0,3
13799,39798,0,3
6590,39815,0,3
6749,39815,0,3
6589,39815,0,3
6748,39815,0,3
6588,39815,0,3
6747,39815,0,3
6588,39829,0,3
6747,39829,0,3
6587,39829,0,3
6746,39829,0,3
8340,39838,0,3
8339,39838,0,3
8181,39838,0,3
8180,39838,0,3
7386,39871,0,3
7545,39871,0,3
7385,39871,0,3
7544,39871,0,3
13641,39903,0,3
13800,39903,0,3
13640,39903,0,3
13799,39903,0,3
7546,39906,0,3
7705,39906,0,3
7545,39906,0,3
7704,39906,0,3
7544,39906,0,3
7703,39906,0,3
13483,39912,0,3
13324,39912,0,3
13323,39912,0,3
13482,39912,0,3
6590,39918,0,3
6749,39918,0,3
6589,39918,0,3
6748,39918,0,3
13162,39919,0,3
13321,39919,0,3
13161,39919,0,3
13320,39919,0,3
13479,39919,0,3
13160,39919,0,3
13319,39919,0,3
7546,39926,0,3
7386,39926,0,3
7545,39926,0,3
7704,39926,0,3
7544,39926,0,3
7703,39926,0,3
6431,39936,0,3
6590,39936,0,3
6749,39936,0,3
6430,39936,0,3
6589,39936,0,3
6748,39936,0,3
6908,39957,0,3
7067,39957,0,3
6907,39957,0,3
7066,39957,0,3
6589,39960,0,3
6748,39960,0,3
6588,39960,0,3
6747,39960,0,3
6746,39960,0,3
8341,39964,0,3
8500,39964,0,3
8343,39964,0,3
8502,39964,0,3
8342,39964,0,3
8501,39964,0,3
6748,39989,0,3
6907,39989,0,3
6747,39989,0,3
6906,39989,0,3
8340,39998,0,3
8499,39998,0,3
8339,39998,0,3
8498,39998,0,3
7546,40000,0,3
7386,40000,0,3
7545,40000,0,3
7704,40000,0,3
7385,40000,0,3
7544,40000,0,3
7703,40000,0,3
13639,40004,0,3
13638,40004,0,3
13480,40004,0,3
13479,40004,0,3
13641,40026,0,3
13800,40026,0,3
13640,40026,0,3
13799,40026,0,3
13483,40032,0,3
13482,40032,0,3
13642,40032,0,3
13641,40032,0,3
13640,40032,0,3
13481,40032,0,3
13640,40039,0,3
13799,40039,0,3
13958,40039,0,3
13639,40039,0,3
13798,40039,0,3
13957,40039,0,3
13641,40042,0,3
13800,40042,0,3
13640,40042,0,3
13799,40042,0,3
13483,40060,0,3
13324,40060,0,3
13323,40060,0,3
13482,40060,0,3
14118,40077,0,3
14277,40077,0,3
14117,40077,0,3
14276,40077,0,3
14275,40077,0,3
5963,40245,0,3
6121,40245,0,3
5803,40245,0,3
5962,40245,0,3
5802,40245,0,3
5961,40245,0,3
5806,40299,2,1
5965,40299,2,1
5805,40299,2,1
5964,40299,2,1
5805,40305,0,3
5964,40305,0,3
5804,40305,0,3
5963,40305,0,3
5803,40305,0,3
5962,40305,0,3
5805,40317,0,3
5964,40317,0,3
6123,40317,0,3
5804,40317,0,3
5963,40317,0,3
5806,40323,0,3
6124,40323,0,3
5965,40323,0,3
5805,40323,0,3
5964,40323,0,3
6123,40323,0,3
5804,40381,0,3
5963,40381,0,3
5803,40381,0,3
5962,40381,0,3
5802,40381,0,3
5961,40381,0,3
5804,40423,0,3
5963,40423,0,3
5803,40423,0,3
5962,40423,0,3
5802,40423,0,3
5961,40423,0,3
6121,40451,1,2
5803,40451,1,2
5962,40451,1,2
5802,40451,1,2
5961,40451,1,2
6120,40451,1,2
5806,40472,0,3
5965,40472,0,3
5805,40472,0,3
5964,40472,0,3
5804,40507,0,3
5963,40507,0,3
5644,40507,0,3
5803,40507,0,3
5962,40507,0,3
5802,40507,0,3
5961,40507,0,3
5804,40554,0,3
5963,40554,0,3
5803,40554,0,3
5962,40554,0,3
5645,40559,2,1
5804,40559,2,1
5644,40559,2,1
5803,40559,2,1
5806,40578,0,3
5965,40578,0,3
5805,40578,0,3
5964,40578,0,3
6123,40578,0,3
5804,40578,0,3
5963,40578,0,3
5806,40581,0,3
5965,40581,0,3
5805,40581,0,3
5964,40581,0,3
5804,40583,0,3
5963,40583,0,3
5803,40583,0,3
5962,40583,0,3
5804,40624,0,3
5963,40624,0,3
5803,40624,0,3
5962,40624,0,3
5804,40638,0,3
5963,40638,0,3
5803,40638,0,3
5962,40638,0,3
5802,40638,0,3
5961,40638,0,3
5804,40671,0,3
5963,40671,0,3
5803,40671,0,3
5962,40671,0,3
5802,40671,0,3
5961,40671,0,3
5806,40683,0,3
5965,40683,0,3
5805,40683,0,3
5964,40683,0,3
5805,40699,0,3
5964,40699,0,3
6123,40699,0,3
6122,40699,0,3
5804,40699,0,3
5963,40699,0,3
5804,40702,0,3
5963,40702,0,3
5803,40702,0,3
5962,40702,0,3
5804,40712,0,3
5963,40712,0,3
5803,40712,0,3
5962,40712,0,3
5804,40732,0,3
5963,40732,0,3
5803,40732,0,3
5962,40732,0,3
5802,40732,0,3
5961,40732,0,3
5806,40762,0,3
5965,40762,0,3
5805,40762,0,3
5964,40762,0,3
5804,40762,0,3
5963,40762,0,3
5804,40810,0,3
5963,40810,0,3
5803,40810,0,3
5962,40810,0,3
5803,40867,0,3
5962,40867,0,3
5802,40867,0,3
5961,40867,0,3
5806,40887,0,3
5965,40887,0,3
5805,40887,0,3
5964,40887,0,3
5804,40887,0,3
5963,40887,0,3
7387,40961,0,3
7546,40961,0,3
7386,40961,0,3
7545,40961,0,3
7388,40962,0,3
7228,40962,0,3
7387,40962,0,3
7546,40962,0,3
7227,40962,0,3
7386,40962,0,3
7545,40962,0,3
6913,40963,0,3
7072,40963,0,3
6912,40963,0,3
7071,40963,0,3
7231,40964,0,3
7390,40964,0,3
7072,40964,0,3
7071,40964,0,3
7230,40964,0,3
7389,40964,0,3
6594,40966,0,3
6753,40966,0,3
6593,40966,0,3
6752,40966,0,3
6595,40967,0,3
6754,40967,0,3
6594,40967,0,3
6753,40967,0,3
6593,40967,0,3
6752,40967,0,3
6592,40970,2,1
6432,40970,2,1
6591,40970,2,1
6750,40970,2,1
6431,40970,2,1
6590,40970,2,1
7548,40980,0,3
7707,40980,0,3
7547,40980,0,3
7706,40980,0,3
7546,40980,0,3
7705,40980,0,3
6595,40984,0,3
6754,40984,0,3
6913,40984,0,3
6594,40984,0,3
6753,40984,0,3
6912,40984,0,3
6912,40985,0,3
7071,40985,0,3
7230,40985,0,3
7229,40985,0,3
6911,40985,0,3
7070,40985,0,3
6911,40987,0,3
7070,40987,0,3
6910,40987,0,3
7069,40987,0,3
7068,40987,0,3
7071,40988,0,3
7229,40988,0,3
6911,40988,0,3
7070,40988,0,3
7228,40988,0,3
6910,40988,0,3
7069,40988,0,3
6753,40989,0,3
6912,40989,0,3
7071,40989,0,3
6752,40989,0,3
6911,40989,0,3
7070,40989,0,3
7387,40991,0,3
7546,40991,0,3
7705,40991,0,3
7386,40991,0,3
7545,40991,0,3
7704,40991,0,3
6593,40999,0,3
6752,40999,0,3
6592,40999,0,3
6751,40999,0,3
7232,41001,0,3
7073,41001,0,3
7231,41001,0,3
7072,41001,0,3
7071,41001,0,3
7230,41001,0,3
6751,41002,0,3
6910,41002,0,3
7069,41002,0,3
6750,41002,0,3
6909,41002,0,3
7068,41002,0,3
8344,41008,0,3
8503,41008,0,3
8343,41008,0,3
8502,41008,0,3
8342,41008,0,3
8501,41008,0,3
8189,41009,1,2
8029,41009,1,2
8188,41009,1,2
8028,41009,1,2
8187,41009,1,2
8347,41009,1,2
8346,41009,1,2
6278,41012,0,3
6437,41012,0,3
6277,41012,0,3
6436,41012,0,3
6276,41012,0,3
6435,41012,0,3
8344,41013,0,3
8503,41013,0,3
8343,41013,0,3
8502,41013,0,3
8661,41013,0,3
8501,41013,0,3
7388,41016,0,3
7547,41016,0,3
7228,41016,0,3
7387,41016,0,3
7546,41016,0,3
6435,41020,0,3
6594,41020,0,3
6753,41020,0,3
6434,41020,0,3
6593,41020,0,3
6752,41020,0,3
7232,41022,0,3
7391,41022,0,3
7073,41022,0,3
7231,41022,0,3
7390,41022,0,3
7072,41022,0,3
7229,41023,0,3
7388,41023,0,3
7228,41023,0,3
7387,41023,0,3
7546,41023,0,3
7227,41023,0,3
7386,41023,0,3
6435,41028,0,3
6594,41028,0,3
6434,41028,0,3
6593,41028,0,3
7232,41029,0,3
7391,41029,0,3
7073,41029,0,3
7231,41029,0,3
7390,41029,0,3
7072,41029,0,3
7230,41030,0,3
7389,41030,0,3
7229,41030,0,3
7388,41030,0,3
5961,41039,0,3
6120,41039,0,3
6279,41039,0,3
6119,41039,0,3
5960,41039,0,3
6278,41039,0,3
6435,41040,0,3
6594,41040,0,3
6753,41040,0,3
6434,41040,0,3
6593,41040,0,3
6752,41040,0,3
6592,41040,0,3
6592,41044,2,1
6751,41044,2,1
6910,41044,2,1
6591,41044,2,1
6750,41044,2,1
6909,41044,2,1
6910,41046,0,3
7069,41046,0,3
6909,41046,0,3
7068,41046,0,3
6908,41046,0,3
7067,41046,0,3
7389,41047,0,3
7548,41047,0,3
7388,41047,0,3
7547,41047,0,3
7228,41052,0,3
7069,41052,0,3
7227,41052,0,3
7068,41052,0,3
7228,41053,0,3
6910,41053,0,3
7069,41053,0,3
6909,41053,0,3
7227,41053,0,3
7068,41053,0,3
6437,41056,0,3
6596,41056,0,3
6755,41056,0,3
6436,41056,0,3
6595,41056,0,3
6754,41056,0,3
6751,41059,0,3
6910,41059,0,3
6750,41059,0,3
6909,41059,0,3
7389,41073,0,3
7548,41073,0,3
7388,41073,0,3
7547,41073,0,3
7387,41073,0,3
7546,41073,0,3
6279,41075,0,3
6438,41075,0,3
6278,41075,0,3
6437,41075,0,3
6595,41077,0,3
6754,41077,0,3
6594,41077,0,3
6753,41077,0,3
8344,41085,0,3
8503,41085,0,3
8662,41085,0,3
8343,41085,0,3
8502,41085,0,3
8661,41085,0,3
6753,41089,0,3
6912,41089,0,3
6752,41089,0,3
6911,41089,0,3
8029,41092,0,3
8188,41092,0,3
8028,41092,0,3
8187,41092,0,3
6593,41094,0,3
6752,41094,0,3
6592,41094,0,3
6751,41094,0,3
7230,41095,0,3
7389,41095,0,3
7548,41095,0,3
7229,41095,0,3
7388,41095,0,3
7547,41095,0,3
8344,41099,0,3
8503,41099,0,3
8343,41099,0,3
8502,41099,0,3
8342,41099,0,3
8501,41099,0,3
7547,41100,0,3
7706,41100,0,3
7865,41100,0,3
7546,41100,0,3
7705,41100,0,3
7864,41100,0,3
7704,41100,0,3
6914,41101,0,3
7073,41101,0,3
6913,41101,0,3
7072,41101,0,3
7071,41101,0,3
7231,41102,0,3
7072,41102,0,3
7071,41102,0,3
7230,41102,0,3
7229,41102,0,3
7070,41102,0,3
6913,41103,0,3
7072,41103,0,3
6912,41103,0,3
7071,41103,0,3
6911,41103,0,3
7070,41103,0,3
7229,41104,0,3
7388,41104,0,3
7228,41104,0,3
7387,41104,0,3
7227,41104,0,3
7386,41104,0,3
6120,41111,0,3
6279,41111,0,3
6119,41111,0,3
6278,41111,0,3
6275,41112,0,3
6434,41112,0,3
6593,41112,0,3
6274,41112,0,3
6433,41112,0,3
6592,41112,0,3
6280,41114,0,3
6439,41114,0,3
6120,41114,0,3
6279,41114,0,3
6438,41114,0,3
6278,41114,0,3
6437,41114,0,3
7231,41115,0,3
7390,41115,0,3
7230,41115,0,3
7389,41115,0,3
8188,41116,2,1
8028,41116,2,1
8187,41116,2,1
8347,41116,2,1
8346,41116,2,1
8345,41116,2,1
8186,41116,2,1
6909,41120,0,3
7068,41120,0,3
6908,41120,0,3
7067,41120,0,3
7228,41121,0,3
7069,41121,0,3
7227,41121,0,3
7226,41121,0,3
7068,41121,0,3
7067,41121,0,3
6754,41123,0,3
6913,41123,0,3
7072,41123,0,3
6753,41123,0,3
6912,41123,0,3
7071,41123,0,3
7227,41124,0,3
7226,41124,0,3
7068,41124,0,3
7067,41124,0,3
8029,41125,0,3
8188,41125,0,3
8028,41125,0,3
8187,41125,0,3
7232,41131,0,3
7073,41131,0,3
7231,41131,0,3
7072,41131,0,3
7071,41131,0,3
7230,41131,0,3
6913,41133,0,3
7072,41133,0,3
6912,41133,0,3
7071,41133,0,3
7230,41133,0,3
7070,41133,0,3
7232,41135,0,3
7391,41135,0,3
7231,41135,0,3
7390,41135,0,3
6913,41136,0,3
7072,41136,0,3
6912,41136,0,3
7071,41136,0,3
6911,41136,0,3
7070,41136,0,3
7232,41138,0,3
7391,41138,0,3
7231,41138,0,3
7390,41138,0,3
6435,41140,0,3
6594,41140,0,3
6434,41140,0,3
6593,41140,0,3
6433,41140,0,3
6592,41140,0,3
7228,41141,0,3
6910,41141,0,3
7069,41141,0,3
6909,41141,0,3
7227,41141,0,3
7068,41141,0,3
6909,41143,0,3
7068,41143,0,3
6908,41143,0,3
7067,41143,0,3
6593,41145,0,3
6752,41145,0,3
6911,41145,0,3
6592,41145,0,3
6751,41145,0,3
6910,41145,0,3
7229,41147,0,3
7070,41147,0,3
7228,41147,0,3
6910,41147,0,3
7069,41147,0,3
7068,41147,0,3
7232,41148,0,3
7073,41148,0,3
7231,41148,0,3
7072,41148,0,3
7071,41148,0,3
7230,41148,0,3
6435,41149,0,3
6594,41149,0,3
6753,41149,0,3
6434,41149,0,3
6593,41149,0,3
6752,41149,0,3
6909,41151,0,3
7068,41151,0,3
6908,41151,0,3
7067,41151,0,3
6753,41152,0,3
6912,41152,0,3
6752,41152,0,3
6911,41152,0,3
6751,41152,0,3
6910,41152,0,3
6752,41153,0,3
6911,41153,0,3
7070,41153,0,3
6751,41153,0,3
6910,41153,0,3
7069,41153,0,3
7231,41155,0,3
6913,41155,0,3
7072,41155,0,3
6912,41155,0,3
7071,41155,0,3
7230,41155,0,3
7070,41155,0,3
7229,41157,0,3
7388,41157,0,3
7228,41157,0,3
7387,41157,0,3
8189,41160,0,3
8188,41160,0,3
8187,41160,0,3
8348,41160,0,3
8347,41160,0,3
8506,41160,0,3
8346,41160,0,3
7231,41162,0,3
6913,41162,0,3
7072,41162,0,3
6912,41162,0,3
7071,41162,0,3
7230,41162,0,3
7229,41166,0,3
7070,41166,0,3
7228,41166,0,3
7069,41166,0,3
6914,41169,0,3
7073,41169,0,3
6913,41169,0,3
7072,41169,0,3
6912,41169,0,3
7071,41169,0,3
6755,41170,0,3
6914,41170,0,3
7073,41170,0,3
6754,41170,0,3
6913,41170,0,3
7072,41170,0,3
6753,41171,0,3
6912,41171,0,3
6752,41171,0,3
6911,41171,0,3
7071,41172,0,3
7230,41172,0,3
7229,41172,0,3
7070,41172,0,3
7228,41172,0,3
7069,41172,0,3
6593,41173,0,3
6752,41173,0,3
6911,41173,0,3
6592,41173,0,3
6751,41173,0,3
6910,41173,0,3
6750,41173,0,3
6752,41174,0,3
6911,41174,0,3
7070,41174,0,3
6751,41174,0,3
6910,41174,0,3
7069,41174,0,3
6594,41175,0,3
6753,41175,0,3
6912,41175,0,3
6593,41175,0,3
6752,41175,0,3
6911,41175,0,3
6435,41176,0,3
6594,41176,0,3
6753,41176,0,3
6434,41176,0,3
6593,41176,0,3
6752,41176,0,3
7232,41178,0,3
7073,41178,0,3
7231,41178,0,3
7072,41178,0,3
6753,41179,0,3
6912,41179,0,3
6752,41179,0,3
6911,41179,0,3
6751,41179,0,3
6910,41179,0,3
6754,41180,0,3
6913,41180,0,3
6753,41180,0,3
6912,41180,0,3
7071,41180,0,3
6911,41180,0,3
6432,41184,0,3
6591,41184,0,3
6750,41184,0,3
6431,41184,0,3
6590,41184,0,3
6749,41184,0,3
6589,41184,0,3
6434,41185,0,3
6593,41185,0,3
6752,41185,0,3
6433,41185,0,3
6592,41185,0,3
6751,41185,0,3
6753,41186,0,3
6912,41186,0,3
7071,41186,0,3
6752,41186,0,3
6911,41186,0,3
7070,41186,0,3
7232,41190,0,3
7391,41190,0,3
7073,41190,0,3
7231,41190,0,3
7390,41190,0,3
7072,41190,0,3
7229,41194,0,3
7070,41194,0,3
7228,41194,0,3
7069,41194,0,3
7227,41194,0,3
7068,41194,0,3
6752,41197,0,3
6911,41197,0,3
7070,41197,0,3
6751,41197,0,3
6910,41197,0,3
7069,41197,0,3
7230,41199,0,3
7389,41199,0,3
7229,41199,0,3
7388,41199,0,3
7228,41199,0,3
7387,41199,0,3
6594,41200,0,3
6753,41200,0,3
6593,41200,0,3
6752,41200,0,3
6592,41200,0,3
6751,41200,0,3
7229,41201,0,3
7070,41201,0,3
7228,41201,0,3
7069,41201,0,3
8029,41202,0,3
8188,41202,0,3
8028,41202,0,3
8187,41202,0,3
8347,41202,0,3
8346,41202,0,3
7387,41203,0,3
7546,41203,0,3
7386,41203,0,3
7545,41203,0,3
7546,41204,0,3
7705,41204,0,3
7545,41204,0,3
7704,41204,0,3
6754,41206,0,3
6913,41206,0,3
6753,41206,0,3
6912,41206,0,3
6752,41206,0,3
6911,41206,0,3
6594,41210,0,3
6753,41210,0,3
6593,41210,0,3
6752,41210,0,3
6912,41213,0,3
7071,41213,0,3
6752,41213,0,3
6911,41213,0,3
7070,41213,0,3
6910,41213,0,3
6913,41216,0,3
7072,41216,0,3
6912,41216,0,3
7071,41216,0,3
7228,41217,0,3
7387,41217,0,3
7227,41217,0,3
7386,41217,0,3
7226,41217,0,3
8187,41218,0,3
8346,41218,0,3
8345,41218,0,3
8186,41218,0,3
6593,41222,0,3
6752,41222,0,3
6911,41222,0,3
6592,41222,0,3
6751,41222,0,3
7547,41223,0,3
7706,41223,0,3
7546,41223,0,3
7705,41223,0,3
7545,41223,0,3
7704,41223,0,3
7228,41224,0,3
7069,41224,0,3
7227,41224,0,3
7068,41224,0,3
6913,41225,0,3
7072,41225,0,3
6912,41225,0,3
7071,41225,0,3
6911,41225,0,3
7070,41225,0,3
7547,41228,0,3
7706,41228,0,3
7546,41228,0,3
7705,41228,0,3
7545,41228,0,3
7231,41230,0,3
7390,41230,0,3
7549,41230,0,3
7230,41230,0,3
7389,41230,0,3
7548,41230,0,3
6276,41232,0,3
6435,41232,0,3
6275,41232,0,3
6434,41232,0,3
6911,41234,0,3
7070,41234,0,3
6910,41234,0,3
7069,41234,0,3
6909,41234,0,3
7068,41234,0,3
6912,41235,0,3
7071,41235,0,3
6911,41235,0,3
7070,41235,0,3
6910,41235,0,3
7069,41235,0,3
7389,41236,0,3
7548,41236,0,3
7388,41236,0,3
7547,41236,0,3
7229,41239,0,3
7228,41239,0,3
7387,41239,0,3
7069,41239,0,3
7227,41239,0,3
7386,41239,0,3
6754,41245,0,3
6913,41245,0,3
6753,41245,0,3
6912,41245,0,3
6752,41245,0,3
6911,41245,0,3
7547,41246,0,3
7706,41246,0,3
7546,41246,0,3
7705,41246,0,3
7545,41246,0,3
7704,41246,0,3
6752,41248,0,3
6911,41248,0,3
6751,41248,0,3
6910,41248,0,3
7069,41248,0,3
6275,41250,0,3
6434,41250,0,3
6593,41250,0,3
6274,41250,0,3
6433,41250,0,3
6592,41250,0,3
7228,41251,0,3
7069,41251,0,3
7227,41251,0,3
7226,41251,0,3
7068,41251,0,3
7067,41251,0,3
7070,41252,0,3
7228,41252,0,3
7069,41252,0,3
7227,41252,0,3
7068,41252,0,3
7388,41253,0,3
7228,41253,0,3
7387,41253,0,3
7227,41253,0,3
7386,41253,0,3
6754,41254,0,3
6913,41254,0,3
6753,41254,0,3
6912,41254,0,3
6913,41256,0,3
7072,41256,0,3
6912,41256,0,3
7071,41256,0,3
6434,41257,0,3
6593,41257,0,3
6433,41257,0,3
6592,41257,0,3
6753,41259,0,3
6912,41259,0,3
6752,41259,0,3
6911,41259,0,3
6913,41261,0,3
7072,41261,0,3
6912,41261,0,3
7071,41261,0,3
6911,41261,0,3
7070,41261,0,3
6914,41262,0,3
7073,41262,0,3
7231,41262,0,3
6913,41262,0,3
7072,41262,0,3
6912,41262,0,3
7071,41262,0,3
6753,41263,0,3
6912,41263,0,3
6752,41263,0,3
6911,41263,0,3
6912,41264,0,3
7071,41264,0,3
6911,41264,0,3
7070,41264,0,3
6910,41264,0,3
7069,41264,0,3
7229,41265,0,3
7388,41265,0,3
7070,41265,0,3
7228,41265,0,3
7387,41265,0,3
7069,41265,0,3
6751,41268,0,3
6910,41268,0,3
7069,41268,0,3
6750,41268,0,3
6909,41268,0,3
7068,41268,0,3
7232,41270,0,3
7391,41270,0,3
7073,41270,0,3
7231,41270,0,3
7390,41270,0,3
7072,41270,0,3
6754,41272,0,3
6913,41272,0,3
6753,41272,0,3
6912,41272,0,3
6752,41272,0,3
6911,41272,0,3
6911,41274,0,3
6751,41274,0,3
6910,41274,0,3
7069,41274,0,3
6750,41274,0,3
6909,41274,0,3
7388,41275,0,3
7547,41275,0,3
7387,41275,0,3
7546,41275,0,3
6912,41276,0,3
7071,41276,0,3
6911,41276,0,3
7070,41276,0,3
6910,41276,0,3
7069,41276,0,3
7390,41278,0,3
7230,41278,0,3
7389,41278,0,3
7229,41278,0,3
7388,41278,0,3
7229,41279,0,3
7070,41279,0,3
7228,41279,0,3
7069,41279,0,3
7231,41280,0,3
7390,41280,0,3
7072,41280,0,3
7071,41280,0,3
7230,41280,0,3
7389,41280,0,3
6119,41281,0,3
6278,41281,0,3
6437,41281,0,3
6118,41281,0,3
6277,41281,0,3
6436,41281,0,3
6276,41281,0,3
8029,41285,1,2
8188,41285,1,2
8028,41285,1,2
8187,41285,1,2
8347,41285,1,2
8346,41285,1,2
7229,41288,0,3
7070,41288,0,3
7228,41288,0,3
7069,41288,0,3
6751,41289,0,3
6910,41289,0,3
7069,41289,0,3
6750,41289,0,3
6909,41289,0,3
7068,41289,0,3
8344,41290,0,3
8503,41290,0,3
8343,41290,0,3
8502,41290,0,3
8342,41290,0,3
8501,41290,0,3
7071,41291,0,3
7230,41291,0,3
7229,41291,0,3
6911,41291,0,3
7070,41291,0,3
7228,41291,0,3
7069,41291,0,3
6434,41297,0,3
6593,41297,0,3
6433,41297,0,3
6592,41297,0,3
7229,41300,0,3
7388,41300,0,3
7228,41300,0,3
7387,41300,0,3
6431,41301,0,3
6590,41301,0,3
6749,41301,0,3
6430,41301,0,3
6589,41301,0,3
6748,41301,0,3
7387,41305,0,3
7546,41305,0,3
7386,41305,0,3
7545,41305,0,3
7547,41309,0,3
7706,41309,0,3
7546,41309,0,3
7705,41309,0,3
7071,41310,0,3
7230,41310,0,3
7229,41310,0,3
7070,41310,0,3
7071,41312,0,3
7229,41312,0,3
7070,41312,0,3
7228,41312,0,3
7069,41312,0,3
6121,41317,0,3
6280,41317,0,3
6120,41317,0,3
6279,41317,0,3
6438,41317,0,3
6119,41317,0,3
6278,41317,0,3
6597,41320,0,3
6437,41320,0,3
6596,41320,0,3
6755,41320,0,3
6595,41320,0,3
6754,41320,0,3
8029,41321,0,3
8188,41321,0,3
8028,41321,0,3
8187,41321,0,3
8347,41321,0,3
8346,41321,0,3
7229,41325,0,3
7388,41325,0,3
7228,41325,0,3
7387,41325,0,3
7227,41325,0,3
7386,41325,0,3
7230,41328,0,3
7389,41328,0,3
7548,41328,0,3
7229,41328,0,3
7388,41328,0,3
7547,41328,0,3
6435,41337,0,3
6275,41337,0,3
6434,41337,0,3
6593,41337,0,3
6274,41337,0,3
6433,41337,0,3
6592,41337,0,3
6914,41338,0,3
7073,41338,0,3
6913,41338,0,3
7072,41338,0,3
6912,41338,0,3
7071,41338,0,3
6913,41340,0,3
7072,41340,0,3
6912,41340,0,3
7071,41340,0,3
7231,41342,0,3
7390,41342,0,3
7072,41342,0,3
7071,41342,0,3
7230,41342,0,3
7389,41342,0,3
6593,41345,0,3
6752,41345,0,3
6911,41345,0,3
6592,41345,0,3
6751,41345,0,3
6910,41345,0,3
6435,41348,0,3
6594,41348,0,3
6434,41348,0,3
6593,41348,0,3
6433,41348,0,3
6592,41348,0,3
6910,41350,0,3
7069,41350,0,3
6909,41350,0,3
7068,41350,0,3
7229,41353,0,3
7388,41353,0,3
7228,41353,0,3
7387,41353,0,3
7227,41353,0,3
7228,41359,0,3
7387,41359,0,3
7546,41359,0,3
7227,41359,0,3
7386,41359,0,3
7545,41359,0,3
7385,41359,0,3
6275,41361,0,3
6434,41361,0,3
6593,41361,0,3
6274,41361,0,3
6433,41361,0,3
6592,41361,0,3
6436,41364,0,3
6595,41364,0,3
6435,41364,0,3
6594,41364,0,3
6753,41364,0,3
6434,41364,0,3
6593,41364,0,3
6434,41368,0,3
6593,41368,0,3
6433,41368,0,3
6592,41368,0,3
6595,41372,0,3
6754,41372,0,3
6594,41372,0,3
6753,41372,0,3
6593,41372,0,3
6752,41372,0,3
7546,41373,0,3
7705,41373,0,3
7545,41373,0,3
7704,41373,0,3
6436,41374,0,3
6435,41374,0,3
6594,41374,0,3
6434,41374,0,3
6593,41374,0,3
6752,41375,0,3
6911,41375,0,3
6751,41375,0,3
6910,41375,0,3
6912,41376,0,3
7071,41376,0,3
7230,41376,0,3
7229,41376,0,3
6911,41376,0,3
7070,41376,0,3
7069,41376,0,3
6910,41378,0,3
7069,41378,0,3
6909,41378,0,3
7227,41378,0,3
7068,41378,0,3
7067,41378,0,3
7229,41379,0,3
7388,41379,0,3
7070,41379,0,3
7228,41379,0,3
7387,41379,0,3
7069,41379,0,3
7231,41384,0,3
7072,41384,0,3
7071,41384,0,3
7230,41384,0,3
7229,41384,0,3
7070,41384,0,3
7228,41385,0,3
7069,41385,0,3
7227,41385,0,3
7226,41385,0,3
7068,41385,0,3
7067,41385,0,3
6436,41386,0,3
6595,41386,0,3
6435,41386,0,3
6594,41386,0,3
6753,41386,0,3
6434,41386,0,3
6593,41386,0,3
6752,41387,0,3
6911,41387,0,3
7070,41387,0,3
6751,41387,0,3
6910,41387,0,3
7069,41387,0,3
6435,41390,0,3
6594,41390,0,3
6434,41390,0,3
6593,41390,0,3
6433,41390,0,3
6592,41390,0,3
6435,41391,0,3
6594,41391,0,3
6434,41391,0,3
6593,41391,0,3
6433,41391,0,3
6592,41391,0,3
7232,41393,0,3
7073,41393,0,3
7231,41393,0,3
7072,41393,0,3
7231,41395,0,3
7390,41395,0,3
7549,41395,0,3
7230,41395,0,3
7389,41395,0,3
7548,41395,0,3
6913,41397,0,3
7072,41397,0,3
6912,41397,0,3
7071,41397,0,3
6592,41400,0,3
6751,41400,0,3
6910,41400,0,3
6591,41400,0,3
6750,41400,0,3
6909,41400,0,3
6912,41405,0,3
7071,41405,0,3
6911,41405,0,3
7070,41405,0,3
6914,41406,0,3
7073,41406,0,3
6913,41406,0,3
7072,41406,0,3
6912,41406,0,3
7071,41406,0,3
6911,41409,0,3
7070,41409,0,3
6910,41409,0,3
7069,41409,0,3
6120,41411,0,3
6279,41411,0,3
6119,41411,0,3
6278,41411,0,3
6118,41411,0,3
6277,41411,0,3
6754,41413,0,3
6913,41413,0,3
7072,41413,0,3
6753,41413,0,3
6912,41413,0,3
7071,41413,0,3
6911,41419,0,3
7070,41419,0,3
6910,41419,0,3
7069,41419,0,3
6594,41421,0,3
6753,41421,0,3
6593,41421,0,3
6752,41421,0,3
6592,41421,0,3
6751,41421,0,3
6912,41423,0,3
7071,41423,0,3
6911,41423,0,3
7070,41423,0,3
6438,41426,0,3
6278,41426,0,3
6437,41426,0,3
6596,41426,0,3
6277,41426,0,3
6436,41426,0,3
6595,41426,0,3
6752,41427,0,3
6911,41427,0,3
6751,41427,0,3
6910,41427,0,3
6595,41434,0,3
6754,41434,0,3
6594,41434,0,3
6753,41434,0,3
6593,41434,0,3
6752,41434,0,3
6753,41437,0,3
6912,41437,0,3
6593,41437,0,3
6752,41437,0,3
6911,41437,0,3
6751,41437,0,3
6910,41437,0,3
6752,41438,0,3
6911,41438,0,3
6751,41438,0,3
6910,41438,0,3
7072,41440,0,3
6912,41440,0,3
7071,41440,0,3
7230,41440,0,3
7229,41440,0,3
6911,41440,0,3
7070,41440,0,3
7232,41447,0,3
7391,41447,0,3
7231,41447,0,3
7390,41447,0,3
7230,41447,0,3
7389,41447,0,3
7231,41453,0,3
7390,41453,0,3
7230,41453,0,3
7389,41453,0,3
7232,41455,0,3
7073,41455,0,3
7231,41455,0,3
7072,41455,0,3
7071,41455,0,3
7230,41455,0,3
6914,41456,0,3
7073,41456,0,3
6913,41456,0,3
7072,41456,0,3
6754,41460,0,3
6913,41460,0,3
7072,41460,0,3
6753,41460,0,3
6912,41460,0,3
7071,41460,0,3
6434,41463,0,3
6593,41463,0,3
6433,41463,0,3
6592,41463,0,3
6594,41472,0,3
6753,41472,0,3
6593,41472,0,3
6752,41472,0,3
7387,41473,0,3
7546,41473,0,3
7705,41473,0,3
7386,41473,0,3
7545,41473,0,3
7704,41473,0,3
7389,41474,0,3
7229,41474,0,3
7388,41474,0,3
7547,41474,0,3
7228,41474,0,3
7387,41474,0,3
7546,41474,0,3
7390,41479,0,3
7230,41479,0,3
7389,41479,0,3
7548,41479,0,3
7388,41479,0,3
7547,41479,0,3
6435,41480,0,3
6594,41480,0,3
6434,41480,0,3
6593,41480,0,3
6433,41480,0,3
6592,41480,0,3
6435,41481,0,3
6594,41481,0,3
6275,41481,0,3
6434,41481,0,3
6593,41481,0,3
6433,41481,0,3
6592,41481,0,3
7231,41482,0,3
7390,41482,0,3
7230,41482,0,3
7389,41482,0,3
6752,41485,0,3
6911,41485,0,3
7070,41485,0,3
6751,41485,0,3
6910,41485,0,3
7069,41485,0,3
6435,41487,0,3
6594,41487,0,3
6434,41487,0,3
6593,41487,0,3
6753,41489,0,3
6912,41489,0,3
7071,41489,0,3
6752,41489,0,3
6911,41489,0,3
7070,41489,0,3
6911,41491,0,3
7070,41491,0,3
6910,41491,0,3
7069,41491,0,3
6909,41491,0,3
7068,41491,0,3
6914,41492,0,3
7073,41492,0,3
6754,41492,0,3
6913,41492,0,3
7072,41492,0,3
6912,41492,0,3
6593,41493,2,1
6752,41493,2,1
6592,41493,2,1
6751,41493,2,1
6755,41495,0,3
6914,41495,0,3
7073,41495,0,3
6754,41495,0,3
6913,41495,0,3
7072,41495,0,3
6912,41495,0,3
6594,41497,0,3
6753,41497,0,3
6593,41497,0,3
6752,41497,0,3
8188,41498,0,3
8187,41498,0,3
8347,41498,0,3
8346,41498,0,3
6911,41502,0,3
7070,41502,0,3
6910,41502,0,3
7069,41502,0,3
7231,41503,0,3
7390,41503,0,3
7230,41503,0,3
7389,41503,0,3
7228,41507,0,3
7387,41507,0,3
7546,41507,0,3
7386,41507,0,3
7545,41507,0,3
6911,41508,0,3
7070,41508,0,3
6910,41508,0,3
7069,41508,0,3
7228,41509,0,3
7069,41509,0,3
7227,41509,0,3
7386,41509,0,3
7226,41509,0,3
7068,41509,0,3
6275,41513,0,3
6434,41513,0,3
6593,41513,0,3
6274,41513,0,3
6433,41513,0,3
6592,41513,0,3
6432,41513,0,3
6912,41514,0,3
7071,41514,0,3
7230,41514,0,3
7229,41514,0,3
6911,41514,0,3
7070,41514,0,3
6435,41515,0,3
6594,41515,0,3
6434,41515,0,3
6593,41515,0,3
6433,41515,0,3
6914,41523,0,3
7073,41523,0,3
6913,41523,0,3
7072,41523,0,3
6911,41524,0,3
7070,41524,0,3
6910,41524,0,3
7069,41524,0,3
6909,41524,0,3
7068,41524,0,3
6594,41526,0,3
6753,41526,0,3
6593,41526,0,3
6752,41526,0,3
6753,41528,0,3
6912,41528,0,3
6752,41528,0,3
6911,41528,0,3
6751,41528,0,3
6910,41528,0,3
7229,41532,0,3
7388,41532,0,3
7228,41532,0,3
7387,41532,0,3
7231,41533,0,3
7072,41533,0,3
7071,41533,0,3
7230,41533,0,3
6435,41534,0,3
6594,41534,0,3
6434,41534,0,3
6593,41534,0,3
6752,41535,0,3
6911,41535,0,3
7070,41535,0,3
6751,41535,0,3
6910,41535,0,3
7069,41535,0,3
6909,41535,0,3
7229,41536,0,3
7070,41536,0,3
7228,41536,0,3
7069,41536,0,3
7227,41536,0,3
7068,41536,0,3
8030,41544,1,2
8189,41544,1,2
8029,41544,1,2
8188,41544,1,2
8028,41544,1,2
8187,41544,1,2
6909,41545,0,3
7068,41545,0,3
6908,41545,0,3
7067,41545,0,3
6755,41547,0,3
6914,41547,0,3
7073,41547,0,3
6754,41547,0,3
6913,41547,0,3
7072,41547,0,3
6913,41548,0,3
7072,41548,0,3
6912,41548,0,3
7071,41548,0,3
6911,41548,0,3
7070,41548,0,3
7390,41555,0,3
7549,41555,0,3
7230,41555,0,3
7389,41555,0,3
7548,41555,0,3
7388,41555,0,3
7547,41555,0,3
6911,41559,0,3
7070,41559,0,3
6910,41559,0,3
7069,41559,0,3
8187,41565,2,1
8346,41565,2,1
8345,41565,2,1
8186,41565,2,1
8026,41566,0,3
8185,41566,0,3
8025,41566,0,3
8184,41566,0,3
6436,41567,0,3
6595,41567,0,3
6435,41567,0,3
6594,41567,0,3
6434,41567,0,3
6593,41567,0,3
7388,41570,0,3
7547,41570,0,3
7387,41570,0,3
7546,41570,0,3
7386,41570,0,3
7545,41570,0,3
8029,41571,0,3
8188,41571,0,3
8028,41571,0,3
8187,41571,0,3
7228,41574,0,3
7387,41574,0,3
7227,41574,0,3
7386,41574,0,3
7226,41574,0,3
7068,41574,0,3
7229,41576,0,3
6911,41576,0,3
7070,41576,0,3
7228,41576,0,3
6910,41576,0,3
7069,41576,0,3
7387,41578,0,3
7546,41578,0,3
7705,41578,0,3
7386,41578,0,3
7545,41578,0,3
7704,41578,0,3
6914,41582,0,3
7073,41582,0,3
6913,41582,0,3
7072,41582,0,3
6594,41583,0,3
6753,41583,0,3
6593,41583,0,3
6752,41583,0,3
6592,41583,0,3
6751,41583,0,3
7387,41590,0,3
7546,41590,0,3
7705,41590,0,3
7386,41590,0,3
7545,41590,0,3
7704,41590,0,3
7232,41592,0,3
7073,41592,0,3
7231,41592,0,3
7072,41592,0,3
7870,41596,0,3
8029,41596,0,3
8188,41596,0,3
7869,41596,0,3
8028,41596,0,3
8187,41596,0,3
8345,41598,0,3
8504,41598,0,3
8344,41598,0,3
8503,41598,0,3
8343,41598,0,3
8502,41598,0,3
7229,41605,0,3
7070,41605,0,3
7228,41605,0,3
7069,41605,0,3
7227,41605,0,3
7068,41605,0,3
7229,41610,0,3
7388,41610,0,3
7547,41610,0,3
7228,41610,0,3
7387,41610,0,3
7546,41610,0,3
7232,41611,0,3
7073,41611,0,3
7231,41611,0,3
7072,41611,0,3
7231,41613,0,3
7390,41613,0,3
7230,41613,0,3
7389,41613,0,3
6594,41615,0,3
6434,41615,0,3
6593,41615,0,3
6752,41615,0,3
6433,41615,0,3
6592,41615,0,3
6751,41615,0,3
6752,41616,0,3
6911,41616,0,3
7070,41616,0,3
6751,41616,0,3
6910,41616,0,3
7069,41616,0,3
7070,41620,0,3
7228,41620,0,3
7069,41620,0,3
7227,41620,0,3
7068,41620,0,3
7231,41622,0,3
7390,41622,0,3
7230,41622,0,3
7389,41622,0,3
7229,41622,0,3
7388,41622,0,3
6434,41624,0,3
6593,41624,0,3
6433,41624,0,3
6592,41624,0,3
6754,41630,0,3
6913,41630,0,3
7072,41630,0,3
6753,41630,0,3
6912,41630,0,3
7071,41630,0,3
6434,41632,0,3
6593,41632,0,3
6433,41632,0,3
6592,41632,0,3
6435,41638,0,3
6594,41638,0,3
6434,41638,0,3
6593,41638,0,3
6752,41638,0,3
8344,41639,0,3
8503,41639,0,3
8343,41639,0,3
8502,41639,0,3
7228,41642,0,3
7387,41642,0,3
7227,41642,0,3
7386,41642,0,3
7226,41642,0,3
7068,41642,0,3
7385,41642,0,3
8189,41643,1,2
8188,41643,1,2
8187,41643,1,2
8347,41643,1,2
8346,41643,1,2
7229,41649,0,3
7388,41649,0,3
7070,41649,0,3
7228,41649,0,3
7387,41649,0,3
7069,41649,0,3
7227,41649,0,3
6435,41652,0,3
6275,41652,0,3
6434,41652,0,3
6593,41652,0,3
6433,41652,0,3
6592,41652,0,3
6593,41653,0,3
6752,41653,0,3
6592,41653,0,3
6751,41653,0,3
6753,41655,0,3
6912,41655,0,3
6752,41655,0,3
6911,41655,0,3
6912,41658,0,3
6752,41658,0,3
6911,41658,0,3
6751,41658,0,3
6910,41658,0,3
7229,41662,0,3
7070,41662,0,3
7228,41662,0,3
7069,41662,0,3
7227,41662,0,3
7068,41662,0,3
7871,41666,0,3
8030,41666,0,3
7870,41666,0,3
8029,41666,0,3
8188,41666,0,3
8028,41666,0,3
6280,41669,0,3
6439,41669,0,3
6279,41669,0,3
6438,41669,0,3
6278,41669,0,3
6437,41669,0,3
6595,41671,0,3
6754,41671,0,3
6594,41671,0,3
6753,41671,0,3
7229,41672,0,3
7388,41672,0,3
7228,41672,0,3
7387,41672,0,3
7228,41673,0,3
7387,41673,0,3
7546,41673,0,3
7227,41673,0,3
7386,41673,0,3
7545,41673,0,3
7229,41674,0,3
7388,41674,0,3
7228,41674,0,3
7387,41674,0,3
7227,41674,0,3
7386,41674,0,3
7231,41687,0,3
7072,41687,0,3
7071,41687,0,3
7230,41687,0,3
7229,41687,0,3
7070,41687,0,3
7870,41691,0,3
8029,41691,0,3
8188,41691,0,3
7869,41691,0,3
8028,41691,0,3
8187,41691,0,3
7228,41694,0,3
7069,41694,0,3
7227,41694,0,3
7068,41694,0,3
7870,41698,0,3
8029,41698,0,3
7869,41698,0,3
8028,41698,0,3
8187,41698,0,3
7228,41703,0,3
7387,41703,0,3
7069,41703,0,3
7227,41703,0,3
7386,41703,0,3
7068,41703,0,3
7228,41708,0,3
7387,41708,0,3
7227,41708,0,3
7386,41708,0,3
7226,41708,0,3
7385,41708,0,3
7232,41709,0,3
7391,41709,0,3
7231,41709,0,3
7390,41709,0,3
7072,41709,0,3
7230,41709,0,3
7389,41709,0,3
6595,41711,0,3
6754,41711,0,3
6435,41711,0,3
6594,41711,0,3
6753,41711,0,3
6593,41711,0,3
6752,41711,0,3
7228,41712,0,3
7387,41712,0,3
7227,41712,0,3
7386,41712,0,3
7226,41712,0,3
7385,41712,0,3
6910,41714,0,3
7069,41714,0,3
6750,41714,0,3
6909,41714,0,3
7068,41714,0,3
6908,41714,0,3
7067,41714,0,3
7231,41717,0,3
7390,41717,0,3
7230,41717,0,3
7389,41717,0,3
8030,41719,0,3
8189,41719,0,3
8029,41719,0,3
8188,41719,0,3
8028,41719,0,3
8187,41719,0,3
7228,41720,0,3
7069,41720,0,3
6909,41720,0,3
7227,41720,0,3
7226,41720,0,3
7068,41720,0,3
7067,41720,0,3
6432,41722,0,3
6591,41722,0,3
6431,41722,0,3
6590,41722,0,3
6430,41722,0,3
6589,41722,0,3
6593,41725,0,3
6752,41725,0,3
6592,41725,0,3
6751,41725,0,3
6909,41727,0,3
7068,41727,0,3
6908,41727,0,3
7067,41727,0,3
8187,41729,2,1
8346,41729,2,1
8345,41729,2,1
8186,41729,2,1
7388,41730,0,3
7547,41730,0,3
7387,41730,0,3
7546,41730,0,3
7386,41730,0,3
7545,41730,0,3
7229,41731,0,3
7388,41731,0,3
7228,41731,0,3
7387,41731,0,3
7227,41731,0,3
7386,41731,0,3
6914,41733,0,3
7073,41733,0,3
6913,41733,0,3
7072,41733,0,3
6593,41735,0,3
6752,41735,0,3
6911,41735,0,3
6592,41735,0,3
6751,41735,0,3
6910,41735,0,3
6752,41736,1,2
6592,41736,1,2
6751,41736,1,2
6910,41736,1,2
6591,41736,1,2
6750,41736,1,2
6909,41736,1,2
8189,41737,0,3
8188,41737,0,3
8187,41737,0,3
8348,41737,0,3
8347,41737,0,3
8346,41737,0,3
7228,41744,0,3
7387,41744,0,3
7069,41744,0,3
7227,41744,0,3
7386,41744,0,3
7068,41744,0,3
7547,41745,0,3
7387,41745,0,3
7546,41745,0,3
7705,41745,0,3
7545,41745,0,3
7704,41745,0,3
7231,41746,0,3
7390,41746,0,3
7230,41746,0,3
7389,41746,0,3
6911,41747,0,3
7070,41747,0,3
6910,41747,0,3
7069,41747,0,3
6276,41748,0,3
6435,41748,0,3
6275,41748,0,3
6434,41748,0,3
6593,41748,0,3
6274,41748,0,3
6433,41748,0,3
6595,41749,0,3
6435,41749,0,3
6594,41749,0,3
6753,41749,0,3
6593,41749,0,3
6752,41749,0,3
6593,41752,0,3
6752,41752,0,3
6911,41752,0,3
6592,41752,0,3
6751,41752,0,3
6910,41752,0,3
7229,41753,0,3
7070,41753,0,3
7228,41753,0,3
7069,41753,0,3
7227,41753,0,3
7068,41753,0,3
7390,41755,0,3
7389,41755,0,3
7548,41755,0,3
7388,41755,0,3
7547,41755,0,3
6910,41756,0,3
7069,41756,0,3
6909,41756,0,3
7068,41756,0,3
8344,41757,0,3
8503,41757,0,3
8662,41757,0,3
8343,41757,0,3
8502,41757,0,3
8661,41757,0,3
6435,41758,0,3
6594,41758,0,3
6434,41758,0,3
6593,41758,0,3
7231,41759,0,3
7390,41759,0,3
7230,41759,0,3
7389,41759,0,3
6753,41761,0,3
6593,41761,0,3
6752,41761,0,3
6911,41761,0,3
6751,41761,0,3
6910,41761,0,3
7228,41762,0,3
7069,41762,0,3
7227,41762,0,3
7226,41762,0,3
7068,41762,0,3
7067,41762,0,3
6594,41767,0,3
6753,41767,0,3
6593,41767,0,3
6752,41767,0,3
6592,41767,0,3
6751,41767,0,3
6593,41769,0,3
6752,41769,0,3
6911,41769,0,3
6592,41769,0,3
6751,41769,0,3
6910,41769,0,3
6750,41769,0,3
7231,41774,0,3
7230,41774,0,3
7389,41774,0,3
7229,41774,0,3
7388,41774,0,3
7228,41779,0,3
7387,41779,0,3
7069,41779,0,3
7227,41779,0,3
7386,41779,0,3
7068,41779,0,3
6909,41781,0,3
7227,41781,0,3
7226,41781,0,3
7068,41781,0,3
6908,41781,0,3
7067,41781,0,3
6119,41782,0,3
6278,41782,0,3
6437,41782,0,3
6118,41782,0,3
6277,41782,0,3
6436,41782,0,3
7870,41785,2,1
8029,41785,2,1
7869,41785,2,1
8028,41785,2,1
8187,41785,2,1
7868,41785,2,1
8027,41785,2,1
7229,41789,0,3
7388,41789,0,3
7547,41789,0,3
7228,41789,0,3
7387,41789,0,3
7546,41789,0,3
7546,41792,0,3
7705,41792,0,3
7545,41792,0,3
7704,41792,0,3
6911,41793,0,3
7070,41793,0,3
6910,41793,0,3
7069,41793,0,3
6909,41793,0,3
7068,41793,0,3
7228,41794,0,3
7069,41794,0,3
7227,41794,0,3
7226,41794,0,3
7068,41794,0,3
7067,41794,0,3
6755,41796,0,3
6914,41796,0,3
7073,41796,0,3
6754,41796,0,3
6913,41796,0,3
7072,41796,0,3
7231,41797,0,3
7072,41797,0,3
7071,41797,0,3
7230,41797,0,3
7229,41797,0,3
7070,41797,0,3
6913,41799,0,3
7072,41799,0,3
6912,41799,0,3
7071,41799,0,3
7230,41800,0,3
7389,41800,0,3
7548,41800,0,3
7229,41800,0,3
7388,41800,0,3
7547,41800,0,3
6594,41803,0,3
6753,41803,0,3
6912,41803,0,3
6593,41803,0,3
6752,41803,0,3
6911,41803,0,3
6434,41806,0,3
6593,41806,0,3
6274,41806,0,3
6433,41806,0,3
6592,41806,0,3
6432,41806,0,3
6911,41809,0,3
7070,41809,0,3
7228,41809,0,3
6910,41809,0,3
7069,41809,0,3
6909,41809,0,3
7068,41809,0,3
7071,41811,0,3
7230,41811,0,3
7389,41811,0,3
7229,41811,0,3
7388,41811,0,3
7070,41811,0,3
6432,41816,0,3
6591,41816,0,3
6431,41816,0,3
6590,41816,0,3
6430,41816,0,3
6589,41816,0,3
7548,41820,1,2
7707,41820,1,2
7547,41820,1,2
7706,41820,1,2
7230,41821,0,3
7389,41821,0,3
7548,41821,0,3
7229,41821,0,3
7388,41821,0,3
7547,41821,0,3
6912,41824,0,3
7071,41824,0,3
6911,41824,0,3
7070,41824,0,3
8029,41826,0,3
8188,41826,0,3
8028,41826,0,3
8187,41826,0,3
7547,41828,0,3
7706,41828,0,3
7546,41828,0,3
7705,41828,0,3
7545,41828,0,3
7704,41828,0,3
7071,41829,0,3
7230,41829,0,3
7229,41829,0,3
7070,41829,0,3
7547,41831,0,3
7706,41831,0,3
7546,41831,0,3
7705,41831,0,3
7545,41831,0,3
7704,41831,0,3
6909,41832,0,3
7227,41832,0,3
7226,41832,0,3
7068,41832,0,3
6908,41832,0,3
7067,41832,0,3
7071,41837,0,3
7230,41837,0,3
7389,41837,0,3
7229,41837,0,3
7388,41837,0,3
7070,41837,0,3
6121,41838,0,3
6280,41838,0,3
6120,41838,0,3
6279,41838,0,3
6438,41838,0,3
6119,41838,0,3
6278,41838,0,3
6119,41839,0,3
6278,41839,0,3
6118,41839,0,3
6277,41839,0,3
6909,41840,0,3
7068,41840,0,3
6908,41840,0,3
7067,41840,0,3
7227,41841,0,3
7386,41841,0,3
7226,41841,0,3
7068,41841,0,3
7067,41841,0,3
7385,41841,0,3
6751,41843,0,3
6910,41843,0,3
6750,41843,0,3
6909,41843,0,3
7229,41846,0,3
7070,41846,0,3
7228,41846,0,3
7069,41846,0,3
6434,41847,2,1
6593,41847,2,1
6433,41847,2,1
6592,41847,2,1
7547,41849,0,3
7706,41849,0,3
7387,41849,0,3
7546,41849,0,3
7705,41849,0,3
7545,41849,0,3
7704,41849,0,3
6912,41851,0,3
7071,41851,0,3
6911,41851,0,3
7070,41851,0,3
6121,41852,0,3
6280,41852,0,3
6120,41852,0,3
6279,41852,0,3
6119,41852,0,3
6278,41852,0,3
6436,41858,0,3
6595,41858,0,3
6435,41858,0,3
6594,41858,0,3
6434,41858,0,3
6593,41858,0,3
6431,41859,0,3
6590,41859,0,3
6749,41859,0,3
6589,41859,0,3
6748,41859,0,3
8188,41861,0,3
8187,41861,0,3
8347,41861,0,3
8346,41861,0,3
8345,41861,0,3
8186,41861,0,3
6911,41862,0,3
7070,41862,0,3
6910,41862,0,3
7069,41862,0,3
6909,41862,0,3
7068,41862,0,3
7389,41868,1,2
7548,41868,1,2
7707,41868,1,2
7388,41868,1,2
7547,41868,1,2
7706,41868,1,2
7231,41869,0,3
6913,41869,0,3
7072,41869,0,3
6912,41869,0,3
7071,41869,0,3
7230,41869,0,3
7069,41871,0,3
6909,41871,0,3
7227,41871,0,3
7226,41871,0,3
7068,41871,0,3
6908,41871,0,3
7067,41871,0,3
7232,41873,0,3
7231,41873,0,3
7390,41873,0,3
7072,41873,0,3
7071,41873,0,3
7230,41873,0,3
7071,41875,0,3
7230,41875,0,3
7229,41875,0,3
7070,41875,0,3
5961,41880,1,2
6120,41880,1,2
6119,41880,1,2
5960,41880,1,2
6753,41885,0,3
6912,41885,0,3
6752,41885,0,3
6911,41885,0,3
7070,41885,0,3
6751,41885,0,3
6910,41885,0,3
6437,41887,0,3
6596,41887,0,3
6755,41887,0,3
6436,41887,0,3
6595,41887,0,3
6754,41887,0,3
7231,41888,0,3
7072,41888,0,3
7071,41888,0,3
7230,41888,0,3
7229,41888,0,3
7070,41888,0,3
6753,41889,0,3
6593,41889,0,3
6752,41889,0,3
6592,41889,0,3
6751,41889,0,3
7227,41892,0,3
7226,41892,0,3
7068,41892,0,3
7067,41892,0,3
8189,41894,0,3
8188,41894,0,3
8187,41894,0,3
8348,41894,0,3
8347,41894,0,3
8346,41894,0,3
7231,41895,0,3
7390,41895,0,3
7230,41895,0,3
7389,41895,0,3
7231,41897,0,3
7390,41897,0,3
7072,41897,0,3
7071,41897,0,3
7230,41897,0,3
7389,41897,0,3
6753,41898,0,3
6912,41898,0,3
7071,41898,0,3
6752,41898,0,3
6911,41898,0,3
7070,41898,0,3
7389,41899,0,3
7229,41899,0,3
7388,41899,0,3
7547,41899,0,3
7228,41899,0,3
7387,41899,0,3
7546,41899,0,3
7547,41900,0,3
7706,41900,0,3
7546,41900,0,3
7705,41900,0,3
7864,41900,0,3
7545,41900,0,3
7704,41900,0,3
6751,41903,1,2
6910,41903,1,2
6750,41903,1,2
6909,41903,1,2
6432,41905,0,3
6591,41905,0,3
6431,41905,0,3
6590,41905,0,3
6749,41905,0,3
6914,41906,0,3
7073,41906,0,3
6754,41906,0,3
6913,41906,0,3
7072,41906,0,3
6912,41906,0,3
7071,41906,0,3
7870,41909,0,3
8029,41909,0,3
7869,41909,0,3
8028,41909,0,3
7868,41909,0,3
8027,41909,0,3
6307,42732,0,3
6466,42732,0,3
6306,42732,0,3
6465,42732,0,3
6307,42758,0,3
6466,42758,0,3
6306,42758,0,3
6465,42758,0,3
6307,42765,0,3
6466,42765,0,3
6306,42765,0,3
6465,42765,0,3
6305,42765,0,3
6307,42817,0,3
6466,42817,0,3
6306,42817,0,3
6465,42817,0,3
6305,42817,0,3
16539,43572,0,3
16698,43572,0,3
16857,43572,0,3
16856,43572,0,3
16697,43572,0,3
16538,43572,0,3
17016,43674,0,3
16698,43674,0,3
16857,43674,0,3
16856,43674,0,3
16697,43674,0,3
16539,43732,0,3
16698,43732,0,3
16697,43732,0,3
16538,43732,0,3
16537,43732,0,3
26622,44116,0,3
26781,44116,0,3
26621,44116,0,3
26780,44116,0,3
26620,44116,0,3
26779,44116,0,3
28206,44118,0,3
28365,44118,0,3
26304,44119,0,3
26463,44119,0,3
26303,44119,0,3
26462,44119,0,3
26621,44119,0,3
26302,44119,0,3
26461,44119,0,3
28207,44120,0,3
28366,44120,0,3
28206,44120,0,3
28365,44120,0,3
26622,44122,0,3
26462,44122,0,3
26621,44122,0,3
26780,44122,0,3
26461,44122,0,3
26620,44122,0,3
26779,44122,0,3
28206,44126,0,3
28365,44126,0,3
26621,44133,0,3
26780,44133,0,3
26620,44133,0,3
26779,44133,0,3
26463,44136,0,3
26622,44136,0,3
26462,44136,0,3
26621,44136,0,3
28206,44140,0,3
28365,44140,0,3
26463,44141,0,3
26622,44141,0,3
26781,44141,0,3
26462,44141,0,3
26621,44141,0,3
26780,44141,0,3
26661,44200,0,3
26820,44200,0,3
26978,44200,0,3
26819,44200,0,3
26660,44200,0,3
25703,44205,0,3
25702,44205,0,3
25704,44206,0,3
25863,44206,0,3
25862,44206,0,3
25703,44206,0,3
26501,44218,0,3
26660,44218,0,3
26500,44218,0,3
26659,44218,0,3
25862,44227,0,3
25703,44227,0,3
25702,44227,0,3
25544,44227,0,3
25543,44227,0,3
25384,44260,0,3
25225,44260,0,3
25224,44260,0,3
26661,44275,0,3
26820,44275,0,3
26819,44275,0,3
26660,44275,0,3
25850,44285,0,3
26009,44285,0,3
26008,44285,0,3
24429,44293,0,3
24269,44293,0,3
24428,44293,0,3
24587,44293,0,3
24586,44293,0,3
24427,44293,0,3
24588,44293,0,3
26501,44308,0,3
26660,44308,0,3
26500,44308,0,3
26659,44308,0,3
25704,44311,0,3
25863,44311,0,3
25862,44311,0,3
25703,44311,0,3
27298,44312,0,3
27297,44312,0,3
27138,44312,0,3
27457,44312,0,3
27456,44312,0,3
26501,44328,0,3
26660,44328,0,3
26500,44328,0,3
26659,44328,0,3
26499,44328,0,3
26658,44328,0,3
26501,44329,0,3
26660,44329,0,3
26500,44329,0,3
26659,44329,0,3
26819,44330,0,3
26501,44330,0,3
26660,44330,0,3
26500,44330,0,3
26659,44330,0,3
25704,44335,0,3
25703,44335,0,3
25545,44335,0,3
25544,44335,0,3
26661,44338,0,3
26820,44338,0,3
26819,44338,0,3
26501,44338,0,3
26660,44338,0,3
26659,44338,0,3
25384,44346,0,3
25225,44346,0,3
25224,44346,0,3
27297,44353,0,3
26501,44365,0,3
26660,44365,0,3
26500,44365,0,3
26659,44365,0,3
25067,44379,0,3
25226,44379,0,3
25066,44379,0,3
25225,44379,0,3
25385,44380,0,3
25544,44380,0,3
25543,44380,0,3
25384,44380,0,3
25225,44380,0,3
26500,44384,0,3
26659,44384,0,3
26499,44384,0,3
26658,44384,0,3
25862,44396,0,3
25703,44396,0,3
26661,44426,0,3
26820,44426,0,3
26819,44426,0,3
26660,44426,0,3
25226,44431,0,3
25385,44431,0,3
25384,44431,0,3
25225,44431,0,3
25224,44431,0,3
25703,44443,0,3
25702,44443,0,3
25544,44443,0,3
25543,44443,0,3
25067,44444,0,3
25226,44444,0,3
25385,44444,0,3
25066,44444,0,3
25384,44444,0,3
25225,44444,0,3
26501,44447,0,3
26660,44447,0,3
26500,44447,0,3
26659,44447,0,3
26499,44447,0,3
26658,44447,0,3
26501,44448,0,3
26660,44448,0,3
26500,44448,0,3
26659,44448,0,3
25704,44449,0,3
25863,44449,0,3
25862,44449,0,3
25703,44449,0,3
25702,44449,0,3
25544,44449,0,3
26500,44453,0,3
26659,44453,0,3
26499,44453,0,3
26658,44453,0,3
24429,44465,0,3
24428,44465,0,3
24587,44465,0,3
24588,44465,0,3
25862,44468,0,3
25703,44468,0,3
26661,44485,0,3
26820,44485,0,3
26979,44485,0,3
26978,44485,0,3
26819,44485,0,3
26660,44485,0,3
26661,44487,0,3
26820,44487,0,3
26979,44487,0,3
26978,44487,0,3
26819,44487,0,3
26660,44487,0,3
26661,44495,0,3
26820,44495,0,3
26979,44495,0,3
26978,44495,0,3
26819,44495,0,3
26660,44495,0,3
26501,44500,0,3
26660,44500,0,3
26500,44500,0,3
26659,44500,0,3
26661,44502,0,3
26820,44502,0,3
26502,44502,0,3
26819,44502,0,3
26501,44502,0,3
26660,44502,0,3
13803,49139,0,3
13962,49139,0,3
13802,49139,0,3
13961,49139,0,3
13801,49139,0,3
13803,49175,0,3
13802,49175,0,3
13961,49175,0,3
13801,49175,0,3
13960,49175,0,3
14121,49250,0,3
14120,49250,0,3
13646,49286,0,3
13805,49286,0,3
13645,49286,0,3
13804,49286,0,3
13963,49357,0,3
13962,49357,0,3
14121,49357,0,3
13643,49373,0,3
13484,49373,0,3
13483,49373,0,3
13642,49373,0,3
14120,49394,0,3
14119,49394,0,3
14278,49394,0,3
14118,49394,0,3
13960,49394,0,3
13959,49394,0,3
13803,49439,0,3
13962,49439,0,3
13802,49439,0,3
13961,49439,0,3
13804,49512,0,3
13803,49512,0,3
13962,49512,0,3
13802,49512,0,3
13803,49520,0,3
13962,49520,0,3
13802,49520,0,3
13961,49520,0,3
13803,49562,0,3
13962,49562,0,3
13802,49562,0,3
13961,49562,0,3
13803,49567,0,3
13962,49567,0,3
13802,49567,0,3
13961,49567,0,3
13801,49567,0,3
13960,49567,0,3
14121,49583,0,3
14120,49583,0,3
13646,49614,0,3
13805,49614,0,3
13645,49614,0,3
13804,49614,0,3
13803,49624,0,3
13962,49624,0,3
13802,49624,0,3
13961,49624,0,3
13801,49624,0,3
13963,49637,0,3
13962,49637,0,3
13803,49659,0,3
13802,49659,0,3
13801,49659,0,3
13803,49681,0,3
13802,49681,0,3
13961,49681,0,3
13801,49681,0,3
13803,49698,0,3
13802,49698,0,3
13961,49698,0,3
13801,49698,0,3
13960,49698,0,3
13647,49712,0,3
13646,49712,0,3
13805,49712,0,3
13643,49721,0,3
13484,49721,0,3
13645,49725,0,3
13647,49732,0,3
13646,49732,0,3
13805,49732,0,3
13643,49810,0,3
13484,49810,0,3
13647,49817,0,3
13646,49879,0,3
13805,49879,0,3
13645,49879,0,3
13804,49879,0,3
13803,49879,0,3
13646,49902,0,3
13645,49902,0,3
13804,49902,0,3
13802,49940,0,3
13961,49940,0,3
13801,49940,0,3
13960,49940,0,3
13645,49960,0,3
13646,49961,0,3
13805,49961,0,3
13645,49961,0,3
13804,49961,0,3
13803,49961,0,3
13962,49962,0,3
14121,49962,0,3
2922,50227,0,3
3081,50227,0,3
2762,50227,0,3
2921,50227,0,3
3080,50227,0,3
2920,50227,0,3
3079,50227,0,3
3071,50575,0,3
3070,50575,0,3
3070,50681,0,3
2911,50681,0,3
2911,50867,0,3
3071,50869,0,3
3070,50869,0,3
1478,51120,0,3
1637,51120,0,3
1796,51120,0,3
1636,51120,0,3
1477,51120,0,3
12658,51144,0,3
12817,51144,0,3
12976,51144,0,3
12657,51144,0,3
12816,51144,0,3
12975,51144,0,3
21579,51151,1,2
21578,51151,1,2
21738,51151,1,2
21897,51151,1,2
21737,51151,1,2
21896,51151,1,2
2784,51167,0,3
2943,51167,0,3
3102,51167,0,3
2783,51167,0,3
2942,51167,0,3
3101,51167,0,3
20942,51173,0,3
21101,51173,0,3
21260,51173,0,3
21100,51173,0,3
21259,51173,0,3
20942,51174,0,3
21101,51174,0,3
21260,51174,0,3
20941,51174,0,3
21100,51174,0,3
21259,51174,0,3
3710,51204,0,3
3869,51204,0,3
3868,51204,0,3
3709,51204,0,3
3708,51204,0,3
19331,51220,0,3
19490,51220,0,3
19330,51220,0,3
19489,51220,0,3
19329,51220,0,3
19488,51220,0,3
14064,51224,0,3
14223,51224,0,3
14063,51224,0,3
14222,51224,0,3
9603,51227,0,3
9762,51227,0,3
9602,51227,0,3
9761,51227,0,3
10079,51228,0,3
10238,51228,0,3
10237,51228,0,3
10078,51228,0,3
9613,51229,0,3
9772,51229,0,3
9612,51229,0,3
9771,51229,0,3
9613,51230,0,3
9772,51230,0,3
9612,51230,0,3
9771,51230,0,3
9613,51231,0,3
9772,51231,0,3
9612,51231,0,3
9771,51231,0,3
9613,51233,0,3
9772,51233,0,3
9612,51233,0,3
9771,51233,0,3
13739,51240,0,3
13898,51240,0,3
13897,51240,0,3
13896,51240,0,3
13579,51240,0,3
13738,51240,0,3
13737,51240,0,3
3399,51249,0,3
3558,51249,0,3
3717,51249,0,3
3398,51249,0,3
3557,51249,0,3
3716,51249,0,3
16473,51272,2,1
16313,51272,2,1
16472,51272,2,1
16631,51272,2,1
16312,51272,2,1
16471,51272,2,1
16314,51273,1,2
16473,51273,1,2
16313,51273,1,2
16472,51273,1,2
16312,51273,1,2
16471,51273,1,2
10581,51299,0,3
10740,51299,0,3
10421,51299,0,3
10580,51299,0,3
10422,51299,0,3
10585,51300,0,3
10744,51300,0,3
10584,51300,0,3
10743,51300,0,3
10585,51301,0,3
10744,51301,0,3
10584,51301,0,3
10743,51301,0,3
19176,51343,0,3
19335,51343,0,3
19175,51343,0,3
19334,51343,0,3
21266,51344,0,3
21425,51344,0,3
21584,51344,0,3
21265,51344,0,3
21424,51344,0,3
21583,51344,0,3
3401,51362,2,1
3560,51362,2,1
3400,51362,2,1
3559,51362,2,1
3399,51362,2,1
3558,51362,2,1
13747,51370,0,3
13906,51370,0,3
13746,51370,0,3
13905,51370,0,3
13745,51370,0,3
13904,51370,0,3
13432,51372,0,3
13591,51372,0,3
13431,51372,0,3
13590,51372,0,3
13430,51372,0,3
13589,51372,0,3
11839,51385,0,3
11522,51385,0,3
11681,51385,0,3
11521,51385,0,3
11680,51385,0,3
11520,51385,0,3
11679,51385,0,3
19838,51398,0,3
19997,51398,0,3
19837,51398,0,3
19996,51398,0,3
20961,51400,0,3
20643,51400,0,3
20802,51400,0,3
20960,51400,0,3
20642,51400,0,3
20801,51400,0,3
20800,51400,0,3
19177,51432,0,3
19336,51432,0,3
19176,51432,0,3
19335,51432,0,3
19175,51432,0,3
19334,51432,0,3
15364,51436,0,3
15523,51436,0,3
15363,51436,0,3
15522,51436,0,3
15205,51436,0,3
15204,51436,0,3
15637,51481,0,3
15796,51481,0,3
15636,51481,0,3
15795,51481,0,3
9615,51489,0,3
9774,51489,0,3
9616,51489,0,3
9775,51489,0,3
9456,51495,0,3
9296,51495,0,3
9455,51495,0,3
9297,51495,0,3
9458,51496,0,3
9617,51496,0,3
9776,51496,0,3
9457,51496,0,3
9616,51496,0,3
9775,51496,0,3
9615,51497,0,3
9774,51497,0,3
9617,51497,0,3
9776,51497,0,3
9616,51497,0,3
9775,51497,0,3
9916,51502,0,3
10075,51502,0,3
10074,51502,0,3
10234,51502,0,3
10233,51502,0,3
2442,51552,0,3
2601,51552,0,3
2441,51552,0,3
2600,51552,0,3
12796,51599,0,3
12955,51599,0,3
12795,51599,0,3
12954,51599,0,3
15477,51674,2,1
15159,51674,2,1
15318,51674,2,1
15476,51674,2,1
15158,51674,2,1
15317,51674,2,1
15367,51711,0,3
15526,51711,0,3
15366,51711,0,3
15525,51711,0,3
15365,51711,0,3
15524,51711,0,3
13293,51716,0,3
13452,51716,0,3
13611,51716,0,3
13292,51716,0,3
13451,51716,0,3
13610,51716,0,3
13589,51730,0,3
13748,51730,0,3
13747,51730,0,3
13906,51730,0,3
13746,51730,0,3
13588,51730,0,3
13587,51730,0,3
9763,51734,0,3
9922,51734,0,3
9762,51734,0,3
9921,51734,0,3
9761,51734,0,3
9920,51734,0,3
9603,51735,0,3
9762,51735,0,3
9602,51735,0,3
9761,51735,0,3
9444,51736,0,3
9603,51736,0,3
9443,51736,0,3
9602,51736,0,3
9444,51737,0,3
9603,51737,0,3
9443,51737,0,3
9602,51737,0,3
9442,51737,0,3
9601,51737,0,3
9920,51752,0,3
10079,51752,0,3
10238,51752,0,3
10237,51752,0,3
9919,51752,0,3
10078,51752,0,3
10079,51753,0,3
10238,51753,0,3
10237,51753,0,3
10078,51753,0,3
9760,51754,0,3
9919,51754,0,3
9759,51754,0,3
9918,51754,0,3
10077,51754,0,3
9917,51754,0,3
14737,51821,0,3
14736,51821,0,3
14895,51821,0,3
14577,51821,0,3
14576,51821,0,3
14735,51821,0,3
10082,51823,0,3
10081,51823,0,3
10240,51823,0,3
9923,51823,0,3
9922,51823,0,3
10080,51823,0,3
9921,51823,0,3
10082,51824,0,3
10241,51824,0,3
10081,51824,0,3
10240,51824,0,3
9923,51824,0,3
9922,51824,0,3
10080,51824,0,3
10082,51825,0,3
10241,51825,0,3
10081,51825,0,3
10240,51825,0,3
9923,51825,0,3
9922,51825,0,3
10080,51825,0,3
10082,51826,0,3
10241,51826,0,3
10081,51826,0,3
10240,51826,0,3
9923,51826,0,3
9922,51826,0,3
10082,51827,0,3
10081,51827,0,3
9923,51827,0,3
9922,51827,0,3
10082,51828,0,3
10241,51828,0,3
10081,51828,0,3
10240,51828,0,3
9923,51828,0,3
9922,51828,0,3
10083,51829,0,3
10242,51829,0,3
10082,51829,0,3
10241,51829,0,3
10081,51829,0,3
10240,51829,0,3
10082,51830,0,3
10241,51830,0,3
10081,51830,0,3
10240,51830,0,3
9923,51830,0,3
9922,51830,0,3
10082,51831,0,3
10241,51831,0,3
10081,51831,0,3
10240,51831,0,3
10086,51845,0,3
10245,51845,0,3
10085,51845,0,3
10244,51845,0,3
10086,51846,0,3
10245,51846,0,3
10404,51846,0,3
10085,51846,0,3
10244,51846,0,3
10403,51846,0,3
10245,51847,0,3
10404,51847,0,3
10563,51847,0,3
10244,51847,0,3
10403,51847,0,3
10562,51847,0,3
10245,51848,0,3
10404,51848,0,3
10244,51848,0,3
10403,51848,0,3
10245,51849,0,3
10404,51849,0,3
10244,51849,0,3
10403,51849,0,3
10243,51849,0,3
10402,51849,0,3
10245,51850,0,3
10404,51850,0,3
10563,51850,0,3
10244,51850,0,3
10403,51850,0,3
10562,51850,0,3
10245,51851,0,3
10404,51851,0,3
10563,51851,0,3
10244,51851,0,3
10403,51851,0,3
10562,51851,0,3
10404,51852,0,3
10563,51852,0,3
10403,51852,0,3
10562,51852,0,3
10404,51853,0,3
10563,51853,0,3
10403,51853,0,3
10562,51853,0,3
10564,51854,0,3
10723,51854,0,3
10563,51854,0,3
10722,51854,0,3
10562,51854,0,3
10721,51854,0,3
10086,51855,0,3
10085,51855,0,3
10244,51855,0,3
9927,51855,0,3
9926,51855,0,3
10084,51855,0,3
9925,51855,0,3
9767,51856,0,3
9926,51856,0,3
9766,51856,0,3
9925,51856,0,3
9765,51856,0,3
9924,51856,0,3
11838,51858,0,3
11997,51858,0,3
11837,51858,0,3
11996,51858,0,3
11679,51858,0,3
11678,51858,0,3
11838,51859,0,3
11837,51859,0,3
11679,51859,0,3
11678,51859,0,3
11838,51860,0,3
11837,51860,0,3
11679,51860,0,3
11678,51860,0,3
11517,51865,0,3
11676,51865,0,3
11357,51865,0,3
11516,51865,0,3
11675,51865,0,3
11515,51865,0,3
11674,51865,0,3
11517,51866,0,3
11357,51866,0,3
11516,51866,0,3
11675,51866,0,3
11356,51866,0,3
11515,51866,0,3
11357,51867,0,3
11516,51867,0,3
11675,51867,0,3
11356,51867,0,3
11515,51867,0,3
11674,51867,0,3
3239,51892,0,3
3398,51892,0,3
3557,51892,0,3
3238,51892,0,3
3397,51892,0,3
15041,51905,0,3
15200,51905,0,3
15040,51905,0,3
15199,51905,0,3
15198,51905,0,3
7229,51999,0,3
7388,51999,0,3
7228,51999,0,3
7387,51999,0,3
3405,52021,0,3
3564,52021,0,3
3723,52021,0,3
3404,52021,0,3
3563,52021,0,3
3722,52021,0,3
3086,52022,0,3
3245,52022,0,3
3085,52022,0,3
3244,52022,0,3
3399,52024,0,3
3558,52024,0,3
3717,52024,0,3
3398,52024,0,3
3557,52024,0,3
3716,52024,0,3
3399,52025,0,3
3558,52025,0,3
3717,52025,0,3
3398,52025,0,3
3557,52025,0,3
3716,52025,0,3
2443,52062,0,3
2602,52062,0,3
2442,52062,0,3
2601,52062,0,3
2441,52062,0,3
2600,52062,0,3
3075,52064,0,3
3234,52064,0,3
3393,52064,0,3
3074,52064,0,3
3233,52064,0,3
3392,52064,0,3
3074,52065,0,3
3233,52065,0,3
3392,52065,0,3
3073,52065,0,3
3232,52065,0,3
3391,52065,0,3
3074,52066,0,3
3233,52066,0,3
3392,52066,0,3
3073,52066,0,3
3232,52066,0,3
3391,52066,0,3
3074,52067,0,3
3233,52067,0,3
3392,52067,0,3
3073,52067,0,3
3232,52067,0,3
3391,52067,0,3
13140,52113,0,3
13299,52113,0,3
13139,52113,0,3
13298,52113,0,3
13138,52113,0,3
13297,52113,0,3
12658,52134,0,3
12817,52134,0,3
12976,52134,0,3
12657,52134,0,3
12816,52134,0,3
12975,52134,0,3
12658,52135,0,3
12817,52135,0,3
12976,52135,0,3
12657,52135,0,3
12816,52135,0,3
12975,52135,0,3
10112,52143,0,3
9794,52143,0,3
9953,52143,0,3
9793,52143,0,3
9952,52143,0,3
10111,52143,0,3
9794,52144,0,3
9953,52144,0,3
9793,52144,0,3
9952,52144,0,3
10088,52152,0,3
10247,52152,0,3
10087,52152,0,3
10246,52152,0,3
10089,52153,0,3
10248,52153,0,3
10088,52153,0,3
10247,52153,0,3
10087,52153,0,3
10246,52153,0,3
10249,52154,0,3
10248,52154,0,3
10407,52154,0,3
10247,52154,0,3
10406,52154,0,3
10249,52155,0,3
10408,52155,0,3
10248,52155,0,3
10407,52155,0,3
10247,52155,0,3
10406,52155,0,3
10249,52156,0,3
10408,52156,0,3
10248,52156,0,3
10407,52156,0,3
10409,52157,0,3
10568,52157,0,3
10249,52157,0,3
10408,52157,0,3
10567,52157,0,3
10407,52157,0,3
10250,52158,0,3
10409,52158,0,3
10568,52158,0,3
10249,52158,0,3
10408,52158,0,3
10567,52158,0,3
10250,52159,0,3
10409,52159,0,3
10568,52159,0,3
10249,52159,0,3
10408,52159,0,3
10567,52159,0,3
10250,52160,0,3
10409,52160,0,3
10249,52160,0,3
10408,52160,0,3
10567,52160,0,3
10248,52160,0,3
10407,52160,0,3
10409,52161,0,3
10249,52161,0,3
10408,52161,0,3
10567,52161,0,3
10248,52161,0,3
10407,52161,0,3
10566,52161,0,3
10249,52162,0,3
10408,52162,0,3
10567,52162,0,3
10248,52162,0,3
10407,52162,0,3
10566,52162,0,3
10249,52163,0,3
10408,52163,0,3
10567,52163,0,3
10248,52163,0,3
10407,52163,0,3
10566,52163,0,3
10081,52164,0,3
9923,52164,0,3
9763,52164,0,3
9922,52164,0,3
10080,52164,0,3
9921,52164,0,3
10081,52165,0,3
9763,52165,0,3
9922,52165,0,3
9762,52165,0,3
9921,52165,0,3
9605,52166,0,3
9764,52166,0,3
9604,52166,0,3
9763,52166,0,3
9922,52166,0,3
9603,52166,0,3
9762,52166,0,3
9764,52167,0,3
9923,52167,0,3
9763,52167,0,3
9922,52167,0,3
9448,52168,0,3
9607,52168,0,3
9447,52168,0,3
9606,52168,0,3
9289,52169,0,3
9448,52169,0,3
9607,52169,0,3
9288,52169,0,3
9447,52169,0,3
9606,52169,0,3
8978,52170,0,3
9137,52170,0,3
8977,52170,0,3
9136,52170,0,3
8979,52170,0,3
9138,52170,0,3
10388,52182,0,3
10547,52182,0,3
10387,52182,0,3
10546,52182,0,3
10388,52183,0,3
10547,52183,0,3
10387,52183,0,3
10546,52183,0,3
13894,52190,0,3
14053,52190,0,3
13893,52190,0,3
14052,52190,0,3
16430,52201,0,3
16271,52201,0,3
16111,52201,0,3
16270,52201,0,3
16269,52201,0,3
16429,52201,0,3
16428,52201,0,3
12957,52207,0,3
13116,52207,0,3
12956,52207,0,3
13115,52207,0,3
12955,52207,0,3
13778,52210,0,3
13937,52210,0,3
13777,52210,0,3
13936,52210,0,3
13776,52210,0,3
13935,52210,0,3
13618,52210,0,3
12689,52228,0,3
12688,52228,0,3
12689,52229,0,3
12688,52229,0,3
21079,52234,0,3
21238,52234,0,3
21078,52234,0,3
21237,52234,0,3
20764,52235,0,3
20923,52235,0,3
20604,52235,0,3
20763,52235,0,3
20922,52235,0,3
20762,52235,0,3
20604,52236,0,3
20763,52236,0,3
20603,52236,0,3
20762,52236,0,3
20604,52237,0,3
20763,52237,0,3
20603,52237,0,3
20762,52237,0,3
20604,52238,0,3
20763,52238,0,3
20603,52238,0,3
20762,52238,0,3
20605,52239,0,3
20764,52239,0,3
20604,52239,0,3
20763,52239,0,3
20603,52239,0,3
20762,52239,0,3
20442,52240,0,3
20441,52240,0,3
20600,52240,0,3
20440,52240,0,3
20283,52240,0,3
20282,52240,0,3
20281,52240,0,3
20442,52241,0,3
20601,52241,0,3
20441,52241,0,3
20600,52241,0,3
20440,52241,0,3
20283,52241,0,3
20282,52241,0,3
20441,52242,0,3
20600,52242,0,3
20440,52242,0,3
20599,52242,0,3
20439,52242,0,3
20282,52242,0,3
20281,52242,0,3
20441,52243,0,3
20600,52243,0,3
20440,52243,0,3
20599,52243,0,3
20282,52243,0,3
20281,52243,0,3
20441,52244,0,3
20600,52244,0,3
20440,52244,0,3
20599,52244,0,3
20282,52244,0,3
20281,52244,0,3
20441,52245,0,3
20600,52245,0,3
20440,52245,0,3
20599,52245,0,3
20282,52245,0,3
20281,52245,0,3
21864,52288,0,3
22023,52288,0,3
21863,52288,0,3
22022,52288,0,3
20945,52294,0,3
21104,52294,0,3
20944,52294,0,3
21103,52294,0,3
21105,52295,2,1
21264,52295,2,1
21423,52295,2,1
21104,52295,2,1
21263,52295,2,1
21422,52295,2,1
20475,52299,2,1
20634,52299,2,1
20474,52299,2,1
20633,52299,2,1
19682,52304,0,3
19523,52304,0,3
19522,52304,0,3
19681,52304,0,3
19682,52305,0,3
19523,52305,0,3
19522,52305,0,3
19681,52305,0,3
20322,52315,0,3
20481,52315,0,3
20321,52315,0,3
20480,52315,0,3
20320,52315,0,3
20479,52315,0,3
20322,52316,0,3
20481,52316,0,3
20321,52316,0,3
20480,52316,0,3
20320,52316,0,3
20479,52316,0,3
20321,52317,0,3
20480,52317,0,3
20320,52317,0,3
20479,52317,0,3
20321,52318,0,3
20480,52318,0,3
20320,52318,0,3
20479,52318,0,3
20321,52319,0,3
20480,52319,0,3
20320,52319,0,3
20479,52319,0,3
20162,52320,0,3
20322,52320,0,3
20321,52320,0,3
20480,52320,0,3
20320,52320,0,3
20479,52320,0,3
20162,52321,1,2
20322,52321,1,2
20481,52321,1,2
20321,52321,1,2
20480,52321,1,2
20320,52321,1,2
20479,52321,1,2
20163,52323,1,2
20162,52323,1,2
20322,52323,1,2
20481,52323,1,2
20321,52323,1,2
20480,52323,1,2
20320,52323,1,2
16784,52335,0,3
16943,52335,0,3
16783,52335,0,3
16942,52335,0,3
17749,52341,0,3
17908,52341,0,3
17748,52341,0,3
17907,52341,0,3
17749,52342,0,3
17908,52342,0,3
17748,52342,0,3
17907,52342,0,3
18068,52343,0,3
18227,52343,0,3
18067,52343,0,3
18226,52343,0,3
18386,52343,0,3
18385,52343,0,3
22672,52353,0,3
22831,52353,0,3
22990,52353,0,3
22671,52353,0,3
22830,52353,0,3
22989,52353,0,3
22067,52355,0,3
22226,52355,0,3
22066,52355,0,3
22225,52355,0,3
22067,52356,0,3
22226,52356,0,3
22066,52356,0,3
22225,52356,0,3
10112,52382,0,3
9953,52382,0,3
9952,52382,0,3
10111,52382,0,3
2916,52400,0,3
2757,52400,0,3
2915,52400,0,3
2756,52400,0,3
2755,52400,0,3
2914,52400,0,3
2916,52401,0,3
2757,52401,0,3
2915,52401,0,3
2756,52401,0,3
2755,52401,0,3
2914,52401,0,3
2916,52402,0,3
2757,52402,0,3
2915,52402,0,3
2756,52402,0,3
2755,52402,0,3
2914,52402,0,3
2916,52403,0,3
2757,52403,0,3
2915,52403,0,3
2756,52403,0,3
3557,52404,1,2
3716,52404,1,2
3556,52404,1,2
3715,52404,1,2
14997,52405,0,3
14996,52405,0,3
14838,52405,0,3
14837,52405,0,3
10586,52451,0,3
10745,52451,0,3
10585,52451,0,3
10744,52451,0,3
10904,52451,0,3
10903,52451,0,3
9795,52460,2,1
9954,52460,2,1
10113,52460,2,1
9794,52460,2,1
9953,52460,2,1
10112,52461,0,3
9953,52461,0,3
9952,52461,0,3
10111,52461,0,3
9954,52462,0,3
10113,52462,0,3
10112,52462,0,3
9953,52462,0,3
9952,52462,0,3
10111,52462,0,3
20761,52583,0,3
20920,52583,0,3
20760,52583,0,3
20919,52583,0,3
20759,52583,0,3
20918,52583,0,3
16480,52584,0,3
16320,52584,0,3
16479,52584,0,3
16319,52584,0,3
16478,52584,0,3
16638,52584,0,3
17909,52587,0,3
18068,52587,0,3
18227,52587,0,3
17908,52587,0,3
18067,52587,0,3
18226,52587,0,3
15996,52589,0,3
16155,52589,0,3
15995,52589,0,3
16154,52589,0,3
16153,52589,0,3
15996,52590,0,3
16155,52590,0,3
15995,52590,0,3
16154,52590,0,3
9615,52596,0,3
9774,52596,0,3
9617,52596,0,3
9776,52596,0,3
9616,52596,0,3
9775,52596,0,3
19807,52597,0,3
19966,52597,0,3
20125,52597,0,3
19806,52597,0,3
19965,52597,0,3
20124,52597,0,3
19808,52598,2,1
19649,52598,2,1
19807,52598,2,1
19648,52598,2,1
19647,52598,2,1
16312,52608,0,3
16471,52608,0,3
16311,52608,0,3
16470,52608,0,3
13775,52685,0,3
13934,52685,0,3
13616,52685,0,3
13615,52685,0,3
13774,52685,0,3
13933,52685,0,3
13935,52686,1,2
14094,52686,1,2
13934,52686,1,2
14093,52686,1,2
14253,52686,1,2
14252,52686,1,2
14094,52687,1,2
14093,52687,1,2
14253,52687,1,2
14252,52687,1,2
14094,52688,0,3
14093,52688,0,3
14253,52688,0,3
14252,52688,0,3
14095,52689,0,3
14094,52689,0,3
14093,52689,0,3
14253,52689,0,3
14252,52689,0,3
14095,52690,2,1
13935,52690,2,1
14094,52690,2,1
13934,52690,2,1
14093,52690,2,1
14253,52690,2,1
14247,52704,0,3
14406,52704,0,3
14246,52704,0,3
14405,52704,0,3
14245,52704,0,3
14404,52704,0,3
2440,52707,0,3
2599,52707,0,3
2758,52707,0,3
2439,52707,0,3
2598,52707,0,3
2757,52707,0,3
2439,52708,1,2
2598,52708,1,2
2438,52708,1,2
2597,52708,1,2
2439,52709,1,2
2598,52709,1,2
2757,52709,1,2
2438,52709,1,2
2597,52709,1,2
2756,52709,1,2
2439,52710,1,2
2598,52710,1,2
2757,52710,1,2
2438,52710,1,2
2597,52710,1,2
2756,52710,1,2
2599,52711,1,2
2758,52711,1,2
2598,52711,1,2
2757,52711,1,2
2597,52711,1,2
2756,52711,1,2
2760,52713,1,2
2442,52713,1,2
2601,52713,1,2
2441,52713,1,2
2600,52713,1,2
2759,52713,1,2
2760,52714,0,3
2442,52714,0,3
2601,52714,0,3
2441,52714,0,3
2600,52714,0,3
2759,52714,0,3
843,52745,0,3
1002,52745,0,3
842,52745,0,3
1001,52745,0,3
841,52745,0,3
1000,52745,0,3
2124,52759,0,3
2283,52759,0,3
2442,52759,0,3
2123,52759,0,3
2282,52759,0,3
2441,52759,0,3
10897,52766,0,3
11056,52766,0,3
10896,52766,0,3
11055,52766,0,3
3074,52894,0,3
3233,52894,0,3
3073,52894,0,3
3232,52894,0,3
3072,52894,0,3
3231,52894,0,3
3233,52895,0,3
3392,52895,0,3
3232,52895,0,3
3391,52895,0,3
3563,52899,0,3
3722,52899,0,3
3562,52899,0,3
3721,52899,0,3
3561,52899,0,3
3720,52899,0,3
3562,52905,0,3
3721,52905,0,3
3561,52905,0,3
3720,52905,0,3
3560,52905,0,3
3719,52905,0,3
3878,52908,0,3
3561,52908,0,3
3720,52908,0,3
3560,52908,0,3
3719,52908,0,3
3718,52908,0,3
3879,52909,0,3
3878,52909,0,3
3720,52909,0,3
3719,52909,0,3
3879,52912,0,3
3878,52912,0,3
3720,52912,0,3
3719,52912,0,3
3879,52913,0,3
3878,52913,0,3
3720,52913,0,3
3877,52913,0,3
3719,52913,0,3
3718,52913,0,3
3878,52915,0,3
3877,52915,0,3
3719,52915,0,3
3718,52915,0,3
3879,52917,0,3
3878,52917,0,3
3720,52917,0,3
3877,52917,0,3
3719,52917,0,3
3718,52917,0,3
3883,52920,2,1
4042,52920,2,1
3724,52920,2,1
3882,52920,2,1
4041,52920,2,1
3723,52920,2,1
3883,52921,0,3
4042,52921,0,3
3724,52921,0,3
3882,52921,0,3
4041,52921,0,3
3881,52921,0,3
3723,52921,0,3
3882,52922,0,3
4041,52922,0,3
3881,52922,0,3
4040,52922,0,3
3723,52922,0,3
3722,52922,0,3
15636,52925,0,3
15795,52925,0,3
15635,52925,0,3
15794,52925,0,3
15795,52926,0,3
15953,52926,0,3
15952,52926,0,3
15635,52926,0,3
15794,52926,0,3
15634,52926,0,3
15793,52926,0,3
13115,52975,0,3
13114,52975,0,3
13274,52975,0,3
13433,52975,0,3
13273,52975,0,3
13432,52975,0,3
208,53001,0,3
49,53001,0,3
48,53001,0,3
207,53001,0,3
47,53001,0,3
206,53001,0,3
3086,53008,2,1
3245,53008,2,1
3085,53008,2,1
3244,53008,2,1
3234,53016,0,3
3393,53016,0,3
3233,53016,0,3
3392,53016,0,3
3234,53017,0,3
3393,53017,0,3
3552,53017,0,3
3233,53017,0,3
3392,53017,0,3
3551,53017,0,3
3394,53018,0,3
3234,53018,0,3
3393,53018,0,3
3552,53018,0,3
3233,53018,0,3
3392,53018,0,3
3551,53018,0,3
3394,53019,1,2
3553,53019,1,2
3234,53019,1,2
3393,53019,1,2
3552,53019,1,2
3392,53019,1,2
3551,53019,1,2
3394,53020,1,2
3553,53020,1,2
3393,53020,1,2
3552,53020,1,2
3392,53020,1,2
3551,53020,1,2
3876,53067,1,2
3717,53067,1,2
3875,53067,1,2
3874,53067,1,2
3716,53067,1,2
3715,53067,1,2
3874,53068,0,3
3715,53068,0,3
3873,53068,0,3
3714,53068,0,3
3875,53070,0,3
3874,53070,0,3
3716,53070,0,3
3715,53070,0,3
3874,53071,0,3
3716,53071,0,3
3556,53071,0,3
3715,53071,0,3
3873,53071,0,3
3714,53071,0,3
3875,53072,0,3
3874,53072,0,3
3716,53072,0,3
3556,53072,0,3
3715,53072,0,3
3873,53072,0,3
3714,53072,0,3
3399,53122,0,3
3239,53122,0,3
3398,53122,0,3
3557,53122,0,3
3238,53122,0,3
3397,53122,0,3
3556,53122,0,3
3239,53123,0,3
3398,53123,0,3
3557,53123,0,3
3238,53123,0,3
3397,53123,0,3
3556,53123,0,3
3399,53124,0,3
3239,53124,0,3
3398,53124,0,3
3557,53124,0,3
3238,53124,0,3
3397,53124,0,3
3556,53124,0,3
2761,53136,1,2
2920,53136,1,2
3079,53136,1,2
2760,53136,1,2
2919,53136,1,2
3078,53136,1,2
3555,53138,0,3
3714,53138,0,3
3554,53138,0,3
3713,53138,0,3
3394,53139,2,1
3553,53139,2,1
3393,53139,2,1
3552,53139,2,1
3884,53205,2,1
3725,53205,2,1
3883,53205,2,1
3724,53205,2,1
3723,53205,2,1
2123,53243,0,3
2282,53243,0,3
2441,53243,0,3
2122,53243,0,3
2281,53243,0,3
2440,53243,0,3
2282,53244,0,3
2441,53244,0,3
2281,53244,0,3
2440,53244,0,3
2282,53245,0,3
2441,53245,0,3
2281,53245,0,3
2440,53245,0,3
2282,53246,0,3
2441,53246,0,3
2281,53246,0,3
2440,53246,0,3
2282,53247,0,3
2441,53247,0,3
2281,53247,0,3
2440,53247,0,3
2282,53248,0,3
2441,53248,0,3
2281,53248,0,3
2440,53248,0,3
2282,53249,0,3
2441,53249,0,3
2281,53249,0,3
2440,53249,0,3
2283,53250,0,3
2442,53250,0,3
2282,53250,0,3
2441,53250,0,3
2281,53250,0,3
2440,53250,0,3
2283,53251,0,3
2442,53251,0,3
2282,53251,0,3
2441,53251,0,3
2281,53251,0,3
2440,53251,0,3
2282,53252,0,3
2441,53252,0,3
2281,53252,0,3
2440,53252,0,3
2601,53254,0,3
2441,53254,0,3
2600,53254,0,3
2759,53254,0,3
2440,53254,0,3
2599,53254,0,3
2758,53254,0,3
2760,53255,0,3
2601,53255,0,3
2441,53255,0,3
2600,53255,0,3
2759,53255,0,3
2599,53255,0,3
2758,53255,0,3
2760,53256,0,3
2601,53256,0,3
2600,53256,0,3
2759,53256,0,3
2599,53256,0,3
2758,53256,0,3
2760,53257,2,1
2442,53257,2,1
2601,53257,2,1
2441,53257,2,1
2600,53257,2,1
2759,53257,2,1
2282,53258,0,3
2441,53258,0,3
2600,53258,0,3
2281,53258,0,3
2440,53258,0,3
2599,53258,0,3
2282,53259,0,3
2441,53259,0,3
2600,53259,0,3
2281,53259,0,3
2440,53259,0,3
2599,53259,0,3
2442,53260,0,3
2601,53260,0,3
2441,53260,0,3
2600,53260,0,3
2440,53260,0,3
2599,53260,0,3
2442,53261,0,3
2601,53261,0,3
2441,53261,0,3
2600,53261,0,3
2440,53261,0,3
2599,53261,0,3
2442,53262,0,3
2282,53262,0,3
2441,53262,0,3
2600,53262,0,3
2281,53262,0,3
2440,53262,0,3
2599,53262,0,3
2442,53263,0,3
2282,53263,0,3
2441,53263,0,3
2600,53263,0,3
2281,53263,0,3
2440,53263,0,3
2442,53264,0,3
2282,53264,0,3
2441,53264,0,3
2600,53264,0,3
2440,53264,0,3
2599,53264,0,3
2283,53265,0,3
2442,53265,0,3
2601,53265,0,3
2282,53265,0,3
2441,53265,0,3
2600,53265,0,3
2440,53265,0,3
2283,53266,0,3
2442,53266,0,3
2282,53266,0,3
2441,53266,0,3
2281,53266,0,3
2440,53266,0,3
10584,53279,0,3
10743,53279,0,3
10583,53279,0,3
10742,53279,0,3
10582,53279,0,3
10741,53279,0,3
10740,53282,0,3
10741,53282,0,3
10900,53282,0,3
11059,53282,0,3
10899,53282,0,3
11058,53282,0,3
10740,53283,0,3
10898,53283,0,3
10741,53283,0,3
10900,53283,0,3
11059,53283,0,3
10899,53283,0,3
11058,53283,0,3
3233,53337,0,3
3073,53337,0,3
3232,53337,0,3
3072,53337,0,3
3231,53337,0,3
3074,53338,0,3
3233,53338,0,3
3073,53338,0,3
3232,53338,0,3
3074,53339,0,3
3233,53339,0,3
3073,53339,0,3
3232,53339,0,3
2915,53340,0,3
3074,53340,0,3
3233,53340,0,3
2914,53340,0,3
3073,53340,0,3
3232,53340,0,3
3075,53341,0,3
3234,53341,0,3
3074,53341,0,3
3233,53341,0,3
3076,53342,0,3
3235,53342,0,3
3075,53342,0,3
3234,53342,0,3
3393,53342,0,3
3233,53342,0,3
3075,53343,0,3
3234,53343,0,3
3074,53343,0,3
3233,53343,0,3
2915,53344,0,3
3074,53344,0,3
2756,53344,0,3
2755,53344,0,3
2914,53344,0,3
2915,53345,0,3
2756,53345,0,3
2755,53345,0,3
2914,53345,0,3
2915,53346,0,3
3074,53346,0,3
2756,53346,0,3
2755,53346,0,3
2914,53346,0,3
3073,53346,0,3
3076,53387,0,3
3235,53387,0,3
3394,53387,0,3
3075,53387,0,3
3234,53387,0,3
3393,53387,0,3
2441,53394,0,3
2600,53394,0,3
2440,53394,0,3
2599,53394,0,3
2441,53395,0,3
2600,53395,0,3
2440,53395,0,3
2599,53395,0,3
2441,53396,0,3
2600,53396,0,3
2440,53396,0,3
2599,53396,0,3
2439,53396,0,3
2598,53396,0,3
2441,53397,0,3
2600,53397,0,3
2440,53397,0,3
2599,53397,0,3
2758,53397,0,3
2439,53397,0,3
2598,53397,0,3
2441,53398,0,3
2600,53398,0,3
2440,53398,0,3
2599,53398,0,3
2439,53398,0,3
2598,53398,0,3
2441,53399,0,3
2600,53399,0,3
2440,53399,0,3
2599,53399,0,3
2439,53399,0,3
2598,53399,0,3
2441,53400,0,3
2600,53400,0,3
2440,53400,0,3
2599,53400,0,3
2439,53400,0,3
2598,53400,0,3
2440,53401,0,3
2599,53401,0,3
2758,53401,0,3
2439,53401,0,3
2598,53401,0,3
2757,53401,0,3
2284,53416,0,3
2443,53416,0,3
2283,53416,0,3
2442,53416,0,3
2282,53416,0,3
2441,53416,0,3
2124,53417,0,3
2283,53417,0,3
2442,53417,0,3
2123,53417,0,3
2282,53417,0,3
2441,53417,0,3
7227,53437,0,3
7386,53437,0,3
7545,53437,0,3
7226,53437,0,3
7385,53437,0,3
7544,53437,0,3
7227,53438,0,3
7386,53438,0,3
7226,53438,0,3
7385,53438,0,3
7545,53440,0,3
7704,53440,0,3
7544,53440,0,3
7703,53440,0,3
11683,53447,0,3
11842,53447,0,3
11841,53447,0,3
11682,53447,0,3
10552,53494,0,3
10711,53494,0,3
10392,53494,0,3
10551,53494,0,3
10710,53494,0,3
10393,53495,0,3
10552,53495,0,3
10392,53495,0,3
10551,53495,0,3
10391,53495,0,3
10550,53495,0,3
10392,53496,0,3
10551,53496,0,3
10391,53496,0,3
10550,53496,0,3
10233,53497,0,3
10392,53497,0,3
10551,53497,0,3
10232,53497,0,3
10391,53497,0,3
10550,53497,0,3
6430,53512,0,3
6589,53512,0,3
6748,53512,0,3
6429,53512,0,3
6588,53512,0,3
6747,53512,0,3
15122,53544,0,3
12643,53648,0,3
12802,53648,0,3
12642,53648,0,3
12801,53648,0,3
12641,53648,0,3
12800,53648,0,3
12643,53649,0,3
12802,53649,0,3
12642,53649,0,3
12801,53649,0,3
12641,53649,0,3
12800,53649,0,3
14194,53663,0,3
14353,53663,0,3
14193,53663,0,3
14352,53663,0,3
7069,53673,0,3
6909,53673,0,3
7227,53673,0,3
7068,53673,0,3
6908,53673,0,3
7067,53673,0,3
7069,53674,0,3
6909,53674,0,3
7227,53674,0,3
7226,53674,0,3
7068,53674,0,3
6908,53674,0,3
7067,53674,0,3
7069,53675,0,3
6909,53675,0,3
7227,53675,0,3
7226,53675,0,3
7068,53675,0,3
6908,53675,0,3
7067,53675,0,3
7228,53676,0,3
7069,53676,0,3
7227,53676,0,3
7226,53676,0,3
7068,53676,0,3
7067,53676,0,3
6751,53678,2,1
6910,53678,2,1
6750,53678,2,1
6909,53678,2,1
6749,53678,2,1
6908,53678,2,1
6591,53679,2,1
6750,53679,2,1
6590,53679,2,1
6749,53679,2,1
6589,53679,2,1
6748,53679,2,1
6752,53682,0,3
6911,53682,0,3
6751,53682,0,3
6910,53682,0,3
7069,53682,0,3
6909,53682,0,3
6752,53683,0,3
6911,53683,0,3
7070,53683,0,3
6751,53683,0,3
6910,53683,0,3
7069,53683,0,3
8188,53684,0,3
8187,53684,0,3
8347,53684,0,3
8506,53684,0,3
8346,53684,0,3
8505,53684,0,3
8188,53685,0,3
8187,53685,0,3
8347,53685,0,3
8346,53685,0,3
8345,53685,0,3
8186,53685,0,3
8188,53686,0,3
8187,53686,0,3
8347,53686,0,3
8346,53686,0,3
8505,53686,0,3
8345,53686,0,3
8186,53686,0,3
8187,53687,0,3
8346,53687,0,3
8345,53687,0,3
8186,53687,0,3
8188,53692,0,3
8187,53692,0,3
8347,53692,0,3
8346,53692,0,3
8188,53693,0,3
8187,53693,0,3
8347,53693,0,3
8506,53693,0,3
8346,53693,0,3
8505,53693,0,3
7870,53696,0,3
8029,53696,0,3
7869,53696,0,3
8028,53696,0,3
7870,53697,0,3
8029,53697,0,3
7869,53697,0,3
8028,53697,0,3
7870,53698,0,3
8029,53698,0,3
7869,53698,0,3
8028,53698,0,3
7870,53699,0,3
8029,53699,0,3
7869,53699,0,3
8028,53699,0,3
8027,53699,0,3
7232,53721,0,3
7073,53721,0,3
7231,53721,0,3
7072,53721,0,3
7071,53721,0,3
7230,53721,0,3
7232,53722,0,3
7073,53722,0,3
7231,53722,0,3
7390,53722,0,3
7072,53722,0,3
7230,53722,0,3
7232,53723,0,3
7073,53723,0,3
7231,53723,0,3
7072,53723,0,3
7230,53723,0,3
7232,53724,0,3
7391,53724,0,3
7073,53724,0,3
7231,53724,0,3
7390,53724,0,3
7072,53724,0,3
7232,53725,0,3
7391,53725,0,3
7073,53725,0,3
7231,53725,0,3
7390,53725,0,3
7072,53725,0,3
7232,53726,0,3
7073,53726,0,3
7231,53726,0,3
7072,53726,0,3
7071,53726,0,3
7230,53726,0,3
13431,53736,0,3
13590,53736,0,3
13430,53736,0,3
13589,53736,0,3
13429,53736,0,3
13588,53736,0,3
2595,53748,0,3
2754,53748,0,3
2594,53748,0,3
2753,53748,0,3
2593,53748,0,3
2752,53748,0,3
2597,53757,0,3
2756,53757,0,3
2596,53757,0,3
2755,53757,0,3
2598,53758,0,3
2757,53758,0,3
2597,53758,0,3
2756,53758,0,3
2596,53758,0,3
2755,53758,0,3
2913,53762,0,3
2754,53762,0,3
2912,53762,0,3
2911,53762,0,3
2753,53762,0,3
2752,53762,0,3
2913,53763,1,2
2754,53763,1,2
2912,53763,1,2
2753,53763,1,2
2913,53764,1,2
2754,53764,1,2
2912,53764,1,2
2753,53764,1,2
2913,53765,1,2
2754,53765,1,2
2912,53765,1,2
2753,53765,1,2
7231,53778,0,3
7390,53778,0,3
7230,53778,0,3
7389,53778,0,3
7548,53779,0,3
7388,53779,0,3
7547,53779,0,3
7387,53779,0,3
7546,53779,0,3
7548,53780,1,2
7707,53780,1,2
7547,53780,1,2
7706,53780,1,2
7389,53781,0,3
7548,53781,0,3
7707,53781,0,3
7388,53781,0,3
7547,53781,0,3
7706,53781,0,3
7546,53781,0,3
7389,53782,0,3
7548,53782,0,3
7707,53782,0,3
7388,53782,0,3
7547,53782,0,3
7706,53782,0,3
7546,53782,0,3
6588,53810,0,3
6747,53810,0,3
6587,53810,0,3
6746,53810,0,3
6586,53810,0,3
6745,53810,0,3
7227,53888,0,3
7226,53888,0,3
7068,53888,0,3
7067,53888,0,3
7385,53888,0,3
7225,53888,0,3
10898,53902,0,3
11057,53902,0,3
10897,53902,0,3
11056,53902,0,3
10899,53902,0,3
11058,53902,0,3
8349,53911,2,1
8508,53911,2,1
8348,53911,2,1
8507,53911,2,1
8666,53911,2,1
8347,53988,0,3
8506,53988,0,3
8346,53988,0,3
8505,53988,0,3
8189,53989,0,3
8188,53989,0,3
8348,53989,0,3
8507,53989,0,3
8347,53989,0,3
8506,53989,0,3
8348,53990,0,3
8507,53990,0,3
8347,53990,0,3
8506,53990,0,3
8346,53990,0,3
8505,53990,0,3
8349,53991,1,2
8189,53991,1,2
8188,53991,1,2
8348,53991,1,2
8507,53991,1,2
8347,53991,1,2
8506,53991,1,2
8347,53992,0,3
8506,53992,0,3
8346,53992,0,3
8505,53992,0,3
21075,54026,0,3
20916,54026,0,3
21074,54026,0,3
20915,54026,0,3
1806,54093,0,3
1965,54093,0,3
1805,54093,0,3
1964,54093,0,3
1806,54094,0,3
1965,54094,0,3
1805,54094,0,3
1964,54094,0,3
1965,54095,0,3
2124,54095,0,3
1964,54095,0,3
2123,54095,0,3
1963,54095,0,3
2122,54095,0,3
2285,54099,0,3
2444,54099,0,3
2125,54099,0,3
2284,54099,0,3
2443,54099,0,3
2283,54099,0,3
2442,54099,0,3
2285,54100,1,2
2125,54100,1,2
2284,54100,1,2
2443,54100,1,2
2124,54100,1,2
2283,54100,1,2
2442,54100,1,2
2285,54101,0,3
2125,54101,0,3
2284,54101,0,3
2443,54101,0,3
2124,54101,0,3
2283,54101,0,3
2442,54101,0,3
2284,54102,0,3
2443,54102,0,3
2602,54102,0,3
2283,54102,0,3
2442,54102,0,3
2601,54102,0,3
14036,54108,0,3
14195,54108,0,3
14035,54108,0,3
14194,54108,0,3
14672,54124,2,1
14831,54124,2,1
14671,54124,2,1
14830,54124,2,1
14990,54124,2,1
14989,54124,2,1
14673,54125,0,3
14832,54125,0,3
14672,54125,0,3
14831,54125,0,3
14671,54125,0,3
14830,54125,0,3
13765,54132,0,3
13924,54132,0,3
13764,54132,0,3
13923,54132,0,3
13765,54133,0,3
13606,54133,0,3
13605,54133,0,3
13764,54133,0,3
13765,54134,0,3
13924,54134,0,3
13605,54134,0,3
13764,54134,0,3
13923,54134,0,3
13763,54134,0,3
13765,54135,0,3
13924,54135,0,3
13606,54135,0,3
13605,54135,0,3
13764,54135,0,3
13923,54135,0,3
13765,54136,0,3
13924,54136,0,3
13764,54136,0,3
13923,54136,0,3
13448,54137,1,2
13607,54137,1,2
13447,54137,1,2
13606,54137,1,2
13446,54137,1,2
13605,54137,1,2
13447,54138,0,3
13606,54138,0,3
13446,54138,0,3
13605,54138,0,3
13448,54139,0,3
13607,54139,0,3
13447,54139,0,3
13606,54139,0,3
13446,54139,0,3
13605,54139,0,3
13448,54140,0,3
13607,54140,0,3
13447,54140,0,3
13606,54140,0,3
13446,54140,0,3
13605,54140,0,3
13447,54141,0,3
13287,54141,0,3
13446,54141,0,3
13605,54141,0,3
13286,54141,0,3
13445,54141,0,3
13604,54141,0,3
16586,54143,0,3
16745,54143,0,3
16585,54143,0,3
16744,54143,0,3
7229,54144,0,3
7070,54144,0,3
7228,54144,0,3
7069,54144,0,3
7229,54145,0,3
7070,54145,0,3
7228,54145,0,3
7069,54145,0,3
7227,54145,0,3
7068,54145,0,3
7229,54146,0,3
7388,54146,0,3
7228,54146,0,3
7387,54146,0,3
7229,54147,0,3
7388,54147,0,3
7228,54147,0,3
7387,54147,0,3
6755,54148,0,3
6914,54148,0,3
6754,54148,0,3
6913,54148,0,3
6753,54148,0,3
6912,54148,0,3
6755,54149,0,3
6914,54149,0,3
6595,54149,0,3
6754,54149,0,3
6913,54149,0,3
6753,54149,0,3
7229,54150,0,3
7388,54150,0,3
7547,54150,0,3
7228,54150,0,3
7387,54150,0,3
7546,54150,0,3
6435,54151,0,3
6594,54151,0,3
6753,54151,0,3
6434,54151,0,3
6593,54151,0,3
6752,54151,0,3
6436,54152,0,3
6595,54152,0,3
6754,54152,0,3
6435,54152,0,3
6594,54152,0,3
6753,54152,0,3
6596,54153,0,3
6436,54153,0,3
6595,54153,0,3
6754,54153,0,3
6435,54153,0,3
6594,54153,0,3
6753,54153,0,3
12795,54157,0,3
12954,54157,0,3
12794,54157,0,3
12953,54157,0,3
9760,54192,0,3
9919,54192,0,3
10078,54192,0,3
9759,54192,0,3
9918,54192,0,3
9760,54193,0,3
9919,54193,0,3
9759,54193,0,3
9918,54193,0,3
10237,54194,0,3
10396,54194,0,3
10078,54194,0,3
10236,54194,0,3
10395,54194,0,3
10077,54194,0,3
10399,54196,2,1
10558,54196,2,1
10398,54196,2,1
10557,54196,2,1
26940,54309,0,3
27099,54309,0,3
26939,54309,0,3
27098,54309,0,3
26938,54309,0,3
27097,54309,0,3
26463,54310,0,3
26622,54310,0,3
26303,54310,0,3
26462,54310,0,3
26621,54310,0,3
26461,54310,0,3
26620,54310,0,3
20435,54312,0,3
20434,54312,0,3
20117,54312,0,3
20276,54312,0,3
20116,54312,0,3
20275,54312,0,3
20475,54313,0,3
20634,54313,0,3
20474,54313,0,3
20633,54313,0,3
2433,54454,0,3
2432,54454,0,3
2592,54455,0,3
2433,54455,0,3
2432,54455,0,3
2592,54456,0,3
2433,54456,0,3
2432,54456,0,3
2592,54460,0,3
2433,54460,0,3
2592,54461,0,3
3070,54465,0,3
2911,54465,0,3
8505,54492,0,3
8664,54492,0,3
8504,54492,0,3
8663,54492,0,3
8664,54493,0,3
8823,54493,0,3
8663,54493,0,3
8822,54493,0,3
8662,54493,0,3
8821,54493,0,3
8982,54494,0,3
9141,54494,0,3
8981,54494,0,3
9140,54494,0,3
16431,54618,0,3
16590,54618,0,3
16430,54618,0,3
16589,54618,0,3
16429,54618,0,3
15952,54619,0,3
15793,54619,0,3
15792,54619,0,3
16111,54619,0,3
15951,54619,0,3
16110,54619,0,3
15956,54622,0,3
16115,54622,0,3
15797,54622,0,3
15796,54622,0,3
15955,54622,0,3
16114,54622,0,3
15956,54623,0,3
16115,54623,0,3
15797,54623,0,3
15796,54623,0,3
15955,54623,0,3
16114,54623,0,3
15956,54624,0,3
15797,54624,0,3
15796,54624,0,3
15955,54624,0,3
15956,54625,0,3
15797,54625,0,3
15796,54625,0,3
15955,54625,0,3
15954,54626,0,3
16113,54626,0,3
15953,54626,0,3
16112,54626,0,3
15954,54627,0,3
16113,54627,0,3
15953,54627,0,3
16112,54627,0,3
16592,54628,0,3
16751,54628,0,3
16591,54628,0,3
16750,54628,0,3
16908,54629,0,3
16907,54629,0,3
16906,54629,0,3
16749,54629,0,3
16748,54629,0,3
16747,54629,0,3
16111,54631,0,3
16270,54631,0,3
16110,54631,0,3
16269,54631,0,3
16429,54631,0,3
16428,54631,0,3
15953,54632,0,3
16112,54632,0,3
15952,54632,0,3
16111,54632,0,3
15951,54632,0,3
16110,54632,0,3
15953,54641,0,3
15952,54641,0,3
15635,54641,0,3
15794,54641,0,3
15634,54641,0,3
15793,54641,0,3
15953,54644,0,3
15952,54644,0,3
15794,54644,0,3
15793,54644,0,3
12759,54658,0,3
12600,54658,0,3
12599,54658,0,3
12758,54658,0,3
12598,54658,0,3
12757,54658,0,3
12760,54659,0,3
12759,54659,0,3
12601,54659,0,3
12600,54659,0,3
12599,54659,0,3
12758,54659,0,3
12757,54687,0,3
12916,54687,0,3
12756,54687,0,3
12915,54687,0,3
12757,54691,0,3
12916,54691,0,3
12756,54691,0,3
12915,54691,0,3
8660,54700,0,3
8500,54700,0,3
8659,54700,0,3
8502,54700,0,3
8342,54700,0,3
8501,54700,0,3
8660,54701,0,3
8500,54701,0,3
8659,54701,0,3
8502,54701,0,3
8661,54701,0,3
8501,54701,0,3
15641,54707,0,3
15481,54707,0,3
15640,54707,0,3
15799,54707,0,3
15480,54707,0,3
15639,54707,0,3
22021,54711,0,3
22180,54711,0,3
22020,54711,0,3
22179,54711,0,3
22021,54712,0,3
22180,54712,0,3
22020,54712,0,3
22179,54712,0,3
22022,54713,0,3
22021,54713,0,3
22180,54713,0,3
22020,54713,0,3
22179,54713,0,3
21704,54714,0,3
21863,54714,0,3
22022,54714,0,3
21862,54714,0,3
22021,54714,0,3
21703,54714,0,3
20444,54730,0,3
20603,54730,0,3
20443,54730,0,3
20602,54730,0,3
20761,54730,0,3
20442,54730,0,3
20601,54730,0,3
20444,54731,0,3
20603,54731,0,3
20443,54731,0,3
20602,54731,0,3
20442,54731,0,3
20601,54731,0,3
25076,54752,0,3
24917,54752,0,3
24916,54752,0,3
25076,54753,0,3
24917,54753,0,3
24916,54753,0,3
24601,54754,0,3
24760,54754,0,3
24600,54754,0,3
24759,54754,0,3
27738,54770,0,3
27897,54770,0,3
27737,54770,0,3
27896,54770,0,3
27898,54771,0,3
27738,54771,0,3
27897,54771,0,3
28056,54771,0,3
27737,54771,0,3
27896,54771,0,3
29174,54784,0,3
29333,54784,0,3
29173,54784,0,3
29332,54784,0,3
27118,54787,0,3
27277,54787,0,3
27117,54787,0,3
27276,54787,0,3
26799,54789,0,3
26958,54789,0,3
26798,54789,0,3
26957,54789,0,3
26797,54789,0,3
26956,54789,0,3
26642,54790,0,3
26801,54790,0,3
26641,54790,0,3
26800,54790,0,3
26322,54791,0,3
26481,54791,0,3
26321,54791,0,3
26480,54791,0,3
26320,54791,0,3
26479,54791,0,3
26321,54792,0,3
26480,54792,0,3
26639,54792,0,3
26320,54792,0,3
26479,54792,0,3
26638,54792,0,3
9763,54794,0,3
9922,54794,0,3
10080,54794,0,3
9762,54794,0,3
9921,54794,0,3
9920,54794,0,3
12763,54805,0,3
12922,54805,0,3
13081,54805,0,3
12762,54805,0,3
12921,54805,0,3
13080,54805,0,3
14514,54819,0,3
14513,54819,0,3
14512,54819,0,3
14355,54819,0,3
14354,54819,0,3
14353,54819,0,3
13716,54826,2,1
13556,54826,2,1
13874,54826,2,1
13715,54826,2,1
13714,54826,2,1
12599,54828,0,3
12758,54828,0,3
12598,54828,0,3
12757,54828,0,3
14675,54830,0,3
14834,54830,0,3
14674,54830,0,3
14833,54830,0,3
13911,54876,0,3
14070,54876,0,3
13910,54876,0,3
14069,54876,0,3
13911,54877,0,3
14070,54877,0,3
13910,54877,0,3
14069,54877,0,3
13911,54878,0,3
14070,54878,0,3
13910,54878,0,3
14069,54878,0,3
12796,54879,0,3
12955,54879,0,3
12636,54879,0,3
12795,54879,0,3
12954,54879,0,3
15323,54881,0,3
15322,54881,0,3
15482,54881,0,3
15641,54881,0,3
15481,54881,0,3
15640,54881,0,3
5804,54899,0,3
5963,54899,0,3
6121,54899,0,3
5803,54899,0,3
5962,54899,0,3
5804,54900,0,3
5963,54900,0,3
5803,54900,0,3
5962,54900,0,3
5802,54900,0,3
5961,54900,0,3
